{"type":"FeatureCollection","features":[{"type":"Feature","properties":{"Line":"R102","Tr":2787,"X":"630300.5","Y":"9203644.0","Rotation":0,"NAMOBJ":"Dradahblumbang","WADMKC":"Kedungpring","WADMKK":"Lamongan"},"geometry":{"type":"Point","coordinates":[112.18014886,-7.20298023]}},{"type":"Feature","properties":{"Line":"R102","Tr":2788,"X":"630300.5","Y":"9203631.5","Rotation":0,"NAMOBJ":"Dradahblumbang","WADMKC":"Kedungpring","WADMKK":"Lamongan"},"geometry":{"type":"Point","coordinates":[112.18014916,-7.20309328]}},{"type":"Feature","properties":{"Line":"R102","Tr":2789,"X":"630300.5","Y":"9203619.0","Rotation":0,"NAMOBJ":"Dradahblumbang","WADMKC":"Kedungpring","WADMKK":"Lamongan"},"geometry":{"type":"Point","coordinates":[112.18014945,-7.20320633]}},{"type":"Feature","properties":{"Line":"R102","Tr":2790,"X":"630300.5","Y":"9203606.5","Rotation":0,"NAMOBJ":"Dradahblumbang","WADMKC":"Kedungpring","WADMKK":"Lamongan"},"geometry":{"type":"Point","coordinates":[112.18014974,-7.20331938]}},{"type":"Feature","properties":{"Line":"R102","Tr":2791,"X":"630300.5","Y":"9203594.0","Rotation":0,"NAMOBJ":"Dradahblumbang","WADMKC":"Kedungpring","WADMKK":"Lamongan"},"geometry":{"type":"Point","coordinates":[112.18015003,-7.20343243]}},{"type":"Feature","properties":{"Line":"R102","Tr":2792,"X":"630300.5","Y":"9203581.5","Rotation":0,"NAMOBJ":"Dradahblumbang","WADMKC":"Kedungpring","WADMKK":"Lamongan"},"geometry":{"type":"Point","coordinates":[112.18015033,-7.20354548]}},{"type":"Feature","properties":{"Line":"R102","Tr":2793,"X":"630300.5","Y":"9203569.0","Rotation":0,"NAMOBJ":"Dradahblumbang","WADMKC":"Kedungpring","WADMKK":"Lamongan"},"geometry":{"type":"Point","coordinates":[112.18015062,-7.20365853]}},{"type":"Feature","properties":{"Line":"R102","Tr":2794,"X":"630300.5","Y":"9203556.5","Rotation":0,"NAMOBJ":"Dradahblumbang","WADMKC":"Kedungpring","WADMKK":"Lamongan"},"geometry":{"type":"Point","coordinates":[112.18015091,-7.20377158]}},{"type":"Feature","properties":{"Line":"R102","Tr":2795,"X":"630300.5","Y":"9203544.0","Rotation":0,"NAMOBJ":"Dradahblumbang","WADMKC":"Kedungpring","WADMKK":"Lamongan"},"geometry":{"type":"Point","coordinates":[112.1801512,-7.20388463]}},{"type":"Feature","properties":{"Line":"R102","Tr":2796,"X":"630300.5","Y":"9203531.5","Rotation":0,"NAMOBJ":"Dradahblumbang","WADMKC":"Kedungpring","WADMKK":"Lamongan"},"geometry":{"type":"Point","coordinates":[112.1801515,-7.20399768]}},{"type":"Feature","properties":{"Line":"R102","Tr":2797,"X":"630300.5","Y":"9203519.0","Rotation":0,"NAMOBJ":"Dradahblumbang","WADMKC":"Kedungpring","WADMKK":"Lamongan"},"geometry":{"type":"Point","coordinates":[112.18015179,-7.20411073]}},{"type":"Feature","properties":{"Line":"R102","Tr":2798,"X":"630300.5","Y":"9203506.5","Rotation":0,"NAMOBJ":"Dradahblumbang","WADMKC":"Kedungpring","WADMKK":"Lamongan"},"geometry":{"type":"Point","coordinates":[112.18015208,-7.20422378]}},{"type":"Feature","properties":{"Line":"R102","Tr":2799,"X":"630300.5","Y":"9203494.0","Rotation":0,"NAMOBJ":"Dradahblumbang","WADMKC":"Kedungpring","WADMKK":"Lamongan"},"geometry":{"type":"Point","coordinates":[112.18015237,-7.20433683]}},{"type":"Feature","properties":{"Line":"R102","Tr":2800,"X":"630300.5","Y":"9203481.5","Rotation":0,"NAMOBJ":"Dradahblumbang","WADMKC":"Kedungpring","WADMKK":"Lamongan"},"geometry":{"type":"Point","coordinates":[112.18015266,-7.20444988]}},{"type":"Feature","properties":{"Line":"R102","Tr":2801,"X":"630300.5","Y":"9203469.0","Rotation":0,"NAMOBJ":"Dradahblumbang","WADMKC":"Kedungpring","WADMKK":"Lamongan"},"geometry":{"type":"Point","coordinates":[112.18015296,-7.20456293]}},{"type":"Feature","properties":{"Line":"R102","Tr":2802,"X":"630300.5","Y":"9203456.5","Rotation":0,"NAMOBJ":"Dradahblumbang","WADMKC":"Kedungpring","WADMKK":"Lamongan"},"geometry":{"type":"Point","coordinates":[112.18015325,-7.20467597]}},{"type":"Feature","properties":{"Line":"R102","Tr":2803,"X":"630300.5","Y":"9203444.0","Rotation":0,"NAMOBJ":"Dradahblumbang","WADMKC":"Kedungpring","WADMKK":"Lamongan"},"geometry":{"type":"Point","coordinates":[112.18015354,-7.20478902]}},{"type":"Feature","properties":{"Line":"R102","Tr":2804,"X":"630300.5","Y":"9203431.5","Rotation":0,"NAMOBJ":"Dradahblumbang","WADMKC":"Kedungpring","WADMKK":"Lamongan"},"geometry":{"type":"Point","coordinates":[112.18015383,-7.20490207]}},{"type":"Feature","properties":{"Line":"R102","Tr":2805,"X":"630300.5","Y":"9203419.0","Rotation":0,"NAMOBJ":"Dradahblumbang","WADMKC":"Kedungpring","WADMKK":"Lamongan"},"geometry":{"type":"Point","coordinates":[112.18015413,-7.20501512]}},{"type":"Feature","properties":{"Line":"R102","Tr":2806,"X":"630300.5","Y":"9203406.5","Rotation":0,"NAMOBJ":"Dradahblumbang","WADMKC":"Kedungpring","WADMKK":"Lamongan"},"geometry":{"type":"Point","coordinates":[112.18015442,-7.20512817]}},{"type":"Feature","properties":{"Line":"R102","Tr":2807,"X":"630300.5","Y":"9203394.0","Rotation":0,"NAMOBJ":"Dradahblumbang","WADMKC":"Kedungpring","WADMKK":"Lamongan"},"geometry":{"type":"Point","coordinates":[112.18015471,-7.20524122]}},{"type":"Feature","properties":{"Line":"R102","Tr":2808,"X":"630300.5","Y":"9203381.5","Rotation":0,"NAMOBJ":"Dradahblumbang","WADMKC":"Kedungpring","WADMKK":"Lamongan"},"geometry":{"type":"Point","coordinates":[112.180155,-7.20535427]}},{"type":"Feature","properties":{"Line":"R102","Tr":2809,"X":"630300.5","Y":"9203369.0","Rotation":0,"NAMOBJ":"Dradahblumbang","WADMKC":"Kedungpring","WADMKK":"Lamongan"},"geometry":{"type":"Point","coordinates":[112.1801553,-7.20546732]}},{"type":"Feature","properties":{"Line":"R102","Tr":2810,"X":"630300.5","Y":"9203356.5","Rotation":0,"NAMOBJ":"Dradahblumbang","WADMKC":"Kedungpring","WADMKK":"Lamongan"},"geometry":{"type":"Point","coordinates":[112.18015559,-7.20558037]}},{"type":"Feature","properties":{"Line":"R102","Tr":2811,"X":"630300.5","Y":"9203344.0","Rotation":0,"NAMOBJ":"Dradahblumbang","WADMKC":"Kedungpring","WADMKK":"Lamongan"},"geometry":{"type":"Point","coordinates":[112.18015588,-7.20569342]}},{"type":"Feature","properties":{"Line":"R102","Tr":2812,"X":"630300.5","Y":"9203331.5","Rotation":0,"NAMOBJ":"Dradahblumbang","WADMKC":"Kedungpring","WADMKK":"Lamongan"},"geometry":{"type":"Point","coordinates":[112.18015617,-7.20580647]}},{"type":"Feature","properties":{"Line":"R102","Tr":2813,"X":"630300.5","Y":"9203319.0","Rotation":0,"NAMOBJ":"Dradahblumbang","WADMKC":"Kedungpring","WADMKK":"Lamongan"},"geometry":{"type":"Point","coordinates":[112.18015647,-7.20591952]}},{"type":"Feature","properties":{"Line":"R102","Tr":2814,"X":"630300.5","Y":"9203306.5","Rotation":0,"NAMOBJ":"Dradahblumbang","WADMKC":"Kedungpring","WADMKK":"Lamongan"},"geometry":{"type":"Point","coordinates":[112.18015676,-7.20603257]}},{"type":"Feature","properties":{"Line":"R102","Tr":2815,"X":"630300.5","Y":"9203294.0","Rotation":0,"NAMOBJ":"Dradahblumbang","WADMKC":"Kedungpring","WADMKK":"Lamongan"},"geometry":{"type":"Point","coordinates":[112.18015705,-7.20614562]}},{"type":"Feature","properties":{"Line":"R102","Tr":2816,"X":"630300.5","Y":"9203281.5","Rotation":0,"NAMOBJ":"Dradahblumbang","WADMKC":"Kedungpring","WADMKK":"Lamongan"},"geometry":{"type":"Point","coordinates":[112.18015734,-7.20625867]}},{"type":"Feature","properties":{"Line":"R102","Tr":2817,"X":"630300.5","Y":"9203269.0","Rotation":0,"NAMOBJ":"Dradahblumbang","WADMKC":"Kedungpring","WADMKK":"Lamongan"},"geometry":{"type":"Point","coordinates":[112.18015764,-7.20637172]}},{"type":"Feature","properties":{"Line":"R102","Tr":2818,"X":"630300.5","Y":"9203256.5","Rotation":0,"NAMOBJ":"Dradahblumbang","WADMKC":"Kedungpring","WADMKK":"Lamongan"},"geometry":{"type":"Point","coordinates":[112.18015793,-7.20648477]}},{"type":"Feature","properties":{"Line":"R102","Tr":2819,"X":"630300.5","Y":"9203244.0","Rotation":0,"NAMOBJ":"Dradahblumbang","WADMKC":"Kedungpring","WADMKK":"Lamongan"},"geometry":{"type":"Point","coordinates":[112.18015822,-7.20659781]}},{"type":"Feature","properties":{"Line":"R102","Tr":2820,"X":"630300.5","Y":"9203231.5","Rotation":0,"NAMOBJ":"Dradahblumbang","WADMKC":"Kedungpring","WADMKK":"Lamongan"},"geometry":{"type":"Point","coordinates":[112.18015851,-7.20671086]}},{"type":"Feature","properties":{"Line":"R102","Tr":2821,"X":"630300.5","Y":"9203219.0","Rotation":0,"NAMOBJ":"Dradahblumbang","WADMKC":"Kedungpring","WADMKK":"Lamongan"},"geometry":{"type":"Point","coordinates":[112.18015881,-7.20682391]}},{"type":"Feature","properties":{"Line":"R102","Tr":2822,"X":"630300.5","Y":"9203206.5","Rotation":0,"NAMOBJ":"Dradahblumbang","WADMKC":"Kedungpring","WADMKK":"Lamongan"},"geometry":{"type":"Point","coordinates":[112.1801591,-7.20693696]}},{"type":"Feature","properties":{"Line":"R102","Tr":2823,"X":"630300.5","Y":"9203194.0","Rotation":0,"NAMOBJ":"Dradahblumbang","WADMKC":"Kedungpring","WADMKK":"Lamongan"},"geometry":{"type":"Point","coordinates":[112.18015939,-7.20705001]}},{"type":"Feature","properties":{"Line":"R102","Tr":2824,"X":"630300.5","Y":"9203181.5","Rotation":0,"NAMOBJ":"Dradahblumbang","WADMKC":"Kedungpring","WADMKK":"Lamongan"},"geometry":{"type":"Point","coordinates":[112.18015969,-7.20716306]}},{"type":"Feature","properties":{"Line":"R102","Tr":2825,"X":"630300.5","Y":"9203169.0","Rotation":0,"NAMOBJ":"Dradahblumbang","WADMKC":"Kedungpring","WADMKK":"Lamongan"},"geometry":{"type":"Point","coordinates":[112.18015998,-7.20727611]}},{"type":"Feature","properties":{"Line":"R102","Tr":2826,"X":"630300.5","Y":"9203156.5","Rotation":0,"NAMOBJ":"Dradahblumbang","WADMKC":"Kedungpring","WADMKK":"Lamongan"},"geometry":{"type":"Point","coordinates":[112.18016027,-7.20738916]}},{"type":"Feature","properties":{"Line":"R102","Tr":2827,"X":"630300.5","Y":"9203144.0","Rotation":0,"NAMOBJ":"Dradahblumbang","WADMKC":"Kedungpring","WADMKK":"Lamongan"},"geometry":{"type":"Point","coordinates":[112.18016056,-7.20750221]}},{"type":"Feature","properties":{"Line":"R102","Tr":2828,"X":"630300.5","Y":"9203131.5","Rotation":0,"NAMOBJ":"Dradahblumbang","WADMKC":"Kedungpring","WADMKK":"Lamongan"},"geometry":{"type":"Point","coordinates":[112.18016086,-7.20761526]}},{"type":"Feature","properties":{"Line":"R102","Tr":2829,"X":"630300.5","Y":"9203119.0","Rotation":0,"NAMOBJ":"Dradahblumbang","WADMKC":"Kedungpring","WADMKK":"Lamongan"},"geometry":{"type":"Point","coordinates":[112.18016115,-7.20772831]}},{"type":"Feature","properties":{"Line":"R102","Tr":2830,"X":"630300.5","Y":"9203106.5","Rotation":0,"NAMOBJ":"Dradahblumbang","WADMKC":"Kedungpring","WADMKK":"Lamongan"},"geometry":{"type":"Point","coordinates":[112.18016144,-7.20784136]}},{"type":"Feature","properties":{"Line":"R102","Tr":2831,"X":"630300.5","Y":"9203094.0","Rotation":0,"NAMOBJ":"Dradahblumbang","WADMKC":"Kedungpring","WADMKK":"Lamongan"},"geometry":{"type":"Point","coordinates":[112.18016173,-7.20795441]}},{"type":"Feature","properties":{"Line":"R102","Tr":2832,"X":"630300.5","Y":"9203081.5","Rotation":0,"NAMOBJ":"Dradahblumbang","WADMKC":"Kedungpring","WADMKK":"Lamongan"},"geometry":{"type":"Point","coordinates":[112.18016203,-7.20806746]}},{"type":"Feature","properties":{"Line":"R102","Tr":2833,"X":"630300.5","Y":"9203069.0","Rotation":0,"NAMOBJ":"Dradahblumbang","WADMKC":"Kedungpring","WADMKK":"Lamongan"},"geometry":{"type":"Point","coordinates":[112.18016232,-7.20818051]}},{"type":"Feature","properties":{"Line":"R102","Tr":2834,"X":"630300.5","Y":"9203056.5","Rotation":0,"NAMOBJ":"Dradahblumbang","WADMKC":"Kedungpring","WADMKK":"Lamongan"},"geometry":{"type":"Point","coordinates":[112.18016261,-7.20829356]}},{"type":"Feature","properties":{"Line":"R102","Tr":2835,"X":"630300.5","Y":"9203044.0","Rotation":0,"NAMOBJ":"Dradahblumbang","WADMKC":"Kedungpring","WADMKK":"Lamongan"},"geometry":{"type":"Point","coordinates":[112.1801629,-7.20840661]}},{"type":"Feature","properties":{"Line":"R102","Tr":2836,"X":"630300.5","Y":"9203031.5","Rotation":0,"NAMOBJ":"Dradahblumbang","WADMKC":"Kedungpring","WADMKK":"Lamongan"},"geometry":{"type":"Point","coordinates":[112.1801632,-7.20851965]}},{"type":"Feature","properties":{"Line":"R102","Tr":2837,"X":"630300.5","Y":"9203019.0","Rotation":0,"NAMOBJ":"Dradahblumbang","WADMKC":"Kedungpring","WADMKK":"Lamongan"},"geometry":{"type":"Point","coordinates":[112.18016349,-7.2086327]}},{"type":"Feature","properties":{"Line":"R102","Tr":2838,"X":"630300.5","Y":"9203006.5","Rotation":0,"NAMOBJ":"Dradahblumbang","WADMKC":"Kedungpring","WADMKK":"Lamongan"},"geometry":{"type":"Point","coordinates":[112.18016378,-7.20874575]}},{"type":"Feature","properties":{"Line":"R102","Tr":2839,"X":"630300.5","Y":"9202994.0","Rotation":0,"NAMOBJ":"Dradahblumbang","WADMKC":"Kedungpring","WADMKK":"Lamongan"},"geometry":{"type":"Point","coordinates":[112.18016407,-7.2088588]}},{"type":"Feature","properties":{"Line":"R102","Tr":2840,"X":"630300.5","Y":"9202981.5","Rotation":0,"NAMOBJ":"Dradahblumbang","WADMKC":"Kedungpring","WADMKK":"Lamongan"},"geometry":{"type":"Point","coordinates":[112.18016437,-7.20897185]}},{"type":"Feature","properties":{"Line":"R102","Tr":2841,"X":"630300.5","Y":"9202969.0","Rotation":0,"NAMOBJ":"Dradahblumbang","WADMKC":"Kedungpring","WADMKK":"Lamongan"},"geometry":{"type":"Point","coordinates":[112.18016466,-7.2090849]}},{"type":"Feature","properties":{"Line":"R102","Tr":2842,"X":"630300.5","Y":"9202956.5","Rotation":0,"NAMOBJ":"Dradahblumbang","WADMKC":"Kedungpring","WADMKK":"Lamongan"},"geometry":{"type":"Point","coordinates":[112.18016495,-7.20919795]}},{"type":"Feature","properties":{"Line":"R102","Tr":2843,"X":"630300.5","Y":"9202944.0","Rotation":0,"NAMOBJ":"Dradahblumbang","WADMKC":"Kedungpring","WADMKK":"Lamongan"},"geometry":{"type":"Point","coordinates":[112.18016524,-7.209311]}},{"type":"Feature","properties":{"Line":"R102","Tr":2844,"X":"630300.5","Y":"9202931.5","Rotation":0,"NAMOBJ":"Dradahblumbang","WADMKC":"Kedungpring","WADMKK":"Lamongan"},"geometry":{"type":"Point","coordinates":[112.18016554,-7.20942405]}},{"type":"Feature","properties":{"Line":"R102","Tr":2845,"X":"630300.5","Y":"9202919.0","Rotation":0,"NAMOBJ":"Dradahblumbang","WADMKC":"Kedungpring","WADMKK":"Lamongan"},"geometry":{"type":"Point","coordinates":[112.18016583,-7.2095371]}},{"type":"Feature","properties":{"Line":"R102","Tr":2846,"X":"630300.5","Y":"9202906.5","Rotation":0,"NAMOBJ":"Dradahblumbang","WADMKC":"Kedungpring","WADMKK":"Lamongan"},"geometry":{"type":"Point","coordinates":[112.18016612,-7.20965015]}},{"type":"Feature","properties":{"Line":"R102","Tr":2847,"X":"630300.5","Y":"9202894.0","Rotation":0,"NAMOBJ":"Dradahblumbang","WADMKC":"Kedungpring","WADMKK":"Lamongan"},"geometry":{"type":"Point","coordinates":[112.18016642,-7.2097632]}},{"type":"Feature","properties":{"Line":"R102","Tr":2848,"X":"630300.5","Y":"9202881.5","Rotation":0,"NAMOBJ":"Dradahblumbang","WADMKC":"Kedungpring","WADMKK":"Lamongan"},"geometry":{"type":"Point","coordinates":[112.18016671,-7.20987625]}},{"type":"Feature","properties":{"Line":"R102","Tr":2849,"X":"630300.5","Y":"9202869.0","Rotation":0,"NAMOBJ":"Dradahblumbang","WADMKC":"Kedungpring","WADMKK":"Lamongan"},"geometry":{"type":"Point","coordinates":[112.180167,-7.2099893]}},{"type":"Feature","properties":{"Line":"R102","Tr":2850,"X":"630300.5","Y":"9202856.5","Rotation":0,"NAMOBJ":"Dradahblumbang","WADMKC":"Kedungpring","WADMKK":"Lamongan"},"geometry":{"type":"Point","coordinates":[112.18016729,-7.21010235]}},{"type":"Feature","properties":{"Line":"R102","Tr":2851,"X":"630300.5","Y":"9202844.0","Rotation":0,"NAMOBJ":"Dradahblumbang","WADMKC":"Kedungpring","WADMKK":"Lamongan"},"geometry":{"type":"Point","coordinates":[112.18016759,-7.2102154]}},{"type":"Feature","properties":{"Line":"R102","Tr":2852,"X":"630300.5","Y":"9202831.5","Rotation":0,"NAMOBJ":"Dradahblumbang","WADMKC":"Kedungpring","WADMKK":"Lamongan"},"geometry":{"type":"Point","coordinates":[112.18016788,-7.21032845]}},{"type":"Feature","properties":{"Line":"R102","Tr":2853,"X":"630300.5","Y":"9202819.0","Rotation":0,"NAMOBJ":"Dradahblumbang","WADMKC":"Kedungpring","WADMKK":"Lamongan"},"geometry":{"type":"Point","coordinates":[112.18016817,-7.21044149]}},{"type":"Feature","properties":{"Line":"R102","Tr":2854,"X":"630300.5","Y":"9202806.5","Rotation":0,"NAMOBJ":"Dradahblumbang","WADMKC":"Kedungpring","WADMKK":"Lamongan"},"geometry":{"type":"Point","coordinates":[112.18016846,-7.21055454]}},{"type":"Feature","properties":{"Line":"R102","Tr":2855,"X":"630300.5","Y":"9202794.0","Rotation":0,"NAMOBJ":"Dradahblumbang","WADMKC":"Kedungpring","WADMKK":"Lamongan"},"geometry":{"type":"Point","coordinates":[112.18016876,-7.21066759]}},{"type":"Feature","properties":{"Line":"R102","Tr":2856,"X":"630300.5","Y":"9202781.5","Rotation":0,"NAMOBJ":"Dradahblumbang","WADMKC":"Kedungpring","WADMKK":"Lamongan"},"geometry":{"type":"Point","coordinates":[112.18016905,-7.21078064]}},{"type":"Feature","properties":{"Line":"R102","Tr":2857,"X":"630300.5","Y":"9202769.0","Rotation":0,"NAMOBJ":"Dradahblumbang","WADMKC":"Kedungpring","WADMKK":"Lamongan"},"geometry":{"type":"Point","coordinates":[112.18016934,-7.21089369]}},{"type":"Feature","properties":{"Line":"R102","Tr":2858,"X":"630300.5","Y":"9202756.5","Rotation":0,"NAMOBJ":"Dradahblumbang","WADMKC":"Kedungpring","WADMKK":"Lamongan"},"geometry":{"type":"Point","coordinates":[112.18016963,-7.21100674]}},{"type":"Feature","properties":{"Line":"R102","Tr":2859,"X":"630300.5","Y":"9202744.0","Rotation":0,"NAMOBJ":"Dradahblumbang","WADMKC":"Kedungpring","WADMKK":"Lamongan"},"geometry":{"type":"Point","coordinates":[112.18016993,-7.21111979]}},{"type":"Feature","properties":{"Line":"R102","Tr":2860,"X":"630300.5","Y":"9202731.5","Rotation":0,"NAMOBJ":"Dradahblumbang","WADMKC":"Kedungpring","WADMKK":"Lamongan"},"geometry":{"type":"Point","coordinates":[112.18017022,-7.21123284]}},{"type":"Feature","properties":{"Line":"R102","Tr":2861,"X":"630300.5","Y":"9202719.0","Rotation":0,"NAMOBJ":"Dradahblumbang","WADMKC":"Kedungpring","WADMKK":"Lamongan"},"geometry":{"type":"Point","coordinates":[112.18017051,-7.21134589]}},{"type":"Feature","properties":{"Line":"R102","Tr":2862,"X":"630300.5","Y":"9202706.5","Rotation":0,"NAMOBJ":"Dradahblumbang","WADMKC":"Kedungpring","WADMKK":"Lamongan"},"geometry":{"type":"Point","coordinates":[112.18017081,-7.21145894]}},{"type":"Feature","properties":{"Line":"R102","Tr":2863,"X":"630300.5","Y":"9202694.0","Rotation":0,"NAMOBJ":"Dradahblumbang","WADMKC":"Kedungpring","WADMKK":"Lamongan"},"geometry":{"type":"Point","coordinates":[112.1801711,-7.21157199]}},{"type":"Feature","properties":{"Line":"R102","Tr":2864,"X":"630300.5","Y":"9202681.5","Rotation":0,"NAMOBJ":"Dradahblumbang","WADMKC":"Kedungpring","WADMKK":"Lamongan"},"geometry":{"type":"Point","coordinates":[112.18017139,-7.21168504]}},{"type":"Feature","properties":{"Line":"R102","Tr":2865,"X":"630300.5","Y":"9202669.0","Rotation":0,"NAMOBJ":"Dradahblumbang","WADMKC":"Kedungpring","WADMKK":"Lamongan"},"geometry":{"type":"Point","coordinates":[112.18017168,-7.21179809]}},{"type":"Feature","properties":{"Line":"R102","Tr":2866,"X":"630300.5","Y":"9202656.5","Rotation":0,"NAMOBJ":"Dradahblumbang","WADMKC":"Kedungpring","WADMKK":"Lamongan"},"geometry":{"type":"Point","coordinates":[112.18017198,-7.21191114]}},{"type":"Feature","properties":{"Line":"R102","Tr":2867,"X":"630300.5","Y":"9202644.0","Rotation":0,"NAMOBJ":"Dradahblumbang","WADMKC":"Kedungpring","WADMKK":"Lamongan"},"geometry":{"type":"Point","coordinates":[112.18017227,-7.21202419]}},{"type":"Feature","properties":{"Line":"R102","Tr":2868,"X":"630300.5","Y":"9202631.5","Rotation":0,"NAMOBJ":"Dradahblumbang","WADMKC":"Kedungpring","WADMKK":"Lamongan"},"geometry":{"type":"Point","coordinates":[112.18017256,-7.21213724]}},{"type":"Feature","properties":{"Line":"R102","Tr":2869,"X":"630300.5","Y":"9202619.0","Rotation":0,"NAMOBJ":"Dradahblumbang","WADMKC":"Kedungpring","WADMKK":"Lamongan"},"geometry":{"type":"Point","coordinates":[112.18017286,-7.21225028]}},{"type":"Feature","properties":{"Line":"R102","Tr":2870,"X":"630300.5","Y":"9202606.5","Rotation":0,"NAMOBJ":"Dradahblumbang","WADMKC":"Kedungpring","WADMKK":"Lamongan"},"geometry":{"type":"Point","coordinates":[112.18017315,-7.21236333]}},{"type":"Feature","properties":{"Line":"R102","Tr":2871,"X":"630300.5","Y":"9202594.0","Rotation":0,"NAMOBJ":"Dradahblumbang","WADMKC":"Kedungpring","WADMKK":"Lamongan"},"geometry":{"type":"Point","coordinates":[112.18017344,-7.21247638]}},{"type":"Feature","properties":{"Line":"R102","Tr":2872,"X":"630300.5","Y":"9202581.5","Rotation":0,"NAMOBJ":"Dradahblumbang","WADMKC":"Kedungpring","WADMKK":"Lamongan"},"geometry":{"type":"Point","coordinates":[112.18017373,-7.21258943]}},{"type":"Feature","properties":{"Line":"R102","Tr":2873,"X":"630300.5","Y":"9202569.0","Rotation":0,"NAMOBJ":"Dradahblumbang","WADMKC":"Kedungpring","WADMKK":"Lamongan"},"geometry":{"type":"Point","coordinates":[112.18017403,-7.21270248]}},{"type":"Feature","properties":{"Line":"R102","Tr":2874,"X":"630300.5","Y":"9202556.5","Rotation":0,"NAMOBJ":"Dradahblumbang","WADMKC":"Kedungpring","WADMKK":"Lamongan"},"geometry":{"type":"Point","coordinates":[112.18017432,-7.21281553]}},{"type":"Feature","properties":{"Line":"R102","Tr":2875,"X":"630300.5","Y":"9202544.0","Rotation":0,"NAMOBJ":"Dradahblumbang","WADMKC":"Kedungpring","WADMKK":"Lamongan"},"geometry":{"type":"Point","coordinates":[112.18017461,-7.21292858]}},{"type":"Feature","properties":{"Line":"R102","Tr":2876,"X":"630300.5","Y":"9202531.5","Rotation":0,"NAMOBJ":"Dradahblumbang","WADMKC":"Kedungpring","WADMKK":"Lamongan"},"geometry":{"type":"Point","coordinates":[112.1801749,-7.21304163]}},{"type":"Feature","properties":{"Line":"R102","Tr":2877,"X":"630300.5","Y":"9202519.0","Rotation":0,"NAMOBJ":"Dradahblumbang","WADMKC":"Kedungpring","WADMKK":"Lamongan"},"geometry":{"type":"Point","coordinates":[112.1801752,-7.21315468]}},{"type":"Feature","properties":{"Line":"R102","Tr":2878,"X":"630300.5","Y":"9202506.5","Rotation":0,"NAMOBJ":"Dradahblumbang","WADMKC":"Kedungpring","WADMKK":"Lamongan"},"geometry":{"type":"Point","coordinates":[112.18017549,-7.21326773]}},{"type":"Feature","properties":{"Line":"R102","Tr":2879,"X":"630300.5","Y":"9202494.0","Rotation":0,"NAMOBJ":"Dradahblumbang","WADMKC":"Kedungpring","WADMKK":"Lamongan"},"geometry":{"type":"Point","coordinates":[112.18017578,-7.21338078]}},{"type":"Feature","properties":{"Line":"R102","Tr":2880,"X":"630300.5","Y":"9202481.5","Rotation":0,"NAMOBJ":"Dradahblumbang","WADMKC":"Kedungpring","WADMKK":"Lamongan"},"geometry":{"type":"Point","coordinates":[112.18017608,-7.21349383]}},{"type":"Feature","properties":{"Line":"R102","Tr":2881,"X":"630300.5","Y":"9202469.0","Rotation":0,"NAMOBJ":"Dradahblumbang","WADMKC":"Kedungpring","WADMKK":"Lamongan"},"geometry":{"type":"Point","coordinates":[112.18017637,-7.21360688]}},{"type":"Feature","properties":{"Line":"R102","Tr":2882,"X":"630300.5","Y":"9202456.5","Rotation":0,"NAMOBJ":"Dradahblumbang","WADMKC":"Kedungpring","WADMKK":"Lamongan"},"geometry":{"type":"Point","coordinates":[112.18017666,-7.21371993]}},{"type":"Feature","properties":{"Line":"R102","Tr":2883,"X":"630300.5","Y":"9202444.0","Rotation":0,"NAMOBJ":"Dradahblumbang","WADMKC":"Kedungpring","WADMKK":"Lamongan"},"geometry":{"type":"Point","coordinates":[112.18017695,-7.21383298]}},{"type":"Feature","properties":{"Line":"R102","Tr":2884,"X":"630300.5","Y":"9202431.5","Rotation":0,"NAMOBJ":"Dradahblumbang","WADMKC":"Kedungpring","WADMKK":"Lamongan"},"geometry":{"type":"Point","coordinates":[112.18017725,-7.21394603]}},{"type":"Feature","properties":{"Line":"R102","Tr":2885,"X":"630300.5","Y":"9202419.0","Rotation":0,"NAMOBJ":"Dradahblumbang","WADMKC":"Kedungpring","WADMKK":"Lamongan"},"geometry":{"type":"Point","coordinates":[112.18017754,-7.21405907]}},{"type":"Feature","properties":{"Line":"R102","Tr":2886,"X":"630300.5","Y":"9202406.5","Rotation":0,"NAMOBJ":"Dradahblumbang","WADMKC":"Kedungpring","WADMKK":"Lamongan"},"geometry":{"type":"Point","coordinates":[112.18017783,-7.21417212]}},{"type":"Feature","properties":{"Line":"R102","Tr":2887,"X":"630300.5","Y":"9202394.0","Rotation":0,"NAMOBJ":"Dradahblumbang","WADMKC":"Kedungpring","WADMKK":"Lamongan"},"geometry":{"type":"Point","coordinates":[112.18017813,-7.21428517]}},{"type":"Feature","properties":{"Line":"R102","Tr":2888,"X":"630300.5","Y":"9202381.5","Rotation":0,"NAMOBJ":"Dradahblumbang","WADMKC":"Kedungpring","WADMKK":"Lamongan"},"geometry":{"type":"Point","coordinates":[112.18017842,-7.21439822]}},{"type":"Feature","properties":{"Line":"R102","Tr":2889,"X":"630300.5","Y":"9202369.0","Rotation":0,"NAMOBJ":"Dradahblumbang","WADMKC":"Kedungpring","WADMKK":"Lamongan"},"geometry":{"type":"Point","coordinates":[112.18017871,-7.21451127]}},{"type":"Feature","properties":{"Line":"R102","Tr":2890,"X":"630300.5","Y":"9202356.5","Rotation":0,"NAMOBJ":"Dradahblumbang","WADMKC":"Kedungpring","WADMKK":"Lamongan"},"geometry":{"type":"Point","coordinates":[112.180179,-7.21462432]}},{"type":"Feature","properties":{"Line":"R102","Tr":2891,"X":"630300.5","Y":"9202344.0","Rotation":0,"NAMOBJ":"Dradahblumbang","WADMKC":"Kedungpring","WADMKK":"Lamongan"},"geometry":{"type":"Point","coordinates":[112.1801793,-7.21473737]}},{"type":"Feature","properties":{"Line":"R102","Tr":2892,"X":"630300.5","Y":"9202331.5","Rotation":0,"NAMOBJ":"Dradahblumbang","WADMKC":"Kedungpring","WADMKK":"Lamongan"},"geometry":{"type":"Point","coordinates":[112.18017959,-7.21485042]}},{"type":"Feature","properties":{"Line":"R102","Tr":2893,"X":"630300.5","Y":"9202319.0","Rotation":0,"NAMOBJ":"Dradahblumbang","WADMKC":"Kedungpring","WADMKK":"Lamongan"},"geometry":{"type":"Point","coordinates":[112.18017988,-7.21496347]}},{"type":"Feature","properties":{"Line":"R102","Tr":2894,"X":"630300.5","Y":"9202306.5","Rotation":0,"NAMOBJ":"Dradahblumbang","WADMKC":"Kedungpring","WADMKK":"Lamongan"},"geometry":{"type":"Point","coordinates":[112.18018018,-7.21507652]}},{"type":"Feature","properties":{"Line":"R102","Tr":2895,"X":"630300.5","Y":"9202294.0","Rotation":0,"NAMOBJ":"Dradahblumbang","WADMKC":"Kedungpring","WADMKK":"Lamongan"},"geometry":{"type":"Point","coordinates":[112.18018047,-7.21518957]}},{"type":"Feature","properties":{"Line":"R102","Tr":2896,"X":"630300.5","Y":"9202281.5","Rotation":0,"NAMOBJ":"Dradahblumbang","WADMKC":"Kedungpring","WADMKK":"Lamongan"},"geometry":{"type":"Point","coordinates":[112.18018076,-7.21530262]}},{"type":"Feature","properties":{"Line":"R102","Tr":2897,"X":"630300.5","Y":"9202269.0","Rotation":0,"NAMOBJ":"Dradahblumbang","WADMKC":"Kedungpring","WADMKK":"Lamongan"},"geometry":{"type":"Point","coordinates":[112.18018105,-7.21541567]}},{"type":"Feature","properties":{"Line":"R102","Tr":2898,"X":"630300.5","Y":"9202256.5","Rotation":0,"NAMOBJ":"Dradahblumbang","WADMKC":"Kedungpring","WADMKK":"Lamongan"},"geometry":{"type":"Point","coordinates":[112.18018135,-7.21552872]}},{"type":"Feature","properties":{"Line":"R102","Tr":2899,"X":"630300.5","Y":"9202244.0","Rotation":0,"NAMOBJ":"Dradahblumbang","WADMKC":"Kedungpring","WADMKK":"Lamongan"},"geometry":{"type":"Point","coordinates":[112.18018164,-7.21564177]}},{"type":"Feature","properties":{"Line":"R102","Tr":2900,"X":"630300.5","Y":"9202231.5","Rotation":0,"NAMOBJ":"Dradahblumbang","WADMKC":"Kedungpring","WADMKK":"Lamongan"},"geometry":{"type":"Point","coordinates":[112.18018193,-7.21575482]}},{"type":"Feature","properties":{"Line":"R102","Tr":2901,"X":"630300.5","Y":"9202219.0","Rotation":0,"NAMOBJ":"Dradahblumbang","WADMKC":"Kedungpring","WADMKK":"Lamongan"},"geometry":{"type":"Point","coordinates":[112.18018223,-7.21586786]}},{"type":"Feature","properties":{"Line":"R102","Tr":2902,"X":"630300.5","Y":"9202206.5","Rotation":0,"NAMOBJ":"Dradahblumbang","WADMKC":"Kedungpring","WADMKK":"Lamongan"},"geometry":{"type":"Point","coordinates":[112.18018252,-7.21598091]}},{"type":"Feature","properties":{"Line":"R102","Tr":2903,"X":"630300.5","Y":"9202194.0","Rotation":0,"NAMOBJ":"Dradahblumbang","WADMKC":"Kedungpring","WADMKK":"Lamongan"},"geometry":{"type":"Point","coordinates":[112.18018281,-7.21609396]}},{"type":"Feature","properties":{"Line":"R102","Tr":2904,"X":"630300.5","Y":"9202181.5","Rotation":0,"NAMOBJ":"Dradahblumbang","WADMKC":"Kedungpring","WADMKK":"Lamongan"},"geometry":{"type":"Point","coordinates":[112.18018311,-7.21620701]}},{"type":"Feature","properties":{"Line":"R102","Tr":2905,"X":"630300.5","Y":"9202169.0","Rotation":0,"NAMOBJ":"Dradahblumbang","WADMKC":"Kedungpring","WADMKK":"Lamongan"},"geometry":{"type":"Point","coordinates":[112.1801834,-7.21632006]}},{"type":"Feature","properties":{"Line":"R102","Tr":2906,"X":"630300.5","Y":"9202156.5","Rotation":0,"NAMOBJ":"Dradahblumbang","WADMKC":"Kedungpring","WADMKK":"Lamongan"},"geometry":{"type":"Point","coordinates":[112.18018369,-7.21643311]}},{"type":"Feature","properties":{"Line":"R102","Tr":2907,"X":"630300.5","Y":"9202144.0","Rotation":0,"NAMOBJ":"Dradahblumbang","WADMKC":"Kedungpring","WADMKK":"Lamongan"},"geometry":{"type":"Point","coordinates":[112.18018398,-7.21654616]}},{"type":"Feature","properties":{"Line":"R102","Tr":2908,"X":"630300.5","Y":"9202131.5","Rotation":0,"NAMOBJ":"Dradahblumbang","WADMKC":"Kedungpring","WADMKK":"Lamongan"},"geometry":{"type":"Point","coordinates":[112.18018428,-7.21665921]}},{"type":"Feature","properties":{"Line":"R102","Tr":2909,"X":"630300.5","Y":"9202119.0","Rotation":0,"NAMOBJ":"Dradahblumbang","WADMKC":"Kedungpring","WADMKK":"Lamongan"},"geometry":{"type":"Point","coordinates":[112.18018457,-7.21677226]}},{"type":"Feature","properties":{"Line":"R102","Tr":2910,"X":"630300.5","Y":"9202106.5","Rotation":0,"NAMOBJ":"Dradahblumbang","WADMKC":"Kedungpring","WADMKK":"Lamongan"},"geometry":{"type":"Point","coordinates":[112.18018486,-7.21688531]}},{"type":"Feature","properties":{"Line":"R102","Tr":2911,"X":"630300.5","Y":"9202094.0","Rotation":0,"NAMOBJ":"Dradahblumbang","WADMKC":"Kedungpring","WADMKK":"Lamongan"},"geometry":{"type":"Point","coordinates":[112.18018516,-7.21699836]}},{"type":"Feature","properties":{"Line":"R102","Tr":2912,"X":"630300.5","Y":"9202081.5","Rotation":0,"NAMOBJ":"Dradahblumbang","WADMKC":"Kedungpring","WADMKK":"Lamongan"},"geometry":{"type":"Point","coordinates":[112.18018545,-7.21711141]}},{"type":"Feature","properties":{"Line":"R102","Tr":2913,"X":"630300.5","Y":"9202069.0","Rotation":0,"NAMOBJ":"Dradahblumbang","WADMKC":"Kedungpring","WADMKK":"Lamongan"},"geometry":{"type":"Point","coordinates":[112.18018574,-7.21722446]}},{"type":"Feature","properties":{"Line":"R102","Tr":2914,"X":"630300.5","Y":"9202056.5","Rotation":0,"NAMOBJ":"Dradahblumbang","WADMKC":"Kedungpring","WADMKK":"Lamongan"},"geometry":{"type":"Point","coordinates":[112.18018603,-7.21733751]}},{"type":"Feature","properties":{"Line":"R102","Tr":2915,"X":"630300.5","Y":"9202044.0","Rotation":0,"NAMOBJ":"Dradahblumbang","WADMKC":"Kedungpring","WADMKK":"Lamongan"},"geometry":{"type":"Point","coordinates":[112.18018633,-7.21745056]}},{"type":"Feature","properties":{"Line":"R102","Tr":2916,"X":"630300.5","Y":"9202031.5","Rotation":0,"NAMOBJ":"Dradahblumbang","WADMKC":"Kedungpring","WADMKK":"Lamongan"},"geometry":{"type":"Point","coordinates":[112.18018662,-7.2175636]}},{"type":"Feature","properties":{"Line":"R102","Tr":2917,"X":"630300.5","Y":"9202019.0","Rotation":0,"NAMOBJ":"Dradahblumbang","WADMKC":"Kedungpring","WADMKK":"Lamongan"},"geometry":{"type":"Point","coordinates":[112.18018691,-7.21767665]}},{"type":"Feature","properties":{"Line":"R102","Tr":2918,"X":"630300.5","Y":"9202006.5","Rotation":0,"NAMOBJ":"Dradahblumbang","WADMKC":"Kedungpring","WADMKK":"Lamongan"},"geometry":{"type":"Point","coordinates":[112.18018721,-7.2177897]}},{"type":"Feature","properties":{"Line":"R102","Tr":2919,"X":"630300.5","Y":"9201994.0","Rotation":0,"NAMOBJ":"Dradahblumbang","WADMKC":"Kedungpring","WADMKK":"Lamongan"},"geometry":{"type":"Point","coordinates":[112.1801875,-7.21790275]}},{"type":"Feature","properties":{"Line":"R102","Tr":2920,"X":"630300.5","Y":"9201981.5","Rotation":0,"NAMOBJ":"Dradahblumbang","WADMKC":"Kedungpring","WADMKK":"Lamongan"},"geometry":{"type":"Point","coordinates":[112.18018779,-7.2180158]}},{"type":"Feature","properties":{"Line":"R102","Tr":2921,"X":"630300.5","Y":"9201969.0","Rotation":0,"NAMOBJ":"Dradahblumbang","WADMKC":"Kedungpring","WADMKK":"Lamongan"},"geometry":{"type":"Point","coordinates":[112.18018809,-7.21812885]}},{"type":"Feature","properties":{"Line":"R102","Tr":2922,"X":"630300.5","Y":"9201956.5","Rotation":0,"NAMOBJ":"Dradahblumbang","WADMKC":"Kedungpring","WADMKK":"Lamongan"},"geometry":{"type":"Point","coordinates":[112.18018838,-7.2182419]}},{"type":"Feature","properties":{"Line":"R102","Tr":2923,"X":"630300.5","Y":"9201944.0","Rotation":0,"NAMOBJ":"Dradahblumbang","WADMKC":"Kedungpring","WADMKK":"Lamongan"},"geometry":{"type":"Point","coordinates":[112.18018867,-7.21835495]}},{"type":"Feature","properties":{"Line":"R102","Tr":2924,"X":"630300.5","Y":"9201931.5","Rotation":0,"NAMOBJ":"Dradahblumbang","WADMKC":"Kedungpring","WADMKK":"Lamongan"},"geometry":{"type":"Point","coordinates":[112.18018896,-7.218468]}},{"type":"Feature","properties":{"Line":"R102","Tr":2925,"X":"630300.5","Y":"9201919.0","Rotation":0,"NAMOBJ":"Dradahblumbang","WADMKC":"Kedungpring","WADMKK":"Lamongan"},"geometry":{"type":"Point","coordinates":[112.18018926,-7.21858105]}},{"type":"Feature","properties":{"Line":"R102","Tr":2926,"X":"630300.5","Y":"9201906.5","Rotation":0,"NAMOBJ":"Dradahblumbang","WADMKC":"Kedungpring","WADMKK":"Lamongan"},"geometry":{"type":"Point","coordinates":[112.18018955,-7.2186941]}},{"type":"Feature","properties":{"Line":"R102","Tr":2927,"X":"630300.5","Y":"9201894.0","Rotation":0,"NAMOBJ":"Dradahblumbang","WADMKC":"Kedungpring","WADMKK":"Lamongan"},"geometry":{"type":"Point","coordinates":[112.18018984,-7.21880715]}},{"type":"Feature","properties":{"Line":"R102","Tr":2928,"X":"630300.5","Y":"9201881.5","Rotation":0,"NAMOBJ":"Dradahblumbang","WADMKC":"Kedungpring","WADMKK":"Lamongan"},"geometry":{"type":"Point","coordinates":[112.18019014,-7.2189202]}},{"type":"Feature","properties":{"Line":"R102","Tr":2929,"X":"630300.5","Y":"9201869.0","Rotation":0,"NAMOBJ":"Dradahblumbang","WADMKC":"Kedungpring","WADMKK":"Lamongan"},"geometry":{"type":"Point","coordinates":[112.18019043,-7.21903325]}},{"type":"Feature","properties":{"Line":"R102","Tr":2930,"X":"630300.5","Y":"9201856.5","Rotation":0,"NAMOBJ":"Dradahblumbang","WADMKC":"Kedungpring","WADMKK":"Lamongan"},"geometry":{"type":"Point","coordinates":[112.18019072,-7.2191463]}},{"type":"Feature","properties":{"Line":"R102","Tr":2931,"X":"630300.5","Y":"9201844.0","Rotation":0,"NAMOBJ":"Dradahblumbang","WADMKC":"Kedungpring","WADMKK":"Lamongan"},"geometry":{"type":"Point","coordinates":[112.18019102,-7.21925935]}},{"type":"Feature","properties":{"Line":"R102","Tr":2932,"X":"630300.5","Y":"9201831.5","Rotation":0,"NAMOBJ":"Dradahblumbang","WADMKC":"Kedungpring","WADMKK":"Lamongan"},"geometry":{"type":"Point","coordinates":[112.18019131,-7.21937239]}},{"type":"Feature","properties":{"Line":"R102","Tr":2933,"X":"630300.5","Y":"9201819.0","Rotation":0,"NAMOBJ":"Dradahblumbang","WADMKC":"Kedungpring","WADMKK":"Lamongan"},"geometry":{"type":"Point","coordinates":[112.1801916,-7.21948544]}},{"type":"Feature","properties":{"Line":"R102","Tr":2934,"X":"630300.5","Y":"9201806.5","Rotation":0,"NAMOBJ":"Dradahblumbang","WADMKC":"Kedungpring","WADMKK":"Lamongan"},"geometry":{"type":"Point","coordinates":[112.1801919,-7.21959849]}},{"type":"Feature","properties":{"Line":"R102","Tr":2935,"X":"630300.5","Y":"9201794.0","Rotation":0,"NAMOBJ":"Dradahblumbang","WADMKC":"Kedungpring","WADMKK":"Lamongan"},"geometry":{"type":"Point","coordinates":[112.18019219,-7.21971154]}},{"type":"Feature","properties":{"Line":"R102","Tr":2936,"X":"630300.5","Y":"9201781.5","Rotation":0,"NAMOBJ":"Dradahblumbang","WADMKC":"Kedungpring","WADMKK":"Lamongan"},"geometry":{"type":"Point","coordinates":[112.18019248,-7.21982459]}},{"type":"Feature","properties":{"Line":"R102","Tr":2937,"X":"630300.5","Y":"9201769.0","Rotation":0,"NAMOBJ":"Dradahblumbang","WADMKC":"Kedungpring","WADMKK":"Lamongan"},"geometry":{"type":"Point","coordinates":[112.18019277,-7.21993764]}},{"type":"Feature","properties":{"Line":"R102","Tr":2938,"X":"630300.5","Y":"9201756.5","Rotation":0,"NAMOBJ":"Dradahblumbang","WADMKC":"Kedungpring","WADMKK":"Lamongan"},"geometry":{"type":"Point","coordinates":[112.18019307,-7.22005069]}},{"type":"Feature","properties":{"Line":"R102","Tr":2939,"X":"630300.5","Y":"9201744.0","Rotation":0,"NAMOBJ":"Dradahblumbang","WADMKC":"Kedungpring","WADMKK":"Lamongan"},"geometry":{"type":"Point","coordinates":[112.18019336,-7.22016374]}},{"type":"Feature","properties":{"Line":"R102","Tr":2940,"X":"630300.5","Y":"9201731.5","Rotation":0,"NAMOBJ":"Dradahblumbang","WADMKC":"Kedungpring","WADMKK":"Lamongan"},"geometry":{"type":"Point","coordinates":[112.18019365,-7.22027679]}},{"type":"Feature","properties":{"Line":"R102","Tr":2941,"X":"630300.5","Y":"9201719.0","Rotation":0,"NAMOBJ":"Dradahblumbang","WADMKC":"Kedungpring","WADMKK":"Lamongan"},"geometry":{"type":"Point","coordinates":[112.18019395,-7.22038984]}},{"type":"Feature","properties":{"Line":"R102","Tr":2942,"X":"630300.5","Y":"9201706.5","Rotation":0,"NAMOBJ":"Dradahblumbang","WADMKC":"Kedungpring","WADMKK":"Lamongan"},"geometry":{"type":"Point","coordinates":[112.18019424,-7.22050289]}},{"type":"Feature","properties":{"Line":"R102","Tr":2943,"X":"630300.5","Y":"9201694.0","Rotation":0,"NAMOBJ":"Dradahblumbang","WADMKC":"Kedungpring","WADMKK":"Lamongan"},"geometry":{"type":"Point","coordinates":[112.18019453,-7.22061594]}},{"type":"Feature","properties":{"Line":"R102","Tr":2944,"X":"630300.5","Y":"9201681.5","Rotation":0,"NAMOBJ":"Dradahblumbang","WADMKC":"Kedungpring","WADMKK":"Lamongan"},"geometry":{"type":"Point","coordinates":[112.18019483,-7.22072899]}},{"type":"Feature","properties":{"Line":"R102","Tr":2945,"X":"630300.5","Y":"9201669.0","Rotation":0,"NAMOBJ":"Dradahblumbang","WADMKC":"Kedungpring","WADMKK":"Lamongan"},"geometry":{"type":"Point","coordinates":[112.18019512,-7.22084204]}},{"type":"Feature","properties":{"Line":"R102","Tr":2946,"X":"630300.5","Y":"9201656.5","Rotation":0,"NAMOBJ":"Dradahblumbang","WADMKC":"Kedungpring","WADMKK":"Lamongan"},"geometry":{"type":"Point","coordinates":[112.18019541,-7.22095509]}},{"type":"Feature","properties":{"Line":"R102","Tr":2947,"X":"630300.5","Y":"9201644.0","Rotation":0,"NAMOBJ":"Dradahblumbang","WADMKC":"Kedungpring","WADMKK":"Lamongan"},"geometry":{"type":"Point","coordinates":[112.18019571,-7.22106813]}},{"type":"Feature","properties":{"Line":"R102","Tr":2948,"X":"630300.5","Y":"9201631.5","Rotation":0,"NAMOBJ":"Dradahblumbang","WADMKC":"Kedungpring","WADMKK":"Lamongan"},"geometry":{"type":"Point","coordinates":[112.180196,-7.22118118]}},{"type":"Feature","properties":{"Line":"R102","Tr":2949,"X":"630300.5","Y":"9201619.0","Rotation":0,"NAMOBJ":"Dradahblumbang","WADMKC":"Kedungpring","WADMKK":"Lamongan"},"geometry":{"type":"Point","coordinates":[112.18019629,-7.22129423]}},{"type":"Feature","properties":{"Line":"R102","Tr":2950,"X":"630300.5","Y":"9201606.5","Rotation":0,"NAMOBJ":"Dradahblumbang","WADMKC":"Kedungpring","WADMKK":"Lamongan"},"geometry":{"type":"Point","coordinates":[112.18019659,-7.22140728]}},{"type":"Feature","properties":{"Line":"R102","Tr":2951,"X":"630300.5","Y":"9201594.0","Rotation":0,"NAMOBJ":"Dradahblumbang","WADMKC":"Kedungpring","WADMKK":"Lamongan"},"geometry":{"type":"Point","coordinates":[112.18019688,-7.22152033]}},{"type":"Feature","properties":{"Line":"R102","Tr":2952,"X":"630300.5","Y":"9201581.5","Rotation":0,"NAMOBJ":"Dradahblumbang","WADMKC":"Kedungpring","WADMKK":"Lamongan"},"geometry":{"type":"Point","coordinates":[112.18019717,-7.22163338]}},{"type":"Feature","properties":{"Line":"R102","Tr":2953,"X":"630300.5","Y":"9201569.0","Rotation":0,"NAMOBJ":"Dradahblumbang","WADMKC":"Kedungpring","WADMKK":"Lamongan"},"geometry":{"type":"Point","coordinates":[112.18019746,-7.22174643]}},{"type":"Feature","properties":{"Line":"R102","Tr":2954,"X":"630300.5","Y":"9201556.5","Rotation":0,"NAMOBJ":"Dradahblumbang","WADMKC":"Kedungpring","WADMKK":"Lamongan"},"geometry":{"type":"Point","coordinates":[112.18019776,-7.22185948]}},{"type":"Feature","properties":{"Line":"R102","Tr":2955,"X":"630300.5","Y":"9201544.0","Rotation":0,"NAMOBJ":"Dradahblumbang","WADMKC":"Kedungpring","WADMKK":"Lamongan"},"geometry":{"type":"Point","coordinates":[112.18019805,-7.22197253]}},{"type":"Feature","properties":{"Line":"R102","Tr":2956,"X":"630300.5","Y":"9201531.5","Rotation":0,"NAMOBJ":"Dradahblumbang","WADMKC":"Kedungpring","WADMKK":"Lamongan"},"geometry":{"type":"Point","coordinates":[112.18019834,-7.22208558]}},{"type":"Feature","properties":{"Line":"R102","Tr":2957,"X":"630300.5","Y":"9201519.0","Rotation":0,"NAMOBJ":"Dradahblumbang","WADMKC":"Kedungpring","WADMKK":"Lamongan"},"geometry":{"type":"Point","coordinates":[112.18019864,-7.22219863]}},{"type":"Feature","properties":{"Line":"R102","Tr":2958,"X":"630300.5","Y":"9201506.5","Rotation":0,"NAMOBJ":"Dradahblumbang","WADMKC":"Kedungpring","WADMKK":"Lamongan"},"geometry":{"type":"Point","coordinates":[112.18019893,-7.22231168]}},{"type":"Feature","properties":{"Line":"R102","Tr":2959,"X":"630300.5","Y":"9201494.0","Rotation":0,"NAMOBJ":"Dradahblumbang","WADMKC":"Kedungpring","WADMKK":"Lamongan"},"geometry":{"type":"Point","coordinates":[112.18019922,-7.22242473]}},{"type":"Feature","properties":{"Line":"R102","Tr":2960,"X":"630300.5","Y":"9201481.5","Rotation":0,"NAMOBJ":"Dradahblumbang","WADMKC":"Kedungpring","WADMKK":"Lamongan"},"geometry":{"type":"Point","coordinates":[112.18019952,-7.22253778]}},{"type":"Feature","properties":{"Line":"R102","Tr":2961,"X":"630300.5","Y":"9201469.0","Rotation":0,"NAMOBJ":"Dradahblumbang","WADMKC":"Kedungpring","WADMKK":"Lamongan"},"geometry":{"type":"Point","coordinates":[112.18019981,-7.22265083]}},{"type":"Feature","properties":{"Line":"R102","Tr":2962,"X":"630300.5","Y":"9201456.5","Rotation":0,"NAMOBJ":"Dradahblumbang","WADMKC":"Kedungpring","WADMKK":"Lamongan"},"geometry":{"type":"Point","coordinates":[112.1802001,-7.22276387]}},{"type":"Feature","properties":{"Line":"R102","Tr":2963,"X":"630300.5","Y":"9201444.0","Rotation":0,"NAMOBJ":"Dradahblumbang","WADMKC":"Kedungpring","WADMKK":"Lamongan"},"geometry":{"type":"Point","coordinates":[112.1802004,-7.22287692]}},{"type":"Feature","properties":{"Line":"R102","Tr":2964,"X":"630300.5","Y":"9201431.5","Rotation":0,"NAMOBJ":"Dradahblumbang","WADMKC":"Kedungpring","WADMKK":"Lamongan"},"geometry":{"type":"Point","coordinates":[112.18020069,-7.22298997]}},{"type":"Feature","properties":{"Line":"R102","Tr":2965,"X":"630300.5","Y":"9201419.0","Rotation":0,"NAMOBJ":"Dradahblumbang","WADMKC":"Kedungpring","WADMKK":"Lamongan"},"geometry":{"type":"Point","coordinates":[112.18020098,-7.22310302]}},{"type":"Feature","properties":{"Line":"R102","Tr":2966,"X":"630300.5","Y":"9201406.5","Rotation":0,"NAMOBJ":"Dradahblumbang","WADMKC":"Kedungpring","WADMKK":"Lamongan"},"geometry":{"type":"Point","coordinates":[112.18020128,-7.22321607]}},{"type":"Feature","properties":{"Line":"R102","Tr":2967,"X":"630300.5","Y":"9201394.0","Rotation":0,"NAMOBJ":"Dradahblumbang","WADMKC":"Kedungpring","WADMKK":"Lamongan"},"geometry":{"type":"Point","coordinates":[112.18020157,-7.22332912]}},{"type":"Feature","properties":{"Line":"R102","Tr":2968,"X":"630300.5","Y":"9201381.5","Rotation":0,"NAMOBJ":"Dradahblumbang","WADMKC":"Kedungpring","WADMKK":"Lamongan"},"geometry":{"type":"Point","coordinates":[112.18020186,-7.22344217]}},{"type":"Feature","properties":{"Line":"R102","Tr":2969,"X":"630300.5","Y":"9201369.0","Rotation":0,"NAMOBJ":"Dradahblumbang","WADMKC":"Kedungpring","WADMKK":"Lamongan"},"geometry":{"type":"Point","coordinates":[112.18020216,-7.22355522]}},{"type":"Feature","properties":{"Line":"R102","Tr":2970,"X":"630300.5","Y":"9201356.5","Rotation":0,"NAMOBJ":"Dradahblumbang","WADMKC":"Kedungpring","WADMKK":"Lamongan"},"geometry":{"type":"Point","coordinates":[112.18020245,-7.22366827]}},{"type":"Feature","properties":{"Line":"R102","Tr":2971,"X":"630300.5","Y":"9201344.0","Rotation":0,"NAMOBJ":"Dradahblumbang","WADMKC":"Kedungpring","WADMKK":"Lamongan"},"geometry":{"type":"Point","coordinates":[112.18020274,-7.22378132]}},{"type":"Feature","properties":{"Line":"R102","Tr":2972,"X":"630300.5","Y":"9201331.5","Rotation":0,"NAMOBJ":"Dradahblumbang","WADMKC":"Kedungpring","WADMKK":"Lamongan"},"geometry":{"type":"Point","coordinates":[112.18020304,-7.22389437]}},{"type":"Feature","properties":{"Line":"R102","Tr":2973,"X":"630300.5","Y":"9201319.0","Rotation":0,"NAMOBJ":"Dradahblumbang","WADMKC":"Kedungpring","WADMKK":"Lamongan"},"geometry":{"type":"Point","coordinates":[112.18020333,-7.22400742]}},{"type":"Feature","properties":{"Line":"R102","Tr":2974,"X":"630300.5","Y":"9201306.5","Rotation":0,"NAMOBJ":"Dradahblumbang","WADMKC":"Kedungpring","WADMKK":"Lamongan"},"geometry":{"type":"Point","coordinates":[112.18020362,-7.22412047]}},{"type":"Feature","properties":{"Line":"R102","Tr":2975,"X":"630300.5","Y":"9201294.0","Rotation":0,"NAMOBJ":"Dradahblumbang","WADMKC":"Kedungpring","WADMKK":"Lamongan"},"geometry":{"type":"Point","coordinates":[112.18020392,-7.22423352]}},{"type":"Feature","properties":{"Line":"R102","Tr":2976,"X":"630300.5","Y":"9201281.5","Rotation":0,"NAMOBJ":"Dradahblumbang","WADMKC":"Kedungpring","WADMKK":"Lamongan"},"geometry":{"type":"Point","coordinates":[112.18020421,-7.22434657]}},{"type":"Feature","properties":{"Line":"R102","Tr":2977,"X":"630300.5","Y":"9201269.0","Rotation":0,"NAMOBJ":"Dradahblumbang","WADMKC":"Kedungpring","WADMKK":"Lamongan"},"geometry":{"type":"Point","coordinates":[112.1802045,-7.22445961]}},{"type":"Feature","properties":{"Line":"R102","Tr":2978,"X":"630300.5","Y":"9201256.5","Rotation":0,"NAMOBJ":"Dradahblumbang","WADMKC":"Kedungpring","WADMKK":"Lamongan"},"geometry":{"type":"Point","coordinates":[112.1802048,-7.22457266]}},{"type":"Feature","properties":{"Line":"R102","Tr":2979,"X":"630300.5","Y":"9201244.0","Rotation":0,"NAMOBJ":"Dradahblumbang","WADMKC":"Kedungpring","WADMKK":"Lamongan"},"geometry":{"type":"Point","coordinates":[112.18020509,-7.22468571]}},{"type":"Feature","properties":{"Line":"R102","Tr":2980,"X":"630300.5","Y":"9201231.5","Rotation":0,"NAMOBJ":"Dradahblumbang","WADMKC":"Kedungpring","WADMKK":"Lamongan"},"geometry":{"type":"Point","coordinates":[112.18020538,-7.22479876]}},{"type":"Feature","properties":{"Line":"R102","Tr":2981,"X":"630300.5","Y":"9201219.0","Rotation":0,"NAMOBJ":"Dradahblumbang","WADMKC":"Kedungpring","WADMKK":"Lamongan"},"geometry":{"type":"Point","coordinates":[112.18020568,-7.22491181]}},{"type":"Feature","properties":{"Line":"R102","Tr":2982,"X":"630300.5","Y":"9201206.5","Rotation":0,"NAMOBJ":"Dradahblumbang","WADMKC":"Kedungpring","WADMKK":"Lamongan"},"geometry":{"type":"Point","coordinates":[112.18020597,-7.22502486]}},{"type":"Feature","properties":{"Line":"R102","Tr":2983,"X":"630300.5","Y":"9201194.0","Rotation":0,"NAMOBJ":"Dradahblumbang","WADMKC":"Kedungpring","WADMKK":"Lamongan"},"geometry":{"type":"Point","coordinates":[112.18020626,-7.22513791]}},{"type":"Feature","properties":{"Line":"R102","Tr":2984,"X":"630300.5","Y":"9201181.5","Rotation":0,"NAMOBJ":"Dradahblumbang","WADMKC":"Kedungpring","WADMKK":"Lamongan"},"geometry":{"type":"Point","coordinates":[112.18020656,-7.22525096]}},{"type":"Feature","properties":{"Line":"R102","Tr":2985,"X":"630300.5","Y":"9201169.0","Rotation":0,"NAMOBJ":"Dradahblumbang","WADMKC":"Kedungpring","WADMKK":"Lamongan"},"geometry":{"type":"Point","coordinates":[112.18020685,-7.22536401]}},{"type":"Feature","properties":{"Line":"R102","Tr":2986,"X":"630300.5","Y":"9201156.5","Rotation":0,"NAMOBJ":"Dradahblumbang","WADMKC":"Kedungpring","WADMKK":"Lamongan"},"geometry":{"type":"Point","coordinates":[112.18020714,-7.22547706]}},{"type":"Feature","properties":{"Line":"R102","Tr":2987,"X":"630300.5","Y":"9201144.0","Rotation":0,"NAMOBJ":"Dradahblumbang","WADMKC":"Kedungpring","WADMKK":"Lamongan"},"geometry":{"type":"Point","coordinates":[112.18020744,-7.22559011]}},{"type":"Feature","properties":{"Line":"R102","Tr":2988,"X":"630300.5","Y":"9201131.5","Rotation":0,"NAMOBJ":"Dradahblumbang","WADMKC":"Kedungpring","WADMKK":"Lamongan"},"geometry":{"type":"Point","coordinates":[112.18020773,-7.22570316]}},{"type":"Feature","properties":{"Line":"R102","Tr":2989,"X":"630300.5","Y":"9201119.0","Rotation":0,"NAMOBJ":"Dradahblumbang","WADMKC":"Kedungpring","WADMKK":"Lamongan"},"geometry":{"type":"Point","coordinates":[112.18020802,-7.22581621]}},{"type":"Feature","properties":{"Line":"R102","Tr":2990,"X":"630300.5","Y":"9201106.5","Rotation":0,"NAMOBJ":"Dradahblumbang","WADMKC":"Kedungpring","WADMKK":"Lamongan"},"geometry":{"type":"Point","coordinates":[112.18020832,-7.22592926]}},{"type":"Feature","properties":{"Line":"R102","Tr":2991,"X":"630300.5","Y":"9201094.0","Rotation":0,"NAMOBJ":"Dradahblumbang","WADMKC":"Kedungpring","WADMKK":"Lamongan"},"geometry":{"type":"Point","coordinates":[112.18020861,-7.2260423]}},{"type":"Feature","properties":{"Line":"R102","Tr":2992,"X":"630300.5","Y":"9201081.5","Rotation":0,"NAMOBJ":"Dradahblumbang","WADMKC":"Kedungpring","WADMKK":"Lamongan"},"geometry":{"type":"Point","coordinates":[112.1802089,-7.22615535]}},{"type":"Feature","properties":{"Line":"R102","Tr":2993,"X":"630300.5","Y":"9201069.0","Rotation":0,"NAMOBJ":"Dradahblumbang","WADMKC":"Kedungpring","WADMKK":"Lamongan"},"geometry":{"type":"Point","coordinates":[112.1802092,-7.2262684]}},{"type":"Feature","properties":{"Line":"R102","Tr":2994,"X":"630300.5","Y":"9201056.5","Rotation":0,"NAMOBJ":"Dradahblumbang","WADMKC":"Kedungpring","WADMKK":"Lamongan"},"geometry":{"type":"Point","coordinates":[112.18020949,-7.22638145]}},{"type":"Feature","properties":{"Line":"R102","Tr":2995,"X":"630300.5","Y":"9201044.0","Rotation":0,"NAMOBJ":"Dradahblumbang","WADMKC":"Kedungpring","WADMKK":"Lamongan"},"geometry":{"type":"Point","coordinates":[112.18020978,-7.2264945]}},{"type":"Feature","properties":{"Line":"R102","Tr":2996,"X":"630300.5","Y":"9201031.5","Rotation":0,"NAMOBJ":"Dradahblumbang","WADMKC":"Kedungpring","WADMKK":"Lamongan"},"geometry":{"type":"Point","coordinates":[112.18021008,-7.22660755]}},{"type":"Feature","properties":{"Line":"R104","Tr":2845,"X":"631300.5","Y":"9203969.0","Rotation":0,"NAMOBJ":"Dradahblumbang","WADMKC":"Kedungpring","WADMKK":"Lamongan"},"geometry":{"type":"Point","coordinates":[112.18919701,-7.20001751]}},{"type":"Feature","properties":{"Line":"R104","Tr":2846,"X":"631300.5","Y":"9203956.5","Rotation":0,"NAMOBJ":"Dradahblumbang","WADMKC":"Kedungpring","WADMKK":"Lamongan"},"geometry":{"type":"Point","coordinates":[112.18919731,-7.20013056]}},{"type":"Feature","properties":{"Line":"R104","Tr":2847,"X":"631300.5","Y":"9203944.0","Rotation":0,"NAMOBJ":"Dradahblumbang","WADMKC":"Kedungpring","WADMKK":"Lamongan"},"geometry":{"type":"Point","coordinates":[112.1891976,-7.20024361]}},{"type":"Feature","properties":{"Line":"R104","Tr":2848,"X":"631300.5","Y":"9203931.5","Rotation":0,"NAMOBJ":"Dradahblumbang","WADMKC":"Kedungpring","WADMKK":"Lamongan"},"geometry":{"type":"Point","coordinates":[112.1891979,-7.20035666]}},{"type":"Feature","properties":{"Line":"R104","Tr":2849,"X":"631300.5","Y":"9203919.0","Rotation":0,"NAMOBJ":"Dradahblumbang","WADMKC":"Kedungpring","WADMKK":"Lamongan"},"geometry":{"type":"Point","coordinates":[112.18919819,-7.2004697]}},{"type":"Feature","properties":{"Line":"R104","Tr":2850,"X":"631300.5","Y":"9203906.5","Rotation":0,"NAMOBJ":"Dradahblumbang","WADMKC":"Kedungpring","WADMKK":"Lamongan"},"geometry":{"type":"Point","coordinates":[112.18919849,-7.20058275]}},{"type":"Feature","properties":{"Line":"R104","Tr":2851,"X":"631300.5","Y":"9203894.0","Rotation":0,"NAMOBJ":"Dradahblumbang","WADMKC":"Kedungpring","WADMKK":"Lamongan"},"geometry":{"type":"Point","coordinates":[112.18919878,-7.2006958]}},{"type":"Feature","properties":{"Line":"R104","Tr":2852,"X":"631300.5","Y":"9203881.5","Rotation":0,"NAMOBJ":"Dradahblumbang","WADMKC":"Kedungpring","WADMKK":"Lamongan"},"geometry":{"type":"Point","coordinates":[112.18919907,-7.20080885]}},{"type":"Feature","properties":{"Line":"R104","Tr":2853,"X":"631300.5","Y":"9203869.0","Rotation":0,"NAMOBJ":"Dradahblumbang","WADMKC":"Kedungpring","WADMKK":"Lamongan"},"geometry":{"type":"Point","coordinates":[112.18919937,-7.2009219]}},{"type":"Feature","properties":{"Line":"R104","Tr":2854,"X":"631300.5","Y":"9203856.5","Rotation":0,"NAMOBJ":"Dradahblumbang","WADMKC":"Kedungpring","WADMKK":"Lamongan"},"geometry":{"type":"Point","coordinates":[112.18919966,-7.20103495]}},{"type":"Feature","properties":{"Line":"R104","Tr":2855,"X":"631300.5","Y":"9203844.0","Rotation":0,"NAMOBJ":"Dradahblumbang","WADMKC":"Kedungpring","WADMKK":"Lamongan"},"geometry":{"type":"Point","coordinates":[112.18919996,-7.201148]}},{"type":"Feature","properties":{"Line":"R104","Tr":2856,"X":"631300.5","Y":"9203831.5","Rotation":0,"NAMOBJ":"Dradahblumbang","WADMKC":"Kedungpring","WADMKK":"Lamongan"},"geometry":{"type":"Point","coordinates":[112.18920025,-7.20126105]}},{"type":"Feature","properties":{"Line":"R104","Tr":2857,"X":"631300.5","Y":"9203819.0","Rotation":0,"NAMOBJ":"Dradahblumbang","WADMKC":"Kedungpring","WADMKK":"Lamongan"},"geometry":{"type":"Point","coordinates":[112.18920055,-7.2013741]}},{"type":"Feature","properties":{"Line":"R104","Tr":2858,"X":"631300.5","Y":"9203806.5","Rotation":0,"NAMOBJ":"Dradahblumbang","WADMKC":"Kedungpring","WADMKK":"Lamongan"},"geometry":{"type":"Point","coordinates":[112.18920084,-7.20148715]}},{"type":"Feature","properties":{"Line":"R104","Tr":2859,"X":"631300.5","Y":"9203794.0","Rotation":0,"NAMOBJ":"Dradahblumbang","WADMKC":"Kedungpring","WADMKK":"Lamongan"},"geometry":{"type":"Point","coordinates":[112.18920114,-7.20160019]}},{"type":"Feature","properties":{"Line":"R104","Tr":2860,"X":"631300.5","Y":"9203781.5","Rotation":0,"NAMOBJ":"Dradahblumbang","WADMKC":"Kedungpring","WADMKK":"Lamongan"},"geometry":{"type":"Point","coordinates":[112.18920143,-7.20171324]}},{"type":"Feature","properties":{"Line":"R104","Tr":2861,"X":"631300.5","Y":"9203769.0","Rotation":0,"NAMOBJ":"Dradahblumbang","WADMKC":"Kedungpring","WADMKK":"Lamongan"},"geometry":{"type":"Point","coordinates":[112.18920173,-7.20182629]}},{"type":"Feature","properties":{"Line":"R104","Tr":2862,"X":"631300.5","Y":"9203756.5","Rotation":0,"NAMOBJ":"Dradahblumbang","WADMKC":"Kedungpring","WADMKK":"Lamongan"},"geometry":{"type":"Point","coordinates":[112.18920202,-7.20193934]}},{"type":"Feature","properties":{"Line":"R104","Tr":2863,"X":"631300.5","Y":"9203744.0","Rotation":0,"NAMOBJ":"Dradahblumbang","WADMKC":"Kedungpring","WADMKK":"Lamongan"},"geometry":{"type":"Point","coordinates":[112.18920231,-7.20205239]}},{"type":"Feature","properties":{"Line":"R104","Tr":2864,"X":"631300.5","Y":"9203731.5","Rotation":0,"NAMOBJ":"Dradahblumbang","WADMKC":"Kedungpring","WADMKK":"Lamongan"},"geometry":{"type":"Point","coordinates":[112.18920261,-7.20216544]}},{"type":"Feature","properties":{"Line":"R104","Tr":2865,"X":"631300.5","Y":"9203719.0","Rotation":0,"NAMOBJ":"Dradahblumbang","WADMKC":"Kedungpring","WADMKK":"Lamongan"},"geometry":{"type":"Point","coordinates":[112.1892029,-7.20227849]}},{"type":"Feature","properties":{"Line":"R104","Tr":2866,"X":"631300.5","Y":"9203706.5","Rotation":0,"NAMOBJ":"Dradahblumbang","WADMKC":"Kedungpring","WADMKK":"Lamongan"},"geometry":{"type":"Point","coordinates":[112.1892032,-7.20239154]}},{"type":"Feature","properties":{"Line":"R104","Tr":2867,"X":"631300.5","Y":"9203694.0","Rotation":0,"NAMOBJ":"Dradahblumbang","WADMKC":"Kedungpring","WADMKK":"Lamongan"},"geometry":{"type":"Point","coordinates":[112.18920349,-7.20250459]}},{"type":"Feature","properties":{"Line":"R104","Tr":2868,"X":"631300.5","Y":"9203681.5","Rotation":0,"NAMOBJ":"Dradahblumbang","WADMKC":"Kedungpring","WADMKK":"Lamongan"},"geometry":{"type":"Point","coordinates":[112.18920379,-7.20261764]}},{"type":"Feature","properties":{"Line":"R104","Tr":2869,"X":"631300.5","Y":"9203669.0","Rotation":0,"NAMOBJ":"Dradahblumbang","WADMKC":"Kedungpring","WADMKK":"Lamongan"},"geometry":{"type":"Point","coordinates":[112.18920408,-7.20273069]}},{"type":"Feature","properties":{"Line":"R104","Tr":2870,"X":"631300.5","Y":"9203656.5","Rotation":0,"NAMOBJ":"Dradahblumbang","WADMKC":"Kedungpring","WADMKK":"Lamongan"},"geometry":{"type":"Point","coordinates":[112.18920438,-7.20284373]}},{"type":"Feature","properties":{"Line":"R104","Tr":2871,"X":"631300.5","Y":"9203644.0","Rotation":0,"NAMOBJ":"Dradahblumbang","WADMKC":"Kedungpring","WADMKK":"Lamongan"},"geometry":{"type":"Point","coordinates":[112.18920467,-7.20295678]}},{"type":"Feature","properties":{"Line":"R104","Tr":2872,"X":"631300.5","Y":"9203631.5","Rotation":0,"NAMOBJ":"Dradahblumbang","WADMKC":"Kedungpring","WADMKK":"Lamongan"},"geometry":{"type":"Point","coordinates":[112.18920497,-7.20306983]}},{"type":"Feature","properties":{"Line":"R104","Tr":2873,"X":"631300.5","Y":"9203619.0","Rotation":0,"NAMOBJ":"Dradahblumbang","WADMKC":"Kedungpring","WADMKK":"Lamongan"},"geometry":{"type":"Point","coordinates":[112.18920526,-7.20318288]}},{"type":"Feature","properties":{"Line":"R104","Tr":2874,"X":"631300.5","Y":"9203606.5","Rotation":0,"NAMOBJ":"Dradahblumbang","WADMKC":"Kedungpring","WADMKK":"Lamongan"},"geometry":{"type":"Point","coordinates":[112.18920556,-7.20329593]}},{"type":"Feature","properties":{"Line":"R104","Tr":2875,"X":"631300.5","Y":"9203594.0","Rotation":0,"NAMOBJ":"Dradahblumbang","WADMKC":"Kedungpring","WADMKK":"Lamongan"},"geometry":{"type":"Point","coordinates":[112.18920585,-7.20340898]}},{"type":"Feature","properties":{"Line":"R104","Tr":2876,"X":"631300.5","Y":"9203581.5","Rotation":0,"NAMOBJ":"Dradahblumbang","WADMKC":"Kedungpring","WADMKK":"Lamongan"},"geometry":{"type":"Point","coordinates":[112.18920614,-7.20352203]}},{"type":"Feature","properties":{"Line":"R104","Tr":2877,"X":"631300.5","Y":"9203569.0","Rotation":0,"NAMOBJ":"Dradahblumbang","WADMKC":"Kedungpring","WADMKK":"Lamongan"},"geometry":{"type":"Point","coordinates":[112.18920644,-7.20363508]}},{"type":"Feature","properties":{"Line":"R104","Tr":2878,"X":"631300.5","Y":"9203556.5","Rotation":0,"NAMOBJ":"Dradahblumbang","WADMKC":"Kedungpring","WADMKK":"Lamongan"},"geometry":{"type":"Point","coordinates":[112.18920673,-7.20374813]}},{"type":"Feature","properties":{"Line":"R104","Tr":2879,"X":"631300.5","Y":"9203544.0","Rotation":0,"NAMOBJ":"Dradahblumbang","WADMKC":"Kedungpring","WADMKK":"Lamongan"},"geometry":{"type":"Point","coordinates":[112.18920703,-7.20386118]}},{"type":"Feature","properties":{"Line":"R104","Tr":2880,"X":"631300.5","Y":"9203531.5","Rotation":0,"NAMOBJ":"Dradahblumbang","WADMKC":"Kedungpring","WADMKK":"Lamongan"},"geometry":{"type":"Point","coordinates":[112.18920732,-7.20397423]}},{"type":"Feature","properties":{"Line":"R104","Tr":2881,"X":"631300.5","Y":"9203519.0","Rotation":0,"NAMOBJ":"Dradahblumbang","WADMKC":"Kedungpring","WADMKK":"Lamongan"},"geometry":{"type":"Point","coordinates":[112.18920762,-7.20408727]}},{"type":"Feature","properties":{"Line":"R104","Tr":2882,"X":"631300.5","Y":"9203506.5","Rotation":0,"NAMOBJ":"Dradahblumbang","WADMKC":"Kedungpring","WADMKK":"Lamongan"},"geometry":{"type":"Point","coordinates":[112.18920791,-7.20420032]}},{"type":"Feature","properties":{"Line":"R104","Tr":2883,"X":"631300.5","Y":"9203494.0","Rotation":0,"NAMOBJ":"Dradahblumbang","WADMKC":"Kedungpring","WADMKK":"Lamongan"},"geometry":{"type":"Point","coordinates":[112.18920821,-7.20431337]}},{"type":"Feature","properties":{"Line":"R104","Tr":2884,"X":"631300.5","Y":"9203481.5","Rotation":0,"NAMOBJ":"Dradahblumbang","WADMKC":"Kedungpring","WADMKK":"Lamongan"},"geometry":{"type":"Point","coordinates":[112.1892085,-7.20442642]}},{"type":"Feature","properties":{"Line":"R104","Tr":2885,"X":"631300.5","Y":"9203469.0","Rotation":0,"NAMOBJ":"Dradahblumbang","WADMKC":"Kedungpring","WADMKK":"Lamongan"},"geometry":{"type":"Point","coordinates":[112.1892088,-7.20453947]}},{"type":"Feature","properties":{"Line":"R104","Tr":2886,"X":"631300.5","Y":"9203456.5","Rotation":0,"NAMOBJ":"Dradahblumbang","WADMKC":"Kedungpring","WADMKK":"Lamongan"},"geometry":{"type":"Point","coordinates":[112.18920909,-7.20465252]}},{"type":"Feature","properties":{"Line":"R104","Tr":2887,"X":"631300.5","Y":"9203444.0","Rotation":0,"NAMOBJ":"Dradahblumbang","WADMKC":"Kedungpring","WADMKK":"Lamongan"},"geometry":{"type":"Point","coordinates":[112.18920939,-7.20476557]}},{"type":"Feature","properties":{"Line":"R104","Tr":2888,"X":"631300.5","Y":"9203431.5","Rotation":0,"NAMOBJ":"Dradahblumbang","WADMKC":"Kedungpring","WADMKK":"Lamongan"},"geometry":{"type":"Point","coordinates":[112.18920968,-7.20487862]}},{"type":"Feature","properties":{"Line":"R104","Tr":2889,"X":"631300.5","Y":"9203419.0","Rotation":0,"NAMOBJ":"Dradahblumbang","WADMKC":"Kedungpring","WADMKK":"Lamongan"},"geometry":{"type":"Point","coordinates":[112.18920998,-7.20499167]}},{"type":"Feature","properties":{"Line":"R104","Tr":2890,"X":"631300.5","Y":"9203406.5","Rotation":0,"NAMOBJ":"Dradahblumbang","WADMKC":"Kedungpring","WADMKK":"Lamongan"},"geometry":{"type":"Point","coordinates":[112.18921027,-7.20510472]}},{"type":"Feature","properties":{"Line":"R104","Tr":2891,"X":"631300.5","Y":"9203394.0","Rotation":0,"NAMOBJ":"Dradahblumbang","WADMKC":"Kedungpring","WADMKK":"Lamongan"},"geometry":{"type":"Point","coordinates":[112.18921056,-7.20521776]}},{"type":"Feature","properties":{"Line":"R104","Tr":2892,"X":"631300.5","Y":"9203381.5","Rotation":0,"NAMOBJ":"Dradahblumbang","WADMKC":"Kedungpring","WADMKK":"Lamongan"},"geometry":{"type":"Point","coordinates":[112.18921086,-7.20533081]}},{"type":"Feature","properties":{"Line":"R104","Tr":2893,"X":"631300.5","Y":"9203369.0","Rotation":0,"NAMOBJ":"Dradahblumbang","WADMKC":"Kedungpring","WADMKK":"Lamongan"},"geometry":{"type":"Point","coordinates":[112.18921115,-7.20544386]}},{"type":"Feature","properties":{"Line":"R104","Tr":2894,"X":"631300.5","Y":"9203356.5","Rotation":0,"NAMOBJ":"Dradahblumbang","WADMKC":"Kedungpring","WADMKK":"Lamongan"},"geometry":{"type":"Point","coordinates":[112.18921145,-7.20555691]}},{"type":"Feature","properties":{"Line":"R104","Tr":2895,"X":"631300.5","Y":"9203344.0","Rotation":0,"NAMOBJ":"Dradahblumbang","WADMKC":"Kedungpring","WADMKK":"Lamongan"},"geometry":{"type":"Point","coordinates":[112.18921174,-7.20566996]}},{"type":"Feature","properties":{"Line":"R104","Tr":2896,"X":"631300.5","Y":"9203331.5","Rotation":0,"NAMOBJ":"Dradahblumbang","WADMKC":"Kedungpring","WADMKK":"Lamongan"},"geometry":{"type":"Point","coordinates":[112.18921204,-7.20578301]}},{"type":"Feature","properties":{"Line":"R104","Tr":2897,"X":"631300.5","Y":"9203319.0","Rotation":0,"NAMOBJ":"Dradahblumbang","WADMKC":"Kedungpring","WADMKK":"Lamongan"},"geometry":{"type":"Point","coordinates":[112.18921233,-7.20589606]}},{"type":"Feature","properties":{"Line":"R104","Tr":2898,"X":"631300.5","Y":"9203306.5","Rotation":0,"NAMOBJ":"Dradahblumbang","WADMKC":"Kedungpring","WADMKK":"Lamongan"},"geometry":{"type":"Point","coordinates":[112.18921263,-7.20600911]}},{"type":"Feature","properties":{"Line":"R104","Tr":2899,"X":"631300.5","Y":"9203294.0","Rotation":0,"NAMOBJ":"Dradahblumbang","WADMKC":"Kedungpring","WADMKK":"Lamongan"},"geometry":{"type":"Point","coordinates":[112.18921292,-7.20612216]}},{"type":"Feature","properties":{"Line":"R104","Tr":2900,"X":"631300.5","Y":"9203281.5","Rotation":0,"NAMOBJ":"Dradahblumbang","WADMKC":"Kedungpring","WADMKK":"Lamongan"},"geometry":{"type":"Point","coordinates":[112.18921322,-7.20623521]}},{"type":"Feature","properties":{"Line":"R104","Tr":2901,"X":"631300.5","Y":"9203269.0","Rotation":0,"NAMOBJ":"Dradahblumbang","WADMKC":"Kedungpring","WADMKK":"Lamongan"},"geometry":{"type":"Point","coordinates":[112.18921351,-7.20634826]}},{"type":"Feature","properties":{"Line":"R104","Tr":2902,"X":"631300.5","Y":"9203256.5","Rotation":0,"NAMOBJ":"Dradahblumbang","WADMKC":"Kedungpring","WADMKK":"Lamongan"},"geometry":{"type":"Point","coordinates":[112.18921381,-7.2064613]}},{"type":"Feature","properties":{"Line":"R104","Tr":2903,"X":"631300.5","Y":"9203244.0","Rotation":0,"NAMOBJ":"Dradahblumbang","WADMKC":"Kedungpring","WADMKK":"Lamongan"},"geometry":{"type":"Point","coordinates":[112.1892141,-7.20657435]}},{"type":"Feature","properties":{"Line":"R104","Tr":2904,"X":"631300.5","Y":"9203231.5","Rotation":0,"NAMOBJ":"Dradahblumbang","WADMKC":"Kedungpring","WADMKK":"Lamongan"},"geometry":{"type":"Point","coordinates":[112.1892144,-7.2066874]}},{"type":"Feature","properties":{"Line":"R104","Tr":2905,"X":"631300.5","Y":"9203219.0","Rotation":0,"NAMOBJ":"Dradahblumbang","WADMKC":"Kedungpring","WADMKK":"Lamongan"},"geometry":{"type":"Point","coordinates":[112.18921469,-7.20680045]}},{"type":"Feature","properties":{"Line":"R104","Tr":2906,"X":"631300.5","Y":"9203206.5","Rotation":0,"NAMOBJ":"Dradahblumbang","WADMKC":"Kedungpring","WADMKK":"Lamongan"},"geometry":{"type":"Point","coordinates":[112.18921499,-7.2069135]}},{"type":"Feature","properties":{"Line":"R104","Tr":2907,"X":"631300.5","Y":"9203194.0","Rotation":0,"NAMOBJ":"Dradahblumbang","WADMKC":"Kedungpring","WADMKK":"Lamongan"},"geometry":{"type":"Point","coordinates":[112.18921528,-7.20702655]}},{"type":"Feature","properties":{"Line":"R104","Tr":2908,"X":"631300.5","Y":"9203181.5","Rotation":0,"NAMOBJ":"Dradahblumbang","WADMKC":"Kedungpring","WADMKK":"Lamongan"},"geometry":{"type":"Point","coordinates":[112.18921558,-7.2071396]}},{"type":"Feature","properties":{"Line":"R104","Tr":2909,"X":"631300.5","Y":"9203169.0","Rotation":0,"NAMOBJ":"Dradahblumbang","WADMKC":"Kedungpring","WADMKK":"Lamongan"},"geometry":{"type":"Point","coordinates":[112.18921587,-7.20725265]}},{"type":"Feature","properties":{"Line":"R104","Tr":2910,"X":"631300.5","Y":"9203156.5","Rotation":0,"NAMOBJ":"Dradahblumbang","WADMKC":"Kedungpring","WADMKK":"Lamongan"},"geometry":{"type":"Point","coordinates":[112.18921617,-7.2073657]}},{"type":"Feature","properties":{"Line":"R104","Tr":2911,"X":"631300.5","Y":"9203144.0","Rotation":0,"NAMOBJ":"Dradahblumbang","WADMKC":"Kedungpring","WADMKK":"Lamongan"},"geometry":{"type":"Point","coordinates":[112.18921646,-7.20747875]}},{"type":"Feature","properties":{"Line":"R104","Tr":2912,"X":"631300.5","Y":"9203131.5","Rotation":0,"NAMOBJ":"Dradahblumbang","WADMKC":"Kedungpring","WADMKK":"Lamongan"},"geometry":{"type":"Point","coordinates":[112.18921676,-7.20759179]}},{"type":"Feature","properties":{"Line":"R104","Tr":2913,"X":"631300.5","Y":"9203119.0","Rotation":0,"NAMOBJ":"Dradahblumbang","WADMKC":"Kedungpring","WADMKK":"Lamongan"},"geometry":{"type":"Point","coordinates":[112.18921705,-7.20770484]}},{"type":"Feature","properties":{"Line":"R104","Tr":2914,"X":"631300.5","Y":"9203106.5","Rotation":0,"NAMOBJ":"Dradahblumbang","WADMKC":"Kedungpring","WADMKK":"Lamongan"},"geometry":{"type":"Point","coordinates":[112.18921734,-7.20781789]}},{"type":"Feature","properties":{"Line":"R104","Tr":2915,"X":"631300.5","Y":"9203094.0","Rotation":0,"NAMOBJ":"Dradahblumbang","WADMKC":"Kedungpring","WADMKK":"Lamongan"},"geometry":{"type":"Point","coordinates":[112.18921764,-7.20793094]}},{"type":"Feature","properties":{"Line":"R104","Tr":2916,"X":"631300.5","Y":"9203081.5","Rotation":0,"NAMOBJ":"Dradahblumbang","WADMKC":"Kedungpring","WADMKK":"Lamongan"},"geometry":{"type":"Point","coordinates":[112.18921793,-7.20804399]}},{"type":"Feature","properties":{"Line":"R104","Tr":2917,"X":"631300.5","Y":"9203069.0","Rotation":0,"NAMOBJ":"Dradahblumbang","WADMKC":"Kedungpring","WADMKK":"Lamongan"},"geometry":{"type":"Point","coordinates":[112.18921823,-7.20815704]}},{"type":"Feature","properties":{"Line":"R104","Tr":2918,"X":"631300.5","Y":"9203056.5","Rotation":0,"NAMOBJ":"Dradahblumbang","WADMKC":"Kedungpring","WADMKK":"Lamongan"},"geometry":{"type":"Point","coordinates":[112.18921852,-7.20827009]}},{"type":"Feature","properties":{"Line":"R104","Tr":2919,"X":"631300.5","Y":"9203044.0","Rotation":0,"NAMOBJ":"Dradahblumbang","WADMKC":"Kedungpring","WADMKK":"Lamongan"},"geometry":{"type":"Point","coordinates":[112.18921882,-7.20838314]}},{"type":"Feature","properties":{"Line":"R104","Tr":2920,"X":"631300.5","Y":"9203031.5","Rotation":0,"NAMOBJ":"Dradahblumbang","WADMKC":"Kedungpring","WADMKK":"Lamongan"},"geometry":{"type":"Point","coordinates":[112.18921911,-7.20849619]}},{"type":"Feature","properties":{"Line":"R104","Tr":2921,"X":"631300.5","Y":"9203019.0","Rotation":0,"NAMOBJ":"Dradahblumbang","WADMKC":"Kedungpring","WADMKK":"Lamongan"},"geometry":{"type":"Point","coordinates":[112.18921941,-7.20860924]}},{"type":"Feature","properties":{"Line":"R104","Tr":2922,"X":"631300.5","Y":"9203006.5","Rotation":0,"NAMOBJ":"Dradahblumbang","WADMKC":"Kedungpring","WADMKK":"Lamongan"},"geometry":{"type":"Point","coordinates":[112.1892197,-7.20872228]}},{"type":"Feature","properties":{"Line":"R104","Tr":2923,"X":"631300.5","Y":"9202994.0","Rotation":0,"NAMOBJ":"Dradahblumbang","WADMKC":"Kedungpring","WADMKK":"Lamongan"},"geometry":{"type":"Point","coordinates":[112.18922,-7.20883533]}},{"type":"Feature","properties":{"Line":"R104","Tr":2924,"X":"631300.5","Y":"9202981.5","Rotation":0,"NAMOBJ":"Dradahblumbang","WADMKC":"Kedungpring","WADMKK":"Lamongan"},"geometry":{"type":"Point","coordinates":[112.18922029,-7.20894838]}},{"type":"Feature","properties":{"Line":"R104","Tr":2925,"X":"631300.5","Y":"9202969.0","Rotation":0,"NAMOBJ":"Dradahblumbang","WADMKC":"Kedungpring","WADMKK":"Lamongan"},"geometry":{"type":"Point","coordinates":[112.18922059,-7.20906143]}},{"type":"Feature","properties":{"Line":"R104","Tr":2926,"X":"631300.5","Y":"9202956.5","Rotation":0,"NAMOBJ":"Dradahblumbang","WADMKC":"Kedungpring","WADMKK":"Lamongan"},"geometry":{"type":"Point","coordinates":[112.18922088,-7.20917448]}},{"type":"Feature","properties":{"Line":"R104","Tr":2927,"X":"631300.5","Y":"9202944.0","Rotation":0,"NAMOBJ":"Dradahblumbang","WADMKC":"Kedungpring","WADMKK":"Lamongan"},"geometry":{"type":"Point","coordinates":[112.18922118,-7.20928753]}},{"type":"Feature","properties":{"Line":"R104","Tr":2928,"X":"631300.5","Y":"9202931.5","Rotation":0,"NAMOBJ":"Dradahblumbang","WADMKC":"Kedungpring","WADMKK":"Lamongan"},"geometry":{"type":"Point","coordinates":[112.18922147,-7.20940058]}},{"type":"Feature","properties":{"Line":"R104","Tr":2929,"X":"631300.5","Y":"9202919.0","Rotation":0,"NAMOBJ":"Dradahblumbang","WADMKC":"Kedungpring","WADMKK":"Lamongan"},"geometry":{"type":"Point","coordinates":[112.18922177,-7.20951363]}},{"type":"Feature","properties":{"Line":"R104","Tr":2930,"X":"631300.5","Y":"9202906.5","Rotation":0,"NAMOBJ":"Dradahblumbang","WADMKC":"Kedungpring","WADMKK":"Lamongan"},"geometry":{"type":"Point","coordinates":[112.18922206,-7.20962668]}},{"type":"Feature","properties":{"Line":"R104","Tr":2931,"X":"631300.5","Y":"9202894.0","Rotation":0,"NAMOBJ":"Dradahblumbang","WADMKC":"Kedungpring","WADMKK":"Lamongan"},"geometry":{"type":"Point","coordinates":[112.18922236,-7.20973973]}},{"type":"Feature","properties":{"Line":"R104","Tr":2932,"X":"631300.5","Y":"9202881.5","Rotation":0,"NAMOBJ":"Dradahblumbang","WADMKC":"Kedungpring","WADMKK":"Lamongan"},"geometry":{"type":"Point","coordinates":[112.18922265,-7.20985277]}},{"type":"Feature","properties":{"Line":"R104","Tr":2933,"X":"631300.5","Y":"9202869.0","Rotation":0,"NAMOBJ":"Dradahblumbang","WADMKC":"Kedungpring","WADMKK":"Lamongan"},"geometry":{"type":"Point","coordinates":[112.18922295,-7.20996582]}},{"type":"Feature","properties":{"Line":"R104","Tr":2934,"X":"631300.5","Y":"9202856.5","Rotation":0,"NAMOBJ":"Dradahblumbang","WADMKC":"Kedungpring","WADMKK":"Lamongan"},"geometry":{"type":"Point","coordinates":[112.18922324,-7.21007887]}},{"type":"Feature","properties":{"Line":"R104","Tr":2935,"X":"631300.5","Y":"9202844.0","Rotation":0,"NAMOBJ":"Dradahblumbang","WADMKC":"Kedungpring","WADMKK":"Lamongan"},"geometry":{"type":"Point","coordinates":[112.18922354,-7.21019192]}},{"type":"Feature","properties":{"Line":"R104","Tr":2936,"X":"631300.5","Y":"9202831.5","Rotation":0,"NAMOBJ":"Dradahblumbang","WADMKC":"Kedungpring","WADMKK":"Lamongan"},"geometry":{"type":"Point","coordinates":[112.18922383,-7.21030497]}},{"type":"Feature","properties":{"Line":"R104","Tr":2937,"X":"631300.5","Y":"9202819.0","Rotation":0,"NAMOBJ":"Dradahblumbang","WADMKC":"Kedungpring","WADMKK":"Lamongan"},"geometry":{"type":"Point","coordinates":[112.18922413,-7.21041802]}},{"type":"Feature","properties":{"Line":"R104","Tr":2938,"X":"631300.5","Y":"9202806.5","Rotation":0,"NAMOBJ":"Dradahblumbang","WADMKC":"Kedungpring","WADMKK":"Lamongan"},"geometry":{"type":"Point","coordinates":[112.18922442,-7.21053107]}},{"type":"Feature","properties":{"Line":"R104","Tr":2939,"X":"631300.5","Y":"9202794.0","Rotation":0,"NAMOBJ":"Dradahblumbang","WADMKC":"Kedungpring","WADMKK":"Lamongan"},"geometry":{"type":"Point","coordinates":[112.18922472,-7.21064412]}},{"type":"Feature","properties":{"Line":"R104","Tr":2940,"X":"631300.5","Y":"9202781.5","Rotation":0,"NAMOBJ":"Dradahblumbang","WADMKC":"Kedungpring","WADMKK":"Lamongan"},"geometry":{"type":"Point","coordinates":[112.18922501,-7.21075717]}},{"type":"Feature","properties":{"Line":"R104","Tr":2941,"X":"631300.5","Y":"9202769.0","Rotation":0,"NAMOBJ":"Dradahblumbang","WADMKC":"Kedungpring","WADMKK":"Lamongan"},"geometry":{"type":"Point","coordinates":[112.18922531,-7.21087022]}},{"type":"Feature","properties":{"Line":"R104","Tr":2942,"X":"631300.5","Y":"9202756.5","Rotation":0,"NAMOBJ":"Dradahblumbang","WADMKC":"Kedungpring","WADMKK":"Lamongan"},"geometry":{"type":"Point","coordinates":[112.1892256,-7.21098327]}},{"type":"Feature","properties":{"Line":"R104","Tr":2943,"X":"631300.5","Y":"9202744.0","Rotation":0,"NAMOBJ":"Dradahblumbang","WADMKC":"Kedungpring","WADMKK":"Lamongan"},"geometry":{"type":"Point","coordinates":[112.1892259,-7.21109631]}},{"type":"Feature","properties":{"Line":"R104","Tr":2944,"X":"631300.5","Y":"9202731.5","Rotation":0,"NAMOBJ":"Dradahblumbang","WADMKC":"Kedungpring","WADMKK":"Lamongan"},"geometry":{"type":"Point","coordinates":[112.18922619,-7.21120936]}},{"type":"Feature","properties":{"Line":"R104","Tr":2945,"X":"631300.5","Y":"9202719.0","Rotation":0,"NAMOBJ":"Dradahblumbang","WADMKC":"Kedungpring","WADMKK":"Lamongan"},"geometry":{"type":"Point","coordinates":[112.18922649,-7.21132241]}},{"type":"Feature","properties":{"Line":"R104","Tr":2946,"X":"631300.5","Y":"9202706.5","Rotation":0,"NAMOBJ":"Dradahblumbang","WADMKC":"Kedungpring","WADMKK":"Lamongan"},"geometry":{"type":"Point","coordinates":[112.18922678,-7.21143546]}},{"type":"Feature","properties":{"Line":"R104","Tr":2947,"X":"631300.5","Y":"9202694.0","Rotation":0,"NAMOBJ":"Dradahblumbang","WADMKC":"Kedungpring","WADMKK":"Lamongan"},"geometry":{"type":"Point","coordinates":[112.18922708,-7.21154851]}},{"type":"Feature","properties":{"Line":"R104","Tr":2948,"X":"631300.5","Y":"9202681.5","Rotation":0,"NAMOBJ":"Dradahblumbang","WADMKC":"Kedungpring","WADMKK":"Lamongan"},"geometry":{"type":"Point","coordinates":[112.18922737,-7.21166156]}},{"type":"Feature","properties":{"Line":"R104","Tr":2949,"X":"631300.5","Y":"9202669.0","Rotation":0,"NAMOBJ":"Dradahblumbang","WADMKC":"Kedungpring","WADMKK":"Lamongan"},"geometry":{"type":"Point","coordinates":[112.18922767,-7.21177461]}},{"type":"Feature","properties":{"Line":"R104","Tr":2950,"X":"631300.5","Y":"9202656.5","Rotation":0,"NAMOBJ":"Dradahblumbang","WADMKC":"Kedungpring","WADMKK":"Lamongan"},"geometry":{"type":"Point","coordinates":[112.18922796,-7.21188766]}},{"type":"Feature","properties":{"Line":"R104","Tr":2951,"X":"631300.5","Y":"9202644.0","Rotation":0,"NAMOBJ":"Dradahblumbang","WADMKC":"Kedungpring","WADMKK":"Lamongan"},"geometry":{"type":"Point","coordinates":[112.18922826,-7.21200071]}},{"type":"Feature","properties":{"Line":"R104","Tr":2952,"X":"631300.5","Y":"9202631.5","Rotation":0,"NAMOBJ":"Dradahblumbang","WADMKC":"Kedungpring","WADMKK":"Lamongan"},"geometry":{"type":"Point","coordinates":[112.18922855,-7.21211376]}},{"type":"Feature","properties":{"Line":"R104","Tr":2953,"X":"631300.5","Y":"9202619.0","Rotation":0,"NAMOBJ":"Dradahblumbang","WADMKC":"Kedungpring","WADMKK":"Lamongan"},"geometry":{"type":"Point","coordinates":[112.18922885,-7.2122268]}},{"type":"Feature","properties":{"Line":"R104","Tr":2954,"X":"631300.5","Y":"9202606.5","Rotation":0,"NAMOBJ":"Dradahblumbang","WADMKC":"Kedungpring","WADMKK":"Lamongan"},"geometry":{"type":"Point","coordinates":[112.18922914,-7.21233985]}},{"type":"Feature","properties":{"Line":"R104","Tr":2955,"X":"631300.5","Y":"9202594.0","Rotation":0,"NAMOBJ":"Dradahblumbang","WADMKC":"Kedungpring","WADMKK":"Lamongan"},"geometry":{"type":"Point","coordinates":[112.18922944,-7.2124529]}},{"type":"Feature","properties":{"Line":"R104","Tr":2956,"X":"631300.5","Y":"9202581.5","Rotation":0,"NAMOBJ":"Dradahblumbang","WADMKC":"Kedungpring","WADMKK":"Lamongan"},"geometry":{"type":"Point","coordinates":[112.18922973,-7.21256595]}},{"type":"Feature","properties":{"Line":"R104","Tr":2957,"X":"631300.5","Y":"9202569.0","Rotation":0,"NAMOBJ":"Dradahblumbang","WADMKC":"Kedungpring","WADMKK":"Lamongan"},"geometry":{"type":"Point","coordinates":[112.18923003,-7.212679]}},{"type":"Feature","properties":{"Line":"R104","Tr":2958,"X":"631300.5","Y":"9202556.5","Rotation":0,"NAMOBJ":"Dradahblumbang","WADMKC":"Kedungpring","WADMKK":"Lamongan"},"geometry":{"type":"Point","coordinates":[112.18923032,-7.21279205]}},{"type":"Feature","properties":{"Line":"R104","Tr":2959,"X":"631300.5","Y":"9202544.0","Rotation":0,"NAMOBJ":"Dradahblumbang","WADMKC":"Kedungpring","WADMKK":"Lamongan"},"geometry":{"type":"Point","coordinates":[112.18923062,-7.2129051]}},{"type":"Feature","properties":{"Line":"R104","Tr":2960,"X":"631300.5","Y":"9202531.5","Rotation":0,"NAMOBJ":"Dradahblumbang","WADMKC":"Kedungpring","WADMKK":"Lamongan"},"geometry":{"type":"Point","coordinates":[112.18923091,-7.21301815]}},{"type":"Feature","properties":{"Line":"R104","Tr":2961,"X":"631300.5","Y":"9202519.0","Rotation":0,"NAMOBJ":"Dradahblumbang","WADMKC":"Kedungpring","WADMKK":"Lamongan"},"geometry":{"type":"Point","coordinates":[112.18923121,-7.2131312]}},{"type":"Feature","properties":{"Line":"R104","Tr":2962,"X":"631300.5","Y":"9202506.5","Rotation":0,"NAMOBJ":"Dradahblumbang","WADMKC":"Kedungpring","WADMKK":"Lamongan"},"geometry":{"type":"Point","coordinates":[112.1892315,-7.21324425]}},{"type":"Feature","properties":{"Line":"R104","Tr":2963,"X":"631300.5","Y":"9202494.0","Rotation":0,"NAMOBJ":"Dradahblumbang","WADMKC":"Kedungpring","WADMKK":"Lamongan"},"geometry":{"type":"Point","coordinates":[112.1892318,-7.21335729]}},{"type":"Feature","properties":{"Line":"R104","Tr":2964,"X":"631300.5","Y":"9202481.5","Rotation":0,"NAMOBJ":"Dradahblumbang","WADMKC":"Kedungpring","WADMKK":"Lamongan"},"geometry":{"type":"Point","coordinates":[112.18923209,-7.21347034]}},{"type":"Feature","properties":{"Line":"R104","Tr":2965,"X":"631300.5","Y":"9202469.0","Rotation":0,"NAMOBJ":"Dradahblumbang","WADMKC":"Kedungpring","WADMKK":"Lamongan"},"geometry":{"type":"Point","coordinates":[112.18923239,-7.21358339]}},{"type":"Feature","properties":{"Line":"R104","Tr":2966,"X":"631300.5","Y":"9202456.5","Rotation":0,"NAMOBJ":"Dradahblumbang","WADMKC":"Kedungpring","WADMKK":"Lamongan"},"geometry":{"type":"Point","coordinates":[112.18923268,-7.21369644]}},{"type":"Feature","properties":{"Line":"R104","Tr":2967,"X":"631300.5","Y":"9202444.0","Rotation":0,"NAMOBJ":"Dradahblumbang","WADMKC":"Kedungpring","WADMKK":"Lamongan"},"geometry":{"type":"Point","coordinates":[112.18923298,-7.21380949]}},{"type":"Feature","properties":{"Line":"R104","Tr":2968,"X":"631300.5","Y":"9202431.5","Rotation":0,"NAMOBJ":"Dradahblumbang","WADMKC":"Kedungpring","WADMKK":"Lamongan"},"geometry":{"type":"Point","coordinates":[112.18923327,-7.21392254]}},{"type":"Feature","properties":{"Line":"R104","Tr":2969,"X":"631300.5","Y":"9202419.0","Rotation":0,"NAMOBJ":"Dradahblumbang","WADMKC":"Kedungpring","WADMKK":"Lamongan"},"geometry":{"type":"Point","coordinates":[112.18923357,-7.21403559]}},{"type":"Feature","properties":{"Line":"R104","Tr":2970,"X":"631300.5","Y":"9202406.5","Rotation":0,"NAMOBJ":"Dradahblumbang","WADMKC":"Kedungpring","WADMKK":"Lamongan"},"geometry":{"type":"Point","coordinates":[112.18923386,-7.21414864]}},{"type":"Feature","properties":{"Line":"R104","Tr":2971,"X":"631300.5","Y":"9202394.0","Rotation":0,"NAMOBJ":"Dradahblumbang","WADMKC":"Kedungpring","WADMKK":"Lamongan"},"geometry":{"type":"Point","coordinates":[112.18923416,-7.21426169]}},{"type":"Feature","properties":{"Line":"R104","Tr":2972,"X":"631300.5","Y":"9202381.5","Rotation":0,"NAMOBJ":"Dradahblumbang","WADMKC":"Kedungpring","WADMKK":"Lamongan"},"geometry":{"type":"Point","coordinates":[112.18923445,-7.21437474]}},{"type":"Feature","properties":{"Line":"R104","Tr":2973,"X":"631300.5","Y":"9202369.0","Rotation":0,"NAMOBJ":"Dradahblumbang","WADMKC":"Kedungpring","WADMKK":"Lamongan"},"geometry":{"type":"Point","coordinates":[112.18923475,-7.21448778]}},{"type":"Feature","properties":{"Line":"R104","Tr":2974,"X":"631300.5","Y":"9202356.5","Rotation":0,"NAMOBJ":"Dradahblumbang","WADMKC":"Kedungpring","WADMKK":"Lamongan"},"geometry":{"type":"Point","coordinates":[112.18923504,-7.21460083]}},{"type":"Feature","properties":{"Line":"R104","Tr":2975,"X":"631300.5","Y":"9202344.0","Rotation":0,"NAMOBJ":"Dradahblumbang","WADMKC":"Kedungpring","WADMKK":"Lamongan"},"geometry":{"type":"Point","coordinates":[112.18923534,-7.21471388]}},{"type":"Feature","properties":{"Line":"R104","Tr":2976,"X":"631300.5","Y":"9202331.5","Rotation":0,"NAMOBJ":"Dradahblumbang","WADMKC":"Kedungpring","WADMKK":"Lamongan"},"geometry":{"type":"Point","coordinates":[112.18923563,-7.21482693]}},{"type":"Feature","properties":{"Line":"R104","Tr":2977,"X":"631300.5","Y":"9202319.0","Rotation":0,"NAMOBJ":"Dradahblumbang","WADMKC":"Kedungpring","WADMKK":"Lamongan"},"geometry":{"type":"Point","coordinates":[112.18923593,-7.21493998]}},{"type":"Feature","properties":{"Line":"R104","Tr":2978,"X":"631300.5","Y":"9202306.5","Rotation":0,"NAMOBJ":"Dradahblumbang","WADMKC":"Kedungpring","WADMKK":"Lamongan"},"geometry":{"type":"Point","coordinates":[112.18923622,-7.21505303]}},{"type":"Feature","properties":{"Line":"R104","Tr":2979,"X":"631300.5","Y":"9202294.0","Rotation":0,"NAMOBJ":"Dradahblumbang","WADMKC":"Kedungpring","WADMKK":"Lamongan"},"geometry":{"type":"Point","coordinates":[112.18923652,-7.21516608]}},{"type":"Feature","properties":{"Line":"R104","Tr":2980,"X":"631300.5","Y":"9202281.5","Rotation":0,"NAMOBJ":"Dradahblumbang","WADMKC":"Kedungpring","WADMKK":"Lamongan"},"geometry":{"type":"Point","coordinates":[112.18923681,-7.21527913]}},{"type":"Feature","properties":{"Line":"R104","Tr":2981,"X":"631300.5","Y":"9202269.0","Rotation":0,"NAMOBJ":"Dradahblumbang","WADMKC":"Kedungpring","WADMKK":"Lamongan"},"geometry":{"type":"Point","coordinates":[112.18923711,-7.21539218]}},{"type":"Feature","properties":{"Line":"R104","Tr":2982,"X":"631300.5","Y":"9202256.5","Rotation":0,"NAMOBJ":"Dradahblumbang","WADMKC":"Kedungpring","WADMKK":"Lamongan"},"geometry":{"type":"Point","coordinates":[112.1892374,-7.21550523]}},{"type":"Feature","properties":{"Line":"R104","Tr":2983,"X":"631300.5","Y":"9202244.0","Rotation":0,"NAMOBJ":"Dradahblumbang","WADMKC":"Kedungpring","WADMKK":"Lamongan"},"geometry":{"type":"Point","coordinates":[112.1892377,-7.21561827]}},{"type":"Feature","properties":{"Line":"R104","Tr":2984,"X":"631300.5","Y":"9202231.5","Rotation":0,"NAMOBJ":"Dradahblumbang","WADMKC":"Kedungpring","WADMKK":"Lamongan"},"geometry":{"type":"Point","coordinates":[112.18923799,-7.21573132]}},{"type":"Feature","properties":{"Line":"R104","Tr":2985,"X":"631300.5","Y":"9202219.0","Rotation":0,"NAMOBJ":"Dradahblumbang","WADMKC":"Kedungpring","WADMKK":"Lamongan"},"geometry":{"type":"Point","coordinates":[112.18923829,-7.21584437]}},{"type":"Feature","properties":{"Line":"R104","Tr":2986,"X":"631300.5","Y":"9202206.5","Rotation":0,"NAMOBJ":"Dradahblumbang","WADMKC":"Kedungpring","WADMKK":"Lamongan"},"geometry":{"type":"Point","coordinates":[112.18923859,-7.21595742]}},{"type":"Feature","properties":{"Line":"R104","Tr":2987,"X":"631300.5","Y":"9202194.0","Rotation":0,"NAMOBJ":"Dradahblumbang","WADMKC":"Kedungpring","WADMKK":"Lamongan"},"geometry":{"type":"Point","coordinates":[112.18923888,-7.21607047]}},{"type":"Feature","properties":{"Line":"R104","Tr":2988,"X":"631300.5","Y":"9202181.5","Rotation":0,"NAMOBJ":"Dradahblumbang","WADMKC":"Kedungpring","WADMKK":"Lamongan"},"geometry":{"type":"Point","coordinates":[112.18923918,-7.21618352]}},{"type":"Feature","properties":{"Line":"R104","Tr":2989,"X":"631300.5","Y":"9202169.0","Rotation":0,"NAMOBJ":"Dradahblumbang","WADMKC":"Kedungpring","WADMKK":"Lamongan"},"geometry":{"type":"Point","coordinates":[112.18923947,-7.21629657]}},{"type":"Feature","properties":{"Line":"R104","Tr":2990,"X":"631300.5","Y":"9202156.5","Rotation":0,"NAMOBJ":"Dradahblumbang","WADMKC":"Kedungpring","WADMKK":"Lamongan"},"geometry":{"type":"Point","coordinates":[112.18923977,-7.21640962]}},{"type":"Feature","properties":{"Line":"R104","Tr":2991,"X":"631300.5","Y":"9202144.0","Rotation":0,"NAMOBJ":"Dradahblumbang","WADMKC":"Kedungpring","WADMKK":"Lamongan"},"geometry":{"type":"Point","coordinates":[112.18924006,-7.21652267]}},{"type":"Feature","properties":{"Line":"R104","Tr":2992,"X":"631300.5","Y":"9202131.5","Rotation":0,"NAMOBJ":"Dradahblumbang","WADMKC":"Kedungpring","WADMKK":"Lamongan"},"geometry":{"type":"Point","coordinates":[112.18924036,-7.21663572]}},{"type":"Feature","properties":{"Line":"R104","Tr":2993,"X":"631300.5","Y":"9202119.0","Rotation":0,"NAMOBJ":"Dradahblumbang","WADMKC":"Kedungpring","WADMKK":"Lamongan"},"geometry":{"type":"Point","coordinates":[112.18924065,-7.21674876]}},{"type":"Feature","properties":{"Line":"R104","Tr":2994,"X":"631300.5","Y":"9202106.5","Rotation":0,"NAMOBJ":"Dradahblumbang","WADMKC":"Kedungpring","WADMKK":"Lamongan"},"geometry":{"type":"Point","coordinates":[112.18924095,-7.21686181]}},{"type":"Feature","properties":{"Line":"R104","Tr":2995,"X":"631300.5","Y":"9202094.0","Rotation":0,"NAMOBJ":"Dradahblumbang","WADMKC":"Kedungpring","WADMKK":"Lamongan"},"geometry":{"type":"Point","coordinates":[112.18924124,-7.21697486]}},{"type":"Feature","properties":{"Line":"R104","Tr":2996,"X":"631300.5","Y":"9202081.5","Rotation":0,"NAMOBJ":"Dradahblumbang","WADMKC":"Kedungpring","WADMKK":"Lamongan"},"geometry":{"type":"Point","coordinates":[112.18924154,-7.21708791]}},{"type":"Feature","properties":{"Line":"R104","Tr":2997,"X":"631300.5","Y":"9202069.0","Rotation":0,"NAMOBJ":"Dradahblumbang","WADMKC":"Kedungpring","WADMKK":"Lamongan"},"geometry":{"type":"Point","coordinates":[112.18924183,-7.21720096]}},{"type":"Feature","properties":{"Line":"R104","Tr":2998,"X":"631300.5","Y":"9202056.5","Rotation":0,"NAMOBJ":"Dradahblumbang","WADMKC":"Kedungpring","WADMKK":"Lamongan"},"geometry":{"type":"Point","coordinates":[112.18924213,-7.21731401]}},{"type":"Feature","properties":{"Line":"R104","Tr":2999,"X":"631300.5","Y":"9202044.0","Rotation":0,"NAMOBJ":"Dradahblumbang","WADMKC":"Kedungpring","WADMKK":"Lamongan"},"geometry":{"type":"Point","coordinates":[112.18924242,-7.21742706]}},{"type":"Feature","properties":{"Line":"R104","Tr":3000,"X":"631300.5","Y":"9202031.5","Rotation":0,"NAMOBJ":"Dradahblumbang","WADMKC":"Kedungpring","WADMKK":"Lamongan"},"geometry":{"type":"Point","coordinates":[112.18924272,-7.21754011]}},{"type":"Feature","properties":{"Line":"R104","Tr":3001,"X":"631300.5","Y":"9202019.0","Rotation":0,"NAMOBJ":"Dradahblumbang","WADMKC":"Kedungpring","WADMKK":"Lamongan"},"geometry":{"type":"Point","coordinates":[112.18924301,-7.21765316]}},{"type":"Feature","properties":{"Line":"R104","Tr":3002,"X":"631300.5","Y":"9202006.5","Rotation":0,"NAMOBJ":"Dradahblumbang","WADMKC":"Kedungpring","WADMKK":"Lamongan"},"geometry":{"type":"Point","coordinates":[112.18924331,-7.2177662]}},{"type":"Feature","properties":{"Line":"R104","Tr":3003,"X":"631300.5","Y":"9201994.0","Rotation":0,"NAMOBJ":"Dradahblumbang","WADMKC":"Kedungpring","WADMKK":"Lamongan"},"geometry":{"type":"Point","coordinates":[112.1892436,-7.21787925]}},{"type":"Feature","properties":{"Line":"R104","Tr":3004,"X":"631300.5","Y":"9201981.5","Rotation":0,"NAMOBJ":"Dradahblumbang","WADMKC":"Kedungpring","WADMKK":"Lamongan"},"geometry":{"type":"Point","coordinates":[112.1892439,-7.2179923]}},{"type":"Feature","properties":{"Line":"R104","Tr":3005,"X":"631300.5","Y":"9201969.0","Rotation":0,"NAMOBJ":"Dradahblumbang","WADMKC":"Kedungpring","WADMKK":"Lamongan"},"geometry":{"type":"Point","coordinates":[112.18924419,-7.21810535]}},{"type":"Feature","properties":{"Line":"R104","Tr":3006,"X":"631300.5","Y":"9201956.5","Rotation":0,"NAMOBJ":"Dradahblumbang","WADMKC":"Kedungpring","WADMKK":"Lamongan"},"geometry":{"type":"Point","coordinates":[112.18924449,-7.2182184]}},{"type":"Feature","properties":{"Line":"R104","Tr":3007,"X":"631300.5","Y":"9201944.0","Rotation":0,"NAMOBJ":"Dradahblumbang","WADMKC":"Kedungpring","WADMKK":"Lamongan"},"geometry":{"type":"Point","coordinates":[112.18924478,-7.21833145]}},{"type":"Feature","properties":{"Line":"R104","Tr":3008,"X":"631300.5","Y":"9201931.5","Rotation":0,"NAMOBJ":"Dradahblumbang","WADMKC":"Kedungpring","WADMKK":"Lamongan"},"geometry":{"type":"Point","coordinates":[112.18924508,-7.2184445]}},{"type":"Feature","properties":{"Line":"R104","Tr":3009,"X":"631300.5","Y":"9201919.0","Rotation":0,"NAMOBJ":"Dradahblumbang","WADMKC":"Kedungpring","WADMKK":"Lamongan"},"geometry":{"type":"Point","coordinates":[112.18924538,-7.21855755]}},{"type":"Feature","properties":{"Line":"R104","Tr":3010,"X":"631300.5","Y":"9201906.5","Rotation":0,"NAMOBJ":"Dradahblumbang","WADMKC":"Kedungpring","WADMKK":"Lamongan"},"geometry":{"type":"Point","coordinates":[112.18924567,-7.2186706]}},{"type":"Feature","properties":{"Line":"R104","Tr":3011,"X":"631300.5","Y":"9201894.0","Rotation":0,"NAMOBJ":"Dradahblumbang","WADMKC":"Kedungpring","WADMKK":"Lamongan"},"geometry":{"type":"Point","coordinates":[112.18924597,-7.21878365]}},{"type":"Feature","properties":{"Line":"R104","Tr":3012,"X":"631300.5","Y":"9201881.5","Rotation":0,"NAMOBJ":"Dradahblumbang","WADMKC":"Kedungpring","WADMKK":"Lamongan"},"geometry":{"type":"Point","coordinates":[112.18924626,-7.21889669]}},{"type":"Feature","properties":{"Line":"R104","Tr":3013,"X":"631300.5","Y":"9201869.0","Rotation":0,"NAMOBJ":"Dradahblumbang","WADMKC":"Kedungpring","WADMKK":"Lamongan"},"geometry":{"type":"Point","coordinates":[112.18924656,-7.21900974]}},{"type":"Feature","properties":{"Line":"R104","Tr":3014,"X":"631300.5","Y":"9201856.5","Rotation":0,"NAMOBJ":"Dradahblumbang","WADMKC":"Kedungpring","WADMKK":"Lamongan"},"geometry":{"type":"Point","coordinates":[112.18924685,-7.21912279]}},{"type":"Feature","properties":{"Line":"R104","Tr":3015,"X":"631300.5","Y":"9201844.0","Rotation":0,"NAMOBJ":"Dradahblumbang","WADMKC":"Kedungpring","WADMKK":"Lamongan"},"geometry":{"type":"Point","coordinates":[112.18924715,-7.21923584]}},{"type":"Feature","properties":{"Line":"R104","Tr":3016,"X":"631300.5","Y":"9201831.5","Rotation":0,"NAMOBJ":"Dradahblumbang","WADMKC":"Kedungpring","WADMKK":"Lamongan"},"geometry":{"type":"Point","coordinates":[112.18924744,-7.21934889]}},{"type":"Feature","properties":{"Line":"R104","Tr":3017,"X":"631300.5","Y":"9201819.0","Rotation":0,"NAMOBJ":"Dradahblumbang","WADMKC":"Kedungpring","WADMKK":"Lamongan"},"geometry":{"type":"Point","coordinates":[112.18924774,-7.21946194]}},{"type":"Feature","properties":{"Line":"R104","Tr":3018,"X":"631300.5","Y":"9201806.5","Rotation":0,"NAMOBJ":"Dradahblumbang","WADMKC":"Kedungpring","WADMKK":"Lamongan"},"geometry":{"type":"Point","coordinates":[112.18924803,-7.21957499]}},{"type":"Feature","properties":{"Line":"R104","Tr":3019,"X":"631300.5","Y":"9201794.0","Rotation":0,"NAMOBJ":"Dradahblumbang","WADMKC":"Kedungpring","WADMKK":"Lamongan"},"geometry":{"type":"Point","coordinates":[112.18924833,-7.21968804]}},{"type":"Feature","properties":{"Line":"R104","Tr":3020,"X":"631300.5","Y":"9201781.5","Rotation":0,"NAMOBJ":"Dradahblumbang","WADMKC":"Kedungpring","WADMKK":"Lamongan"},"geometry":{"type":"Point","coordinates":[112.18924862,-7.21980109]}},{"type":"Feature","properties":{"Line":"R104","Tr":3021,"X":"631300.5","Y":"9201769.0","Rotation":0,"NAMOBJ":"Dradahblumbang","WADMKC":"Kedungpring","WADMKK":"Lamongan"},"geometry":{"type":"Point","coordinates":[112.18924892,-7.21991414]}},{"type":"Feature","properties":{"Line":"R104","Tr":3022,"X":"631300.5","Y":"9201756.5","Rotation":0,"NAMOBJ":"Dradahblumbang","WADMKC":"Kedungpring","WADMKK":"Lamongan"},"geometry":{"type":"Point","coordinates":[112.18924921,-7.22002718]}},{"type":"Feature","properties":{"Line":"R104","Tr":3023,"X":"631300.5","Y":"9201744.0","Rotation":0,"NAMOBJ":"Dradahblumbang","WADMKC":"Kedungpring","WADMKK":"Lamongan"},"geometry":{"type":"Point","coordinates":[112.18924951,-7.22014023]}},{"type":"Feature","properties":{"Line":"R104","Tr":3024,"X":"631300.5","Y":"9201731.5","Rotation":0,"NAMOBJ":"Dradahblumbang","WADMKC":"Kedungpring","WADMKK":"Lamongan"},"geometry":{"type":"Point","coordinates":[112.18924981,-7.22025328]}},{"type":"Feature","properties":{"Line":"R104","Tr":3025,"X":"631300.5","Y":"9201719.0","Rotation":0,"NAMOBJ":"Dradahblumbang","WADMKC":"Kedungpring","WADMKK":"Lamongan"},"geometry":{"type":"Point","coordinates":[112.1892501,-7.22036633]}},{"type":"Feature","properties":{"Line":"R104","Tr":3026,"X":"631300.5","Y":"9201706.5","Rotation":0,"NAMOBJ":"Dradahblumbang","WADMKC":"Kedungpring","WADMKK":"Lamongan"},"geometry":{"type":"Point","coordinates":[112.1892504,-7.22047938]}},{"type":"Feature","properties":{"Line":"R104","Tr":3027,"X":"631300.5","Y":"9201694.0","Rotation":0,"NAMOBJ":"Dradahblumbang","WADMKC":"Kedungpring","WADMKK":"Lamongan"},"geometry":{"type":"Point","coordinates":[112.18925069,-7.22059243]}},{"type":"Feature","properties":{"Line":"R104","Tr":3028,"X":"631300.5","Y":"9201681.5","Rotation":0,"NAMOBJ":"Dradahblumbang","WADMKC":"Kedungpring","WADMKK":"Lamongan"},"geometry":{"type":"Point","coordinates":[112.18925099,-7.22070548]}},{"type":"Feature","properties":{"Line":"R104","Tr":3029,"X":"631300.5","Y":"9201669.0","Rotation":0,"NAMOBJ":"Dradahblumbang","WADMKC":"Kedungpring","WADMKK":"Lamongan"},"geometry":{"type":"Point","coordinates":[112.18925128,-7.22081853]}},{"type":"Feature","properties":{"Line":"R104","Tr":3030,"X":"631300.5","Y":"9201656.5","Rotation":0,"NAMOBJ":"Dradahblumbang","WADMKC":"Kedungpring","WADMKK":"Lamongan"},"geometry":{"type":"Point","coordinates":[112.18925158,-7.22093158]}},{"type":"Feature","properties":{"Line":"R104","Tr":3031,"X":"631300.5","Y":"9201644.0","Rotation":0,"NAMOBJ":"Dradahblumbang","WADMKC":"Kedungpring","WADMKK":"Lamongan"},"geometry":{"type":"Point","coordinates":[112.18925187,-7.22104463]}},{"type":"Feature","properties":{"Line":"R104","Tr":3032,"X":"631300.5","Y":"9201631.5","Rotation":0,"NAMOBJ":"Dradahblumbang","WADMKC":"Kedungpring","WADMKK":"Lamongan"},"geometry":{"type":"Point","coordinates":[112.18925217,-7.22115767]}},{"type":"Feature","properties":{"Line":"R104","Tr":3033,"X":"631300.5","Y":"9201619.0","Rotation":0,"NAMOBJ":"Dradahblumbang","WADMKC":"Kedungpring","WADMKK":"Lamongan"},"geometry":{"type":"Point","coordinates":[112.18925246,-7.22127072]}},{"type":"Feature","properties":{"Line":"R104","Tr":3034,"X":"631300.5","Y":"9201606.5","Rotation":0,"NAMOBJ":"Dradahblumbang","WADMKC":"Kedungpring","WADMKK":"Lamongan"},"geometry":{"type":"Point","coordinates":[112.18925276,-7.22138377]}},{"type":"Feature","properties":{"Line":"R104","Tr":3035,"X":"631300.5","Y":"9201594.0","Rotation":0,"NAMOBJ":"Dradahblumbang","WADMKC":"Kedungpring","WADMKK":"Lamongan"},"geometry":{"type":"Point","coordinates":[112.18925305,-7.22149682]}},{"type":"Feature","properties":{"Line":"R104","Tr":3036,"X":"631300.5","Y":"9201581.5","Rotation":0,"NAMOBJ":"Dradahblumbang","WADMKC":"Kedungpring","WADMKK":"Lamongan"},"geometry":{"type":"Point","coordinates":[112.18925335,-7.22160987]}},{"type":"Feature","properties":{"Line":"R104","Tr":3037,"X":"631300.5","Y":"9201569.0","Rotation":0,"NAMOBJ":"Dradahblumbang","WADMKC":"Kedungpring","WADMKK":"Lamongan"},"geometry":{"type":"Point","coordinates":[112.18925365,-7.22172292]}},{"type":"Feature","properties":{"Line":"R104","Tr":3038,"X":"631300.5","Y":"9201556.5","Rotation":0,"NAMOBJ":"Dradahblumbang","WADMKC":"Kedungpring","WADMKK":"Lamongan"},"geometry":{"type":"Point","coordinates":[112.18925394,-7.22183597]}},{"type":"Feature","properties":{"Line":"R104","Tr":3039,"X":"631300.5","Y":"9201544.0","Rotation":0,"NAMOBJ":"Dradahblumbang","WADMKC":"Kedungpring","WADMKK":"Lamongan"},"geometry":{"type":"Point","coordinates":[112.18925424,-7.22194902]}},{"type":"Feature","properties":{"Line":"R104","Tr":3040,"X":"631300.5","Y":"9201531.5","Rotation":0,"NAMOBJ":"Dradahblumbang","WADMKC":"Kedungpring","WADMKK":"Lamongan"},"geometry":{"type":"Point","coordinates":[112.18925453,-7.22206207]}},{"type":"Feature","properties":{"Line":"R104","Tr":3041,"X":"631300.5","Y":"9201519.0","Rotation":0,"NAMOBJ":"Dradahblumbang","WADMKC":"Kedungpring","WADMKK":"Lamongan"},"geometry":{"type":"Point","coordinates":[112.18925483,-7.22217511]}},{"type":"Feature","properties":{"Line":"R104","Tr":3042,"X":"631300.5","Y":"9201506.5","Rotation":0,"NAMOBJ":"Dradahblumbang","WADMKC":"Kedungpring","WADMKK":"Lamongan"},"geometry":{"type":"Point","coordinates":[112.18925512,-7.22228816]}},{"type":"Feature","properties":{"Line":"R104","Tr":3043,"X":"631300.5","Y":"9201494.0","Rotation":0,"NAMOBJ":"Dradahblumbang","WADMKC":"Kedungpring","WADMKK":"Lamongan"},"geometry":{"type":"Point","coordinates":[112.18925542,-7.22240121]}},{"type":"Feature","properties":{"Line":"R104","Tr":3044,"X":"631300.5","Y":"9201481.5","Rotation":0,"NAMOBJ":"Dradahblumbang","WADMKC":"Kedungpring","WADMKK":"Lamongan"},"geometry":{"type":"Point","coordinates":[112.18925571,-7.22251426]}},{"type":"Feature","properties":{"Line":"R104","Tr":3045,"X":"631300.5","Y":"9201469.0","Rotation":0,"NAMOBJ":"Dradahblumbang","WADMKC":"Kedungpring","WADMKK":"Lamongan"},"geometry":{"type":"Point","coordinates":[112.18925601,-7.22262731]}},{"type":"Feature","properties":{"Line":"R104","Tr":3046,"X":"631300.5","Y":"9201456.5","Rotation":0,"NAMOBJ":"Dradahblumbang","WADMKC":"Kedungpring","WADMKK":"Lamongan"},"geometry":{"type":"Point","coordinates":[112.1892563,-7.22274036]}},{"type":"Feature","properties":{"Line":"R104","Tr":3047,"X":"631300.5","Y":"9201444.0","Rotation":0,"NAMOBJ":"Dradahblumbang","WADMKC":"Kedungpring","WADMKK":"Lamongan"},"geometry":{"type":"Point","coordinates":[112.1892566,-7.22285341]}},{"type":"Feature","properties":{"Line":"R104","Tr":3048,"X":"631300.5","Y":"9201431.5","Rotation":0,"NAMOBJ":"Dradahblumbang","WADMKC":"Kedungpring","WADMKK":"Lamongan"},"geometry":{"type":"Point","coordinates":[112.1892569,-7.22296646]}},{"type":"Feature","properties":{"Line":"R104","Tr":3049,"X":"631300.5","Y":"9201419.0","Rotation":0,"NAMOBJ":"Dradahblumbang","WADMKC":"Kedungpring","WADMKK":"Lamongan"},"geometry":{"type":"Point","coordinates":[112.18925719,-7.22307951]}},{"type":"Feature","properties":{"Line":"R104","Tr":3050,"X":"631300.5","Y":"9201406.5","Rotation":0,"NAMOBJ":"Dradahblumbang","WADMKC":"Kedungpring","WADMKK":"Lamongan"},"geometry":{"type":"Point","coordinates":[112.18925749,-7.22319256]}},{"type":"Feature","properties":{"Line":"R104","Tr":3051,"X":"631300.5","Y":"9201394.0","Rotation":0,"NAMOBJ":"Dradahblumbang","WADMKC":"Kedungpring","WADMKK":"Lamongan"},"geometry":{"type":"Point","coordinates":[112.18925778,-7.2233056]}},{"type":"Feature","properties":{"Line":"R104","Tr":3052,"X":"631300.5","Y":"9201381.5","Rotation":0,"NAMOBJ":"Dradahblumbang","WADMKC":"Kedungpring","WADMKK":"Lamongan"},"geometry":{"type":"Point","coordinates":[112.18925808,-7.22341865]}},{"type":"Feature","properties":{"Line":"R104","Tr":3053,"X":"631300.5","Y":"9201369.0","Rotation":0,"NAMOBJ":"Dradahblumbang","WADMKC":"Kedungpring","WADMKK":"Lamongan"},"geometry":{"type":"Point","coordinates":[112.18925837,-7.2235317]}},{"type":"Feature","properties":{"Line":"R104","Tr":3054,"X":"631300.5","Y":"9201356.5","Rotation":0,"NAMOBJ":"Dradahblumbang","WADMKC":"Kedungpring","WADMKK":"Lamongan"},"geometry":{"type":"Point","coordinates":[112.18925867,-7.22364475]}},{"type":"Feature","properties":{"Line":"R104","Tr":3055,"X":"631300.5","Y":"9201344.0","Rotation":0,"NAMOBJ":"Dradahblumbang","WADMKC":"Kedungpring","WADMKK":"Lamongan"},"geometry":{"type":"Point","coordinates":[112.18925896,-7.2237578]}},{"type":"Feature","properties":{"Line":"R104","Tr":3056,"X":"631300.5","Y":"9201331.5","Rotation":0,"NAMOBJ":"Dradahblumbang","WADMKC":"Kedungpring","WADMKK":"Lamongan"},"geometry":{"type":"Point","coordinates":[112.18925926,-7.22387085]}},{"type":"Feature","properties":{"Line":"R104","Tr":3057,"X":"631300.5","Y":"9201319.0","Rotation":0,"NAMOBJ":"Dradahblumbang","WADMKC":"Kedungpring","WADMKK":"Lamongan"},"geometry":{"type":"Point","coordinates":[112.18925955,-7.2239839]}},{"type":"Feature","properties":{"Line":"R104","Tr":3058,"X":"631300.5","Y":"9201306.5","Rotation":0,"NAMOBJ":"Dradahblumbang","WADMKC":"Kedungpring","WADMKK":"Lamongan"},"geometry":{"type":"Point","coordinates":[112.18925985,-7.22409695]}},{"type":"Feature","properties":{"Line":"R104","Tr":3059,"X":"631300.5","Y":"9201294.0","Rotation":0,"NAMOBJ":"Dradahblumbang","WADMKC":"Kedungpring","WADMKK":"Lamongan"},"geometry":{"type":"Point","coordinates":[112.18926015,-7.22421]}},{"type":"Feature","properties":{"Line":"R104","Tr":3060,"X":"631300.5","Y":"9201281.5","Rotation":0,"NAMOBJ":"Dradahblumbang","WADMKC":"Kedungpring","WADMKK":"Lamongan"},"geometry":{"type":"Point","coordinates":[112.18926044,-7.22432304]}},{"type":"Feature","properties":{"Line":"R104","Tr":3061,"X":"631300.5","Y":"9201269.0","Rotation":0,"NAMOBJ":"Dradahblumbang","WADMKC":"Kedungpring","WADMKK":"Lamongan"},"geometry":{"type":"Point","coordinates":[112.18926074,-7.22443609]}},{"type":"Feature","properties":{"Line":"R104","Tr":3062,"X":"631300.5","Y":"9201256.5","Rotation":0,"NAMOBJ":"Dradahblumbang","WADMKC":"Kedungpring","WADMKK":"Lamongan"},"geometry":{"type":"Point","coordinates":[112.18926103,-7.22454914]}},{"type":"Feature","properties":{"Line":"R104","Tr":3063,"X":"631300.5","Y":"9201244.0","Rotation":0,"NAMOBJ":"Dradahblumbang","WADMKC":"Kedungpring","WADMKK":"Lamongan"},"geometry":{"type":"Point","coordinates":[112.18926133,-7.22466219]}},{"type":"Feature","properties":{"Line":"R104","Tr":3064,"X":"631300.5","Y":"9201231.5","Rotation":0,"NAMOBJ":"Dradahblumbang","WADMKC":"Kedungpring","WADMKK":"Lamongan"},"geometry":{"type":"Point","coordinates":[112.18926162,-7.22477524]}},{"type":"Feature","properties":{"Line":"R104","Tr":3065,"X":"631300.5","Y":"9201219.0","Rotation":0,"NAMOBJ":"Dradahblumbang","WADMKC":"Kedungpring","WADMKK":"Lamongan"},"geometry":{"type":"Point","coordinates":[112.18926192,-7.22488829]}},{"type":"Feature","properties":{"Line":"R104","Tr":3066,"X":"631300.5","Y":"9201206.5","Rotation":0,"NAMOBJ":"Dradahblumbang","WADMKC":"Kedungpring","WADMKK":"Lamongan"},"geometry":{"type":"Point","coordinates":[112.18926221,-7.22500134]}},{"type":"Feature","properties":{"Line":"R104","Tr":3067,"X":"631300.5","Y":"9201194.0","Rotation":0,"NAMOBJ":"Dradahblumbang","WADMKC":"Kedungpring","WADMKK":"Lamongan"},"geometry":{"type":"Point","coordinates":[112.18926251,-7.22511439]}},{"type":"Feature","properties":{"Line":"R104","Tr":3068,"X":"631300.5","Y":"9201181.5","Rotation":0,"NAMOBJ":"Dradahblumbang","WADMKC":"Kedungpring","WADMKK":"Lamongan"},"geometry":{"type":"Point","coordinates":[112.18926281,-7.22522744]}},{"type":"Feature","properties":{"Line":"R104","Tr":3069,"X":"631300.5","Y":"9201169.0","Rotation":0,"NAMOBJ":"Dradahblumbang","WADMKC":"Kedungpring","WADMKK":"Lamongan"},"geometry":{"type":"Point","coordinates":[112.1892631,-7.22534049]}},{"type":"Feature","properties":{"Line":"R104","Tr":3070,"X":"631300.5","Y":"9201156.5","Rotation":0,"NAMOBJ":"Dradahblumbang","WADMKC":"Kedungpring","WADMKK":"Lamongan"},"geometry":{"type":"Point","coordinates":[112.1892634,-7.22545353]}},{"type":"Feature","properties":{"Line":"R104","Tr":3071,"X":"631300.5","Y":"9201144.0","Rotation":0,"NAMOBJ":"Dradahblumbang","WADMKC":"Kedungpring","WADMKK":"Lamongan"},"geometry":{"type":"Point","coordinates":[112.18926369,-7.22556658]}},{"type":"Feature","properties":{"Line":"R104","Tr":3072,"X":"631300.5","Y":"9201131.5","Rotation":0,"NAMOBJ":"Dradahblumbang","WADMKC":"Kedungpring","WADMKK":"Lamongan"},"geometry":{"type":"Point","coordinates":[112.18926399,-7.22567963]}},{"type":"Feature","properties":{"Line":"R104","Tr":3073,"X":"631300.5","Y":"9201119.0","Rotation":0,"NAMOBJ":"Dradahblumbang","WADMKC":"Kedungpring","WADMKK":"Lamongan"},"geometry":{"type":"Point","coordinates":[112.18926428,-7.22579268]}},{"type":"Feature","properties":{"Line":"R104","Tr":3074,"X":"631300.5","Y":"9201106.5","Rotation":0,"NAMOBJ":"Dradahblumbang","WADMKC":"Kedungpring","WADMKK":"Lamongan"},"geometry":{"type":"Point","coordinates":[112.18926458,-7.22590573]}},{"type":"Feature","properties":{"Line":"R104","Tr":3075,"X":"631300.5","Y":"9201094.0","Rotation":0,"NAMOBJ":"Dradahblumbang","WADMKC":"Kedungpring","WADMKK":"Lamongan"},"geometry":{"type":"Point","coordinates":[112.18926487,-7.22601878]}},{"type":"Feature","properties":{"Line":"R104","Tr":3076,"X":"631300.5","Y":"9201081.5","Rotation":0,"NAMOBJ":"Dradahblumbang","WADMKC":"Kedungpring","WADMKK":"Lamongan"},"geometry":{"type":"Point","coordinates":[112.18926517,-7.22613183]}},{"type":"Feature","properties":{"Line":"R104","Tr":3077,"X":"631300.5","Y":"9201069.0","Rotation":0,"NAMOBJ":"Dradahblumbang","WADMKC":"Kedungpring","WADMKK":"Lamongan"},"geometry":{"type":"Point","coordinates":[112.18926547,-7.22624488]}},{"type":"Feature","properties":{"Line":"R104","Tr":3078,"X":"631300.5","Y":"9201056.5","Rotation":0,"NAMOBJ":"Dradahblumbang","WADMKC":"Kedungpring","WADMKK":"Lamongan"},"geometry":{"type":"Point","coordinates":[112.18926576,-7.22635793]}},{"type":"Feature","properties":{"Line":"R104","Tr":3079,"X":"631300.5","Y":"9201044.0","Rotation":0,"NAMOBJ":"Dradahblumbang","WADMKC":"Kedungpring","WADMKK":"Lamongan"},"geometry":{"type":"Point","coordinates":[112.18926606,-7.22647097]}},{"type":"Feature","properties":{"Line":"R104","Tr":3080,"X":"631300.5","Y":"9201031.5","Rotation":0,"NAMOBJ":"Dradahblumbang","WADMKC":"Kedungpring","WADMKK":"Lamongan"},"geometry":{"type":"Point","coordinates":[112.18926635,-7.22658402]}},{"type":"Feature","properties":{"Line":"R104","Tr":3081,"X":"631300.5","Y":"9201019.0","Rotation":0,"NAMOBJ":"Dradahblumbang","WADMKC":"Kedungpring","WADMKK":"Lamongan"},"geometry":{"type":"Point","coordinates":[112.18926665,-7.22669707]}},{"type":"Feature","properties":{"Line":"R104","Tr":3082,"X":"631300.5","Y":"9201006.5","Rotation":0,"NAMOBJ":"Dradahblumbang","WADMKC":"Kedungpring","WADMKK":"Lamongan"},"geometry":{"type":"Point","coordinates":[112.18926694,-7.22681012]}},{"type":"Feature","properties":{"Line":"R104","Tr":3083,"X":"631300.5","Y":"9200994.0","Rotation":0,"NAMOBJ":"Dradahblumbang","WADMKC":"Kedungpring","WADMKK":"Lamongan"},"geometry":{"type":"Point","coordinates":[112.18926724,-7.22692317]}},{"type":"Feature","properties":{"Line":"R104","Tr":3084,"X":"631300.5","Y":"9200981.5","Rotation":0,"NAMOBJ":"Dradahblumbang","WADMKC":"Kedungpring","WADMKK":"Lamongan"},"geometry":{"type":"Point","coordinates":[112.18926754,-7.22703622]}},{"type":"Feature","properties":{"Line":"R106","Tr":2862,"X":"632300.5","Y":"9203956.5","Rotation":0,"NAMOBJ":"Dradahblumbang","WADMKC":"Kedungpring","WADMKK":"Lamongan"},"geometry":{"type":"Point","coordinates":[112.19825303,-7.20010694]}},{"type":"Feature","properties":{"Line":"R106","Tr":2863,"X":"632300.5","Y":"9203944.0","Rotation":0,"NAMOBJ":"Dradahblumbang","WADMKC":"Kedungpring","WADMKK":"Lamongan"},"geometry":{"type":"Point","coordinates":[112.19825333,-7.20021999]}},{"type":"Feature","properties":{"Line":"R106","Tr":2864,"X":"632300.5","Y":"9203931.5","Rotation":0,"NAMOBJ":"Dradahblumbang","WADMKC":"Kedungpring","WADMKK":"Lamongan"},"geometry":{"type":"Point","coordinates":[112.19825362,-7.20033303]}},{"type":"Feature","properties":{"Line":"R106","Tr":2865,"X":"632300.5","Y":"9203919.0","Rotation":0,"NAMOBJ":"Dradahblumbang","WADMKC":"Kedungpring","WADMKK":"Lamongan"},"geometry":{"type":"Point","coordinates":[112.19825392,-7.20044608]}},{"type":"Feature","properties":{"Line":"R106","Tr":2866,"X":"632300.5","Y":"9203906.5","Rotation":0,"NAMOBJ":"Dradahblumbang","WADMKC":"Kedungpring","WADMKK":"Lamongan"},"geometry":{"type":"Point","coordinates":[112.19825422,-7.20055913]}},{"type":"Feature","properties":{"Line":"R106","Tr":2867,"X":"632300.5","Y":"9203894.0","Rotation":0,"NAMOBJ":"Dradahblumbang","WADMKC":"Kedungpring","WADMKK":"Lamongan"},"geometry":{"type":"Point","coordinates":[112.19825451,-7.20067218]}},{"type":"Feature","properties":{"Line":"R106","Tr":2868,"X":"632300.5","Y":"9203881.5","Rotation":0,"NAMOBJ":"Dradahblumbang","WADMKC":"Kedungpring","WADMKK":"Lamongan"},"geometry":{"type":"Point","coordinates":[112.19825481,-7.20078523]}},{"type":"Feature","properties":{"Line":"R106","Tr":2869,"X":"632300.5","Y":"9203869.0","Rotation":0,"NAMOBJ":"Dradahblumbang","WADMKC":"Kedungpring","WADMKK":"Lamongan"},"geometry":{"type":"Point","coordinates":[112.19825511,-7.20089828]}},{"type":"Feature","properties":{"Line":"R106","Tr":2870,"X":"632300.5","Y":"9203856.5","Rotation":0,"NAMOBJ":"Dradahblumbang","WADMKC":"Kedungpring","WADMKK":"Lamongan"},"geometry":{"type":"Point","coordinates":[112.1982554,-7.20101133]}},{"type":"Feature","properties":{"Line":"R106","Tr":2871,"X":"632300.5","Y":"9203844.0","Rotation":0,"NAMOBJ":"Dradahblumbang","WADMKC":"Kedungpring","WADMKK":"Lamongan"},"geometry":{"type":"Point","coordinates":[112.1982557,-7.20112438]}},{"type":"Feature","properties":{"Line":"R106","Tr":2872,"X":"632300.5","Y":"9203831.5","Rotation":0,"NAMOBJ":"Dradahblumbang","WADMKC":"Kedungpring","WADMKK":"Lamongan"},"geometry":{"type":"Point","coordinates":[112.198256,-7.20123742]}},{"type":"Feature","properties":{"Line":"R102","Tr":2761,"X":"630300.5","Y":"9203969.0","Rotation":0,"NAMOBJ":"Kalen","WADMKC":"Kedungpring","WADMKK":"Lamongan"},"geometry":{"type":"Point","coordinates":[112.18014126,-7.20004095]}},{"type":"Feature","properties":{"Line":"R102","Tr":2762,"X":"630300.5","Y":"9203956.5","Rotation":0,"NAMOBJ":"Kalen","WADMKC":"Kedungpring","WADMKK":"Lamongan"},"geometry":{"type":"Point","coordinates":[112.18014156,-7.200154]}},{"type":"Feature","properties":{"Line":"R102","Tr":2763,"X":"630300.5","Y":"9203944.0","Rotation":0,"NAMOBJ":"Kalen","WADMKC":"Kedungpring","WADMKK":"Lamongan"},"geometry":{"type":"Point","coordinates":[112.18014185,-7.20026705]}},{"type":"Feature","properties":{"Line":"R102","Tr":2764,"X":"630300.5","Y":"9203931.5","Rotation":0,"NAMOBJ":"Kalen","WADMKC":"Kedungpring","WADMKK":"Lamongan"},"geometry":{"type":"Point","coordinates":[112.18014214,-7.2003801]}},{"type":"Feature","properties":{"Line":"R102","Tr":2765,"X":"630300.5","Y":"9203919.0","Rotation":0,"NAMOBJ":"Kalen","WADMKC":"Kedungpring","WADMKK":"Lamongan"},"geometry":{"type":"Point","coordinates":[112.18014243,-7.20049315]}},{"type":"Feature","properties":{"Line":"R102","Tr":2766,"X":"630300.5","Y":"9203906.5","Rotation":0,"NAMOBJ":"Kalen","WADMKC":"Kedungpring","WADMKK":"Lamongan"},"geometry":{"type":"Point","coordinates":[112.18014272,-7.2006062]}},{"type":"Feature","properties":{"Line":"R102","Tr":2767,"X":"630300.5","Y":"9203894.0","Rotation":0,"NAMOBJ":"Kalen","WADMKC":"Kedungpring","WADMKK":"Lamongan"},"geometry":{"type":"Point","coordinates":[112.18014302,-7.20071924]}},{"type":"Feature","properties":{"Line":"R102","Tr":2768,"X":"630300.5","Y":"9203881.5","Rotation":0,"NAMOBJ":"Kalen","WADMKC":"Kedungpring","WADMKK":"Lamongan"},"geometry":{"type":"Point","coordinates":[112.18014331,-7.20083229]}},{"type":"Feature","properties":{"Line":"R102","Tr":2769,"X":"630300.5","Y":"9203869.0","Rotation":0,"NAMOBJ":"Kalen","WADMKC":"Kedungpring","WADMKK":"Lamongan"},"geometry":{"type":"Point","coordinates":[112.1801436,-7.20094534]}},{"type":"Feature","properties":{"Line":"R102","Tr":2770,"X":"630300.5","Y":"9203856.5","Rotation":0,"NAMOBJ":"Kalen","WADMKC":"Kedungpring","WADMKK":"Lamongan"},"geometry":{"type":"Point","coordinates":[112.18014389,-7.20105839]}},{"type":"Feature","properties":{"Line":"R102","Tr":2771,"X":"630300.5","Y":"9203844.0","Rotation":0,"NAMOBJ":"Kalen","WADMKC":"Kedungpring","WADMKK":"Lamongan"},"geometry":{"type":"Point","coordinates":[112.18014419,-7.20117144]}},{"type":"Feature","properties":{"Line":"R102","Tr":2772,"X":"630300.5","Y":"9203831.5","Rotation":0,"NAMOBJ":"Kalen","WADMKC":"Kedungpring","WADMKK":"Lamongan"},"geometry":{"type":"Point","coordinates":[112.18014448,-7.20128449]}},{"type":"Feature","properties":{"Line":"R102","Tr":2773,"X":"630300.5","Y":"9203819.0","Rotation":0,"NAMOBJ":"Kalen","WADMKC":"Kedungpring","WADMKK":"Lamongan"},"geometry":{"type":"Point","coordinates":[112.18014477,-7.20139754]}},{"type":"Feature","properties":{"Line":"R102","Tr":2774,"X":"630300.5","Y":"9203806.5","Rotation":0,"NAMOBJ":"Kalen","WADMKC":"Kedungpring","WADMKK":"Lamongan"},"geometry":{"type":"Point","coordinates":[112.18014506,-7.20151059]}},{"type":"Feature","properties":{"Line":"R102","Tr":2775,"X":"630300.5","Y":"9203794.0","Rotation":0,"NAMOBJ":"Kalen","WADMKC":"Kedungpring","WADMKK":"Lamongan"},"geometry":{"type":"Point","coordinates":[112.18014536,-7.20162364]}},{"type":"Feature","properties":{"Line":"R102","Tr":2776,"X":"630300.5","Y":"9203781.5","Rotation":0,"NAMOBJ":"Kalen","WADMKC":"Kedungpring","WADMKK":"Lamongan"},"geometry":{"type":"Point","coordinates":[112.18014565,-7.20173669]}},{"type":"Feature","properties":{"Line":"R102","Tr":2777,"X":"630300.5","Y":"9203769.0","Rotation":0,"NAMOBJ":"Kalen","WADMKC":"Kedungpring","WADMKK":"Lamongan"},"geometry":{"type":"Point","coordinates":[112.18014594,-7.20184974]}},{"type":"Feature","properties":{"Line":"R102","Tr":2778,"X":"630300.5","Y":"9203756.5","Rotation":0,"NAMOBJ":"Kalen","WADMKC":"Kedungpring","WADMKK":"Lamongan"},"geometry":{"type":"Point","coordinates":[112.18014623,-7.20196279]}},{"type":"Feature","properties":{"Line":"R102","Tr":2779,"X":"630300.5","Y":"9203744.0","Rotation":0,"NAMOBJ":"Kalen","WADMKC":"Kedungpring","WADMKK":"Lamongan"},"geometry":{"type":"Point","coordinates":[112.18014652,-7.20207584]}},{"type":"Feature","properties":{"Line":"R102","Tr":2780,"X":"630300.5","Y":"9203731.5","Rotation":0,"NAMOBJ":"Kalen","WADMKC":"Kedungpring","WADMKK":"Lamongan"},"geometry":{"type":"Point","coordinates":[112.18014682,-7.20218889]}},{"type":"Feature","properties":{"Line":"R102","Tr":2781,"X":"630300.5","Y":"9203719.0","Rotation":0,"NAMOBJ":"Kalen","WADMKC":"Kedungpring","WADMKK":"Lamongan"},"geometry":{"type":"Point","coordinates":[112.18014711,-7.20230194]}},{"type":"Feature","properties":{"Line":"R102","Tr":2782,"X":"630300.5","Y":"9203706.5","Rotation":0,"NAMOBJ":"Kalen","WADMKC":"Kedungpring","WADMKK":"Lamongan"},"geometry":{"type":"Point","coordinates":[112.1801474,-7.20241499]}},{"type":"Feature","properties":{"Line":"R102","Tr":2783,"X":"630300.5","Y":"9203694.0","Rotation":0,"NAMOBJ":"Kalen","WADMKC":"Kedungpring","WADMKK":"Lamongan"},"geometry":{"type":"Point","coordinates":[112.18014769,-7.20252804]}},{"type":"Feature","properties":{"Line":"R102","Tr":2784,"X":"630300.5","Y":"9203681.5","Rotation":0,"NAMOBJ":"Kalen","WADMKC":"Kedungpring","WADMKK":"Lamongan"},"geometry":{"type":"Point","coordinates":[112.18014799,-7.20264109]}},{"type":"Feature","properties":{"Line":"R102","Tr":2785,"X":"630300.5","Y":"9203669.0","Rotation":0,"NAMOBJ":"Kalen","WADMKC":"Kedungpring","WADMKK":"Lamongan"},"geometry":{"type":"Point","coordinates":[112.18014828,-7.20275413]}},{"type":"Feature","properties":{"Line":"R102","Tr":2786,"X":"630300.5","Y":"9203656.5","Rotation":0,"NAMOBJ":"Kalen","WADMKC":"Kedungpring","WADMKK":"Lamongan"},"geometry":{"type":"Point","coordinates":[112.18014857,-7.20286718]}},{"type":"Feature","properties":{"Line":"R106","Tr":2873,"X":"632300.5","Y":"9203819.0","Rotation":0,"NAMOBJ":"Mlati","WADMKC":"Kedungpring","WADMKK":"Lamongan"},"geometry":{"type":"Point","coordinates":[112.19825629,-7.20135047]}},{"type":"Feature","properties":{"Line":"R106","Tr":2874,"X":"632300.5","Y":"9203806.5","Rotation":0,"NAMOBJ":"Mlati","WADMKC":"Kedungpring","WADMKK":"Lamongan"},"geometry":{"type":"Point","coordinates":[112.19825659,-7.20146352]}},{"type":"Feature","properties":{"Line":"R106","Tr":2875,"X":"632300.5","Y":"9203794.0","Rotation":0,"NAMOBJ":"Mlati","WADMKC":"Kedungpring","WADMKK":"Lamongan"},"geometry":{"type":"Point","coordinates":[112.19825689,-7.20157657]}},{"type":"Feature","properties":{"Line":"R106","Tr":2876,"X":"632300.5","Y":"9203781.5","Rotation":0,"NAMOBJ":"Mlati","WADMKC":"Kedungpring","WADMKK":"Lamongan"},"geometry":{"type":"Point","coordinates":[112.19825718,-7.20168962]}},{"type":"Feature","properties":{"Line":"R106","Tr":2877,"X":"632300.5","Y":"9203769.0","Rotation":0,"NAMOBJ":"Mlati","WADMKC":"Kedungpring","WADMKK":"Lamongan"},"geometry":{"type":"Point","coordinates":[112.19825748,-7.20180267]}},{"type":"Feature","properties":{"Line":"R106","Tr":2878,"X":"632300.5","Y":"9203756.5","Rotation":0,"NAMOBJ":"Mlati","WADMKC":"Kedungpring","WADMKK":"Lamongan"},"geometry":{"type":"Point","coordinates":[112.19825778,-7.20191572]}},{"type":"Feature","properties":{"Line":"R106","Tr":2879,"X":"632300.5","Y":"9203744.0","Rotation":0,"NAMOBJ":"Mlati","WADMKC":"Kedungpring","WADMKK":"Lamongan"},"geometry":{"type":"Point","coordinates":[112.19825807,-7.20202877]}},{"type":"Feature","properties":{"Line":"R106","Tr":2880,"X":"632300.5","Y":"9203731.5","Rotation":0,"NAMOBJ":"Mlati","WADMKC":"Kedungpring","WADMKK":"Lamongan"},"geometry":{"type":"Point","coordinates":[112.19825837,-7.20214181]}},{"type":"Feature","properties":{"Line":"R106","Tr":2881,"X":"632300.5","Y":"9203719.0","Rotation":0,"NAMOBJ":"Mlati","WADMKC":"Kedungpring","WADMKK":"Lamongan"},"geometry":{"type":"Point","coordinates":[112.19825867,-7.20225486]}},{"type":"Feature","properties":{"Line":"R106","Tr":2882,"X":"632300.5","Y":"9203706.5","Rotation":0,"NAMOBJ":"Mlati","WADMKC":"Kedungpring","WADMKK":"Lamongan"},"geometry":{"type":"Point","coordinates":[112.19825896,-7.20236791]}},{"type":"Feature","properties":{"Line":"R106","Tr":2883,"X":"632300.5","Y":"9203694.0","Rotation":0,"NAMOBJ":"Mlati","WADMKC":"Kedungpring","WADMKK":"Lamongan"},"geometry":{"type":"Point","coordinates":[112.19825926,-7.20248096]}},{"type":"Feature","properties":{"Line":"R106","Tr":2884,"X":"632300.5","Y":"9203681.5","Rotation":0,"NAMOBJ":"Mlati","WADMKC":"Kedungpring","WADMKK":"Lamongan"},"geometry":{"type":"Point","coordinates":[112.19825956,-7.20259401]}},{"type":"Feature","properties":{"Line":"R106","Tr":2885,"X":"632300.5","Y":"9203669.0","Rotation":0,"NAMOBJ":"Mlati","WADMKC":"Kedungpring","WADMKK":"Lamongan"},"geometry":{"type":"Point","coordinates":[112.19825985,-7.20270706]}},{"type":"Feature","properties":{"Line":"R106","Tr":2886,"X":"632300.5","Y":"9203656.5","Rotation":0,"NAMOBJ":"Mlati","WADMKC":"Kedungpring","WADMKK":"Lamongan"},"geometry":{"type":"Point","coordinates":[112.19826015,-7.20282011]}},{"type":"Feature","properties":{"Line":"R106","Tr":2887,"X":"632300.5","Y":"9203644.0","Rotation":0,"NAMOBJ":"Mlati","WADMKC":"Kedungpring","WADMKK":"Lamongan"},"geometry":{"type":"Point","coordinates":[112.19826045,-7.20293315]}},{"type":"Feature","properties":{"Line":"R106","Tr":2888,"X":"632300.5","Y":"9203631.5","Rotation":0,"NAMOBJ":"Mlati","WADMKC":"Kedungpring","WADMKK":"Lamongan"},"geometry":{"type":"Point","coordinates":[112.19826075,-7.2030462]}},{"type":"Feature","properties":{"Line":"R106","Tr":2889,"X":"632300.5","Y":"9203619.0","Rotation":0,"NAMOBJ":"Mlati","WADMKC":"Kedungpring","WADMKK":"Lamongan"},"geometry":{"type":"Point","coordinates":[112.19826104,-7.20315925]}},{"type":"Feature","properties":{"Line":"R106","Tr":2890,"X":"632300.5","Y":"9203606.5","Rotation":0,"NAMOBJ":"Mlati","WADMKC":"Kedungpring","WADMKK":"Lamongan"},"geometry":{"type":"Point","coordinates":[112.19826134,-7.2032723]}},{"type":"Feature","properties":{"Line":"R106","Tr":2891,"X":"632300.5","Y":"9203594.0","Rotation":0,"NAMOBJ":"Mlati","WADMKC":"Kedungpring","WADMKK":"Lamongan"},"geometry":{"type":"Point","coordinates":[112.19826164,-7.20338535]}},{"type":"Feature","properties":{"Line":"R106","Tr":2892,"X":"632300.5","Y":"9203581.5","Rotation":0,"NAMOBJ":"Mlati","WADMKC":"Kedungpring","WADMKK":"Lamongan"},"geometry":{"type":"Point","coordinates":[112.19826193,-7.2034984]}},{"type":"Feature","properties":{"Line":"R106","Tr":2893,"X":"632300.5","Y":"9203569.0","Rotation":0,"NAMOBJ":"Mlati","WADMKC":"Kedungpring","WADMKK":"Lamongan"},"geometry":{"type":"Point","coordinates":[112.19826223,-7.20361145]}},{"type":"Feature","properties":{"Line":"R106","Tr":2894,"X":"632300.5","Y":"9203556.5","Rotation":0,"NAMOBJ":"Mlati","WADMKC":"Kedungpring","WADMKK":"Lamongan"},"geometry":{"type":"Point","coordinates":[112.19826253,-7.2037245]}},{"type":"Feature","properties":{"Line":"R106","Tr":2895,"X":"632300.5","Y":"9203544.0","Rotation":0,"NAMOBJ":"Mlati","WADMKC":"Kedungpring","WADMKK":"Lamongan"},"geometry":{"type":"Point","coordinates":[112.19826282,-7.20383754]}},{"type":"Feature","properties":{"Line":"R106","Tr":2896,"X":"632300.5","Y":"9203531.5","Rotation":0,"NAMOBJ":"Mlati","WADMKC":"Kedungpring","WADMKK":"Lamongan"},"geometry":{"type":"Point","coordinates":[112.19826312,-7.20395059]}},{"type":"Feature","properties":{"Line":"R106","Tr":2897,"X":"632300.5","Y":"9203519.0","Rotation":0,"NAMOBJ":"Mlati","WADMKC":"Kedungpring","WADMKK":"Lamongan"},"geometry":{"type":"Point","coordinates":[112.19826342,-7.20406364]}},{"type":"Feature","properties":{"Line":"R106","Tr":2898,"X":"632300.5","Y":"9203506.5","Rotation":0,"NAMOBJ":"Mlati","WADMKC":"Kedungpring","WADMKK":"Lamongan"},"geometry":{"type":"Point","coordinates":[112.19826371,-7.20417669]}},{"type":"Feature","properties":{"Line":"R106","Tr":2899,"X":"632300.5","Y":"9203494.0","Rotation":0,"NAMOBJ":"Mlati","WADMKC":"Kedungpring","WADMKK":"Lamongan"},"geometry":{"type":"Point","coordinates":[112.19826401,-7.20428974]}},{"type":"Feature","properties":{"Line":"R106","Tr":2900,"X":"632300.5","Y":"9203481.5","Rotation":0,"NAMOBJ":"Mlati","WADMKC":"Kedungpring","WADMKK":"Lamongan"},"geometry":{"type":"Point","coordinates":[112.19826431,-7.20440279]}},{"type":"Feature","properties":{"Line":"R106","Tr":2901,"X":"632300.5","Y":"9203469.0","Rotation":0,"NAMOBJ":"Mlati","WADMKC":"Kedungpring","WADMKK":"Lamongan"},"geometry":{"type":"Point","coordinates":[112.19826461,-7.20451584]}},{"type":"Feature","properties":{"Line":"R106","Tr":2902,"X":"632300.5","Y":"9203456.5","Rotation":0,"NAMOBJ":"Mlati","WADMKC":"Kedungpring","WADMKK":"Lamongan"},"geometry":{"type":"Point","coordinates":[112.1982649,-7.20462888]}},{"type":"Feature","properties":{"Line":"R106","Tr":2903,"X":"632300.5","Y":"9203444.0","Rotation":0,"NAMOBJ":"Mlati","WADMKC":"Kedungpring","WADMKK":"Lamongan"},"geometry":{"type":"Point","coordinates":[112.1982652,-7.20474193]}},{"type":"Feature","properties":{"Line":"R106","Tr":2904,"X":"632300.5","Y":"9203431.5","Rotation":0,"NAMOBJ":"Mlati","WADMKC":"Kedungpring","WADMKK":"Lamongan"},"geometry":{"type":"Point","coordinates":[112.1982655,-7.20485498]}},{"type":"Feature","properties":{"Line":"R106","Tr":2905,"X":"632300.5","Y":"9203419.0","Rotation":0,"NAMOBJ":"Mlati","WADMKC":"Kedungpring","WADMKK":"Lamongan"},"geometry":{"type":"Point","coordinates":[112.19826579,-7.20496803]}},{"type":"Feature","properties":{"Line":"R106","Tr":2906,"X":"632300.5","Y":"9203406.5","Rotation":0,"NAMOBJ":"Mlati","WADMKC":"Kedungpring","WADMKK":"Lamongan"},"geometry":{"type":"Point","coordinates":[112.19826609,-7.20508108]}},{"type":"Feature","properties":{"Line":"R106","Tr":2907,"X":"632300.5","Y":"9203394.0","Rotation":0,"NAMOBJ":"Mlati","WADMKC":"Kedungpring","WADMKK":"Lamongan"},"geometry":{"type":"Point","coordinates":[112.19826639,-7.20519413]}},{"type":"Feature","properties":{"Line":"R106","Tr":2908,"X":"632300.5","Y":"9203381.5","Rotation":0,"NAMOBJ":"Mlati","WADMKC":"Kedungpring","WADMKK":"Lamongan"},"geometry":{"type":"Point","coordinates":[112.19826668,-7.20530718]}},{"type":"Feature","properties":{"Line":"R106","Tr":2909,"X":"632300.5","Y":"9203369.0","Rotation":0,"NAMOBJ":"Mlati","WADMKC":"Kedungpring","WADMKK":"Lamongan"},"geometry":{"type":"Point","coordinates":[112.19826698,-7.20542023]}},{"type":"Feature","properties":{"Line":"R106","Tr":2910,"X":"632300.5","Y":"9203356.5","Rotation":0,"NAMOBJ":"Mlati","WADMKC":"Kedungpring","WADMKK":"Lamongan"},"geometry":{"type":"Point","coordinates":[112.19826728,-7.20553327]}},{"type":"Feature","properties":{"Line":"R106","Tr":2911,"X":"632300.5","Y":"9203344.0","Rotation":0,"NAMOBJ":"Mlati","WADMKC":"Kedungpring","WADMKK":"Lamongan"},"geometry":{"type":"Point","coordinates":[112.19826758,-7.20564632]}},{"type":"Feature","properties":{"Line":"R106","Tr":2912,"X":"632300.5","Y":"9203331.5","Rotation":0,"NAMOBJ":"Mlati","WADMKC":"Kedungpring","WADMKK":"Lamongan"},"geometry":{"type":"Point","coordinates":[112.19826787,-7.20575937]}},{"type":"Feature","properties":{"Line":"R106","Tr":2913,"X":"632300.5","Y":"9203319.0","Rotation":0,"NAMOBJ":"Mlati","WADMKC":"Kedungpring","WADMKK":"Lamongan"},"geometry":{"type":"Point","coordinates":[112.19826817,-7.20587242]}},{"type":"Feature","properties":{"Line":"R106","Tr":2914,"X":"632300.5","Y":"9203306.5","Rotation":0,"NAMOBJ":"Mlati","WADMKC":"Kedungpring","WADMKK":"Lamongan"},"geometry":{"type":"Point","coordinates":[112.19826847,-7.20598547]}},{"type":"Feature","properties":{"Line":"R106","Tr":2915,"X":"632300.5","Y":"9203294.0","Rotation":0,"NAMOBJ":"Mlati","WADMKC":"Kedungpring","WADMKK":"Lamongan"},"geometry":{"type":"Point","coordinates":[112.19826876,-7.20609852]}},{"type":"Feature","properties":{"Line":"R106","Tr":2916,"X":"632300.5","Y":"9203281.5","Rotation":0,"NAMOBJ":"Mlati","WADMKC":"Kedungpring","WADMKK":"Lamongan"},"geometry":{"type":"Point","coordinates":[112.19826906,-7.20621157]}},{"type":"Feature","properties":{"Line":"R106","Tr":2917,"X":"632300.5","Y":"9203269.0","Rotation":0,"NAMOBJ":"Mlati","WADMKC":"Kedungpring","WADMKK":"Lamongan"},"geometry":{"type":"Point","coordinates":[112.19826936,-7.20632461]}},{"type":"Feature","properties":{"Line":"R106","Tr":2918,"X":"632300.5","Y":"9203256.5","Rotation":0,"NAMOBJ":"Mlati","WADMKC":"Kedungpring","WADMKK":"Lamongan"},"geometry":{"type":"Point","coordinates":[112.19826965,-7.20643766]}},{"type":"Feature","properties":{"Line":"R106","Tr":2919,"X":"632300.5","Y":"9203244.0","Rotation":0,"NAMOBJ":"Mlati","WADMKC":"Kedungpring","WADMKK":"Lamongan"},"geometry":{"type":"Point","coordinates":[112.19826995,-7.20655071]}},{"type":"Feature","properties":{"Line":"R106","Tr":2920,"X":"632300.5","Y":"9203231.5","Rotation":0,"NAMOBJ":"Mlati","WADMKC":"Kedungpring","WADMKK":"Lamongan"},"geometry":{"type":"Point","coordinates":[112.19827025,-7.20666376]}},{"type":"Feature","properties":{"Line":"R106","Tr":2921,"X":"632300.5","Y":"9203219.0","Rotation":0,"NAMOBJ":"Mlati","WADMKC":"Kedungpring","WADMKK":"Lamongan"},"geometry":{"type":"Point","coordinates":[112.19827055,-7.20677681]}},{"type":"Feature","properties":{"Line":"R106","Tr":2922,"X":"632300.5","Y":"9203206.5","Rotation":0,"NAMOBJ":"Mlati","WADMKC":"Kedungpring","WADMKK":"Lamongan"},"geometry":{"type":"Point","coordinates":[112.19827084,-7.20688986]}},{"type":"Feature","properties":{"Line":"R106","Tr":2923,"X":"632300.5","Y":"9203194.0","Rotation":0,"NAMOBJ":"Mlati","WADMKC":"Kedungpring","WADMKK":"Lamongan"},"geometry":{"type":"Point","coordinates":[112.19827114,-7.20700291]}},{"type":"Feature","properties":{"Line":"R106","Tr":2924,"X":"632300.5","Y":"9203181.5","Rotation":0,"NAMOBJ":"Mlati","WADMKC":"Kedungpring","WADMKK":"Lamongan"},"geometry":{"type":"Point","coordinates":[112.19827144,-7.20711596]}},{"type":"Feature","properties":{"Line":"R106","Tr":2925,"X":"632300.5","Y":"9203169.0","Rotation":0,"NAMOBJ":"Mlati","WADMKC":"Kedungpring","WADMKK":"Lamongan"},"geometry":{"type":"Point","coordinates":[112.19827173,-7.207229]}},{"type":"Feature","properties":{"Line":"R106","Tr":2926,"X":"632300.5","Y":"9203156.5","Rotation":0,"NAMOBJ":"Mlati","WADMKC":"Kedungpring","WADMKK":"Lamongan"},"geometry":{"type":"Point","coordinates":[112.19827203,-7.20734205]}},{"type":"Feature","properties":{"Line":"R106","Tr":2927,"X":"632300.5","Y":"9203144.0","Rotation":0,"NAMOBJ":"Mlati","WADMKC":"Kedungpring","WADMKK":"Lamongan"},"geometry":{"type":"Point","coordinates":[112.19827233,-7.2074551]}},{"type":"Feature","properties":{"Line":"R106","Tr":2928,"X":"632300.5","Y":"9203131.5","Rotation":0,"NAMOBJ":"Mlati","WADMKC":"Kedungpring","WADMKK":"Lamongan"},"geometry":{"type":"Point","coordinates":[112.19827262,-7.20756815]}},{"type":"Feature","properties":{"Line":"R106","Tr":2929,"X":"632300.5","Y":"9203119.0","Rotation":0,"NAMOBJ":"Mlati","WADMKC":"Kedungpring","WADMKK":"Lamongan"},"geometry":{"type":"Point","coordinates":[112.19827292,-7.2076812]}},{"type":"Feature","properties":{"Line":"R106","Tr":2930,"X":"632300.5","Y":"9203106.5","Rotation":0,"NAMOBJ":"Mlati","WADMKC":"Kedungpring","WADMKK":"Lamongan"},"geometry":{"type":"Point","coordinates":[112.19827322,-7.20779425]}},{"type":"Feature","properties":{"Line":"R106","Tr":2931,"X":"632300.5","Y":"9203094.0","Rotation":0,"NAMOBJ":"Mlati","WADMKC":"Kedungpring","WADMKK":"Lamongan"},"geometry":{"type":"Point","coordinates":[112.19827352,-7.2079073]}},{"type":"Feature","properties":{"Line":"R106","Tr":2932,"X":"632300.5","Y":"9203081.5","Rotation":0,"NAMOBJ":"Mlati","WADMKC":"Kedungpring","WADMKK":"Lamongan"},"geometry":{"type":"Point","coordinates":[112.19827381,-7.20802034]}},{"type":"Feature","properties":{"Line":"R106","Tr":2933,"X":"632300.5","Y":"9203069.0","Rotation":0,"NAMOBJ":"Mlati","WADMKC":"Kedungpring","WADMKK":"Lamongan"},"geometry":{"type":"Point","coordinates":[112.19827411,-7.20813339]}},{"type":"Feature","properties":{"Line":"R106","Tr":2934,"X":"632300.5","Y":"9203056.5","Rotation":0,"NAMOBJ":"Mlati","WADMKC":"Kedungpring","WADMKK":"Lamongan"},"geometry":{"type":"Point","coordinates":[112.19827441,-7.20824644]}},{"type":"Feature","properties":{"Line":"R106","Tr":2935,"X":"632300.5","Y":"9203044.0","Rotation":0,"NAMOBJ":"Mlati","WADMKC":"Kedungpring","WADMKK":"Lamongan"},"geometry":{"type":"Point","coordinates":[112.1982747,-7.20835949]}},{"type":"Feature","properties":{"Line":"R106","Tr":2936,"X":"632300.5","Y":"9203031.5","Rotation":0,"NAMOBJ":"Mlati","WADMKC":"Kedungpring","WADMKK":"Lamongan"},"geometry":{"type":"Point","coordinates":[112.198275,-7.20847254]}},{"type":"Feature","properties":{"Line":"R106","Tr":2937,"X":"632300.5","Y":"9203019.0","Rotation":0,"NAMOBJ":"Mlati","WADMKC":"Kedungpring","WADMKK":"Lamongan"},"geometry":{"type":"Point","coordinates":[112.1982753,-7.20858559]}},{"type":"Feature","properties":{"Line":"R106","Tr":2938,"X":"632300.5","Y":"9203006.5","Rotation":0,"NAMOBJ":"Mlati","WADMKC":"Kedungpring","WADMKK":"Lamongan"},"geometry":{"type":"Point","coordinates":[112.1982756,-7.20869864]}},{"type":"Feature","properties":{"Line":"R106","Tr":2939,"X":"632300.5","Y":"9202994.0","Rotation":0,"NAMOBJ":"Mlati","WADMKC":"Kedungpring","WADMKK":"Lamongan"},"geometry":{"type":"Point","coordinates":[112.19827589,-7.20881169]}},{"type":"Feature","properties":{"Line":"R106","Tr":2940,"X":"632300.5","Y":"9202981.5","Rotation":0,"NAMOBJ":"Mlati","WADMKC":"Kedungpring","WADMKK":"Lamongan"},"geometry":{"type":"Point","coordinates":[112.19827619,-7.20892473]}},{"type":"Feature","properties":{"Line":"R106","Tr":2941,"X":"632300.5","Y":"9202969.0","Rotation":0,"NAMOBJ":"Mlati","WADMKC":"Kedungpring","WADMKK":"Lamongan"},"geometry":{"type":"Point","coordinates":[112.19827649,-7.20903778]}},{"type":"Feature","properties":{"Line":"R106","Tr":2942,"X":"632300.5","Y":"9202956.5","Rotation":0,"NAMOBJ":"Mlati","WADMKC":"Kedungpring","WADMKK":"Lamongan"},"geometry":{"type":"Point","coordinates":[112.19827678,-7.20915083]}},{"type":"Feature","properties":{"Line":"R106","Tr":2943,"X":"632300.5","Y":"9202944.0","Rotation":0,"NAMOBJ":"Mlati","WADMKC":"Kedungpring","WADMKK":"Lamongan"},"geometry":{"type":"Point","coordinates":[112.19827708,-7.20926388]}},{"type":"Feature","properties":{"Line":"R106","Tr":2944,"X":"632300.5","Y":"9202931.5","Rotation":0,"NAMOBJ":"Mlati","WADMKC":"Kedungpring","WADMKK":"Lamongan"},"geometry":{"type":"Point","coordinates":[112.19827738,-7.20937693]}},{"type":"Feature","properties":{"Line":"R106","Tr":2945,"X":"632300.5","Y":"9202919.0","Rotation":0,"NAMOBJ":"Mlati","WADMKC":"Kedungpring","WADMKK":"Lamongan"},"geometry":{"type":"Point","coordinates":[112.19827768,-7.20948998]}},{"type":"Feature","properties":{"Line":"R106","Tr":2946,"X":"632300.5","Y":"9202906.5","Rotation":0,"NAMOBJ":"Mlati","WADMKC":"Kedungpring","WADMKK":"Lamongan"},"geometry":{"type":"Point","coordinates":[112.19827797,-7.20960303]}},{"type":"Feature","properties":{"Line":"R106","Tr":2947,"X":"632300.5","Y":"9202894.0","Rotation":0,"NAMOBJ":"Mlati","WADMKC":"Kedungpring","WADMKK":"Lamongan"},"geometry":{"type":"Point","coordinates":[112.19827827,-7.20971607]}},{"type":"Feature","properties":{"Line":"R106","Tr":2948,"X":"632300.5","Y":"9202881.5","Rotation":0,"NAMOBJ":"Mlati","WADMKC":"Kedungpring","WADMKK":"Lamongan"},"geometry":{"type":"Point","coordinates":[112.19827857,-7.20982912]}},{"type":"Feature","properties":{"Line":"R106","Tr":2949,"X":"632300.5","Y":"9202869.0","Rotation":0,"NAMOBJ":"Mlati","WADMKC":"Kedungpring","WADMKK":"Lamongan"},"geometry":{"type":"Point","coordinates":[112.19827886,-7.20994217]}},{"type":"Feature","properties":{"Line":"R106","Tr":2950,"X":"632300.5","Y":"9202856.5","Rotation":0,"NAMOBJ":"Mlati","WADMKC":"Kedungpring","WADMKK":"Lamongan"},"geometry":{"type":"Point","coordinates":[112.19827916,-7.21005522]}},{"type":"Feature","properties":{"Line":"R106","Tr":2951,"X":"632300.5","Y":"9202844.0","Rotation":0,"NAMOBJ":"Mlati","WADMKC":"Kedungpring","WADMKK":"Lamongan"},"geometry":{"type":"Point","coordinates":[112.19827946,-7.21016827]}},{"type":"Feature","properties":{"Line":"R106","Tr":2952,"X":"632300.5","Y":"9202831.5","Rotation":0,"NAMOBJ":"Mlati","WADMKC":"Kedungpring","WADMKK":"Lamongan"},"geometry":{"type":"Point","coordinates":[112.19827976,-7.21028132]}},{"type":"Feature","properties":{"Line":"R106","Tr":2953,"X":"632300.5","Y":"9202819.0","Rotation":0,"NAMOBJ":"Mlati","WADMKC":"Kedungpring","WADMKK":"Lamongan"},"geometry":{"type":"Point","coordinates":[112.19828005,-7.21039437]}},{"type":"Feature","properties":{"Line":"R106","Tr":2954,"X":"632300.5","Y":"9202806.5","Rotation":0,"NAMOBJ":"Mlati","WADMKC":"Kedungpring","WADMKK":"Lamongan"},"geometry":{"type":"Point","coordinates":[112.19828035,-7.21050741]}},{"type":"Feature","properties":{"Line":"R106","Tr":2955,"X":"632300.5","Y":"9202794.0","Rotation":0,"NAMOBJ":"Mlati","WADMKC":"Kedungpring","WADMKK":"Lamongan"},"geometry":{"type":"Point","coordinates":[112.19828065,-7.21062046]}},{"type":"Feature","properties":{"Line":"R106","Tr":2956,"X":"632300.5","Y":"9202781.5","Rotation":0,"NAMOBJ":"Mlati","WADMKC":"Kedungpring","WADMKK":"Lamongan"},"geometry":{"type":"Point","coordinates":[112.19828094,-7.21073351]}},{"type":"Feature","properties":{"Line":"R106","Tr":2957,"X":"632300.5","Y":"9202769.0","Rotation":0,"NAMOBJ":"Mlati","WADMKC":"Kedungpring","WADMKK":"Lamongan"},"geometry":{"type":"Point","coordinates":[112.19828124,-7.21084656]}},{"type":"Feature","properties":{"Line":"R106","Tr":2958,"X":"632300.5","Y":"9202756.5","Rotation":0,"NAMOBJ":"Mlati","WADMKC":"Kedungpring","WADMKK":"Lamongan"},"geometry":{"type":"Point","coordinates":[112.19828154,-7.21095961]}},{"type":"Feature","properties":{"Line":"R106","Tr":2959,"X":"632300.5","Y":"9202744.0","Rotation":0,"NAMOBJ":"Mlati","WADMKC":"Kedungpring","WADMKK":"Lamongan"},"geometry":{"type":"Point","coordinates":[112.19828184,-7.21107266]}},{"type":"Feature","properties":{"Line":"R106","Tr":2960,"X":"632300.5","Y":"9202731.5","Rotation":0,"NAMOBJ":"Mlati","WADMKC":"Kedungpring","WADMKK":"Lamongan"},"geometry":{"type":"Point","coordinates":[112.19828213,-7.21118571]}},{"type":"Feature","properties":{"Line":"R106","Tr":2961,"X":"632300.5","Y":"9202719.0","Rotation":0,"NAMOBJ":"Mlati","WADMKC":"Kedungpring","WADMKK":"Lamongan"},"geometry":{"type":"Point","coordinates":[112.19828243,-7.21129876]}},{"type":"Feature","properties":{"Line":"R106","Tr":2962,"X":"632300.5","Y":"9202706.5","Rotation":0,"NAMOBJ":"Mlati","WADMKC":"Kedungpring","WADMKK":"Lamongan"},"geometry":{"type":"Point","coordinates":[112.19828273,-7.2114118]}},{"type":"Feature","properties":{"Line":"R106","Tr":2963,"X":"632300.5","Y":"9202694.0","Rotation":0,"NAMOBJ":"Mlati","WADMKC":"Kedungpring","WADMKK":"Lamongan"},"geometry":{"type":"Point","coordinates":[112.19828302,-7.21152485]}},{"type":"Feature","properties":{"Line":"R106","Tr":2964,"X":"632300.5","Y":"9202681.5","Rotation":0,"NAMOBJ":"Mlati","WADMKC":"Kedungpring","WADMKK":"Lamongan"},"geometry":{"type":"Point","coordinates":[112.19828332,-7.2116379]}},{"type":"Feature","properties":{"Line":"R106","Tr":2965,"X":"632300.5","Y":"9202669.0","Rotation":0,"NAMOBJ":"Mlati","WADMKC":"Kedungpring","WADMKK":"Lamongan"},"geometry":{"type":"Point","coordinates":[112.19828362,-7.21175095]}},{"type":"Feature","properties":{"Line":"R106","Tr":2966,"X":"632300.5","Y":"9202656.5","Rotation":0,"NAMOBJ":"Mlati","WADMKC":"Kedungpring","WADMKK":"Lamongan"},"geometry":{"type":"Point","coordinates":[112.19828392,-7.211864]}},{"type":"Feature","properties":{"Line":"R106","Tr":2967,"X":"632300.5","Y":"9202644.0","Rotation":0,"NAMOBJ":"Mlati","WADMKC":"Kedungpring","WADMKK":"Lamongan"},"geometry":{"type":"Point","coordinates":[112.19828421,-7.21197705]}},{"type":"Feature","properties":{"Line":"R106","Tr":2968,"X":"632300.5","Y":"9202631.5","Rotation":0,"NAMOBJ":"Mlati","WADMKC":"Kedungpring","WADMKK":"Lamongan"},"geometry":{"type":"Point","coordinates":[112.19828451,-7.2120901]}},{"type":"Feature","properties":{"Line":"R106","Tr":2969,"X":"632300.5","Y":"9202619.0","Rotation":0,"NAMOBJ":"Mlati","WADMKC":"Kedungpring","WADMKK":"Lamongan"},"geometry":{"type":"Point","coordinates":[112.19828481,-7.21220314]}},{"type":"Feature","properties":{"Line":"R106","Tr":2970,"X":"632300.5","Y":"9202606.5","Rotation":0,"NAMOBJ":"Mlati","WADMKC":"Kedungpring","WADMKK":"Lamongan"},"geometry":{"type":"Point","coordinates":[112.19828511,-7.21231619]}},{"type":"Feature","properties":{"Line":"R106","Tr":2971,"X":"632300.5","Y":"9202594.0","Rotation":0,"NAMOBJ":"Mlati","WADMKC":"Kedungpring","WADMKK":"Lamongan"},"geometry":{"type":"Point","coordinates":[112.1982854,-7.21242924]}},{"type":"Feature","properties":{"Line":"R106","Tr":2972,"X":"632300.5","Y":"9202581.5","Rotation":0,"NAMOBJ":"Mlati","WADMKC":"Kedungpring","WADMKK":"Lamongan"},"geometry":{"type":"Point","coordinates":[112.1982857,-7.21254229]}},{"type":"Feature","properties":{"Line":"R106","Tr":2973,"X":"632300.5","Y":"9202569.0","Rotation":0,"NAMOBJ":"Mlati","WADMKC":"Kedungpring","WADMKK":"Lamongan"},"geometry":{"type":"Point","coordinates":[112.198286,-7.21265534]}},{"type":"Feature","properties":{"Line":"R106","Tr":2974,"X":"632300.5","Y":"9202556.5","Rotation":0,"NAMOBJ":"Mlati","WADMKC":"Kedungpring","WADMKK":"Lamongan"},"geometry":{"type":"Point","coordinates":[112.19828629,-7.21276839]}},{"type":"Feature","properties":{"Line":"R106","Tr":2975,"X":"632300.5","Y":"9202544.0","Rotation":0,"NAMOBJ":"Mlati","WADMKC":"Kedungpring","WADMKK":"Lamongan"},"geometry":{"type":"Point","coordinates":[112.19828659,-7.21288144]}},{"type":"Feature","properties":{"Line":"R106","Tr":2976,"X":"632300.5","Y":"9202531.5","Rotation":0,"NAMOBJ":"Mlati","WADMKC":"Kedungpring","WADMKK":"Lamongan"},"geometry":{"type":"Point","coordinates":[112.19828689,-7.21299448]}},{"type":"Feature","properties":{"Line":"R106","Tr":2977,"X":"632300.5","Y":"9202519.0","Rotation":0,"NAMOBJ":"Mlati","WADMKC":"Kedungpring","WADMKK":"Lamongan"},"geometry":{"type":"Point","coordinates":[112.19828719,-7.21310753]}},{"type":"Feature","properties":{"Line":"R106","Tr":2978,"X":"632300.5","Y":"9202506.5","Rotation":0,"NAMOBJ":"Mlati","WADMKC":"Kedungpring","WADMKK":"Lamongan"},"geometry":{"type":"Point","coordinates":[112.19828748,-7.21322058]}},{"type":"Feature","properties":{"Line":"R106","Tr":2979,"X":"632300.5","Y":"9202494.0","Rotation":0,"NAMOBJ":"Mlati","WADMKC":"Kedungpring","WADMKK":"Lamongan"},"geometry":{"type":"Point","coordinates":[112.19828778,-7.21333363]}},{"type":"Feature","properties":{"Line":"R106","Tr":2980,"X":"632300.5","Y":"9202481.5","Rotation":0,"NAMOBJ":"Mlati","WADMKC":"Kedungpring","WADMKK":"Lamongan"},"geometry":{"type":"Point","coordinates":[112.19828808,-7.21344668]}},{"type":"Feature","properties":{"Line":"R106","Tr":2981,"X":"632300.5","Y":"9202469.0","Rotation":0,"NAMOBJ":"Mlati","WADMKC":"Kedungpring","WADMKK":"Lamongan"},"geometry":{"type":"Point","coordinates":[112.19828838,-7.21355973]}},{"type":"Feature","properties":{"Line":"R106","Tr":2982,"X":"632300.5","Y":"9202456.5","Rotation":0,"NAMOBJ":"Mlati","WADMKC":"Kedungpring","WADMKK":"Lamongan"},"geometry":{"type":"Point","coordinates":[112.19828867,-7.21367278]}},{"type":"Feature","properties":{"Line":"R106","Tr":2983,"X":"632300.5","Y":"9202444.0","Rotation":0,"NAMOBJ":"Mlati","WADMKC":"Kedungpring","WADMKK":"Lamongan"},"geometry":{"type":"Point","coordinates":[112.19828897,-7.21378583]}},{"type":"Feature","properties":{"Line":"R106","Tr":2984,"X":"632300.5","Y":"9202431.5","Rotation":0,"NAMOBJ":"Mlati","WADMKC":"Kedungpring","WADMKK":"Lamongan"},"geometry":{"type":"Point","coordinates":[112.19828927,-7.21389887]}},{"type":"Feature","properties":{"Line":"R106","Tr":2985,"X":"632300.5","Y":"9202419.0","Rotation":0,"NAMOBJ":"Mlati","WADMKC":"Kedungpring","WADMKK":"Lamongan"},"geometry":{"type":"Point","coordinates":[112.19828957,-7.21401192]}},{"type":"Feature","properties":{"Line":"R106","Tr":2986,"X":"632300.5","Y":"9202406.5","Rotation":0,"NAMOBJ":"Mlati","WADMKC":"Kedungpring","WADMKK":"Lamongan"},"geometry":{"type":"Point","coordinates":[112.19828986,-7.21412497]}},{"type":"Feature","properties":{"Line":"R106","Tr":2987,"X":"632300.5","Y":"9202394.0","Rotation":0,"NAMOBJ":"Mlati","WADMKC":"Kedungpring","WADMKK":"Lamongan"},"geometry":{"type":"Point","coordinates":[112.19829016,-7.21423802]}},{"type":"Feature","properties":{"Line":"R106","Tr":2988,"X":"632300.5","Y":"9202381.5","Rotation":0,"NAMOBJ":"Mlati","WADMKC":"Kedungpring","WADMKK":"Lamongan"},"geometry":{"type":"Point","coordinates":[112.19829046,-7.21435107]}},{"type":"Feature","properties":{"Line":"R106","Tr":2989,"X":"632300.5","Y":"9202369.0","Rotation":0,"NAMOBJ":"Mlati","WADMKC":"Kedungpring","WADMKK":"Lamongan"},"geometry":{"type":"Point","coordinates":[112.19829075,-7.21446412]}},{"type":"Feature","properties":{"Line":"R106","Tr":2990,"X":"632300.5","Y":"9202356.5","Rotation":0,"NAMOBJ":"Mlati","WADMKC":"Kedungpring","WADMKK":"Lamongan"},"geometry":{"type":"Point","coordinates":[112.19829105,-7.21457717]}},{"type":"Feature","properties":{"Line":"R106","Tr":2991,"X":"632300.5","Y":"9202344.0","Rotation":0,"NAMOBJ":"Mlati","WADMKC":"Kedungpring","WADMKK":"Lamongan"},"geometry":{"type":"Point","coordinates":[112.19829135,-7.21469021]}},{"type":"Feature","properties":{"Line":"R106","Tr":2992,"X":"632300.5","Y":"9202331.5","Rotation":0,"NAMOBJ":"Mlati","WADMKC":"Kedungpring","WADMKK":"Lamongan"},"geometry":{"type":"Point","coordinates":[112.19829165,-7.21480326]}},{"type":"Feature","properties":{"Line":"R106","Tr":2993,"X":"632300.5","Y":"9202319.0","Rotation":0,"NAMOBJ":"Mlati","WADMKC":"Kedungpring","WADMKK":"Lamongan"},"geometry":{"type":"Point","coordinates":[112.19829194,-7.21491631]}},{"type":"Feature","properties":{"Line":"R106","Tr":2994,"X":"632300.5","Y":"9202306.5","Rotation":0,"NAMOBJ":"Mlati","WADMKC":"Kedungpring","WADMKK":"Lamongan"},"geometry":{"type":"Point","coordinates":[112.19829224,-7.21502936]}},{"type":"Feature","properties":{"Line":"R106","Tr":2995,"X":"632300.5","Y":"9202294.0","Rotation":0,"NAMOBJ":"Mlati","WADMKC":"Kedungpring","WADMKK":"Lamongan"},"geometry":{"type":"Point","coordinates":[112.19829254,-7.21514241]}},{"type":"Feature","properties":{"Line":"R106","Tr":2996,"X":"632300.5","Y":"9202281.5","Rotation":0,"NAMOBJ":"Mlati","WADMKC":"Kedungpring","WADMKK":"Lamongan"},"geometry":{"type":"Point","coordinates":[112.19829284,-7.21525546]}},{"type":"Feature","properties":{"Line":"R106","Tr":2997,"X":"632300.5","Y":"9202269.0","Rotation":0,"NAMOBJ":"Mlati","WADMKC":"Kedungpring","WADMKK":"Lamongan"},"geometry":{"type":"Point","coordinates":[112.19829313,-7.21536851]}},{"type":"Feature","properties":{"Line":"R106","Tr":2998,"X":"632300.5","Y":"9202256.5","Rotation":0,"NAMOBJ":"Mlati","WADMKC":"Kedungpring","WADMKK":"Lamongan"},"geometry":{"type":"Point","coordinates":[112.19829343,-7.21548155]}},{"type":"Feature","properties":{"Line":"R106","Tr":2999,"X":"632300.5","Y":"9202244.0","Rotation":0,"NAMOBJ":"Mlati","WADMKC":"Kedungpring","WADMKK":"Lamongan"},"geometry":{"type":"Point","coordinates":[112.19829373,-7.2155946]}},{"type":"Feature","properties":{"Line":"R106","Tr":3000,"X":"632300.5","Y":"9202231.5","Rotation":0,"NAMOBJ":"Mlati","WADMKC":"Kedungpring","WADMKK":"Lamongan"},"geometry":{"type":"Point","coordinates":[112.19829403,-7.21570765]}},{"type":"Feature","properties":{"Line":"R106","Tr":3001,"X":"632300.5","Y":"9202219.0","Rotation":0,"NAMOBJ":"Mlati","WADMKC":"Kedungpring","WADMKK":"Lamongan"},"geometry":{"type":"Point","coordinates":[112.19829432,-7.2158207]}},{"type":"Feature","properties":{"Line":"R106","Tr":3002,"X":"632300.5","Y":"9202206.5","Rotation":0,"NAMOBJ":"Mlati","WADMKC":"Kedungpring","WADMKK":"Lamongan"},"geometry":{"type":"Point","coordinates":[112.19829462,-7.21593375]}},{"type":"Feature","properties":{"Line":"R106","Tr":3003,"X":"632300.5","Y":"9202194.0","Rotation":0,"NAMOBJ":"Mlati","WADMKC":"Kedungpring","WADMKK":"Lamongan"},"geometry":{"type":"Point","coordinates":[112.19829492,-7.2160468]}},{"type":"Feature","properties":{"Line":"R106","Tr":3004,"X":"632300.5","Y":"9202181.5","Rotation":0,"NAMOBJ":"Mlati","WADMKC":"Kedungpring","WADMKK":"Lamongan"},"geometry":{"type":"Point","coordinates":[112.19829522,-7.21615985]}},{"type":"Feature","properties":{"Line":"R106","Tr":3005,"X":"632300.5","Y":"9202169.0","Rotation":0,"NAMOBJ":"Mlati","WADMKC":"Kedungpring","WADMKK":"Lamongan"},"geometry":{"type":"Point","coordinates":[112.19829551,-7.21627289]}},{"type":"Feature","properties":{"Line":"R106","Tr":3006,"X":"632300.5","Y":"9202156.5","Rotation":0,"NAMOBJ":"Mlati","WADMKC":"Kedungpring","WADMKK":"Lamongan"},"geometry":{"type":"Point","coordinates":[112.19829581,-7.21638594]}},{"type":"Feature","properties":{"Line":"R106","Tr":3007,"X":"632300.5","Y":"9202144.0","Rotation":0,"NAMOBJ":"Mlati","WADMKC":"Kedungpring","WADMKK":"Lamongan"},"geometry":{"type":"Point","coordinates":[112.19829611,-7.21649899]}},{"type":"Feature","properties":{"Line":"R106","Tr":3008,"X":"632300.5","Y":"9202131.5","Rotation":0,"NAMOBJ":"Mlati","WADMKC":"Kedungpring","WADMKK":"Lamongan"},"geometry":{"type":"Point","coordinates":[112.19829641,-7.21661204]}},{"type":"Feature","properties":{"Line":"R106","Tr":3009,"X":"632300.5","Y":"9202119.0","Rotation":0,"NAMOBJ":"Mlati","WADMKC":"Kedungpring","WADMKK":"Lamongan"},"geometry":{"type":"Point","coordinates":[112.1982967,-7.21672509]}},{"type":"Feature","properties":{"Line":"R106","Tr":3010,"X":"632300.5","Y":"9202106.5","Rotation":0,"NAMOBJ":"Mlati","WADMKC":"Kedungpring","WADMKK":"Lamongan"},"geometry":{"type":"Point","coordinates":[112.198297,-7.21683814]}},{"type":"Feature","properties":{"Line":"R106","Tr":3011,"X":"632300.5","Y":"9202094.0","Rotation":0,"NAMOBJ":"Mlati","WADMKC":"Kedungpring","WADMKK":"Lamongan"},"geometry":{"type":"Point","coordinates":[112.1982973,-7.21695119]}},{"type":"Feature","properties":{"Line":"R106","Tr":3012,"X":"632300.5","Y":"9202081.5","Rotation":0,"NAMOBJ":"Mlati","WADMKC":"Kedungpring","WADMKK":"Lamongan"},"geometry":{"type":"Point","coordinates":[112.1982976,-7.21706424]}},{"type":"Feature","properties":{"Line":"R106","Tr":3013,"X":"632300.5","Y":"9202069.0","Rotation":0,"NAMOBJ":"Mlati","WADMKC":"Kedungpring","WADMKK":"Lamongan"},"geometry":{"type":"Point","coordinates":[112.19829789,-7.21717728]}},{"type":"Feature","properties":{"Line":"R106","Tr":3014,"X":"632300.5","Y":"9202056.5","Rotation":0,"NAMOBJ":"Mlati","WADMKC":"Kedungpring","WADMKK":"Lamongan"},"geometry":{"type":"Point","coordinates":[112.19829819,-7.21729033]}},{"type":"Feature","properties":{"Line":"R106","Tr":3015,"X":"632300.5","Y":"9202044.0","Rotation":0,"NAMOBJ":"Mlati","WADMKC":"Kedungpring","WADMKK":"Lamongan"},"geometry":{"type":"Point","coordinates":[112.19829849,-7.21740338]}},{"type":"Feature","properties":{"Line":"R106","Tr":3016,"X":"632300.5","Y":"9202031.5","Rotation":0,"NAMOBJ":"Mlati","WADMKC":"Kedungpring","WADMKK":"Lamongan"},"geometry":{"type":"Point","coordinates":[112.19829879,-7.21751643]}},{"type":"Feature","properties":{"Line":"R106","Tr":3017,"X":"632300.5","Y":"9202019.0","Rotation":0,"NAMOBJ":"Mlati","WADMKC":"Kedungpring","WADMKK":"Lamongan"},"geometry":{"type":"Point","coordinates":[112.19829908,-7.21762948]}},{"type":"Feature","properties":{"Line":"R106","Tr":3018,"X":"632300.5","Y":"9202006.5","Rotation":0,"NAMOBJ":"Mlati","WADMKC":"Kedungpring","WADMKK":"Lamongan"},"geometry":{"type":"Point","coordinates":[112.19829938,-7.21774253]}},{"type":"Feature","properties":{"Line":"R106","Tr":3019,"X":"632300.5","Y":"9201994.0","Rotation":0,"NAMOBJ":"Mlati","WADMKC":"Kedungpring","WADMKK":"Lamongan"},"geometry":{"type":"Point","coordinates":[112.19829968,-7.21785558]}},{"type":"Feature","properties":{"Line":"R106","Tr":3020,"X":"632300.5","Y":"9201981.5","Rotation":0,"NAMOBJ":"Mlati","WADMKC":"Kedungpring","WADMKK":"Lamongan"},"geometry":{"type":"Point","coordinates":[112.19829998,-7.21796862]}},{"type":"Feature","properties":{"Line":"R106","Tr":3021,"X":"632300.5","Y":"9201969.0","Rotation":0,"NAMOBJ":"Mlati","WADMKC":"Kedungpring","WADMKK":"Lamongan"},"geometry":{"type":"Point","coordinates":[112.19830027,-7.21808167]}},{"type":"Feature","properties":{"Line":"R106","Tr":3022,"X":"632300.5","Y":"9201956.5","Rotation":0,"NAMOBJ":"Mlati","WADMKC":"Kedungpring","WADMKK":"Lamongan"},"geometry":{"type":"Point","coordinates":[112.19830057,-7.21819472]}},{"type":"Feature","properties":{"Line":"R106","Tr":3023,"X":"632300.5","Y":"9201944.0","Rotation":0,"NAMOBJ":"Mlati","WADMKC":"Kedungpring","WADMKK":"Lamongan"},"geometry":{"type":"Point","coordinates":[112.19830087,-7.21830777]}},{"type":"Feature","properties":{"Line":"R106","Tr":3024,"X":"632300.5","Y":"9201931.5","Rotation":0,"NAMOBJ":"Mlati","WADMKC":"Kedungpring","WADMKK":"Lamongan"},"geometry":{"type":"Point","coordinates":[112.19830117,-7.21842082]}},{"type":"Feature","properties":{"Line":"R106","Tr":3025,"X":"632300.5","Y":"9201919.0","Rotation":0,"NAMOBJ":"Mlati","WADMKC":"Kedungpring","WADMKK":"Lamongan"},"geometry":{"type":"Point","coordinates":[112.19830146,-7.21853387]}},{"type":"Feature","properties":{"Line":"R106","Tr":3026,"X":"632300.5","Y":"9201906.5","Rotation":0,"NAMOBJ":"Mlati","WADMKC":"Kedungpring","WADMKK":"Lamongan"},"geometry":{"type":"Point","coordinates":[112.19830176,-7.21864692]}},{"type":"Feature","properties":{"Line":"R106","Tr":3027,"X":"632300.5","Y":"9201894.0","Rotation":0,"NAMOBJ":"Mlati","WADMKC":"Kedungpring","WADMKK":"Lamongan"},"geometry":{"type":"Point","coordinates":[112.19830206,-7.21875996]}},{"type":"Feature","properties":{"Line":"R106","Tr":3028,"X":"632300.5","Y":"9201881.5","Rotation":0,"NAMOBJ":"Mlati","WADMKC":"Kedungpring","WADMKK":"Lamongan"},"geometry":{"type":"Point","coordinates":[112.19830236,-7.21887301]}},{"type":"Feature","properties":{"Line":"R106","Tr":3029,"X":"632300.5","Y":"9201869.0","Rotation":0,"NAMOBJ":"Mlati","WADMKC":"Kedungpring","WADMKK":"Lamongan"},"geometry":{"type":"Point","coordinates":[112.19830265,-7.21898606]}},{"type":"Feature","properties":{"Line":"R106","Tr":3030,"X":"632300.5","Y":"9201856.5","Rotation":0,"NAMOBJ":"Mlati","WADMKC":"Kedungpring","WADMKK":"Lamongan"},"geometry":{"type":"Point","coordinates":[112.19830295,-7.21909911]}},{"type":"Feature","properties":{"Line":"R106","Tr":3031,"X":"632300.5","Y":"9201844.0","Rotation":0,"NAMOBJ":"Mlati","WADMKC":"Kedungpring","WADMKK":"Lamongan"},"geometry":{"type":"Point","coordinates":[112.19830325,-7.21921216]}},{"type":"Feature","properties":{"Line":"R106","Tr":3032,"X":"632300.5","Y":"9201831.5","Rotation":0,"NAMOBJ":"Mlati","WADMKC":"Kedungpring","WADMKK":"Lamongan"},"geometry":{"type":"Point","coordinates":[112.19830355,-7.21932521]}},{"type":"Feature","properties":{"Line":"R106","Tr":3033,"X":"632300.5","Y":"9201819.0","Rotation":0,"NAMOBJ":"Mlati","WADMKC":"Kedungpring","WADMKK":"Lamongan"},"geometry":{"type":"Point","coordinates":[112.19830384,-7.21943826]}},{"type":"Feature","properties":{"Line":"R106","Tr":3034,"X":"632300.5","Y":"9201806.5","Rotation":0,"NAMOBJ":"Mlati","WADMKC":"Kedungpring","WADMKK":"Lamongan"},"geometry":{"type":"Point","coordinates":[112.19830414,-7.2195513]}},{"type":"Feature","properties":{"Line":"R106","Tr":3035,"X":"632300.5","Y":"9201794.0","Rotation":0,"NAMOBJ":"Mlati","WADMKC":"Kedungpring","WADMKK":"Lamongan"},"geometry":{"type":"Point","coordinates":[112.19830444,-7.21966435]}},{"type":"Feature","properties":{"Line":"R106","Tr":3036,"X":"632300.5","Y":"9201781.5","Rotation":0,"NAMOBJ":"Mlati","WADMKC":"Kedungpring","WADMKK":"Lamongan"},"geometry":{"type":"Point","coordinates":[112.19830474,-7.2197774]}},{"type":"Feature","properties":{"Line":"R106","Tr":3037,"X":"632300.5","Y":"9201769.0","Rotation":0,"NAMOBJ":"Mlati","WADMKC":"Kedungpring","WADMKK":"Lamongan"},"geometry":{"type":"Point","coordinates":[112.19830503,-7.21989045]}},{"type":"Feature","properties":{"Line":"R106","Tr":3038,"X":"632300.5","Y":"9201756.5","Rotation":0,"NAMOBJ":"Mlati","WADMKC":"Kedungpring","WADMKK":"Lamongan"},"geometry":{"type":"Point","coordinates":[112.19830533,-7.2200035]}},{"type":"Feature","properties":{"Line":"R106","Tr":3039,"X":"632300.5","Y":"9201744.0","Rotation":0,"NAMOBJ":"Mlati","WADMKC":"Kedungpring","WADMKK":"Lamongan"},"geometry":{"type":"Point","coordinates":[112.19830563,-7.22011655]}},{"type":"Feature","properties":{"Line":"R106","Tr":3040,"X":"632300.5","Y":"9201731.5","Rotation":0,"NAMOBJ":"Mlati","WADMKC":"Kedungpring","WADMKK":"Lamongan"},"geometry":{"type":"Point","coordinates":[112.19830593,-7.2202296]}},{"type":"Feature","properties":{"Line":"R106","Tr":3041,"X":"632300.5","Y":"9201719.0","Rotation":0,"NAMOBJ":"Mlati","WADMKC":"Kedungpring","WADMKK":"Lamongan"},"geometry":{"type":"Point","coordinates":[112.19830622,-7.22034264]}},{"type":"Feature","properties":{"Line":"R106","Tr":3042,"X":"632300.5","Y":"9201706.5","Rotation":0,"NAMOBJ":"Mlati","WADMKC":"Kedungpring","WADMKK":"Lamongan"},"geometry":{"type":"Point","coordinates":[112.19830652,-7.22045569]}},{"type":"Feature","properties":{"Line":"R106","Tr":3043,"X":"632300.5","Y":"9201694.0","Rotation":0,"NAMOBJ":"Mlati","WADMKC":"Kedungpring","WADMKK":"Lamongan"},"geometry":{"type":"Point","coordinates":[112.19830682,-7.22056874]}},{"type":"Feature","properties":{"Line":"R106","Tr":3044,"X":"632300.5","Y":"9201681.5","Rotation":0,"NAMOBJ":"Mlati","WADMKC":"Kedungpring","WADMKK":"Lamongan"},"geometry":{"type":"Point","coordinates":[112.19830712,-7.22068179]}},{"type":"Feature","properties":{"Line":"R106","Tr":3045,"X":"632300.5","Y":"9201669.0","Rotation":0,"NAMOBJ":"Mlati","WADMKC":"Kedungpring","WADMKK":"Lamongan"},"geometry":{"type":"Point","coordinates":[112.19830741,-7.22079484]}},{"type":"Feature","properties":{"Line":"R106","Tr":3046,"X":"632300.5","Y":"9201656.5","Rotation":0,"NAMOBJ":"Mlati","WADMKC":"Kedungpring","WADMKK":"Lamongan"},"geometry":{"type":"Point","coordinates":[112.19830771,-7.22090789]}},{"type":"Feature","properties":{"Line":"R106","Tr":3047,"X":"632300.5","Y":"9201644.0","Rotation":0,"NAMOBJ":"Mlati","WADMKC":"Kedungpring","WADMKK":"Lamongan"},"geometry":{"type":"Point","coordinates":[112.19830801,-7.22102094]}},{"type":"Feature","properties":{"Line":"R106","Tr":3048,"X":"632300.5","Y":"9201631.5","Rotation":0,"NAMOBJ":"Mlati","WADMKC":"Kedungpring","WADMKK":"Lamongan"},"geometry":{"type":"Point","coordinates":[112.19830831,-7.22113398]}},{"type":"Feature","properties":{"Line":"R106","Tr":3049,"X":"632300.5","Y":"9201619.0","Rotation":0,"NAMOBJ":"Mlati","WADMKC":"Kedungpring","WADMKK":"Lamongan"},"geometry":{"type":"Point","coordinates":[112.1983086,-7.22124703]}},{"type":"Feature","properties":{"Line":"R106","Tr":3050,"X":"632300.5","Y":"9201606.5","Rotation":0,"NAMOBJ":"Mlati","WADMKC":"Kedungpring","WADMKK":"Lamongan"},"geometry":{"type":"Point","coordinates":[112.1983089,-7.22136008]}},{"type":"Feature","properties":{"Line":"R106","Tr":3051,"X":"632300.5","Y":"9201594.0","Rotation":0,"NAMOBJ":"Mlati","WADMKC":"Kedungpring","WADMKK":"Lamongan"},"geometry":{"type":"Point","coordinates":[112.1983092,-7.22147313]}},{"type":"Feature","properties":{"Line":"R106","Tr":3052,"X":"632300.5","Y":"9201581.5","Rotation":0,"NAMOBJ":"Mlati","WADMKC":"Kedungpring","WADMKK":"Lamongan"},"geometry":{"type":"Point","coordinates":[112.1983095,-7.22158618]}},{"type":"Feature","properties":{"Line":"R106","Tr":3053,"X":"632300.5","Y":"9201569.0","Rotation":0,"NAMOBJ":"Mlati","WADMKC":"Kedungpring","WADMKK":"Lamongan"},"geometry":{"type":"Point","coordinates":[112.1983098,-7.22169923]}},{"type":"Feature","properties":{"Line":"R106","Tr":3054,"X":"632300.5","Y":"9201556.5","Rotation":0,"NAMOBJ":"Mlati","WADMKC":"Kedungpring","WADMKK":"Lamongan"},"geometry":{"type":"Point","coordinates":[112.19831009,-7.22181228]}},{"type":"Feature","properties":{"Line":"R106","Tr":3055,"X":"632300.5","Y":"9201544.0","Rotation":0,"NAMOBJ":"Mlati","WADMKC":"Kedungpring","WADMKK":"Lamongan"},"geometry":{"type":"Point","coordinates":[112.19831039,-7.22192532]}},{"type":"Feature","properties":{"Line":"R106","Tr":3056,"X":"632300.5","Y":"9201531.5","Rotation":0,"NAMOBJ":"Mlati","WADMKC":"Kedungpring","WADMKK":"Lamongan"},"geometry":{"type":"Point","coordinates":[112.19831069,-7.22203837]}},{"type":"Feature","properties":{"Line":"R106","Tr":3057,"X":"632300.5","Y":"9201519.0","Rotation":0,"NAMOBJ":"Mlati","WADMKC":"Kedungpring","WADMKK":"Lamongan"},"geometry":{"type":"Point","coordinates":[112.19831099,-7.22215142]}},{"type":"Feature","properties":{"Line":"R106","Tr":3058,"X":"632300.5","Y":"9201506.5","Rotation":0,"NAMOBJ":"Mlati","WADMKC":"Kedungpring","WADMKK":"Lamongan"},"geometry":{"type":"Point","coordinates":[112.19831128,-7.22226447]}},{"type":"Feature","properties":{"Line":"R106","Tr":3059,"X":"632300.5","Y":"9201494.0","Rotation":0,"NAMOBJ":"Mlati","WADMKC":"Kedungpring","WADMKK":"Lamongan"},"geometry":{"type":"Point","coordinates":[112.19831158,-7.22237752]}},{"type":"Feature","properties":{"Line":"R106","Tr":3060,"X":"632300.5","Y":"9201481.5","Rotation":0,"NAMOBJ":"Mlati","WADMKC":"Kedungpring","WADMKK":"Lamongan"},"geometry":{"type":"Point","coordinates":[112.19831188,-7.22249057]}},{"type":"Feature","properties":{"Line":"R106","Tr":3061,"X":"632300.5","Y":"9201469.0","Rotation":0,"NAMOBJ":"Mlati","WADMKC":"Kedungpring","WADMKK":"Lamongan"},"geometry":{"type":"Point","coordinates":[112.19831218,-7.22260362]}},{"type":"Feature","properties":{"Line":"R106","Tr":3062,"X":"632300.5","Y":"9201456.5","Rotation":0,"NAMOBJ":"Mlati","WADMKC":"Kedungpring","WADMKK":"Lamongan"},"geometry":{"type":"Point","coordinates":[112.19831247,-7.22271666]}},{"type":"Feature","properties":{"Line":"R106","Tr":3063,"X":"632300.5","Y":"9201444.0","Rotation":0,"NAMOBJ":"Mlati","WADMKC":"Kedungpring","WADMKK":"Lamongan"},"geometry":{"type":"Point","coordinates":[112.19831277,-7.22282971]}},{"type":"Feature","properties":{"Line":"R106","Tr":3064,"X":"632300.5","Y":"9201431.5","Rotation":0,"NAMOBJ":"Mlati","WADMKC":"Kedungpring","WADMKK":"Lamongan"},"geometry":{"type":"Point","coordinates":[112.19831307,-7.22294276]}},{"type":"Feature","properties":{"Line":"R106","Tr":3065,"X":"632300.5","Y":"9201419.0","Rotation":0,"NAMOBJ":"Mlati","WADMKC":"Kedungpring","WADMKK":"Lamongan"},"geometry":{"type":"Point","coordinates":[112.19831337,-7.22305581]}},{"type":"Feature","properties":{"Line":"R106","Tr":3066,"X":"632300.5","Y":"9201406.5","Rotation":0,"NAMOBJ":"Mlati","WADMKC":"Kedungpring","WADMKK":"Lamongan"},"geometry":{"type":"Point","coordinates":[112.19831367,-7.22316886]}},{"type":"Feature","properties":{"Line":"R106","Tr":3067,"X":"632300.5","Y":"9201394.0","Rotation":0,"NAMOBJ":"Mlati","WADMKC":"Kedungpring","WADMKK":"Lamongan"},"geometry":{"type":"Point","coordinates":[112.19831396,-7.22328191]}},{"type":"Feature","properties":{"Line":"R106","Tr":3068,"X":"632300.5","Y":"9201381.5","Rotation":0,"NAMOBJ":"Mlati","WADMKC":"Kedungpring","WADMKK":"Lamongan"},"geometry":{"type":"Point","coordinates":[112.19831426,-7.22339496]}},{"type":"Feature","properties":{"Line":"R106","Tr":3069,"X":"632300.5","Y":"9201369.0","Rotation":0,"NAMOBJ":"Mlati","WADMKC":"Kedungpring","WADMKK":"Lamongan"},"geometry":{"type":"Point","coordinates":[112.19831456,-7.223508]}},{"type":"Feature","properties":{"Line":"R106","Tr":3070,"X":"632300.5","Y":"9201356.5","Rotation":0,"NAMOBJ":"Mlati","WADMKC":"Kedungpring","WADMKK":"Lamongan"},"geometry":{"type":"Point","coordinates":[112.19831486,-7.22362105]}},{"type":"Feature","properties":{"Line":"R106","Tr":3071,"X":"632300.5","Y":"9201344.0","Rotation":0,"NAMOBJ":"Mlati","WADMKC":"Kedungpring","WADMKK":"Lamongan"},"geometry":{"type":"Point","coordinates":[112.19831515,-7.2237341]}},{"type":"Feature","properties":{"Line":"R106","Tr":3072,"X":"632300.5","Y":"9201331.5","Rotation":0,"NAMOBJ":"Mlati","WADMKC":"Kedungpring","WADMKK":"Lamongan"},"geometry":{"type":"Point","coordinates":[112.19831545,-7.22384715]}},{"type":"Feature","properties":{"Line":"R106","Tr":3073,"X":"632300.5","Y":"9201319.0","Rotation":0,"NAMOBJ":"Mlati","WADMKC":"Kedungpring","WADMKK":"Lamongan"},"geometry":{"type":"Point","coordinates":[112.19831575,-7.2239602]}},{"type":"Feature","properties":{"Line":"R106","Tr":3074,"X":"632300.5","Y":"9201306.5","Rotation":0,"NAMOBJ":"Mlati","WADMKC":"Kedungpring","WADMKK":"Lamongan"},"geometry":{"type":"Point","coordinates":[112.19831605,-7.22407325]}},{"type":"Feature","properties":{"Line":"R106","Tr":3075,"X":"632300.5","Y":"9201294.0","Rotation":0,"NAMOBJ":"Mlati","WADMKC":"Kedungpring","WADMKK":"Lamongan"},"geometry":{"type":"Point","coordinates":[112.19831635,-7.2241863]}},{"type":"Feature","properties":{"Line":"R106","Tr":3076,"X":"632300.5","Y":"9201281.5","Rotation":0,"NAMOBJ":"Mlati","WADMKC":"Kedungpring","WADMKK":"Lamongan"},"geometry":{"type":"Point","coordinates":[112.19831664,-7.22429934]}},{"type":"Feature","properties":{"Line":"R106","Tr":3077,"X":"632300.5","Y":"9201269.0","Rotation":0,"NAMOBJ":"Mlati","WADMKC":"Kedungpring","WADMKK":"Lamongan"},"geometry":{"type":"Point","coordinates":[112.19831694,-7.22441239]}},{"type":"Feature","properties":{"Line":"R106","Tr":3078,"X":"632300.5","Y":"9201256.5","Rotation":0,"NAMOBJ":"Mlati","WADMKC":"Kedungpring","WADMKK":"Lamongan"},"geometry":{"type":"Point","coordinates":[112.19831724,-7.22452544]}},{"type":"Feature","properties":{"Line":"R106","Tr":3079,"X":"632300.5","Y":"9201244.0","Rotation":0,"NAMOBJ":"Mlati","WADMKC":"Kedungpring","WADMKK":"Lamongan"},"geometry":{"type":"Point","coordinates":[112.19831754,-7.22463849]}},{"type":"Feature","properties":{"Line":"R106","Tr":3080,"X":"632300.5","Y":"9201231.5","Rotation":0,"NAMOBJ":"Mlati","WADMKC":"Kedungpring","WADMKK":"Lamongan"},"geometry":{"type":"Point","coordinates":[112.19831783,-7.22475154]}},{"type":"Feature","properties":{"Line":"R106","Tr":3081,"X":"632300.5","Y":"9201219.0","Rotation":0,"NAMOBJ":"Mlati","WADMKC":"Kedungpring","WADMKK":"Lamongan"},"geometry":{"type":"Point","coordinates":[112.19831813,-7.22486459]}},{"type":"Feature","properties":{"Line":"R106","Tr":3082,"X":"632300.5","Y":"9201206.5","Rotation":0,"NAMOBJ":"Mlati","WADMKC":"Kedungpring","WADMKK":"Lamongan"},"geometry":{"type":"Point","coordinates":[112.19831843,-7.22497764]}},{"type":"Feature","properties":{"Line":"R106","Tr":3083,"X":"632300.5","Y":"9201194.0","Rotation":0,"NAMOBJ":"Mlati","WADMKC":"Kedungpring","WADMKK":"Lamongan"},"geometry":{"type":"Point","coordinates":[112.19831873,-7.22509068]}},{"type":"Feature","properties":{"Line":"R106","Tr":3084,"X":"632300.5","Y":"9201181.5","Rotation":0,"NAMOBJ":"Mlati","WADMKC":"Kedungpring","WADMKK":"Lamongan"},"geometry":{"type":"Point","coordinates":[112.19831903,-7.22520373]}},{"type":"Feature","properties":{"Line":"R106","Tr":3085,"X":"632300.5","Y":"9201169.0","Rotation":0,"NAMOBJ":"Mlati","WADMKC":"Kedungpring","WADMKK":"Lamongan"},"geometry":{"type":"Point","coordinates":[112.19831932,-7.22531678]}},{"type":"Feature","properties":{"Line":"R106","Tr":3086,"X":"632300.5","Y":"9201156.5","Rotation":0,"NAMOBJ":"Mlati","WADMKC":"Kedungpring","WADMKK":"Lamongan"},"geometry":{"type":"Point","coordinates":[112.19831962,-7.22542983]}},{"type":"Feature","properties":{"Line":"R106","Tr":3087,"X":"632300.5","Y":"9201144.0","Rotation":0,"NAMOBJ":"Mlati","WADMKC":"Kedungpring","WADMKK":"Lamongan"},"geometry":{"type":"Point","coordinates":[112.19831992,-7.22554288]}},{"type":"Feature","properties":{"Line":"R106","Tr":3088,"X":"632300.5","Y":"9201131.5","Rotation":0,"NAMOBJ":"Mlati","WADMKC":"Kedungpring","WADMKK":"Lamongan"},"geometry":{"type":"Point","coordinates":[112.19832022,-7.22565593]}}]}