{"type":"FeatureCollection","features":[{"type":"Feature","properties":{"Line":"S103","Sp":"2108.50000000000","X":"638075.50000000000","Y":"9209800.30000000075","NAMOBJ":"Bedingin","WADMKC":"Sugio","WADMKK":"Lamongan"},"geometry":{"type":"Point","coordinates":[112.3,-7.1]}},{"type":"Feature","properties":{"Line":"S103","Sp":"2112.50000000000","X":"638125.50000000000","Y":"9209800.30000000075","NAMOBJ":"Bedingin","WADMKC":"Sugio","WADMKK":"Lamongan"},"geometry":{"type":"Point","coordinates":[112.3,-7.1]}},{"type":"Feature","properties":{"Line":"S103","Sp":"2116.50000000000","X":"638175.50000000000","Y":"9209800.30000000075","NAMOBJ":"Bedingin","WADMKC":"Sugio","WADMKK":"Lamongan"},"geometry":{"type":"Point","coordinates":[112.3,-7.1]}},{"type":"Feature","properties":{"Line":"S103","Sp":"2120.50000000000","X":"638225.50000000000","Y":"9209800.30000000075","NAMOBJ":"Bedingin","WADMKC":"Sugio","WADMKK":"Lamongan"},"geometry":{"type":"Point","coordinates":[112.3,-7.1]}},{"type":"Feature","properties":{"Line":"S103","Sp":"2124.50000000000","X":"638275.50000000000","Y":"9209800.30000000075","NAMOBJ":"Bedingin","WADMKC":"Sugio","WADMKK":"Lamongan"},"geometry":{"type":"Point","coordinates":[112.3,-7.1]}},{"type":"Feature","properties":{"Line":"S103","Sp":"2128.50000000000","X":"638325.50000000000","Y":"9209800.30000000075","NAMOBJ":"Bedingin","WADMKC":"Sugio","WADMKK":"Lamongan"},"geometry":{"type":"Point","coordinates":[112.3,-7.1]}},{"type":"Feature","properties":{"Line":"S103","Sp":"2132.50000000000","X":"638375.50000000000","Y":"9209800.30000000075","NAMOBJ":"Bedingin","WADMKC":"Sugio","WADMKK":"Lamongan"},"geometry":{"type":"Point","coordinates":[112.3,-7.1]}},{"type":"Feature","properties":{"Line":"S103","Sp":"2136.50000000000","X":"638425.50000000000","Y":"9209800.30000000075","NAMOBJ":"Bedingin","WADMKC":"Sugio","WADMKK":"Lamongan"},"geometry":{"type":"Point","coordinates":[112.3,-7.1]}},{"type":"Feature","properties":{"Line":"S103","Sp":"2140.50000000000","X":"638475.50000000000","Y":"9209800.30000000075","NAMOBJ":"Bedingin","WADMKC":"Sugio","WADMKK":"Lamongan"},"geometry":{"type":"Point","coordinates":[112.3,-7.1]}},{"type":"Feature","properties":{"Line":"S103","Sp":"2144.50000000000","X":"638525.50000000000","Y":"9209800.30000000075","NAMOBJ":"Bedingin","WADMKC":"Sugio","WADMKK":"Lamongan"},"geometry":{"type":"Point","coordinates":[112.3,-7.1]}},{"type":"Feature","properties":{"Line":"S103","Sp":"2148.50000000000","X":"638575.50000000000","Y":"9209800.30000000075","NAMOBJ":"Bedingin","WADMKC":"Sugio","WADMKK":"Lamongan"},"geometry":{"type":"Point","coordinates":[112.3,-7.1]}},{"type":"Feature","properties":{"Line":"S103","Sp":"2152.50000000000","X":"638625.50000000000","Y":"9209800.30000000075","NAMOBJ":"Bedingin","WADMKC":"Sugio","WADMKK":"Lamongan"},"geometry":{"type":"Point","coordinates":[112.3,-7.1]}},{"type":"Feature","properties":{"Line":"S103","Sp":"2156.50000000000","X":"638675.50000000000","Y":"9209800.30000000075","NAMOBJ":"Bedingin","WADMKC":"Sugio","WADMKK":"Lamongan"},"geometry":{"type":"Point","coordinates":[112.3,-7.1]}},{"type":"Feature","properties":{"Line":"S103","Sp":"2160.50000000000","X":"638725.50000000000","Y":"9209800.30000000075","NAMOBJ":"Bedingin","WADMKC":"Sugio","WADMKK":"Lamongan"},"geometry":{"type":"Point","coordinates":[112.3,-7.1]}},{"type":"Feature","properties":{"Line":"S103","Sp":"2164.50000000000","X":"638775.50000000000","Y":"9209800.30000000075","NAMOBJ":"Bedingin","WADMKC":"Sugio","WADMKK":"Lamongan"},"geometry":{"type":"Point","coordinates":[112.3,-7.1]}},{"type":"Feature","properties":{"Line":"S103","Sp":"2168.50000000000","X":"638825.50000000000","Y":"9209800.30000000075","NAMOBJ":"Bedingin","WADMKC":"Sugio","WADMKK":"Lamongan"},"geometry":{"type":"Point","coordinates":[112.3,-7.1]}},{"type":"Feature","properties":{"Line":"S103","Sp":"2172.50000000000","X":"638875.50000000000","Y":"9209800.30000000075","NAMOBJ":"Bedingin","WADMKC":"Sugio","WADMKK":"Lamongan"},"geometry":{"type":"Point","coordinates":[112.3,-7.1]}},{"type":"Feature","properties":{"Line":"S103","Sp":"2176.50000000000","X":"638925.50000000000","Y":"9209800.30000000075","NAMOBJ":"Bedingin","WADMKC":"Sugio","WADMKK":"Lamongan"},"geometry":{"type":"Point","coordinates":[112.3,-7.1]}},{"type":"Feature","properties":{"Line":"S103","Sp":"2180.50000000000","X":"638975.50000000000","Y":"9209800.30000000075","NAMOBJ":"Bedingin","WADMKC":"Sugio","WADMKK":"Lamongan"},"geometry":{"type":"Point","coordinates":[112.3,-7.1]}},{"type":"Feature","properties":{"Line":"S103","Sp":"2184.50000000000","X":"639025.50000000000","Y":"9209800.30000000075","NAMOBJ":"Bedingin","WADMKC":"Sugio","WADMKK":"Lamongan"},"geometry":{"type":"Point","coordinates":[112.3,-7.1]}},{"type":"Feature","properties":{"Line":"S103","Sp":"2188.50000000000","X":"639075.50000000000","Y":"9209800.30000000075","NAMOBJ":"Bedingin","WADMKC":"Sugio","WADMKK":"Lamongan"},"geometry":{"type":"Point","coordinates":[112.3,-7.1]}},{"type":"Feature","properties":{"Line":"S105","Sp":"2128.50000000000","X":"638075.50000000000","Y":"9210800.30000000075","NAMOBJ":"Bedingin","WADMKC":"Sugio","WADMKK":"Lamongan"},"geometry":{"type":"Point","coordinates":[112.3,-7.1]}},{"type":"Feature","properties":{"Line":"S105","Sp":"2132.50000000000","X":"638125.50000000000","Y":"9210800.30000000075","NAMOBJ":"Bedingin","WADMKC":"Sugio","WADMKK":"Lamongan"},"geometry":{"type":"Point","coordinates":[112.3,-7.1]}},{"type":"Feature","properties":{"Line":"S105","Sp":"2136.50000000000","X":"638175.50000000000","Y":"9210800.30000000075","NAMOBJ":"Bedingin","WADMKC":"Sugio","WADMKK":"Lamongan"},"geometry":{"type":"Point","coordinates":[112.3,-7.1]}},{"type":"Feature","properties":{"Line":"S105","Sp":"2140.50000000000","X":"638225.50000000000","Y":"9210800.30000000075","NAMOBJ":"Bedingin","WADMKC":"Sugio","WADMKK":"Lamongan"},"geometry":{"type":"Point","coordinates":[112.3,-7.1]}},{"type":"Feature","properties":{"Line":"S105","Sp":"2144.50000000000","X":"638275.50000000000","Y":"9210800.30000000075","NAMOBJ":"Bedingin","WADMKC":"Sugio","WADMKK":"Lamongan"},"geometry":{"type":"Point","coordinates":[112.3,-7.1]}},{"type":"Feature","properties":{"Line":"S105","Sp":"2148.50000000000","X":"638325.50000000000","Y":"9210800.30000000075","NAMOBJ":"Bedingin","WADMKC":"Sugio","WADMKK":"Lamongan"},"geometry":{"type":"Point","coordinates":[112.3,-7.1]}},{"type":"Feature","properties":{"Line":"S105","Sp":"2152.50000000000","X":"638375.50000000000","Y":"9210800.30000000075","NAMOBJ":"Bedingin","WADMKC":"Sugio","WADMKK":"Lamongan"},"geometry":{"type":"Point","coordinates":[112.3,-7.1]}},{"type":"Feature","properties":{"Line":"S105","Sp":"2156.50000000000","X":"638425.50000000000","Y":"9210800.30000000075","NAMOBJ":"Bedingin","WADMKC":"Sugio","WADMKK":"Lamongan"},"geometry":{"type":"Point","coordinates":[112.3,-7.1]}},{"type":"Feature","properties":{"Line":"S105","Sp":"2160.50000000000","X":"638475.50000000000","Y":"9210800.30000000075","NAMOBJ":"Bedingin","WADMKC":"Sugio","WADMKK":"Lamongan"},"geometry":{"type":"Point","coordinates":[112.3,-7.1]}},{"type":"Feature","properties":{"Line":"S105","Sp":"2164.50000000000","X":"638525.50000000000","Y":"9210800.30000000075","NAMOBJ":"Bedingin","WADMKC":"Sugio","WADMKK":"Lamongan"},"geometry":{"type":"Point","coordinates":[112.3,-7.1]}},{"type":"Feature","properties":{"Line":"S105","Sp":"2168.50000000000","X":"638575.50000000000","Y":"9210800.30000000075","NAMOBJ":"Bedingin","WADMKC":"Sugio","WADMKK":"Lamongan"},"geometry":{"type":"Point","coordinates":[112.3,-7.1]}},{"type":"Feature","properties":{"Line":"S105","Sp":"2172.50000000000","X":"638625.50000000000","Y":"9210800.30000000075","NAMOBJ":"Bedingin","WADMKC":"Sugio","WADMKK":"Lamongan"},"geometry":{"type":"Point","coordinates":[112.3,-7.1]}},{"type":"Feature","properties":{"Line":"S105","Sp":"2176.50000000000","X":"638675.50000000000","Y":"9210800.30000000075","NAMOBJ":"Bedingin","WADMKC":"Sugio","WADMKK":"Lamongan"},"geometry":{"type":"Point","coordinates":[112.3,-7.1]}},{"type":"Feature","properties":{"Line":"S105","Sp":"2180.50000000000","X":"638725.50000000000","Y":"9210800.30000000075","NAMOBJ":"Bedingin","WADMKC":"Sugio","WADMKK":"Lamongan"},"geometry":{"type":"Point","coordinates":[112.3,-7.1]}},{"type":"Feature","properties":{"Line":"S105","Sp":"2184.50000000000","X":"638775.50000000000","Y":"9210800.30000000075","NAMOBJ":"Bedingin","WADMKC":"Sugio","WADMKK":"Lamongan"},"geometry":{"type":"Point","coordinates":[112.3,-7.1]}},{"type":"Feature","properties":{"Line":"S105","Sp":"2188.50000000000","X":"638825.50000000000","Y":"9210800.30000000075","NAMOBJ":"Bedingin","WADMKC":"Sugio","WADMKK":"Lamongan"},"geometry":{"type":"Point","coordinates":[112.3,-7.1]}},{"type":"Feature","properties":{"Line":"S105","Sp":"2192.50000000000","X":"638875.50000000000","Y":"9210800.30000000075","NAMOBJ":"Bedingin","WADMKC":"Sugio","WADMKK":"Lamongan"},"geometry":{"type":"Point","coordinates":[112.3,-7.1]}},{"type":"Feature","properties":{"Line":"S105","Sp":"2196.50000000000","X":"638925.50000000000","Y":"9210800.30000000075","NAMOBJ":"Bedingin","WADMKC":"Sugio","WADMKK":"Lamongan"},"geometry":{"type":"Point","coordinates":[112.3,-7.1]}},{"type":"Feature","properties":{"Line":"S105","Sp":"2200.50000000000","X":"638975.50000000000","Y":"9210800.30000000075","NAMOBJ":"Bedingin","WADMKC":"Sugio","WADMKK":"Lamongan"},"geometry":{"type":"Point","coordinates":[112.3,-7.1]}},{"type":"Feature","properties":{"Line":"S105","Sp":"2204.50000000000","X":"639025.50000000000","Y":"9210800.30000000075","NAMOBJ":"Bedingin","WADMKC":"Sugio","WADMKK":"Lamongan"},"geometry":{"type":"Point","coordinates":[112.3,-7.1]}},{"type":"Feature","properties":{"Line":"S105","Sp":"2208.50000000000","X":"639075.50000000000","Y":"9210800.30000000075","NAMOBJ":"Bedingin","WADMKC":"Sugio","WADMKK":"Lamongan"},"geometry":{"type":"Point","coordinates":[112.3,-7.1]}},{"type":"Feature","properties":{"Line":"S105","Sp":"2212.50000000000","X":"639125.50000000000","Y":"9210800.30000000075","NAMOBJ":"Bedingin","WADMKC":"Sugio","WADMKK":"Lamongan"},"geometry":{"type":"Point","coordinates":[112.3,-7.1]}},{"type":"Feature","properties":{"Line":"S105","Sp":"2216.50000000000","X":"639175.50000000000","Y":"9210800.30000000075","NAMOBJ":"Bedingin","WADMKC":"Sugio","WADMKK":"Lamongan"},"geometry":{"type":"Point","coordinates":[112.3,-7.1]}},{"type":"Feature","properties":{"Line":"S105","Sp":"2220.50000000000","X":"639225.50000000000","Y":"9210800.30000000075","NAMOBJ":"Bedingin","WADMKC":"Sugio","WADMKK":"Lamongan"},"geometry":{"type":"Point","coordinates":[112.3,-7.1]}},{"type":"Feature","properties":{"Line":"S105","Sp":"2224.50000000000","X":"639275.50000000000","Y":"9210800.30000000075","NAMOBJ":"Bedingin","WADMKC":"Sugio","WADMKK":"Lamongan"},"geometry":{"type":"Point","coordinates":[112.3,-7.1]}},{"type":"Feature","properties":{"Line":"S105","Sp":"2228.50000000000","X":"639325.50000000000","Y":"9210800.30000000075","NAMOBJ":"Bedingin","WADMKC":"Sugio","WADMKK":"Lamongan"},"geometry":{"type":"Point","coordinates":[112.3,-7.1]}},{"type":"Feature","properties":{"Line":"S105","Sp":"2232.50000000000","X":"639375.50000000000","Y":"9210800.30000000075","NAMOBJ":"Bedingin","WADMKC":"Sugio","WADMKK":"Lamongan"},"geometry":{"type":"Point","coordinates":[112.3,-7.1]}},{"type":"Feature","properties":{"Line":"S105","Sp":"2236.50000000000","X":"639425.50000000000","Y":"9210800.30000000075","NAMOBJ":"Bedingin","WADMKC":"Sugio","WADMKK":"Lamongan"},"geometry":{"type":"Point","coordinates":[112.3,-7.1]}},{"type":"Feature","properties":{"Line":"S105","Sp":"2240.50000000000","X":"639475.50000000000","Y":"9210800.30000000075","NAMOBJ":"Bedingin","WADMKC":"Sugio","WADMKK":"Lamongan"},"geometry":{"type":"Point","coordinates":[112.3,-7.1]}},{"type":"Feature","properties":{"Line":"S105","Sp":"2244.50000000000","X":"639525.50000000000","Y":"9210800.30000000075","NAMOBJ":"Bedingin","WADMKC":"Sugio","WADMKK":"Lamongan"},"geometry":{"type":"Point","coordinates":[112.3,-7.1]}},{"type":"Feature","properties":{"Line":"S105","Sp":"2248.50000000000","X":"639575.50000000000","Y":"9210800.30000000075","NAMOBJ":"Bedingin","WADMKC":"Sugio","WADMKK":"Lamongan"},"geometry":{"type":"Point","coordinates":[112.3,-7.1]}},{"type":"Feature","properties":{"Line":"S105","Sp":"2252.50000000000","X":"639625.50000000000","Y":"9210800.30000000075","NAMOBJ":"Bedingin","WADMKC":"Sugio","WADMKK":"Lamongan"},"geometry":{"type":"Point","coordinates":[112.3,-7.1]}},{"type":"Feature","properties":{"Line":"S105","Sp":"2256.50000000000","X":"639675.50000000000","Y":"9210800.30000000075","NAMOBJ":"Bedingin","WADMKC":"Sugio","WADMKK":"Lamongan"},"geometry":{"type":"Point","coordinates":[112.3,-7.1]}},{"type":"Feature","properties":{"Line":"S107","Sp":"2272.50000000000","X":"639125.50000000000","Y":"9211800.30000000075","NAMOBJ":"Bedingin","WADMKC":"Sugio","WADMKK":"Lamongan"},"geometry":{"type":"Point","coordinates":[112.3,-7.1]}},{"type":"Feature","properties":{"Line":"S107","Sp":"2276.50000000000","X":"639175.50000000000","Y":"9211800.30000000075","NAMOBJ":"Bedingin","WADMKC":"Sugio","WADMKK":"Lamongan"},"geometry":{"type":"Point","coordinates":[112.3,-7.1]}},{"type":"Feature","properties":{"Line":"S107","Sp":"2280.50000000000","X":"639225.50000000000","Y":"9211800.30000000075","NAMOBJ":"Bedingin","WADMKC":"Sugio","WADMKK":"Lamongan"},"geometry":{"type":"Point","coordinates":[112.3,-7.1]}},{"type":"Feature","properties":{"Line":"S107","Sp":"2284.50000000000","X":"639275.50000000000","Y":"9211800.30000000075","NAMOBJ":"Bedingin","WADMKC":"Sugio","WADMKK":"Lamongan"},"geometry":{"type":"Point","coordinates":[112.3,-7.1]}},{"type":"Feature","properties":{"Line":"S107","Sp":"2288.50000000000","X":"639325.50000000000","Y":"9211800.30000000075","NAMOBJ":"Bedingin","WADMKC":"Sugio","WADMKK":"Lamongan"},"geometry":{"type":"Point","coordinates":[112.3,-7.1]}},{"type":"Feature","properties":{"Line":"S118","Sp":"2352.50000000000","X":"638300.50000000000","Y":"9210975.30000000075","NAMOBJ":"Bedingin","WADMKC":"Sugio","WADMKK":"Lamongan"},"geometry":{"type":"Point","coordinates":[112.3,-7.1]}},{"type":"Feature","properties":{"Line":"S118","Sp":"2356.50000000000","X":"638300.50000000000","Y":"9210925.30000000075","NAMOBJ":"Bedingin","WADMKC":"Sugio","WADMKK":"Lamongan"},"geometry":{"type":"Point","coordinates":[112.3,-7.1]}},{"type":"Feature","properties":{"Line":"S118","Sp":"2360.50000000000","X":"638300.50000000000","Y":"9210875.30000000075","NAMOBJ":"Bedingin","WADMKC":"Sugio","WADMKK":"Lamongan"},"geometry":{"type":"Point","coordinates":[112.3,-7.1]}},{"type":"Feature","properties":{"Line":"S118","Sp":"2364.50000000000","X":"638300.50000000000","Y":"9210825.30000000075","NAMOBJ":"Bedingin","WADMKC":"Sugio","WADMKK":"Lamongan"},"geometry":{"type":"Point","coordinates":[112.3,-7.1]}},{"type":"Feature","properties":{"Line":"S118","Sp":"2368.50000000000","X":"638300.50000000000","Y":"9210775.30000000075","NAMOBJ":"Bedingin","WADMKC":"Sugio","WADMKK":"Lamongan"},"geometry":{"type":"Point","coordinates":[112.3,-7.1]}},{"type":"Feature","properties":{"Line":"S118","Sp":"2372.50000000000","X":"638300.50000000000","Y":"9210725.30000000075","NAMOBJ":"Bedingin","WADMKC":"Sugio","WADMKK":"Lamongan"},"geometry":{"type":"Point","coordinates":[112.3,-7.1]}},{"type":"Feature","properties":{"Line":"S118","Sp":"2376.50000000000","X":"638300.50000000000","Y":"9210675.30000000075","NAMOBJ":"Bedingin","WADMKC":"Sugio","WADMKK":"Lamongan"},"geometry":{"type":"Point","coordinates":[112.3,-7.1]}},{"type":"Feature","properties":{"Line":"S118","Sp":"2380.50000000000","X":"638300.50000000000","Y":"9210625.30000000075","NAMOBJ":"Bedingin","WADMKC":"Sugio","WADMKK":"Lamongan"},"geometry":{"type":"Point","coordinates":[112.3,-7.1]}},{"type":"Feature","properties":{"Line":"S118","Sp":"2384.50000000000","X":"638300.50000000000","Y":"9210575.30000000075","NAMOBJ":"Bedingin","WADMKC":"Sugio","WADMKK":"Lamongan"},"geometry":{"type":"Point","coordinates":[112.3,-7.1]}},{"type":"Feature","properties":{"Line":"S118","Sp":"2388.50000000000","X":"638300.50000000000","Y":"9210525.30000000075","NAMOBJ":"Bedingin","WADMKC":"Sugio","WADMKK":"Lamongan"},"geometry":{"type":"Point","coordinates":[112.3,-7.1]}},{"type":"Feature","properties":{"Line":"S118","Sp":"2392.50000000000","X":"638300.50000000000","Y":"9210475.30000000075","NAMOBJ":"Bedingin","WADMKC":"Sugio","WADMKK":"Lamongan"},"geometry":{"type":"Point","coordinates":[112.3,-7.1]}},{"type":"Feature","properties":{"Line":"S118","Sp":"2396.50000000000","X":"638300.50000000000","Y":"9210425.30000000075","NAMOBJ":"Bedingin","WADMKC":"Sugio","WADMKK":"Lamongan"},"geometry":{"type":"Point","coordinates":[112.3,-7.1]}},{"type":"Feature","properties":{"Line":"S118","Sp":"2400.50000000000","X":"638300.50000000000","Y":"9210375.30000000075","NAMOBJ":"Bedingin","WADMKC":"Sugio","WADMKK":"Lamongan"},"geometry":{"type":"Point","coordinates":[112.3,-7.1]}},{"type":"Feature","properties":{"Line":"S118","Sp":"2404.50000000000","X":"638300.50000000000","Y":"9210325.30000000075","NAMOBJ":"Bedingin","WADMKC":"Sugio","WADMKK":"Lamongan"},"geometry":{"type":"Point","coordinates":[112.3,-7.1]}},{"type":"Feature","properties":{"Line":"S118","Sp":"2408.50000000000","X":"638300.50000000000","Y":"9210275.30000000075","NAMOBJ":"Bedingin","WADMKC":"Sugio","WADMKK":"Lamongan"},"geometry":{"type":"Point","coordinates":[112.3,-7.1]}},{"type":"Feature","properties":{"Line":"S118","Sp":"2412.50000000000","X":"638300.50000000000","Y":"9210225.30000000075","NAMOBJ":"Bedingin","WADMKC":"Sugio","WADMKK":"Lamongan"},"geometry":{"type":"Point","coordinates":[112.3,-7.1]}},{"type":"Feature","properties":{"Line":"S118","Sp":"2416.50000000000","X":"638300.50000000000","Y":"9210175.30000000075","NAMOBJ":"Bedingin","WADMKC":"Sugio","WADMKK":"Lamongan"},"geometry":{"type":"Point","coordinates":[112.3,-7.1]}},{"type":"Feature","properties":{"Line":"S118","Sp":"2420.50000000000","X":"638300.50000000000","Y":"9210125.30000000075","NAMOBJ":"Bedingin","WADMKC":"Sugio","WADMKK":"Lamongan"},"geometry":{"type":"Point","coordinates":[112.3,-7.1]}},{"type":"Feature","properties":{"Line":"S118","Sp":"2424.50000000000","X":"638300.50000000000","Y":"9210075.30000000075","NAMOBJ":"Bedingin","WADMKC":"Sugio","WADMKK":"Lamongan"},"geometry":{"type":"Point","coordinates":[112.3,-7.1]}},{"type":"Feature","properties":{"Line":"S118","Sp":"2428.50000000000","X":"638300.50000000000","Y":"9210025.30000000075","NAMOBJ":"Bedingin","WADMKC":"Sugio","WADMKK":"Lamongan"},"geometry":{"type":"Point","coordinates":[112.3,-7.1]}},{"type":"Feature","properties":{"Line":"S118","Sp":"2432.50000000000","X":"638300.50000000000","Y":"9209975.30000000075","NAMOBJ":"Bedingin","WADMKC":"Sugio","WADMKK":"Lamongan"},"geometry":{"type":"Point","coordinates":[112.3,-7.1]}},{"type":"Feature","properties":{"Line":"S118","Sp":"2436.50000000000","X":"638300.50000000000","Y":"9209925.30000000075","NAMOBJ":"Bedingin","WADMKC":"Sugio","WADMKK":"Lamongan"},"geometry":{"type":"Point","coordinates":[112.3,-7.1]}},{"type":"Feature","properties":{"Line":"S118","Sp":"2440.50000000000","X":"638300.50000000000","Y":"9209875.30000000075","NAMOBJ":"Bedingin","WADMKC":"Sugio","WADMKK":"Lamongan"},"geometry":{"type":"Point","coordinates":[112.3,-7.1]}},{"type":"Feature","properties":{"Line":"S118","Sp":"2444.50000000000","X":"638300.50000000000","Y":"9209825.30000000075","NAMOBJ":"Bedingin","WADMKC":"Sugio","WADMKK":"Lamongan"},"geometry":{"type":"Point","coordinates":[112.3,-7.1]}},{"type":"Feature","properties":{"Line":"S118","Sp":"2448.50000000000","X":"638300.50000000000","Y":"9209775.30000000075","NAMOBJ":"Bedingin","WADMKC":"Sugio","WADMKK":"Lamongan"},"geometry":{"type":"Point","coordinates":[112.3,-7.1]}},{"type":"Feature","properties":{"Line":"S118","Sp":"2452.50000000000","X":"638300.50000000000","Y":"9209725.30000000075","NAMOBJ":"Bedingin","WADMKC":"Sugio","WADMKK":"Lamongan"},"geometry":{"type":"Point","coordinates":[112.3,-7.1]}},{"type":"Feature","properties":{"Line":"S118","Sp":"2456.50000000000","X":"638300.50000000000","Y":"9209675.30000000075","NAMOBJ":"Bedingin","WADMKC":"Sugio","WADMKK":"Lamongan"},"geometry":{"type":"Point","coordinates":[112.3,-7.1]}},{"type":"Feature","properties":{"Line":"S118","Sp":"2460.50000000000","X":"638300.50000000000","Y":"9209625.30000000075","NAMOBJ":"Bedingin","WADMKC":"Sugio","WADMKK":"Lamongan"},"geometry":{"type":"Point","coordinates":[112.3,-7.1]}},{"type":"Feature","properties":{"Line":"S118","Sp":"2464.50000000000","X":"638300.50000000000","Y":"9209575.30000000075","NAMOBJ":"Bedingin","WADMKC":"Sugio","WADMKK":"Lamongan"},"geometry":{"type":"Point","coordinates":[112.3,-7.1]}},{"type":"Feature","properties":{"Line":"S118","Sp":"2468.50000000000","X":"638300.50000000000","Y":"9209525.30000000075","NAMOBJ":"Bedingin","WADMKC":"Sugio","WADMKK":"Lamongan"},"geometry":{"type":"Point","coordinates":[112.3,-7.1]}},{"type":"Feature","properties":{"Line":"S120","Sp":"2276.50000000000","X":"639300.50000000000","Y":"9211875.30000000075","NAMOBJ":"Bedingin","WADMKC":"Sugio","WADMKK":"Lamongan"},"geometry":{"type":"Point","coordinates":[112.3,-7.1]}},{"type":"Feature","properties":{"Line":"S120","Sp":"2280.50000000000","X":"639300.50000000000","Y":"9211825.30000000075","NAMOBJ":"Bedingin","WADMKC":"Sugio","WADMKK":"Lamongan"},"geometry":{"type":"Point","coordinates":[112.3,-7.1]}},{"type":"Feature","properties":{"Line":"S120","Sp":"2284.50000000000","X":"639300.50000000000","Y":"9211775.30000000075","NAMOBJ":"Bedingin","WADMKC":"Sugio","WADMKK":"Lamongan"},"geometry":{"type":"Point","coordinates":[112.3,-7.1]}},{"type":"Feature","properties":{"Line":"S120","Sp":"2288.50000000000","X":"639300.50000000000","Y":"9211725.30000000075","NAMOBJ":"Bedingin","WADMKC":"Sugio","WADMKK":"Lamongan"},"geometry":{"type":"Point","coordinates":[112.3,-7.1]}},{"type":"Feature","properties":{"Line":"S120","Sp":"2292.50000000000","X":"639300.50000000000","Y":"9211675.30000000075","NAMOBJ":"Bedingin","WADMKC":"Sugio","WADMKK":"Lamongan"},"geometry":{"type":"Point","coordinates":[112.3,-7.1]}},{"type":"Feature","properties":{"Line":"S120","Sp":"2296.50000000000","X":"639300.50000000000","Y":"9211625.30000000075","NAMOBJ":"Bedingin","WADMKC":"Sugio","WADMKK":"Lamongan"},"geometry":{"type":"Point","coordinates":[112.3,-7.1]}},{"type":"Feature","properties":{"Line":"S120","Sp":"2300.50000000000","X":"639300.50000000000","Y":"9211575.30000000075","NAMOBJ":"Bedingin","WADMKC":"Sugio","WADMKK":"Lamongan"},"geometry":{"type":"Point","coordinates":[112.3,-7.1]}},{"type":"Feature","properties":{"Line":"S120","Sp":"2304.50000000000","X":"639300.50000000000","Y":"9211525.30000000075","NAMOBJ":"Bedingin","WADMKC":"Sugio","WADMKK":"Lamongan"},"geometry":{"type":"Point","coordinates":[112.3,-7.1]}},{"type":"Feature","properties":{"Line":"S120","Sp":"2308.50000000000","X":"639300.50000000000","Y":"9211475.30000000075","NAMOBJ":"Bedingin","WADMKC":"Sugio","WADMKK":"Lamongan"},"geometry":{"type":"Point","coordinates":[112.3,-7.1]}},{"type":"Feature","properties":{"Line":"S120","Sp":"2312.50000000000","X":"639300.50000000000","Y":"9211425.30000000075","NAMOBJ":"Bedingin","WADMKC":"Sugio","WADMKK":"Lamongan"},"geometry":{"type":"Point","coordinates":[112.3,-7.1]}},{"type":"Feature","properties":{"Line":"S120","Sp":"2316.50000000000","X":"639300.50000000000","Y":"9211375.30000000075","NAMOBJ":"Bedingin","WADMKC":"Sugio","WADMKK":"Lamongan"},"geometry":{"type":"Point","coordinates":[112.3,-7.1]}},{"type":"Feature","properties":{"Line":"S120","Sp":"2320.50000000000","X":"639300.50000000000","Y":"9211325.30000000075","NAMOBJ":"Bedingin","WADMKC":"Sugio","WADMKK":"Lamongan"},"geometry":{"type":"Point","coordinates":[112.3,-7.1]}},{"type":"Feature","properties":{"Line":"S120","Sp":"2324.50000000000","X":"639300.50000000000","Y":"9211275.30000000075","NAMOBJ":"Bedingin","WADMKC":"Sugio","WADMKK":"Lamongan"},"geometry":{"type":"Point","coordinates":[112.3,-7.1]}},{"type":"Feature","properties":{"Line":"S120","Sp":"2328.50000000000","X":"639300.50000000000","Y":"9211225.30000000075","NAMOBJ":"Bedingin","WADMKC":"Sugio","WADMKK":"Lamongan"},"geometry":{"type":"Point","coordinates":[112.3,-7.1]}},{"type":"Feature","properties":{"Line":"S120","Sp":"2332.50000000000","X":"639300.50000000000","Y":"9211175.30000000075","NAMOBJ":"Bedingin","WADMKC":"Sugio","WADMKK":"Lamongan"},"geometry":{"type":"Point","coordinates":[112.3,-7.1]}},{"type":"Feature","properties":{"Line":"S120","Sp":"2336.50000000000","X":"639300.50000000000","Y":"9211125.30000000075","NAMOBJ":"Bedingin","WADMKC":"Sugio","WADMKK":"Lamongan"},"geometry":{"type":"Point","coordinates":[112.3,-7.1]}},{"type":"Feature","properties":{"Line":"S120","Sp":"2340.50000000000","X":"639300.50000000000","Y":"9211075.30000000075","NAMOBJ":"Bedingin","WADMKC":"Sugio","WADMKK":"Lamongan"},"geometry":{"type":"Point","coordinates":[112.3,-7.1]}},{"type":"Feature","properties":{"Line":"S120","Sp":"2344.50000000000","X":"639300.50000000000","Y":"9211025.30000000075","NAMOBJ":"Bedingin","WADMKC":"Sugio","WADMKK":"Lamongan"},"geometry":{"type":"Point","coordinates":[112.3,-7.1]}},{"type":"Feature","properties":{"Line":"S120","Sp":"2348.50000000000","X":"639300.50000000000","Y":"9210975.30000000075","NAMOBJ":"Bedingin","WADMKC":"Sugio","WADMKK":"Lamongan"},"geometry":{"type":"Point","coordinates":[112.3,-7.1]}},{"type":"Feature","properties":{"Line":"S120","Sp":"2352.50000000000","X":"639300.50000000000","Y":"9210925.30000000075","NAMOBJ":"Bedingin","WADMKC":"Sugio","WADMKK":"Lamongan"},"geometry":{"type":"Point","coordinates":[112.3,-7.1]}},{"type":"Feature","properties":{"Line":"S120","Sp":"2356.50000000000","X":"639300.50000000000","Y":"9210875.30000000075","NAMOBJ":"Bedingin","WADMKC":"Sugio","WADMKK":"Lamongan"},"geometry":{"type":"Point","coordinates":[112.3,-7.1]}},{"type":"Feature","properties":{"Line":"S120","Sp":"2360.50000000000","X":"639300.50000000000","Y":"9210825.30000000075","NAMOBJ":"Bedingin","WADMKC":"Sugio","WADMKK":"Lamongan"},"geometry":{"type":"Point","coordinates":[112.3,-7.1]}},{"type":"Feature","properties":{"Line":"S120","Sp":"2364.50000000000","X":"639300.50000000000","Y":"9210775.30000000075","NAMOBJ":"Bedingin","WADMKC":"Sugio","WADMKK":"Lamongan"},"geometry":{"type":"Point","coordinates":[112.3,-7.1]}},{"type":"Feature","properties":{"Line":"S120","Sp":"2368.50000000000","X":"639300.50000000000","Y":"9210725.30000000075","NAMOBJ":"Bedingin","WADMKC":"Sugio","WADMKK":"Lamongan"},"geometry":{"type":"Point","coordinates":[112.3,-7.1]}},{"type":"Feature","properties":{"Line":"S120","Sp":"2372.50000000000","X":"639300.50000000000","Y":"9210675.30000000075","NAMOBJ":"Bedingin","WADMKC":"Sugio","WADMKK":"Lamongan"},"geometry":{"type":"Point","coordinates":[112.3,-7.1]}},{"type":"Feature","properties":{"Line":"S120","Sp":"2376.50000000000","X":"639300.50000000000","Y":"9210625.30000000075","NAMOBJ":"Bedingin","WADMKC":"Sugio","WADMKK":"Lamongan"},"geometry":{"type":"Point","coordinates":[112.3,-7.1]}},{"type":"Feature","properties":{"Line":"S120","Sp":"2380.50000000000","X":"639300.50000000000","Y":"9210575.30000000075","NAMOBJ":"Bedingin","WADMKC":"Sugio","WADMKK":"Lamongan"},"geometry":{"type":"Point","coordinates":[112.3,-7.1]}},{"type":"Feature","properties":{"Line":"S120","Sp":"2384.50000000000","X":"639300.50000000000","Y":"9210525.30000000075","NAMOBJ":"Bedingin","WADMKC":"Sugio","WADMKK":"Lamongan"},"geometry":{"type":"Point","coordinates":[112.3,-7.1]}},{"type":"Feature","properties":{"Line":"S120","Sp":"2388.50000000000","X":"639300.50000000000","Y":"9210475.30000000075","NAMOBJ":"Bedingin","WADMKC":"Sugio","WADMKK":"Lamongan"},"geometry":{"type":"Point","coordinates":[112.3,-7.1]}},{"type":"Feature","properties":{"Line":"S120","Sp":"2392.50000000000","X":"639300.50000000000","Y":"9210425.30000000075","NAMOBJ":"Bedingin","WADMKC":"Sugio","WADMKK":"Lamongan"},"geometry":{"type":"Point","coordinates":[112.3,-7.1]}},{"type":"Feature","properties":{"Line":"S120","Sp":"2396.50000000000","X":"639300.50000000000","Y":"9210375.30000000075","NAMOBJ":"Bedingin","WADMKC":"Sugio","WADMKK":"Lamongan"},"geometry":{"type":"Point","coordinates":[112.3,-7.1]}},{"type":"Feature","properties":{"Line":"S120","Sp":"2400.50000000000","X":"639300.50000000000","Y":"9210325.30000000075","NAMOBJ":"Bedingin","WADMKC":"Sugio","WADMKK":"Lamongan"},"geometry":{"type":"Point","coordinates":[112.3,-7.1]}},{"type":"Feature","properties":{"Line":"S120","Sp":"2404.50000000000","X":"639300.50000000000","Y":"9210275.30000000075","NAMOBJ":"Bedingin","WADMKC":"Sugio","WADMKK":"Lamongan"},"geometry":{"type":"Point","coordinates":[112.3,-7.1]}},{"type":"Feature","properties":{"Line":"S120","Sp":"2408.50000000000","X":"639300.50000000000","Y":"9210225.30000000075","NAMOBJ":"Bedingin","WADMKC":"Sugio","WADMKK":"Lamongan"},"geometry":{"type":"Point","coordinates":[112.3,-7.1]}},{"type":"Feature","properties":{"Line":"S120","Sp":"2412.50000000000","X":"639300.50000000000","Y":"9210175.30000000075","NAMOBJ":"Bedingin","WADMKC":"Sugio","WADMKK":"Lamongan"},"geometry":{"type":"Point","coordinates":[112.3,-7.1]}},{"type":"Feature","properties":{"Line":"S120","Sp":"2416.50000000000","X":"639300.50000000000","Y":"9210125.30000000075","NAMOBJ":"Bedingin","WADMKC":"Sugio","WADMKK":"Lamongan"},"geometry":{"type":"Point","coordinates":[112.3,-7.1]}},{"type":"Feature","properties":{"Line":"S120","Sp":"2420.50000000000","X":"639300.50000000000","Y":"9210075.30000000075","NAMOBJ":"Bedingin","WADMKC":"Sugio","WADMKK":"Lamongan"},"geometry":{"type":"Point","coordinates":[112.3,-7.1]}},{"type":"Feature","properties":{"Line":"S119","Sp":"2412.50000000000","X":"640725.50000000000","Y":"9217800.30000000075","NAMOBJ":"Bulutengger","WADMKC":"Sekaran","WADMKK":"Lamongan"},"geometry":{"type":"Point","coordinates":[112.3,-7.1]}},{"type":"Feature","properties":{"Line":"S119","Sp":"2416.50000000000","X":"640775.50000000000","Y":"9217800.30000000075","NAMOBJ":"Bulutengger","WADMKC":"Sekaran","WADMKK":"Lamongan"},"geometry":{"type":"Point","coordinates":[112.3,-7.1]}},{"type":"Feature","properties":{"Line":"S119","Sp":"2420.50000000000","X":"640825.50000000000","Y":"9217800.30000000075","NAMOBJ":"Bulutengger","WADMKC":"Sekaran","WADMKK":"Lamongan"},"geometry":{"type":"Point","coordinates":[112.3,-7.1]}},{"type":"Feature","properties":{"Line":"S119","Sp":"2424.50000000000","X":"640875.50000000000","Y":"9217800.30000000075","NAMOBJ":"Bulutengger","WADMKC":"Sekaran","WADMKK":"Lamongan"},"geometry":{"type":"Point","coordinates":[112.3,-7.1]}},{"type":"Feature","properties":{"Line":"S119","Sp":"2428.50000000000","X":"640925.50000000000","Y":"9217800.30000000075","NAMOBJ":"Bulutengger","WADMKC":"Sekaran","WADMKK":"Lamongan"},"geometry":{"type":"Point","coordinates":[112.3,-7.1]}},{"type":"Feature","properties":{"Line":"S119","Sp":"2432.50000000000","X":"640975.50000000000","Y":"9217800.30000000075","NAMOBJ":"Bulutengger","WADMKC":"Sekaran","WADMKK":"Lamongan"},"geometry":{"type":"Point","coordinates":[112.3,-7.1]}},{"type":"Feature","properties":{"Line":"S119","Sp":"2436.50000000000","X":"641025.50000000000","Y":"9217800.30000000075","NAMOBJ":"Bulutengger","WADMKC":"Sekaran","WADMKK":"Lamongan"},"geometry":{"type":"Point","coordinates":[112.3,-7.1]}},{"type":"Feature","properties":{"Line":"S119","Sp":"2440.50000000000","X":"641075.50000000000","Y":"9217800.30000000075","NAMOBJ":"Bulutengger","WADMKC":"Sekaran","WADMKK":"Lamongan"},"geometry":{"type":"Point","coordinates":[112.3,-7.1]}},{"type":"Feature","properties":{"Line":"S119","Sp":"2444.50000000000","X":"641125.50000000000","Y":"9217800.30000000075","NAMOBJ":"Bulutengger","WADMKC":"Sekaran","WADMKK":"Lamongan"},"geometry":{"type":"Point","coordinates":[112.3,-7.1]}},{"type":"Feature","properties":{"Line":"S119","Sp":"2448.50000000000","X":"641175.50000000000","Y":"9217800.30000000075","NAMOBJ":"Bulutengger","WADMKC":"Sekaran","WADMKK":"Lamongan"},"geometry":{"type":"Point","coordinates":[112.3,-7.1]}},{"type":"Feature","properties":{"Line":"S119","Sp":"2452.50000000000","X":"641225.50000000000","Y":"9217800.30000000075","NAMOBJ":"Bulutengger","WADMKC":"Sekaran","WADMKK":"Lamongan"},"geometry":{"type":"Point","coordinates":[112.3,-7.1]}},{"type":"Feature","properties":{"Line":"S119","Sp":"2456.50000000000","X":"641275.50000000000","Y":"9217800.30000000075","NAMOBJ":"Bulutengger","WADMKC":"Sekaran","WADMKK":"Lamongan"},"geometry":{"type":"Point","coordinates":[112.3,-7.1]}},{"type":"Feature","properties":{"Line":"S119","Sp":"2460.50000000000","X":"641325.50000000000","Y":"9217800.30000000075","NAMOBJ":"Bulutengger","WADMKC":"Sekaran","WADMKK":"Lamongan"},"geometry":{"type":"Point","coordinates":[112.3,-7.1]}},{"type":"Feature","properties":{"Line":"S119","Sp":"2464.50000000000","X":"641375.50000000000","Y":"9217800.30000000075","NAMOBJ":"Bulutengger","WADMKC":"Sekaran","WADMKK":"Lamongan"},"geometry":{"type":"Point","coordinates":[112.3,-7.1]}},{"type":"Feature","properties":{"Line":"S119","Sp":"2468.50000000000","X":"641425.50000000000","Y":"9217800.30000000075","NAMOBJ":"Bulutengger","WADMKC":"Sekaran","WADMKK":"Lamongan"},"geometry":{"type":"Point","coordinates":[112.3,-7.1]}},{"type":"Feature","properties":{"Line":"S121","Sp":"2448.50000000000","X":"641075.50000000000","Y":"9218800.30000000075","NAMOBJ":"Bulutengger","WADMKC":"Sekaran","WADMKK":"Lamongan"},"geometry":{"type":"Point","coordinates":[112.3,-7.1]}},{"type":"Feature","properties":{"Line":"S121","Sp":"2452.50000000000","X":"641125.50000000000","Y":"9218800.30000000075","NAMOBJ":"Bulutengger","WADMKC":"Sekaran","WADMKK":"Lamongan"},"geometry":{"type":"Point","coordinates":[112.3,-7.1]}},{"type":"Feature","properties":{"Line":"S121","Sp":"2456.50000000000","X":"641175.50000000000","Y":"9218800.30000000075","NAMOBJ":"Bulutengger","WADMKC":"Sekaran","WADMKK":"Lamongan"},"geometry":{"type":"Point","coordinates":[112.3,-7.1]}},{"type":"Feature","properties":{"Line":"S121","Sp":"2460.50000000000","X":"641225.50000000000","Y":"9218800.30000000075","NAMOBJ":"Bulutengger","WADMKC":"Sekaran","WADMKK":"Lamongan"},"geometry":{"type":"Point","coordinates":[112.3,-7.1]}},{"type":"Feature","properties":{"Line":"S121","Sp":"2464.50000000000","X":"641275.50000000000","Y":"9218800.30000000075","NAMOBJ":"Bulutengger","WADMKC":"Sekaran","WADMKK":"Lamongan"},"geometry":{"type":"Point","coordinates":[112.3,-7.1]}},{"type":"Feature","properties":{"Line":"S121","Sp":"2468.50000000000","X":"641325.50000000000","Y":"9218800.30000000075","NAMOBJ":"Bulutengger","WADMKC":"Sekaran","WADMKK":"Lamongan"},"geometry":{"type":"Point","coordinates":[112.3,-7.1]}},{"type":"Feature","properties":{"Line":"S121","Sp":"2472.50000000000","X":"641375.50000000000","Y":"9218800.30000000075","NAMOBJ":"Bulutengger","WADMKC":"Sekaran","WADMKK":"Lamongan"},"geometry":{"type":"Point","coordinates":[112.3,-7.1]}},{"type":"Feature","properties":{"Line":"S121","Sp":"2476.50000000000","X":"641425.50000000000","Y":"9218800.30000000075","NAMOBJ":"Bulutengger","WADMKC":"Sekaran","WADMKK":"Lamongan"},"geometry":{"type":"Point","coordinates":[112.3,-7.1]}},{"type":"Feature","properties":{"Line":"S123","Sp":"2436.50000000000","X":"640875.50000000000","Y":"9219800.30000000075","NAMOBJ":"Bulutengger","WADMKC":"Sekaran","WADMKK":"Lamongan"},"geometry":{"type":"Point","coordinates":[112.3,-7.1]}},{"type":"Feature","properties":{"Line":"S123","Sp":"2440.50000000000","X":"640925.50000000000","Y":"9219800.30000000075","NAMOBJ":"Bulutengger","WADMKC":"Sekaran","WADMKK":"Lamongan"},"geometry":{"type":"Point","coordinates":[112.3,-7.1]}},{"type":"Feature","properties":{"Line":"S123","Sp":"2444.50000000000","X":"640975.50000000000","Y":"9219800.30000000075","NAMOBJ":"Bulutengger","WADMKC":"Sekaran","WADMKK":"Lamongan"},"geometry":{"type":"Point","coordinates":[112.3,-7.1]}},{"type":"Feature","properties":{"Line":"S123","Sp":"2448.50000000000","X":"641025.50000000000","Y":"9219800.30000000075","NAMOBJ":"Bulutengger","WADMKC":"Sekaran","WADMKK":"Lamongan"},"geometry":{"type":"Point","coordinates":[112.3,-7.1]}},{"type":"Feature","properties":{"Line":"S123","Sp":"2452.50000000000","X":"641075.50000000000","Y":"9219800.30000000075","NAMOBJ":"Bulutengger","WADMKC":"Sekaran","WADMKK":"Lamongan"},"geometry":{"type":"Point","coordinates":[112.3,-7.1]}},{"type":"Feature","properties":{"Line":"S123","Sp":"2456.50000000000","X":"641125.50000000000","Y":"9219800.30000000075","NAMOBJ":"Bulutengger","WADMKC":"Sekaran","WADMKK":"Lamongan"},"geometry":{"type":"Point","coordinates":[112.3,-7.1]}},{"type":"Feature","properties":{"Line":"S123","Sp":"2460.50000000000","X":"641175.50000000000","Y":"9219800.30000000075","NAMOBJ":"Bulutengger","WADMKC":"Sekaran","WADMKK":"Lamongan"},"geometry":{"type":"Point","coordinates":[112.3,-7.1]}},{"type":"Feature","properties":{"Line":"S123","Sp":"2464.50000000000","X":"641225.50000000000","Y":"9219800.30000000075","NAMOBJ":"Bulutengger","WADMKC":"Sekaran","WADMKK":"Lamongan"},"geometry":{"type":"Point","coordinates":[112.3,-7.1]}},{"type":"Feature","properties":{"Line":"S123","Sp":"2468.50000000000","X":"641275.50000000000","Y":"9219800.30000000075","NAMOBJ":"Bulutengger","WADMKC":"Sekaran","WADMKK":"Lamongan"},"geometry":{"type":"Point","coordinates":[112.3,-7.1]}},{"type":"Feature","properties":{"Line":"S123","Sp":"2472.50000000000","X":"641325.50000000000","Y":"9219800.30000000075","NAMOBJ":"Bulutengger","WADMKC":"Sekaran","WADMKK":"Lamongan"},"geometry":{"type":"Point","coordinates":[112.3,-7.1]}},{"type":"Feature","properties":{"Line":"S123","Sp":"2476.50000000000","X":"641375.50000000000","Y":"9219800.30000000075","NAMOBJ":"Bulutengger","WADMKC":"Sekaran","WADMKK":"Lamongan"},"geometry":{"type":"Point","coordinates":[112.3,-7.1]}},{"type":"Feature","properties":{"Line":"S123","Sp":"2480.50000000000","X":"641425.50000000000","Y":"9219800.30000000075","NAMOBJ":"Bulutengger","WADMKC":"Sekaran","WADMKK":"Lamongan"},"geometry":{"type":"Point","coordinates":[112.3,-7.1]}},{"type":"Feature","properties":{"Line":"S124","Sp":"1728.50000000000","X":"641300.50000000000","Y":"9219825.30000000075","NAMOBJ":"Bulutengger","WADMKC":"Sekaran","WADMKK":"Lamongan"},"geometry":{"type":"Point","coordinates":[112.3,-7.1]}},{"type":"Feature","properties":{"Line":"S124","Sp":"1732.50000000000","X":"641300.50000000000","Y":"9219775.30000000075","NAMOBJ":"Bulutengger","WADMKC":"Sekaran","WADMKK":"Lamongan"},"geometry":{"type":"Point","coordinates":[112.3,-7.1]}},{"type":"Feature","properties":{"Line":"S124","Sp":"1736.50000000000","X":"641300.50000000000","Y":"9219725.30000000075","NAMOBJ":"Bulutengger","WADMKC":"Sekaran","WADMKK":"Lamongan"},"geometry":{"type":"Point","coordinates":[112.3,-7.1]}},{"type":"Feature","properties":{"Line":"S124","Sp":"1740.50000000000","X":"641300.50000000000","Y":"9219675.30000000075","NAMOBJ":"Bulutengger","WADMKC":"Sekaran","WADMKK":"Lamongan"},"geometry":{"type":"Point","coordinates":[112.3,-7.1]}},{"type":"Feature","properties":{"Line":"S124","Sp":"1744.50000000000","X":"641300.50000000000","Y":"9219625.30000000075","NAMOBJ":"Bulutengger","WADMKC":"Sekaran","WADMKK":"Lamongan"},"geometry":{"type":"Point","coordinates":[112.3,-7.1]}},{"type":"Feature","properties":{"Line":"S124","Sp":"1748.50000000000","X":"641300.50000000000","Y":"9219575.30000000075","NAMOBJ":"Bulutengger","WADMKC":"Sekaran","WADMKK":"Lamongan"},"geometry":{"type":"Point","coordinates":[112.3,-7.1]}},{"type":"Feature","properties":{"Line":"S124","Sp":"1752.50000000000","X":"641300.50000000000","Y":"9219525.30000000075","NAMOBJ":"Bulutengger","WADMKC":"Sekaran","WADMKK":"Lamongan"},"geometry":{"type":"Point","coordinates":[112.3,-7.1]}},{"type":"Feature","properties":{"Line":"S124","Sp":"1756.50000000000","X":"641300.50000000000","Y":"9219475.30000000075","NAMOBJ":"Bulutengger","WADMKC":"Sekaran","WADMKK":"Lamongan"},"geometry":{"type":"Point","coordinates":[112.3,-7.1]}},{"type":"Feature","properties":{"Line":"S124","Sp":"1760.50000000000","X":"641300.50000000000","Y":"9219425.30000000075","NAMOBJ":"Bulutengger","WADMKC":"Sekaran","WADMKK":"Lamongan"},"geometry":{"type":"Point","coordinates":[112.3,-7.1]}},{"type":"Feature","properties":{"Line":"S124","Sp":"1764.50000000000","X":"641300.50000000000","Y":"9219375.30000000075","NAMOBJ":"Bulutengger","WADMKC":"Sekaran","WADMKK":"Lamongan"},"geometry":{"type":"Point","coordinates":[112.3,-7.1]}},{"type":"Feature","properties":{"Line":"S124","Sp":"1768.50000000000","X":"641300.50000000000","Y":"9219325.30000000075","NAMOBJ":"Bulutengger","WADMKC":"Sekaran","WADMKK":"Lamongan"},"geometry":{"type":"Point","coordinates":[112.3,-7.1]}},{"type":"Feature","properties":{"Line":"S124","Sp":"1772.50000000000","X":"641300.50000000000","Y":"9219275.30000000075","NAMOBJ":"Bulutengger","WADMKC":"Sekaran","WADMKK":"Lamongan"},"geometry":{"type":"Point","coordinates":[112.3,-7.1]}},{"type":"Feature","properties":{"Line":"S124","Sp":"1776.50000000000","X":"641300.50000000000","Y":"9219225.30000000075","NAMOBJ":"Bulutengger","WADMKC":"Sekaran","WADMKK":"Lamongan"},"geometry":{"type":"Point","coordinates":[112.3,-7.1]}},{"type":"Feature","properties":{"Line":"S124","Sp":"1780.50000000000","X":"641300.50000000000","Y":"9219175.30000000075","NAMOBJ":"Bulutengger","WADMKC":"Sekaran","WADMKK":"Lamongan"},"geometry":{"type":"Point","coordinates":[112.3,-7.1]}},{"type":"Feature","properties":{"Line":"S124","Sp":"1784.50000000000","X":"641300.50000000000","Y":"9219125.30000000075","NAMOBJ":"Bulutengger","WADMKC":"Sekaran","WADMKK":"Lamongan"},"geometry":{"type":"Point","coordinates":[112.3,-7.1]}},{"type":"Feature","properties":{"Line":"S124","Sp":"1788.50000000000","X":"641300.50000000000","Y":"9219075.30000000075","NAMOBJ":"Bulutengger","WADMKC":"Sekaran","WADMKK":"Lamongan"},"geometry":{"type":"Point","coordinates":[112.3,-7.1]}},{"type":"Feature","properties":{"Line":"S124","Sp":"1792.50000000000","X":"641300.50000000000","Y":"9219025.30000000075","NAMOBJ":"Bulutengger","WADMKC":"Sekaran","WADMKK":"Lamongan"},"geometry":{"type":"Point","coordinates":[112.3,-7.1]}},{"type":"Feature","properties":{"Line":"S124","Sp":"1796.50000000000","X":"641300.50000000000","Y":"9218975.30000000075","NAMOBJ":"Bulutengger","WADMKC":"Sekaran","WADMKK":"Lamongan"},"geometry":{"type":"Point","coordinates":[112.3,-7.1]}},{"type":"Feature","properties":{"Line":"S124","Sp":"1800.50000000000","X":"641300.50000000000","Y":"9218925.30000000075","NAMOBJ":"Bulutengger","WADMKC":"Sekaran","WADMKK":"Lamongan"},"geometry":{"type":"Point","coordinates":[112.3,-7.1]}},{"type":"Feature","properties":{"Line":"S124","Sp":"1804.50000000000","X":"641300.50000000000","Y":"9218875.30000000075","NAMOBJ":"Bulutengger","WADMKC":"Sekaran","WADMKK":"Lamongan"},"geometry":{"type":"Point","coordinates":[112.3,-7.1]}},{"type":"Feature","properties":{"Line":"S124","Sp":"1808.50000000000","X":"641300.50000000000","Y":"9218825.30000000075","NAMOBJ":"Bulutengger","WADMKC":"Sekaran","WADMKK":"Lamongan"},"geometry":{"type":"Point","coordinates":[112.3,-7.1]}},{"type":"Feature","properties":{"Line":"S124","Sp":"1812.50000000000","X":"641300.50000000000","Y":"9218775.30000000075","NAMOBJ":"Bulutengger","WADMKC":"Sekaran","WADMKK":"Lamongan"},"geometry":{"type":"Point","coordinates":[112.3,-7.1]}},{"type":"Feature","properties":{"Line":"S124","Sp":"1816.50000000000","X":"641300.50000000000","Y":"9218725.30000000075","NAMOBJ":"Bulutengger","WADMKC":"Sekaran","WADMKK":"Lamongan"},"geometry":{"type":"Point","coordinates":[112.3,-7.1]}},{"type":"Feature","properties":{"Line":"S124","Sp":"1820.50000000000","X":"641300.50000000000","Y":"9218675.30000000075","NAMOBJ":"Bulutengger","WADMKC":"Sekaran","WADMKK":"Lamongan"},"geometry":{"type":"Point","coordinates":[112.3,-7.1]}},{"type":"Feature","properties":{"Line":"S124","Sp":"1824.50000000000","X":"641300.50000000000","Y":"9218625.30000000075","NAMOBJ":"Bulutengger","WADMKC":"Sekaran","WADMKK":"Lamongan"},"geometry":{"type":"Point","coordinates":[112.3,-7.1]}},{"type":"Feature","properties":{"Line":"S124","Sp":"1828.50000000000","X":"641300.50000000000","Y":"9218575.30000000075","NAMOBJ":"Bulutengger","WADMKC":"Sekaran","WADMKK":"Lamongan"},"geometry":{"type":"Point","coordinates":[112.3,-7.1]}},{"type":"Feature","properties":{"Line":"S124","Sp":"1832.50000000000","X":"641300.50000000000","Y":"9218525.30000000075","NAMOBJ":"Bulutengger","WADMKC":"Sekaran","WADMKK":"Lamongan"},"geometry":{"type":"Point","coordinates":[112.3,-7.1]}},{"type":"Feature","properties":{"Line":"S124","Sp":"1836.50000000000","X":"641300.50000000000","Y":"9218475.30000000075","NAMOBJ":"Bulutengger","WADMKC":"Sekaran","WADMKK":"Lamongan"},"geometry":{"type":"Point","coordinates":[112.3,-7.1]}},{"type":"Feature","properties":{"Line":"S124","Sp":"1840.50000000000","X":"641300.50000000000","Y":"9218425.30000000075","NAMOBJ":"Bulutengger","WADMKC":"Sekaran","WADMKK":"Lamongan"},"geometry":{"type":"Point","coordinates":[112.3,-7.1]}},{"type":"Feature","properties":{"Line":"S124","Sp":"1844.50000000000","X":"641300.50000000000","Y":"9218375.30000000075","NAMOBJ":"Bulutengger","WADMKC":"Sekaran","WADMKK":"Lamongan"},"geometry":{"type":"Point","coordinates":[112.3,-7.1]}},{"type":"Feature","properties":{"Line":"S124","Sp":"1848.50000000000","X":"641300.50000000000","Y":"9218325.30000000075","NAMOBJ":"Bulutengger","WADMKC":"Sekaran","WADMKK":"Lamongan"},"geometry":{"type":"Point","coordinates":[112.3,-7.1]}},{"type":"Feature","properties":{"Line":"S124","Sp":"1852.50000000000","X":"641300.50000000000","Y":"9218275.30000000075","NAMOBJ":"Bulutengger","WADMKC":"Sekaran","WADMKK":"Lamongan"},"geometry":{"type":"Point","coordinates":[112.3,-7.1]}},{"type":"Feature","properties":{"Line":"S124","Sp":"1856.50000000000","X":"641300.50000000000","Y":"9218225.30000000075","NAMOBJ":"Bulutengger","WADMKC":"Sekaran","WADMKK":"Lamongan"},"geometry":{"type":"Point","coordinates":[112.3,-7.1]}},{"type":"Feature","properties":{"Line":"S124","Sp":"1860.50000000000","X":"641300.50000000000","Y":"9218175.30000000075","NAMOBJ":"Bulutengger","WADMKC":"Sekaran","WADMKK":"Lamongan"},"geometry":{"type":"Point","coordinates":[112.3,-7.1]}},{"type":"Feature","properties":{"Line":"S124","Sp":"1864.50000000000","X":"641300.50000000000","Y":"9218125.30000000075","NAMOBJ":"Bulutengger","WADMKC":"Sekaran","WADMKK":"Lamongan"},"geometry":{"type":"Point","coordinates":[112.3,-7.1]}},{"type":"Feature","properties":{"Line":"S124","Sp":"1868.50000000000","X":"641300.50000000000","Y":"9218075.30000000075","NAMOBJ":"Bulutengger","WADMKC":"Sekaran","WADMKK":"Lamongan"},"geometry":{"type":"Point","coordinates":[112.3,-7.1]}},{"type":"Feature","properties":{"Line":"S124","Sp":"1872.50000000000","X":"641300.50000000000","Y":"9218025.30000000075","NAMOBJ":"Bulutengger","WADMKC":"Sekaran","WADMKK":"Lamongan"},"geometry":{"type":"Point","coordinates":[112.3,-7.1]}},{"type":"Feature","properties":{"Line":"S124","Sp":"1876.50000000000","X":"641300.50000000000","Y":"9217975.30000000075","NAMOBJ":"Bulutengger","WADMKC":"Sekaran","WADMKK":"Lamongan"},"geometry":{"type":"Point","coordinates":[112.3,-7.1]}},{"type":"Feature","properties":{"Line":"S124","Sp":"1880.50000000000","X":"641300.50000000000","Y":"9217925.30000000075","NAMOBJ":"Bulutengger","WADMKC":"Sekaran","WADMKK":"Lamongan"},"geometry":{"type":"Point","coordinates":[112.3,-7.1]}},{"type":"Feature","properties":{"Line":"S124","Sp":"1884.50000000000","X":"641300.50000000000","Y":"9217875.30000000075","NAMOBJ":"Bulutengger","WADMKC":"Sekaran","WADMKK":"Lamongan"},"geometry":{"type":"Point","coordinates":[112.3,-7.1]}},{"type":"Feature","properties":{"Line":"S124","Sp":"1888.50000000000","X":"641300.50000000000","Y":"9217825.30000000075","NAMOBJ":"Bulutengger","WADMKC":"Sekaran","WADMKK":"Lamongan"},"geometry":{"type":"Point","coordinates":[112.3,-7.1]}},{"type":"Feature","properties":{"Line":"S124","Sp":"1892.50000000000","X":"641300.50000000000","Y":"9217775.30000000075","NAMOBJ":"Bulutengger","WADMKC":"Sekaran","WADMKK":"Lamongan"},"geometry":{"type":"Point","coordinates":[112.3,-7.1]}},{"type":"Feature","properties":{"Line":"S124","Sp":"1896.50000000000","X":"641300.50000000000","Y":"9217725.30000000075","NAMOBJ":"Bulutengger","WADMKC":"Sekaran","WADMKK":"Lamongan"},"geometry":{"type":"Point","coordinates":[112.3,-7.1]}},{"type":"Feature","properties":{"Line":"S124","Sp":"1900.50000000000","X":"641300.50000000000","Y":"9217675.30000000075","NAMOBJ":"Bulutengger","WADMKC":"Sekaran","WADMKK":"Lamongan"},"geometry":{"type":"Point","coordinates":[112.3,-7.1]}},{"type":"Feature","properties":{"Line":"S124","Sp":"1904.50000000000","X":"641300.50000000000","Y":"9217625.30000000075","NAMOBJ":"Bulutengger","WADMKC":"Sekaran","WADMKK":"Lamongan"},"geometry":{"type":"Point","coordinates":[112.3,-7.1]}},{"type":"Feature","properties":{"Line":"S124","Sp":"1908.50000000000","X":"641300.50000000000","Y":"9217575.30000000075","NAMOBJ":"Bulutengger","WADMKC":"Sekaran","WADMKK":"Lamongan"},"geometry":{"type":"Point","coordinates":[112.3,-7.1]}},{"type":"Feature","properties":{"Line":"S124","Sp":"1912.50000000000","X":"641300.50000000000","Y":"9217525.30000000075","NAMOBJ":"Bulutengger","WADMKC":"Sekaran","WADMKK":"Lamongan"},"geometry":{"type":"Point","coordinates":[112.3,-7.1]}},{"type":"Feature","properties":{"Line":"S109","Sp":"2304.50000000000","X":"639375.50000000000","Y":"9212800.30000000075","NAMOBJ":"Gempolpading","WADMKC":"Pucuk","WADMKK":"Lamongan"},"geometry":{"type":"Point","coordinates":[112.3,-7.1]}},{"type":"Feature","properties":{"Line":"S109","Sp":"2308.50000000000","X":"639425.50000000000","Y":"9212800.30000000075","NAMOBJ":"Gempolpading","WADMKC":"Pucuk","WADMKK":"Lamongan"},"geometry":{"type":"Point","coordinates":[112.3,-7.1]}},{"type":"Feature","properties":{"Line":"S109","Sp":"2312.50000000000","X":"639475.50000000000","Y":"9212800.30000000075","NAMOBJ":"Gempolpading","WADMKC":"Pucuk","WADMKK":"Lamongan"},"geometry":{"type":"Point","coordinates":[112.3,-7.1]}},{"type":"Feature","properties":{"Line":"S109","Sp":"2316.50000000000","X":"639525.50000000000","Y":"9212800.30000000075","NAMOBJ":"Gempolpading","WADMKC":"Pucuk","WADMKK":"Lamongan"},"geometry":{"type":"Point","coordinates":[112.3,-7.1]}},{"type":"Feature","properties":{"Line":"S109","Sp":"2320.50000000000","X":"639575.50000000000","Y":"9212800.30000000075","NAMOBJ":"Gempolpading","WADMKC":"Pucuk","WADMKK":"Lamongan"},"geometry":{"type":"Point","coordinates":[112.3,-7.1]}},{"type":"Feature","properties":{"Line":"S109","Sp":"2324.50000000000","X":"639625.50000000000","Y":"9212800.30000000075","NAMOBJ":"Gempolpading","WADMKC":"Pucuk","WADMKK":"Lamongan"},"geometry":{"type":"Point","coordinates":[112.3,-7.1]}},{"type":"Feature","properties":{"Line":"S109","Sp":"2328.50000000000","X":"639675.50000000000","Y":"9212800.30000000075","NAMOBJ":"Gempolpading","WADMKC":"Pucuk","WADMKK":"Lamongan"},"geometry":{"type":"Point","coordinates":[112.3,-7.1]}},{"type":"Feature","properties":{"Line":"S109","Sp":"2332.50000000000","X":"639725.50000000000","Y":"9212800.30000000075","NAMOBJ":"Gempolpading","WADMKC":"Pucuk","WADMKK":"Lamongan"},"geometry":{"type":"Point","coordinates":[112.3,-7.1]}},{"type":"Feature","properties":{"Line":"S109","Sp":"2336.50000000000","X":"639775.50000000000","Y":"9212800.30000000075","NAMOBJ":"Gempolpading","WADMKC":"Pucuk","WADMKK":"Lamongan"},"geometry":{"type":"Point","coordinates":[112.3,-7.1]}},{"type":"Feature","properties":{"Line":"S109","Sp":"2340.50000000000","X":"639825.50000000000","Y":"9212800.30000000075","NAMOBJ":"Gempolpading","WADMKC":"Pucuk","WADMKK":"Lamongan"},"geometry":{"type":"Point","coordinates":[112.3,-7.1]}},{"type":"Feature","properties":{"Line":"S109","Sp":"2344.50000000000","X":"639875.50000000000","Y":"9212800.30000000075","NAMOBJ":"Gempolpading","WADMKC":"Pucuk","WADMKK":"Lamongan"},"geometry":{"type":"Point","coordinates":[112.3,-7.1]}},{"type":"Feature","properties":{"Line":"S109","Sp":"2348.50000000000","X":"639925.50000000000","Y":"9212800.30000000075","NAMOBJ":"Gempolpading","WADMKC":"Pucuk","WADMKK":"Lamongan"},"geometry":{"type":"Point","coordinates":[112.3,-7.1]}},{"type":"Feature","properties":{"Line":"S109","Sp":"2352.50000000000","X":"639975.50000000000","Y":"9212800.30000000075","NAMOBJ":"Gempolpading","WADMKC":"Pucuk","WADMKK":"Lamongan"},"geometry":{"type":"Point","coordinates":[112.3,-7.1]}},{"type":"Feature","properties":{"Line":"S109","Sp":"2356.50000000000","X":"640025.50000000000","Y":"9212800.30000000075","NAMOBJ":"Gempolpading","WADMKC":"Pucuk","WADMKK":"Lamongan"},"geometry":{"type":"Point","coordinates":[112.3,-7.1]}},{"type":"Feature","properties":{"Line":"S109","Sp":"2360.50000000000","X":"640075.50000000000","Y":"9212800.30000000075","NAMOBJ":"Gempolpading","WADMKC":"Pucuk","WADMKK":"Lamongan"},"geometry":{"type":"Point","coordinates":[112.3,-7.1]}},{"type":"Feature","properties":{"Line":"S109","Sp":"2364.50000000000","X":"640125.50000000000","Y":"9212800.30000000075","NAMOBJ":"Gempolpading","WADMKC":"Pucuk","WADMKK":"Lamongan"},"geometry":{"type":"Point","coordinates":[112.3,-7.1]}},{"type":"Feature","properties":{"Line":"S109","Sp":"2368.50000000000","X":"640175.50000000000","Y":"9212800.30000000075","NAMOBJ":"Gempolpading","WADMKC":"Pucuk","WADMKK":"Lamongan"},"geometry":{"type":"Point","coordinates":[112.3,-7.1]}},{"type":"Feature","properties":{"Line":"S109","Sp":"2372.50000000000","X":"640225.50000000000","Y":"9212800.30000000075","NAMOBJ":"Gempolpading","WADMKC":"Pucuk","WADMKK":"Lamongan"},"geometry":{"type":"Point","coordinates":[112.3,-7.1]}},{"type":"Feature","properties":{"Line":"S109","Sp":"2376.50000000000","X":"640275.50000000000","Y":"9212800.30000000075","NAMOBJ":"Gempolpading","WADMKC":"Pucuk","WADMKK":"Lamongan"},"geometry":{"type":"Point","coordinates":[112.3,-7.1]}},{"type":"Feature","properties":{"Line":"S109","Sp":"2380.50000000000","X":"640325.50000000000","Y":"9212800.30000000075","NAMOBJ":"Gempolpading","WADMKC":"Pucuk","WADMKK":"Lamongan"},"geometry":{"type":"Point","coordinates":[112.3,-7.1]}},{"type":"Feature","properties":{"Line":"S109","Sp":"2384.50000000000","X":"640375.50000000000","Y":"9212800.30000000075","NAMOBJ":"Gempolpading","WADMKC":"Pucuk","WADMKK":"Lamongan"},"geometry":{"type":"Point","coordinates":[112.3,-7.1]}},{"type":"Feature","properties":{"Line":"S109","Sp":"2388.50000000000","X":"640425.50000000000","Y":"9212800.30000000075","NAMOBJ":"Gempolpading","WADMKC":"Pucuk","WADMKK":"Lamongan"},"geometry":{"type":"Point","coordinates":[112.3,-7.1]}},{"type":"Feature","properties":{"Line":"S109","Sp":"2392.50000000000","X":"640475.50000000000","Y":"9212800.30000000075","NAMOBJ":"Gempolpading","WADMKC":"Pucuk","WADMKK":"Lamongan"},"geometry":{"type":"Point","coordinates":[112.3,-7.1]}},{"type":"Feature","properties":{"Line":"S111","Sp":"2328.50000000000","X":"639725.50000000000","Y":"9213800.30000000075","NAMOBJ":"Gempolpading","WADMKC":"Pucuk","WADMKK":"Lamongan"},"geometry":{"type":"Point","coordinates":[112.3,-7.1]}},{"type":"Feature","properties":{"Line":"S111","Sp":"2332.50000000000","X":"639775.50000000000","Y":"9213800.30000000075","NAMOBJ":"Gempolpading","WADMKC":"Pucuk","WADMKK":"Lamongan"},"geometry":{"type":"Point","coordinates":[112.3,-7.1]}},{"type":"Feature","properties":{"Line":"S111","Sp":"2336.50000000000","X":"639825.50000000000","Y":"9213800.30000000075","NAMOBJ":"Gempolpading","WADMKC":"Pucuk","WADMKK":"Lamongan"},"geometry":{"type":"Point","coordinates":[112.3,-7.1]}},{"type":"Feature","properties":{"Line":"S111","Sp":"2340.50000000000","X":"639875.50000000000","Y":"9213800.30000000075","NAMOBJ":"Gempolpading","WADMKC":"Pucuk","WADMKK":"Lamongan"},"geometry":{"type":"Point","coordinates":[112.3,-7.1]}},{"type":"Feature","properties":{"Line":"S111","Sp":"2344.50000000000","X":"639925.50000000000","Y":"9213800.30000000075","NAMOBJ":"Gempolpading","WADMKC":"Pucuk","WADMKK":"Lamongan"},"geometry":{"type":"Point","coordinates":[112.3,-7.1]}},{"type":"Feature","properties":{"Line":"S111","Sp":"2348.50000000000","X":"639975.50000000000","Y":"9213800.30000000075","NAMOBJ":"Gempolpading","WADMKC":"Pucuk","WADMKK":"Lamongan"},"geometry":{"type":"Point","coordinates":[112.3,-7.1]}},{"type":"Feature","properties":{"Line":"S111","Sp":"2352.50000000000","X":"640025.50000000000","Y":"9213800.30000000075","NAMOBJ":"Gempolpading","WADMKC":"Pucuk","WADMKK":"Lamongan"},"geometry":{"type":"Point","coordinates":[112.3,-7.1]}},{"type":"Feature","properties":{"Line":"S111","Sp":"2356.50000000000","X":"640075.50000000000","Y":"9213800.30000000075","NAMOBJ":"Gempolpading","WADMKC":"Pucuk","WADMKK":"Lamongan"},"geometry":{"type":"Point","coordinates":[112.3,-7.1]}},{"type":"Feature","properties":{"Line":"S111","Sp":"2360.50000000000","X":"640125.50000000000","Y":"9213800.30000000075","NAMOBJ":"Gempolpading","WADMKC":"Pucuk","WADMKK":"Lamongan"},"geometry":{"type":"Point","coordinates":[112.3,-7.1]}},{"type":"Feature","properties":{"Line":"S111","Sp":"2364.50000000000","X":"640175.50000000000","Y":"9213800.30000000075","NAMOBJ":"Gempolpading","WADMKC":"Pucuk","WADMKK":"Lamongan"},"geometry":{"type":"Point","coordinates":[112.3,-7.1]}},{"type":"Feature","properties":{"Line":"S111","Sp":"2368.50000000000","X":"640225.50000000000","Y":"9213800.30000000075","NAMOBJ":"Gempolpading","WADMKC":"Pucuk","WADMKK":"Lamongan"},"geometry":{"type":"Point","coordinates":[112.3,-7.1]}},{"type":"Feature","properties":{"Line":"S111","Sp":"2372.50000000000","X":"640275.50000000000","Y":"9213800.30000000075","NAMOBJ":"Gempolpading","WADMKC":"Pucuk","WADMKK":"Lamongan"},"geometry":{"type":"Point","coordinates":[112.3,-7.1]}},{"type":"Feature","properties":{"Line":"S120","Sp":"2212.50000000000","X":"639300.50000000000","Y":"9212675.30000000075","NAMOBJ":"Gempolpading","WADMKC":"Pucuk","WADMKK":"Lamongan"},"geometry":{"type":"Point","coordinates":[112.3,-7.1]}},{"type":"Feature","properties":{"Line":"S120","Sp":"2216.50000000000","X":"639300.50000000000","Y":"9212625.30000000075","NAMOBJ":"Gempolpading","WADMKC":"Pucuk","WADMKK":"Lamongan"},"geometry":{"type":"Point","coordinates":[112.3,-7.1]}},{"type":"Feature","properties":{"Line":"S120","Sp":"2220.50000000000","X":"639300.50000000000","Y":"9212575.30000000075","NAMOBJ":"Gempolpading","WADMKC":"Pucuk","WADMKK":"Lamongan"},"geometry":{"type":"Point","coordinates":[112.3,-7.1]}},{"type":"Feature","properties":{"Line":"S120","Sp":"2224.50000000000","X":"639300.50000000000","Y":"9212525.30000000075","NAMOBJ":"Gempolpading","WADMKC":"Pucuk","WADMKK":"Lamongan"},"geometry":{"type":"Point","coordinates":[112.3,-7.1]}},{"type":"Feature","properties":{"Line":"S120","Sp":"2228.50000000000","X":"639300.50000000000","Y":"9212475.30000000075","NAMOBJ":"Gempolpading","WADMKC":"Pucuk","WADMKK":"Lamongan"},"geometry":{"type":"Point","coordinates":[112.3,-7.1]}},{"type":"Feature","properties":{"Line":"S120","Sp":"2232.50000000000","X":"639300.50000000000","Y":"9212425.30000000075","NAMOBJ":"Gempolpading","WADMKC":"Pucuk","WADMKK":"Lamongan"},"geometry":{"type":"Point","coordinates":[112.3,-7.1]}},{"type":"Feature","properties":{"Line":"S120","Sp":"2236.50000000000","X":"639300.50000000000","Y":"9212375.30000000075","NAMOBJ":"Gempolpading","WADMKC":"Pucuk","WADMKK":"Lamongan"},"geometry":{"type":"Point","coordinates":[112.3,-7.1]}},{"type":"Feature","properties":{"Line":"S120","Sp":"2240.50000000000","X":"639300.50000000000","Y":"9212325.30000000075","NAMOBJ":"Gempolpading","WADMKC":"Pucuk","WADMKK":"Lamongan"},"geometry":{"type":"Point","coordinates":[112.3,-7.1]}},{"type":"Feature","properties":{"Line":"S120","Sp":"2244.50000000000","X":"639300.50000000000","Y":"9212275.30000000075","NAMOBJ":"Gempolpading","WADMKC":"Pucuk","WADMKK":"Lamongan"},"geometry":{"type":"Point","coordinates":[112.3,-7.1]}},{"type":"Feature","properties":{"Line":"S120","Sp":"2248.50000000000","X":"639300.50000000000","Y":"9212225.30000000075","NAMOBJ":"Gempolpading","WADMKC":"Pucuk","WADMKK":"Lamongan"},"geometry":{"type":"Point","coordinates":[112.3,-7.1]}},{"type":"Feature","properties":{"Line":"S120","Sp":"2252.50000000000","X":"639300.50000000000","Y":"9212175.30000000075","NAMOBJ":"Gempolpading","WADMKC":"Pucuk","WADMKK":"Lamongan"},"geometry":{"type":"Point","coordinates":[112.3,-7.1]}},{"type":"Feature","properties":{"Line":"S120","Sp":"2256.50000000000","X":"639300.50000000000","Y":"9212125.30000000075","NAMOBJ":"Gempolpading","WADMKC":"Pucuk","WADMKK":"Lamongan"},"geometry":{"type":"Point","coordinates":[112.3,-7.1]}},{"type":"Feature","properties":{"Line":"S120","Sp":"2260.50000000000","X":"639300.50000000000","Y":"9212075.30000000075","NAMOBJ":"Gempolpading","WADMKC":"Pucuk","WADMKK":"Lamongan"},"geometry":{"type":"Point","coordinates":[112.3,-7.1]}},{"type":"Feature","properties":{"Line":"S120","Sp":"2264.50000000000","X":"639300.50000000000","Y":"9212025.30000000075","NAMOBJ":"Gempolpading","WADMKC":"Pucuk","WADMKK":"Lamongan"},"geometry":{"type":"Point","coordinates":[112.3,-7.1]}},{"type":"Feature","properties":{"Line":"S120","Sp":"2268.50000000000","X":"639300.50000000000","Y":"9211975.30000000075","NAMOBJ":"Gempolpading","WADMKC":"Pucuk","WADMKK":"Lamongan"},"geometry":{"type":"Point","coordinates":[112.3,-7.1]}},{"type":"Feature","properties":{"Line":"S120","Sp":"2272.50000000000","X":"639300.50000000000","Y":"9211925.30000000075","NAMOBJ":"Gempolpading","WADMKC":"Pucuk","WADMKK":"Lamongan"},"geometry":{"type":"Point","coordinates":[112.3,-7.1]}},{"type":"Feature","properties":{"Line":"S122","Sp":"2164.50000000000","X":"640300.50000000000","Y":"9213825.30000000075","NAMOBJ":"Gempolpading","WADMKC":"Pucuk","WADMKK":"Lamongan"},"geometry":{"type":"Point","coordinates":[112.3,-7.1]}},{"type":"Feature","properties":{"Line":"S122","Sp":"2168.50000000000","X":"640300.50000000000","Y":"9213775.30000000075","NAMOBJ":"Gempolpading","WADMKC":"Pucuk","WADMKK":"Lamongan"},"geometry":{"type":"Point","coordinates":[112.3,-7.1]}},{"type":"Feature","properties":{"Line":"S122","Sp":"2176.50000000000","X":"640300.50000000000","Y":"9213675.30000000075","NAMOBJ":"Gempolpading","WADMKC":"Pucuk","WADMKK":"Lamongan"},"geometry":{"type":"Point","coordinates":[112.3,-7.1]}},{"type":"Feature","properties":{"Line":"S122","Sp":"2180.50000000000","X":"640300.50000000000","Y":"9213625.30000000075","NAMOBJ":"Gempolpading","WADMKC":"Pucuk","WADMKK":"Lamongan"},"geometry":{"type":"Point","coordinates":[112.3,-7.1]}},{"type":"Feature","properties":{"Line":"S122","Sp":"2184.50000000000","X":"640300.50000000000","Y":"9213575.30000000075","NAMOBJ":"Gempolpading","WADMKC":"Pucuk","WADMKK":"Lamongan"},"geometry":{"type":"Point","coordinates":[112.3,-7.1]}},{"type":"Feature","properties":{"Line":"S122","Sp":"2188.50000000000","X":"640300.50000000000","Y":"9213525.30000000075","NAMOBJ":"Gempolpading","WADMKC":"Pucuk","WADMKK":"Lamongan"},"geometry":{"type":"Point","coordinates":[112.3,-7.1]}},{"type":"Feature","properties":{"Line":"S122","Sp":"2192.50000000000","X":"640300.50000000000","Y":"9213475.30000000075","NAMOBJ":"Gempolpading","WADMKC":"Pucuk","WADMKK":"Lamongan"},"geometry":{"type":"Point","coordinates":[112.3,-7.1]}},{"type":"Feature","properties":{"Line":"S122","Sp":"2196.50000000000","X":"640300.50000000000","Y":"9213425.30000000075","NAMOBJ":"Gempolpading","WADMKC":"Pucuk","WADMKK":"Lamongan"},"geometry":{"type":"Point","coordinates":[112.3,-7.1]}},{"type":"Feature","properties":{"Line":"S122","Sp":"2200.50000000000","X":"640300.50000000000","Y":"9213375.30000000075","NAMOBJ":"Gempolpading","WADMKC":"Pucuk","WADMKK":"Lamongan"},"geometry":{"type":"Point","coordinates":[112.3,-7.1]}},{"type":"Feature","properties":{"Line":"S122","Sp":"2204.50000000000","X":"640300.50000000000","Y":"9213325.30000000075","NAMOBJ":"Gempolpading","WADMKC":"Pucuk","WADMKK":"Lamongan"},"geometry":{"type":"Point","coordinates":[112.3,-7.1]}},{"type":"Feature","properties":{"Line":"S122","Sp":"2208.50000000000","X":"640300.50000000000","Y":"9213275.30000000075","NAMOBJ":"Gempolpading","WADMKC":"Pucuk","WADMKK":"Lamongan"},"geometry":{"type":"Point","coordinates":[112.3,-7.1]}},{"type":"Feature","properties":{"Line":"S122","Sp":"2212.50000000000","X":"640300.50000000000","Y":"9213225.30000000075","NAMOBJ":"Gempolpading","WADMKC":"Pucuk","WADMKK":"Lamongan"},"geometry":{"type":"Point","coordinates":[112.3,-7.1]}},{"type":"Feature","properties":{"Line":"S122","Sp":"2216.50000000000","X":"640300.50000000000","Y":"9213175.30000000075","NAMOBJ":"Gempolpading","WADMKC":"Pucuk","WADMKK":"Lamongan"},"geometry":{"type":"Point","coordinates":[112.3,-7.1]}},{"type":"Feature","properties":{"Line":"S122","Sp":"2220.50000000000","X":"640300.50000000000","Y":"9213125.30000000075","NAMOBJ":"Gempolpading","WADMKC":"Pucuk","WADMKK":"Lamongan"},"geometry":{"type":"Point","coordinates":[112.3,-7.1]}},{"type":"Feature","properties":{"Line":"S122","Sp":"2224.50000000000","X":"640300.50000000000","Y":"9213075.30000000075","NAMOBJ":"Gempolpading","WADMKC":"Pucuk","WADMKK":"Lamongan"},"geometry":{"type":"Point","coordinates":[112.3,-7.1]}},{"type":"Feature","properties":{"Line":"S122","Sp":"2228.50000000000","X":"640300.50000000000","Y":"9213025.30000000075","NAMOBJ":"Gempolpading","WADMKC":"Pucuk","WADMKK":"Lamongan"},"geometry":{"type":"Point","coordinates":[112.3,-7.1]}},{"type":"Feature","properties":{"Line":"S122","Sp":"2232.50000000000","X":"640300.50000000000","Y":"9212975.30000000075","NAMOBJ":"Gempolpading","WADMKC":"Pucuk","WADMKK":"Lamongan"},"geometry":{"type":"Point","coordinates":[112.3,-7.1]}},{"type":"Feature","properties":{"Line":"S122","Sp":"2236.50000000000","X":"640300.50000000000","Y":"9212925.30000000075","NAMOBJ":"Gempolpading","WADMKC":"Pucuk","WADMKK":"Lamongan"},"geometry":{"type":"Point","coordinates":[112.3,-7.1]}},{"type":"Feature","properties":{"Line":"S122","Sp":"2240.50000000000","X":"640300.50000000000","Y":"9212875.30000000075","NAMOBJ":"Gempolpading","WADMKC":"Pucuk","WADMKK":"Lamongan"},"geometry":{"type":"Point","coordinates":[112.3,-7.1]}},{"type":"Feature","properties":{"Line":"S122","Sp":"2244.50000000000","X":"640300.50000000000","Y":"9212825.30000000075","NAMOBJ":"Gempolpading","WADMKC":"Pucuk","WADMKK":"Lamongan"},"geometry":{"type":"Point","coordinates":[112.3,-7.1]}},{"type":"Feature","properties":{"Line":"S122","Sp":"2248.50000000000","X":"640300.50000000000","Y":"9212775.30000000075","NAMOBJ":"Gempolpading","WADMKC":"Pucuk","WADMKK":"Lamongan"},"geometry":{"type":"Point","coordinates":[112.3,-7.1]}},{"type":"Feature","properties":{"Line":"S122","Sp":"2252.50000000000","X":"640300.50000000000","Y":"9212725.30000000075","NAMOBJ":"Gempolpading","WADMKC":"Pucuk","WADMKK":"Lamongan"},"geometry":{"type":"Point","coordinates":[112.3,-7.1]}},{"type":"Feature","properties":{"Line":"S122","Sp":"2256.50000000000","X":"640300.50000000000","Y":"9212675.30000000075","NAMOBJ":"Gempolpading","WADMKC":"Pucuk","WADMKK":"Lamongan"},"geometry":{"type":"Point","coordinates":[112.3,-7.1]}},{"type":"Feature","properties":{"Line":"S122","Sp":"2260.50000000000","X":"640300.50000000000","Y":"9212625.30000000075","NAMOBJ":"Gempolpading","WADMKC":"Pucuk","WADMKK":"Lamongan"},"geometry":{"type":"Point","coordinates":[112.3,-7.1]}},{"type":"Feature","properties":{"Line":"S122","Sp":"2264.50000000000","X":"640300.50000000000","Y":"9212575.30000000075","NAMOBJ":"Gempolpading","WADMKC":"Pucuk","WADMKK":"Lamongan"},"geometry":{"type":"Point","coordinates":[112.3,-7.1]}},{"type":"Feature","properties":{"Line":"S122","Sp":"2268.50000000000","X":"640300.50000000000","Y":"9212525.30000000075","NAMOBJ":"Gempolpading","WADMKC":"Pucuk","WADMKK":"Lamongan"},"geometry":{"type":"Point","coordinates":[112.3,-7.1]}},{"type":"Feature","properties":{"Line":"S122","Sp":"2272.50000000000","X":"640300.50000000000","Y":"9212475.30000000075","NAMOBJ":"Gempolpading","WADMKC":"Pucuk","WADMKK":"Lamongan"},"geometry":{"type":"Point","coordinates":[112.3,-7.1]}},{"type":"Feature","properties":{"Line":"S122","Sp":"2276.50000000000","X":"640300.50000000000","Y":"9212425.30000000075","NAMOBJ":"Gempolpading","WADMKC":"Pucuk","WADMKK":"Lamongan"},"geometry":{"type":"Point","coordinates":[112.3,-7.1]}},{"type":"Feature","properties":{"Line":"S122","Sp":"2280.50000000000","X":"640300.50000000000","Y":"9212375.30000000075","NAMOBJ":"Gempolpading","WADMKC":"Pucuk","WADMKK":"Lamongan"},"geometry":{"type":"Point","coordinates":[112.3,-7.1]}},{"type":"Feature","properties":{"Line":"S122","Sp":"2284.50000000000","X":"640300.50000000000","Y":"9212325.30000000075","NAMOBJ":"Gempolpading","WADMKC":"Pucuk","WADMKK":"Lamongan"},"geometry":{"type":"Point","coordinates":[112.3,-7.1]}},{"type":"Feature","properties":{"Line":"S122","Sp":"2288.50000000000","X":"640300.50000000000","Y":"9212275.30000000075","NAMOBJ":"Gempolpading","WADMKC":"Pucuk","WADMKK":"Lamongan"},"geometry":{"type":"Point","coordinates":[112.3,-7.1]}},{"type":"Feature","properties":{"Line":"S105","Sp":"2388.50000000000","X":"641325.50000000000","Y":"9210800.30000000075","NAMOBJ":"Jubellor","WADMKC":"Sugio","WADMKK":"Lamongan"},"geometry":{"type":"Point","coordinates":[112.3,-7.1]}},{"type":"Feature","properties":{"Line":"S105","Sp":"2392.50000000000","X":"641375.50000000000","Y":"9210800.30000000075","NAMOBJ":"Jubellor","WADMKC":"Sugio","WADMKK":"Lamongan"},"geometry":{"type":"Point","coordinates":[112.3,-7.1]}},{"type":"Feature","properties":{"Line":"S124","Sp":"2404.50000000000","X":"641300.50000000000","Y":"9211375.30000000075","NAMOBJ":"Jubellor","WADMKC":"Sugio","WADMKK":"Lamongan"},"geometry":{"type":"Point","coordinates":[112.3,-7.1]}},{"type":"Feature","properties":{"Line":"S124","Sp":"2408.50000000000","X":"641300.50000000000","Y":"9211325.30000000075","NAMOBJ":"Jubellor","WADMKC":"Sugio","WADMKK":"Lamongan"},"geometry":{"type":"Point","coordinates":[112.3,-7.1]}},{"type":"Feature","properties":{"Line":"S124","Sp":"2412.50000000000","X":"641300.50000000000","Y":"9211275.30000000075","NAMOBJ":"Jubellor","WADMKC":"Sugio","WADMKK":"Lamongan"},"geometry":{"type":"Point","coordinates":[112.3,-7.1]}},{"type":"Feature","properties":{"Line":"S124","Sp":"2416.50000000000","X":"641300.50000000000","Y":"9211225.30000000075","NAMOBJ":"Jubellor","WADMKC":"Sugio","WADMKK":"Lamongan"},"geometry":{"type":"Point","coordinates":[112.3,-7.1]}},{"type":"Feature","properties":{"Line":"S124","Sp":"2420.50000000000","X":"641300.50000000000","Y":"9211175.30000000075","NAMOBJ":"Jubellor","WADMKC":"Sugio","WADMKK":"Lamongan"},"geometry":{"type":"Point","coordinates":[112.3,-7.1]}},{"type":"Feature","properties":{"Line":"S124","Sp":"2424.50000000000","X":"641300.50000000000","Y":"9211125.30000000075","NAMOBJ":"Jubellor","WADMKC":"Sugio","WADMKK":"Lamongan"},"geometry":{"type":"Point","coordinates":[112.3,-7.1]}},{"type":"Feature","properties":{"Line":"S124","Sp":"2428.50000000000","X":"641300.50000000000","Y":"9211075.30000000075","NAMOBJ":"Jubellor","WADMKC":"Sugio","WADMKK":"Lamongan"},"geometry":{"type":"Point","coordinates":[112.3,-7.1]}},{"type":"Feature","properties":{"Line":"S124","Sp":"2432.50000000000","X":"641300.50000000000","Y":"9211025.30000000075","NAMOBJ":"Jubellor","WADMKC":"Sugio","WADMKK":"Lamongan"},"geometry":{"type":"Point","coordinates":[112.3,-7.1]}},{"type":"Feature","properties":{"Line":"S124","Sp":"2436.50000000000","X":"641300.50000000000","Y":"9210975.30000000075","NAMOBJ":"Jubellor","WADMKC":"Sugio","WADMKK":"Lamongan"},"geometry":{"type":"Point","coordinates":[112.3,-7.1]}},{"type":"Feature","properties":{"Line":"S124","Sp":"2440.50000000000","X":"641300.50000000000","Y":"9210925.30000000075","NAMOBJ":"Jubellor","WADMKC":"Sugio","WADMKK":"Lamongan"},"geometry":{"type":"Point","coordinates":[112.3,-7.1]}},{"type":"Feature","properties":{"Line":"S124","Sp":"2444.50000000000","X":"641300.50000000000","Y":"9210875.30000000075","NAMOBJ":"Jubellor","WADMKC":"Sugio","WADMKK":"Lamongan"},"geometry":{"type":"Point","coordinates":[112.3,-7.1]}},{"type":"Feature","properties":{"Line":"S124","Sp":"2448.50000000000","X":"641300.50000000000","Y":"9210825.30000000075","NAMOBJ":"Jubellor","WADMKC":"Sugio","WADMKK":"Lamongan"},"geometry":{"type":"Point","coordinates":[112.3,-7.1]}},{"type":"Feature","properties":{"Line":"S124","Sp":"2452.50000000000","X":"641300.50000000000","Y":"9210775.30000000075","NAMOBJ":"Jubellor","WADMKC":"Sugio","WADMKK":"Lamongan"},"geometry":{"type":"Point","coordinates":[112.3,-7.1]}},{"type":"Feature","properties":{"Line":"S124","Sp":"2456.50000000000","X":"641300.50000000000","Y":"9210725.30000000075","NAMOBJ":"Jubellor","WADMKC":"Sugio","WADMKK":"Lamongan"},"geometry":{"type":"Point","coordinates":[112.3,-7.1]}},{"type":"Feature","properties":{"Line":"S124","Sp":"2460.50000000000","X":"641300.50000000000","Y":"9210675.30000000075","NAMOBJ":"Jubellor","WADMKC":"Sugio","WADMKK":"Lamongan"},"geometry":{"type":"Point","coordinates":[112.3,-7.1]}},{"type":"Feature","properties":{"Line":"S124","Sp":"2464.50000000000","X":"641300.50000000000","Y":"9210625.30000000075","NAMOBJ":"Jubellor","WADMKC":"Sugio","WADMKK":"Lamongan"},"geometry":{"type":"Point","coordinates":[112.3,-7.1]}},{"type":"Feature","properties":{"Line":"S124","Sp":"2468.50000000000","X":"641300.50000000000","Y":"9210575.30000000075","NAMOBJ":"Jubellor","WADMKC":"Sugio","WADMKK":"Lamongan"},"geometry":{"type":"Point","coordinates":[112.3,-7.1]}},{"type":"Feature","properties":{"Line":"S109","Sp":"2272.50000000000","X":"638975.50000000000","Y":"9212800.30000000075","NAMOBJ":"Kebonagung","WADMKC":"Babat","WADMKK":"Lamongan"},"geometry":{"type":"Point","coordinates":[112.3,-7.1]}},{"type":"Feature","properties":{"Line":"S109","Sp":"2276.50000000000","X":"639025.50000000000","Y":"9212800.30000000075","NAMOBJ":"Kebonagung","WADMKC":"Babat","WADMKK":"Lamongan"},"geometry":{"type":"Point","coordinates":[112.3,-7.1]}},{"type":"Feature","properties":{"Line":"S109","Sp":"2280.50000000000","X":"639075.50000000000","Y":"9212800.30000000075","NAMOBJ":"Kebonagung","WADMKC":"Babat","WADMKK":"Lamongan"},"geometry":{"type":"Point","coordinates":[112.3,-7.1]}},{"type":"Feature","properties":{"Line":"S109","Sp":"2284.50000000000","X":"639125.50000000000","Y":"9212800.30000000075","NAMOBJ":"Kebonagung","WADMKC":"Babat","WADMKK":"Lamongan"},"geometry":{"type":"Point","coordinates":[112.3,-7.1]}},{"type":"Feature","properties":{"Line":"S109","Sp":"2288.50000000000","X":"639175.50000000000","Y":"9212800.30000000075","NAMOBJ":"Kebonagung","WADMKC":"Babat","WADMKK":"Lamongan"},"geometry":{"type":"Point","coordinates":[112.3,-7.1]}},{"type":"Feature","properties":{"Line":"S109","Sp":"2292.50000000000","X":"639225.50000000000","Y":"9212800.30000000075","NAMOBJ":"Kebonagung","WADMKC":"Babat","WADMKK":"Lamongan"},"geometry":{"type":"Point","coordinates":[112.3,-7.1]}},{"type":"Feature","properties":{"Line":"S109","Sp":"2296.50000000000","X":"639275.50000000000","Y":"9212800.30000000075","NAMOBJ":"Kebonagung","WADMKC":"Babat","WADMKK":"Lamongan"},"geometry":{"type":"Point","coordinates":[112.3,-7.1]}},{"type":"Feature","properties":{"Line":"S109","Sp":"2300.50000000000","X":"639325.50000000000","Y":"9212800.30000000075","NAMOBJ":"Kebonagung","WADMKC":"Babat","WADMKK":"Lamongan"},"geometry":{"type":"Point","coordinates":[112.3,-7.1]}},{"type":"Feature","properties":{"Line":"S111","Sp":"2240.50000000000","X":"638625.50000000000","Y":"9213800.30000000075","NAMOBJ":"Kebonagung","WADMKC":"Babat","WADMKK":"Lamongan"},"geometry":{"type":"Point","coordinates":[112.3,-7.1]}},{"type":"Feature","properties":{"Line":"S111","Sp":"2244.50000000000","X":"638675.50000000000","Y":"9213800.30000000075","NAMOBJ":"Kebonagung","WADMKC":"Babat","WADMKK":"Lamongan"},"geometry":{"type":"Point","coordinates":[112.3,-7.1]}},{"type":"Feature","properties":{"Line":"S111","Sp":"2248.50000000000","X":"638725.50000000000","Y":"9213800.30000000075","NAMOBJ":"Kebonagung","WADMKC":"Babat","WADMKK":"Lamongan"},"geometry":{"type":"Point","coordinates":[112.3,-7.1]}},{"type":"Feature","properties":{"Line":"S111","Sp":"2252.50000000000","X":"638775.50000000000","Y":"9213800.30000000075","NAMOBJ":"Kebonagung","WADMKC":"Babat","WADMKK":"Lamongan"},"geometry":{"type":"Point","coordinates":[112.3,-7.1]}},{"type":"Feature","properties":{"Line":"S111","Sp":"2256.50000000000","X":"638825.50000000000","Y":"9213800.30000000075","NAMOBJ":"Kebonagung","WADMKC":"Babat","WADMKK":"Lamongan"},"geometry":{"type":"Point","coordinates":[112.3,-7.1]}},{"type":"Feature","properties":{"Line":"S111","Sp":"2260.50000000000","X":"638875.50000000000","Y":"9213800.30000000075","NAMOBJ":"Kebonagung","WADMKC":"Babat","WADMKK":"Lamongan"},"geometry":{"type":"Point","coordinates":[112.3,-7.1]}},{"type":"Feature","properties":{"Line":"S111","Sp":"2264.50000000000","X":"638925.50000000000","Y":"9213800.30000000075","NAMOBJ":"Kebonagung","WADMKC":"Babat","WADMKK":"Lamongan"},"geometry":{"type":"Point","coordinates":[112.3,-7.1]}},{"type":"Feature","properties":{"Line":"S111","Sp":"2268.50000000000","X":"638975.50000000000","Y":"9213800.30000000075","NAMOBJ":"Kebonagung","WADMKC":"Babat","WADMKK":"Lamongan"},"geometry":{"type":"Point","coordinates":[112.3,-7.1]}},{"type":"Feature","properties":{"Line":"S111","Sp":"2272.50000000000","X":"639025.50000000000","Y":"9213800.30000000075","NAMOBJ":"Kebonagung","WADMKC":"Babat","WADMKK":"Lamongan"},"geometry":{"type":"Point","coordinates":[112.3,-7.1]}},{"type":"Feature","properties":{"Line":"S111","Sp":"2276.50000000000","X":"639075.50000000000","Y":"9213800.30000000075","NAMOBJ":"Kebonagung","WADMKC":"Babat","WADMKK":"Lamongan"},"geometry":{"type":"Point","coordinates":[112.3,-7.1]}},{"type":"Feature","properties":{"Line":"S111","Sp":"2280.50000000000","X":"639125.50000000000","Y":"9213800.30000000075","NAMOBJ":"Kebonagung","WADMKC":"Babat","WADMKK":"Lamongan"},"geometry":{"type":"Point","coordinates":[112.3,-7.1]}},{"type":"Feature","properties":{"Line":"S111","Sp":"2284.50000000000","X":"639175.50000000000","Y":"9213800.30000000075","NAMOBJ":"Kebonagung","WADMKC":"Babat","WADMKK":"Lamongan"},"geometry":{"type":"Point","coordinates":[112.3,-7.1]}},{"type":"Feature","properties":{"Line":"S111","Sp":"2288.50000000000","X":"639225.50000000000","Y":"9213800.30000000075","NAMOBJ":"Kebonagung","WADMKC":"Babat","WADMKK":"Lamongan"},"geometry":{"type":"Point","coordinates":[112.3,-7.1]}},{"type":"Feature","properties":{"Line":"S111","Sp":"2292.50000000000","X":"639275.50000000000","Y":"9213800.30000000075","NAMOBJ":"Kebonagung","WADMKC":"Babat","WADMKK":"Lamongan"},"geometry":{"type":"Point","coordinates":[112.3,-7.1]}},{"type":"Feature","properties":{"Line":"S111","Sp":"2296.50000000000","X":"639325.50000000000","Y":"9213800.30000000075","NAMOBJ":"Kebonagung","WADMKC":"Babat","WADMKK":"Lamongan"},"geometry":{"type":"Point","coordinates":[112.3,-7.1]}},{"type":"Feature","properties":{"Line":"S111","Sp":"2300.50000000000","X":"639375.50000000000","Y":"9213800.30000000075","NAMOBJ":"Kebonagung","WADMKC":"Babat","WADMKK":"Lamongan"},"geometry":{"type":"Point","coordinates":[112.3,-7.1]}},{"type":"Feature","properties":{"Line":"S111","Sp":"2304.50000000000","X":"639425.50000000000","Y":"9213800.30000000075","NAMOBJ":"Kebonagung","WADMKC":"Babat","WADMKK":"Lamongan"},"geometry":{"type":"Point","coordinates":[112.3,-7.1]}},{"type":"Feature","properties":{"Line":"S111","Sp":"2308.50000000000","X":"639475.50000000000","Y":"9213800.30000000075","NAMOBJ":"Kebonagung","WADMKC":"Babat","WADMKK":"Lamongan"},"geometry":{"type":"Point","coordinates":[112.3,-7.1]}},{"type":"Feature","properties":{"Line":"S111","Sp":"2312.50000000000","X":"639525.50000000000","Y":"9213800.30000000075","NAMOBJ":"Kebonagung","WADMKC":"Babat","WADMKK":"Lamongan"},"geometry":{"type":"Point","coordinates":[112.3,-7.1]}},{"type":"Feature","properties":{"Line":"S111","Sp":"2316.50000000000","X":"639575.50000000000","Y":"9213800.30000000075","NAMOBJ":"Kebonagung","WADMKC":"Babat","WADMKK":"Lamongan"},"geometry":{"type":"Point","coordinates":[112.3,-7.1]}},{"type":"Feature","properties":{"Line":"S111","Sp":"2320.50000000000","X":"639625.50000000000","Y":"9213800.30000000075","NAMOBJ":"Kebonagung","WADMKC":"Babat","WADMKK":"Lamongan"},"geometry":{"type":"Point","coordinates":[112.3,-7.1]}},{"type":"Feature","properties":{"Line":"S111","Sp":"2324.50000000000","X":"639675.50000000000","Y":"9213800.30000000075","NAMOBJ":"Kebonagung","WADMKC":"Babat","WADMKK":"Lamongan"},"geometry":{"type":"Point","coordinates":[112.3,-7.1]}},{"type":"Feature","properties":{"Line":"S113","Sp":"2176.50000000000","X":"638925.50000000000","Y":"9214800.30000000075","NAMOBJ":"Kebonagung","WADMKC":"Babat","WADMKK":"Lamongan"},"geometry":{"type":"Point","coordinates":[112.3,-7.1]}},{"type":"Feature","properties":{"Line":"S113","Sp":"2180.50000000000","X":"638975.50000000000","Y":"9214800.30000000075","NAMOBJ":"Kebonagung","WADMKC":"Babat","WADMKK":"Lamongan"},"geometry":{"type":"Point","coordinates":[112.3,-7.1]}},{"type":"Feature","properties":{"Line":"S120","Sp":"2072.50000000000","X":"639300.50000000000","Y":"9214425.30000000075","NAMOBJ":"Kebonagung","WADMKC":"Babat","WADMKK":"Lamongan"},"geometry":{"type":"Point","coordinates":[112.3,-7.1]}},{"type":"Feature","properties":{"Line":"S120","Sp":"2076.50000000000","X":"639300.50000000000","Y":"9214375.30000000075","NAMOBJ":"Kebonagung","WADMKC":"Babat","WADMKK":"Lamongan"},"geometry":{"type":"Point","coordinates":[112.3,-7.1]}},{"type":"Feature","properties":{"Line":"S120","Sp":"2080.50000000000","X":"639300.50000000000","Y":"9214325.30000000075","NAMOBJ":"Kebonagung","WADMKC":"Babat","WADMKK":"Lamongan"},"geometry":{"type":"Point","coordinates":[112.3,-7.1]}},{"type":"Feature","properties":{"Line":"S120","Sp":"2084.50000000000","X":"639300.50000000000","Y":"9214275.30000000075","NAMOBJ":"Kebonagung","WADMKC":"Babat","WADMKK":"Lamongan"},"geometry":{"type":"Point","coordinates":[112.3,-7.1]}},{"type":"Feature","properties":{"Line":"S120","Sp":"2088.50000000000","X":"639300.50000000000","Y":"9214225.30000000075","NAMOBJ":"Kebonagung","WADMKC":"Babat","WADMKK":"Lamongan"},"geometry":{"type":"Point","coordinates":[112.3,-7.1]}},{"type":"Feature","properties":{"Line":"S120","Sp":"2092.50000000000","X":"639300.50000000000","Y":"9214175.30000000075","NAMOBJ":"Kebonagung","WADMKC":"Babat","WADMKK":"Lamongan"},"geometry":{"type":"Point","coordinates":[112.3,-7.1]}},{"type":"Feature","properties":{"Line":"S120","Sp":"2096.50000000000","X":"639300.50000000000","Y":"9214125.30000000075","NAMOBJ":"Kebonagung","WADMKC":"Babat","WADMKK":"Lamongan"},"geometry":{"type":"Point","coordinates":[112.3,-7.1]}},{"type":"Feature","properties":{"Line":"S120","Sp":"2100.50000000000","X":"639300.50000000000","Y":"9214075.30000000075","NAMOBJ":"Kebonagung","WADMKC":"Babat","WADMKK":"Lamongan"},"geometry":{"type":"Point","coordinates":[112.3,-7.1]}},{"type":"Feature","properties":{"Line":"S120","Sp":"2104.50000000000","X":"639300.50000000000","Y":"9214025.30000000075","NAMOBJ":"Kebonagung","WADMKC":"Babat","WADMKK":"Lamongan"},"geometry":{"type":"Point","coordinates":[112.3,-7.1]}},{"type":"Feature","properties":{"Line":"S120","Sp":"2108.50000000000","X":"639300.50000000000","Y":"9213975.30000000075","NAMOBJ":"Kebonagung","WADMKC":"Babat","WADMKK":"Lamongan"},"geometry":{"type":"Point","coordinates":[112.3,-7.1]}},{"type":"Feature","properties":{"Line":"S120","Sp":"2112.50000000000","X":"639300.50000000000","Y":"9213925.30000000075","NAMOBJ":"Kebonagung","WADMKC":"Babat","WADMKK":"Lamongan"},"geometry":{"type":"Point","coordinates":[112.3,-7.1]}},{"type":"Feature","properties":{"Line":"S120","Sp":"2116.50000000000","X":"639300.50000000000","Y":"9213875.30000000075","NAMOBJ":"Kebonagung","WADMKC":"Babat","WADMKK":"Lamongan"},"geometry":{"type":"Point","coordinates":[112.3,-7.1]}},{"type":"Feature","properties":{"Line":"S120","Sp":"2120.50000000000","X":"639300.50000000000","Y":"9213825.30000000075","NAMOBJ":"Kebonagung","WADMKC":"Babat","WADMKK":"Lamongan"},"geometry":{"type":"Point","coordinates":[112.3,-7.1]}},{"type":"Feature","properties":{"Line":"S120","Sp":"2124.50000000000","X":"639300.50000000000","Y":"9213775.30000000075","NAMOBJ":"Kebonagung","WADMKC":"Babat","WADMKK":"Lamongan"},"geometry":{"type":"Point","coordinates":[112.3,-7.1]}},{"type":"Feature","properties":{"Line":"S120","Sp":"2128.50000000000","X":"639300.50000000000","Y":"9213725.30000000075","NAMOBJ":"Kebonagung","WADMKC":"Babat","WADMKK":"Lamongan"},"geometry":{"type":"Point","coordinates":[112.3,-7.1]}},{"type":"Feature","properties":{"Line":"S120","Sp":"2132.50000000000","X":"639300.50000000000","Y":"9213675.30000000075","NAMOBJ":"Kebonagung","WADMKC":"Babat","WADMKK":"Lamongan"},"geometry":{"type":"Point","coordinates":[112.3,-7.1]}},{"type":"Feature","properties":{"Line":"S120","Sp":"2136.50000000000","X":"639300.50000000000","Y":"9213625.30000000075","NAMOBJ":"Kebonagung","WADMKC":"Babat","WADMKK":"Lamongan"},"geometry":{"type":"Point","coordinates":[112.3,-7.1]}},{"type":"Feature","properties":{"Line":"S120","Sp":"2140.50000000000","X":"639300.50000000000","Y":"9213575.30000000075","NAMOBJ":"Kebonagung","WADMKC":"Babat","WADMKK":"Lamongan"},"geometry":{"type":"Point","coordinates":[112.3,-7.1]}},{"type":"Feature","properties":{"Line":"S120","Sp":"2144.50000000000","X":"639300.50000000000","Y":"9213525.30000000075","NAMOBJ":"Kebonagung","WADMKC":"Babat","WADMKK":"Lamongan"},"geometry":{"type":"Point","coordinates":[112.3,-7.1]}},{"type":"Feature","properties":{"Line":"S120","Sp":"2148.50000000000","X":"639300.50000000000","Y":"9213475.30000000075","NAMOBJ":"Kebonagung","WADMKC":"Babat","WADMKK":"Lamongan"},"geometry":{"type":"Point","coordinates":[112.3,-7.1]}},{"type":"Feature","properties":{"Line":"S120","Sp":"2152.50000000000","X":"639300.50000000000","Y":"9213425.30000000075","NAMOBJ":"Kebonagung","WADMKC":"Babat","WADMKK":"Lamongan"},"geometry":{"type":"Point","coordinates":[112.3,-7.1]}},{"type":"Feature","properties":{"Line":"S120","Sp":"2156.50000000000","X":"639300.50000000000","Y":"9213375.30000000075","NAMOBJ":"Kebonagung","WADMKC":"Babat","WADMKK":"Lamongan"},"geometry":{"type":"Point","coordinates":[112.3,-7.1]}},{"type":"Feature","properties":{"Line":"S120","Sp":"2160.50000000000","X":"639300.50000000000","Y":"9213325.30000000075","NAMOBJ":"Kebonagung","WADMKC":"Babat","WADMKK":"Lamongan"},"geometry":{"type":"Point","coordinates":[112.3,-7.1]}},{"type":"Feature","properties":{"Line":"S120","Sp":"2164.50000000000","X":"639300.50000000000","Y":"9213275.30000000075","NAMOBJ":"Kebonagung","WADMKC":"Babat","WADMKK":"Lamongan"},"geometry":{"type":"Point","coordinates":[112.3,-7.1]}},{"type":"Feature","properties":{"Line":"S120","Sp":"2168.50000000000","X":"639300.50000000000","Y":"9213225.30000000075","NAMOBJ":"Kebonagung","WADMKC":"Babat","WADMKK":"Lamongan"},"geometry":{"type":"Point","coordinates":[112.3,-7.1]}},{"type":"Feature","properties":{"Line":"S120","Sp":"2172.50000000000","X":"639300.50000000000","Y":"9213175.30000000075","NAMOBJ":"Kebonagung","WADMKC":"Babat","WADMKK":"Lamongan"},"geometry":{"type":"Point","coordinates":[112.3,-7.1]}},{"type":"Feature","properties":{"Line":"S120","Sp":"2176.50000000000","X":"639300.50000000000","Y":"9213125.30000000075","NAMOBJ":"Kebonagung","WADMKC":"Babat","WADMKK":"Lamongan"},"geometry":{"type":"Point","coordinates":[112.3,-7.1]}},{"type":"Feature","properties":{"Line":"S120","Sp":"2180.50000000000","X":"639300.50000000000","Y":"9213075.30000000075","NAMOBJ":"Kebonagung","WADMKC":"Babat","WADMKK":"Lamongan"},"geometry":{"type":"Point","coordinates":[112.3,-7.1]}},{"type":"Feature","properties":{"Line":"S120","Sp":"2184.50000000000","X":"639300.50000000000","Y":"9213025.30000000075","NAMOBJ":"Kebonagung","WADMKC":"Babat","WADMKK":"Lamongan"},"geometry":{"type":"Point","coordinates":[112.3,-7.1]}},{"type":"Feature","properties":{"Line":"S120","Sp":"2188.50000000000","X":"639300.50000000000","Y":"9212975.30000000075","NAMOBJ":"Kebonagung","WADMKC":"Babat","WADMKK":"Lamongan"},"geometry":{"type":"Point","coordinates":[112.3,-7.1]}},{"type":"Feature","properties":{"Line":"S120","Sp":"2192.50000000000","X":"639300.50000000000","Y":"9212925.30000000075","NAMOBJ":"Kebonagung","WADMKC":"Babat","WADMKK":"Lamongan"},"geometry":{"type":"Point","coordinates":[112.3,-7.1]}},{"type":"Feature","properties":{"Line":"S120","Sp":"2196.50000000000","X":"639300.50000000000","Y":"9212875.30000000075","NAMOBJ":"Kebonagung","WADMKC":"Babat","WADMKK":"Lamongan"},"geometry":{"type":"Point","coordinates":[112.3,-7.1]}},{"type":"Feature","properties":{"Line":"S120","Sp":"2200.50000000000","X":"639300.50000000000","Y":"9212825.30000000075","NAMOBJ":"Kebonagung","WADMKC":"Babat","WADMKK":"Lamongan"},"geometry":{"type":"Point","coordinates":[112.3,-7.1]}},{"type":"Feature","properties":{"Line":"S120","Sp":"2204.50000000000","X":"639300.50000000000","Y":"9212775.30000000075","NAMOBJ":"Kebonagung","WADMKC":"Babat","WADMKK":"Lamongan"},"geometry":{"type":"Point","coordinates":[112.3,-7.1]}},{"type":"Feature","properties":{"Line":"S120","Sp":"2208.50000000000","X":"639300.50000000000","Y":"9212725.30000000075","NAMOBJ":"Kebonagung","WADMKC":"Babat","WADMKK":"Lamongan"},"geometry":{"type":"Point","coordinates":[112.3,-7.1]}},{"type":"Feature","properties":{"Line":"S124","Sp":"2156.50000000000","X":"641300.50000000000","Y":"9214475.30000000075","NAMOBJ":"Kedali","WADMKC":"Pucuk","WADMKK":"Lamongan"},"geometry":{"type":"Point","coordinates":[112.3,-7.1]}},{"type":"Feature","properties":{"Line":"S124","Sp":"2160.50000000000","X":"641300.50000000000","Y":"9214425.30000000075","NAMOBJ":"Kedali","WADMKC":"Pucuk","WADMKK":"Lamongan"},"geometry":{"type":"Point","coordinates":[112.3,-7.1]}},{"type":"Feature","properties":{"Line":"S124","Sp":"2164.50000000000","X":"641300.50000000000","Y":"9214375.30000000075","NAMOBJ":"Kedali","WADMKC":"Pucuk","WADMKK":"Lamongan"},"geometry":{"type":"Point","coordinates":[112.3,-7.1]}},{"type":"Feature","properties":{"Line":"S124","Sp":"2168.50000000000","X":"641300.50000000000","Y":"9214325.30000000075","NAMOBJ":"Kedali","WADMKC":"Pucuk","WADMKK":"Lamongan"},"geometry":{"type":"Point","coordinates":[112.3,-7.1]}},{"type":"Feature","properties":{"Line":"S124","Sp":"2172.50000000000","X":"641300.50000000000","Y":"9214275.30000000075","NAMOBJ":"Kedali","WADMKC":"Pucuk","WADMKK":"Lamongan"},"geometry":{"type":"Point","coordinates":[112.3,-7.1]}},{"type":"Feature","properties":{"Line":"S124","Sp":"2176.50000000000","X":"641300.50000000000","Y":"9214225.30000000075","NAMOBJ":"Kedali","WADMKC":"Pucuk","WADMKK":"Lamongan"},"geometry":{"type":"Point","coordinates":[112.3,-7.1]}},{"type":"Feature","properties":{"Line":"S124","Sp":"2180.50000000000","X":"641300.50000000000","Y":"9214175.30000000075","NAMOBJ":"Kedali","WADMKC":"Pucuk","WADMKK":"Lamongan"},"geometry":{"type":"Point","coordinates":[112.3,-7.1]}},{"type":"Feature","properties":{"Line":"S124","Sp":"2184.50000000000","X":"641300.50000000000","Y":"9214125.30000000075","NAMOBJ":"Kedali","WADMKC":"Pucuk","WADMKK":"Lamongan"},"geometry":{"type":"Point","coordinates":[112.3,-7.1]}},{"type":"Feature","properties":{"Line":"S113","Sp":"2272.50000000000","X":"640125.50000000000","Y":"9214800.30000000075","NAMOBJ":"Kesambi","WADMKC":"Pucuk","WADMKK":"Lamongan"},"geometry":{"type":"Point","coordinates":[112.3,-7.1]}},{"type":"Feature","properties":{"Line":"S113","Sp":"2276.50000000000","X":"640175.50000000000","Y":"9214800.30000000075","NAMOBJ":"Kesambi","WADMKC":"Pucuk","WADMKK":"Lamongan"},"geometry":{"type":"Point","coordinates":[112.3,-7.1]}},{"type":"Feature","properties":{"Line":"S113","Sp":"2280.50000000000","X":"640225.50000000000","Y":"9214800.30000000075","NAMOBJ":"Kesambi","WADMKC":"Pucuk","WADMKK":"Lamongan"},"geometry":{"type":"Point","coordinates":[112.3,-7.1]}},{"type":"Feature","properties":{"Line":"S113","Sp":"2284.50000000000","X":"640275.50000000000","Y":"9214800.30000000075","NAMOBJ":"Kesambi","WADMKC":"Pucuk","WADMKK":"Lamongan"},"geometry":{"type":"Point","coordinates":[112.3,-7.1]}},{"type":"Feature","properties":{"Line":"S113","Sp":"2288.50000000000","X":"640325.50000000000","Y":"9214800.30000000075","NAMOBJ":"Kesambi","WADMKC":"Pucuk","WADMKK":"Lamongan"},"geometry":{"type":"Point","coordinates":[112.3,-7.1]}},{"type":"Feature","properties":{"Line":"S113","Sp":"2292.50000000000","X":"640375.50000000000","Y":"9214800.30000000075","NAMOBJ":"Kesambi","WADMKC":"Pucuk","WADMKK":"Lamongan"},"geometry":{"type":"Point","coordinates":[112.3,-7.1]}},{"type":"Feature","properties":{"Line":"S113","Sp":"2296.50000000000","X":"640425.50000000000","Y":"9214800.30000000075","NAMOBJ":"Kesambi","WADMKC":"Pucuk","WADMKK":"Lamongan"},"geometry":{"type":"Point","coordinates":[112.3,-7.1]}},{"type":"Feature","properties":{"Line":"S113","Sp":"2300.50000000000","X":"640475.50000000000","Y":"9214800.30000000075","NAMOBJ":"Kesambi","WADMKC":"Pucuk","WADMKK":"Lamongan"},"geometry":{"type":"Point","coordinates":[112.3,-7.1]}},{"type":"Feature","properties":{"Line":"S113","Sp":"2304.50000000000","X":"640525.50000000000","Y":"9214800.30000000075","NAMOBJ":"Kesambi","WADMKC":"Pucuk","WADMKK":"Lamongan"},"geometry":{"type":"Point","coordinates":[112.3,-7.1]}},{"type":"Feature","properties":{"Line":"S115","Sp":"2232.50000000000","X":"639975.50000000000","Y":"9215800.30000000075","NAMOBJ":"Kesambi","WADMKC":"Pucuk","WADMKK":"Lamongan"},"geometry":{"type":"Point","coordinates":[112.3,-7.1]}},{"type":"Feature","properties":{"Line":"S115","Sp":"2236.50000000000","X":"640025.50000000000","Y":"9215800.30000000075","NAMOBJ":"Kesambi","WADMKC":"Pucuk","WADMKK":"Lamongan"},"geometry":{"type":"Point","coordinates":[112.3,-7.1]}},{"type":"Feature","properties":{"Line":"S115","Sp":"2240.50000000000","X":"640075.50000000000","Y":"9215800.30000000075","NAMOBJ":"Kesambi","WADMKC":"Pucuk","WADMKK":"Lamongan"},"geometry":{"type":"Point","coordinates":[112.3,-7.1]}},{"type":"Feature","properties":{"Line":"S115","Sp":"2244.50000000000","X":"640125.50000000000","Y":"9215800.30000000075","NAMOBJ":"Kesambi","WADMKC":"Pucuk","WADMKK":"Lamongan"},"geometry":{"type":"Point","coordinates":[112.3,-7.1]}},{"type":"Feature","properties":{"Line":"S115","Sp":"2248.50000000000","X":"640175.50000000000","Y":"9215800.30000000075","NAMOBJ":"Kesambi","WADMKC":"Pucuk","WADMKK":"Lamongan"},"geometry":{"type":"Point","coordinates":[112.3,-7.1]}},{"type":"Feature","properties":{"Line":"S115","Sp":"2252.50000000000","X":"640225.50000000000","Y":"9215800.30000000075","NAMOBJ":"Kesambi","WADMKC":"Pucuk","WADMKK":"Lamongan"},"geometry":{"type":"Point","coordinates":[112.3,-7.1]}},{"type":"Feature","properties":{"Line":"S115","Sp":"2256.50000000000","X":"640275.50000000000","Y":"9215800.30000000075","NAMOBJ":"Kesambi","WADMKC":"Pucuk","WADMKK":"Lamongan"},"geometry":{"type":"Point","coordinates":[112.3,-7.1]}},{"type":"Feature","properties":{"Line":"S115","Sp":"2260.50000000000","X":"640325.50000000000","Y":"9215800.30000000075","NAMOBJ":"Kesambi","WADMKC":"Pucuk","WADMKK":"Lamongan"},"geometry":{"type":"Point","coordinates":[112.3,-7.1]}},{"type":"Feature","properties":{"Line":"S115","Sp":"2264.50000000000","X":"640375.50000000000","Y":"9215800.30000000075","NAMOBJ":"Kesambi","WADMKC":"Pucuk","WADMKK":"Lamongan"},"geometry":{"type":"Point","coordinates":[112.3,-7.1]}},{"type":"Feature","properties":{"Line":"S115","Sp":"2268.50000000000","X":"640425.50000000000","Y":"9215800.30000000075","NAMOBJ":"Kesambi","WADMKC":"Pucuk","WADMKK":"Lamongan"},"geometry":{"type":"Point","coordinates":[112.3,-7.1]}},{"type":"Feature","properties":{"Line":"S115","Sp":"2272.50000000000","X":"640475.50000000000","Y":"9215800.30000000075","NAMOBJ":"Kesambi","WADMKC":"Pucuk","WADMKK":"Lamongan"},"geometry":{"type":"Point","coordinates":[112.3,-7.1]}},{"type":"Feature","properties":{"Line":"S115","Sp":"2276.50000000000","X":"640525.50000000000","Y":"9215800.30000000075","NAMOBJ":"Kesambi","WADMKC":"Pucuk","WADMKK":"Lamongan"},"geometry":{"type":"Point","coordinates":[112.3,-7.1]}},{"type":"Feature","properties":{"Line":"S115","Sp":"2280.50000000000","X":"640575.50000000000","Y":"9215800.30000000075","NAMOBJ":"Kesambi","WADMKC":"Pucuk","WADMKK":"Lamongan"},"geometry":{"type":"Point","coordinates":[112.3,-7.1]}},{"type":"Feature","properties":{"Line":"S115","Sp":"2284.50000000000","X":"640625.50000000000","Y":"9215800.30000000075","NAMOBJ":"Kesambi","WADMKC":"Pucuk","WADMKK":"Lamongan"},"geometry":{"type":"Point","coordinates":[112.3,-7.1]}},{"type":"Feature","properties":{"Line":"S122","Sp":"1972.50000000000","X":"640300.50000000000","Y":"9216225.30000000075","NAMOBJ":"Kesambi","WADMKC":"Pucuk","WADMKK":"Lamongan"},"geometry":{"type":"Point","coordinates":[112.3,-7.1]}},{"type":"Feature","properties":{"Line":"S122","Sp":"1976.50000000000","X":"640300.50000000000","Y":"9216175.30000000075","NAMOBJ":"Kesambi","WADMKC":"Pucuk","WADMKK":"Lamongan"},"geometry":{"type":"Point","coordinates":[112.3,-7.1]}},{"type":"Feature","properties":{"Line":"S122","Sp":"1980.50000000000","X":"640300.50000000000","Y":"9216125.30000000075","NAMOBJ":"Kesambi","WADMKC":"Pucuk","WADMKK":"Lamongan"},"geometry":{"type":"Point","coordinates":[112.3,-7.1]}},{"type":"Feature","properties":{"Line":"S122","Sp":"1984.50000000000","X":"640300.50000000000","Y":"9216075.30000000075","NAMOBJ":"Kesambi","WADMKC":"Pucuk","WADMKK":"Lamongan"},"geometry":{"type":"Point","coordinates":[112.3,-7.1]}},{"type":"Feature","properties":{"Line":"S122","Sp":"1988.50000000000","X":"640300.50000000000","Y":"9216025.30000000075","NAMOBJ":"Kesambi","WADMKC":"Pucuk","WADMKK":"Lamongan"},"geometry":{"type":"Point","coordinates":[112.3,-7.1]}},{"type":"Feature","properties":{"Line":"S122","Sp":"1992.50000000000","X":"640300.50000000000","Y":"9215975.30000000075","NAMOBJ":"Kesambi","WADMKC":"Pucuk","WADMKK":"Lamongan"},"geometry":{"type":"Point","coordinates":[112.3,-7.1]}},{"type":"Feature","properties":{"Line":"S122","Sp":"1996.50000000000","X":"640300.50000000000","Y":"9215925.30000000075","NAMOBJ":"Kesambi","WADMKC":"Pucuk","WADMKK":"Lamongan"},"geometry":{"type":"Point","coordinates":[112.3,-7.1]}},{"type":"Feature","properties":{"Line":"S122","Sp":"2000.50000000000","X":"640300.50000000000","Y":"9215875.30000000075","NAMOBJ":"Kesambi","WADMKC":"Pucuk","WADMKK":"Lamongan"},"geometry":{"type":"Point","coordinates":[112.3,-7.1]}},{"type":"Feature","properties":{"Line":"S122","Sp":"2004.50000000000","X":"640300.50000000000","Y":"9215825.30000000075","NAMOBJ":"Kesambi","WADMKC":"Pucuk","WADMKK":"Lamongan"},"geometry":{"type":"Point","coordinates":[112.3,-7.1]}},{"type":"Feature","properties":{"Line":"S122","Sp":"2008.50000000000","X":"640300.50000000000","Y":"9215775.30000000075","NAMOBJ":"Kesambi","WADMKC":"Pucuk","WADMKK":"Lamongan"},"geometry":{"type":"Point","coordinates":[112.3,-7.1]}},{"type":"Feature","properties":{"Line":"S122","Sp":"2012.50000000000","X":"640300.50000000000","Y":"9215725.30000000075","NAMOBJ":"Kesambi","WADMKC":"Pucuk","WADMKK":"Lamongan"},"geometry":{"type":"Point","coordinates":[112.3,-7.1]}},{"type":"Feature","properties":{"Line":"S122","Sp":"2016.50000000000","X":"640300.50000000000","Y":"9215675.30000000075","NAMOBJ":"Kesambi","WADMKC":"Pucuk","WADMKK":"Lamongan"},"geometry":{"type":"Point","coordinates":[112.3,-7.1]}},{"type":"Feature","properties":{"Line":"S122","Sp":"2020.50000000000","X":"640300.50000000000","Y":"9215625.30000000075","NAMOBJ":"Kesambi","WADMKC":"Pucuk","WADMKK":"Lamongan"},"geometry":{"type":"Point","coordinates":[112.3,-7.1]}},{"type":"Feature","properties":{"Line":"S122","Sp":"2024.50000000000","X":"640300.50000000000","Y":"9215575.30000000075","NAMOBJ":"Kesambi","WADMKC":"Pucuk","WADMKK":"Lamongan"},"geometry":{"type":"Point","coordinates":[112.3,-7.1]}},{"type":"Feature","properties":{"Line":"S122","Sp":"2028.50000000000","X":"640300.50000000000","Y":"9215525.30000000075","NAMOBJ":"Kesambi","WADMKC":"Pucuk","WADMKK":"Lamongan"},"geometry":{"type":"Point","coordinates":[112.3,-7.1]}},{"type":"Feature","properties":{"Line":"S122","Sp":"2032.50000000000","X":"640300.50000000000","Y":"9215475.30000000075","NAMOBJ":"Kesambi","WADMKC":"Pucuk","WADMKK":"Lamongan"},"geometry":{"type":"Point","coordinates":[112.3,-7.1]}},{"type":"Feature","properties":{"Line":"S122","Sp":"2036.50000000000","X":"640300.50000000000","Y":"9215425.30000000075","NAMOBJ":"Kesambi","WADMKC":"Pucuk","WADMKK":"Lamongan"},"geometry":{"type":"Point","coordinates":[112.3,-7.1]}},{"type":"Feature","properties":{"Line":"S122","Sp":"2040.50000000000","X":"640300.50000000000","Y":"9215375.30000000075","NAMOBJ":"Kesambi","WADMKC":"Pucuk","WADMKK":"Lamongan"},"geometry":{"type":"Point","coordinates":[112.3,-7.1]}},{"type":"Feature","properties":{"Line":"S122","Sp":"2044.50000000000","X":"640300.50000000000","Y":"9215325.30000000075","NAMOBJ":"Kesambi","WADMKC":"Pucuk","WADMKK":"Lamongan"},"geometry":{"type":"Point","coordinates":[112.3,-7.1]}},{"type":"Feature","properties":{"Line":"S122","Sp":"2048.50000000000","X":"640300.50000000000","Y":"9215275.30000000075","NAMOBJ":"Kesambi","WADMKC":"Pucuk","WADMKK":"Lamongan"},"geometry":{"type":"Point","coordinates":[112.3,-7.1]}},{"type":"Feature","properties":{"Line":"S122","Sp":"2052.50000000000","X":"640300.50000000000","Y":"9215225.30000000075","NAMOBJ":"Kesambi","WADMKC":"Pucuk","WADMKK":"Lamongan"},"geometry":{"type":"Point","coordinates":[112.3,-7.1]}},{"type":"Feature","properties":{"Line":"S122","Sp":"2056.50000000000","X":"640300.50000000000","Y":"9215175.30000000075","NAMOBJ":"Kesambi","WADMKC":"Pucuk","WADMKK":"Lamongan"},"geometry":{"type":"Point","coordinates":[112.3,-7.1]}},{"type":"Feature","properties":{"Line":"S122","Sp":"2060.50000000000","X":"640300.50000000000","Y":"9215125.30000000075","NAMOBJ":"Kesambi","WADMKC":"Pucuk","WADMKK":"Lamongan"},"geometry":{"type":"Point","coordinates":[112.3,-7.1]}},{"type":"Feature","properties":{"Line":"S122","Sp":"2064.50000000000","X":"640300.50000000000","Y":"9215075.30000000075","NAMOBJ":"Kesambi","WADMKC":"Pucuk","WADMKK":"Lamongan"},"geometry":{"type":"Point","coordinates":[112.3,-7.1]}},{"type":"Feature","properties":{"Line":"S122","Sp":"2068.50000000000","X":"640300.50000000000","Y":"9215025.30000000075","NAMOBJ":"Kesambi","WADMKC":"Pucuk","WADMKK":"Lamongan"},"geometry":{"type":"Point","coordinates":[112.3,-7.1]}},{"type":"Feature","properties":{"Line":"S122","Sp":"2072.50000000000","X":"640300.50000000000","Y":"9214975.30000000075","NAMOBJ":"Kesambi","WADMKC":"Pucuk","WADMKK":"Lamongan"},"geometry":{"type":"Point","coordinates":[112.3,-7.1]}},{"type":"Feature","properties":{"Line":"S122","Sp":"2076.50000000000","X":"640300.50000000000","Y":"9214925.30000000075","NAMOBJ":"Kesambi","WADMKC":"Pucuk","WADMKK":"Lamongan"},"geometry":{"type":"Point","coordinates":[112.3,-7.1]}},{"type":"Feature","properties":{"Line":"S122","Sp":"2080.50000000000","X":"640300.50000000000","Y":"9214875.30000000075","NAMOBJ":"Kesambi","WADMKC":"Pucuk","WADMKK":"Lamongan"},"geometry":{"type":"Point","coordinates":[112.3,-7.1]}},{"type":"Feature","properties":{"Line":"S122","Sp":"2084.50000000000","X":"640300.50000000000","Y":"9214825.30000000075","NAMOBJ":"Kesambi","WADMKC":"Pucuk","WADMKK":"Lamongan"},"geometry":{"type":"Point","coordinates":[112.3,-7.1]}},{"type":"Feature","properties":{"Line":"S122","Sp":"2088.50000000000","X":"640300.50000000000","Y":"9214775.30000000075","NAMOBJ":"Kesambi","WADMKC":"Pucuk","WADMKK":"Lamongan"},"geometry":{"type":"Point","coordinates":[112.3,-7.1]}},{"type":"Feature","properties":{"Line":"S122","Sp":"2092.50000000000","X":"640300.50000000000","Y":"9214725.30000000075","NAMOBJ":"Kesambi","WADMKC":"Pucuk","WADMKK":"Lamongan"},"geometry":{"type":"Point","coordinates":[112.3,-7.1]}},{"type":"Feature","properties":{"Line":"S122","Sp":"2096.50000000000","X":"640300.50000000000","Y":"9214675.30000000075","NAMOBJ":"Kesambi","WADMKC":"Pucuk","WADMKK":"Lamongan"},"geometry":{"type":"Point","coordinates":[112.3,-7.1]}},{"type":"Feature","properties":{"Line":"S122","Sp":"2100.50000000000","X":"640300.50000000000","Y":"9214625.30000000075","NAMOBJ":"Kesambi","WADMKC":"Pucuk","WADMKK":"Lamongan"},"geometry":{"type":"Point","coordinates":[112.3,-7.1]}},{"type":"Feature","properties":{"Line":"S122","Sp":"2104.50000000000","X":"640300.50000000000","Y":"9214575.30000000075","NAMOBJ":"Kesambi","WADMKC":"Pucuk","WADMKK":"Lamongan"},"geometry":{"type":"Point","coordinates":[112.3,-7.1]}},{"type":"Feature","properties":{"Line":"S122","Sp":"2108.50000000000","X":"640300.50000000000","Y":"9214525.30000000075","NAMOBJ":"Kesambi","WADMKC":"Pucuk","WADMKK":"Lamongan"},"geometry":{"type":"Point","coordinates":[112.3,-7.1]}},{"type":"Feature","properties":{"Line":"S122","Sp":"2112.50000000000","X":"640300.50000000000","Y":"9214475.30000000075","NAMOBJ":"Kesambi","WADMKC":"Pucuk","WADMKK":"Lamongan"},"geometry":{"type":"Point","coordinates":[112.3,-7.1]}},{"type":"Feature","properties":{"Line":"S122","Sp":"2116.50000000000","X":"640300.50000000000","Y":"9214425.30000000075","NAMOBJ":"Kesambi","WADMKC":"Pucuk","WADMKK":"Lamongan"},"geometry":{"type":"Point","coordinates":[112.3,-7.1]}},{"type":"Feature","properties":{"Line":"S122","Sp":"2120.50000000000","X":"640300.50000000000","Y":"9214375.30000000075","NAMOBJ":"Kesambi","WADMKC":"Pucuk","WADMKK":"Lamongan"},"geometry":{"type":"Point","coordinates":[112.3,-7.1]}},{"type":"Feature","properties":{"Line":"S107","Sp":"2260.50000000000","X":"638975.50000000000","Y":"9211800.30000000075","NAMOBJ":"Keyongan","WADMKC":"Babat","WADMKK":"Lamongan"},"geometry":{"type":"Point","coordinates":[112.3,-7.1]}},{"type":"Feature","properties":{"Line":"S107","Sp":"2264.50000000000","X":"639025.50000000000","Y":"9211800.30000000075","NAMOBJ":"Keyongan","WADMKC":"Babat","WADMKK":"Lamongan"},"geometry":{"type":"Point","coordinates":[112.3,-7.1]}},{"type":"Feature","properties":{"Line":"S107","Sp":"2268.50000000000","X":"639075.50000000000","Y":"9211800.30000000075","NAMOBJ":"Keyongan","WADMKC":"Babat","WADMKK":"Lamongan"},"geometry":{"type":"Point","coordinates":[112.3,-7.1]}},{"type":"Feature","properties":{"Line":"S109","Sp":"2200.50000000000","X":"638075.50000000000","Y":"9212800.30000000075","NAMOBJ":"Keyongan","WADMKC":"Babat","WADMKK":"Lamongan"},"geometry":{"type":"Point","coordinates":[112.3,-7.1]}},{"type":"Feature","properties":{"Line":"S109","Sp":"2204.50000000000","X":"638125.50000000000","Y":"9212800.30000000075","NAMOBJ":"Keyongan","WADMKC":"Babat","WADMKK":"Lamongan"},"geometry":{"type":"Point","coordinates":[112.3,-7.1]}},{"type":"Feature","properties":{"Line":"S109","Sp":"2208.50000000000","X":"638175.50000000000","Y":"9212800.30000000075","NAMOBJ":"Keyongan","WADMKC":"Babat","WADMKK":"Lamongan"},"geometry":{"type":"Point","coordinates":[112.3,-7.1]}},{"type":"Feature","properties":{"Line":"S109","Sp":"2212.50000000000","X":"638225.50000000000","Y":"9212800.30000000075","NAMOBJ":"Keyongan","WADMKC":"Babat","WADMKK":"Lamongan"},"geometry":{"type":"Point","coordinates":[112.3,-7.1]}},{"type":"Feature","properties":{"Line":"S109","Sp":"2216.50000000000","X":"638275.50000000000","Y":"9212800.30000000075","NAMOBJ":"Keyongan","WADMKC":"Babat","WADMKK":"Lamongan"},"geometry":{"type":"Point","coordinates":[112.3,-7.1]}},{"type":"Feature","properties":{"Line":"S109","Sp":"2220.50000000000","X":"638325.50000000000","Y":"9212800.30000000075","NAMOBJ":"Keyongan","WADMKC":"Babat","WADMKK":"Lamongan"},"geometry":{"type":"Point","coordinates":[112.3,-7.1]}},{"type":"Feature","properties":{"Line":"S109","Sp":"2224.50000000000","X":"638375.50000000000","Y":"9212800.30000000075","NAMOBJ":"Keyongan","WADMKC":"Babat","WADMKK":"Lamongan"},"geometry":{"type":"Point","coordinates":[112.3,-7.1]}},{"type":"Feature","properties":{"Line":"S109","Sp":"2228.50000000000","X":"638425.50000000000","Y":"9212800.30000000075","NAMOBJ":"Keyongan","WADMKC":"Babat","WADMKK":"Lamongan"},"geometry":{"type":"Point","coordinates":[112.3,-7.1]}},{"type":"Feature","properties":{"Line":"S109","Sp":"2232.50000000000","X":"638475.50000000000","Y":"9212800.30000000075","NAMOBJ":"Keyongan","WADMKC":"Babat","WADMKK":"Lamongan"},"geometry":{"type":"Point","coordinates":[112.3,-7.1]}},{"type":"Feature","properties":{"Line":"S109","Sp":"2236.50000000000","X":"638525.50000000000","Y":"9212800.30000000075","NAMOBJ":"Keyongan","WADMKC":"Babat","WADMKK":"Lamongan"},"geometry":{"type":"Point","coordinates":[112.3,-7.1]}},{"type":"Feature","properties":{"Line":"S109","Sp":"2240.50000000000","X":"638575.50000000000","Y":"9212800.30000000075","NAMOBJ":"Keyongan","WADMKC":"Babat","WADMKK":"Lamongan"},"geometry":{"type":"Point","coordinates":[112.3,-7.1]}},{"type":"Feature","properties":{"Line":"S109","Sp":"2244.50000000000","X":"638625.50000000000","Y":"9212800.30000000075","NAMOBJ":"Keyongan","WADMKC":"Babat","WADMKK":"Lamongan"},"geometry":{"type":"Point","coordinates":[112.3,-7.1]}},{"type":"Feature","properties":{"Line":"S109","Sp":"2248.50000000000","X":"638675.50000000000","Y":"9212800.30000000075","NAMOBJ":"Keyongan","WADMKC":"Babat","WADMKK":"Lamongan"},"geometry":{"type":"Point","coordinates":[112.3,-7.1]}},{"type":"Feature","properties":{"Line":"S109","Sp":"2252.50000000000","X":"638725.50000000000","Y":"9212800.30000000075","NAMOBJ":"Keyongan","WADMKC":"Babat","WADMKK":"Lamongan"},"geometry":{"type":"Point","coordinates":[112.3,-7.1]}},{"type":"Feature","properties":{"Line":"S109","Sp":"2256.50000000000","X":"638775.50000000000","Y":"9212800.30000000075","NAMOBJ":"Keyongan","WADMKC":"Babat","WADMKK":"Lamongan"},"geometry":{"type":"Point","coordinates":[112.3,-7.1]}},{"type":"Feature","properties":{"Line":"S109","Sp":"2260.50000000000","X":"638825.50000000000","Y":"9212800.30000000075","NAMOBJ":"Keyongan","WADMKC":"Babat","WADMKK":"Lamongan"},"geometry":{"type":"Point","coordinates":[112.3,-7.1]}},{"type":"Feature","properties":{"Line":"S109","Sp":"2264.50000000000","X":"638875.50000000000","Y":"9212800.30000000075","NAMOBJ":"Keyongan","WADMKC":"Babat","WADMKK":"Lamongan"},"geometry":{"type":"Point","coordinates":[112.3,-7.1]}},{"type":"Feature","properties":{"Line":"S109","Sp":"2268.50000000000","X":"638925.50000000000","Y":"9212800.30000000075","NAMOBJ":"Keyongan","WADMKC":"Babat","WADMKK":"Lamongan"},"geometry":{"type":"Point","coordinates":[112.3,-7.1]}},{"type":"Feature","properties":{"Line":"S111","Sp":"2196.50000000000","X":"638075.50000000000","Y":"9213800.30000000075","NAMOBJ":"Keyongan","WADMKC":"Babat","WADMKK":"Lamongan"},"geometry":{"type":"Point","coordinates":[112.3,-7.1]}},{"type":"Feature","properties":{"Line":"S111","Sp":"2200.50000000000","X":"638125.50000000000","Y":"9213800.30000000075","NAMOBJ":"Keyongan","WADMKC":"Babat","WADMKK":"Lamongan"},"geometry":{"type":"Point","coordinates":[112.3,-7.1]}},{"type":"Feature","properties":{"Line":"S111","Sp":"2204.50000000000","X":"638175.50000000000","Y":"9213800.30000000075","NAMOBJ":"Keyongan","WADMKC":"Babat","WADMKK":"Lamongan"},"geometry":{"type":"Point","coordinates":[112.3,-7.1]}},{"type":"Feature","properties":{"Line":"S111","Sp":"2208.50000000000","X":"638225.50000000000","Y":"9213800.30000000075","NAMOBJ":"Keyongan","WADMKC":"Babat","WADMKK":"Lamongan"},"geometry":{"type":"Point","coordinates":[112.3,-7.1]}},{"type":"Feature","properties":{"Line":"S111","Sp":"2212.50000000000","X":"638275.50000000000","Y":"9213800.30000000075","NAMOBJ":"Keyongan","WADMKC":"Babat","WADMKK":"Lamongan"},"geometry":{"type":"Point","coordinates":[112.3,-7.1]}},{"type":"Feature","properties":{"Line":"S111","Sp":"2216.50000000000","X":"638325.50000000000","Y":"9213800.30000000075","NAMOBJ":"Keyongan","WADMKC":"Babat","WADMKK":"Lamongan"},"geometry":{"type":"Point","coordinates":[112.3,-7.1]}},{"type":"Feature","properties":{"Line":"S111","Sp":"2220.50000000000","X":"638375.50000000000","Y":"9213800.30000000075","NAMOBJ":"Keyongan","WADMKC":"Babat","WADMKK":"Lamongan"},"geometry":{"type":"Point","coordinates":[112.3,-7.1]}},{"type":"Feature","properties":{"Line":"S111","Sp":"2224.50000000000","X":"638425.50000000000","Y":"9213800.30000000075","NAMOBJ":"Keyongan","WADMKC":"Babat","WADMKK":"Lamongan"},"geometry":{"type":"Point","coordinates":[112.3,-7.1]}},{"type":"Feature","properties":{"Line":"S111","Sp":"2228.50000000000","X":"638475.50000000000","Y":"9213800.30000000075","NAMOBJ":"Keyongan","WADMKC":"Babat","WADMKK":"Lamongan"},"geometry":{"type":"Point","coordinates":[112.3,-7.1]}},{"type":"Feature","properties":{"Line":"S111","Sp":"2232.50000000000","X":"638525.50000000000","Y":"9213800.30000000075","NAMOBJ":"Keyongan","WADMKC":"Babat","WADMKK":"Lamongan"},"geometry":{"type":"Point","coordinates":[112.3,-7.1]}},{"type":"Feature","properties":{"Line":"S111","Sp":"2236.50000000000","X":"638575.50000000000","Y":"9213800.30000000075","NAMOBJ":"Keyongan","WADMKC":"Babat","WADMKK":"Lamongan"},"geometry":{"type":"Point","coordinates":[112.3,-7.1]}},{"type":"Feature","properties":{"Line":"S118","Sp":"2080.50000000000","X":"638300.50000000000","Y":"9214375.30000000075","NAMOBJ":"Keyongan","WADMKC":"Babat","WADMKK":"Lamongan"},"geometry":{"type":"Point","coordinates":[112.3,-7.1]}},{"type":"Feature","properties":{"Line":"S118","Sp":"2084.50000000000","X":"638300.50000000000","Y":"9214325.30000000075","NAMOBJ":"Keyongan","WADMKC":"Babat","WADMKK":"Lamongan"},"geometry":{"type":"Point","coordinates":[112.3,-7.1]}},{"type":"Feature","properties":{"Line":"S118","Sp":"2088.50000000000","X":"638300.50000000000","Y":"9214275.30000000075","NAMOBJ":"Keyongan","WADMKC":"Babat","WADMKK":"Lamongan"},"geometry":{"type":"Point","coordinates":[112.3,-7.1]}},{"type":"Feature","properties":{"Line":"S118","Sp":"2092.50000000000","X":"638300.50000000000","Y":"9214225.30000000075","NAMOBJ":"Keyongan","WADMKC":"Babat","WADMKK":"Lamongan"},"geometry":{"type":"Point","coordinates":[112.3,-7.1]}},{"type":"Feature","properties":{"Line":"S118","Sp":"2096.50000000000","X":"638300.50000000000","Y":"9214175.30000000075","NAMOBJ":"Keyongan","WADMKC":"Babat","WADMKK":"Lamongan"},"geometry":{"type":"Point","coordinates":[112.3,-7.1]}},{"type":"Feature","properties":{"Line":"S118","Sp":"2100.50000000000","X":"638300.50000000000","Y":"9214125.30000000075","NAMOBJ":"Keyongan","WADMKC":"Babat","WADMKK":"Lamongan"},"geometry":{"type":"Point","coordinates":[112.3,-7.1]}},{"type":"Feature","properties":{"Line":"S118","Sp":"2104.50000000000","X":"638300.50000000000","Y":"9214075.30000000075","NAMOBJ":"Keyongan","WADMKC":"Babat","WADMKK":"Lamongan"},"geometry":{"type":"Point","coordinates":[112.3,-7.1]}},{"type":"Feature","properties":{"Line":"S118","Sp":"2108.50000000000","X":"638300.50000000000","Y":"9214025.30000000075","NAMOBJ":"Keyongan","WADMKC":"Babat","WADMKK":"Lamongan"},"geometry":{"type":"Point","coordinates":[112.3,-7.1]}},{"type":"Feature","properties":{"Line":"S118","Sp":"2112.50000000000","X":"638300.50000000000","Y":"9213975.30000000075","NAMOBJ":"Keyongan","WADMKC":"Babat","WADMKK":"Lamongan"},"geometry":{"type":"Point","coordinates":[112.3,-7.1]}},{"type":"Feature","properties":{"Line":"S118","Sp":"2116.50000000000","X":"638300.50000000000","Y":"9213925.30000000075","NAMOBJ":"Keyongan","WADMKC":"Babat","WADMKK":"Lamongan"},"geometry":{"type":"Point","coordinates":[112.3,-7.1]}},{"type":"Feature","properties":{"Line":"S118","Sp":"2120.50000000000","X":"638300.50000000000","Y":"9213875.30000000075","NAMOBJ":"Keyongan","WADMKC":"Babat","WADMKK":"Lamongan"},"geometry":{"type":"Point","coordinates":[112.3,-7.1]}},{"type":"Feature","properties":{"Line":"S118","Sp":"2124.50000000000","X":"638300.50000000000","Y":"9213825.30000000075","NAMOBJ":"Keyongan","WADMKC":"Babat","WADMKK":"Lamongan"},"geometry":{"type":"Point","coordinates":[112.3,-7.1]}},{"type":"Feature","properties":{"Line":"S118","Sp":"2128.50000000000","X":"638300.50000000000","Y":"9213775.30000000075","NAMOBJ":"Keyongan","WADMKC":"Babat","WADMKK":"Lamongan"},"geometry":{"type":"Point","coordinates":[112.3,-7.1]}},{"type":"Feature","properties":{"Line":"S118","Sp":"2132.50000000000","X":"638300.50000000000","Y":"9213725.30000000075","NAMOBJ":"Keyongan","WADMKC":"Babat","WADMKK":"Lamongan"},"geometry":{"type":"Point","coordinates":[112.3,-7.1]}},{"type":"Feature","properties":{"Line":"S118","Sp":"2136.50000000000","X":"638300.50000000000","Y":"9213675.30000000075","NAMOBJ":"Keyongan","WADMKC":"Babat","WADMKK":"Lamongan"},"geometry":{"type":"Point","coordinates":[112.3,-7.1]}},{"type":"Feature","properties":{"Line":"S118","Sp":"2140.50000000000","X":"638300.50000000000","Y":"9213625.30000000075","NAMOBJ":"Keyongan","WADMKC":"Babat","WADMKK":"Lamongan"},"geometry":{"type":"Point","coordinates":[112.3,-7.1]}},{"type":"Feature","properties":{"Line":"S118","Sp":"2144.50000000000","X":"638300.50000000000","Y":"9213575.30000000075","NAMOBJ":"Keyongan","WADMKC":"Babat","WADMKK":"Lamongan"},"geometry":{"type":"Point","coordinates":[112.3,-7.1]}},{"type":"Feature","properties":{"Line":"S118","Sp":"2148.50000000000","X":"638300.50000000000","Y":"9213525.30000000075","NAMOBJ":"Keyongan","WADMKC":"Babat","WADMKK":"Lamongan"},"geometry":{"type":"Point","coordinates":[112.3,-7.1]}},{"type":"Feature","properties":{"Line":"S118","Sp":"2152.50000000000","X":"638300.50000000000","Y":"9213475.30000000075","NAMOBJ":"Keyongan","WADMKC":"Babat","WADMKK":"Lamongan"},"geometry":{"type":"Point","coordinates":[112.3,-7.1]}},{"type":"Feature","properties":{"Line":"S118","Sp":"2156.50000000000","X":"638300.50000000000","Y":"9213425.30000000075","NAMOBJ":"Keyongan","WADMKC":"Babat","WADMKK":"Lamongan"},"geometry":{"type":"Point","coordinates":[112.3,-7.1]}},{"type":"Feature","properties":{"Line":"S118","Sp":"2160.50000000000","X":"638300.50000000000","Y":"9213375.30000000075","NAMOBJ":"Keyongan","WADMKC":"Babat","WADMKK":"Lamongan"},"geometry":{"type":"Point","coordinates":[112.3,-7.1]}},{"type":"Feature","properties":{"Line":"S118","Sp":"2164.50000000000","X":"638300.50000000000","Y":"9213325.30000000075","NAMOBJ":"Keyongan","WADMKC":"Babat","WADMKK":"Lamongan"},"geometry":{"type":"Point","coordinates":[112.3,-7.1]}},{"type":"Feature","properties":{"Line":"S118","Sp":"2168.50000000000","X":"638300.50000000000","Y":"9213275.30000000075","NAMOBJ":"Keyongan","WADMKC":"Babat","WADMKK":"Lamongan"},"geometry":{"type":"Point","coordinates":[112.3,-7.1]}},{"type":"Feature","properties":{"Line":"S118","Sp":"2172.50000000000","X":"638300.50000000000","Y":"9213225.30000000075","NAMOBJ":"Keyongan","WADMKC":"Babat","WADMKK":"Lamongan"},"geometry":{"type":"Point","coordinates":[112.3,-7.1]}},{"type":"Feature","properties":{"Line":"S118","Sp":"2176.50000000000","X":"638300.50000000000","Y":"9213175.30000000075","NAMOBJ":"Keyongan","WADMKC":"Babat","WADMKK":"Lamongan"},"geometry":{"type":"Point","coordinates":[112.3,-7.1]}},{"type":"Feature","properties":{"Line":"S118","Sp":"2180.50000000000","X":"638300.50000000000","Y":"9213125.30000000075","NAMOBJ":"Keyongan","WADMKC":"Babat","WADMKK":"Lamongan"},"geometry":{"type":"Point","coordinates":[112.3,-7.1]}},{"type":"Feature","properties":{"Line":"S118","Sp":"2184.50000000000","X":"638300.50000000000","Y":"9213075.30000000075","NAMOBJ":"Keyongan","WADMKC":"Babat","WADMKK":"Lamongan"},"geometry":{"type":"Point","coordinates":[112.3,-7.1]}},{"type":"Feature","properties":{"Line":"S118","Sp":"2188.50000000000","X":"638300.50000000000","Y":"9213025.30000000075","NAMOBJ":"Keyongan","WADMKC":"Babat","WADMKK":"Lamongan"},"geometry":{"type":"Point","coordinates":[112.3,-7.1]}},{"type":"Feature","properties":{"Line":"S118","Sp":"2192.50000000000","X":"638300.50000000000","Y":"9212975.30000000075","NAMOBJ":"Keyongan","WADMKC":"Babat","WADMKK":"Lamongan"},"geometry":{"type":"Point","coordinates":[112.3,-7.1]}},{"type":"Feature","properties":{"Line":"S118","Sp":"2196.50000000000","X":"638300.50000000000","Y":"9212925.30000000075","NAMOBJ":"Keyongan","WADMKC":"Babat","WADMKK":"Lamongan"},"geometry":{"type":"Point","coordinates":[112.3,-7.1]}},{"type":"Feature","properties":{"Line":"S118","Sp":"2200.50000000000","X":"638300.50000000000","Y":"9212875.30000000075","NAMOBJ":"Keyongan","WADMKC":"Babat","WADMKK":"Lamongan"},"geometry":{"type":"Point","coordinates":[112.3,-7.1]}},{"type":"Feature","properties":{"Line":"S118","Sp":"2204.50000000000","X":"638300.50000000000","Y":"9212825.30000000075","NAMOBJ":"Keyongan","WADMKC":"Babat","WADMKK":"Lamongan"},"geometry":{"type":"Point","coordinates":[112.3,-7.1]}},{"type":"Feature","properties":{"Line":"S118","Sp":"2208.50000000000","X":"638300.50000000000","Y":"9212775.30000000075","NAMOBJ":"Keyongan","WADMKC":"Babat","WADMKK":"Lamongan"},"geometry":{"type":"Point","coordinates":[112.3,-7.1]}},{"type":"Feature","properties":{"Line":"S118","Sp":"2212.50000000000","X":"638300.50000000000","Y":"9212725.30000000075","NAMOBJ":"Keyongan","WADMKC":"Babat","WADMKK":"Lamongan"},"geometry":{"type":"Point","coordinates":[112.3,-7.1]}},{"type":"Feature","properties":{"Line":"S118","Sp":"2216.50000000000","X":"638300.50000000000","Y":"9212675.30000000075","NAMOBJ":"Keyongan","WADMKC":"Babat","WADMKK":"Lamongan"},"geometry":{"type":"Point","coordinates":[112.3,-7.1]}},{"type":"Feature","properties":{"Line":"S118","Sp":"2220.50000000000","X":"638300.50000000000","Y":"9212625.30000000075","NAMOBJ":"Keyongan","WADMKC":"Babat","WADMKK":"Lamongan"},"geometry":{"type":"Point","coordinates":[112.3,-7.1]}},{"type":"Feature","properties":{"Line":"S118","Sp":"2224.50000000000","X":"638300.50000000000","Y":"9212575.30000000075","NAMOBJ":"Keyongan","WADMKC":"Babat","WADMKK":"Lamongan"},"geometry":{"type":"Point","coordinates":[112.3,-7.1]}},{"type":"Feature","properties":{"Line":"S118","Sp":"2228.50000000000","X":"638300.50000000000","Y":"9212525.30000000075","NAMOBJ":"Keyongan","WADMKC":"Babat","WADMKK":"Lamongan"},"geometry":{"type":"Point","coordinates":[112.3,-7.1]}},{"type":"Feature","properties":{"Line":"S118","Sp":"2232.50000000000","X":"638300.50000000000","Y":"9212475.30000000075","NAMOBJ":"Keyongan","WADMKC":"Babat","WADMKK":"Lamongan"},"geometry":{"type":"Point","coordinates":[112.3,-7.1]}},{"type":"Feature","properties":{"Line":"S118","Sp":"2236.50000000000","X":"638300.50000000000","Y":"9212425.30000000075","NAMOBJ":"Keyongan","WADMKC":"Babat","WADMKK":"Lamongan"},"geometry":{"type":"Point","coordinates":[112.3,-7.1]}},{"type":"Feature","properties":{"Line":"S118","Sp":"2240.50000000000","X":"638300.50000000000","Y":"9212375.30000000075","NAMOBJ":"Keyongan","WADMKC":"Babat","WADMKK":"Lamongan"},"geometry":{"type":"Point","coordinates":[112.3,-7.1]}},{"type":"Feature","properties":{"Line":"S118","Sp":"2244.50000000000","X":"638300.50000000000","Y":"9212325.30000000075","NAMOBJ":"Keyongan","WADMKC":"Babat","WADMKK":"Lamongan"},"geometry":{"type":"Point","coordinates":[112.3,-7.1]}},{"type":"Feature","properties":{"Line":"S118","Sp":"2248.50000000000","X":"638300.50000000000","Y":"9212275.30000000075","NAMOBJ":"Keyongan","WADMKC":"Babat","WADMKK":"Lamongan"},"geometry":{"type":"Point","coordinates":[112.3,-7.1]}},{"type":"Feature","properties":{"Line":"S118","Sp":"2252.50000000000","X":"638300.50000000000","Y":"9212225.30000000075","NAMOBJ":"Keyongan","WADMKC":"Babat","WADMKK":"Lamongan"},"geometry":{"type":"Point","coordinates":[112.3,-7.1]}},{"type":"Feature","properties":{"Line":"S117","Sp":"2228.50000000000","X":"639375.50000000000","Y":"9216800.30000000075","NAMOBJ":"Latek","WADMKC":"Sekaran","WADMKK":"Lamongan"},"geometry":{"type":"Point","coordinates":[112.3,-7.1]}},{"type":"Feature","properties":{"Line":"S117","Sp":"2232.50000000000","X":"639425.50000000000","Y":"9216800.30000000075","NAMOBJ":"Latek","WADMKC":"Sekaran","WADMKK":"Lamongan"},"geometry":{"type":"Point","coordinates":[112.3,-7.1]}},{"type":"Feature","properties":{"Line":"S117","Sp":"2236.50000000000","X":"639475.50000000000","Y":"9216800.30000000075","NAMOBJ":"Latek","WADMKC":"Sekaran","WADMKK":"Lamongan"},"geometry":{"type":"Point","coordinates":[112.3,-7.1]}},{"type":"Feature","properties":{"Line":"S117","Sp":"2240.50000000000","X":"639525.50000000000","Y":"9216800.30000000075","NAMOBJ":"Latek","WADMKC":"Sekaran","WADMKK":"Lamongan"},"geometry":{"type":"Point","coordinates":[112.3,-7.1]}},{"type":"Feature","properties":{"Line":"S117","Sp":"2244.50000000000","X":"639575.50000000000","Y":"9216800.30000000075","NAMOBJ":"Latek","WADMKC":"Sekaran","WADMKK":"Lamongan"},"geometry":{"type":"Point","coordinates":[112.3,-7.1]}},{"type":"Feature","properties":{"Line":"S117","Sp":"2248.50000000000","X":"639625.50000000000","Y":"9216800.30000000075","NAMOBJ":"Latek","WADMKC":"Sekaran","WADMKK":"Lamongan"},"geometry":{"type":"Point","coordinates":[112.3,-7.1]}},{"type":"Feature","properties":{"Line":"S117","Sp":"2252.50000000000","X":"639675.50000000000","Y":"9216800.30000000075","NAMOBJ":"Latek","WADMKC":"Sekaran","WADMKK":"Lamongan"},"geometry":{"type":"Point","coordinates":[112.3,-7.1]}},{"type":"Feature","properties":{"Line":"S117","Sp":"2256.50000000000","X":"639725.50000000000","Y":"9216800.30000000075","NAMOBJ":"Latek","WADMKC":"Sekaran","WADMKK":"Lamongan"},"geometry":{"type":"Point","coordinates":[112.3,-7.1]}},{"type":"Feature","properties":{"Line":"S117","Sp":"2260.50000000000","X":"639775.50000000000","Y":"9216800.30000000075","NAMOBJ":"Latek","WADMKC":"Sekaran","WADMKK":"Lamongan"},"geometry":{"type":"Point","coordinates":[112.3,-7.1]}},{"type":"Feature","properties":{"Line":"S117","Sp":"2264.50000000000","X":"639825.50000000000","Y":"9216800.30000000075","NAMOBJ":"Latek","WADMKC":"Sekaran","WADMKK":"Lamongan"},"geometry":{"type":"Point","coordinates":[112.3,-7.1]}},{"type":"Feature","properties":{"Line":"S117","Sp":"2268.50000000000","X":"639875.50000000000","Y":"9216800.30000000075","NAMOBJ":"Latek","WADMKC":"Sekaran","WADMKK":"Lamongan"},"geometry":{"type":"Point","coordinates":[112.3,-7.1]}},{"type":"Feature","properties":{"Line":"S117","Sp":"2272.50000000000","X":"639925.50000000000","Y":"9216800.30000000075","NAMOBJ":"Latek","WADMKC":"Sekaran","WADMKK":"Lamongan"},"geometry":{"type":"Point","coordinates":[112.3,-7.1]}},{"type":"Feature","properties":{"Line":"S117","Sp":"2276.50000000000","X":"639975.50000000000","Y":"9216800.30000000075","NAMOBJ":"Latek","WADMKC":"Sekaran","WADMKK":"Lamongan"},"geometry":{"type":"Point","coordinates":[112.3,-7.1]}},{"type":"Feature","properties":{"Line":"S119","Sp":"2304.50000000000","X":"639375.50000000000","Y":"9217800.30000000075","NAMOBJ":"Latek","WADMKC":"Sekaran","WADMKK":"Lamongan"},"geometry":{"type":"Point","coordinates":[112.3,-7.1]}},{"type":"Feature","properties":{"Line":"S119","Sp":"2308.50000000000","X":"639425.50000000000","Y":"9217800.30000000075","NAMOBJ":"Latek","WADMKC":"Sekaran","WADMKK":"Lamongan"},"geometry":{"type":"Point","coordinates":[112.3,-7.1]}},{"type":"Feature","properties":{"Line":"S119","Sp":"2312.50000000000","X":"639475.50000000000","Y":"9217800.30000000075","NAMOBJ":"Latek","WADMKC":"Sekaran","WADMKK":"Lamongan"},"geometry":{"type":"Point","coordinates":[112.3,-7.1]}},{"type":"Feature","properties":{"Line":"S119","Sp":"2316.50000000000","X":"639525.50000000000","Y":"9217800.30000000075","NAMOBJ":"Latek","WADMKC":"Sekaran","WADMKK":"Lamongan"},"geometry":{"type":"Point","coordinates":[112.3,-7.1]}},{"type":"Feature","properties":{"Line":"S119","Sp":"2320.50000000000","X":"639575.50000000000","Y":"9217800.30000000075","NAMOBJ":"Latek","WADMKC":"Sekaran","WADMKK":"Lamongan"},"geometry":{"type":"Point","coordinates":[112.3,-7.1]}},{"type":"Feature","properties":{"Line":"S119","Sp":"2324.50000000000","X":"639625.50000000000","Y":"9217800.30000000075","NAMOBJ":"Latek","WADMKC":"Sekaran","WADMKK":"Lamongan"},"geometry":{"type":"Point","coordinates":[112.3,-7.1]}},{"type":"Feature","properties":{"Line":"S119","Sp":"2328.50000000000","X":"639675.50000000000","Y":"9217800.30000000075","NAMOBJ":"Latek","WADMKC":"Sekaran","WADMKK":"Lamongan"},"geometry":{"type":"Point","coordinates":[112.3,-7.1]}},{"type":"Feature","properties":{"Line":"S119","Sp":"2332.50000000000","X":"639725.50000000000","Y":"9217800.30000000075","NAMOBJ":"Latek","WADMKC":"Sekaran","WADMKK":"Lamongan"},"geometry":{"type":"Point","coordinates":[112.3,-7.1]}},{"type":"Feature","properties":{"Line":"S119","Sp":"2336.50000000000","X":"639775.50000000000","Y":"9217800.30000000075","NAMOBJ":"Latek","WADMKC":"Sekaran","WADMKK":"Lamongan"},"geometry":{"type":"Point","coordinates":[112.3,-7.1]}},{"type":"Feature","properties":{"Line":"S119","Sp":"2340.50000000000","X":"639825.50000000000","Y":"9217800.30000000075","NAMOBJ":"Latek","WADMKC":"Sekaran","WADMKK":"Lamongan"},"geometry":{"type":"Point","coordinates":[112.3,-7.1]}},{"type":"Feature","properties":{"Line":"S119","Sp":"2344.50000000000","X":"639875.50000000000","Y":"9217800.30000000075","NAMOBJ":"Latek","WADMKC":"Sekaran","WADMKK":"Lamongan"},"geometry":{"type":"Point","coordinates":[112.3,-7.1]}},{"type":"Feature","properties":{"Line":"S119","Sp":"2348.50000000000","X":"639925.50000000000","Y":"9217800.30000000075","NAMOBJ":"Latek","WADMKC":"Sekaran","WADMKK":"Lamongan"},"geometry":{"type":"Point","coordinates":[112.3,-7.1]}},{"type":"Feature","properties":{"Line":"S119","Sp":"2352.50000000000","X":"639975.50000000000","Y":"9217800.30000000075","NAMOBJ":"Latek","WADMKC":"Sekaran","WADMKK":"Lamongan"},"geometry":{"type":"Point","coordinates":[112.3,-7.1]}},{"type":"Feature","properties":{"Line":"S119","Sp":"2356.50000000000","X":"640025.50000000000","Y":"9217800.30000000075","NAMOBJ":"Latek","WADMKC":"Sekaran","WADMKK":"Lamongan"},"geometry":{"type":"Point","coordinates":[112.3,-7.1]}},{"type":"Feature","properties":{"Line":"S119","Sp":"2360.50000000000","X":"640075.50000000000","Y":"9217800.30000000075","NAMOBJ":"Latek","WADMKC":"Sekaran","WADMKK":"Lamongan"},"geometry":{"type":"Point","coordinates":[112.3,-7.1]}},{"type":"Feature","properties":{"Line":"S119","Sp":"2364.50000000000","X":"640125.50000000000","Y":"9217800.30000000075","NAMOBJ":"Latek","WADMKC":"Sekaran","WADMKK":"Lamongan"},"geometry":{"type":"Point","coordinates":[112.3,-7.1]}},{"type":"Feature","properties":{"Line":"S119","Sp":"2368.50000000000","X":"640175.50000000000","Y":"9217800.30000000075","NAMOBJ":"Latek","WADMKC":"Sekaran","WADMKK":"Lamongan"},"geometry":{"type":"Point","coordinates":[112.3,-7.1]}},{"type":"Feature","properties":{"Line":"S119","Sp":"2372.50000000000","X":"640225.50000000000","Y":"9217800.30000000075","NAMOBJ":"Latek","WADMKC":"Sekaran","WADMKK":"Lamongan"},"geometry":{"type":"Point","coordinates":[112.3,-7.1]}},{"type":"Feature","properties":{"Line":"S120","Sp":"1632.50000000000","X":"639300.50000000000","Y":"9219925.30000000075","NAMOBJ":"Latek","WADMKC":"Sekaran","WADMKK":"Lamongan"},"geometry":{"type":"Point","coordinates":[112.3,-7.1]}},{"type":"Feature","properties":{"Line":"S120","Sp":"1636.50000000000","X":"639300.50000000000","Y":"9219875.30000000075","NAMOBJ":"Latek","WADMKC":"Sekaran","WADMKK":"Lamongan"},"geometry":{"type":"Point","coordinates":[112.3,-7.1]}},{"type":"Feature","properties":{"Line":"S120","Sp":"1640.50000000000","X":"639300.50000000000","Y":"9219825.30000000075","NAMOBJ":"Latek","WADMKC":"Sekaran","WADMKK":"Lamongan"},"geometry":{"type":"Point","coordinates":[112.3,-7.1]}},{"type":"Feature","properties":{"Line":"S120","Sp":"1644.50000000000","X":"639300.50000000000","Y":"9219775.30000000075","NAMOBJ":"Latek","WADMKC":"Sekaran","WADMKK":"Lamongan"},"geometry":{"type":"Point","coordinates":[112.3,-7.1]}},{"type":"Feature","properties":{"Line":"S120","Sp":"1648.50000000000","X":"639300.50000000000","Y":"9219725.30000000075","NAMOBJ":"Latek","WADMKC":"Sekaran","WADMKK":"Lamongan"},"geometry":{"type":"Point","coordinates":[112.3,-7.1]}},{"type":"Feature","properties":{"Line":"S120","Sp":"1652.50000000000","X":"639300.50000000000","Y":"9219675.30000000075","NAMOBJ":"Latek","WADMKC":"Sekaran","WADMKK":"Lamongan"},"geometry":{"type":"Point","coordinates":[112.3,-7.1]}},{"type":"Feature","properties":{"Line":"S120","Sp":"1656.50000000000","X":"639300.50000000000","Y":"9219625.30000000075","NAMOBJ":"Latek","WADMKC":"Sekaran","WADMKK":"Lamongan"},"geometry":{"type":"Point","coordinates":[112.3,-7.1]}},{"type":"Feature","properties":{"Line":"S120","Sp":"1660.50000000000","X":"639300.50000000000","Y":"9219575.30000000075","NAMOBJ":"Latek","WADMKC":"Sekaran","WADMKK":"Lamongan"},"geometry":{"type":"Point","coordinates":[112.3,-7.1]}},{"type":"Feature","properties":{"Line":"S120","Sp":"1664.50000000000","X":"639300.50000000000","Y":"9219525.30000000075","NAMOBJ":"Latek","WADMKC":"Sekaran","WADMKK":"Lamongan"},"geometry":{"type":"Point","coordinates":[112.3,-7.1]}},{"type":"Feature","properties":{"Line":"S120","Sp":"1668.50000000000","X":"639300.50000000000","Y":"9219475.30000000075","NAMOBJ":"Latek","WADMKC":"Sekaran","WADMKK":"Lamongan"},"geometry":{"type":"Point","coordinates":[112.3,-7.1]}},{"type":"Feature","properties":{"Line":"S120","Sp":"1672.50000000000","X":"639300.50000000000","Y":"9219425.30000000075","NAMOBJ":"Latek","WADMKC":"Sekaran","WADMKK":"Lamongan"},"geometry":{"type":"Point","coordinates":[112.3,-7.1]}},{"type":"Feature","properties":{"Line":"S120","Sp":"1676.50000000000","X":"639300.50000000000","Y":"9219375.30000000075","NAMOBJ":"Latek","WADMKC":"Sekaran","WADMKK":"Lamongan"},"geometry":{"type":"Point","coordinates":[112.3,-7.1]}},{"type":"Feature","properties":{"Line":"S120","Sp":"1680.50000000000","X":"639300.50000000000","Y":"9219325.30000000075","NAMOBJ":"Latek","WADMKC":"Sekaran","WADMKK":"Lamongan"},"geometry":{"type":"Point","coordinates":[112.3,-7.1]}},{"type":"Feature","properties":{"Line":"S120","Sp":"1684.50000000000","X":"639300.50000000000","Y":"9219275.30000000075","NAMOBJ":"Latek","WADMKC":"Sekaran","WADMKK":"Lamongan"},"geometry":{"type":"Point","coordinates":[112.3,-7.1]}},{"type":"Feature","properties":{"Line":"S120","Sp":"1688.50000000000","X":"639300.50000000000","Y":"9219225.30000000075","NAMOBJ":"Latek","WADMKC":"Sekaran","WADMKK":"Lamongan"},"geometry":{"type":"Point","coordinates":[112.3,-7.1]}},{"type":"Feature","properties":{"Line":"S120","Sp":"1692.50000000000","X":"639300.50000000000","Y":"9219175.30000000075","NAMOBJ":"Latek","WADMKC":"Sekaran","WADMKK":"Lamongan"},"geometry":{"type":"Point","coordinates":[112.3,-7.1]}},{"type":"Feature","properties":{"Line":"S120","Sp":"1696.50000000000","X":"639300.50000000000","Y":"9219125.30000000075","NAMOBJ":"Latek","WADMKC":"Sekaran","WADMKK":"Lamongan"},"geometry":{"type":"Point","coordinates":[112.3,-7.1]}},{"type":"Feature","properties":{"Line":"S120","Sp":"1700.50000000000","X":"639300.50000000000","Y":"9219075.30000000075","NAMOBJ":"Latek","WADMKC":"Sekaran","WADMKK":"Lamongan"},"geometry":{"type":"Point","coordinates":[112.3,-7.1]}},{"type":"Feature","properties":{"Line":"S120","Sp":"1704.50000000000","X":"639300.50000000000","Y":"9219025.30000000075","NAMOBJ":"Latek","WADMKC":"Sekaran","WADMKK":"Lamongan"},"geometry":{"type":"Point","coordinates":[112.3,-7.1]}},{"type":"Feature","properties":{"Line":"S120","Sp":"1708.50000000000","X":"639300.50000000000","Y":"9218975.30000000075","NAMOBJ":"Latek","WADMKC":"Sekaran","WADMKK":"Lamongan"},"geometry":{"type":"Point","coordinates":[112.3,-7.1]}},{"type":"Feature","properties":{"Line":"S120","Sp":"1712.50000000000","X":"639300.50000000000","Y":"9218925.30000000075","NAMOBJ":"Latek","WADMKC":"Sekaran","WADMKK":"Lamongan"},"geometry":{"type":"Point","coordinates":[112.3,-7.1]}},{"type":"Feature","properties":{"Line":"S120","Sp":"1716.50000000000","X":"639300.50000000000","Y":"9218875.30000000075","NAMOBJ":"Latek","WADMKC":"Sekaran","WADMKK":"Lamongan"},"geometry":{"type":"Point","coordinates":[112.3,-7.1]}},{"type":"Feature","properties":{"Line":"S120","Sp":"1720.50000000000","X":"639300.50000000000","Y":"9218825.30000000075","NAMOBJ":"Latek","WADMKC":"Sekaran","WADMKK":"Lamongan"},"geometry":{"type":"Point","coordinates":[112.3,-7.1]}},{"type":"Feature","properties":{"Line":"S120","Sp":"1724.50000000000","X":"639300.50000000000","Y":"9218775.30000000075","NAMOBJ":"Latek","WADMKC":"Sekaran","WADMKK":"Lamongan"},"geometry":{"type":"Point","coordinates":[112.3,-7.1]}},{"type":"Feature","properties":{"Line":"S120","Sp":"1728.50000000000","X":"639300.50000000000","Y":"9218725.30000000075","NAMOBJ":"Latek","WADMKC":"Sekaran","WADMKK":"Lamongan"},"geometry":{"type":"Point","coordinates":[112.3,-7.1]}},{"type":"Feature","properties":{"Line":"S120","Sp":"1732.50000000000","X":"639300.50000000000","Y":"9218675.30000000075","NAMOBJ":"Latek","WADMKC":"Sekaran","WADMKK":"Lamongan"},"geometry":{"type":"Point","coordinates":[112.3,-7.1]}},{"type":"Feature","properties":{"Line":"S120","Sp":"1736.50000000000","X":"639300.50000000000","Y":"9218625.30000000075","NAMOBJ":"Latek","WADMKC":"Sekaran","WADMKK":"Lamongan"},"geometry":{"type":"Point","coordinates":[112.3,-7.1]}},{"type":"Feature","properties":{"Line":"S120","Sp":"1760.50000000000","X":"639300.50000000000","Y":"9218325.30000000075","NAMOBJ":"Latek","WADMKC":"Sekaran","WADMKK":"Lamongan"},"geometry":{"type":"Point","coordinates":[112.3,-7.1]}},{"type":"Feature","properties":{"Line":"S120","Sp":"1764.50000000000","X":"639300.50000000000","Y":"9218275.30000000075","NAMOBJ":"Latek","WADMKC":"Sekaran","WADMKK":"Lamongan"},"geometry":{"type":"Point","coordinates":[112.3,-7.1]}},{"type":"Feature","properties":{"Line":"S121","Sp":"2300.50000000000","X":"639225.50000000000","Y":"9218800.30000000075","NAMOBJ":"Latek","WADMKC":"Sekaran","WADMKK":"Lamongan"},"geometry":{"type":"Point","coordinates":[112.3,-7.1]}},{"type":"Feature","properties":{"Line":"S121","Sp":"2304.50000000000","X":"639275.50000000000","Y":"9218800.30000000075","NAMOBJ":"Latek","WADMKC":"Sekaran","WADMKK":"Lamongan"},"geometry":{"type":"Point","coordinates":[112.3,-7.1]}},{"type":"Feature","properties":{"Line":"S121","Sp":"2308.50000000000","X":"639325.50000000000","Y":"9218800.30000000075","NAMOBJ":"Latek","WADMKC":"Sekaran","WADMKK":"Lamongan"},"geometry":{"type":"Point","coordinates":[112.3,-7.1]}},{"type":"Feature","properties":{"Line":"S121","Sp":"2312.50000000000","X":"639375.50000000000","Y":"9218800.30000000075","NAMOBJ":"Latek","WADMKC":"Sekaran","WADMKK":"Lamongan"},"geometry":{"type":"Point","coordinates":[112.3,-7.1]}},{"type":"Feature","properties":{"Line":"S121","Sp":"2316.50000000000","X":"639425.50000000000","Y":"9218800.30000000075","NAMOBJ":"Latek","WADMKC":"Sekaran","WADMKK":"Lamongan"},"geometry":{"type":"Point","coordinates":[112.3,-7.1]}},{"type":"Feature","properties":{"Line":"S121","Sp":"2320.50000000000","X":"639475.50000000000","Y":"9218800.30000000075","NAMOBJ":"Latek","WADMKC":"Sekaran","WADMKK":"Lamongan"},"geometry":{"type":"Point","coordinates":[112.3,-7.1]}},{"type":"Feature","properties":{"Line":"S121","Sp":"2324.50000000000","X":"639525.50000000000","Y":"9218800.30000000075","NAMOBJ":"Latek","WADMKC":"Sekaran","WADMKK":"Lamongan"},"geometry":{"type":"Point","coordinates":[112.3,-7.1]}},{"type":"Feature","properties":{"Line":"S121","Sp":"2328.50000000000","X":"639575.50000000000","Y":"9218800.30000000075","NAMOBJ":"Latek","WADMKC":"Sekaran","WADMKK":"Lamongan"},"geometry":{"type":"Point","coordinates":[112.3,-7.1]}},{"type":"Feature","properties":{"Line":"S121","Sp":"2332.50000000000","X":"639625.50000000000","Y":"9218800.30000000075","NAMOBJ":"Latek","WADMKC":"Sekaran","WADMKK":"Lamongan"},"geometry":{"type":"Point","coordinates":[112.3,-7.1]}},{"type":"Feature","properties":{"Line":"S121","Sp":"2336.50000000000","X":"639675.50000000000","Y":"9218800.30000000075","NAMOBJ":"Latek","WADMKC":"Sekaran","WADMKK":"Lamongan"},"geometry":{"type":"Point","coordinates":[112.3,-7.1]}},{"type":"Feature","properties":{"Line":"S121","Sp":"2340.50000000000","X":"639725.50000000000","Y":"9218800.30000000075","NAMOBJ":"Latek","WADMKC":"Sekaran","WADMKK":"Lamongan"},"geometry":{"type":"Point","coordinates":[112.3,-7.1]}},{"type":"Feature","properties":{"Line":"S121","Sp":"2344.50000000000","X":"639775.50000000000","Y":"9218800.30000000075","NAMOBJ":"Latek","WADMKC":"Sekaran","WADMKK":"Lamongan"},"geometry":{"type":"Point","coordinates":[112.3,-7.1]}},{"type":"Feature","properties":{"Line":"S121","Sp":"2348.50000000000","X":"639825.50000000000","Y":"9218800.30000000075","NAMOBJ":"Latek","WADMKC":"Sekaran","WADMKK":"Lamongan"},"geometry":{"type":"Point","coordinates":[112.3,-7.1]}},{"type":"Feature","properties":{"Line":"S121","Sp":"2352.50000000000","X":"639875.50000000000","Y":"9218800.30000000075","NAMOBJ":"Latek","WADMKC":"Sekaran","WADMKK":"Lamongan"},"geometry":{"type":"Point","coordinates":[112.3,-7.1]}},{"type":"Feature","properties":{"Line":"S121","Sp":"2356.50000000000","X":"639925.50000000000","Y":"9218800.30000000075","NAMOBJ":"Latek","WADMKC":"Sekaran","WADMKK":"Lamongan"},"geometry":{"type":"Point","coordinates":[112.3,-7.1]}},{"type":"Feature","properties":{"Line":"S121","Sp":"2360.50000000000","X":"639975.50000000000","Y":"9218800.30000000075","NAMOBJ":"Latek","WADMKC":"Sekaran","WADMKK":"Lamongan"},"geometry":{"type":"Point","coordinates":[112.3,-7.1]}},{"type":"Feature","properties":{"Line":"S121","Sp":"2364.50000000000","X":"640025.50000000000","Y":"9218800.30000000075","NAMOBJ":"Latek","WADMKC":"Sekaran","WADMKK":"Lamongan"},"geometry":{"type":"Point","coordinates":[112.3,-7.1]}},{"type":"Feature","properties":{"Line":"S121","Sp":"2368.50000000000","X":"640075.50000000000","Y":"9218800.30000000075","NAMOBJ":"Latek","WADMKC":"Sekaran","WADMKK":"Lamongan"},"geometry":{"type":"Point","coordinates":[112.3,-7.1]}},{"type":"Feature","properties":{"Line":"S121","Sp":"2372.50000000000","X":"640125.50000000000","Y":"9218800.30000000075","NAMOBJ":"Latek","WADMKC":"Sekaran","WADMKK":"Lamongan"},"geometry":{"type":"Point","coordinates":[112.3,-7.1]}},{"type":"Feature","properties":{"Line":"S121","Sp":"2376.50000000000","X":"640175.50000000000","Y":"9218800.30000000075","NAMOBJ":"Latek","WADMKC":"Sekaran","WADMKK":"Lamongan"},"geometry":{"type":"Point","coordinates":[112.3,-7.1]}},{"type":"Feature","properties":{"Line":"S121","Sp":"2380.50000000000","X":"640225.50000000000","Y":"9218800.30000000075","NAMOBJ":"Latek","WADMKC":"Sekaran","WADMKK":"Lamongan"},"geometry":{"type":"Point","coordinates":[112.3,-7.1]}},{"type":"Feature","properties":{"Line":"S121","Sp":"2384.50000000000","X":"640275.50000000000","Y":"9218800.30000000075","NAMOBJ":"Latek","WADMKC":"Sekaran","WADMKK":"Lamongan"},"geometry":{"type":"Point","coordinates":[112.3,-7.1]}},{"type":"Feature","properties":{"Line":"S121","Sp":"2388.50000000000","X":"640325.50000000000","Y":"9218800.30000000075","NAMOBJ":"Latek","WADMKC":"Sekaran","WADMKK":"Lamongan"},"geometry":{"type":"Point","coordinates":[112.3,-7.1]}},{"type":"Feature","properties":{"Line":"S122","Sp":"1640.50000000000","X":"640300.50000000000","Y":"9220375.30000000075","NAMOBJ":"Latek","WADMKC":"Sekaran","WADMKK":"Lamongan"},"geometry":{"type":"Point","coordinates":[112.3,-7.1]}},{"type":"Feature","properties":{"Line":"S122","Sp":"1644.50000000000","X":"640300.50000000000","Y":"9220325.30000000075","NAMOBJ":"Latek","WADMKC":"Sekaran","WADMKK":"Lamongan"},"geometry":{"type":"Point","coordinates":[112.3,-7.1]}},{"type":"Feature","properties":{"Line":"S122","Sp":"1648.50000000000","X":"640300.50000000000","Y":"9220275.30000000075","NAMOBJ":"Latek","WADMKC":"Sekaran","WADMKK":"Lamongan"},"geometry":{"type":"Point","coordinates":[112.3,-7.1]}},{"type":"Feature","properties":{"Line":"S122","Sp":"1652.50000000000","X":"640300.50000000000","Y":"9220225.30000000075","NAMOBJ":"Latek","WADMKC":"Sekaran","WADMKK":"Lamongan"},"geometry":{"type":"Point","coordinates":[112.3,-7.1]}},{"type":"Feature","properties":{"Line":"S122","Sp":"1656.50000000000","X":"640300.50000000000","Y":"9220175.30000000075","NAMOBJ":"Latek","WADMKC":"Sekaran","WADMKK":"Lamongan"},"geometry":{"type":"Point","coordinates":[112.3,-7.1]}},{"type":"Feature","properties":{"Line":"S122","Sp":"1660.50000000000","X":"640300.50000000000","Y":"9220125.30000000075","NAMOBJ":"Latek","WADMKC":"Sekaran","WADMKK":"Lamongan"},"geometry":{"type":"Point","coordinates":[112.3,-7.1]}},{"type":"Feature","properties":{"Line":"S122","Sp":"1664.50000000000","X":"640300.50000000000","Y":"9220075.30000000075","NAMOBJ":"Latek","WADMKC":"Sekaran","WADMKK":"Lamongan"},"geometry":{"type":"Point","coordinates":[112.3,-7.1]}},{"type":"Feature","properties":{"Line":"S122","Sp":"1668.50000000000","X":"640300.50000000000","Y":"9220025.30000000075","NAMOBJ":"Latek","WADMKC":"Sekaran","WADMKK":"Lamongan"},"geometry":{"type":"Point","coordinates":[112.3,-7.1]}},{"type":"Feature","properties":{"Line":"S122","Sp":"1672.50000000000","X":"640300.50000000000","Y":"9219975.30000000075","NAMOBJ":"Latek","WADMKC":"Sekaran","WADMKK":"Lamongan"},"geometry":{"type":"Point","coordinates":[112.3,-7.1]}},{"type":"Feature","properties":{"Line":"S122","Sp":"1676.50000000000","X":"640300.50000000000","Y":"9219925.30000000075","NAMOBJ":"Latek","WADMKC":"Sekaran","WADMKK":"Lamongan"},"geometry":{"type":"Point","coordinates":[112.3,-7.1]}},{"type":"Feature","properties":{"Line":"S122","Sp":"1680.50000000000","X":"640300.50000000000","Y":"9219875.30000000075","NAMOBJ":"Latek","WADMKC":"Sekaran","WADMKK":"Lamongan"},"geometry":{"type":"Point","coordinates":[112.3,-7.1]}},{"type":"Feature","properties":{"Line":"S122","Sp":"1684.50000000000","X":"640300.50000000000","Y":"9219825.30000000075","NAMOBJ":"Latek","WADMKC":"Sekaran","WADMKK":"Lamongan"},"geometry":{"type":"Point","coordinates":[112.3,-7.1]}},{"type":"Feature","properties":{"Line":"S122","Sp":"1688.50000000000","X":"640300.50000000000","Y":"9219775.30000000075","NAMOBJ":"Latek","WADMKC":"Sekaran","WADMKK":"Lamongan"},"geometry":{"type":"Point","coordinates":[112.3,-7.1]}},{"type":"Feature","properties":{"Line":"S122","Sp":"1692.50000000000","X":"640300.50000000000","Y":"9219725.30000000075","NAMOBJ":"Latek","WADMKC":"Sekaran","WADMKK":"Lamongan"},"geometry":{"type":"Point","coordinates":[112.3,-7.1]}},{"type":"Feature","properties":{"Line":"S122","Sp":"1696.50000000000","X":"640300.50000000000","Y":"9219675.30000000075","NAMOBJ":"Latek","WADMKC":"Sekaran","WADMKK":"Lamongan"},"geometry":{"type":"Point","coordinates":[112.3,-7.1]}},{"type":"Feature","properties":{"Line":"S122","Sp":"1700.50000000000","X":"640300.50000000000","Y":"9219625.30000000075","NAMOBJ":"Latek","WADMKC":"Sekaran","WADMKK":"Lamongan"},"geometry":{"type":"Point","coordinates":[112.3,-7.1]}},{"type":"Feature","properties":{"Line":"S122","Sp":"1704.50000000000","X":"640300.50000000000","Y":"9219575.30000000075","NAMOBJ":"Latek","WADMKC":"Sekaran","WADMKK":"Lamongan"},"geometry":{"type":"Point","coordinates":[112.3,-7.1]}},{"type":"Feature","properties":{"Line":"S122","Sp":"1708.50000000000","X":"640300.50000000000","Y":"9219525.30000000075","NAMOBJ":"Latek","WADMKC":"Sekaran","WADMKK":"Lamongan"},"geometry":{"type":"Point","coordinates":[112.3,-7.1]}},{"type":"Feature","properties":{"Line":"S122","Sp":"1712.50000000000","X":"640300.50000000000","Y":"9219475.30000000075","NAMOBJ":"Latek","WADMKC":"Sekaran","WADMKK":"Lamongan"},"geometry":{"type":"Point","coordinates":[112.3,-7.1]}},{"type":"Feature","properties":{"Line":"S122","Sp":"1716.50000000000","X":"640300.50000000000","Y":"9219425.30000000075","NAMOBJ":"Latek","WADMKC":"Sekaran","WADMKK":"Lamongan"},"geometry":{"type":"Point","coordinates":[112.3,-7.1]}},{"type":"Feature","properties":{"Line":"S122","Sp":"1720.50000000000","X":"640300.50000000000","Y":"9219375.30000000075","NAMOBJ":"Latek","WADMKC":"Sekaran","WADMKK":"Lamongan"},"geometry":{"type":"Point","coordinates":[112.3,-7.1]}},{"type":"Feature","properties":{"Line":"S122","Sp":"1740.50000000000","X":"640300.50000000000","Y":"9219125.30000000075","NAMOBJ":"Latek","WADMKC":"Sekaran","WADMKK":"Lamongan"},"geometry":{"type":"Point","coordinates":[112.3,-7.1]}},{"type":"Feature","properties":{"Line":"S122","Sp":"1744.50000000000","X":"640300.50000000000","Y":"9219075.30000000075","NAMOBJ":"Latek","WADMKC":"Sekaran","WADMKK":"Lamongan"},"geometry":{"type":"Point","coordinates":[112.3,-7.1]}},{"type":"Feature","properties":{"Line":"S122","Sp":"1748.50000000000","X":"640300.50000000000","Y":"9219025.30000000075","NAMOBJ":"Latek","WADMKC":"Sekaran","WADMKK":"Lamongan"},"geometry":{"type":"Point","coordinates":[112.3,-7.1]}},{"type":"Feature","properties":{"Line":"S122","Sp":"1752.50000000000","X":"640300.50000000000","Y":"9218975.30000000075","NAMOBJ":"Latek","WADMKC":"Sekaran","WADMKK":"Lamongan"},"geometry":{"type":"Point","coordinates":[112.3,-7.1]}},{"type":"Feature","properties":{"Line":"S122","Sp":"1756.50000000000","X":"640300.50000000000","Y":"9218925.30000000075","NAMOBJ":"Latek","WADMKC":"Sekaran","WADMKK":"Lamongan"},"geometry":{"type":"Point","coordinates":[112.3,-7.1]}},{"type":"Feature","properties":{"Line":"S122","Sp":"1760.50000000000","X":"640300.50000000000","Y":"9218875.30000000075","NAMOBJ":"Latek","WADMKC":"Sekaran","WADMKK":"Lamongan"},"geometry":{"type":"Point","coordinates":[112.3,-7.1]}},{"type":"Feature","properties":{"Line":"S122","Sp":"1764.50000000000","X":"640300.50000000000","Y":"9218825.30000000075","NAMOBJ":"Latek","WADMKC":"Sekaran","WADMKK":"Lamongan"},"geometry":{"type":"Point","coordinates":[112.3,-7.1]}},{"type":"Feature","properties":{"Line":"S122","Sp":"1768.50000000000","X":"640300.50000000000","Y":"9218775.30000000075","NAMOBJ":"Latek","WADMKC":"Sekaran","WADMKK":"Lamongan"},"geometry":{"type":"Point","coordinates":[112.3,-7.1]}},{"type":"Feature","properties":{"Line":"S122","Sp":"1772.50000000000","X":"640300.50000000000","Y":"9218725.30000000075","NAMOBJ":"Latek","WADMKC":"Sekaran","WADMKK":"Lamongan"},"geometry":{"type":"Point","coordinates":[112.3,-7.1]}},{"type":"Feature","properties":{"Line":"S122","Sp":"1776.50000000000","X":"640300.50000000000","Y":"9218675.30000000075","NAMOBJ":"Latek","WADMKC":"Sekaran","WADMKK":"Lamongan"},"geometry":{"type":"Point","coordinates":[112.3,-7.1]}},{"type":"Feature","properties":{"Line":"S122","Sp":"1780.50000000000","X":"640300.50000000000","Y":"9218625.30000000075","NAMOBJ":"Latek","WADMKC":"Sekaran","WADMKK":"Lamongan"},"geometry":{"type":"Point","coordinates":[112.3,-7.1]}},{"type":"Feature","properties":{"Line":"S122","Sp":"1784.50000000000","X":"640300.50000000000","Y":"9218575.30000000075","NAMOBJ":"Latek","WADMKC":"Sekaran","WADMKK":"Lamongan"},"geometry":{"type":"Point","coordinates":[112.3,-7.1]}},{"type":"Feature","properties":{"Line":"S122","Sp":"1788.50000000000","X":"640300.50000000000","Y":"9218525.30000000075","NAMOBJ":"Latek","WADMKC":"Sekaran","WADMKK":"Lamongan"},"geometry":{"type":"Point","coordinates":[112.3,-7.1]}},{"type":"Feature","properties":{"Line":"S122","Sp":"1792.50000000000","X":"640300.50000000000","Y":"9218475.30000000075","NAMOBJ":"Latek","WADMKC":"Sekaran","WADMKK":"Lamongan"},"geometry":{"type":"Point","coordinates":[112.3,-7.1]}},{"type":"Feature","properties":{"Line":"S123","Sp":"2304.50000000000","X":"639225.50000000000","Y":"9219800.30000000075","NAMOBJ":"Latek","WADMKC":"Sekaran","WADMKK":"Lamongan"},"geometry":{"type":"Point","coordinates":[112.3,-7.1]}},{"type":"Feature","properties":{"Line":"S123","Sp":"2308.50000000000","X":"639275.50000000000","Y":"9219800.30000000075","NAMOBJ":"Latek","WADMKC":"Sekaran","WADMKK":"Lamongan"},"geometry":{"type":"Point","coordinates":[112.3,-7.1]}},{"type":"Feature","properties":{"Line":"S123","Sp":"2312.50000000000","X":"639325.50000000000","Y":"9219800.30000000075","NAMOBJ":"Latek","WADMKC":"Sekaran","WADMKK":"Lamongan"},"geometry":{"type":"Point","coordinates":[112.3,-7.1]}},{"type":"Feature","properties":{"Line":"S123","Sp":"2316.50000000000","X":"639375.50000000000","Y":"9219800.30000000075","NAMOBJ":"Latek","WADMKC":"Sekaran","WADMKK":"Lamongan"},"geometry":{"type":"Point","coordinates":[112.3,-7.1]}},{"type":"Feature","properties":{"Line":"S123","Sp":"2320.50000000000","X":"639425.50000000000","Y":"9219800.30000000075","NAMOBJ":"Latek","WADMKC":"Sekaran","WADMKK":"Lamongan"},"geometry":{"type":"Point","coordinates":[112.3,-7.1]}},{"type":"Feature","properties":{"Line":"S123","Sp":"2324.50000000000","X":"639475.50000000000","Y":"9219800.30000000075","NAMOBJ":"Latek","WADMKC":"Sekaran","WADMKK":"Lamongan"},"geometry":{"type":"Point","coordinates":[112.3,-7.1]}},{"type":"Feature","properties":{"Line":"S123","Sp":"2328.50000000000","X":"639525.50000000000","Y":"9219800.30000000075","NAMOBJ":"Latek","WADMKC":"Sekaran","WADMKK":"Lamongan"},"geometry":{"type":"Point","coordinates":[112.3,-7.1]}},{"type":"Feature","properties":{"Line":"S123","Sp":"2332.50000000000","X":"639575.50000000000","Y":"9219800.30000000075","NAMOBJ":"Latek","WADMKC":"Sekaran","WADMKK":"Lamongan"},"geometry":{"type":"Point","coordinates":[112.3,-7.1]}},{"type":"Feature","properties":{"Line":"S123","Sp":"2336.50000000000","X":"639625.50000000000","Y":"9219800.30000000075","NAMOBJ":"Latek","WADMKC":"Sekaran","WADMKK":"Lamongan"},"geometry":{"type":"Point","coordinates":[112.3,-7.1]}},{"type":"Feature","properties":{"Line":"S123","Sp":"2340.50000000000","X":"639675.50000000000","Y":"9219800.30000000075","NAMOBJ":"Latek","WADMKC":"Sekaran","WADMKK":"Lamongan"},"geometry":{"type":"Point","coordinates":[112.3,-7.1]}},{"type":"Feature","properties":{"Line":"S123","Sp":"2344.50000000000","X":"639725.50000000000","Y":"9219800.30000000075","NAMOBJ":"Latek","WADMKC":"Sekaran","WADMKK":"Lamongan"},"geometry":{"type":"Point","coordinates":[112.3,-7.1]}},{"type":"Feature","properties":{"Line":"S123","Sp":"2348.50000000000","X":"639775.50000000000","Y":"9219800.30000000075","NAMOBJ":"Latek","WADMKC":"Sekaran","WADMKK":"Lamongan"},"geometry":{"type":"Point","coordinates":[112.3,-7.1]}},{"type":"Feature","properties":{"Line":"S123","Sp":"2352.50000000000","X":"639825.50000000000","Y":"9219800.30000000075","NAMOBJ":"Latek","WADMKC":"Sekaran","WADMKK":"Lamongan"},"geometry":{"type":"Point","coordinates":[112.3,-7.1]}},{"type":"Feature","properties":{"Line":"S123","Sp":"2356.50000000000","X":"639875.50000000000","Y":"9219800.30000000075","NAMOBJ":"Latek","WADMKC":"Sekaran","WADMKK":"Lamongan"},"geometry":{"type":"Point","coordinates":[112.3,-7.1]}},{"type":"Feature","properties":{"Line":"S123","Sp":"2360.50000000000","X":"639925.50000000000","Y":"9219800.30000000075","NAMOBJ":"Latek","WADMKC":"Sekaran","WADMKK":"Lamongan"},"geometry":{"type":"Point","coordinates":[112.3,-7.1]}},{"type":"Feature","properties":{"Line":"S123","Sp":"2364.50000000000","X":"639975.50000000000","Y":"9219800.30000000075","NAMOBJ":"Latek","WADMKC":"Sekaran","WADMKK":"Lamongan"},"geometry":{"type":"Point","coordinates":[112.3,-7.1]}},{"type":"Feature","properties":{"Line":"S123","Sp":"2368.50000000000","X":"640025.50000000000","Y":"9219800.30000000075","NAMOBJ":"Latek","WADMKC":"Sekaran","WADMKK":"Lamongan"},"geometry":{"type":"Point","coordinates":[112.3,-7.1]}},{"type":"Feature","properties":{"Line":"S123","Sp":"2372.50000000000","X":"640075.50000000000","Y":"9219800.30000000075","NAMOBJ":"Latek","WADMKC":"Sekaran","WADMKK":"Lamongan"},"geometry":{"type":"Point","coordinates":[112.3,-7.1]}},{"type":"Feature","properties":{"Line":"S123","Sp":"2376.50000000000","X":"640125.50000000000","Y":"9219800.30000000075","NAMOBJ":"Latek","WADMKC":"Sekaran","WADMKK":"Lamongan"},"geometry":{"type":"Point","coordinates":[112.3,-7.1]}},{"type":"Feature","properties":{"Line":"S123","Sp":"2380.50000000000","X":"640175.50000000000","Y":"9219800.30000000075","NAMOBJ":"Latek","WADMKC":"Sekaran","WADMKK":"Lamongan"},"geometry":{"type":"Point","coordinates":[112.3,-7.1]}},{"type":"Feature","properties":{"Line":"S123","Sp":"2384.50000000000","X":"640225.50000000000","Y":"9219800.30000000075","NAMOBJ":"Latek","WADMKC":"Sekaran","WADMKK":"Lamongan"},"geometry":{"type":"Point","coordinates":[112.3,-7.1]}},{"type":"Feature","properties":{"Line":"S123","Sp":"2388.50000000000","X":"640275.50000000000","Y":"9219800.30000000075","NAMOBJ":"Latek","WADMKC":"Sekaran","WADMKK":"Lamongan"},"geometry":{"type":"Point","coordinates":[112.3,-7.1]}},{"type":"Feature","properties":{"Line":"S123","Sp":"2392.50000000000","X":"640325.50000000000","Y":"9219800.30000000075","NAMOBJ":"Latek","WADMKC":"Sekaran","WADMKK":"Lamongan"},"geometry":{"type":"Point","coordinates":[112.3,-7.1]}},{"type":"Feature","properties":{"Line":"S103","Sp":"2264.50000000000","X":"640025.50000000000","Y":"9209800.30000000075","NAMOBJ":"Lebakadi","WADMKC":"Sugio","WADMKK":"Lamongan"},"geometry":{"type":"Point","coordinates":[112.3,-7.1]}},{"type":"Feature","properties":{"Line":"S103","Sp":"2268.50000000000","X":"640075.50000000000","Y":"9209800.30000000075","NAMOBJ":"Lebakadi","WADMKC":"Sugio","WADMKK":"Lamongan"},"geometry":{"type":"Point","coordinates":[112.3,-7.1]}},{"type":"Feature","properties":{"Line":"S103","Sp":"2272.50000000000","X":"640125.50000000000","Y":"9209800.30000000075","NAMOBJ":"Lebakadi","WADMKC":"Sugio","WADMKK":"Lamongan"},"geometry":{"type":"Point","coordinates":[112.3,-7.1]}},{"type":"Feature","properties":{"Line":"S103","Sp":"2276.50000000000","X":"640175.50000000000","Y":"9209800.30000000075","NAMOBJ":"Lebakadi","WADMKC":"Sugio","WADMKK":"Lamongan"},"geometry":{"type":"Point","coordinates":[112.3,-7.1]}},{"type":"Feature","properties":{"Line":"S103","Sp":"2280.50000000000","X":"640225.50000000000","Y":"9209800.30000000075","NAMOBJ":"Lebakadi","WADMKC":"Sugio","WADMKK":"Lamongan"},"geometry":{"type":"Point","coordinates":[112.3,-7.1]}},{"type":"Feature","properties":{"Line":"S103","Sp":"2284.50000000000","X":"640275.50000000000","Y":"9209800.30000000075","NAMOBJ":"Lebakadi","WADMKC":"Sugio","WADMKK":"Lamongan"},"geometry":{"type":"Point","coordinates":[112.3,-7.1]}},{"type":"Feature","properties":{"Line":"S103","Sp":"2288.50000000000","X":"640325.50000000000","Y":"9209800.30000000075","NAMOBJ":"Lebakadi","WADMKC":"Sugio","WADMKK":"Lamongan"},"geometry":{"type":"Point","coordinates":[112.3,-7.1]}},{"type":"Feature","properties":{"Line":"S103","Sp":"2292.50000000000","X":"640375.50000000000","Y":"9209800.30000000075","NAMOBJ":"Lebakadi","WADMKC":"Sugio","WADMKK":"Lamongan"},"geometry":{"type":"Point","coordinates":[112.3,-7.1]}},{"type":"Feature","properties":{"Line":"S103","Sp":"2296.50000000000","X":"640425.50000000000","Y":"9209800.30000000075","NAMOBJ":"Lebakadi","WADMKC":"Sugio","WADMKK":"Lamongan"},"geometry":{"type":"Point","coordinates":[112.3,-7.1]}},{"type":"Feature","properties":{"Line":"S103","Sp":"2300.50000000000","X":"640475.50000000000","Y":"9209800.30000000075","NAMOBJ":"Lebakadi","WADMKC":"Sugio","WADMKK":"Lamongan"},"geometry":{"type":"Point","coordinates":[112.3,-7.1]}},{"type":"Feature","properties":{"Line":"S103","Sp":"2304.50000000000","X":"640525.50000000000","Y":"9209800.30000000075","NAMOBJ":"Lebakadi","WADMKC":"Sugio","WADMKK":"Lamongan"},"geometry":{"type":"Point","coordinates":[112.3,-7.1]}},{"type":"Feature","properties":{"Line":"S103","Sp":"2308.50000000000","X":"640575.50000000000","Y":"9209800.30000000075","NAMOBJ":"Lebakadi","WADMKC":"Sugio","WADMKK":"Lamongan"},"geometry":{"type":"Point","coordinates":[112.3,-7.1]}},{"type":"Feature","properties":{"Line":"S103","Sp":"2312.50000000000","X":"640625.50000000000","Y":"9209800.30000000075","NAMOBJ":"Lebakadi","WADMKC":"Sugio","WADMKK":"Lamongan"},"geometry":{"type":"Point","coordinates":[112.3,-7.1]}},{"type":"Feature","properties":{"Line":"S103","Sp":"2316.50000000000","X":"640675.50000000000","Y":"9209800.30000000075","NAMOBJ":"Lebakadi","WADMKC":"Sugio","WADMKK":"Lamongan"},"geometry":{"type":"Point","coordinates":[112.3,-7.1]}},{"type":"Feature","properties":{"Line":"S103","Sp":"2320.50000000000","X":"640725.50000000000","Y":"9209800.30000000075","NAMOBJ":"Lebakadi","WADMKC":"Sugio","WADMKK":"Lamongan"},"geometry":{"type":"Point","coordinates":[112.3,-7.1]}},{"type":"Feature","properties":{"Line":"S103","Sp":"2324.50000000000","X":"640775.50000000000","Y":"9209800.30000000075","NAMOBJ":"Lebakadi","WADMKC":"Sugio","WADMKK":"Lamongan"},"geometry":{"type":"Point","coordinates":[112.3,-7.1]}},{"type":"Feature","properties":{"Line":"S103","Sp":"2328.50000000000","X":"640825.50000000000","Y":"9209800.30000000075","NAMOBJ":"Lebakadi","WADMKC":"Sugio","WADMKK":"Lamongan"},"geometry":{"type":"Point","coordinates":[112.3,-7.1]}},{"type":"Feature","properties":{"Line":"S103","Sp":"2332.50000000000","X":"640875.50000000000","Y":"9209800.30000000075","NAMOBJ":"Lebakadi","WADMKC":"Sugio","WADMKK":"Lamongan"},"geometry":{"type":"Point","coordinates":[112.3,-7.1]}},{"type":"Feature","properties":{"Line":"S103","Sp":"2336.50000000000","X":"640925.50000000000","Y":"9209800.30000000075","NAMOBJ":"Lebakadi","WADMKC":"Sugio","WADMKK":"Lamongan"},"geometry":{"type":"Point","coordinates":[112.3,-7.1]}},{"type":"Feature","properties":{"Line":"S103","Sp":"2340.50000000000","X":"640975.50000000000","Y":"9209800.30000000075","NAMOBJ":"Lebakadi","WADMKC":"Sugio","WADMKK":"Lamongan"},"geometry":{"type":"Point","coordinates":[112.3,-7.1]}},{"type":"Feature","properties":{"Line":"S103","Sp":"2344.50000000000","X":"641025.50000000000","Y":"9209800.30000000075","NAMOBJ":"Lebakadi","WADMKC":"Sugio","WADMKK":"Lamongan"},"geometry":{"type":"Point","coordinates":[112.3,-7.1]}},{"type":"Feature","properties":{"Line":"S103","Sp":"2348.50000000000","X":"641075.50000000000","Y":"9209800.30000000075","NAMOBJ":"Lebakadi","WADMKC":"Sugio","WADMKK":"Lamongan"},"geometry":{"type":"Point","coordinates":[112.3,-7.1]}},{"type":"Feature","properties":{"Line":"S103","Sp":"2352.50000000000","X":"641125.50000000000","Y":"9209800.30000000075","NAMOBJ":"Lebakadi","WADMKC":"Sugio","WADMKK":"Lamongan"},"geometry":{"type":"Point","coordinates":[112.3,-7.1]}},{"type":"Feature","properties":{"Line":"S103","Sp":"2356.50000000000","X":"641175.50000000000","Y":"9209800.30000000075","NAMOBJ":"Lebakadi","WADMKC":"Sugio","WADMKK":"Lamongan"},"geometry":{"type":"Point","coordinates":[112.3,-7.1]}},{"type":"Feature","properties":{"Line":"S103","Sp":"2360.50000000000","X":"641225.50000000000","Y":"9209800.30000000075","NAMOBJ":"Lebakadi","WADMKC":"Sugio","WADMKK":"Lamongan"},"geometry":{"type":"Point","coordinates":[112.3,-7.1]}},{"type":"Feature","properties":{"Line":"S103","Sp":"2364.50000000000","X":"641275.50000000000","Y":"9209800.30000000075","NAMOBJ":"Lebakadi","WADMKC":"Sugio","WADMKK":"Lamongan"},"geometry":{"type":"Point","coordinates":[112.3,-7.1]}},{"type":"Feature","properties":{"Line":"S103","Sp":"2368.50000000000","X":"641325.50000000000","Y":"9209800.30000000075","NAMOBJ":"Lebakadi","WADMKC":"Sugio","WADMKK":"Lamongan"},"geometry":{"type":"Point","coordinates":[112.3,-7.1]}},{"type":"Feature","properties":{"Line":"S103","Sp":"2372.50000000000","X":"641375.50000000000","Y":"9209800.30000000075","NAMOBJ":"Lebakadi","WADMKC":"Sugio","WADMKK":"Lamongan"},"geometry":{"type":"Point","coordinates":[112.3,-7.1]}},{"type":"Feature","properties":{"Line":"S122","Sp":"2460.50000000000","X":"640300.50000000000","Y":"9210125.30000000075","NAMOBJ":"Lebakadi","WADMKC":"Sugio","WADMKK":"Lamongan"},"geometry":{"type":"Point","coordinates":[112.3,-7.1]}},{"type":"Feature","properties":{"Line":"S122","Sp":"2464.50000000000","X":"640300.50000000000","Y":"9210075.30000000075","NAMOBJ":"Lebakadi","WADMKC":"Sugio","WADMKK":"Lamongan"},"geometry":{"type":"Point","coordinates":[112.3,-7.1]}},{"type":"Feature","properties":{"Line":"S122","Sp":"2468.50000000000","X":"640300.50000000000","Y":"9210025.30000000075","NAMOBJ":"Lebakadi","WADMKC":"Sugio","WADMKK":"Lamongan"},"geometry":{"type":"Point","coordinates":[112.3,-7.1]}},{"type":"Feature","properties":{"Line":"S122","Sp":"2472.50000000000","X":"640300.50000000000","Y":"9209975.30000000075","NAMOBJ":"Lebakadi","WADMKC":"Sugio","WADMKK":"Lamongan"},"geometry":{"type":"Point","coordinates":[112.3,-7.1]}},{"type":"Feature","properties":{"Line":"S122","Sp":"2476.50000000000","X":"640300.50000000000","Y":"9209925.30000000075","NAMOBJ":"Lebakadi","WADMKC":"Sugio","WADMKK":"Lamongan"},"geometry":{"type":"Point","coordinates":[112.3,-7.1]}},{"type":"Feature","properties":{"Line":"S122","Sp":"2480.50000000000","X":"640300.50000000000","Y":"9209875.30000000075","NAMOBJ":"Lebakadi","WADMKC":"Sugio","WADMKK":"Lamongan"},"geometry":{"type":"Point","coordinates":[112.3,-7.1]}},{"type":"Feature","properties":{"Line":"S122","Sp":"2484.50000000000","X":"640300.50000000000","Y":"9209825.30000000075","NAMOBJ":"Lebakadi","WADMKC":"Sugio","WADMKK":"Lamongan"},"geometry":{"type":"Point","coordinates":[112.3,-7.1]}},{"type":"Feature","properties":{"Line":"S122","Sp":"2488.50000000000","X":"640300.50000000000","Y":"9209775.30000000075","NAMOBJ":"Lebakadi","WADMKC":"Sugio","WADMKK":"Lamongan"},"geometry":{"type":"Point","coordinates":[112.3,-7.1]}},{"type":"Feature","properties":{"Line":"S122","Sp":"2492.50000000000","X":"640300.50000000000","Y":"9209725.30000000075","NAMOBJ":"Lebakadi","WADMKC":"Sugio","WADMKK":"Lamongan"},"geometry":{"type":"Point","coordinates":[112.3,-7.1]}},{"type":"Feature","properties":{"Line":"S122","Sp":"2496.50000000000","X":"640300.50000000000","Y":"9209675.30000000075","NAMOBJ":"Lebakadi","WADMKC":"Sugio","WADMKK":"Lamongan"},"geometry":{"type":"Point","coordinates":[112.3,-7.1]}},{"type":"Feature","properties":{"Line":"S122","Sp":"2500.50000000000","X":"640300.50000000000","Y":"9209625.30000000075","NAMOBJ":"Lebakadi","WADMKC":"Sugio","WADMKK":"Lamongan"},"geometry":{"type":"Point","coordinates":[112.3,-7.1]}},{"type":"Feature","properties":{"Line":"S122","Sp":"2504.50000000000","X":"640300.50000000000","Y":"9209575.30000000075","NAMOBJ":"Lebakadi","WADMKC":"Sugio","WADMKK":"Lamongan"},"geometry":{"type":"Point","coordinates":[112.3,-7.1]}},{"type":"Feature","properties":{"Line":"S122","Sp":"2508.50000000000","X":"640300.50000000000","Y":"9209525.30000000075","NAMOBJ":"Lebakadi","WADMKC":"Sugio","WADMKK":"Lamongan"},"geometry":{"type":"Point","coordinates":[112.3,-7.1]}},{"type":"Feature","properties":{"Line":"S124","Sp":"2472.50000000000","X":"641300.50000000000","Y":"9210525.30000000075","NAMOBJ":"Lebakadi","WADMKC":"Sugio","WADMKK":"Lamongan"},"geometry":{"type":"Point","coordinates":[112.3,-7.1]}},{"type":"Feature","properties":{"Line":"S124","Sp":"2476.50000000000","X":"641300.50000000000","Y":"9210475.30000000075","NAMOBJ":"Lebakadi","WADMKC":"Sugio","WADMKK":"Lamongan"},"geometry":{"type":"Point","coordinates":[112.3,-7.1]}},{"type":"Feature","properties":{"Line":"S124","Sp":"2480.50000000000","X":"641300.50000000000","Y":"9210425.30000000075","NAMOBJ":"Lebakadi","WADMKC":"Sugio","WADMKK":"Lamongan"},"geometry":{"type":"Point","coordinates":[112.3,-7.1]}},{"type":"Feature","properties":{"Line":"S124","Sp":"2484.50000000000","X":"641300.50000000000","Y":"9210375.30000000075","NAMOBJ":"Lebakadi","WADMKC":"Sugio","WADMKK":"Lamongan"},"geometry":{"type":"Point","coordinates":[112.3,-7.1]}},{"type":"Feature","properties":{"Line":"S124","Sp":"2488.50000000000","X":"641300.50000000000","Y":"9210325.30000000075","NAMOBJ":"Lebakadi","WADMKC":"Sugio","WADMKK":"Lamongan"},"geometry":{"type":"Point","coordinates":[112.3,-7.1]}},{"type":"Feature","properties":{"Line":"S124","Sp":"2492.50000000000","X":"641300.50000000000","Y":"9210275.30000000075","NAMOBJ":"Lebakadi","WADMKC":"Sugio","WADMKK":"Lamongan"},"geometry":{"type":"Point","coordinates":[112.3,-7.1]}},{"type":"Feature","properties":{"Line":"S124","Sp":"2496.50000000000","X":"641300.50000000000","Y":"9210225.30000000075","NAMOBJ":"Lebakadi","WADMKC":"Sugio","WADMKK":"Lamongan"},"geometry":{"type":"Point","coordinates":[112.3,-7.1]}},{"type":"Feature","properties":{"Line":"S124","Sp":"2500.50000000000","X":"641300.50000000000","Y":"9210175.30000000075","NAMOBJ":"Lebakadi","WADMKC":"Sugio","WADMKK":"Lamongan"},"geometry":{"type":"Point","coordinates":[112.3,-7.1]}},{"type":"Feature","properties":{"Line":"S124","Sp":"2504.50000000000","X":"641300.50000000000","Y":"9210125.30000000075","NAMOBJ":"Lebakadi","WADMKC":"Sugio","WADMKK":"Lamongan"},"geometry":{"type":"Point","coordinates":[112.3,-7.1]}},{"type":"Feature","properties":{"Line":"S124","Sp":"2508.50000000000","X":"641300.50000000000","Y":"9210075.30000000075","NAMOBJ":"Lebakadi","WADMKC":"Sugio","WADMKK":"Lamongan"},"geometry":{"type":"Point","coordinates":[112.3,-7.1]}},{"type":"Feature","properties":{"Line":"S124","Sp":"2512.50000000000","X":"641300.50000000000","Y":"9210025.30000000075","NAMOBJ":"Lebakadi","WADMKC":"Sugio","WADMKK":"Lamongan"},"geometry":{"type":"Point","coordinates":[112.3,-7.1]}},{"type":"Feature","properties":{"Line":"S124","Sp":"2516.50000000000","X":"641300.50000000000","Y":"9209975.30000000075","NAMOBJ":"Lebakadi","WADMKC":"Sugio","WADMKK":"Lamongan"},"geometry":{"type":"Point","coordinates":[112.3,-7.1]}},{"type":"Feature","properties":{"Line":"S124","Sp":"2520.50000000000","X":"641300.50000000000","Y":"9209925.30000000075","NAMOBJ":"Lebakadi","WADMKC":"Sugio","WADMKK":"Lamongan"},"geometry":{"type":"Point","coordinates":[112.3,-7.1]}},{"type":"Feature","properties":{"Line":"S124","Sp":"2524.50000000000","X":"641300.50000000000","Y":"9209875.30000000075","NAMOBJ":"Lebakadi","WADMKC":"Sugio","WADMKK":"Lamongan"},"geometry":{"type":"Point","coordinates":[112.3,-7.1]}},{"type":"Feature","properties":{"Line":"S124","Sp":"2528.50000000000","X":"641300.50000000000","Y":"9209825.30000000075","NAMOBJ":"Lebakadi","WADMKC":"Sugio","WADMKK":"Lamongan"},"geometry":{"type":"Point","coordinates":[112.3,-7.1]}},{"type":"Feature","properties":{"Line":"S124","Sp":"2532.50000000000","X":"641300.50000000000","Y":"9209775.30000000075","NAMOBJ":"Lebakadi","WADMKC":"Sugio","WADMKK":"Lamongan"},"geometry":{"type":"Point","coordinates":[112.3,-7.1]}},{"type":"Feature","properties":{"Line":"S124","Sp":"2536.50000000000","X":"641300.50000000000","Y":"9209725.30000000075","NAMOBJ":"Lebakadi","WADMKC":"Sugio","WADMKK":"Lamongan"},"geometry":{"type":"Point","coordinates":[112.3,-7.1]}},{"type":"Feature","properties":{"Line":"S124","Sp":"2540.50000000000","X":"641300.50000000000","Y":"9209675.30000000075","NAMOBJ":"Lebakadi","WADMKC":"Sugio","WADMKK":"Lamongan"},"geometry":{"type":"Point","coordinates":[112.3,-7.1]}},{"type":"Feature","properties":{"Line":"S124","Sp":"2544.50000000000","X":"641300.50000000000","Y":"9209625.30000000075","NAMOBJ":"Lebakadi","WADMKC":"Sugio","WADMKK":"Lamongan"},"geometry":{"type":"Point","coordinates":[112.3,-7.1]}},{"type":"Feature","properties":{"Line":"S124","Sp":"2548.50000000000","X":"641300.50000000000","Y":"9209575.30000000075","NAMOBJ":"Lebakadi","WADMKC":"Sugio","WADMKK":"Lamongan"},"geometry":{"type":"Point","coordinates":[112.3,-7.1]}},{"type":"Feature","properties":{"Line":"S124","Sp":"2552.50000000000","X":"641300.50000000000","Y":"9209525.30000000075","NAMOBJ":"Lebakadi","WADMKC":"Sugio","WADMKK":"Lamongan"},"geometry":{"type":"Point","coordinates":[112.3,-7.1]}},{"type":"Feature","properties":{"Line":"S124","Sp":"2556.50000000000","X":"641300.50000000000","Y":"9209475.30000000075","NAMOBJ":"Lebakadi","WADMKC":"Sugio","WADMKK":"Lamongan"},"geometry":{"type":"Point","coordinates":[112.3,-7.1]}},{"type":"Feature","properties":{"Line":"S118","Sp":"1612.50000000000","X":"638300.50000000000","Y":"9220225.30000000075","NAMOBJ":"Manyar","WADMKC":"Sekaran","WADMKK":"Lamongan"},"geometry":{"type":"Point","coordinates":[112.3,-7.1]}},{"type":"Feature","properties":{"Line":"S118","Sp":"1616.50000000000","X":"638300.50000000000","Y":"9220175.30000000075","NAMOBJ":"Manyar","WADMKC":"Sekaran","WADMKK":"Lamongan"},"geometry":{"type":"Point","coordinates":[112.3,-7.1]}},{"type":"Feature","properties":{"Line":"S118","Sp":"1620.50000000000","X":"638300.50000000000","Y":"9220125.30000000075","NAMOBJ":"Manyar","WADMKC":"Sekaran","WADMKK":"Lamongan"},"geometry":{"type":"Point","coordinates":[112.3,-7.1]}},{"type":"Feature","properties":{"Line":"S118","Sp":"1624.50000000000","X":"638300.50000000000","Y":"9220075.30000000075","NAMOBJ":"Manyar","WADMKC":"Sekaran","WADMKK":"Lamongan"},"geometry":{"type":"Point","coordinates":[112.3,-7.1]}},{"type":"Feature","properties":{"Line":"S118","Sp":"1628.50000000000","X":"638300.50000000000","Y":"9220025.30000000075","NAMOBJ":"Manyar","WADMKC":"Sekaran","WADMKK":"Lamongan"},"geometry":{"type":"Point","coordinates":[112.3,-7.1]}},{"type":"Feature","properties":{"Line":"S118","Sp":"1632.50000000000","X":"638300.50000000000","Y":"9219975.30000000075","NAMOBJ":"Manyar","WADMKC":"Sekaran","WADMKK":"Lamongan"},"geometry":{"type":"Point","coordinates":[112.3,-7.1]}},{"type":"Feature","properties":{"Line":"S118","Sp":"1636.50000000000","X":"638300.50000000000","Y":"9219925.30000000075","NAMOBJ":"Manyar","WADMKC":"Sekaran","WADMKK":"Lamongan"},"geometry":{"type":"Point","coordinates":[112.3,-7.1]}},{"type":"Feature","properties":{"Line":"S118","Sp":"1640.50000000000","X":"638300.50000000000","Y":"9219875.30000000075","NAMOBJ":"Manyar","WADMKC":"Sekaran","WADMKK":"Lamongan"},"geometry":{"type":"Point","coordinates":[112.3,-7.1]}},{"type":"Feature","properties":{"Line":"S118","Sp":"1644.50000000000","X":"638300.50000000000","Y":"9219825.30000000075","NAMOBJ":"Manyar","WADMKC":"Sekaran","WADMKK":"Lamongan"},"geometry":{"type":"Point","coordinates":[112.3,-7.1]}},{"type":"Feature","properties":{"Line":"S118","Sp":"1648.50000000000","X":"638300.50000000000","Y":"9219775.30000000075","NAMOBJ":"Manyar","WADMKC":"Sekaran","WADMKK":"Lamongan"},"geometry":{"type":"Point","coordinates":[112.3,-7.1]}},{"type":"Feature","properties":{"Line":"S118","Sp":"1652.50000000000","X":"638300.50000000000","Y":"9219725.30000000075","NAMOBJ":"Manyar","WADMKC":"Sekaran","WADMKK":"Lamongan"},"geometry":{"type":"Point","coordinates":[112.3,-7.1]}},{"type":"Feature","properties":{"Line":"S118","Sp":"1656.50000000000","X":"638300.50000000000","Y":"9219675.30000000075","NAMOBJ":"Manyar","WADMKC":"Sekaran","WADMKK":"Lamongan"},"geometry":{"type":"Point","coordinates":[112.3,-7.1]}},{"type":"Feature","properties":{"Line":"S118","Sp":"1660.50000000000","X":"638300.50000000000","Y":"9219625.30000000075","NAMOBJ":"Manyar","WADMKC":"Sekaran","WADMKK":"Lamongan"},"geometry":{"type":"Point","coordinates":[112.3,-7.1]}},{"type":"Feature","properties":{"Line":"S118","Sp":"1664.50000000000","X":"638300.50000000000","Y":"9219575.30000000075","NAMOBJ":"Manyar","WADMKC":"Sekaran","WADMKK":"Lamongan"},"geometry":{"type":"Point","coordinates":[112.3,-7.1]}},{"type":"Feature","properties":{"Line":"S118","Sp":"1668.50000000000","X":"638300.50000000000","Y":"9219525.30000000075","NAMOBJ":"Manyar","WADMKC":"Sekaran","WADMKK":"Lamongan"},"geometry":{"type":"Point","coordinates":[112.3,-7.1]}},{"type":"Feature","properties":{"Line":"S118","Sp":"1672.50000000000","X":"638300.50000000000","Y":"9219475.30000000075","NAMOBJ":"Manyar","WADMKC":"Sekaran","WADMKK":"Lamongan"},"geometry":{"type":"Point","coordinates":[112.3,-7.1]}},{"type":"Feature","properties":{"Line":"S118","Sp":"1676.50000000000","X":"638300.50000000000","Y":"9219425.30000000075","NAMOBJ":"Manyar","WADMKC":"Sekaran","WADMKK":"Lamongan"},"geometry":{"type":"Point","coordinates":[112.3,-7.1]}},{"type":"Feature","properties":{"Line":"S118","Sp":"1680.50000000000","X":"638300.50000000000","Y":"9219375.30000000075","NAMOBJ":"Manyar","WADMKC":"Sekaran","WADMKK":"Lamongan"},"geometry":{"type":"Point","coordinates":[112.3,-7.1]}},{"type":"Feature","properties":{"Line":"S118","Sp":"1684.50000000000","X":"638300.50000000000","Y":"9219325.30000000075","NAMOBJ":"Manyar","WADMKC":"Sekaran","WADMKK":"Lamongan"},"geometry":{"type":"Point","coordinates":[112.3,-7.1]}},{"type":"Feature","properties":{"Line":"S118","Sp":"1688.50000000000","X":"638300.50000000000","Y":"9219275.30000000075","NAMOBJ":"Manyar","WADMKC":"Sekaran","WADMKK":"Lamongan"},"geometry":{"type":"Point","coordinates":[112.3,-7.1]}},{"type":"Feature","properties":{"Line":"S118","Sp":"1692.50000000000","X":"638300.50000000000","Y":"9219225.30000000075","NAMOBJ":"Manyar","WADMKC":"Sekaran","WADMKK":"Lamongan"},"geometry":{"type":"Point","coordinates":[112.3,-7.1]}},{"type":"Feature","properties":{"Line":"S118","Sp":"1696.50000000000","X":"638300.50000000000","Y":"9219175.30000000075","NAMOBJ":"Manyar","WADMKC":"Sekaran","WADMKK":"Lamongan"},"geometry":{"type":"Point","coordinates":[112.3,-7.1]}},{"type":"Feature","properties":{"Line":"S118","Sp":"1700.50000000000","X":"638300.50000000000","Y":"9219125.30000000075","NAMOBJ":"Manyar","WADMKC":"Sekaran","WADMKK":"Lamongan"},"geometry":{"type":"Point","coordinates":[112.3,-7.1]}},{"type":"Feature","properties":{"Line":"S118","Sp":"1704.50000000000","X":"638300.50000000000","Y":"9219075.30000000075","NAMOBJ":"Manyar","WADMKC":"Sekaran","WADMKK":"Lamongan"},"geometry":{"type":"Point","coordinates":[112.3,-7.1]}},{"type":"Feature","properties":{"Line":"S118","Sp":"1708.50000000000","X":"638300.50000000000","Y":"9219025.30000000075","NAMOBJ":"Manyar","WADMKC":"Sekaran","WADMKK":"Lamongan"},"geometry":{"type":"Point","coordinates":[112.3,-7.1]}},{"type":"Feature","properties":{"Line":"S118","Sp":"1712.50000000000","X":"638300.50000000000","Y":"9218975.30000000075","NAMOBJ":"Manyar","WADMKC":"Sekaran","WADMKK":"Lamongan"},"geometry":{"type":"Point","coordinates":[112.3,-7.1]}},{"type":"Feature","properties":{"Line":"S118","Sp":"1716.50000000000","X":"638300.50000000000","Y":"9218925.30000000075","NAMOBJ":"Manyar","WADMKC":"Sekaran","WADMKK":"Lamongan"},"geometry":{"type":"Point","coordinates":[112.3,-7.1]}},{"type":"Feature","properties":{"Line":"S118","Sp":"1720.50000000000","X":"638300.50000000000","Y":"9218875.30000000075","NAMOBJ":"Manyar","WADMKC":"Sekaran","WADMKK":"Lamongan"},"geometry":{"type":"Point","coordinates":[112.3,-7.1]}},{"type":"Feature","properties":{"Line":"S118","Sp":"1724.50000000000","X":"638300.50000000000","Y":"9218825.30000000075","NAMOBJ":"Manyar","WADMKC":"Sekaran","WADMKK":"Lamongan"},"geometry":{"type":"Point","coordinates":[112.3,-7.1]}},{"type":"Feature","properties":{"Line":"S118","Sp":"1728.50000000000","X":"638300.50000000000","Y":"9218775.30000000075","NAMOBJ":"Manyar","WADMKC":"Sekaran","WADMKK":"Lamongan"},"geometry":{"type":"Point","coordinates":[112.3,-7.1]}},{"type":"Feature","properties":{"Line":"S118","Sp":"1732.50000000000","X":"638300.50000000000","Y":"9218725.30000000075","NAMOBJ":"Manyar","WADMKC":"Sekaran","WADMKK":"Lamongan"},"geometry":{"type":"Point","coordinates":[112.3,-7.1]}},{"type":"Feature","properties":{"Line":"S118","Sp":"1736.50000000000","X":"638300.50000000000","Y":"9218675.30000000075","NAMOBJ":"Manyar","WADMKC":"Sekaran","WADMKK":"Lamongan"},"geometry":{"type":"Point","coordinates":[112.3,-7.1]}},{"type":"Feature","properties":{"Line":"S118","Sp":"1740.50000000000","X":"638300.50000000000","Y":"9218625.30000000075","NAMOBJ":"Manyar","WADMKC":"Sekaran","WADMKK":"Lamongan"},"geometry":{"type":"Point","coordinates":[112.3,-7.1]}},{"type":"Feature","properties":{"Line":"S118","Sp":"1744.50000000000","X":"638300.50000000000","Y":"9218575.30000000075","NAMOBJ":"Manyar","WADMKC":"Sekaran","WADMKK":"Lamongan"},"geometry":{"type":"Point","coordinates":[112.3,-7.1]}},{"type":"Feature","properties":{"Line":"S118","Sp":"1748.50000000000","X":"638300.50000000000","Y":"9218525.30000000075","NAMOBJ":"Manyar","WADMKC":"Sekaran","WADMKK":"Lamongan"},"geometry":{"type":"Point","coordinates":[112.3,-7.1]}},{"type":"Feature","properties":{"Line":"S118","Sp":"1752.50000000000","X":"638300.50000000000","Y":"9218475.30000000075","NAMOBJ":"Manyar","WADMKC":"Sekaran","WADMKK":"Lamongan"},"geometry":{"type":"Point","coordinates":[112.3,-7.1]}},{"type":"Feature","properties":{"Line":"S118","Sp":"1756.50000000000","X":"638300.50000000000","Y":"9218425.30000000075","NAMOBJ":"Manyar","WADMKC":"Sekaran","WADMKK":"Lamongan"},"geometry":{"type":"Point","coordinates":[112.3,-7.1]}},{"type":"Feature","properties":{"Line":"S118","Sp":"1760.50000000000","X":"638300.50000000000","Y":"9218375.30000000075","NAMOBJ":"Manyar","WADMKC":"Sekaran","WADMKK":"Lamongan"},"geometry":{"type":"Point","coordinates":[112.3,-7.1]}},{"type":"Feature","properties":{"Line":"S118","Sp":"1764.50000000000","X":"638300.50000000000","Y":"9218325.30000000075","NAMOBJ":"Manyar","WADMKC":"Sekaran","WADMKK":"Lamongan"},"geometry":{"type":"Point","coordinates":[112.3,-7.1]}},{"type":"Feature","properties":{"Line":"S118","Sp":"1768.50000000000","X":"638300.50000000000","Y":"9218275.30000000075","NAMOBJ":"Manyar","WADMKC":"Sekaran","WADMKK":"Lamongan"},"geometry":{"type":"Point","coordinates":[112.3,-7.1]}},{"type":"Feature","properties":{"Line":"S118","Sp":"1772.50000000000","X":"638300.50000000000","Y":"9218225.30000000075","NAMOBJ":"Manyar","WADMKC":"Sekaran","WADMKK":"Lamongan"},"geometry":{"type":"Point","coordinates":[112.3,-7.1]}},{"type":"Feature","properties":{"Line":"S118","Sp":"1776.50000000000","X":"638300.50000000000","Y":"9218175.30000000075","NAMOBJ":"Manyar","WADMKC":"Sekaran","WADMKK":"Lamongan"},"geometry":{"type":"Point","coordinates":[112.3,-7.1]}},{"type":"Feature","properties":{"Line":"S118","Sp":"1780.50000000000","X":"638300.50000000000","Y":"9218125.30000000075","NAMOBJ":"Manyar","WADMKC":"Sekaran","WADMKK":"Lamongan"},"geometry":{"type":"Point","coordinates":[112.3,-7.1]}},{"type":"Feature","properties":{"Line":"S119","Sp":"2200.50000000000","X":"638075.50000000000","Y":"9217800.30000000075","NAMOBJ":"Manyar","WADMKC":"Sekaran","WADMKK":"Lamongan"},"geometry":{"type":"Point","coordinates":[112.3,-7.1]}},{"type":"Feature","properties":{"Line":"S119","Sp":"2204.50000000000","X":"638125.50000000000","Y":"9217800.30000000075","NAMOBJ":"Manyar","WADMKC":"Sekaran","WADMKK":"Lamongan"},"geometry":{"type":"Point","coordinates":[112.3,-7.1]}},{"type":"Feature","properties":{"Line":"S119","Sp":"2208.50000000000","X":"638175.50000000000","Y":"9217800.30000000075","NAMOBJ":"Manyar","WADMKC":"Sekaran","WADMKK":"Lamongan"},"geometry":{"type":"Point","coordinates":[112.3,-7.1]}},{"type":"Feature","properties":{"Line":"S120","Sp":"1584.50000000000","X":"639300.50000000000","Y":"9220525.30000000075","NAMOBJ":"Manyar","WADMKC":"Sekaran","WADMKK":"Lamongan"},"geometry":{"type":"Point","coordinates":[112.3,-7.1]}},{"type":"Feature","properties":{"Line":"S120","Sp":"1588.50000000000","X":"639300.50000000000","Y":"9220475.30000000075","NAMOBJ":"Manyar","WADMKC":"Sekaran","WADMKK":"Lamongan"},"geometry":{"type":"Point","coordinates":[112.3,-7.1]}},{"type":"Feature","properties":{"Line":"S120","Sp":"1592.50000000000","X":"639300.50000000000","Y":"9220425.30000000075","NAMOBJ":"Manyar","WADMKC":"Sekaran","WADMKK":"Lamongan"},"geometry":{"type":"Point","coordinates":[112.3,-7.1]}},{"type":"Feature","properties":{"Line":"S120","Sp":"1596.50000000000","X":"639300.50000000000","Y":"9220375.30000000075","NAMOBJ":"Manyar","WADMKC":"Sekaran","WADMKK":"Lamongan"},"geometry":{"type":"Point","coordinates":[112.3,-7.1]}},{"type":"Feature","properties":{"Line":"S120","Sp":"1600.50000000000","X":"639300.50000000000","Y":"9220325.30000000075","NAMOBJ":"Manyar","WADMKC":"Sekaran","WADMKK":"Lamongan"},"geometry":{"type":"Point","coordinates":[112.3,-7.1]}},{"type":"Feature","properties":{"Line":"S120","Sp":"1604.50000000000","X":"639300.50000000000","Y":"9220275.30000000075","NAMOBJ":"Manyar","WADMKC":"Sekaran","WADMKK":"Lamongan"},"geometry":{"type":"Point","coordinates":[112.3,-7.1]}},{"type":"Feature","properties":{"Line":"S120","Sp":"1608.50000000000","X":"639300.50000000000","Y":"9220225.30000000075","NAMOBJ":"Manyar","WADMKC":"Sekaran","WADMKK":"Lamongan"},"geometry":{"type":"Point","coordinates":[112.3,-7.1]}},{"type":"Feature","properties":{"Line":"S120","Sp":"1612.50000000000","X":"639300.50000000000","Y":"9220175.30000000075","NAMOBJ":"Manyar","WADMKC":"Sekaran","WADMKK":"Lamongan"},"geometry":{"type":"Point","coordinates":[112.3,-7.1]}},{"type":"Feature","properties":{"Line":"S120","Sp":"1616.50000000000","X":"639300.50000000000","Y":"9220125.30000000075","NAMOBJ":"Manyar","WADMKC":"Sekaran","WADMKK":"Lamongan"},"geometry":{"type":"Point","coordinates":[112.3,-7.1]}},{"type":"Feature","properties":{"Line":"S120","Sp":"1620.50000000000","X":"639300.50000000000","Y":"9220075.30000000075","NAMOBJ":"Manyar","WADMKC":"Sekaran","WADMKK":"Lamongan"},"geometry":{"type":"Point","coordinates":[112.3,-7.1]}},{"type":"Feature","properties":{"Line":"S120","Sp":"1624.50000000000","X":"639300.50000000000","Y":"9220025.30000000075","NAMOBJ":"Manyar","WADMKC":"Sekaran","WADMKK":"Lamongan"},"geometry":{"type":"Point","coordinates":[112.3,-7.1]}},{"type":"Feature","properties":{"Line":"S120","Sp":"1628.50000000000","X":"639300.50000000000","Y":"9219975.30000000075","NAMOBJ":"Manyar","WADMKC":"Sekaran","WADMKK":"Lamongan"},"geometry":{"type":"Point","coordinates":[112.3,-7.1]}},{"type":"Feature","properties":{"Line":"S121","Sp":"2208.50000000000","X":"638075.50000000000","Y":"9218800.30000000075","NAMOBJ":"Manyar","WADMKC":"Sekaran","WADMKK":"Lamongan"},"geometry":{"type":"Point","coordinates":[112.3,-7.1]}},{"type":"Feature","properties":{"Line":"S121","Sp":"2212.50000000000","X":"638125.50000000000","Y":"9218800.30000000075","NAMOBJ":"Manyar","WADMKC":"Sekaran","WADMKK":"Lamongan"},"geometry":{"type":"Point","coordinates":[112.3,-7.1]}},{"type":"Feature","properties":{"Line":"S121","Sp":"2216.50000000000","X":"638175.50000000000","Y":"9218800.30000000075","NAMOBJ":"Manyar","WADMKC":"Sekaran","WADMKK":"Lamongan"},"geometry":{"type":"Point","coordinates":[112.3,-7.1]}},{"type":"Feature","properties":{"Line":"S121","Sp":"2220.50000000000","X":"638225.50000000000","Y":"9218800.30000000075","NAMOBJ":"Manyar","WADMKC":"Sekaran","WADMKK":"Lamongan"},"geometry":{"type":"Point","coordinates":[112.3,-7.1]}},{"type":"Feature","properties":{"Line":"S121","Sp":"2224.50000000000","X":"638275.50000000000","Y":"9218800.30000000075","NAMOBJ":"Manyar","WADMKC":"Sekaran","WADMKK":"Lamongan"},"geometry":{"type":"Point","coordinates":[112.3,-7.1]}},{"type":"Feature","properties":{"Line":"S121","Sp":"2228.50000000000","X":"638325.50000000000","Y":"9218800.30000000075","NAMOBJ":"Manyar","WADMKC":"Sekaran","WADMKK":"Lamongan"},"geometry":{"type":"Point","coordinates":[112.3,-7.1]}},{"type":"Feature","properties":{"Line":"S121","Sp":"2232.50000000000","X":"638375.50000000000","Y":"9218800.30000000075","NAMOBJ":"Manyar","WADMKC":"Sekaran","WADMKK":"Lamongan"},"geometry":{"type":"Point","coordinates":[112.3,-7.1]}},{"type":"Feature","properties":{"Line":"S121","Sp":"2236.50000000000","X":"638425.50000000000","Y":"9218800.30000000075","NAMOBJ":"Manyar","WADMKC":"Sekaran","WADMKK":"Lamongan"},"geometry":{"type":"Point","coordinates":[112.3,-7.1]}},{"type":"Feature","properties":{"Line":"S121","Sp":"2240.50000000000","X":"638475.50000000000","Y":"9218800.30000000075","NAMOBJ":"Manyar","WADMKC":"Sekaran","WADMKK":"Lamongan"},"geometry":{"type":"Point","coordinates":[112.3,-7.1]}},{"type":"Feature","properties":{"Line":"S121","Sp":"2244.50000000000","X":"638525.50000000000","Y":"9218800.30000000075","NAMOBJ":"Manyar","WADMKC":"Sekaran","WADMKK":"Lamongan"},"geometry":{"type":"Point","coordinates":[112.3,-7.1]}},{"type":"Feature","properties":{"Line":"S121","Sp":"2248.50000000000","X":"638575.50000000000","Y":"9218800.30000000075","NAMOBJ":"Manyar","WADMKC":"Sekaran","WADMKK":"Lamongan"},"geometry":{"type":"Point","coordinates":[112.3,-7.1]}},{"type":"Feature","properties":{"Line":"S123","Sp":"2212.50000000000","X":"638075.50000000000","Y":"9219800.30000000075","NAMOBJ":"Manyar","WADMKC":"Sekaran","WADMKK":"Lamongan"},"geometry":{"type":"Point","coordinates":[112.3,-7.1]}},{"type":"Feature","properties":{"Line":"S123","Sp":"2216.50000000000","X":"638125.50000000000","Y":"9219800.30000000075","NAMOBJ":"Manyar","WADMKC":"Sekaran","WADMKK":"Lamongan"},"geometry":{"type":"Point","coordinates":[112.3,-7.1]}},{"type":"Feature","properties":{"Line":"S123","Sp":"2220.50000000000","X":"638175.50000000000","Y":"9219800.30000000075","NAMOBJ":"Manyar","WADMKC":"Sekaran","WADMKK":"Lamongan"},"geometry":{"type":"Point","coordinates":[112.3,-7.1]}},{"type":"Feature","properties":{"Line":"S123","Sp":"2224.50000000000","X":"638225.50000000000","Y":"9219800.30000000075","NAMOBJ":"Manyar","WADMKC":"Sekaran","WADMKK":"Lamongan"},"geometry":{"type":"Point","coordinates":[112.3,-7.1]}},{"type":"Feature","properties":{"Line":"S123","Sp":"2228.50000000000","X":"638275.50000000000","Y":"9219800.30000000075","NAMOBJ":"Manyar","WADMKC":"Sekaran","WADMKK":"Lamongan"},"geometry":{"type":"Point","coordinates":[112.3,-7.1]}},{"type":"Feature","properties":{"Line":"S123","Sp":"2232.50000000000","X":"638325.50000000000","Y":"9219800.30000000075","NAMOBJ":"Manyar","WADMKC":"Sekaran","WADMKK":"Lamongan"},"geometry":{"type":"Point","coordinates":[112.3,-7.1]}},{"type":"Feature","properties":{"Line":"S123","Sp":"2236.50000000000","X":"638375.50000000000","Y":"9219800.30000000075","NAMOBJ":"Manyar","WADMKC":"Sekaran","WADMKK":"Lamongan"},"geometry":{"type":"Point","coordinates":[112.3,-7.1]}},{"type":"Feature","properties":{"Line":"S123","Sp":"2240.50000000000","X":"638425.50000000000","Y":"9219800.30000000075","NAMOBJ":"Manyar","WADMKC":"Sekaran","WADMKK":"Lamongan"},"geometry":{"type":"Point","coordinates":[112.3,-7.1]}},{"type":"Feature","properties":{"Line":"S123","Sp":"2244.50000000000","X":"638475.50000000000","Y":"9219800.30000000075","NAMOBJ":"Manyar","WADMKC":"Sekaran","WADMKK":"Lamongan"},"geometry":{"type":"Point","coordinates":[112.3,-7.1]}},{"type":"Feature","properties":{"Line":"S123","Sp":"2248.50000000000","X":"638525.50000000000","Y":"9219800.30000000075","NAMOBJ":"Manyar","WADMKC":"Sekaran","WADMKK":"Lamongan"},"geometry":{"type":"Point","coordinates":[112.3,-7.1]}},{"type":"Feature","properties":{"Line":"S123","Sp":"2252.50000000000","X":"638575.50000000000","Y":"9219800.30000000075","NAMOBJ":"Manyar","WADMKC":"Sekaran","WADMKK":"Lamongan"},"geometry":{"type":"Point","coordinates":[112.3,-7.1]}},{"type":"Feature","properties":{"Line":"S123","Sp":"2256.50000000000","X":"638625.50000000000","Y":"9219800.30000000075","NAMOBJ":"Manyar","WADMKC":"Sekaran","WADMKK":"Lamongan"},"geometry":{"type":"Point","coordinates":[112.3,-7.1]}},{"type":"Feature","properties":{"Line":"S123","Sp":"2260.50000000000","X":"638675.50000000000","Y":"9219800.30000000075","NAMOBJ":"Manyar","WADMKC":"Sekaran","WADMKK":"Lamongan"},"geometry":{"type":"Point","coordinates":[112.3,-7.1]}},{"type":"Feature","properties":{"Line":"S123","Sp":"2264.50000000000","X":"638725.50000000000","Y":"9219800.30000000075","NAMOBJ":"Manyar","WADMKC":"Sekaran","WADMKK":"Lamongan"},"geometry":{"type":"Point","coordinates":[112.3,-7.1]}},{"type":"Feature","properties":{"Line":"S123","Sp":"2268.50000000000","X":"638775.50000000000","Y":"9219800.30000000075","NAMOBJ":"Manyar","WADMKC":"Sekaran","WADMKK":"Lamongan"},"geometry":{"type":"Point","coordinates":[112.3,-7.1]}},{"type":"Feature","properties":{"Line":"S123","Sp":"2272.50000000000","X":"638825.50000000000","Y":"9219800.30000000075","NAMOBJ":"Manyar","WADMKC":"Sekaran","WADMKK":"Lamongan"},"geometry":{"type":"Point","coordinates":[112.3,-7.1]}},{"type":"Feature","properties":{"Line":"S123","Sp":"2276.50000000000","X":"638875.50000000000","Y":"9219800.30000000075","NAMOBJ":"Manyar","WADMKC":"Sekaran","WADMKK":"Lamongan"},"geometry":{"type":"Point","coordinates":[112.3,-7.1]}},{"type":"Feature","properties":{"Line":"S123","Sp":"2280.50000000000","X":"638925.50000000000","Y":"9219800.30000000075","NAMOBJ":"Manyar","WADMKC":"Sekaran","WADMKK":"Lamongan"},"geometry":{"type":"Point","coordinates":[112.3,-7.1]}},{"type":"Feature","properties":{"Line":"S123","Sp":"2284.50000000000","X":"638975.50000000000","Y":"9219800.30000000075","NAMOBJ":"Manyar","WADMKC":"Sekaran","WADMKK":"Lamongan"},"geometry":{"type":"Point","coordinates":[112.3,-7.1]}},{"type":"Feature","properties":{"Line":"S123","Sp":"2288.50000000000","X":"639025.50000000000","Y":"9219800.30000000075","NAMOBJ":"Manyar","WADMKC":"Sekaran","WADMKK":"Lamongan"},"geometry":{"type":"Point","coordinates":[112.3,-7.1]}},{"type":"Feature","properties":{"Line":"S123","Sp":"2292.50000000000","X":"639075.50000000000","Y":"9219800.30000000075","NAMOBJ":"Manyar","WADMKC":"Sekaran","WADMKK":"Lamongan"},"geometry":{"type":"Point","coordinates":[112.3,-7.1]}},{"type":"Feature","properties":{"Line":"S123","Sp":"2296.50000000000","X":"639125.50000000000","Y":"9219800.30000000075","NAMOBJ":"Manyar","WADMKC":"Sekaran","WADMKK":"Lamongan"},"geometry":{"type":"Point","coordinates":[112.3,-7.1]}},{"type":"Feature","properties":{"Line":"S123","Sp":"2300.50000000000","X":"639175.50000000000","Y":"9219800.30000000075","NAMOBJ":"Manyar","WADMKC":"Sekaran","WADMKK":"Lamongan"},"geometry":{"type":"Point","coordinates":[112.3,-7.1]}},{"type":"Feature","properties":{"Line":"S119","Sp":"2376.50000000000","X":"640275.50000000000","Y":"9217800.30000000075","NAMOBJ":"Miru","WADMKC":"Sekaran","WADMKK":"Lamongan"},"geometry":{"type":"Point","coordinates":[112.3,-7.1]}},{"type":"Feature","properties":{"Line":"S119","Sp":"2380.50000000000","X":"640325.50000000000","Y":"9217800.30000000075","NAMOBJ":"Miru","WADMKC":"Sekaran","WADMKK":"Lamongan"},"geometry":{"type":"Point","coordinates":[112.3,-7.1]}},{"type":"Feature","properties":{"Line":"S119","Sp":"2384.50000000000","X":"640375.50000000000","Y":"9217800.30000000075","NAMOBJ":"Miru","WADMKC":"Sekaran","WADMKK":"Lamongan"},"geometry":{"type":"Point","coordinates":[112.3,-7.1]}},{"type":"Feature","properties":{"Line":"S119","Sp":"2388.50000000000","X":"640425.50000000000","Y":"9217800.30000000075","NAMOBJ":"Miru","WADMKC":"Sekaran","WADMKK":"Lamongan"},"geometry":{"type":"Point","coordinates":[112.3,-7.1]}},{"type":"Feature","properties":{"Line":"S119","Sp":"2392.50000000000","X":"640475.50000000000","Y":"9217800.30000000075","NAMOBJ":"Miru","WADMKC":"Sekaran","WADMKK":"Lamongan"},"geometry":{"type":"Point","coordinates":[112.3,-7.1]}},{"type":"Feature","properties":{"Line":"S119","Sp":"2396.50000000000","X":"640525.50000000000","Y":"9217800.30000000075","NAMOBJ":"Miru","WADMKC":"Sekaran","WADMKK":"Lamongan"},"geometry":{"type":"Point","coordinates":[112.3,-7.1]}},{"type":"Feature","properties":{"Line":"S119","Sp":"2400.50000000000","X":"640575.50000000000","Y":"9217800.30000000075","NAMOBJ":"Miru","WADMKC":"Sekaran","WADMKK":"Lamongan"},"geometry":{"type":"Point","coordinates":[112.3,-7.1]}},{"type":"Feature","properties":{"Line":"S119","Sp":"2404.50000000000","X":"640625.50000000000","Y":"9217800.30000000075","NAMOBJ":"Miru","WADMKC":"Sekaran","WADMKK":"Lamongan"},"geometry":{"type":"Point","coordinates":[112.3,-7.1]}},{"type":"Feature","properties":{"Line":"S119","Sp":"2408.50000000000","X":"640675.50000000000","Y":"9217800.30000000075","NAMOBJ":"Miru","WADMKC":"Sekaran","WADMKK":"Lamongan"},"geometry":{"type":"Point","coordinates":[112.3,-7.1]}},{"type":"Feature","properties":{"Line":"S121","Sp":"2392.50000000000","X":"640375.50000000000","Y":"9218800.30000000075","NAMOBJ":"Miru","WADMKC":"Sekaran","WADMKK":"Lamongan"},"geometry":{"type":"Point","coordinates":[112.3,-7.1]}},{"type":"Feature","properties":{"Line":"S121","Sp":"2396.50000000000","X":"640425.50000000000","Y":"9218800.30000000075","NAMOBJ":"Miru","WADMKC":"Sekaran","WADMKK":"Lamongan"},"geometry":{"type":"Point","coordinates":[112.3,-7.1]}},{"type":"Feature","properties":{"Line":"S121","Sp":"2400.50000000000","X":"640475.50000000000","Y":"9218800.30000000075","NAMOBJ":"Miru","WADMKC":"Sekaran","WADMKK":"Lamongan"},"geometry":{"type":"Point","coordinates":[112.3,-7.1]}},{"type":"Feature","properties":{"Line":"S121","Sp":"2404.50000000000","X":"640525.50000000000","Y":"9218800.30000000075","NAMOBJ":"Miru","WADMKC":"Sekaran","WADMKK":"Lamongan"},"geometry":{"type":"Point","coordinates":[112.3,-7.1]}},{"type":"Feature","properties":{"Line":"S121","Sp":"2408.50000000000","X":"640575.50000000000","Y":"9218800.30000000075","NAMOBJ":"Miru","WADMKC":"Sekaran","WADMKK":"Lamongan"},"geometry":{"type":"Point","coordinates":[112.3,-7.1]}},{"type":"Feature","properties":{"Line":"S121","Sp":"2412.50000000000","X":"640625.50000000000","Y":"9218800.30000000075","NAMOBJ":"Miru","WADMKC":"Sekaran","WADMKK":"Lamongan"},"geometry":{"type":"Point","coordinates":[112.3,-7.1]}},{"type":"Feature","properties":{"Line":"S121","Sp":"2416.50000000000","X":"640675.50000000000","Y":"9218800.30000000075","NAMOBJ":"Miru","WADMKC":"Sekaran","WADMKK":"Lamongan"},"geometry":{"type":"Point","coordinates":[112.3,-7.1]}},{"type":"Feature","properties":{"Line":"S121","Sp":"2420.50000000000","X":"640725.50000000000","Y":"9218800.30000000075","NAMOBJ":"Miru","WADMKC":"Sekaran","WADMKK":"Lamongan"},"geometry":{"type":"Point","coordinates":[112.3,-7.1]}},{"type":"Feature","properties":{"Line":"S121","Sp":"2424.50000000000","X":"640775.50000000000","Y":"9218800.30000000075","NAMOBJ":"Miru","WADMKC":"Sekaran","WADMKK":"Lamongan"},"geometry":{"type":"Point","coordinates":[112.3,-7.1]}},{"type":"Feature","properties":{"Line":"S121","Sp":"2428.50000000000","X":"640825.50000000000","Y":"9218800.30000000075","NAMOBJ":"Miru","WADMKC":"Sekaran","WADMKK":"Lamongan"},"geometry":{"type":"Point","coordinates":[112.3,-7.1]}},{"type":"Feature","properties":{"Line":"S121","Sp":"2432.50000000000","X":"640875.50000000000","Y":"9218800.30000000075","NAMOBJ":"Miru","WADMKC":"Sekaran","WADMKK":"Lamongan"},"geometry":{"type":"Point","coordinates":[112.3,-7.1]}},{"type":"Feature","properties":{"Line":"S121","Sp":"2436.50000000000","X":"640925.50000000000","Y":"9218800.30000000075","NAMOBJ":"Miru","WADMKC":"Sekaran","WADMKK":"Lamongan"},"geometry":{"type":"Point","coordinates":[112.3,-7.1]}},{"type":"Feature","properties":{"Line":"S121","Sp":"2440.50000000000","X":"640975.50000000000","Y":"9218800.30000000075","NAMOBJ":"Miru","WADMKC":"Sekaran","WADMKK":"Lamongan"},"geometry":{"type":"Point","coordinates":[112.3,-7.1]}},{"type":"Feature","properties":{"Line":"S121","Sp":"2444.50000000000","X":"641025.50000000000","Y":"9218800.30000000075","NAMOBJ":"Miru","WADMKC":"Sekaran","WADMKK":"Lamongan"},"geometry":{"type":"Point","coordinates":[112.3,-7.1]}},{"type":"Feature","properties":{"Line":"S122","Sp":"1628.50000000000","X":"640300.50000000000","Y":"9220525.30000000075","NAMOBJ":"Miru","WADMKC":"Sekaran","WADMKK":"Lamongan"},"geometry":{"type":"Point","coordinates":[112.3,-7.1]}},{"type":"Feature","properties":{"Line":"S122","Sp":"1632.50000000000","X":"640300.50000000000","Y":"9220475.30000000075","NAMOBJ":"Miru","WADMKC":"Sekaran","WADMKK":"Lamongan"},"geometry":{"type":"Point","coordinates":[112.3,-7.1]}},{"type":"Feature","properties":{"Line":"S122","Sp":"1636.50000000000","X":"640300.50000000000","Y":"9220425.30000000075","NAMOBJ":"Miru","WADMKC":"Sekaran","WADMKK":"Lamongan"},"geometry":{"type":"Point","coordinates":[112.3,-7.1]}},{"type":"Feature","properties":{"Line":"S122","Sp":"1724.50000000000","X":"640300.50000000000","Y":"9219325.30000000075","NAMOBJ":"Miru","WADMKC":"Sekaran","WADMKK":"Lamongan"},"geometry":{"type":"Point","coordinates":[112.3,-7.1]}},{"type":"Feature","properties":{"Line":"S122","Sp":"1728.50000000000","X":"640300.50000000000","Y":"9219275.30000000075","NAMOBJ":"Miru","WADMKC":"Sekaran","WADMKK":"Lamongan"},"geometry":{"type":"Point","coordinates":[112.3,-7.1]}},{"type":"Feature","properties":{"Line":"S122","Sp":"1732.50000000000","X":"640300.50000000000","Y":"9219225.30000000075","NAMOBJ":"Miru","WADMKC":"Sekaran","WADMKK":"Lamongan"},"geometry":{"type":"Point","coordinates":[112.3,-7.1]}},{"type":"Feature","properties":{"Line":"S122","Sp":"1736.50000000000","X":"640300.50000000000","Y":"9219175.30000000075","NAMOBJ":"Miru","WADMKC":"Sekaran","WADMKK":"Lamongan"},"geometry":{"type":"Point","coordinates":[112.3,-7.1]}},{"type":"Feature","properties":{"Line":"S122","Sp":"1796.50000000000","X":"640300.50000000000","Y":"9218425.30000000075","NAMOBJ":"Miru","WADMKC":"Sekaran","WADMKK":"Lamongan"},"geometry":{"type":"Point","coordinates":[112.3,-7.1]}},{"type":"Feature","properties":{"Line":"S122","Sp":"1800.50000000000","X":"640300.50000000000","Y":"9218375.30000000075","NAMOBJ":"Miru","WADMKC":"Sekaran","WADMKK":"Lamongan"},"geometry":{"type":"Point","coordinates":[112.3,-7.1]}},{"type":"Feature","properties":{"Line":"S122","Sp":"1804.50000000000","X":"640300.50000000000","Y":"9218325.30000000075","NAMOBJ":"Miru","WADMKC":"Sekaran","WADMKK":"Lamongan"},"geometry":{"type":"Point","coordinates":[112.3,-7.1]}},{"type":"Feature","properties":{"Line":"S122","Sp":"1808.50000000000","X":"640300.50000000000","Y":"9218275.30000000075","NAMOBJ":"Miru","WADMKC":"Sekaran","WADMKK":"Lamongan"},"geometry":{"type":"Point","coordinates":[112.3,-7.1]}},{"type":"Feature","properties":{"Line":"S122","Sp":"1812.50000000000","X":"640300.50000000000","Y":"9218225.30000000075","NAMOBJ":"Miru","WADMKC":"Sekaran","WADMKK":"Lamongan"},"geometry":{"type":"Point","coordinates":[112.3,-7.1]}},{"type":"Feature","properties":{"Line":"S122","Sp":"1816.50000000000","X":"640300.50000000000","Y":"9218175.30000000075","NAMOBJ":"Miru","WADMKC":"Sekaran","WADMKK":"Lamongan"},"geometry":{"type":"Point","coordinates":[112.3,-7.1]}},{"type":"Feature","properties":{"Line":"S122","Sp":"1820.50000000000","X":"640300.50000000000","Y":"9218125.30000000075","NAMOBJ":"Miru","WADMKC":"Sekaran","WADMKK":"Lamongan"},"geometry":{"type":"Point","coordinates":[112.3,-7.1]}},{"type":"Feature","properties":{"Line":"S122","Sp":"1824.50000000000","X":"640300.50000000000","Y":"9218075.30000000075","NAMOBJ":"Miru","WADMKC":"Sekaran","WADMKK":"Lamongan"},"geometry":{"type":"Point","coordinates":[112.3,-7.1]}},{"type":"Feature","properties":{"Line":"S122","Sp":"1828.50000000000","X":"640300.50000000000","Y":"9218025.30000000075","NAMOBJ":"Miru","WADMKC":"Sekaran","WADMKK":"Lamongan"},"geometry":{"type":"Point","coordinates":[112.3,-7.1]}},{"type":"Feature","properties":{"Line":"S122","Sp":"1832.50000000000","X":"640300.50000000000","Y":"9217975.30000000075","NAMOBJ":"Miru","WADMKC":"Sekaran","WADMKK":"Lamongan"},"geometry":{"type":"Point","coordinates":[112.3,-7.1]}},{"type":"Feature","properties":{"Line":"S122","Sp":"1836.50000000000","X":"640300.50000000000","Y":"9217925.30000000075","NAMOBJ":"Miru","WADMKC":"Sekaran","WADMKK":"Lamongan"},"geometry":{"type":"Point","coordinates":[112.3,-7.1]}},{"type":"Feature","properties":{"Line":"S122","Sp":"1840.50000000000","X":"640300.50000000000","Y":"9217875.30000000075","NAMOBJ":"Miru","WADMKC":"Sekaran","WADMKK":"Lamongan"},"geometry":{"type":"Point","coordinates":[112.3,-7.1]}},{"type":"Feature","properties":{"Line":"S122","Sp":"1844.50000000000","X":"640300.50000000000","Y":"9217825.30000000075","NAMOBJ":"Miru","WADMKC":"Sekaran","WADMKK":"Lamongan"},"geometry":{"type":"Point","coordinates":[112.3,-7.1]}},{"type":"Feature","properties":{"Line":"S122","Sp":"1848.50000000000","X":"640300.50000000000","Y":"9217775.30000000075","NAMOBJ":"Miru","WADMKC":"Sekaran","WADMKK":"Lamongan"},"geometry":{"type":"Point","coordinates":[112.3,-7.1]}},{"type":"Feature","properties":{"Line":"S122","Sp":"1852.50000000000","X":"640300.50000000000","Y":"9217725.30000000075","NAMOBJ":"Miru","WADMKC":"Sekaran","WADMKK":"Lamongan"},"geometry":{"type":"Point","coordinates":[112.3,-7.1]}},{"type":"Feature","properties":{"Line":"S122","Sp":"1856.50000000000","X":"640300.50000000000","Y":"9217675.30000000075","NAMOBJ":"Miru","WADMKC":"Sekaran","WADMKK":"Lamongan"},"geometry":{"type":"Point","coordinates":[112.3,-7.1]}},{"type":"Feature","properties":{"Line":"S122","Sp":"1860.50000000000","X":"640300.50000000000","Y":"9217625.30000000075","NAMOBJ":"Miru","WADMKC":"Sekaran","WADMKK":"Lamongan"},"geometry":{"type":"Point","coordinates":[112.3,-7.1]}},{"type":"Feature","properties":{"Line":"S122","Sp":"1864.50000000000","X":"640300.50000000000","Y":"9217575.30000000075","NAMOBJ":"Miru","WADMKC":"Sekaran","WADMKK":"Lamongan"},"geometry":{"type":"Point","coordinates":[112.3,-7.1]}},{"type":"Feature","properties":{"Line":"S122","Sp":"1868.50000000000","X":"640300.50000000000","Y":"9217525.30000000075","NAMOBJ":"Miru","WADMKC":"Sekaran","WADMKK":"Lamongan"},"geometry":{"type":"Point","coordinates":[112.3,-7.1]}},{"type":"Feature","properties":{"Line":"S122","Sp":"1872.50000000000","X":"640300.50000000000","Y":"9217475.30000000075","NAMOBJ":"Miru","WADMKC":"Sekaran","WADMKK":"Lamongan"},"geometry":{"type":"Point","coordinates":[112.3,-7.1]}},{"type":"Feature","properties":{"Line":"S122","Sp":"1876.50000000000","X":"640300.50000000000","Y":"9217425.30000000075","NAMOBJ":"Miru","WADMKC":"Sekaran","WADMKK":"Lamongan"},"geometry":{"type":"Point","coordinates":[112.3,-7.1]}},{"type":"Feature","properties":{"Line":"S122","Sp":"1880.50000000000","X":"640300.50000000000","Y":"9217375.30000000075","NAMOBJ":"Miru","WADMKC":"Sekaran","WADMKK":"Lamongan"},"geometry":{"type":"Point","coordinates":[112.3,-7.1]}},{"type":"Feature","properties":{"Line":"S122","Sp":"1884.50000000000","X":"640300.50000000000","Y":"9217325.30000000075","NAMOBJ":"Miru","WADMKC":"Sekaran","WADMKK":"Lamongan"},"geometry":{"type":"Point","coordinates":[112.3,-7.1]}},{"type":"Feature","properties":{"Line":"S122","Sp":"1888.50000000000","X":"640300.50000000000","Y":"9217275.30000000075","NAMOBJ":"Miru","WADMKC":"Sekaran","WADMKK":"Lamongan"},"geometry":{"type":"Point","coordinates":[112.3,-7.1]}},{"type":"Feature","properties":{"Line":"S122","Sp":"1892.50000000000","X":"640300.50000000000","Y":"9217225.30000000075","NAMOBJ":"Miru","WADMKC":"Sekaran","WADMKK":"Lamongan"},"geometry":{"type":"Point","coordinates":[112.3,-7.1]}},{"type":"Feature","properties":{"Line":"S122","Sp":"1896.50000000000","X":"640300.50000000000","Y":"9217175.30000000075","NAMOBJ":"Miru","WADMKC":"Sekaran","WADMKK":"Lamongan"},"geometry":{"type":"Point","coordinates":[112.3,-7.1]}},{"type":"Feature","properties":{"Line":"S122","Sp":"1900.50000000000","X":"640300.50000000000","Y":"9217125.30000000075","NAMOBJ":"Miru","WADMKC":"Sekaran","WADMKK":"Lamongan"},"geometry":{"type":"Point","coordinates":[112.3,-7.1]}},{"type":"Feature","properties":{"Line":"S122","Sp":"1904.50000000000","X":"640300.50000000000","Y":"9217075.30000000075","NAMOBJ":"Miru","WADMKC":"Sekaran","WADMKK":"Lamongan"},"geometry":{"type":"Point","coordinates":[112.3,-7.1]}},{"type":"Feature","properties":{"Line":"S122","Sp":"1908.50000000000","X":"640300.50000000000","Y":"9217025.30000000075","NAMOBJ":"Miru","WADMKC":"Sekaran","WADMKK":"Lamongan"},"geometry":{"type":"Point","coordinates":[112.3,-7.1]}},{"type":"Feature","properties":{"Line":"S122","Sp":"1912.50000000000","X":"640300.50000000000","Y":"9216975.30000000075","NAMOBJ":"Miru","WADMKC":"Sekaran","WADMKK":"Lamongan"},"geometry":{"type":"Point","coordinates":[112.3,-7.1]}},{"type":"Feature","properties":{"Line":"S123","Sp":"2396.50000000000","X":"640375.50000000000","Y":"9219800.30000000075","NAMOBJ":"Miru","WADMKC":"Sekaran","WADMKK":"Lamongan"},"geometry":{"type":"Point","coordinates":[112.3,-7.1]}},{"type":"Feature","properties":{"Line":"S123","Sp":"2400.50000000000","X":"640425.50000000000","Y":"9219800.30000000075","NAMOBJ":"Miru","WADMKC":"Sekaran","WADMKK":"Lamongan"},"geometry":{"type":"Point","coordinates":[112.3,-7.1]}},{"type":"Feature","properties":{"Line":"S123","Sp":"2404.50000000000","X":"640475.50000000000","Y":"9219800.30000000075","NAMOBJ":"Miru","WADMKC":"Sekaran","WADMKK":"Lamongan"},"geometry":{"type":"Point","coordinates":[112.3,-7.1]}},{"type":"Feature","properties":{"Line":"S123","Sp":"2408.50000000000","X":"640525.50000000000","Y":"9219800.30000000075","NAMOBJ":"Miru","WADMKC":"Sekaran","WADMKK":"Lamongan"},"geometry":{"type":"Point","coordinates":[112.3,-7.1]}},{"type":"Feature","properties":{"Line":"S123","Sp":"2412.50000000000","X":"640575.50000000000","Y":"9219800.30000000075","NAMOBJ":"Miru","WADMKC":"Sekaran","WADMKK":"Lamongan"},"geometry":{"type":"Point","coordinates":[112.3,-7.1]}},{"type":"Feature","properties":{"Line":"S123","Sp":"2416.50000000000","X":"640625.50000000000","Y":"9219800.30000000075","NAMOBJ":"Miru","WADMKC":"Sekaran","WADMKK":"Lamongan"},"geometry":{"type":"Point","coordinates":[112.3,-7.1]}},{"type":"Feature","properties":{"Line":"S123","Sp":"2420.50000000000","X":"640675.50000000000","Y":"9219800.30000000075","NAMOBJ":"Miru","WADMKC":"Sekaran","WADMKK":"Lamongan"},"geometry":{"type":"Point","coordinates":[112.3,-7.1]}},{"type":"Feature","properties":{"Line":"S123","Sp":"2424.50000000000","X":"640725.50000000000","Y":"9219800.30000000075","NAMOBJ":"Miru","WADMKC":"Sekaran","WADMKK":"Lamongan"},"geometry":{"type":"Point","coordinates":[112.3,-7.1]}},{"type":"Feature","properties":{"Line":"S123","Sp":"2428.50000000000","X":"640775.50000000000","Y":"9219800.30000000075","NAMOBJ":"Miru","WADMKC":"Sekaran","WADMKK":"Lamongan"},"geometry":{"type":"Point","coordinates":[112.3,-7.1]}},{"type":"Feature","properties":{"Line":"S123","Sp":"2432.50000000000","X":"640825.50000000000","Y":"9219800.30000000075","NAMOBJ":"Miru","WADMKC":"Sekaran","WADMKK":"Lamongan"},"geometry":{"type":"Point","coordinates":[112.3,-7.1]}},{"type":"Feature","properties":{"Line":"S115","Sp":"2080.50000000000","X":"638075.50000000000","Y":"9215800.30000000075","NAMOBJ":"Moropelang","WADMKC":"Babat","WADMKK":"Lamongan"},"geometry":{"type":"Point","coordinates":[112.3,-7.1]}},{"type":"Feature","properties":{"Line":"S115","Sp":"2084.50000000000","X":"638125.50000000000","Y":"9215800.30000000075","NAMOBJ":"Moropelang","WADMKC":"Babat","WADMKK":"Lamongan"},"geometry":{"type":"Point","coordinates":[112.3,-7.1]}},{"type":"Feature","properties":{"Line":"S115","Sp":"2088.50000000000","X":"638175.50000000000","Y":"9215800.30000000075","NAMOBJ":"Moropelang","WADMKC":"Babat","WADMKK":"Lamongan"},"geometry":{"type":"Point","coordinates":[112.3,-7.1]}},{"type":"Feature","properties":{"Line":"S117","Sp":"2124.50000000000","X":"638075.50000000000","Y":"9216800.30000000075","NAMOBJ":"Moropelang","WADMKC":"Babat","WADMKK":"Lamongan"},"geometry":{"type":"Point","coordinates":[112.3,-7.1]}},{"type":"Feature","properties":{"Line":"S118","Sp":"1908.50000000000","X":"638300.50000000000","Y":"9216525.30000000075","NAMOBJ":"Moropelang","WADMKC":"Babat","WADMKK":"Lamongan"},"geometry":{"type":"Point","coordinates":[112.3,-7.1]}},{"type":"Feature","properties":{"Line":"S118","Sp":"1912.50000000000","X":"638300.50000000000","Y":"9216475.30000000075","NAMOBJ":"Moropelang","WADMKC":"Babat","WADMKK":"Lamongan"},"geometry":{"type":"Point","coordinates":[112.3,-7.1]}},{"type":"Feature","properties":{"Line":"S118","Sp":"1916.50000000000","X":"638300.50000000000","Y":"9216425.30000000075","NAMOBJ":"Moropelang","WADMKC":"Babat","WADMKK":"Lamongan"},"geometry":{"type":"Point","coordinates":[112.3,-7.1]}},{"type":"Feature","properties":{"Line":"S118","Sp":"1920.50000000000","X":"638300.50000000000","Y":"9216375.30000000075","NAMOBJ":"Moropelang","WADMKC":"Babat","WADMKK":"Lamongan"},"geometry":{"type":"Point","coordinates":[112.3,-7.1]}},{"type":"Feature","properties":{"Line":"S118","Sp":"1924.50000000000","X":"638300.50000000000","Y":"9216325.30000000075","NAMOBJ":"Moropelang","WADMKC":"Babat","WADMKK":"Lamongan"},"geometry":{"type":"Point","coordinates":[112.3,-7.1]}},{"type":"Feature","properties":{"Line":"S103","Sp":"2192.50000000000","X":"639125.50000000000","Y":"9209800.30000000075","NAMOBJ":"Pangkatrejo","WADMKC":"Sugio","WADMKK":"Lamongan"},"geometry":{"type":"Point","coordinates":[112.3,-7.1]}},{"type":"Feature","properties":{"Line":"S103","Sp":"2196.50000000000","X":"639175.50000000000","Y":"9209800.30000000075","NAMOBJ":"Pangkatrejo","WADMKC":"Sugio","WADMKK":"Lamongan"},"geometry":{"type":"Point","coordinates":[112.3,-7.1]}},{"type":"Feature","properties":{"Line":"S103","Sp":"2200.50000000000","X":"639225.50000000000","Y":"9209800.30000000075","NAMOBJ":"Pangkatrejo","WADMKC":"Sugio","WADMKK":"Lamongan"},"geometry":{"type":"Point","coordinates":[112.3,-7.1]}},{"type":"Feature","properties":{"Line":"S103","Sp":"2204.50000000000","X":"639275.50000000000","Y":"9209800.30000000075","NAMOBJ":"Pangkatrejo","WADMKC":"Sugio","WADMKK":"Lamongan"},"geometry":{"type":"Point","coordinates":[112.3,-7.1]}},{"type":"Feature","properties":{"Line":"S103","Sp":"2208.50000000000","X":"639325.50000000000","Y":"9209800.30000000075","NAMOBJ":"Pangkatrejo","WADMKC":"Sugio","WADMKK":"Lamongan"},"geometry":{"type":"Point","coordinates":[112.3,-7.1]}},{"type":"Feature","properties":{"Line":"S103","Sp":"2212.50000000000","X":"639375.50000000000","Y":"9209800.30000000075","NAMOBJ":"Pangkatrejo","WADMKC":"Sugio","WADMKK":"Lamongan"},"geometry":{"type":"Point","coordinates":[112.3,-7.1]}},{"type":"Feature","properties":{"Line":"S103","Sp":"2216.50000000000","X":"639425.50000000000","Y":"9209800.30000000075","NAMOBJ":"Pangkatrejo","WADMKC":"Sugio","WADMKK":"Lamongan"},"geometry":{"type":"Point","coordinates":[112.3,-7.1]}},{"type":"Feature","properties":{"Line":"S103","Sp":"2220.50000000000","X":"639475.50000000000","Y":"9209800.30000000075","NAMOBJ":"Pangkatrejo","WADMKC":"Sugio","WADMKK":"Lamongan"},"geometry":{"type":"Point","coordinates":[112.3,-7.1]}},{"type":"Feature","properties":{"Line":"S103","Sp":"2224.50000000000","X":"639525.50000000000","Y":"9209800.30000000075","NAMOBJ":"Pangkatrejo","WADMKC":"Sugio","WADMKK":"Lamongan"},"geometry":{"type":"Point","coordinates":[112.3,-7.1]}},{"type":"Feature","properties":{"Line":"S103","Sp":"2228.50000000000","X":"639575.50000000000","Y":"9209800.30000000075","NAMOBJ":"Pangkatrejo","WADMKC":"Sugio","WADMKK":"Lamongan"},"geometry":{"type":"Point","coordinates":[112.3,-7.1]}},{"type":"Feature","properties":{"Line":"S103","Sp":"2232.50000000000","X":"639625.50000000000","Y":"9209800.30000000075","NAMOBJ":"Pangkatrejo","WADMKC":"Sugio","WADMKK":"Lamongan"},"geometry":{"type":"Point","coordinates":[112.3,-7.1]}},{"type":"Feature","properties":{"Line":"S103","Sp":"2236.50000000000","X":"639675.50000000000","Y":"9209800.30000000075","NAMOBJ":"Pangkatrejo","WADMKC":"Sugio","WADMKK":"Lamongan"},"geometry":{"type":"Point","coordinates":[112.3,-7.1]}},{"type":"Feature","properties":{"Line":"S103","Sp":"2240.50000000000","X":"639725.50000000000","Y":"9209800.30000000075","NAMOBJ":"Pangkatrejo","WADMKC":"Sugio","WADMKK":"Lamongan"},"geometry":{"type":"Point","coordinates":[112.3,-7.1]}},{"type":"Feature","properties":{"Line":"S103","Sp":"2244.50000000000","X":"639775.50000000000","Y":"9209800.30000000075","NAMOBJ":"Pangkatrejo","WADMKC":"Sugio","WADMKK":"Lamongan"},"geometry":{"type":"Point","coordinates":[112.3,-7.1]}},{"type":"Feature","properties":{"Line":"S103","Sp":"2248.50000000000","X":"639825.50000000000","Y":"9209800.30000000075","NAMOBJ":"Pangkatrejo","WADMKC":"Sugio","WADMKK":"Lamongan"},"geometry":{"type":"Point","coordinates":[112.3,-7.1]}},{"type":"Feature","properties":{"Line":"S103","Sp":"2252.50000000000","X":"639875.50000000000","Y":"9209800.30000000075","NAMOBJ":"Pangkatrejo","WADMKC":"Sugio","WADMKK":"Lamongan"},"geometry":{"type":"Point","coordinates":[112.3,-7.1]}},{"type":"Feature","properties":{"Line":"S103","Sp":"2256.50000000000","X":"639925.50000000000","Y":"9209800.30000000075","NAMOBJ":"Pangkatrejo","WADMKC":"Sugio","WADMKK":"Lamongan"},"geometry":{"type":"Point","coordinates":[112.3,-7.1]}},{"type":"Feature","properties":{"Line":"S103","Sp":"2260.50000000000","X":"639975.50000000000","Y":"9209800.30000000075","NAMOBJ":"Pangkatrejo","WADMKC":"Sugio","WADMKK":"Lamongan"},"geometry":{"type":"Point","coordinates":[112.3,-7.1]}},{"type":"Feature","properties":{"Line":"S105","Sp":"2260.50000000000","X":"639725.50000000000","Y":"9210800.30000000075","NAMOBJ":"Pangkatrejo","WADMKC":"Sugio","WADMKK":"Lamongan"},"geometry":{"type":"Point","coordinates":[112.3,-7.1]}},{"type":"Feature","properties":{"Line":"S105","Sp":"2264.50000000000","X":"639775.50000000000","Y":"9210800.30000000075","NAMOBJ":"Pangkatrejo","WADMKC":"Sugio","WADMKK":"Lamongan"},"geometry":{"type":"Point","coordinates":[112.3,-7.1]}},{"type":"Feature","properties":{"Line":"S105","Sp":"2268.50000000000","X":"639825.50000000000","Y":"9210800.30000000075","NAMOBJ":"Pangkatrejo","WADMKC":"Sugio","WADMKK":"Lamongan"},"geometry":{"type":"Point","coordinates":[112.3,-7.1]}},{"type":"Feature","properties":{"Line":"S105","Sp":"2272.50000000000","X":"639875.50000000000","Y":"9210800.30000000075","NAMOBJ":"Pangkatrejo","WADMKC":"Sugio","WADMKK":"Lamongan"},"geometry":{"type":"Point","coordinates":[112.3,-7.1]}},{"type":"Feature","properties":{"Line":"S105","Sp":"2276.50000000000","X":"639925.50000000000","Y":"9210800.30000000075","NAMOBJ":"Pangkatrejo","WADMKC":"Sugio","WADMKK":"Lamongan"},"geometry":{"type":"Point","coordinates":[112.3,-7.1]}},{"type":"Feature","properties":{"Line":"S105","Sp":"2280.50000000000","X":"639975.50000000000","Y":"9210800.30000000075","NAMOBJ":"Pangkatrejo","WADMKC":"Sugio","WADMKK":"Lamongan"},"geometry":{"type":"Point","coordinates":[112.3,-7.1]}},{"type":"Feature","properties":{"Line":"S105","Sp":"2284.50000000000","X":"640025.50000000000","Y":"9210800.30000000075","NAMOBJ":"Pangkatrejo","WADMKC":"Sugio","WADMKK":"Lamongan"},"geometry":{"type":"Point","coordinates":[112.3,-7.1]}},{"type":"Feature","properties":{"Line":"S105","Sp":"2288.50000000000","X":"640075.50000000000","Y":"9210800.30000000075","NAMOBJ":"Pangkatrejo","WADMKC":"Sugio","WADMKK":"Lamongan"},"geometry":{"type":"Point","coordinates":[112.3,-7.1]}},{"type":"Feature","properties":{"Line":"S120","Sp":"2424.50000000000","X":"639300.50000000000","Y":"9210025.30000000075","NAMOBJ":"Pangkatrejo","WADMKC":"Sugio","WADMKK":"Lamongan"},"geometry":{"type":"Point","coordinates":[112.3,-7.1]}},{"type":"Feature","properties":{"Line":"S120","Sp":"2428.50000000000","X":"639300.50000000000","Y":"9209975.30000000075","NAMOBJ":"Pangkatrejo","WADMKC":"Sugio","WADMKK":"Lamongan"},"geometry":{"type":"Point","coordinates":[112.3,-7.1]}},{"type":"Feature","properties":{"Line":"S120","Sp":"2432.50000000000","X":"639300.50000000000","Y":"9209925.30000000075","NAMOBJ":"Pangkatrejo","WADMKC":"Sugio","WADMKK":"Lamongan"},"geometry":{"type":"Point","coordinates":[112.3,-7.1]}},{"type":"Feature","properties":{"Line":"S120","Sp":"2436.50000000000","X":"639300.50000000000","Y":"9209875.30000000075","NAMOBJ":"Pangkatrejo","WADMKC":"Sugio","WADMKK":"Lamongan"},"geometry":{"type":"Point","coordinates":[112.3,-7.1]}},{"type":"Feature","properties":{"Line":"S120","Sp":"2440.50000000000","X":"639300.50000000000","Y":"9209825.30000000075","NAMOBJ":"Pangkatrejo","WADMKC":"Sugio","WADMKK":"Lamongan"},"geometry":{"type":"Point","coordinates":[112.3,-7.1]}},{"type":"Feature","properties":{"Line":"S120","Sp":"2444.50000000000","X":"639300.50000000000","Y":"9209775.30000000075","NAMOBJ":"Pangkatrejo","WADMKC":"Sugio","WADMKK":"Lamongan"},"geometry":{"type":"Point","coordinates":[112.3,-7.1]}},{"type":"Feature","properties":{"Line":"S120","Sp":"2448.50000000000","X":"639300.50000000000","Y":"9209725.30000000075","NAMOBJ":"Pangkatrejo","WADMKC":"Sugio","WADMKK":"Lamongan"},"geometry":{"type":"Point","coordinates":[112.3,-7.1]}},{"type":"Feature","properties":{"Line":"S120","Sp":"2452.50000000000","X":"639300.50000000000","Y":"9209675.30000000075","NAMOBJ":"Pangkatrejo","WADMKC":"Sugio","WADMKK":"Lamongan"},"geometry":{"type":"Point","coordinates":[112.3,-7.1]}},{"type":"Feature","properties":{"Line":"S120","Sp":"2456.50000000000","X":"639300.50000000000","Y":"9209625.30000000075","NAMOBJ":"Pangkatrejo","WADMKC":"Sugio","WADMKK":"Lamongan"},"geometry":{"type":"Point","coordinates":[112.3,-7.1]}},{"type":"Feature","properties":{"Line":"S120","Sp":"2460.50000000000","X":"639300.50000000000","Y":"9209575.30000000075","NAMOBJ":"Pangkatrejo","WADMKC":"Sugio","WADMKK":"Lamongan"},"geometry":{"type":"Point","coordinates":[112.3,-7.1]}},{"type":"Feature","properties":{"Line":"S120","Sp":"2464.50000000000","X":"639300.50000000000","Y":"9209525.30000000075","NAMOBJ":"Pangkatrejo","WADMKC":"Sugio","WADMKK":"Lamongan"},"geometry":{"type":"Point","coordinates":[112.3,-7.1]}},{"type":"Feature","properties":{"Line":"S122","Sp":"2420.50000000000","X":"640300.50000000000","Y":"9210625.30000000075","NAMOBJ":"Pangkatrejo","WADMKC":"Sugio","WADMKK":"Lamongan"},"geometry":{"type":"Point","coordinates":[112.3,-7.1]}},{"type":"Feature","properties":{"Line":"S122","Sp":"2424.50000000000","X":"640300.50000000000","Y":"9210575.30000000075","NAMOBJ":"Pangkatrejo","WADMKC":"Sugio","WADMKK":"Lamongan"},"geometry":{"type":"Point","coordinates":[112.3,-7.1]}},{"type":"Feature","properties":{"Line":"S122","Sp":"2428.50000000000","X":"640300.50000000000","Y":"9210525.30000000075","NAMOBJ":"Pangkatrejo","WADMKC":"Sugio","WADMKK":"Lamongan"},"geometry":{"type":"Point","coordinates":[112.3,-7.1]}},{"type":"Feature","properties":{"Line":"S122","Sp":"2432.50000000000","X":"640300.50000000000","Y":"9210475.30000000075","NAMOBJ":"Pangkatrejo","WADMKC":"Sugio","WADMKK":"Lamongan"},"geometry":{"type":"Point","coordinates":[112.3,-7.1]}},{"type":"Feature","properties":{"Line":"S122","Sp":"2436.50000000000","X":"640300.50000000000","Y":"9210425.30000000075","NAMOBJ":"Pangkatrejo","WADMKC":"Sugio","WADMKK":"Lamongan"},"geometry":{"type":"Point","coordinates":[112.3,-7.1]}},{"type":"Feature","properties":{"Line":"S122","Sp":"2440.50000000000","X":"640300.50000000000","Y":"9210375.30000000075","NAMOBJ":"Pangkatrejo","WADMKC":"Sugio","WADMKK":"Lamongan"},"geometry":{"type":"Point","coordinates":[112.3,-7.1]}},{"type":"Feature","properties":{"Line":"S122","Sp":"2444.50000000000","X":"640300.50000000000","Y":"9210325.30000000075","NAMOBJ":"Pangkatrejo","WADMKC":"Sugio","WADMKK":"Lamongan"},"geometry":{"type":"Point","coordinates":[112.3,-7.1]}},{"type":"Feature","properties":{"Line":"S122","Sp":"2448.50000000000","X":"640300.50000000000","Y":"9210275.30000000075","NAMOBJ":"Pangkatrejo","WADMKC":"Sugio","WADMKK":"Lamongan"},"geometry":{"type":"Point","coordinates":[112.3,-7.1]}},{"type":"Feature","properties":{"Line":"S122","Sp":"2452.50000000000","X":"640300.50000000000","Y":"9210225.30000000075","NAMOBJ":"Pangkatrejo","WADMKC":"Sugio","WADMKK":"Lamongan"},"geometry":{"type":"Point","coordinates":[112.3,-7.1]}},{"type":"Feature","properties":{"Line":"S122","Sp":"2456.50000000000","X":"640300.50000000000","Y":"9210175.30000000075","NAMOBJ":"Pangkatrejo","WADMKC":"Sugio","WADMKK":"Lamongan"},"geometry":{"type":"Point","coordinates":[112.3,-7.1]}},{"type":"Feature","properties":{"Line":"S113","Sp":"2184.50000000000","X":"639025.50000000000","Y":"9214800.30000000075","NAMOBJ":"Pucuk","WADMKC":"Pucuk","WADMKK":"Lamongan"},"geometry":{"type":"Point","coordinates":[112.3,-7.1]}},{"type":"Feature","properties":{"Line":"S113","Sp":"2188.50000000000","X":"639075.50000000000","Y":"9214800.30000000075","NAMOBJ":"Pucuk","WADMKC":"Pucuk","WADMKK":"Lamongan"},"geometry":{"type":"Point","coordinates":[112.3,-7.1]}},{"type":"Feature","properties":{"Line":"S113","Sp":"2192.50000000000","X":"639125.50000000000","Y":"9214800.30000000075","NAMOBJ":"Pucuk","WADMKC":"Pucuk","WADMKK":"Lamongan"},"geometry":{"type":"Point","coordinates":[112.3,-7.1]}},{"type":"Feature","properties":{"Line":"S113","Sp":"2196.50000000000","X":"639175.50000000000","Y":"9214800.30000000075","NAMOBJ":"Pucuk","WADMKC":"Pucuk","WADMKK":"Lamongan"},"geometry":{"type":"Point","coordinates":[112.3,-7.1]}},{"type":"Feature","properties":{"Line":"S113","Sp":"2200.50000000000","X":"639225.50000000000","Y":"9214800.30000000075","NAMOBJ":"Pucuk","WADMKC":"Pucuk","WADMKK":"Lamongan"},"geometry":{"type":"Point","coordinates":[112.3,-7.1]}},{"type":"Feature","properties":{"Line":"S113","Sp":"2204.50000000000","X":"639275.50000000000","Y":"9214800.30000000075","NAMOBJ":"Pucuk","WADMKC":"Pucuk","WADMKK":"Lamongan"},"geometry":{"type":"Point","coordinates":[112.3,-7.1]}},{"type":"Feature","properties":{"Line":"S113","Sp":"2208.50000000000","X":"639325.50000000000","Y":"9214800.30000000075","NAMOBJ":"Pucuk","WADMKC":"Pucuk","WADMKK":"Lamongan"},"geometry":{"type":"Point","coordinates":[112.3,-7.1]}},{"type":"Feature","properties":{"Line":"S113","Sp":"2212.50000000000","X":"639375.50000000000","Y":"9214800.30000000075","NAMOBJ":"Pucuk","WADMKC":"Pucuk","WADMKK":"Lamongan"},"geometry":{"type":"Point","coordinates":[112.3,-7.1]}},{"type":"Feature","properties":{"Line":"S113","Sp":"2216.50000000000","X":"639425.50000000000","Y":"9214800.30000000075","NAMOBJ":"Pucuk","WADMKC":"Pucuk","WADMKK":"Lamongan"},"geometry":{"type":"Point","coordinates":[112.3,-7.1]}},{"type":"Feature","properties":{"Line":"S113","Sp":"2220.50000000000","X":"639475.50000000000","Y":"9214800.30000000075","NAMOBJ":"Pucuk","WADMKC":"Pucuk","WADMKK":"Lamongan"},"geometry":{"type":"Point","coordinates":[112.3,-7.1]}},{"type":"Feature","properties":{"Line":"S113","Sp":"2224.50000000000","X":"639525.50000000000","Y":"9214800.30000000075","NAMOBJ":"Pucuk","WADMKC":"Pucuk","WADMKK":"Lamongan"},"geometry":{"type":"Point","coordinates":[112.3,-7.1]}},{"type":"Feature","properties":{"Line":"S113","Sp":"2228.50000000000","X":"639575.50000000000","Y":"9214800.30000000075","NAMOBJ":"Pucuk","WADMKC":"Pucuk","WADMKK":"Lamongan"},"geometry":{"type":"Point","coordinates":[112.3,-7.1]}},{"type":"Feature","properties":{"Line":"S113","Sp":"2232.50000000000","X":"639625.50000000000","Y":"9214800.30000000075","NAMOBJ":"Pucuk","WADMKC":"Pucuk","WADMKK":"Lamongan"},"geometry":{"type":"Point","coordinates":[112.3,-7.1]}},{"type":"Feature","properties":{"Line":"S113","Sp":"2236.50000000000","X":"639675.50000000000","Y":"9214800.30000000075","NAMOBJ":"Pucuk","WADMKC":"Pucuk","WADMKK":"Lamongan"},"geometry":{"type":"Point","coordinates":[112.3,-7.1]}},{"type":"Feature","properties":{"Line":"S113","Sp":"2240.50000000000","X":"639725.50000000000","Y":"9214800.30000000075","NAMOBJ":"Pucuk","WADMKC":"Pucuk","WADMKK":"Lamongan"},"geometry":{"type":"Point","coordinates":[112.3,-7.1]}},{"type":"Feature","properties":{"Line":"S113","Sp":"2244.50000000000","X":"639775.50000000000","Y":"9214800.30000000075","NAMOBJ":"Pucuk","WADMKC":"Pucuk","WADMKK":"Lamongan"},"geometry":{"type":"Point","coordinates":[112.3,-7.1]}},{"type":"Feature","properties":{"Line":"S113","Sp":"2248.50000000000","X":"639825.50000000000","Y":"9214800.30000000075","NAMOBJ":"Pucuk","WADMKC":"Pucuk","WADMKK":"Lamongan"},"geometry":{"type":"Point","coordinates":[112.3,-7.1]}},{"type":"Feature","properties":{"Line":"S113","Sp":"2252.50000000000","X":"639875.50000000000","Y":"9214800.30000000075","NAMOBJ":"Pucuk","WADMKC":"Pucuk","WADMKK":"Lamongan"},"geometry":{"type":"Point","coordinates":[112.3,-7.1]}},{"type":"Feature","properties":{"Line":"S113","Sp":"2256.50000000000","X":"639925.50000000000","Y":"9214800.30000000075","NAMOBJ":"Pucuk","WADMKC":"Pucuk","WADMKK":"Lamongan"},"geometry":{"type":"Point","coordinates":[112.3,-7.1]}},{"type":"Feature","properties":{"Line":"S113","Sp":"2260.50000000000","X":"639975.50000000000","Y":"9214800.30000000075","NAMOBJ":"Pucuk","WADMKC":"Pucuk","WADMKK":"Lamongan"},"geometry":{"type":"Point","coordinates":[112.3,-7.1]}},{"type":"Feature","properties":{"Line":"S113","Sp":"2264.50000000000","X":"640025.50000000000","Y":"9214800.30000000075","NAMOBJ":"Pucuk","WADMKC":"Pucuk","WADMKK":"Lamongan"},"geometry":{"type":"Point","coordinates":[112.3,-7.1]}},{"type":"Feature","properties":{"Line":"S113","Sp":"2268.50000000000","X":"640075.50000000000","Y":"9214800.30000000075","NAMOBJ":"Pucuk","WADMKC":"Pucuk","WADMKK":"Lamongan"},"geometry":{"type":"Point","coordinates":[112.3,-7.1]}},{"type":"Feature","properties":{"Line":"S115","Sp":"2184.50000000000","X":"639375.50000000000","Y":"9215800.30000000075","NAMOBJ":"Pucuk","WADMKC":"Pucuk","WADMKK":"Lamongan"},"geometry":{"type":"Point","coordinates":[112.3,-7.1]}},{"type":"Feature","properties":{"Line":"S115","Sp":"2188.50000000000","X":"639425.50000000000","Y":"9215800.30000000075","NAMOBJ":"Pucuk","WADMKC":"Pucuk","WADMKK":"Lamongan"},"geometry":{"type":"Point","coordinates":[112.3,-7.1]}},{"type":"Feature","properties":{"Line":"S115","Sp":"2192.50000000000","X":"639475.50000000000","Y":"9215800.30000000075","NAMOBJ":"Pucuk","WADMKC":"Pucuk","WADMKK":"Lamongan"},"geometry":{"type":"Point","coordinates":[112.3,-7.1]}},{"type":"Feature","properties":{"Line":"S115","Sp":"2196.50000000000","X":"639525.50000000000","Y":"9215800.30000000075","NAMOBJ":"Pucuk","WADMKC":"Pucuk","WADMKK":"Lamongan"},"geometry":{"type":"Point","coordinates":[112.3,-7.1]}},{"type":"Feature","properties":{"Line":"S115","Sp":"2200.50000000000","X":"639575.50000000000","Y":"9215800.30000000075","NAMOBJ":"Pucuk","WADMKC":"Pucuk","WADMKK":"Lamongan"},"geometry":{"type":"Point","coordinates":[112.3,-7.1]}},{"type":"Feature","properties":{"Line":"S115","Sp":"2204.50000000000","X":"639625.50000000000","Y":"9215800.30000000075","NAMOBJ":"Pucuk","WADMKC":"Pucuk","WADMKK":"Lamongan"},"geometry":{"type":"Point","coordinates":[112.3,-7.1]}},{"type":"Feature","properties":{"Line":"S115","Sp":"2208.50000000000","X":"639675.50000000000","Y":"9215800.30000000075","NAMOBJ":"Pucuk","WADMKC":"Pucuk","WADMKK":"Lamongan"},"geometry":{"type":"Point","coordinates":[112.3,-7.1]}},{"type":"Feature","properties":{"Line":"S115","Sp":"2212.50000000000","X":"639725.50000000000","Y":"9215800.30000000075","NAMOBJ":"Pucuk","WADMKC":"Pucuk","WADMKK":"Lamongan"},"geometry":{"type":"Point","coordinates":[112.3,-7.1]}},{"type":"Feature","properties":{"Line":"S115","Sp":"2216.50000000000","X":"639775.50000000000","Y":"9215800.30000000075","NAMOBJ":"Pucuk","WADMKC":"Pucuk","WADMKK":"Lamongan"},"geometry":{"type":"Point","coordinates":[112.3,-7.1]}},{"type":"Feature","properties":{"Line":"S115","Sp":"2220.50000000000","X":"639825.50000000000","Y":"9215800.30000000075","NAMOBJ":"Pucuk","WADMKC":"Pucuk","WADMKK":"Lamongan"},"geometry":{"type":"Point","coordinates":[112.3,-7.1]}},{"type":"Feature","properties":{"Line":"S115","Sp":"2224.50000000000","X":"639875.50000000000","Y":"9215800.30000000075","NAMOBJ":"Pucuk","WADMKC":"Pucuk","WADMKK":"Lamongan"},"geometry":{"type":"Point","coordinates":[112.3,-7.1]}},{"type":"Feature","properties":{"Line":"S115","Sp":"2228.50000000000","X":"639925.50000000000","Y":"9215800.30000000075","NAMOBJ":"Pucuk","WADMKC":"Pucuk","WADMKK":"Lamongan"},"geometry":{"type":"Point","coordinates":[112.3,-7.1]}},{"type":"Feature","properties":{"Line":"S117","Sp":"2280.50000000000","X":"640025.50000000000","Y":"9216800.30000000075","NAMOBJ":"Pucuk","WADMKC":"Pucuk","WADMKK":"Lamongan"},"geometry":{"type":"Point","coordinates":[112.3,-7.1]}},{"type":"Feature","properties":{"Line":"S117","Sp":"2284.50000000000","X":"640075.50000000000","Y":"9216800.30000000075","NAMOBJ":"Pucuk","WADMKC":"Pucuk","WADMKK":"Lamongan"},"geometry":{"type":"Point","coordinates":[112.3,-7.1]}},{"type":"Feature","properties":{"Line":"S117","Sp":"2288.50000000000","X":"640125.50000000000","Y":"9216800.30000000075","NAMOBJ":"Pucuk","WADMKC":"Pucuk","WADMKK":"Lamongan"},"geometry":{"type":"Point","coordinates":[112.3,-7.1]}},{"type":"Feature","properties":{"Line":"S117","Sp":"2292.50000000000","X":"640175.50000000000","Y":"9216800.30000000075","NAMOBJ":"Pucuk","WADMKC":"Pucuk","WADMKK":"Lamongan"},"geometry":{"type":"Point","coordinates":[112.3,-7.1]}},{"type":"Feature","properties":{"Line":"S120","Sp":"1984.50000000000","X":"639300.50000000000","Y":"9215525.30000000075","NAMOBJ":"Pucuk","WADMKC":"Pucuk","WADMKK":"Lamongan"},"geometry":{"type":"Point","coordinates":[112.3,-7.1]}},{"type":"Feature","properties":{"Line":"S120","Sp":"1988.50000000000","X":"639300.50000000000","Y":"9215475.30000000075","NAMOBJ":"Pucuk","WADMKC":"Pucuk","WADMKK":"Lamongan"},"geometry":{"type":"Point","coordinates":[112.3,-7.1]}},{"type":"Feature","properties":{"Line":"S120","Sp":"1992.50000000000","X":"639300.50000000000","Y":"9215425.30000000075","NAMOBJ":"Pucuk","WADMKC":"Pucuk","WADMKK":"Lamongan"},"geometry":{"type":"Point","coordinates":[112.3,-7.1]}},{"type":"Feature","properties":{"Line":"S120","Sp":"1996.50000000000","X":"639300.50000000000","Y":"9215375.30000000075","NAMOBJ":"Pucuk","WADMKC":"Pucuk","WADMKK":"Lamongan"},"geometry":{"type":"Point","coordinates":[112.3,-7.1]}},{"type":"Feature","properties":{"Line":"S120","Sp":"2000.50000000000","X":"639300.50000000000","Y":"9215325.30000000075","NAMOBJ":"Pucuk","WADMKC":"Pucuk","WADMKK":"Lamongan"},"geometry":{"type":"Point","coordinates":[112.3,-7.1]}},{"type":"Feature","properties":{"Line":"S120","Sp":"2004.50000000000","X":"639300.50000000000","Y":"9215275.30000000075","NAMOBJ":"Pucuk","WADMKC":"Pucuk","WADMKK":"Lamongan"},"geometry":{"type":"Point","coordinates":[112.3,-7.1]}},{"type":"Feature","properties":{"Line":"S120","Sp":"2008.50000000000","X":"639300.50000000000","Y":"9215225.30000000075","NAMOBJ":"Pucuk","WADMKC":"Pucuk","WADMKK":"Lamongan"},"geometry":{"type":"Point","coordinates":[112.3,-7.1]}},{"type":"Feature","properties":{"Line":"S120","Sp":"2012.50000000000","X":"639300.50000000000","Y":"9215175.30000000075","NAMOBJ":"Pucuk","WADMKC":"Pucuk","WADMKK":"Lamongan"},"geometry":{"type":"Point","coordinates":[112.3,-7.1]}},{"type":"Feature","properties":{"Line":"S120","Sp":"2016.50000000000","X":"639300.50000000000","Y":"9215125.30000000075","NAMOBJ":"Pucuk","WADMKC":"Pucuk","WADMKK":"Lamongan"},"geometry":{"type":"Point","coordinates":[112.3,-7.1]}},{"type":"Feature","properties":{"Line":"S120","Sp":"2020.50000000000","X":"639300.50000000000","Y":"9215075.30000000075","NAMOBJ":"Pucuk","WADMKC":"Pucuk","WADMKK":"Lamongan"},"geometry":{"type":"Point","coordinates":[112.3,-7.1]}},{"type":"Feature","properties":{"Line":"S120","Sp":"2024.50000000000","X":"639300.50000000000","Y":"9215025.30000000075","NAMOBJ":"Pucuk","WADMKC":"Pucuk","WADMKK":"Lamongan"},"geometry":{"type":"Point","coordinates":[112.3,-7.1]}},{"type":"Feature","properties":{"Line":"S120","Sp":"2028.50000000000","X":"639300.50000000000","Y":"9214975.30000000075","NAMOBJ":"Pucuk","WADMKC":"Pucuk","WADMKK":"Lamongan"},"geometry":{"type":"Point","coordinates":[112.3,-7.1]}},{"type":"Feature","properties":{"Line":"S120","Sp":"2032.50000000000","X":"639300.50000000000","Y":"9214925.30000000075","NAMOBJ":"Pucuk","WADMKC":"Pucuk","WADMKK":"Lamongan"},"geometry":{"type":"Point","coordinates":[112.3,-7.1]}},{"type":"Feature","properties":{"Line":"S120","Sp":"2036.50000000000","X":"639300.50000000000","Y":"9214875.30000000075","NAMOBJ":"Pucuk","WADMKC":"Pucuk","WADMKK":"Lamongan"},"geometry":{"type":"Point","coordinates":[112.3,-7.1]}},{"type":"Feature","properties":{"Line":"S120","Sp":"2040.50000000000","X":"639300.50000000000","Y":"9214825.30000000075","NAMOBJ":"Pucuk","WADMKC":"Pucuk","WADMKK":"Lamongan"},"geometry":{"type":"Point","coordinates":[112.3,-7.1]}},{"type":"Feature","properties":{"Line":"S120","Sp":"2044.50000000000","X":"639300.50000000000","Y":"9214775.30000000075","NAMOBJ":"Pucuk","WADMKC":"Pucuk","WADMKK":"Lamongan"},"geometry":{"type":"Point","coordinates":[112.3,-7.1]}},{"type":"Feature","properties":{"Line":"S120","Sp":"2048.50000000000","X":"639300.50000000000","Y":"9214725.30000000075","NAMOBJ":"Pucuk","WADMKC":"Pucuk","WADMKK":"Lamongan"},"geometry":{"type":"Point","coordinates":[112.3,-7.1]}},{"type":"Feature","properties":{"Line":"S120","Sp":"2052.50000000000","X":"639300.50000000000","Y":"9214675.30000000075","NAMOBJ":"Pucuk","WADMKC":"Pucuk","WADMKK":"Lamongan"},"geometry":{"type":"Point","coordinates":[112.3,-7.1]}},{"type":"Feature","properties":{"Line":"S120","Sp":"2056.50000000000","X":"639300.50000000000","Y":"9214625.30000000075","NAMOBJ":"Pucuk","WADMKC":"Pucuk","WADMKK":"Lamongan"},"geometry":{"type":"Point","coordinates":[112.3,-7.1]}},{"type":"Feature","properties":{"Line":"S120","Sp":"2060.50000000000","X":"639300.50000000000","Y":"9214575.30000000075","NAMOBJ":"Pucuk","WADMKC":"Pucuk","WADMKK":"Lamongan"},"geometry":{"type":"Point","coordinates":[112.3,-7.1]}},{"type":"Feature","properties":{"Line":"S120","Sp":"2064.50000000000","X":"639300.50000000000","Y":"9214525.30000000075","NAMOBJ":"Pucuk","WADMKC":"Pucuk","WADMKK":"Lamongan"},"geometry":{"type":"Point","coordinates":[112.3,-7.1]}},{"type":"Feature","properties":{"Line":"S120","Sp":"2068.50000000000","X":"639300.50000000000","Y":"9214475.30000000075","NAMOBJ":"Pucuk","WADMKC":"Pucuk","WADMKK":"Lamongan"},"geometry":{"type":"Point","coordinates":[112.3,-7.1]}},{"type":"Feature","properties":{"Line":"S107","Sp":"2188.50000000000","X":"638075.50000000000","Y":"9211800.30000000075","NAMOBJ":"Sambangan","WADMKC":"Babat","WADMKK":"Lamongan"},"geometry":{"type":"Point","coordinates":[112.3,-7.1]}},{"type":"Feature","properties":{"Line":"S107","Sp":"2192.50000000000","X":"638125.50000000000","Y":"9211800.30000000075","NAMOBJ":"Sambangan","WADMKC":"Babat","WADMKK":"Lamongan"},"geometry":{"type":"Point","coordinates":[112.3,-7.1]}},{"type":"Feature","properties":{"Line":"S107","Sp":"2196.50000000000","X":"638175.50000000000","Y":"9211800.30000000075","NAMOBJ":"Sambangan","WADMKC":"Babat","WADMKK":"Lamongan"},"geometry":{"type":"Point","coordinates":[112.3,-7.1]}},{"type":"Feature","properties":{"Line":"S107","Sp":"2200.50000000000","X":"638225.50000000000","Y":"9211800.30000000075","NAMOBJ":"Sambangan","WADMKC":"Babat","WADMKK":"Lamongan"},"geometry":{"type":"Point","coordinates":[112.3,-7.1]}},{"type":"Feature","properties":{"Line":"S107","Sp":"2204.50000000000","X":"638275.50000000000","Y":"9211800.30000000075","NAMOBJ":"Sambangan","WADMKC":"Babat","WADMKK":"Lamongan"},"geometry":{"type":"Point","coordinates":[112.3,-7.1]}},{"type":"Feature","properties":{"Line":"S107","Sp":"2208.50000000000","X":"638325.50000000000","Y":"9211800.30000000075","NAMOBJ":"Sambangan","WADMKC":"Babat","WADMKK":"Lamongan"},"geometry":{"type":"Point","coordinates":[112.3,-7.1]}},{"type":"Feature","properties":{"Line":"S107","Sp":"2212.50000000000","X":"638375.50000000000","Y":"9211800.30000000075","NAMOBJ":"Sambangan","WADMKC":"Babat","WADMKK":"Lamongan"},"geometry":{"type":"Point","coordinates":[112.3,-7.1]}},{"type":"Feature","properties":{"Line":"S107","Sp":"2216.50000000000","X":"638425.50000000000","Y":"9211800.30000000075","NAMOBJ":"Sambangan","WADMKC":"Babat","WADMKK":"Lamongan"},"geometry":{"type":"Point","coordinates":[112.3,-7.1]}},{"type":"Feature","properties":{"Line":"S107","Sp":"2220.50000000000","X":"638475.50000000000","Y":"9211800.30000000075","NAMOBJ":"Sambangan","WADMKC":"Babat","WADMKK":"Lamongan"},"geometry":{"type":"Point","coordinates":[112.3,-7.1]}},{"type":"Feature","properties":{"Line":"S107","Sp":"2224.50000000000","X":"638525.50000000000","Y":"9211800.30000000075","NAMOBJ":"Sambangan","WADMKC":"Babat","WADMKK":"Lamongan"},"geometry":{"type":"Point","coordinates":[112.3,-7.1]}},{"type":"Feature","properties":{"Line":"S107","Sp":"2228.50000000000","X":"638575.50000000000","Y":"9211800.30000000075","NAMOBJ":"Sambangan","WADMKC":"Babat","WADMKK":"Lamongan"},"geometry":{"type":"Point","coordinates":[112.3,-7.1]}},{"type":"Feature","properties":{"Line":"S107","Sp":"2232.50000000000","X":"638625.50000000000","Y":"9211800.30000000075","NAMOBJ":"Sambangan","WADMKC":"Babat","WADMKK":"Lamongan"},"geometry":{"type":"Point","coordinates":[112.3,-7.1]}},{"type":"Feature","properties":{"Line":"S107","Sp":"2236.50000000000","X":"638675.50000000000","Y":"9211800.30000000075","NAMOBJ":"Sambangan","WADMKC":"Babat","WADMKK":"Lamongan"},"geometry":{"type":"Point","coordinates":[112.3,-7.1]}},{"type":"Feature","properties":{"Line":"S107","Sp":"2240.50000000000","X":"638725.50000000000","Y":"9211800.30000000075","NAMOBJ":"Sambangan","WADMKC":"Babat","WADMKK":"Lamongan"},"geometry":{"type":"Point","coordinates":[112.3,-7.1]}},{"type":"Feature","properties":{"Line":"S107","Sp":"2244.50000000000","X":"638775.50000000000","Y":"9211800.30000000075","NAMOBJ":"Sambangan","WADMKC":"Babat","WADMKK":"Lamongan"},"geometry":{"type":"Point","coordinates":[112.3,-7.1]}},{"type":"Feature","properties":{"Line":"S107","Sp":"2248.50000000000","X":"638825.50000000000","Y":"9211800.30000000075","NAMOBJ":"Sambangan","WADMKC":"Babat","WADMKK":"Lamongan"},"geometry":{"type":"Point","coordinates":[112.3,-7.1]}},{"type":"Feature","properties":{"Line":"S107","Sp":"2252.50000000000","X":"638875.50000000000","Y":"9211800.30000000075","NAMOBJ":"Sambangan","WADMKC":"Babat","WADMKK":"Lamongan"},"geometry":{"type":"Point","coordinates":[112.3,-7.1]}},{"type":"Feature","properties":{"Line":"S107","Sp":"2256.50000000000","X":"638925.50000000000","Y":"9211800.30000000075","NAMOBJ":"Sambangan","WADMKC":"Babat","WADMKK":"Lamongan"},"geometry":{"type":"Point","coordinates":[112.3,-7.1]}},{"type":"Feature","properties":{"Line":"S118","Sp":"2256.50000000000","X":"638300.50000000000","Y":"9212175.30000000075","NAMOBJ":"Sambangan","WADMKC":"Babat","WADMKK":"Lamongan"},"geometry":{"type":"Point","coordinates":[112.3,-7.1]}},{"type":"Feature","properties":{"Line":"S118","Sp":"2260.50000000000","X":"638300.50000000000","Y":"9212125.30000000075","NAMOBJ":"Sambangan","WADMKC":"Babat","WADMKK":"Lamongan"},"geometry":{"type":"Point","coordinates":[112.3,-7.1]}},{"type":"Feature","properties":{"Line":"S118","Sp":"2264.50000000000","X":"638300.50000000000","Y":"9212075.30000000075","NAMOBJ":"Sambangan","WADMKC":"Babat","WADMKK":"Lamongan"},"geometry":{"type":"Point","coordinates":[112.3,-7.1]}},{"type":"Feature","properties":{"Line":"S118","Sp":"2268.50000000000","X":"638300.50000000000","Y":"9212025.30000000075","NAMOBJ":"Sambangan","WADMKC":"Babat","WADMKK":"Lamongan"},"geometry":{"type":"Point","coordinates":[112.3,-7.1]}},{"type":"Feature","properties":{"Line":"S118","Sp":"2272.50000000000","X":"638300.50000000000","Y":"9211975.30000000075","NAMOBJ":"Sambangan","WADMKC":"Babat","WADMKK":"Lamongan"},"geometry":{"type":"Point","coordinates":[112.3,-7.1]}},{"type":"Feature","properties":{"Line":"S118","Sp":"2276.50000000000","X":"638300.50000000000","Y":"9211925.30000000075","NAMOBJ":"Sambangan","WADMKC":"Babat","WADMKK":"Lamongan"},"geometry":{"type":"Point","coordinates":[112.3,-7.1]}},{"type":"Feature","properties":{"Line":"S118","Sp":"2280.50000000000","X":"638300.50000000000","Y":"9211875.30000000075","NAMOBJ":"Sambangan","WADMKC":"Babat","WADMKK":"Lamongan"},"geometry":{"type":"Point","coordinates":[112.3,-7.1]}},{"type":"Feature","properties":{"Line":"S118","Sp":"2284.50000000000","X":"638300.50000000000","Y":"9211825.30000000075","NAMOBJ":"Sambangan","WADMKC":"Babat","WADMKK":"Lamongan"},"geometry":{"type":"Point","coordinates":[112.3,-7.1]}},{"type":"Feature","properties":{"Line":"S118","Sp":"2288.50000000000","X":"638300.50000000000","Y":"9211775.30000000075","NAMOBJ":"Sambangan","WADMKC":"Babat","WADMKK":"Lamongan"},"geometry":{"type":"Point","coordinates":[112.3,-7.1]}},{"type":"Feature","properties":{"Line":"S118","Sp":"2292.50000000000","X":"638300.50000000000","Y":"9211725.30000000075","NAMOBJ":"Sambangan","WADMKC":"Babat","WADMKK":"Lamongan"},"geometry":{"type":"Point","coordinates":[112.3,-7.1]}},{"type":"Feature","properties":{"Line":"S118","Sp":"2296.50000000000","X":"638300.50000000000","Y":"9211675.30000000075","NAMOBJ":"Sambangan","WADMKC":"Babat","WADMKK":"Lamongan"},"geometry":{"type":"Point","coordinates":[112.3,-7.1]}},{"type":"Feature","properties":{"Line":"S118","Sp":"2300.50000000000","X":"638300.50000000000","Y":"9211625.30000000075","NAMOBJ":"Sambangan","WADMKC":"Babat","WADMKK":"Lamongan"},"geometry":{"type":"Point","coordinates":[112.3,-7.1]}},{"type":"Feature","properties":{"Line":"S118","Sp":"2304.50000000000","X":"638300.50000000000","Y":"9211575.30000000075","NAMOBJ":"Sambangan","WADMKC":"Babat","WADMKK":"Lamongan"},"geometry":{"type":"Point","coordinates":[112.3,-7.1]}},{"type":"Feature","properties":{"Line":"S118","Sp":"2308.50000000000","X":"638300.50000000000","Y":"9211525.30000000075","NAMOBJ":"Sambangan","WADMKC":"Babat","WADMKK":"Lamongan"},"geometry":{"type":"Point","coordinates":[112.3,-7.1]}},{"type":"Feature","properties":{"Line":"S118","Sp":"2312.50000000000","X":"638300.50000000000","Y":"9211475.30000000075","NAMOBJ":"Sambangan","WADMKC":"Babat","WADMKK":"Lamongan"},"geometry":{"type":"Point","coordinates":[112.3,-7.1]}},{"type":"Feature","properties":{"Line":"S118","Sp":"2316.50000000000","X":"638300.50000000000","Y":"9211425.30000000075","NAMOBJ":"Sambangan","WADMKC":"Babat","WADMKK":"Lamongan"},"geometry":{"type":"Point","coordinates":[112.3,-7.1]}},{"type":"Feature","properties":{"Line":"S118","Sp":"2320.50000000000","X":"638300.50000000000","Y":"9211375.30000000075","NAMOBJ":"Sambangan","WADMKC":"Babat","WADMKK":"Lamongan"},"geometry":{"type":"Point","coordinates":[112.3,-7.1]}},{"type":"Feature","properties":{"Line":"S118","Sp":"2324.50000000000","X":"638300.50000000000","Y":"9211325.30000000075","NAMOBJ":"Sambangan","WADMKC":"Babat","WADMKK":"Lamongan"},"geometry":{"type":"Point","coordinates":[112.3,-7.1]}},{"type":"Feature","properties":{"Line":"S118","Sp":"2328.50000000000","X":"638300.50000000000","Y":"9211275.30000000075","NAMOBJ":"Sambangan","WADMKC":"Babat","WADMKK":"Lamongan"},"geometry":{"type":"Point","coordinates":[112.3,-7.1]}},{"type":"Feature","properties":{"Line":"S118","Sp":"2332.50000000000","X":"638300.50000000000","Y":"9211225.30000000075","NAMOBJ":"Sambangan","WADMKC":"Babat","WADMKK":"Lamongan"},"geometry":{"type":"Point","coordinates":[112.3,-7.1]}},{"type":"Feature","properties":{"Line":"S118","Sp":"2336.50000000000","X":"638300.50000000000","Y":"9211175.30000000075","NAMOBJ":"Sambangan","WADMKC":"Babat","WADMKK":"Lamongan"},"geometry":{"type":"Point","coordinates":[112.3,-7.1]}},{"type":"Feature","properties":{"Line":"S118","Sp":"2340.50000000000","X":"638300.50000000000","Y":"9211125.30000000075","NAMOBJ":"Sambangan","WADMKC":"Babat","WADMKK":"Lamongan"},"geometry":{"type":"Point","coordinates":[112.3,-7.1]}},{"type":"Feature","properties":{"Line":"S118","Sp":"2344.50000000000","X":"638300.50000000000","Y":"9211075.30000000075","NAMOBJ":"Sambangan","WADMKC":"Babat","WADMKK":"Lamongan"},"geometry":{"type":"Point","coordinates":[112.3,-7.1]}},{"type":"Feature","properties":{"Line":"S118","Sp":"2348.50000000000","X":"638300.50000000000","Y":"9211025.30000000075","NAMOBJ":"Sambangan","WADMKC":"Babat","WADMKK":"Lamongan"},"geometry":{"type":"Point","coordinates":[112.3,-7.1]}},{"type":"Feature","properties":{"Line":"S118","Sp":"1588.50000000000","X":"638300.50000000000","Y":"9220525.30000000075","NAMOBJ":"Sekaran","WADMKC":"Sekaran","WADMKK":"Lamongan"},"geometry":{"type":"Point","coordinates":[112.3,-7.1]}},{"type":"Feature","properties":{"Line":"S118","Sp":"1592.50000000000","X":"638300.50000000000","Y":"9220475.30000000075","NAMOBJ":"Sekaran","WADMKC":"Sekaran","WADMKK":"Lamongan"},"geometry":{"type":"Point","coordinates":[112.3,-7.1]}},{"type":"Feature","properties":{"Line":"S118","Sp":"1596.50000000000","X":"638300.50000000000","Y":"9220425.30000000075","NAMOBJ":"Sekaran","WADMKC":"Sekaran","WADMKK":"Lamongan"},"geometry":{"type":"Point","coordinates":[112.3,-7.1]}},{"type":"Feature","properties":{"Line":"S118","Sp":"1600.50000000000","X":"638300.50000000000","Y":"9220375.30000000075","NAMOBJ":"Sekaran","WADMKC":"Sekaran","WADMKK":"Lamongan"},"geometry":{"type":"Point","coordinates":[112.3,-7.1]}},{"type":"Feature","properties":{"Line":"S118","Sp":"1604.50000000000","X":"638300.50000000000","Y":"9220325.30000000075","NAMOBJ":"Sekaran","WADMKC":"Sekaran","WADMKK":"Lamongan"},"geometry":{"type":"Point","coordinates":[112.3,-7.1]}},{"type":"Feature","properties":{"Line":"S118","Sp":"1608.50000000000","X":"638300.50000000000","Y":"9220275.30000000075","NAMOBJ":"Sekaran","WADMKC":"Sekaran","WADMKK":"Lamongan"},"geometry":{"type":"Point","coordinates":[112.3,-7.1]}},{"type":"Feature","properties":{"Line":"S124","Sp":"1672.50000000000","X":"641300.50000000000","Y":"9220525.30000000075","NAMOBJ":"Siman","WADMKC":"Sekaran","WADMKK":"Lamongan"},"geometry":{"type":"Point","coordinates":[112.3,-7.1]}},{"type":"Feature","properties":{"Line":"S124","Sp":"1676.50000000000","X":"641300.50000000000","Y":"9220475.30000000075","NAMOBJ":"Siman","WADMKC":"Sekaran","WADMKK":"Lamongan"},"geometry":{"type":"Point","coordinates":[112.3,-7.1]}},{"type":"Feature","properties":{"Line":"S124","Sp":"1680.50000000000","X":"641300.50000000000","Y":"9220425.30000000075","NAMOBJ":"Siman","WADMKC":"Sekaran","WADMKK":"Lamongan"},"geometry":{"type":"Point","coordinates":[112.3,-7.1]}},{"type":"Feature","properties":{"Line":"S124","Sp":"1684.50000000000","X":"641300.50000000000","Y":"9220375.30000000075","NAMOBJ":"Siman","WADMKC":"Sekaran","WADMKK":"Lamongan"},"geometry":{"type":"Point","coordinates":[112.3,-7.1]}},{"type":"Feature","properties":{"Line":"S124","Sp":"1688.50000000000","X":"641300.50000000000","Y":"9220325.30000000075","NAMOBJ":"Siman","WADMKC":"Sekaran","WADMKK":"Lamongan"},"geometry":{"type":"Point","coordinates":[112.3,-7.1]}},{"type":"Feature","properties":{"Line":"S124","Sp":"1692.50000000000","X":"641300.50000000000","Y":"9220275.30000000075","NAMOBJ":"Siman","WADMKC":"Sekaran","WADMKK":"Lamongan"},"geometry":{"type":"Point","coordinates":[112.3,-7.1]}},{"type":"Feature","properties":{"Line":"S124","Sp":"1696.50000000000","X":"641300.50000000000","Y":"9220225.30000000075","NAMOBJ":"Siman","WADMKC":"Sekaran","WADMKK":"Lamongan"},"geometry":{"type":"Point","coordinates":[112.3,-7.1]}},{"type":"Feature","properties":{"Line":"S124","Sp":"1700.50000000000","X":"641300.50000000000","Y":"9220175.30000000075","NAMOBJ":"Siman","WADMKC":"Sekaran","WADMKK":"Lamongan"},"geometry":{"type":"Point","coordinates":[112.3,-7.1]}},{"type":"Feature","properties":{"Line":"S124","Sp":"1704.50000000000","X":"641300.50000000000","Y":"9220125.30000000075","NAMOBJ":"Siman","WADMKC":"Sekaran","WADMKK":"Lamongan"},"geometry":{"type":"Point","coordinates":[112.3,-7.1]}},{"type":"Feature","properties":{"Line":"S124","Sp":"1708.50000000000","X":"641300.50000000000","Y":"9220075.30000000075","NAMOBJ":"Siman","WADMKC":"Sekaran","WADMKK":"Lamongan"},"geometry":{"type":"Point","coordinates":[112.3,-7.1]}},{"type":"Feature","properties":{"Line":"S124","Sp":"1712.50000000000","X":"641300.50000000000","Y":"9220025.30000000075","NAMOBJ":"Siman","WADMKC":"Sekaran","WADMKK":"Lamongan"},"geometry":{"type":"Point","coordinates":[112.3,-7.1]}},{"type":"Feature","properties":{"Line":"S124","Sp":"1716.50000000000","X":"641300.50000000000","Y":"9219975.30000000075","NAMOBJ":"Siman","WADMKC":"Sekaran","WADMKK":"Lamongan"},"geometry":{"type":"Point","coordinates":[112.3,-7.1]}},{"type":"Feature","properties":{"Line":"S124","Sp":"1720.50000000000","X":"641300.50000000000","Y":"9219925.30000000075","NAMOBJ":"Siman","WADMKC":"Sekaran","WADMKK":"Lamongan"},"geometry":{"type":"Point","coordinates":[112.3,-7.1]}},{"type":"Feature","properties":{"Line":"S124","Sp":"1724.50000000000","X":"641300.50000000000","Y":"9219875.30000000075","NAMOBJ":"Siman","WADMKC":"Sekaran","WADMKK":"Lamongan"},"geometry":{"type":"Point","coordinates":[112.3,-7.1]}},{"type":"Feature","properties":{"Line":"S113","Sp":"2108.50000000000","X":"638075.50000000000","Y":"9214800.30000000075","NAMOBJ":"Tritunggal","WADMKC":"Babat","WADMKK":"Lamongan"},"geometry":{"type":"Point","coordinates":[112.3,-7.1]}},{"type":"Feature","properties":{"Line":"S113","Sp":"2112.50000000000","X":"638125.50000000000","Y":"9214800.30000000075","NAMOBJ":"Tritunggal","WADMKC":"Babat","WADMKK":"Lamongan"},"geometry":{"type":"Point","coordinates":[112.3,-7.1]}},{"type":"Feature","properties":{"Line":"S113","Sp":"2116.50000000000","X":"638175.50000000000","Y":"9214800.30000000075","NAMOBJ":"Tritunggal","WADMKC":"Babat","WADMKK":"Lamongan"},"geometry":{"type":"Point","coordinates":[112.3,-7.1]}},{"type":"Feature","properties":{"Line":"S113","Sp":"2120.50000000000","X":"638225.50000000000","Y":"9214800.30000000075","NAMOBJ":"Tritunggal","WADMKC":"Babat","WADMKK":"Lamongan"},"geometry":{"type":"Point","coordinates":[112.3,-7.1]}},{"type":"Feature","properties":{"Line":"S113","Sp":"2124.50000000000","X":"638275.50000000000","Y":"9214800.30000000075","NAMOBJ":"Tritunggal","WADMKC":"Babat","WADMKK":"Lamongan"},"geometry":{"type":"Point","coordinates":[112.3,-7.1]}},{"type":"Feature","properties":{"Line":"S113","Sp":"2128.50000000000","X":"638325.50000000000","Y":"9214800.30000000075","NAMOBJ":"Tritunggal","WADMKC":"Babat","WADMKK":"Lamongan"},"geometry":{"type":"Point","coordinates":[112.3,-7.1]}},{"type":"Feature","properties":{"Line":"S113","Sp":"2132.50000000000","X":"638375.50000000000","Y":"9214800.30000000075","NAMOBJ":"Tritunggal","WADMKC":"Babat","WADMKK":"Lamongan"},"geometry":{"type":"Point","coordinates":[112.3,-7.1]}},{"type":"Feature","properties":{"Line":"S113","Sp":"2136.50000000000","X":"638425.50000000000","Y":"9214800.30000000075","NAMOBJ":"Tritunggal","WADMKC":"Babat","WADMKK":"Lamongan"},"geometry":{"type":"Point","coordinates":[112.3,-7.1]}},{"type":"Feature","properties":{"Line":"S113","Sp":"2140.50000000000","X":"638475.50000000000","Y":"9214800.30000000075","NAMOBJ":"Tritunggal","WADMKC":"Babat","WADMKK":"Lamongan"},"geometry":{"type":"Point","coordinates":[112.3,-7.1]}},{"type":"Feature","properties":{"Line":"S113","Sp":"2144.50000000000","X":"638525.50000000000","Y":"9214800.30000000075","NAMOBJ":"Tritunggal","WADMKC":"Babat","WADMKK":"Lamongan"},"geometry":{"type":"Point","coordinates":[112.3,-7.1]}},{"type":"Feature","properties":{"Line":"S113","Sp":"2148.50000000000","X":"638575.50000000000","Y":"9214800.30000000075","NAMOBJ":"Tritunggal","WADMKC":"Babat","WADMKK":"Lamongan"},"geometry":{"type":"Point","coordinates":[112.3,-7.1]}},{"type":"Feature","properties":{"Line":"S113","Sp":"2152.50000000000","X":"638625.50000000000","Y":"9214800.30000000075","NAMOBJ":"Tritunggal","WADMKC":"Babat","WADMKK":"Lamongan"},"geometry":{"type":"Point","coordinates":[112.3,-7.1]}},{"type":"Feature","properties":{"Line":"S113","Sp":"2156.50000000000","X":"638675.50000000000","Y":"9214800.30000000075","NAMOBJ":"Tritunggal","WADMKC":"Babat","WADMKK":"Lamongan"},"geometry":{"type":"Point","coordinates":[112.3,-7.1]}},{"type":"Feature","properties":{"Line":"S113","Sp":"2160.50000000000","X":"638725.50000000000","Y":"9214800.30000000075","NAMOBJ":"Tritunggal","WADMKC":"Babat","WADMKK":"Lamongan"},"geometry":{"type":"Point","coordinates":[112.3,-7.1]}},{"type":"Feature","properties":{"Line":"S113","Sp":"2164.50000000000","X":"638775.50000000000","Y":"9214800.30000000075","NAMOBJ":"Tritunggal","WADMKC":"Babat","WADMKK":"Lamongan"},"geometry":{"type":"Point","coordinates":[112.3,-7.1]}},{"type":"Feature","properties":{"Line":"S113","Sp":"2168.50000000000","X":"638825.50000000000","Y":"9214800.30000000075","NAMOBJ":"Tritunggal","WADMKC":"Babat","WADMKK":"Lamongan"},"geometry":{"type":"Point","coordinates":[112.3,-7.1]}},{"type":"Feature","properties":{"Line":"S113","Sp":"2172.50000000000","X":"638875.50000000000","Y":"9214800.30000000075","NAMOBJ":"Tritunggal","WADMKC":"Babat","WADMKK":"Lamongan"},"geometry":{"type":"Point","coordinates":[112.3,-7.1]}},{"type":"Feature","properties":{"Line":"S115","Sp":"2092.50000000000","X":"638225.50000000000","Y":"9215800.30000000075","NAMOBJ":"Tritunggal","WADMKC":"Babat","WADMKK":"Lamongan"},"geometry":{"type":"Point","coordinates":[112.3,-7.1]}},{"type":"Feature","properties":{"Line":"S115","Sp":"2096.50000000000","X":"638275.50000000000","Y":"9215800.30000000075","NAMOBJ":"Tritunggal","WADMKC":"Babat","WADMKK":"Lamongan"},"geometry":{"type":"Point","coordinates":[112.3,-7.1]}},{"type":"Feature","properties":{"Line":"S115","Sp":"2100.50000000000","X":"638325.50000000000","Y":"9215800.30000000075","NAMOBJ":"Tritunggal","WADMKC":"Babat","WADMKK":"Lamongan"},"geometry":{"type":"Point","coordinates":[112.3,-7.1]}},{"type":"Feature","properties":{"Line":"S115","Sp":"2104.50000000000","X":"638375.50000000000","Y":"9215800.30000000075","NAMOBJ":"Tritunggal","WADMKC":"Babat","WADMKK":"Lamongan"},"geometry":{"type":"Point","coordinates":[112.3,-7.1]}},{"type":"Feature","properties":{"Line":"S115","Sp":"2108.50000000000","X":"638425.50000000000","Y":"9215800.30000000075","NAMOBJ":"Tritunggal","WADMKC":"Babat","WADMKK":"Lamongan"},"geometry":{"type":"Point","coordinates":[112.3,-7.1]}},{"type":"Feature","properties":{"Line":"S115","Sp":"2112.50000000000","X":"638475.50000000000","Y":"9215800.30000000075","NAMOBJ":"Tritunggal","WADMKC":"Babat","WADMKK":"Lamongan"},"geometry":{"type":"Point","coordinates":[112.3,-7.1]}},{"type":"Feature","properties":{"Line":"S115","Sp":"2116.50000000000","X":"638525.50000000000","Y":"9215800.30000000075","NAMOBJ":"Tritunggal","WADMKC":"Babat","WADMKK":"Lamongan"},"geometry":{"type":"Point","coordinates":[112.3,-7.1]}},{"type":"Feature","properties":{"Line":"S115","Sp":"2120.50000000000","X":"638575.50000000000","Y":"9215800.30000000075","NAMOBJ":"Tritunggal","WADMKC":"Babat","WADMKK":"Lamongan"},"geometry":{"type":"Point","coordinates":[112.3,-7.1]}},{"type":"Feature","properties":{"Line":"S115","Sp":"2124.50000000000","X":"638625.50000000000","Y":"9215800.30000000075","NAMOBJ":"Tritunggal","WADMKC":"Babat","WADMKK":"Lamongan"},"geometry":{"type":"Point","coordinates":[112.3,-7.1]}},{"type":"Feature","properties":{"Line":"S115","Sp":"2128.50000000000","X":"638675.50000000000","Y":"9215800.30000000075","NAMOBJ":"Tritunggal","WADMKC":"Babat","WADMKK":"Lamongan"},"geometry":{"type":"Point","coordinates":[112.3,-7.1]}},{"type":"Feature","properties":{"Line":"S115","Sp":"2132.50000000000","X":"638725.50000000000","Y":"9215800.30000000075","NAMOBJ":"Tritunggal","WADMKC":"Babat","WADMKK":"Lamongan"},"geometry":{"type":"Point","coordinates":[112.3,-7.1]}},{"type":"Feature","properties":{"Line":"S115","Sp":"2136.50000000000","X":"638775.50000000000","Y":"9215800.30000000075","NAMOBJ":"Tritunggal","WADMKC":"Babat","WADMKK":"Lamongan"},"geometry":{"type":"Point","coordinates":[112.3,-7.1]}},{"type":"Feature","properties":{"Line":"S115","Sp":"2140.50000000000","X":"638825.50000000000","Y":"9215800.30000000075","NAMOBJ":"Tritunggal","WADMKC":"Babat","WADMKK":"Lamongan"},"geometry":{"type":"Point","coordinates":[112.3,-7.1]}},{"type":"Feature","properties":{"Line":"S115","Sp":"2144.50000000000","X":"638875.50000000000","Y":"9215800.30000000075","NAMOBJ":"Tritunggal","WADMKC":"Babat","WADMKK":"Lamongan"},"geometry":{"type":"Point","coordinates":[112.3,-7.1]}},{"type":"Feature","properties":{"Line":"S115","Sp":"2148.50000000000","X":"638925.50000000000","Y":"9215800.30000000075","NAMOBJ":"Tritunggal","WADMKC":"Babat","WADMKK":"Lamongan"},"geometry":{"type":"Point","coordinates":[112.3,-7.1]}},{"type":"Feature","properties":{"Line":"S115","Sp":"2152.50000000000","X":"638975.50000000000","Y":"9215800.30000000075","NAMOBJ":"Tritunggal","WADMKC":"Babat","WADMKK":"Lamongan"},"geometry":{"type":"Point","coordinates":[112.3,-7.1]}},{"type":"Feature","properties":{"Line":"S115","Sp":"2156.50000000000","X":"639025.50000000000","Y":"9215800.30000000075","NAMOBJ":"Tritunggal","WADMKC":"Babat","WADMKK":"Lamongan"},"geometry":{"type":"Point","coordinates":[112.3,-7.1]}},{"type":"Feature","properties":{"Line":"S115","Sp":"2160.50000000000","X":"639075.50000000000","Y":"9215800.30000000075","NAMOBJ":"Tritunggal","WADMKC":"Babat","WADMKK":"Lamongan"},"geometry":{"type":"Point","coordinates":[112.3,-7.1]}},{"type":"Feature","properties":{"Line":"S115","Sp":"2164.50000000000","X":"639125.50000000000","Y":"9215800.30000000075","NAMOBJ":"Tritunggal","WADMKC":"Babat","WADMKK":"Lamongan"},"geometry":{"type":"Point","coordinates":[112.3,-7.1]}},{"type":"Feature","properties":{"Line":"S115","Sp":"2168.50000000000","X":"639175.50000000000","Y":"9215800.30000000075","NAMOBJ":"Tritunggal","WADMKC":"Babat","WADMKK":"Lamongan"},"geometry":{"type":"Point","coordinates":[112.3,-7.1]}},{"type":"Feature","properties":{"Line":"S115","Sp":"2172.50000000000","X":"639225.50000000000","Y":"9215800.30000000075","NAMOBJ":"Tritunggal","WADMKC":"Babat","WADMKK":"Lamongan"},"geometry":{"type":"Point","coordinates":[112.3,-7.1]}},{"type":"Feature","properties":{"Line":"S115","Sp":"2176.50000000000","X":"639275.50000000000","Y":"9215800.30000000075","NAMOBJ":"Tritunggal","WADMKC":"Babat","WADMKK":"Lamongan"},"geometry":{"type":"Point","coordinates":[112.3,-7.1]}},{"type":"Feature","properties":{"Line":"S115","Sp":"2180.50000000000","X":"639325.50000000000","Y":"9215800.30000000075","NAMOBJ":"Tritunggal","WADMKC":"Babat","WADMKK":"Lamongan"},"geometry":{"type":"Point","coordinates":[112.3,-7.1]}},{"type":"Feature","properties":{"Line":"S117","Sp":"2128.50000000000","X":"638125.50000000000","Y":"9216800.30000000075","NAMOBJ":"Tritunggal","WADMKC":"Babat","WADMKK":"Lamongan"},"geometry":{"type":"Point","coordinates":[112.3,-7.1]}},{"type":"Feature","properties":{"Line":"S117","Sp":"2132.50000000000","X":"638175.50000000000","Y":"9216800.30000000075","NAMOBJ":"Tritunggal","WADMKC":"Babat","WADMKK":"Lamongan"},"geometry":{"type":"Point","coordinates":[112.3,-7.1]}},{"type":"Feature","properties":{"Line":"S117","Sp":"2136.50000000000","X":"638225.50000000000","Y":"9216800.30000000075","NAMOBJ":"Tritunggal","WADMKC":"Babat","WADMKK":"Lamongan"},"geometry":{"type":"Point","coordinates":[112.3,-7.1]}},{"type":"Feature","properties":{"Line":"S117","Sp":"2140.50000000000","X":"638275.50000000000","Y":"9216800.30000000075","NAMOBJ":"Tritunggal","WADMKC":"Babat","WADMKK":"Lamongan"},"geometry":{"type":"Point","coordinates":[112.3,-7.1]}},{"type":"Feature","properties":{"Line":"S118","Sp":"1896.50000000000","X":"638300.50000000000","Y":"9216675.30000000075","NAMOBJ":"Tritunggal","WADMKC":"Babat","WADMKK":"Lamongan"},"geometry":{"type":"Point","coordinates":[112.3,-7.1]}},{"type":"Feature","properties":{"Line":"S118","Sp":"1900.50000000000","X":"638300.50000000000","Y":"9216625.30000000075","NAMOBJ":"Tritunggal","WADMKC":"Babat","WADMKK":"Lamongan"},"geometry":{"type":"Point","coordinates":[112.3,-7.1]}},{"type":"Feature","properties":{"Line":"S118","Sp":"1904.50000000000","X":"638300.50000000000","Y":"9216575.30000000075","NAMOBJ":"Tritunggal","WADMKC":"Babat","WADMKK":"Lamongan"},"geometry":{"type":"Point","coordinates":[112.3,-7.1]}},{"type":"Feature","properties":{"Line":"S118","Sp":"1928.50000000000","X":"638300.50000000000","Y":"9216275.30000000075","NAMOBJ":"Tritunggal","WADMKC":"Babat","WADMKK":"Lamongan"},"geometry":{"type":"Point","coordinates":[112.3,-7.1]}},{"type":"Feature","properties":{"Line":"S118","Sp":"1932.50000000000","X":"638300.50000000000","Y":"9216225.30000000075","NAMOBJ":"Tritunggal","WADMKC":"Babat","WADMKK":"Lamongan"},"geometry":{"type":"Point","coordinates":[112.3,-7.1]}},{"type":"Feature","properties":{"Line":"S118","Sp":"1936.50000000000","X":"638300.50000000000","Y":"9216175.30000000075","NAMOBJ":"Tritunggal","WADMKC":"Babat","WADMKK":"Lamongan"},"geometry":{"type":"Point","coordinates":[112.3,-7.1]}},{"type":"Feature","properties":{"Line":"S118","Sp":"1940.50000000000","X":"638300.50000000000","Y":"9216125.30000000075","NAMOBJ":"Tritunggal","WADMKC":"Babat","WADMKK":"Lamongan"},"geometry":{"type":"Point","coordinates":[112.3,-7.1]}},{"type":"Feature","properties":{"Line":"S118","Sp":"1944.50000000000","X":"638300.50000000000","Y":"9216075.30000000075","NAMOBJ":"Tritunggal","WADMKC":"Babat","WADMKK":"Lamongan"},"geometry":{"type":"Point","coordinates":[112.3,-7.1]}},{"type":"Feature","properties":{"Line":"S118","Sp":"1948.50000000000","X":"638300.50000000000","Y":"9216025.30000000075","NAMOBJ":"Tritunggal","WADMKC":"Babat","WADMKK":"Lamongan"},"geometry":{"type":"Point","coordinates":[112.3,-7.1]}},{"type":"Feature","properties":{"Line":"S118","Sp":"1952.50000000000","X":"638300.50000000000","Y":"9215975.30000000075","NAMOBJ":"Tritunggal","WADMKC":"Babat","WADMKK":"Lamongan"},"geometry":{"type":"Point","coordinates":[112.3,-7.1]}},{"type":"Feature","properties":{"Line":"S118","Sp":"1956.50000000000","X":"638300.50000000000","Y":"9215925.30000000075","NAMOBJ":"Tritunggal","WADMKC":"Babat","WADMKK":"Lamongan"},"geometry":{"type":"Point","coordinates":[112.3,-7.1]}},{"type":"Feature","properties":{"Line":"S118","Sp":"1960.50000000000","X":"638300.50000000000","Y":"9215875.30000000075","NAMOBJ":"Tritunggal","WADMKC":"Babat","WADMKK":"Lamongan"},"geometry":{"type":"Point","coordinates":[112.3,-7.1]}},{"type":"Feature","properties":{"Line":"S118","Sp":"1964.50000000000","X":"638300.50000000000","Y":"9215825.30000000075","NAMOBJ":"Tritunggal","WADMKC":"Babat","WADMKK":"Lamongan"},"geometry":{"type":"Point","coordinates":[112.3,-7.1]}},{"type":"Feature","properties":{"Line":"S118","Sp":"1968.50000000000","X":"638300.50000000000","Y":"9215775.30000000075","NAMOBJ":"Tritunggal","WADMKC":"Babat","WADMKK":"Lamongan"},"geometry":{"type":"Point","coordinates":[112.3,-7.1]}},{"type":"Feature","properties":{"Line":"S118","Sp":"1972.50000000000","X":"638300.50000000000","Y":"9215725.30000000075","NAMOBJ":"Tritunggal","WADMKC":"Babat","WADMKK":"Lamongan"},"geometry":{"type":"Point","coordinates":[112.3,-7.1]}},{"type":"Feature","properties":{"Line":"S118","Sp":"1976.50000000000","X":"638300.50000000000","Y":"9215675.30000000075","NAMOBJ":"Tritunggal","WADMKC":"Babat","WADMKK":"Lamongan"},"geometry":{"type":"Point","coordinates":[112.3,-7.1]}},{"type":"Feature","properties":{"Line":"S118","Sp":"1980.50000000000","X":"638300.50000000000","Y":"9215625.30000000075","NAMOBJ":"Tritunggal","WADMKC":"Babat","WADMKK":"Lamongan"},"geometry":{"type":"Point","coordinates":[112.3,-7.1]}},{"type":"Feature","properties":{"Line":"S118","Sp":"1984.50000000000","X":"638300.50000000000","Y":"9215575.30000000075","NAMOBJ":"Tritunggal","WADMKC":"Babat","WADMKK":"Lamongan"},"geometry":{"type":"Point","coordinates":[112.3,-7.1]}},{"type":"Feature","properties":{"Line":"S118","Sp":"1988.50000000000","X":"638300.50000000000","Y":"9215525.30000000075","NAMOBJ":"Tritunggal","WADMKC":"Babat","WADMKK":"Lamongan"},"geometry":{"type":"Point","coordinates":[112.3,-7.1]}},{"type":"Feature","properties":{"Line":"S118","Sp":"1992.50000000000","X":"638300.50000000000","Y":"9215475.30000000075","NAMOBJ":"Tritunggal","WADMKC":"Babat","WADMKK":"Lamongan"},"geometry":{"type":"Point","coordinates":[112.3,-7.1]}},{"type":"Feature","properties":{"Line":"S118","Sp":"1996.50000000000","X":"638300.50000000000","Y":"9215425.30000000075","NAMOBJ":"Tritunggal","WADMKC":"Babat","WADMKK":"Lamongan"},"geometry":{"type":"Point","coordinates":[112.3,-7.1]}},{"type":"Feature","properties":{"Line":"S118","Sp":"2000.50000000000","X":"638300.50000000000","Y":"9215375.30000000075","NAMOBJ":"Tritunggal","WADMKC":"Babat","WADMKK":"Lamongan"},"geometry":{"type":"Point","coordinates":[112.3,-7.1]}},{"type":"Feature","properties":{"Line":"S118","Sp":"2004.50000000000","X":"638300.50000000000","Y":"9215325.30000000075","NAMOBJ":"Tritunggal","WADMKC":"Babat","WADMKK":"Lamongan"},"geometry":{"type":"Point","coordinates":[112.3,-7.1]}},{"type":"Feature","properties":{"Line":"S118","Sp":"2008.50000000000","X":"638300.50000000000","Y":"9215275.30000000075","NAMOBJ":"Tritunggal","WADMKC":"Babat","WADMKK":"Lamongan"},"geometry":{"type":"Point","coordinates":[112.3,-7.1]}},{"type":"Feature","properties":{"Line":"S118","Sp":"2012.50000000000","X":"638300.50000000000","Y":"9215225.30000000075","NAMOBJ":"Tritunggal","WADMKC":"Babat","WADMKK":"Lamongan"},"geometry":{"type":"Point","coordinates":[112.3,-7.1]}},{"type":"Feature","properties":{"Line":"S118","Sp":"2016.50000000000","X":"638300.50000000000","Y":"9215175.30000000075","NAMOBJ":"Tritunggal","WADMKC":"Babat","WADMKK":"Lamongan"},"geometry":{"type":"Point","coordinates":[112.3,-7.1]}},{"type":"Feature","properties":{"Line":"S118","Sp":"2020.50000000000","X":"638300.50000000000","Y":"9215125.30000000075","NAMOBJ":"Tritunggal","WADMKC":"Babat","WADMKK":"Lamongan"},"geometry":{"type":"Point","coordinates":[112.3,-7.1]}},{"type":"Feature","properties":{"Line":"S118","Sp":"2024.50000000000","X":"638300.50000000000","Y":"9215075.30000000075","NAMOBJ":"Tritunggal","WADMKC":"Babat","WADMKK":"Lamongan"},"geometry":{"type":"Point","coordinates":[112.3,-7.1]}},{"type":"Feature","properties":{"Line":"S118","Sp":"2028.50000000000","X":"638300.50000000000","Y":"9215025.30000000075","NAMOBJ":"Tritunggal","WADMKC":"Babat","WADMKK":"Lamongan"},"geometry":{"type":"Point","coordinates":[112.3,-7.1]}},{"type":"Feature","properties":{"Line":"S118","Sp":"2032.50000000000","X":"638300.50000000000","Y":"9214975.30000000075","NAMOBJ":"Tritunggal","WADMKC":"Babat","WADMKK":"Lamongan"},"geometry":{"type":"Point","coordinates":[112.3,-7.1]}},{"type":"Feature","properties":{"Line":"S118","Sp":"2036.50000000000","X":"638300.50000000000","Y":"9214925.30000000075","NAMOBJ":"Tritunggal","WADMKC":"Babat","WADMKK":"Lamongan"},"geometry":{"type":"Point","coordinates":[112.3,-7.1]}},{"type":"Feature","properties":{"Line":"S118","Sp":"2040.50000000000","X":"638300.50000000000","Y":"9214875.30000000075","NAMOBJ":"Tritunggal","WADMKC":"Babat","WADMKK":"Lamongan"},"geometry":{"type":"Point","coordinates":[112.3,-7.1]}},{"type":"Feature","properties":{"Line":"S118","Sp":"2044.50000000000","X":"638300.50000000000","Y":"9214825.30000000075","NAMOBJ":"Tritunggal","WADMKC":"Babat","WADMKK":"Lamongan"},"geometry":{"type":"Point","coordinates":[112.3,-7.1]}},{"type":"Feature","properties":{"Line":"S118","Sp":"2048.50000000000","X":"638300.50000000000","Y":"9214775.30000000075","NAMOBJ":"Tritunggal","WADMKC":"Babat","WADMKK":"Lamongan"},"geometry":{"type":"Point","coordinates":[112.3,-7.1]}},{"type":"Feature","properties":{"Line":"S118","Sp":"2052.50000000000","X":"638300.50000000000","Y":"9214725.30000000075","NAMOBJ":"Tritunggal","WADMKC":"Babat","WADMKK":"Lamongan"},"geometry":{"type":"Point","coordinates":[112.3,-7.1]}},{"type":"Feature","properties":{"Line":"S118","Sp":"2056.50000000000","X":"638300.50000000000","Y":"9214675.30000000075","NAMOBJ":"Tritunggal","WADMKC":"Babat","WADMKK":"Lamongan"},"geometry":{"type":"Point","coordinates":[112.3,-7.1]}},{"type":"Feature","properties":{"Line":"S118","Sp":"2060.50000000000","X":"638300.50000000000","Y":"9214625.30000000075","NAMOBJ":"Tritunggal","WADMKC":"Babat","WADMKK":"Lamongan"},"geometry":{"type":"Point","coordinates":[112.3,-7.1]}},{"type":"Feature","properties":{"Line":"S118","Sp":"2064.50000000000","X":"638300.50000000000","Y":"9214575.30000000075","NAMOBJ":"Tritunggal","WADMKC":"Babat","WADMKK":"Lamongan"},"geometry":{"type":"Point","coordinates":[112.3,-7.1]}},{"type":"Feature","properties":{"Line":"S118","Sp":"2068.50000000000","X":"638300.50000000000","Y":"9214525.30000000075","NAMOBJ":"Tritunggal","WADMKC":"Babat","WADMKK":"Lamongan"},"geometry":{"type":"Point","coordinates":[112.3,-7.1]}},{"type":"Feature","properties":{"Line":"S118","Sp":"2072.50000000000","X":"638300.50000000000","Y":"9214475.30000000075","NAMOBJ":"Tritunggal","WADMKC":"Babat","WADMKK":"Lamongan"},"geometry":{"type":"Point","coordinates":[112.3,-7.1]}},{"type":"Feature","properties":{"Line":"S118","Sp":"2076.50000000000","X":"638300.50000000000","Y":"9214425.30000000075","NAMOBJ":"Tritunggal","WADMKC":"Babat","WADMKK":"Lamongan"},"geometry":{"type":"Point","coordinates":[112.3,-7.1]}},{"type":"Feature","properties":{"Line":"S120","Sp":"1896.50000000000","X":"639300.50000000000","Y":"9216625.30000000075","NAMOBJ":"Tritunggal","WADMKC":"Babat","WADMKK":"Lamongan"},"geometry":{"type":"Point","coordinates":[112.3,-7.1]}},{"type":"Feature","properties":{"Line":"S120","Sp":"1900.50000000000","X":"639300.50000000000","Y":"9216575.30000000075","NAMOBJ":"Tritunggal","WADMKC":"Babat","WADMKK":"Lamongan"},"geometry":{"type":"Point","coordinates":[112.3,-7.1]}},{"type":"Feature","properties":{"Line":"S120","Sp":"1904.50000000000","X":"639300.50000000000","Y":"9216525.30000000075","NAMOBJ":"Tritunggal","WADMKC":"Babat","WADMKK":"Lamongan"},"geometry":{"type":"Point","coordinates":[112.3,-7.1]}},{"type":"Feature","properties":{"Line":"S120","Sp":"1908.50000000000","X":"639300.50000000000","Y":"9216475.30000000075","NAMOBJ":"Tritunggal","WADMKC":"Babat","WADMKK":"Lamongan"},"geometry":{"type":"Point","coordinates":[112.3,-7.1]}},{"type":"Feature","properties":{"Line":"S120","Sp":"1912.50000000000","X":"639300.50000000000","Y":"9216425.30000000075","NAMOBJ":"Tritunggal","WADMKC":"Babat","WADMKK":"Lamongan"},"geometry":{"type":"Point","coordinates":[112.3,-7.1]}},{"type":"Feature","properties":{"Line":"S120","Sp":"1916.50000000000","X":"639300.50000000000","Y":"9216375.30000000075","NAMOBJ":"Tritunggal","WADMKC":"Babat","WADMKK":"Lamongan"},"geometry":{"type":"Point","coordinates":[112.3,-7.1]}},{"type":"Feature","properties":{"Line":"S120","Sp":"1920.50000000000","X":"639300.50000000000","Y":"9216325.30000000075","NAMOBJ":"Tritunggal","WADMKC":"Babat","WADMKK":"Lamongan"},"geometry":{"type":"Point","coordinates":[112.3,-7.1]}},{"type":"Feature","properties":{"Line":"S120","Sp":"1924.50000000000","X":"639300.50000000000","Y":"9216275.30000000075","NAMOBJ":"Tritunggal","WADMKC":"Babat","WADMKK":"Lamongan"},"geometry":{"type":"Point","coordinates":[112.3,-7.1]}},{"type":"Feature","properties":{"Line":"S120","Sp":"1928.50000000000","X":"639300.50000000000","Y":"9216225.30000000075","NAMOBJ":"Tritunggal","WADMKC":"Babat","WADMKK":"Lamongan"},"geometry":{"type":"Point","coordinates":[112.3,-7.1]}},{"type":"Feature","properties":{"Line":"S120","Sp":"1932.50000000000","X":"639300.50000000000","Y":"9216175.30000000075","NAMOBJ":"Tritunggal","WADMKC":"Babat","WADMKK":"Lamongan"},"geometry":{"type":"Point","coordinates":[112.3,-7.1]}},{"type":"Feature","properties":{"Line":"S120","Sp":"1936.50000000000","X":"639300.50000000000","Y":"9216125.30000000075","NAMOBJ":"Tritunggal","WADMKC":"Babat","WADMKK":"Lamongan"},"geometry":{"type":"Point","coordinates":[112.3,-7.1]}},{"type":"Feature","properties":{"Line":"S120","Sp":"1940.50000000000","X":"639300.50000000000","Y":"9216075.30000000075","NAMOBJ":"Tritunggal","WADMKC":"Babat","WADMKK":"Lamongan"},"geometry":{"type":"Point","coordinates":[112.3,-7.1]}},{"type":"Feature","properties":{"Line":"S120","Sp":"1944.50000000000","X":"639300.50000000000","Y":"9216025.30000000075","NAMOBJ":"Tritunggal","WADMKC":"Babat","WADMKK":"Lamongan"},"geometry":{"type":"Point","coordinates":[112.3,-7.1]}},{"type":"Feature","properties":{"Line":"S120","Sp":"1948.50000000000","X":"639300.50000000000","Y":"9215975.30000000075","NAMOBJ":"Tritunggal","WADMKC":"Babat","WADMKK":"Lamongan"},"geometry":{"type":"Point","coordinates":[112.3,-7.1]}},{"type":"Feature","properties":{"Line":"S120","Sp":"1952.50000000000","X":"639300.50000000000","Y":"9215925.30000000075","NAMOBJ":"Tritunggal","WADMKC":"Babat","WADMKK":"Lamongan"},"geometry":{"type":"Point","coordinates":[112.3,-7.1]}},{"type":"Feature","properties":{"Line":"S120","Sp":"1956.50000000000","X":"639300.50000000000","Y":"9215875.30000000075","NAMOBJ":"Tritunggal","WADMKC":"Babat","WADMKK":"Lamongan"},"geometry":{"type":"Point","coordinates":[112.3,-7.1]}},{"type":"Feature","properties":{"Line":"S120","Sp":"1960.50000000000","X":"639300.50000000000","Y":"9215825.30000000075","NAMOBJ":"Tritunggal","WADMKC":"Babat","WADMKK":"Lamongan"},"geometry":{"type":"Point","coordinates":[112.3,-7.1]}},{"type":"Feature","properties":{"Line":"S120","Sp":"1964.50000000000","X":"639300.50000000000","Y":"9215775.30000000075","NAMOBJ":"Tritunggal","WADMKC":"Babat","WADMKK":"Lamongan"},"geometry":{"type":"Point","coordinates":[112.3,-7.1]}},{"type":"Feature","properties":{"Line":"S120","Sp":"1968.50000000000","X":"639300.50000000000","Y":"9215725.30000000075","NAMOBJ":"Tritunggal","WADMKC":"Babat","WADMKK":"Lamongan"},"geometry":{"type":"Point","coordinates":[112.3,-7.1]}},{"type":"Feature","properties":{"Line":"S120","Sp":"1972.50000000000","X":"639300.50000000000","Y":"9215675.30000000075","NAMOBJ":"Tritunggal","WADMKC":"Babat","WADMKK":"Lamongan"},"geometry":{"type":"Point","coordinates":[112.3,-7.1]}},{"type":"Feature","properties":{"Line":"S120","Sp":"1976.50000000000","X":"639300.50000000000","Y":"9215625.30000000075","NAMOBJ":"Tritunggal","WADMKC":"Babat","WADMKK":"Lamongan"},"geometry":{"type":"Point","coordinates":[112.3,-7.1]}},{"type":"Feature","properties":{"Line":"S120","Sp":"1980.50000000000","X":"639300.50000000000","Y":"9215575.30000000075","NAMOBJ":"Tritunggal","WADMKC":"Babat","WADMKK":"Lamongan"},"geometry":{"type":"Point","coordinates":[112.3,-7.1]}},{"type":"Feature","properties":{"Line":"S117","Sp":"2144.50000000000","X":"638325.50000000000","Y":"9216800.30000000075","NAMOBJ":"Trosono","WADMKC":"Sekaran","WADMKK":"Lamongan"},"geometry":{"type":"Point","coordinates":[112.3,-7.1]}},{"type":"Feature","properties":{"Line":"S117","Sp":"2148.50000000000","X":"638375.50000000000","Y":"9216800.30000000075","NAMOBJ":"Trosono","WADMKC":"Sekaran","WADMKK":"Lamongan"},"geometry":{"type":"Point","coordinates":[112.3,-7.1]}},{"type":"Feature","properties":{"Line":"S117","Sp":"2152.50000000000","X":"638425.50000000000","Y":"9216800.30000000075","NAMOBJ":"Trosono","WADMKC":"Sekaran","WADMKK":"Lamongan"},"geometry":{"type":"Point","coordinates":[112.3,-7.1]}},{"type":"Feature","properties":{"Line":"S117","Sp":"2156.50000000000","X":"638475.50000000000","Y":"9216800.30000000075","NAMOBJ":"Trosono","WADMKC":"Sekaran","WADMKK":"Lamongan"},"geometry":{"type":"Point","coordinates":[112.3,-7.1]}},{"type":"Feature","properties":{"Line":"S117","Sp":"2160.50000000000","X":"638525.50000000000","Y":"9216800.30000000075","NAMOBJ":"Trosono","WADMKC":"Sekaran","WADMKK":"Lamongan"},"geometry":{"type":"Point","coordinates":[112.3,-7.1]}},{"type":"Feature","properties":{"Line":"S117","Sp":"2164.50000000000","X":"638575.50000000000","Y":"9216800.30000000075","NAMOBJ":"Trosono","WADMKC":"Sekaran","WADMKK":"Lamongan"},"geometry":{"type":"Point","coordinates":[112.3,-7.1]}},{"type":"Feature","properties":{"Line":"S117","Sp":"2168.50000000000","X":"638625.50000000000","Y":"9216800.30000000075","NAMOBJ":"Trosono","WADMKC":"Sekaran","WADMKK":"Lamongan"},"geometry":{"type":"Point","coordinates":[112.3,-7.1]}},{"type":"Feature","properties":{"Line":"S117","Sp":"2172.50000000000","X":"638675.50000000000","Y":"9216800.30000000075","NAMOBJ":"Trosono","WADMKC":"Sekaran","WADMKK":"Lamongan"},"geometry":{"type":"Point","coordinates":[112.3,-7.1]}},{"type":"Feature","properties":{"Line":"S117","Sp":"2176.50000000000","X":"638725.50000000000","Y":"9216800.30000000075","NAMOBJ":"Trosono","WADMKC":"Sekaran","WADMKK":"Lamongan"},"geometry":{"type":"Point","coordinates":[112.3,-7.1]}},{"type":"Feature","properties":{"Line":"S117","Sp":"2180.50000000000","X":"638775.50000000000","Y":"9216800.30000000075","NAMOBJ":"Trosono","WADMKC":"Sekaran","WADMKK":"Lamongan"},"geometry":{"type":"Point","coordinates":[112.3,-7.1]}},{"type":"Feature","properties":{"Line":"S117","Sp":"2184.50000000000","X":"638825.50000000000","Y":"9216800.30000000075","NAMOBJ":"Trosono","WADMKC":"Sekaran","WADMKK":"Lamongan"},"geometry":{"type":"Point","coordinates":[112.3,-7.1]}},{"type":"Feature","properties":{"Line":"S117","Sp":"2188.50000000000","X":"638875.50000000000","Y":"9216800.30000000075","NAMOBJ":"Trosono","WADMKC":"Sekaran","WADMKK":"Lamongan"},"geometry":{"type":"Point","coordinates":[112.3,-7.1]}},{"type":"Feature","properties":{"Line":"S117","Sp":"2192.50000000000","X":"638925.50000000000","Y":"9216800.30000000075","NAMOBJ":"Trosono","WADMKC":"Sekaran","WADMKK":"Lamongan"},"geometry":{"type":"Point","coordinates":[112.3,-7.1]}},{"type":"Feature","properties":{"Line":"S117","Sp":"2196.50000000000","X":"638975.50000000000","Y":"9216800.30000000075","NAMOBJ":"Trosono","WADMKC":"Sekaran","WADMKK":"Lamongan"},"geometry":{"type":"Point","coordinates":[112.3,-7.1]}},{"type":"Feature","properties":{"Line":"S117","Sp":"2200.50000000000","X":"639025.50000000000","Y":"9216800.30000000075","NAMOBJ":"Trosono","WADMKC":"Sekaran","WADMKK":"Lamongan"},"geometry":{"type":"Point","coordinates":[112.3,-7.1]}},{"type":"Feature","properties":{"Line":"S117","Sp":"2204.50000000000","X":"639075.50000000000","Y":"9216800.30000000075","NAMOBJ":"Trosono","WADMKC":"Sekaran","WADMKK":"Lamongan"},"geometry":{"type":"Point","coordinates":[112.3,-7.1]}},{"type":"Feature","properties":{"Line":"S117","Sp":"2208.50000000000","X":"639125.50000000000","Y":"9216800.30000000075","NAMOBJ":"Trosono","WADMKC":"Sekaran","WADMKK":"Lamongan"},"geometry":{"type":"Point","coordinates":[112.3,-7.1]}},{"type":"Feature","properties":{"Line":"S117","Sp":"2212.50000000000","X":"639175.50000000000","Y":"9216800.30000000075","NAMOBJ":"Trosono","WADMKC":"Sekaran","WADMKK":"Lamongan"},"geometry":{"type":"Point","coordinates":[112.3,-7.1]}},{"type":"Feature","properties":{"Line":"S117","Sp":"2216.50000000000","X":"639225.50000000000","Y":"9216800.30000000075","NAMOBJ":"Trosono","WADMKC":"Sekaran","WADMKK":"Lamongan"},"geometry":{"type":"Point","coordinates":[112.3,-7.1]}},{"type":"Feature","properties":{"Line":"S117","Sp":"2220.50000000000","X":"639275.50000000000","Y":"9216800.30000000075","NAMOBJ":"Trosono","WADMKC":"Sekaran","WADMKK":"Lamongan"},"geometry":{"type":"Point","coordinates":[112.3,-7.1]}},{"type":"Feature","properties":{"Line":"S117","Sp":"2224.50000000000","X":"639325.50000000000","Y":"9216800.30000000075","NAMOBJ":"Trosono","WADMKC":"Sekaran","WADMKK":"Lamongan"},"geometry":{"type":"Point","coordinates":[112.3,-7.1]}},{"type":"Feature","properties":{"Line":"S118","Sp":"1784.50000000000","X":"638300.50000000000","Y":"9218075.30000000075","NAMOBJ":"Trosono","WADMKC":"Sekaran","WADMKK":"Lamongan"},"geometry":{"type":"Point","coordinates":[112.3,-7.1]}},{"type":"Feature","properties":{"Line":"S118","Sp":"1788.50000000000","X":"638300.50000000000","Y":"9218025.30000000075","NAMOBJ":"Trosono","WADMKC":"Sekaran","WADMKK":"Lamongan"},"geometry":{"type":"Point","coordinates":[112.3,-7.1]}},{"type":"Feature","properties":{"Line":"S118","Sp":"1792.50000000000","X":"638300.50000000000","Y":"9217975.30000000075","NAMOBJ":"Trosono","WADMKC":"Sekaran","WADMKK":"Lamongan"},"geometry":{"type":"Point","coordinates":[112.3,-7.1]}},{"type":"Feature","properties":{"Line":"S118","Sp":"1796.50000000000","X":"638300.50000000000","Y":"9217925.30000000075","NAMOBJ":"Trosono","WADMKC":"Sekaran","WADMKK":"Lamongan"},"geometry":{"type":"Point","coordinates":[112.3,-7.1]}},{"type":"Feature","properties":{"Line":"S118","Sp":"1800.50000000000","X":"638300.50000000000","Y":"9217875.30000000075","NAMOBJ":"Trosono","WADMKC":"Sekaran","WADMKK":"Lamongan"},"geometry":{"type":"Point","coordinates":[112.3,-7.1]}},{"type":"Feature","properties":{"Line":"S118","Sp":"1804.50000000000","X":"638300.50000000000","Y":"9217825.30000000075","NAMOBJ":"Trosono","WADMKC":"Sekaran","WADMKK":"Lamongan"},"geometry":{"type":"Point","coordinates":[112.3,-7.1]}},{"type":"Feature","properties":{"Line":"S118","Sp":"1808.50000000000","X":"638300.50000000000","Y":"9217775.30000000075","NAMOBJ":"Trosono","WADMKC":"Sekaran","WADMKK":"Lamongan"},"geometry":{"type":"Point","coordinates":[112.3,-7.1]}},{"type":"Feature","properties":{"Line":"S118","Sp":"1812.50000000000","X":"638300.50000000000","Y":"9217725.30000000075","NAMOBJ":"Trosono","WADMKC":"Sekaran","WADMKK":"Lamongan"},"geometry":{"type":"Point","coordinates":[112.3,-7.1]}},{"type":"Feature","properties":{"Line":"S118","Sp":"1816.50000000000","X":"638300.50000000000","Y":"9217675.30000000075","NAMOBJ":"Trosono","WADMKC":"Sekaran","WADMKK":"Lamongan"},"geometry":{"type":"Point","coordinates":[112.3,-7.1]}},{"type":"Feature","properties":{"Line":"S118","Sp":"1820.50000000000","X":"638300.50000000000","Y":"9217625.30000000075","NAMOBJ":"Trosono","WADMKC":"Sekaran","WADMKK":"Lamongan"},"geometry":{"type":"Point","coordinates":[112.3,-7.1]}},{"type":"Feature","properties":{"Line":"S118","Sp":"1824.50000000000","X":"638300.50000000000","Y":"9217575.30000000075","NAMOBJ":"Trosono","WADMKC":"Sekaran","WADMKK":"Lamongan"},"geometry":{"type":"Point","coordinates":[112.3,-7.1]}},{"type":"Feature","properties":{"Line":"S118","Sp":"1828.50000000000","X":"638300.50000000000","Y":"9217525.30000000075","NAMOBJ":"Trosono","WADMKC":"Sekaran","WADMKK":"Lamongan"},"geometry":{"type":"Point","coordinates":[112.3,-7.1]}},{"type":"Feature","properties":{"Line":"S118","Sp":"1832.50000000000","X":"638300.50000000000","Y":"9217475.30000000075","NAMOBJ":"Trosono","WADMKC":"Sekaran","WADMKK":"Lamongan"},"geometry":{"type":"Point","coordinates":[112.3,-7.1]}},{"type":"Feature","properties":{"Line":"S118","Sp":"1836.50000000000","X":"638300.50000000000","Y":"9217425.30000000075","NAMOBJ":"Trosono","WADMKC":"Sekaran","WADMKK":"Lamongan"},"geometry":{"type":"Point","coordinates":[112.3,-7.1]}},{"type":"Feature","properties":{"Line":"S118","Sp":"1840.50000000000","X":"638300.50000000000","Y":"9217375.30000000075","NAMOBJ":"Trosono","WADMKC":"Sekaran","WADMKK":"Lamongan"},"geometry":{"type":"Point","coordinates":[112.3,-7.1]}},{"type":"Feature","properties":{"Line":"S118","Sp":"1844.50000000000","X":"638300.50000000000","Y":"9217325.30000000075","NAMOBJ":"Trosono","WADMKC":"Sekaran","WADMKK":"Lamongan"},"geometry":{"type":"Point","coordinates":[112.3,-7.1]}},{"type":"Feature","properties":{"Line":"S118","Sp":"1848.50000000000","X":"638300.50000000000","Y":"9217275.30000000075","NAMOBJ":"Trosono","WADMKC":"Sekaran","WADMKK":"Lamongan"},"geometry":{"type":"Point","coordinates":[112.3,-7.1]}},{"type":"Feature","properties":{"Line":"S118","Sp":"1852.50000000000","X":"638300.50000000000","Y":"9217225.30000000075","NAMOBJ":"Trosono","WADMKC":"Sekaran","WADMKK":"Lamongan"},"geometry":{"type":"Point","coordinates":[112.3,-7.1]}},{"type":"Feature","properties":{"Line":"S118","Sp":"1856.50000000000","X":"638300.50000000000","Y":"9217175.30000000075","NAMOBJ":"Trosono","WADMKC":"Sekaran","WADMKK":"Lamongan"},"geometry":{"type":"Point","coordinates":[112.3,-7.1]}},{"type":"Feature","properties":{"Line":"S118","Sp":"1860.50000000000","X":"638300.50000000000","Y":"9217125.30000000075","NAMOBJ":"Trosono","WADMKC":"Sekaran","WADMKK":"Lamongan"},"geometry":{"type":"Point","coordinates":[112.3,-7.1]}},{"type":"Feature","properties":{"Line":"S118","Sp":"1864.50000000000","X":"638300.50000000000","Y":"9217075.30000000075","NAMOBJ":"Trosono","WADMKC":"Sekaran","WADMKK":"Lamongan"},"geometry":{"type":"Point","coordinates":[112.3,-7.1]}},{"type":"Feature","properties":{"Line":"S118","Sp":"1868.50000000000","X":"638300.50000000000","Y":"9217025.30000000075","NAMOBJ":"Trosono","WADMKC":"Sekaran","WADMKK":"Lamongan"},"geometry":{"type":"Point","coordinates":[112.3,-7.1]}},{"type":"Feature","properties":{"Line":"S118","Sp":"1872.50000000000","X":"638300.50000000000","Y":"9216975.30000000075","NAMOBJ":"Trosono","WADMKC":"Sekaran","WADMKK":"Lamongan"},"geometry":{"type":"Point","coordinates":[112.3,-7.1]}},{"type":"Feature","properties":{"Line":"S118","Sp":"1876.50000000000","X":"638300.50000000000","Y":"9216925.30000000075","NAMOBJ":"Trosono","WADMKC":"Sekaran","WADMKK":"Lamongan"},"geometry":{"type":"Point","coordinates":[112.3,-7.1]}},{"type":"Feature","properties":{"Line":"S118","Sp":"1880.50000000000","X":"638300.50000000000","Y":"9216875.30000000075","NAMOBJ":"Trosono","WADMKC":"Sekaran","WADMKK":"Lamongan"},"geometry":{"type":"Point","coordinates":[112.3,-7.1]}},{"type":"Feature","properties":{"Line":"S118","Sp":"1884.50000000000","X":"638300.50000000000","Y":"9216825.30000000075","NAMOBJ":"Trosono","WADMKC":"Sekaran","WADMKK":"Lamongan"},"geometry":{"type":"Point","coordinates":[112.3,-7.1]}},{"type":"Feature","properties":{"Line":"S118","Sp":"1888.50000000000","X":"638300.50000000000","Y":"9216775.30000000075","NAMOBJ":"Trosono","WADMKC":"Sekaran","WADMKK":"Lamongan"},"geometry":{"type":"Point","coordinates":[112.3,-7.1]}},{"type":"Feature","properties":{"Line":"S118","Sp":"1892.50000000000","X":"638300.50000000000","Y":"9216725.30000000075","NAMOBJ":"Trosono","WADMKC":"Sekaran","WADMKK":"Lamongan"},"geometry":{"type":"Point","coordinates":[112.3,-7.1]}},{"type":"Feature","properties":{"Line":"S119","Sp":"2212.50000000000","X":"638225.50000000000","Y":"9217800.30000000075","NAMOBJ":"Trosono","WADMKC":"Sekaran","WADMKK":"Lamongan"},"geometry":{"type":"Point","coordinates":[112.3,-7.1]}},{"type":"Feature","properties":{"Line":"S119","Sp":"2216.50000000000","X":"638275.50000000000","Y":"9217800.30000000075","NAMOBJ":"Trosono","WADMKC":"Sekaran","WADMKK":"Lamongan"},"geometry":{"type":"Point","coordinates":[112.3,-7.1]}},{"type":"Feature","properties":{"Line":"S119","Sp":"2220.50000000000","X":"638325.50000000000","Y":"9217800.30000000075","NAMOBJ":"Trosono","WADMKC":"Sekaran","WADMKK":"Lamongan"},"geometry":{"type":"Point","coordinates":[112.3,-7.1]}},{"type":"Feature","properties":{"Line":"S119","Sp":"2224.50000000000","X":"638375.50000000000","Y":"9217800.30000000075","NAMOBJ":"Trosono","WADMKC":"Sekaran","WADMKK":"Lamongan"},"geometry":{"type":"Point","coordinates":[112.3,-7.1]}},{"type":"Feature","properties":{"Line":"S119","Sp":"2228.50000000000","X":"638425.50000000000","Y":"9217800.30000000075","NAMOBJ":"Trosono","WADMKC":"Sekaran","WADMKK":"Lamongan"},"geometry":{"type":"Point","coordinates":[112.3,-7.1]}},{"type":"Feature","properties":{"Line":"S119","Sp":"2232.50000000000","X":"638475.50000000000","Y":"9217800.30000000075","NAMOBJ":"Trosono","WADMKC":"Sekaran","WADMKK":"Lamongan"},"geometry":{"type":"Point","coordinates":[112.3,-7.1]}},{"type":"Feature","properties":{"Line":"S119","Sp":"2236.50000000000","X":"638525.50000000000","Y":"9217800.30000000075","NAMOBJ":"Trosono","WADMKC":"Sekaran","WADMKK":"Lamongan"},"geometry":{"type":"Point","coordinates":[112.3,-7.1]}},{"type":"Feature","properties":{"Line":"S119","Sp":"2240.50000000000","X":"638575.50000000000","Y":"9217800.30000000075","NAMOBJ":"Trosono","WADMKC":"Sekaran","WADMKK":"Lamongan"},"geometry":{"type":"Point","coordinates":[112.3,-7.1]}},{"type":"Feature","properties":{"Line":"S119","Sp":"2244.50000000000","X":"638625.50000000000","Y":"9217800.30000000075","NAMOBJ":"Trosono","WADMKC":"Sekaran","WADMKK":"Lamongan"},"geometry":{"type":"Point","coordinates":[112.3,-7.1]}},{"type":"Feature","properties":{"Line":"S119","Sp":"2248.50000000000","X":"638675.50000000000","Y":"9217800.30000000075","NAMOBJ":"Trosono","WADMKC":"Sekaran","WADMKK":"Lamongan"},"geometry":{"type":"Point","coordinates":[112.3,-7.1]}},{"type":"Feature","properties":{"Line":"S119","Sp":"2252.50000000000","X":"638725.50000000000","Y":"9217800.30000000075","NAMOBJ":"Trosono","WADMKC":"Sekaran","WADMKK":"Lamongan"},"geometry":{"type":"Point","coordinates":[112.3,-7.1]}},{"type":"Feature","properties":{"Line":"S119","Sp":"2256.50000000000","X":"638775.50000000000","Y":"9217800.30000000075","NAMOBJ":"Trosono","WADMKC":"Sekaran","WADMKK":"Lamongan"},"geometry":{"type":"Point","coordinates":[112.3,-7.1]}},{"type":"Feature","properties":{"Line":"S119","Sp":"2260.50000000000","X":"638825.50000000000","Y":"9217800.30000000075","NAMOBJ":"Trosono","WADMKC":"Sekaran","WADMKK":"Lamongan"},"geometry":{"type":"Point","coordinates":[112.3,-7.1]}},{"type":"Feature","properties":{"Line":"S119","Sp":"2264.50000000000","X":"638875.50000000000","Y":"9217800.30000000075","NAMOBJ":"Trosono","WADMKC":"Sekaran","WADMKK":"Lamongan"},"geometry":{"type":"Point","coordinates":[112.3,-7.1]}},{"type":"Feature","properties":{"Line":"S119","Sp":"2268.50000000000","X":"638925.50000000000","Y":"9217800.30000000075","NAMOBJ":"Trosono","WADMKC":"Sekaran","WADMKK":"Lamongan"},"geometry":{"type":"Point","coordinates":[112.3,-7.1]}},{"type":"Feature","properties":{"Line":"S119","Sp":"2272.50000000000","X":"638975.50000000000","Y":"9217800.30000000075","NAMOBJ":"Trosono","WADMKC":"Sekaran","WADMKK":"Lamongan"},"geometry":{"type":"Point","coordinates":[112.3,-7.1]}},{"type":"Feature","properties":{"Line":"S119","Sp":"2276.50000000000","X":"639025.50000000000","Y":"9217800.30000000075","NAMOBJ":"Trosono","WADMKC":"Sekaran","WADMKK":"Lamongan"},"geometry":{"type":"Point","coordinates":[112.3,-7.1]}},{"type":"Feature","properties":{"Line":"S119","Sp":"2280.50000000000","X":"639075.50000000000","Y":"9217800.30000000075","NAMOBJ":"Trosono","WADMKC":"Sekaran","WADMKK":"Lamongan"},"geometry":{"type":"Point","coordinates":[112.3,-7.1]}},{"type":"Feature","properties":{"Line":"S119","Sp":"2284.50000000000","X":"639125.50000000000","Y":"9217800.30000000075","NAMOBJ":"Trosono","WADMKC":"Sekaran","WADMKK":"Lamongan"},"geometry":{"type":"Point","coordinates":[112.3,-7.1]}},{"type":"Feature","properties":{"Line":"S119","Sp":"2288.50000000000","X":"639175.50000000000","Y":"9217800.30000000075","NAMOBJ":"Trosono","WADMKC":"Sekaran","WADMKK":"Lamongan"},"geometry":{"type":"Point","coordinates":[112.3,-7.1]}},{"type":"Feature","properties":{"Line":"S119","Sp":"2292.50000000000","X":"639225.50000000000","Y":"9217800.30000000075","NAMOBJ":"Trosono","WADMKC":"Sekaran","WADMKK":"Lamongan"},"geometry":{"type":"Point","coordinates":[112.3,-7.1]}},{"type":"Feature","properties":{"Line":"S119","Sp":"2296.50000000000","X":"639275.50000000000","Y":"9217800.30000000075","NAMOBJ":"Trosono","WADMKC":"Sekaran","WADMKK":"Lamongan"},"geometry":{"type":"Point","coordinates":[112.3,-7.1]}},{"type":"Feature","properties":{"Line":"S119","Sp":"2300.50000000000","X":"639325.50000000000","Y":"9217800.30000000075","NAMOBJ":"Trosono","WADMKC":"Sekaran","WADMKK":"Lamongan"},"geometry":{"type":"Point","coordinates":[112.3,-7.1]}},{"type":"Feature","properties":{"Line":"S120","Sp":"1740.50000000000","X":"639300.50000000000","Y":"9218575.30000000075","NAMOBJ":"Trosono","WADMKC":"Sekaran","WADMKK":"Lamongan"},"geometry":{"type":"Point","coordinates":[112.3,-7.1]}},{"type":"Feature","properties":{"Line":"S120","Sp":"1744.50000000000","X":"639300.50000000000","Y":"9218525.30000000075","NAMOBJ":"Trosono","WADMKC":"Sekaran","WADMKK":"Lamongan"},"geometry":{"type":"Point","coordinates":[112.3,-7.1]}},{"type":"Feature","properties":{"Line":"S120","Sp":"1748.50000000000","X":"639300.50000000000","Y":"9218475.30000000075","NAMOBJ":"Trosono","WADMKC":"Sekaran","WADMKK":"Lamongan"},"geometry":{"type":"Point","coordinates":[112.3,-7.1]}},{"type":"Feature","properties":{"Line":"S120","Sp":"1752.50000000000","X":"639300.50000000000","Y":"9218425.30000000075","NAMOBJ":"Trosono","WADMKC":"Sekaran","WADMKK":"Lamongan"},"geometry":{"type":"Point","coordinates":[112.3,-7.1]}},{"type":"Feature","properties":{"Line":"S120","Sp":"1756.50000000000","X":"639300.50000000000","Y":"9218375.30000000075","NAMOBJ":"Trosono","WADMKC":"Sekaran","WADMKK":"Lamongan"},"geometry":{"type":"Point","coordinates":[112.3,-7.1]}},{"type":"Feature","properties":{"Line":"S120","Sp":"1768.50000000000","X":"639300.50000000000","Y":"9218225.30000000075","NAMOBJ":"Trosono","WADMKC":"Sekaran","WADMKK":"Lamongan"},"geometry":{"type":"Point","coordinates":[112.3,-7.1]}},{"type":"Feature","properties":{"Line":"S120","Sp":"1772.50000000000","X":"639300.50000000000","Y":"9218175.30000000075","NAMOBJ":"Trosono","WADMKC":"Sekaran","WADMKK":"Lamongan"},"geometry":{"type":"Point","coordinates":[112.3,-7.1]}},{"type":"Feature","properties":{"Line":"S120","Sp":"1776.50000000000","X":"639300.50000000000","Y":"9218125.30000000075","NAMOBJ":"Trosono","WADMKC":"Sekaran","WADMKK":"Lamongan"},"geometry":{"type":"Point","coordinates":[112.3,-7.1]}},{"type":"Feature","properties":{"Line":"S120","Sp":"1780.50000000000","X":"639300.50000000000","Y":"9218075.30000000075","NAMOBJ":"Trosono","WADMKC":"Sekaran","WADMKK":"Lamongan"},"geometry":{"type":"Point","coordinates":[112.3,-7.1]}},{"type":"Feature","properties":{"Line":"S120","Sp":"1784.50000000000","X":"639300.50000000000","Y":"9218025.30000000075","NAMOBJ":"Trosono","WADMKC":"Sekaran","WADMKK":"Lamongan"},"geometry":{"type":"Point","coordinates":[112.3,-7.1]}},{"type":"Feature","properties":{"Line":"S120","Sp":"1788.50000000000","X":"639300.50000000000","Y":"9217975.30000000075","NAMOBJ":"Trosono","WADMKC":"Sekaran","WADMKK":"Lamongan"},"geometry":{"type":"Point","coordinates":[112.3,-7.1]}},{"type":"Feature","properties":{"Line":"S120","Sp":"1792.50000000000","X":"639300.50000000000","Y":"9217925.30000000075","NAMOBJ":"Trosono","WADMKC":"Sekaran","WADMKK":"Lamongan"},"geometry":{"type":"Point","coordinates":[112.3,-7.1]}},{"type":"Feature","properties":{"Line":"S120","Sp":"1796.50000000000","X":"639300.50000000000","Y":"9217875.30000000075","NAMOBJ":"Trosono","WADMKC":"Sekaran","WADMKK":"Lamongan"},"geometry":{"type":"Point","coordinates":[112.3,-7.1]}},{"type":"Feature","properties":{"Line":"S120","Sp":"1800.50000000000","X":"639300.50000000000","Y":"9217825.30000000075","NAMOBJ":"Trosono","WADMKC":"Sekaran","WADMKK":"Lamongan"},"geometry":{"type":"Point","coordinates":[112.3,-7.1]}},{"type":"Feature","properties":{"Line":"S120","Sp":"1804.50000000000","X":"639300.50000000000","Y":"9217775.30000000075","NAMOBJ":"Trosono","WADMKC":"Sekaran","WADMKK":"Lamongan"},"geometry":{"type":"Point","coordinates":[112.3,-7.1]}},{"type":"Feature","properties":{"Line":"S120","Sp":"1808.50000000000","X":"639300.50000000000","Y":"9217725.30000000075","NAMOBJ":"Trosono","WADMKC":"Sekaran","WADMKK":"Lamongan"},"geometry":{"type":"Point","coordinates":[112.3,-7.1]}},{"type":"Feature","properties":{"Line":"S120","Sp":"1812.50000000000","X":"639300.50000000000","Y":"9217675.30000000075","NAMOBJ":"Trosono","WADMKC":"Sekaran","WADMKK":"Lamongan"},"geometry":{"type":"Point","coordinates":[112.3,-7.1]}},{"type":"Feature","properties":{"Line":"S120","Sp":"1816.50000000000","X":"639300.50000000000","Y":"9217625.30000000075","NAMOBJ":"Trosono","WADMKC":"Sekaran","WADMKK":"Lamongan"},"geometry":{"type":"Point","coordinates":[112.3,-7.1]}},{"type":"Feature","properties":{"Line":"S120","Sp":"1820.50000000000","X":"639300.50000000000","Y":"9217575.30000000075","NAMOBJ":"Trosono","WADMKC":"Sekaran","WADMKK":"Lamongan"},"geometry":{"type":"Point","coordinates":[112.3,-7.1]}},{"type":"Feature","properties":{"Line":"S120","Sp":"1824.50000000000","X":"639300.50000000000","Y":"9217525.30000000075","NAMOBJ":"Trosono","WADMKC":"Sekaran","WADMKK":"Lamongan"},"geometry":{"type":"Point","coordinates":[112.3,-7.1]}},{"type":"Feature","properties":{"Line":"S120","Sp":"1828.50000000000","X":"639300.50000000000","Y":"9217475.30000000075","NAMOBJ":"Trosono","WADMKC":"Sekaran","WADMKK":"Lamongan"},"geometry":{"type":"Point","coordinates":[112.3,-7.1]}},{"type":"Feature","properties":{"Line":"S120","Sp":"1832.50000000000","X":"639300.50000000000","Y":"9217425.30000000075","NAMOBJ":"Trosono","WADMKC":"Sekaran","WADMKK":"Lamongan"},"geometry":{"type":"Point","coordinates":[112.3,-7.1]}},{"type":"Feature","properties":{"Line":"S120","Sp":"1836.50000000000","X":"639300.50000000000","Y":"9217375.30000000075","NAMOBJ":"Trosono","WADMKC":"Sekaran","WADMKK":"Lamongan"},"geometry":{"type":"Point","coordinates":[112.3,-7.1]}},{"type":"Feature","properties":{"Line":"S120","Sp":"1840.50000000000","X":"639300.50000000000","Y":"9217325.30000000075","NAMOBJ":"Trosono","WADMKC":"Sekaran","WADMKK":"Lamongan"},"geometry":{"type":"Point","coordinates":[112.3,-7.1]}},{"type":"Feature","properties":{"Line":"S120","Sp":"1844.50000000000","X":"639300.50000000000","Y":"9217275.30000000075","NAMOBJ":"Trosono","WADMKC":"Sekaran","WADMKK":"Lamongan"},"geometry":{"type":"Point","coordinates":[112.3,-7.1]}},{"type":"Feature","properties":{"Line":"S120","Sp":"1848.50000000000","X":"639300.50000000000","Y":"9217225.30000000075","NAMOBJ":"Trosono","WADMKC":"Sekaran","WADMKK":"Lamongan"},"geometry":{"type":"Point","coordinates":[112.3,-7.1]}},{"type":"Feature","properties":{"Line":"S120","Sp":"1852.50000000000","X":"639300.50000000000","Y":"9217175.30000000075","NAMOBJ":"Trosono","WADMKC":"Sekaran","WADMKK":"Lamongan"},"geometry":{"type":"Point","coordinates":[112.3,-7.1]}},{"type":"Feature","properties":{"Line":"S120","Sp":"1856.50000000000","X":"639300.50000000000","Y":"9217125.30000000075","NAMOBJ":"Trosono","WADMKC":"Sekaran","WADMKK":"Lamongan"},"geometry":{"type":"Point","coordinates":[112.3,-7.1]}},{"type":"Feature","properties":{"Line":"S120","Sp":"1860.50000000000","X":"639300.50000000000","Y":"9217075.30000000075","NAMOBJ":"Trosono","WADMKC":"Sekaran","WADMKK":"Lamongan"},"geometry":{"type":"Point","coordinates":[112.3,-7.1]}},{"type":"Feature","properties":{"Line":"S120","Sp":"1864.50000000000","X":"639300.50000000000","Y":"9217025.30000000075","NAMOBJ":"Trosono","WADMKC":"Sekaran","WADMKK":"Lamongan"},"geometry":{"type":"Point","coordinates":[112.3,-7.1]}},{"type":"Feature","properties":{"Line":"S120","Sp":"1868.50000000000","X":"639300.50000000000","Y":"9216975.30000000075","NAMOBJ":"Trosono","WADMKC":"Sekaran","WADMKK":"Lamongan"},"geometry":{"type":"Point","coordinates":[112.3,-7.1]}},{"type":"Feature","properties":{"Line":"S120","Sp":"1872.50000000000","X":"639300.50000000000","Y":"9216925.30000000075","NAMOBJ":"Trosono","WADMKC":"Sekaran","WADMKK":"Lamongan"},"geometry":{"type":"Point","coordinates":[112.3,-7.1]}},{"type":"Feature","properties":{"Line":"S120","Sp":"1876.50000000000","X":"639300.50000000000","Y":"9216875.30000000075","NAMOBJ":"Trosono","WADMKC":"Sekaran","WADMKK":"Lamongan"},"geometry":{"type":"Point","coordinates":[112.3,-7.1]}},{"type":"Feature","properties":{"Line":"S120","Sp":"1880.50000000000","X":"639300.50000000000","Y":"9216825.30000000075","NAMOBJ":"Trosono","WADMKC":"Sekaran","WADMKK":"Lamongan"},"geometry":{"type":"Point","coordinates":[112.3,-7.1]}},{"type":"Feature","properties":{"Line":"S120","Sp":"1884.50000000000","X":"639300.50000000000","Y":"9216775.30000000075","NAMOBJ":"Trosono","WADMKC":"Sekaran","WADMKK":"Lamongan"},"geometry":{"type":"Point","coordinates":[112.3,-7.1]}},{"type":"Feature","properties":{"Line":"S120","Sp":"1888.50000000000","X":"639300.50000000000","Y":"9216725.30000000075","NAMOBJ":"Trosono","WADMKC":"Sekaran","WADMKK":"Lamongan"},"geometry":{"type":"Point","coordinates":[112.3,-7.1]}},{"type":"Feature","properties":{"Line":"S120","Sp":"1892.50000000000","X":"639300.50000000000","Y":"9216675.30000000075","NAMOBJ":"Trosono","WADMKC":"Sekaran","WADMKK":"Lamongan"},"geometry":{"type":"Point","coordinates":[112.3,-7.1]}},{"type":"Feature","properties":{"Line":"S121","Sp":"2252.50000000000","X":"638625.50000000000","Y":"9218800.30000000075","NAMOBJ":"Trosono","WADMKC":"Sekaran","WADMKK":"Lamongan"},"geometry":{"type":"Point","coordinates":[112.3,-7.1]}},{"type":"Feature","properties":{"Line":"S121","Sp":"2256.50000000000","X":"638675.50000000000","Y":"9218800.30000000075","NAMOBJ":"Trosono","WADMKC":"Sekaran","WADMKK":"Lamongan"},"geometry":{"type":"Point","coordinates":[112.3,-7.1]}},{"type":"Feature","properties":{"Line":"S121","Sp":"2260.50000000000","X":"638725.50000000000","Y":"9218800.30000000075","NAMOBJ":"Trosono","WADMKC":"Sekaran","WADMKK":"Lamongan"},"geometry":{"type":"Point","coordinates":[112.3,-7.1]}},{"type":"Feature","properties":{"Line":"S121","Sp":"2264.50000000000","X":"638775.50000000000","Y":"9218800.30000000075","NAMOBJ":"Trosono","WADMKC":"Sekaran","WADMKK":"Lamongan"},"geometry":{"type":"Point","coordinates":[112.3,-7.1]}},{"type":"Feature","properties":{"Line":"S121","Sp":"2268.50000000000","X":"638825.50000000000","Y":"9218800.30000000075","NAMOBJ":"Trosono","WADMKC":"Sekaran","WADMKK":"Lamongan"},"geometry":{"type":"Point","coordinates":[112.3,-7.1]}},{"type":"Feature","properties":{"Line":"S121","Sp":"2272.50000000000","X":"638875.50000000000","Y":"9218800.30000000075","NAMOBJ":"Trosono","WADMKC":"Sekaran","WADMKK":"Lamongan"},"geometry":{"type":"Point","coordinates":[112.3,-7.1]}},{"type":"Feature","properties":{"Line":"S121","Sp":"2276.50000000000","X":"638925.50000000000","Y":"9218800.30000000075","NAMOBJ":"Trosono","WADMKC":"Sekaran","WADMKK":"Lamongan"},"geometry":{"type":"Point","coordinates":[112.3,-7.1]}},{"type":"Feature","properties":{"Line":"S121","Sp":"2280.50000000000","X":"638975.50000000000","Y":"9218800.30000000075","NAMOBJ":"Trosono","WADMKC":"Sekaran","WADMKK":"Lamongan"},"geometry":{"type":"Point","coordinates":[112.3,-7.1]}},{"type":"Feature","properties":{"Line":"S121","Sp":"2284.50000000000","X":"639025.50000000000","Y":"9218800.30000000075","NAMOBJ":"Trosono","WADMKC":"Sekaran","WADMKK":"Lamongan"},"geometry":{"type":"Point","coordinates":[112.3,-7.1]}},{"type":"Feature","properties":{"Line":"S121","Sp":"2288.50000000000","X":"639075.50000000000","Y":"9218800.30000000075","NAMOBJ":"Trosono","WADMKC":"Sekaran","WADMKK":"Lamongan"},"geometry":{"type":"Point","coordinates":[112.3,-7.1]}},{"type":"Feature","properties":{"Line":"S121","Sp":"2292.50000000000","X":"639125.50000000000","Y":"9218800.30000000075","NAMOBJ":"Trosono","WADMKC":"Sekaran","WADMKK":"Lamongan"},"geometry":{"type":"Point","coordinates":[112.3,-7.1]}},{"type":"Feature","properties":{"Line":"S121","Sp":"2296.50000000000","X":"639175.50000000000","Y":"9218800.30000000075","NAMOBJ":"Trosono","WADMKC":"Sekaran","WADMKK":"Lamongan"},"geometry":{"type":"Point","coordinates":[112.3,-7.1]}},{"type":"Feature","properties":{"Line":"S105","Sp":"2292.50000000000","X":"640125.50000000000","Y":"9210800.30000000075","NAMOBJ":"Wanar","WADMKC":"Pucuk","WADMKK":"Lamongan"},"geometry":{"type":"Point","coordinates":[112.3,-7.1]}},{"type":"Feature","properties":{"Line":"S105","Sp":"2296.50000000000","X":"640175.50000000000","Y":"9210800.30000000075","NAMOBJ":"Wanar","WADMKC":"Pucuk","WADMKK":"Lamongan"},"geometry":{"type":"Point","coordinates":[112.3,-7.1]}},{"type":"Feature","properties":{"Line":"S105","Sp":"2300.50000000000","X":"640225.50000000000","Y":"9210800.30000000075","NAMOBJ":"Wanar","WADMKC":"Pucuk","WADMKK":"Lamongan"},"geometry":{"type":"Point","coordinates":[112.3,-7.1]}},{"type":"Feature","properties":{"Line":"S105","Sp":"2304.50000000000","X":"640275.50000000000","Y":"9210800.30000000075","NAMOBJ":"Wanar","WADMKC":"Pucuk","WADMKK":"Lamongan"},"geometry":{"type":"Point","coordinates":[112.3,-7.1]}},{"type":"Feature","properties":{"Line":"S105","Sp":"2308.50000000000","X":"640325.50000000000","Y":"9210800.30000000075","NAMOBJ":"Wanar","WADMKC":"Pucuk","WADMKK":"Lamongan"},"geometry":{"type":"Point","coordinates":[112.3,-7.1]}},{"type":"Feature","properties":{"Line":"S105","Sp":"2312.50000000000","X":"640375.50000000000","Y":"9210800.30000000075","NAMOBJ":"Wanar","WADMKC":"Pucuk","WADMKK":"Lamongan"},"geometry":{"type":"Point","coordinates":[112.3,-7.1]}},{"type":"Feature","properties":{"Line":"S105","Sp":"2316.50000000000","X":"640425.50000000000","Y":"9210800.30000000075","NAMOBJ":"Wanar","WADMKC":"Pucuk","WADMKK":"Lamongan"},"geometry":{"type":"Point","coordinates":[112.3,-7.1]}},{"type":"Feature","properties":{"Line":"S105","Sp":"2320.50000000000","X":"640475.50000000000","Y":"9210800.30000000075","NAMOBJ":"Wanar","WADMKC":"Pucuk","WADMKK":"Lamongan"},"geometry":{"type":"Point","coordinates":[112.3,-7.1]}},{"type":"Feature","properties":{"Line":"S105","Sp":"2324.50000000000","X":"640525.50000000000","Y":"9210800.30000000075","NAMOBJ":"Wanar","WADMKC":"Pucuk","WADMKK":"Lamongan"},"geometry":{"type":"Point","coordinates":[112.3,-7.1]}},{"type":"Feature","properties":{"Line":"S105","Sp":"2328.50000000000","X":"640575.50000000000","Y":"9210800.30000000075","NAMOBJ":"Wanar","WADMKC":"Pucuk","WADMKK":"Lamongan"},"geometry":{"type":"Point","coordinates":[112.3,-7.1]}},{"type":"Feature","properties":{"Line":"S105","Sp":"2332.50000000000","X":"640625.50000000000","Y":"9210800.30000000075","NAMOBJ":"Wanar","WADMKC":"Pucuk","WADMKK":"Lamongan"},"geometry":{"type":"Point","coordinates":[112.3,-7.1]}},{"type":"Feature","properties":{"Line":"S105","Sp":"2336.50000000000","X":"640675.50000000000","Y":"9210800.30000000075","NAMOBJ":"Wanar","WADMKC":"Pucuk","WADMKK":"Lamongan"},"geometry":{"type":"Point","coordinates":[112.3,-7.1]}},{"type":"Feature","properties":{"Line":"S105","Sp":"2340.50000000000","X":"640725.50000000000","Y":"9210800.30000000075","NAMOBJ":"Wanar","WADMKC":"Pucuk","WADMKK":"Lamongan"},"geometry":{"type":"Point","coordinates":[112.3,-7.1]}},{"type":"Feature","properties":{"Line":"S105","Sp":"2344.50000000000","X":"640775.50000000000","Y":"9210800.30000000075","NAMOBJ":"Wanar","WADMKC":"Pucuk","WADMKK":"Lamongan"},"geometry":{"type":"Point","coordinates":[112.3,-7.1]}},{"type":"Feature","properties":{"Line":"S105","Sp":"2348.50000000000","X":"640825.50000000000","Y":"9210800.30000000075","NAMOBJ":"Wanar","WADMKC":"Pucuk","WADMKK":"Lamongan"},"geometry":{"type":"Point","coordinates":[112.3,-7.1]}},{"type":"Feature","properties":{"Line":"S105","Sp":"2352.50000000000","X":"640875.50000000000","Y":"9210800.30000000075","NAMOBJ":"Wanar","WADMKC":"Pucuk","WADMKK":"Lamongan"},"geometry":{"type":"Point","coordinates":[112.3,-7.1]}},{"type":"Feature","properties":{"Line":"S105","Sp":"2356.50000000000","X":"640925.50000000000","Y":"9210800.30000000075","NAMOBJ":"Wanar","WADMKC":"Pucuk","WADMKK":"Lamongan"},"geometry":{"type":"Point","coordinates":[112.3,-7.1]}},{"type":"Feature","properties":{"Line":"S105","Sp":"2360.50000000000","X":"640975.50000000000","Y":"9210800.30000000075","NAMOBJ":"Wanar","WADMKC":"Pucuk","WADMKK":"Lamongan"},"geometry":{"type":"Point","coordinates":[112.3,-7.1]}},{"type":"Feature","properties":{"Line":"S105","Sp":"2364.50000000000","X":"641025.50000000000","Y":"9210800.30000000075","NAMOBJ":"Wanar","WADMKC":"Pucuk","WADMKK":"Lamongan"},"geometry":{"type":"Point","coordinates":[112.3,-7.1]}},{"type":"Feature","properties":{"Line":"S105","Sp":"2368.50000000000","X":"641075.50000000000","Y":"9210800.30000000075","NAMOBJ":"Wanar","WADMKC":"Pucuk","WADMKK":"Lamongan"},"geometry":{"type":"Point","coordinates":[112.3,-7.1]}},{"type":"Feature","properties":{"Line":"S105","Sp":"2372.50000000000","X":"641125.50000000000","Y":"9210800.30000000075","NAMOBJ":"Wanar","WADMKC":"Pucuk","WADMKK":"Lamongan"},"geometry":{"type":"Point","coordinates":[112.3,-7.1]}},{"type":"Feature","properties":{"Line":"S105","Sp":"2376.50000000000","X":"641175.50000000000","Y":"9210800.30000000075","NAMOBJ":"Wanar","WADMKC":"Pucuk","WADMKK":"Lamongan"},"geometry":{"type":"Point","coordinates":[112.3,-7.1]}},{"type":"Feature","properties":{"Line":"S105","Sp":"2380.50000000000","X":"641225.50000000000","Y":"9210800.30000000075","NAMOBJ":"Wanar","WADMKC":"Pucuk","WADMKK":"Lamongan"},"geometry":{"type":"Point","coordinates":[112.3,-7.1]}},{"type":"Feature","properties":{"Line":"S105","Sp":"2384.50000000000","X":"641275.50000000000","Y":"9210800.30000000075","NAMOBJ":"Wanar","WADMKC":"Pucuk","WADMKK":"Lamongan"},"geometry":{"type":"Point","coordinates":[112.3,-7.1]}},{"type":"Feature","properties":{"Line":"S107","Sp":"2292.50000000000","X":"639375.50000000000","Y":"9211800.30000000075","NAMOBJ":"Wanar","WADMKC":"Pucuk","WADMKK":"Lamongan"},"geometry":{"type":"Point","coordinates":[112.3,-7.1]}},{"type":"Feature","properties":{"Line":"S107","Sp":"2296.50000000000","X":"639425.50000000000","Y":"9211800.30000000075","NAMOBJ":"Wanar","WADMKC":"Pucuk","WADMKK":"Lamongan"},"geometry":{"type":"Point","coordinates":[112.3,-7.1]}},{"type":"Feature","properties":{"Line":"S107","Sp":"2300.50000000000","X":"639475.50000000000","Y":"9211800.30000000075","NAMOBJ":"Wanar","WADMKC":"Pucuk","WADMKK":"Lamongan"},"geometry":{"type":"Point","coordinates":[112.3,-7.1]}},{"type":"Feature","properties":{"Line":"S107","Sp":"2304.50000000000","X":"639525.50000000000","Y":"9211800.30000000075","NAMOBJ":"Wanar","WADMKC":"Pucuk","WADMKK":"Lamongan"},"geometry":{"type":"Point","coordinates":[112.3,-7.1]}},{"type":"Feature","properties":{"Line":"S107","Sp":"2308.50000000000","X":"639575.50000000000","Y":"9211800.30000000075","NAMOBJ":"Wanar","WADMKC":"Pucuk","WADMKK":"Lamongan"},"geometry":{"type":"Point","coordinates":[112.3,-7.1]}},{"type":"Feature","properties":{"Line":"S107","Sp":"2312.50000000000","X":"639625.50000000000","Y":"9211800.30000000075","NAMOBJ":"Wanar","WADMKC":"Pucuk","WADMKK":"Lamongan"},"geometry":{"type":"Point","coordinates":[112.3,-7.1]}},{"type":"Feature","properties":{"Line":"S107","Sp":"2316.50000000000","X":"639675.50000000000","Y":"9211800.30000000075","NAMOBJ":"Wanar","WADMKC":"Pucuk","WADMKK":"Lamongan"},"geometry":{"type":"Point","coordinates":[112.3,-7.1]}},{"type":"Feature","properties":{"Line":"S107","Sp":"2320.50000000000","X":"639725.50000000000","Y":"9211800.30000000075","NAMOBJ":"Wanar","WADMKC":"Pucuk","WADMKK":"Lamongan"},"geometry":{"type":"Point","coordinates":[112.3,-7.1]}},{"type":"Feature","properties":{"Line":"S107","Sp":"2324.50000000000","X":"639775.50000000000","Y":"9211800.30000000075","NAMOBJ":"Wanar","WADMKC":"Pucuk","WADMKK":"Lamongan"},"geometry":{"type":"Point","coordinates":[112.3,-7.1]}},{"type":"Feature","properties":{"Line":"S107","Sp":"2328.50000000000","X":"639825.50000000000","Y":"9211800.30000000075","NAMOBJ":"Wanar","WADMKC":"Pucuk","WADMKK":"Lamongan"},"geometry":{"type":"Point","coordinates":[112.3,-7.1]}},{"type":"Feature","properties":{"Line":"S107","Sp":"2332.50000000000","X":"639875.50000000000","Y":"9211800.30000000075","NAMOBJ":"Wanar","WADMKC":"Pucuk","WADMKK":"Lamongan"},"geometry":{"type":"Point","coordinates":[112.3,-7.1]}},{"type":"Feature","properties":{"Line":"S107","Sp":"2336.50000000000","X":"639925.50000000000","Y":"9211800.30000000075","NAMOBJ":"Wanar","WADMKC":"Pucuk","WADMKK":"Lamongan"},"geometry":{"type":"Point","coordinates":[112.3,-7.1]}},{"type":"Feature","properties":{"Line":"S107","Sp":"2340.50000000000","X":"639975.50000000000","Y":"9211800.30000000075","NAMOBJ":"Wanar","WADMKC":"Pucuk","WADMKK":"Lamongan"},"geometry":{"type":"Point","coordinates":[112.3,-7.1]}},{"type":"Feature","properties":{"Line":"S107","Sp":"2344.50000000000","X":"640025.50000000000","Y":"9211800.30000000075","NAMOBJ":"Wanar","WADMKC":"Pucuk","WADMKK":"Lamongan"},"geometry":{"type":"Point","coordinates":[112.3,-7.1]}},{"type":"Feature","properties":{"Line":"S107","Sp":"2348.50000000000","X":"640075.50000000000","Y":"9211800.30000000075","NAMOBJ":"Wanar","WADMKC":"Pucuk","WADMKK":"Lamongan"},"geometry":{"type":"Point","coordinates":[112.3,-7.1]}},{"type":"Feature","properties":{"Line":"S107","Sp":"2352.50000000000","X":"640125.50000000000","Y":"9211800.30000000075","NAMOBJ":"Wanar","WADMKC":"Pucuk","WADMKK":"Lamongan"},"geometry":{"type":"Point","coordinates":[112.3,-7.1]}},{"type":"Feature","properties":{"Line":"S107","Sp":"2356.50000000000","X":"640175.50000000000","Y":"9211800.30000000075","NAMOBJ":"Wanar","WADMKC":"Pucuk","WADMKK":"Lamongan"},"geometry":{"type":"Point","coordinates":[112.3,-7.1]}},{"type":"Feature","properties":{"Line":"S107","Sp":"2360.50000000000","X":"640225.50000000000","Y":"9211800.30000000075","NAMOBJ":"Wanar","WADMKC":"Pucuk","WADMKK":"Lamongan"},"geometry":{"type":"Point","coordinates":[112.3,-7.1]}},{"type":"Feature","properties":{"Line":"S107","Sp":"2364.50000000000","X":"640275.50000000000","Y":"9211800.30000000075","NAMOBJ":"Wanar","WADMKC":"Pucuk","WADMKK":"Lamongan"},"geometry":{"type":"Point","coordinates":[112.3,-7.1]}},{"type":"Feature","properties":{"Line":"S107","Sp":"2368.50000000000","X":"640325.50000000000","Y":"9211800.30000000075","NAMOBJ":"Wanar","WADMKC":"Pucuk","WADMKK":"Lamongan"},"geometry":{"type":"Point","coordinates":[112.3,-7.1]}},{"type":"Feature","properties":{"Line":"S107","Sp":"2372.50000000000","X":"640375.50000000000","Y":"9211800.30000000075","NAMOBJ":"Wanar","WADMKC":"Pucuk","WADMKK":"Lamongan"},"geometry":{"type":"Point","coordinates":[112.3,-7.1]}},{"type":"Feature","properties":{"Line":"S107","Sp":"2376.50000000000","X":"640425.50000000000","Y":"9211800.30000000075","NAMOBJ":"Wanar","WADMKC":"Pucuk","WADMKK":"Lamongan"},"geometry":{"type":"Point","coordinates":[112.3,-7.1]}},{"type":"Feature","properties":{"Line":"S107","Sp":"2380.50000000000","X":"640475.50000000000","Y":"9211800.30000000075","NAMOBJ":"Wanar","WADMKC":"Pucuk","WADMKK":"Lamongan"},"geometry":{"type":"Point","coordinates":[112.3,-7.1]}},{"type":"Feature","properties":{"Line":"S107","Sp":"2384.50000000000","X":"640525.50000000000","Y":"9211800.30000000075","NAMOBJ":"Wanar","WADMKC":"Pucuk","WADMKK":"Lamongan"},"geometry":{"type":"Point","coordinates":[112.3,-7.1]}},{"type":"Feature","properties":{"Line":"S107","Sp":"2388.50000000000","X":"640575.50000000000","Y":"9211800.30000000075","NAMOBJ":"Wanar","WADMKC":"Pucuk","WADMKK":"Lamongan"},"geometry":{"type":"Point","coordinates":[112.3,-7.1]}},{"type":"Feature","properties":{"Line":"S107","Sp":"2392.50000000000","X":"640625.50000000000","Y":"9211800.30000000075","NAMOBJ":"Wanar","WADMKC":"Pucuk","WADMKK":"Lamongan"},"geometry":{"type":"Point","coordinates":[112.3,-7.1]}},{"type":"Feature","properties":{"Line":"S107","Sp":"2396.50000000000","X":"640675.50000000000","Y":"9211800.30000000075","NAMOBJ":"Wanar","WADMKC":"Pucuk","WADMKK":"Lamongan"},"geometry":{"type":"Point","coordinates":[112.3,-7.1]}},{"type":"Feature","properties":{"Line":"S107","Sp":"2400.50000000000","X":"640725.50000000000","Y":"9211800.30000000075","NAMOBJ":"Wanar","WADMKC":"Pucuk","WADMKK":"Lamongan"},"geometry":{"type":"Point","coordinates":[112.3,-7.1]}},{"type":"Feature","properties":{"Line":"S107","Sp":"2404.50000000000","X":"640775.50000000000","Y":"9211800.30000000075","NAMOBJ":"Wanar","WADMKC":"Pucuk","WADMKK":"Lamongan"},"geometry":{"type":"Point","coordinates":[112.3,-7.1]}},{"type":"Feature","properties":{"Line":"S107","Sp":"2408.50000000000","X":"640825.50000000000","Y":"9211800.30000000075","NAMOBJ":"Wanar","WADMKC":"Pucuk","WADMKK":"Lamongan"},"geometry":{"type":"Point","coordinates":[112.3,-7.1]}},{"type":"Feature","properties":{"Line":"S107","Sp":"2412.50000000000","X":"640875.50000000000","Y":"9211800.30000000075","NAMOBJ":"Wanar","WADMKC":"Pucuk","WADMKK":"Lamongan"},"geometry":{"type":"Point","coordinates":[112.3,-7.1]}},{"type":"Feature","properties":{"Line":"S107","Sp":"2416.50000000000","X":"640925.50000000000","Y":"9211800.30000000075","NAMOBJ":"Wanar","WADMKC":"Pucuk","WADMKK":"Lamongan"},"geometry":{"type":"Point","coordinates":[112.3,-7.1]}},{"type":"Feature","properties":{"Line":"S107","Sp":"2420.50000000000","X":"640975.50000000000","Y":"9211800.30000000075","NAMOBJ":"Wanar","WADMKC":"Pucuk","WADMKK":"Lamongan"},"geometry":{"type":"Point","coordinates":[112.3,-7.1]}},{"type":"Feature","properties":{"Line":"S107","Sp":"2424.50000000000","X":"641025.50000000000","Y":"9211800.30000000075","NAMOBJ":"Wanar","WADMKC":"Pucuk","WADMKK":"Lamongan"},"geometry":{"type":"Point","coordinates":[112.3,-7.1]}},{"type":"Feature","properties":{"Line":"S107","Sp":"2428.50000000000","X":"641075.50000000000","Y":"9211800.30000000075","NAMOBJ":"Wanar","WADMKC":"Pucuk","WADMKK":"Lamongan"},"geometry":{"type":"Point","coordinates":[112.3,-7.1]}},{"type":"Feature","properties":{"Line":"S107","Sp":"2432.50000000000","X":"641125.50000000000","Y":"9211800.30000000075","NAMOBJ":"Wanar","WADMKC":"Pucuk","WADMKK":"Lamongan"},"geometry":{"type":"Point","coordinates":[112.3,-7.1]}},{"type":"Feature","properties":{"Line":"S107","Sp":"2436.50000000000","X":"641175.50000000000","Y":"9211800.30000000075","NAMOBJ":"Wanar","WADMKC":"Pucuk","WADMKK":"Lamongan"},"geometry":{"type":"Point","coordinates":[112.3,-7.1]}},{"type":"Feature","properties":{"Line":"S107","Sp":"2440.50000000000","X":"641225.50000000000","Y":"9211800.30000000075","NAMOBJ":"Wanar","WADMKC":"Pucuk","WADMKK":"Lamongan"},"geometry":{"type":"Point","coordinates":[112.3,-7.1]}},{"type":"Feature","properties":{"Line":"S107","Sp":"2444.50000000000","X":"641275.50000000000","Y":"9211800.30000000075","NAMOBJ":"Wanar","WADMKC":"Pucuk","WADMKK":"Lamongan"},"geometry":{"type":"Point","coordinates":[112.3,-7.1]}},{"type":"Feature","properties":{"Line":"S107","Sp":"2448.50000000000","X":"641325.50000000000","Y":"9211800.30000000075","NAMOBJ":"Wanar","WADMKC":"Pucuk","WADMKK":"Lamongan"},"geometry":{"type":"Point","coordinates":[112.3,-7.1]}},{"type":"Feature","properties":{"Line":"S107","Sp":"2452.50000000000","X":"641375.50000000000","Y":"9211800.30000000075","NAMOBJ":"Wanar","WADMKC":"Pucuk","WADMKK":"Lamongan"},"geometry":{"type":"Point","coordinates":[112.3,-7.1]}},{"type":"Feature","properties":{"Line":"S109","Sp":"2396.50000000000","X":"640525.50000000000","Y":"9212800.30000000075","NAMOBJ":"Wanar","WADMKC":"Pucuk","WADMKK":"Lamongan"},"geometry":{"type":"Point","coordinates":[112.3,-7.1]}},{"type":"Feature","properties":{"Line":"S109","Sp":"2400.50000000000","X":"640575.50000000000","Y":"9212800.30000000075","NAMOBJ":"Wanar","WADMKC":"Pucuk","WADMKK":"Lamongan"},"geometry":{"type":"Point","coordinates":[112.3,-7.1]}},{"type":"Feature","properties":{"Line":"S109","Sp":"2404.50000000000","X":"640625.50000000000","Y":"9212800.30000000075","NAMOBJ":"Wanar","WADMKC":"Pucuk","WADMKK":"Lamongan"},"geometry":{"type":"Point","coordinates":[112.3,-7.1]}},{"type":"Feature","properties":{"Line":"S109","Sp":"2408.50000000000","X":"640675.50000000000","Y":"9212800.30000000075","NAMOBJ":"Wanar","WADMKC":"Pucuk","WADMKK":"Lamongan"},"geometry":{"type":"Point","coordinates":[112.3,-7.1]}},{"type":"Feature","properties":{"Line":"S109","Sp":"2412.50000000000","X":"640725.50000000000","Y":"9212800.30000000075","NAMOBJ":"Wanar","WADMKC":"Pucuk","WADMKK":"Lamongan"},"geometry":{"type":"Point","coordinates":[112.3,-7.1]}},{"type":"Feature","properties":{"Line":"S109","Sp":"2416.50000000000","X":"640775.50000000000","Y":"9212800.30000000075","NAMOBJ":"Wanar","WADMKC":"Pucuk","WADMKK":"Lamongan"},"geometry":{"type":"Point","coordinates":[112.3,-7.1]}},{"type":"Feature","properties":{"Line":"S109","Sp":"2420.50000000000","X":"640825.50000000000","Y":"9212800.30000000075","NAMOBJ":"Wanar","WADMKC":"Pucuk","WADMKK":"Lamongan"},"geometry":{"type":"Point","coordinates":[112.3,-7.1]}},{"type":"Feature","properties":{"Line":"S109","Sp":"2424.50000000000","X":"640875.50000000000","Y":"9212800.30000000075","NAMOBJ":"Wanar","WADMKC":"Pucuk","WADMKK":"Lamongan"},"geometry":{"type":"Point","coordinates":[112.3,-7.1]}},{"type":"Feature","properties":{"Line":"S109","Sp":"2428.50000000000","X":"640925.50000000000","Y":"9212800.30000000075","NAMOBJ":"Wanar","WADMKC":"Pucuk","WADMKK":"Lamongan"},"geometry":{"type":"Point","coordinates":[112.3,-7.1]}},{"type":"Feature","properties":{"Line":"S109","Sp":"2432.50000000000","X":"640975.50000000000","Y":"9212800.30000000075","NAMOBJ":"Wanar","WADMKC":"Pucuk","WADMKK":"Lamongan"},"geometry":{"type":"Point","coordinates":[112.3,-7.1]}},{"type":"Feature","properties":{"Line":"S109","Sp":"2436.50000000000","X":"641025.50000000000","Y":"9212800.30000000075","NAMOBJ":"Wanar","WADMKC":"Pucuk","WADMKK":"Lamongan"},"geometry":{"type":"Point","coordinates":[112.3,-7.1]}},{"type":"Feature","properties":{"Line":"S109","Sp":"2440.50000000000","X":"641075.50000000000","Y":"9212800.30000000075","NAMOBJ":"Wanar","WADMKC":"Pucuk","WADMKK":"Lamongan"},"geometry":{"type":"Point","coordinates":[112.3,-7.1]}},{"type":"Feature","properties":{"Line":"S109","Sp":"2444.50000000000","X":"641125.50000000000","Y":"9212800.30000000075","NAMOBJ":"Wanar","WADMKC":"Pucuk","WADMKK":"Lamongan"},"geometry":{"type":"Point","coordinates":[112.3,-7.1]}},{"type":"Feature","properties":{"Line":"S109","Sp":"2448.50000000000","X":"641175.50000000000","Y":"9212800.30000000075","NAMOBJ":"Wanar","WADMKC":"Pucuk","WADMKK":"Lamongan"},"geometry":{"type":"Point","coordinates":[112.3,-7.1]}},{"type":"Feature","properties":{"Line":"S109","Sp":"2452.50000000000","X":"641225.50000000000","Y":"9212800.30000000075","NAMOBJ":"Wanar","WADMKC":"Pucuk","WADMKK":"Lamongan"},"geometry":{"type":"Point","coordinates":[112.3,-7.1]}},{"type":"Feature","properties":{"Line":"S109","Sp":"2456.50000000000","X":"641275.50000000000","Y":"9212800.30000000075","NAMOBJ":"Wanar","WADMKC":"Pucuk","WADMKK":"Lamongan"},"geometry":{"type":"Point","coordinates":[112.3,-7.1]}},{"type":"Feature","properties":{"Line":"S109","Sp":"2460.50000000000","X":"641325.50000000000","Y":"9212800.30000000075","NAMOBJ":"Wanar","WADMKC":"Pucuk","WADMKK":"Lamongan"},"geometry":{"type":"Point","coordinates":[112.3,-7.1]}},{"type":"Feature","properties":{"Line":"S109","Sp":"2464.50000000000","X":"641375.50000000000","Y":"9212800.30000000075","NAMOBJ":"Wanar","WADMKC":"Pucuk","WADMKK":"Lamongan"},"geometry":{"type":"Point","coordinates":[112.3,-7.1]}},{"type":"Feature","properties":{"Line":"S111","Sp":"2376.50000000000","X":"640325.50000000000","Y":"9213800.30000000075","NAMOBJ":"Wanar","WADMKC":"Pucuk","WADMKK":"Lamongan"},"geometry":{"type":"Point","coordinates":[112.3,-7.1]}},{"type":"Feature","properties":{"Line":"S111","Sp":"2380.50000000000","X":"640375.50000000000","Y":"9213800.30000000075","NAMOBJ":"Wanar","WADMKC":"Pucuk","WADMKK":"Lamongan"},"geometry":{"type":"Point","coordinates":[112.3,-7.1]}},{"type":"Feature","properties":{"Line":"S111","Sp":"2384.50000000000","X":"640425.50000000000","Y":"9213800.30000000075","NAMOBJ":"Wanar","WADMKC":"Pucuk","WADMKK":"Lamongan"},"geometry":{"type":"Point","coordinates":[112.3,-7.1]}},{"type":"Feature","properties":{"Line":"S111","Sp":"2388.50000000000","X":"640475.50000000000","Y":"9213800.30000000075","NAMOBJ":"Wanar","WADMKC":"Pucuk","WADMKK":"Lamongan"},"geometry":{"type":"Point","coordinates":[112.3,-7.1]}},{"type":"Feature","properties":{"Line":"S111","Sp":"2392.50000000000","X":"640525.50000000000","Y":"9213800.30000000075","NAMOBJ":"Wanar","WADMKC":"Pucuk","WADMKK":"Lamongan"},"geometry":{"type":"Point","coordinates":[112.3,-7.1]}},{"type":"Feature","properties":{"Line":"S111","Sp":"2396.50000000000","X":"640575.50000000000","Y":"9213800.30000000075","NAMOBJ":"Wanar","WADMKC":"Pucuk","WADMKK":"Lamongan"},"geometry":{"type":"Point","coordinates":[112.3,-7.1]}},{"type":"Feature","properties":{"Line":"S111","Sp":"2400.50000000000","X":"640625.50000000000","Y":"9213800.30000000075","NAMOBJ":"Wanar","WADMKC":"Pucuk","WADMKK":"Lamongan"},"geometry":{"type":"Point","coordinates":[112.3,-7.1]}},{"type":"Feature","properties":{"Line":"S111","Sp":"2404.50000000000","X":"640675.50000000000","Y":"9213800.30000000075","NAMOBJ":"Wanar","WADMKC":"Pucuk","WADMKK":"Lamongan"},"geometry":{"type":"Point","coordinates":[112.3,-7.1]}},{"type":"Feature","properties":{"Line":"S111","Sp":"2408.50000000000","X":"640725.50000000000","Y":"9213800.30000000075","NAMOBJ":"Wanar","WADMKC":"Pucuk","WADMKK":"Lamongan"},"geometry":{"type":"Point","coordinates":[112.3,-7.1]}},{"type":"Feature","properties":{"Line":"S111","Sp":"2412.50000000000","X":"640775.50000000000","Y":"9213800.30000000075","NAMOBJ":"Wanar","WADMKC":"Pucuk","WADMKK":"Lamongan"},"geometry":{"type":"Point","coordinates":[112.3,-7.1]}},{"type":"Feature","properties":{"Line":"S111","Sp":"2416.50000000000","X":"640825.50000000000","Y":"9213800.30000000075","NAMOBJ":"Wanar","WADMKC":"Pucuk","WADMKK":"Lamongan"},"geometry":{"type":"Point","coordinates":[112.3,-7.1]}},{"type":"Feature","properties":{"Line":"S111","Sp":"2420.50000000000","X":"640875.50000000000","Y":"9213800.30000000075","NAMOBJ":"Wanar","WADMKC":"Pucuk","WADMKK":"Lamongan"},"geometry":{"type":"Point","coordinates":[112.3,-7.1]}},{"type":"Feature","properties":{"Line":"S111","Sp":"2424.50000000000","X":"640925.50000000000","Y":"9213800.30000000075","NAMOBJ":"Wanar","WADMKC":"Pucuk","WADMKK":"Lamongan"},"geometry":{"type":"Point","coordinates":[112.3,-7.1]}},{"type":"Feature","properties":{"Line":"S111","Sp":"2428.50000000000","X":"640975.50000000000","Y":"9213800.30000000075","NAMOBJ":"Wanar","WADMKC":"Pucuk","WADMKK":"Lamongan"},"geometry":{"type":"Point","coordinates":[112.3,-7.1]}},{"type":"Feature","properties":{"Line":"S111","Sp":"2432.50000000000","X":"641025.50000000000","Y":"9213800.30000000075","NAMOBJ":"Wanar","WADMKC":"Pucuk","WADMKK":"Lamongan"},"geometry":{"type":"Point","coordinates":[112.3,-7.1]}},{"type":"Feature","properties":{"Line":"S111","Sp":"2436.50000000000","X":"641075.50000000000","Y":"9213800.30000000075","NAMOBJ":"Wanar","WADMKC":"Pucuk","WADMKK":"Lamongan"},"geometry":{"type":"Point","coordinates":[112.3,-7.1]}},{"type":"Feature","properties":{"Line":"S111","Sp":"2440.50000000000","X":"641125.50000000000","Y":"9213800.30000000075","NAMOBJ":"Wanar","WADMKC":"Pucuk","WADMKK":"Lamongan"},"geometry":{"type":"Point","coordinates":[112.3,-7.1]}},{"type":"Feature","properties":{"Line":"S111","Sp":"2444.50000000000","X":"641175.50000000000","Y":"9213800.30000000075","NAMOBJ":"Wanar","WADMKC":"Pucuk","WADMKK":"Lamongan"},"geometry":{"type":"Point","coordinates":[112.3,-7.1]}},{"type":"Feature","properties":{"Line":"S111","Sp":"2448.50000000000","X":"641225.50000000000","Y":"9213800.30000000075","NAMOBJ":"Wanar","WADMKC":"Pucuk","WADMKK":"Lamongan"},"geometry":{"type":"Point","coordinates":[112.3,-7.1]}},{"type":"Feature","properties":{"Line":"S111","Sp":"2452.50000000000","X":"641275.50000000000","Y":"9213800.30000000075","NAMOBJ":"Wanar","WADMKC":"Pucuk","WADMKK":"Lamongan"},"geometry":{"type":"Point","coordinates":[112.3,-7.1]}},{"type":"Feature","properties":{"Line":"S111","Sp":"2456.50000000000","X":"641325.50000000000","Y":"9213800.30000000075","NAMOBJ":"Wanar","WADMKC":"Pucuk","WADMKK":"Lamongan"},"geometry":{"type":"Point","coordinates":[112.3,-7.1]}},{"type":"Feature","properties":{"Line":"S111","Sp":"2460.50000000000","X":"641375.50000000000","Y":"9213800.30000000075","NAMOBJ":"Wanar","WADMKC":"Pucuk","WADMKK":"Lamongan"},"geometry":{"type":"Point","coordinates":[112.3,-7.1]}},{"type":"Feature","properties":{"Line":"S122","Sp":"2124.50000000000","X":"640300.50000000000","Y":"9214325.30000000075","NAMOBJ":"Wanar","WADMKC":"Pucuk","WADMKK":"Lamongan"},"geometry":{"type":"Point","coordinates":[112.3,-7.1]}},{"type":"Feature","properties":{"Line":"S122","Sp":"2128.50000000000","X":"640300.50000000000","Y":"9214275.30000000075","NAMOBJ":"Wanar","WADMKC":"Pucuk","WADMKK":"Lamongan"},"geometry":{"type":"Point","coordinates":[112.3,-7.1]}},{"type":"Feature","properties":{"Line":"S122","Sp":"2132.50000000000","X":"640300.50000000000","Y":"9214225.30000000075","NAMOBJ":"Wanar","WADMKC":"Pucuk","WADMKK":"Lamongan"},"geometry":{"type":"Point","coordinates":[112.3,-7.1]}},{"type":"Feature","properties":{"Line":"S122","Sp":"2136.50000000000","X":"640300.50000000000","Y":"9214175.30000000075","NAMOBJ":"Wanar","WADMKC":"Pucuk","WADMKK":"Lamongan"},"geometry":{"type":"Point","coordinates":[112.3,-7.1]}},{"type":"Feature","properties":{"Line":"S122","Sp":"2140.50000000000","X":"640300.50000000000","Y":"9214125.30000000075","NAMOBJ":"Wanar","WADMKC":"Pucuk","WADMKK":"Lamongan"},"geometry":{"type":"Point","coordinates":[112.3,-7.1]}},{"type":"Feature","properties":{"Line":"S122","Sp":"2144.50000000000","X":"640300.50000000000","Y":"9214075.30000000075","NAMOBJ":"Wanar","WADMKC":"Pucuk","WADMKK":"Lamongan"},"geometry":{"type":"Point","coordinates":[112.3,-7.1]}},{"type":"Feature","properties":{"Line":"S122","Sp":"2148.50000000000","X":"640300.50000000000","Y":"9214025.30000000075","NAMOBJ":"Wanar","WADMKC":"Pucuk","WADMKK":"Lamongan"},"geometry":{"type":"Point","coordinates":[112.3,-7.1]}},{"type":"Feature","properties":{"Line":"S122","Sp":"2152.50000000000","X":"640300.50000000000","Y":"9213975.30000000075","NAMOBJ":"Wanar","WADMKC":"Pucuk","WADMKK":"Lamongan"},"geometry":{"type":"Point","coordinates":[112.3,-7.1]}},{"type":"Feature","properties":{"Line":"S122","Sp":"2156.50000000000","X":"640300.50000000000","Y":"9213925.30000000075","NAMOBJ":"Wanar","WADMKC":"Pucuk","WADMKK":"Lamongan"},"geometry":{"type":"Point","coordinates":[112.3,-7.1]}},{"type":"Feature","properties":{"Line":"S122","Sp":"2160.50000000000","X":"640300.50000000000","Y":"9213875.30000000075","NAMOBJ":"Wanar","WADMKC":"Pucuk","WADMKK":"Lamongan"},"geometry":{"type":"Point","coordinates":[112.3,-7.1]}},{"type":"Feature","properties":{"Line":"S122","Sp":"2172.50000000000","X":"640300.50000000000","Y":"9213725.30000000075","NAMOBJ":"Wanar","WADMKC":"Pucuk","WADMKK":"Lamongan"},"geometry":{"type":"Point","coordinates":[112.3,-7.1]}},{"type":"Feature","properties":{"Line":"S122","Sp":"2292.50000000000","X":"640300.50000000000","Y":"9212225.30000000075","NAMOBJ":"Wanar","WADMKC":"Pucuk","WADMKK":"Lamongan"},"geometry":{"type":"Point","coordinates":[112.3,-7.1]}},{"type":"Feature","properties":{"Line":"S122","Sp":"2296.50000000000","X":"640300.50000000000","Y":"9212175.30000000075","NAMOBJ":"Wanar","WADMKC":"Pucuk","WADMKK":"Lamongan"},"geometry":{"type":"Point","coordinates":[112.3,-7.1]}},{"type":"Feature","properties":{"Line":"S122","Sp":"2300.50000000000","X":"640300.50000000000","Y":"9212125.30000000075","NAMOBJ":"Wanar","WADMKC":"Pucuk","WADMKK":"Lamongan"},"geometry":{"type":"Point","coordinates":[112.3,-7.1]}},{"type":"Feature","properties":{"Line":"S122","Sp":"2304.50000000000","X":"640300.50000000000","Y":"9212075.30000000075","NAMOBJ":"Wanar","WADMKC":"Pucuk","WADMKK":"Lamongan"},"geometry":{"type":"Point","coordinates":[112.3,-7.1]}},{"type":"Feature","properties":{"Line":"S122","Sp":"2308.50000000000","X":"640300.50000000000","Y":"9212025.30000000075","NAMOBJ":"Wanar","WADMKC":"Pucuk","WADMKK":"Lamongan"},"geometry":{"type":"Point","coordinates":[112.3,-7.1]}},{"type":"Feature","properties":{"Line":"S122","Sp":"2312.50000000000","X":"640300.50000000000","Y":"9211975.30000000075","NAMOBJ":"Wanar","WADMKC":"Pucuk","WADMKK":"Lamongan"},"geometry":{"type":"Point","coordinates":[112.3,-7.1]}},{"type":"Feature","properties":{"Line":"S122","Sp":"2316.50000000000","X":"640300.50000000000","Y":"9211925.30000000075","NAMOBJ":"Wanar","WADMKC":"Pucuk","WADMKK":"Lamongan"},"geometry":{"type":"Point","coordinates":[112.3,-7.1]}},{"type":"Feature","properties":{"Line":"S122","Sp":"2320.50000000000","X":"640300.50000000000","Y":"9211875.30000000075","NAMOBJ":"Wanar","WADMKC":"Pucuk","WADMKK":"Lamongan"},"geometry":{"type":"Point","coordinates":[112.3,-7.1]}},{"type":"Feature","properties":{"Line":"S122","Sp":"2324.50000000000","X":"640300.50000000000","Y":"9211825.30000000075","NAMOBJ":"Wanar","WADMKC":"Pucuk","WADMKK":"Lamongan"},"geometry":{"type":"Point","coordinates":[112.3,-7.1]}},{"type":"Feature","properties":{"Line":"S122","Sp":"2328.50000000000","X":"640300.50000000000","Y":"9211775.30000000075","NAMOBJ":"Wanar","WADMKC":"Pucuk","WADMKK":"Lamongan"},"geometry":{"type":"Point","coordinates":[112.3,-7.1]}},{"type":"Feature","properties":{"Line":"S122","Sp":"2332.50000000000","X":"640300.50000000000","Y":"9211725.30000000075","NAMOBJ":"Wanar","WADMKC":"Pucuk","WADMKK":"Lamongan"},"geometry":{"type":"Point","coordinates":[112.3,-7.1]}},{"type":"Feature","properties":{"Line":"S122","Sp":"2336.50000000000","X":"640300.50000000000","Y":"9211675.30000000075","NAMOBJ":"Wanar","WADMKC":"Pucuk","WADMKK":"Lamongan"},"geometry":{"type":"Point","coordinates":[112.3,-7.1]}},{"type":"Feature","properties":{"Line":"S122","Sp":"2340.50000000000","X":"640300.50000000000","Y":"9211625.30000000075","NAMOBJ":"Wanar","WADMKC":"Pucuk","WADMKK":"Lamongan"},"geometry":{"type":"Point","coordinates":[112.3,-7.1]}},{"type":"Feature","properties":{"Line":"S122","Sp":"2344.50000000000","X":"640300.50000000000","Y":"9211575.30000000075","NAMOBJ":"Wanar","WADMKC":"Pucuk","WADMKK":"Lamongan"},"geometry":{"type":"Point","coordinates":[112.3,-7.1]}},{"type":"Feature","properties":{"Line":"S122","Sp":"2348.50000000000","X":"640300.50000000000","Y":"9211525.30000000075","NAMOBJ":"Wanar","WADMKC":"Pucuk","WADMKK":"Lamongan"},"geometry":{"type":"Point","coordinates":[112.3,-7.1]}},{"type":"Feature","properties":{"Line":"S122","Sp":"2352.50000000000","X":"640300.50000000000","Y":"9211475.30000000075","NAMOBJ":"Wanar","WADMKC":"Pucuk","WADMKK":"Lamongan"},"geometry":{"type":"Point","coordinates":[112.3,-7.1]}},{"type":"Feature","properties":{"Line":"S122","Sp":"2356.50000000000","X":"640300.50000000000","Y":"9211425.30000000075","NAMOBJ":"Wanar","WADMKC":"Pucuk","WADMKK":"Lamongan"},"geometry":{"type":"Point","coordinates":[112.3,-7.1]}},{"type":"Feature","properties":{"Line":"S122","Sp":"2360.50000000000","X":"640300.50000000000","Y":"9211375.30000000075","NAMOBJ":"Wanar","WADMKC":"Pucuk","WADMKK":"Lamongan"},"geometry":{"type":"Point","coordinates":[112.3,-7.1]}},{"type":"Feature","properties":{"Line":"S122","Sp":"2364.50000000000","X":"640300.50000000000","Y":"9211325.30000000075","NAMOBJ":"Wanar","WADMKC":"Pucuk","WADMKK":"Lamongan"},"geometry":{"type":"Point","coordinates":[112.3,-7.1]}},{"type":"Feature","properties":{"Line":"S122","Sp":"2368.50000000000","X":"640300.50000000000","Y":"9211275.30000000075","NAMOBJ":"Wanar","WADMKC":"Pucuk","WADMKK":"Lamongan"},"geometry":{"type":"Point","coordinates":[112.3,-7.1]}},{"type":"Feature","properties":{"Line":"S122","Sp":"2372.50000000000","X":"640300.50000000000","Y":"9211225.30000000075","NAMOBJ":"Wanar","WADMKC":"Pucuk","WADMKK":"Lamongan"},"geometry":{"type":"Point","coordinates":[112.3,-7.1]}},{"type":"Feature","properties":{"Line":"S122","Sp":"2376.50000000000","X":"640300.50000000000","Y":"9211175.30000000075","NAMOBJ":"Wanar","WADMKC":"Pucuk","WADMKK":"Lamongan"},"geometry":{"type":"Point","coordinates":[112.3,-7.1]}},{"type":"Feature","properties":{"Line":"S122","Sp":"2380.50000000000","X":"640300.50000000000","Y":"9211125.30000000075","NAMOBJ":"Wanar","WADMKC":"Pucuk","WADMKK":"Lamongan"},"geometry":{"type":"Point","coordinates":[112.3,-7.1]}},{"type":"Feature","properties":{"Line":"S122","Sp":"2384.50000000000","X":"640300.50000000000","Y":"9211075.30000000075","NAMOBJ":"Wanar","WADMKC":"Pucuk","WADMKK":"Lamongan"},"geometry":{"type":"Point","coordinates":[112.3,-7.1]}},{"type":"Feature","properties":{"Line":"S122","Sp":"2388.50000000000","X":"640300.50000000000","Y":"9211025.30000000075","NAMOBJ":"Wanar","WADMKC":"Pucuk","WADMKK":"Lamongan"},"geometry":{"type":"Point","coordinates":[112.3,-7.1]}},{"type":"Feature","properties":{"Line":"S122","Sp":"2392.50000000000","X":"640300.50000000000","Y":"9210975.30000000075","NAMOBJ":"Wanar","WADMKC":"Pucuk","WADMKK":"Lamongan"},"geometry":{"type":"Point","coordinates":[112.3,-7.1]}},{"type":"Feature","properties":{"Line":"S122","Sp":"2396.50000000000","X":"640300.50000000000","Y":"9210925.30000000075","NAMOBJ":"Wanar","WADMKC":"Pucuk","WADMKK":"Lamongan"},"geometry":{"type":"Point","coordinates":[112.3,-7.1]}},{"type":"Feature","properties":{"Line":"S122","Sp":"2400.50000000000","X":"640300.50000000000","Y":"9210875.30000000075","NAMOBJ":"Wanar","WADMKC":"Pucuk","WADMKK":"Lamongan"},"geometry":{"type":"Point","coordinates":[112.3,-7.1]}},{"type":"Feature","properties":{"Line":"S122","Sp":"2404.50000000000","X":"640300.50000000000","Y":"9210825.30000000075","NAMOBJ":"Wanar","WADMKC":"Pucuk","WADMKK":"Lamongan"},"geometry":{"type":"Point","coordinates":[112.3,-7.1]}},{"type":"Feature","properties":{"Line":"S122","Sp":"2408.50000000000","X":"640300.50000000000","Y":"9210775.30000000075","NAMOBJ":"Wanar","WADMKC":"Pucuk","WADMKK":"Lamongan"},"geometry":{"type":"Point","coordinates":[112.3,-7.1]}},{"type":"Feature","properties":{"Line":"S122","Sp":"2412.50000000000","X":"640300.50000000000","Y":"9210725.30000000075","NAMOBJ":"Wanar","WADMKC":"Pucuk","WADMKK":"Lamongan"},"geometry":{"type":"Point","coordinates":[112.3,-7.1]}},{"type":"Feature","properties":{"Line":"S122","Sp":"2416.50000000000","X":"640300.50000000000","Y":"9210675.30000000075","NAMOBJ":"Wanar","WADMKC":"Pucuk","WADMKK":"Lamongan"},"geometry":{"type":"Point","coordinates":[112.3,-7.1]}},{"type":"Feature","properties":{"Line":"S124","Sp":"2188.50000000000","X":"641300.50000000000","Y":"9214075.30000000075","NAMOBJ":"Wanar","WADMKC":"Pucuk","WADMKK":"Lamongan"},"geometry":{"type":"Point","coordinates":[112.3,-7.1]}},{"type":"Feature","properties":{"Line":"S124","Sp":"2192.50000000000","X":"641300.50000000000","Y":"9214025.30000000075","NAMOBJ":"Wanar","WADMKC":"Pucuk","WADMKK":"Lamongan"},"geometry":{"type":"Point","coordinates":[112.3,-7.1]}},{"type":"Feature","properties":{"Line":"S124","Sp":"2196.50000000000","X":"641300.50000000000","Y":"9213975.30000000075","NAMOBJ":"Wanar","WADMKC":"Pucuk","WADMKK":"Lamongan"},"geometry":{"type":"Point","coordinates":[112.3,-7.1]}},{"type":"Feature","properties":{"Line":"S124","Sp":"2200.50000000000","X":"641300.50000000000","Y":"9213925.30000000075","NAMOBJ":"Wanar","WADMKC":"Pucuk","WADMKK":"Lamongan"},"geometry":{"type":"Point","coordinates":[112.3,-7.1]}},{"type":"Feature","properties":{"Line":"S124","Sp":"2204.50000000000","X":"641300.50000000000","Y":"9213875.30000000075","NAMOBJ":"Wanar","WADMKC":"Pucuk","WADMKK":"Lamongan"},"geometry":{"type":"Point","coordinates":[112.3,-7.1]}},{"type":"Feature","properties":{"Line":"S124","Sp":"2208.50000000000","X":"641300.50000000000","Y":"9213825.30000000075","NAMOBJ":"Wanar","WADMKC":"Pucuk","WADMKK":"Lamongan"},"geometry":{"type":"Point","coordinates":[112.3,-7.1]}},{"type":"Feature","properties":{"Line":"S124","Sp":"2212.50000000000","X":"641300.50000000000","Y":"9213775.30000000075","NAMOBJ":"Wanar","WADMKC":"Pucuk","WADMKK":"Lamongan"},"geometry":{"type":"Point","coordinates":[112.3,-7.1]}},{"type":"Feature","properties":{"Line":"S124","Sp":"2216.50000000000","X":"641300.50000000000","Y":"9213725.30000000075","NAMOBJ":"Wanar","WADMKC":"Pucuk","WADMKK":"Lamongan"},"geometry":{"type":"Point","coordinates":[112.3,-7.1]}},{"type":"Feature","properties":{"Line":"S124","Sp":"2220.50000000000","X":"641300.50000000000","Y":"9213675.30000000075","NAMOBJ":"Wanar","WADMKC":"Pucuk","WADMKK":"Lamongan"},"geometry":{"type":"Point","coordinates":[112.3,-7.1]}},{"type":"Feature","properties":{"Line":"S124","Sp":"2224.50000000000","X":"641300.50000000000","Y":"9213625.30000000075","NAMOBJ":"Wanar","WADMKC":"Pucuk","WADMKK":"Lamongan"},"geometry":{"type":"Point","coordinates":[112.3,-7.1]}},{"type":"Feature","properties":{"Line":"S124","Sp":"2228.50000000000","X":"641300.50000000000","Y":"9213575.30000000075","NAMOBJ":"Wanar","WADMKC":"Pucuk","WADMKK":"Lamongan"},"geometry":{"type":"Point","coordinates":[112.3,-7.1]}},{"type":"Feature","properties":{"Line":"S124","Sp":"2232.50000000000","X":"641300.50000000000","Y":"9213525.30000000075","NAMOBJ":"Wanar","WADMKC":"Pucuk","WADMKK":"Lamongan"},"geometry":{"type":"Point","coordinates":[112.3,-7.1]}},{"type":"Feature","properties":{"Line":"S124","Sp":"2236.50000000000","X":"641300.50000000000","Y":"9213475.30000000075","NAMOBJ":"Wanar","WADMKC":"Pucuk","WADMKK":"Lamongan"},"geometry":{"type":"Point","coordinates":[112.3,-7.1]}},{"type":"Feature","properties":{"Line":"S124","Sp":"2240.50000000000","X":"641300.50000000000","Y":"9213425.30000000075","NAMOBJ":"Wanar","WADMKC":"Pucuk","WADMKK":"Lamongan"},"geometry":{"type":"Point","coordinates":[112.3,-7.1]}},{"type":"Feature","properties":{"Line":"S124","Sp":"2244.50000000000","X":"641300.50000000000","Y":"9213375.30000000075","NAMOBJ":"Wanar","WADMKC":"Pucuk","WADMKK":"Lamongan"},"geometry":{"type":"Point","coordinates":[112.3,-7.1]}},{"type":"Feature","properties":{"Line":"S124","Sp":"2248.50000000000","X":"641300.50000000000","Y":"9213325.30000000075","NAMOBJ":"Wanar","WADMKC":"Pucuk","WADMKK":"Lamongan"},"geometry":{"type":"Point","coordinates":[112.3,-7.1]}},{"type":"Feature","properties":{"Line":"S124","Sp":"2252.50000000000","X":"641300.50000000000","Y":"9213275.30000000075","NAMOBJ":"Wanar","WADMKC":"Pucuk","WADMKK":"Lamongan"},"geometry":{"type":"Point","coordinates":[112.3,-7.1]}},{"type":"Feature","properties":{"Line":"S124","Sp":"2256.50000000000","X":"641300.50000000000","Y":"9213225.30000000075","NAMOBJ":"Wanar","WADMKC":"Pucuk","WADMKK":"Lamongan"},"geometry":{"type":"Point","coordinates":[112.3,-7.1]}},{"type":"Feature","properties":{"Line":"S124","Sp":"2260.50000000000","X":"641300.50000000000","Y":"9213175.30000000075","NAMOBJ":"Wanar","WADMKC":"Pucuk","WADMKK":"Lamongan"},"geometry":{"type":"Point","coordinates":[112.3,-7.1]}},{"type":"Feature","properties":{"Line":"S124","Sp":"2264.50000000000","X":"641300.50000000000","Y":"9213125.30000000075","NAMOBJ":"Wanar","WADMKC":"Pucuk","WADMKK":"Lamongan"},"geometry":{"type":"Point","coordinates":[112.3,-7.1]}},{"type":"Feature","properties":{"Line":"S124","Sp":"2268.50000000000","X":"641300.50000000000","Y":"9213075.30000000075","NAMOBJ":"Wanar","WADMKC":"Pucuk","WADMKK":"Lamongan"},"geometry":{"type":"Point","coordinates":[112.3,-7.1]}},{"type":"Feature","properties":{"Line":"S124","Sp":"2272.50000000000","X":"641300.50000000000","Y":"9213025.30000000075","NAMOBJ":"Wanar","WADMKC":"Pucuk","WADMKK":"Lamongan"},"geometry":{"type":"Point","coordinates":[112.3,-7.1]}},{"type":"Feature","properties":{"Line":"S124","Sp":"2276.50000000000","X":"641300.50000000000","Y":"9212975.30000000075","NAMOBJ":"Wanar","WADMKC":"Pucuk","WADMKK":"Lamongan"},"geometry":{"type":"Point","coordinates":[112.3,-7.1]}},{"type":"Feature","properties":{"Line":"S124","Sp":"2280.50000000000","X":"641300.50000000000","Y":"9212925.30000000075","NAMOBJ":"Wanar","WADMKC":"Pucuk","WADMKK":"Lamongan"},"geometry":{"type":"Point","coordinates":[112.3,-7.1]}},{"type":"Feature","properties":{"Line":"S124","Sp":"2284.50000000000","X":"641300.50000000000","Y":"9212875.30000000075","NAMOBJ":"Wanar","WADMKC":"Pucuk","WADMKK":"Lamongan"},"geometry":{"type":"Point","coordinates":[112.3,-7.1]}},{"type":"Feature","properties":{"Line":"S124","Sp":"2288.50000000000","X":"641300.50000000000","Y":"9212825.30000000075","NAMOBJ":"Wanar","WADMKC":"Pucuk","WADMKK":"Lamongan"},"geometry":{"type":"Point","coordinates":[112.3,-7.1]}},{"type":"Feature","properties":{"Line":"S124","Sp":"2292.50000000000","X":"641300.50000000000","Y":"9212775.30000000075","NAMOBJ":"Wanar","WADMKC":"Pucuk","WADMKK":"Lamongan"},"geometry":{"type":"Point","coordinates":[112.3,-7.1]}},{"type":"Feature","properties":{"Line":"S124","Sp":"2296.50000000000","X":"641300.50000000000","Y":"9212725.30000000075","NAMOBJ":"Wanar","WADMKC":"Pucuk","WADMKK":"Lamongan"},"geometry":{"type":"Point","coordinates":[112.3,-7.1]}},{"type":"Feature","properties":{"Line":"S124","Sp":"2300.50000000000","X":"641300.50000000000","Y":"9212675.30000000075","NAMOBJ":"Wanar","WADMKC":"Pucuk","WADMKK":"Lamongan"},"geometry":{"type":"Point","coordinates":[112.3,-7.1]}},{"type":"Feature","properties":{"Line":"S124","Sp":"2304.50000000000","X":"641300.50000000000","Y":"9212625.30000000075","NAMOBJ":"Wanar","WADMKC":"Pucuk","WADMKK":"Lamongan"},"geometry":{"type":"Point","coordinates":[112.3,-7.1]}},{"type":"Feature","properties":{"Line":"S124","Sp":"2308.50000000000","X":"641300.50000000000","Y":"9212575.30000000075","NAMOBJ":"Wanar","WADMKC":"Pucuk","WADMKK":"Lamongan"},"geometry":{"type":"Point","coordinates":[112.3,-7.1]}},{"type":"Feature","properties":{"Line":"S124","Sp":"2312.50000000000","X":"641300.50000000000","Y":"9212525.30000000075","NAMOBJ":"Wanar","WADMKC":"Pucuk","WADMKK":"Lamongan"},"geometry":{"type":"Point","coordinates":[112.3,-7.1]}},{"type":"Feature","properties":{"Line":"S124","Sp":"2316.50000000000","X":"641300.50000000000","Y":"9212475.30000000075","NAMOBJ":"Wanar","WADMKC":"Pucuk","WADMKK":"Lamongan"},"geometry":{"type":"Point","coordinates":[112.3,-7.1]}},{"type":"Feature","properties":{"Line":"S124","Sp":"2320.50000000000","X":"641300.50000000000","Y":"9212425.30000000075","NAMOBJ":"Wanar","WADMKC":"Pucuk","WADMKK":"Lamongan"},"geometry":{"type":"Point","coordinates":[112.3,-7.1]}},{"type":"Feature","properties":{"Line":"S124","Sp":"2324.50000000000","X":"641300.50000000000","Y":"9212375.30000000075","NAMOBJ":"Wanar","WADMKC":"Pucuk","WADMKK":"Lamongan"},"geometry":{"type":"Point","coordinates":[112.3,-7.1]}},{"type":"Feature","properties":{"Line":"S124","Sp":"2328.50000000000","X":"641300.50000000000","Y":"9212325.30000000075","NAMOBJ":"Wanar","WADMKC":"Pucuk","WADMKK":"Lamongan"},"geometry":{"type":"Point","coordinates":[112.3,-7.1]}},{"type":"Feature","properties":{"Line":"S124","Sp":"2332.50000000000","X":"641300.50000000000","Y":"9212275.30000000075","NAMOBJ":"Wanar","WADMKC":"Pucuk","WADMKK":"Lamongan"},"geometry":{"type":"Point","coordinates":[112.3,-7.1]}},{"type":"Feature","properties":{"Line":"S124","Sp":"2336.50000000000","X":"641300.50000000000","Y":"9212225.30000000075","NAMOBJ":"Wanar","WADMKC":"Pucuk","WADMKK":"Lamongan"},"geometry":{"type":"Point","coordinates":[112.3,-7.1]}},{"type":"Feature","properties":{"Line":"S124","Sp":"2340.50000000000","X":"641300.50000000000","Y":"9212175.30000000075","NAMOBJ":"Wanar","WADMKC":"Pucuk","WADMKK":"Lamongan"},"geometry":{"type":"Point","coordinates":[112.3,-7.1]}},{"type":"Feature","properties":{"Line":"S124","Sp":"2344.50000000000","X":"641300.50000000000","Y":"9212125.30000000075","NAMOBJ":"Wanar","WADMKC":"Pucuk","WADMKK":"Lamongan"},"geometry":{"type":"Point","coordinates":[112.3,-7.1]}},{"type":"Feature","properties":{"Line":"S124","Sp":"2348.50000000000","X":"641300.50000000000","Y":"9212075.30000000075","NAMOBJ":"Wanar","WADMKC":"Pucuk","WADMKK":"Lamongan"},"geometry":{"type":"Point","coordinates":[112.3,-7.1]}},{"type":"Feature","properties":{"Line":"S124","Sp":"2352.50000000000","X":"641300.50000000000","Y":"9212025.30000000075","NAMOBJ":"Wanar","WADMKC":"Pucuk","WADMKK":"Lamongan"},"geometry":{"type":"Point","coordinates":[112.3,-7.1]}},{"type":"Feature","properties":{"Line":"S124","Sp":"2356.50000000000","X":"641300.50000000000","Y":"9211975.30000000075","NAMOBJ":"Wanar","WADMKC":"Pucuk","WADMKK":"Lamongan"},"geometry":{"type":"Point","coordinates":[112.3,-7.1]}},{"type":"Feature","properties":{"Line":"S124","Sp":"2360.50000000000","X":"641300.50000000000","Y":"9211925.30000000075","NAMOBJ":"Wanar","WADMKC":"Pucuk","WADMKK":"Lamongan"},"geometry":{"type":"Point","coordinates":[112.3,-7.1]}},{"type":"Feature","properties":{"Line":"S124","Sp":"2364.50000000000","X":"641300.50000000000","Y":"9211875.30000000075","NAMOBJ":"Wanar","WADMKC":"Pucuk","WADMKK":"Lamongan"},"geometry":{"type":"Point","coordinates":[112.3,-7.1]}},{"type":"Feature","properties":{"Line":"S124","Sp":"2368.50000000000","X":"641300.50000000000","Y":"9211825.30000000075","NAMOBJ":"Wanar","WADMKC":"Pucuk","WADMKK":"Lamongan"},"geometry":{"type":"Point","coordinates":[112.3,-7.1]}},{"type":"Feature","properties":{"Line":"S124","Sp":"2372.50000000000","X":"641300.50000000000","Y":"9211775.30000000075","NAMOBJ":"Wanar","WADMKC":"Pucuk","WADMKK":"Lamongan"},"geometry":{"type":"Point","coordinates":[112.3,-7.1]}},{"type":"Feature","properties":{"Line":"S124","Sp":"2376.50000000000","X":"641300.50000000000","Y":"9211725.30000000075","NAMOBJ":"Wanar","WADMKC":"Pucuk","WADMKK":"Lamongan"},"geometry":{"type":"Point","coordinates":[112.3,-7.1]}},{"type":"Feature","properties":{"Line":"S124","Sp":"2380.50000000000","X":"641300.50000000000","Y":"9211675.30000000075","NAMOBJ":"Wanar","WADMKC":"Pucuk","WADMKK":"Lamongan"},"geometry":{"type":"Point","coordinates":[112.3,-7.1]}},{"type":"Feature","properties":{"Line":"S124","Sp":"2384.50000000000","X":"641300.50000000000","Y":"9211625.30000000075","NAMOBJ":"Wanar","WADMKC":"Pucuk","WADMKK":"Lamongan"},"geometry":{"type":"Point","coordinates":[112.3,-7.1]}},{"type":"Feature","properties":{"Line":"S124","Sp":"2388.50000000000","X":"641300.50000000000","Y":"9211575.30000000075","NAMOBJ":"Wanar","WADMKC":"Pucuk","WADMKK":"Lamongan"},"geometry":{"type":"Point","coordinates":[112.3,-7.1]}},{"type":"Feature","properties":{"Line":"S124","Sp":"2392.50000000000","X":"641300.50000000000","Y":"9211525.30000000075","NAMOBJ":"Wanar","WADMKC":"Pucuk","WADMKK":"Lamongan"},"geometry":{"type":"Point","coordinates":[112.3,-7.1]}},{"type":"Feature","properties":{"Line":"S124","Sp":"2396.50000000000","X":"641300.50000000000","Y":"9211475.30000000075","NAMOBJ":"Wanar","WADMKC":"Pucuk","WADMKK":"Lamongan"},"geometry":{"type":"Point","coordinates":[112.3,-7.1]}},{"type":"Feature","properties":{"Line":"S124","Sp":"2400.50000000000","X":"641300.50000000000","Y":"9211425.30000000075","NAMOBJ":"Wanar","WADMKC":"Pucuk","WADMKK":"Lamongan"},"geometry":{"type":"Point","coordinates":[112.3,-7.1]}},{"type":"Feature","properties":{"Line":"S113","Sp":"2308.50000000000","X":"640575.50000000000","Y":"9214800.30000000075","NAMOBJ":"Warukulon","WADMKC":"Pucuk","WADMKK":"Lamongan"},"geometry":{"type":"Point","coordinates":[112.3,-7.1]}},{"type":"Feature","properties":{"Line":"S113","Sp":"2312.50000000000","X":"640625.50000000000","Y":"9214800.30000000075","NAMOBJ":"Warukulon","WADMKC":"Pucuk","WADMKK":"Lamongan"},"geometry":{"type":"Point","coordinates":[112.3,-7.1]}},{"type":"Feature","properties":{"Line":"S113","Sp":"2316.50000000000","X":"640675.50000000000","Y":"9214800.30000000075","NAMOBJ":"Warukulon","WADMKC":"Pucuk","WADMKK":"Lamongan"},"geometry":{"type":"Point","coordinates":[112.3,-7.1]}},{"type":"Feature","properties":{"Line":"S113","Sp":"2320.50000000000","X":"640725.50000000000","Y":"9214800.30000000075","NAMOBJ":"Warukulon","WADMKC":"Pucuk","WADMKK":"Lamongan"},"geometry":{"type":"Point","coordinates":[112.3,-7.1]}},{"type":"Feature","properties":{"Line":"S113","Sp":"2324.50000000000","X":"640775.50000000000","Y":"9214800.30000000075","NAMOBJ":"Warukulon","WADMKC":"Pucuk","WADMKK":"Lamongan"},"geometry":{"type":"Point","coordinates":[112.3,-7.1]}},{"type":"Feature","properties":{"Line":"S113","Sp":"2328.50000000000","X":"640825.50000000000","Y":"9214800.30000000075","NAMOBJ":"Warukulon","WADMKC":"Pucuk","WADMKK":"Lamongan"},"geometry":{"type":"Point","coordinates":[112.3,-7.1]}},{"type":"Feature","properties":{"Line":"S113","Sp":"2332.50000000000","X":"640875.50000000000","Y":"9214800.30000000075","NAMOBJ":"Warukulon","WADMKC":"Pucuk","WADMKK":"Lamongan"},"geometry":{"type":"Point","coordinates":[112.3,-7.1]}},{"type":"Feature","properties":{"Line":"S113","Sp":"2336.50000000000","X":"640925.50000000000","Y":"9214800.30000000075","NAMOBJ":"Warukulon","WADMKC":"Pucuk","WADMKK":"Lamongan"},"geometry":{"type":"Point","coordinates":[112.3,-7.1]}},{"type":"Feature","properties":{"Line":"S113","Sp":"2340.50000000000","X":"640975.50000000000","Y":"9214800.30000000075","NAMOBJ":"Warukulon","WADMKC":"Pucuk","WADMKK":"Lamongan"},"geometry":{"type":"Point","coordinates":[112.3,-7.1]}},{"type":"Feature","properties":{"Line":"S113","Sp":"2344.50000000000","X":"641025.50000000000","Y":"9214800.30000000075","NAMOBJ":"Warukulon","WADMKC":"Pucuk","WADMKK":"Lamongan"},"geometry":{"type":"Point","coordinates":[112.3,-7.1]}},{"type":"Feature","properties":{"Line":"S113","Sp":"2348.50000000000","X":"641075.50000000000","Y":"9214800.30000000075","NAMOBJ":"Warukulon","WADMKC":"Pucuk","WADMKK":"Lamongan"},"geometry":{"type":"Point","coordinates":[112.3,-7.1]}},{"type":"Feature","properties":{"Line":"S113","Sp":"2352.50000000000","X":"641125.50000000000","Y":"9214800.30000000075","NAMOBJ":"Warukulon","WADMKC":"Pucuk","WADMKK":"Lamongan"},"geometry":{"type":"Point","coordinates":[112.3,-7.1]}},{"type":"Feature","properties":{"Line":"S113","Sp":"2356.50000000000","X":"641175.50000000000","Y":"9214800.30000000075","NAMOBJ":"Warukulon","WADMKC":"Pucuk","WADMKK":"Lamongan"},"geometry":{"type":"Point","coordinates":[112.3,-7.1]}},{"type":"Feature","properties":{"Line":"S113","Sp":"2360.50000000000","X":"641225.50000000000","Y":"9214800.30000000075","NAMOBJ":"Warukulon","WADMKC":"Pucuk","WADMKK":"Lamongan"},"geometry":{"type":"Point","coordinates":[112.3,-7.1]}},{"type":"Feature","properties":{"Line":"S113","Sp":"2364.50000000000","X":"641275.50000000000","Y":"9214800.30000000075","NAMOBJ":"Warukulon","WADMKC":"Pucuk","WADMKK":"Lamongan"},"geometry":{"type":"Point","coordinates":[112.3,-7.1]}},{"type":"Feature","properties":{"Line":"S113","Sp":"2368.50000000000","X":"641325.50000000000","Y":"9214800.30000000075","NAMOBJ":"Warukulon","WADMKC":"Pucuk","WADMKK":"Lamongan"},"geometry":{"type":"Point","coordinates":[112.3,-7.1]}},{"type":"Feature","properties":{"Line":"S113","Sp":"2372.50000000000","X":"641375.50000000000","Y":"9214800.30000000075","NAMOBJ":"Warukulon","WADMKC":"Pucuk","WADMKK":"Lamongan"},"geometry":{"type":"Point","coordinates":[112.3,-7.1]}},{"type":"Feature","properties":{"Line":"S115","Sp":"2288.50000000000","X":"640675.50000000000","Y":"9215800.30000000075","NAMOBJ":"Warukulon","WADMKC":"Pucuk","WADMKK":"Lamongan"},"geometry":{"type":"Point","coordinates":[112.3,-7.1]}},{"type":"Feature","properties":{"Line":"S115","Sp":"2292.50000000000","X":"640725.50000000000","Y":"9215800.30000000075","NAMOBJ":"Warukulon","WADMKC":"Pucuk","WADMKK":"Lamongan"},"geometry":{"type":"Point","coordinates":[112.3,-7.1]}},{"type":"Feature","properties":{"Line":"S115","Sp":"2296.50000000000","X":"640775.50000000000","Y":"9215800.30000000075","NAMOBJ":"Warukulon","WADMKC":"Pucuk","WADMKK":"Lamongan"},"geometry":{"type":"Point","coordinates":[112.3,-7.1]}},{"type":"Feature","properties":{"Line":"S115","Sp":"2300.50000000000","X":"640825.50000000000","Y":"9215800.30000000075","NAMOBJ":"Warukulon","WADMKC":"Pucuk","WADMKK":"Lamongan"},"geometry":{"type":"Point","coordinates":[112.3,-7.1]}},{"type":"Feature","properties":{"Line":"S115","Sp":"2304.50000000000","X":"640875.50000000000","Y":"9215800.30000000075","NAMOBJ":"Warukulon","WADMKC":"Pucuk","WADMKK":"Lamongan"},"geometry":{"type":"Point","coordinates":[112.3,-7.1]}},{"type":"Feature","properties":{"Line":"S115","Sp":"2308.50000000000","X":"640925.50000000000","Y":"9215800.30000000075","NAMOBJ":"Warukulon","WADMKC":"Pucuk","WADMKK":"Lamongan"},"geometry":{"type":"Point","coordinates":[112.3,-7.1]}},{"type":"Feature","properties":{"Line":"S115","Sp":"2312.50000000000","X":"640975.50000000000","Y":"9215800.30000000075","NAMOBJ":"Warukulon","WADMKC":"Pucuk","WADMKK":"Lamongan"},"geometry":{"type":"Point","coordinates":[112.3,-7.1]}},{"type":"Feature","properties":{"Line":"S115","Sp":"2316.50000000000","X":"641025.50000000000","Y":"9215800.30000000075","NAMOBJ":"Warukulon","WADMKC":"Pucuk","WADMKK":"Lamongan"},"geometry":{"type":"Point","coordinates":[112.3,-7.1]}},{"type":"Feature","properties":{"Line":"S115","Sp":"2320.50000000000","X":"641075.50000000000","Y":"9215800.30000000075","NAMOBJ":"Warukulon","WADMKC":"Pucuk","WADMKK":"Lamongan"},"geometry":{"type":"Point","coordinates":[112.3,-7.1]}},{"type":"Feature","properties":{"Line":"S115","Sp":"2324.50000000000","X":"641125.50000000000","Y":"9215800.30000000075","NAMOBJ":"Warukulon","WADMKC":"Pucuk","WADMKK":"Lamongan"},"geometry":{"type":"Point","coordinates":[112.3,-7.1]}},{"type":"Feature","properties":{"Line":"S115","Sp":"2328.50000000000","X":"641175.50000000000","Y":"9215800.30000000075","NAMOBJ":"Warukulon","WADMKC":"Pucuk","WADMKK":"Lamongan"},"geometry":{"type":"Point","coordinates":[112.3,-7.1]}},{"type":"Feature","properties":{"Line":"S115","Sp":"2332.50000000000","X":"641225.50000000000","Y":"9215800.30000000075","NAMOBJ":"Warukulon","WADMKC":"Pucuk","WADMKK":"Lamongan"},"geometry":{"type":"Point","coordinates":[112.3,-7.1]}},{"type":"Feature","properties":{"Line":"S115","Sp":"2336.50000000000","X":"641275.50000000000","Y":"9215800.30000000075","NAMOBJ":"Warukulon","WADMKC":"Pucuk","WADMKK":"Lamongan"},"geometry":{"type":"Point","coordinates":[112.3,-7.1]}},{"type":"Feature","properties":{"Line":"S115","Sp":"2340.50000000000","X":"641325.50000000000","Y":"9215800.30000000075","NAMOBJ":"Warukulon","WADMKC":"Pucuk","WADMKK":"Lamongan"},"geometry":{"type":"Point","coordinates":[112.3,-7.1]}},{"type":"Feature","properties":{"Line":"S115","Sp":"2344.50000000000","X":"641375.50000000000","Y":"9215800.30000000075","NAMOBJ":"Warukulon","WADMKC":"Pucuk","WADMKK":"Lamongan"},"geometry":{"type":"Point","coordinates":[112.3,-7.1]}},{"type":"Feature","properties":{"Line":"S117","Sp":"2296.50000000000","X":"640225.50000000000","Y":"9216800.30000000075","NAMOBJ":"Warukulon","WADMKC":"Pucuk","WADMKK":"Lamongan"},"geometry":{"type":"Point","coordinates":[112.3,-7.1]}},{"type":"Feature","properties":{"Line":"S117","Sp":"2300.50000000000","X":"640275.50000000000","Y":"9216800.30000000075","NAMOBJ":"Warukulon","WADMKC":"Pucuk","WADMKK":"Lamongan"},"geometry":{"type":"Point","coordinates":[112.3,-7.1]}},{"type":"Feature","properties":{"Line":"S117","Sp":"2304.50000000000","X":"640325.50000000000","Y":"9216800.30000000075","NAMOBJ":"Warukulon","WADMKC":"Pucuk","WADMKK":"Lamongan"},"geometry":{"type":"Point","coordinates":[112.3,-7.1]}},{"type":"Feature","properties":{"Line":"S117","Sp":"2308.50000000000","X":"640375.50000000000","Y":"9216800.30000000075","NAMOBJ":"Warukulon","WADMKC":"Pucuk","WADMKK":"Lamongan"},"geometry":{"type":"Point","coordinates":[112.3,-7.1]}},{"type":"Feature","properties":{"Line":"S117","Sp":"2312.50000000000","X":"640425.50000000000","Y":"9216800.30000000075","NAMOBJ":"Warukulon","WADMKC":"Pucuk","WADMKK":"Lamongan"},"geometry":{"type":"Point","coordinates":[112.3,-7.1]}},{"type":"Feature","properties":{"Line":"S117","Sp":"2316.50000000000","X":"640475.50000000000","Y":"9216800.30000000075","NAMOBJ":"Warukulon","WADMKC":"Pucuk","WADMKK":"Lamongan"},"geometry":{"type":"Point","coordinates":[112.3,-7.1]}},{"type":"Feature","properties":{"Line":"S117","Sp":"2320.50000000000","X":"640525.50000000000","Y":"9216800.30000000075","NAMOBJ":"Warukulon","WADMKC":"Pucuk","WADMKK":"Lamongan"},"geometry":{"type":"Point","coordinates":[112.3,-7.1]}},{"type":"Feature","properties":{"Line":"S117","Sp":"2324.50000000000","X":"640575.50000000000","Y":"9216800.30000000075","NAMOBJ":"Warukulon","WADMKC":"Pucuk","WADMKK":"Lamongan"},"geometry":{"type":"Point","coordinates":[112.3,-7.1]}},{"type":"Feature","properties":{"Line":"S117","Sp":"2328.50000000000","X":"640625.50000000000","Y":"9216800.30000000075","NAMOBJ":"Warukulon","WADMKC":"Pucuk","WADMKK":"Lamongan"},"geometry":{"type":"Point","coordinates":[112.3,-7.1]}},{"type":"Feature","properties":{"Line":"S117","Sp":"2332.50000000000","X":"640675.50000000000","Y":"9216800.30000000075","NAMOBJ":"Warukulon","WADMKC":"Pucuk","WADMKK":"Lamongan"},"geometry":{"type":"Point","coordinates":[112.3,-7.1]}},{"type":"Feature","properties":{"Line":"S117","Sp":"2336.50000000000","X":"640725.50000000000","Y":"9216800.30000000075","NAMOBJ":"Warukulon","WADMKC":"Pucuk","WADMKK":"Lamongan"},"geometry":{"type":"Point","coordinates":[112.3,-7.1]}},{"type":"Feature","properties":{"Line":"S117","Sp":"2340.50000000000","X":"640775.50000000000","Y":"9216800.30000000075","NAMOBJ":"Warukulon","WADMKC":"Pucuk","WADMKK":"Lamongan"},"geometry":{"type":"Point","coordinates":[112.3,-7.1]}},{"type":"Feature","properties":{"Line":"S117","Sp":"2344.50000000000","X":"640825.50000000000","Y":"9216800.30000000075","NAMOBJ":"Warukulon","WADMKC":"Pucuk","WADMKK":"Lamongan"},"geometry":{"type":"Point","coordinates":[112.3,-7.1]}},{"type":"Feature","properties":{"Line":"S117","Sp":"2348.50000000000","X":"640875.50000000000","Y":"9216800.30000000075","NAMOBJ":"Warukulon","WADMKC":"Pucuk","WADMKK":"Lamongan"},"geometry":{"type":"Point","coordinates":[112.3,-7.1]}},{"type":"Feature","properties":{"Line":"S117","Sp":"2352.50000000000","X":"640925.50000000000","Y":"9216800.30000000075","NAMOBJ":"Warukulon","WADMKC":"Pucuk","WADMKK":"Lamongan"},"geometry":{"type":"Point","coordinates":[112.3,-7.1]}},{"type":"Feature","properties":{"Line":"S117","Sp":"2356.50000000000","X":"640975.50000000000","Y":"9216800.30000000075","NAMOBJ":"Warukulon","WADMKC":"Pucuk","WADMKK":"Lamongan"},"geometry":{"type":"Point","coordinates":[112.3,-7.1]}},{"type":"Feature","properties":{"Line":"S117","Sp":"2360.50000000000","X":"641025.50000000000","Y":"9216800.30000000075","NAMOBJ":"Warukulon","WADMKC":"Pucuk","WADMKK":"Lamongan"},"geometry":{"type":"Point","coordinates":[112.3,-7.1]}},{"type":"Feature","properties":{"Line":"S117","Sp":"2364.50000000000","X":"641075.50000000000","Y":"9216800.30000000075","NAMOBJ":"Warukulon","WADMKC":"Pucuk","WADMKK":"Lamongan"},"geometry":{"type":"Point","coordinates":[112.3,-7.1]}},{"type":"Feature","properties":{"Line":"S117","Sp":"2368.50000000000","X":"641125.50000000000","Y":"9216800.30000000075","NAMOBJ":"Warukulon","WADMKC":"Pucuk","WADMKK":"Lamongan"},"geometry":{"type":"Point","coordinates":[112.3,-7.1]}},{"type":"Feature","properties":{"Line":"S117","Sp":"2372.50000000000","X":"641175.50000000000","Y":"9216800.30000000075","NAMOBJ":"Warukulon","WADMKC":"Pucuk","WADMKK":"Lamongan"},"geometry":{"type":"Point","coordinates":[112.3,-7.1]}},{"type":"Feature","properties":{"Line":"S117","Sp":"2376.50000000000","X":"641225.50000000000","Y":"9216800.30000000075","NAMOBJ":"Warukulon","WADMKC":"Pucuk","WADMKK":"Lamongan"},"geometry":{"type":"Point","coordinates":[112.3,-7.1]}},{"type":"Feature","properties":{"Line":"S117","Sp":"2380.50000000000","X":"641275.50000000000","Y":"9216800.30000000075","NAMOBJ":"Warukulon","WADMKC":"Pucuk","WADMKK":"Lamongan"},"geometry":{"type":"Point","coordinates":[112.3,-7.1]}},{"type":"Feature","properties":{"Line":"S117","Sp":"2384.50000000000","X":"641325.50000000000","Y":"9216800.30000000075","NAMOBJ":"Warukulon","WADMKC":"Pucuk","WADMKK":"Lamongan"},"geometry":{"type":"Point","coordinates":[112.3,-7.1]}},{"type":"Feature","properties":{"Line":"S117","Sp":"2388.50000000000","X":"641375.50000000000","Y":"9216800.30000000075","NAMOBJ":"Warukulon","WADMKC":"Pucuk","WADMKK":"Lamongan"},"geometry":{"type":"Point","coordinates":[112.3,-7.1]}},{"type":"Feature","properties":{"Line":"S122","Sp":"1916.50000000000","X":"640300.50000000000","Y":"9216925.30000000075","NAMOBJ":"Warukulon","WADMKC":"Pucuk","WADMKK":"Lamongan"},"geometry":{"type":"Point","coordinates":[112.3,-7.1]}},{"type":"Feature","properties":{"Line":"S122","Sp":"1920.50000000000","X":"640300.50000000000","Y":"9216875.30000000075","NAMOBJ":"Warukulon","WADMKC":"Pucuk","WADMKK":"Lamongan"},"geometry":{"type":"Point","coordinates":[112.3,-7.1]}},{"type":"Feature","properties":{"Line":"S122","Sp":"1924.50000000000","X":"640300.50000000000","Y":"9216825.30000000075","NAMOBJ":"Warukulon","WADMKC":"Pucuk","WADMKK":"Lamongan"},"geometry":{"type":"Point","coordinates":[112.3,-7.1]}},{"type":"Feature","properties":{"Line":"S122","Sp":"1928.50000000000","X":"640300.50000000000","Y":"9216775.30000000075","NAMOBJ":"Warukulon","WADMKC":"Pucuk","WADMKK":"Lamongan"},"geometry":{"type":"Point","coordinates":[112.3,-7.1]}},{"type":"Feature","properties":{"Line":"S122","Sp":"1932.50000000000","X":"640300.50000000000","Y":"9216725.30000000075","NAMOBJ":"Warukulon","WADMKC":"Pucuk","WADMKK":"Lamongan"},"geometry":{"type":"Point","coordinates":[112.3,-7.1]}},{"type":"Feature","properties":{"Line":"S122","Sp":"1936.50000000000","X":"640300.50000000000","Y":"9216675.30000000075","NAMOBJ":"Warukulon","WADMKC":"Pucuk","WADMKK":"Lamongan"},"geometry":{"type":"Point","coordinates":[112.3,-7.1]}},{"type":"Feature","properties":{"Line":"S122","Sp":"1940.50000000000","X":"640300.50000000000","Y":"9216625.30000000075","NAMOBJ":"Warukulon","WADMKC":"Pucuk","WADMKK":"Lamongan"},"geometry":{"type":"Point","coordinates":[112.3,-7.1]}},{"type":"Feature","properties":{"Line":"S122","Sp":"1944.50000000000","X":"640300.50000000000","Y":"9216575.30000000075","NAMOBJ":"Warukulon","WADMKC":"Pucuk","WADMKK":"Lamongan"},"geometry":{"type":"Point","coordinates":[112.3,-7.1]}},{"type":"Feature","properties":{"Line":"S122","Sp":"1948.50000000000","X":"640300.50000000000","Y":"9216525.30000000075","NAMOBJ":"Warukulon","WADMKC":"Pucuk","WADMKK":"Lamongan"},"geometry":{"type":"Point","coordinates":[112.3,-7.1]}},{"type":"Feature","properties":{"Line":"S122","Sp":"1952.50000000000","X":"640300.50000000000","Y":"9216475.30000000075","NAMOBJ":"Warukulon","WADMKC":"Pucuk","WADMKK":"Lamongan"},"geometry":{"type":"Point","coordinates":[112.3,-7.1]}},{"type":"Feature","properties":{"Line":"S122","Sp":"1956.50000000000","X":"640300.50000000000","Y":"9216425.30000000075","NAMOBJ":"Warukulon","WADMKC":"Pucuk","WADMKK":"Lamongan"},"geometry":{"type":"Point","coordinates":[112.3,-7.1]}},{"type":"Feature","properties":{"Line":"S122","Sp":"1960.50000000000","X":"640300.50000000000","Y":"9216375.30000000075","NAMOBJ":"Warukulon","WADMKC":"Pucuk","WADMKK":"Lamongan"},"geometry":{"type":"Point","coordinates":[112.3,-7.1]}},{"type":"Feature","properties":{"Line":"S122","Sp":"1964.50000000000","X":"640300.50000000000","Y":"9216325.30000000075","NAMOBJ":"Warukulon","WADMKC":"Pucuk","WADMKK":"Lamongan"},"geometry":{"type":"Point","coordinates":[112.3,-7.1]}},{"type":"Feature","properties":{"Line":"S122","Sp":"1968.50000000000","X":"640300.50000000000","Y":"9216275.30000000075","NAMOBJ":"Warukulon","WADMKC":"Pucuk","WADMKK":"Lamongan"},"geometry":{"type":"Point","coordinates":[112.3,-7.1]}},{"type":"Feature","properties":{"Line":"S124","Sp":"1916.50000000000","X":"641300.50000000000","Y":"9217475.30000000075","NAMOBJ":"Warukulon","WADMKC":"Pucuk","WADMKK":"Lamongan"},"geometry":{"type":"Point","coordinates":[112.3,-7.1]}},{"type":"Feature","properties":{"Line":"S124","Sp":"1920.50000000000","X":"641300.50000000000","Y":"9217425.30000000075","NAMOBJ":"Warukulon","WADMKC":"Pucuk","WADMKK":"Lamongan"},"geometry":{"type":"Point","coordinates":[112.3,-7.1]}},{"type":"Feature","properties":{"Line":"S124","Sp":"1924.50000000000","X":"641300.50000000000","Y":"9217375.30000000075","NAMOBJ":"Warukulon","WADMKC":"Pucuk","WADMKK":"Lamongan"},"geometry":{"type":"Point","coordinates":[112.3,-7.1]}},{"type":"Feature","properties":{"Line":"S124","Sp":"1928.50000000000","X":"641300.50000000000","Y":"9217325.30000000075","NAMOBJ":"Warukulon","WADMKC":"Pucuk","WADMKK":"Lamongan"},"geometry":{"type":"Point","coordinates":[112.3,-7.1]}},{"type":"Feature","properties":{"Line":"S124","Sp":"1932.50000000000","X":"641300.50000000000","Y":"9217275.30000000075","NAMOBJ":"Warukulon","WADMKC":"Pucuk","WADMKK":"Lamongan"},"geometry":{"type":"Point","coordinates":[112.3,-7.1]}},{"type":"Feature","properties":{"Line":"S124","Sp":"1936.50000000000","X":"641300.50000000000","Y":"9217225.30000000075","NAMOBJ":"Warukulon","WADMKC":"Pucuk","WADMKK":"Lamongan"},"geometry":{"type":"Point","coordinates":[112.3,-7.1]}},{"type":"Feature","properties":{"Line":"S124","Sp":"1940.50000000000","X":"641300.50000000000","Y":"9217175.30000000075","NAMOBJ":"Warukulon","WADMKC":"Pucuk","WADMKK":"Lamongan"},"geometry":{"type":"Point","coordinates":[112.3,-7.1]}},{"type":"Feature","properties":{"Line":"S124","Sp":"1944.50000000000","X":"641300.50000000000","Y":"9217125.30000000075","NAMOBJ":"Warukulon","WADMKC":"Pucuk","WADMKK":"Lamongan"},"geometry":{"type":"Point","coordinates":[112.3,-7.1]}},{"type":"Feature","properties":{"Line":"S124","Sp":"1948.50000000000","X":"641300.50000000000","Y":"9217075.30000000075","NAMOBJ":"Warukulon","WADMKC":"Pucuk","WADMKK":"Lamongan"},"geometry":{"type":"Point","coordinates":[112.3,-7.1]}},{"type":"Feature","properties":{"Line":"S124","Sp":"1952.50000000000","X":"641300.50000000000","Y":"9217025.30000000075","NAMOBJ":"Warukulon","WADMKC":"Pucuk","WADMKK":"Lamongan"},"geometry":{"type":"Point","coordinates":[112.3,-7.1]}},{"type":"Feature","properties":{"Line":"S124","Sp":"1956.50000000000","X":"641300.50000000000","Y":"9216975.30000000075","NAMOBJ":"Warukulon","WADMKC":"Pucuk","WADMKK":"Lamongan"},"geometry":{"type":"Point","coordinates":[112.3,-7.1]}},{"type":"Feature","properties":{"Line":"S124","Sp":"1960.50000000000","X":"641300.50000000000","Y":"9216925.30000000075","NAMOBJ":"Warukulon","WADMKC":"Pucuk","WADMKK":"Lamongan"},"geometry":{"type":"Point","coordinates":[112.3,-7.1]}},{"type":"Feature","properties":{"Line":"S124","Sp":"1964.50000000000","X":"641300.50000000000","Y":"9216875.30000000075","NAMOBJ":"Warukulon","WADMKC":"Pucuk","WADMKK":"Lamongan"},"geometry":{"type":"Point","coordinates":[112.3,-7.1]}},{"type":"Feature","properties":{"Line":"S124","Sp":"1968.50000000000","X":"641300.50000000000","Y":"9216825.30000000075","NAMOBJ":"Warukulon","WADMKC":"Pucuk","WADMKK":"Lamongan"},"geometry":{"type":"Point","coordinates":[112.3,-7.1]}},{"type":"Feature","properties":{"Line":"S124","Sp":"1972.50000000000","X":"641300.50000000000","Y":"9216775.30000000075","NAMOBJ":"Warukulon","WADMKC":"Pucuk","WADMKK":"Lamongan"},"geometry":{"type":"Point","coordinates":[112.3,-7.1]}},{"type":"Feature","properties":{"Line":"S124","Sp":"1976.50000000000","X":"641300.50000000000","Y":"9216725.30000000075","NAMOBJ":"Warukulon","WADMKC":"Pucuk","WADMKK":"Lamongan"},"geometry":{"type":"Point","coordinates":[112.3,-7.1]}},{"type":"Feature","properties":{"Line":"S124","Sp":"1980.50000000000","X":"641300.50000000000","Y":"9216675.30000000075","NAMOBJ":"Warukulon","WADMKC":"Pucuk","WADMKK":"Lamongan"},"geometry":{"type":"Point","coordinates":[112.3,-7.1]}},{"type":"Feature","properties":{"Line":"S124","Sp":"1984.50000000000","X":"641300.50000000000","Y":"9216625.30000000075","NAMOBJ":"Warukulon","WADMKC":"Pucuk","WADMKK":"Lamongan"},"geometry":{"type":"Point","coordinates":[112.3,-7.1]}},{"type":"Feature","properties":{"Line":"S124","Sp":"1988.50000000000","X":"641300.50000000000","Y":"9216575.30000000075","NAMOBJ":"Warukulon","WADMKC":"Pucuk","WADMKK":"Lamongan"},"geometry":{"type":"Point","coordinates":[112.3,-7.1]}},{"type":"Feature","properties":{"Line":"S124","Sp":"1992.50000000000","X":"641300.50000000000","Y":"9216525.30000000075","NAMOBJ":"Warukulon","WADMKC":"Pucuk","WADMKK":"Lamongan"},"geometry":{"type":"Point","coordinates":[112.3,-7.1]}},{"type":"Feature","properties":{"Line":"S124","Sp":"1996.50000000000","X":"641300.50000000000","Y":"9216475.30000000075","NAMOBJ":"Warukulon","WADMKC":"Pucuk","WADMKK":"Lamongan"},"geometry":{"type":"Point","coordinates":[112.3,-7.1]}},{"type":"Feature","properties":{"Line":"S124","Sp":"2000.50000000000","X":"641300.50000000000","Y":"9216425.30000000075","NAMOBJ":"Warukulon","WADMKC":"Pucuk","WADMKK":"Lamongan"},"geometry":{"type":"Point","coordinates":[112.3,-7.1]}},{"type":"Feature","properties":{"Line":"S124","Sp":"2004.50000000000","X":"641300.50000000000","Y":"9216375.30000000075","NAMOBJ":"Warukulon","WADMKC":"Pucuk","WADMKK":"Lamongan"},"geometry":{"type":"Point","coordinates":[112.3,-7.1]}},{"type":"Feature","properties":{"Line":"S124","Sp":"2008.50000000000","X":"641300.50000000000","Y":"9216325.30000000075","NAMOBJ":"Warukulon","WADMKC":"Pucuk","WADMKK":"Lamongan"},"geometry":{"type":"Point","coordinates":[112.3,-7.1]}},{"type":"Feature","properties":{"Line":"S124","Sp":"2012.50000000000","X":"641300.50000000000","Y":"9216275.30000000075","NAMOBJ":"Warukulon","WADMKC":"Pucuk","WADMKK":"Lamongan"},"geometry":{"type":"Point","coordinates":[112.3,-7.1]}},{"type":"Feature","properties":{"Line":"S124","Sp":"2016.50000000000","X":"641300.50000000000","Y":"9216225.30000000075","NAMOBJ":"Warukulon","WADMKC":"Pucuk","WADMKK":"Lamongan"},"geometry":{"type":"Point","coordinates":[112.3,-7.1]}},{"type":"Feature","properties":{"Line":"S124","Sp":"2020.50000000000","X":"641300.50000000000","Y":"9216175.30000000075","NAMOBJ":"Warukulon","WADMKC":"Pucuk","WADMKK":"Lamongan"},"geometry":{"type":"Point","coordinates":[112.3,-7.1]}},{"type":"Feature","properties":{"Line":"S124","Sp":"2024.50000000000","X":"641300.50000000000","Y":"9216125.30000000075","NAMOBJ":"Warukulon","WADMKC":"Pucuk","WADMKK":"Lamongan"},"geometry":{"type":"Point","coordinates":[112.3,-7.1]}},{"type":"Feature","properties":{"Line":"S124","Sp":"2028.50000000000","X":"641300.50000000000","Y":"9216075.30000000075","NAMOBJ":"Warukulon","WADMKC":"Pucuk","WADMKK":"Lamongan"},"geometry":{"type":"Point","coordinates":[112.3,-7.1]}},{"type":"Feature","properties":{"Line":"S124","Sp":"2032.50000000000","X":"641300.50000000000","Y":"9216025.30000000075","NAMOBJ":"Warukulon","WADMKC":"Pucuk","WADMKK":"Lamongan"},"geometry":{"type":"Point","coordinates":[112.3,-7.1]}},{"type":"Feature","properties":{"Line":"S124","Sp":"2036.50000000000","X":"641300.50000000000","Y":"9215975.30000000075","NAMOBJ":"Warukulon","WADMKC":"Pucuk","WADMKK":"Lamongan"},"geometry":{"type":"Point","coordinates":[112.3,-7.1]}},{"type":"Feature","properties":{"Line":"S124","Sp":"2040.50000000000","X":"641300.50000000000","Y":"9215925.30000000075","NAMOBJ":"Warukulon","WADMKC":"Pucuk","WADMKK":"Lamongan"},"geometry":{"type":"Point","coordinates":[112.3,-7.1]}},{"type":"Feature","properties":{"Line":"S124","Sp":"2044.50000000000","X":"641300.50000000000","Y":"9215875.30000000075","NAMOBJ":"Warukulon","WADMKC":"Pucuk","WADMKK":"Lamongan"},"geometry":{"type":"Point","coordinates":[112.3,-7.1]}},{"type":"Feature","properties":{"Line":"S124","Sp":"2048.50000000000","X":"641300.50000000000","Y":"9215825.30000000075","NAMOBJ":"Warukulon","WADMKC":"Pucuk","WADMKK":"Lamongan"},"geometry":{"type":"Point","coordinates":[112.3,-7.1]}},{"type":"Feature","properties":{"Line":"S124","Sp":"2052.50000000000","X":"641300.50000000000","Y":"9215775.30000000075","NAMOBJ":"Warukulon","WADMKC":"Pucuk","WADMKK":"Lamongan"},"geometry":{"type":"Point","coordinates":[112.3,-7.1]}},{"type":"Feature","properties":{"Line":"S124","Sp":"2056.50000000000","X":"641300.50000000000","Y":"9215725.30000000075","NAMOBJ":"Warukulon","WADMKC":"Pucuk","WADMKK":"Lamongan"},"geometry":{"type":"Point","coordinates":[112.3,-7.1]}},{"type":"Feature","properties":{"Line":"S124","Sp":"2060.50000000000","X":"641300.50000000000","Y":"9215675.30000000075","NAMOBJ":"Warukulon","WADMKC":"Pucuk","WADMKK":"Lamongan"},"geometry":{"type":"Point","coordinates":[112.3,-7.1]}},{"type":"Feature","properties":{"Line":"S124","Sp":"2064.50000000000","X":"641300.50000000000","Y":"9215625.30000000075","NAMOBJ":"Warukulon","WADMKC":"Pucuk","WADMKK":"Lamongan"},"geometry":{"type":"Point","coordinates":[112.3,-7.1]}},{"type":"Feature","properties":{"Line":"S124","Sp":"2068.50000000000","X":"641300.50000000000","Y":"9215575.30000000075","NAMOBJ":"Warukulon","WADMKC":"Pucuk","WADMKK":"Lamongan"},"geometry":{"type":"Point","coordinates":[112.3,-7.1]}},{"type":"Feature","properties":{"Line":"S124","Sp":"2072.50000000000","X":"641300.50000000000","Y":"9215525.30000000075","NAMOBJ":"Warukulon","WADMKC":"Pucuk","WADMKK":"Lamongan"},"geometry":{"type":"Point","coordinates":[112.3,-7.1]}},{"type":"Feature","properties":{"Line":"S124","Sp":"2076.50000000000","X":"641300.50000000000","Y":"9215475.30000000075","NAMOBJ":"Warukulon","WADMKC":"Pucuk","WADMKK":"Lamongan"},"geometry":{"type":"Point","coordinates":[112.3,-7.1]}},{"type":"Feature","properties":{"Line":"S124","Sp":"2080.50000000000","X":"641300.50000000000","Y":"9215425.30000000075","NAMOBJ":"Warukulon","WADMKC":"Pucuk","WADMKK":"Lamongan"},"geometry":{"type":"Point","coordinates":[112.3,-7.1]}},{"type":"Feature","properties":{"Line":"S124","Sp":"2084.50000000000","X":"641300.50000000000","Y":"9215375.30000000075","NAMOBJ":"Warukulon","WADMKC":"Pucuk","WADMKK":"Lamongan"},"geometry":{"type":"Point","coordinates":[112.3,-7.1]}},{"type":"Feature","properties":{"Line":"S124","Sp":"2088.50000000000","X":"641300.50000000000","Y":"9215325.30000000075","NAMOBJ":"Warukulon","WADMKC":"Pucuk","WADMKK":"Lamongan"},"geometry":{"type":"Point","coordinates":[112.3,-7.1]}},{"type":"Feature","properties":{"Line":"S124","Sp":"2092.50000000000","X":"641300.50000000000","Y":"9215275.30000000075","NAMOBJ":"Warukulon","WADMKC":"Pucuk","WADMKK":"Lamongan"},"geometry":{"type":"Point","coordinates":[112.3,-7.1]}},{"type":"Feature","properties":{"Line":"S124","Sp":"2096.50000000000","X":"641300.50000000000","Y":"9215225.30000000075","NAMOBJ":"Warukulon","WADMKC":"Pucuk","WADMKK":"Lamongan"},"geometry":{"type":"Point","coordinates":[112.3,-7.1]}},{"type":"Feature","properties":{"Line":"S124","Sp":"2100.50000000000","X":"641300.50000000000","Y":"9215175.30000000075","NAMOBJ":"Warukulon","WADMKC":"Pucuk","WADMKK":"Lamongan"},"geometry":{"type":"Point","coordinates":[112.3,-7.1]}},{"type":"Feature","properties":{"Line":"S124","Sp":"2104.50000000000","X":"641300.50000000000","Y":"9215125.30000000075","NAMOBJ":"Warukulon","WADMKC":"Pucuk","WADMKK":"Lamongan"},"geometry":{"type":"Point","coordinates":[112.3,-7.1]}},{"type":"Feature","properties":{"Line":"S124","Sp":"2108.50000000000","X":"641300.50000000000","Y":"9215075.30000000075","NAMOBJ":"Warukulon","WADMKC":"Pucuk","WADMKK":"Lamongan"},"geometry":{"type":"Point","coordinates":[112.3,-7.1]}},{"type":"Feature","properties":{"Line":"S124","Sp":"2112.50000000000","X":"641300.50000000000","Y":"9215025.30000000075","NAMOBJ":"Warukulon","WADMKC":"Pucuk","WADMKK":"Lamongan"},"geometry":{"type":"Point","coordinates":[112.3,-7.1]}},{"type":"Feature","properties":{"Line":"S124","Sp":"2116.50000000000","X":"641300.50000000000","Y":"9214975.30000000075","NAMOBJ":"Warukulon","WADMKC":"Pucuk","WADMKK":"Lamongan"},"geometry":{"type":"Point","coordinates":[112.3,-7.1]}},{"type":"Feature","properties":{"Line":"S124","Sp":"2120.50000000000","X":"641300.50000000000","Y":"9214925.30000000075","NAMOBJ":"Warukulon","WADMKC":"Pucuk","WADMKK":"Lamongan"},"geometry":{"type":"Point","coordinates":[112.3,-7.1]}},{"type":"Feature","properties":{"Line":"S124","Sp":"2124.50000000000","X":"641300.50000000000","Y":"9214875.30000000075","NAMOBJ":"Warukulon","WADMKC":"Pucuk","WADMKK":"Lamongan"},"geometry":{"type":"Point","coordinates":[112.3,-7.1]}},{"type":"Feature","properties":{"Line":"S124","Sp":"2128.50000000000","X":"641300.50000000000","Y":"9214825.30000000075","NAMOBJ":"Warukulon","WADMKC":"Pucuk","WADMKK":"Lamongan"},"geometry":{"type":"Point","coordinates":[112.3,-7.1]}},{"type":"Feature","properties":{"Line":"S124","Sp":"2132.50000000000","X":"641300.50000000000","Y":"9214775.30000000075","NAMOBJ":"Warukulon","WADMKC":"Pucuk","WADMKK":"Lamongan"},"geometry":{"type":"Point","coordinates":[112.3,-7.1]}},{"type":"Feature","properties":{"Line":"S124","Sp":"2136.50000000000","X":"641300.50000000000","Y":"9214725.30000000075","NAMOBJ":"Warukulon","WADMKC":"Pucuk","WADMKK":"Lamongan"},"geometry":{"type":"Point","coordinates":[112.3,-7.1]}},{"type":"Feature","properties":{"Line":"S124","Sp":"2140.50000000000","X":"641300.50000000000","Y":"9214675.30000000075","NAMOBJ":"Warukulon","WADMKC":"Pucuk","WADMKK":"Lamongan"},"geometry":{"type":"Point","coordinates":[112.3,-7.1]}},{"type":"Feature","properties":{"Line":"S124","Sp":"2144.50000000000","X":"641300.50000000000","Y":"9214625.30000000075","NAMOBJ":"Warukulon","WADMKC":"Pucuk","WADMKK":"Lamongan"},"geometry":{"type":"Point","coordinates":[112.3,-7.1]}},{"type":"Feature","properties":{"Line":"S124","Sp":"2148.50000000000","X":"641300.50000000000","Y":"9214575.30000000075","NAMOBJ":"Warukulon","WADMKC":"Pucuk","WADMKK":"Lamongan"},"geometry":{"type":"Point","coordinates":[112.3,-7.1]}},{"type":"Feature","properties":{"Line":"S124","Sp":"2152.50000000000","X":"641300.50000000000","Y":"9214525.30000000075","NAMOBJ":"Warukulon","WADMKC":"Pucuk","WADMKK":"Lamongan"},"geometry":{"type":"Point","coordinates":[112.3,-7.1]}}]}