{
"type": "FeatureCollection",
"name": "D:\\Lamturo_GIS\\Bahaya_Listrik.geojson",
"crs": { "type": "name", "properties": { "name": "urn:ogc:def:crs:OGC:1.3:CRS84" } },
"features": [
{ "type": "Feature", "properties": { "KODE": 1021001, "KATEGORI": "Lainnya", "KETERANGAN": "Bahaya Listrik", "X": "6.30300500000e+05", "Y": "9.22596900000e+06" }, "geometry": { "type": "Point", "coordinates": [ 112.179634164224339, -7.00107305871786 ] } },
{ "type": "Feature", "properties": { "KODE": 1021001, "KATEGORI": "Lainya", "KETERANGAN": "Bahaya Listrik", "X": "6.30300500000e+05", "Y": "9.22596900000e+06" }, "geometry": { "type": "Point", "coordinates": [ 112.179634164224339, -7.00107305871786 ] } },
{ "type": "Feature", "properties": { "KODE": 1021002, "KATEGORI": "Lainnya", "KETERANGAN": "Bahaya Listrik", "X": "6.30300500000e+05", "Y": "9.22595650000e+06" }, "geometry": { "type": "Point", "coordinates": [ 112.179634448212468, -7.001186109146446 ] } },
{ "type": "Feature", "properties": { "KODE": 1021003, "KATEGORI": "Lainnya", "KETERANGAN": "Bahaya Listrik", "X": "6.30300500000e+05", "Y": "9.22594400000e+06" }, "geometry": { "type": "Point", "coordinates": [ 112.179634732205301, -7.001299159574481 ] } },
{ "type": "Feature", "properties": { "KODE": 1021004, "KATEGORI": "Lainnya", "KETERANGAN": "Bahaya Listrik", "X": "6.30300500000e+05", "Y": "9.22593150000e+06" }, "geometry": { "type": "Point", "coordinates": [ 112.179635016202809, -7.001412210001962 ] } },
{ "type": "Feature", "properties": { "KODE": 1021005, "KATEGORI": "Lainnya", "KETERANGAN": "Bahaya Listrik", "X": "6.30300500000e+05", "Y": "9.22591900000e+06" }, "geometry": { "type": "Point", "coordinates": [ 112.179635300205049, -7.001525260428889 ] } },
{ "type": "Feature", "properties": { "KODE": 1021006, "KATEGORI": "Lainnya", "KETERANGAN": "Bahaya Listrik", "X": "6.30300500000e+05", "Y": "9.22590650000e+06" }, "geometry": { "type": "Point", "coordinates": [ 112.179635584211965, -7.001638310855262 ] } },
{ "type": "Feature", "properties": { "KODE": 1021007, "KATEGORI": "Lainnya", "KETERANGAN": "Bahaya Listrik", "X": "6.30300500000e+05", "Y": "9.22589400000e+06" }, "geometry": { "type": "Point", "coordinates": [ 112.179635868223585, -7.001751361281081 ] } },
{ "type": "Feature", "properties": { "KODE": 1021008, "KATEGORI": "Lainnya", "KETERANGAN": "Bahaya Listrik", "X": "6.30300500000e+05", "Y": "9.22588150000e+06" }, "geometry": { "type": "Point", "coordinates": [ 112.179636152239908, -7.001864411706348 ] } },
{ "type": "Feature", "properties": { "KODE": 1021009, "KATEGORI": "Lainnya", "KETERANGAN": "Bahaya Listrik", "X": "6.30300500000e+05", "Y": "9.22586900000e+06" }, "geometry": { "type": "Point", "coordinates": [ 112.179636436260935, -7.001977462131062 ] } },
{ "type": "Feature", "properties": { "KODE": 1021010, "KATEGORI": "Lainnya", "KETERANGAN": "Bahaya Listrik", "X": "6.30300500000e+05", "Y": "9.22585650000e+06" }, "geometry": { "type": "Point", "coordinates": [ 112.179636720286666, -7.00209051255522 ] } },
{ "type": "Feature", "properties": { "KODE": 1021011, "KATEGORI": "Lainnya", "KETERANGAN": "Bahaya Listrik", "X": "6.30300500000e+05", "Y": "9.22584400000e+06" }, "geometry": { "type": "Point", "coordinates": [ 112.179637004317087, -7.002203562978828 ] } },
{ "type": "Feature", "properties": { "KODE": 1021012, "KATEGORI": "Lainnya", "KETERANGAN": "Bahaya Listrik", "X": "6.30300500000e+05", "Y": "9.22583150000e+06" }, "geometry": { "type": "Point", "coordinates": [ 112.179637288352211, -7.002316613401879 ] } },
{ "type": "Feature", "properties": { "KODE": 1021013, "KATEGORI": "Lainnya", "KETERANGAN": "Bahaya Listrik", "X": "6.30300500000e+05", "Y": "9.22581900000e+06" }, "geometry": { "type": "Point", "coordinates": [ 112.179637572392025, -7.002429663824379 ] } },
{ "type": "Feature", "properties": { "KODE": 1021014, "KATEGORI": "Lainnya", "KETERANGAN": "Bahaya Listrik", "X": "6.30300500000e+05", "Y": "9.22580650000e+06" }, "geometry": { "type": "Point", "coordinates": [ 112.179637856436557, -7.002542714246323 ] } },
{ "type": "Feature", "properties": { "KODE": 1021015, "KATEGORI": "Lainnya", "KETERANGAN": "Bahaya Listrik", "X": "6.30300500000e+05", "Y": "9.22579400000e+06" }, "geometry": { "type": "Point", "coordinates": [ 112.179638140485778, -7.002655764667715 ] } },
{ "type": "Feature", "properties": { "KODE": 1021016, "KATEGORI": "Lainnya", "KETERANGAN": "Bahaya Listrik", "X": "6.30300500000e+05", "Y": "9.22578150000e+06" }, "geometry": { "type": "Point", "coordinates": [ 112.179638424539704, -7.002768815088553 ] } },
{ "type": "Feature", "properties": { "KODE": 1021017, "KATEGORI": "Lainnya", "KETERANGAN": "Bahaya Listrik", "X": "6.30300500000e+05", "Y": "9.22576900000e+06" }, "geometry": { "type": "Point", "coordinates": [ 112.179638708598318, -7.002881865508837 ] } },
{ "type": "Feature", "properties": { "KODE": 1021018, "KATEGORI": "Lainnya", "KETERANGAN": "Bahaya Listrik", "X": "6.30300500000e+05", "Y": "9.22575650000e+06" }, "geometry": { "type": "Point", "coordinates": [ 112.179638992661637, -7.002994915928568 ] } },
{ "type": "Feature", "properties": { "KODE": 1021019, "KATEGORI": "Lainnya", "KETERANGAN": "Bahaya Listrik", "X": "6.30300500000e+05", "Y": "9.22574400000e+06" }, "geometry": { "type": "Point", "coordinates": [ 112.17963927672966, -7.003107966347745 ] } },
{ "type": "Feature", "properties": { "KODE": 1021020, "KATEGORI": "Lainnya", "KETERANGAN": "Bahaya Listrik", "X": "6.30300500000e+05", "Y": "9.22573150000e+06" }, "geometry": { "type": "Point", "coordinates": [ 112.179639560802372, -7.003221016766369 ] } },
{ "type": "Feature", "properties": { "KODE": 1021021, "KATEGORI": "Lainnya", "KETERANGAN": "Bahaya Listrik", "X": "6.30300500000e+05", "Y": "9.22571900000e+06" }, "geometry": { "type": "Point", "coordinates": [ 112.179639844879802, -7.003334067184438 ] } },
{ "type": "Feature", "properties": { "KODE": 1021022, "KATEGORI": "Lainnya", "KETERANGAN": "Bahaya Listrik", "X": "6.30300500000e+05", "Y": "9.22570650000e+06" }, "geometry": { "type": "Point", "coordinates": [ 112.179640128961921, -7.003447117601955 ] } },
{ "type": "Feature", "properties": { "KODE": 1021023, "KATEGORI": "Lainnya", "KETERANGAN": "Bahaya Listrik", "X": "6.30300500000e+05", "Y": "9.22569400000e+06" }, "geometry": { "type": "Point", "coordinates": [ 112.17964041304873, -7.003560168018918 ] } },
{ "type": "Feature", "properties": { "KODE": 1021024, "KATEGORI": "Lainnya", "KETERANGAN": "Bahaya Listrik", "X": "6.30300500000e+05", "Y": "9.22568150000e+06" }, "geometry": { "type": "Point", "coordinates": [ 112.179640697140258, -7.003673218435327 ] } },
{ "type": "Feature", "properties": { "KODE": 1021025, "KATEGORI": "Lainnya", "KETERANGAN": "Bahaya Listrik", "X": "6.30300500000e+05", "Y": "9.22566900000e+06" }, "geometry": { "type": "Point", "coordinates": [ 112.179640981236474, -7.003786268851182 ] } },
{ "type": "Feature", "properties": { "KODE": 1021026, "KATEGORI": "Lainnya", "KETERANGAN": "Bahaya Listrik", "X": "6.30300500000e+05", "Y": "9.22565650000e+06" }, "geometry": { "type": "Point", "coordinates": [ 112.179641265337395, -7.003899319266483 ] } },
{ "type": "Feature", "properties": { "KODE": 1021027, "KATEGORI": "Lainnya", "KETERANGAN": "Bahaya Listrik", "X": "6.30300500000e+05", "Y": "9.22564400000e+06" }, "geometry": { "type": "Point", "coordinates": [ 112.179641549443005, -7.004012369681231 ] } },
{ "type": "Feature", "properties": { "KODE": 1021028, "KATEGORI": "Lainnya", "KETERANGAN": "Bahaya Listrik", "X": "6.30300500000e+05", "Y": "9.22563150000e+06" }, "geometry": { "type": "Point", "coordinates": [ 112.179641833553333, -7.004125420095426 ] } },
{ "type": "Feature", "properties": { "KODE": 1021029, "KATEGORI": "Lainnya", "KETERANGAN": "Bahaya Listrik", "X": "6.30300500000e+05", "Y": "9.22561900000e+06" }, "geometry": { "type": "Point", "coordinates": [ 112.179642117668351, -7.004238470509065 ] } },
{ "type": "Feature", "properties": { "KODE": 1021030, "KATEGORI": "Lainnya", "KETERANGAN": "Bahaya Listrik", "X": "6.30300500000e+05", "Y": "9.22560650000e+06" }, "geometry": { "type": "Point", "coordinates": [ 112.179642401788058, -7.004351520922153 ] } },
{ "type": "Feature", "properties": { "KODE": 1021031, "KATEGORI": "Lainnya", "KETERANGAN": "Bahaya Listrik", "X": "6.30300500000e+05", "Y": "9.22559400000e+06" }, "geometry": { "type": "Point", "coordinates": [ 112.179642685912484, -7.004464571334685 ] } },
{ "type": "Feature", "properties": { "KODE": 1021032, "KATEGORI": "Lainnya", "KETERANGAN": "Bahaya Listrik", "X": "6.30300500000e+05", "Y": "9.22558150000e+06" }, "geometry": { "type": "Point", "coordinates": [ 112.179642970041598, -7.004577621746665 ] } },
{ "type": "Feature", "properties": { "KODE": 1021033, "KATEGORI": "Lainnya", "KETERANGAN": "Bahaya Listrik", "X": "6.30300500000e+05", "Y": "9.22556900000e+06" }, "geometry": { "type": "Point", "coordinates": [ 112.179643254175403, -7.004690672158091 ] } },
{ "type": "Feature", "properties": { "KODE": 1021034, "KATEGORI": "Lainnya", "KETERANGAN": "Bahaya Listrik", "X": "6.30300500000e+05", "Y": "9.22555650000e+06" }, "geometry": { "type": "Point", "coordinates": [ 112.179643538313925, -7.004803722568963 ] } },
{ "type": "Feature", "properties": { "KODE": 1021035, "KATEGORI": "Lainnya", "KETERANGAN": "Bahaya Listrik", "X": "6.30300500000e+05", "Y": "9.22554400000e+06" }, "geometry": { "type": "Point", "coordinates": [ 112.179643822457138, -7.004916772979282 ] } },
{ "type": "Feature", "properties": { "KODE": 1021036, "KATEGORI": "Lainnya", "KETERANGAN": "Bahaya Listrik", "X": "6.30300500000e+05", "Y": "9.22553150000e+06" }, "geometry": { "type": "Point", "coordinates": [ 112.179644106605053, -7.005029823389044 ] } },
{ "type": "Feature", "properties": { "KODE": 1021037, "KATEGORI": "Lainnya", "KETERANGAN": "Bahaya Listrik", "X": "6.30300500000e+05", "Y": "9.22551900000e+06" }, "geometry": { "type": "Point", "coordinates": [ 112.179644390757659, -7.005142873798254 ] } },
{ "type": "Feature", "properties": { "KODE": 1021038, "KATEGORI": "Lainnya", "KETERANGAN": "Bahaya Listrik", "X": "6.30300500000e+05", "Y": "9.22550650000e+06" }, "geometry": { "type": "Point", "coordinates": [ 112.179644674914982, -7.005255924206914 ] } },
{ "type": "Feature", "properties": { "KODE": 1021039, "KATEGORI": "Lainnya", "KETERANGAN": "Bahaya Listrik", "X": "6.30300500000e+05", "Y": "9.22549400000e+06" }, "geometry": { "type": "Point", "coordinates": [ 112.179644959076995, -7.005368974615016 ] } },
{ "type": "Feature", "properties": { "KODE": 1021040, "KATEGORI": "Lainnya", "KETERANGAN": "Bahaya Listrik", "X": "6.30300500000e+05", "Y": "9.22548150000e+06" }, "geometry": { "type": "Point", "coordinates": [ 112.179645243243712, -7.005482025022566 ] } },
{ "type": "Feature", "properties": { "KODE": 1021041, "KATEGORI": "Lainnya", "KETERANGAN": "Bahaya Listrik", "X": "6.30300500000e+05", "Y": "9.22546900000e+06" }, "geometry": { "type": "Point", "coordinates": [ 112.179645527415119, -7.005595075429559 ] } },
{ "type": "Feature", "properties": { "KODE": 1021042, "KATEGORI": "Lainnya", "KETERANGAN": "Bahaya Listrik", "X": "6.30300500000e+05", "Y": "9.22545650000e+06" }, "geometry": { "type": "Point", "coordinates": [ 112.179645811591229, -7.005708125836001 ] } },
{ "type": "Feature", "properties": { "KODE": 1021043, "KATEGORI": "Lainnya", "KETERANGAN": "Bahaya Listrik", "X": "6.30300500000e+05", "Y": "9.22544400000e+06" }, "geometry": { "type": "Point", "coordinates": [ 112.179646095772057, -7.00582117624189 ] } },
{ "type": "Feature", "properties": { "KODE": 1021044, "KATEGORI": "Lainnya", "KETERANGAN": "Bahaya Listrik", "X": "6.30300500000e+05", "Y": "9.22543150000e+06" }, "geometry": { "type": "Point", "coordinates": [ 112.17964637995756, -7.005934226647223 ] } },
{ "type": "Feature", "properties": { "KODE": 1021045, "KATEGORI": "Lainnya", "KETERANGAN": "Bahaya Listrik", "X": "6.30300500000e+05", "Y": "9.22541900000e+06" }, "geometry": { "type": "Point", "coordinates": [ 112.179646664147782, -7.006047277052003 ] } },
{ "type": "Feature", "properties": { "KODE": 1021046, "KATEGORI": "Lainnya", "KETERANGAN": "Bahaya Listrik", "X": "6.30300500000e+05", "Y": "9.22540650000e+06" }, "geometry": { "type": "Point", "coordinates": [ 112.179646948342693, -7.00616032745623 ] } },
{ "type": "Feature", "properties": { "KODE": 1021047, "KATEGORI": "Lainnya", "KETERANGAN": "Bahaya Listrik", "X": "6.30300500000e+05", "Y": "9.22539400000e+06" }, "geometry": { "type": "Point", "coordinates": [ 112.179647232542308, -7.0062733778599 ] } },
{ "type": "Feature", "properties": { "KODE": 1021048, "KATEGORI": "Lainnya", "KETERANGAN": "Bahaya Listrik", "X": "6.30300500000e+05", "Y": "9.22538150000e+06" }, "geometry": { "type": "Point", "coordinates": [ 112.179647516746627, -7.00638642826302 ] } },
{ "type": "Feature", "properties": { "KODE": 1021049, "KATEGORI": "Lainnya", "KETERANGAN": "Bahaya Listrik", "X": "6.30300500000e+05", "Y": "9.22536900000e+06" }, "geometry": { "type": "Point", "coordinates": [ 112.179647800955635, -7.006499478665584 ] } },
{ "type": "Feature", "properties": { "KODE": 1021050, "KATEGORI": "Lainnya", "KETERANGAN": "Bahaya Listrik", "X": "6.30300500000e+05", "Y": "9.22535650000e+06" }, "geometry": { "type": "Point", "coordinates": [ 112.179648085169333, -7.006612529067596 ] } },
{ "type": "Feature", "properties": { "KODE": 1021051, "KATEGORI": "Lainnya", "KETERANGAN": "Bahaya Listrik", "X": "6.30300500000e+05", "Y": "9.22534400000e+06" }, "geometry": { "type": "Point", "coordinates": [ 112.179648369387749, -7.00672557946905 ] } },
{ "type": "Feature", "properties": { "KODE": 1021052, "KATEGORI": "Lainnya", "KETERANGAN": "Bahaya Listrik", "X": "6.30300500000e+05", "Y": "9.22533150000e+06" }, "geometry": { "type": "Point", "coordinates": [ 112.179648653610869, -7.006838629869955 ] } },
{ "type": "Feature", "properties": { "KODE": 1021053, "KATEGORI": "Lainnya", "KETERANGAN": "Bahaya Listrik", "X": "6.30300500000e+05", "Y": "9.22531900000e+06" }, "geometry": { "type": "Point", "coordinates": [ 112.179648937838664, -7.006951680270304 ] } },
{ "type": "Feature", "properties": { "KODE": 1021054, "KATEGORI": "Lainnya", "KETERANGAN": "Bahaya Listrik", "X": "6.30300500000e+05", "Y": "9.22530650000e+06" }, "geometry": { "type": "Point", "coordinates": [ 112.179649222071191, -7.007064730670098 ] } },
{ "type": "Feature", "properties": { "KODE": 1021055, "KATEGORI": "Lainnya", "KETERANGAN": "Bahaya Listrik", "X": "6.30300500000e+05", "Y": "9.22529400000e+06" }, "geometry": { "type": "Point", "coordinates": [ 112.179649506308394, -7.007177781069338 ] } },
{ "type": "Feature", "properties": { "KODE": 1021056, "KATEGORI": "Lainnya", "KETERANGAN": "Bahaya Listrik", "X": "6.30300500000e+05", "Y": "9.22528150000e+06" }, "geometry": { "type": "Point", "coordinates": [ 112.1796497905503, -7.007290831468026 ] } },
{ "type": "Feature", "properties": { "KODE": 1021057, "KATEGORI": "Lainnya", "KETERANGAN": "Bahaya Listrik", "X": "6.30300500000e+05", "Y": "9.22526900000e+06" }, "geometry": { "type": "Point", "coordinates": [ 112.179650074796925, -7.007403881866161 ] } },
{ "type": "Feature", "properties": { "KODE": 1021058, "KATEGORI": "Lainnya", "KETERANGAN": "Bahaya Listrik", "X": "6.30300500000e+05", "Y": "9.22525650000e+06" }, "geometry": { "type": "Point", "coordinates": [ 112.179650359048239, -7.007516932263738 ] } },
{ "type": "Feature", "properties": { "KODE": 1021059, "KATEGORI": "Lainnya", "KETERANGAN": "Bahaya Listrik", "X": "6.30300500000e+05", "Y": "9.22524400000e+06" }, "geometry": { "type": "Point", "coordinates": [ 112.179650643304242, -7.007629982660764 ] } },
{ "type": "Feature", "properties": { "KODE": 1021060, "KATEGORI": "Lainnya", "KETERANGAN": "Bahaya Listrik", "X": "6.30300500000e+05", "Y": "9.22523150000e+06" }, "geometry": { "type": "Point", "coordinates": [ 112.17965092756495, -7.007743033057234 ] } },
{ "type": "Feature", "properties": { "KODE": 1021061, "KATEGORI": "Lainnya", "KETERANGAN": "Bahaya Listrik", "X": "6.30300500000e+05", "Y": "9.22521900000e+06" }, "geometry": { "type": "Point", "coordinates": [ 112.179651211830361, -7.007856083453151 ] } },
{ "type": "Feature", "properties": { "KODE": 1021062, "KATEGORI": "Lainnya", "KETERANGAN": "Bahaya Listrik", "X": "6.30300500000e+05", "Y": "9.22520650000e+06" }, "geometry": { "type": "Point", "coordinates": [ 112.179651496100476, -7.007969133848515 ] } },
{ "type": "Feature", "properties": { "KODE": 1021063, "KATEGORI": "Lainnya", "KETERANGAN": "Bahaya Listrik", "X": "6.30300500000e+05", "Y": "9.22519400000e+06" }, "geometry": { "type": "Point", "coordinates": [ 112.179651780375281, -7.008082184243325 ] } },
{ "type": "Feature", "properties": { "KODE": 1021064, "KATEGORI": "Lainnya", "KETERANGAN": "Bahaya Listrik", "X": "6.30300500000e+05", "Y": "9.22518150000e+06" }, "geometry": { "type": "Point", "coordinates": [ 112.179652064654789, -7.008195234637579 ] } },
{ "type": "Feature", "properties": { "KODE": 1021065, "KATEGORI": "Lainnya", "KETERANGAN": "Bahaya Listrik", "X": "6.30300500000e+05", "Y": "9.22516900000e+06" }, "geometry": { "type": "Point", "coordinates": [ 112.179652348939001, -7.008308285031281 ] } },
{ "type": "Feature", "properties": { "KODE": 1021066, "KATEGORI": "Lainnya", "KETERANGAN": "Bahaya Listrik", "X": "6.30300500000e+05", "Y": "9.22515650000e+06" }, "geometry": { "type": "Point", "coordinates": [ 112.179652633227917, -7.008421335424429 ] } },
{ "type": "Feature", "properties": { "KODE": 1021067, "KATEGORI": "Lainnya", "KETERANGAN": "Bahaya Listrik", "X": "6.30300500000e+05", "Y": "9.22514400000e+06" }, "geometry": { "type": "Point", "coordinates": [ 112.179652917521523, -7.008534385817022 ] } },
{ "type": "Feature", "properties": { "KODE": 1021068, "KATEGORI": "Lainnya", "KETERANGAN": "Bahaya Listrik", "X": "6.30300500000e+05", "Y": "9.22513150000e+06" }, "geometry": { "type": "Point", "coordinates": [ 112.179653201819832, -7.00864743620906 ] } },
{ "type": "Feature", "properties": { "KODE": 1021069, "KATEGORI": "Lainnya", "KETERANGAN": "Bahaya Listrik", "X": "6.30300500000e+05", "Y": "9.22511900000e+06" }, "geometry": { "type": "Point", "coordinates": [ 112.179653486122845, -7.008760486600544 ] } },
{ "type": "Feature", "properties": { "KODE": 1021070, "KATEGORI": "Lainnya", "KETERANGAN": "Bahaya Listrik", "X": "6.30300500000e+05", "Y": "9.22510650000e+06" }, "geometry": { "type": "Point", "coordinates": [ 112.179653770430548, -7.008873536991477 ] } },
{ "type": "Feature", "properties": { "KODE": 1021071, "KATEGORI": "Lainnya", "KETERANGAN": "Bahaya Listrik", "X": "6.30300500000e+05", "Y": "9.22509400000e+06" }, "geometry": { "type": "Point", "coordinates": [ 112.179654054742969, -7.008986587381853 ] } },
{ "type": "Feature", "properties": { "KODE": 1021072, "KATEGORI": "Lainnya", "KETERANGAN": "Bahaya Listrik", "X": "6.30300500000e+05", "Y": "9.22508150000e+06" }, "geometry": { "type": "Point", "coordinates": [ 112.179654339060079, -7.009099637771676 ] } },
{ "type": "Feature", "properties": { "KODE": 1021073, "KATEGORI": "Lainnya", "KETERANGAN": "Bahaya Listrik", "X": "6.30300500000e+05", "Y": "9.22506900000e+06" }, "geometry": { "type": "Point", "coordinates": [ 112.179654623381879, -7.009212688160945 ] } },
{ "type": "Feature", "properties": { "KODE": 1021074, "KATEGORI": "Lainnya", "KETERANGAN": "Bahaya Listrik", "X": "6.30300500000e+05", "Y": "9.22505650000e+06" }, "geometry": { "type": "Point", "coordinates": [ 112.179654907708397, -7.009325738549659 ] } },
{ "type": "Feature", "properties": { "KODE": 1021075, "KATEGORI": "Lainnya", "KETERANGAN": "Bahaya Listrik", "X": "6.30300500000e+05", "Y": "9.22504400000e+06" }, "geometry": { "type": "Point", "coordinates": [ 112.179655192039604, -7.009438788937819 ] } },
{ "type": "Feature", "properties": { "KODE": 1021076, "KATEGORI": "Lainnya", "KETERANGAN": "Bahaya Listrik", "X": "6.30300500000e+05", "Y": "9.22503150000e+06" }, "geometry": { "type": "Point", "coordinates": [ 112.179655476375501, -7.009551839325426 ] } },
{ "type": "Feature", "properties": { "KODE": 1021077, "KATEGORI": "Lainnya", "KETERANGAN": "Bahaya Listrik", "X": "6.30300500000e+05", "Y": "9.22501900000e+06" }, "geometry": { "type": "Point", "coordinates": [ 112.179655760716116, -7.009664889712479 ] } },
{ "type": "Feature", "properties": { "KODE": 1021078, "KATEGORI": "Lainnya", "KETERANGAN": "Bahaya Listrik", "X": "6.30300500000e+05", "Y": "9.22500650000e+06" }, "geometry": { "type": "Point", "coordinates": [ 112.179656045061435, -7.009777940098977 ] } },
{ "type": "Feature", "properties": { "KODE": 1021079, "KATEGORI": "Lainnya", "KETERANGAN": "Bahaya Listrik", "X": "6.30300500000e+05", "Y": "9.22499400000e+06" }, "geometry": { "type": "Point", "coordinates": [ 112.179656329411443, -7.009890990484921 ] } },
{ "type": "Feature", "properties": { "KODE": 1021080, "KATEGORI": "Lainnya", "KETERANGAN": "Bahaya Listrik", "X": "6.30300500000e+05", "Y": "9.22498150000e+06" }, "geometry": { "type": "Point", "coordinates": [ 112.179656613766142, -7.010004040870311 ] } },
{ "type": "Feature", "properties": { "KODE": 1021081, "KATEGORI": "Lainnya", "KETERANGAN": "Bahaya Listrik", "X": "6.30300500000e+05", "Y": "9.22496900000e+06" }, "geometry": { "type": "Point", "coordinates": [ 112.179656898125558, -7.010117091255146 ] } },
{ "type": "Feature", "properties": { "KODE": 1021082, "KATEGORI": "Lainnya", "KETERANGAN": "Bahaya Listrik", "X": "6.30300500000e+05", "Y": "9.22495650000e+06" }, "geometry": { "type": "Point", "coordinates": [ 112.179657182489663, -7.010230141639427 ] } },
{ "type": "Feature", "properties": { "KODE": 1021083, "KATEGORI": "Lainnya", "KETERANGAN": "Bahaya Listrik", "X": "6.30300500000e+05", "Y": "9.22494400000e+06" }, "geometry": { "type": "Point", "coordinates": [ 112.179657466858473, -7.010343192023155 ] } },
{ "type": "Feature", "properties": { "KODE": 1021084, "KATEGORI": "Lainnya", "KETERANGAN": "Bahaya Listrik", "X": "6.30300500000e+05", "Y": "9.22493150000e+06" }, "geometry": { "type": "Point", "coordinates": [ 112.179657751231986, -7.010456242406329 ] } },
{ "type": "Feature", "properties": { "KODE": 1021085, "KATEGORI": "Lainnya", "KETERANGAN": "Bahaya Listrik", "X": "6.30300500000e+05", "Y": "9.22491900000e+06" }, "geometry": { "type": "Point", "coordinates": [ 112.179658035610188, -7.010569292788948 ] } },
{ "type": "Feature", "properties": { "KODE": 1021086, "KATEGORI": "Lainnya", "KETERANGAN": "Bahaya Listrik", "X": "6.30300500000e+05", "Y": "9.22490650000e+06" }, "geometry": { "type": "Point", "coordinates": [ 112.179658319993095, -7.010682343171013 ] } },
{ "type": "Feature", "properties": { "KODE": 1021087, "KATEGORI": "Lainnya", "KETERANGAN": "Bahaya Listrik", "X": "6.30300500000e+05", "Y": "9.22489400000e+06" }, "geometry": { "type": "Point", "coordinates": [ 112.179658604380705, -7.010795393552522 ] } },
{ "type": "Feature", "properties": { "KODE": 1021088, "KATEGORI": "Lainnya", "KETERANGAN": "Bahaya Listrik", "X": "6.30300500000e+05", "Y": "9.22488150000e+06" }, "geometry": { "type": "Point", "coordinates": [ 112.179658888773019, -7.010908443933477 ] } },
{ "type": "Feature", "properties": { "KODE": 1021089, "KATEGORI": "Lainnya", "KETERANGAN": "Bahaya Listrik", "X": "6.30300500000e+05", "Y": "9.22486900000e+06" }, "geometry": { "type": "Point", "coordinates": [ 112.179659173170023, -7.01102149431388 ] } },
{ "type": "Feature", "properties": { "KODE": 1021090, "KATEGORI": "Lainnya", "KETERANGAN": "Bahaya Listrik", "X": "6.30300500000e+05", "Y": "9.22485650000e+06" }, "geometry": { "type": "Point", "coordinates": [ 112.179659457571745, -7.011134544693728 ] } },
{ "type": "Feature", "properties": { "KODE": 1021091, "KATEGORI": "Lainnya", "KETERANGAN": "Bahaya Listrik", "X": "6.30300500000e+05", "Y": "9.22484400000e+06" }, "geometry": { "type": "Point", "coordinates": [ 112.179659741978142, -7.011247595073021 ] } },
{ "type": "Feature", "properties": { "KODE": 1021092, "KATEGORI": "Lainnya", "KETERANGAN": "Bahaya Listrik", "X": "6.30300500000e+05", "Y": "9.22483150000e+06" }, "geometry": { "type": "Point", "coordinates": [ 112.179660026389257, -7.011360645451759 ] } },
{ "type": "Feature", "properties": { "KODE": 1021093, "KATEGORI": "Lainnya", "KETERANGAN": "Bahaya Listrik", "X": "6.30300500000e+05", "Y": "9.22481900000e+06" }, "geometry": { "type": "Point", "coordinates": [ 112.179660310805076, -7.011473695829945 ] } },
{ "type": "Feature", "properties": { "KODE": 1021094, "KATEGORI": "Lainnya", "KETERANGAN": "Bahaya Listrik", "X": "6.30300500000e+05", "Y": "9.22480650000e+06" }, "geometry": { "type": "Point", "coordinates": [ 112.17966059522557, -7.011586746207577 ] } },
{ "type": "Feature", "properties": { "KODE": 1021095, "KATEGORI": "Lainnya", "KETERANGAN": "Bahaya Listrik", "X": "6.30300500000e+05", "Y": "9.22479400000e+06" }, "geometry": { "type": "Point", "coordinates": [ 112.179660879650783, -7.011699796584653 ] } },
{ "type": "Feature", "properties": { "KODE": 1021096, "KATEGORI": "Lainnya", "KETERANGAN": "Bahaya Listrik", "X": "6.30300500000e+05", "Y": "9.22478150000e+06" }, "geometry": { "type": "Point", "coordinates": [ 112.179661164080699, -7.011812846961175 ] } },
{ "type": "Feature", "properties": { "KODE": 1021097, "KATEGORI": "Lainnya", "KETERANGAN": "Bahaya Listrik", "X": "6.30300500000e+05", "Y": "9.22476900000e+06" }, "geometry": { "type": "Point", "coordinates": [ 112.179661448515304, -7.011925897337142 ] } },
{ "type": "Feature", "properties": { "KODE": 1021098, "KATEGORI": "Lainnya", "KETERANGAN": "Bahaya Listrik", "X": "6.30300500000e+05", "Y": "9.22475650000e+06" }, "geometry": { "type": "Point", "coordinates": [ 112.179661732954614, -7.012038947712556 ] } },
{ "type": "Feature", "properties": { "KODE": 1021098, "KATEGORI": "Lainnya", "KETERANGAN": "Bahaya Listrik", "X": "6.30300500000e+05", "Y": "9.22475650000e+06" }, "geometry": { "type": "Point", "coordinates": [ 112.179661732954614, -7.012038947712556 ] } },
{ "type": "Feature", "properties": { "KODE": 1021099, "KATEGORI": "Lainnya", "KETERANGAN": "Bahaya Listrik", "X": "6.30300500000e+05", "Y": "9.22474400000e+06" }, "geometry": { "type": "Point", "coordinates": [ 112.179662017398627, -7.012151998087417 ] } },
{ "type": "Feature", "properties": { "KODE": 1021099, "KATEGORI": "Lainnya", "KETERANGAN": "Bahaya Listrik", "X": "6.30300500000e+05", "Y": "9.22474400000e+06" }, "geometry": { "type": "Point", "coordinates": [ 112.179662017398627, -7.012151998087417 ] } },
{ "type": "Feature", "properties": { "KODE": 1021100, "KATEGORI": "Lainnya", "KETERANGAN": "Bahaya Listrik", "X": "6.30300500000e+05", "Y": "9.22473150000e+06" }, "geometry": { "type": "Point", "coordinates": [ 112.179662301847344, -7.01226504846172 ] } },
{ "type": "Feature", "properties": { "KODE": 1021101, "KATEGORI": "Lainnya", "KETERANGAN": "Bahaya Listrik", "X": "6.30300500000e+05", "Y": "9.22471900000e+06" }, "geometry": { "type": "Point", "coordinates": [ 112.179662586300751, -7.01237809883547 ] } },
{ "type": "Feature", "properties": { "KODE": 1021102, "KATEGORI": "Lainnya", "KETERANGAN": "Bahaya Listrik", "X": "6.30300500000e+05", "Y": "9.22470650000e+06" }, "geometry": { "type": "Point", "coordinates": [ 112.179662870758861, -7.012491149208666 ] } },
{ "type": "Feature", "properties": { "KODE": 1021103, "KATEGORI": "Lainnya", "KETERANGAN": "Bahaya Listrik", "X": "6.30300500000e+05", "Y": "9.22469400000e+06" }, "geometry": { "type": "Point", "coordinates": [ 112.179663155221675, -7.012604199581308 ] } },
{ "type": "Feature", "properties": { "KODE": 1021104, "KATEGORI": "Lainnya", "KETERANGAN": "Bahaya Listrik", "X": "6.30300500000e+05", "Y": "9.22468150000e+06" }, "geometry": { "type": "Point", "coordinates": [ 112.179663439689179, -7.012717249953397 ] } },
{ "type": "Feature", "properties": { "KODE": 1021105, "KATEGORI": "Lainnya", "KETERANGAN": "Bahaya Listrik", "X": "6.30300500000e+05", "Y": "9.22466900000e+06" }, "geometry": { "type": "Point", "coordinates": [ 112.179663724161401, -7.012830300324928 ] } },
{ "type": "Feature", "properties": { "KODE": 1021106, "KATEGORI": "Lainnya", "KETERANGAN": "Bahaya Listrik", "X": "6.30300500000e+05", "Y": "9.22465650000e+06" }, "geometry": { "type": "Point", "coordinates": [ 112.179664008638298, -7.012943350695909 ] } },
{ "type": "Feature", "properties": { "KODE": 1021107, "KATEGORI": "Lainnya", "KETERANGAN": "Bahaya Listrik", "X": "6.30300500000e+05", "Y": "9.22464400000e+06" }, "geometry": { "type": "Point", "coordinates": [ 112.179664293119899, -7.013056401066331 ] } },
{ "type": "Feature", "properties": { "KODE": 1021108, "KATEGORI": "Lainnya", "KETERANGAN": "Bahaya Listrik", "X": "6.30300500000e+05", "Y": "9.22463150000e+06" }, "geometry": { "type": "Point", "coordinates": [ 112.179664577606218, -7.0131694514362 ] } },
{ "type": "Feature", "properties": { "KODE": 1021109, "KATEGORI": "Lainnya", "KETERANGAN": "Bahaya Listrik", "X": "6.30300500000e+05", "Y": "9.22461900000e+06" }, "geometry": { "type": "Point", "coordinates": [ 112.179664862097226, -7.013282501805517 ] } },
{ "type": "Feature", "properties": { "KODE": 1021110, "KATEGORI": "Lainnya", "KETERANGAN": "Bahaya Listrik", "X": "6.30300500000e+05", "Y": "9.22460650000e+06" }, "geometry": { "type": "Point", "coordinates": [ 112.179665146592953, -7.013395552174278 ] } },
{ "type": "Feature", "properties": { "KODE": 1021111, "KATEGORI": "Lainnya", "KETERANGAN": "Bahaya Listrik", "X": "6.30300500000e+05", "Y": "9.22459400000e+06" }, "geometry": { "type": "Point", "coordinates": [ 112.179665431093355, -7.013508602542486 ] } },
{ "type": "Feature", "properties": { "KODE": 1021112, "KATEGORI": "Lainnya", "KETERANGAN": "Bahaya Listrik", "X": "6.30300500000e+05", "Y": "9.22458150000e+06" }, "geometry": { "type": "Point", "coordinates": [ 112.179665715598475, -7.013621652910138 ] } },
{ "type": "Feature", "properties": { "KODE": 1021113, "KATEGORI": "Lainnya", "KETERANGAN": "Bahaya Listrik", "X": "6.30300500000e+05", "Y": "9.22456900000e+06" }, "geometry": { "type": "Point", "coordinates": [ 112.179666000108284, -7.013734703277235 ] } },
{ "type": "Feature", "properties": { "KODE": 1021114, "KATEGORI": "Lainnya", "KETERANGAN": "Bahaya Listrik", "X": "6.30300500000e+05", "Y": "9.22455650000e+06" }, "geometry": { "type": "Point", "coordinates": [ 112.179666284622797, -7.013847753643778 ] } },
{ "type": "Feature", "properties": { "KODE": 1021115, "KATEGORI": "Lainnya", "KETERANGAN": "Bahaya Listrik", "X": "6.30300500000e+05", "Y": "9.22454400000e+06" }, "geometry": { "type": "Point", "coordinates": [ 112.179666569142015, -7.013960804009766 ] } },
{ "type": "Feature", "properties": { "KODE": 1021116, "KATEGORI": "Lainnya", "KETERANGAN": "Bahaya Listrik", "X": "6.30300500000e+05", "Y": "9.22453150000e+06" }, "geometry": { "type": "Point", "coordinates": [ 112.179666853665921, -7.014073854375201 ] } },
{ "type": "Feature", "properties": { "KODE": 1021117, "KATEGORI": "Lainnya", "KETERANGAN": "Bahaya Listrik", "X": "6.30300500000e+05", "Y": "9.22451900000e+06" }, "geometry": { "type": "Point", "coordinates": [ 112.179667138194532, -7.014186904740081 ] } },
{ "type": "Feature", "properties": { "KODE": 1021118, "KATEGORI": "Lainnya", "KETERANGAN": "Bahaya Listrik", "X": "6.30300500000e+05", "Y": "9.22450650000e+06" }, "geometry": { "type": "Point", "coordinates": [ 112.179667422727846, -7.014299955104407 ] } },
{ "type": "Feature", "properties": { "KODE": 1021119, "KATEGORI": "Lainnya", "KETERANGAN": "Bahaya Listrik", "X": "6.30300500000e+05", "Y": "9.22449400000e+06" }, "geometry": { "type": "Point", "coordinates": [ 112.179667707265864, -7.014413005468179 ] } },
{ "type": "Feature", "properties": { "KODE": 1021120, "KATEGORI": "Lainnya", "KETERANGAN": "Bahaya Listrik", "X": "6.30300500000e+05", "Y": "9.22448150000e+06" }, "geometry": { "type": "Point", "coordinates": [ 112.179667991808572, -7.014526055831394 ] } },
{ "type": "Feature", "properties": { "KODE": 1021121, "KATEGORI": "Lainnya", "KETERANGAN": "Bahaya Listrik", "X": "6.30300500000e+05", "Y": "9.22446900000e+06" }, "geometry": { "type": "Point", "coordinates": [ 112.179668276355983, -7.014639106194056 ] } },
{ "type": "Feature", "properties": { "KODE": 1021122, "KATEGORI": "Lainnya", "KETERANGAN": "Bahaya Listrik", "X": "6.30300500000e+05", "Y": "9.22445650000e+06" }, "geometry": { "type": "Point", "coordinates": [ 112.179668560908098, -7.014752156556162 ] } },
{ "type": "Feature", "properties": { "KODE": 1021122, "KATEGORI": "Lainnya", "KETERANGAN": "Bahaya Listrik", "X": "6.30300500000e+05", "Y": "9.22445650000e+06" }, "geometry": { "type": "Point", "coordinates": [ 112.179668560908098, -7.014752156556162 ] } },
{ "type": "Feature", "properties": { "KODE": 1021123, "KATEGORI": "Lainnya", "KETERANGAN": "Bahaya Listrik", "X": "6.30300500000e+05", "Y": "9.22444400000e+06" }, "geometry": { "type": "Point", "coordinates": [ 112.179668845464903, -7.014865206917717 ] } },
{ "type": "Feature", "properties": { "KODE": 1021123, "KATEGORI": "Lainnya", "KETERANGAN": "Bahaya Listrik", "X": "6.30300500000e+05", "Y": "9.22444400000e+06" }, "geometry": { "type": "Point", "coordinates": [ 112.179668845464903, -7.014865206917717 ] } },
{ "type": "Feature", "properties": { "KODE": 1021124, "KATEGORI": "Lainnya", "KETERANGAN": "Bahaya Listrik", "X": "6.30300500000e+05", "Y": "9.22443150000e+06" }, "geometry": { "type": "Point", "coordinates": [ 112.179669130026426, -7.014978257278714 ] } },
{ "type": "Feature", "properties": { "KODE": 1021125, "KATEGORI": "Lainnya", "KETERANGAN": "Bahaya Listrik", "X": "6.30300500000e+05", "Y": "9.22441900000e+06" }, "geometry": { "type": "Point", "coordinates": [ 112.179669414592638, -7.015091307639159 ] } },
{ "type": "Feature", "properties": { "KODE": 1021126, "KATEGORI": "Lainnya", "KETERANGAN": "Bahaya Listrik", "X": "6.30300500000e+05", "Y": "9.22440650000e+06" }, "geometry": { "type": "Point", "coordinates": [ 112.179669699163554, -7.015204357999048 ] } },
{ "type": "Feature", "properties": { "KODE": 1021127, "KATEGORI": "Lainnya", "KETERANGAN": "Bahaya Listrik", "X": "6.30300500000e+05", "Y": "9.22439400000e+06" }, "geometry": { "type": "Point", "coordinates": [ 112.179669983739174, -7.015317408358383 ] } },
{ "type": "Feature", "properties": { "KODE": 1021128, "KATEGORI": "Lainnya", "KETERANGAN": "Bahaya Listrik", "X": "6.30300500000e+05", "Y": "9.22438150000e+06" }, "geometry": { "type": "Point", "coordinates": [ 112.179670268319484, -7.015430458717162 ] } },
{ "type": "Feature", "properties": { "KODE": 1021129, "KATEGORI": "Lainnya", "KETERANGAN": "Bahaya Listrik", "X": "6.30300500000e+05", "Y": "9.22436900000e+06" }, "geometry": { "type": "Point", "coordinates": [ 112.179670552904497, -7.015543509075386 ] } },
{ "type": "Feature", "properties": { "KODE": 1021130, "KATEGORI": "Lainnya", "KETERANGAN": "Bahaya Listrik", "X": "6.30300500000e+05", "Y": "9.22435650000e+06" }, "geometry": { "type": "Point", "coordinates": [ 112.179670837494214, -7.015656559433058 ] } },
{ "type": "Feature", "properties": { "KODE": 1021131, "KATEGORI": "Lainnya", "KETERANGAN": "Bahaya Listrik", "X": "6.30300500000e+05", "Y": "9.22434400000e+06" }, "geometry": { "type": "Point", "coordinates": [ 112.179671122088635, -7.015769609790175 ] } },
{ "type": "Feature", "properties": { "KODE": 1021132, "KATEGORI": "Lainnya", "KETERANGAN": "Bahaya Listrik", "X": "6.30300500000e+05", "Y": "9.22433150000e+06" }, "geometry": { "type": "Point", "coordinates": [ 112.179671406687746, -7.015882660146736 ] } },
{ "type": "Feature", "properties": { "KODE": 1021132, "KATEGORI": "Lainnya", "KETERANGAN": "Bahaya Listrik", "X": "6.30300500000e+05", "Y": "9.22433150000e+06" }, "geometry": { "type": "Point", "coordinates": [ 112.179671406687746, -7.015882660146736 ] } },
{ "type": "Feature", "properties": { "KODE": 1021133, "KATEGORI": "Lainnya", "KETERANGAN": "Bahaya Listrik", "X": "6.30300500000e+05", "Y": "9.22431900000e+06" }, "geometry": { "type": "Point", "coordinates": [ 112.17967169129156, -7.015995710502743 ] } },
{ "type": "Feature", "properties": { "KODE": 1021133, "KATEGORI": "Lainnya", "KETERANGAN": "Bahaya Listrik", "X": "6.30300500000e+05", "Y": "9.22431900000e+06" }, "geometry": { "type": "Point", "coordinates": [ 112.17967169129156, -7.015995710502743 ] } },
{ "type": "Feature", "properties": { "KODE": 1021134, "KATEGORI": "Lainnya", "KETERANGAN": "Bahaya Listrik", "X": "6.30300500000e+05", "Y": "9.22430650000e+06" }, "geometry": { "type": "Point", "coordinates": [ 112.179671975900078, -7.016108760858196 ] } },
{ "type": "Feature", "properties": { "KODE": 1021134, "KATEGORI": "Lainnya", "KETERANGAN": "Bahaya Listrik", "X": "6.30300500000e+05", "Y": "9.22430650000e+06" }, "geometry": { "type": "Point", "coordinates": [ 112.179671975900078, -7.016108760858196 ] } },
{ "type": "Feature", "properties": { "KODE": 1021135, "KATEGORI": "Lainnya", "KETERANGAN": "Bahaya Listrik", "X": "6.30300500000e+05", "Y": "9.22429400000e+06" }, "geometry": { "type": "Point", "coordinates": [ 112.1796722605133, -7.016221811213093 ] } },
{ "type": "Feature", "properties": { "KODE": 1021135, "KATEGORI": "Lainnya", "KETERANGAN": "Bahaya Listrik", "X": "6.30300500000e+05", "Y": "9.22429400000e+06" }, "geometry": { "type": "Point", "coordinates": [ 112.1796722605133, -7.016221811213093 ] } },
{ "type": "Feature", "properties": { "KODE": 1021136, "KATEGORI": "Lainnya", "KETERANGAN": "Bahaya Listrik", "X": "6.30300500000e+05", "Y": "9.22428150000e+06" }, "geometry": { "type": "Point", "coordinates": [ 112.179672545131211, -7.016334861567437 ] } },
{ "type": "Feature", "properties": { "KODE": 1021136, "KATEGORI": "Lainnya", "KETERANGAN": "Bahaya Listrik", "X": "6.30300500000e+05", "Y": "9.22428150000e+06" }, "geometry": { "type": "Point", "coordinates": [ 112.179672545131211, -7.016334861567437 ] } },
{ "type": "Feature", "properties": { "KODE": 1021137, "KATEGORI": "Lainnya", "KETERANGAN": "Bahaya Listrik", "X": "6.30300500000e+05", "Y": "9.22426900000e+06" }, "geometry": { "type": "Point", "coordinates": [ 112.179672829753841, -7.016447911921225 ] } },
{ "type": "Feature", "properties": { "KODE": 1021137, "KATEGORI": "Lainnya", "KETERANGAN": "Bahaya Listrik", "X": "6.30300500000e+05", "Y": "9.22426900000e+06" }, "geometry": { "type": "Point", "coordinates": [ 112.179672829753841, -7.016447911921225 ] } },
{ "type": "Feature", "properties": { "KODE": 1021138, "KATEGORI": "Lainnya", "KETERANGAN": "Bahaya Listrik", "X": "6.30300500000e+05", "Y": "9.22425650000e+06" }, "geometry": { "type": "Point", "coordinates": [ 112.179673114381146, -7.016560962274459 ] } },
{ "type": "Feature", "properties": { "KODE": 1021138, "KATEGORI": "Lainnya", "KETERANGAN": "Bahaya Listrik", "X": "6.30300500000e+05", "Y": "9.22425650000e+06" }, "geometry": { "type": "Point", "coordinates": [ 112.179673114381146, -7.016560962274459 ] } },
{ "type": "Feature", "properties": { "KODE": 1021139, "KATEGORI": "Lainnya", "KETERANGAN": "Bahaya Listrik", "X": "6.30300500000e+05", "Y": "9.22424400000e+06" }, "geometry": { "type": "Point", "coordinates": [ 112.179673399013168, -7.016674012627139 ] } },
{ "type": "Feature", "properties": { "KODE": 1021140, "KATEGORI": "Lainnya", "KETERANGAN": "Bahaya Listrik", "X": "6.30300500000e+05", "Y": "9.22423150000e+06" }, "geometry": { "type": "Point", "coordinates": [ 112.179673683649895, -7.016787062979262 ] } },
{ "type": "Feature", "properties": { "KODE": 1021141, "KATEGORI": "Lainnya", "KETERANGAN": "Bahaya Listrik", "X": "6.30300500000e+05", "Y": "9.22421900000e+06" }, "geometry": { "type": "Point", "coordinates": [ 112.179673968291311, -7.016900113330832 ] } },
{ "type": "Feature", "properties": { "KODE": 1021142, "KATEGORI": "Lainnya", "KETERANGAN": "Bahaya Listrik", "X": "6.30300500000e+05", "Y": "9.22420650000e+06" }, "geometry": { "type": "Point", "coordinates": [ 112.179674252937431, -7.017013163681847 ] } },
{ "type": "Feature", "properties": { "KODE": 1021143, "KATEGORI": "Lainnya", "KETERANGAN": "Bahaya Listrik", "X": "6.30300500000e+05", "Y": "9.22419400000e+06" }, "geometry": { "type": "Point", "coordinates": [ 112.179674537588241, -7.017126214032309 ] } },
{ "type": "Feature", "properties": { "KODE": 1021144, "KATEGORI": "Lainnya", "KETERANGAN": "Bahaya Listrik", "X": "6.30300500000e+05", "Y": "9.22418150000e+06" }, "geometry": { "type": "Point", "coordinates": [ 112.179674822243769, -7.017239264382213 ] } },
{ "type": "Feature", "properties": { "KODE": 1021145, "KATEGORI": "Lainnya", "KETERANGAN": "Bahaya Listrik", "X": "6.30300500000e+05", "Y": "9.22416900000e+06" }, "geometry": { "type": "Point", "coordinates": [ 112.179675106903986, -7.017352314731563 ] } },
{ "type": "Feature", "properties": { "KODE": 1021146, "KATEGORI": "Lainnya", "KETERANGAN": "Bahaya Listrik", "X": "6.30300500000e+05", "Y": "9.22415650000e+06" }, "geometry": { "type": "Point", "coordinates": [ 112.179675391568907, -7.017465365080359 ] } },
{ "type": "Feature", "properties": { "KODE": 1021147, "KATEGORI": "Lainnya", "KETERANGAN": "Bahaya Listrik", "X": "6.30300500000e+05", "Y": "9.22414400000e+06" }, "geometry": { "type": "Point", "coordinates": [ 112.179675676238517, -7.017578415428602 ] } },
{ "type": "Feature", "properties": { "KODE": 1021148, "KATEGORI": "Lainnya", "KETERANGAN": "Bahaya Listrik", "X": "6.30300500000e+05", "Y": "9.22413150000e+06" }, "geometry": { "type": "Point", "coordinates": [ 112.179675960912846, -7.017691465776289 ] } },
{ "type": "Feature", "properties": { "KODE": 1021149, "KATEGORI": "Lainnya", "KETERANGAN": "Bahaya Listrik", "X": "6.30300500000e+05", "Y": "9.22411900000e+06" }, "geometry": { "type": "Point", "coordinates": [ 112.179676245591864, -7.01780451612342 ] } },
{ "type": "Feature", "properties": { "KODE": 1021150, "KATEGORI": "Lainnya", "KETERANGAN": "Bahaya Listrik", "X": "6.30300500000e+05", "Y": "9.22410650000e+06" }, "geometry": { "type": "Point", "coordinates": [ 112.1796765302756, -7.017917566469997 ] } },
{ "type": "Feature", "properties": { "KODE": 1021151, "KATEGORI": "Lainnya", "KETERANGAN": "Bahaya Listrik", "X": "6.30300500000e+05", "Y": "9.22409400000e+06" }, "geometry": { "type": "Point", "coordinates": [ 112.179676814964012, -7.018030616816021 ] } },
{ "type": "Feature", "properties": { "KODE": 1021152, "KATEGORI": "Lainnya", "KETERANGAN": "Bahaya Listrik", "X": "6.30300500000e+05", "Y": "9.22408150000e+06" }, "geometry": { "type": "Point", "coordinates": [ 112.179677099657127, -7.018143667161488 ] } },
{ "type": "Feature", "properties": { "KODE": 1021153, "KATEGORI": "Lainnya", "KETERANGAN": "Bahaya Listrik", "X": "6.30300500000e+05", "Y": "9.22406900000e+06" }, "geometry": { "type": "Point", "coordinates": [ 112.17967738435496, -7.018256717506401 ] } },
{ "type": "Feature", "properties": { "KODE": 1021154, "KATEGORI": "Lainnya", "KETERANGAN": "Bahaya Listrik", "X": "6.30300500000e+05", "Y": "9.22405650000e+06" }, "geometry": { "type": "Point", "coordinates": [ 112.179677669057483, -7.018369767850758 ] } },
{ "type": "Feature", "properties": { "KODE": 1021155, "KATEGORI": "Lainnya", "KETERANGAN": "Bahaya Listrik", "X": "6.30300500000e+05", "Y": "9.22404400000e+06" }, "geometry": { "type": "Point", "coordinates": [ 112.17967795376471, -7.018482818194562 ] } },
{ "type": "Feature", "properties": { "KODE": 1021156, "KATEGORI": "Lainnya", "KETERANGAN": "Bahaya Listrik", "X": "6.30300500000e+05", "Y": "9.22403150000e+06" }, "geometry": { "type": "Point", "coordinates": [ 112.179678238476626, -7.018595868537811 ] } },
{ "type": "Feature", "properties": { "KODE": 1021157, "KATEGORI": "Lainnya", "KETERANGAN": "Bahaya Listrik", "X": "6.30300500000e+05", "Y": "9.22401900000e+06" }, "geometry": { "type": "Point", "coordinates": [ 112.17967852319326, -7.018708918880504 ] } },
{ "type": "Feature", "properties": { "KODE": 1021158, "KATEGORI": "Lainnya", "KETERANGAN": "Bahaya Listrik", "X": "6.30300500000e+05", "Y": "9.22400650000e+06" }, "geometry": { "type": "Point", "coordinates": [ 112.179678807914584, -7.018821969222642 ] } },
{ "type": "Feature", "properties": { "KODE": 1021159, "KATEGORI": "Lainnya", "KETERANGAN": "Bahaya Listrik", "X": "6.30300500000e+05", "Y": "9.22399400000e+06" }, "geometry": { "type": "Point", "coordinates": [ 112.179679092640612, -7.018935019564226 ] } },
{ "type": "Feature", "properties": { "KODE": 1021160, "KATEGORI": "Lainnya", "KETERANGAN": "Bahaya Listrik", "X": "6.30300500000e+05", "Y": "9.22398150000e+06" }, "geometry": { "type": "Point", "coordinates": [ 112.179679377371329, -7.019048069905255 ] } },
{ "type": "Feature", "properties": { "KODE": 1021161, "KATEGORI": "Lainnya", "KETERANGAN": "Bahaya Listrik", "X": "6.30300500000e+05", "Y": "9.22396900000e+06" }, "geometry": { "type": "Point", "coordinates": [ 112.179679662106764, -7.019161120245728 ] } },
{ "type": "Feature", "properties": { "KODE": 1021162, "KATEGORI": "Lainnya", "KETERANGAN": "Bahaya Listrik", "X": "6.30300500000e+05", "Y": "9.22395650000e+06" }, "geometry": { "type": "Point", "coordinates": [ 112.179679946846889, -7.019274170585648 ] } },
{ "type": "Feature", "properties": { "KODE": 1021163, "KATEGORI": "Lainnya", "KETERANGAN": "Bahaya Listrik", "X": "6.30300500000e+05", "Y": "9.22394400000e+06" }, "geometry": { "type": "Point", "coordinates": [ 112.179680231591718, -7.019387220925013 ] } },
{ "type": "Feature", "properties": { "KODE": 1021164, "KATEGORI": "Lainnya", "KETERANGAN": "Bahaya Listrik", "X": "6.30300500000e+05", "Y": "9.22393150000e+06" }, "geometry": { "type": "Point", "coordinates": [ 112.17968051634125, -7.019500271263823 ] } },
{ "type": "Feature", "properties": { "KODE": 1021165, "KATEGORI": "Lainnya", "KETERANGAN": "Bahaya Listrik", "X": "6.30300500000e+05", "Y": "9.22391900000e+06" }, "geometry": { "type": "Point", "coordinates": [ 112.179680801095472, -7.019613321602079 ] } },
{ "type": "Feature", "properties": { "KODE": 1021166, "KATEGORI": "Lainnya", "KETERANGAN": "Bahaya Listrik", "X": "6.30300500000e+05", "Y": "9.22390650000e+06" }, "geometry": { "type": "Point", "coordinates": [ 112.179681085854412, -7.019726371939777 ] } },
{ "type": "Feature", "properties": { "KODE": 1021167, "KATEGORI": "Lainnya", "KETERANGAN": "Bahaya Listrik", "X": "6.30300500000e+05", "Y": "9.22389400000e+06" }, "geometry": { "type": "Point", "coordinates": [ 112.179681370618027, -7.019839422276922 ] } },
{ "type": "Feature", "properties": { "KODE": 1021168, "KATEGORI": "Lainnya", "KETERANGAN": "Bahaya Listrik", "X": "6.30300500000e+05", "Y": "9.22388150000e+06" }, "geometry": { "type": "Point", "coordinates": [ 112.179681655386361, -7.019952472613512 ] } },
{ "type": "Feature", "properties": { "KODE": 1021169, "KATEGORI": "Lainnya", "KETERANGAN": "Bahaya Listrik", "X": "6.30300500000e+05", "Y": "9.22386900000e+06" }, "geometry": { "type": "Point", "coordinates": [ 112.179681940159398, -7.020065522949546 ] } },
{ "type": "Feature", "properties": { "KODE": 1021170, "KATEGORI": "Lainnya", "KETERANGAN": "Bahaya Listrik", "X": "6.30300500000e+05", "Y": "9.22385650000e+06" }, "geometry": { "type": "Point", "coordinates": [ 112.179682224937125, -7.020178573285025 ] } },
{ "type": "Feature", "properties": { "KODE": 1021171, "KATEGORI": "Lainnya", "KETERANGAN": "Bahaya Listrik", "X": "6.30300500000e+05", "Y": "9.22384400000e+06" }, "geometry": { "type": "Point", "coordinates": [ 112.179682509719555, -7.020291623619952 ] } },
{ "type": "Feature", "properties": { "KODE": 1021172, "KATEGORI": "Lainnya", "KETERANGAN": "Bahaya Listrik", "X": "6.30300500000e+05", "Y": "9.22383150000e+06" }, "geometry": { "type": "Point", "coordinates": [ 112.179682794506689, -7.020404673954321 ] } },
{ "type": "Feature", "properties": { "KODE": 1021173, "KATEGORI": "Lainnya", "KETERANGAN": "Bahaya Listrik", "X": "6.30300500000e+05", "Y": "9.22381900000e+06" }, "geometry": { "type": "Point", "coordinates": [ 112.179683079298513, -7.020517724288135 ] } },
{ "type": "Feature", "properties": { "KODE": 1021174, "KATEGORI": "Lainnya", "KETERANGAN": "Bahaya Listrik", "X": "6.30300500000e+05", "Y": "9.22380650000e+06" }, "geometry": { "type": "Point", "coordinates": [ 112.179683364095055, -7.020630774621396 ] } },
{ "type": "Feature", "properties": { "KODE": 1021175, "KATEGORI": "Lainnya", "KETERANGAN": "Bahaya Listrik", "X": "6.30300500000e+05", "Y": "9.22379400000e+06" }, "geometry": { "type": "Point", "coordinates": [ 112.179683648896287, -7.020743824954102 ] } },
{ "type": "Feature", "properties": { "KODE": 1021176, "KATEGORI": "Lainnya", "KETERANGAN": "Bahaya Listrik", "X": "6.30300500000e+05", "Y": "9.22378150000e+06" }, "geometry": { "type": "Point", "coordinates": [ 112.179683933702222, -7.020856875286251 ] } },
{ "type": "Feature", "properties": { "KODE": 1021177, "KATEGORI": "Lainnya", "KETERANGAN": "Bahaya Listrik", "X": "6.30300500000e+05", "Y": "9.22376900000e+06" }, "geometry": { "type": "Point", "coordinates": [ 112.179684218512861, -7.020969925617846 ] } },
{ "type": "Feature", "properties": { "KODE": 1021178, "KATEGORI": "Lainnya", "KETERANGAN": "Bahaya Listrik", "X": "6.30300500000e+05", "Y": "9.22375650000e+06" }, "geometry": { "type": "Point", "coordinates": [ 112.17968450332819, -7.021082975948888 ] } },
{ "type": "Feature", "properties": { "KODE": 1021179, "KATEGORI": "Lainnya", "KETERANGAN": "Bahaya Listrik", "X": "6.30300500000e+05", "Y": "9.22374400000e+06" }, "geometry": { "type": "Point", "coordinates": [ 112.179684788148236, -7.021196026279372 ] } },
{ "type": "Feature", "properties": { "KODE": 1021180, "KATEGORI": "Lainnya", "KETERANGAN": "Bahaya Listrik", "X": "6.30300500000e+05", "Y": "9.22373150000e+06" }, "geometry": { "type": "Point", "coordinates": [ 112.179685072972958, -7.021309076609301 ] } },
{ "type": "Feature", "properties": { "KODE": 1021181, "KATEGORI": "Lainnya", "KETERANGAN": "Bahaya Listrik", "X": "6.30300500000e+05", "Y": "9.22371900000e+06" }, "geometry": { "type": "Point", "coordinates": [ 112.179685357802398, -7.021422126938677 ] } },
{ "type": "Feature", "properties": { "KODE": 1021182, "KATEGORI": "Lainnya", "KETERANGAN": "Bahaya Listrik", "X": "6.30300500000e+05", "Y": "9.22370650000e+06" }, "geometry": { "type": "Point", "coordinates": [ 112.179685642636542, -7.021535177267495 ] } },
{ "type": "Feature", "properties": { "KODE": 1021183, "KATEGORI": "Lainnya", "KETERANGAN": "Bahaya Listrik", "X": "6.30300500000e+05", "Y": "9.22369400000e+06" }, "geometry": { "type": "Point", "coordinates": [ 112.179685927475376, -7.021648227595761 ] } },
{ "type": "Feature", "properties": { "KODE": 1021184, "KATEGORI": "Lainnya", "KETERANGAN": "Bahaya Listrik", "X": "6.30300500000e+05", "Y": "9.22368150000e+06" }, "geometry": { "type": "Point", "coordinates": [ 112.179686212318913, -7.021761277923473 ] } },
{ "type": "Feature", "properties": { "KODE": 1021185, "KATEGORI": "Lainnya", "KETERANGAN": "Bahaya Listrik", "X": "6.30300500000e+05", "Y": "9.22366900000e+06" }, "geometry": { "type": "Point", "coordinates": [ 112.179686497167154, -7.021874328250626 ] } },
{ "type": "Feature", "properties": { "KODE": 1021186, "KATEGORI": "Lainnya", "KETERANGAN": "Bahaya Listrik", "X": "6.30300500000e+05", "Y": "9.22365650000e+06" }, "geometry": { "type": "Point", "coordinates": [ 112.179686782020084, -7.021987378577225 ] } },
{ "type": "Feature", "properties": { "KODE": 1021187, "KATEGORI": "Lainnya", "KETERANGAN": "Bahaya Listrik", "X": "6.30300500000e+05", "Y": "9.22364400000e+06" }, "geometry": { "type": "Point", "coordinates": [ 112.179687066877733, -7.022100428903269 ] } },
{ "type": "Feature", "properties": { "KODE": 1021188, "KATEGORI": "Lainnya", "KETERANGAN": "Bahaya Listrik", "X": "6.30300500000e+05", "Y": "9.22363150000e+06" }, "geometry": { "type": "Point", "coordinates": [ 112.179687351740071, -7.02221347922876 ] } },
{ "type": "Feature", "properties": { "KODE": 1021189, "KATEGORI": "Lainnya", "KETERANGAN": "Bahaya Listrik", "X": "6.30300500000e+05", "Y": "9.22361900000e+06" }, "geometry": { "type": "Point", "coordinates": [ 112.179687636607113, -7.022326529553692 ] } },
{ "type": "Feature", "properties": { "KODE": 1021190, "KATEGORI": "Lainnya", "KETERANGAN": "Bahaya Listrik", "X": "6.30300500000e+05", "Y": "9.22360650000e+06" }, "geometry": { "type": "Point", "coordinates": [ 112.179687921478859, -7.022439579878074 ] } },
{ "type": "Feature", "properties": { "KODE": 1021191, "KATEGORI": "Lainnya", "KETERANGAN": "Bahaya Listrik", "X": "6.30300500000e+05", "Y": "9.22359400000e+06" }, "geometry": { "type": "Point", "coordinates": [ 112.179688206355294, -7.022552630201898 ] } },
{ "type": "Feature", "properties": { "KODE": 1021192, "KATEGORI": "Lainnya", "KETERANGAN": "Bahaya Listrik", "X": "6.30300500000e+05", "Y": "9.22358150000e+06" }, "geometry": { "type": "Point", "coordinates": [ 112.179688491236448, -7.022665680525166 ] } },
{ "type": "Feature", "properties": { "KODE": 1021193, "KATEGORI": "Lainnya", "KETERANGAN": "Bahaya Listrik", "X": "6.30300500000e+05", "Y": "9.22356900000e+06" }, "geometry": { "type": "Point", "coordinates": [ 112.179688776122276, -7.02277873084788 ] } },
{ "type": "Feature", "properties": { "KODE": 1021194, "KATEGORI": "Lainnya", "KETERANGAN": "Bahaya Listrik", "X": "6.30300500000e+05", "Y": "9.22355650000e+06" }, "geometry": { "type": "Point", "coordinates": [ 112.179689061012837, -7.02289178117004 ] } },
{ "type": "Feature", "properties": { "KODE": 1021195, "KATEGORI": "Lainnya", "KETERANGAN": "Bahaya Listrik", "X": "6.30300500000e+05", "Y": "9.22354400000e+06" }, "geometry": { "type": "Point", "coordinates": [ 112.179689345908074, -7.023004831491643 ] } },
{ "type": "Feature", "properties": { "KODE": 1021196, "KATEGORI": "Lainnya", "KETERANGAN": "Bahaya Listrik", "X": "6.30300500000e+05", "Y": "9.22353150000e+06" }, "geometry": { "type": "Point", "coordinates": [ 112.179689630808014, -7.02311788181269 ] } },
{ "type": "Feature", "properties": { "KODE": 1021197, "KATEGORI": "Lainnya", "KETERANGAN": "Bahaya Listrik", "X": "6.30300500000e+05", "Y": "9.22351900000e+06" }, "geometry": { "type": "Point", "coordinates": [ 112.179689915712672, -7.023230932133184 ] } },
{ "type": "Feature", "properties": { "KODE": 1021198, "KATEGORI": "Lainnya", "KETERANGAN": "Bahaya Listrik", "X": "6.30300500000e+05", "Y": "9.22350650000e+06" }, "geometry": { "type": "Point", "coordinates": [ 112.179690200622005, -7.023343982453122 ] } },
{ "type": "Feature", "properties": { "KODE": 1021199, "KATEGORI": "Lainnya", "KETERANGAN": "Bahaya Listrik", "X": "6.30300500000e+05", "Y": "9.22349400000e+06" }, "geometry": { "type": "Point", "coordinates": [ 112.179690485536057, -7.023457032772503 ] } },
{ "type": "Feature", "properties": { "KODE": 1021200, "KATEGORI": "Lainnya", "KETERANGAN": "Bahaya Listrik", "X": "6.30300500000e+05", "Y": "9.22348150000e+06" }, "geometry": { "type": "Point", "coordinates": [ 112.179690770454812, -7.023570083091331 ] } },
{ "type": "Feature", "properties": { "KODE": 1021201, "KATEGORI": "Lainnya", "KETERANGAN": "Bahaya Listrik", "X": "6.30300500000e+05", "Y": "9.22346900000e+06" }, "geometry": { "type": "Point", "coordinates": [ 112.179691055378257, -7.023683133409604 ] } },
{ "type": "Feature", "properties": { "KODE": 1021202, "KATEGORI": "Lainnya", "KETERANGAN": "Bahaya Listrik", "X": "6.30300500000e+05", "Y": "9.22345650000e+06" }, "geometry": { "type": "Point", "coordinates": [ 112.179691340306405, -7.023796183727321 ] } },
{ "type": "Feature", "properties": { "KODE": 1021203, "KATEGORI": "Lainnya", "KETERANGAN": "Bahaya Listrik", "X": "6.30300500000e+05", "Y": "9.22344400000e+06" }, "geometry": { "type": "Point", "coordinates": [ 112.179691625239258, -7.023909234044484 ] } },
{ "type": "Feature", "properties": { "KODE": 1021204, "KATEGORI": "Lainnya", "KETERANGAN": "Bahaya Listrik", "X": "6.30300500000e+05", "Y": "9.22343150000e+06" }, "geometry": { "type": "Point", "coordinates": [ 112.1796919101768, -7.02402228436109 ] } },
{ "type": "Feature", "properties": { "KODE": 1021205, "KATEGORI": "Lainnya", "KETERANGAN": "Bahaya Listrik", "X": "6.30300500000e+05", "Y": "9.22341900000e+06" }, "geometry": { "type": "Point", "coordinates": [ 112.17969219511906, -7.024135334677143 ] } },
{ "type": "Feature", "properties": { "KODE": 1021206, "KATEGORI": "Lainnya", "KETERANGAN": "Bahaya Listrik", "X": "6.30300500000e+05", "Y": "9.22340650000e+06" }, "geometry": { "type": "Point", "coordinates": [ 112.179692480066009, -7.024248384992638 ] } },
{ "type": "Feature", "properties": { "KODE": 1021207, "KATEGORI": "Lainnya", "KETERANGAN": "Bahaya Listrik", "X": "6.30300500000e+05", "Y": "9.22339400000e+06" }, "geometry": { "type": "Point", "coordinates": [ 112.179692765017663, -7.024361435307577 ] } },
{ "type": "Feature", "properties": { "KODE": 1021208, "KATEGORI": "Lainnya", "KETERANGAN": "Bahaya Listrik", "X": "6.30300500000e+05", "Y": "9.22338150000e+06" }, "geometry": { "type": "Point", "coordinates": [ 112.17969304997402, -7.024474485621964 ] } },
{ "type": "Feature", "properties": { "KODE": 1021209, "KATEGORI": "Lainnya", "KETERANGAN": "Bahaya Listrik", "X": "6.30300500000e+05", "Y": "9.22336900000e+06" }, "geometry": { "type": "Point", "coordinates": [ 112.179693334935081, -7.024587535935795 ] } },
{ "type": "Feature", "properties": { "KODE": 1021210, "KATEGORI": "Lainnya", "KETERANGAN": "Bahaya Listrik", "X": "6.30300500000e+05", "Y": "9.22335650000e+06" }, "geometry": { "type": "Point", "coordinates": [ 112.179693619900831, -7.024700586249069 ] } },
{ "type": "Feature", "properties": { "KODE": 1021211, "KATEGORI": "Lainnya", "KETERANGAN": "Bahaya Listrik", "X": "6.30300500000e+05", "Y": "9.22334400000e+06" }, "geometry": { "type": "Point", "coordinates": [ 112.179693904871286, -7.02481363656179 ] } },
{ "type": "Feature", "properties": { "KODE": 1021212, "KATEGORI": "Lainnya", "KETERANGAN": "Bahaya Listrik", "X": "6.30300500000e+05", "Y": "9.22333150000e+06" }, "geometry": { "type": "Point", "coordinates": [ 112.17969418984643, -7.024926686873955 ] } },
{ "type": "Feature", "properties": { "KODE": 1021213, "KATEGORI": "Lainnya", "KETERANGAN": "Bahaya Listrik", "X": "6.30300500000e+05", "Y": "9.22331900000e+06" }, "geometry": { "type": "Point", "coordinates": [ 112.179694474826292, -7.025039737185562 ] } },
{ "type": "Feature", "properties": { "KODE": 1021214, "KATEGORI": "Lainnya", "KETERANGAN": "Bahaya Listrik", "X": "6.30300500000e+05", "Y": "9.22330650000e+06" }, "geometry": { "type": "Point", "coordinates": [ 112.179694759810857, -7.025152787496616 ] } },
{ "type": "Feature", "properties": { "KODE": 1021215, "KATEGORI": "Lainnya", "KETERANGAN": "Bahaya Listrik", "X": "6.30300500000e+05", "Y": "9.22329400000e+06" }, "geometry": { "type": "Point", "coordinates": [ 112.179695044800113, -7.025265837807114 ] } },
{ "type": "Feature", "properties": { "KODE": 1021216, "KATEGORI": "Lainnya", "KETERANGAN": "Bahaya Listrik", "X": "6.30300500000e+05", "Y": "9.22328150000e+06" }, "geometry": { "type": "Point", "coordinates": [ 112.179695329794072, -7.025378888117056 ] } },
{ "type": "Feature", "properties": { "KODE": 1021217, "KATEGORI": "Lainnya", "KETERANGAN": "Bahaya Listrik", "X": "6.30300500000e+05", "Y": "9.22326900000e+06" }, "geometry": { "type": "Point", "coordinates": [ 112.179695614792735, -7.025491938426446 ] } },
{ "type": "Feature", "properties": { "KODE": 1021218, "KATEGORI": "Lainnya", "KETERANGAN": "Bahaya Listrik", "X": "6.30300500000e+05", "Y": "9.22325650000e+06" }, "geometry": { "type": "Point", "coordinates": [ 112.179695899796087, -7.025604988735279 ] } },
{ "type": "Feature", "properties": { "KODE": 1021219, "KATEGORI": "Lainnya", "KETERANGAN": "Bahaya Listrik", "X": "6.30300500000e+05", "Y": "9.22324400000e+06" }, "geometry": { "type": "Point", "coordinates": [ 112.179696184804158, -7.025718039043555 ] } },
{ "type": "Feature", "properties": { "KODE": 1021220, "KATEGORI": "Lainnya", "KETERANGAN": "Bahaya Listrik", "X": "6.30300500000e+05", "Y": "9.22323150000e+06" }, "geometry": { "type": "Point", "coordinates": [ 112.179696469816918, -7.025831089351276 ] } },
{ "type": "Feature", "properties": { "KODE": 1021221, "KATEGORI": "Lainnya", "KETERANGAN": "Bahaya Listrik", "X": "6.30300500000e+05", "Y": "9.22321900000e+06" }, "geometry": { "type": "Point", "coordinates": [ 112.179696754834382, -7.025944139658442 ] } },
{ "type": "Feature", "properties": { "KODE": 1021222, "KATEGORI": "Lainnya", "KETERANGAN": "Bahaya Listrik", "X": "6.30300500000e+05", "Y": "9.22320650000e+06" }, "geometry": { "type": "Point", "coordinates": [ 112.179697039856549, -7.026057189965054 ] } },
{ "type": "Feature", "properties": { "KODE": 1021223, "KATEGORI": "Lainnya", "KETERANGAN": "Bahaya Listrik", "X": "6.30300500000e+05", "Y": "9.22319400000e+06" }, "geometry": { "type": "Point", "coordinates": [ 112.179697324883406, -7.026170240271108 ] } },
{ "type": "Feature", "properties": { "KODE": 1021224, "KATEGORI": "Lainnya", "KETERANGAN": "Bahaya Listrik", "X": "6.30300500000e+05", "Y": "9.22318150000e+06" }, "geometry": { "type": "Point", "coordinates": [ 112.179697609914967, -7.026283290576608 ] } },
{ "type": "Feature", "properties": { "KODE": 1021225, "KATEGORI": "Lainnya", "KETERANGAN": "Bahaya Listrik", "X": "6.30300500000e+05", "Y": "9.22316900000e+06" }, "geometry": { "type": "Point", "coordinates": [ 112.179697894951246, -7.026396340881555 ] } },
{ "type": "Feature", "properties": { "KODE": 1021226, "KATEGORI": "Lainnya", "KETERANGAN": "Bahaya Listrik", "X": "6.30300500000e+05", "Y": "9.22315650000e+06" }, "geometry": { "type": "Point", "coordinates": [ 112.179698179992215, -7.026509391185941 ] } },
{ "type": "Feature", "properties": { "KODE": 1021227, "KATEGORI": "Lainnya", "KETERANGAN": "Bahaya Listrik", "X": "6.30300500000e+05", "Y": "9.22314400000e+06" }, "geometry": { "type": "Point", "coordinates": [ 112.179698465037873, -7.026622441489775 ] } },
{ "type": "Feature", "properties": { "KODE": 1021228, "KATEGORI": "Lainnya", "KETERANGAN": "Bahaya Listrik", "X": "6.30300500000e+05", "Y": "9.22313150000e+06" }, "geometry": { "type": "Point", "coordinates": [ 112.179698750088249, -7.026735491793055 ] } },
{ "type": "Feature", "properties": { "KODE": 1021229, "KATEGORI": "Lainnya", "KETERANGAN": "Bahaya Listrik", "X": "6.30300500000e+05", "Y": "9.22311900000e+06" }, "geometry": { "type": "Point", "coordinates": [ 112.179699035143315, -7.026848542095777 ] } },
{ "type": "Feature", "properties": { "KODE": 1021230, "KATEGORI": "Lainnya", "KETERANGAN": "Bahaya Listrik", "X": "6.30300500000e+05", "Y": "9.22310650000e+06" }, "geometry": { "type": "Point", "coordinates": [ 112.179699320203085, -7.026961592397943 ] } },
{ "type": "Feature", "properties": { "KODE": 1041027, "KATEGORI": "Lainnya", "KETERANGAN": "Bahaya Listrik", "X": "6.31300500000e+05", "Y": "9.22669400000e+06" }, "geometry": { "type": "Point", "coordinates": [ 112.188669435248372, -6.994493368235797 ] } },
{ "type": "Feature", "properties": { "KODE": 1041028, "KATEGORI": "Lainnya", "KETERANGAN": "Bahaya Listrik", "X": "6.31300500000e+05", "Y": "9.22668150000e+06" }, "geometry": { "type": "Point", "coordinates": [ 112.18866972113976, -6.994606418324996 ] } },
{ "type": "Feature", "properties": { "KODE": 1041029, "KATEGORI": "Lainnya", "KETERANGAN": "Bahaya Listrik", "X": "6.31300500000e+05", "Y": "9.22666900000e+06" }, "geometry": { "type": "Point", "coordinates": [ 112.188670007035896, -6.994719468413641 ] } },
{ "type": "Feature", "properties": { "KODE": 1041030, "KATEGORI": "Lainnya", "KETERANGAN": "Bahaya Listrik", "X": "6.31300500000e+05", "Y": "9.22665650000e+06" }, "geometry": { "type": "Point", "coordinates": [ 112.188670292936763, -6.994832518501735 ] } },
{ "type": "Feature", "properties": { "KODE": 1041031, "KATEGORI": "Lainnya", "KETERANGAN": "Bahaya Listrik", "X": "6.31300500000e+05", "Y": "9.22664400000e+06" }, "geometry": { "type": "Point", "coordinates": [ 112.188670578842348, -6.994945568589275 ] } },
{ "type": "Feature", "properties": { "KODE": 1041032, "KATEGORI": "Lainnya", "KETERANGAN": "Bahaya Listrik", "X": "6.31300500000e+05", "Y": "9.22663150000e+06" }, "geometry": { "type": "Point", "coordinates": [ 112.188670864752694, -6.995058618676262 ] } },
{ "type": "Feature", "properties": { "KODE": 1041033, "KATEGORI": "Lainnya", "KETERANGAN": "Bahaya Listrik", "X": "6.31300500000e+05", "Y": "9.22661900000e+06" }, "geometry": { "type": "Point", "coordinates": [ 112.188671150667759, -6.995171668762694 ] } },
{ "type": "Feature", "properties": { "KODE": 1041034, "KATEGORI": "Lainnya", "KETERANGAN": "Bahaya Listrik", "X": "6.31300500000e+05", "Y": "9.22660650000e+06" }, "geometry": { "type": "Point", "coordinates": [ 112.188671436587569, -6.995284718848574 ] } },
{ "type": "Feature", "properties": { "KODE": 1041035, "KATEGORI": "Lainnya", "KETERANGAN": "Bahaya Listrik", "X": "6.31300500000e+05", "Y": "9.22659400000e+06" }, "geometry": { "type": "Point", "coordinates": [ 112.188671722512112, -6.995397768933902 ] } },
{ "type": "Feature", "properties": { "KODE": 1041036, "KATEGORI": "Lainnya", "KETERANGAN": "Bahaya Listrik", "X": "6.31300500000e+05", "Y": "9.22658150000e+06" }, "geometry": { "type": "Point", "coordinates": [ 112.188672008441372, -6.995510819018676 ] } },
{ "type": "Feature", "properties": { "KODE": 1041037, "KATEGORI": "Lainnya", "KETERANGAN": "Bahaya Listrik", "X": "6.31300500000e+05", "Y": "9.22656900000e+06" }, "geometry": { "type": "Point", "coordinates": [ 112.188672294375394, -6.995623869102897 ] } },
{ "type": "Feature", "properties": { "KODE": 1041038, "KATEGORI": "Lainnya", "KETERANGAN": "Bahaya Listrik", "X": "6.31300500000e+05", "Y": "9.22655650000e+06" }, "geometry": { "type": "Point", "coordinates": [ 112.188672580314147, -6.995736919186564 ] } },
{ "type": "Feature", "properties": { "KODE": 1041123, "KATEGORI": "Lainya", "KETERANGAN": "Bahaya Listrik", "X": "6.31300500000e+05", "Y": "9.22549400000e+06" }, "geometry": { "type": "Point", "coordinates": [ 112.188696902415813, -7.005346174275345 ] } },
{ "type": "Feature", "properties": { "KODE": 1041124, "KATEGORI": "Lainya", "KETERANGAN": "Bahaya Listrik", "X": "6.31300500000e+05", "Y": "9.22548150000e+06" }, "geometry": { "type": "Point", "coordinates": [ 112.188697188761822, -7.005459224311403 ] } },
{ "type": "Feature", "properties": { "KODE": 1041145, "KATEGORI": "Lainnya", "KETERANGAN": "Bahaya Listrik", "X": "6.31300500000e+05", "Y": "9.22521900000e+06" }, "geometry": { "type": "Point", "coordinates": [ 112.188703203121932, -7.007833274940626 ] } },
{ "type": "Feature", "properties": { "KODE": 1041146, "KATEGORI": "Lainnya", "KETERANGAN": "Bahaya Listrik", "X": "6.31300500000e+05", "Y": "9.22520650000e+06" }, "geometry": { "type": "Point", "coordinates": [ 112.18870348957212, -7.007946324964495 ] } },
{ "type": "Feature", "properties": { "KODE": 1041147, "KATEGORI": "Lainnya", "KETERANGAN": "Bahaya Listrik", "X": "6.31300500000e+05", "Y": "9.22519400000e+06" }, "geometry": { "type": "Point", "coordinates": [ 112.188703776027054, -7.00805937498781 ] } },
{ "type": "Feature", "properties": { "KODE": 1041148, "KATEGORI": "Lainnya", "KETERANGAN": "Bahaya Listrik", "X": "6.31300500000e+05", "Y": "9.22518150000e+06" }, "geometry": { "type": "Point", "coordinates": [ 112.188704062486721, -7.008172425010568 ] } },
{ "type": "Feature", "properties": { "KODE": 1041149, "KATEGORI": "Lainnya", "KETERANGAN": "Bahaya Listrik", "X": "6.31300500000e+05", "Y": "9.22516900000e+06" }, "geometry": { "type": "Point", "coordinates": [ 112.18870434895112, -7.008285475032774 ] } },
{ "type": "Feature", "properties": { "KODE": 1041150, "KATEGORI": "Lainnya", "KETERANGAN": "Bahaya Listrik", "X": "6.31300500000e+05", "Y": "9.22515650000e+06" }, "geometry": { "type": "Point", "coordinates": [ 112.188704635420251, -7.008398525054425 ] } },
{ "type": "Feature", "properties": { "KODE": 1041151, "KATEGORI": "Lainnya", "KETERANGAN": "Bahaya Listrik", "X": "6.31300500000e+05", "Y": "9.22514400000e+06" }, "geometry": { "type": "Point", "coordinates": [ 112.188704921894143, -7.008511575075523 ] } },
{ "type": "Feature", "properties": { "KODE": 1041152, "KATEGORI": "Lainnya", "KETERANGAN": "Bahaya Listrik", "X": "6.31300500000e+05", "Y": "9.22513150000e+06" }, "geometry": { "type": "Point", "coordinates": [ 112.188705208372738, -7.008624625096065 ] } },
{ "type": "Feature", "properties": { "KODE": 1041153, "KATEGORI": "Lainnya", "KETERANGAN": "Bahaya Listrik", "X": "6.31300500000e+05", "Y": "9.22511900000e+06" }, "geometry": { "type": "Point", "coordinates": [ 112.188705494856094, -7.008737675116053 ] } },
{ "type": "Feature", "properties": { "KODE": 1041154, "KATEGORI": "Lainnya", "KETERANGAN": "Bahaya Listrik", "X": "6.31300500000e+05", "Y": "9.22510650000e+06" }, "geometry": { "type": "Point", "coordinates": [ 112.188705781344169, -7.008850725135487 ] } },
{ "type": "Feature", "properties": { "KODE": 1041155, "KATEGORI": "Lainnya", "KETERANGAN": "Bahaya Listrik", "X": "6.31300500000e+05", "Y": "9.22509400000e+06" }, "geometry": { "type": "Point", "coordinates": [ 112.188706067837003, -7.008963775154367 ] } },
{ "type": "Feature", "properties": { "KODE": 1041156, "KATEGORI": "Lainnya", "KETERANGAN": "Bahaya Listrik", "X": "6.31300500000e+05", "Y": "9.22508150000e+06" }, "geometry": { "type": "Point", "coordinates": [ 112.188706354334542, -7.009076825172694 ] } },
{ "type": "Feature", "properties": { "KODE": 1041157, "KATEGORI": "Lainnya", "KETERANGAN": "Bahaya Listrik", "X": "6.31300500000e+05", "Y": "9.22506900000e+06" }, "geometry": { "type": "Point", "coordinates": [ 112.188706640836841, -7.009189875190465 ] } },
{ "type": "Feature", "properties": { "KODE": 1041158, "KATEGORI": "Lainnya", "KETERANGAN": "Bahaya Listrik", "X": "6.31300500000e+05", "Y": "9.22505650000e+06" }, "geometry": { "type": "Point", "coordinates": [ 112.188706927343858, -7.009302925207682 ] } },
{ "type": "Feature", "properties": { "KODE": 1041159, "KATEGORI": "Lainnya", "KETERANGAN": "Bahaya Listrik", "X": "6.31300500000e+05", "Y": "9.22504400000e+06" }, "geometry": { "type": "Point", "coordinates": [ 112.188707213855636, -7.009415975224345 ] } },
{ "type": "Feature", "properties": { "KODE": 1041160, "KATEGORI": "Lainnya", "KETERANGAN": "Bahaya Listrik", "X": "6.31300500000e+05", "Y": "9.22503150000e+06" }, "geometry": { "type": "Point", "coordinates": [ 112.188707500372118, -7.009529025240454 ] } },
{ "type": "Feature", "properties": { "KODE": 1041161, "KATEGORI": "Lainnya", "KETERANGAN": "Bahaya Listrik", "X": "6.31300500000e+05", "Y": "9.22501900000e+06" }, "geometry": { "type": "Point", "coordinates": [ 112.18870778689336, -7.009642075256008 ] } },
{ "type": "Feature", "properties": { "KODE": 1041162, "KATEGORI": "Lainnya", "KETERANGAN": "Bahaya Listrik", "X": "6.31300500000e+05", "Y": "9.22500650000e+06" }, "geometry": { "type": "Point", "coordinates": [ 112.18870807341932, -7.009755125271009 ] } },
{ "type": "Feature", "properties": { "KODE": 1061007, "KATEGORI": "Lainya", "KETERANGAN": "Bahaya Listrik", "X": "6.32300500000e+05", "Y": "9.22714400000e+06" }, "geometry": { "type": "Point", "coordinates": [ 112.197710771996114, -6.990400639537682 ] } },
{ "type": "Feature", "properties": { "KODE": 1061026, "KATEGORI": "Lainya", "KETERANGAN": "Bahaya Listrik", "X": "6.32300500000e+05", "Y": "9.22690650000e+06" }, "geometry": { "type": "Point", "coordinates": [ 112.197716242825081, -6.992548584404305 ] } },
{ "type": "Feature", "properties": { "KODE": 1081101, "KATEGORI": "Lainya", "KETERANGAN": "Bahaya Listrik", "X": "6.33300500000e+05", "Y": "9.22576900000e+06" }, "geometry": { "type": "Point", "coordinates": [ 112.20679430365314, -7.002812966631462 ] } },
{ "type": "Feature", "properties": { "KODE": 1121040, "KATEGORI": "Lainnya", "KETERANGAN": "Bahaya Listrik", "X": "6.35300500000e+05", "Y": "9.22653150000e+06" }, "geometry": { "type": "Point", "coordinates": [ 112.224879897170666, -6.995870201821054 ] } },
{ "type": "Feature", "properties": { "KODE": 1121040, "KATEGORI": "Lainnya", "KETERANGAN": "Bahaya Listrik", "X": "6.35300500000e+05", "Y": "9.22653150000e+06" }, "geometry": { "type": "Point", "coordinates": [ 112.224879897170666, -6.995870201821054 ] } },
{ "type": "Feature", "properties": { "KODE": 1121040, "KATEGORI": "Lainnya", "KETERANGAN": "Bahaya Listrik", "X": "6.35300500000e+05", "Y": "9.22653150000e+06" }, "geometry": { "type": "Point", "coordinates": [ 112.224879897170666, -6.995870201821054 ] } },
{ "type": "Feature", "properties": { "KODE": 1121041, "KATEGORI": "Lainnya", "KETERANGAN": "Bahaya Listrik", "X": "6.35300500000e+05", "Y": "9.22651900000e+06" }, "geometry": { "type": "Point", "coordinates": [ 112.224880191828461, -6.995983250388775 ] } },
{ "type": "Feature", "properties": { "KODE": 1121041, "KATEGORI": "Lainnya", "KETERANGAN": "Bahaya Listrik", "X": "6.35300500000e+05", "Y": "9.22651900000e+06" }, "geometry": { "type": "Point", "coordinates": [ 112.224880191828461, -6.995983250388775 ] } },
{ "type": "Feature", "properties": { "KODE": 1121041, "KATEGORI": "Lainnya", "KETERANGAN": "Bahaya Listrik", "X": "6.35300500000e+05", "Y": "9.22651900000e+06" }, "geometry": { "type": "Point", "coordinates": [ 112.224880191828461, -6.995983250388775 ] } },
{ "type": "Feature", "properties": { "KODE": 1121042, "KATEGORI": "Lainnya", "KETERANGAN": "Bahaya Listrik", "X": "6.35300500000e+05", "Y": "9.22650650000e+06" }, "geometry": { "type": "Point", "coordinates": [ 112.224880486491131, -6.996096298955941 ] } },
{ "type": "Feature", "properties": { "KODE": 1121042, "KATEGORI": "Lainnya", "KETERANGAN": "Bahaya Listrik", "X": "6.35300500000e+05", "Y": "9.22650650000e+06" }, "geometry": { "type": "Point", "coordinates": [ 112.224880486491131, -6.996096298955941 ] } },
{ "type": "Feature", "properties": { "KODE": 1121042, "KATEGORI": "Lainnya", "KETERANGAN": "Bahaya Listrik", "X": "6.35300500000e+05", "Y": "9.22650650000e+06" }, "geometry": { "type": "Point", "coordinates": [ 112.224880486491131, -6.996096298955941 ] } },
{ "type": "Feature", "properties": { "KODE": 1121043, "KATEGORI": "Lainnya", "KETERANGAN": "Bahaya Listrik", "X": "6.35300500000e+05", "Y": "9.22649400000e+06" }, "geometry": { "type": "Point", "coordinates": [ 112.224880781158674, -6.996209347522551 ] } },
{ "type": "Feature", "properties": { "KODE": 1121043, "KATEGORI": "Lainnya", "KETERANGAN": "Bahaya Listrik", "X": "6.35300500000e+05", "Y": "9.22649400000e+06" }, "geometry": { "type": "Point", "coordinates": [ 112.224880781158674, -6.996209347522551 ] } },
{ "type": "Feature", "properties": { "KODE": 1121043, "KATEGORI": "Lainnya", "KETERANGAN": "Bahaya Listrik", "X": "6.35300500000e+05", "Y": "9.22649400000e+06" }, "geometry": { "type": "Point", "coordinates": [ 112.224880781158674, -6.996209347522551 ] } },
{ "type": "Feature", "properties": { "KODE": 1121044, "KATEGORI": "Lainnya", "KETERANGAN": "Bahaya Listrik", "X": "6.35300500000e+05", "Y": "9.22648150000e+06" }, "geometry": { "type": "Point", "coordinates": [ 112.224881075831121, -6.996322396088608 ] } },
{ "type": "Feature", "properties": { "KODE": 1121044, "KATEGORI": "Lainnya", "KETERANGAN": "Bahaya Listrik", "X": "6.35300500000e+05", "Y": "9.22648150000e+06" }, "geometry": { "type": "Point", "coordinates": [ 112.224881075831121, -6.996322396088608 ] } },
{ "type": "Feature", "properties": { "KODE": 1121044, "KATEGORI": "Lainnya", "KETERANGAN": "Bahaya Listrik", "X": "6.35300500000e+05", "Y": "9.22648150000e+06" }, "geometry": { "type": "Point", "coordinates": [ 112.224881075831121, -6.996322396088608 ] } },
{ "type": "Feature", "properties": { "KODE": 1121045, "KATEGORI": "Lainnya", "KETERANGAN": "Bahaya Listrik", "X": "6.35300500000e+05", "Y": "9.22646900000e+06" }, "geometry": { "type": "Point", "coordinates": [ 112.224881370508427, -6.996435444654112 ] } },
{ "type": "Feature", "properties": { "KODE": 1121045, "KATEGORI": "Lainnya", "KETERANGAN": "Bahaya Listrik", "X": "6.35300500000e+05", "Y": "9.22646900000e+06" }, "geometry": { "type": "Point", "coordinates": [ 112.224881370508427, -6.996435444654112 ] } },
{ "type": "Feature", "properties": { "KODE": 1121045, "KATEGORI": "Lainnya", "KETERANGAN": "Bahaya Listrik", "X": "6.35300500000e+05", "Y": "9.22646900000e+06" }, "geometry": { "type": "Point", "coordinates": [ 112.224881370508427, -6.996435444654112 ] } },
{ "type": "Feature", "properties": { "KODE": 1121046, "KATEGORI": "Lainnya", "KETERANGAN": "Bahaya Listrik", "X": "6.35300500000e+05", "Y": "9.22645650000e+06" }, "geometry": { "type": "Point", "coordinates": [ 112.224881665190608, -6.996548493219062 ] } },
{ "type": "Feature", "properties": { "KODE": 1121046, "KATEGORI": "Lainnya", "KETERANGAN": "Bahaya Listrik", "X": "6.35300500000e+05", "Y": "9.22645650000e+06" }, "geometry": { "type": "Point", "coordinates": [ 112.224881665190608, -6.996548493219062 ] } },
{ "type": "Feature", "properties": { "KODE": 1121046, "KATEGORI": "Lainnya", "KETERANGAN": "Bahaya Listrik", "X": "6.35300500000e+05", "Y": "9.22645650000e+06" }, "geometry": { "type": "Point", "coordinates": [ 112.224881665190608, -6.996548493219062 ] } },
{ "type": "Feature", "properties": { "KODE": 1121047, "KATEGORI": "Lainnya", "KETERANGAN": "Bahaya Listrik", "X": "6.35300500000e+05", "Y": "9.22644400000e+06" }, "geometry": { "type": "Point", "coordinates": [ 112.224881959877692, -6.996661541783456 ] } },
{ "type": "Feature", "properties": { "KODE": 1121047, "KATEGORI": "Lainnya", "KETERANGAN": "Bahaya Listrik", "X": "6.35300500000e+05", "Y": "9.22644400000e+06" }, "geometry": { "type": "Point", "coordinates": [ 112.224881959877692, -6.996661541783456 ] } },
{ "type": "Feature", "properties": { "KODE": 1121047, "KATEGORI": "Lainnya", "KETERANGAN": "Bahaya Listrik", "X": "6.35300500000e+05", "Y": "9.22644400000e+06" }, "geometry": { "type": "Point", "coordinates": [ 112.224881959877692, -6.996661541783456 ] } },
{ "type": "Feature", "properties": { "KODE": 1121048, "KATEGORI": "Lainnya", "KETERANGAN": "Bahaya Listrik", "X": "6.35300500000e+05", "Y": "9.22643150000e+06" }, "geometry": { "type": "Point", "coordinates": [ 112.224882254569636, -6.996774590347298 ] } },
{ "type": "Feature", "properties": { "KODE": 1121048, "KATEGORI": "Lainnya", "KETERANGAN": "Bahaya Listrik", "X": "6.35300500000e+05", "Y": "9.22643150000e+06" }, "geometry": { "type": "Point", "coordinates": [ 112.224882254569636, -6.996774590347298 ] } },
{ "type": "Feature", "properties": { "KODE": 1121048, "KATEGORI": "Lainnya", "KETERANGAN": "Bahaya Listrik", "X": "6.35300500000e+05", "Y": "9.22643150000e+06" }, "geometry": { "type": "Point", "coordinates": [ 112.224882254569636, -6.996774590347298 ] } },
{ "type": "Feature", "properties": { "KODE": 1121049, "KATEGORI": "Lainnya", "KETERANGAN": "Bahaya Listrik", "X": "6.35300500000e+05", "Y": "9.22641900000e+06" }, "geometry": { "type": "Point", "coordinates": [ 112.224882549266454, -6.996887638910586 ] } },
{ "type": "Feature", "properties": { "KODE": 1121049, "KATEGORI": "Lainnya", "KETERANGAN": "Bahaya Listrik", "X": "6.35300500000e+05", "Y": "9.22641900000e+06" }, "geometry": { "type": "Point", "coordinates": [ 112.224882549266454, -6.996887638910586 ] } },
{ "type": "Feature", "properties": { "KODE": 1121049, "KATEGORI": "Lainnya", "KETERANGAN": "Bahaya Listrik", "X": "6.35300500000e+05", "Y": "9.22641900000e+06" }, "geometry": { "type": "Point", "coordinates": [ 112.224882549266454, -6.996887638910586 ] } },
{ "type": "Feature", "properties": { "KODE": 1121050, "KATEGORI": "Lainnya", "KETERANGAN": "Bahaya Listrik", "X": "6.35300500000e+05", "Y": "9.22640650000e+06" }, "geometry": { "type": "Point", "coordinates": [ 112.22488284396816, -6.997000687473318 ] } },
{ "type": "Feature", "properties": { "KODE": 1121050, "KATEGORI": "Lainnya", "KETERANGAN": "Bahaya Listrik", "X": "6.35300500000e+05", "Y": "9.22640650000e+06" }, "geometry": { "type": "Point", "coordinates": [ 112.22488284396816, -6.997000687473318 ] } },
{ "type": "Feature", "properties": { "KODE": 1121050, "KATEGORI": "Lainnya", "KETERANGAN": "Bahaya Listrik", "X": "6.35300500000e+05", "Y": "9.22640650000e+06" }, "geometry": { "type": "Point", "coordinates": [ 112.22488284396816, -6.997000687473318 ] } },
{ "type": "Feature", "properties": { "KODE": 1121051, "KATEGORI": "Lainnya", "KETERANGAN": "Bahaya Listrik", "X": "6.35300500000e+05", "Y": "9.22639400000e+06" }, "geometry": { "type": "Point", "coordinates": [ 112.22488313867477, -6.997113736035498 ] } },
{ "type": "Feature", "properties": { "KODE": 1121051, "KATEGORI": "Lainnya", "KETERANGAN": "Bahaya Listrik", "X": "6.35300500000e+05", "Y": "9.22639400000e+06" }, "geometry": { "type": "Point", "coordinates": [ 112.22488313867477, -6.997113736035498 ] } },
{ "type": "Feature", "properties": { "KODE": 1121051, "KATEGORI": "Lainnya", "KETERANGAN": "Bahaya Listrik", "X": "6.35300500000e+05", "Y": "9.22639400000e+06" }, "geometry": { "type": "Point", "coordinates": [ 112.22488313867477, -6.997113736035498 ] } },
{ "type": "Feature", "properties": { "KODE": 1141433, "KATEGORI": "Lainnya", "KETERANGAN": "Bahaya Listrik", "X": "6.36300500000e+05", "Y": "9.22161900000e+06" }, "geometry": { "type": "Point", "coordinates": [ 112.234048540335507, -7.040274455351183 ] } },
{ "type": "Feature", "properties": { "KODE": 1141434, "KATEGORI": "Lainnya", "KETERANGAN": "Bahaya Listrik", "X": "6.36300500000e+05", "Y": "9.22160650000e+06" }, "geometry": { "type": "Point", "coordinates": [ 112.234048839101675, -7.040387503314786 ] } },
{ "type": "Feature", "properties": { "KODE": 1141435, "KATEGORI": "Lainnya", "KETERANGAN": "Bahaya Listrik", "X": "6.36300500000e+05", "Y": "9.22159400000e+06" }, "geometry": { "type": "Point", "coordinates": [ 112.234049137872745, -7.040500551277828 ] } },
{ "type": "Feature", "properties": { "KODE": 1141436, "KATEGORI": "Lainnya", "KETERANGAN": "Bahaya Listrik", "X": "6.36300500000e+05", "Y": "9.22158150000e+06" }, "geometry": { "type": "Point", "coordinates": [ 112.23404943664876, -7.040613599240316 ] } },
{ "type": "Feature", "properties": { "KODE": 1141437, "KATEGORI": "Lainnya", "KETERANGAN": "Bahaya Listrik", "X": "6.36300500000e+05", "Y": "9.22156900000e+06" }, "geometry": { "type": "Point", "coordinates": [ 112.234049735429664, -7.040726647202248 ] } },
{ "type": "Feature", "properties": { "KODE": 1141438, "KATEGORI": "Lainnya", "KETERANGAN": "Bahaya Listrik", "X": "6.36300500000e+05", "Y": "9.22155650000e+06" }, "geometry": { "type": "Point", "coordinates": [ 112.2340500342155, -7.040839695163618 ] } },
{ "type": "Feature", "properties": { "KODE": 1141439, "KATEGORI": "Lainnya", "KETERANGAN": "Bahaya Listrik", "X": "6.36300500000e+05", "Y": "9.22154400000e+06" }, "geometry": { "type": "Point", "coordinates": [ 112.234050333006252, -7.040952743124432 ] } },
{ "type": "Feature", "properties": { "KODE": 1141440, "KATEGORI": "Lainnya", "KETERANGAN": "Bahaya Listrik", "X": "6.36300500000e+05", "Y": "9.22153150000e+06" }, "geometry": { "type": "Point", "coordinates": [ 112.234050631801921, -7.041065791084688 ] } },
{ "type": "Feature", "properties": { "KODE": 1141441, "KATEGORI": "Lainnya", "KETERANGAN": "Bahaya Listrik", "X": "6.36300500000e+05", "Y": "9.22151900000e+06" }, "geometry": { "type": "Point", "coordinates": [ 112.234050930602507, -7.041178839044389 ] } },
{ "type": "Feature", "properties": { "KODE": 1141442, "KATEGORI": "Lainnya", "KETERANGAN": "Bahaya Listrik", "X": "6.36300500000e+05", "Y": "9.22150650000e+06" }, "geometry": { "type": "Point", "coordinates": [ 112.23405122940801, -7.041291887003529 ] } },
{ "type": "Feature", "properties": { "KODE": 1141443, "KATEGORI": "Lainnya", "KETERANGAN": "Bahaya Listrik", "X": "6.36300500000e+05", "Y": "9.22149400000e+06" }, "geometry": { "type": "Point", "coordinates": [ 112.234051528218444, -7.041404934962113 ] } },
{ "type": "Feature", "properties": { "KODE": 1141444, "KATEGORI": "Lainnya", "KETERANGAN": "Bahaya Listrik", "X": "6.36300500000e+05", "Y": "9.22148150000e+06" }, "geometry": { "type": "Point", "coordinates": [ 112.234051827033781, -7.041517982920142 ] } },
{ "type": "Feature", "properties": { "KODE": 1141445, "KATEGORI": "Lainnya", "KETERANGAN": "Bahaya Listrik", "X": "6.36300500000e+05", "Y": "9.22146900000e+06" }, "geometry": { "type": "Point", "coordinates": [ 112.234052125854049, -7.041631030877609 ] } },
{ "type": "Feature", "properties": { "KODE": 1141446, "KATEGORI": "Lainnya", "KETERANGAN": "Bahaya Listrik", "X": "6.36300500000e+05", "Y": "9.22145650000e+06" }, "geometry": { "type": "Point", "coordinates": [ 112.23405242467922, -7.041744078834518 ] } },
{ "type": "Feature", "properties": { "KODE": 1141447, "KATEGORI": "Lainnya", "KETERANGAN": "Bahaya Listrik", "X": "6.36300500000e+05", "Y": "9.22144400000e+06" }, "geometry": { "type": "Point", "coordinates": [ 112.234052723509322, -7.041857126790872 ] } },
{ "type": "Feature", "properties": { "KODE": 1141448, "KATEGORI": "Lainnya", "KETERANGAN": "Bahaya Listrik", "X": "6.36300500000e+05", "Y": "9.22143150000e+06" }, "geometry": { "type": "Point", "coordinates": [ 112.234053022344327, -7.041970174746669 ] } },
{ "type": "Feature", "properties": { "KODE": 1141449, "KATEGORI": "Lainnya", "KETERANGAN": "Bahaya Listrik", "X": "6.36300500000e+05", "Y": "9.22141900000e+06" }, "geometry": { "type": "Point", "coordinates": [ 112.234053321184248, -7.042083222701905 ] } },
{ "type": "Feature", "properties": { "KODE": 1141450, "KATEGORI": "Lainnya", "KETERANGAN": "Bahaya Listrik", "X": "6.36300500000e+05", "Y": "9.22140650000e+06" }, "geometry": { "type": "Point", "coordinates": [ 112.234053620029101, -7.042196270656586 ] } },
{ "type": "Feature", "properties": { "KODE": 1161806, "KATEGORI": "Lainnya", "KETERANGAN": "Bahaya Listrik", "X": "6.37300500000e+05", "Y": "9.21710659000e+06" }, "geometry": { "type": "Point", "coordinates": [ 112.243209940630535, -7.081059813803556 ] } },
{ "type": "Feature", "properties": { "KODE": 1161806, "KATEGORI": "Lainnya", "KETERANGAN": "Bahaya Listrik", "X": "6.37300500000e+05", "Y": "9.21710659000e+06" }, "geometry": { "type": "Point", "coordinates": [ 112.243209940630535, -7.081059813803556 ] } },
{ "type": "Feature", "properties": { "KODE": 1161807, "KATEGORI": "Lainnya", "KETERANGAN": "Bahaya Listrik", "X": "6.37300500000e+05", "Y": "9.21709400000e+06" }, "geometry": { "type": "Point", "coordinates": [ 112.243210245555417, -7.081173675117746 ] } },
{ "type": "Feature", "properties": { "KODE": 1161807, "KATEGORI": "Lainnya", "KETERANGAN": "Bahaya Listrik", "X": "6.37300500000e+05", "Y": "9.21709400000e+06" }, "geometry": { "type": "Point", "coordinates": [ 112.243210245555417, -7.081173675117746 ] } },
{ "type": "Feature", "properties": { "KODE": 1161808, "KATEGORI": "Lainnya", "KETERANGAN": "Bahaya Listrik", "X": "6.37300500000e+05", "Y": "9.21708159000e+06" }, "geometry": { "type": "Point", "coordinates": [ 112.243210546125695, -7.081285908549211 ] } },
{ "type": "Feature", "properties": { "KODE": 1161808, "KATEGORI": "Lainnya", "KETERANGAN": "Bahaya Listrik", "X": "6.37300500000e+05", "Y": "9.21708159000e+06" }, "geometry": { "type": "Point", "coordinates": [ 112.243210546125695, -7.081285908549211 ] } },
{ "type": "Feature", "properties": { "KODE": 1161809, "KATEGORI": "Lainnya", "KETERANGAN": "Bahaya Listrik", "X": "6.37300500000e+05", "Y": "9.21706900000e+06" }, "geometry": { "type": "Point", "coordinates": [ 112.243210851060581, -7.081399769862273 ] } },
{ "type": "Feature", "properties": { "KODE": 1161809, "KATEGORI": "Lainnya", "KETERANGAN": "Bahaya Listrik", "X": "6.37300500000e+05", "Y": "9.21706900000e+06" }, "geometry": { "type": "Point", "coordinates": [ 112.243210851060581, -7.081399769862273 ] } },
{ "type": "Feature", "properties": { "KODE": 1161810, "KATEGORI": "Lainnya", "KETERANGAN": "Bahaya Listrik", "X": "6.37300500000e+05", "Y": "9.21705659000e+06" }, "geometry": { "type": "Point", "coordinates": [ 112.243211151640693, -7.081512003292624 ] } },
{ "type": "Feature", "properties": { "KODE": 1161810, "KATEGORI": "Lainnya", "KETERANGAN": "Bahaya Listrik", "X": "6.37300500000e+05", "Y": "9.21705659000e+06" }, "geometry": { "type": "Point", "coordinates": [ 112.243211151640693, -7.081512003292624 ] } },
{ "type": "Feature", "properties": { "KODE": 1161811, "KATEGORI": "Lainnya", "KETERANGAN": "Bahaya Listrik", "X": "6.37300500000e+05", "Y": "9.21704400000e+06" }, "geometry": { "type": "Point", "coordinates": [ 112.243211456585541, -7.081625864604554 ] } },
{ "type": "Feature", "properties": { "KODE": 1161811, "KATEGORI": "Lainnya", "KETERANGAN": "Bahaya Listrik", "X": "6.37300500000e+05", "Y": "9.21704400000e+06" }, "geometry": { "type": "Point", "coordinates": [ 112.243211456585541, -7.081625864604554 ] } },
{ "type": "Feature", "properties": { "KODE": 1161812, "KATEGORI": "Lainnya", "KETERANGAN": "Bahaya Listrik", "X": "6.37300500000e+05", "Y": "9.21703159000e+06" }, "geometry": { "type": "Point", "coordinates": [ 112.243211757175501, -7.081738098033791 ] } },
{ "type": "Feature", "properties": { "KODE": 1161812, "KATEGORI": "Lainnya", "KETERANGAN": "Bahaya Listrik", "X": "6.37300500000e+05", "Y": "9.21703159000e+06" }, "geometry": { "type": "Point", "coordinates": [ 112.243211757175501, -7.081738098033791 ] } },
{ "type": "Feature", "properties": { "KODE": 1172046, "KATEGORI": "Lainya", "KETERANGAN": "Bahaya Listrik", "X": "6.37094300000e+05", "Y": "9.21680039000e+06" }, "geometry": { "type": "Point", "coordinates": [ 112.241350573889264, -7.083834009163855 ] } },
{ "type": "Feature", "properties": { "KODE": 1172047, "KATEGORI": "Lainya", "KETERANGAN": "Bahaya Listrik", "X": "6.37106800000e+05", "Y": "9.21680030000e+06" }, "geometry": { "type": "Point", "coordinates": [ 112.241463741976389, -7.083834520998671 ] } },
{ "type": "Feature", "properties": { "KODE": 1172048, "KATEGORI": "Lainya", "KETERANGAN": "Bahaya Listrik", "X": "6.37119300000e+05", "Y": "9.21680039000e+06" }, "geometry": { "type": "Point", "coordinates": [ 112.241576905703482, -7.083833404922902 ] } },
{ "type": "Feature", "properties": { "KODE": 1172049, "KATEGORI": "Lainya", "KETERANGAN": "Bahaya Listrik", "X": "6.37131800000e+05", "Y": "9.21680030000e+06" }, "geometry": { "type": "Point", "coordinates": [ 112.241690073781101, -7.083833916702603 ] } },
{ "type": "Feature", "properties": { "KODE": 1211123, "KATEGORI": "Lainnya", "KETERANGAN": "Bahaya Listrik", "X": "6.24506800000e+05", "Y": "9.21880030000e+06" }, "geometry": { "type": "Point", "coordinates": [ 112.127346181598838, -7.066036729046751 ] } },
{ "type": "Feature", "properties": { "KODE": 1211124, "KATEGORI": "Lainnya", "KETERANGAN": "Bahaya Listrik", "X": "6.24519300000e+05", "Y": "9.21880030000e+06" }, "geometry": { "type": "Point", "coordinates": [ 112.12745934786021, -7.066036455365863 ] } },
{ "type": "Feature", "properties": { "KODE": 1211125, "KATEGORI": "Lainnya", "KETERANGAN": "Bahaya Listrik", "X": "6.24531800000e+05", "Y": "9.21880030000e+06" }, "geometry": { "type": "Point", "coordinates": [ 112.127572514117091, -7.066036181657516 ] } },
{ "type": "Feature", "properties": { "KODE": 1211126, "KATEGORI": "Lainnya", "KETERANGAN": "Bahaya Listrik", "X": "6.24544300000e+05", "Y": "9.21880030000e+06" }, "geometry": { "type": "Point", "coordinates": [ 112.127685680369481, -7.066035907921713 ] } },
{ "type": "Feature", "properties": { "KODE": 1211127, "KATEGORI": "Lainnya", "KETERANGAN": "Bahaya Listrik", "X": "6.24556800000e+05", "Y": "9.21880030000e+06" }, "geometry": { "type": "Point", "coordinates": [ 112.127798846617381, -7.066035634158452 ] } },
{ "type": "Feature", "properties": { "KODE": 1211128, "KATEGORI": "Lainnya", "KETERANGAN": "Bahaya Listrik", "X": "6.24569300000e+05", "Y": "9.21880030000e+06" }, "geometry": { "type": "Point", "coordinates": [ 112.127912012860776, -7.066035360367734 ] } },
{ "type": "Feature", "properties": { "KODE": 1211129, "KATEGORI": "Lainnya", "KETERANGAN": "Bahaya Listrik", "X": "6.24581800000e+05", "Y": "9.21880030000e+06" }, "geometry": { "type": "Point", "coordinates": [ 112.12802517909968, -7.066035086549558 ] } },
{ "type": "Feature", "properties": { "KODE": 1211130, "KATEGORI": "Lainnya", "KETERANGAN": "Bahaya Listrik", "X": "6.24594300000e+05", "Y": "9.21880030000e+06" }, "geometry": { "type": "Point", "coordinates": [ 112.128138345334079, -7.066034812703925 ] } },
{ "type": "Feature", "properties": { "KODE": 1211131, "KATEGORI": "Lainnya", "KETERANGAN": "Bahaya Listrik", "X": "6.24606800000e+05", "Y": "9.21880030000e+06" }, "geometry": { "type": "Point", "coordinates": [ 112.128251511563988, -7.066034538830833 ] } },
{ "type": "Feature", "properties": { "KODE": 1211132, "KATEGORI": "Lainnya", "KETERANGAN": "Bahaya Listrik", "X": "6.24619300000e+05", "Y": "9.21880030000e+06" }, "geometry": { "type": "Point", "coordinates": [ 112.128364677789392, -7.066034264930286 ] } },
{ "type": "Feature", "properties": { "KODE": 1211133, "KATEGORI": "Lainnya", "KETERANGAN": "Bahaya Listrik", "X": "6.24631800000e+05", "Y": "9.21880030000e+06" }, "geometry": { "type": "Point", "coordinates": [ 112.128477844010305, -7.06603399100228 ] } },
{ "type": "Feature", "properties": { "KODE": 1211134, "KATEGORI": "Lainnya", "KETERANGAN": "Bahaya Listrik", "X": "6.24644300000e+05", "Y": "9.21880030000e+06" }, "geometry": { "type": "Point", "coordinates": [ 112.128591010226714, -7.066033717046817 ] } },
{ "type": "Feature", "properties": { "KODE": 1211135, "KATEGORI": "Lainnya", "KETERANGAN": "Bahaya Listrik", "X": "6.24656800000e+05", "Y": "9.21880030000e+06" }, "geometry": { "type": "Point", "coordinates": [ 112.128704176438632, -7.066033443063897 ] } },
{ "type": "Feature", "properties": { "KODE": 1211136, "KATEGORI": "Lainnya", "KETERANGAN": "Bahaya Listrik", "X": "6.24669300000e+05", "Y": "9.21880030000e+06" }, "geometry": { "type": "Point", "coordinates": [ 112.128817342646045, -7.066033169053518 ] } },
{ "type": "Feature", "properties": { "KODE": 1211137, "KATEGORI": "Lainnya", "KETERANGAN": "Bahaya Listrik", "X": "6.24681800000e+05", "Y": "9.21880030000e+06" }, "geometry": { "type": "Point", "coordinates": [ 112.128930508848967, -7.066032895015684 ] } },
{ "type": "Feature", "properties": { "KODE": 1211138, "KATEGORI": "Lainnya", "KETERANGAN": "Bahaya Listrik", "X": "6.24694300000e+05", "Y": "9.21880030000e+06" }, "geometry": { "type": "Point", "coordinates": [ 112.129043675047384, -7.066032620950391 ] } },
{ "type": "Feature", "properties": { "KODE": 1211139, "KATEGORI": "Lainnya", "KETERANGAN": "Bahaya Listrik", "X": "6.24706800000e+05", "Y": "9.21880030000e+06" }, "geometry": { "type": "Point", "coordinates": [ 112.129156841241283, -7.06603234685764 ] } },
{ "type": "Feature", "properties": { "KODE": 1211540, "KATEGORI": "Lainnya", "KETERANGAN": "Bahaya Listrik", "X": "6.29719300000e+05", "Y": "9.21880030000e+06" }, "geometry": { "type": "Point", "coordinates": [ 112.17453611736984, -7.065920222628899 ] } },
{ "type": "Feature", "properties": { "KODE": 1211541, "KATEGORI": "Lainnya", "KETERANGAN": "Bahaya Listrik", "X": "6.29731800000e+05", "Y": "9.21880030000e+06" }, "geometry": { "type": "Point", "coordinates": [ 112.174649281718004, -7.065919937498709 ] } },
{ "type": "Feature", "properties": { "KODE": 1211542, "KATEGORI": "Lainnya", "KETERANGAN": "Bahaya Listrik", "X": "6.29744300000e+05", "Y": "9.21880030000e+06" }, "geometry": { "type": "Point", "coordinates": [ 112.174762446061493, -7.065919652341065 ] } },
{ "type": "Feature", "properties": { "KODE": 1211543, "KATEGORI": "Lainnya", "KETERANGAN": "Bahaya Listrik", "X": "6.29756800000e+05", "Y": "9.21880030000e+06" }, "geometry": { "type": "Point", "coordinates": [ 112.174875610400292, -7.065919367155965 ] } },
{ "type": "Feature", "properties": { "KODE": 1211544, "KATEGORI": "Lainnya", "KETERANGAN": "Bahaya Listrik", "X": "6.29769300000e+05", "Y": "9.21880030000e+06" }, "geometry": { "type": "Point", "coordinates": [ 112.174988774734416, -7.06591908194341 ] } },
{ "type": "Feature", "properties": { "KODE": 1211545, "KATEGORI": "Lainnya", "KETERANGAN": "Bahaya Listrik", "X": "6.29781800000e+05", "Y": "9.21880030000e+06" }, "geometry": { "type": "Point", "coordinates": [ 112.17510193906385, -7.0659187967034 ] } },
{ "type": "Feature", "properties": { "KODE": 1211546, "KATEGORI": "Lainnya", "KETERANGAN": "Bahaya Listrik", "X": "6.29794300000e+05", "Y": "9.21880030000e+06" }, "geometry": { "type": "Point", "coordinates": [ 112.175215103388609, -7.065918511435934 ] } },
{ "type": "Feature", "properties": { "KODE": 1211547, "KATEGORI": "Lainnya", "KETERANGAN": "Bahaya Listrik", "X": "6.29806800000e+05", "Y": "9.21880030000e+06" }, "geometry": { "type": "Point", "coordinates": [ 112.175328267708679, -7.065918226141013 ] } },
{ "type": "Feature", "properties": { "KODE": 1211548, "KATEGORI": "Lainnya", "KETERANGAN": "Bahaya Listrik", "X": "6.29819300000e+05", "Y": "9.21880030000e+06" }, "geometry": { "type": "Point", "coordinates": [ 112.175441432024058, -7.065917940818638 ] } },
{ "type": "Feature", "properties": { "KODE": 1211549, "KATEGORI": "Lainnya", "KETERANGAN": "Bahaya Listrik", "X": "6.29831800000e+05", "Y": "9.21880030000e+06" }, "geometry": { "type": "Point", "coordinates": [ 112.175554596334763, -7.065917655468808 ] } },
{ "type": "Feature", "properties": { "KODE": 1211550, "KATEGORI": "Lainnya", "KETERANGAN": "Bahaya Listrik", "X": "6.29844300000e+05", "Y": "9.21880030000e+06" }, "geometry": { "type": "Point", "coordinates": [ 112.175667760640778, -7.065917370091522 ] } },
{ "type": "Feature", "properties": { "KODE": 1211551, "KATEGORI": "Lainnya", "KETERANGAN": "Bahaya Listrik", "X": "6.29856800000e+05", "Y": "9.21880030000e+06" }, "geometry": { "type": "Point", "coordinates": [ 112.175780924942103, -7.06591708468678 ] } },
{ "type": "Feature", "properties": { "KODE": 1211552, "KATEGORI": "Lainnya", "KETERANGAN": "Bahaya Listrik", "X": "6.29869300000e+05", "Y": "9.21880030000e+06" }, "geometry": { "type": "Point", "coordinates": [ 112.175894089238753, -7.065916799254583 ] } },
{ "type": "Feature", "properties": { "KODE": 1211553, "KATEGORI": "Lainnya", "KETERANGAN": "Bahaya Listrik", "X": "6.29881800000e+05", "Y": "9.21880030000e+06" }, "geometry": { "type": "Point", "coordinates": [ 112.176007253530699, -7.065916513794932 ] } },
{ "type": "Feature", "properties": { "KODE": 1211554, "KATEGORI": "Lainnya", "KETERANGAN": "Bahaya Listrik", "X": "6.29894300000e+05", "Y": "9.21880030000e+06" }, "geometry": { "type": "Point", "coordinates": [ 112.176120417817955, -7.065916228307826 ] } },
{ "type": "Feature", "properties": { "KODE": 1211555, "KATEGORI": "Lainnya", "KETERANGAN": "Bahaya Listrik", "X": "6.29906800000e+05", "Y": "9.21880030000e+06" }, "geometry": { "type": "Point", "coordinates": [ 112.176233582100551, -7.065915942793263 ] } },
{ "type": "Feature", "properties": { "KODE": 1211556, "KATEGORI": "Lainnya", "KETERANGAN": "Bahaya Listrik", "X": "6.29919300000e+05", "Y": "9.21880030000e+06" }, "geometry": { "type": "Point", "coordinates": [ 112.176346746378428, -7.065915657251247 ] } },
{ "type": "Feature", "properties": { "KODE": 1211557, "KATEGORI": "Lainnya", "KETERANGAN": "Bahaya Listrik", "X": "6.29931800000e+05", "Y": "9.21880030000e+06" }, "geometry": { "type": "Point", "coordinates": [ 112.17645991065163, -7.065915371681775 ] } },
{ "type": "Feature", "properties": { "KODE": 1211558, "KATEGORI": "Lainnya", "KETERANGAN": "Bahaya Listrik", "X": "6.29944300000e+05", "Y": "9.21880030000e+06" }, "geometry": { "type": "Point", "coordinates": [ 112.176573074920142, -7.065915086084847 ] } },
{ "type": "Feature", "properties": { "KODE": 1211590, "KATEGORI": "Lainnya", "KETERANGAN": "Bahaya Listrik", "X": "6.30344300000e+05", "Y": "9.21880039000e+06" }, "geometry": { "type": "Point", "coordinates": [ 112.18019432696893, -7.065905118526227 ] } },
{ "type": "Feature", "properties": { "KODE": 1211591, "KATEGORI": "Lainnya", "KETERANGAN": "Bahaya Listrik", "X": "6.30356800000e+05", "Y": "9.21880030000e+06" }, "geometry": { "type": "Point", "coordinates": [ 112.180307493147239, -7.065905645983959 ] } },
{ "type": "Feature", "properties": { "KODE": 1211592, "KATEGORI": "Lainnya", "KETERANGAN": "Bahaya Listrik", "X": "6.30369300000e+05", "Y": "9.21880039000e+06" }, "geometry": { "type": "Point", "coordinates": [ 112.180420655190844, -7.065904545492953 ] } },
{ "type": "Feature", "properties": { "KODE": 1211593, "KATEGORI": "Lainnya", "KETERANGAN": "Bahaya Listrik", "X": "6.30381800000e+05", "Y": "9.21880030000e+06" }, "geometry": { "type": "Point", "coordinates": [ 112.180533821360129, -7.065905072895707 ] } },
{ "type": "Feature", "properties": { "KODE": 1211594, "KATEGORI": "Lainnya", "KETERANGAN": "Bahaya Listrik", "X": "6.30394300000e+05", "Y": "9.21880039000e+06" }, "geometry": { "type": "Point", "coordinates": [ 112.180646983393927, -7.065903972349858 ] } },
{ "type": "Feature", "properties": { "KODE": 1211595, "KATEGORI": "Lainnya", "KETERANGAN": "Bahaya Listrik", "X": "6.30406800000e+05", "Y": "9.21880030000e+06" }, "geometry": { "type": "Point", "coordinates": [ 112.180760149554203, -7.065904499697636 ] } },
{ "type": "Feature", "properties": { "KODE": 1211596, "KATEGORI": "Lainnya", "KETERANGAN": "Bahaya Listrik", "X": "6.30419300000e+05", "Y": "9.21880039000e+06" }, "geometry": { "type": "Point", "coordinates": [ 112.180873311578182, -7.065903399096944 ] } },
{ "type": "Feature", "properties": { "KODE": 1211597, "KATEGORI": "Lainnya", "KETERANGAN": "Bahaya Listrik", "X": "6.30431800000e+05", "Y": "9.21880030000e+06" }, "geometry": { "type": "Point", "coordinates": [ 112.180986477729448, -7.065903926389745 ] } },
{ "type": "Feature", "properties": { "KODE": 1211598, "KATEGORI": "Lainnya", "KETERANGAN": "Bahaya Listrik", "X": "6.30444300000e+05", "Y": "9.21880039000e+06" }, "geometry": { "type": "Point", "coordinates": [ 112.181099639743621, -7.065902825734209 ] } },
{ "type": "Feature", "properties": { "KODE": 1211599, "KATEGORI": "Lainnya", "KETERANGAN": "Bahaya Listrik", "X": "6.30456800000e+05", "Y": "9.21880030000e+06" }, "geometry": { "type": "Point", "coordinates": [ 112.181212805885863, -7.065903352972035 ] } },
{ "type": "Feature", "properties": { "KODE": 1211600, "KATEGORI": "Lainnya", "KETERANGAN": "Bahaya Listrik", "X": "6.30469300000e+05", "Y": "9.21880039000e+06" }, "geometry": { "type": "Point", "coordinates": [ 112.181325967890231, -7.065902252261655 ] } },
{ "type": "Feature", "properties": { "KODE": 1211601, "KATEGORI": "Lainnya", "KETERANGAN": "Bahaya Listrik", "X": "6.30481800000e+05", "Y": "9.21880030000e+06" }, "geometry": { "type": "Point", "coordinates": [ 112.181439134023449, -7.065902779444505 ] } },
{ "type": "Feature", "properties": { "KODE": 1231778, "KATEGORI": "Lainnya", "KETERANGAN": "Bahaya Listrik", "X": "6.32644300000e+05", "Y": "9.21980039000e+06" }, "geometry": { "type": "Point", "coordinates": [ 112.200993112681232, -7.056807999207437 ] } },
{ "type": "Feature", "properties": { "KODE": 1231779, "KATEGORI": "Lainnya", "KETERANGAN": "Bahaya Listrik", "X": "6.32656800000e+05", "Y": "9.21980030000e+06" }, "geometry": { "type": "Point", "coordinates": [ 112.201106275822852, -7.056808521984519 ] } },
{ "type": "Feature", "properties": { "KODE": 1231780, "KATEGORI": "Lainnya", "KETERANGAN": "Bahaya Listrik", "X": "6.32669300000e+05", "Y": "9.21980039000e+06" }, "geometry": { "type": "Point", "coordinates": [ 112.201219434762379, -7.056807416824627 ] } },
{ "type": "Feature", "properties": { "KODE": 1231781, "KATEGORI": "Lainnya", "KETERANGAN": "Bahaya Listrik", "X": "6.32681800000e+05", "Y": "9.21980030000e+06" }, "geometry": { "type": "Point", "coordinates": [ 112.201332597894819, -7.056807939546805 ] } },
{ "type": "Feature", "properties": { "KODE": 1231782, "KATEGORI": "Lainnya", "KETERANGAN": "Bahaya Listrik", "X": "6.32694300000e+05", "Y": "9.21980039000e+06" }, "geometry": { "type": "Point", "coordinates": [ 112.201445756824384, -7.056806834332145 ] } }
]
}
