{"type":"FeatureCollection","features":[{"type":"Feature","properties":{"Line":"S101","Sp":"1756.5","X":"633675.5","Y":"9208800.3","NAMOBJ":"Banjarejo","WADMKC":"Kedungpring","WADMKK":"Lamongan"},"geometry":{"type":"Point","coordinates":[112.2,-7.2]}},{"type":"Feature","properties":{"Line":"S101","Sp":"1760.5","X":"633725.5","Y":"9208800.3","NAMOBJ":"Banjarejo","WADMKC":"Kedungpring","WADMKK":"Lamongan"},"geometry":{"type":"Point","coordinates":[112.2,-7.2]}},{"type":"Feature","properties":{"Line":"S101","Sp":"1764.5","X":"633775.5","Y":"9208800.3","NAMOBJ":"Banjarejo","WADMKC":"Kedungpring","WADMKK":"Lamongan"},"geometry":{"type":"Point","coordinates":[112.2,-7.2]}},{"type":"Feature","properties":{"Line":"S101","Sp":"1768.5","X":"633825.5","Y":"9208800.3","NAMOBJ":"Banjarejo","WADMKC":"Kedungpring","WADMKK":"Lamongan"},"geometry":{"type":"Point","coordinates":[112.2,-7.2]}},{"type":"Feature","properties":{"Line":"S101","Sp":"1772.5","X":"633875.5","Y":"9208800.3","NAMOBJ":"Banjarejo","WADMKC":"Kedungpring","WADMKK":"Lamongan"},"geometry":{"type":"Point","coordinates":[112.2,-7.2]}},{"type":"Feature","properties":{"Line":"S101","Sp":"1776.5","X":"633925.5","Y":"9208800.3","NAMOBJ":"Banjarejo","WADMKC":"Kedungpring","WADMKK":"Lamongan"},"geometry":{"type":"Point","coordinates":[112.2,-7.2]}},{"type":"Feature","properties":{"Line":"S101","Sp":"1780.5","X":"633975.5","Y":"9208800.3","NAMOBJ":"Banjarejo","WADMKC":"Kedungpring","WADMKK":"Lamongan"},"geometry":{"type":"Point","coordinates":[112.2,-7.2]}},{"type":"Feature","properties":{"Line":"S101","Sp":"1784.5","X":"634025.5","Y":"9208800.3","NAMOBJ":"Banjarejo","WADMKC":"Kedungpring","WADMKK":"Lamongan"},"geometry":{"type":"Point","coordinates":[112.2,-7.2]}},{"type":"Feature","properties":{"Line":"S101","Sp":"1788.5","X":"634075.5","Y":"9208800.3","NAMOBJ":"Banjarejo","WADMKC":"Kedungpring","WADMKK":"Lamongan"},"geometry":{"type":"Point","coordinates":[112.2,-7.2]}},{"type":"Feature","properties":{"Line":"S101","Sp":"1792.5","X":"634125.5","Y":"9208800.3","NAMOBJ":"Banjarejo","WADMKC":"Kedungpring","WADMKK":"Lamongan"},"geometry":{"type":"Point","coordinates":[112.2,-7.2]}},{"type":"Feature","properties":{"Line":"S101","Sp":"1796.5","X":"634175.5","Y":"9208800.3","NAMOBJ":"Banjarejo","WADMKC":"Kedungpring","WADMKK":"Lamongan"},"geometry":{"type":"Point","coordinates":[112.2,-7.2]}},{"type":"Feature","properties":{"Line":"S101","Sp":"1800.5","X":"634225.5","Y":"9208800.3","NAMOBJ":"Banjarejo","WADMKC":"Kedungpring","WADMKK":"Lamongan"},"geometry":{"type":"Point","coordinates":[112.2,-7.2]}},{"type":"Feature","properties":{"Line":"S101","Sp":"1804.5","X":"634275.5","Y":"9208800.3","NAMOBJ":"Banjarejo","WADMKC":"Kedungpring","WADMKK":"Lamongan"},"geometry":{"type":"Point","coordinates":[112.2,-7.2]}},{"type":"Feature","properties":{"Line":"S101","Sp":"1808.5","X":"634325.5","Y":"9208800.3","NAMOBJ":"Banjarejo","WADMKC":"Kedungpring","WADMKK":"Lamongan"},"geometry":{"type":"Point","coordinates":[112.2,-7.2]}},{"type":"Feature","properties":{"Line":"S101","Sp":"1812.5","X":"634375.5","Y":"9208800.3","NAMOBJ":"Banjarejo","WADMKC":"Kedungpring","WADMKK":"Lamongan"},"geometry":{"type":"Point","coordinates":[112.2,-7.2]}},{"type":"Feature","properties":{"Line":"S101","Sp":"1816.5","X":"634425.5","Y":"9208800.3","NAMOBJ":"Banjarejo","WADMKC":"Kedungpring","WADMKK":"Lamongan"},"geometry":{"type":"Point","coordinates":[112.2,-7.2]}},{"type":"Feature","properties":{"Line":"S101","Sp":"1820.5","X":"634475.5","Y":"9208800.3","NAMOBJ":"Banjarejo","WADMKC":"Kedungpring","WADMKK":"Lamongan"},"geometry":{"type":"Point","coordinates":[112.2,-7.2]}},{"type":"Feature","properties":{"Line":"S101","Sp":"1824.5","X":"634525.5","Y":"9208800.3","NAMOBJ":"Banjarejo","WADMKC":"Kedungpring","WADMKK":"Lamongan"},"geometry":{"type":"Point","coordinates":[112.2,-7.2]}},{"type":"Feature","properties":{"Line":"S101","Sp":"1828.5","X":"634575.5","Y":"9208800.3","NAMOBJ":"Banjarejo","WADMKC":"Kedungpring","WADMKK":"Lamongan"},"geometry":{"type":"Point","coordinates":[112.2,-7.2]}},{"type":"Feature","properties":{"Line":"S101","Sp":"1832.5","X":"634625.5","Y":"9208800.3","NAMOBJ":"Banjarejo","WADMKC":"Kedungpring","WADMKK":"Lamongan"},"geometry":{"type":"Point","coordinates":[112.2,-7.2]}},{"type":"Feature","properties":{"Line":"S101","Sp":"1836.5","X":"634675.5","Y":"9208800.3","NAMOBJ":"Banjarejo","WADMKC":"Kedungpring","WADMKK":"Lamongan"},"geometry":{"type":"Point","coordinates":[112.2,-7.2]}},{"type":"Feature","properties":{"Line":"S101","Sp":"1840.5","X":"634725.5","Y":"9208800.3","NAMOBJ":"Banjarejo","WADMKC":"Kedungpring","WADMKK":"Lamongan"},"geometry":{"type":"Point","coordinates":[112.2,-7.2]}},{"type":"Feature","properties":{"Line":"S101","Sp":"1844.5","X":"634775.5","Y":"9208800.3","NAMOBJ":"Banjarejo","WADMKC":"Kedungpring","WADMKK":"Lamongan"},"geometry":{"type":"Point","coordinates":[112.2,-7.2]}},{"type":"Feature","properties":{"Line":"S101","Sp":"1848.5","X":"634825.5","Y":"9208800.3","NAMOBJ":"Banjarejo","WADMKC":"Kedungpring","WADMKK":"Lamongan"},"geometry":{"type":"Point","coordinates":[112.2,-7.2]}},{"type":"Feature","properties":{"Line":"S101","Sp":"1852.5","X":"634875.5","Y":"9208800.3","NAMOBJ":"Banjarejo","WADMKC":"Kedungpring","WADMKK":"Lamongan"},"geometry":{"type":"Point","coordinates":[112.2,-7.2]}},{"type":"Feature","properties":{"Line":"S101","Sp":"1856.5","X":"634925.5","Y":"9208800.3","NAMOBJ":"Banjarejo","WADMKC":"Kedungpring","WADMKK":"Lamongan"},"geometry":{"type":"Point","coordinates":[112.2,-7.2]}},{"type":"Feature","properties":{"Line":"S101","Sp":"1860.5","X":"634975.5","Y":"9208800.3","NAMOBJ":"Banjarejo","WADMKC":"Kedungpring","WADMKK":"Lamongan"},"geometry":{"type":"Point","coordinates":[112.2,-7.2]}},{"type":"Feature","properties":{"Line":"S101","Sp":"1864.5","X":"635025.5","Y":"9208800.3","NAMOBJ":"Banjarejo","WADMKC":"Kedungpring","WADMKK":"Lamongan"},"geometry":{"type":"Point","coordinates":[112.2,-7.2]}},{"type":"Feature","properties":{"Line":"S101","Sp":"1868.5","X":"635075.5","Y":"9208800.3","NAMOBJ":"Banjarejo","WADMKC":"Kedungpring","WADMKK":"Lamongan"},"geometry":{"type":"Point","coordinates":[112.2,-7.2]}},{"type":"Feature","properties":{"Line":"S110","Sp":"2428.5","X":"634300.5","Y":"9209475.3","NAMOBJ":"Banjarejo","WADMKC":"Kedungpring","WADMKK":"Lamongan"},"geometry":{"type":"Point","coordinates":[112.2,-7.2]}},{"type":"Feature","properties":{"Line":"S110","Sp":"2432.5","X":"634300.5","Y":"9209425.3","NAMOBJ":"Banjarejo","WADMKC":"Kedungpring","WADMKK":"Lamongan"},"geometry":{"type":"Point","coordinates":[112.2,-7.2]}},{"type":"Feature","properties":{"Line":"S110","Sp":"2436.5","X":"634300.5","Y":"9209375.3","NAMOBJ":"Banjarejo","WADMKC":"Kedungpring","WADMKK":"Lamongan"},"geometry":{"type":"Point","coordinates":[112.2,-7.2]}},{"type":"Feature","properties":{"Line":"S110","Sp":"2440.5","X":"634300.5","Y":"9209325.3","NAMOBJ":"Banjarejo","WADMKC":"Kedungpring","WADMKK":"Lamongan"},"geometry":{"type":"Point","coordinates":[112.2,-7.2]}},{"type":"Feature","properties":{"Line":"S110","Sp":"2444.5","X":"634300.5","Y":"9209275.3","NAMOBJ":"Banjarejo","WADMKC":"Kedungpring","WADMKK":"Lamongan"},"geometry":{"type":"Point","coordinates":[112.2,-7.2]}},{"type":"Feature","properties":{"Line":"S110","Sp":"2448.5","X":"634300.5","Y":"9209225.3","NAMOBJ":"Banjarejo","WADMKC":"Kedungpring","WADMKK":"Lamongan"},"geometry":{"type":"Point","coordinates":[112.2,-7.2]}},{"type":"Feature","properties":{"Line":"S110","Sp":"2452.5","X":"634300.5","Y":"9209175.3","NAMOBJ":"Banjarejo","WADMKC":"Kedungpring","WADMKK":"Lamongan"},"geometry":{"type":"Point","coordinates":[112.2,-7.2]}},{"type":"Feature","properties":{"Line":"S110","Sp":"2456.5","X":"634300.5","Y":"9209125.3","NAMOBJ":"Banjarejo","WADMKC":"Kedungpring","WADMKK":"Lamongan"},"geometry":{"type":"Point","coordinates":[112.2,-7.2]}},{"type":"Feature","properties":{"Line":"S110","Sp":"2460.5","X":"634300.5","Y":"9209075.3","NAMOBJ":"Banjarejo","WADMKC":"Kedungpring","WADMKK":"Lamongan"},"geometry":{"type":"Point","coordinates":[112.2,-7.2]}},{"type":"Feature","properties":{"Line":"S110","Sp":"2464.5","X":"634300.5","Y":"9209025.3","NAMOBJ":"Banjarejo","WADMKC":"Kedungpring","WADMKK":"Lamongan"},"geometry":{"type":"Point","coordinates":[112.2,-7.2]}},{"type":"Feature","properties":{"Line":"S110","Sp":"2468.5","X":"634300.5","Y":"9208975.3","NAMOBJ":"Banjarejo","WADMKC":"Kedungpring","WADMKK":"Lamongan"},"geometry":{"type":"Point","coordinates":[112.2,-7.2]}},{"type":"Feature","properties":{"Line":"S110","Sp":"2472.5","X":"634300.5","Y":"9208925.3","NAMOBJ":"Banjarejo","WADMKC":"Kedungpring","WADMKK":"Lamongan"},"geometry":{"type":"Point","coordinates":[112.2,-7.2]}},{"type":"Feature","properties":{"Line":"S110","Sp":"2476.5","X":"634300.5","Y":"9208875.3","NAMOBJ":"Banjarejo","WADMKC":"Kedungpring","WADMKK":"Lamongan"},"geometry":{"type":"Point","coordinates":[112.2,-7.2]}},{"type":"Feature","properties":{"Line":"S110","Sp":"2480.5","X":"634300.5","Y":"9208825.3","NAMOBJ":"Banjarejo","WADMKC":"Kedungpring","WADMKK":"Lamongan"},"geometry":{"type":"Point","coordinates":[112.2,-7.2]}},{"type":"Feature","properties":{"Line":"S110","Sp":"2484.5","X":"634300.5","Y":"9208775.3","NAMOBJ":"Banjarejo","WADMKC":"Kedungpring","WADMKK":"Lamongan"},"geometry":{"type":"Point","coordinates":[112.2,-7.2]}},{"type":"Feature","properties":{"Line":"S110","Sp":"2488.5","X":"634300.5","Y":"9208725.3","NAMOBJ":"Banjarejo","WADMKC":"Kedungpring","WADMKK":"Lamongan"},"geometry":{"type":"Point","coordinates":[112.2,-7.2]}},{"type":"Feature","properties":{"Line":"S110","Sp":"2492.5","X":"634300.5","Y":"9208675.3","NAMOBJ":"Banjarejo","WADMKC":"Kedungpring","WADMKK":"Lamongan"},"geometry":{"type":"Point","coordinates":[112.2,-7.2]}},{"type":"Feature","properties":{"Line":"S110","Sp":"2496.5","X":"634300.5","Y":"9208625.3","NAMOBJ":"Banjarejo","WADMKC":"Kedungpring","WADMKK":"Lamongan"},"geometry":{"type":"Point","coordinates":[112.2,-7.2]}},{"type":"Feature","properties":{"Line":"S110","Sp":"2500.5","X":"634300.5","Y":"9208575.3","NAMOBJ":"Banjarejo","WADMKC":"Kedungpring","WADMKK":"Lamongan"},"geometry":{"type":"Point","coordinates":[112.2,-7.2]}},{"type":"Feature","properties":{"Line":"S110","Sp":"2504.5","X":"634300.5","Y":"9208525.3","NAMOBJ":"Banjarejo","WADMKC":"Kedungpring","WADMKK":"Lamongan"},"geometry":{"type":"Point","coordinates":[112.2,-7.2]}},{"type":"Feature","properties":{"Line":"S110","Sp":"2508.5","X":"634300.5","Y":"9208475.3","NAMOBJ":"Banjarejo","WADMKC":"Kedungpring","WADMKK":"Lamongan"},"geometry":{"type":"Point","coordinates":[112.2,-7.2]}},{"type":"Feature","properties":{"Line":"S110","Sp":"2512.5","X":"634300.5","Y":"9208425.3","NAMOBJ":"Banjarejo","WADMKC":"Kedungpring","WADMKK":"Lamongan"},"geometry":{"type":"Point","coordinates":[112.2,-7.2]}},{"type":"Feature","properties":{"Line":"S101","Sp":"2060.5","X":"637475.5","Y":"9208800.3","NAMOBJ":"Bedingin","WADMKC":"Sugio","WADMKK":"Lamongan"},"geometry":{"type":"Point","coordinates":[112.2,-7.2]}},{"type":"Feature","properties":{"Line":"S101","Sp":"2064.5","X":"637525.5","Y":"9208800.3","NAMOBJ":"Bedingin","WADMKC":"Sugio","WADMKK":"Lamongan"},"geometry":{"type":"Point","coordinates":[112.2,-7.2]}},{"type":"Feature","properties":{"Line":"S101","Sp":"2068.5","X":"637575.5","Y":"9208800.3","NAMOBJ":"Bedingin","WADMKC":"Sugio","WADMKK":"Lamongan"},"geometry":{"type":"Point","coordinates":[112.2,-7.2]}},{"type":"Feature","properties":{"Line":"S101","Sp":"2072.5","X":"637625.5","Y":"9208800.3","NAMOBJ":"Bedingin","WADMKC":"Sugio","WADMKK":"Lamongan"},"geometry":{"type":"Point","coordinates":[112.2,-7.2]}},{"type":"Feature","properties":{"Line":"S101","Sp":"2076.5","X":"637675.5","Y":"9208800.3","NAMOBJ":"Bedingin","WADMKC":"Sugio","WADMKK":"Lamongan"},"geometry":{"type":"Point","coordinates":[112.2,-7.2]}},{"type":"Feature","properties":{"Line":"S101","Sp":"2080.5","X":"637725.5","Y":"9208800.3","NAMOBJ":"Bedingin","WADMKC":"Sugio","WADMKK":"Lamongan"},"geometry":{"type":"Point","coordinates":[112.2,-7.2]}},{"type":"Feature","properties":{"Line":"S101","Sp":"2084.5","X":"637775.5","Y":"9208800.3","NAMOBJ":"Bedingin","WADMKC":"Sugio","WADMKK":"Lamongan"},"geometry":{"type":"Point","coordinates":[112.2,-7.2]}},{"type":"Feature","properties":{"Line":"S101","Sp":"2088.5","X":"637825.5","Y":"9208800.3","NAMOBJ":"Bedingin","WADMKC":"Sugio","WADMKK":"Lamongan"},"geometry":{"type":"Point","coordinates":[112.2,-7.2]}},{"type":"Feature","properties":{"Line":"S101","Sp":"2092.5","X":"637875.5","Y":"9208800.3","NAMOBJ":"Bedingin","WADMKC":"Sugio","WADMKK":"Lamongan"},"geometry":{"type":"Point","coordinates":[112.2,-7.2]}},{"type":"Feature","properties":{"Line":"S101","Sp":"2096.5","X":"637925.5","Y":"9208800.3","NAMOBJ":"Bedingin","WADMKC":"Sugio","WADMKK":"Lamongan"},"geometry":{"type":"Point","coordinates":[112.2,-7.2]}},{"type":"Feature","properties":{"Line":"S110","Sp":"2516.5","X":"634300.5","Y":"9208375.3","NAMOBJ":"Blawirejo","WADMKC":"Kedungpring","WADMKK":"Lamongan"},"geometry":{"type":"Point","coordinates":[112.2,-7.2]}},{"type":"Feature","properties":{"Line":"S110","Sp":"2520.5","X":"634300.5","Y":"9208325.3","NAMOBJ":"Blawirejo","WADMKC":"Kedungpring","WADMKK":"Lamongan"},"geometry":{"type":"Point","coordinates":[112.2,-7.2]}},{"type":"Feature","properties":{"Line":"S110","Sp":"2524.5","X":"634300.5","Y":"9208275.3","NAMOBJ":"Blawirejo","WADMKC":"Kedungpring","WADMKK":"Lamongan"},"geometry":{"type":"Point","coordinates":[112.2,-7.2]}},{"type":"Feature","properties":{"Line":"S110","Sp":"2528.5","X":"634300.5","Y":"9208225.3","NAMOBJ":"Blawirejo","WADMKC":"Kedungpring","WADMKK":"Lamongan"},"geometry":{"type":"Point","coordinates":[112.2,-7.2]}},{"type":"Feature","properties":{"Line":"S110","Sp":"2532.5","X":"634300.5","Y":"9208175.3","NAMOBJ":"Blawirejo","WADMKC":"Kedungpring","WADMKK":"Lamongan"},"geometry":{"type":"Point","coordinates":[112.2,-7.2]}},{"type":"Feature","properties":{"Line":"S110","Sp":"2536.5","X":"634300.5","Y":"9208125.3","NAMOBJ":"Blawirejo","WADMKC":"Kedungpring","WADMKK":"Lamongan"},"geometry":{"type":"Point","coordinates":[112.2,-7.2]}},{"type":"Feature","properties":{"Line":"S110","Sp":"2540.5","X":"634300.5","Y":"9208075.3","NAMOBJ":"Blawirejo","WADMKC":"Kedungpring","WADMKK":"Lamongan"},"geometry":{"type":"Point","coordinates":[112.2,-7.2]}},{"type":"Feature","properties":{"Line":"S110","Sp":"2544.5","X":"634300.5","Y":"9208025.3","NAMOBJ":"Blawirejo","WADMKC":"Kedungpring","WADMKK":"Lamongan"},"geometry":{"type":"Point","coordinates":[112.2,-7.2]}},{"type":"Feature","properties":{"Line":"S110","Sp":"2548.5","X":"634300.5","Y":"9207975.3","NAMOBJ":"Blawirejo","WADMKC":"Kedungpring","WADMKK":"Lamongan"},"geometry":{"type":"Point","coordinates":[112.2,-7.2]}},{"type":"Feature","properties":{"Line":"S110","Sp":"2552.5","X":"634300.5","Y":"9207925.3","NAMOBJ":"Blawirejo","WADMKC":"Kedungpring","WADMKK":"Lamongan"},"geometry":{"type":"Point","coordinates":[112.2,-7.2]}},{"type":"Feature","properties":{"Line":"S110","Sp":"2556.5","X":"634300.5","Y":"9207875.3","NAMOBJ":"Blawirejo","WADMKC":"Kedungpring","WADMKK":"Lamongan"},"geometry":{"type":"Point","coordinates":[112.2,-7.2]}},{"type":"Feature","properties":{"Line":"S110","Sp":"2560.5","X":"634300.5","Y":"9207825.3","NAMOBJ":"Blawirejo","WADMKC":"Kedungpring","WADMKK":"Lamongan"},"geometry":{"type":"Point","coordinates":[112.2,-7.2]}},{"type":"Feature","properties":{"Line":"S110","Sp":"2564.5","X":"634300.5","Y":"9207775.3","NAMOBJ":"Blawirejo","WADMKC":"Kedungpring","WADMKK":"Lamongan"},"geometry":{"type":"Point","coordinates":[112.2,-7.2]}},{"type":"Feature","properties":{"Line":"S110","Sp":"2624.5","X":"634300.5","Y":"9207025.3","NAMOBJ":"Blawirejo","WADMKC":"Kedungpring","WADMKK":"Lamongan"},"geometry":{"type":"Point","coordinates":[112.2,-7.2]}},{"type":"Feature","properties":{"Line":"S110","Sp":"2628.5","X":"634300.5","Y":"9206975.3","NAMOBJ":"Blawirejo","WADMKC":"Kedungpring","WADMKK":"Lamongan"},"geometry":{"type":"Point","coordinates":[112.2,-7.2]}},{"type":"Feature","properties":{"Line":"S110","Sp":"2632.5","X":"634300.5","Y":"9206925.3","NAMOBJ":"Blawirejo","WADMKC":"Kedungpring","WADMKK":"Lamongan"},"geometry":{"type":"Point","coordinates":[112.2,-7.2]}},{"type":"Feature","properties":{"Line":"S110","Sp":"2636.5","X":"634300.5","Y":"9206875.3","NAMOBJ":"Blawirejo","WADMKC":"Kedungpring","WADMKK":"Lamongan"},"geometry":{"type":"Point","coordinates":[112.2,-7.2]}},{"type":"Feature","properties":{"Line":"S110","Sp":"2640.5","X":"634300.5","Y":"9206825.3","NAMOBJ":"Blawirejo","WADMKC":"Kedungpring","WADMKK":"Lamongan"},"geometry":{"type":"Point","coordinates":[112.2,-7.2]}},{"type":"Feature","properties":{"Line":"S110","Sp":"2644.5","X":"634300.5","Y":"9206775.3","NAMOBJ":"Blawirejo","WADMKC":"Kedungpring","WADMKK":"Lamongan"},"geometry":{"type":"Point","coordinates":[112.2,-7.2]}},{"type":"Feature","properties":{"Line":"S110","Sp":"2648.5","X":"634300.5","Y":"9206725.3","NAMOBJ":"Blawirejo","WADMKC":"Kedungpring","WADMKK":"Lamongan"},"geometry":{"type":"Point","coordinates":[112.2,-7.2]}},{"type":"Feature","properties":{"Line":"S110","Sp":"2652.5","X":"634300.5","Y":"9206675.3","NAMOBJ":"Blawirejo","WADMKC":"Kedungpring","WADMKK":"Lamongan"},"geometry":{"type":"Point","coordinates":[112.2,-7.2]}},{"type":"Feature","properties":{"Line":"S110","Sp":"2656.5","X":"634300.5","Y":"9206625.3","NAMOBJ":"Blawirejo","WADMKC":"Kedungpring","WADMKK":"Lamongan"},"geometry":{"type":"Point","coordinates":[112.2,-7.2]}},{"type":"Feature","properties":{"Line":"S110","Sp":"2660.5","X":"634300.5","Y":"9206575.3","NAMOBJ":"Blawirejo","WADMKC":"Kedungpring","WADMKK":"Lamongan"},"geometry":{"type":"Point","coordinates":[112.2,-7.2]}},{"type":"Feature","properties":{"Line":"S110","Sp":"2664.5","X":"634300.5","Y":"9206525.3","NAMOBJ":"Blawirejo","WADMKC":"Kedungpring","WADMKK":"Lamongan"},"geometry":{"type":"Point","coordinates":[112.2,-7.2]}},{"type":"Feature","properties":{"Line":"S110","Sp":"2668.5","X":"634300.5","Y":"9206475.3","NAMOBJ":"Blawirejo","WADMKC":"Kedungpring","WADMKK":"Lamongan"},"geometry":{"type":"Point","coordinates":[112.2,-7.2]}},{"type":"Feature","properties":{"Line":"S110","Sp":"2672.5","X":"634300.5","Y":"9206425.3","NAMOBJ":"Blawirejo","WADMKC":"Kedungpring","WADMKK":"Lamongan"},"geometry":{"type":"Point","coordinates":[112.2,-7.2]}},{"type":"Feature","properties":{"Line":"S110","Sp":"2676.5","X":"634300.5","Y":"9206375.3","NAMOBJ":"Blawirejo","WADMKC":"Kedungpring","WADMKK":"Lamongan"},"geometry":{"type":"Point","coordinates":[112.2,-7.2]}},{"type":"Feature","properties":{"Line":"S112","Sp":"2516.5","X":"635300.5","Y":"9208075.3","NAMOBJ":"Blawirejo","WADMKC":"Kedungpring","WADMKK":"Lamongan"},"geometry":{"type":"Point","coordinates":[112.2,-7.2]}},{"type":"Feature","properties":{"Line":"S112","Sp":"2520.5","X":"635300.5","Y":"9208025.3","NAMOBJ":"Blawirejo","WADMKC":"Kedungpring","WADMKK":"Lamongan"},"geometry":{"type":"Point","coordinates":[112.2,-7.2]}},{"type":"Feature","properties":{"Line":"S112","Sp":"2524.5","X":"635300.5","Y":"9207975.3","NAMOBJ":"Blawirejo","WADMKC":"Kedungpring","WADMKK":"Lamongan"},"geometry":{"type":"Point","coordinates":[112.2,-7.2]}},{"type":"Feature","properties":{"Line":"S112","Sp":"2528.5","X":"635300.5","Y":"9207925.3","NAMOBJ":"Blawirejo","WADMKC":"Kedungpring","WADMKK":"Lamongan"},"geometry":{"type":"Point","coordinates":[112.2,-7.2]}},{"type":"Feature","properties":{"Line":"S110","Sp":"3196.5","X":"634300.5","Y":"9199875.3","NAMOBJ":"Girik","WADMKC":"Ngimbang","WADMKK":"Lamongan"},"geometry":{"type":"Point","coordinates":[112.2,-7.2]}},{"type":"Feature","properties":{"Line":"S110","Sp":"3200.5","X":"634300.5","Y":"9199825.3","NAMOBJ":"Girik","WADMKC":"Ngimbang","WADMKK":"Lamongan"},"geometry":{"type":"Point","coordinates":[112.2,-7.2]}},{"type":"Feature","properties":{"Line":"S110","Sp":"3204.5","X":"634300.5","Y":"9199775.3","NAMOBJ":"Girik","WADMKC":"Ngimbang","WADMKK":"Lamongan"},"geometry":{"type":"Point","coordinates":[112.2,-7.2]}},{"type":"Feature","properties":{"Line":"S110","Sp":"3208.5","X":"634300.5","Y":"9199725.3","NAMOBJ":"Girik","WADMKC":"Ngimbang","WADMKK":"Lamongan"},"geometry":{"type":"Point","coordinates":[112.2,-7.2]}},{"type":"Feature","properties":{"Line":"S110","Sp":"3212.5","X":"634300.5","Y":"9199675.3","NAMOBJ":"Girik","WADMKC":"Ngimbang","WADMKK":"Lamongan"},"geometry":{"type":"Point","coordinates":[112.2,-7.2]}},{"type":"Feature","properties":{"Line":"S110","Sp":"3216.5","X":"634300.5","Y":"9199625.3","NAMOBJ":"Girik","WADMKC":"Ngimbang","WADMKK":"Lamongan"},"geometry":{"type":"Point","coordinates":[112.2,-7.2]}},{"type":"Feature","properties":{"Line":"S110","Sp":"3220.5","X":"634300.5","Y":"9199575.3","NAMOBJ":"Girik","WADMKC":"Ngimbang","WADMKK":"Lamongan"},"geometry":{"type":"Point","coordinates":[112.2,-7.2]}},{"type":"Feature","properties":{"Line":"S110","Sp":"3224.5","X":"634300.5","Y":"9199525.3","NAMOBJ":"Girik","WADMKC":"Ngimbang","WADMKK":"Lamongan"},"geometry":{"type":"Point","coordinates":[112.2,-7.2]}},{"type":"Feature","properties":{"Line":"S110","Sp":"3228.5","X":"634300.5","Y":"9199475.3","NAMOBJ":"Girik","WADMKC":"Ngimbang","WADMKK":"Lamongan"},"geometry":{"type":"Point","coordinates":[112.2,-7.2]}},{"type":"Feature","properties":{"Line":"S110","Sp":"3232.5","X":"634300.5","Y":"9199425.3","NAMOBJ":"Girik","WADMKC":"Ngimbang","WADMKK":"Lamongan"},"geometry":{"type":"Point","coordinates":[112.2,-7.2]}},{"type":"Feature","properties":{"Line":"S110","Sp":"3236.5","X":"634300.5","Y":"9199375.3","NAMOBJ":"Girik","WADMKC":"Ngimbang","WADMKK":"Lamongan"},"geometry":{"type":"Point","coordinates":[112.2,-7.2]}},{"type":"Feature","properties":{"Line":"S110","Sp":"3240.5","X":"634300.5","Y":"9199325.3","NAMOBJ":"Girik","WADMKC":"Ngimbang","WADMKK":"Lamongan"},"geometry":{"type":"Point","coordinates":[112.2,-7.2]}},{"type":"Feature","properties":{"Line":"S110","Sp":"3244.5","X":"634300.5","Y":"9199275.3","NAMOBJ":"Girik","WADMKC":"Ngimbang","WADMKK":"Lamongan"},"geometry":{"type":"Point","coordinates":[112.2,-7.2]}},{"type":"Feature","properties":{"Line":"S110","Sp":"3248.5","X":"634300.5","Y":"9199225.3","NAMOBJ":"Girik","WADMKC":"Ngimbang","WADMKK":"Lamongan"},"geometry":{"type":"Point","coordinates":[112.2,-7.2]}},{"type":"Feature","properties":{"Line":"S110","Sp":"3252.5","X":"634300.5","Y":"9199175.3","NAMOBJ":"Girik","WADMKC":"Ngimbang","WADMKK":"Lamongan"},"geometry":{"type":"Point","coordinates":[112.2,-7.2]}},{"type":"Feature","properties":{"Line":"S110","Sp":"3256.5","X":"634300.5","Y":"9199125.3","NAMOBJ":"Girik","WADMKC":"Ngimbang","WADMKK":"Lamongan"},"geometry":{"type":"Point","coordinates":[112.2,-7.2]}},{"type":"Feature","properties":{"Line":"S110","Sp":"3260.5","X":"634300.5","Y":"9199075.3","NAMOBJ":"Girik","WADMKC":"Ngimbang","WADMKK":"Lamongan"},"geometry":{"type":"Point","coordinates":[112.2,-7.2]}},{"type":"Feature","properties":{"Line":"S110","Sp":"3264.5","X":"634300.5","Y":"9199025.3","NAMOBJ":"Girik","WADMKC":"Ngimbang","WADMKK":"Lamongan"},"geometry":{"type":"Point","coordinates":[112.2,-7.2]}},{"type":"Feature","properties":{"Line":"S110","Sp":"3268.5","X":"634300.5","Y":"9198975.3","NAMOBJ":"Girik","WADMKC":"Ngimbang","WADMKK":"Lamongan"},"geometry":{"type":"Point","coordinates":[112.2,-7.2]}},{"type":"Feature","properties":{"Line":"S110","Sp":"3272.5","X":"634300.5","Y":"9198925.3","NAMOBJ":"Girik","WADMKC":"Ngimbang","WADMKK":"Lamongan"},"geometry":{"type":"Point","coordinates":[112.2,-7.2]}},{"type":"Feature","properties":{"Line":"S110","Sp":"3276.5","X":"634300.5","Y":"9198875.3","NAMOBJ":"Girik","WADMKC":"Ngimbang","WADMKK":"Lamongan"},"geometry":{"type":"Point","coordinates":[112.2,-7.2]}},{"type":"Feature","properties":{"Line":"S110","Sp":"3280.5","X":"634300.5","Y":"9198825.3","NAMOBJ":"Girik","WADMKC":"Ngimbang","WADMKK":"Lamongan"},"geometry":{"type":"Point","coordinates":[112.2,-7.2]}},{"type":"Feature","properties":{"Line":"S110","Sp":"3284.5","X":"634300.5","Y":"9198775.3","NAMOBJ":"Girik","WADMKC":"Ngimbang","WADMKK":"Lamongan"},"geometry":{"type":"Point","coordinates":[112.2,-7.2]}},{"type":"Feature","properties":{"Line":"S110","Sp":"3288.5","X":"634300.5","Y":"9198725.3","NAMOBJ":"Girik","WADMKC":"Ngimbang","WADMKK":"Lamongan"},"geometry":{"type":"Point","coordinates":[112.2,-7.2]}},{"type":"Feature","properties":{"Line":"S110","Sp":"3292.5","X":"634300.5","Y":"9198675.3","NAMOBJ":"Girik","WADMKC":"Ngimbang","WADMKK":"Lamongan"},"geometry":{"type":"Point","coordinates":[112.2,-7.2]}},{"type":"Feature","properties":{"Line":"S110","Sp":"3296.5","X":"634300.5","Y":"9198625.3","NAMOBJ":"Girik","WADMKC":"Ngimbang","WADMKK":"Lamongan"},"geometry":{"type":"Point","coordinates":[112.2,-7.2]}},{"type":"Feature","properties":{"Line":"S110","Sp":"3300.5","X":"634300.5","Y":"9198575.3","NAMOBJ":"Girik","WADMKC":"Ngimbang","WADMKK":"Lamongan"},"geometry":{"type":"Point","coordinates":[112.2,-7.2]}},{"type":"Feature","properties":{"Line":"S110","Sp":"3304.5","X":"634300.5","Y":"9198525.3","NAMOBJ":"Girik","WADMKC":"Ngimbang","WADMKK":"Lamongan"},"geometry":{"type":"Point","coordinates":[112.2,-7.2]}},{"type":"Feature","properties":{"Line":"S110","Sp":"3308.5","X":"634300.5","Y":"9198475.3","NAMOBJ":"Girik","WADMKC":"Ngimbang","WADMKK":"Lamongan"},"geometry":{"type":"Point","coordinates":[112.2,-7.2]}},{"type":"Feature","properties":{"Line":"S101","Sp":"1432.5","X":"629625.5","Y":"9208800.3","NAMOBJ":"Gunungrejo","WADMKC":"Kedungpring","WADMKK":"Lamongan"},"geometry":{"type":"Point","coordinates":[112.2,-7.2]}},{"type":"Feature","properties":{"Line":"S101","Sp":"1436.5","X":"629675.5","Y":"9208800.3","NAMOBJ":"Gunungrejo","WADMKC":"Kedungpring","WADMKK":"Lamongan"},"geometry":{"type":"Point","coordinates":[112.2,-7.2]}},{"type":"Feature","properties":{"Line":"S101","Sp":"1440.5","X":"629725.5","Y":"9208800.3","NAMOBJ":"Gunungrejo","WADMKC":"Kedungpring","WADMKK":"Lamongan"},"geometry":{"type":"Point","coordinates":[112.2,-7.2]}},{"type":"Feature","properties":{"Line":"S101","Sp":"1444.5","X":"629775.5","Y":"9208800.3","NAMOBJ":"Gunungrejo","WADMKC":"Kedungpring","WADMKK":"Lamongan"},"geometry":{"type":"Point","coordinates":[112.2,-7.2]}},{"type":"Feature","properties":{"Line":"S101","Sp":"1448.5","X":"629825.5","Y":"9208800.3","NAMOBJ":"Gunungrejo","WADMKC":"Kedungpring","WADMKK":"Lamongan"},"geometry":{"type":"Point","coordinates":[112.2,-7.2]}},{"type":"Feature","properties":{"Line":"S101","Sp":"1452.5","X":"629875.5","Y":"9208800.3","NAMOBJ":"Gunungrejo","WADMKC":"Kedungpring","WADMKK":"Lamongan"},"geometry":{"type":"Point","coordinates":[112.2,-7.2]}},{"type":"Feature","properties":{"Line":"S101","Sp":"1456.5","X":"629925.5","Y":"9208800.3","NAMOBJ":"Gunungrejo","WADMKC":"Kedungpring","WADMKK":"Lamongan"},"geometry":{"type":"Point","coordinates":[112.2,-7.2]}},{"type":"Feature","properties":{"Line":"S101","Sp":"1460.5","X":"629975.5","Y":"9208800.3","NAMOBJ":"Gunungrejo","WADMKC":"Kedungpring","WADMKK":"Lamongan"},"geometry":{"type":"Point","coordinates":[112.2,-7.2]}},{"type":"Feature","properties":{"Line":"S101","Sp":"1464.5","X":"630025.5","Y":"9208800.3","NAMOBJ":"Gunungrejo","WADMKC":"Kedungpring","WADMKK":"Lamongan"},"geometry":{"type":"Point","coordinates":[112.2,-7.2]}},{"type":"Feature","properties":{"Line":"S101","Sp":"1468.5","X":"630075.5","Y":"9208800.3","NAMOBJ":"Gunungrejo","WADMKC":"Kedungpring","WADMKK":"Lamongan"},"geometry":{"type":"Point","coordinates":[112.2,-7.2]}},{"type":"Feature","properties":{"Line":"S101","Sp":"1472.5","X":"630125.5","Y":"9208800.3","NAMOBJ":"Gunungrejo","WADMKC":"Kedungpring","WADMKK":"Lamongan"},"geometry":{"type":"Point","coordinates":[112.2,-7.2]}},{"type":"Feature","properties":{"Line":"S101","Sp":"1476.5","X":"630175.5","Y":"9208800.3","NAMOBJ":"Gunungrejo","WADMKC":"Kedungpring","WADMKK":"Lamongan"},"geometry":{"type":"Point","coordinates":[112.2,-7.2]}},{"type":"Feature","properties":{"Line":"S101","Sp":"1480.5","X":"630225.5","Y":"9208800.3","NAMOBJ":"Gunungrejo","WADMKC":"Kedungpring","WADMKK":"Lamongan"},"geometry":{"type":"Point","coordinates":[112.2,-7.2]}},{"type":"Feature","properties":{"Line":"S101","Sp":"1484.5","X":"630275.5","Y":"9208800.3","NAMOBJ":"Gunungrejo","WADMKC":"Kedungpring","WADMKK":"Lamongan"},"geometry":{"type":"Point","coordinates":[112.2,-7.2]}},{"type":"Feature","properties":{"Line":"S102","Sp":"2320.5","X":"630300.5","Y":"9209475.3","NAMOBJ":"Gunungrejo","WADMKC":"Kedungpring","WADMKK":"Lamongan"},"geometry":{"type":"Point","coordinates":[112.2,-7.2]}},{"type":"Feature","properties":{"Line":"S102","Sp":"2324.5","X":"630300.5","Y":"9209425.3","NAMOBJ":"Gunungrejo","WADMKC":"Kedungpring","WADMKK":"Lamongan"},"geometry":{"type":"Point","coordinates":[112.2,-7.2]}},{"type":"Feature","properties":{"Line":"S102","Sp":"2328.5","X":"630300.5","Y":"9209375.3","NAMOBJ":"Gunungrejo","WADMKC":"Kedungpring","WADMKK":"Lamongan"},"geometry":{"type":"Point","coordinates":[112.2,-7.2]}},{"type":"Feature","properties":{"Line":"S102","Sp":"2332.5","X":"630300.5","Y":"9209325.3","NAMOBJ":"Gunungrejo","WADMKC":"Kedungpring","WADMKK":"Lamongan"},"geometry":{"type":"Point","coordinates":[112.2,-7.2]}},{"type":"Feature","properties":{"Line":"S102","Sp":"2336.5","X":"630300.5","Y":"9209275.3","NAMOBJ":"Gunungrejo","WADMKC":"Kedungpring","WADMKK":"Lamongan"},"geometry":{"type":"Point","coordinates":[112.2,-7.2]}},{"type":"Feature","properties":{"Line":"S102","Sp":"2340.5","X":"630300.5","Y":"9209225.3","NAMOBJ":"Gunungrejo","WADMKC":"Kedungpring","WADMKK":"Lamongan"},"geometry":{"type":"Point","coordinates":[112.2,-7.2]}},{"type":"Feature","properties":{"Line":"S102","Sp":"2344.5","X":"630300.5","Y":"9209175.3","NAMOBJ":"Gunungrejo","WADMKC":"Kedungpring","WADMKK":"Lamongan"},"geometry":{"type":"Point","coordinates":[112.2,-7.2]}},{"type":"Feature","properties":{"Line":"S102","Sp":"2348.5","X":"630300.5","Y":"9209125.3","NAMOBJ":"Gunungrejo","WADMKC":"Kedungpring","WADMKK":"Lamongan"},"geometry":{"type":"Point","coordinates":[112.2,-7.2]}},{"type":"Feature","properties":{"Line":"S102","Sp":"2352.5","X":"630300.5","Y":"9209075.3","NAMOBJ":"Gunungrejo","WADMKC":"Kedungpring","WADMKK":"Lamongan"},"geometry":{"type":"Point","coordinates":[112.2,-7.2]}},{"type":"Feature","properties":{"Line":"S102","Sp":"2356.5","X":"630300.5","Y":"9209025.3","NAMOBJ":"Gunungrejo","WADMKC":"Kedungpring","WADMKK":"Lamongan"},"geometry":{"type":"Point","coordinates":[112.2,-7.2]}},{"type":"Feature","properties":{"Line":"S102","Sp":"2360.5","X":"630300.5","Y":"9208975.3","NAMOBJ":"Gunungrejo","WADMKC":"Kedungpring","WADMKK":"Lamongan"},"geometry":{"type":"Point","coordinates":[112.2,-7.2]}},{"type":"Feature","properties":{"Line":"S102","Sp":"2364.5","X":"630300.5","Y":"9208925.3","NAMOBJ":"Gunungrejo","WADMKC":"Kedungpring","WADMKK":"Lamongan"},"geometry":{"type":"Point","coordinates":[112.2,-7.2]}},{"type":"Feature","properties":{"Line":"S101","Sp":"1488.5","X":"630325.5","Y":"9208800.3","NAMOBJ":"Jatidrojog","WADMKC":"Kedungpring","WADMKK":"Lamongan"},"geometry":{"type":"Point","coordinates":[112.2,-7.2]}},{"type":"Feature","properties":{"Line":"S101","Sp":"1492.5","X":"630375.5","Y":"9208800.3","NAMOBJ":"Jatidrojog","WADMKC":"Kedungpring","WADMKK":"Lamongan"},"geometry":{"type":"Point","coordinates":[112.2,-7.2]}},{"type":"Feature","properties":{"Line":"S101","Sp":"1496.5","X":"630425.5","Y":"9208800.3","NAMOBJ":"Jatidrojog","WADMKC":"Kedungpring","WADMKK":"Lamongan"},"geometry":{"type":"Point","coordinates":[112.2,-7.2]}},{"type":"Feature","properties":{"Line":"S101","Sp":"1500.5","X":"630475.5","Y":"9208800.3","NAMOBJ":"Jatidrojog","WADMKC":"Kedungpring","WADMKK":"Lamongan"},"geometry":{"type":"Point","coordinates":[112.2,-7.2]}},{"type":"Feature","properties":{"Line":"S101","Sp":"1504.5","X":"630525.5","Y":"9208800.3","NAMOBJ":"Jatidrojog","WADMKC":"Kedungpring","WADMKK":"Lamongan"},"geometry":{"type":"Point","coordinates":[112.2,-7.2]}},{"type":"Feature","properties":{"Line":"S101","Sp":"1516.5","X":"630675.5","Y":"9208800.3","NAMOBJ":"Jatidrojog","WADMKC":"Kedungpring","WADMKK":"Lamongan"},"geometry":{"type":"Point","coordinates":[112.2,-7.2]}},{"type":"Feature","properties":{"Line":"S101","Sp":"1520.5","X":"630725.5","Y":"9208800.3","NAMOBJ":"Jatidrojog","WADMKC":"Kedungpring","WADMKK":"Lamongan"},"geometry":{"type":"Point","coordinates":[112.2,-7.2]}},{"type":"Feature","properties":{"Line":"S101","Sp":"1524.5","X":"630775.5","Y":"9208800.3","NAMOBJ":"Jatidrojog","WADMKC":"Kedungpring","WADMKK":"Lamongan"},"geometry":{"type":"Point","coordinates":[112.2,-7.2]}},{"type":"Feature","properties":{"Line":"S101","Sp":"1528.5","X":"630825.5","Y":"9208800.3","NAMOBJ":"Jatidrojog","WADMKC":"Kedungpring","WADMKK":"Lamongan"},"geometry":{"type":"Point","coordinates":[112.2,-7.2]}},{"type":"Feature","properties":{"Line":"S101","Sp":"1532.5","X":"630875.5","Y":"9208800.3","NAMOBJ":"Jatidrojog","WADMKC":"Kedungpring","WADMKK":"Lamongan"},"geometry":{"type":"Point","coordinates":[112.2,-7.2]}},{"type":"Feature","properties":{"Line":"S101","Sp":"1536.5","X":"630925.5","Y":"9208800.3","NAMOBJ":"Jatidrojog","WADMKC":"Kedungpring","WADMKK":"Lamongan"},"geometry":{"type":"Point","coordinates":[112.2,-7.2]}},{"type":"Feature","properties":{"Line":"S101","Sp":"1540.5","X":"630975.5","Y":"9208800.3","NAMOBJ":"Jatidrojog","WADMKC":"Kedungpring","WADMKK":"Lamongan"},"geometry":{"type":"Point","coordinates":[112.2,-7.2]}},{"type":"Feature","properties":{"Line":"S101","Sp":"1544.5","X":"631025.5","Y":"9208800.3","NAMOBJ":"Jatidrojog","WADMKC":"Kedungpring","WADMKK":"Lamongan"},"geometry":{"type":"Point","coordinates":[112.2,-7.2]}},{"type":"Feature","properties":{"Line":"S101","Sp":"1548.5","X":"631075.5","Y":"9208800.3","NAMOBJ":"Jatidrojog","WADMKC":"Kedungpring","WADMKK":"Lamongan"},"geometry":{"type":"Point","coordinates":[112.2,-7.2]}},{"type":"Feature","properties":{"Line":"S101","Sp":"1552.5","X":"631125.5","Y":"9208800.3","NAMOBJ":"Jatidrojog","WADMKC":"Kedungpring","WADMKK":"Lamongan"},"geometry":{"type":"Point","coordinates":[112.2,-7.2]}},{"type":"Feature","properties":{"Line":"S101","Sp":"1556.5","X":"631175.5","Y":"9208800.3","NAMOBJ":"Jatidrojog","WADMKC":"Kedungpring","WADMKK":"Lamongan"},"geometry":{"type":"Point","coordinates":[112.2,-7.2]}},{"type":"Feature","properties":{"Line":"S101","Sp":"1560.5","X":"631225.5","Y":"9208800.3","NAMOBJ":"Jatidrojog","WADMKC":"Kedungpring","WADMKK":"Lamongan"},"geometry":{"type":"Point","coordinates":[112.2,-7.2]}},{"type":"Feature","properties":{"Line":"S101","Sp":"1564.5","X":"631275.5","Y":"9208800.3","NAMOBJ":"Jatidrojog","WADMKC":"Kedungpring","WADMKK":"Lamongan"},"geometry":{"type":"Point","coordinates":[112.2,-7.2]}},{"type":"Feature","properties":{"Line":"S101","Sp":"1568.5","X":"631325.5","Y":"9208800.3","NAMOBJ":"Jatidrojog","WADMKC":"Kedungpring","WADMKK":"Lamongan"},"geometry":{"type":"Point","coordinates":[112.2,-7.2]}},{"type":"Feature","properties":{"Line":"S101","Sp":"1572.5","X":"631375.5","Y":"9208800.3","NAMOBJ":"Jatidrojog","WADMKC":"Kedungpring","WADMKK":"Lamongan"},"geometry":{"type":"Point","coordinates":[112.2,-7.2]}},{"type":"Feature","properties":{"Line":"S101","Sp":"1576.5","X":"631425.5","Y":"9208800.3","NAMOBJ":"Jatidrojog","WADMKC":"Kedungpring","WADMKK":"Lamongan"},"geometry":{"type":"Point","coordinates":[112.2,-7.2]}},{"type":"Feature","properties":{"Line":"S102","Sp":"2372.5","X":"630300.5","Y":"9208825.3","NAMOBJ":"Jatidrojog","WADMKC":"Kedungpring","WADMKK":"Lamongan"},"geometry":{"type":"Point","coordinates":[112.2,-7.2]}},{"type":"Feature","properties":{"Line":"S102","Sp":"2376.5","X":"630300.5","Y":"9208775.3","NAMOBJ":"Jatidrojog","WADMKC":"Kedungpring","WADMKK":"Lamongan"},"geometry":{"type":"Point","coordinates":[112.2,-7.2]}},{"type":"Feature","properties":{"Line":"S102","Sp":"2380.5","X":"630300.5","Y":"9208725.3","NAMOBJ":"Jatidrojog","WADMKC":"Kedungpring","WADMKK":"Lamongan"},"geometry":{"type":"Point","coordinates":[112.2,-7.2]}},{"type":"Feature","properties":{"Line":"S102","Sp":"2384.5","X":"630300.5","Y":"9208675.3","NAMOBJ":"Jatidrojog","WADMKC":"Kedungpring","WADMKK":"Lamongan"},"geometry":{"type":"Point","coordinates":[112.2,-7.2]}},{"type":"Feature","properties":{"Line":"S102","Sp":"2388.5","X":"630300.5","Y":"9208625.3","NAMOBJ":"Jatidrojog","WADMKC":"Kedungpring","WADMKK":"Lamongan"},"geometry":{"type":"Point","coordinates":[112.2,-7.2]}},{"type":"Feature","properties":{"Line":"S102","Sp":"2392.5","X":"630300.5","Y":"9208575.3","NAMOBJ":"Jatidrojog","WADMKC":"Kedungpring","WADMKK":"Lamongan"},"geometry":{"type":"Point","coordinates":[112.2,-7.2]}},{"type":"Feature","properties":{"Line":"S102","Sp":"2396.5","X":"630300.5","Y":"9208525.3","NAMOBJ":"Jatidrojog","WADMKC":"Kedungpring","WADMKK":"Lamongan"},"geometry":{"type":"Point","coordinates":[112.2,-7.2]}},{"type":"Feature","properties":{"Line":"S102","Sp":"2400.5","X":"630300.5","Y":"9208475.3","NAMOBJ":"Jatidrojog","WADMKC":"Kedungpring","WADMKK":"Lamongan"},"geometry":{"type":"Point","coordinates":[112.2,-7.2]}},{"type":"Feature","properties":{"Line":"S102","Sp":"2404.5","X":"630300.5","Y":"9208425.3","NAMOBJ":"Jatidrojog","WADMKC":"Kedungpring","WADMKK":"Lamongan"},"geometry":{"type":"Point","coordinates":[112.2,-7.2]}},{"type":"Feature","properties":{"Line":"S102","Sp":"2408.5","X":"630300.5","Y":"9208375.3","NAMOBJ":"Jatidrojog","WADMKC":"Kedungpring","WADMKK":"Lamongan"},"geometry":{"type":"Point","coordinates":[112.2,-7.2]}},{"type":"Feature","properties":{"Line":"S102","Sp":"2412.5","X":"630300.5","Y":"9208325.3","NAMOBJ":"Jatidrojog","WADMKC":"Kedungpring","WADMKK":"Lamongan"},"geometry":{"type":"Point","coordinates":[112.2,-7.2]}},{"type":"Feature","properties":{"Line":"S102","Sp":"2416.5","X":"630300.5","Y":"9208275.3","NAMOBJ":"Jatidrojog","WADMKC":"Kedungpring","WADMKK":"Lamongan"},"geometry":{"type":"Point","coordinates":[112.2,-7.2]}},{"type":"Feature","properties":{"Line":"S102","Sp":"2420.5","X":"630300.5","Y":"9208225.3","NAMOBJ":"Jatidrojog","WADMKC":"Kedungpring","WADMKK":"Lamongan"},"geometry":{"type":"Point","coordinates":[112.2,-7.2]}},{"type":"Feature","properties":{"Line":"S102","Sp":"2424.5","X":"630300.5","Y":"9208175.3","NAMOBJ":"Jatidrojog","WADMKC":"Kedungpring","WADMKK":"Lamongan"},"geometry":{"type":"Point","coordinates":[112.2,-7.2]}},{"type":"Feature","properties":{"Line":"S102","Sp":"2428.5","X":"630300.5","Y":"9208125.3","NAMOBJ":"Jatidrojog","WADMKC":"Kedungpring","WADMKK":"Lamongan"},"geometry":{"type":"Point","coordinates":[112.2,-7.2]}},{"type":"Feature","properties":{"Line":"S102","Sp":"2432.5","X":"630300.5","Y":"9208075.3","NAMOBJ":"Jatidrojog","WADMKC":"Kedungpring","WADMKK":"Lamongan"},"geometry":{"type":"Point","coordinates":[112.2,-7.2]}},{"type":"Feature","properties":{"Line":"S102","Sp":"2436.5","X":"630300.5","Y":"9208025.3","NAMOBJ":"Jatidrojog","WADMKC":"Kedungpring","WADMKK":"Lamongan"},"geometry":{"type":"Point","coordinates":[112.2,-7.2]}},{"type":"Feature","properties":{"Line":"S102","Sp":"2440.5","X":"630300.5","Y":"9207975.3","NAMOBJ":"Jatidrojog","WADMKC":"Kedungpring","WADMKK":"Lamongan"},"geometry":{"type":"Point","coordinates":[112.2,-7.2]}},{"type":"Feature","properties":{"Line":"S102","Sp":"2444.5","X":"630300.5","Y":"9207925.3","NAMOBJ":"Jatidrojog","WADMKC":"Kedungpring","WADMKK":"Lamongan"},"geometry":{"type":"Point","coordinates":[112.2,-7.2]}},{"type":"Feature","properties":{"Line":"S102","Sp":"2448.5","X":"630300.5","Y":"9207875.3","NAMOBJ":"Jatidrojog","WADMKC":"Kedungpring","WADMKK":"Lamongan"},"geometry":{"type":"Point","coordinates":[112.2,-7.2]}},{"type":"Feature","properties":{"Line":"S102","Sp":"2452.5","X":"630300.5","Y":"9207825.3","NAMOBJ":"Jatidrojog","WADMKC":"Kedungpring","WADMKK":"Lamongan"},"geometry":{"type":"Point","coordinates":[112.2,-7.2]}},{"type":"Feature","properties":{"Line":"S102","Sp":"2456.5","X":"630300.5","Y":"9207775.3","NAMOBJ":"Jatidrojog","WADMKC":"Kedungpring","WADMKK":"Lamongan"},"geometry":{"type":"Point","coordinates":[112.2,-7.2]}},{"type":"Feature","properties":{"Line":"S102","Sp":"2460.5","X":"630300.5","Y":"9207725.3","NAMOBJ":"Jatidrojog","WADMKC":"Kedungpring","WADMKK":"Lamongan"},"geometry":{"type":"Point","coordinates":[112.2,-7.2]}},{"type":"Feature","properties":{"Line":"S102","Sp":"2464.5","X":"630300.5","Y":"9207675.3","NAMOBJ":"Jatidrojog","WADMKC":"Kedungpring","WADMKK":"Lamongan"},"geometry":{"type":"Point","coordinates":[112.2,-7.2]}},{"type":"Feature","properties":{"Line":"S102","Sp":"2468.5","X":"630300.5","Y":"9207625.3","NAMOBJ":"Jatidrojog","WADMKC":"Kedungpring","WADMKK":"Lamongan"},"geometry":{"type":"Point","coordinates":[112.2,-7.2]}},{"type":"Feature","properties":{"Line":"S102","Sp":"2472.5","X":"630300.5","Y":"9207575.3","NAMOBJ":"Jatidrojog","WADMKC":"Kedungpring","WADMKK":"Lamongan"},"geometry":{"type":"Point","coordinates":[112.2,-7.2]}},{"type":"Feature","properties":{"Line":"S102","Sp":"2476.5","X":"630300.5","Y":"9207525.3","NAMOBJ":"Jatidrojog","WADMKC":"Kedungpring","WADMKK":"Lamongan"},"geometry":{"type":"Point","coordinates":[112.2,-7.2]}},{"type":"Feature","properties":{"Line":"S102","Sp":"2480.5","X":"630300.5","Y":"9207475.3","NAMOBJ":"Jatidrojog","WADMKC":"Kedungpring","WADMKK":"Lamongan"},"geometry":{"type":"Point","coordinates":[112.2,-7.2]}},{"type":"Feature","properties":{"Line":"S102","Sp":"2484.5","X":"630300.5","Y":"9207425.3","NAMOBJ":"Jatidrojog","WADMKC":"Kedungpring","WADMKK":"Lamongan"},"geometry":{"type":"Point","coordinates":[112.2,-7.2]}},{"type":"Feature","properties":{"Line":"S102","Sp":"2488.5","X":"630300.5","Y":"9207375.3","NAMOBJ":"Jatidrojog","WADMKC":"Kedungpring","WADMKK":"Lamongan"},"geometry":{"type":"Point","coordinates":[112.2,-7.2]}},{"type":"Feature","properties":{"Line":"S102","Sp":"2492.5","X":"630300.5","Y":"9207325.3","NAMOBJ":"Jatidrojog","WADMKC":"Kedungpring","WADMKK":"Lamongan"},"geometry":{"type":"Point","coordinates":[112.2,-7.2]}},{"type":"Feature","properties":{"Line":"S102","Sp":"2496.5","X":"630300.5","Y":"9207275.3","NAMOBJ":"Jatidrojog","WADMKC":"Kedungpring","WADMKK":"Lamongan"},"geometry":{"type":"Point","coordinates":[112.2,-7.2]}},{"type":"Feature","properties":{"Line":"S102","Sp":"2500.5","X":"630300.5","Y":"9207225.3","NAMOBJ":"Jatidrojog","WADMKC":"Kedungpring","WADMKK":"Lamongan"},"geometry":{"type":"Point","coordinates":[112.2,-7.2]}},{"type":"Feature","properties":{"Line":"S102","Sp":"2504.5","X":"630300.5","Y":"9207175.3","NAMOBJ":"Jatidrojog","WADMKC":"Kedungpring","WADMKK":"Lamongan"},"geometry":{"type":"Point","coordinates":[112.2,-7.2]}},{"type":"Feature","properties":{"Line":"S102","Sp":"2508.5","X":"630300.5","Y":"9207125.3","NAMOBJ":"Jatidrojog","WADMKC":"Kedungpring","WADMKK":"Lamongan"},"geometry":{"type":"Point","coordinates":[112.2,-7.2]}},{"type":"Feature","properties":{"Line":"S102","Sp":"2512.5","X":"630300.5","Y":"9207075.3","NAMOBJ":"Jatidrojog","WADMKC":"Kedungpring","WADMKK":"Lamongan"},"geometry":{"type":"Point","coordinates":[112.2,-7.2]}},{"type":"Feature","properties":{"Line":"S102","Sp":"2516.5","X":"630300.5","Y":"9207025.3","NAMOBJ":"Jatidrojog","WADMKC":"Kedungpring","WADMKK":"Lamongan"},"geometry":{"type":"Point","coordinates":[112.2,-7.2]}},{"type":"Feature","properties":{"Line":"S102","Sp":"2520.5","X":"630300.5","Y":"9206975.3","NAMOBJ":"Jatidrojog","WADMKC":"Kedungpring","WADMKK":"Lamongan"},"geometry":{"type":"Point","coordinates":[112.2,-7.2]}},{"type":"Feature","properties":{"Line":"S102","Sp":"2524.5","X":"630300.5","Y":"9206925.3","NAMOBJ":"Jatidrojog","WADMKC":"Kedungpring","WADMKK":"Lamongan"},"geometry":{"type":"Point","coordinates":[112.2,-7.2]}},{"type":"Feature","properties":{"Line":"S102","Sp":"2528.5","X":"630300.5","Y":"9206875.3","NAMOBJ":"Jatidrojog","WADMKC":"Kedungpring","WADMKK":"Lamongan"},"geometry":{"type":"Point","coordinates":[112.2,-7.2]}},{"type":"Feature","properties":{"Line":"S102","Sp":"2532.5","X":"630300.5","Y":"9206825.3","NAMOBJ":"Jatidrojog","WADMKC":"Kedungpring","WADMKK":"Lamongan"},"geometry":{"type":"Point","coordinates":[112.2,-7.2]}},{"type":"Feature","properties":{"Line":"S102","Sp":"2536.5","X":"630300.5","Y":"9206775.3","NAMOBJ":"Jatidrojog","WADMKC":"Kedungpring","WADMKK":"Lamongan"},"geometry":{"type":"Point","coordinates":[112.2,-7.2]}},{"type":"Feature","properties":{"Line":"S102","Sp":"2540.5","X":"630300.5","Y":"9206725.3","NAMOBJ":"Jatidrojog","WADMKC":"Kedungpring","WADMKK":"Lamongan"},"geometry":{"type":"Point","coordinates":[112.2,-7.2]}},{"type":"Feature","properties":{"Line":"S104","Sp":"2436.5","X":"631300.5","Y":"9209075.3","NAMOBJ":"Jatidrojog","WADMKC":"Kedungpring","WADMKK":"Lamongan"},"geometry":{"type":"Point","coordinates":[112.2,-7.2]}},{"type":"Feature","properties":{"Line":"S104","Sp":"2440.5","X":"631300.5","Y":"9209025.3","NAMOBJ":"Jatidrojog","WADMKC":"Kedungpring","WADMKK":"Lamongan"},"geometry":{"type":"Point","coordinates":[112.2,-7.2]}},{"type":"Feature","properties":{"Line":"S104","Sp":"2444.5","X":"631300.5","Y":"9208975.3","NAMOBJ":"Jatidrojog","WADMKC":"Kedungpring","WADMKK":"Lamongan"},"geometry":{"type":"Point","coordinates":[112.2,-7.2]}},{"type":"Feature","properties":{"Line":"S104","Sp":"2448.5","X":"631300.5","Y":"9208925.3","NAMOBJ":"Jatidrojog","WADMKC":"Kedungpring","WADMKK":"Lamongan"},"geometry":{"type":"Point","coordinates":[112.2,-7.2]}},{"type":"Feature","properties":{"Line":"S104","Sp":"2452.5","X":"631300.5","Y":"9208875.3","NAMOBJ":"Jatidrojog","WADMKC":"Kedungpring","WADMKK":"Lamongan"},"geometry":{"type":"Point","coordinates":[112.2,-7.2]}},{"type":"Feature","properties":{"Line":"S104","Sp":"2456.5","X":"631300.5","Y":"9208825.3","NAMOBJ":"Jatidrojog","WADMKC":"Kedungpring","WADMKK":"Lamongan"},"geometry":{"type":"Point","coordinates":[112.2,-7.2]}},{"type":"Feature","properties":{"Line":"S104","Sp":"2460.5","X":"631300.5","Y":"9208775.3","NAMOBJ":"Jatidrojog","WADMKC":"Kedungpring","WADMKK":"Lamongan"},"geometry":{"type":"Point","coordinates":[112.2,-7.2]}},{"type":"Feature","properties":{"Line":"S104","Sp":"2464.5","X":"631300.5","Y":"9208725.3","NAMOBJ":"Jatidrojog","WADMKC":"Kedungpring","WADMKK":"Lamongan"},"geometry":{"type":"Point","coordinates":[112.2,-7.2]}},{"type":"Feature","properties":{"Line":"S104","Sp":"2468.5","X":"631300.5","Y":"9208675.3","NAMOBJ":"Jatidrojog","WADMKC":"Kedungpring","WADMKK":"Lamongan"},"geometry":{"type":"Point","coordinates":[112.2,-7.2]}},{"type":"Feature","properties":{"Line":"S104","Sp":"2472.5","X":"631300.5","Y":"9208625.3","NAMOBJ":"Jatidrojog","WADMKC":"Kedungpring","WADMKK":"Lamongan"},"geometry":{"type":"Point","coordinates":[112.2,-7.2]}},{"type":"Feature","properties":{"Line":"S104","Sp":"2476.5","X":"631300.5","Y":"9208575.3","NAMOBJ":"Jatidrojog","WADMKC":"Kedungpring","WADMKK":"Lamongan"},"geometry":{"type":"Point","coordinates":[112.2,-7.2]}},{"type":"Feature","properties":{"Line":"S104","Sp":"2480.5","X":"631300.5","Y":"9208525.3","NAMOBJ":"Jatidrojog","WADMKC":"Kedungpring","WADMKK":"Lamongan"},"geometry":{"type":"Point","coordinates":[112.2,-7.2]}},{"type":"Feature","properties":{"Line":"S104","Sp":"2484.5","X":"631300.5","Y":"9208475.3","NAMOBJ":"Jatidrojog","WADMKC":"Kedungpring","WADMKK":"Lamongan"},"geometry":{"type":"Point","coordinates":[112.2,-7.2]}},{"type":"Feature","properties":{"Line":"S104","Sp":"2488.5","X":"631300.5","Y":"9208425.3","NAMOBJ":"Jatidrojog","WADMKC":"Kedungpring","WADMKK":"Lamongan"},"geometry":{"type":"Point","coordinates":[112.2,-7.2]}},{"type":"Feature","properties":{"Line":"S104","Sp":"2492.5","X":"631300.5","Y":"9208375.3","NAMOBJ":"Jatidrojog","WADMKC":"Kedungpring","WADMKK":"Lamongan"},"geometry":{"type":"Point","coordinates":[112.2,-7.2]}},{"type":"Feature","properties":{"Line":"S104","Sp":"2496.5","X":"631300.5","Y":"9208325.3","NAMOBJ":"Jatidrojog","WADMKC":"Kedungpring","WADMKK":"Lamongan"},"geometry":{"type":"Point","coordinates":[112.2,-7.2]}},{"type":"Feature","properties":{"Line":"S104","Sp":"2500.5","X":"631300.5","Y":"9208275.3","NAMOBJ":"Jatidrojog","WADMKC":"Kedungpring","WADMKK":"Lamongan"},"geometry":{"type":"Point","coordinates":[112.2,-7.2]}},{"type":"Feature","properties":{"Line":"S104","Sp":"2504.5","X":"631300.5","Y":"9208225.3","NAMOBJ":"Jatidrojog","WADMKC":"Kedungpring","WADMKK":"Lamongan"},"geometry":{"type":"Point","coordinates":[112.2,-7.2]}},{"type":"Feature","properties":{"Line":"S102","Sp":"2544.5","X":"630300.5","Y":"9206675.3","NAMOBJ":"Kalen","WADMKC":"Kedungpring","WADMKK":"Lamongan"},"geometry":{"type":"Point","coordinates":[112.2,-7.2]}},{"type":"Feature","properties":{"Line":"S102","Sp":"2548.5","X":"630300.5","Y":"9206625.3","NAMOBJ":"Kalen","WADMKC":"Kedungpring","WADMKK":"Lamongan"},"geometry":{"type":"Point","coordinates":[112.2,-7.2]}},{"type":"Feature","properties":{"Line":"S102","Sp":"2552.5","X":"630300.5","Y":"9206575.3","NAMOBJ":"Kalen","WADMKC":"Kedungpring","WADMKK":"Lamongan"},"geometry":{"type":"Point","coordinates":[112.2,-7.2]}},{"type":"Feature","properties":{"Line":"S102","Sp":"2556.5","X":"630300.5","Y":"9206525.3","NAMOBJ":"Kalen","WADMKC":"Kedungpring","WADMKK":"Lamongan"},"geometry":{"type":"Point","coordinates":[112.2,-7.2]}},{"type":"Feature","properties":{"Line":"S102","Sp":"2560.5","X":"630300.5","Y":"9206475.3","NAMOBJ":"Kalen","WADMKC":"Kedungpring","WADMKK":"Lamongan"},"geometry":{"type":"Point","coordinates":[112.2,-7.2]}},{"type":"Feature","properties":{"Line":"S102","Sp":"2564.5","X":"630300.5","Y":"9206425.3","NAMOBJ":"Kalen","WADMKC":"Kedungpring","WADMKK":"Lamongan"},"geometry":{"type":"Point","coordinates":[112.2,-7.2]}},{"type":"Feature","properties":{"Line":"S102","Sp":"2568.5","X":"630300.5","Y":"9206375.3","NAMOBJ":"Kalen","WADMKC":"Kedungpring","WADMKK":"Lamongan"},"geometry":{"type":"Point","coordinates":[112.2,-7.2]}},{"type":"Feature","properties":{"Line":"S102","Sp":"2572.5","X":"630300.5","Y":"9206325.3","NAMOBJ":"Kalen","WADMKC":"Kedungpring","WADMKK":"Lamongan"},"geometry":{"type":"Point","coordinates":[112.2,-7.2]}},{"type":"Feature","properties":{"Line":"S102","Sp":"2576.5","X":"630300.5","Y":"9206275.3","NAMOBJ":"Kalen","WADMKC":"Kedungpring","WADMKK":"Lamongan"},"geometry":{"type":"Point","coordinates":[112.2,-7.2]}},{"type":"Feature","properties":{"Line":"S102","Sp":"2580.5","X":"630300.5","Y":"9206225.3","NAMOBJ":"Kalen","WADMKC":"Kedungpring","WADMKK":"Lamongan"},"geometry":{"type":"Point","coordinates":[112.2,-7.2]}},{"type":"Feature","properties":{"Line":"S102","Sp":"2584.5","X":"630300.5","Y":"9206175.3","NAMOBJ":"Kalen","WADMKC":"Kedungpring","WADMKK":"Lamongan"},"geometry":{"type":"Point","coordinates":[112.2,-7.2]}},{"type":"Feature","properties":{"Line":"S102","Sp":"2588.5","X":"630300.5","Y":"9206125.3","NAMOBJ":"Kalen","WADMKC":"Kedungpring","WADMKK":"Lamongan"},"geometry":{"type":"Point","coordinates":[112.2,-7.2]}},{"type":"Feature","properties":{"Line":"S102","Sp":"2592.5","X":"630300.5","Y":"9206075.3","NAMOBJ":"Kalen","WADMKC":"Kedungpring","WADMKK":"Lamongan"},"geometry":{"type":"Point","coordinates":[112.2,-7.2]}},{"type":"Feature","properties":{"Line":"S102","Sp":"2596.5","X":"630300.5","Y":"9206025.3","NAMOBJ":"Kalen","WADMKC":"Kedungpring","WADMKK":"Lamongan"},"geometry":{"type":"Point","coordinates":[112.2,-7.2]}},{"type":"Feature","properties":{"Line":"S102","Sp":"2600.5","X":"630300.5","Y":"9205975.3","NAMOBJ":"Kalen","WADMKC":"Kedungpring","WADMKK":"Lamongan"},"geometry":{"type":"Point","coordinates":[112.2,-7.2]}},{"type":"Feature","properties":{"Line":"S102","Sp":"2604.5","X":"630300.5","Y":"9205925.3","NAMOBJ":"Kalen","WADMKC":"Kedungpring","WADMKK":"Lamongan"},"geometry":{"type":"Point","coordinates":[112.2,-7.2]}},{"type":"Feature","properties":{"Line":"S102","Sp":"2608.5","X":"630300.5","Y":"9205875.3","NAMOBJ":"Kalen","WADMKC":"Kedungpring","WADMKK":"Lamongan"},"geometry":{"type":"Point","coordinates":[112.2,-7.2]}},{"type":"Feature","properties":{"Line":"S102","Sp":"2612.5","X":"630300.5","Y":"9205825.3","NAMOBJ":"Kalen","WADMKC":"Kedungpring","WADMKK":"Lamongan"},"geometry":{"type":"Point","coordinates":[112.2,-7.2]}},{"type":"Feature","properties":{"Line":"S102","Sp":"2616.5","X":"630300.5","Y":"9205775.3","NAMOBJ":"Kalen","WADMKC":"Kedungpring","WADMKK":"Lamongan"},"geometry":{"type":"Point","coordinates":[112.2,-7.2]}},{"type":"Feature","properties":{"Line":"S102","Sp":"2620.5","X":"630300.5","Y":"9205725.3","NAMOBJ":"Kalen","WADMKC":"Kedungpring","WADMKK":"Lamongan"},"geometry":{"type":"Point","coordinates":[112.2,-7.2]}},{"type":"Feature","properties":{"Line":"S102","Sp":"2624.5","X":"630300.5","Y":"9205675.3","NAMOBJ":"Kalen","WADMKC":"Kedungpring","WADMKK":"Lamongan"},"geometry":{"type":"Point","coordinates":[112.2,-7.2]}},{"type":"Feature","properties":{"Line":"S102","Sp":"2628.5","X":"630300.5","Y":"9205625.3","NAMOBJ":"Kalen","WADMKC":"Kedungpring","WADMKK":"Lamongan"},"geometry":{"type":"Point","coordinates":[112.2,-7.2]}},{"type":"Feature","properties":{"Line":"S102","Sp":"2632.5","X":"630300.5","Y":"9205575.3","NAMOBJ":"Kalen","WADMKC":"Kedungpring","WADMKK":"Lamongan"},"geometry":{"type":"Point","coordinates":[112.2,-7.2]}},{"type":"Feature","properties":{"Line":"S102","Sp":"2636.5","X":"630300.5","Y":"9205525.3","NAMOBJ":"Kalen","WADMKC":"Kedungpring","WADMKK":"Lamongan"},"geometry":{"type":"Point","coordinates":[112.2,-7.2]}},{"type":"Feature","properties":{"Line":"S104","Sp":"2544.5","X":"631300.5","Y":"9207725.3","NAMOBJ":"Kandangrejo","WADMKC":"Kedungpring","WADMKK":"Lamongan"},"geometry":{"type":"Point","coordinates":[112.2,-7.2]}},{"type":"Feature","properties":{"Line":"S104","Sp":"2548.5","X":"631300.5","Y":"9207675.3","NAMOBJ":"Kandangrejo","WADMKC":"Kedungpring","WADMKK":"Lamongan"},"geometry":{"type":"Point","coordinates":[112.2,-7.2]}},{"type":"Feature","properties":{"Line":"S104","Sp":"2552.5","X":"631300.5","Y":"9207625.3","NAMOBJ":"Kandangrejo","WADMKC":"Kedungpring","WADMKK":"Lamongan"},"geometry":{"type":"Point","coordinates":[112.2,-7.2]}},{"type":"Feature","properties":{"Line":"S104","Sp":"2556.5","X":"631300.5","Y":"9207575.3","NAMOBJ":"Kandangrejo","WADMKC":"Kedungpring","WADMKK":"Lamongan"},"geometry":{"type":"Point","coordinates":[112.2,-7.2]}},{"type":"Feature","properties":{"Line":"S104","Sp":"2560.5","X":"631300.5","Y":"9207525.3","NAMOBJ":"Kandangrejo","WADMKC":"Kedungpring","WADMKK":"Lamongan"},"geometry":{"type":"Point","coordinates":[112.2,-7.2]}},{"type":"Feature","properties":{"Line":"S104","Sp":"2564.5","X":"631300.5","Y":"9207475.3","NAMOBJ":"Kandangrejo","WADMKC":"Kedungpring","WADMKK":"Lamongan"},"geometry":{"type":"Point","coordinates":[112.2,-7.2]}},{"type":"Feature","properties":{"Line":"S104","Sp":"2568.5","X":"631300.5","Y":"9207425.3","NAMOBJ":"Kandangrejo","WADMKC":"Kedungpring","WADMKK":"Lamongan"},"geometry":{"type":"Point","coordinates":[112.2,-7.2]}},{"type":"Feature","properties":{"Line":"S104","Sp":"2572.5","X":"631300.5","Y":"9207375.3","NAMOBJ":"Kandangrejo","WADMKC":"Kedungpring","WADMKK":"Lamongan"},"geometry":{"type":"Point","coordinates":[112.2,-7.2]}},{"type":"Feature","properties":{"Line":"S104","Sp":"2576.5","X":"631300.5","Y":"9207325.3","NAMOBJ":"Kandangrejo","WADMKC":"Kedungpring","WADMKK":"Lamongan"},"geometry":{"type":"Point","coordinates":[112.2,-7.2]}},{"type":"Feature","properties":{"Line":"S104","Sp":"2580.5","X":"631300.5","Y":"9207275.3","NAMOBJ":"Kandangrejo","WADMKC":"Kedungpring","WADMKK":"Lamongan"},"geometry":{"type":"Point","coordinates":[112.2,-7.2]}},{"type":"Feature","properties":{"Line":"S104","Sp":"2584.5","X":"631300.5","Y":"9207225.3","NAMOBJ":"Kandangrejo","WADMKC":"Kedungpring","WADMKK":"Lamongan"},"geometry":{"type":"Point","coordinates":[112.2,-7.2]}},{"type":"Feature","properties":{"Line":"S104","Sp":"2588.5","X":"631300.5","Y":"9207175.3","NAMOBJ":"Kandangrejo","WADMKC":"Kedungpring","WADMKK":"Lamongan"},"geometry":{"type":"Point","coordinates":[112.2,-7.2]}},{"type":"Feature","properties":{"Line":"S104","Sp":"2592.5","X":"631300.5","Y":"9207125.3","NAMOBJ":"Kandangrejo","WADMKC":"Kedungpring","WADMKK":"Lamongan"},"geometry":{"type":"Point","coordinates":[112.2,-7.2]}},{"type":"Feature","properties":{"Line":"S104","Sp":"2596.5","X":"631300.5","Y":"9207075.3","NAMOBJ":"Kandangrejo","WADMKC":"Kedungpring","WADMKK":"Lamongan"},"geometry":{"type":"Point","coordinates":[112.2,-7.2]}},{"type":"Feature","properties":{"Line":"S104","Sp":"2600.5","X":"631300.5","Y":"9207025.3","NAMOBJ":"Kandangrejo","WADMKC":"Kedungpring","WADMKK":"Lamongan"},"geometry":{"type":"Point","coordinates":[112.2,-7.2]}},{"type":"Feature","properties":{"Line":"S104","Sp":"2604.5","X":"631300.5","Y":"9206975.3","NAMOBJ":"Kandangrejo","WADMKC":"Kedungpring","WADMKK":"Lamongan"},"geometry":{"type":"Point","coordinates":[112.2,-7.2]}},{"type":"Feature","properties":{"Line":"S104","Sp":"2608.5","X":"631300.5","Y":"9206925.3","NAMOBJ":"Kandangrejo","WADMKC":"Kedungpring","WADMKK":"Lamongan"},"geometry":{"type":"Point","coordinates":[112.2,-7.2]}},{"type":"Feature","properties":{"Line":"S104","Sp":"2612.5","X":"631300.5","Y":"9206875.3","NAMOBJ":"Kandangrejo","WADMKC":"Kedungpring","WADMKK":"Lamongan"},"geometry":{"type":"Point","coordinates":[112.2,-7.2]}},{"type":"Feature","properties":{"Line":"S104","Sp":"2616.5","X":"631300.5","Y":"9206825.3","NAMOBJ":"Kandangrejo","WADMKC":"Kedungpring","WADMKK":"Lamongan"},"geometry":{"type":"Point","coordinates":[112.2,-7.2]}},{"type":"Feature","properties":{"Line":"S104","Sp":"2620.5","X":"631300.5","Y":"9206775.3","NAMOBJ":"Kandangrejo","WADMKC":"Kedungpring","WADMKK":"Lamongan"},"geometry":{"type":"Point","coordinates":[112.2,-7.2]}},{"type":"Feature","properties":{"Line":"S104","Sp":"2624.5","X":"631300.5","Y":"9206725.3","NAMOBJ":"Kandangrejo","WADMKC":"Kedungpring","WADMKK":"Lamongan"},"geometry":{"type":"Point","coordinates":[112.2,-7.2]}},{"type":"Feature","properties":{"Line":"S104","Sp":"2628.5","X":"631300.5","Y":"9206675.3","NAMOBJ":"Kandangrejo","WADMKC":"Kedungpring","WADMKK":"Lamongan"},"geometry":{"type":"Point","coordinates":[112.2,-7.2]}},{"type":"Feature","properties":{"Line":"S104","Sp":"2632.5","X":"631300.5","Y":"9206625.3","NAMOBJ":"Kandangrejo","WADMKC":"Kedungpring","WADMKK":"Lamongan"},"geometry":{"type":"Point","coordinates":[112.2,-7.2]}},{"type":"Feature","properties":{"Line":"S104","Sp":"2636.5","X":"631300.5","Y":"9206575.3","NAMOBJ":"Kandangrejo","WADMKC":"Kedungpring","WADMKK":"Lamongan"},"geometry":{"type":"Point","coordinates":[112.2,-7.2]}},{"type":"Feature","properties":{"Line":"S104","Sp":"2640.5","X":"631300.5","Y":"9206525.3","NAMOBJ":"Kandangrejo","WADMKC":"Kedungpring","WADMKK":"Lamongan"},"geometry":{"type":"Point","coordinates":[112.2,-7.2]}},{"type":"Feature","properties":{"Line":"S104","Sp":"2644.5","X":"631300.5","Y":"9206475.3","NAMOBJ":"Kandangrejo","WADMKC":"Kedungpring","WADMKK":"Lamongan"},"geometry":{"type":"Point","coordinates":[112.2,-7.2]}},{"type":"Feature","properties":{"Line":"S104","Sp":"2648.5","X":"631300.5","Y":"9206425.3","NAMOBJ":"Kandangrejo","WADMKC":"Kedungpring","WADMKK":"Lamongan"},"geometry":{"type":"Point","coordinates":[112.2,-7.2]}},{"type":"Feature","properties":{"Line":"S104","Sp":"2652.5","X":"631300.5","Y":"9206375.3","NAMOBJ":"Kandangrejo","WADMKC":"Kedungpring","WADMKK":"Lamongan"},"geometry":{"type":"Point","coordinates":[112.2,-7.2]}},{"type":"Feature","properties":{"Line":"S104","Sp":"2656.5","X":"631300.5","Y":"9206325.3","NAMOBJ":"Kandangrejo","WADMKC":"Kedungpring","WADMKK":"Lamongan"},"geometry":{"type":"Point","coordinates":[112.2,-7.2]}},{"type":"Feature","properties":{"Line":"S104","Sp":"2660.5","X":"631300.5","Y":"9206275.3","NAMOBJ":"Kandangrejo","WADMKC":"Kedungpring","WADMKK":"Lamongan"},"geometry":{"type":"Point","coordinates":[112.2,-7.2]}},{"type":"Feature","properties":{"Line":"S104","Sp":"2664.5","X":"631300.5","Y":"9206225.3","NAMOBJ":"Kandangrejo","WADMKC":"Kedungpring","WADMKK":"Lamongan"},"geometry":{"type":"Point","coordinates":[112.2,-7.2]}},{"type":"Feature","properties":{"Line":"S104","Sp":"2668.5","X":"631300.5","Y":"9206175.3","NAMOBJ":"Kandangrejo","WADMKC":"Kedungpring","WADMKK":"Lamongan"},"geometry":{"type":"Point","coordinates":[112.2,-7.2]}},{"type":"Feature","properties":{"Line":"S104","Sp":"2672.5","X":"631300.5","Y":"9206125.3","NAMOBJ":"Kandangrejo","WADMKC":"Kedungpring","WADMKK":"Lamongan"},"geometry":{"type":"Point","coordinates":[112.2,-7.2]}},{"type":"Feature","properties":{"Line":"S104","Sp":"2676.5","X":"631300.5","Y":"9206075.3","NAMOBJ":"Kandangrejo","WADMKC":"Kedungpring","WADMKK":"Lamongan"},"geometry":{"type":"Point","coordinates":[112.2,-7.2]}},{"type":"Feature","properties":{"Line":"S104","Sp":"2680.5","X":"631300.5","Y":"9206025.3","NAMOBJ":"Kandangrejo","WADMKC":"Kedungpring","WADMKK":"Lamongan"},"geometry":{"type":"Point","coordinates":[112.2,-7.2]}},{"type":"Feature","properties":{"Line":"S104","Sp":"2684.5","X":"631300.5","Y":"9205975.3","NAMOBJ":"Kandangrejo","WADMKC":"Kedungpring","WADMKK":"Lamongan"},"geometry":{"type":"Point","coordinates":[112.2,-7.2]}},{"type":"Feature","properties":{"Line":"S104","Sp":"2688.5","X":"631300.5","Y":"9205925.3","NAMOBJ":"Kandangrejo","WADMKC":"Kedungpring","WADMKK":"Lamongan"},"geometry":{"type":"Point","coordinates":[112.2,-7.2]}},{"type":"Feature","properties":{"Line":"S104","Sp":"2692.5","X":"631300.5","Y":"9205875.3","NAMOBJ":"Kandangrejo","WADMKC":"Kedungpring","WADMKK":"Lamongan"},"geometry":{"type":"Point","coordinates":[112.2,-7.2]}},{"type":"Feature","properties":{"Line":"S104","Sp":"2696.5","X":"631300.5","Y":"9205825.3","NAMOBJ":"Kandangrejo","WADMKC":"Kedungpring","WADMKK":"Lamongan"},"geometry":{"type":"Point","coordinates":[112.2,-7.2]}},{"type":"Feature","properties":{"Line":"S104","Sp":"2700.5","X":"631300.5","Y":"9205775.3","NAMOBJ":"Kandangrejo","WADMKC":"Kedungpring","WADMKK":"Lamongan"},"geometry":{"type":"Point","coordinates":[112.2,-7.2]}},{"type":"Feature","properties":{"Line":"S104","Sp":"2704.5","X":"631300.5","Y":"9205725.3","NAMOBJ":"Kandangrejo","WADMKC":"Kedungpring","WADMKK":"Lamongan"},"geometry":{"type":"Point","coordinates":[112.2,-7.2]}},{"type":"Feature","properties":{"Line":"S104","Sp":"2708.5","X":"631300.5","Y":"9205675.3","NAMOBJ":"Kandangrejo","WADMKC":"Kedungpring","WADMKK":"Lamongan"},"geometry":{"type":"Point","coordinates":[112.2,-7.2]}},{"type":"Feature","properties":{"Line":"S104","Sp":"2712.5","X":"631300.5","Y":"9205625.3","NAMOBJ":"Kandangrejo","WADMKC":"Kedungpring","WADMKK":"Lamongan"},"geometry":{"type":"Point","coordinates":[112.2,-7.2]}},{"type":"Feature","properties":{"Line":"S104","Sp":"2716.5","X":"631300.5","Y":"9205575.3","NAMOBJ":"Kandangrejo","WADMKC":"Kedungpring","WADMKK":"Lamongan"},"geometry":{"type":"Point","coordinates":[112.2,-7.2]}},{"type":"Feature","properties":{"Line":"S104","Sp":"2720.5","X":"631300.5","Y":"9205525.3","NAMOBJ":"Kandangrejo","WADMKC":"Kedungpring","WADMKK":"Lamongan"},"geometry":{"type":"Point","coordinates":[112.2,-7.2]}},{"type":"Feature","properties":{"Line":"S104","Sp":"2724.5","X":"631300.5","Y":"9205475.3","NAMOBJ":"Kandangrejo","WADMKC":"Kedungpring","WADMKK":"Lamongan"},"geometry":{"type":"Point","coordinates":[112.2,-7.2]}},{"type":"Feature","properties":{"Line":"S101","Sp":"1664.5","X":"632525.5","Y":"9208800.3","NAMOBJ":"Karangcangkring","WADMKC":"Kedungpring","WADMKK":"Lamongan"},"geometry":{"type":"Point","coordinates":[112.2,-7.2]}},{"type":"Feature","properties":{"Line":"S101","Sp":"1668.5","X":"632575.5","Y":"9208800.3","NAMOBJ":"Karangcangkring","WADMKC":"Kedungpring","WADMKK":"Lamongan"},"geometry":{"type":"Point","coordinates":[112.2,-7.2]}},{"type":"Feature","properties":{"Line":"S106","Sp":"2524.5","X":"632300.5","Y":"9208175.3","NAMOBJ":"Karangcangkring","WADMKC":"Kedungpring","WADMKK":"Lamongan"},"geometry":{"type":"Point","coordinates":[112.2,-7.2]}},{"type":"Feature","properties":{"Line":"S106","Sp":"2528.5","X":"632300.5","Y":"9208125.3","NAMOBJ":"Karangcangkring","WADMKC":"Kedungpring","WADMKK":"Lamongan"},"geometry":{"type":"Point","coordinates":[112.2,-7.2]}},{"type":"Feature","properties":{"Line":"S106","Sp":"2532.5","X":"632300.5","Y":"9208075.3","NAMOBJ":"Karangcangkring","WADMKC":"Kedungpring","WADMKK":"Lamongan"},"geometry":{"type":"Point","coordinates":[112.2,-7.2]}},{"type":"Feature","properties":{"Line":"S106","Sp":"2536.5","X":"632300.5","Y":"9208025.3","NAMOBJ":"Karangcangkring","WADMKC":"Kedungpring","WADMKK":"Lamongan"},"geometry":{"type":"Point","coordinates":[112.2,-7.2]}},{"type":"Feature","properties":{"Line":"S106","Sp":"2540.5","X":"632300.5","Y":"9207975.3","NAMOBJ":"Karangcangkring","WADMKC":"Kedungpring","WADMKK":"Lamongan"},"geometry":{"type":"Point","coordinates":[112.2,-7.2]}},{"type":"Feature","properties":{"Line":"S108","Sp":"2472.5","X":"633300.5","Y":"9208625.3","NAMOBJ":"Karangcangkring","WADMKC":"Kedungpring","WADMKK":"Lamongan"},"geometry":{"type":"Point","coordinates":[112.2,-7.2]}},{"type":"Feature","properties":{"Line":"S108","Sp":"2476.5","X":"633300.5","Y":"9208575.3","NAMOBJ":"Karangcangkring","WADMKC":"Kedungpring","WADMKK":"Lamongan"},"geometry":{"type":"Point","coordinates":[112.2,-7.2]}},{"type":"Feature","properties":{"Line":"S108","Sp":"2480.5","X":"633300.5","Y":"9208525.3","NAMOBJ":"Karangcangkring","WADMKC":"Kedungpring","WADMKK":"Lamongan"},"geometry":{"type":"Point","coordinates":[112.2,-7.2]}},{"type":"Feature","properties":{"Line":"S108","Sp":"2484.5","X":"633300.5","Y":"9208475.3","NAMOBJ":"Karangcangkring","WADMKC":"Kedungpring","WADMKK":"Lamongan"},"geometry":{"type":"Point","coordinates":[112.2,-7.2]}},{"type":"Feature","properties":{"Line":"S108","Sp":"2488.5","X":"633300.5","Y":"9208425.3","NAMOBJ":"Karangcangkring","WADMKC":"Kedungpring","WADMKK":"Lamongan"},"geometry":{"type":"Point","coordinates":[112.2,-7.2]}},{"type":"Feature","properties":{"Line":"S108","Sp":"2492.5","X":"633300.5","Y":"9208375.3","NAMOBJ":"Karangcangkring","WADMKC":"Kedungpring","WADMKK":"Lamongan"},"geometry":{"type":"Point","coordinates":[112.2,-7.2]}},{"type":"Feature","properties":{"Line":"S108","Sp":"2496.5","X":"633300.5","Y":"9208325.3","NAMOBJ":"Karangcangkring","WADMKC":"Kedungpring","WADMKK":"Lamongan"},"geometry":{"type":"Point","coordinates":[112.2,-7.2]}},{"type":"Feature","properties":{"Line":"S108","Sp":"2500.5","X":"633300.5","Y":"9208275.3","NAMOBJ":"Karangcangkring","WADMKC":"Kedungpring","WADMKK":"Lamongan"},"geometry":{"type":"Point","coordinates":[112.2,-7.2]}},{"type":"Feature","properties":{"Line":"S108","Sp":"2504.5","X":"633300.5","Y":"9208225.3","NAMOBJ":"Karangcangkring","WADMKC":"Kedungpring","WADMKK":"Lamongan"},"geometry":{"type":"Point","coordinates":[112.2,-7.2]}},{"type":"Feature","properties":{"Line":"S108","Sp":"2508.5","X":"633300.5","Y":"9208175.3","NAMOBJ":"Karangcangkring","WADMKC":"Kedungpring","WADMKK":"Lamongan"},"geometry":{"type":"Point","coordinates":[112.2,-7.2]}},{"type":"Feature","properties":{"Line":"S108","Sp":"2512.5","X":"633300.5","Y":"9208125.3","NAMOBJ":"Karangcangkring","WADMKC":"Kedungpring","WADMKK":"Lamongan"},"geometry":{"type":"Point","coordinates":[112.2,-7.2]}},{"type":"Feature","properties":{"Line":"S108","Sp":"2516.5","X":"633300.5","Y":"9208075.3","NAMOBJ":"Karangcangkring","WADMKC":"Kedungpring","WADMKK":"Lamongan"},"geometry":{"type":"Point","coordinates":[112.2,-7.2]}},{"type":"Feature","properties":{"Line":"S108","Sp":"2520.5","X":"633300.5","Y":"9208025.3","NAMOBJ":"Karangcangkring","WADMKC":"Kedungpring","WADMKK":"Lamongan"},"geometry":{"type":"Point","coordinates":[112.2,-7.2]}},{"type":"Feature","properties":{"Line":"S108","Sp":"2524.5","X":"633300.5","Y":"9207975.3","NAMOBJ":"Karangcangkring","WADMKC":"Kedungpring","WADMKK":"Lamongan"},"geometry":{"type":"Point","coordinates":[112.2,-7.2]}},{"type":"Feature","properties":{"Line":"S108","Sp":"2528.5","X":"633300.5","Y":"9207925.3","NAMOBJ":"Karangcangkring","WADMKC":"Kedungpring","WADMKK":"Lamongan"},"geometry":{"type":"Point","coordinates":[112.2,-7.2]}},{"type":"Feature","properties":{"Line":"S108","Sp":"2532.5","X":"633300.5","Y":"9207875.3","NAMOBJ":"Karangcangkring","WADMKC":"Kedungpring","WADMKK":"Lamongan"},"geometry":{"type":"Point","coordinates":[112.2,-7.2]}},{"type":"Feature","properties":{"Line":"S108","Sp":"2536.5","X":"633300.5","Y":"9207825.3","NAMOBJ":"Karangcangkring","WADMKC":"Kedungpring","WADMKK":"Lamongan"},"geometry":{"type":"Point","coordinates":[112.2,-7.2]}},{"type":"Feature","properties":{"Line":"S116","Sp":"2576.5","X":"637300.5","Y":"9207475.3","NAMOBJ":"Kedungbanjar","WADMKC":"Sugio","WADMKK":"Lamongan"},"geometry":{"type":"Point","coordinates":[112.2,-7.2]}},{"type":"Feature","properties":{"Line":"S116","Sp":"2580.5","X":"637300.5","Y":"9207425.3","NAMOBJ":"Kedungbanjar","WADMKC":"Sugio","WADMKK":"Lamongan"},"geometry":{"type":"Point","coordinates":[112.2,-7.2]}},{"type":"Feature","properties":{"Line":"S116","Sp":"2584.5","X":"637300.5","Y":"9207375.3","NAMOBJ":"Kedungbanjar","WADMKC":"Sugio","WADMKK":"Lamongan"},"geometry":{"type":"Point","coordinates":[112.2,-7.2]}},{"type":"Feature","properties":{"Line":"S116","Sp":"2588.5","X":"637300.5","Y":"9207325.3","NAMOBJ":"Kedungbanjar","WADMKC":"Sugio","WADMKK":"Lamongan"},"geometry":{"type":"Point","coordinates":[112.2,-7.2]}},{"type":"Feature","properties":{"Line":"S116","Sp":"2592.5","X":"637300.5","Y":"9207275.3","NAMOBJ":"Kedungbanjar","WADMKC":"Sugio","WADMKK":"Lamongan"},"geometry":{"type":"Point","coordinates":[112.2,-7.2]}},{"type":"Feature","properties":{"Line":"S116","Sp":"2596.5","X":"637300.5","Y":"9207225.3","NAMOBJ":"Kedungbanjar","WADMKC":"Sugio","WADMKK":"Lamongan"},"geometry":{"type":"Point","coordinates":[112.2,-7.2]}},{"type":"Feature","properties":{"Line":"S116","Sp":"2600.5","X":"637300.5","Y":"9207175.3","NAMOBJ":"Kedungbanjar","WADMKC":"Sugio","WADMKK":"Lamongan"},"geometry":{"type":"Point","coordinates":[112.2,-7.2]}},{"type":"Feature","properties":{"Line":"S116","Sp":"2604.5","X":"637300.5","Y":"9207125.3","NAMOBJ":"Kedungbanjar","WADMKC":"Sugio","WADMKK":"Lamongan"},"geometry":{"type":"Point","coordinates":[112.2,-7.2]}},{"type":"Feature","properties":{"Line":"S116","Sp":"2608.5","X":"637300.5","Y":"9207075.3","NAMOBJ":"Kedungbanjar","WADMKC":"Sugio","WADMKK":"Lamongan"},"geometry":{"type":"Point","coordinates":[112.2,-7.2]}},{"type":"Feature","properties":{"Line":"S116","Sp":"2612.5","X":"637300.5","Y":"9207025.3","NAMOBJ":"Kedungbanjar","WADMKC":"Sugio","WADMKK":"Lamongan"},"geometry":{"type":"Point","coordinates":[112.2,-7.2]}},{"type":"Feature","properties":{"Line":"S116","Sp":"2616.5","X":"637300.5","Y":"9206975.3","NAMOBJ":"Kedungbanjar","WADMKC":"Sugio","WADMKK":"Lamongan"},"geometry":{"type":"Point","coordinates":[112.2,-7.2]}},{"type":"Feature","properties":{"Line":"S116","Sp":"2620.5","X":"637300.5","Y":"9206925.3","NAMOBJ":"Kedungbanjar","WADMKC":"Sugio","WADMKK":"Lamongan"},"geometry":{"type":"Point","coordinates":[112.2,-7.2]}},{"type":"Feature","properties":{"Line":"S116","Sp":"2624.5","X":"637300.5","Y":"9206875.3","NAMOBJ":"Kedungbanjar","WADMKC":"Sugio","WADMKK":"Lamongan"},"geometry":{"type":"Point","coordinates":[112.2,-7.2]}},{"type":"Feature","properties":{"Line":"S116","Sp":"2628.5","X":"637300.5","Y":"9206825.3","NAMOBJ":"Kedungbanjar","WADMKC":"Sugio","WADMKK":"Lamongan"},"geometry":{"type":"Point","coordinates":[112.2,-7.2]}},{"type":"Feature","properties":{"Line":"S116","Sp":"2632.5","X":"637300.5","Y":"9206775.3","NAMOBJ":"Kedungbanjar","WADMKC":"Sugio","WADMKK":"Lamongan"},"geometry":{"type":"Point","coordinates":[112.2,-7.2]}},{"type":"Feature","properties":{"Line":"S116","Sp":"2636.5","X":"637300.5","Y":"9206725.3","NAMOBJ":"Kedungbanjar","WADMKC":"Sugio","WADMKK":"Lamongan"},"geometry":{"type":"Point","coordinates":[112.2,-7.2]}},{"type":"Feature","properties":{"Line":"S116","Sp":"2640.5","X":"637300.5","Y":"9206675.3","NAMOBJ":"Kedungbanjar","WADMKC":"Sugio","WADMKK":"Lamongan"},"geometry":{"type":"Point","coordinates":[112.2,-7.2]}},{"type":"Feature","properties":{"Line":"S116","Sp":"2644.5","X":"637300.5","Y":"9206625.3","NAMOBJ":"Kedungbanjar","WADMKC":"Sugio","WADMKK":"Lamongan"},"geometry":{"type":"Point","coordinates":[112.2,-7.2]}},{"type":"Feature","properties":{"Line":"S116","Sp":"2648.5","X":"637300.5","Y":"9206575.3","NAMOBJ":"Kedungbanjar","WADMKC":"Sugio","WADMKK":"Lamongan"},"geometry":{"type":"Point","coordinates":[112.2,-7.2]}},{"type":"Feature","properties":{"Line":"S116","Sp":"2652.5","X":"637300.5","Y":"9206525.3","NAMOBJ":"Kedungbanjar","WADMKC":"Sugio","WADMKK":"Lamongan"},"geometry":{"type":"Point","coordinates":[112.2,-7.2]}},{"type":"Feature","properties":{"Line":"S116","Sp":"2656.5","X":"637300.5","Y":"9206475.3","NAMOBJ":"Kedungbanjar","WADMKC":"Sugio","WADMKK":"Lamongan"},"geometry":{"type":"Point","coordinates":[112.2,-7.2]}},{"type":"Feature","properties":{"Line":"S116","Sp":"2660.5","X":"637300.5","Y":"9206425.3","NAMOBJ":"Kedungbanjar","WADMKC":"Sugio","WADMKK":"Lamongan"},"geometry":{"type":"Point","coordinates":[112.2,-7.2]}},{"type":"Feature","properties":{"Line":"S116","Sp":"2664.5","X":"637300.5","Y":"9206375.3","NAMOBJ":"Kedungbanjar","WADMKC":"Sugio","WADMKK":"Lamongan"},"geometry":{"type":"Point","coordinates":[112.2,-7.2]}},{"type":"Feature","properties":{"Line":"S116","Sp":"2668.5","X":"637300.5","Y":"9206325.3","NAMOBJ":"Kedungbanjar","WADMKC":"Sugio","WADMKK":"Lamongan"},"geometry":{"type":"Point","coordinates":[112.2,-7.2]}},{"type":"Feature","properties":{"Line":"S116","Sp":"2672.5","X":"637300.5","Y":"9206275.3","NAMOBJ":"Kedungbanjar","WADMKC":"Sugio","WADMKK":"Lamongan"},"geometry":{"type":"Point","coordinates":[112.2,-7.2]}},{"type":"Feature","properties":{"Line":"S116","Sp":"2676.5","X":"637300.5","Y":"9206225.3","NAMOBJ":"Kedungbanjar","WADMKC":"Sugio","WADMKK":"Lamongan"},"geometry":{"type":"Point","coordinates":[112.2,-7.2]}},{"type":"Feature","properties":{"Line":"S116","Sp":"2680.5","X":"637300.5","Y":"9206175.3","NAMOBJ":"Kedungbanjar","WADMKC":"Sugio","WADMKK":"Lamongan"},"geometry":{"type":"Point","coordinates":[112.2,-7.2]}},{"type":"Feature","properties":{"Line":"S116","Sp":"2684.5","X":"637300.5","Y":"9206125.3","NAMOBJ":"Kedungbanjar","WADMKC":"Sugio","WADMKK":"Lamongan"},"geometry":{"type":"Point","coordinates":[112.2,-7.2]}},{"type":"Feature","properties":{"Line":"S116","Sp":"2688.5","X":"637300.5","Y":"9206075.3","NAMOBJ":"Kedungbanjar","WADMKC":"Sugio","WADMKK":"Lamongan"},"geometry":{"type":"Point","coordinates":[112.2,-7.2]}},{"type":"Feature","properties":{"Line":"S116","Sp":"2692.5","X":"637300.5","Y":"9206025.3","NAMOBJ":"Kedungbanjar","WADMKC":"Sugio","WADMKK":"Lamongan"},"geometry":{"type":"Point","coordinates":[112.2,-7.2]}},{"type":"Feature","properties":{"Line":"S116","Sp":"2696.5","X":"637300.5","Y":"9205975.3","NAMOBJ":"Kedungbanjar","WADMKC":"Sugio","WADMKK":"Lamongan"},"geometry":{"type":"Point","coordinates":[112.2,-7.2]}},{"type":"Feature","properties":{"Line":"S116","Sp":"2700.5","X":"637300.5","Y":"9205925.3","NAMOBJ":"Kedungbanjar","WADMKC":"Sugio","WADMKK":"Lamongan"},"geometry":{"type":"Point","coordinates":[112.2,-7.2]}},{"type":"Feature","properties":{"Line":"S116","Sp":"2704.5","X":"637300.5","Y":"9205875.3","NAMOBJ":"Kedungbanjar","WADMKC":"Sugio","WADMKK":"Lamongan"},"geometry":{"type":"Point","coordinates":[112.2,-7.2]}},{"type":"Feature","properties":{"Line":"S116","Sp":"2708.5","X":"637300.5","Y":"9205825.3","NAMOBJ":"Kedungbanjar","WADMKC":"Sugio","WADMKK":"Lamongan"},"geometry":{"type":"Point","coordinates":[112.2,-7.2]}},{"type":"Feature","properties":{"Line":"S116","Sp":"2712.5","X":"637300.5","Y":"9205775.3","NAMOBJ":"Kedungbanjar","WADMKC":"Sugio","WADMKK":"Lamongan"},"geometry":{"type":"Point","coordinates":[112.2,-7.2]}},{"type":"Feature","properties":{"Line":"S116","Sp":"2716.5","X":"637300.5","Y":"9205725.3","NAMOBJ":"Kedungbanjar","WADMKC":"Sugio","WADMKK":"Lamongan"},"geometry":{"type":"Point","coordinates":[112.2,-7.2]}},{"type":"Feature","properties":{"Line":"S101","Sp":"2020.5","X":"636975.5","Y":"9208800.3","NAMOBJ":"Kedungdadi","WADMKC":"Sugio","WADMKK":"Lamongan"},"geometry":{"type":"Point","coordinates":[112.2,-7.2]}},{"type":"Feature","properties":{"Line":"S101","Sp":"2024.5","X":"637025.5","Y":"9208800.3","NAMOBJ":"Kedungdadi","WADMKC":"Sugio","WADMKK":"Lamongan"},"geometry":{"type":"Point","coordinates":[112.2,-7.2]}},{"type":"Feature","properties":{"Line":"S101","Sp":"2028.5","X":"637075.5","Y":"9208800.3","NAMOBJ":"Kedungdadi","WADMKC":"Sugio","WADMKK":"Lamongan"},"geometry":{"type":"Point","coordinates":[112.2,-7.2]}},{"type":"Feature","properties":{"Line":"S101","Sp":"2032.5","X":"637125.5","Y":"9208800.3","NAMOBJ":"Kedungdadi","WADMKC":"Sugio","WADMKK":"Lamongan"},"geometry":{"type":"Point","coordinates":[112.2,-7.2]}},{"type":"Feature","properties":{"Line":"S101","Sp":"2036.5","X":"637175.5","Y":"9208800.3","NAMOBJ":"Kedungdadi","WADMKC":"Sugio","WADMKK":"Lamongan"},"geometry":{"type":"Point","coordinates":[112.2,-7.2]}},{"type":"Feature","properties":{"Line":"S101","Sp":"2040.5","X":"637225.5","Y":"9208800.3","NAMOBJ":"Kedungdadi","WADMKC":"Sugio","WADMKK":"Lamongan"},"geometry":{"type":"Point","coordinates":[112.2,-7.2]}},{"type":"Feature","properties":{"Line":"S101","Sp":"2044.5","X":"637275.5","Y":"9208800.3","NAMOBJ":"Kedungdadi","WADMKC":"Sugio","WADMKK":"Lamongan"},"geometry":{"type":"Point","coordinates":[112.2,-7.2]}},{"type":"Feature","properties":{"Line":"S101","Sp":"2048.5","X":"637325.5","Y":"9208800.3","NAMOBJ":"Kedungdadi","WADMKC":"Sugio","WADMKK":"Lamongan"},"geometry":{"type":"Point","coordinates":[112.2,-7.2]}},{"type":"Feature","properties":{"Line":"S101","Sp":"2052.5","X":"637375.5","Y":"9208800.3","NAMOBJ":"Kedungdadi","WADMKC":"Sugio","WADMKK":"Lamongan"},"geometry":{"type":"Point","coordinates":[112.2,-7.2]}},{"type":"Feature","properties":{"Line":"S101","Sp":"2056.5","X":"637425.5","Y":"9208800.3","NAMOBJ":"Kedungdadi","WADMKC":"Sugio","WADMKK":"Lamongan"},"geometry":{"type":"Point","coordinates":[112.2,-7.2]}},{"type":"Feature","properties":{"Line":"S101","Sp":"2100.5","X":"637975.5","Y":"9208800.3","NAMOBJ":"Kedungdadi","WADMKC":"Sugio","WADMKK":"Lamongan"},"geometry":{"type":"Point","coordinates":[112.2,-7.2]}},{"type":"Feature","properties":{"Line":"S101","Sp":"2104.5","X":"638025.5","Y":"9208800.3","NAMOBJ":"Kedungdadi","WADMKC":"Sugio","WADMKK":"Lamongan"},"geometry":{"type":"Point","coordinates":[112.2,-7.2]}},{"type":"Feature","properties":{"Line":"S116","Sp":"2416.5","X":"637300.5","Y":"9209475.3","NAMOBJ":"Kedungdadi","WADMKC":"Sugio","WADMKK":"Lamongan"},"geometry":{"type":"Point","coordinates":[112.2,-7.2]}},{"type":"Feature","properties":{"Line":"S116","Sp":"2420.5","X":"637300.5","Y":"9209425.3","NAMOBJ":"Kedungdadi","WADMKC":"Sugio","WADMKK":"Lamongan"},"geometry":{"type":"Point","coordinates":[112.2,-7.2]}},{"type":"Feature","properties":{"Line":"S116","Sp":"2424.5","X":"637300.5","Y":"9209375.3","NAMOBJ":"Kedungdadi","WADMKC":"Sugio","WADMKK":"Lamongan"},"geometry":{"type":"Point","coordinates":[112.2,-7.2]}},{"type":"Feature","properties":{"Line":"S116","Sp":"2428.5","X":"637300.5","Y":"9209325.3","NAMOBJ":"Kedungdadi","WADMKC":"Sugio","WADMKK":"Lamongan"},"geometry":{"type":"Point","coordinates":[112.2,-7.2]}},{"type":"Feature","properties":{"Line":"S116","Sp":"2432.5","X":"637300.5","Y":"9209275.3","NAMOBJ":"Kedungdadi","WADMKC":"Sugio","WADMKK":"Lamongan"},"geometry":{"type":"Point","coordinates":[112.2,-7.2]}},{"type":"Feature","properties":{"Line":"S116","Sp":"2436.5","X":"637300.5","Y":"9209225.3","NAMOBJ":"Kedungdadi","WADMKC":"Sugio","WADMKK":"Lamongan"},"geometry":{"type":"Point","coordinates":[112.2,-7.2]}},{"type":"Feature","properties":{"Line":"S116","Sp":"2440.5","X":"637300.5","Y":"9209175.3","NAMOBJ":"Kedungdadi","WADMKC":"Sugio","WADMKK":"Lamongan"},"geometry":{"type":"Point","coordinates":[112.2,-7.2]}},{"type":"Feature","properties":{"Line":"S116","Sp":"2444.5","X":"637300.5","Y":"9209125.3","NAMOBJ":"Kedungdadi","WADMKC":"Sugio","WADMKK":"Lamongan"},"geometry":{"type":"Point","coordinates":[112.2,-7.2]}},{"type":"Feature","properties":{"Line":"S116","Sp":"2448.5","X":"637300.5","Y":"9209075.3","NAMOBJ":"Kedungdadi","WADMKC":"Sugio","WADMKK":"Lamongan"},"geometry":{"type":"Point","coordinates":[112.2,-7.2]}},{"type":"Feature","properties":{"Line":"S116","Sp":"2452.5","X":"637300.5","Y":"9209025.3","NAMOBJ":"Kedungdadi","WADMKC":"Sugio","WADMKK":"Lamongan"},"geometry":{"type":"Point","coordinates":[112.2,-7.2]}},{"type":"Feature","properties":{"Line":"S116","Sp":"2456.5","X":"637300.5","Y":"9208975.3","NAMOBJ":"Kedungdadi","WADMKC":"Sugio","WADMKK":"Lamongan"},"geometry":{"type":"Point","coordinates":[112.2,-7.2]}},{"type":"Feature","properties":{"Line":"S116","Sp":"2460.5","X":"637300.5","Y":"9208925.3","NAMOBJ":"Kedungdadi","WADMKC":"Sugio","WADMKK":"Lamongan"},"geometry":{"type":"Point","coordinates":[112.2,-7.2]}},{"type":"Feature","properties":{"Line":"S116","Sp":"2464.5","X":"637300.5","Y":"9208875.3","NAMOBJ":"Kedungdadi","WADMKC":"Sugio","WADMKK":"Lamongan"},"geometry":{"type":"Point","coordinates":[112.2,-7.2]}},{"type":"Feature","properties":{"Line":"S116","Sp":"2468.5","X":"637300.5","Y":"9208825.3","NAMOBJ":"Kedungdadi","WADMKC":"Sugio","WADMKK":"Lamongan"},"geometry":{"type":"Point","coordinates":[112.2,-7.2]}},{"type":"Feature","properties":{"Line":"S116","Sp":"2472.5","X":"637300.5","Y":"9208775.3","NAMOBJ":"Kedungdadi","WADMKC":"Sugio","WADMKK":"Lamongan"},"geometry":{"type":"Point","coordinates":[112.2,-7.2]}},{"type":"Feature","properties":{"Line":"S116","Sp":"2476.5","X":"637300.5","Y":"9208725.3","NAMOBJ":"Kedungdadi","WADMKC":"Sugio","WADMKK":"Lamongan"},"geometry":{"type":"Point","coordinates":[112.2,-7.2]}},{"type":"Feature","properties":{"Line":"S116","Sp":"2480.5","X":"637300.5","Y":"9208675.3","NAMOBJ":"Kedungdadi","WADMKC":"Sugio","WADMKK":"Lamongan"},"geometry":{"type":"Point","coordinates":[112.2,-7.2]}},{"type":"Feature","properties":{"Line":"S116","Sp":"2484.5","X":"637300.5","Y":"9208625.3","NAMOBJ":"Kedungdadi","WADMKC":"Sugio","WADMKK":"Lamongan"},"geometry":{"type":"Point","coordinates":[112.2,-7.2]}},{"type":"Feature","properties":{"Line":"S116","Sp":"2488.5","X":"637300.5","Y":"9208575.3","NAMOBJ":"Kedungdadi","WADMKC":"Sugio","WADMKK":"Lamongan"},"geometry":{"type":"Point","coordinates":[112.2,-7.2]}},{"type":"Feature","properties":{"Line":"S116","Sp":"2492.5","X":"637300.5","Y":"9208525.3","NAMOBJ":"Kedungdadi","WADMKC":"Sugio","WADMKK":"Lamongan"},"geometry":{"type":"Point","coordinates":[112.2,-7.2]}},{"type":"Feature","properties":{"Line":"S116","Sp":"2496.5","X":"637300.5","Y":"9208475.3","NAMOBJ":"Kedungdadi","WADMKC":"Sugio","WADMKK":"Lamongan"},"geometry":{"type":"Point","coordinates":[112.2,-7.2]}},{"type":"Feature","properties":{"Line":"S116","Sp":"2500.5","X":"637300.5","Y":"9208425.3","NAMOBJ":"Kedungdadi","WADMKC":"Sugio","WADMKK":"Lamongan"},"geometry":{"type":"Point","coordinates":[112.2,-7.2]}},{"type":"Feature","properties":{"Line":"S116","Sp":"2504.5","X":"637300.5","Y":"9208375.3","NAMOBJ":"Kedungdadi","WADMKC":"Sugio","WADMKK":"Lamongan"},"geometry":{"type":"Point","coordinates":[112.2,-7.2]}},{"type":"Feature","properties":{"Line":"S116","Sp":"2508.5","X":"637300.5","Y":"9208325.3","NAMOBJ":"Kedungdadi","WADMKC":"Sugio","WADMKK":"Lamongan"},"geometry":{"type":"Point","coordinates":[112.2,-7.2]}},{"type":"Feature","properties":{"Line":"S116","Sp":"2512.5","X":"637300.5","Y":"9208275.3","NAMOBJ":"Kedungdadi","WADMKC":"Sugio","WADMKK":"Lamongan"},"geometry":{"type":"Point","coordinates":[112.2,-7.2]}},{"type":"Feature","properties":{"Line":"S116","Sp":"2516.5","X":"637300.5","Y":"9208225.3","NAMOBJ":"Kedungdadi","WADMKC":"Sugio","WADMKK":"Lamongan"},"geometry":{"type":"Point","coordinates":[112.2,-7.2]}},{"type":"Feature","properties":{"Line":"S116","Sp":"2520.5","X":"637300.5","Y":"9208175.3","NAMOBJ":"Kedungdadi","WADMKC":"Sugio","WADMKK":"Lamongan"},"geometry":{"type":"Point","coordinates":[112.2,-7.2]}},{"type":"Feature","properties":{"Line":"S116","Sp":"2524.5","X":"637300.5","Y":"9208125.3","NAMOBJ":"Kedungdadi","WADMKC":"Sugio","WADMKK":"Lamongan"},"geometry":{"type":"Point","coordinates":[112.2,-7.2]}},{"type":"Feature","properties":{"Line":"S116","Sp":"2528.5","X":"637300.5","Y":"9208075.3","NAMOBJ":"Kedungdadi","WADMKC":"Sugio","WADMKK":"Lamongan"},"geometry":{"type":"Point","coordinates":[112.2,-7.2]}},{"type":"Feature","properties":{"Line":"S116","Sp":"2532.5","X":"637300.5","Y":"9208025.3","NAMOBJ":"Kedungdadi","WADMKC":"Sugio","WADMKK":"Lamongan"},"geometry":{"type":"Point","coordinates":[112.2,-7.2]}},{"type":"Feature","properties":{"Line":"S116","Sp":"2536.5","X":"637300.5","Y":"9207975.3","NAMOBJ":"Kedungdadi","WADMKC":"Sugio","WADMKK":"Lamongan"},"geometry":{"type":"Point","coordinates":[112.2,-7.2]}},{"type":"Feature","properties":{"Line":"S106","Sp":"2704.5","X":"632300.5","Y":"9205925.3","NAMOBJ":"Kedungpring","WADMKC":"Kedungpring","WADMKK":"Lamongan"},"geometry":{"type":"Point","coordinates":[112.2,-7.2]}},{"type":"Feature","properties":{"Line":"S106","Sp":"2708.5","X":"632300.5","Y":"9205875.3","NAMOBJ":"Kedungpring","WADMKC":"Kedungpring","WADMKK":"Lamongan"},"geometry":{"type":"Point","coordinates":[112.2,-7.2]}},{"type":"Feature","properties":{"Line":"S106","Sp":"2712.5","X":"632300.5","Y":"9205825.3","NAMOBJ":"Kedungpring","WADMKC":"Kedungpring","WADMKK":"Lamongan"},"geometry":{"type":"Point","coordinates":[112.2,-7.2]}},{"type":"Feature","properties":{"Line":"S106","Sp":"2716.5","X":"632300.5","Y":"9205775.3","NAMOBJ":"Kedungpring","WADMKC":"Kedungpring","WADMKK":"Lamongan"},"geometry":{"type":"Point","coordinates":[112.2,-7.2]}},{"type":"Feature","properties":{"Line":"S106","Sp":"2720.5","X":"632300.5","Y":"9205725.3","NAMOBJ":"Kedungpring","WADMKC":"Kedungpring","WADMKK":"Lamongan"},"geometry":{"type":"Point","coordinates":[112.2,-7.2]}},{"type":"Feature","properties":{"Line":"S106","Sp":"2724.5","X":"632300.5","Y":"9205675.3","NAMOBJ":"Kedungpring","WADMKC":"Kedungpring","WADMKK":"Lamongan"},"geometry":{"type":"Point","coordinates":[112.2,-7.2]}},{"type":"Feature","properties":{"Line":"S106","Sp":"2728.5","X":"632300.5","Y":"9205625.3","NAMOBJ":"Kedungpring","WADMKC":"Kedungpring","WADMKK":"Lamongan"},"geometry":{"type":"Point","coordinates":[112.2,-7.2]}},{"type":"Feature","properties":{"Line":"S101","Sp":"1360.5","X":"628725.5","Y":"9208800.3","NAMOBJ":"Kedungrejo","WADMKC":"Modo","WADMKK":"Lamongan"},"geometry":{"type":"Point","coordinates":[112.2,-7.2]}},{"type":"Feature","properties":{"Line":"S101","Sp":"1364.5","X":"628775.5","Y":"9208800.3","NAMOBJ":"Kedungrejo","WADMKC":"Modo","WADMKK":"Lamongan"},"geometry":{"type":"Point","coordinates":[112.2,-7.2]}},{"type":"Feature","properties":{"Line":"S101","Sp":"1508.5","X":"630575.5","Y":"9208800.3","NAMOBJ":"Kradenanrejo","WADMKC":"Kedungpring","WADMKK":"Lamongan"},"geometry":{"type":"Point","coordinates":[112.2,-7.2]}},{"type":"Feature","properties":{"Line":"S101","Sp":"1512.5","X":"630625.5","Y":"9208800.3","NAMOBJ":"Kradenanrejo","WADMKC":"Kedungpring","WADMKK":"Lamongan"},"geometry":{"type":"Point","coordinates":[112.2,-7.2]}},{"type":"Feature","properties":{"Line":"S102","Sp":"2368.5","X":"630300.5","Y":"9208875.3","NAMOBJ":"Kradenanrejo","WADMKC":"Kedungpring","WADMKK":"Lamongan"},"geometry":{"type":"Point","coordinates":[112.2,-7.2]}},{"type":"Feature","properties":{"Line":"S104","Sp":"2404.5","X":"631300.5","Y":"9209475.3","NAMOBJ":"Kradenanrejo","WADMKC":"Kedungpring","WADMKK":"Lamongan"},"geometry":{"type":"Point","coordinates":[112.2,-7.2]}},{"type":"Feature","properties":{"Line":"S104","Sp":"2408.5","X":"631300.5","Y":"9209425.3","NAMOBJ":"Kradenanrejo","WADMKC":"Kedungpring","WADMKK":"Lamongan"},"geometry":{"type":"Point","coordinates":[112.2,-7.2]}},{"type":"Feature","properties":{"Line":"S104","Sp":"2412.5","X":"631300.5","Y":"9209375.3","NAMOBJ":"Kradenanrejo","WADMKC":"Kedungpring","WADMKK":"Lamongan"},"geometry":{"type":"Point","coordinates":[112.2,-7.2]}},{"type":"Feature","properties":{"Line":"S104","Sp":"2416.5","X":"631300.5","Y":"9209325.3","NAMOBJ":"Kradenanrejo","WADMKC":"Kedungpring","WADMKK":"Lamongan"},"geometry":{"type":"Point","coordinates":[112.2,-7.2]}},{"type":"Feature","properties":{"Line":"S104","Sp":"2420.5","X":"631300.5","Y":"9209275.3","NAMOBJ":"Kradenanrejo","WADMKC":"Kedungpring","WADMKK":"Lamongan"},"geometry":{"type":"Point","coordinates":[112.2,-7.2]}},{"type":"Feature","properties":{"Line":"S104","Sp":"2424.5","X":"631300.5","Y":"9209225.3","NAMOBJ":"Kradenanrejo","WADMKC":"Kedungpring","WADMKK":"Lamongan"},"geometry":{"type":"Point","coordinates":[112.2,-7.2]}},{"type":"Feature","properties":{"Line":"S104","Sp":"2428.5","X":"631300.5","Y":"9209175.3","NAMOBJ":"Kradenanrejo","WADMKC":"Kedungpring","WADMKK":"Lamongan"},"geometry":{"type":"Point","coordinates":[112.2,-7.2]}},{"type":"Feature","properties":{"Line":"S104","Sp":"2432.5","X":"631300.5","Y":"9209125.3","NAMOBJ":"Kradenanrejo","WADMKC":"Kedungpring","WADMKK":"Lamongan"},"geometry":{"type":"Point","coordinates":[112.2,-7.2]}},{"type":"Feature","properties":{"Line":"S101","Sp":"1872.5","X":"635125.5","Y":"9208800.3","NAMOBJ":"Maindu","WADMKC":"Kedungpring","WADMKK":"Lamongan"},"geometry":{"type":"Point","coordinates":[112.2,-7.2]}},{"type":"Feature","properties":{"Line":"S101","Sp":"1876.5","X":"635175.5","Y":"9208800.3","NAMOBJ":"Maindu","WADMKC":"Kedungpring","WADMKK":"Lamongan"},"geometry":{"type":"Point","coordinates":[112.2,-7.2]}},{"type":"Feature","properties":{"Line":"S101","Sp":"1880.5","X":"635225.5","Y":"9208800.3","NAMOBJ":"Maindu","WADMKC":"Kedungpring","WADMKK":"Lamongan"},"geometry":{"type":"Point","coordinates":[112.2,-7.2]}},{"type":"Feature","properties":{"Line":"S101","Sp":"1884.5","X":"635275.5","Y":"9208800.3","NAMOBJ":"Maindu","WADMKC":"Kedungpring","WADMKK":"Lamongan"},"geometry":{"type":"Point","coordinates":[112.2,-7.2]}},{"type":"Feature","properties":{"Line":"S101","Sp":"1888.5","X":"635325.5","Y":"9208800.3","NAMOBJ":"Maindu","WADMKC":"Kedungpring","WADMKK":"Lamongan"},"geometry":{"type":"Point","coordinates":[112.2,-7.2]}},{"type":"Feature","properties":{"Line":"S101","Sp":"1892.5","X":"635375.5","Y":"9208800.3","NAMOBJ":"Maindu","WADMKC":"Kedungpring","WADMKK":"Lamongan"},"geometry":{"type":"Point","coordinates":[112.2,-7.2]}},{"type":"Feature","properties":{"Line":"S101","Sp":"1896.5","X":"635425.5","Y":"9208800.3","NAMOBJ":"Maindu","WADMKC":"Kedungpring","WADMKK":"Lamongan"},"geometry":{"type":"Point","coordinates":[112.2,-7.2]}},{"type":"Feature","properties":{"Line":"S101","Sp":"1900.5","X":"635475.5","Y":"9208800.3","NAMOBJ":"Maindu","WADMKC":"Kedungpring","WADMKK":"Lamongan"},"geometry":{"type":"Point","coordinates":[112.2,-7.2]}},{"type":"Feature","properties":{"Line":"S101","Sp":"1904.5","X":"635525.5","Y":"9208800.3","NAMOBJ":"Maindu","WADMKC":"Kedungpring","WADMKK":"Lamongan"},"geometry":{"type":"Point","coordinates":[112.2,-7.2]}},{"type":"Feature","properties":{"Line":"S101","Sp":"1908.5","X":"635575.5","Y":"9208800.3","NAMOBJ":"Maindu","WADMKC":"Kedungpring","WADMKK":"Lamongan"},"geometry":{"type":"Point","coordinates":[112.2,-7.2]}},{"type":"Feature","properties":{"Line":"S101","Sp":"1912.5","X":"635625.5","Y":"9208800.3","NAMOBJ":"Maindu","WADMKC":"Kedungpring","WADMKK":"Lamongan"},"geometry":{"type":"Point","coordinates":[112.2,-7.2]}},{"type":"Feature","properties":{"Line":"S101","Sp":"1916.5","X":"635675.5","Y":"9208800.3","NAMOBJ":"Maindu","WADMKC":"Kedungpring","WADMKK":"Lamongan"},"geometry":{"type":"Point","coordinates":[112.2,-7.2]}},{"type":"Feature","properties":{"Line":"S101","Sp":"1920.5","X":"635725.5","Y":"9208800.3","NAMOBJ":"Maindu","WADMKC":"Kedungpring","WADMKK":"Lamongan"},"geometry":{"type":"Point","coordinates":[112.2,-7.2]}},{"type":"Feature","properties":{"Line":"S101","Sp":"1924.5","X":"635775.5","Y":"9208800.3","NAMOBJ":"Maindu","WADMKC":"Kedungpring","WADMKK":"Lamongan"},"geometry":{"type":"Point","coordinates":[112.2,-7.2]}},{"type":"Feature","properties":{"Line":"S101","Sp":"1928.5","X":"635825.5","Y":"9208800.3","NAMOBJ":"Maindu","WADMKC":"Kedungpring","WADMKK":"Lamongan"},"geometry":{"type":"Point","coordinates":[112.2,-7.2]}},{"type":"Feature","properties":{"Line":"S101","Sp":"1932.5","X":"635875.5","Y":"9208800.3","NAMOBJ":"Maindu","WADMKC":"Kedungpring","WADMKK":"Lamongan"},"geometry":{"type":"Point","coordinates":[112.2,-7.2]}},{"type":"Feature","properties":{"Line":"S101","Sp":"1936.5","X":"635925.5","Y":"9208800.3","NAMOBJ":"Maindu","WADMKC":"Kedungpring","WADMKK":"Lamongan"},"geometry":{"type":"Point","coordinates":[112.2,-7.2]}},{"type":"Feature","properties":{"Line":"S101","Sp":"1940.5","X":"635975.5","Y":"9208800.3","NAMOBJ":"Maindu","WADMKC":"Kedungpring","WADMKK":"Lamongan"},"geometry":{"type":"Point","coordinates":[112.2,-7.2]}},{"type":"Feature","properties":{"Line":"S101","Sp":"1944.5","X":"636025.5","Y":"9208800.3","NAMOBJ":"Maindu","WADMKC":"Kedungpring","WADMKK":"Lamongan"},"geometry":{"type":"Point","coordinates":[112.2,-7.2]}},{"type":"Feature","properties":{"Line":"S101","Sp":"1948.5","X":"636075.5","Y":"9208800.3","NAMOBJ":"Maindu","WADMKC":"Kedungpring","WADMKK":"Lamongan"},"geometry":{"type":"Point","coordinates":[112.2,-7.2]}},{"type":"Feature","properties":{"Line":"S112","Sp":"2404.5","X":"635300.5","Y":"9209475.3","NAMOBJ":"Maindu","WADMKC":"Kedungpring","WADMKK":"Lamongan"},"geometry":{"type":"Point","coordinates":[112.2,-7.2]}},{"type":"Feature","properties":{"Line":"S112","Sp":"2408.5","X":"635300.5","Y":"9209425.3","NAMOBJ":"Maindu","WADMKC":"Kedungpring","WADMKK":"Lamongan"},"geometry":{"type":"Point","coordinates":[112.2,-7.2]}},{"type":"Feature","properties":{"Line":"S112","Sp":"2412.5","X":"635300.5","Y":"9209375.3","NAMOBJ":"Maindu","WADMKC":"Kedungpring","WADMKK":"Lamongan"},"geometry":{"type":"Point","coordinates":[112.2,-7.2]}},{"type":"Feature","properties":{"Line":"S112","Sp":"2416.5","X":"635300.5","Y":"9209325.3","NAMOBJ":"Maindu","WADMKC":"Kedungpring","WADMKK":"Lamongan"},"geometry":{"type":"Point","coordinates":[112.2,-7.2]}},{"type":"Feature","properties":{"Line":"S112","Sp":"2420.5","X":"635300.5","Y":"9209275.3","NAMOBJ":"Maindu","WADMKC":"Kedungpring","WADMKK":"Lamongan"},"geometry":{"type":"Point","coordinates":[112.2,-7.2]}},{"type":"Feature","properties":{"Line":"S112","Sp":"2424.5","X":"635300.5","Y":"9209225.3","NAMOBJ":"Maindu","WADMKC":"Kedungpring","WADMKK":"Lamongan"},"geometry":{"type":"Point","coordinates":[112.2,-7.2]}},{"type":"Feature","properties":{"Line":"S112","Sp":"2428.5","X":"635300.5","Y":"9209175.3","NAMOBJ":"Maindu","WADMKC":"Kedungpring","WADMKK":"Lamongan"},"geometry":{"type":"Point","coordinates":[112.2,-7.2]}},{"type":"Feature","properties":{"Line":"S112","Sp":"2432.5","X":"635300.5","Y":"9209125.3","NAMOBJ":"Maindu","WADMKC":"Kedungpring","WADMKK":"Lamongan"},"geometry":{"type":"Point","coordinates":[112.2,-7.2]}},{"type":"Feature","properties":{"Line":"S112","Sp":"2436.5","X":"635300.5","Y":"9209075.3","NAMOBJ":"Maindu","WADMKC":"Kedungpring","WADMKK":"Lamongan"},"geometry":{"type":"Point","coordinates":[112.2,-7.2]}},{"type":"Feature","properties":{"Line":"S112","Sp":"2440.5","X":"635300.5","Y":"9209025.3","NAMOBJ":"Maindu","WADMKC":"Kedungpring","WADMKK":"Lamongan"},"geometry":{"type":"Point","coordinates":[112.2,-7.2]}},{"type":"Feature","properties":{"Line":"S112","Sp":"2444.5","X":"635300.5","Y":"9208975.3","NAMOBJ":"Maindu","WADMKC":"Kedungpring","WADMKK":"Lamongan"},"geometry":{"type":"Point","coordinates":[112.2,-7.2]}},{"type":"Feature","properties":{"Line":"S112","Sp":"2448.5","X":"635300.5","Y":"9208925.3","NAMOBJ":"Maindu","WADMKC":"Kedungpring","WADMKK":"Lamongan"},"geometry":{"type":"Point","coordinates":[112.2,-7.2]}},{"type":"Feature","properties":{"Line":"S112","Sp":"2452.5","X":"635300.5","Y":"9208875.3","NAMOBJ":"Maindu","WADMKC":"Kedungpring","WADMKK":"Lamongan"},"geometry":{"type":"Point","coordinates":[112.2,-7.2]}},{"type":"Feature","properties":{"Line":"S112","Sp":"2456.5","X":"635300.5","Y":"9208825.3","NAMOBJ":"Maindu","WADMKC":"Kedungpring","WADMKK":"Lamongan"},"geometry":{"type":"Point","coordinates":[112.2,-7.2]}},{"type":"Feature","properties":{"Line":"S112","Sp":"2460.5","X":"635300.5","Y":"9208775.3","NAMOBJ":"Maindu","WADMKC":"Kedungpring","WADMKK":"Lamongan"},"geometry":{"type":"Point","coordinates":[112.2,-7.2]}},{"type":"Feature","properties":{"Line":"S112","Sp":"2464.5","X":"635300.5","Y":"9208725.3","NAMOBJ":"Maindu","WADMKC":"Kedungpring","WADMKK":"Lamongan"},"geometry":{"type":"Point","coordinates":[112.2,-7.2]}},{"type":"Feature","properties":{"Line":"S112","Sp":"2468.5","X":"635300.5","Y":"9208675.3","NAMOBJ":"Maindu","WADMKC":"Kedungpring","WADMKK":"Lamongan"},"geometry":{"type":"Point","coordinates":[112.2,-7.2]}},{"type":"Feature","properties":{"Line":"S112","Sp":"2472.5","X":"635300.5","Y":"9208625.3","NAMOBJ":"Maindu","WADMKC":"Kedungpring","WADMKK":"Lamongan"},"geometry":{"type":"Point","coordinates":[112.2,-7.2]}},{"type":"Feature","properties":{"Line":"S112","Sp":"2476.5","X":"635300.5","Y":"9208575.3","NAMOBJ":"Maindu","WADMKC":"Kedungpring","WADMKK":"Lamongan"},"geometry":{"type":"Point","coordinates":[112.2,-7.2]}},{"type":"Feature","properties":{"Line":"S112","Sp":"2480.5","X":"635300.5","Y":"9208525.3","NAMOBJ":"Maindu","WADMKC":"Kedungpring","WADMKK":"Lamongan"},"geometry":{"type":"Point","coordinates":[112.2,-7.2]}},{"type":"Feature","properties":{"Line":"S112","Sp":"2484.5","X":"635300.5","Y":"9208475.3","NAMOBJ":"Maindu","WADMKC":"Kedungpring","WADMKK":"Lamongan"},"geometry":{"type":"Point","coordinates":[112.2,-7.2]}},{"type":"Feature","properties":{"Line":"S112","Sp":"2488.5","X":"635300.5","Y":"9208425.3","NAMOBJ":"Maindu","WADMKC":"Kedungpring","WADMKK":"Lamongan"},"geometry":{"type":"Point","coordinates":[112.2,-7.2]}},{"type":"Feature","properties":{"Line":"S112","Sp":"2492.5","X":"635300.5","Y":"9208375.3","NAMOBJ":"Maindu","WADMKC":"Kedungpring","WADMKK":"Lamongan"},"geometry":{"type":"Point","coordinates":[112.2,-7.2]}},{"type":"Feature","properties":{"Line":"S112","Sp":"2496.5","X":"635300.5","Y":"9208325.3","NAMOBJ":"Maindu","WADMKC":"Kedungpring","WADMKK":"Lamongan"},"geometry":{"type":"Point","coordinates":[112.2,-7.2]}},{"type":"Feature","properties":{"Line":"S112","Sp":"2500.5","X":"635300.5","Y":"9208275.3","NAMOBJ":"Maindu","WADMKC":"Kedungpring","WADMKK":"Lamongan"},"geometry":{"type":"Point","coordinates":[112.2,-7.2]}},{"type":"Feature","properties":{"Line":"S112","Sp":"2504.5","X":"635300.5","Y":"9208225.3","NAMOBJ":"Maindu","WADMKC":"Kedungpring","WADMKK":"Lamongan"},"geometry":{"type":"Point","coordinates":[112.2,-7.2]}},{"type":"Feature","properties":{"Line":"S112","Sp":"2508.5","X":"635300.5","Y":"9208175.3","NAMOBJ":"Maindu","WADMKC":"Kedungpring","WADMKK":"Lamongan"},"geometry":{"type":"Point","coordinates":[112.2,-7.2]}},{"type":"Feature","properties":{"Line":"S112","Sp":"2512.5","X":"635300.5","Y":"9208125.3","NAMOBJ":"Maindu","WADMKC":"Kedungpring","WADMKK":"Lamongan"},"geometry":{"type":"Point","coordinates":[112.2,-7.2]}},{"type":"Feature","properties":{"Line":"S110","Sp":"2680.5","X":"634300.5","Y":"9206325.3","NAMOBJ":"Majenang","WADMKC":"Kedungpring","WADMKK":"Lamongan"},"geometry":{"type":"Point","coordinates":[112.2,-7.2]}},{"type":"Feature","properties":{"Line":"S110","Sp":"2684.5","X":"634300.5","Y":"9206275.3","NAMOBJ":"Majenang","WADMKC":"Kedungpring","WADMKK":"Lamongan"},"geometry":{"type":"Point","coordinates":[112.2,-7.2]}},{"type":"Feature","properties":{"Line":"S110","Sp":"2688.5","X":"634300.5","Y":"9206225.3","NAMOBJ":"Majenang","WADMKC":"Kedungpring","WADMKK":"Lamongan"},"geometry":{"type":"Point","coordinates":[112.2,-7.2]}},{"type":"Feature","properties":{"Line":"S110","Sp":"2692.5","X":"634300.5","Y":"9206175.3","NAMOBJ":"Majenang","WADMKC":"Kedungpring","WADMKK":"Lamongan"},"geometry":{"type":"Point","coordinates":[112.2,-7.2]}},{"type":"Feature","properties":{"Line":"S110","Sp":"2696.5","X":"634300.5","Y":"9206125.3","NAMOBJ":"Majenang","WADMKC":"Kedungpring","WADMKK":"Lamongan"},"geometry":{"type":"Point","coordinates":[112.2,-7.2]}},{"type":"Feature","properties":{"Line":"S110","Sp":"2700.5","X":"634300.5","Y":"9206075.3","NAMOBJ":"Majenang","WADMKC":"Kedungpring","WADMKK":"Lamongan"},"geometry":{"type":"Point","coordinates":[112.2,-7.2]}},{"type":"Feature","properties":{"Line":"S110","Sp":"2704.5","X":"634300.5","Y":"9206025.3","NAMOBJ":"Majenang","WADMKC":"Kedungpring","WADMKK":"Lamongan"},"geometry":{"type":"Point","coordinates":[112.2,-7.2]}},{"type":"Feature","properties":{"Line":"S110","Sp":"2708.5","X":"634300.5","Y":"9205975.3","NAMOBJ":"Majenang","WADMKC":"Kedungpring","WADMKK":"Lamongan"},"geometry":{"type":"Point","coordinates":[112.2,-7.2]}},{"type":"Feature","properties":{"Line":"S110","Sp":"2712.5","X":"634300.5","Y":"9205925.3","NAMOBJ":"Majenang","WADMKC":"Kedungpring","WADMKK":"Lamongan"},"geometry":{"type":"Point","coordinates":[112.2,-7.2]}},{"type":"Feature","properties":{"Line":"S110","Sp":"2716.5","X":"634300.5","Y":"9205875.3","NAMOBJ":"Majenang","WADMKC":"Kedungpring","WADMKK":"Lamongan"},"geometry":{"type":"Point","coordinates":[112.2,-7.2]}},{"type":"Feature","properties":{"Line":"S110","Sp":"2720.5","X":"634300.5","Y":"9205825.3","NAMOBJ":"Majenang","WADMKC":"Kedungpring","WADMKK":"Lamongan"},"geometry":{"type":"Point","coordinates":[112.2,-7.2]}},{"type":"Feature","properties":{"Line":"S110","Sp":"2724.5","X":"634300.5","Y":"9205775.3","NAMOBJ":"Majenang","WADMKC":"Kedungpring","WADMKK":"Lamongan"},"geometry":{"type":"Point","coordinates":[112.2,-7.2]}},{"type":"Feature","properties":{"Line":"S110","Sp":"2728.5","X":"634300.5","Y":"9205725.3","NAMOBJ":"Majenang","WADMKC":"Kedungpring","WADMKK":"Lamongan"},"geometry":{"type":"Point","coordinates":[112.2,-7.2]}},{"type":"Feature","properties":{"Line":"S110","Sp":"2732.5","X":"634300.5","Y":"9205675.3","NAMOBJ":"Majenang","WADMKC":"Kedungpring","WADMKK":"Lamongan"},"geometry":{"type":"Point","coordinates":[112.2,-7.2]}},{"type":"Feature","properties":{"Line":"S110","Sp":"2736.5","X":"634300.5","Y":"9205625.3","NAMOBJ":"Majenang","WADMKC":"Kedungpring","WADMKK":"Lamongan"},"geometry":{"type":"Point","coordinates":[112.2,-7.2]}},{"type":"Feature","properties":{"Line":"S110","Sp":"2740.5","X":"634300.5","Y":"9205575.3","NAMOBJ":"Majenang","WADMKC":"Kedungpring","WADMKK":"Lamongan"},"geometry":{"type":"Point","coordinates":[112.2,-7.2]}},{"type":"Feature","properties":{"Line":"S110","Sp":"2744.5","X":"634300.5","Y":"9205525.3","NAMOBJ":"Majenang","WADMKC":"Kedungpring","WADMKK":"Lamongan"},"geometry":{"type":"Point","coordinates":[112.2,-7.2]}},{"type":"Feature","properties":{"Line":"S110","Sp":"2748.5","X":"634300.5","Y":"9205475.3","NAMOBJ":"Majenang","WADMKC":"Kedungpring","WADMKK":"Lamongan"},"geometry":{"type":"Point","coordinates":[112.2,-7.2]}},{"type":"Feature","properties":{"Line":"S110","Sp":"2752.5","X":"634300.5","Y":"9205425.3","NAMOBJ":"Majenang","WADMKC":"Kedungpring","WADMKK":"Lamongan"},"geometry":{"type":"Point","coordinates":[112.2,-7.2]}},{"type":"Feature","properties":{"Line":"S112","Sp":"2600.5","X":"635300.5","Y":"9207025.3","NAMOBJ":"Majenang","WADMKC":"Kedungpring","WADMKK":"Lamongan"},"geometry":{"type":"Point","coordinates":[112.2,-7.2]}},{"type":"Feature","properties":{"Line":"S112","Sp":"2604.5","X":"635300.5","Y":"9206975.3","NAMOBJ":"Majenang","WADMKC":"Kedungpring","WADMKK":"Lamongan"},"geometry":{"type":"Point","coordinates":[112.2,-7.2]}},{"type":"Feature","properties":{"Line":"S112","Sp":"2608.5","X":"635300.5","Y":"9206925.3","NAMOBJ":"Majenang","WADMKC":"Kedungpring","WADMKK":"Lamongan"},"geometry":{"type":"Point","coordinates":[112.2,-7.2]}},{"type":"Feature","properties":{"Line":"S112","Sp":"2612.5","X":"635300.5","Y":"9206875.3","NAMOBJ":"Majenang","WADMKC":"Kedungpring","WADMKK":"Lamongan"},"geometry":{"type":"Point","coordinates":[112.2,-7.2]}},{"type":"Feature","properties":{"Line":"S112","Sp":"2616.5","X":"635300.5","Y":"9206825.3","NAMOBJ":"Majenang","WADMKC":"Kedungpring","WADMKK":"Lamongan"},"geometry":{"type":"Point","coordinates":[112.2,-7.2]}},{"type":"Feature","properties":{"Line":"S112","Sp":"2620.5","X":"635300.5","Y":"9206775.3","NAMOBJ":"Majenang","WADMKC":"Kedungpring","WADMKK":"Lamongan"},"geometry":{"type":"Point","coordinates":[112.2,-7.2]}},{"type":"Feature","properties":{"Line":"S112","Sp":"2624.5","X":"635300.5","Y":"9206725.3","NAMOBJ":"Majenang","WADMKC":"Kedungpring","WADMKK":"Lamongan"},"geometry":{"type":"Point","coordinates":[112.2,-7.2]}},{"type":"Feature","properties":{"Line":"S112","Sp":"2628.5","X":"635300.5","Y":"9206675.3","NAMOBJ":"Majenang","WADMKC":"Kedungpring","WADMKK":"Lamongan"},"geometry":{"type":"Point","coordinates":[112.2,-7.2]}},{"type":"Feature","properties":{"Line":"S112","Sp":"2632.5","X":"635300.5","Y":"9206625.3","NAMOBJ":"Majenang","WADMKC":"Kedungpring","WADMKK":"Lamongan"},"geometry":{"type":"Point","coordinates":[112.2,-7.2]}},{"type":"Feature","properties":{"Line":"S112","Sp":"2636.5","X":"635300.5","Y":"9206575.3","NAMOBJ":"Majenang","WADMKC":"Kedungpring","WADMKK":"Lamongan"},"geometry":{"type":"Point","coordinates":[112.2,-7.2]}},{"type":"Feature","properties":{"Line":"S112","Sp":"2640.5","X":"635300.5","Y":"9206525.3","NAMOBJ":"Majenang","WADMKC":"Kedungpring","WADMKK":"Lamongan"},"geometry":{"type":"Point","coordinates":[112.2,-7.2]}},{"type":"Feature","properties":{"Line":"S112","Sp":"2644.5","X":"635300.5","Y":"9206475.3","NAMOBJ":"Majenang","WADMKC":"Kedungpring","WADMKK":"Lamongan"},"geometry":{"type":"Point","coordinates":[112.2,-7.2]}},{"type":"Feature","properties":{"Line":"S112","Sp":"2648.5","X":"635300.5","Y":"9206425.3","NAMOBJ":"Majenang","WADMKC":"Kedungpring","WADMKK":"Lamongan"},"geometry":{"type":"Point","coordinates":[112.2,-7.2]}},{"type":"Feature","properties":{"Line":"S112","Sp":"2652.5","X":"635300.5","Y":"9206375.3","NAMOBJ":"Majenang","WADMKC":"Kedungpring","WADMKK":"Lamongan"},"geometry":{"type":"Point","coordinates":[112.2,-7.2]}},{"type":"Feature","properties":{"Line":"S112","Sp":"2656.5","X":"635300.5","Y":"9206325.3","NAMOBJ":"Majenang","WADMKC":"Kedungpring","WADMKK":"Lamongan"},"geometry":{"type":"Point","coordinates":[112.2,-7.2]}},{"type":"Feature","properties":{"Line":"S112","Sp":"2660.5","X":"635300.5","Y":"9206275.3","NAMOBJ":"Majenang","WADMKC":"Kedungpring","WADMKK":"Lamongan"},"geometry":{"type":"Point","coordinates":[112.2,-7.2]}},{"type":"Feature","properties":{"Line":"S112","Sp":"2664.5","X":"635300.5","Y":"9206225.3","NAMOBJ":"Majenang","WADMKC":"Kedungpring","WADMKK":"Lamongan"},"geometry":{"type":"Point","coordinates":[112.2,-7.2]}},{"type":"Feature","properties":{"Line":"S112","Sp":"2668.5","X":"635300.5","Y":"9206175.3","NAMOBJ":"Majenang","WADMKC":"Kedungpring","WADMKK":"Lamongan"},"geometry":{"type":"Point","coordinates":[112.2,-7.2]}},{"type":"Feature","properties":{"Line":"S112","Sp":"2672.5","X":"635300.5","Y":"9206125.3","NAMOBJ":"Majenang","WADMKC":"Kedungpring","WADMKK":"Lamongan"},"geometry":{"type":"Point","coordinates":[112.2,-7.2]}},{"type":"Feature","properties":{"Line":"S112","Sp":"2676.5","X":"635300.5","Y":"9206075.3","NAMOBJ":"Majenang","WADMKC":"Kedungpring","WADMKK":"Lamongan"},"geometry":{"type":"Point","coordinates":[112.2,-7.2]}},{"type":"Feature","properties":{"Line":"S112","Sp":"2680.5","X":"635300.5","Y":"9206025.3","NAMOBJ":"Majenang","WADMKC":"Kedungpring","WADMKK":"Lamongan"},"geometry":{"type":"Point","coordinates":[112.2,-7.2]}},{"type":"Feature","properties":{"Line":"S112","Sp":"2684.5","X":"635300.5","Y":"9205975.3","NAMOBJ":"Majenang","WADMKC":"Kedungpring","WADMKK":"Lamongan"},"geometry":{"type":"Point","coordinates":[112.2,-7.2]}},{"type":"Feature","properties":{"Line":"S112","Sp":"2688.5","X":"635300.5","Y":"9205925.3","NAMOBJ":"Majenang","WADMKC":"Kedungpring","WADMKK":"Lamongan"},"geometry":{"type":"Point","coordinates":[112.2,-7.2]}},{"type":"Feature","properties":{"Line":"S112","Sp":"2692.5","X":"635300.5","Y":"9205875.3","NAMOBJ":"Majenang","WADMKC":"Kedungpring","WADMKK":"Lamongan"},"geometry":{"type":"Point","coordinates":[112.2,-7.2]}},{"type":"Feature","properties":{"Line":"S112","Sp":"2696.5","X":"635300.5","Y":"9205825.3","NAMOBJ":"Majenang","WADMKC":"Kedungpring","WADMKK":"Lamongan"},"geometry":{"type":"Point","coordinates":[112.2,-7.2]}},{"type":"Feature","properties":{"Line":"S112","Sp":"2700.5","X":"635300.5","Y":"9205775.3","NAMOBJ":"Majenang","WADMKC":"Kedungpring","WADMKK":"Lamongan"},"geometry":{"type":"Point","coordinates":[112.2,-7.2]}},{"type":"Feature","properties":{"Line":"S112","Sp":"2704.5","X":"635300.5","Y":"9205725.3","NAMOBJ":"Majenang","WADMKC":"Kedungpring","WADMKK":"Lamongan"},"geometry":{"type":"Point","coordinates":[112.2,-7.2]}},{"type":"Feature","properties":{"Line":"S112","Sp":"2708.5","X":"635300.5","Y":"9205675.3","NAMOBJ":"Majenang","WADMKC":"Kedungpring","WADMKK":"Lamongan"},"geometry":{"type":"Point","coordinates":[112.2,-7.2]}},{"type":"Feature","properties":{"Line":"S112","Sp":"2712.5","X":"635300.5","Y":"9205625.3","NAMOBJ":"Majenang","WADMKC":"Kedungpring","WADMKK":"Lamongan"},"geometry":{"type":"Point","coordinates":[112.2,-7.2]}},{"type":"Feature","properties":{"Line":"S112","Sp":"2716.5","X":"635300.5","Y":"9205575.3","NAMOBJ":"Majenang","WADMKC":"Kedungpring","WADMKK":"Lamongan"},"geometry":{"type":"Point","coordinates":[112.2,-7.2]}},{"type":"Feature","properties":{"Line":"S112","Sp":"2720.5","X":"635300.5","Y":"9205525.3","NAMOBJ":"Majenang","WADMKC":"Kedungpring","WADMKK":"Lamongan"},"geometry":{"type":"Point","coordinates":[112.2,-7.2]}},{"type":"Feature","properties":{"Line":"S106","Sp":"2656.5","X":"632300.5","Y":"9206525.3","NAMOBJ":"Mekanderejo","WADMKC":"Kedungpring","WADMKK":"Lamongan"},"geometry":{"type":"Point","coordinates":[112.2,-7.2]}},{"type":"Feature","properties":{"Line":"S106","Sp":"2660.5","X":"632300.5","Y":"9206475.3","NAMOBJ":"Mekanderejo","WADMKC":"Kedungpring","WADMKK":"Lamongan"},"geometry":{"type":"Point","coordinates":[112.2,-7.2]}},{"type":"Feature","properties":{"Line":"S106","Sp":"2664.5","X":"632300.5","Y":"9206425.3","NAMOBJ":"Mekanderejo","WADMKC":"Kedungpring","WADMKK":"Lamongan"},"geometry":{"type":"Point","coordinates":[112.2,-7.2]}},{"type":"Feature","properties":{"Line":"S106","Sp":"2668.5","X":"632300.5","Y":"9206375.3","NAMOBJ":"Mekanderejo","WADMKC":"Kedungpring","WADMKK":"Lamongan"},"geometry":{"type":"Point","coordinates":[112.2,-7.2]}},{"type":"Feature","properties":{"Line":"S106","Sp":"2672.5","X":"632300.5","Y":"9206325.3","NAMOBJ":"Mekanderejo","WADMKC":"Kedungpring","WADMKK":"Lamongan"},"geometry":{"type":"Point","coordinates":[112.2,-7.2]}},{"type":"Feature","properties":{"Line":"S106","Sp":"2676.5","X":"632300.5","Y":"9206275.3","NAMOBJ":"Mekanderejo","WADMKC":"Kedungpring","WADMKK":"Lamongan"},"geometry":{"type":"Point","coordinates":[112.2,-7.2]}},{"type":"Feature","properties":{"Line":"S106","Sp":"2680.5","X":"632300.5","Y":"9206225.3","NAMOBJ":"Mekanderejo","WADMKC":"Kedungpring","WADMKK":"Lamongan"},"geometry":{"type":"Point","coordinates":[112.2,-7.2]}},{"type":"Feature","properties":{"Line":"S106","Sp":"2684.5","X":"632300.5","Y":"9206175.3","NAMOBJ":"Mekanderejo","WADMKC":"Kedungpring","WADMKK":"Lamongan"},"geometry":{"type":"Point","coordinates":[112.2,-7.2]}},{"type":"Feature","properties":{"Line":"S106","Sp":"2688.5","X":"632300.5","Y":"9206125.3","NAMOBJ":"Mekanderejo","WADMKC":"Kedungpring","WADMKK":"Lamongan"},"geometry":{"type":"Point","coordinates":[112.2,-7.2]}},{"type":"Feature","properties":{"Line":"S106","Sp":"2692.5","X":"632300.5","Y":"9206075.3","NAMOBJ":"Mekanderejo","WADMKC":"Kedungpring","WADMKK":"Lamongan"},"geometry":{"type":"Point","coordinates":[112.2,-7.2]}},{"type":"Feature","properties":{"Line":"S106","Sp":"2696.5","X":"632300.5","Y":"9206025.3","NAMOBJ":"Mekanderejo","WADMKC":"Kedungpring","WADMKK":"Lamongan"},"geometry":{"type":"Point","coordinates":[112.2,-7.2]}},{"type":"Feature","properties":{"Line":"S106","Sp":"2700.5","X":"632300.5","Y":"9205975.3","NAMOBJ":"Mekanderejo","WADMKC":"Kedungpring","WADMKK":"Lamongan"},"geometry":{"type":"Point","coordinates":[112.2,-7.2]}},{"type":"Feature","properties":{"Line":"S108","Sp":"2624.5","X":"633300.5","Y":"9206725.3","NAMOBJ":"Mekanderejo","WADMKC":"Kedungpring","WADMKK":"Lamongan"},"geometry":{"type":"Point","coordinates":[112.2,-7.2]}},{"type":"Feature","properties":{"Line":"S108","Sp":"2628.5","X":"633300.5","Y":"9206675.3","NAMOBJ":"Mekanderejo","WADMKC":"Kedungpring","WADMKK":"Lamongan"},"geometry":{"type":"Point","coordinates":[112.2,-7.2]}},{"type":"Feature","properties":{"Line":"S108","Sp":"2632.5","X":"633300.5","Y":"9206625.3","NAMOBJ":"Mekanderejo","WADMKC":"Kedungpring","WADMKK":"Lamongan"},"geometry":{"type":"Point","coordinates":[112.2,-7.2]}},{"type":"Feature","properties":{"Line":"S108","Sp":"2636.5","X":"633300.5","Y":"9206575.3","NAMOBJ":"Mekanderejo","WADMKC":"Kedungpring","WADMKK":"Lamongan"},"geometry":{"type":"Point","coordinates":[112.2,-7.2]}},{"type":"Feature","properties":{"Line":"S108","Sp":"2640.5","X":"633300.5","Y":"9206525.3","NAMOBJ":"Mekanderejo","WADMKC":"Kedungpring","WADMKK":"Lamongan"},"geometry":{"type":"Point","coordinates":[112.2,-7.2]}},{"type":"Feature","properties":{"Line":"S108","Sp":"2644.5","X":"633300.5","Y":"9206475.3","NAMOBJ":"Mekanderejo","WADMKC":"Kedungpring","WADMKK":"Lamongan"},"geometry":{"type":"Point","coordinates":[112.2,-7.2]}},{"type":"Feature","properties":{"Line":"S108","Sp":"2648.5","X":"633300.5","Y":"9206425.3","NAMOBJ":"Mekanderejo","WADMKC":"Kedungpring","WADMKK":"Lamongan"},"geometry":{"type":"Point","coordinates":[112.2,-7.2]}},{"type":"Feature","properties":{"Line":"S108","Sp":"2652.5","X":"633300.5","Y":"9206375.3","NAMOBJ":"Mekanderejo","WADMKC":"Kedungpring","WADMKK":"Lamongan"},"geometry":{"type":"Point","coordinates":[112.2,-7.2]}},{"type":"Feature","properties":{"Line":"S108","Sp":"2656.5","X":"633300.5","Y":"9206325.3","NAMOBJ":"Mekanderejo","WADMKC":"Kedungpring","WADMKK":"Lamongan"},"geometry":{"type":"Point","coordinates":[112.2,-7.2]}},{"type":"Feature","properties":{"Line":"S108","Sp":"2660.5","X":"633300.5","Y":"9206275.3","NAMOBJ":"Mekanderejo","WADMKC":"Kedungpring","WADMKK":"Lamongan"},"geometry":{"type":"Point","coordinates":[112.2,-7.2]}},{"type":"Feature","properties":{"Line":"S108","Sp":"2664.5","X":"633300.5","Y":"9206225.3","NAMOBJ":"Mekanderejo","WADMKC":"Kedungpring","WADMKK":"Lamongan"},"geometry":{"type":"Point","coordinates":[112.2,-7.2]}},{"type":"Feature","properties":{"Line":"S108","Sp":"2668.5","X":"633300.5","Y":"9206175.3","NAMOBJ":"Mekanderejo","WADMKC":"Kedungpring","WADMKK":"Lamongan"},"geometry":{"type":"Point","coordinates":[112.2,-7.2]}},{"type":"Feature","properties":{"Line":"S108","Sp":"2672.5","X":"633300.5","Y":"9206125.3","NAMOBJ":"Mekanderejo","WADMKC":"Kedungpring","WADMKK":"Lamongan"},"geometry":{"type":"Point","coordinates":[112.2,-7.2]}},{"type":"Feature","properties":{"Line":"S108","Sp":"2676.5","X":"633300.5","Y":"9206075.3","NAMOBJ":"Mekanderejo","WADMKC":"Kedungpring","WADMKK":"Lamongan"},"geometry":{"type":"Point","coordinates":[112.2,-7.2]}},{"type":"Feature","properties":{"Line":"S108","Sp":"2680.5","X":"633300.5","Y":"9206025.3","NAMOBJ":"Mekanderejo","WADMKC":"Kedungpring","WADMKK":"Lamongan"},"geometry":{"type":"Point","coordinates":[112.2,-7.2]}},{"type":"Feature","properties":{"Line":"S108","Sp":"2684.5","X":"633300.5","Y":"9205975.3","NAMOBJ":"Mekanderejo","WADMKC":"Kedungpring","WADMKK":"Lamongan"},"geometry":{"type":"Point","coordinates":[112.2,-7.2]}},{"type":"Feature","properties":{"Line":"S108","Sp":"2688.5","X":"633300.5","Y":"9205925.3","NAMOBJ":"Mekanderejo","WADMKC":"Kedungpring","WADMKK":"Lamongan"},"geometry":{"type":"Point","coordinates":[112.2,-7.2]}},{"type":"Feature","properties":{"Line":"S108","Sp":"2692.5","X":"633300.5","Y":"9205875.3","NAMOBJ":"Mekanderejo","WADMKC":"Kedungpring","WADMKK":"Lamongan"},"geometry":{"type":"Point","coordinates":[112.2,-7.2]}},{"type":"Feature","properties":{"Line":"S108","Sp":"2696.5","X":"633300.5","Y":"9205825.3","NAMOBJ":"Mekanderejo","WADMKC":"Kedungpring","WADMKK":"Lamongan"},"geometry":{"type":"Point","coordinates":[112.2,-7.2]}},{"type":"Feature","properties":{"Line":"S108","Sp":"2700.5","X":"633300.5","Y":"9205775.3","NAMOBJ":"Mekanderejo","WADMKC":"Kedungpring","WADMKK":"Lamongan"},"geometry":{"type":"Point","coordinates":[112.2,-7.2]}},{"type":"Feature","properties":{"Line":"S108","Sp":"2704.5","X":"633300.5","Y":"9205725.3","NAMOBJ":"Mekanderejo","WADMKC":"Kedungpring","WADMKK":"Lamongan"},"geometry":{"type":"Point","coordinates":[112.2,-7.2]}},{"type":"Feature","properties":{"Line":"S108","Sp":"2708.5","X":"633300.5","Y":"9205675.3","NAMOBJ":"Mekanderejo","WADMKC":"Kedungpring","WADMKK":"Lamongan"},"geometry":{"type":"Point","coordinates":[112.2,-7.2]}},{"type":"Feature","properties":{"Line":"S108","Sp":"2712.5","X":"633300.5","Y":"9205625.3","NAMOBJ":"Mekanderejo","WADMKC":"Kedungpring","WADMKK":"Lamongan"},"geometry":{"type":"Point","coordinates":[112.2,-7.2]}},{"type":"Feature","properties":{"Line":"S108","Sp":"2716.5","X":"633300.5","Y":"9205575.3","NAMOBJ":"Mekanderejo","WADMKC":"Kedungpring","WADMKK":"Lamongan"},"geometry":{"type":"Point","coordinates":[112.2,-7.2]}},{"type":"Feature","properties":{"Line":"S108","Sp":"2720.5","X":"633300.5","Y":"9205525.3","NAMOBJ":"Mekanderejo","WADMKC":"Kedungpring","WADMKK":"Lamongan"},"geometry":{"type":"Point","coordinates":[112.2,-7.2]}},{"type":"Feature","properties":{"Line":"S108","Sp":"2724.5","X":"633300.5","Y":"9205475.3","NAMOBJ":"Mekanderejo","WADMKC":"Kedungpring","WADMKK":"Lamongan"},"geometry":{"type":"Point","coordinates":[112.2,-7.2]}},{"type":"Feature","properties":{"Line":"S108","Sp":"2728.5","X":"633300.5","Y":"9205425.3","NAMOBJ":"Mekanderejo","WADMKC":"Kedungpring","WADMKK":"Lamongan"},"geometry":{"type":"Point","coordinates":[112.2,-7.2]}},{"type":"Feature","properties":{"Line":"S110","Sp":"2756.5","X":"634300.5","Y":"9205375.3","NAMOBJ":"Mekanderejo","WADMKC":"Kedungpring","WADMKK":"Lamongan"},"geometry":{"type":"Point","coordinates":[112.2,-7.2]}},{"type":"Feature","properties":{"Line":"S110","Sp":"2760.5","X":"634300.5","Y":"9205325.3","NAMOBJ":"Mekanderejo","WADMKC":"Kedungpring","WADMKK":"Lamongan"},"geometry":{"type":"Point","coordinates":[112.2,-7.2]}},{"type":"Feature","properties":{"Line":"S110","Sp":"2764.5","X":"634300.5","Y":"9205275.3","NAMOBJ":"Mekanderejo","WADMKC":"Kedungpring","WADMKK":"Lamongan"},"geometry":{"type":"Point","coordinates":[112.2,-7.2]}},{"type":"Feature","properties":{"Line":"S110","Sp":"2768.5","X":"634300.5","Y":"9205225.3","NAMOBJ":"Mekanderejo","WADMKC":"Kedungpring","WADMKK":"Lamongan"},"geometry":{"type":"Point","coordinates":[112.2,-7.2]}},{"type":"Feature","properties":{"Line":"S110","Sp":"2772.5","X":"634300.5","Y":"9205175.3","NAMOBJ":"Mekanderejo","WADMKC":"Kedungpring","WADMKK":"Lamongan"},"geometry":{"type":"Point","coordinates":[112.2,-7.2]}},{"type":"Feature","properties":{"Line":"S110","Sp":"2776.5","X":"634300.5","Y":"9205125.3","NAMOBJ":"Mekanderejo","WADMKC":"Kedungpring","WADMKK":"Lamongan"},"geometry":{"type":"Point","coordinates":[112.2,-7.2]}},{"type":"Feature","properties":{"Line":"S110","Sp":"2780.5","X":"634300.5","Y":"9205075.3","NAMOBJ":"Mekanderejo","WADMKC":"Kedungpring","WADMKK":"Lamongan"},"geometry":{"type":"Point","coordinates":[112.2,-7.2]}},{"type":"Feature","properties":{"Line":"S110","Sp":"2784.5","X":"634300.5","Y":"9205025.3","NAMOBJ":"Mekanderejo","WADMKC":"Kedungpring","WADMKK":"Lamongan"},"geometry":{"type":"Point","coordinates":[112.2,-7.2]}},{"type":"Feature","properties":{"Line":"S110","Sp":"2788.5","X":"634300.5","Y":"9204975.3","NAMOBJ":"Mekanderejo","WADMKC":"Kedungpring","WADMKK":"Lamongan"},"geometry":{"type":"Point","coordinates":[112.2,-7.2]}},{"type":"Feature","properties":{"Line":"S110","Sp":"2792.5","X":"634300.5","Y":"9204925.3","NAMOBJ":"Mekanderejo","WADMKC":"Kedungpring","WADMKK":"Lamongan"},"geometry":{"type":"Point","coordinates":[112.2,-7.2]}},{"type":"Feature","properties":{"Line":"S110","Sp":"2796.5","X":"634300.5","Y":"9204875.3","NAMOBJ":"Mekanderejo","WADMKC":"Kedungpring","WADMKK":"Lamongan"},"geometry":{"type":"Point","coordinates":[112.2,-7.2]}},{"type":"Feature","properties":{"Line":"S110","Sp":"2800.5","X":"634300.5","Y":"9204825.3","NAMOBJ":"Mekanderejo","WADMKC":"Kedungpring","WADMKK":"Lamongan"},"geometry":{"type":"Point","coordinates":[112.2,-7.2]}},{"type":"Feature","properties":{"Line":"S110","Sp":"2804.5","X":"634300.5","Y":"9204775.3","NAMOBJ":"Mekanderejo","WADMKC":"Kedungpring","WADMKK":"Lamongan"},"geometry":{"type":"Point","coordinates":[112.2,-7.2]}},{"type":"Feature","properties":{"Line":"S110","Sp":"2808.5","X":"634300.5","Y":"9204725.3","NAMOBJ":"Mekanderejo","WADMKC":"Kedungpring","WADMKK":"Lamongan"},"geometry":{"type":"Point","coordinates":[112.2,-7.2]}},{"type":"Feature","properties":{"Line":"S110","Sp":"2812.5","X":"634300.5","Y":"9204675.3","NAMOBJ":"Mekanderejo","WADMKC":"Kedungpring","WADMKK":"Lamongan"},"geometry":{"type":"Point","coordinates":[112.2,-7.2]}},{"type":"Feature","properties":{"Line":"S110","Sp":"2816.5","X":"634300.5","Y":"9204625.3","NAMOBJ":"Mekanderejo","WADMKC":"Kedungpring","WADMKK":"Lamongan"},"geometry":{"type":"Point","coordinates":[112.2,-7.2]}},{"type":"Feature","properties":{"Line":"S110","Sp":"2820.5","X":"634300.5","Y":"9204575.3","NAMOBJ":"Mekanderejo","WADMKC":"Kedungpring","WADMKK":"Lamongan"},"geometry":{"type":"Point","coordinates":[112.2,-7.2]}},{"type":"Feature","properties":{"Line":"S110","Sp":"2824.5","X":"634300.5","Y":"9204525.3","NAMOBJ":"Mekanderejo","WADMKC":"Kedungpring","WADMKK":"Lamongan"},"geometry":{"type":"Point","coordinates":[112.2,-7.2]}},{"type":"Feature","properties":{"Line":"S110","Sp":"2828.5","X":"634300.5","Y":"9204475.3","NAMOBJ":"Mekanderejo","WADMKC":"Kedungpring","WADMKK":"Lamongan"},"geometry":{"type":"Point","coordinates":[112.2,-7.2]}},{"type":"Feature","properties":{"Line":"S110","Sp":"2832.5","X":"634300.5","Y":"9204425.3","NAMOBJ":"Mekanderejo","WADMKC":"Kedungpring","WADMKK":"Lamongan"},"geometry":{"type":"Point","coordinates":[112.2,-7.2]}},{"type":"Feature","properties":{"Line":"S110","Sp":"2836.5","X":"634300.5","Y":"9204375.3","NAMOBJ":"Mekanderejo","WADMKC":"Kedungpring","WADMKK":"Lamongan"},"geometry":{"type":"Point","coordinates":[112.2,-7.2]}},{"type":"Feature","properties":{"Line":"S110","Sp":"2840.5","X":"634300.5","Y":"9204325.3","NAMOBJ":"Mekanderejo","WADMKC":"Kedungpring","WADMKK":"Lamongan"},"geometry":{"type":"Point","coordinates":[112.2,-7.2]}},{"type":"Feature","properties":{"Line":"S110","Sp":"2844.5","X":"634300.5","Y":"9204275.3","NAMOBJ":"Mekanderejo","WADMKC":"Kedungpring","WADMKK":"Lamongan"},"geometry":{"type":"Point","coordinates":[112.2,-7.2]}},{"type":"Feature","properties":{"Line":"S110","Sp":"2848.5","X":"634300.5","Y":"9204225.3","NAMOBJ":"Mekanderejo","WADMKC":"Kedungpring","WADMKK":"Lamongan"},"geometry":{"type":"Point","coordinates":[112.2,-7.2]}},{"type":"Feature","properties":{"Line":"S110","Sp":"2852.5","X":"634300.5","Y":"9204175.3","NAMOBJ":"Mekanderejo","WADMKC":"Kedungpring","WADMKK":"Lamongan"},"geometry":{"type":"Point","coordinates":[112.2,-7.2]}},{"type":"Feature","properties":{"Line":"S110","Sp":"2856.5","X":"634300.5","Y":"9204125.3","NAMOBJ":"Mekanderejo","WADMKC":"Kedungpring","WADMKK":"Lamongan"},"geometry":{"type":"Point","coordinates":[112.2,-7.2]}},{"type":"Feature","properties":{"Line":"S110","Sp":"2860.5","X":"634300.5","Y":"9204075.3","NAMOBJ":"Mekanderejo","WADMKC":"Kedungpring","WADMKK":"Lamongan"},"geometry":{"type":"Point","coordinates":[112.2,-7.2]}},{"type":"Feature","properties":{"Line":"S110","Sp":"2864.5","X":"634300.5","Y":"9204025.3","NAMOBJ":"Mekanderejo","WADMKC":"Kedungpring","WADMKK":"Lamongan"},"geometry":{"type":"Point","coordinates":[112.2,-7.2]}},{"type":"Feature","properties":{"Line":"S110","Sp":"2868.5","X":"634300.5","Y":"9203975.3","NAMOBJ":"Mekanderejo","WADMKC":"Kedungpring","WADMKK":"Lamongan"},"geometry":{"type":"Point","coordinates":[112.2,-7.2]}},{"type":"Feature","properties":{"Line":"S110","Sp":"2872.5","X":"634300.5","Y":"9203925.3","NAMOBJ":"Mekanderejo","WADMKC":"Kedungpring","WADMKK":"Lamongan"},"geometry":{"type":"Point","coordinates":[112.2,-7.2]}},{"type":"Feature","properties":{"Line":"S110","Sp":"2876.5","X":"634300.5","Y":"9203875.3","NAMOBJ":"Mekanderejo","WADMKC":"Kedungpring","WADMKK":"Lamongan"},"geometry":{"type":"Point","coordinates":[112.2,-7.2]}},{"type":"Feature","properties":{"Line":"S110","Sp":"2880.5","X":"634300.5","Y":"9203825.3","NAMOBJ":"Mekanderejo","WADMKC":"Kedungpring","WADMKK":"Lamongan"},"geometry":{"type":"Point","coordinates":[112.2,-7.2]}},{"type":"Feature","properties":{"Line":"S101","Sp":"1368.5","X":"628825.5","Y":"9208800.3","NAMOBJ":"Mojodadi","WADMKC":"Kedungpring","WADMKK":"Lamongan"},"geometry":{"type":"Point","coordinates":[112.2,-7.2]}},{"type":"Feature","properties":{"Line":"S101","Sp":"1372.5","X":"628875.5","Y":"9208800.3","NAMOBJ":"Mojodadi","WADMKC":"Kedungpring","WADMKK":"Lamongan"},"geometry":{"type":"Point","coordinates":[112.2,-7.2]}},{"type":"Feature","properties":{"Line":"S101","Sp":"1376.5","X":"628925.5","Y":"9208800.3","NAMOBJ":"Mojodadi","WADMKC":"Kedungpring","WADMKK":"Lamongan"},"geometry":{"type":"Point","coordinates":[112.2,-7.2]}},{"type":"Feature","properties":{"Line":"S101","Sp":"1380.5","X":"628975.5","Y":"9208800.3","NAMOBJ":"Mojodadi","WADMKC":"Kedungpring","WADMKK":"Lamongan"},"geometry":{"type":"Point","coordinates":[112.2,-7.2]}},{"type":"Feature","properties":{"Line":"S101","Sp":"1384.5","X":"629025.5","Y":"9208800.3","NAMOBJ":"Mojodadi","WADMKC":"Kedungpring","WADMKK":"Lamongan"},"geometry":{"type":"Point","coordinates":[112.2,-7.2]}},{"type":"Feature","properties":{"Line":"S101","Sp":"1388.5","X":"629075.5","Y":"9208800.3","NAMOBJ":"Mojodadi","WADMKC":"Kedungpring","WADMKK":"Lamongan"},"geometry":{"type":"Point","coordinates":[112.2,-7.2]}},{"type":"Feature","properties":{"Line":"S101","Sp":"1392.5","X":"629125.5","Y":"9208800.3","NAMOBJ":"Mojodadi","WADMKC":"Kedungpring","WADMKK":"Lamongan"},"geometry":{"type":"Point","coordinates":[112.2,-7.2]}},{"type":"Feature","properties":{"Line":"S101","Sp":"1396.5","X":"629175.5","Y":"9208800.3","NAMOBJ":"Mojodadi","WADMKC":"Kedungpring","WADMKK":"Lamongan"},"geometry":{"type":"Point","coordinates":[112.2,-7.2]}},{"type":"Feature","properties":{"Line":"S101","Sp":"1400.5","X":"629225.5","Y":"9208800.3","NAMOBJ":"Mojodadi","WADMKC":"Kedungpring","WADMKK":"Lamongan"},"geometry":{"type":"Point","coordinates":[112.2,-7.2]}},{"type":"Feature","properties":{"Line":"S101","Sp":"1404.5","X":"629275.5","Y":"9208800.3","NAMOBJ":"Mojodadi","WADMKC":"Kedungpring","WADMKK":"Lamongan"},"geometry":{"type":"Point","coordinates":[112.2,-7.2]}},{"type":"Feature","properties":{"Line":"S101","Sp":"1408.5","X":"629325.5","Y":"9208800.3","NAMOBJ":"Mojodadi","WADMKC":"Kedungpring","WADMKK":"Lamongan"},"geometry":{"type":"Point","coordinates":[112.2,-7.2]}},{"type":"Feature","properties":{"Line":"S101","Sp":"1412.5","X":"629375.5","Y":"9208800.3","NAMOBJ":"Mojodadi","WADMKC":"Kedungpring","WADMKK":"Lamongan"},"geometry":{"type":"Point","coordinates":[112.2,-7.2]}},{"type":"Feature","properties":{"Line":"S101","Sp":"1416.5","X":"629425.5","Y":"9208800.3","NAMOBJ":"Mojodadi","WADMKC":"Kedungpring","WADMKK":"Lamongan"},"geometry":{"type":"Point","coordinates":[112.2,-7.2]}},{"type":"Feature","properties":{"Line":"S101","Sp":"1420.5","X":"629475.5","Y":"9208800.3","NAMOBJ":"Mojodadi","WADMKC":"Kedungpring","WADMKK":"Lamongan"},"geometry":{"type":"Point","coordinates":[112.2,-7.2]}},{"type":"Feature","properties":{"Line":"S101","Sp":"1424.5","X":"629525.5","Y":"9208800.3","NAMOBJ":"Mojodadi","WADMKC":"Kedungpring","WADMKK":"Lamongan"},"geometry":{"type":"Point","coordinates":[112.2,-7.2]}},{"type":"Feature","properties":{"Line":"S101","Sp":"1428.5","X":"629575.5","Y":"9208800.3","NAMOBJ":"Mojodadi","WADMKC":"Kedungpring","WADMKK":"Lamongan"},"geometry":{"type":"Point","coordinates":[112.2,-7.2]}},{"type":"Feature","properties":{"Line":"S114","Sp":"2644.5","X":"636300.5","Y":"9206475.3","NAMOBJ":"Nglebur","WADMKC":"Kedungpring","WADMKK":"Lamongan"},"geometry":{"type":"Point","coordinates":[112.2,-7.2]}},{"type":"Feature","properties":{"Line":"S114","Sp":"2648.5","X":"636300.5","Y":"9206425.3","NAMOBJ":"Nglebur","WADMKC":"Kedungpring","WADMKK":"Lamongan"},"geometry":{"type":"Point","coordinates":[112.2,-7.2]}},{"type":"Feature","properties":{"Line":"S114","Sp":"2652.5","X":"636300.5","Y":"9206375.3","NAMOBJ":"Nglebur","WADMKC":"Kedungpring","WADMKK":"Lamongan"},"geometry":{"type":"Point","coordinates":[112.2,-7.2]}},{"type":"Feature","properties":{"Line":"S114","Sp":"2656.5","X":"636300.5","Y":"9206325.3","NAMOBJ":"Nglebur","WADMKC":"Kedungpring","WADMKK":"Lamongan"},"geometry":{"type":"Point","coordinates":[112.2,-7.2]}},{"type":"Feature","properties":{"Line":"S114","Sp":"2660.5","X":"636300.5","Y":"9206275.3","NAMOBJ":"Nglebur","WADMKC":"Kedungpring","WADMKK":"Lamongan"},"geometry":{"type":"Point","coordinates":[112.2,-7.2]}},{"type":"Feature","properties":{"Line":"S114","Sp":"2664.5","X":"636300.5","Y":"9206225.3","NAMOBJ":"Nglebur","WADMKC":"Kedungpring","WADMKK":"Lamongan"},"geometry":{"type":"Point","coordinates":[112.2,-7.2]}},{"type":"Feature","properties":{"Line":"S114","Sp":"2668.5","X":"636300.5","Y":"9206175.3","NAMOBJ":"Nglebur","WADMKC":"Kedungpring","WADMKK":"Lamongan"},"geometry":{"type":"Point","coordinates":[112.2,-7.2]}},{"type":"Feature","properties":{"Line":"S114","Sp":"2672.5","X":"636300.5","Y":"9206125.3","NAMOBJ":"Nglebur","WADMKC":"Kedungpring","WADMKK":"Lamongan"},"geometry":{"type":"Point","coordinates":[112.2,-7.2]}},{"type":"Feature","properties":{"Line":"S114","Sp":"2676.5","X":"636300.5","Y":"9206075.3","NAMOBJ":"Nglebur","WADMKC":"Kedungpring","WADMKK":"Lamongan"},"geometry":{"type":"Point","coordinates":[112.2,-7.2]}},{"type":"Feature","properties":{"Line":"S114","Sp":"2680.5","X":"636300.5","Y":"9206025.3","NAMOBJ":"Nglebur","WADMKC":"Kedungpring","WADMKK":"Lamongan"},"geometry":{"type":"Point","coordinates":[112.2,-7.2]}},{"type":"Feature","properties":{"Line":"S114","Sp":"2684.5","X":"636300.5","Y":"9205975.3","NAMOBJ":"Nglebur","WADMKC":"Kedungpring","WADMKK":"Lamongan"},"geometry":{"type":"Point","coordinates":[112.2,-7.2]}},{"type":"Feature","properties":{"Line":"S114","Sp":"2688.5","X":"636300.5","Y":"9205925.3","NAMOBJ":"Nglebur","WADMKC":"Kedungpring","WADMKK":"Lamongan"},"geometry":{"type":"Point","coordinates":[112.2,-7.2]}},{"type":"Feature","properties":{"Line":"S114","Sp":"2692.5","X":"636300.5","Y":"9205875.3","NAMOBJ":"Nglebur","WADMKC":"Kedungpring","WADMKK":"Lamongan"},"geometry":{"type":"Point","coordinates":[112.2,-7.2]}},{"type":"Feature","properties":{"Line":"S114","Sp":"2696.5","X":"636300.5","Y":"9205825.3","NAMOBJ":"Nglebur","WADMKC":"Kedungpring","WADMKK":"Lamongan"},"geometry":{"type":"Point","coordinates":[112.2,-7.2]}},{"type":"Feature","properties":{"Line":"S114","Sp":"2700.5","X":"636300.5","Y":"9205775.3","NAMOBJ":"Nglebur","WADMKC":"Kedungpring","WADMKK":"Lamongan"},"geometry":{"type":"Point","coordinates":[112.2,-7.2]}},{"type":"Feature","properties":{"Line":"S114","Sp":"2704.5","X":"636300.5","Y":"9205725.3","NAMOBJ":"Nglebur","WADMKC":"Kedungpring","WADMKK":"Lamongan"},"geometry":{"type":"Point","coordinates":[112.2,-7.2]}},{"type":"Feature","properties":{"Line":"S114","Sp":"2708.5","X":"636300.5","Y":"9205675.3","NAMOBJ":"Nglebur","WADMKC":"Kedungpring","WADMKK":"Lamongan"},"geometry":{"type":"Point","coordinates":[112.2,-7.2]}},{"type":"Feature","properties":{"Line":"S114","Sp":"2712.5","X":"636300.5","Y":"9205625.3","NAMOBJ":"Nglebur","WADMKC":"Kedungpring","WADMKK":"Lamongan"},"geometry":{"type":"Point","coordinates":[112.2,-7.2]}},{"type":"Feature","properties":{"Line":"S114","Sp":"2716.5","X":"636300.5","Y":"9205575.3","NAMOBJ":"Nglebur","WADMKC":"Kedungpring","WADMKK":"Lamongan"},"geometry":{"type":"Point","coordinates":[112.2,-7.2]}},{"type":"Feature","properties":{"Line":"S114","Sp":"2720.5","X":"636300.5","Y":"9205525.3","NAMOBJ":"Nglebur","WADMKC":"Kedungpring","WADMKK":"Lamongan"},"geometry":{"type":"Point","coordinates":[112.2,-7.2]}},{"type":"Feature","properties":{"Line":"S114","Sp":"2724.5","X":"636300.5","Y":"9205475.3","NAMOBJ":"Nglebur","WADMKC":"Kedungpring","WADMKK":"Lamongan"},"geometry":{"type":"Point","coordinates":[112.2,-7.2]}},{"type":"Feature","properties":{"Line":"S114","Sp":"2728.5","X":"636300.5","Y":"9205425.3","NAMOBJ":"Nglebur","WADMKC":"Kedungpring","WADMKK":"Lamongan"},"geometry":{"type":"Point","coordinates":[112.2,-7.2]}},{"type":"Feature","properties":{"Line":"S110","Sp":"2568.5","X":"634300.5","Y":"9207725.3","NAMOBJ":"Sidobangun","WADMKC":"Kedungpring","WADMKK":"Lamongan"},"geometry":{"type":"Point","coordinates":[112.2,-7.2]}},{"type":"Feature","properties":{"Line":"S110","Sp":"2572.5","X":"634300.5","Y":"9207675.3","NAMOBJ":"Sidobangun","WADMKC":"Kedungpring","WADMKK":"Lamongan"},"geometry":{"type":"Point","coordinates":[112.2,-7.2]}},{"type":"Feature","properties":{"Line":"S110","Sp":"2576.5","X":"634300.5","Y":"9207625.3","NAMOBJ":"Sidobangun","WADMKC":"Kedungpring","WADMKK":"Lamongan"},"geometry":{"type":"Point","coordinates":[112.2,-7.2]}},{"type":"Feature","properties":{"Line":"S110","Sp":"2580.5","X":"634300.5","Y":"9207575.3","NAMOBJ":"Sidobangun","WADMKC":"Kedungpring","WADMKK":"Lamongan"},"geometry":{"type":"Point","coordinates":[112.2,-7.2]}},{"type":"Feature","properties":{"Line":"S110","Sp":"2584.5","X":"634300.5","Y":"9207525.3","NAMOBJ":"Sidobangun","WADMKC":"Kedungpring","WADMKK":"Lamongan"},"geometry":{"type":"Point","coordinates":[112.2,-7.2]}},{"type":"Feature","properties":{"Line":"S110","Sp":"2588.5","X":"634300.5","Y":"9207475.3","NAMOBJ":"Sidobangun","WADMKC":"Kedungpring","WADMKK":"Lamongan"},"geometry":{"type":"Point","coordinates":[112.2,-7.2]}},{"type":"Feature","properties":{"Line":"S110","Sp":"2592.5","X":"634300.5","Y":"9207425.3","NAMOBJ":"Sidobangun","WADMKC":"Kedungpring","WADMKK":"Lamongan"},"geometry":{"type":"Point","coordinates":[112.2,-7.2]}},{"type":"Feature","properties":{"Line":"S110","Sp":"2596.5","X":"634300.5","Y":"9207375.3","NAMOBJ":"Sidobangun","WADMKC":"Kedungpring","WADMKK":"Lamongan"},"geometry":{"type":"Point","coordinates":[112.2,-7.2]}},{"type":"Feature","properties":{"Line":"S110","Sp":"2600.5","X":"634300.5","Y":"9207325.3","NAMOBJ":"Sidobangun","WADMKC":"Kedungpring","WADMKK":"Lamongan"},"geometry":{"type":"Point","coordinates":[112.2,-7.2]}},{"type":"Feature","properties":{"Line":"S110","Sp":"2604.5","X":"634300.5","Y":"9207275.3","NAMOBJ":"Sidobangun","WADMKC":"Kedungpring","WADMKK":"Lamongan"},"geometry":{"type":"Point","coordinates":[112.2,-7.2]}},{"type":"Feature","properties":{"Line":"S110","Sp":"2608.5","X":"634300.5","Y":"9207225.3","NAMOBJ":"Sidobangun","WADMKC":"Kedungpring","WADMKK":"Lamongan"},"geometry":{"type":"Point","coordinates":[112.2,-7.2]}},{"type":"Feature","properties":{"Line":"S110","Sp":"2612.5","X":"634300.5","Y":"9207175.3","NAMOBJ":"Sidobangun","WADMKC":"Kedungpring","WADMKK":"Lamongan"},"geometry":{"type":"Point","coordinates":[112.2,-7.2]}},{"type":"Feature","properties":{"Line":"S110","Sp":"2616.5","X":"634300.5","Y":"9207125.3","NAMOBJ":"Sidobangun","WADMKC":"Kedungpring","WADMKK":"Lamongan"},"geometry":{"type":"Point","coordinates":[112.2,-7.2]}},{"type":"Feature","properties":{"Line":"S110","Sp":"2620.5","X":"634300.5","Y":"9207075.3","NAMOBJ":"Sidobangun","WADMKC":"Kedungpring","WADMKK":"Lamongan"},"geometry":{"type":"Point","coordinates":[112.2,-7.2]}},{"type":"Feature","properties":{"Line":"S101","Sp":"1952.5","X":"636125.5","Y":"9208800.3","NAMOBJ":"Sidobogem","WADMKC":"Sugio","WADMKK":"Lamongan"},"geometry":{"type":"Point","coordinates":[112.2,-7.2]}},{"type":"Feature","properties":{"Line":"S101","Sp":"1956.5","X":"636175.5","Y":"9208800.3","NAMOBJ":"Sidobogem","WADMKC":"Sugio","WADMKK":"Lamongan"},"geometry":{"type":"Point","coordinates":[112.2,-7.2]}},{"type":"Feature","properties":{"Line":"S101","Sp":"1960.5","X":"636225.5","Y":"9208800.3","NAMOBJ":"Sidobogem","WADMKC":"Sugio","WADMKK":"Lamongan"},"geometry":{"type":"Point","coordinates":[112.2,-7.2]}},{"type":"Feature","properties":{"Line":"S101","Sp":"1964.5","X":"636275.5","Y":"9208800.3","NAMOBJ":"Sidobogem","WADMKC":"Sugio","WADMKK":"Lamongan"},"geometry":{"type":"Point","coordinates":[112.2,-7.2]}},{"type":"Feature","properties":{"Line":"S101","Sp":"1968.5","X":"636325.5","Y":"9208800.3","NAMOBJ":"Sidobogem","WADMKC":"Sugio","WADMKK":"Lamongan"},"geometry":{"type":"Point","coordinates":[112.2,-7.2]}},{"type":"Feature","properties":{"Line":"S101","Sp":"1972.5","X":"636375.5","Y":"9208800.3","NAMOBJ":"Sidobogem","WADMKC":"Sugio","WADMKK":"Lamongan"},"geometry":{"type":"Point","coordinates":[112.2,-7.2]}},{"type":"Feature","properties":{"Line":"S101","Sp":"1976.5","X":"636425.5","Y":"9208800.3","NAMOBJ":"Sidobogem","WADMKC":"Sugio","WADMKK":"Lamongan"},"geometry":{"type":"Point","coordinates":[112.2,-7.2]}},{"type":"Feature","properties":{"Line":"S101","Sp":"1980.5","X":"636475.5","Y":"9208800.3","NAMOBJ":"Sidobogem","WADMKC":"Sugio","WADMKK":"Lamongan"},"geometry":{"type":"Point","coordinates":[112.2,-7.2]}},{"type":"Feature","properties":{"Line":"S101","Sp":"1984.5","X":"636525.5","Y":"9208800.3","NAMOBJ":"Sidobogem","WADMKC":"Sugio","WADMKK":"Lamongan"},"geometry":{"type":"Point","coordinates":[112.2,-7.2]}},{"type":"Feature","properties":{"Line":"S101","Sp":"1988.5","X":"636575.5","Y":"9208800.3","NAMOBJ":"Sidobogem","WADMKC":"Sugio","WADMKK":"Lamongan"},"geometry":{"type":"Point","coordinates":[112.2,-7.2]}},{"type":"Feature","properties":{"Line":"S101","Sp":"1992.5","X":"636625.5","Y":"9208800.3","NAMOBJ":"Sidobogem","WADMKC":"Sugio","WADMKK":"Lamongan"},"geometry":{"type":"Point","coordinates":[112.2,-7.2]}},{"type":"Feature","properties":{"Line":"S101","Sp":"1996.5","X":"636675.5","Y":"9208800.3","NAMOBJ":"Sidobogem","WADMKC":"Sugio","WADMKK":"Lamongan"},"geometry":{"type":"Point","coordinates":[112.2,-7.2]}},{"type":"Feature","properties":{"Line":"S101","Sp":"2000.5","X":"636725.5","Y":"9208800.3","NAMOBJ":"Sidobogem","WADMKC":"Sugio","WADMKK":"Lamongan"},"geometry":{"type":"Point","coordinates":[112.2,-7.2]}},{"type":"Feature","properties":{"Line":"S101","Sp":"2004.5","X":"636775.5","Y":"9208800.3","NAMOBJ":"Sidobogem","WADMKC":"Sugio","WADMKK":"Lamongan"},"geometry":{"type":"Point","coordinates":[112.2,-7.2]}},{"type":"Feature","properties":{"Line":"S101","Sp":"2008.5","X":"636825.5","Y":"9208800.3","NAMOBJ":"Sidobogem","WADMKC":"Sugio","WADMKK":"Lamongan"},"geometry":{"type":"Point","coordinates":[112.2,-7.2]}},{"type":"Feature","properties":{"Line":"S101","Sp":"2012.5","X":"636875.5","Y":"9208800.3","NAMOBJ":"Sidobogem","WADMKC":"Sugio","WADMKK":"Lamongan"},"geometry":{"type":"Point","coordinates":[112.2,-7.2]}},{"type":"Feature","properties":{"Line":"S101","Sp":"2016.5","X":"636925.5","Y":"9208800.3","NAMOBJ":"Sidobogem","WADMKC":"Sugio","WADMKK":"Lamongan"},"geometry":{"type":"Point","coordinates":[112.2,-7.2]}},{"type":"Feature","properties":{"Line":"S114","Sp":"2404.5","X":"636300.5","Y":"9209475.3","NAMOBJ":"Sidobogem","WADMKC":"Sugio","WADMKK":"Lamongan"},"geometry":{"type":"Point","coordinates":[112.2,-7.2]}},{"type":"Feature","properties":{"Line":"S114","Sp":"2408.5","X":"636300.5","Y":"9209425.3","NAMOBJ":"Sidobogem","WADMKC":"Sugio","WADMKK":"Lamongan"},"geometry":{"type":"Point","coordinates":[112.2,-7.2]}},{"type":"Feature","properties":{"Line":"S114","Sp":"2412.5","X":"636300.5","Y":"9209375.3","NAMOBJ":"Sidobogem","WADMKC":"Sugio","WADMKK":"Lamongan"},"geometry":{"type":"Point","coordinates":[112.2,-7.2]}},{"type":"Feature","properties":{"Line":"S114","Sp":"2416.5","X":"636300.5","Y":"9209325.3","NAMOBJ":"Sidobogem","WADMKC":"Sugio","WADMKK":"Lamongan"},"geometry":{"type":"Point","coordinates":[112.2,-7.2]}},{"type":"Feature","properties":{"Line":"S114","Sp":"2420.5","X":"636300.5","Y":"9209275.3","NAMOBJ":"Sidobogem","WADMKC":"Sugio","WADMKK":"Lamongan"},"geometry":{"type":"Point","coordinates":[112.2,-7.2]}},{"type":"Feature","properties":{"Line":"S114","Sp":"2424.5","X":"636300.5","Y":"9209225.3","NAMOBJ":"Sidobogem","WADMKC":"Sugio","WADMKK":"Lamongan"},"geometry":{"type":"Point","coordinates":[112.2,-7.2]}},{"type":"Feature","properties":{"Line":"S114","Sp":"2428.5","X":"636300.5","Y":"9209175.3","NAMOBJ":"Sidobogem","WADMKC":"Sugio","WADMKK":"Lamongan"},"geometry":{"type":"Point","coordinates":[112.2,-7.2]}},{"type":"Feature","properties":{"Line":"S114","Sp":"2432.5","X":"636300.5","Y":"9209125.3","NAMOBJ":"Sidobogem","WADMKC":"Sugio","WADMKK":"Lamongan"},"geometry":{"type":"Point","coordinates":[112.2,-7.2]}},{"type":"Feature","properties":{"Line":"S114","Sp":"2436.5","X":"636300.5","Y":"9209075.3","NAMOBJ":"Sidobogem","WADMKC":"Sugio","WADMKK":"Lamongan"},"geometry":{"type":"Point","coordinates":[112.2,-7.2]}},{"type":"Feature","properties":{"Line":"S114","Sp":"2440.5","X":"636300.5","Y":"9209025.3","NAMOBJ":"Sidobogem","WADMKC":"Sugio","WADMKK":"Lamongan"},"geometry":{"type":"Point","coordinates":[112.2,-7.2]}},{"type":"Feature","properties":{"Line":"S114","Sp":"2444.5","X":"636300.5","Y":"9208975.3","NAMOBJ":"Sidobogem","WADMKC":"Sugio","WADMKK":"Lamongan"},"geometry":{"type":"Point","coordinates":[112.2,-7.2]}},{"type":"Feature","properties":{"Line":"S114","Sp":"2448.5","X":"636300.5","Y":"9208925.3","NAMOBJ":"Sidobogem","WADMKC":"Sugio","WADMKK":"Lamongan"},"geometry":{"type":"Point","coordinates":[112.2,-7.2]}},{"type":"Feature","properties":{"Line":"S114","Sp":"2452.5","X":"636300.5","Y":"9208875.3","NAMOBJ":"Sidobogem","WADMKC":"Sugio","WADMKK":"Lamongan"},"geometry":{"type":"Point","coordinates":[112.2,-7.2]}},{"type":"Feature","properties":{"Line":"S114","Sp":"2456.5","X":"636300.5","Y":"9208825.3","NAMOBJ":"Sidobogem","WADMKC":"Sugio","WADMKK":"Lamongan"},"geometry":{"type":"Point","coordinates":[112.2,-7.2]}},{"type":"Feature","properties":{"Line":"S114","Sp":"2460.5","X":"636300.5","Y":"9208775.3","NAMOBJ":"Sidobogem","WADMKC":"Sugio","WADMKK":"Lamongan"},"geometry":{"type":"Point","coordinates":[112.2,-7.2]}},{"type":"Feature","properties":{"Line":"S114","Sp":"2464.5","X":"636300.5","Y":"9208725.3","NAMOBJ":"Sidobogem","WADMKC":"Sugio","WADMKK":"Lamongan"},"geometry":{"type":"Point","coordinates":[112.2,-7.2]}},{"type":"Feature","properties":{"Line":"S114","Sp":"2468.5","X":"636300.5","Y":"9208675.3","NAMOBJ":"Sidobogem","WADMKC":"Sugio","WADMKK":"Lamongan"},"geometry":{"type":"Point","coordinates":[112.2,-7.2]}},{"type":"Feature","properties":{"Line":"S114","Sp":"2472.5","X":"636300.5","Y":"9208625.3","NAMOBJ":"Sidobogem","WADMKC":"Sugio","WADMKK":"Lamongan"},"geometry":{"type":"Point","coordinates":[112.2,-7.2]}},{"type":"Feature","properties":{"Line":"S114","Sp":"2476.5","X":"636300.5","Y":"9208575.3","NAMOBJ":"Sidobogem","WADMKC":"Sugio","WADMKK":"Lamongan"},"geometry":{"type":"Point","coordinates":[112.2,-7.2]}},{"type":"Feature","properties":{"Line":"S114","Sp":"2480.5","X":"636300.5","Y":"9208525.3","NAMOBJ":"Sidobogem","WADMKC":"Sugio","WADMKK":"Lamongan"},"geometry":{"type":"Point","coordinates":[112.2,-7.2]}},{"type":"Feature","properties":{"Line":"S114","Sp":"2484.5","X":"636300.5","Y":"9208475.3","NAMOBJ":"Sidobogem","WADMKC":"Sugio","WADMKK":"Lamongan"},"geometry":{"type":"Point","coordinates":[112.2,-7.2]}},{"type":"Feature","properties":{"Line":"S114","Sp":"2488.5","X":"636300.5","Y":"9208425.3","NAMOBJ":"Sidobogem","WADMKC":"Sugio","WADMKK":"Lamongan"},"geometry":{"type":"Point","coordinates":[112.2,-7.2]}},{"type":"Feature","properties":{"Line":"S114","Sp":"2492.5","X":"636300.5","Y":"9208375.3","NAMOBJ":"Sidobogem","WADMKC":"Sugio","WADMKK":"Lamongan"},"geometry":{"type":"Point","coordinates":[112.2,-7.2]}},{"type":"Feature","properties":{"Line":"S114","Sp":"2496.5","X":"636300.5","Y":"9208325.3","NAMOBJ":"Sidobogem","WADMKC":"Sugio","WADMKK":"Lamongan"},"geometry":{"type":"Point","coordinates":[112.2,-7.2]}},{"type":"Feature","properties":{"Line":"S114","Sp":"2500.5","X":"636300.5","Y":"9208275.3","NAMOBJ":"Sidobogem","WADMKC":"Sugio","WADMKK":"Lamongan"},"geometry":{"type":"Point","coordinates":[112.2,-7.2]}},{"type":"Feature","properties":{"Line":"S114","Sp":"2504.5","X":"636300.5","Y":"9208225.3","NAMOBJ":"Sidobogem","WADMKC":"Sugio","WADMKK":"Lamongan"},"geometry":{"type":"Point","coordinates":[112.2,-7.2]}},{"type":"Feature","properties":{"Line":"S112","Sp":"2532.5","X":"635300.5","Y":"9207875.3","NAMOBJ":"Sidomlangean","WADMKC":"Kedungpring","WADMKK":"Lamongan"},"geometry":{"type":"Point","coordinates":[112.2,-7.2]}},{"type":"Feature","properties":{"Line":"S112","Sp":"2536.5","X":"635300.5","Y":"9207825.3","NAMOBJ":"Sidomlangean","WADMKC":"Kedungpring","WADMKK":"Lamongan"},"geometry":{"type":"Point","coordinates":[112.2,-7.2]}},{"type":"Feature","properties":{"Line":"S112","Sp":"2540.5","X":"635300.5","Y":"9207775.3","NAMOBJ":"Sidomlangean","WADMKC":"Kedungpring","WADMKK":"Lamongan"},"geometry":{"type":"Point","coordinates":[112.2,-7.2]}},{"type":"Feature","properties":{"Line":"S112","Sp":"2544.5","X":"635300.5","Y":"9207725.3","NAMOBJ":"Sidomlangean","WADMKC":"Kedungpring","WADMKK":"Lamongan"},"geometry":{"type":"Point","coordinates":[112.2,-7.2]}},{"type":"Feature","properties":{"Line":"S112","Sp":"2548.5","X":"635300.5","Y":"9207675.3","NAMOBJ":"Sidomlangean","WADMKC":"Kedungpring","WADMKK":"Lamongan"},"geometry":{"type":"Point","coordinates":[112.2,-7.2]}},{"type":"Feature","properties":{"Line":"S112","Sp":"2552.5","X":"635300.5","Y":"9207625.3","NAMOBJ":"Sidomlangean","WADMKC":"Kedungpring","WADMKK":"Lamongan"},"geometry":{"type":"Point","coordinates":[112.2,-7.2]}},{"type":"Feature","properties":{"Line":"S112","Sp":"2556.5","X":"635300.5","Y":"9207575.3","NAMOBJ":"Sidomlangean","WADMKC":"Kedungpring","WADMKK":"Lamongan"},"geometry":{"type":"Point","coordinates":[112.2,-7.2]}},{"type":"Feature","properties":{"Line":"S112","Sp":"2560.5","X":"635300.5","Y":"9207525.3","NAMOBJ":"Sidomlangean","WADMKC":"Kedungpring","WADMKK":"Lamongan"},"geometry":{"type":"Point","coordinates":[112.2,-7.2]}},{"type":"Feature","properties":{"Line":"S112","Sp":"2564.5","X":"635300.5","Y":"9207475.3","NAMOBJ":"Sidomlangean","WADMKC":"Kedungpring","WADMKK":"Lamongan"},"geometry":{"type":"Point","coordinates":[112.2,-7.2]}},{"type":"Feature","properties":{"Line":"S112","Sp":"2568.5","X":"635300.5","Y":"9207425.3","NAMOBJ":"Sidomlangean","WADMKC":"Kedungpring","WADMKK":"Lamongan"},"geometry":{"type":"Point","coordinates":[112.2,-7.2]}},{"type":"Feature","properties":{"Line":"S112","Sp":"2572.5","X":"635300.5","Y":"9207375.3","NAMOBJ":"Sidomlangean","WADMKC":"Kedungpring","WADMKK":"Lamongan"},"geometry":{"type":"Point","coordinates":[112.2,-7.2]}},{"type":"Feature","properties":{"Line":"S112","Sp":"2576.5","X":"635300.5","Y":"9207325.3","NAMOBJ":"Sidomlangean","WADMKC":"Kedungpring","WADMKK":"Lamongan"},"geometry":{"type":"Point","coordinates":[112.2,-7.2]}},{"type":"Feature","properties":{"Line":"S112","Sp":"2580.5","X":"635300.5","Y":"9207275.3","NAMOBJ":"Sidomlangean","WADMKC":"Kedungpring","WADMKK":"Lamongan"},"geometry":{"type":"Point","coordinates":[112.2,-7.2]}},{"type":"Feature","properties":{"Line":"S112","Sp":"2584.5","X":"635300.5","Y":"9207225.3","NAMOBJ":"Sidomlangean","WADMKC":"Kedungpring","WADMKK":"Lamongan"},"geometry":{"type":"Point","coordinates":[112.2,-7.2]}},{"type":"Feature","properties":{"Line":"S112","Sp":"2588.5","X":"635300.5","Y":"9207175.3","NAMOBJ":"Sidomlangean","WADMKC":"Kedungpring","WADMKK":"Lamongan"},"geometry":{"type":"Point","coordinates":[112.2,-7.2]}},{"type":"Feature","properties":{"Line":"S112","Sp":"2592.5","X":"635300.5","Y":"9207125.3","NAMOBJ":"Sidomlangean","WADMKC":"Kedungpring","WADMKK":"Lamongan"},"geometry":{"type":"Point","coordinates":[112.2,-7.2]}},{"type":"Feature","properties":{"Line":"S112","Sp":"2596.5","X":"635300.5","Y":"9207075.3","NAMOBJ":"Sidomlangean","WADMKC":"Kedungpring","WADMKK":"Lamongan"},"geometry":{"type":"Point","coordinates":[112.2,-7.2]}},{"type":"Feature","properties":{"Line":"S114","Sp":"2508.5","X":"636300.5","Y":"9208175.3","NAMOBJ":"Sidomlangean","WADMKC":"Kedungpring","WADMKK":"Lamongan"},"geometry":{"type":"Point","coordinates":[112.2,-7.2]}},{"type":"Feature","properties":{"Line":"S114","Sp":"2512.5","X":"636300.5","Y":"9208125.3","NAMOBJ":"Sidomlangean","WADMKC":"Kedungpring","WADMKK":"Lamongan"},"geometry":{"type":"Point","coordinates":[112.2,-7.2]}},{"type":"Feature","properties":{"Line":"S114","Sp":"2516.5","X":"636300.5","Y":"9208075.3","NAMOBJ":"Sidomlangean","WADMKC":"Kedungpring","WADMKK":"Lamongan"},"geometry":{"type":"Point","coordinates":[112.2,-7.2]}},{"type":"Feature","properties":{"Line":"S114","Sp":"2520.5","X":"636300.5","Y":"9208025.3","NAMOBJ":"Sidomlangean","WADMKC":"Kedungpring","WADMKK":"Lamongan"},"geometry":{"type":"Point","coordinates":[112.2,-7.2]}},{"type":"Feature","properties":{"Line":"S114","Sp":"2524.5","X":"636300.5","Y":"9207975.3","NAMOBJ":"Sidomlangean","WADMKC":"Kedungpring","WADMKK":"Lamongan"},"geometry":{"type":"Point","coordinates":[112.2,-7.2]}},{"type":"Feature","properties":{"Line":"S114","Sp":"2528.5","X":"636300.5","Y":"9207925.3","NAMOBJ":"Sidomlangean","WADMKC":"Kedungpring","WADMKK":"Lamongan"},"geometry":{"type":"Point","coordinates":[112.2,-7.2]}},{"type":"Feature","properties":{"Line":"S114","Sp":"2532.5","X":"636300.5","Y":"9207875.3","NAMOBJ":"Sidomlangean","WADMKC":"Kedungpring","WADMKK":"Lamongan"},"geometry":{"type":"Point","coordinates":[112.2,-7.2]}},{"type":"Feature","properties":{"Line":"S114","Sp":"2536.5","X":"636300.5","Y":"9207825.3","NAMOBJ":"Sidomlangean","WADMKC":"Kedungpring","WADMKK":"Lamongan"},"geometry":{"type":"Point","coordinates":[112.2,-7.2]}},{"type":"Feature","properties":{"Line":"S114","Sp":"2540.5","X":"636300.5","Y":"9207775.3","NAMOBJ":"Sidomlangean","WADMKC":"Kedungpring","WADMKK":"Lamongan"},"geometry":{"type":"Point","coordinates":[112.2,-7.2]}},{"type":"Feature","properties":{"Line":"S114","Sp":"2544.5","X":"636300.5","Y":"9207725.3","NAMOBJ":"Sidomlangean","WADMKC":"Kedungpring","WADMKK":"Lamongan"},"geometry":{"type":"Point","coordinates":[112.2,-7.2]}},{"type":"Feature","properties":{"Line":"S114","Sp":"2548.5","X":"636300.5","Y":"9207675.3","NAMOBJ":"Sidomlangean","WADMKC":"Kedungpring","WADMKK":"Lamongan"},"geometry":{"type":"Point","coordinates":[112.2,-7.2]}},{"type":"Feature","properties":{"Line":"S114","Sp":"2552.5","X":"636300.5","Y":"9207625.3","NAMOBJ":"Sidomlangean","WADMKC":"Kedungpring","WADMKK":"Lamongan"},"geometry":{"type":"Point","coordinates":[112.2,-7.2]}},{"type":"Feature","properties":{"Line":"S114","Sp":"2556.5","X":"636300.5","Y":"9207575.3","NAMOBJ":"Sidomlangean","WADMKC":"Kedungpring","WADMKK":"Lamongan"},"geometry":{"type":"Point","coordinates":[112.2,-7.2]}},{"type":"Feature","properties":{"Line":"S114","Sp":"2560.5","X":"636300.5","Y":"9207525.3","NAMOBJ":"Sidomlangean","WADMKC":"Kedungpring","WADMKK":"Lamongan"},"geometry":{"type":"Point","coordinates":[112.2,-7.2]}},{"type":"Feature","properties":{"Line":"S114","Sp":"2564.5","X":"636300.5","Y":"9207475.3","NAMOBJ":"Sidomlangean","WADMKC":"Kedungpring","WADMKK":"Lamongan"},"geometry":{"type":"Point","coordinates":[112.2,-7.2]}},{"type":"Feature","properties":{"Line":"S114","Sp":"2568.5","X":"636300.5","Y":"9207425.3","NAMOBJ":"Sidomlangean","WADMKC":"Kedungpring","WADMKK":"Lamongan"},"geometry":{"type":"Point","coordinates":[112.2,-7.2]}},{"type":"Feature","properties":{"Line":"S114","Sp":"2572.5","X":"636300.5","Y":"9207375.3","NAMOBJ":"Sidomlangean","WADMKC":"Kedungpring","WADMKK":"Lamongan"},"geometry":{"type":"Point","coordinates":[112.2,-7.2]}},{"type":"Feature","properties":{"Line":"S114","Sp":"2576.5","X":"636300.5","Y":"9207325.3","NAMOBJ":"Sidomlangean","WADMKC":"Kedungpring","WADMKK":"Lamongan"},"geometry":{"type":"Point","coordinates":[112.2,-7.2]}},{"type":"Feature","properties":{"Line":"S114","Sp":"2580.5","X":"636300.5","Y":"9207275.3","NAMOBJ":"Sidomlangean","WADMKC":"Kedungpring","WADMKK":"Lamongan"},"geometry":{"type":"Point","coordinates":[112.2,-7.2]}},{"type":"Feature","properties":{"Line":"S114","Sp":"2584.5","X":"636300.5","Y":"9207225.3","NAMOBJ":"Sidomlangean","WADMKC":"Kedungpring","WADMKK":"Lamongan"},"geometry":{"type":"Point","coordinates":[112.2,-7.2]}},{"type":"Feature","properties":{"Line":"S114","Sp":"2588.5","X":"636300.5","Y":"9207175.3","NAMOBJ":"Sidomlangean","WADMKC":"Kedungpring","WADMKK":"Lamongan"},"geometry":{"type":"Point","coordinates":[112.2,-7.2]}},{"type":"Feature","properties":{"Line":"S114","Sp":"2592.5","X":"636300.5","Y":"9207125.3","NAMOBJ":"Sidomlangean","WADMKC":"Kedungpring","WADMKK":"Lamongan"},"geometry":{"type":"Point","coordinates":[112.2,-7.2]}},{"type":"Feature","properties":{"Line":"S114","Sp":"2596.5","X":"636300.5","Y":"9207075.3","NAMOBJ":"Sidomlangean","WADMKC":"Kedungpring","WADMKK":"Lamongan"},"geometry":{"type":"Point","coordinates":[112.2,-7.2]}},{"type":"Feature","properties":{"Line":"S114","Sp":"2600.5","X":"636300.5","Y":"9207025.3","NAMOBJ":"Sidomlangean","WADMKC":"Kedungpring","WADMKK":"Lamongan"},"geometry":{"type":"Point","coordinates":[112.2,-7.2]}},{"type":"Feature","properties":{"Line":"S114","Sp":"2604.5","X":"636300.5","Y":"9206975.3","NAMOBJ":"Sidomlangean","WADMKC":"Kedungpring","WADMKK":"Lamongan"},"geometry":{"type":"Point","coordinates":[112.2,-7.2]}},{"type":"Feature","properties":{"Line":"S114","Sp":"2608.5","X":"636300.5","Y":"9206925.3","NAMOBJ":"Sidomlangean","WADMKC":"Kedungpring","WADMKK":"Lamongan"},"geometry":{"type":"Point","coordinates":[112.2,-7.2]}},{"type":"Feature","properties":{"Line":"S114","Sp":"2612.5","X":"636300.5","Y":"9206875.3","NAMOBJ":"Sidomlangean","WADMKC":"Kedungpring","WADMKK":"Lamongan"},"geometry":{"type":"Point","coordinates":[112.2,-7.2]}},{"type":"Feature","properties":{"Line":"S114","Sp":"2616.5","X":"636300.5","Y":"9206825.3","NAMOBJ":"Sidomlangean","WADMKC":"Kedungpring","WADMKK":"Lamongan"},"geometry":{"type":"Point","coordinates":[112.2,-7.2]}},{"type":"Feature","properties":{"Line":"S114","Sp":"2620.5","X":"636300.5","Y":"9206775.3","NAMOBJ":"Sidomlangean","WADMKC":"Kedungpring","WADMKK":"Lamongan"},"geometry":{"type":"Point","coordinates":[112.2,-7.2]}},{"type":"Feature","properties":{"Line":"S114","Sp":"2624.5","X":"636300.5","Y":"9206725.3","NAMOBJ":"Sidomlangean","WADMKC":"Kedungpring","WADMKK":"Lamongan"},"geometry":{"type":"Point","coordinates":[112.2,-7.2]}},{"type":"Feature","properties":{"Line":"S114","Sp":"2628.5","X":"636300.5","Y":"9206675.3","NAMOBJ":"Sidomlangean","WADMKC":"Kedungpring","WADMKK":"Lamongan"},"geometry":{"type":"Point","coordinates":[112.2,-7.2]}},{"type":"Feature","properties":{"Line":"S114","Sp":"2632.5","X":"636300.5","Y":"9206625.3","NAMOBJ":"Sidomlangean","WADMKC":"Kedungpring","WADMKK":"Lamongan"},"geometry":{"type":"Point","coordinates":[112.2,-7.2]}},{"type":"Feature","properties":{"Line":"S114","Sp":"2636.5","X":"636300.5","Y":"9206575.3","NAMOBJ":"Sidomlangean","WADMKC":"Kedungpring","WADMKK":"Lamongan"},"geometry":{"type":"Point","coordinates":[112.2,-7.2]}},{"type":"Feature","properties":{"Line":"S114","Sp":"2640.5","X":"636300.5","Y":"9206525.3","NAMOBJ":"Sidomlangean","WADMKC":"Kedungpring","WADMKK":"Lamongan"},"geometry":{"type":"Point","coordinates":[112.2,-7.2]}},{"type":"Feature","properties":{"Line":"S116","Sp":"2540.5","X":"637300.5","Y":"9207925.3","NAMOBJ":"Sidomlangean","WADMKC":"Kedungpring","WADMKK":"Lamongan"},"geometry":{"type":"Point","coordinates":[112.2,-7.2]}},{"type":"Feature","properties":{"Line":"S116","Sp":"2544.5","X":"637300.5","Y":"9207875.3","NAMOBJ":"Sidomlangean","WADMKC":"Kedungpring","WADMKK":"Lamongan"},"geometry":{"type":"Point","coordinates":[112.2,-7.2]}},{"type":"Feature","properties":{"Line":"S116","Sp":"2548.5","X":"637300.5","Y":"9207825.3","NAMOBJ":"Sidomlangean","WADMKC":"Kedungpring","WADMKK":"Lamongan"},"geometry":{"type":"Point","coordinates":[112.2,-7.2]}},{"type":"Feature","properties":{"Line":"S116","Sp":"2552.5","X":"637300.5","Y":"9207775.3","NAMOBJ":"Sidomlangean","WADMKC":"Kedungpring","WADMKK":"Lamongan"},"geometry":{"type":"Point","coordinates":[112.2,-7.2]}},{"type":"Feature","properties":{"Line":"S116","Sp":"2556.5","X":"637300.5","Y":"9207725.3","NAMOBJ":"Sidomlangean","WADMKC":"Kedungpring","WADMKK":"Lamongan"},"geometry":{"type":"Point","coordinates":[112.2,-7.2]}},{"type":"Feature","properties":{"Line":"S116","Sp":"2560.5","X":"637300.5","Y":"9207675.3","NAMOBJ":"Sidomlangean","WADMKC":"Kedungpring","WADMKK":"Lamongan"},"geometry":{"type":"Point","coordinates":[112.2,-7.2]}},{"type":"Feature","properties":{"Line":"S116","Sp":"2564.5","X":"637300.5","Y":"9207625.3","NAMOBJ":"Sidomlangean","WADMKC":"Kedungpring","WADMKK":"Lamongan"},"geometry":{"type":"Point","coordinates":[112.2,-7.2]}},{"type":"Feature","properties":{"Line":"S116","Sp":"2568.5","X":"637300.5","Y":"9207575.3","NAMOBJ":"Sidomlangean","WADMKC":"Kedungpring","WADMKK":"Lamongan"},"geometry":{"type":"Point","coordinates":[112.2,-7.2]}},{"type":"Feature","properties":{"Line":"S116","Sp":"2572.5","X":"637300.5","Y":"9207525.3","NAMOBJ":"Sidomlangean","WADMKC":"Kedungpring","WADMKK":"Lamongan"},"geometry":{"type":"Point","coordinates":[112.2,-7.2]}},{"type":"Feature","properties":{"Line":"S116","Sp":"2720.5","X":"637300.5","Y":"9205675.3","NAMOBJ":"Sidorejo","WADMKC":"Sugio","WADMKK":"Lamongan"},"geometry":{"type":"Point","coordinates":[112.2,-7.2]}},{"type":"Feature","properties":{"Line":"S116","Sp":"2724.5","X":"637300.5","Y":"9205625.3","NAMOBJ":"Sidorejo","WADMKC":"Sugio","WADMKK":"Lamongan"},"geometry":{"type":"Point","coordinates":[112.2,-7.2]}},{"type":"Feature","properties":{"Line":"S116","Sp":"2728.5","X":"637300.5","Y":"9205575.3","NAMOBJ":"Sidorejo","WADMKC":"Sugio","WADMKK":"Lamongan"},"geometry":{"type":"Point","coordinates":[112.2,-7.2]}},{"type":"Feature","properties":{"Line":"S116","Sp":"2732.5","X":"637300.5","Y":"9205525.3","NAMOBJ":"Sidorejo","WADMKC":"Sugio","WADMKK":"Lamongan"},"geometry":{"type":"Point","coordinates":[112.2,-7.2]}},{"type":"Feature","properties":{"Line":"S116","Sp":"2736.5","X":"637300.5","Y":"9205475.3","NAMOBJ":"Sidorejo","WADMKC":"Sugio","WADMKK":"Lamongan"},"geometry":{"type":"Point","coordinates":[112.2,-7.2]}},{"type":"Feature","properties":{"Line":"S101","Sp":"1636.5","X":"632175.5","Y":"9208800.3","NAMOBJ":"Sukomalo","WADMKC":"Kedungpring","WADMKK":"Lamongan"},"geometry":{"type":"Point","coordinates":[112.2,-7.2]}},{"type":"Feature","properties":{"Line":"S101","Sp":"1640.5","X":"632225.5","Y":"9208800.3","NAMOBJ":"Sukomalo","WADMKC":"Kedungpring","WADMKK":"Lamongan"},"geometry":{"type":"Point","coordinates":[112.2,-7.2]}},{"type":"Feature","properties":{"Line":"S101","Sp":"1644.5","X":"632275.5","Y":"9208800.3","NAMOBJ":"Sukomalo","WADMKC":"Kedungpring","WADMKK":"Lamongan"},"geometry":{"type":"Point","coordinates":[112.2,-7.2]}},{"type":"Feature","properties":{"Line":"S101","Sp":"1648.5","X":"632325.5","Y":"9208800.3","NAMOBJ":"Sukomalo","WADMKC":"Kedungpring","WADMKK":"Lamongan"},"geometry":{"type":"Point","coordinates":[112.2,-7.2]}},{"type":"Feature","properties":{"Line":"S101","Sp":"1652.5","X":"632375.5","Y":"9208800.3","NAMOBJ":"Sukomalo","WADMKC":"Kedungpring","WADMKK":"Lamongan"},"geometry":{"type":"Point","coordinates":[112.2,-7.2]}},{"type":"Feature","properties":{"Line":"S101","Sp":"1656.5","X":"632425.5","Y":"9208800.3","NAMOBJ":"Sukomalo","WADMKC":"Kedungpring","WADMKK":"Lamongan"},"geometry":{"type":"Point","coordinates":[112.2,-7.2]}},{"type":"Feature","properties":{"Line":"S101","Sp":"1660.5","X":"632475.5","Y":"9208800.3","NAMOBJ":"Sukomalo","WADMKC":"Kedungpring","WADMKK":"Lamongan"},"geometry":{"type":"Point","coordinates":[112.2,-7.2]}},{"type":"Feature","properties":{"Line":"S101","Sp":"1672.5","X":"632625.5","Y":"9208800.3","NAMOBJ":"Sukomalo","WADMKC":"Kedungpring","WADMKK":"Lamongan"},"geometry":{"type":"Point","coordinates":[112.2,-7.2]}},{"type":"Feature","properties":{"Line":"S101","Sp":"1676.5","X":"632675.5","Y":"9208800.3","NAMOBJ":"Sukomalo","WADMKC":"Kedungpring","WADMKK":"Lamongan"},"geometry":{"type":"Point","coordinates":[112.2,-7.2]}},{"type":"Feature","properties":{"Line":"S101","Sp":"1680.5","X":"632725.5","Y":"9208800.3","NAMOBJ":"Sukomalo","WADMKC":"Kedungpring","WADMKK":"Lamongan"},"geometry":{"type":"Point","coordinates":[112.2,-7.2]}},{"type":"Feature","properties":{"Line":"S101","Sp":"1684.5","X":"632775.5","Y":"9208800.3","NAMOBJ":"Sukomalo","WADMKC":"Kedungpring","WADMKK":"Lamongan"},"geometry":{"type":"Point","coordinates":[112.2,-7.2]}},{"type":"Feature","properties":{"Line":"S101","Sp":"1688.5","X":"632825.5","Y":"9208800.3","NAMOBJ":"Sukomalo","WADMKC":"Kedungpring","WADMKK":"Lamongan"},"geometry":{"type":"Point","coordinates":[112.2,-7.2]}},{"type":"Feature","properties":{"Line":"S101","Sp":"1692.5","X":"632875.5","Y":"9208800.3","NAMOBJ":"Sukomalo","WADMKC":"Kedungpring","WADMKK":"Lamongan"},"geometry":{"type":"Point","coordinates":[112.2,-7.2]}},{"type":"Feature","properties":{"Line":"S101","Sp":"1696.5","X":"632925.5","Y":"9208800.3","NAMOBJ":"Sukomalo","WADMKC":"Kedungpring","WADMKK":"Lamongan"},"geometry":{"type":"Point","coordinates":[112.2,-7.2]}},{"type":"Feature","properties":{"Line":"S101","Sp":"1700.5","X":"632975.5","Y":"9208800.3","NAMOBJ":"Sukomalo","WADMKC":"Kedungpring","WADMKK":"Lamongan"},"geometry":{"type":"Point","coordinates":[112.2,-7.2]}},{"type":"Feature","properties":{"Line":"S101","Sp":"1704.5","X":"633025.5","Y":"9208800.3","NAMOBJ":"Sukomalo","WADMKC":"Kedungpring","WADMKK":"Lamongan"},"geometry":{"type":"Point","coordinates":[112.2,-7.2]}},{"type":"Feature","properties":{"Line":"S101","Sp":"1708.5","X":"633075.5","Y":"9208800.3","NAMOBJ":"Sukomalo","WADMKC":"Kedungpring","WADMKK":"Lamongan"},"geometry":{"type":"Point","coordinates":[112.2,-7.2]}},{"type":"Feature","properties":{"Line":"S101","Sp":"1712.5","X":"633125.5","Y":"9208800.3","NAMOBJ":"Sukomalo","WADMKC":"Kedungpring","WADMKK":"Lamongan"},"geometry":{"type":"Point","coordinates":[112.2,-7.2]}},{"type":"Feature","properties":{"Line":"S101","Sp":"1716.5","X":"633175.5","Y":"9208800.3","NAMOBJ":"Sukomalo","WADMKC":"Kedungpring","WADMKK":"Lamongan"},"geometry":{"type":"Point","coordinates":[112.2,-7.2]}},{"type":"Feature","properties":{"Line":"S101","Sp":"1720.5","X":"633225.5","Y":"9208800.3","NAMOBJ":"Sukomalo","WADMKC":"Kedungpring","WADMKK":"Lamongan"},"geometry":{"type":"Point","coordinates":[112.2,-7.2]}},{"type":"Feature","properties":{"Line":"S101","Sp":"1724.5","X":"633275.5","Y":"9208800.3","NAMOBJ":"Sukomalo","WADMKC":"Kedungpring","WADMKK":"Lamongan"},"geometry":{"type":"Point","coordinates":[112.2,-7.2]}},{"type":"Feature","properties":{"Line":"S101","Sp":"1728.5","X":"633325.5","Y":"9208800.3","NAMOBJ":"Sukomalo","WADMKC":"Kedungpring","WADMKK":"Lamongan"},"geometry":{"type":"Point","coordinates":[112.2,-7.2]}},{"type":"Feature","properties":{"Line":"S101","Sp":"1732.5","X":"633375.5","Y":"9208800.3","NAMOBJ":"Sukomalo","WADMKC":"Kedungpring","WADMKK":"Lamongan"},"geometry":{"type":"Point","coordinates":[112.2,-7.2]}},{"type":"Feature","properties":{"Line":"S101","Sp":"1736.5","X":"633425.5","Y":"9208800.3","NAMOBJ":"Sukomalo","WADMKC":"Kedungpring","WADMKK":"Lamongan"},"geometry":{"type":"Point","coordinates":[112.2,-7.2]}},{"type":"Feature","properties":{"Line":"S101","Sp":"1740.5","X":"633475.5","Y":"9208800.3","NAMOBJ":"Sukomalo","WADMKC":"Kedungpring","WADMKK":"Lamongan"},"geometry":{"type":"Point","coordinates":[112.2,-7.2]}},{"type":"Feature","properties":{"Line":"S101","Sp":"1744.5","X":"633525.5","Y":"9208800.3","NAMOBJ":"Sukomalo","WADMKC":"Kedungpring","WADMKK":"Lamongan"},"geometry":{"type":"Point","coordinates":[112.2,-7.2]}},{"type":"Feature","properties":{"Line":"S101","Sp":"1748.5","X":"633575.5","Y":"9208800.3","NAMOBJ":"Sukomalo","WADMKC":"Kedungpring","WADMKK":"Lamongan"},"geometry":{"type":"Point","coordinates":[112.2,-7.2]}},{"type":"Feature","properties":{"Line":"S101","Sp":"1752.5","X":"633625.5","Y":"9208800.3","NAMOBJ":"Sukomalo","WADMKC":"Kedungpring","WADMKK":"Lamongan"},"geometry":{"type":"Point","coordinates":[112.2,-7.2]}},{"type":"Feature","properties":{"Line":"S106","Sp":"2420.5","X":"632300.5","Y":"9209475.3","NAMOBJ":"Sukomalo","WADMKC":"Kedungpring","WADMKK":"Lamongan"},"geometry":{"type":"Point","coordinates":[112.2,-7.2]}},{"type":"Feature","properties":{"Line":"S106","Sp":"2424.5","X":"632300.5","Y":"9209425.3","NAMOBJ":"Sukomalo","WADMKC":"Kedungpring","WADMKK":"Lamongan"},"geometry":{"type":"Point","coordinates":[112.2,-7.2]}},{"type":"Feature","properties":{"Line":"S106","Sp":"2428.5","X":"632300.5","Y":"9209375.3","NAMOBJ":"Sukomalo","WADMKC":"Kedungpring","WADMKK":"Lamongan"},"geometry":{"type":"Point","coordinates":[112.2,-7.2]}},{"type":"Feature","properties":{"Line":"S106","Sp":"2432.5","X":"632300.5","Y":"9209325.3","NAMOBJ":"Sukomalo","WADMKC":"Kedungpring","WADMKK":"Lamongan"},"geometry":{"type":"Point","coordinates":[112.2,-7.2]}},{"type":"Feature","properties":{"Line":"S106","Sp":"2436.5","X":"632300.5","Y":"9209275.3","NAMOBJ":"Sukomalo","WADMKC":"Kedungpring","WADMKK":"Lamongan"},"geometry":{"type":"Point","coordinates":[112.2,-7.2]}},{"type":"Feature","properties":{"Line":"S106","Sp":"2440.5","X":"632300.5","Y":"9209225.3","NAMOBJ":"Sukomalo","WADMKC":"Kedungpring","WADMKK":"Lamongan"},"geometry":{"type":"Point","coordinates":[112.2,-7.2]}},{"type":"Feature","properties":{"Line":"S106","Sp":"2444.5","X":"632300.5","Y":"9209175.3","NAMOBJ":"Sukomalo","WADMKC":"Kedungpring","WADMKK":"Lamongan"},"geometry":{"type":"Point","coordinates":[112.2,-7.2]}},{"type":"Feature","properties":{"Line":"S106","Sp":"2448.5","X":"632300.5","Y":"9209125.3","NAMOBJ":"Sukomalo","WADMKC":"Kedungpring","WADMKK":"Lamongan"},"geometry":{"type":"Point","coordinates":[112.2,-7.2]}},{"type":"Feature","properties":{"Line":"S106","Sp":"2452.5","X":"632300.5","Y":"9209075.3","NAMOBJ":"Sukomalo","WADMKC":"Kedungpring","WADMKK":"Lamongan"},"geometry":{"type":"Point","coordinates":[112.2,-7.2]}},{"type":"Feature","properties":{"Line":"S106","Sp":"2456.5","X":"632300.5","Y":"9209025.3","NAMOBJ":"Sukomalo","WADMKC":"Kedungpring","WADMKK":"Lamongan"},"geometry":{"type":"Point","coordinates":[112.2,-7.2]}},{"type":"Feature","properties":{"Line":"S106","Sp":"2460.5","X":"632300.5","Y":"9208975.3","NAMOBJ":"Sukomalo","WADMKC":"Kedungpring","WADMKK":"Lamongan"},"geometry":{"type":"Point","coordinates":[112.2,-7.2]}},{"type":"Feature","properties":{"Line":"S106","Sp":"2464.5","X":"632300.5","Y":"9208925.3","NAMOBJ":"Sukomalo","WADMKC":"Kedungpring","WADMKK":"Lamongan"},"geometry":{"type":"Point","coordinates":[112.2,-7.2]}},{"type":"Feature","properties":{"Line":"S106","Sp":"2468.5","X":"632300.5","Y":"9208875.3","NAMOBJ":"Sukomalo","WADMKC":"Kedungpring","WADMKK":"Lamongan"},"geometry":{"type":"Point","coordinates":[112.2,-7.2]}},{"type":"Feature","properties":{"Line":"S106","Sp":"2472.5","X":"632300.5","Y":"9208825.3","NAMOBJ":"Sukomalo","WADMKC":"Kedungpring","WADMKK":"Lamongan"},"geometry":{"type":"Point","coordinates":[112.2,-7.2]}},{"type":"Feature","properties":{"Line":"S106","Sp":"2476.5","X":"632300.5","Y":"9208775.3","NAMOBJ":"Sukomalo","WADMKC":"Kedungpring","WADMKK":"Lamongan"},"geometry":{"type":"Point","coordinates":[112.2,-7.2]}},{"type":"Feature","properties":{"Line":"S106","Sp":"2480.5","X":"632300.5","Y":"9208725.3","NAMOBJ":"Sukomalo","WADMKC":"Kedungpring","WADMKK":"Lamongan"},"geometry":{"type":"Point","coordinates":[112.2,-7.2]}},{"type":"Feature","properties":{"Line":"S106","Sp":"2484.5","X":"632300.5","Y":"9208675.3","NAMOBJ":"Sukomalo","WADMKC":"Kedungpring","WADMKK":"Lamongan"},"geometry":{"type":"Point","coordinates":[112.2,-7.2]}},{"type":"Feature","properties":{"Line":"S106","Sp":"2488.5","X":"632300.5","Y":"9208625.3","NAMOBJ":"Sukomalo","WADMKC":"Kedungpring","WADMKK":"Lamongan"},"geometry":{"type":"Point","coordinates":[112.2,-7.2]}},{"type":"Feature","properties":{"Line":"S106","Sp":"2492.5","X":"632300.5","Y":"9208575.3","NAMOBJ":"Sukomalo","WADMKC":"Kedungpring","WADMKK":"Lamongan"},"geometry":{"type":"Point","coordinates":[112.2,-7.2]}},{"type":"Feature","properties":{"Line":"S106","Sp":"2496.5","X":"632300.5","Y":"9208525.3","NAMOBJ":"Sukomalo","WADMKC":"Kedungpring","WADMKK":"Lamongan"},"geometry":{"type":"Point","coordinates":[112.2,-7.2]}},{"type":"Feature","properties":{"Line":"S106","Sp":"2500.5","X":"632300.5","Y":"9208475.3","NAMOBJ":"Sukomalo","WADMKC":"Kedungpring","WADMKK":"Lamongan"},"geometry":{"type":"Point","coordinates":[112.2,-7.2]}},{"type":"Feature","properties":{"Line":"S108","Sp":"2404.5","X":"633300.5","Y":"9209475.3","NAMOBJ":"Sukomalo","WADMKC":"Kedungpring","WADMKK":"Lamongan"},"geometry":{"type":"Point","coordinates":[112.2,-7.2]}},{"type":"Feature","properties":{"Line":"S108","Sp":"2408.5","X":"633300.5","Y":"9209425.3","NAMOBJ":"Sukomalo","WADMKC":"Kedungpring","WADMKK":"Lamongan"},"geometry":{"type":"Point","coordinates":[112.2,-7.2]}},{"type":"Feature","properties":{"Line":"S108","Sp":"2412.5","X":"633300.5","Y":"9209375.3","NAMOBJ":"Sukomalo","WADMKC":"Kedungpring","WADMKK":"Lamongan"},"geometry":{"type":"Point","coordinates":[112.2,-7.2]}},{"type":"Feature","properties":{"Line":"S108","Sp":"2416.5","X":"633300.5","Y":"9209325.3","NAMOBJ":"Sukomalo","WADMKC":"Kedungpring","WADMKK":"Lamongan"},"geometry":{"type":"Point","coordinates":[112.2,-7.2]}},{"type":"Feature","properties":{"Line":"S108","Sp":"2420.5","X":"633300.5","Y":"9209275.3","NAMOBJ":"Sukomalo","WADMKC":"Kedungpring","WADMKK":"Lamongan"},"geometry":{"type":"Point","coordinates":[112.2,-7.2]}},{"type":"Feature","properties":{"Line":"S108","Sp":"2424.5","X":"633300.5","Y":"9209225.3","NAMOBJ":"Sukomalo","WADMKC":"Kedungpring","WADMKK":"Lamongan"},"geometry":{"type":"Point","coordinates":[112.2,-7.2]}},{"type":"Feature","properties":{"Line":"S108","Sp":"2428.5","X":"633300.5","Y":"9209175.3","NAMOBJ":"Sukomalo","WADMKC":"Kedungpring","WADMKK":"Lamongan"},"geometry":{"type":"Point","coordinates":[112.2,-7.2]}},{"type":"Feature","properties":{"Line":"S108","Sp":"2432.5","X":"633300.5","Y":"9209125.3","NAMOBJ":"Sukomalo","WADMKC":"Kedungpring","WADMKK":"Lamongan"},"geometry":{"type":"Point","coordinates":[112.2,-7.2]}},{"type":"Feature","properties":{"Line":"S108","Sp":"2436.5","X":"633300.5","Y":"9209075.3","NAMOBJ":"Sukomalo","WADMKC":"Kedungpring","WADMKK":"Lamongan"},"geometry":{"type":"Point","coordinates":[112.2,-7.2]}},{"type":"Feature","properties":{"Line":"S108","Sp":"2440.5","X":"633300.5","Y":"9209025.3","NAMOBJ":"Sukomalo","WADMKC":"Kedungpring","WADMKK":"Lamongan"},"geometry":{"type":"Point","coordinates":[112.2,-7.2]}},{"type":"Feature","properties":{"Line":"S108","Sp":"2444.5","X":"633300.5","Y":"9208975.3","NAMOBJ":"Sukomalo","WADMKC":"Kedungpring","WADMKK":"Lamongan"},"geometry":{"type":"Point","coordinates":[112.2,-7.2]}},{"type":"Feature","properties":{"Line":"S108","Sp":"2448.5","X":"633300.5","Y":"9208925.3","NAMOBJ":"Sukomalo","WADMKC":"Kedungpring","WADMKK":"Lamongan"},"geometry":{"type":"Point","coordinates":[112.2,-7.2]}},{"type":"Feature","properties":{"Line":"S108","Sp":"2452.5","X":"633300.5","Y":"9208875.3","NAMOBJ":"Sukomalo","WADMKC":"Kedungpring","WADMKK":"Lamongan"},"geometry":{"type":"Point","coordinates":[112.2,-7.2]}},{"type":"Feature","properties":{"Line":"S108","Sp":"2456.5","X":"633300.5","Y":"9208825.3","NAMOBJ":"Sukomalo","WADMKC":"Kedungpring","WADMKK":"Lamongan"},"geometry":{"type":"Point","coordinates":[112.2,-7.2]}},{"type":"Feature","properties":{"Line":"S108","Sp":"2460.5","X":"633300.5","Y":"9208775.3","NAMOBJ":"Sukomalo","WADMKC":"Kedungpring","WADMKK":"Lamongan"},"geometry":{"type":"Point","coordinates":[112.2,-7.2]}},{"type":"Feature","properties":{"Line":"S108","Sp":"2464.5","X":"633300.5","Y":"9208725.3","NAMOBJ":"Sukomalo","WADMKC":"Kedungpring","WADMKK":"Lamongan"},"geometry":{"type":"Point","coordinates":[112.2,-7.2]}},{"type":"Feature","properties":{"Line":"S108","Sp":"2468.5","X":"633300.5","Y":"9208675.3","NAMOBJ":"Sukomalo","WADMKC":"Kedungpring","WADMKK":"Lamongan"},"geometry":{"type":"Point","coordinates":[112.2,-7.2]}},{"type":"Feature","properties":{"Line":"S101","Sp":"1580.5","X":"631475.5","Y":"9208800.3","NAMOBJ":"Sumengko","WADMKC":"Kedungpring","WADMKK":"Lamongan"},"geometry":{"type":"Point","coordinates":[112.2,-7.2]}},{"type":"Feature","properties":{"Line":"S101","Sp":"1584.5","X":"631525.5","Y":"9208800.3","NAMOBJ":"Sumengko","WADMKC":"Kedungpring","WADMKK":"Lamongan"},"geometry":{"type":"Point","coordinates":[112.2,-7.2]}},{"type":"Feature","properties":{"Line":"S101","Sp":"1588.5","X":"631575.5","Y":"9208800.3","NAMOBJ":"Sumengko","WADMKC":"Kedungpring","WADMKK":"Lamongan"},"geometry":{"type":"Point","coordinates":[112.2,-7.2]}},{"type":"Feature","properties":{"Line":"S101","Sp":"1592.5","X":"631625.5","Y":"9208800.3","NAMOBJ":"Sumengko","WADMKC":"Kedungpring","WADMKK":"Lamongan"},"geometry":{"type":"Point","coordinates":[112.2,-7.2]}},{"type":"Feature","properties":{"Line":"S101","Sp":"1596.5","X":"631675.5","Y":"9208800.3","NAMOBJ":"Sumengko","WADMKC":"Kedungpring","WADMKK":"Lamongan"},"geometry":{"type":"Point","coordinates":[112.2,-7.2]}},{"type":"Feature","properties":{"Line":"S101","Sp":"1600.5","X":"631725.5","Y":"9208800.3","NAMOBJ":"Sumengko","WADMKC":"Kedungpring","WADMKK":"Lamongan"},"geometry":{"type":"Point","coordinates":[112.2,-7.2]}},{"type":"Feature","properties":{"Line":"S101","Sp":"1604.5","X":"631775.5","Y":"9208800.3","NAMOBJ":"Sumengko","WADMKC":"Kedungpring","WADMKK":"Lamongan"},"geometry":{"type":"Point","coordinates":[112.2,-7.2]}},{"type":"Feature","properties":{"Line":"S101","Sp":"1608.5","X":"631825.5","Y":"9208800.3","NAMOBJ":"Sumengko","WADMKC":"Kedungpring","WADMKK":"Lamongan"},"geometry":{"type":"Point","coordinates":[112.2,-7.2]}},{"type":"Feature","properties":{"Line":"S101","Sp":"1612.5","X":"631875.5","Y":"9208800.3","NAMOBJ":"Sumengko","WADMKC":"Kedungpring","WADMKK":"Lamongan"},"geometry":{"type":"Point","coordinates":[112.2,-7.2]}},{"type":"Feature","properties":{"Line":"S101","Sp":"1616.5","X":"631925.5","Y":"9208800.3","NAMOBJ":"Sumengko","WADMKC":"Kedungpring","WADMKK":"Lamongan"},"geometry":{"type":"Point","coordinates":[112.2,-7.2]}},{"type":"Feature","properties":{"Line":"S101","Sp":"1620.5","X":"631975.5","Y":"9208800.3","NAMOBJ":"Sumengko","WADMKC":"Kedungpring","WADMKK":"Lamongan"},"geometry":{"type":"Point","coordinates":[112.2,-7.2]}},{"type":"Feature","properties":{"Line":"S101","Sp":"1624.5","X":"632025.5","Y":"9208800.3","NAMOBJ":"Sumengko","WADMKC":"Kedungpring","WADMKK":"Lamongan"},"geometry":{"type":"Point","coordinates":[112.2,-7.2]}},{"type":"Feature","properties":{"Line":"S101","Sp":"1628.5","X":"632075.5","Y":"9208800.3","NAMOBJ":"Sumengko","WADMKC":"Kedungpring","WADMKK":"Lamongan"},"geometry":{"type":"Point","coordinates":[112.2,-7.2]}},{"type":"Feature","properties":{"Line":"S101","Sp":"1632.5","X":"632125.5","Y":"9208800.3","NAMOBJ":"Sumengko","WADMKC":"Kedungpring","WADMKK":"Lamongan"},"geometry":{"type":"Point","coordinates":[112.2,-7.2]}},{"type":"Feature","properties":{"Line":"S110","Sp":"2884.5","X":"634300.5","Y":"9203775.3","NAMOBJ":"Tenggerejo","WADMKC":"Kedungpring","WADMKK":"Lamongan"},"geometry":{"type":"Point","coordinates":[112.2,-7.2]}},{"type":"Feature","properties":{"Line":"S110","Sp":"2888.5","X":"634300.5","Y":"9203725.3","NAMOBJ":"Tenggerejo","WADMKC":"Kedungpring","WADMKK":"Lamongan"},"geometry":{"type":"Point","coordinates":[112.2,-7.2]}},{"type":"Feature","properties":{"Line":"S110","Sp":"2892.5","X":"634300.5","Y":"9203675.3","NAMOBJ":"Tenggerejo","WADMKC":"Kedungpring","WADMKK":"Lamongan"},"geometry":{"type":"Point","coordinates":[112.2,-7.2]}},{"type":"Feature","properties":{"Line":"S110","Sp":"2896.5","X":"634300.5","Y":"9203625.3","NAMOBJ":"Tenggerejo","WADMKC":"Kedungpring","WADMKK":"Lamongan"},"geometry":{"type":"Point","coordinates":[112.2,-7.2]}},{"type":"Feature","properties":{"Line":"S110","Sp":"2900.5","X":"634300.5","Y":"9203575.3","NAMOBJ":"Tenggerejo","WADMKC":"Kedungpring","WADMKK":"Lamongan"},"geometry":{"type":"Point","coordinates":[112.2,-7.2]}},{"type":"Feature","properties":{"Line":"S110","Sp":"2904.5","X":"634300.5","Y":"9203525.3","NAMOBJ":"Tenggerejo","WADMKC":"Kedungpring","WADMKK":"Lamongan"},"geometry":{"type":"Point","coordinates":[112.2,-7.2]}},{"type":"Feature","properties":{"Line":"S110","Sp":"2908.5","X":"634300.5","Y":"9203475.3","NAMOBJ":"Tenggerejo","WADMKC":"Kedungpring","WADMKK":"Lamongan"},"geometry":{"type":"Point","coordinates":[112.2,-7.2]}},{"type":"Feature","properties":{"Line":"S110","Sp":"2912.5","X":"634300.5","Y":"9203425.3","NAMOBJ":"Tenggerejo","WADMKC":"Kedungpring","WADMKK":"Lamongan"},"geometry":{"type":"Point","coordinates":[112.2,-7.2]}},{"type":"Feature","properties":{"Line":"S110","Sp":"2916.5","X":"634300.5","Y":"9203375.3","NAMOBJ":"Tenggerejo","WADMKC":"Kedungpring","WADMKK":"Lamongan"},"geometry":{"type":"Point","coordinates":[112.2,-7.2]}},{"type":"Feature","properties":{"Line":"S110","Sp":"2920.5","X":"634300.5","Y":"9203325.3","NAMOBJ":"Tenggerejo","WADMKC":"Kedungpring","WADMKK":"Lamongan"},"geometry":{"type":"Point","coordinates":[112.2,-7.2]}},{"type":"Feature","properties":{"Line":"S110","Sp":"2924.5","X":"634300.5","Y":"9203275.3","NAMOBJ":"Tenggerejo","WADMKC":"Kedungpring","WADMKK":"Lamongan"},"geometry":{"type":"Point","coordinates":[112.2,-7.2]}},{"type":"Feature","properties":{"Line":"S110","Sp":"2928.5","X":"634300.5","Y":"9203225.3","NAMOBJ":"Tenggerejo","WADMKC":"Kedungpring","WADMKK":"Lamongan"},"geometry":{"type":"Point","coordinates":[112.2,-7.2]}},{"type":"Feature","properties":{"Line":"S110","Sp":"2932.5","X":"634300.5","Y":"9203175.3","NAMOBJ":"Tenggerejo","WADMKC":"Kedungpring","WADMKK":"Lamongan"},"geometry":{"type":"Point","coordinates":[112.2,-7.2]}},{"type":"Feature","properties":{"Line":"S110","Sp":"2936.5","X":"634300.5","Y":"9203125.3","NAMOBJ":"Tenggerejo","WADMKC":"Kedungpring","WADMKK":"Lamongan"},"geometry":{"type":"Point","coordinates":[112.2,-7.2]}},{"type":"Feature","properties":{"Line":"S110","Sp":"2940.5","X":"634300.5","Y":"9203075.3","NAMOBJ":"Tenggerejo","WADMKC":"Kedungpring","WADMKK":"Lamongan"},"geometry":{"type":"Point","coordinates":[112.2,-7.2]}},{"type":"Feature","properties":{"Line":"S110","Sp":"2944.5","X":"634300.5","Y":"9203025.3","NAMOBJ":"Tenggerejo","WADMKC":"Kedungpring","WADMKK":"Lamongan"},"geometry":{"type":"Point","coordinates":[112.2,-7.2]}},{"type":"Feature","properties":{"Line":"S110","Sp":"2948.5","X":"634300.5","Y":"9202975.3","NAMOBJ":"Tenggerejo","WADMKC":"Kedungpring","WADMKK":"Lamongan"},"geometry":{"type":"Point","coordinates":[112.2,-7.2]}},{"type":"Feature","properties":{"Line":"S110","Sp":"2952.5","X":"634300.5","Y":"9202925.3","NAMOBJ":"Tenggerejo","WADMKC":"Kedungpring","WADMKK":"Lamongan"},"geometry":{"type":"Point","coordinates":[112.2,-7.2]}},{"type":"Feature","properties":{"Line":"S110","Sp":"2956.5","X":"634300.5","Y":"9202875.3","NAMOBJ":"Tenggerejo","WADMKC":"Kedungpring","WADMKK":"Lamongan"},"geometry":{"type":"Point","coordinates":[112.2,-7.2]}},{"type":"Feature","properties":{"Line":"S110","Sp":"2960.5","X":"634300.5","Y":"9202825.3","NAMOBJ":"Tenggerejo","WADMKC":"Kedungpring","WADMKK":"Lamongan"},"geometry":{"type":"Point","coordinates":[112.2,-7.2]}},{"type":"Feature","properties":{"Line":"S110","Sp":"2964.5","X":"634300.5","Y":"9202775.3","NAMOBJ":"Tenggerejo","WADMKC":"Kedungpring","WADMKK":"Lamongan"},"geometry":{"type":"Point","coordinates":[112.2,-7.2]}},{"type":"Feature","properties":{"Line":"S110","Sp":"2968.5","X":"634300.5","Y":"9202725.3","NAMOBJ":"Tenggerejo","WADMKC":"Kedungpring","WADMKK":"Lamongan"},"geometry":{"type":"Point","coordinates":[112.2,-7.2]}},{"type":"Feature","properties":{"Line":"S110","Sp":"2972.5","X":"634300.5","Y":"9202675.3","NAMOBJ":"Tenggerejo","WADMKC":"Kedungpring","WADMKK":"Lamongan"},"geometry":{"type":"Point","coordinates":[112.2,-7.2]}},{"type":"Feature","properties":{"Line":"S110","Sp":"2976.5","X":"634300.5","Y":"9202625.3","NAMOBJ":"Tenggerejo","WADMKC":"Kedungpring","WADMKK":"Lamongan"},"geometry":{"type":"Point","coordinates":[112.2,-7.2]}},{"type":"Feature","properties":{"Line":"S110","Sp":"2980.5","X":"634300.5","Y":"9202575.3","NAMOBJ":"Tenggerejo","WADMKC":"Kedungpring","WADMKK":"Lamongan"},"geometry":{"type":"Point","coordinates":[112.2,-7.2]}},{"type":"Feature","properties":{"Line":"S110","Sp":"2984.5","X":"634300.5","Y":"9202525.3","NAMOBJ":"Tenggerejo","WADMKC":"Kedungpring","WADMKK":"Lamongan"},"geometry":{"type":"Point","coordinates":[112.2,-7.2]}},{"type":"Feature","properties":{"Line":"S110","Sp":"2988.5","X":"634300.5","Y":"9202475.3","NAMOBJ":"Tenggerejo","WADMKC":"Kedungpring","WADMKK":"Lamongan"},"geometry":{"type":"Point","coordinates":[112.2,-7.2]}},{"type":"Feature","properties":{"Line":"S110","Sp":"2992.5","X":"634300.5","Y":"9202425.3","NAMOBJ":"Tenggerejo","WADMKC":"Kedungpring","WADMKK":"Lamongan"},"geometry":{"type":"Point","coordinates":[112.2,-7.2]}},{"type":"Feature","properties":{"Line":"S110","Sp":"2996.5","X":"634300.5","Y":"9202375.3","NAMOBJ":"Tenggerejo","WADMKC":"Kedungpring","WADMKK":"Lamongan"},"geometry":{"type":"Point","coordinates":[112.2,-7.2]}},{"type":"Feature","properties":{"Line":"S110","Sp":"3000.5","X":"634300.5","Y":"9202325.3","NAMOBJ":"Tenggerejo","WADMKC":"Kedungpring","WADMKK":"Lamongan"},"geometry":{"type":"Point","coordinates":[112.2,-7.2]}},{"type":"Feature","properties":{"Line":"S110","Sp":"3004.5","X":"634300.5","Y":"9202275.3","NAMOBJ":"Tenggerejo","WADMKC":"Kedungpring","WADMKK":"Lamongan"},"geometry":{"type":"Point","coordinates":[112.2,-7.2]}},{"type":"Feature","properties":{"Line":"S110","Sp":"3008.5","X":"634300.5","Y":"9202225.3","NAMOBJ":"Tenggerejo","WADMKC":"Kedungpring","WADMKK":"Lamongan"},"geometry":{"type":"Point","coordinates":[112.2,-7.2]}},{"type":"Feature","properties":{"Line":"S110","Sp":"3012.5","X":"634300.5","Y":"9202175.3","NAMOBJ":"Tenggerejo","WADMKC":"Kedungpring","WADMKK":"Lamongan"},"geometry":{"type":"Point","coordinates":[112.2,-7.2]}},{"type":"Feature","properties":{"Line":"S110","Sp":"3016.5","X":"634300.5","Y":"9202125.3","NAMOBJ":"Tenggerejo","WADMKC":"Kedungpring","WADMKK":"Lamongan"},"geometry":{"type":"Point","coordinates":[112.2,-7.2]}},{"type":"Feature","properties":{"Line":"S110","Sp":"3020.5","X":"634300.5","Y":"9202075.3","NAMOBJ":"Tenggerejo","WADMKC":"Kedungpring","WADMKK":"Lamongan"},"geometry":{"type":"Point","coordinates":[112.2,-7.2]}},{"type":"Feature","properties":{"Line":"S110","Sp":"3024.5","X":"634300.5","Y":"9202025.3","NAMOBJ":"Tenggerejo","WADMKC":"Kedungpring","WADMKK":"Lamongan"},"geometry":{"type":"Point","coordinates":[112.2,-7.2]}},{"type":"Feature","properties":{"Line":"S110","Sp":"3028.5","X":"634300.5","Y":"9201975.3","NAMOBJ":"Tenggerejo","WADMKC":"Kedungpring","WADMKK":"Lamongan"},"geometry":{"type":"Point","coordinates":[112.2,-7.2]}},{"type":"Feature","properties":{"Line":"S110","Sp":"3032.5","X":"634300.5","Y":"9201925.3","NAMOBJ":"Tenggerejo","WADMKC":"Kedungpring","WADMKK":"Lamongan"},"geometry":{"type":"Point","coordinates":[112.2,-7.2]}},{"type":"Feature","properties":{"Line":"S110","Sp":"3036.5","X":"634300.5","Y":"9201875.3","NAMOBJ":"Tenggerejo","WADMKC":"Kedungpring","WADMKK":"Lamongan"},"geometry":{"type":"Point","coordinates":[112.2,-7.2]}},{"type":"Feature","properties":{"Line":"S110","Sp":"3040.5","X":"634300.5","Y":"9201825.3","NAMOBJ":"Tenggerejo","WADMKC":"Kedungpring","WADMKK":"Lamongan"},"geometry":{"type":"Point","coordinates":[112.2,-7.2]}},{"type":"Feature","properties":{"Line":"S110","Sp":"3044.5","X":"634300.5","Y":"9201775.3","NAMOBJ":"Tenggerejo","WADMKC":"Kedungpring","WADMKK":"Lamongan"},"geometry":{"type":"Point","coordinates":[112.2,-7.2]}},{"type":"Feature","properties":{"Line":"S110","Sp":"3048.5","X":"634300.5","Y":"9201725.3","NAMOBJ":"Tenggerejo","WADMKC":"Kedungpring","WADMKK":"Lamongan"},"geometry":{"type":"Point","coordinates":[112.2,-7.2]}},{"type":"Feature","properties":{"Line":"S110","Sp":"3052.5","X":"634300.5","Y":"9201675.3","NAMOBJ":"Tenggerejo","WADMKC":"Kedungpring","WADMKK":"Lamongan"},"geometry":{"type":"Point","coordinates":[112.2,-7.2]}},{"type":"Feature","properties":{"Line":"S110","Sp":"3056.5","X":"634300.5","Y":"9201625.3","NAMOBJ":"Tenggerejo","WADMKC":"Kedungpring","WADMKK":"Lamongan"},"geometry":{"type":"Point","coordinates":[112.2,-7.2]}},{"type":"Feature","properties":{"Line":"S110","Sp":"3060.5","X":"634300.5","Y":"9201575.3","NAMOBJ":"Tenggerejo","WADMKC":"Kedungpring","WADMKK":"Lamongan"},"geometry":{"type":"Point","coordinates":[112.2,-7.2]}},{"type":"Feature","properties":{"Line":"S110","Sp":"3064.5","X":"634300.5","Y":"9201525.3","NAMOBJ":"Tenggerejo","WADMKC":"Kedungpring","WADMKK":"Lamongan"},"geometry":{"type":"Point","coordinates":[112.2,-7.2]}},{"type":"Feature","properties":{"Line":"S110","Sp":"3068.5","X":"634300.5","Y":"9201475.3","NAMOBJ":"Tenggerejo","WADMKC":"Kedungpring","WADMKK":"Lamongan"},"geometry":{"type":"Point","coordinates":[112.2,-7.2]}},{"type":"Feature","properties":{"Line":"S110","Sp":"3072.5","X":"634300.5","Y":"9201425.3","NAMOBJ":"Tenggerejo","WADMKC":"Kedungpring","WADMKK":"Lamongan"},"geometry":{"type":"Point","coordinates":[112.2,-7.2]}},{"type":"Feature","properties":{"Line":"S110","Sp":"3076.5","X":"634300.5","Y":"9201375.3","NAMOBJ":"Tenggerejo","WADMKC":"Kedungpring","WADMKK":"Lamongan"},"geometry":{"type":"Point","coordinates":[112.2,-7.2]}},{"type":"Feature","properties":{"Line":"S110","Sp":"3080.5","X":"634300.5","Y":"9201325.3","NAMOBJ":"Tenggerejo","WADMKC":"Kedungpring","WADMKK":"Lamongan"},"geometry":{"type":"Point","coordinates":[112.2,-7.2]}},{"type":"Feature","properties":{"Line":"S110","Sp":"3084.5","X":"634300.5","Y":"9201275.3","NAMOBJ":"Tenggerejo","WADMKC":"Kedungpring","WADMKK":"Lamongan"},"geometry":{"type":"Point","coordinates":[112.2,-7.2]}},{"type":"Feature","properties":{"Line":"S110","Sp":"3088.5","X":"634300.5","Y":"9201225.3","NAMOBJ":"Tenggerejo","WADMKC":"Kedungpring","WADMKK":"Lamongan"},"geometry":{"type":"Point","coordinates":[112.2,-7.2]}},{"type":"Feature","properties":{"Line":"S110","Sp":"3092.5","X":"634300.5","Y":"9201175.3","NAMOBJ":"Tenggerejo","WADMKC":"Kedungpring","WADMKK":"Lamongan"},"geometry":{"type":"Point","coordinates":[112.2,-7.2]}},{"type":"Feature","properties":{"Line":"S110","Sp":"3096.5","X":"634300.5","Y":"9201125.3","NAMOBJ":"Tenggerejo","WADMKC":"Kedungpring","WADMKK":"Lamongan"},"geometry":{"type":"Point","coordinates":[112.2,-7.2]}},{"type":"Feature","properties":{"Line":"S110","Sp":"3100.5","X":"634300.5","Y":"9201075.3","NAMOBJ":"Tenggerejo","WADMKC":"Kedungpring","WADMKK":"Lamongan"},"geometry":{"type":"Point","coordinates":[112.2,-7.2]}},{"type":"Feature","properties":{"Line":"S110","Sp":"3104.5","X":"634300.5","Y":"9201025.3","NAMOBJ":"Tenggerejo","WADMKC":"Kedungpring","WADMKK":"Lamongan"},"geometry":{"type":"Point","coordinates":[112.2,-7.2]}},{"type":"Feature","properties":{"Line":"S110","Sp":"3108.5","X":"634300.5","Y":"9200975.3","NAMOBJ":"Tenggerejo","WADMKC":"Kedungpring","WADMKK":"Lamongan"},"geometry":{"type":"Point","coordinates":[112.2,-7.2]}},{"type":"Feature","properties":{"Line":"S110","Sp":"3112.5","X":"634300.5","Y":"9200925.3","NAMOBJ":"Tenggerejo","WADMKC":"Kedungpring","WADMKK":"Lamongan"},"geometry":{"type":"Point","coordinates":[112.2,-7.2]}},{"type":"Feature","properties":{"Line":"S110","Sp":"3116.5","X":"634300.5","Y":"9200875.3","NAMOBJ":"Tenggerejo","WADMKC":"Kedungpring","WADMKK":"Lamongan"},"geometry":{"type":"Point","coordinates":[112.2,-7.2]}},{"type":"Feature","properties":{"Line":"S110","Sp":"3120.5","X":"634300.5","Y":"9200825.3","NAMOBJ":"Tenggerejo","WADMKC":"Kedungpring","WADMKK":"Lamongan"},"geometry":{"type":"Point","coordinates":[112.2,-7.2]}},{"type":"Feature","properties":{"Line":"S110","Sp":"3124.5","X":"634300.5","Y":"9200775.3","NAMOBJ":"Tenggerejo","WADMKC":"Kedungpring","WADMKK":"Lamongan"},"geometry":{"type":"Point","coordinates":[112.2,-7.2]}},{"type":"Feature","properties":{"Line":"S110","Sp":"3128.5","X":"634300.5","Y":"9200725.3","NAMOBJ":"Tenggerejo","WADMKC":"Kedungpring","WADMKK":"Lamongan"},"geometry":{"type":"Point","coordinates":[112.2,-7.2]}},{"type":"Feature","properties":{"Line":"S110","Sp":"3132.5","X":"634300.5","Y":"9200675.3","NAMOBJ":"Tenggerejo","WADMKC":"Kedungpring","WADMKK":"Lamongan"},"geometry":{"type":"Point","coordinates":[112.2,-7.2]}},{"type":"Feature","properties":{"Line":"S110","Sp":"3136.5","X":"634300.5","Y":"9200625.3","NAMOBJ":"Tenggerejo","WADMKC":"Kedungpring","WADMKK":"Lamongan"},"geometry":{"type":"Point","coordinates":[112.2,-7.2]}},{"type":"Feature","properties":{"Line":"S110","Sp":"3140.5","X":"634300.5","Y":"9200575.3","NAMOBJ":"Tenggerejo","WADMKC":"Kedungpring","WADMKK":"Lamongan"},"geometry":{"type":"Point","coordinates":[112.2,-7.2]}},{"type":"Feature","properties":{"Line":"S110","Sp":"3144.5","X":"634300.5","Y":"9200525.3","NAMOBJ":"Tenggerejo","WADMKC":"Kedungpring","WADMKK":"Lamongan"},"geometry":{"type":"Point","coordinates":[112.2,-7.2]}},{"type":"Feature","properties":{"Line":"S110","Sp":"3148.5","X":"634300.5","Y":"9200475.3","NAMOBJ":"Tenggerejo","WADMKC":"Kedungpring","WADMKK":"Lamongan"},"geometry":{"type":"Point","coordinates":[112.2,-7.2]}},{"type":"Feature","properties":{"Line":"S110","Sp":"3152.5","X":"634300.5","Y":"9200425.3","NAMOBJ":"Tenggerejo","WADMKC":"Kedungpring","WADMKK":"Lamongan"},"geometry":{"type":"Point","coordinates":[112.2,-7.2]}},{"type":"Feature","properties":{"Line":"S110","Sp":"3156.5","X":"634300.5","Y":"9200375.3","NAMOBJ":"Tenggerejo","WADMKC":"Kedungpring","WADMKK":"Lamongan"},"geometry":{"type":"Point","coordinates":[112.2,-7.2]}},{"type":"Feature","properties":{"Line":"S110","Sp":"3160.5","X":"634300.5","Y":"9200325.3","NAMOBJ":"Tenggerejo","WADMKC":"Kedungpring","WADMKK":"Lamongan"},"geometry":{"type":"Point","coordinates":[112.2,-7.2]}},{"type":"Feature","properties":{"Line":"S110","Sp":"3164.5","X":"634300.5","Y":"9200275.3","NAMOBJ":"Tenggerejo","WADMKC":"Kedungpring","WADMKK":"Lamongan"},"geometry":{"type":"Point","coordinates":[112.2,-7.2]}},{"type":"Feature","properties":{"Line":"S110","Sp":"3168.5","X":"634300.5","Y":"9200225.3","NAMOBJ":"Tenggerejo","WADMKC":"Kedungpring","WADMKK":"Lamongan"},"geometry":{"type":"Point","coordinates":[112.2,-7.2]}},{"type":"Feature","properties":{"Line":"S110","Sp":"3172.5","X":"634300.5","Y":"9200175.3","NAMOBJ":"Tenggerejo","WADMKC":"Kedungpring","WADMKK":"Lamongan"},"geometry":{"type":"Point","coordinates":[112.2,-7.2]}},{"type":"Feature","properties":{"Line":"S110","Sp":"3176.5","X":"634300.5","Y":"9200125.3","NAMOBJ":"Tenggerejo","WADMKC":"Kedungpring","WADMKK":"Lamongan"},"geometry":{"type":"Point","coordinates":[112.2,-7.2]}},{"type":"Feature","properties":{"Line":"S110","Sp":"3180.5","X":"634300.5","Y":"9200075.3","NAMOBJ":"Tenggerejo","WADMKC":"Kedungpring","WADMKK":"Lamongan"},"geometry":{"type":"Point","coordinates":[112.2,-7.2]}},{"type":"Feature","properties":{"Line":"S110","Sp":"3184.5","X":"634300.5","Y":"9200025.3","NAMOBJ":"Tenggerejo","WADMKC":"Kedungpring","WADMKK":"Lamongan"},"geometry":{"type":"Point","coordinates":[112.2,-7.2]}},{"type":"Feature","properties":{"Line":"S110","Sp":"3188.5","X":"634300.5","Y":"9199975.3","NAMOBJ":"Tenggerejo","WADMKC":"Kedungpring","WADMKK":"Lamongan"},"geometry":{"type":"Point","coordinates":[112.2,-7.2]}},{"type":"Feature","properties":{"Line":"S110","Sp":"3192.5","X":"634300.5","Y":"9199925.3","NAMOBJ":"Tenggerejo","WADMKC":"Kedungpring","WADMKK":"Lamongan"},"geometry":{"type":"Point","coordinates":[112.2,-7.2]}},{"type":"Feature","properties":{"Line":"S104","Sp":"2508.5","X":"631300.5","Y":"9208175.3","NAMOBJ":"Tlanak","WADMKC":"Kedungpring","WADMKK":"Lamongan"},"geometry":{"type":"Point","coordinates":[112.2,-7.2]}},{"type":"Feature","properties":{"Line":"S104","Sp":"2512.5","X":"631300.5","Y":"9208125.3","NAMOBJ":"Tlanak","WADMKC":"Kedungpring","WADMKK":"Lamongan"},"geometry":{"type":"Point","coordinates":[112.2,-7.2]}},{"type":"Feature","properties":{"Line":"S104","Sp":"2516.5","X":"631300.5","Y":"9208075.3","NAMOBJ":"Tlanak","WADMKC":"Kedungpring","WADMKK":"Lamongan"},"geometry":{"type":"Point","coordinates":[112.2,-7.2]}},{"type":"Feature","properties":{"Line":"S104","Sp":"2520.5","X":"631300.5","Y":"9208025.3","NAMOBJ":"Tlanak","WADMKC":"Kedungpring","WADMKK":"Lamongan"},"geometry":{"type":"Point","coordinates":[112.2,-7.2]}},{"type":"Feature","properties":{"Line":"S104","Sp":"2524.5","X":"631300.5","Y":"9207975.3","NAMOBJ":"Tlanak","WADMKC":"Kedungpring","WADMKK":"Lamongan"},"geometry":{"type":"Point","coordinates":[112.2,-7.2]}},{"type":"Feature","properties":{"Line":"S104","Sp":"2528.5","X":"631300.5","Y":"9207925.3","NAMOBJ":"Tlanak","WADMKC":"Kedungpring","WADMKK":"Lamongan"},"geometry":{"type":"Point","coordinates":[112.2,-7.2]}},{"type":"Feature","properties":{"Line":"S104","Sp":"2532.5","X":"631300.5","Y":"9207875.3","NAMOBJ":"Tlanak","WADMKC":"Kedungpring","WADMKK":"Lamongan"},"geometry":{"type":"Point","coordinates":[112.2,-7.2]}},{"type":"Feature","properties":{"Line":"S104","Sp":"2536.5","X":"631300.5","Y":"9207825.3","NAMOBJ":"Tlanak","WADMKC":"Kedungpring","WADMKK":"Lamongan"},"geometry":{"type":"Point","coordinates":[112.2,-7.2]}},{"type":"Feature","properties":{"Line":"S104","Sp":"2540.5","X":"631300.5","Y":"9207775.3","NAMOBJ":"Tlanak","WADMKC":"Kedungpring","WADMKK":"Lamongan"},"geometry":{"type":"Point","coordinates":[112.2,-7.2]}},{"type":"Feature","properties":{"Line":"S106","Sp":"2504.5","X":"632300.5","Y":"9208425.3","NAMOBJ":"Tlanak","WADMKC":"Kedungpring","WADMKK":"Lamongan"},"geometry":{"type":"Point","coordinates":[112.2,-7.2]}},{"type":"Feature","properties":{"Line":"S106","Sp":"2508.5","X":"632300.5","Y":"9208375.3","NAMOBJ":"Tlanak","WADMKC":"Kedungpring","WADMKK":"Lamongan"},"geometry":{"type":"Point","coordinates":[112.2,-7.2]}},{"type":"Feature","properties":{"Line":"S106","Sp":"2512.5","X":"632300.5","Y":"9208325.3","NAMOBJ":"Tlanak","WADMKC":"Kedungpring","WADMKK":"Lamongan"},"geometry":{"type":"Point","coordinates":[112.2,-7.2]}},{"type":"Feature","properties":{"Line":"S106","Sp":"2516.5","X":"632300.5","Y":"9208275.3","NAMOBJ":"Tlanak","WADMKC":"Kedungpring","WADMKK":"Lamongan"},"geometry":{"type":"Point","coordinates":[112.2,-7.2]}},{"type":"Feature","properties":{"Line":"S106","Sp":"2520.5","X":"632300.5","Y":"9208225.3","NAMOBJ":"Tlanak","WADMKC":"Kedungpring","WADMKK":"Lamongan"},"geometry":{"type":"Point","coordinates":[112.2,-7.2]}},{"type":"Feature","properties":{"Line":"S106","Sp":"2544.5","X":"632300.5","Y":"9207925.3","NAMOBJ":"Tlanak","WADMKC":"Kedungpring","WADMKK":"Lamongan"},"geometry":{"type":"Point","coordinates":[112.2,-7.2]}},{"type":"Feature","properties":{"Line":"S106","Sp":"2548.5","X":"632300.5","Y":"9207875.3","NAMOBJ":"Tlanak","WADMKC":"Kedungpring","WADMKK":"Lamongan"},"geometry":{"type":"Point","coordinates":[112.2,-7.2]}},{"type":"Feature","properties":{"Line":"S106","Sp":"2552.5","X":"632300.5","Y":"9207825.3","NAMOBJ":"Tlanak","WADMKC":"Kedungpring","WADMKK":"Lamongan"},"geometry":{"type":"Point","coordinates":[112.2,-7.2]}},{"type":"Feature","properties":{"Line":"S106","Sp":"2556.5","X":"632300.5","Y":"9207775.3","NAMOBJ":"Tlanak","WADMKC":"Kedungpring","WADMKK":"Lamongan"},"geometry":{"type":"Point","coordinates":[112.2,-7.2]}},{"type":"Feature","properties":{"Line":"S106","Sp":"2560.5","X":"632300.5","Y":"9207725.3","NAMOBJ":"Tlanak","WADMKC":"Kedungpring","WADMKK":"Lamongan"},"geometry":{"type":"Point","coordinates":[112.2,-7.2]}},{"type":"Feature","properties":{"Line":"S106","Sp":"2564.5","X":"632300.5","Y":"9207675.3","NAMOBJ":"Tlanak","WADMKC":"Kedungpring","WADMKK":"Lamongan"},"geometry":{"type":"Point","coordinates":[112.2,-7.2]}},{"type":"Feature","properties":{"Line":"S106","Sp":"2568.5","X":"632300.5","Y":"9207625.3","NAMOBJ":"Tlanak","WADMKC":"Kedungpring","WADMKK":"Lamongan"},"geometry":{"type":"Point","coordinates":[112.2,-7.2]}},{"type":"Feature","properties":{"Line":"S106","Sp":"2572.5","X":"632300.5","Y":"9207575.3","NAMOBJ":"Tlanak","WADMKC":"Kedungpring","WADMKK":"Lamongan"},"geometry":{"type":"Point","coordinates":[112.2,-7.2]}},{"type":"Feature","properties":{"Line":"S106","Sp":"2576.5","X":"632300.5","Y":"9207525.3","NAMOBJ":"Tlanak","WADMKC":"Kedungpring","WADMKK":"Lamongan"},"geometry":{"type":"Point","coordinates":[112.2,-7.2]}},{"type":"Feature","properties":{"Line":"S106","Sp":"2580.5","X":"632300.5","Y":"9207475.3","NAMOBJ":"Tlanak","WADMKC":"Kedungpring","WADMKK":"Lamongan"},"geometry":{"type":"Point","coordinates":[112.2,-7.2]}},{"type":"Feature","properties":{"Line":"S106","Sp":"2584.5","X":"632300.5","Y":"9207425.3","NAMOBJ":"Tlanak","WADMKC":"Kedungpring","WADMKK":"Lamongan"},"geometry":{"type":"Point","coordinates":[112.2,-7.2]}},{"type":"Feature","properties":{"Line":"S106","Sp":"2588.5","X":"632300.5","Y":"9207375.3","NAMOBJ":"Tlanak","WADMKC":"Kedungpring","WADMKK":"Lamongan"},"geometry":{"type":"Point","coordinates":[112.2,-7.2]}},{"type":"Feature","properties":{"Line":"S106","Sp":"2592.5","X":"632300.5","Y":"9207325.3","NAMOBJ":"Tlanak","WADMKC":"Kedungpring","WADMKK":"Lamongan"},"geometry":{"type":"Point","coordinates":[112.2,-7.2]}},{"type":"Feature","properties":{"Line":"S106","Sp":"2596.5","X":"632300.5","Y":"9207275.3","NAMOBJ":"Tlanak","WADMKC":"Kedungpring","WADMKK":"Lamongan"},"geometry":{"type":"Point","coordinates":[112.2,-7.2]}},{"type":"Feature","properties":{"Line":"S106","Sp":"2600.5","X":"632300.5","Y":"9207225.3","NAMOBJ":"Tlanak","WADMKC":"Kedungpring","WADMKK":"Lamongan"},"geometry":{"type":"Point","coordinates":[112.2,-7.2]}},{"type":"Feature","properties":{"Line":"S106","Sp":"2604.5","X":"632300.5","Y":"9207175.3","NAMOBJ":"Tlanak","WADMKC":"Kedungpring","WADMKK":"Lamongan"},"geometry":{"type":"Point","coordinates":[112.2,-7.2]}},{"type":"Feature","properties":{"Line":"S106","Sp":"2608.5","X":"632300.5","Y":"9207125.3","NAMOBJ":"Tlanak","WADMKC":"Kedungpring","WADMKK":"Lamongan"},"geometry":{"type":"Point","coordinates":[112.2,-7.2]}},{"type":"Feature","properties":{"Line":"S106","Sp":"2612.5","X":"632300.5","Y":"9207075.3","NAMOBJ":"Tlanak","WADMKC":"Kedungpring","WADMKK":"Lamongan"},"geometry":{"type":"Point","coordinates":[112.2,-7.2]}},{"type":"Feature","properties":{"Line":"S106","Sp":"2616.5","X":"632300.5","Y":"9207025.3","NAMOBJ":"Tlanak","WADMKC":"Kedungpring","WADMKK":"Lamongan"},"geometry":{"type":"Point","coordinates":[112.2,-7.2]}},{"type":"Feature","properties":{"Line":"S106","Sp":"2620.5","X":"632300.5","Y":"9206975.3","NAMOBJ":"Tlanak","WADMKC":"Kedungpring","WADMKK":"Lamongan"},"geometry":{"type":"Point","coordinates":[112.2,-7.2]}},{"type":"Feature","properties":{"Line":"S106","Sp":"2624.5","X":"632300.5","Y":"9206925.3","NAMOBJ":"Tlanak","WADMKC":"Kedungpring","WADMKK":"Lamongan"},"geometry":{"type":"Point","coordinates":[112.2,-7.2]}},{"type":"Feature","properties":{"Line":"S106","Sp":"2628.5","X":"632300.5","Y":"9206875.3","NAMOBJ":"Tlanak","WADMKC":"Kedungpring","WADMKK":"Lamongan"},"geometry":{"type":"Point","coordinates":[112.2,-7.2]}},{"type":"Feature","properties":{"Line":"S106","Sp":"2632.5","X":"632300.5","Y":"9206825.3","NAMOBJ":"Tlanak","WADMKC":"Kedungpring","WADMKK":"Lamongan"},"geometry":{"type":"Point","coordinates":[112.2,-7.2]}},{"type":"Feature","properties":{"Line":"S106","Sp":"2636.5","X":"632300.5","Y":"9206775.3","NAMOBJ":"Tlanak","WADMKC":"Kedungpring","WADMKK":"Lamongan"},"geometry":{"type":"Point","coordinates":[112.2,-7.2]}},{"type":"Feature","properties":{"Line":"S106","Sp":"2640.5","X":"632300.5","Y":"9206725.3","NAMOBJ":"Tlanak","WADMKC":"Kedungpring","WADMKK":"Lamongan"},"geometry":{"type":"Point","coordinates":[112.2,-7.2]}},{"type":"Feature","properties":{"Line":"S106","Sp":"2644.5","X":"632300.5","Y":"9206675.3","NAMOBJ":"Tlanak","WADMKC":"Kedungpring","WADMKK":"Lamongan"},"geometry":{"type":"Point","coordinates":[112.2,-7.2]}},{"type":"Feature","properties":{"Line":"S106","Sp":"2648.5","X":"632300.5","Y":"9206625.3","NAMOBJ":"Tlanak","WADMKC":"Kedungpring","WADMKK":"Lamongan"},"geometry":{"type":"Point","coordinates":[112.2,-7.2]}},{"type":"Feature","properties":{"Line":"S106","Sp":"2652.5","X":"632300.5","Y":"9206575.3","NAMOBJ":"Tlanak","WADMKC":"Kedungpring","WADMKK":"Lamongan"},"geometry":{"type":"Point","coordinates":[112.2,-7.2]}},{"type":"Feature","properties":{"Line":"S108","Sp":"2540.5","X":"633300.5","Y":"9207775.3","NAMOBJ":"Tlanak","WADMKC":"Kedungpring","WADMKK":"Lamongan"},"geometry":{"type":"Point","coordinates":[112.2,-7.2]}},{"type":"Feature","properties":{"Line":"S108","Sp":"2544.5","X":"633300.5","Y":"9207725.3","NAMOBJ":"Tlanak","WADMKC":"Kedungpring","WADMKK":"Lamongan"},"geometry":{"type":"Point","coordinates":[112.2,-7.2]}},{"type":"Feature","properties":{"Line":"S108","Sp":"2548.5","X":"633300.5","Y":"9207675.3","NAMOBJ":"Tlanak","WADMKC":"Kedungpring","WADMKK":"Lamongan"},"geometry":{"type":"Point","coordinates":[112.2,-7.2]}},{"type":"Feature","properties":{"Line":"S108","Sp":"2552.5","X":"633300.5","Y":"9207625.3","NAMOBJ":"Tlanak","WADMKC":"Kedungpring","WADMKK":"Lamongan"},"geometry":{"type":"Point","coordinates":[112.2,-7.2]}},{"type":"Feature","properties":{"Line":"S108","Sp":"2556.5","X":"633300.5","Y":"9207575.3","NAMOBJ":"Tlanak","WADMKC":"Kedungpring","WADMKK":"Lamongan"},"geometry":{"type":"Point","coordinates":[112.2,-7.2]}},{"type":"Feature","properties":{"Line":"S108","Sp":"2560.5","X":"633300.5","Y":"9207525.3","NAMOBJ":"Tlanak","WADMKC":"Kedungpring","WADMKK":"Lamongan"},"geometry":{"type":"Point","coordinates":[112.2,-7.2]}},{"type":"Feature","properties":{"Line":"S108","Sp":"2564.5","X":"633300.5","Y":"9207475.3","NAMOBJ":"Tlanak","WADMKC":"Kedungpring","WADMKK":"Lamongan"},"geometry":{"type":"Point","coordinates":[112.2,-7.2]}},{"type":"Feature","properties":{"Line":"S108","Sp":"2568.5","X":"633300.5","Y":"9207425.3","NAMOBJ":"Tlanak","WADMKC":"Kedungpring","WADMKK":"Lamongan"},"geometry":{"type":"Point","coordinates":[112.2,-7.2]}},{"type":"Feature","properties":{"Line":"S108","Sp":"2572.5","X":"633300.5","Y":"9207375.3","NAMOBJ":"Tlanak","WADMKC":"Kedungpring","WADMKK":"Lamongan"},"geometry":{"type":"Point","coordinates":[112.2,-7.2]}},{"type":"Feature","properties":{"Line":"S108","Sp":"2576.5","X":"633300.5","Y":"9207325.3","NAMOBJ":"Tlanak","WADMKC":"Kedungpring","WADMKK":"Lamongan"},"geometry":{"type":"Point","coordinates":[112.2,-7.2]}},{"type":"Feature","properties":{"Line":"S108","Sp":"2580.5","X":"633300.5","Y":"9207275.3","NAMOBJ":"Tlanak","WADMKC":"Kedungpring","WADMKK":"Lamongan"},"geometry":{"type":"Point","coordinates":[112.2,-7.2]}},{"type":"Feature","properties":{"Line":"S108","Sp":"2584.5","X":"633300.5","Y":"9207225.3","NAMOBJ":"Tlanak","WADMKC":"Kedungpring","WADMKK":"Lamongan"},"geometry":{"type":"Point","coordinates":[112.2,-7.2]}},{"type":"Feature","properties":{"Line":"S108","Sp":"2588.5","X":"633300.5","Y":"9207175.3","NAMOBJ":"Tlanak","WADMKC":"Kedungpring","WADMKK":"Lamongan"},"geometry":{"type":"Point","coordinates":[112.2,-7.2]}},{"type":"Feature","properties":{"Line":"S108","Sp":"2592.5","X":"633300.5","Y":"9207125.3","NAMOBJ":"Tlanak","WADMKC":"Kedungpring","WADMKK":"Lamongan"},"geometry":{"type":"Point","coordinates":[112.2,-7.2]}},{"type":"Feature","properties":{"Line":"S108","Sp":"2596.5","X":"633300.5","Y":"9207075.3","NAMOBJ":"Tlanak","WADMKC":"Kedungpring","WADMKK":"Lamongan"},"geometry":{"type":"Point","coordinates":[112.2,-7.2]}},{"type":"Feature","properties":{"Line":"S108","Sp":"2600.5","X":"633300.5","Y":"9207025.3","NAMOBJ":"Tlanak","WADMKC":"Kedungpring","WADMKK":"Lamongan"},"geometry":{"type":"Point","coordinates":[112.2,-7.2]}},{"type":"Feature","properties":{"Line":"S108","Sp":"2604.5","X":"633300.5","Y":"9206975.3","NAMOBJ":"Tlanak","WADMKC":"Kedungpring","WADMKK":"Lamongan"},"geometry":{"type":"Point","coordinates":[112.2,-7.2]}},{"type":"Feature","properties":{"Line":"S108","Sp":"2608.5","X":"633300.5","Y":"9206925.3","NAMOBJ":"Tlanak","WADMKC":"Kedungpring","WADMKK":"Lamongan"},"geometry":{"type":"Point","coordinates":[112.2,-7.2]}},{"type":"Feature","properties":{"Line":"S108","Sp":"2612.5","X":"633300.5","Y":"9206875.3","NAMOBJ":"Tlanak","WADMKC":"Kedungpring","WADMKK":"Lamongan"},"geometry":{"type":"Point","coordinates":[112.2,-7.2]}},{"type":"Feature","properties":{"Line":"S108","Sp":"2616.5","X":"633300.5","Y":"9206825.3","NAMOBJ":"Tlanak","WADMKC":"Kedungpring","WADMKK":"Lamongan"},"geometry":{"type":"Point","coordinates":[112.2,-7.2]}},{"type":"Feature","properties":{"Line":"S108","Sp":"2620.5","X":"633300.5","Y":"9206775.3","NAMOBJ":"Tlanak","WADMKC":"Kedungpring","WADMKK":"Lamongan"},"geometry":{"type":"Point","coordinates":[112.2,-7.2]}}]}