{"type":"FeatureCollection","features":[{"type":"Feature","properties":{"Line":"S119","Sp":"3156.5","X":"650025.5","Y":"9217800.3","NAMOBJ":"Badurame","WADMKC":"Turi","WADMKK":"Lamongan"},"geometry":{"type":"Point","coordinates":[112.4,-7.1]}},{"type":"Feature","properties":{"Line":"S119","Sp":"3160.5","X":"650075.5","Y":"9217800.3","NAMOBJ":"Badurame","WADMKC":"Turi","WADMKK":"Lamongan"},"geometry":{"type":"Point","coordinates":[112.4,-7.1]}},{"type":"Feature","properties":{"Line":"S119","Sp":"3164.5","X":"650125.5","Y":"9217800.3","NAMOBJ":"Badurame","WADMKC":"Turi","WADMKK":"Lamongan"},"geometry":{"type":"Point","coordinates":[112.4,-7.1]}},{"type":"Feature","properties":{"Line":"S119","Sp":"3168.5","X":"650175.5","Y":"9217800.3","NAMOBJ":"Badurame","WADMKC":"Turi","WADMKK":"Lamongan"},"geometry":{"type":"Point","coordinates":[112.4,-7.1]}},{"type":"Feature","properties":{"Line":"S119","Sp":"3172.5","X":"650225.5","Y":"9217800.3","NAMOBJ":"Badurame","WADMKC":"Turi","WADMKK":"Lamongan"},"geometry":{"type":"Point","coordinates":[112.4,-7.1]}},{"type":"Feature","properties":{"Line":"S119","Sp":"3176.5","X":"650275.5","Y":"9217800.3","NAMOBJ":"Badurame","WADMKC":"Turi","WADMKK":"Lamongan"},"geometry":{"type":"Point","coordinates":[112.4,-7.1]}},{"type":"Feature","properties":{"Line":"S119","Sp":"3180.5","X":"650325.5","Y":"9217800.3","NAMOBJ":"Badurame","WADMKC":"Turi","WADMKK":"Lamongan"},"geometry":{"type":"Point","coordinates":[112.4,-7.1]}},{"type":"Feature","properties":{"Line":"S119","Sp":"3184.5","X":"650375.5","Y":"9217800.3","NAMOBJ":"Badurame","WADMKC":"Turi","WADMKK":"Lamongan"},"geometry":{"type":"Point","coordinates":[112.4,-7.1]}},{"type":"Feature","properties":{"Line":"S119","Sp":"3188.5","X":"650425.5","Y":"9217800.3","NAMOBJ":"Badurame","WADMKC":"Turi","WADMKK":"Lamongan"},"geometry":{"type":"Point","coordinates":[112.4,-7.1]}},{"type":"Feature","properties":{"Line":"S119","Sp":"3192.5","X":"650475.5","Y":"9217800.3","NAMOBJ":"Badurame","WADMKC":"Turi","WADMKK":"Lamongan"},"geometry":{"type":"Point","coordinates":[112.4,-7.1]}},{"type":"Feature","properties":{"Line":"S119","Sp":"3196.5","X":"650525.5","Y":"9217800.3","NAMOBJ":"Badurame","WADMKC":"Turi","WADMKK":"Lamongan"},"geometry":{"type":"Point","coordinates":[112.4,-7.1]}},{"type":"Feature","properties":{"Line":"S119","Sp":"3200.5","X":"650575.5","Y":"9217800.3","NAMOBJ":"Badurame","WADMKC":"Turi","WADMKK":"Lamongan"},"geometry":{"type":"Point","coordinates":[112.4,-7.1]}},{"type":"Feature","properties":{"Line":"S119","Sp":"3204.5","X":"650625.5","Y":"9217800.3","NAMOBJ":"Badurame","WADMKC":"Turi","WADMKK":"Lamongan"},"geometry":{"type":"Point","coordinates":[112.4,-7.1]}},{"type":"Feature","properties":{"Line":"S119","Sp":"3208.5","X":"650675.5","Y":"9217800.3","NAMOBJ":"Badurame","WADMKC":"Turi","WADMKK":"Lamongan"},"geometry":{"type":"Point","coordinates":[112.4,-7.1]}},{"type":"Feature","properties":{"Line":"S119","Sp":"3212.5","X":"650725.5","Y":"9217800.3","NAMOBJ":"Badurame","WADMKC":"Turi","WADMKK":"Lamongan"},"geometry":{"type":"Point","coordinates":[112.4,-7.1]}},{"type":"Feature","properties":{"Line":"S119","Sp":"3216.5","X":"650775.5","Y":"9217800.3","NAMOBJ":"Badurame","WADMKC":"Turi","WADMKK":"Lamongan"},"geometry":{"type":"Point","coordinates":[112.4,-7.1]}},{"type":"Feature","properties":{"Line":"S121","Sp":"3140.5","X":"649725.5","Y":"9218800.3","NAMOBJ":"Badurame","WADMKC":"Turi","WADMKK":"Lamongan"},"geometry":{"type":"Point","coordinates":[112.4,-7.1]}},{"type":"Feature","properties":{"Line":"S121","Sp":"3144.5","X":"649775.5","Y":"9218800.3","NAMOBJ":"Badurame","WADMKC":"Turi","WADMKK":"Lamongan"},"geometry":{"type":"Point","coordinates":[112.4,-7.1]}},{"type":"Feature","properties":{"Line":"S121","Sp":"3148.5","X":"649825.5","Y":"9218800.3","NAMOBJ":"Badurame","WADMKC":"Turi","WADMKK":"Lamongan"},"geometry":{"type":"Point","coordinates":[112.4,-7.1]}},{"type":"Feature","properties":{"Line":"S121","Sp":"3152.5","X":"649875.5","Y":"9218800.3","NAMOBJ":"Badurame","WADMKC":"Turi","WADMKK":"Lamongan"},"geometry":{"type":"Point","coordinates":[112.4,-7.1]}},{"type":"Feature","properties":{"Line":"S121","Sp":"3156.5","X":"649925.5","Y":"9218800.3","NAMOBJ":"Badurame","WADMKC":"Turi","WADMKK":"Lamongan"},"geometry":{"type":"Point","coordinates":[112.4,-7.1]}},{"type":"Feature","properties":{"Line":"S121","Sp":"3160.5","X":"649975.5","Y":"9218800.3","NAMOBJ":"Badurame","WADMKC":"Turi","WADMKK":"Lamongan"},"geometry":{"type":"Point","coordinates":[112.4,-7.1]}},{"type":"Feature","properties":{"Line":"S121","Sp":"3164.5","X":"650025.5","Y":"9218800.3","NAMOBJ":"Badurame","WADMKC":"Turi","WADMKK":"Lamongan"},"geometry":{"type":"Point","coordinates":[112.4,-7.1]}},{"type":"Feature","properties":{"Line":"S121","Sp":"3168.5","X":"650075.5","Y":"9218800.3","NAMOBJ":"Badurame","WADMKC":"Turi","WADMKK":"Lamongan"},"geometry":{"type":"Point","coordinates":[112.4,-7.1]}},{"type":"Feature","properties":{"Line":"S121","Sp":"3172.5","X":"650125.5","Y":"9218800.3","NAMOBJ":"Badurame","WADMKC":"Turi","WADMKK":"Lamongan"},"geometry":{"type":"Point","coordinates":[112.4,-7.1]}},{"type":"Feature","properties":{"Line":"S121","Sp":"3176.5","X":"650175.5","Y":"9218800.3","NAMOBJ":"Badurame","WADMKC":"Turi","WADMKK":"Lamongan"},"geometry":{"type":"Point","coordinates":[112.4,-7.1]}},{"type":"Feature","properties":{"Line":"S121","Sp":"3180.5","X":"650225.5","Y":"9218800.3","NAMOBJ":"Badurame","WADMKC":"Turi","WADMKK":"Lamongan"},"geometry":{"type":"Point","coordinates":[112.4,-7.1]}},{"type":"Feature","properties":{"Line":"S121","Sp":"3184.5","X":"650275.5","Y":"9218800.3","NAMOBJ":"Badurame","WADMKC":"Turi","WADMKK":"Lamongan"},"geometry":{"type":"Point","coordinates":[112.4,-7.1]}},{"type":"Feature","properties":{"Line":"S121","Sp":"3188.5","X":"650325.5","Y":"9218800.3","NAMOBJ":"Badurame","WADMKC":"Turi","WADMKK":"Lamongan"},"geometry":{"type":"Point","coordinates":[112.4,-7.1]}},{"type":"Feature","properties":{"Line":"S121","Sp":"3192.5","X":"650375.5","Y":"9218800.3","NAMOBJ":"Badurame","WADMKC":"Turi","WADMKK":"Lamongan"},"geometry":{"type":"Point","coordinates":[112.4,-7.1]}},{"type":"Feature","properties":{"Line":"S121","Sp":"3196.5","X":"650425.5","Y":"9218800.3","NAMOBJ":"Badurame","WADMKC":"Turi","WADMKK":"Lamongan"},"geometry":{"type":"Point","coordinates":[112.4,-7.1]}},{"type":"Feature","properties":{"Line":"S121","Sp":"3200.5","X":"650475.5","Y":"9218800.3","NAMOBJ":"Badurame","WADMKC":"Turi","WADMKK":"Lamongan"},"geometry":{"type":"Point","coordinates":[112.4,-7.1]}},{"type":"Feature","properties":{"Line":"S121","Sp":"3204.5","X":"650525.5","Y":"9218800.3","NAMOBJ":"Badurame","WADMKC":"Turi","WADMKK":"Lamongan"},"geometry":{"type":"Point","coordinates":[112.4,-7.1]}},{"type":"Feature","properties":{"Line":"S121","Sp":"3208.5","X":"650575.5","Y":"9218800.3","NAMOBJ":"Badurame","WADMKC":"Turi","WADMKK":"Lamongan"},"geometry":{"type":"Point","coordinates":[112.4,-7.1]}},{"type":"Feature","properties":{"Line":"S121","Sp":"3212.5","X":"650625.5","Y":"9218800.3","NAMOBJ":"Badurame","WADMKC":"Turi","WADMKK":"Lamongan"},"geometry":{"type":"Point","coordinates":[112.4,-7.1]}},{"type":"Feature","properties":{"Line":"S121","Sp":"3216.5","X":"650675.5","Y":"9218800.3","NAMOBJ":"Badurame","WADMKC":"Turi","WADMKK":"Lamongan"},"geometry":{"type":"Point","coordinates":[112.4,-7.1]}},{"type":"Feature","properties":{"Line":"S121","Sp":"3220.5","X":"650725.5","Y":"9218800.3","NAMOBJ":"Badurame","WADMKC":"Turi","WADMKK":"Lamongan"},"geometry":{"type":"Point","coordinates":[112.4,-7.1]}},{"type":"Feature","properties":{"Line":"S121","Sp":"3224.5","X":"650775.5","Y":"9218800.3","NAMOBJ":"Badurame","WADMKC":"Turi","WADMKK":"Lamongan"},"geometry":{"type":"Point","coordinates":[112.4,-7.1]}},{"type":"Feature","properties":{"Line":"S121","Sp":"3228.5","X":"650825.5","Y":"9218800.3","NAMOBJ":"Badurame","WADMKC":"Turi","WADMKK":"Lamongan"},"geometry":{"type":"Point","coordinates":[112.4,-7.1]}},{"type":"Feature","properties":{"Line":"S142","Sp":"1488.5","X":"650300.5","Y":"9219725.3","NAMOBJ":"Badurame","WADMKC":"Turi","WADMKK":"Lamongan"},"geometry":{"type":"Point","coordinates":[112.4,-7.1]}},{"type":"Feature","properties":{"Line":"S142","Sp":"1492.5","X":"650300.5","Y":"9219675.3","NAMOBJ":"Badurame","WADMKC":"Turi","WADMKK":"Lamongan"},"geometry":{"type":"Point","coordinates":[112.4,-7.1]}},{"type":"Feature","properties":{"Line":"S142","Sp":"1496.5","X":"650300.5","Y":"9219625.3","NAMOBJ":"Badurame","WADMKC":"Turi","WADMKK":"Lamongan"},"geometry":{"type":"Point","coordinates":[112.4,-7.1]}},{"type":"Feature","properties":{"Line":"S142","Sp":"1500.5","X":"650300.5","Y":"9219575.3","NAMOBJ":"Badurame","WADMKC":"Turi","WADMKK":"Lamongan"},"geometry":{"type":"Point","coordinates":[112.4,-7.1]}},{"type":"Feature","properties":{"Line":"S142","Sp":"1504.5","X":"650300.5","Y":"9219525.3","NAMOBJ":"Badurame","WADMKC":"Turi","WADMKK":"Lamongan"},"geometry":{"type":"Point","coordinates":[112.4,-7.1]}},{"type":"Feature","properties":{"Line":"S142","Sp":"1508.5","X":"650300.5","Y":"9219475.3","NAMOBJ":"Badurame","WADMKC":"Turi","WADMKK":"Lamongan"},"geometry":{"type":"Point","coordinates":[112.4,-7.1]}},{"type":"Feature","properties":{"Line":"S142","Sp":"1512.5","X":"650300.5","Y":"9219425.3","NAMOBJ":"Badurame","WADMKC":"Turi","WADMKK":"Lamongan"},"geometry":{"type":"Point","coordinates":[112.4,-7.1]}},{"type":"Feature","properties":{"Line":"S142","Sp":"1516.5","X":"650300.5","Y":"9219375.3","NAMOBJ":"Badurame","WADMKC":"Turi","WADMKK":"Lamongan"},"geometry":{"type":"Point","coordinates":[112.4,-7.1]}},{"type":"Feature","properties":{"Line":"S142","Sp":"1520.5","X":"650300.5","Y":"9219325.3","NAMOBJ":"Badurame","WADMKC":"Turi","WADMKK":"Lamongan"},"geometry":{"type":"Point","coordinates":[112.4,-7.1]}},{"type":"Feature","properties":{"Line":"S142","Sp":"1524.5","X":"650300.5","Y":"9219275.3","NAMOBJ":"Badurame","WADMKC":"Turi","WADMKK":"Lamongan"},"geometry":{"type":"Point","coordinates":[112.4,-7.1]}},{"type":"Feature","properties":{"Line":"S142","Sp":"1528.5","X":"650300.5","Y":"9219225.3","NAMOBJ":"Badurame","WADMKC":"Turi","WADMKK":"Lamongan"},"geometry":{"type":"Point","coordinates":[112.4,-7.1]}},{"type":"Feature","properties":{"Line":"S142","Sp":"1532.5","X":"650300.5","Y":"9219175.3","NAMOBJ":"Badurame","WADMKC":"Turi","WADMKK":"Lamongan"},"geometry":{"type":"Point","coordinates":[112.4,-7.1]}},{"type":"Feature","properties":{"Line":"S142","Sp":"1536.5","X":"650300.5","Y":"9219125.3","NAMOBJ":"Badurame","WADMKC":"Turi","WADMKK":"Lamongan"},"geometry":{"type":"Point","coordinates":[112.4,-7.1]}},{"type":"Feature","properties":{"Line":"S142","Sp":"1540.5","X":"650300.5","Y":"9219075.3","NAMOBJ":"Badurame","WADMKC":"Turi","WADMKK":"Lamongan"},"geometry":{"type":"Point","coordinates":[112.4,-7.1]}},{"type":"Feature","properties":{"Line":"S142","Sp":"1544.5","X":"650300.5","Y":"9219025.3","NAMOBJ":"Badurame","WADMKC":"Turi","WADMKK":"Lamongan"},"geometry":{"type":"Point","coordinates":[112.4,-7.1]}},{"type":"Feature","properties":{"Line":"S142","Sp":"1548.5","X":"650300.5","Y":"9218975.3","NAMOBJ":"Badurame","WADMKC":"Turi","WADMKK":"Lamongan"},"geometry":{"type":"Point","coordinates":[112.4,-7.1]}},{"type":"Feature","properties":{"Line":"S142","Sp":"1552.5","X":"650300.5","Y":"9218925.3","NAMOBJ":"Badurame","WADMKC":"Turi","WADMKK":"Lamongan"},"geometry":{"type":"Point","coordinates":[112.4,-7.1]}},{"type":"Feature","properties":{"Line":"S142","Sp":"1556.5","X":"650300.5","Y":"9218875.3","NAMOBJ":"Badurame","WADMKC":"Turi","WADMKK":"Lamongan"},"geometry":{"type":"Point","coordinates":[112.4,-7.1]}},{"type":"Feature","properties":{"Line":"S142","Sp":"1560.5","X":"650300.5","Y":"9218825.3","NAMOBJ":"Badurame","WADMKC":"Turi","WADMKK":"Lamongan"},"geometry":{"type":"Point","coordinates":[112.4,-7.1]}},{"type":"Feature","properties":{"Line":"S142","Sp":"1564.5","X":"650300.5","Y":"9218775.3","NAMOBJ":"Badurame","WADMKC":"Turi","WADMKK":"Lamongan"},"geometry":{"type":"Point","coordinates":[112.4,-7.1]}},{"type":"Feature","properties":{"Line":"S142","Sp":"1568.5","X":"650300.5","Y":"9218725.3","NAMOBJ":"Badurame","WADMKC":"Turi","WADMKK":"Lamongan"},"geometry":{"type":"Point","coordinates":[112.4,-7.1]}},{"type":"Feature","properties":{"Line":"S142","Sp":"1572.5","X":"650300.5","Y":"9218675.3","NAMOBJ":"Badurame","WADMKC":"Turi","WADMKK":"Lamongan"},"geometry":{"type":"Point","coordinates":[112.4,-7.1]}},{"type":"Feature","properties":{"Line":"S142","Sp":"1576.5","X":"650300.5","Y":"9218625.3","NAMOBJ":"Badurame","WADMKC":"Turi","WADMKK":"Lamongan"},"geometry":{"type":"Point","coordinates":[112.4,-7.1]}},{"type":"Feature","properties":{"Line":"S142","Sp":"1580.5","X":"650300.5","Y":"9218575.3","NAMOBJ":"Badurame","WADMKC":"Turi","WADMKK":"Lamongan"},"geometry":{"type":"Point","coordinates":[112.4,-7.1]}},{"type":"Feature","properties":{"Line":"S142","Sp":"1584.5","X":"650300.5","Y":"9218525.3","NAMOBJ":"Badurame","WADMKC":"Turi","WADMKK":"Lamongan"},"geometry":{"type":"Point","coordinates":[112.4,-7.1]}},{"type":"Feature","properties":{"Line":"S142","Sp":"1592.5","X":"650300.5","Y":"9218425.3","NAMOBJ":"Badurame","WADMKC":"Turi","WADMKK":"Lamongan"},"geometry":{"type":"Point","coordinates":[112.4,-7.1]}},{"type":"Feature","properties":{"Line":"S142","Sp":"1596.5","X":"650300.5","Y":"9218375.3","NAMOBJ":"Badurame","WADMKC":"Turi","WADMKK":"Lamongan"},"geometry":{"type":"Point","coordinates":[112.4,-7.1]}},{"type":"Feature","properties":{"Line":"S142","Sp":"1600.5","X":"650300.5","Y":"9218325.3","NAMOBJ":"Badurame","WADMKC":"Turi","WADMKK":"Lamongan"},"geometry":{"type":"Point","coordinates":[112.4,-7.1]}},{"type":"Feature","properties":{"Line":"S142","Sp":"1604.5","X":"650300.5","Y":"9218275.3","NAMOBJ":"Badurame","WADMKC":"Turi","WADMKK":"Lamongan"},"geometry":{"type":"Point","coordinates":[112.4,-7.1]}},{"type":"Feature","properties":{"Line":"S142","Sp":"1608.5","X":"650300.5","Y":"9218225.3","NAMOBJ":"Badurame","WADMKC":"Turi","WADMKK":"Lamongan"},"geometry":{"type":"Point","coordinates":[112.4,-7.1]}},{"type":"Feature","properties":{"Line":"S142","Sp":"1612.5","X":"650300.5","Y":"9218175.3","NAMOBJ":"Badurame","WADMKC":"Turi","WADMKK":"Lamongan"},"geometry":{"type":"Point","coordinates":[112.4,-7.1]}},{"type":"Feature","properties":{"Line":"S142","Sp":"1616.5","X":"650300.5","Y":"9218125.3","NAMOBJ":"Badurame","WADMKC":"Turi","WADMKK":"Lamongan"},"geometry":{"type":"Point","coordinates":[112.4,-7.1]}},{"type":"Feature","properties":{"Line":"S142","Sp":"1620.5","X":"650300.5","Y":"9218075.3","NAMOBJ":"Badurame","WADMKC":"Turi","WADMKK":"Lamongan"},"geometry":{"type":"Point","coordinates":[112.4,-7.1]}},{"type":"Feature","properties":{"Line":"S142","Sp":"1624.5","X":"650300.5","Y":"9218025.3","NAMOBJ":"Badurame","WADMKC":"Turi","WADMKK":"Lamongan"},"geometry":{"type":"Point","coordinates":[112.4,-7.1]}},{"type":"Feature","properties":{"Line":"S142","Sp":"1628.5","X":"650300.5","Y":"9217975.3","NAMOBJ":"Badurame","WADMKC":"Turi","WADMKK":"Lamongan"},"geometry":{"type":"Point","coordinates":[112.4,-7.1]}},{"type":"Feature","properties":{"Line":"S142","Sp":"1632.5","X":"650300.5","Y":"9217925.3","NAMOBJ":"Badurame","WADMKC":"Turi","WADMKK":"Lamongan"},"geometry":{"type":"Point","coordinates":[112.4,-7.1]}},{"type":"Feature","properties":{"Line":"S142","Sp":"1636.5","X":"650300.5","Y":"9217875.3","NAMOBJ":"Badurame","WADMKC":"Turi","WADMKK":"Lamongan"},"geometry":{"type":"Point","coordinates":[112.4,-7.1]}},{"type":"Feature","properties":{"Line":"S142","Sp":"1640.5","X":"650300.5","Y":"9217825.3","NAMOBJ":"Badurame","WADMKC":"Turi","WADMKK":"Lamongan"},"geometry":{"type":"Point","coordinates":[112.4,-7.1]}},{"type":"Feature","properties":{"Line":"S142","Sp":"1644.5","X":"650300.5","Y":"9217775.3","NAMOBJ":"Badurame","WADMKC":"Turi","WADMKK":"Lamongan"},"geometry":{"type":"Point","coordinates":[112.4,-7.1]}},{"type":"Feature","properties":{"Line":"S142","Sp":"1648.5","X":"650300.5","Y":"9217725.3","NAMOBJ":"Badurame","WADMKC":"Turi","WADMKK":"Lamongan"},"geometry":{"type":"Point","coordinates":[112.4,-7.1]}},{"type":"Feature","properties":{"Line":"S142","Sp":"1652.5","X":"650300.5","Y":"9217675.3","NAMOBJ":"Badurame","WADMKC":"Turi","WADMKK":"Lamongan"},"geometry":{"type":"Point","coordinates":[112.4,-7.1]}},{"type":"Feature","properties":{"Line":"S142","Sp":"1656.5","X":"650300.5","Y":"9217625.3","NAMOBJ":"Badurame","WADMKC":"Turi","WADMKK":"Lamongan"},"geometry":{"type":"Point","coordinates":[112.4,-7.1]}},{"type":"Feature","properties":{"Line":"S142","Sp":"1660.5","X":"650300.5","Y":"9217575.3","NAMOBJ":"Badurame","WADMKC":"Turi","WADMKK":"Lamongan"},"geometry":{"type":"Point","coordinates":[112.4,-7.1]}},{"type":"Feature","properties":{"Line":"S142","Sp":"1664.5","X":"650300.5","Y":"9217525.3","NAMOBJ":"Badurame","WADMKC":"Turi","WADMKK":"Lamongan"},"geometry":{"type":"Point","coordinates":[112.4,-7.1]}},{"type":"Feature","properties":{"Line":"S142","Sp":"1668.5","X":"650300.5","Y":"9217475.3","NAMOBJ":"Badurame","WADMKC":"Turi","WADMKK":"Lamongan"},"geometry":{"type":"Point","coordinates":[112.4,-7.1]}},{"type":"Feature","properties":{"Line":"S107","Sp":"3072.5","X":"649125.5","Y":"9211800.3","NAMOBJ":"Balongtawun","WADMKC":"Sukodadi","WADMKK":"Lamongan"},"geometry":{"type":"Point","coordinates":[112.4,-7.1]}},{"type":"Feature","properties":{"Line":"S107","Sp":"3076.5","X":"649175.5","Y":"9211800.3","NAMOBJ":"Balongtawun","WADMKC":"Sukodadi","WADMKK":"Lamongan"},"geometry":{"type":"Point","coordinates":[112.4,-7.1]}},{"type":"Feature","properties":{"Line":"S107","Sp":"3080.5","X":"649225.5","Y":"9211800.3","NAMOBJ":"Balongtawun","WADMKC":"Sukodadi","WADMKK":"Lamongan"},"geometry":{"type":"Point","coordinates":[112.4,-7.1]}},{"type":"Feature","properties":{"Line":"S107","Sp":"3084.5","X":"649275.5","Y":"9211800.3","NAMOBJ":"Balongtawun","WADMKC":"Sukodadi","WADMKK":"Lamongan"},"geometry":{"type":"Point","coordinates":[112.4,-7.1]}},{"type":"Feature","properties":{"Line":"S107","Sp":"3088.5","X":"649325.5","Y":"9211800.3","NAMOBJ":"Balongtawun","WADMKC":"Sukodadi","WADMKK":"Lamongan"},"geometry":{"type":"Point","coordinates":[112.4,-7.1]}},{"type":"Feature","properties":{"Line":"S107","Sp":"3092.5","X":"649375.5","Y":"9211800.3","NAMOBJ":"Balongtawun","WADMKC":"Sukodadi","WADMKK":"Lamongan"},"geometry":{"type":"Point","coordinates":[112.4,-7.1]}},{"type":"Feature","properties":{"Line":"S107","Sp":"3096.5","X":"649425.5","Y":"9211800.3","NAMOBJ":"Balongtawun","WADMKC":"Sukodadi","WADMKK":"Lamongan"},"geometry":{"type":"Point","coordinates":[112.4,-7.1]}},{"type":"Feature","properties":{"Line":"S107","Sp":"3100.5","X":"649475.5","Y":"9211800.3","NAMOBJ":"Balongtawun","WADMKC":"Sukodadi","WADMKK":"Lamongan"},"geometry":{"type":"Point","coordinates":[112.4,-7.1]}},{"type":"Feature","properties":{"Line":"S107","Sp":"3104.5","X":"649525.5","Y":"9211800.3","NAMOBJ":"Balongtawun","WADMKC":"Sukodadi","WADMKK":"Lamongan"},"geometry":{"type":"Point","coordinates":[112.4,-7.1]}},{"type":"Feature","properties":{"Line":"S107","Sp":"3108.5","X":"649575.5","Y":"9211800.3","NAMOBJ":"Balongtawun","WADMKC":"Sukodadi","WADMKK":"Lamongan"},"geometry":{"type":"Point","coordinates":[112.4,-7.1]}},{"type":"Feature","properties":{"Line":"S107","Sp":"3112.5","X":"649625.5","Y":"9211800.3","NAMOBJ":"Balongtawun","WADMKC":"Sukodadi","WADMKK":"Lamongan"},"geometry":{"type":"Point","coordinates":[112.4,-7.1]}},{"type":"Feature","properties":{"Line":"S107","Sp":"3116.5","X":"649675.5","Y":"9211800.3","NAMOBJ":"Balongtawun","WADMKC":"Sukodadi","WADMKK":"Lamongan"},"geometry":{"type":"Point","coordinates":[112.4,-7.1]}},{"type":"Feature","properties":{"Line":"S107","Sp":"3120.5","X":"649725.5","Y":"9211800.3","NAMOBJ":"Balongtawun","WADMKC":"Sukodadi","WADMKK":"Lamongan"},"geometry":{"type":"Point","coordinates":[112.4,-7.1]}},{"type":"Feature","properties":{"Line":"S107","Sp":"3124.5","X":"649775.5","Y":"9211800.3","NAMOBJ":"Balongtawun","WADMKC":"Sukodadi","WADMKK":"Lamongan"},"geometry":{"type":"Point","coordinates":[112.4,-7.1]}},{"type":"Feature","properties":{"Line":"S107","Sp":"3128.5","X":"649825.5","Y":"9211800.3","NAMOBJ":"Balongtawun","WADMKC":"Sukodadi","WADMKK":"Lamongan"},"geometry":{"type":"Point","coordinates":[112.4,-7.1]}},{"type":"Feature","properties":{"Line":"S107","Sp":"3132.5","X":"649875.5","Y":"9211800.3","NAMOBJ":"Balongtawun","WADMKC":"Sukodadi","WADMKK":"Lamongan"},"geometry":{"type":"Point","coordinates":[112.4,-7.1]}},{"type":"Feature","properties":{"Line":"S107","Sp":"3136.5","X":"649925.5","Y":"9211800.3","NAMOBJ":"Balongtawun","WADMKC":"Sukodadi","WADMKK":"Lamongan"},"geometry":{"type":"Point","coordinates":[112.4,-7.1]}},{"type":"Feature","properties":{"Line":"S107","Sp":"3140.5","X":"649975.5","Y":"9211800.3","NAMOBJ":"Balongtawun","WADMKC":"Sukodadi","WADMKK":"Lamongan"},"geometry":{"type":"Point","coordinates":[112.4,-7.1]}},{"type":"Feature","properties":{"Line":"S107","Sp":"3144.5","X":"650025.5","Y":"9211800.3","NAMOBJ":"Balongtawun","WADMKC":"Sukodadi","WADMKK":"Lamongan"},"geometry":{"type":"Point","coordinates":[112.4,-7.1]}},{"type":"Feature","properties":{"Line":"S140","Sp":"2188.5","X":"649300.5","Y":"9212025.3","NAMOBJ":"Balongtawun","WADMKC":"Sukodadi","WADMKK":"Lamongan"},"geometry":{"type":"Point","coordinates":[112.4,-7.1]}},{"type":"Feature","properties":{"Line":"S140","Sp":"2192.5","X":"649300.5","Y":"9211975.3","NAMOBJ":"Balongtawun","WADMKC":"Sukodadi","WADMKK":"Lamongan"},"geometry":{"type":"Point","coordinates":[112.4,-7.1]}},{"type":"Feature","properties":{"Line":"S140","Sp":"2196.5","X":"649300.5","Y":"9211925.3","NAMOBJ":"Balongtawun","WADMKC":"Sukodadi","WADMKK":"Lamongan"},"geometry":{"type":"Point","coordinates":[112.4,-7.1]}},{"type":"Feature","properties":{"Line":"S140","Sp":"2200.5","X":"649300.5","Y":"9211875.3","NAMOBJ":"Balongtawun","WADMKC":"Sukodadi","WADMKK":"Lamongan"},"geometry":{"type":"Point","coordinates":[112.4,-7.1]}},{"type":"Feature","properties":{"Line":"S140","Sp":"2204.5","X":"649300.5","Y":"9211825.3","NAMOBJ":"Balongtawun","WADMKC":"Sukodadi","WADMKK":"Lamongan"},"geometry":{"type":"Point","coordinates":[112.4,-7.1]}},{"type":"Feature","properties":{"Line":"S140","Sp":"2208.5","X":"649300.5","Y":"9211775.3","NAMOBJ":"Balongtawun","WADMKC":"Sukodadi","WADMKK":"Lamongan"},"geometry":{"type":"Point","coordinates":[112.4,-7.1]}},{"type":"Feature","properties":{"Line":"S140","Sp":"2212.5","X":"649300.5","Y":"9211725.3","NAMOBJ":"Balongtawun","WADMKC":"Sukodadi","WADMKK":"Lamongan"},"geometry":{"type":"Point","coordinates":[112.4,-7.1]}},{"type":"Feature","properties":{"Line":"S140","Sp":"2216.5","X":"649300.5","Y":"9211675.3","NAMOBJ":"Balongtawun","WADMKC":"Sukodadi","WADMKK":"Lamongan"},"geometry":{"type":"Point","coordinates":[112.4,-7.1]}},{"type":"Feature","properties":{"Line":"S140","Sp":"2220.5","X":"649300.5","Y":"9211625.3","NAMOBJ":"Balongtawun","WADMKC":"Sukodadi","WADMKK":"Lamongan"},"geometry":{"type":"Point","coordinates":[112.4,-7.1]}},{"type":"Feature","properties":{"Line":"S140","Sp":"2224.5","X":"649300.5","Y":"9211575.3","NAMOBJ":"Balongtawun","WADMKC":"Sukodadi","WADMKK":"Lamongan"},"geometry":{"type":"Point","coordinates":[112.4,-7.1]}},{"type":"Feature","properties":{"Line":"S140","Sp":"2228.5","X":"649300.5","Y":"9211525.3","NAMOBJ":"Balongtawun","WADMKC":"Sukodadi","WADMKK":"Lamongan"},"geometry":{"type":"Point","coordinates":[112.4,-7.1]}},{"type":"Feature","properties":{"Line":"S140","Sp":"2232.5","X":"649300.5","Y":"9211475.3","NAMOBJ":"Balongtawun","WADMKC":"Sukodadi","WADMKK":"Lamongan"},"geometry":{"type":"Point","coordinates":[112.4,-7.1]}},{"type":"Feature","properties":{"Line":"S140","Sp":"2236.5","X":"649300.5","Y":"9211425.3","NAMOBJ":"Balongtawun","WADMKC":"Sukodadi","WADMKK":"Lamongan"},"geometry":{"type":"Point","coordinates":[112.4,-7.1]}},{"type":"Feature","properties":{"Line":"S140","Sp":"2240.5","X":"649300.5","Y":"9211375.3","NAMOBJ":"Balongtawun","WADMKC":"Sukodadi","WADMKK":"Lamongan"},"geometry":{"type":"Point","coordinates":[112.4,-7.1]}},{"type":"Feature","properties":{"Line":"S140","Sp":"2244.5","X":"649300.5","Y":"9211325.3","NAMOBJ":"Balongtawun","WADMKC":"Sukodadi","WADMKK":"Lamongan"},"geometry":{"type":"Point","coordinates":[112.4,-7.1]}},{"type":"Feature","properties":{"Line":"S113","Sp":"3412.5","X":"654375.5","Y":"9214800.3","NAMOBJ":"Balun","WADMKC":"Turi","WADMKK":"Lamongan"},"geometry":{"type":"Point","coordinates":[112.4,-7.1]}},{"type":"Feature","properties":{"Line":"S113","Sp":"3416.5","X":"654425.5","Y":"9214800.3","NAMOBJ":"Balun","WADMKC":"Turi","WADMKK":"Lamongan"},"geometry":{"type":"Point","coordinates":[112.4,-7.1]}},{"type":"Feature","properties":{"Line":"S113","Sp":"3420.5","X":"654475.5","Y":"9214800.3","NAMOBJ":"Balun","WADMKC":"Turi","WADMKK":"Lamongan"},"geometry":{"type":"Point","coordinates":[112.4,-7.1]}},{"type":"Feature","properties":{"Line":"S113","Sp":"3424.5","X":"654525.5","Y":"9214800.3","NAMOBJ":"Balun","WADMKC":"Turi","WADMKK":"Lamongan"},"geometry":{"type":"Point","coordinates":[112.4,-7.1]}},{"type":"Feature","properties":{"Line":"S113","Sp":"3428.5","X":"654575.5","Y":"9214800.3","NAMOBJ":"Balun","WADMKC":"Turi","WADMKK":"Lamongan"},"geometry":{"type":"Point","coordinates":[112.4,-7.1]}},{"type":"Feature","properties":{"Line":"S113","Sp":"3432.5","X":"654625.5","Y":"9214800.3","NAMOBJ":"Balun","WADMKC":"Turi","WADMKK":"Lamongan"},"geometry":{"type":"Point","coordinates":[112.4,-7.1]}},{"type":"Feature","properties":{"Line":"S113","Sp":"3436.5","X":"654675.5","Y":"9214800.3","NAMOBJ":"Balun","WADMKC":"Turi","WADMKK":"Lamongan"},"geometry":{"type":"Point","coordinates":[112.4,-7.1]}},{"type":"Feature","properties":{"Line":"S115","Sp":"3376.5","X":"654275.5","Y":"9215800.3","NAMOBJ":"Balun","WADMKC":"Turi","WADMKK":"Lamongan"},"geometry":{"type":"Point","coordinates":[112.4,-7.1]}},{"type":"Feature","properties":{"Line":"S115","Sp":"3380.5","X":"654325.5","Y":"9215800.3","NAMOBJ":"Balun","WADMKC":"Turi","WADMKK":"Lamongan"},"geometry":{"type":"Point","coordinates":[112.4,-7.1]}},{"type":"Feature","properties":{"Line":"S115","Sp":"3384.5","X":"654375.5","Y":"9215800.3","NAMOBJ":"Balun","WADMKC":"Turi","WADMKK":"Lamongan"},"geometry":{"type":"Point","coordinates":[112.4,-7.1]}},{"type":"Feature","properties":{"Line":"S115","Sp":"3388.5","X":"654425.5","Y":"9215800.3","NAMOBJ":"Balun","WADMKC":"Turi","WADMKK":"Lamongan"},"geometry":{"type":"Point","coordinates":[112.4,-7.1]}},{"type":"Feature","properties":{"Line":"S115","Sp":"3392.5","X":"654475.5","Y":"9215800.3","NAMOBJ":"Balun","WADMKC":"Turi","WADMKK":"Lamongan"},"geometry":{"type":"Point","coordinates":[112.4,-7.1]}},{"type":"Feature","properties":{"Line":"S115","Sp":"3396.5","X":"654525.5","Y":"9215800.3","NAMOBJ":"Balun","WADMKC":"Turi","WADMKK":"Lamongan"},"geometry":{"type":"Point","coordinates":[112.4,-7.1]}},{"type":"Feature","properties":{"Line":"S115","Sp":"3400.5","X":"654575.5","Y":"9215800.3","NAMOBJ":"Balun","WADMKC":"Turi","WADMKK":"Lamongan"},"geometry":{"type":"Point","coordinates":[112.4,-7.1]}},{"type":"Feature","properties":{"Line":"S115","Sp":"3404.5","X":"654625.5","Y":"9215800.3","NAMOBJ":"Balun","WADMKC":"Turi","WADMKK":"Lamongan"},"geometry":{"type":"Point","coordinates":[112.4,-7.1]}},{"type":"Feature","properties":{"Line":"S115","Sp":"3408.5","X":"654675.5","Y":"9215800.3","NAMOBJ":"Balun","WADMKC":"Turi","WADMKK":"Lamongan"},"geometry":{"type":"Point","coordinates":[112.4,-7.1]}},{"type":"Feature","properties":{"Line":"S115","Sp":"3412.5","X":"654725.5","Y":"9215800.3","NAMOBJ":"Balun","WADMKC":"Turi","WADMKK":"Lamongan"},"geometry":{"type":"Point","coordinates":[112.4,-7.1]}},{"type":"Feature","properties":{"Line":"S115","Sp":"3416.5","X":"654775.5","Y":"9215800.3","NAMOBJ":"Balun","WADMKC":"Turi","WADMKK":"Lamongan"},"geometry":{"type":"Point","coordinates":[112.4,-7.1]}},{"type":"Feature","properties":{"Line":"S115","Sp":"3420.5","X":"654825.5","Y":"9215800.3","NAMOBJ":"Balun","WADMKC":"Turi","WADMKK":"Lamongan"},"geometry":{"type":"Point","coordinates":[112.4,-7.1]}},{"type":"Feature","properties":{"Line":"S115","Sp":"3424.5","X":"654875.5","Y":"9215800.3","NAMOBJ":"Balun","WADMKC":"Turi","WADMKK":"Lamongan"},"geometry":{"type":"Point","coordinates":[112.4,-7.1]}},{"type":"Feature","properties":{"Line":"S115","Sp":"3428.5","X":"654925.5","Y":"9215800.3","NAMOBJ":"Balun","WADMKC":"Turi","WADMKK":"Lamongan"},"geometry":{"type":"Point","coordinates":[112.4,-7.1]}},{"type":"Feature","properties":{"Line":"S115","Sp":"3432.5","X":"654975.5","Y":"9215800.3","NAMOBJ":"Balun","WADMKC":"Turi","WADMKK":"Lamongan"},"geometry":{"type":"Point","coordinates":[112.4,-7.1]}},{"type":"Feature","properties":{"Line":"S115","Sp":"3436.5","X":"655025.5","Y":"9215800.3","NAMOBJ":"Balun","WADMKC":"Turi","WADMKK":"Lamongan"},"geometry":{"type":"Point","coordinates":[112.4,-7.1]}},{"type":"Feature","properties":{"Line":"S115","Sp":"3440.5","X":"655075.5","Y":"9215800.3","NAMOBJ":"Balun","WADMKC":"Turi","WADMKK":"Lamongan"},"geometry":{"type":"Point","coordinates":[112.4,-7.1]}},{"type":"Feature","properties":{"Line":"S115","Sp":"3444.5","X":"655125.5","Y":"9215800.3","NAMOBJ":"Balun","WADMKC":"Turi","WADMKK":"Lamongan"},"geometry":{"type":"Point","coordinates":[112.4,-7.1]}},{"type":"Feature","properties":{"Line":"S115","Sp":"3448.5","X":"655175.5","Y":"9215800.3","NAMOBJ":"Balun","WADMKC":"Turi","WADMKK":"Lamongan"},"geometry":{"type":"Point","coordinates":[112.4,-7.1]}},{"type":"Feature","properties":{"Line":"S115","Sp":"3452.5","X":"655225.5","Y":"9215800.3","NAMOBJ":"Balun","WADMKC":"Turi","WADMKK":"Lamongan"},"geometry":{"type":"Point","coordinates":[112.4,-7.1]}},{"type":"Feature","properties":{"Line":"S115","Sp":"3456.5","X":"655275.5","Y":"9215800.3","NAMOBJ":"Balun","WADMKC":"Turi","WADMKK":"Lamongan"},"geometry":{"type":"Point","coordinates":[112.4,-7.1]}},{"type":"Feature","properties":{"Line":"S115","Sp":"3460.5","X":"655325.5","Y":"9215800.3","NAMOBJ":"Balun","WADMKC":"Turi","WADMKK":"Lamongan"},"geometry":{"type":"Point","coordinates":[112.4,-7.1]}},{"type":"Feature","properties":{"Line":"S115","Sp":"3464.5","X":"655375.5","Y":"9215800.3","NAMOBJ":"Balun","WADMKC":"Turi","WADMKK":"Lamongan"},"geometry":{"type":"Point","coordinates":[112.4,-7.1]}},{"type":"Feature","properties":{"Line":"S117","Sp":"3448.5","X":"654625.5","Y":"9216800.3","NAMOBJ":"Balun","WADMKC":"Turi","WADMKK":"Lamongan"},"geometry":{"type":"Point","coordinates":[112.4,-7.1]}},{"type":"Feature","properties":{"Line":"S117","Sp":"3452.5","X":"654675.5","Y":"9216800.3","NAMOBJ":"Balun","WADMKC":"Turi","WADMKK":"Lamongan"},"geometry":{"type":"Point","coordinates":[112.4,-7.1]}},{"type":"Feature","properties":{"Line":"S117","Sp":"3456.5","X":"654725.5","Y":"9216800.3","NAMOBJ":"Balun","WADMKC":"Turi","WADMKK":"Lamongan"},"geometry":{"type":"Point","coordinates":[112.4,-7.1]}},{"type":"Feature","properties":{"Line":"S117","Sp":"3460.5","X":"654775.5","Y":"9216800.3","NAMOBJ":"Balun","WADMKC":"Turi","WADMKK":"Lamongan"},"geometry":{"type":"Point","coordinates":[112.4,-7.1]}},{"type":"Feature","properties":{"Line":"S117","Sp":"3464.5","X":"654825.5","Y":"9216800.3","NAMOBJ":"Balun","WADMKC":"Turi","WADMKK":"Lamongan"},"geometry":{"type":"Point","coordinates":[112.4,-7.1]}},{"type":"Feature","properties":{"Line":"S109","Sp":"3084.5","X":"649125.5","Y":"9212800.3","NAMOBJ":"Bandungsari","WADMKC":"Sukodadi","WADMKK":"Lamongan"},"geometry":{"type":"Point","coordinates":[112.4,-7.1]}},{"type":"Feature","properties":{"Line":"S109","Sp":"3088.5","X":"649175.5","Y":"9212800.3","NAMOBJ":"Bandungsari","WADMKC":"Sukodadi","WADMKK":"Lamongan"},"geometry":{"type":"Point","coordinates":[112.4,-7.1]}},{"type":"Feature","properties":{"Line":"S109","Sp":"3092.5","X":"649225.5","Y":"9212800.3","NAMOBJ":"Bandungsari","WADMKC":"Sukodadi","WADMKK":"Lamongan"},"geometry":{"type":"Point","coordinates":[112.4,-7.1]}},{"type":"Feature","properties":{"Line":"S109","Sp":"3096.5","X":"649275.5","Y":"9212800.3","NAMOBJ":"Bandungsari","WADMKC":"Sukodadi","WADMKK":"Lamongan"},"geometry":{"type":"Point","coordinates":[112.4,-7.1]}},{"type":"Feature","properties":{"Line":"S140","Sp":"2072.5","X":"649300.5","Y":"9213475.3","NAMOBJ":"Bandungsari","WADMKC":"Sukodadi","WADMKK":"Lamongan"},"geometry":{"type":"Point","coordinates":[112.4,-7.1]}},{"type":"Feature","properties":{"Line":"S140","Sp":"2076.5","X":"649300.5","Y":"9213425.3","NAMOBJ":"Bandungsari","WADMKC":"Sukodadi","WADMKK":"Lamongan"},"geometry":{"type":"Point","coordinates":[112.4,-7.1]}},{"type":"Feature","properties":{"Line":"S140","Sp":"2080.5","X":"649300.5","Y":"9213375.3","NAMOBJ":"Bandungsari","WADMKC":"Sukodadi","WADMKK":"Lamongan"},"geometry":{"type":"Point","coordinates":[112.4,-7.1]}},{"type":"Feature","properties":{"Line":"S140","Sp":"2084.5","X":"649300.5","Y":"9213325.3","NAMOBJ":"Bandungsari","WADMKC":"Sukodadi","WADMKK":"Lamongan"},"geometry":{"type":"Point","coordinates":[112.4,-7.1]}},{"type":"Feature","properties":{"Line":"S140","Sp":"2088.5","X":"649300.5","Y":"9213275.3","NAMOBJ":"Bandungsari","WADMKC":"Sukodadi","WADMKK":"Lamongan"},"geometry":{"type":"Point","coordinates":[112.4,-7.1]}},{"type":"Feature","properties":{"Line":"S140","Sp":"2092.5","X":"649300.5","Y":"9213225.3","NAMOBJ":"Bandungsari","WADMKC":"Sukodadi","WADMKK":"Lamongan"},"geometry":{"type":"Point","coordinates":[112.4,-7.1]}},{"type":"Feature","properties":{"Line":"S140","Sp":"2096.5","X":"649300.5","Y":"9213175.3","NAMOBJ":"Bandungsari","WADMKC":"Sukodadi","WADMKK":"Lamongan"},"geometry":{"type":"Point","coordinates":[112.4,-7.1]}},{"type":"Feature","properties":{"Line":"S140","Sp":"2100.5","X":"649300.5","Y":"9213125.3","NAMOBJ":"Bandungsari","WADMKC":"Sukodadi","WADMKK":"Lamongan"},"geometry":{"type":"Point","coordinates":[112.4,-7.1]}},{"type":"Feature","properties":{"Line":"S140","Sp":"2104.5","X":"649300.5","Y":"9213075.3","NAMOBJ":"Bandungsari","WADMKC":"Sukodadi","WADMKK":"Lamongan"},"geometry":{"type":"Point","coordinates":[112.4,-7.1]}},{"type":"Feature","properties":{"Line":"S140","Sp":"2108.5","X":"649300.5","Y":"9213025.3","NAMOBJ":"Bandungsari","WADMKC":"Sukodadi","WADMKK":"Lamongan"},"geometry":{"type":"Point","coordinates":[112.4,-7.1]}},{"type":"Feature","properties":{"Line":"S140","Sp":"2112.5","X":"649300.5","Y":"9212975.3","NAMOBJ":"Bandungsari","WADMKC":"Sukodadi","WADMKK":"Lamongan"},"geometry":{"type":"Point","coordinates":[112.4,-7.1]}},{"type":"Feature","properties":{"Line":"S140","Sp":"2116.5","X":"649300.5","Y":"9212925.3","NAMOBJ":"Bandungsari","WADMKC":"Sukodadi","WADMKK":"Lamongan"},"geometry":{"type":"Point","coordinates":[112.4,-7.1]}},{"type":"Feature","properties":{"Line":"S140","Sp":"2128.5","X":"649300.5","Y":"9212775.3","NAMOBJ":"Bandungsari","WADMKC":"Sukodadi","WADMKK":"Lamongan"},"geometry":{"type":"Point","coordinates":[112.4,-7.1]}},{"type":"Feature","properties":{"Line":"S105","Sp":"3012.5","X":"649125.5","Y":"9210800.3","NAMOBJ":"Banjarejo","WADMKC":"Sukodadi","WADMKK":"Lamongan"},"geometry":{"type":"Point","coordinates":[112.4,-7.1]}},{"type":"Feature","properties":{"Line":"S105","Sp":"3016.5","X":"649175.5","Y":"9210800.3","NAMOBJ":"Banjarejo","WADMKC":"Sukodadi","WADMKK":"Lamongan"},"geometry":{"type":"Point","coordinates":[112.4,-7.1]}},{"type":"Feature","properties":{"Line":"S105","Sp":"3020.5","X":"649225.5","Y":"9210800.3","NAMOBJ":"Banjarejo","WADMKC":"Sukodadi","WADMKK":"Lamongan"},"geometry":{"type":"Point","coordinates":[112.4,-7.1]}},{"type":"Feature","properties":{"Line":"S105","Sp":"3024.5","X":"649275.5","Y":"9210800.3","NAMOBJ":"Banjarejo","WADMKC":"Sukodadi","WADMKK":"Lamongan"},"geometry":{"type":"Point","coordinates":[112.4,-7.1]}},{"type":"Feature","properties":{"Line":"S105","Sp":"3028.5","X":"649325.5","Y":"9210800.3","NAMOBJ":"Banjarejo","WADMKC":"Sukodadi","WADMKK":"Lamongan"},"geometry":{"type":"Point","coordinates":[112.4,-7.1]}},{"type":"Feature","properties":{"Line":"S105","Sp":"3032.5","X":"649375.5","Y":"9210800.3","NAMOBJ":"Banjarejo","WADMKC":"Sukodadi","WADMKK":"Lamongan"},"geometry":{"type":"Point","coordinates":[112.4,-7.1]}},{"type":"Feature","properties":{"Line":"S105","Sp":"3036.5","X":"649425.5","Y":"9210800.3","NAMOBJ":"Banjarejo","WADMKC":"Sukodadi","WADMKK":"Lamongan"},"geometry":{"type":"Point","coordinates":[112.4,-7.1]}},{"type":"Feature","properties":{"Line":"S105","Sp":"3040.5","X":"649475.5","Y":"9210800.3","NAMOBJ":"Banjarejo","WADMKC":"Sukodadi","WADMKK":"Lamongan"},"geometry":{"type":"Point","coordinates":[112.4,-7.1]}},{"type":"Feature","properties":{"Line":"S105","Sp":"3044.5","X":"649525.5","Y":"9210800.3","NAMOBJ":"Banjarejo","WADMKC":"Sukodadi","WADMKK":"Lamongan"},"geometry":{"type":"Point","coordinates":[112.4,-7.1]}},{"type":"Feature","properties":{"Line":"S105","Sp":"3048.5","X":"649575.5","Y":"9210800.3","NAMOBJ":"Banjarejo","WADMKC":"Sukodadi","WADMKK":"Lamongan"},"geometry":{"type":"Point","coordinates":[112.4,-7.1]}},{"type":"Feature","properties":{"Line":"S105","Sp":"3052.5","X":"649625.5","Y":"9210800.3","NAMOBJ":"Banjarejo","WADMKC":"Sukodadi","WADMKK":"Lamongan"},"geometry":{"type":"Point","coordinates":[112.4,-7.1]}},{"type":"Feature","properties":{"Line":"S105","Sp":"3056.5","X":"649675.5","Y":"9210800.3","NAMOBJ":"Banjarejo","WADMKC":"Sukodadi","WADMKK":"Lamongan"},"geometry":{"type":"Point","coordinates":[112.4,-7.1]}},{"type":"Feature","properties":{"Line":"S140","Sp":"2248.5","X":"649300.5","Y":"9211275.3","NAMOBJ":"Banjarejo","WADMKC":"Sukodadi","WADMKK":"Lamongan"},"geometry":{"type":"Point","coordinates":[112.4,-7.1]}},{"type":"Feature","properties":{"Line":"S140","Sp":"2252.5","X":"649300.5","Y":"9211225.3","NAMOBJ":"Banjarejo","WADMKC":"Sukodadi","WADMKK":"Lamongan"},"geometry":{"type":"Point","coordinates":[112.4,-7.1]}},{"type":"Feature","properties":{"Line":"S140","Sp":"2256.5","X":"649300.5","Y":"9211175.3","NAMOBJ":"Banjarejo","WADMKC":"Sukodadi","WADMKK":"Lamongan"},"geometry":{"type":"Point","coordinates":[112.4,-7.1]}},{"type":"Feature","properties":{"Line":"S140","Sp":"2260.5","X":"649300.5","Y":"9211125.3","NAMOBJ":"Banjarejo","WADMKC":"Sukodadi","WADMKK":"Lamongan"},"geometry":{"type":"Point","coordinates":[112.4,-7.1]}},{"type":"Feature","properties":{"Line":"S140","Sp":"2264.5","X":"649300.5","Y":"9211075.3","NAMOBJ":"Banjarejo","WADMKC":"Sukodadi","WADMKK":"Lamongan"},"geometry":{"type":"Point","coordinates":[112.4,-7.1]}},{"type":"Feature","properties":{"Line":"S140","Sp":"2268.5","X":"649300.5","Y":"9211025.3","NAMOBJ":"Banjarejo","WADMKC":"Sukodadi","WADMKK":"Lamongan"},"geometry":{"type":"Point","coordinates":[112.4,-7.1]}},{"type":"Feature","properties":{"Line":"S140","Sp":"2272.5","X":"649300.5","Y":"9210975.3","NAMOBJ":"Banjarejo","WADMKC":"Sukodadi","WADMKK":"Lamongan"},"geometry":{"type":"Point","coordinates":[112.4,-7.1]}},{"type":"Feature","properties":{"Line":"S140","Sp":"2276.5","X":"649300.5","Y":"9210925.3","NAMOBJ":"Banjarejo","WADMKC":"Sukodadi","WADMKK":"Lamongan"},"geometry":{"type":"Point","coordinates":[112.4,-7.1]}},{"type":"Feature","properties":{"Line":"S140","Sp":"2280.5","X":"649300.5","Y":"9210875.3","NAMOBJ":"Banjarejo","WADMKC":"Sukodadi","WADMKK":"Lamongan"},"geometry":{"type":"Point","coordinates":[112.4,-7.1]}},{"type":"Feature","properties":{"Line":"S140","Sp":"2284.5","X":"649300.5","Y":"9210825.3","NAMOBJ":"Banjarejo","WADMKC":"Sukodadi","WADMKK":"Lamongan"},"geometry":{"type":"Point","coordinates":[112.4,-7.1]}},{"type":"Feature","properties":{"Line":"S140","Sp":"2288.5","X":"649300.5","Y":"9210775.3","NAMOBJ":"Banjarejo","WADMKC":"Sukodadi","WADMKK":"Lamongan"},"geometry":{"type":"Point","coordinates":[112.4,-7.1]}},{"type":"Feature","properties":{"Line":"S140","Sp":"2292.5","X":"649300.5","Y":"9210725.3","NAMOBJ":"Banjarejo","WADMKC":"Sukodadi","WADMKK":"Lamongan"},"geometry":{"type":"Point","coordinates":[112.4,-7.1]}},{"type":"Feature","properties":{"Line":"S140","Sp":"2296.5","X":"649300.5","Y":"9210675.3","NAMOBJ":"Banjarejo","WADMKC":"Sukodadi","WADMKK":"Lamongan"},"geometry":{"type":"Point","coordinates":[112.4,-7.1]}},{"type":"Feature","properties":{"Line":"S140","Sp":"2300.5","X":"649300.5","Y":"9210625.3","NAMOBJ":"Banjarejo","WADMKC":"Sukodadi","WADMKK":"Lamongan"},"geometry":{"type":"Point","coordinates":[112.4,-7.1]}},{"type":"Feature","properties":{"Line":"S140","Sp":"2304.5","X":"649300.5","Y":"9210575.3","NAMOBJ":"Banjarejo","WADMKC":"Sukodadi","WADMKK":"Lamongan"},"geometry":{"type":"Point","coordinates":[112.4,-7.1]}},{"type":"Feature","properties":{"Line":"S140","Sp":"2308.5","X":"649300.5","Y":"9210525.3","NAMOBJ":"Banjarejo","WADMKC":"Sukodadi","WADMKK":"Lamongan"},"geometry":{"type":"Point","coordinates":[112.4,-7.1]}},{"type":"Feature","properties":{"Line":"S140","Sp":"2312.5","X":"649300.5","Y":"9210475.3","NAMOBJ":"Banjarejo","WADMKC":"Sukodadi","WADMKK":"Lamongan"},"geometry":{"type":"Point","coordinates":[112.4,-7.1]}},{"type":"Feature","properties":{"Line":"S140","Sp":"2316.5","X":"649300.5","Y":"9210425.3","NAMOBJ":"Banjarejo","WADMKC":"Sukodadi","WADMKK":"Lamongan"},"geometry":{"type":"Point","coordinates":[112.4,-7.1]}},{"type":"Feature","properties":{"Line":"S140","Sp":"2320.5","X":"649300.5","Y":"9210375.3","NAMOBJ":"Banjarejo","WADMKC":"Sukodadi","WADMKK":"Lamongan"},"geometry":{"type":"Point","coordinates":[112.4,-7.1]}},{"type":"Feature","properties":{"Line":"S140","Sp":"2324.5","X":"649300.5","Y":"9210325.3","NAMOBJ":"Banjarejo","WADMKC":"Sukodadi","WADMKK":"Lamongan"},"geometry":{"type":"Point","coordinates":[112.4,-7.1]}},{"type":"Feature","properties":{"Line":"S140","Sp":"2328.5","X":"649300.5","Y":"9210275.3","NAMOBJ":"Banjarejo","WADMKC":"Sukodadi","WADMKK":"Lamongan"},"geometry":{"type":"Point","coordinates":[112.4,-7.1]}},{"type":"Feature","properties":{"Line":"S140","Sp":"2332.5","X":"649300.5","Y":"9210225.3","NAMOBJ":"Banjarejo","WADMKC":"Sukodadi","WADMKK":"Lamongan"},"geometry":{"type":"Point","coordinates":[112.4,-7.1]}},{"type":"Feature","properties":{"Line":"S140","Sp":"2336.5","X":"649300.5","Y":"9210175.3","NAMOBJ":"Banjarejo","WADMKC":"Sukodadi","WADMKK":"Lamongan"},"geometry":{"type":"Point","coordinates":[112.4,-7.1]}},{"type":"Feature","properties":{"Line":"S140","Sp":"2340.5","X":"649300.5","Y":"9210125.3","NAMOBJ":"Banjarejo","WADMKC":"Sukodadi","WADMKK":"Lamongan"},"geometry":{"type":"Point","coordinates":[112.4,-7.1]}},{"type":"Feature","properties":{"Line":"S105","Sp":"3060.5","X":"649725.5","Y":"9210800.3","NAMOBJ":"Baturono","WADMKC":"Sukodadi","WADMKK":"Lamongan"},"geometry":{"type":"Point","coordinates":[112.4,-7.1]}},{"type":"Feature","properties":{"Line":"S107","Sp":"3148.5","X":"650075.5","Y":"9211800.3","NAMOBJ":"Baturono","WADMKC":"Sukodadi","WADMKK":"Lamongan"},"geometry":{"type":"Point","coordinates":[112.4,-7.1]}},{"type":"Feature","properties":{"Line":"S107","Sp":"3152.5","X":"650125.5","Y":"9211800.3","NAMOBJ":"Baturono","WADMKC":"Sukodadi","WADMKK":"Lamongan"},"geometry":{"type":"Point","coordinates":[112.4,-7.1]}},{"type":"Feature","properties":{"Line":"S107","Sp":"3156.5","X":"650175.5","Y":"9211800.3","NAMOBJ":"Baturono","WADMKC":"Sukodadi","WADMKK":"Lamongan"},"geometry":{"type":"Point","coordinates":[112.4,-7.1]}},{"type":"Feature","properties":{"Line":"S107","Sp":"3160.5","X":"650225.5","Y":"9211800.3","NAMOBJ":"Baturono","WADMKC":"Sukodadi","WADMKK":"Lamongan"},"geometry":{"type":"Point","coordinates":[112.4,-7.1]}},{"type":"Feature","properties":{"Line":"S107","Sp":"3164.5","X":"650275.5","Y":"9211800.3","NAMOBJ":"Baturono","WADMKC":"Sukodadi","WADMKK":"Lamongan"},"geometry":{"type":"Point","coordinates":[112.4,-7.1]}},{"type":"Feature","properties":{"Line":"S107","Sp":"3168.5","X":"650325.5","Y":"9211800.3","NAMOBJ":"Baturono","WADMKC":"Sukodadi","WADMKK":"Lamongan"},"geometry":{"type":"Point","coordinates":[112.4,-7.1]}},{"type":"Feature","properties":{"Line":"S107","Sp":"3172.5","X":"650375.5","Y":"9211800.3","NAMOBJ":"Baturono","WADMKC":"Sukodadi","WADMKK":"Lamongan"},"geometry":{"type":"Point","coordinates":[112.4,-7.1]}},{"type":"Feature","properties":{"Line":"S107","Sp":"3176.5","X":"650425.5","Y":"9211800.3","NAMOBJ":"Baturono","WADMKC":"Sukodadi","WADMKK":"Lamongan"},"geometry":{"type":"Point","coordinates":[112.4,-7.1]}},{"type":"Feature","properties":{"Line":"S107","Sp":"3180.5","X":"650475.5","Y":"9211800.3","NAMOBJ":"Baturono","WADMKC":"Sukodadi","WADMKK":"Lamongan"},"geometry":{"type":"Point","coordinates":[112.4,-7.1]}},{"type":"Feature","properties":{"Line":"S107","Sp":"3184.5","X":"650525.5","Y":"9211800.3","NAMOBJ":"Baturono","WADMKC":"Sukodadi","WADMKK":"Lamongan"},"geometry":{"type":"Point","coordinates":[112.4,-7.1]}},{"type":"Feature","properties":{"Line":"S140","Sp":"2172.5","X":"649300.5","Y":"9212225.3","NAMOBJ":"Baturono","WADMKC":"Sukodadi","WADMKK":"Lamongan"},"geometry":{"type":"Point","coordinates":[112.4,-7.1]}},{"type":"Feature","properties":{"Line":"S140","Sp":"2176.5","X":"649300.5","Y":"9212175.3","NAMOBJ":"Baturono","WADMKC":"Sukodadi","WADMKK":"Lamongan"},"geometry":{"type":"Point","coordinates":[112.4,-7.1]}},{"type":"Feature","properties":{"Line":"S140","Sp":"2180.5","X":"649300.5","Y":"9212125.3","NAMOBJ":"Baturono","WADMKC":"Sukodadi","WADMKK":"Lamongan"},"geometry":{"type":"Point","coordinates":[112.4,-7.1]}},{"type":"Feature","properties":{"Line":"S140","Sp":"2184.5","X":"649300.5","Y":"9212075.3","NAMOBJ":"Baturono","WADMKC":"Sukodadi","WADMKK":"Lamongan"},"geometry":{"type":"Point","coordinates":[112.4,-7.1]}},{"type":"Feature","properties":{"Line":"S142","Sp":"2116.5","X":"650300.5","Y":"9211875.3","NAMOBJ":"Baturono","WADMKC":"Sukodadi","WADMKK":"Lamongan"},"geometry":{"type":"Point","coordinates":[112.4,-7.1]}},{"type":"Feature","properties":{"Line":"S142","Sp":"2120.5","X":"650300.5","Y":"9211825.3","NAMOBJ":"Baturono","WADMKC":"Sukodadi","WADMKK":"Lamongan"},"geometry":{"type":"Point","coordinates":[112.4,-7.1]}},{"type":"Feature","properties":{"Line":"S142","Sp":"2124.5","X":"650300.5","Y":"9211775.3","NAMOBJ":"Baturono","WADMKC":"Sukodadi","WADMKK":"Lamongan"},"geometry":{"type":"Point","coordinates":[112.4,-7.1]}},{"type":"Feature","properties":{"Line":"S142","Sp":"2128.5","X":"650300.5","Y":"9211725.3","NAMOBJ":"Baturono","WADMKC":"Sukodadi","WADMKK":"Lamongan"},"geometry":{"type":"Point","coordinates":[112.4,-7.1]}},{"type":"Feature","properties":{"Line":"S142","Sp":"2132.5","X":"650300.5","Y":"9211675.3","NAMOBJ":"Baturono","WADMKC":"Sukodadi","WADMKK":"Lamongan"},"geometry":{"type":"Point","coordinates":[112.4,-7.1]}},{"type":"Feature","properties":{"Line":"S142","Sp":"2136.5","X":"650300.5","Y":"9211625.3","NAMOBJ":"Baturono","WADMKC":"Sukodadi","WADMKK":"Lamongan"},"geometry":{"type":"Point","coordinates":[112.4,-7.1]}},{"type":"Feature","properties":{"Line":"S142","Sp":"2140.5","X":"650300.5","Y":"9211575.3","NAMOBJ":"Baturono","WADMKC":"Sukodadi","WADMKK":"Lamongan"},"geometry":{"type":"Point","coordinates":[112.4,-7.1]}},{"type":"Feature","properties":{"Line":"S142","Sp":"2144.5","X":"650300.5","Y":"9211525.3","NAMOBJ":"Baturono","WADMKC":"Sukodadi","WADMKK":"Lamongan"},"geometry":{"type":"Point","coordinates":[112.4,-7.1]}},{"type":"Feature","properties":{"Line":"S142","Sp":"2148.5","X":"650300.5","Y":"9211475.3","NAMOBJ":"Baturono","WADMKC":"Sukodadi","WADMKK":"Lamongan"},"geometry":{"type":"Point","coordinates":[112.4,-7.1]}},{"type":"Feature","properties":{"Line":"S142","Sp":"2152.5","X":"650300.5","Y":"9211425.3","NAMOBJ":"Baturono","WADMKC":"Sukodadi","WADMKK":"Lamongan"},"geometry":{"type":"Point","coordinates":[112.4,-7.1]}},{"type":"Feature","properties":{"Line":"S142","Sp":"2156.5","X":"650300.5","Y":"9211375.3","NAMOBJ":"Baturono","WADMKC":"Sukodadi","WADMKK":"Lamongan"},"geometry":{"type":"Point","coordinates":[112.4,-7.1]}},{"type":"Feature","properties":{"Line":"S142","Sp":"2160.5","X":"650300.5","Y":"9211325.3","NAMOBJ":"Baturono","WADMKC":"Sukodadi","WADMKK":"Lamongan"},"geometry":{"type":"Point","coordinates":[112.4,-7.1]}},{"type":"Feature","properties":{"Line":"S142","Sp":"2164.5","X":"650300.5","Y":"9211275.3","NAMOBJ":"Baturono","WADMKC":"Sukodadi","WADMKK":"Lamongan"},"geometry":{"type":"Point","coordinates":[112.4,-7.1]}},{"type":"Feature","properties":{"Line":"S142","Sp":"2168.5","X":"650300.5","Y":"9211225.3","NAMOBJ":"Baturono","WADMKC":"Sukodadi","WADMKK":"Lamongan"},"geometry":{"type":"Point","coordinates":[112.4,-7.1]}},{"type":"Feature","properties":{"Line":"S142","Sp":"2172.5","X":"650300.5","Y":"9211175.3","NAMOBJ":"Baturono","WADMKC":"Sukodadi","WADMKK":"Lamongan"},"geometry":{"type":"Point","coordinates":[112.4,-7.1]}},{"type":"Feature","properties":{"Line":"S142","Sp":"2176.5","X":"650300.5","Y":"9211125.3","NAMOBJ":"Baturono","WADMKC":"Sukodadi","WADMKK":"Lamongan"},"geometry":{"type":"Point","coordinates":[112.4,-7.1]}},{"type":"Feature","properties":{"Line":"S142","Sp":"2180.5","X":"650300.5","Y":"9211075.3","NAMOBJ":"Baturono","WADMKC":"Sukodadi","WADMKK":"Lamongan"},"geometry":{"type":"Point","coordinates":[112.4,-7.1]}},{"type":"Feature","properties":{"Line":"S142","Sp":"2184.5","X":"650300.5","Y":"9211025.3","NAMOBJ":"Baturono","WADMKC":"Sukodadi","WADMKK":"Lamongan"},"geometry":{"type":"Point","coordinates":[112.4,-7.1]}},{"type":"Feature","properties":{"Line":"S142","Sp":"2188.5","X":"650300.5","Y":"9210975.3","NAMOBJ":"Baturono","WADMKC":"Sukodadi","WADMKK":"Lamongan"},"geometry":{"type":"Point","coordinates":[112.4,-7.1]}},{"type":"Feature","properties":{"Line":"S142","Sp":"2192.5","X":"650300.5","Y":"9210925.3","NAMOBJ":"Baturono","WADMKC":"Sukodadi","WADMKK":"Lamongan"},"geometry":{"type":"Point","coordinates":[112.4,-7.1]}},{"type":"Feature","properties":{"Line":"S142","Sp":"2196.5","X":"650300.5","Y":"9210875.3","NAMOBJ":"Baturono","WADMKC":"Sukodadi","WADMKK":"Lamongan"},"geometry":{"type":"Point","coordinates":[112.4,-7.1]}},{"type":"Feature","properties":{"Line":"S142","Sp":"2200.5","X":"650300.5","Y":"9210825.3","NAMOBJ":"Baturono","WADMKC":"Sukodadi","WADMKK":"Lamongan"},"geometry":{"type":"Point","coordinates":[112.4,-7.1]}},{"type":"Feature","properties":{"Line":"S142","Sp":"2204.5","X":"650300.5","Y":"9210775.3","NAMOBJ":"Baturono","WADMKC":"Sukodadi","WADMKK":"Lamongan"},"geometry":{"type":"Point","coordinates":[112.4,-7.1]}},{"type":"Feature","properties":{"Line":"S142","Sp":"2208.5","X":"650300.5","Y":"9210725.3","NAMOBJ":"Baturono","WADMKC":"Sukodadi","WADMKK":"Lamongan"},"geometry":{"type":"Point","coordinates":[112.4,-7.1]}},{"type":"Feature","properties":{"Line":"S142","Sp":"2212.5","X":"650300.5","Y":"9210675.3","NAMOBJ":"Baturono","WADMKC":"Sukodadi","WADMKK":"Lamongan"},"geometry":{"type":"Point","coordinates":[112.4,-7.1]}},{"type":"Feature","properties":{"Line":"S142","Sp":"2216.5","X":"650300.5","Y":"9210625.3","NAMOBJ":"Baturono","WADMKC":"Sukodadi","WADMKK":"Lamongan"},"geometry":{"type":"Point","coordinates":[112.4,-7.1]}},{"type":"Feature","properties":{"Line":"S142","Sp":"2220.5","X":"650300.5","Y":"9210575.3","NAMOBJ":"Baturono","WADMKC":"Sukodadi","WADMKK":"Lamongan"},"geometry":{"type":"Point","coordinates":[112.4,-7.1]}},{"type":"Feature","properties":{"Line":"S142","Sp":"2224.5","X":"650300.5","Y":"9210525.3","NAMOBJ":"Baturono","WADMKC":"Sukodadi","WADMKK":"Lamongan"},"geometry":{"type":"Point","coordinates":[112.4,-7.1]}},{"type":"Feature","properties":{"Line":"S142","Sp":"2228.5","X":"650300.5","Y":"9210475.3","NAMOBJ":"Baturono","WADMKC":"Sukodadi","WADMKK":"Lamongan"},"geometry":{"type":"Point","coordinates":[112.4,-7.1]}},{"type":"Feature","properties":{"Line":"S142","Sp":"2232.5","X":"650300.5","Y":"9210425.3","NAMOBJ":"Baturono","WADMKC":"Sukodadi","WADMKK":"Lamongan"},"geometry":{"type":"Point","coordinates":[112.4,-7.1]}},{"type":"Feature","properties":{"Line":"S142","Sp":"2236.5","X":"650300.5","Y":"9210375.3","NAMOBJ":"Baturono","WADMKC":"Sukodadi","WADMKK":"Lamongan"},"geometry":{"type":"Point","coordinates":[112.4,-7.1]}},{"type":"Feature","properties":{"Line":"S142","Sp":"2240.5","X":"650300.5","Y":"9210325.3","NAMOBJ":"Baturono","WADMKC":"Sukodadi","WADMKK":"Lamongan"},"geometry":{"type":"Point","coordinates":[112.4,-7.1]}},{"type":"Feature","properties":{"Line":"S142","Sp":"2244.5","X":"650300.5","Y":"9210275.3","NAMOBJ":"Baturono","WADMKC":"Sukodadi","WADMKK":"Lamongan"},"geometry":{"type":"Point","coordinates":[112.4,-7.1]}},{"type":"Feature","properties":{"Line":"S142","Sp":"2248.5","X":"650300.5","Y":"9210225.3","NAMOBJ":"Baturono","WADMKC":"Sukodadi","WADMKK":"Lamongan"},"geometry":{"type":"Point","coordinates":[112.4,-7.1]}},{"type":"Feature","properties":{"Line":"S142","Sp":"2252.5","X":"650300.5","Y":"9210175.3","NAMOBJ":"Baturono","WADMKC":"Sukodadi","WADMKK":"Lamongan"},"geometry":{"type":"Point","coordinates":[112.4,-7.1]}},{"type":"Feature","properties":{"Line":"S142","Sp":"2256.5","X":"650300.5","Y":"9210125.3","NAMOBJ":"Baturono","WADMKC":"Sukodadi","WADMKK":"Lamongan"},"geometry":{"type":"Point","coordinates":[112.4,-7.1]}},{"type":"Feature","properties":{"Line":"S142","Sp":"2260.5","X":"650300.5","Y":"9210075.3","NAMOBJ":"Baturono","WADMKC":"Sukodadi","WADMKK":"Lamongan"},"geometry":{"type":"Point","coordinates":[112.4,-7.1]}},{"type":"Feature","properties":{"Line":"S142","Sp":"2264.5","X":"650300.5","Y":"9210025.3","NAMOBJ":"Baturono","WADMKC":"Sukodadi","WADMKK":"Lamongan"},"geometry":{"type":"Point","coordinates":[112.4,-7.1]}},{"type":"Feature","properties":{"Line":"S142","Sp":"2268.5","X":"650300.5","Y":"9209975.3","NAMOBJ":"Baturono","WADMKC":"Sukodadi","WADMKK":"Lamongan"},"geometry":{"type":"Point","coordinates":[112.4,-7.1]}},{"type":"Feature","properties":{"Line":"S142","Sp":"2272.5","X":"650300.5","Y":"9209925.3","NAMOBJ":"Baturono","WADMKC":"Sukodadi","WADMKK":"Lamongan"},"geometry":{"type":"Point","coordinates":[112.4,-7.1]}},{"type":"Feature","properties":{"Line":"S142","Sp":"2276.5","X":"650300.5","Y":"9209875.3","NAMOBJ":"Baturono","WADMKC":"Sukodadi","WADMKK":"Lamongan"},"geometry":{"type":"Point","coordinates":[112.4,-7.1]}},{"type":"Feature","properties":{"Line":"S144","Sp":"2148.5","X":"651300.5","Y":"9210525.3","NAMOBJ":"Baturono","WADMKC":"Sukodadi","WADMKK":"Lamongan"},"geometry":{"type":"Point","coordinates":[112.4,-7.1]}},{"type":"Feature","properties":{"Line":"S144","Sp":"2152.5","X":"651300.5","Y":"9210475.3","NAMOBJ":"Baturono","WADMKC":"Sukodadi","WADMKK":"Lamongan"},"geometry":{"type":"Point","coordinates":[112.4,-7.1]}},{"type":"Feature","properties":{"Line":"S144","Sp":"2156.5","X":"651300.5","Y":"9210425.3","NAMOBJ":"Baturono","WADMKC":"Sukodadi","WADMKK":"Lamongan"},"geometry":{"type":"Point","coordinates":[112.4,-7.1]}},{"type":"Feature","properties":{"Line":"S144","Sp":"2160.5","X":"651300.5","Y":"9210375.3","NAMOBJ":"Baturono","WADMKC":"Sukodadi","WADMKK":"Lamongan"},"geometry":{"type":"Point","coordinates":[112.4,-7.1]}},{"type":"Feature","properties":{"Line":"S144","Sp":"2164.5","X":"651300.5","Y":"9210325.3","NAMOBJ":"Baturono","WADMKC":"Sukodadi","WADMKK":"Lamongan"},"geometry":{"type":"Point","coordinates":[112.4,-7.1]}},{"type":"Feature","properties":{"Line":"S144","Sp":"2168.5","X":"651300.5","Y":"9210275.3","NAMOBJ":"Baturono","WADMKC":"Sukodadi","WADMKK":"Lamongan"},"geometry":{"type":"Point","coordinates":[112.4,-7.1]}},{"type":"Feature","properties":{"Line":"S144","Sp":"2172.5","X":"651300.5","Y":"9210225.3","NAMOBJ":"Baturono","WADMKC":"Sukodadi","WADMKK":"Lamongan"},"geometry":{"type":"Point","coordinates":[112.4,-7.1]}},{"type":"Feature","properties":{"Line":"S144","Sp":"2176.5","X":"651300.5","Y":"9210175.3","NAMOBJ":"Baturono","WADMKC":"Sukodadi","WADMKK":"Lamongan"},"geometry":{"type":"Point","coordinates":[112.4,-7.1]}},{"type":"Feature","properties":{"Line":"S144","Sp":"2180.5","X":"651300.5","Y":"9210125.3","NAMOBJ":"Baturono","WADMKC":"Sukodadi","WADMKK":"Lamongan"},"geometry":{"type":"Point","coordinates":[112.4,-7.1]}},{"type":"Feature","properties":{"Line":"S117","Sp":"3008.5","X":"649125.5","Y":"9216800.3","NAMOBJ":"Geger","WADMKC":"Turi","WADMKK":"Lamongan"},"geometry":{"type":"Point","coordinates":[112.4,-7.1]}},{"type":"Feature","properties":{"Line":"S117","Sp":"3012.5","X":"649175.5","Y":"9216800.3","NAMOBJ":"Geger","WADMKC":"Turi","WADMKK":"Lamongan"},"geometry":{"type":"Point","coordinates":[112.4,-7.1]}},{"type":"Feature","properties":{"Line":"S117","Sp":"3016.5","X":"649225.5","Y":"9216800.3","NAMOBJ":"Geger","WADMKC":"Turi","WADMKK":"Lamongan"},"geometry":{"type":"Point","coordinates":[112.4,-7.1]}},{"type":"Feature","properties":{"Line":"S117","Sp":"3020.5","X":"649275.5","Y":"9216800.3","NAMOBJ":"Geger","WADMKC":"Turi","WADMKK":"Lamongan"},"geometry":{"type":"Point","coordinates":[112.4,-7.1]}},{"type":"Feature","properties":{"Line":"S117","Sp":"3024.5","X":"649325.5","Y":"9216800.3","NAMOBJ":"Geger","WADMKC":"Turi","WADMKK":"Lamongan"},"geometry":{"type":"Point","coordinates":[112.4,-7.1]}},{"type":"Feature","properties":{"Line":"S117","Sp":"3028.5","X":"649375.5","Y":"9216800.3","NAMOBJ":"Geger","WADMKC":"Turi","WADMKK":"Lamongan"},"geometry":{"type":"Point","coordinates":[112.4,-7.1]}},{"type":"Feature","properties":{"Line":"S117","Sp":"3032.5","X":"649425.5","Y":"9216800.3","NAMOBJ":"Geger","WADMKC":"Turi","WADMKK":"Lamongan"},"geometry":{"type":"Point","coordinates":[112.4,-7.1]}},{"type":"Feature","properties":{"Line":"S117","Sp":"3036.5","X":"649475.5","Y":"9216800.3","NAMOBJ":"Geger","WADMKC":"Turi","WADMKK":"Lamongan"},"geometry":{"type":"Point","coordinates":[112.4,-7.1]}},{"type":"Feature","properties":{"Line":"S117","Sp":"3040.5","X":"649525.5","Y":"9216800.3","NAMOBJ":"Geger","WADMKC":"Turi","WADMKK":"Lamongan"},"geometry":{"type":"Point","coordinates":[112.4,-7.1]}},{"type":"Feature","properties":{"Line":"S117","Sp":"3044.5","X":"649575.5","Y":"9216800.3","NAMOBJ":"Geger","WADMKC":"Turi","WADMKK":"Lamongan"},"geometry":{"type":"Point","coordinates":[112.4,-7.1]}},{"type":"Feature","properties":{"Line":"S117","Sp":"3048.5","X":"649625.5","Y":"9216800.3","NAMOBJ":"Geger","WADMKC":"Turi","WADMKK":"Lamongan"},"geometry":{"type":"Point","coordinates":[112.4,-7.1]}},{"type":"Feature","properties":{"Line":"S119","Sp":"3084.5","X":"649125.5","Y":"9217800.3","NAMOBJ":"Geger","WADMKC":"Turi","WADMKK":"Lamongan"},"geometry":{"type":"Point","coordinates":[112.4,-7.1]}},{"type":"Feature","properties":{"Line":"S119","Sp":"3088.5","X":"649175.5","Y":"9217800.3","NAMOBJ":"Geger","WADMKC":"Turi","WADMKK":"Lamongan"},"geometry":{"type":"Point","coordinates":[112.4,-7.1]}},{"type":"Feature","properties":{"Line":"S119","Sp":"3092.5","X":"649225.5","Y":"9217800.3","NAMOBJ":"Geger","WADMKC":"Turi","WADMKK":"Lamongan"},"geometry":{"type":"Point","coordinates":[112.4,-7.1]}},{"type":"Feature","properties":{"Line":"S119","Sp":"3096.5","X":"649275.5","Y":"9217800.3","NAMOBJ":"Geger","WADMKC":"Turi","WADMKK":"Lamongan"},"geometry":{"type":"Point","coordinates":[112.4,-7.1]}},{"type":"Feature","properties":{"Line":"S119","Sp":"3100.5","X":"649325.5","Y":"9217800.3","NAMOBJ":"Geger","WADMKC":"Turi","WADMKK":"Lamongan"},"geometry":{"type":"Point","coordinates":[112.4,-7.1]}},{"type":"Feature","properties":{"Line":"S119","Sp":"3104.5","X":"649375.5","Y":"9217800.3","NAMOBJ":"Geger","WADMKC":"Turi","WADMKK":"Lamongan"},"geometry":{"type":"Point","coordinates":[112.4,-7.1]}},{"type":"Feature","properties":{"Line":"S119","Sp":"3108.5","X":"649425.5","Y":"9217800.3","NAMOBJ":"Geger","WADMKC":"Turi","WADMKK":"Lamongan"},"geometry":{"type":"Point","coordinates":[112.4,-7.1]}},{"type":"Feature","properties":{"Line":"S119","Sp":"3112.5","X":"649475.5","Y":"9217800.3","NAMOBJ":"Geger","WADMKC":"Turi","WADMKK":"Lamongan"},"geometry":{"type":"Point","coordinates":[112.4,-7.1]}},{"type":"Feature","properties":{"Line":"S119","Sp":"3116.5","X":"649525.5","Y":"9217800.3","NAMOBJ":"Geger","WADMKC":"Turi","WADMKK":"Lamongan"},"geometry":{"type":"Point","coordinates":[112.4,-7.1]}},{"type":"Feature","properties":{"Line":"S119","Sp":"3120.5","X":"649575.5","Y":"9217800.3","NAMOBJ":"Geger","WADMKC":"Turi","WADMKK":"Lamongan"},"geometry":{"type":"Point","coordinates":[112.4,-7.1]}},{"type":"Feature","properties":{"Line":"S119","Sp":"3124.5","X":"649625.5","Y":"9217800.3","NAMOBJ":"Geger","WADMKC":"Turi","WADMKK":"Lamongan"},"geometry":{"type":"Point","coordinates":[112.4,-7.1]}},{"type":"Feature","properties":{"Line":"S119","Sp":"3128.5","X":"649675.5","Y":"9217800.3","NAMOBJ":"Geger","WADMKC":"Turi","WADMKK":"Lamongan"},"geometry":{"type":"Point","coordinates":[112.4,-7.1]}},{"type":"Feature","properties":{"Line":"S119","Sp":"3132.5","X":"649725.5","Y":"9217800.3","NAMOBJ":"Geger","WADMKC":"Turi","WADMKK":"Lamongan"},"geometry":{"type":"Point","coordinates":[112.4,-7.1]}},{"type":"Feature","properties":{"Line":"S119","Sp":"3136.5","X":"649775.5","Y":"9217800.3","NAMOBJ":"Geger","WADMKC":"Turi","WADMKK":"Lamongan"},"geometry":{"type":"Point","coordinates":[112.4,-7.1]}},{"type":"Feature","properties":{"Line":"S119","Sp":"3140.5","X":"649825.5","Y":"9217800.3","NAMOBJ":"Geger","WADMKC":"Turi","WADMKK":"Lamongan"},"geometry":{"type":"Point","coordinates":[112.4,-7.1]}},{"type":"Feature","properties":{"Line":"S119","Sp":"3144.5","X":"649875.5","Y":"9217800.3","NAMOBJ":"Geger","WADMKC":"Turi","WADMKK":"Lamongan"},"geometry":{"type":"Point","coordinates":[112.4,-7.1]}},{"type":"Feature","properties":{"Line":"S119","Sp":"3148.5","X":"649925.5","Y":"9217800.3","NAMOBJ":"Geger","WADMKC":"Turi","WADMKK":"Lamongan"},"geometry":{"type":"Point","coordinates":[112.4,-7.1]}},{"type":"Feature","properties":{"Line":"S119","Sp":"3152.5","X":"649975.5","Y":"9217800.3","NAMOBJ":"Geger","WADMKC":"Turi","WADMKK":"Lamongan"},"geometry":{"type":"Point","coordinates":[112.4,-7.1]}},{"type":"Feature","properties":{"Line":"S121","Sp":"3092.5","X":"649125.5","Y":"9218800.3","NAMOBJ":"Geger","WADMKC":"Turi","WADMKK":"Lamongan"},"geometry":{"type":"Point","coordinates":[112.4,-7.1]}},{"type":"Feature","properties":{"Line":"S121","Sp":"3096.5","X":"649175.5","Y":"9218800.3","NAMOBJ":"Geger","WADMKC":"Turi","WADMKK":"Lamongan"},"geometry":{"type":"Point","coordinates":[112.4,-7.1]}},{"type":"Feature","properties":{"Line":"S121","Sp":"3100.5","X":"649225.5","Y":"9218800.3","NAMOBJ":"Geger","WADMKC":"Turi","WADMKK":"Lamongan"},"geometry":{"type":"Point","coordinates":[112.4,-7.1]}},{"type":"Feature","properties":{"Line":"S121","Sp":"3104.5","X":"649275.5","Y":"9218800.3","NAMOBJ":"Geger","WADMKC":"Turi","WADMKK":"Lamongan"},"geometry":{"type":"Point","coordinates":[112.4,-7.1]}},{"type":"Feature","properties":{"Line":"S121","Sp":"3108.5","X":"649325.5","Y":"9218800.3","NAMOBJ":"Geger","WADMKC":"Turi","WADMKK":"Lamongan"},"geometry":{"type":"Point","coordinates":[112.4,-7.1]}},{"type":"Feature","properties":{"Line":"S121","Sp":"3112.5","X":"649375.5","Y":"9218800.3","NAMOBJ":"Geger","WADMKC":"Turi","WADMKK":"Lamongan"},"geometry":{"type":"Point","coordinates":[112.4,-7.1]}},{"type":"Feature","properties":{"Line":"S121","Sp":"3116.5","X":"649425.5","Y":"9218800.3","NAMOBJ":"Geger","WADMKC":"Turi","WADMKK":"Lamongan"},"geometry":{"type":"Point","coordinates":[112.4,-7.1]}},{"type":"Feature","properties":{"Line":"S121","Sp":"3120.5","X":"649475.5","Y":"9218800.3","NAMOBJ":"Geger","WADMKC":"Turi","WADMKK":"Lamongan"},"geometry":{"type":"Point","coordinates":[112.4,-7.1]}},{"type":"Feature","properties":{"Line":"S121","Sp":"3124.5","X":"649525.5","Y":"9218800.3","NAMOBJ":"Geger","WADMKC":"Turi","WADMKK":"Lamongan"},"geometry":{"type":"Point","coordinates":[112.4,-7.1]}},{"type":"Feature","properties":{"Line":"S121","Sp":"3128.5","X":"649575.5","Y":"9218800.3","NAMOBJ":"Geger","WADMKC":"Turi","WADMKK":"Lamongan"},"geometry":{"type":"Point","coordinates":[112.4,-7.1]}},{"type":"Feature","properties":{"Line":"S121","Sp":"3132.5","X":"649625.5","Y":"9218800.3","NAMOBJ":"Geger","WADMKC":"Turi","WADMKK":"Lamongan"},"geometry":{"type":"Point","coordinates":[112.4,-7.1]}},{"type":"Feature","properties":{"Line":"S121","Sp":"3136.5","X":"649675.5","Y":"9218800.3","NAMOBJ":"Geger","WADMKC":"Turi","WADMKK":"Lamongan"},"geometry":{"type":"Point","coordinates":[112.4,-7.1]}},{"type":"Feature","properties":{"Line":"S140","Sp":"1556.5","X":"649300.5","Y":"9219925.3","NAMOBJ":"Geger","WADMKC":"Turi","WADMKK":"Lamongan"},"geometry":{"type":"Point","coordinates":[112.4,-7.1]}},{"type":"Feature","properties":{"Line":"S140","Sp":"1560.5","X":"649300.5","Y":"9219875.3","NAMOBJ":"Geger","WADMKC":"Turi","WADMKK":"Lamongan"},"geometry":{"type":"Point","coordinates":[112.4,-7.1]}},{"type":"Feature","properties":{"Line":"S140","Sp":"1564.5","X":"649300.5","Y":"9219825.3","NAMOBJ":"Geger","WADMKC":"Turi","WADMKK":"Lamongan"},"geometry":{"type":"Point","coordinates":[112.4,-7.1]}},{"type":"Feature","properties":{"Line":"S140","Sp":"1568.5","X":"649300.5","Y":"9219775.3","NAMOBJ":"Geger","WADMKC":"Turi","WADMKK":"Lamongan"},"geometry":{"type":"Point","coordinates":[112.4,-7.1]}},{"type":"Feature","properties":{"Line":"S140","Sp":"1572.5","X":"649300.5","Y":"9219725.3","NAMOBJ":"Geger","WADMKC":"Turi","WADMKK":"Lamongan"},"geometry":{"type":"Point","coordinates":[112.4,-7.1]}},{"type":"Feature","properties":{"Line":"S140","Sp":"1576.5","X":"649300.5","Y":"9219675.3","NAMOBJ":"Geger","WADMKC":"Turi","WADMKK":"Lamongan"},"geometry":{"type":"Point","coordinates":[112.4,-7.1]}},{"type":"Feature","properties":{"Line":"S140","Sp":"1580.5","X":"649300.5","Y":"9219625.3","NAMOBJ":"Geger","WADMKC":"Turi","WADMKK":"Lamongan"},"geometry":{"type":"Point","coordinates":[112.4,-7.1]}},{"type":"Feature","properties":{"Line":"S140","Sp":"1584.5","X":"649300.5","Y":"9219575.3","NAMOBJ":"Geger","WADMKC":"Turi","WADMKK":"Lamongan"},"geometry":{"type":"Point","coordinates":[112.4,-7.1]}},{"type":"Feature","properties":{"Line":"S140","Sp":"1588.5","X":"649300.5","Y":"9219525.3","NAMOBJ":"Geger","WADMKC":"Turi","WADMKK":"Lamongan"},"geometry":{"type":"Point","coordinates":[112.4,-7.1]}},{"type":"Feature","properties":{"Line":"S140","Sp":"1592.5","X":"649300.5","Y":"9219475.3","NAMOBJ":"Geger","WADMKC":"Turi","WADMKK":"Lamongan"},"geometry":{"type":"Point","coordinates":[112.4,-7.1]}},{"type":"Feature","properties":{"Line":"S140","Sp":"1596.5","X":"649300.5","Y":"9219425.3","NAMOBJ":"Geger","WADMKC":"Turi","WADMKK":"Lamongan"},"geometry":{"type":"Point","coordinates":[112.4,-7.1]}},{"type":"Feature","properties":{"Line":"S140","Sp":"1600.5","X":"649300.5","Y":"9219375.3","NAMOBJ":"Geger","WADMKC":"Turi","WADMKK":"Lamongan"},"geometry":{"type":"Point","coordinates":[112.4,-7.1]}},{"type":"Feature","properties":{"Line":"S140","Sp":"1604.5","X":"649300.5","Y":"9219325.3","NAMOBJ":"Geger","WADMKC":"Turi","WADMKK":"Lamongan"},"geometry":{"type":"Point","coordinates":[112.4,-7.1]}},{"type":"Feature","properties":{"Line":"S140","Sp":"1608.5","X":"649300.5","Y":"9219275.3","NAMOBJ":"Geger","WADMKC":"Turi","WADMKK":"Lamongan"},"geometry":{"type":"Point","coordinates":[112.4,-7.1]}},{"type":"Feature","properties":{"Line":"S140","Sp":"1612.5","X":"649300.5","Y":"9219225.3","NAMOBJ":"Geger","WADMKC":"Turi","WADMKK":"Lamongan"},"geometry":{"type":"Point","coordinates":[112.4,-7.1]}},{"type":"Feature","properties":{"Line":"S140","Sp":"1616.5","X":"649300.5","Y":"9219175.3","NAMOBJ":"Geger","WADMKC":"Turi","WADMKK":"Lamongan"},"geometry":{"type":"Point","coordinates":[112.4,-7.1]}},{"type":"Feature","properties":{"Line":"S140","Sp":"1620.5","X":"649300.5","Y":"9219125.3","NAMOBJ":"Geger","WADMKC":"Turi","WADMKK":"Lamongan"},"geometry":{"type":"Point","coordinates":[112.4,-7.1]}},{"type":"Feature","properties":{"Line":"S140","Sp":"1624.5","X":"649300.5","Y":"9219075.3","NAMOBJ":"Geger","WADMKC":"Turi","WADMKK":"Lamongan"},"geometry":{"type":"Point","coordinates":[112.4,-7.1]}},{"type":"Feature","properties":{"Line":"S140","Sp":"1628.5","X":"649300.5","Y":"9219025.3","NAMOBJ":"Geger","WADMKC":"Turi","WADMKK":"Lamongan"},"geometry":{"type":"Point","coordinates":[112.4,-7.1]}},{"type":"Feature","properties":{"Line":"S140","Sp":"1632.5","X":"649300.5","Y":"9218975.3","NAMOBJ":"Geger","WADMKC":"Turi","WADMKK":"Lamongan"},"geometry":{"type":"Point","coordinates":[112.4,-7.1]}},{"type":"Feature","properties":{"Line":"S140","Sp":"1636.5","X":"649300.5","Y":"9218925.3","NAMOBJ":"Geger","WADMKC":"Turi","WADMKK":"Lamongan"},"geometry":{"type":"Point","coordinates":[112.4,-7.1]}},{"type":"Feature","properties":{"Line":"S140","Sp":"1640.5","X":"649300.5","Y":"9218875.3","NAMOBJ":"Geger","WADMKC":"Turi","WADMKK":"Lamongan"},"geometry":{"type":"Point","coordinates":[112.4,-7.1]}},{"type":"Feature","properties":{"Line":"S140","Sp":"1644.5","X":"649300.5","Y":"9218825.3","NAMOBJ":"Geger","WADMKC":"Turi","WADMKK":"Lamongan"},"geometry":{"type":"Point","coordinates":[112.4,-7.1]}},{"type":"Feature","properties":{"Line":"S140","Sp":"1648.5","X":"649300.5","Y":"9218775.3","NAMOBJ":"Geger","WADMKC":"Turi","WADMKK":"Lamongan"},"geometry":{"type":"Point","coordinates":[112.4,-7.1]}},{"type":"Feature","properties":{"Line":"S140","Sp":"1652.5","X":"649300.5","Y":"9218725.3","NAMOBJ":"Geger","WADMKC":"Turi","WADMKK":"Lamongan"},"geometry":{"type":"Point","coordinates":[112.4,-7.1]}},{"type":"Feature","properties":{"Line":"S140","Sp":"1656.5","X":"649300.5","Y":"9218675.3","NAMOBJ":"Geger","WADMKC":"Turi","WADMKK":"Lamongan"},"geometry":{"type":"Point","coordinates":[112.4,-7.1]}},{"type":"Feature","properties":{"Line":"S140","Sp":"1660.5","X":"649300.5","Y":"9218625.3","NAMOBJ":"Geger","WADMKC":"Turi","WADMKK":"Lamongan"},"geometry":{"type":"Point","coordinates":[112.4,-7.1]}},{"type":"Feature","properties":{"Line":"S140","Sp":"1664.5","X":"649300.5","Y":"9218575.3","NAMOBJ":"Geger","WADMKC":"Turi","WADMKK":"Lamongan"},"geometry":{"type":"Point","coordinates":[112.4,-7.1]}},{"type":"Feature","properties":{"Line":"S140","Sp":"1668.5","X":"649300.5","Y":"9218525.3","NAMOBJ":"Geger","WADMKC":"Turi","WADMKK":"Lamongan"},"geometry":{"type":"Point","coordinates":[112.4,-7.1]}},{"type":"Feature","properties":{"Line":"S140","Sp":"1672.5","X":"649300.5","Y":"9218475.3","NAMOBJ":"Geger","WADMKC":"Turi","WADMKK":"Lamongan"},"geometry":{"type":"Point","coordinates":[112.4,-7.1]}},{"type":"Feature","properties":{"Line":"S140","Sp":"1676.5","X":"649300.5","Y":"9218425.3","NAMOBJ":"Geger","WADMKC":"Turi","WADMKK":"Lamongan"},"geometry":{"type":"Point","coordinates":[112.4,-7.1]}},{"type":"Feature","properties":{"Line":"S140","Sp":"1680.5","X":"649300.5","Y":"9218375.3","NAMOBJ":"Geger","WADMKC":"Turi","WADMKK":"Lamongan"},"geometry":{"type":"Point","coordinates":[112.4,-7.1]}},{"type":"Feature","properties":{"Line":"S140","Sp":"1684.5","X":"649300.5","Y":"9218325.3","NAMOBJ":"Geger","WADMKC":"Turi","WADMKK":"Lamongan"},"geometry":{"type":"Point","coordinates":[112.4,-7.1]}},{"type":"Feature","properties":{"Line":"S140","Sp":"1688.5","X":"649300.5","Y":"9218275.3","NAMOBJ":"Geger","WADMKC":"Turi","WADMKK":"Lamongan"},"geometry":{"type":"Point","coordinates":[112.4,-7.1]}},{"type":"Feature","properties":{"Line":"S140","Sp":"1692.5","X":"649300.5","Y":"9218225.3","NAMOBJ":"Geger","WADMKC":"Turi","WADMKK":"Lamongan"},"geometry":{"type":"Point","coordinates":[112.4,-7.1]}},{"type":"Feature","properties":{"Line":"S140","Sp":"1696.5","X":"649300.5","Y":"9218175.3","NAMOBJ":"Geger","WADMKC":"Turi","WADMKK":"Lamongan"},"geometry":{"type":"Point","coordinates":[112.4,-7.1]}},{"type":"Feature","properties":{"Line":"S140","Sp":"1700.5","X":"649300.5","Y":"9218125.3","NAMOBJ":"Geger","WADMKC":"Turi","WADMKK":"Lamongan"},"geometry":{"type":"Point","coordinates":[112.4,-7.1]}},{"type":"Feature","properties":{"Line":"S140","Sp":"1704.5","X":"649300.5","Y":"9218075.3","NAMOBJ":"Geger","WADMKC":"Turi","WADMKK":"Lamongan"},"geometry":{"type":"Point","coordinates":[112.4,-7.1]}},{"type":"Feature","properties":{"Line":"S140","Sp":"1708.5","X":"649300.5","Y":"9218025.3","NAMOBJ":"Geger","WADMKC":"Turi","WADMKK":"Lamongan"},"geometry":{"type":"Point","coordinates":[112.4,-7.1]}},{"type":"Feature","properties":{"Line":"S140","Sp":"1712.5","X":"649300.5","Y":"9217975.3","NAMOBJ":"Geger","WADMKC":"Turi","WADMKK":"Lamongan"},"geometry":{"type":"Point","coordinates":[112.4,-7.1]}},{"type":"Feature","properties":{"Line":"S140","Sp":"1716.5","X":"649300.5","Y":"9217925.3","NAMOBJ":"Geger","WADMKC":"Turi","WADMKK":"Lamongan"},"geometry":{"type":"Point","coordinates":[112.4,-7.1]}},{"type":"Feature","properties":{"Line":"S140","Sp":"1720.5","X":"649300.5","Y":"9217875.3","NAMOBJ":"Geger","WADMKC":"Turi","WADMKK":"Lamongan"},"geometry":{"type":"Point","coordinates":[112.4,-7.1]}},{"type":"Feature","properties":{"Line":"S140","Sp":"1724.5","X":"649300.5","Y":"9217825.3","NAMOBJ":"Geger","WADMKC":"Turi","WADMKK":"Lamongan"},"geometry":{"type":"Point","coordinates":[112.4,-7.1]}},{"type":"Feature","properties":{"Line":"S140","Sp":"1728.5","X":"649300.5","Y":"9217775.3","NAMOBJ":"Geger","WADMKC":"Turi","WADMKK":"Lamongan"},"geometry":{"type":"Point","coordinates":[112.4,-7.1]}},{"type":"Feature","properties":{"Line":"S140","Sp":"1732.5","X":"649300.5","Y":"9217725.3","NAMOBJ":"Geger","WADMKC":"Turi","WADMKK":"Lamongan"},"geometry":{"type":"Point","coordinates":[112.4,-7.1]}},{"type":"Feature","properties":{"Line":"S140","Sp":"1736.5","X":"649300.5","Y":"9217675.3","NAMOBJ":"Geger","WADMKC":"Turi","WADMKK":"Lamongan"},"geometry":{"type":"Point","coordinates":[112.4,-7.1]}},{"type":"Feature","properties":{"Line":"S140","Sp":"1740.5","X":"649300.5","Y":"9217625.3","NAMOBJ":"Geger","WADMKC":"Turi","WADMKK":"Lamongan"},"geometry":{"type":"Point","coordinates":[112.4,-7.1]}},{"type":"Feature","properties":{"Line":"S140","Sp":"1744.5","X":"649300.5","Y":"9217575.3","NAMOBJ":"Geger","WADMKC":"Turi","WADMKK":"Lamongan"},"geometry":{"type":"Point","coordinates":[112.4,-7.1]}},{"type":"Feature","properties":{"Line":"S140","Sp":"1748.5","X":"649300.5","Y":"9217525.3","NAMOBJ":"Geger","WADMKC":"Turi","WADMKK":"Lamongan"},"geometry":{"type":"Point","coordinates":[112.4,-7.1]}},{"type":"Feature","properties":{"Line":"S140","Sp":"1752.5","X":"649300.5","Y":"9217475.3","NAMOBJ":"Geger","WADMKC":"Turi","WADMKK":"Lamongan"},"geometry":{"type":"Point","coordinates":[112.4,-7.1]}},{"type":"Feature","properties":{"Line":"S140","Sp":"1756.5","X":"649300.5","Y":"9217425.3","NAMOBJ":"Geger","WADMKC":"Turi","WADMKK":"Lamongan"},"geometry":{"type":"Point","coordinates":[112.4,-7.1]}},{"type":"Feature","properties":{"Line":"S140","Sp":"1760.5","X":"649300.5","Y":"9217375.3","NAMOBJ":"Geger","WADMKC":"Turi","WADMKK":"Lamongan"},"geometry":{"type":"Point","coordinates":[112.4,-7.1]}},{"type":"Feature","properties":{"Line":"S140","Sp":"1764.5","X":"649300.5","Y":"9217325.3","NAMOBJ":"Geger","WADMKC":"Turi","WADMKK":"Lamongan"},"geometry":{"type":"Point","coordinates":[112.4,-7.1]}},{"type":"Feature","properties":{"Line":"S140","Sp":"1768.5","X":"649300.5","Y":"9217275.3","NAMOBJ":"Geger","WADMKC":"Turi","WADMKK":"Lamongan"},"geometry":{"type":"Point","coordinates":[112.4,-7.1]}},{"type":"Feature","properties":{"Line":"S140","Sp":"1772.5","X":"649300.5","Y":"9217225.3","NAMOBJ":"Geger","WADMKC":"Turi","WADMKK":"Lamongan"},"geometry":{"type":"Point","coordinates":[112.4,-7.1]}},{"type":"Feature","properties":{"Line":"S140","Sp":"1776.5","X":"649300.5","Y":"9217175.3","NAMOBJ":"Geger","WADMKC":"Turi","WADMKK":"Lamongan"},"geometry":{"type":"Point","coordinates":[112.4,-7.1]}},{"type":"Feature","properties":{"Line":"S140","Sp":"1780.5","X":"649300.5","Y":"9217125.3","NAMOBJ":"Geger","WADMKC":"Turi","WADMKK":"Lamongan"},"geometry":{"type":"Point","coordinates":[112.4,-7.1]}},{"type":"Feature","properties":{"Line":"S140","Sp":"1784.5","X":"649300.5","Y":"9217075.3","NAMOBJ":"Geger","WADMKC":"Turi","WADMKK":"Lamongan"},"geometry":{"type":"Point","coordinates":[112.4,-7.1]}},{"type":"Feature","properties":{"Line":"S140","Sp":"1788.5","X":"649300.5","Y":"9217025.3","NAMOBJ":"Geger","WADMKC":"Turi","WADMKK":"Lamongan"},"geometry":{"type":"Point","coordinates":[112.4,-7.1]}},{"type":"Feature","properties":{"Line":"S140","Sp":"1792.5","X":"649300.5","Y":"9216975.3","NAMOBJ":"Geger","WADMKC":"Turi","WADMKK":"Lamongan"},"geometry":{"type":"Point","coordinates":[112.4,-7.1]}},{"type":"Feature","properties":{"Line":"S140","Sp":"1796.5","X":"649300.5","Y":"9216925.3","NAMOBJ":"Geger","WADMKC":"Turi","WADMKK":"Lamongan"},"geometry":{"type":"Point","coordinates":[112.4,-7.1]}},{"type":"Feature","properties":{"Line":"S140","Sp":"1800.5","X":"649300.5","Y":"9216875.3","NAMOBJ":"Geger","WADMKC":"Turi","WADMKK":"Lamongan"},"geometry":{"type":"Point","coordinates":[112.4,-7.1]}},{"type":"Feature","properties":{"Line":"S140","Sp":"1804.5","X":"649300.5","Y":"9216825.3","NAMOBJ":"Geger","WADMKC":"Turi","WADMKK":"Lamongan"},"geometry":{"type":"Point","coordinates":[112.4,-7.1]}},{"type":"Feature","properties":{"Line":"S140","Sp":"1808.5","X":"649300.5","Y":"9216775.3","NAMOBJ":"Geger","WADMKC":"Turi","WADMKK":"Lamongan"},"geometry":{"type":"Point","coordinates":[112.4,-7.1]}},{"type":"Feature","properties":{"Line":"S140","Sp":"1812.5","X":"649300.5","Y":"9216725.3","NAMOBJ":"Geger","WADMKC":"Turi","WADMKK":"Lamongan"},"geometry":{"type":"Point","coordinates":[112.4,-7.1]}},{"type":"Feature","properties":{"Line":"S140","Sp":"1816.5","X":"649300.5","Y":"9216675.3","NAMOBJ":"Geger","WADMKC":"Turi","WADMKK":"Lamongan"},"geometry":{"type":"Point","coordinates":[112.4,-7.1]}},{"type":"Feature","properties":{"Line":"S142","Sp":"1588.5","X":"650300.5","Y":"9218475.3","NAMOBJ":"Geger","WADMKC":"Turi","WADMKK":"Lamongan"},"geometry":{"type":"Point","coordinates":[112.4,-7.1]}},{"type":"Feature","properties":{"Line":"S111","Sp":"3176.5","X":"650325.5","Y":"9213800.3","NAMOBJ":"Karanglangit","WADMKC":"Lamongan","WADMKK":"Lamongan"},"geometry":{"type":"Point","coordinates":[112.4,-7.1]}},{"type":"Feature","properties":{"Line":"S111","Sp":"3180.5","X":"650375.5","Y":"9213800.3","NAMOBJ":"Karanglangit","WADMKC":"Lamongan","WADMKK":"Lamongan"},"geometry":{"type":"Point","coordinates":[112.4,-7.1]}},{"type":"Feature","properties":{"Line":"S111","Sp":"3184.5","X":"650425.5","Y":"9213800.3","NAMOBJ":"Karanglangit","WADMKC":"Lamongan","WADMKK":"Lamongan"},"geometry":{"type":"Point","coordinates":[112.4,-7.1]}},{"type":"Feature","properties":{"Line":"S111","Sp":"3188.5","X":"650475.5","Y":"9213800.3","NAMOBJ":"Karanglangit","WADMKC":"Lamongan","WADMKK":"Lamongan"},"geometry":{"type":"Point","coordinates":[112.4,-7.1]}},{"type":"Feature","properties":{"Line":"S111","Sp":"3192.5","X":"650525.5","Y":"9213800.3","NAMOBJ":"Karanglangit","WADMKC":"Lamongan","WADMKK":"Lamongan"},"geometry":{"type":"Point","coordinates":[112.4,-7.1]}},{"type":"Feature","properties":{"Line":"S111","Sp":"3196.5","X":"650575.5","Y":"9213800.3","NAMOBJ":"Karanglangit","WADMKC":"Lamongan","WADMKK":"Lamongan"},"geometry":{"type":"Point","coordinates":[112.4,-7.1]}},{"type":"Feature","properties":{"Line":"S111","Sp":"3200.5","X":"650625.5","Y":"9213800.3","NAMOBJ":"Karanglangit","WADMKC":"Lamongan","WADMKK":"Lamongan"},"geometry":{"type":"Point","coordinates":[112.4,-7.1]}},{"type":"Feature","properties":{"Line":"S111","Sp":"3204.5","X":"650675.5","Y":"9213800.3","NAMOBJ":"Karanglangit","WADMKC":"Lamongan","WADMKK":"Lamongan"},"geometry":{"type":"Point","coordinates":[112.4,-7.1]}},{"type":"Feature","properties":{"Line":"S111","Sp":"3208.5","X":"650725.5","Y":"9213800.3","NAMOBJ":"Karanglangit","WADMKC":"Lamongan","WADMKK":"Lamongan"},"geometry":{"type":"Point","coordinates":[112.4,-7.1]}},{"type":"Feature","properties":{"Line":"S111","Sp":"3212.5","X":"650775.5","Y":"9213800.3","NAMOBJ":"Karanglangit","WADMKC":"Lamongan","WADMKK":"Lamongan"},"geometry":{"type":"Point","coordinates":[112.4,-7.1]}},{"type":"Feature","properties":{"Line":"S111","Sp":"3216.5","X":"650825.5","Y":"9213800.3","NAMOBJ":"Karanglangit","WADMKC":"Lamongan","WADMKK":"Lamongan"},"geometry":{"type":"Point","coordinates":[112.4,-7.1]}},{"type":"Feature","properties":{"Line":"S111","Sp":"3220.5","X":"650875.5","Y":"9213800.3","NAMOBJ":"Karanglangit","WADMKC":"Lamongan","WADMKK":"Lamongan"},"geometry":{"type":"Point","coordinates":[112.4,-7.1]}},{"type":"Feature","properties":{"Line":"S111","Sp":"3224.5","X":"650925.5","Y":"9213800.3","NAMOBJ":"Karanglangit","WADMKC":"Lamongan","WADMKK":"Lamongan"},"geometry":{"type":"Point","coordinates":[112.4,-7.1]}},{"type":"Feature","properties":{"Line":"S111","Sp":"3228.5","X":"650975.5","Y":"9213800.3","NAMOBJ":"Karanglangit","WADMKC":"Lamongan","WADMKK":"Lamongan"},"geometry":{"type":"Point","coordinates":[112.4,-7.1]}},{"type":"Feature","properties":{"Line":"S111","Sp":"3232.5","X":"651025.5","Y":"9213800.3","NAMOBJ":"Karanglangit","WADMKC":"Lamongan","WADMKK":"Lamongan"},"geometry":{"type":"Point","coordinates":[112.4,-7.1]}},{"type":"Feature","properties":{"Line":"S111","Sp":"3236.5","X":"651075.5","Y":"9213800.3","NAMOBJ":"Karanglangit","WADMKC":"Lamongan","WADMKK":"Lamongan"},"geometry":{"type":"Point","coordinates":[112.4,-7.1]}},{"type":"Feature","properties":{"Line":"S111","Sp":"3240.5","X":"651125.5","Y":"9213800.3","NAMOBJ":"Karanglangit","WADMKC":"Lamongan","WADMKK":"Lamongan"},"geometry":{"type":"Point","coordinates":[112.4,-7.1]}},{"type":"Feature","properties":{"Line":"S111","Sp":"3244.5","X":"651175.5","Y":"9213800.3","NAMOBJ":"Karanglangit","WADMKC":"Lamongan","WADMKK":"Lamongan"},"geometry":{"type":"Point","coordinates":[112.4,-7.1]}},{"type":"Feature","properties":{"Line":"S113","Sp":"3072.5","X":"650125.5","Y":"9214800.3","NAMOBJ":"Karanglangit","WADMKC":"Lamongan","WADMKK":"Lamongan"},"geometry":{"type":"Point","coordinates":[112.4,-7.1]}},{"type":"Feature","properties":{"Line":"S113","Sp":"3076.5","X":"650175.5","Y":"9214800.3","NAMOBJ":"Karanglangit","WADMKC":"Lamongan","WADMKK":"Lamongan"},"geometry":{"type":"Point","coordinates":[112.4,-7.1]}},{"type":"Feature","properties":{"Line":"S113","Sp":"3080.5","X":"650225.5","Y":"9214800.3","NAMOBJ":"Karanglangit","WADMKC":"Lamongan","WADMKK":"Lamongan"},"geometry":{"type":"Point","coordinates":[112.4,-7.1]}},{"type":"Feature","properties":{"Line":"S113","Sp":"3084.5","X":"650275.5","Y":"9214800.3","NAMOBJ":"Karanglangit","WADMKC":"Lamongan","WADMKK":"Lamongan"},"geometry":{"type":"Point","coordinates":[112.4,-7.1]}},{"type":"Feature","properties":{"Line":"S113","Sp":"3096.5","X":"650425.5","Y":"9214800.3","NAMOBJ":"Karanglangit","WADMKC":"Lamongan","WADMKK":"Lamongan"},"geometry":{"type":"Point","coordinates":[112.4,-7.1]}},{"type":"Feature","properties":{"Line":"S113","Sp":"3164.5","X":"651275.5","Y":"9214800.3","NAMOBJ":"Karanglangit","WADMKC":"Lamongan","WADMKK":"Lamongan"},"geometry":{"type":"Point","coordinates":[112.4,-7.1]}},{"type":"Feature","properties":{"Line":"S113","Sp":"3168.5","X":"651325.5","Y":"9214800.3","NAMOBJ":"Karanglangit","WADMKC":"Lamongan","WADMKK":"Lamongan"},"geometry":{"type":"Point","coordinates":[112.4,-7.1]}},{"type":"Feature","properties":{"Line":"S113","Sp":"3172.5","X":"651375.5","Y":"9214800.3","NAMOBJ":"Karanglangit","WADMKC":"Lamongan","WADMKK":"Lamongan"},"geometry":{"type":"Point","coordinates":[112.4,-7.1]}},{"type":"Feature","properties":{"Line":"S113","Sp":"3176.5","X":"651425.5","Y":"9214800.3","NAMOBJ":"Karanglangit","WADMKC":"Lamongan","WADMKK":"Lamongan"},"geometry":{"type":"Point","coordinates":[112.4,-7.1]}},{"type":"Feature","properties":{"Line":"S113","Sp":"3180.5","X":"651475.5","Y":"9214800.3","NAMOBJ":"Karanglangit","WADMKC":"Lamongan","WADMKK":"Lamongan"},"geometry":{"type":"Point","coordinates":[112.4,-7.1]}},{"type":"Feature","properties":{"Line":"S113","Sp":"3184.5","X":"651525.5","Y":"9214800.3","NAMOBJ":"Karanglangit","WADMKC":"Lamongan","WADMKK":"Lamongan"},"geometry":{"type":"Point","coordinates":[112.4,-7.1]}},{"type":"Feature","properties":{"Line":"S113","Sp":"3188.5","X":"651575.5","Y":"9214800.3","NAMOBJ":"Karanglangit","WADMKC":"Lamongan","WADMKK":"Lamongan"},"geometry":{"type":"Point","coordinates":[112.4,-7.1]}},{"type":"Feature","properties":{"Line":"S113","Sp":"3192.5","X":"651625.5","Y":"9214800.3","NAMOBJ":"Karanglangit","WADMKC":"Lamongan","WADMKK":"Lamongan"},"geometry":{"type":"Point","coordinates":[112.4,-7.1]}},{"type":"Feature","properties":{"Line":"S113","Sp":"3196.5","X":"651675.5","Y":"9214800.3","NAMOBJ":"Karanglangit","WADMKC":"Lamongan","WADMKK":"Lamongan"},"geometry":{"type":"Point","coordinates":[112.4,-7.1]}},{"type":"Feature","properties":{"Line":"S113","Sp":"3200.5","X":"651725.5","Y":"9214800.3","NAMOBJ":"Karanglangit","WADMKC":"Lamongan","WADMKK":"Lamongan"},"geometry":{"type":"Point","coordinates":[112.4,-7.1]}},{"type":"Feature","properties":{"Line":"S113","Sp":"3204.5","X":"651775.5","Y":"9214800.3","NAMOBJ":"Karanglangit","WADMKC":"Lamongan","WADMKK":"Lamongan"},"geometry":{"type":"Point","coordinates":[112.4,-7.1]}},{"type":"Feature","properties":{"Line":"S113","Sp":"3208.5","X":"651825.5","Y":"9214800.3","NAMOBJ":"Karanglangit","WADMKC":"Lamongan","WADMKK":"Lamongan"},"geometry":{"type":"Point","coordinates":[112.4,-7.1]}},{"type":"Feature","properties":{"Line":"S113","Sp":"3212.5","X":"651875.5","Y":"9214800.3","NAMOBJ":"Karanglangit","WADMKC":"Lamongan","WADMKK":"Lamongan"},"geometry":{"type":"Point","coordinates":[112.4,-7.1]}},{"type":"Feature","properties":{"Line":"S113","Sp":"3216.5","X":"651925.5","Y":"9214800.3","NAMOBJ":"Karanglangit","WADMKC":"Lamongan","WADMKK":"Lamongan"},"geometry":{"type":"Point","coordinates":[112.4,-7.1]}},{"type":"Feature","properties":{"Line":"S142","Sp":"1884.5","X":"650300.5","Y":"9214775.3","NAMOBJ":"Karanglangit","WADMKC":"Lamongan","WADMKK":"Lamongan"},"geometry":{"type":"Point","coordinates":[112.4,-7.1]}},{"type":"Feature","properties":{"Line":"S142","Sp":"1888.5","X":"650300.5","Y":"9214725.3","NAMOBJ":"Karanglangit","WADMKC":"Lamongan","WADMKK":"Lamongan"},"geometry":{"type":"Point","coordinates":[112.4,-7.1]}},{"type":"Feature","properties":{"Line":"S142","Sp":"1892.5","X":"650300.5","Y":"9214675.3","NAMOBJ":"Karanglangit","WADMKC":"Lamongan","WADMKK":"Lamongan"},"geometry":{"type":"Point","coordinates":[112.4,-7.1]}},{"type":"Feature","properties":{"Line":"S142","Sp":"1896.5","X":"650300.5","Y":"9214625.3","NAMOBJ":"Karanglangit","WADMKC":"Lamongan","WADMKK":"Lamongan"},"geometry":{"type":"Point","coordinates":[112.4,-7.1]}},{"type":"Feature","properties":{"Line":"S142","Sp":"1900.5","X":"650300.5","Y":"9214575.3","NAMOBJ":"Karanglangit","WADMKC":"Lamongan","WADMKK":"Lamongan"},"geometry":{"type":"Point","coordinates":[112.4,-7.1]}},{"type":"Feature","properties":{"Line":"S142","Sp":"1904.5","X":"650300.5","Y":"9214525.3","NAMOBJ":"Karanglangit","WADMKC":"Lamongan","WADMKK":"Lamongan"},"geometry":{"type":"Point","coordinates":[112.4,-7.1]}},{"type":"Feature","properties":{"Line":"S142","Sp":"1908.5","X":"650300.5","Y":"9214475.3","NAMOBJ":"Karanglangit","WADMKC":"Lamongan","WADMKK":"Lamongan"},"geometry":{"type":"Point","coordinates":[112.4,-7.1]}},{"type":"Feature","properties":{"Line":"S142","Sp":"1912.5","X":"650300.5","Y":"9214425.3","NAMOBJ":"Karanglangit","WADMKC":"Lamongan","WADMKK":"Lamongan"},"geometry":{"type":"Point","coordinates":[112.4,-7.1]}},{"type":"Feature","properties":{"Line":"S142","Sp":"1916.5","X":"650300.5","Y":"9214375.3","NAMOBJ":"Karanglangit","WADMKC":"Lamongan","WADMKK":"Lamongan"},"geometry":{"type":"Point","coordinates":[112.4,-7.1]}},{"type":"Feature","properties":{"Line":"S142","Sp":"1920.5","X":"650300.5","Y":"9214325.3","NAMOBJ":"Karanglangit","WADMKC":"Lamongan","WADMKK":"Lamongan"},"geometry":{"type":"Point","coordinates":[112.4,-7.1]}},{"type":"Feature","properties":{"Line":"S142","Sp":"1924.5","X":"650300.5","Y":"9214275.3","NAMOBJ":"Karanglangit","WADMKC":"Lamongan","WADMKK":"Lamongan"},"geometry":{"type":"Point","coordinates":[112.4,-7.1]}},{"type":"Feature","properties":{"Line":"S142","Sp":"1928.5","X":"650300.5","Y":"9214225.3","NAMOBJ":"Karanglangit","WADMKC":"Lamongan","WADMKK":"Lamongan"},"geometry":{"type":"Point","coordinates":[112.4,-7.1]}},{"type":"Feature","properties":{"Line":"S142","Sp":"1932.5","X":"650300.5","Y":"9214175.3","NAMOBJ":"Karanglangit","WADMKC":"Lamongan","WADMKK":"Lamongan"},"geometry":{"type":"Point","coordinates":[112.4,-7.1]}},{"type":"Feature","properties":{"Line":"S142","Sp":"1936.5","X":"650300.5","Y":"9214125.3","NAMOBJ":"Karanglangit","WADMKC":"Lamongan","WADMKK":"Lamongan"},"geometry":{"type":"Point","coordinates":[112.4,-7.1]}},{"type":"Feature","properties":{"Line":"S142","Sp":"1940.5","X":"650300.5","Y":"9214075.3","NAMOBJ":"Karanglangit","WADMKC":"Lamongan","WADMKK":"Lamongan"},"geometry":{"type":"Point","coordinates":[112.4,-7.1]}},{"type":"Feature","properties":{"Line":"S142","Sp":"1944.5","X":"650300.5","Y":"9214025.3","NAMOBJ":"Karanglangit","WADMKC":"Lamongan","WADMKK":"Lamongan"},"geometry":{"type":"Point","coordinates":[112.4,-7.1]}},{"type":"Feature","properties":{"Line":"S142","Sp":"1948.5","X":"650300.5","Y":"9213975.3","NAMOBJ":"Karanglangit","WADMKC":"Lamongan","WADMKK":"Lamongan"},"geometry":{"type":"Point","coordinates":[112.4,-7.1]}},{"type":"Feature","properties":{"Line":"S142","Sp":"1952.5","X":"650300.5","Y":"9213925.3","NAMOBJ":"Karanglangit","WADMKC":"Lamongan","WADMKK":"Lamongan"},"geometry":{"type":"Point","coordinates":[112.4,-7.1]}},{"type":"Feature","properties":{"Line":"S142","Sp":"1956.5","X":"650300.5","Y":"9213875.3","NAMOBJ":"Karanglangit","WADMKC":"Lamongan","WADMKK":"Lamongan"},"geometry":{"type":"Point","coordinates":[112.4,-7.1]}},{"type":"Feature","properties":{"Line":"S142","Sp":"1960.5","X":"650300.5","Y":"9213825.3","NAMOBJ":"Karanglangit","WADMKC":"Lamongan","WADMKK":"Lamongan"},"geometry":{"type":"Point","coordinates":[112.4,-7.1]}},{"type":"Feature","properties":{"Line":"S142","Sp":"1964.5","X":"650300.5","Y":"9213775.3","NAMOBJ":"Karanglangit","WADMKC":"Lamongan","WADMKK":"Lamongan"},"geometry":{"type":"Point","coordinates":[112.4,-7.1]}},{"type":"Feature","properties":{"Line":"S144","Sp":"1800.5","X":"651300.5","Y":"9214875.3","NAMOBJ":"Karanglangit","WADMKC":"Lamongan","WADMKK":"Lamongan"},"geometry":{"type":"Point","coordinates":[112.4,-7.1]}},{"type":"Feature","properties":{"Line":"S144","Sp":"1804.5","X":"651300.5","Y":"9214825.3","NAMOBJ":"Karanglangit","WADMKC":"Lamongan","WADMKK":"Lamongan"},"geometry":{"type":"Point","coordinates":[112.4,-7.1]}},{"type":"Feature","properties":{"Line":"S144","Sp":"1808.5","X":"651300.5","Y":"9214775.3","NAMOBJ":"Karanglangit","WADMKC":"Lamongan","WADMKK":"Lamongan"},"geometry":{"type":"Point","coordinates":[112.4,-7.1]}},{"type":"Feature","properties":{"Line":"S144","Sp":"1812.5","X":"651300.5","Y":"9214725.3","NAMOBJ":"Karanglangit","WADMKC":"Lamongan","WADMKK":"Lamongan"},"geometry":{"type":"Point","coordinates":[112.4,-7.1]}},{"type":"Feature","properties":{"Line":"S144","Sp":"1816.5","X":"651300.5","Y":"9214675.3","NAMOBJ":"Karanglangit","WADMKC":"Lamongan","WADMKK":"Lamongan"},"geometry":{"type":"Point","coordinates":[112.4,-7.1]}},{"type":"Feature","properties":{"Line":"S144","Sp":"1820.5","X":"651300.5","Y":"9214625.3","NAMOBJ":"Karanglangit","WADMKC":"Lamongan","WADMKK":"Lamongan"},"geometry":{"type":"Point","coordinates":[112.4,-7.1]}},{"type":"Feature","properties":{"Line":"S144","Sp":"1824.5","X":"651300.5","Y":"9214575.3","NAMOBJ":"Karanglangit","WADMKC":"Lamongan","WADMKK":"Lamongan"},"geometry":{"type":"Point","coordinates":[112.4,-7.1]}},{"type":"Feature","properties":{"Line":"S144","Sp":"1828.5","X":"651300.5","Y":"9214525.3","NAMOBJ":"Karanglangit","WADMKC":"Lamongan","WADMKK":"Lamongan"},"geometry":{"type":"Point","coordinates":[112.4,-7.1]}},{"type":"Feature","properties":{"Line":"S144","Sp":"1832.5","X":"651300.5","Y":"9214475.3","NAMOBJ":"Karanglangit","WADMKC":"Lamongan","WADMKK":"Lamongan"},"geometry":{"type":"Point","coordinates":[112.4,-7.1]}},{"type":"Feature","properties":{"Line":"S144","Sp":"1836.5","X":"651300.5","Y":"9214425.3","NAMOBJ":"Karanglangit","WADMKC":"Lamongan","WADMKK":"Lamongan"},"geometry":{"type":"Point","coordinates":[112.4,-7.1]}},{"type":"Feature","properties":{"Line":"S144","Sp":"1840.5","X":"651300.5","Y":"9214375.3","NAMOBJ":"Karanglangit","WADMKC":"Lamongan","WADMKK":"Lamongan"},"geometry":{"type":"Point","coordinates":[112.4,-7.1]}},{"type":"Feature","properties":{"Line":"S144","Sp":"1844.5","X":"651300.5","Y":"9214325.3","NAMOBJ":"Karanglangit","WADMKC":"Lamongan","WADMKK":"Lamongan"},"geometry":{"type":"Point","coordinates":[112.4,-7.1]}},{"type":"Feature","properties":{"Line":"S144","Sp":"1848.5","X":"651300.5","Y":"9214275.3","NAMOBJ":"Karanglangit","WADMKC":"Lamongan","WADMKK":"Lamongan"},"geometry":{"type":"Point","coordinates":[112.4,-7.1]}},{"type":"Feature","properties":{"Line":"S144","Sp":"1852.5","X":"651300.5","Y":"9214225.3","NAMOBJ":"Karanglangit","WADMKC":"Lamongan","WADMKK":"Lamongan"},"geometry":{"type":"Point","coordinates":[112.4,-7.1]}},{"type":"Feature","properties":{"Line":"S144","Sp":"1856.5","X":"651300.5","Y":"9214175.3","NAMOBJ":"Karanglangit","WADMKC":"Lamongan","WADMKK":"Lamongan"},"geometry":{"type":"Point","coordinates":[112.4,-7.1]}},{"type":"Feature","properties":{"Line":"S144","Sp":"1860.5","X":"651300.5","Y":"9214125.3","NAMOBJ":"Karanglangit","WADMKC":"Lamongan","WADMKK":"Lamongan"},"geometry":{"type":"Point","coordinates":[112.4,-7.1]}},{"type":"Feature","properties":{"Line":"S144","Sp":"1864.5","X":"651300.5","Y":"9214075.3","NAMOBJ":"Karanglangit","WADMKC":"Lamongan","WADMKK":"Lamongan"},"geometry":{"type":"Point","coordinates":[112.4,-7.1]}},{"type":"Feature","properties":{"Line":"S144","Sp":"1868.5","X":"651300.5","Y":"9214025.3","NAMOBJ":"Karanglangit","WADMKC":"Lamongan","WADMKK":"Lamongan"},"geometry":{"type":"Point","coordinates":[112.4,-7.1]}},{"type":"Feature","properties":{"Line":"S144","Sp":"1872.5","X":"651300.5","Y":"9213975.3","NAMOBJ":"Karanglangit","WADMKC":"Lamongan","WADMKK":"Lamongan"},"geometry":{"type":"Point","coordinates":[112.4,-7.1]}},{"type":"Feature","properties":{"Line":"S121","Sp":"3232.5","X":"650875.5","Y":"9218800.3","NAMOBJ":"Karangwedoro","WADMKC":"Turi","WADMKK":"Lamongan"},"geometry":{"type":"Point","coordinates":[112.4,-7.1]}},{"type":"Feature","properties":{"Line":"S121","Sp":"3236.5","X":"650925.5","Y":"9218800.3","NAMOBJ":"Karangwedoro","WADMKC":"Turi","WADMKK":"Lamongan"},"geometry":{"type":"Point","coordinates":[112.4,-7.1]}},{"type":"Feature","properties":{"Line":"S121","Sp":"3240.5","X":"650975.5","Y":"9218800.3","NAMOBJ":"Karangwedoro","WADMKC":"Turi","WADMKK":"Lamongan"},"geometry":{"type":"Point","coordinates":[112.4,-7.1]}},{"type":"Feature","properties":{"Line":"S121","Sp":"3288.5","X":"651575.5","Y":"9218800.3","NAMOBJ":"Karangwedoro","WADMKC":"Turi","WADMKK":"Lamongan"},"geometry":{"type":"Point","coordinates":[112.4,-7.1]}},{"type":"Feature","properties":{"Line":"S121","Sp":"3292.5","X":"651625.5","Y":"9218800.3","NAMOBJ":"Karangwedoro","WADMKC":"Turi","WADMKK":"Lamongan"},"geometry":{"type":"Point","coordinates":[112.4,-7.1]}},{"type":"Feature","properties":{"Line":"S121","Sp":"3296.5","X":"651675.5","Y":"9218800.3","NAMOBJ":"Karangwedoro","WADMKC":"Turi","WADMKK":"Lamongan"},"geometry":{"type":"Point","coordinates":[112.4,-7.1]}},{"type":"Feature","properties":{"Line":"S121","Sp":"3300.5","X":"651725.5","Y":"9218800.3","NAMOBJ":"Karangwedoro","WADMKC":"Turi","WADMKK":"Lamongan"},"geometry":{"type":"Point","coordinates":[112.4,-7.1]}},{"type":"Feature","properties":{"Line":"S121","Sp":"3304.5","X":"651775.5","Y":"9218800.3","NAMOBJ":"Karangwedoro","WADMKC":"Turi","WADMKK":"Lamongan"},"geometry":{"type":"Point","coordinates":[112.4,-7.1]}},{"type":"Feature","properties":{"Line":"S121","Sp":"3308.5","X":"651825.5","Y":"9218800.3","NAMOBJ":"Karangwedoro","WADMKC":"Turi","WADMKK":"Lamongan"},"geometry":{"type":"Point","coordinates":[112.4,-7.1]}},{"type":"Feature","properties":{"Line":"S121","Sp":"3312.5","X":"651875.5","Y":"9218800.3","NAMOBJ":"Karangwedoro","WADMKC":"Turi","WADMKK":"Lamongan"},"geometry":{"type":"Point","coordinates":[112.4,-7.1]}},{"type":"Feature","properties":{"Line":"S121","Sp":"3316.5","X":"651925.5","Y":"9218800.3","NAMOBJ":"Karangwedoro","WADMKC":"Turi","WADMKK":"Lamongan"},"geometry":{"type":"Point","coordinates":[112.4,-7.1]}},{"type":"Feature","properties":{"Line":"S121","Sp":"3320.5","X":"651975.5","Y":"9218800.3","NAMOBJ":"Karangwedoro","WADMKC":"Turi","WADMKK":"Lamongan"},"geometry":{"type":"Point","coordinates":[112.4,-7.1]}},{"type":"Feature","properties":{"Line":"S121","Sp":"3324.5","X":"652025.5","Y":"9218800.3","NAMOBJ":"Karangwedoro","WADMKC":"Turi","WADMKK":"Lamongan"},"geometry":{"type":"Point","coordinates":[112.4,-7.1]}},{"type":"Feature","properties":{"Line":"S121","Sp":"3328.5","X":"652075.5","Y":"9218800.3","NAMOBJ":"Karangwedoro","WADMKC":"Turi","WADMKK":"Lamongan"},"geometry":{"type":"Point","coordinates":[112.4,-7.1]}},{"type":"Feature","properties":{"Line":"S121","Sp":"3332.5","X":"652125.5","Y":"9218800.3","NAMOBJ":"Karangwedoro","WADMKC":"Turi","WADMKK":"Lamongan"},"geometry":{"type":"Point","coordinates":[112.4,-7.1]}},{"type":"Feature","properties":{"Line":"S121","Sp":"3336.5","X":"652175.5","Y":"9218800.3","NAMOBJ":"Karangwedoro","WADMKC":"Turi","WADMKK":"Lamongan"},"geometry":{"type":"Point","coordinates":[112.4,-7.1]}},{"type":"Feature","properties":{"Line":"S142","Sp":"1428.5","X":"650300.5","Y":"9220475.3","NAMOBJ":"Karangwedoro","WADMKC":"Turi","WADMKK":"Lamongan"},"geometry":{"type":"Point","coordinates":[112.4,-7.1]}},{"type":"Feature","properties":{"Line":"S142","Sp":"1432.5","X":"650300.5","Y":"9220425.3","NAMOBJ":"Karangwedoro","WADMKC":"Turi","WADMKK":"Lamongan"},"geometry":{"type":"Point","coordinates":[112.4,-7.1]}},{"type":"Feature","properties":{"Line":"S142","Sp":"1436.5","X":"650300.5","Y":"9220375.3","NAMOBJ":"Karangwedoro","WADMKC":"Turi","WADMKK":"Lamongan"},"geometry":{"type":"Point","coordinates":[112.4,-7.1]}},{"type":"Feature","properties":{"Line":"S142","Sp":"1440.5","X":"650300.5","Y":"9220325.3","NAMOBJ":"Karangwedoro","WADMKC":"Turi","WADMKK":"Lamongan"},"geometry":{"type":"Point","coordinates":[112.4,-7.1]}},{"type":"Feature","properties":{"Line":"S142","Sp":"1444.5","X":"650300.5","Y":"9220275.3","NAMOBJ":"Karangwedoro","WADMKC":"Turi","WADMKK":"Lamongan"},"geometry":{"type":"Point","coordinates":[112.4,-7.1]}},{"type":"Feature","properties":{"Line":"S142","Sp":"1448.5","X":"650300.5","Y":"9220225.3","NAMOBJ":"Karangwedoro","WADMKC":"Turi","WADMKK":"Lamongan"},"geometry":{"type":"Point","coordinates":[112.4,-7.1]}},{"type":"Feature","properties":{"Line":"S142","Sp":"1452.5","X":"650300.5","Y":"9220175.3","NAMOBJ":"Karangwedoro","WADMKC":"Turi","WADMKK":"Lamongan"},"geometry":{"type":"Point","coordinates":[112.4,-7.1]}},{"type":"Feature","properties":{"Line":"S142","Sp":"1456.5","X":"650300.5","Y":"9220125.3","NAMOBJ":"Karangwedoro","WADMKC":"Turi","WADMKK":"Lamongan"},"geometry":{"type":"Point","coordinates":[112.4,-7.1]}},{"type":"Feature","properties":{"Line":"S142","Sp":"1460.5","X":"650300.5","Y":"9220075.3","NAMOBJ":"Karangwedoro","WADMKC":"Turi","WADMKK":"Lamongan"},"geometry":{"type":"Point","coordinates":[112.4,-7.1]}},{"type":"Feature","properties":{"Line":"S142","Sp":"1464.5","X":"650300.5","Y":"9220025.3","NAMOBJ":"Karangwedoro","WADMKC":"Turi","WADMKK":"Lamongan"},"geometry":{"type":"Point","coordinates":[112.4,-7.1]}},{"type":"Feature","properties":{"Line":"S142","Sp":"1468.5","X":"650300.5","Y":"9219975.3","NAMOBJ":"Karangwedoro","WADMKC":"Turi","WADMKK":"Lamongan"},"geometry":{"type":"Point","coordinates":[112.4,-7.1]}},{"type":"Feature","properties":{"Line":"S142","Sp":"1472.5","X":"650300.5","Y":"9219925.3","NAMOBJ":"Karangwedoro","WADMKC":"Turi","WADMKK":"Lamongan"},"geometry":{"type":"Point","coordinates":[112.4,-7.1]}},{"type":"Feature","properties":{"Line":"S142","Sp":"1476.5","X":"650300.5","Y":"9219875.3","NAMOBJ":"Karangwedoro","WADMKC":"Turi","WADMKK":"Lamongan"},"geometry":{"type":"Point","coordinates":[112.4,-7.1]}},{"type":"Feature","properties":{"Line":"S142","Sp":"1480.5","X":"650300.5","Y":"9219825.3","NAMOBJ":"Karangwedoro","WADMKC":"Turi","WADMKK":"Lamongan"},"geometry":{"type":"Point","coordinates":[112.4,-7.1]}},{"type":"Feature","properties":{"Line":"S142","Sp":"1484.5","X":"650300.5","Y":"9219775.3","NAMOBJ":"Karangwedoro","WADMKC":"Turi","WADMKK":"Lamongan"},"geometry":{"type":"Point","coordinates":[112.4,-7.1]}},{"type":"Feature","properties":{"Line":"S144","Sp":"1360.5","X":"651300.5","Y":"9220375.3","NAMOBJ":"Karangwedoro","WADMKC":"Turi","WADMKK":"Lamongan"},"geometry":{"type":"Point","coordinates":[112.4,-7.1]}},{"type":"Feature","properties":{"Line":"S144","Sp":"1364.5","X":"651300.5","Y":"9220325.3","NAMOBJ":"Karangwedoro","WADMKC":"Turi","WADMKK":"Lamongan"},"geometry":{"type":"Point","coordinates":[112.4,-7.1]}},{"type":"Feature","properties":{"Line":"S144","Sp":"1368.5","X":"651300.5","Y":"9220275.3","NAMOBJ":"Karangwedoro","WADMKC":"Turi","WADMKK":"Lamongan"},"geometry":{"type":"Point","coordinates":[112.4,-7.1]}},{"type":"Feature","properties":{"Line":"S144","Sp":"1372.5","X":"651300.5","Y":"9220225.3","NAMOBJ":"Karangwedoro","WADMKC":"Turi","WADMKK":"Lamongan"},"geometry":{"type":"Point","coordinates":[112.4,-7.1]}},{"type":"Feature","properties":{"Line":"S144","Sp":"1376.5","X":"651300.5","Y":"9220175.3","NAMOBJ":"Karangwedoro","WADMKC":"Turi","WADMKK":"Lamongan"},"geometry":{"type":"Point","coordinates":[112.4,-7.1]}},{"type":"Feature","properties":{"Line":"S144","Sp":"1380.5","X":"651300.5","Y":"9220125.3","NAMOBJ":"Karangwedoro","WADMKC":"Turi","WADMKK":"Lamongan"},"geometry":{"type":"Point","coordinates":[112.4,-7.1]}},{"type":"Feature","properties":{"Line":"S144","Sp":"1384.5","X":"651300.5","Y":"9220075.3","NAMOBJ":"Karangwedoro","WADMKC":"Turi","WADMKK":"Lamongan"},"geometry":{"type":"Point","coordinates":[112.4,-7.1]}},{"type":"Feature","properties":{"Line":"S144","Sp":"1388.5","X":"651300.5","Y":"9220025.3","NAMOBJ":"Karangwedoro","WADMKC":"Turi","WADMKK":"Lamongan"},"geometry":{"type":"Point","coordinates":[112.4,-7.1]}},{"type":"Feature","properties":{"Line":"S144","Sp":"1392.5","X":"651300.5","Y":"9219975.3","NAMOBJ":"Karangwedoro","WADMKC":"Turi","WADMKK":"Lamongan"},"geometry":{"type":"Point","coordinates":[112.4,-7.1]}},{"type":"Feature","properties":{"Line":"S144","Sp":"1396.5","X":"651300.5","Y":"9219925.3","NAMOBJ":"Karangwedoro","WADMKC":"Turi","WADMKK":"Lamongan"},"geometry":{"type":"Point","coordinates":[112.4,-7.1]}},{"type":"Feature","properties":{"Line":"S144","Sp":"1400.5","X":"651300.5","Y":"9219875.3","NAMOBJ":"Karangwedoro","WADMKC":"Turi","WADMKK":"Lamongan"},"geometry":{"type":"Point","coordinates":[112.4,-7.1]}},{"type":"Feature","properties":{"Line":"S144","Sp":"1404.5","X":"651300.5","Y":"9219825.3","NAMOBJ":"Karangwedoro","WADMKC":"Turi","WADMKK":"Lamongan"},"geometry":{"type":"Point","coordinates":[112.4,-7.1]}},{"type":"Feature","properties":{"Line":"S144","Sp":"1408.5","X":"651300.5","Y":"9219775.3","NAMOBJ":"Karangwedoro","WADMKC":"Turi","WADMKK":"Lamongan"},"geometry":{"type":"Point","coordinates":[112.4,-7.1]}},{"type":"Feature","properties":{"Line":"S144","Sp":"1412.5","X":"651300.5","Y":"9219725.3","NAMOBJ":"Karangwedoro","WADMKC":"Turi","WADMKK":"Lamongan"},"geometry":{"type":"Point","coordinates":[112.4,-7.1]}},{"type":"Feature","properties":{"Line":"S144","Sp":"1416.5","X":"651300.5","Y":"9219675.3","NAMOBJ":"Karangwedoro","WADMKC":"Turi","WADMKK":"Lamongan"},"geometry":{"type":"Point","coordinates":[112.4,-7.1]}},{"type":"Feature","properties":{"Line":"S144","Sp":"1420.5","X":"651300.5","Y":"9219625.3","NAMOBJ":"Karangwedoro","WADMKC":"Turi","WADMKK":"Lamongan"},"geometry":{"type":"Point","coordinates":[112.4,-7.1]}},{"type":"Feature","properties":{"Line":"S144","Sp":"1424.5","X":"651300.5","Y":"9219575.3","NAMOBJ":"Karangwedoro","WADMKC":"Turi","WADMKK":"Lamongan"},"geometry":{"type":"Point","coordinates":[112.4,-7.1]}},{"type":"Feature","properties":{"Line":"S144","Sp":"1428.5","X":"651300.5","Y":"9219525.3","NAMOBJ":"Karangwedoro","WADMKC":"Turi","WADMKK":"Lamongan"},"geometry":{"type":"Point","coordinates":[112.4,-7.1]}},{"type":"Feature","properties":{"Line":"S144","Sp":"1432.5","X":"651300.5","Y":"9219475.3","NAMOBJ":"Karangwedoro","WADMKC":"Turi","WADMKK":"Lamongan"},"geometry":{"type":"Point","coordinates":[112.4,-7.1]}},{"type":"Feature","properties":{"Line":"S144","Sp":"1436.5","X":"651300.5","Y":"9219425.3","NAMOBJ":"Karangwedoro","WADMKC":"Turi","WADMKK":"Lamongan"},"geometry":{"type":"Point","coordinates":[112.4,-7.1]}},{"type":"Feature","properties":{"Line":"S144","Sp":"1440.5","X":"651300.5","Y":"9219375.3","NAMOBJ":"Karangwedoro","WADMKC":"Turi","WADMKK":"Lamongan"},"geometry":{"type":"Point","coordinates":[112.4,-7.1]}},{"type":"Feature","properties":{"Line":"S144","Sp":"1444.5","X":"651300.5","Y":"9219325.3","NAMOBJ":"Karangwedoro","WADMKC":"Turi","WADMKK":"Lamongan"},"geometry":{"type":"Point","coordinates":[112.4,-7.1]}},{"type":"Feature","properties":{"Line":"S144","Sp":"1448.5","X":"651300.5","Y":"9219275.3","NAMOBJ":"Karangwedoro","WADMKC":"Turi","WADMKK":"Lamongan"},"geometry":{"type":"Point","coordinates":[112.4,-7.1]}},{"type":"Feature","properties":{"Line":"S144","Sp":"1452.5","X":"651300.5","Y":"9219225.3","NAMOBJ":"Karangwedoro","WADMKC":"Turi","WADMKK":"Lamongan"},"geometry":{"type":"Point","coordinates":[112.4,-7.1]}},{"type":"Feature","properties":{"Line":"S144","Sp":"1456.5","X":"651300.5","Y":"9219175.3","NAMOBJ":"Karangwedoro","WADMKC":"Turi","WADMKK":"Lamongan"},"geometry":{"type":"Point","coordinates":[112.4,-7.1]}},{"type":"Feature","properties":{"Line":"S144","Sp":"1460.5","X":"651300.5","Y":"9219125.3","NAMOBJ":"Karangwedoro","WADMKC":"Turi","WADMKK":"Lamongan"},"geometry":{"type":"Point","coordinates":[112.4,-7.1]}},{"type":"Feature","properties":{"Line":"S144","Sp":"1464.5","X":"651300.5","Y":"9219075.3","NAMOBJ":"Karangwedoro","WADMKC":"Turi","WADMKK":"Lamongan"},"geometry":{"type":"Point","coordinates":[112.4,-7.1]}},{"type":"Feature","properties":{"Line":"S144","Sp":"1468.5","X":"651300.5","Y":"9219025.3","NAMOBJ":"Karangwedoro","WADMKC":"Turi","WADMKK":"Lamongan"},"geometry":{"type":"Point","coordinates":[112.4,-7.1]}},{"type":"Feature","properties":{"Line":"S144","Sp":"1472.5","X":"651300.5","Y":"9218975.3","NAMOBJ":"Karangwedoro","WADMKC":"Turi","WADMKK":"Lamongan"},"geometry":{"type":"Point","coordinates":[112.4,-7.1]}},{"type":"Feature","properties":{"Line":"S144","Sp":"1476.5","X":"651300.5","Y":"9218925.3","NAMOBJ":"Karangwedoro","WADMKC":"Turi","WADMKK":"Lamongan"},"geometry":{"type":"Point","coordinates":[112.4,-7.1]}},{"type":"Feature","properties":{"Line":"S144","Sp":"1480.5","X":"651300.5","Y":"9218875.3","NAMOBJ":"Karangwedoro","WADMKC":"Turi","WADMKK":"Lamongan"},"geometry":{"type":"Point","coordinates":[112.4,-7.1]}},{"type":"Feature","properties":{"Line":"S117","Sp":"3148.5","X":"650875.5","Y":"9216800.3","NAMOBJ":"Keben","WADMKC":"Turi","WADMKK":"Lamongan"},"geometry":{"type":"Point","coordinates":[112.4,-7.1]}},{"type":"Feature","properties":{"Line":"S117","Sp":"3152.5","X":"650925.5","Y":"9216800.3","NAMOBJ":"Keben","WADMKC":"Turi","WADMKK":"Lamongan"},"geometry":{"type":"Point","coordinates":[112.4,-7.1]}},{"type":"Feature","properties":{"Line":"S117","Sp":"3156.5","X":"650975.5","Y":"9216800.3","NAMOBJ":"Keben","WADMKC":"Turi","WADMKK":"Lamongan"},"geometry":{"type":"Point","coordinates":[112.4,-7.1]}},{"type":"Feature","properties":{"Line":"S117","Sp":"3160.5","X":"651025.5","Y":"9216800.3","NAMOBJ":"Keben","WADMKC":"Turi","WADMKK":"Lamongan"},"geometry":{"type":"Point","coordinates":[112.4,-7.1]}},{"type":"Feature","properties":{"Line":"S117","Sp":"3164.5","X":"651075.5","Y":"9216800.3","NAMOBJ":"Keben","WADMKC":"Turi","WADMKK":"Lamongan"},"geometry":{"type":"Point","coordinates":[112.4,-7.1]}},{"type":"Feature","properties":{"Line":"S117","Sp":"3168.5","X":"651125.5","Y":"9216800.3","NAMOBJ":"Keben","WADMKC":"Turi","WADMKK":"Lamongan"},"geometry":{"type":"Point","coordinates":[112.4,-7.1]}},{"type":"Feature","properties":{"Line":"S117","Sp":"3172.5","X":"651175.5","Y":"9216800.3","NAMOBJ":"Keben","WADMKC":"Turi","WADMKK":"Lamongan"},"geometry":{"type":"Point","coordinates":[112.4,-7.1]}},{"type":"Feature","properties":{"Line":"S117","Sp":"3176.5","X":"651225.5","Y":"9216800.3","NAMOBJ":"Keben","WADMKC":"Turi","WADMKK":"Lamongan"},"geometry":{"type":"Point","coordinates":[112.4,-7.1]}},{"type":"Feature","properties":{"Line":"S117","Sp":"3180.5","X":"651275.5","Y":"9216800.3","NAMOBJ":"Keben","WADMKC":"Turi","WADMKK":"Lamongan"},"geometry":{"type":"Point","coordinates":[112.4,-7.1]}},{"type":"Feature","properties":{"Line":"S117","Sp":"3184.5","X":"651325.5","Y":"9216800.3","NAMOBJ":"Keben","WADMKC":"Turi","WADMKK":"Lamongan"},"geometry":{"type":"Point","coordinates":[112.4,-7.1]}},{"type":"Feature","properties":{"Line":"S117","Sp":"3188.5","X":"651375.5","Y":"9216800.3","NAMOBJ":"Keben","WADMKC":"Turi","WADMKK":"Lamongan"},"geometry":{"type":"Point","coordinates":[112.4,-7.1]}},{"type":"Feature","properties":{"Line":"S117","Sp":"3192.5","X":"651425.5","Y":"9216800.3","NAMOBJ":"Keben","WADMKC":"Turi","WADMKK":"Lamongan"},"geometry":{"type":"Point","coordinates":[112.4,-7.1]}},{"type":"Feature","properties":{"Line":"S117","Sp":"3196.5","X":"651475.5","Y":"9216800.3","NAMOBJ":"Keben","WADMKC":"Turi","WADMKK":"Lamongan"},"geometry":{"type":"Point","coordinates":[112.4,-7.1]}},{"type":"Feature","properties":{"Line":"S117","Sp":"3200.5","X":"651525.5","Y":"9216800.3","NAMOBJ":"Keben","WADMKC":"Turi","WADMKK":"Lamongan"},"geometry":{"type":"Point","coordinates":[112.4,-7.1]}},{"type":"Feature","properties":{"Line":"S117","Sp":"3204.5","X":"651575.5","Y":"9216800.3","NAMOBJ":"Keben","WADMKC":"Turi","WADMKK":"Lamongan"},"geometry":{"type":"Point","coordinates":[112.4,-7.1]}},{"type":"Feature","properties":{"Line":"S119","Sp":"3220.5","X":"650825.5","Y":"9217800.3","NAMOBJ":"Keben","WADMKC":"Turi","WADMKK":"Lamongan"},"geometry":{"type":"Point","coordinates":[112.4,-7.1]}},{"type":"Feature","properties":{"Line":"S119","Sp":"3224.5","X":"650875.5","Y":"9217800.3","NAMOBJ":"Keben","WADMKC":"Turi","WADMKK":"Lamongan"},"geometry":{"type":"Point","coordinates":[112.4,-7.1]}},{"type":"Feature","properties":{"Line":"S119","Sp":"3228.5","X":"650925.5","Y":"9217800.3","NAMOBJ":"Keben","WADMKC":"Turi","WADMKK":"Lamongan"},"geometry":{"type":"Point","coordinates":[112.4,-7.1]}},{"type":"Feature","properties":{"Line":"S119","Sp":"3232.5","X":"650975.5","Y":"9217800.3","NAMOBJ":"Keben","WADMKC":"Turi","WADMKK":"Lamongan"},"geometry":{"type":"Point","coordinates":[112.4,-7.1]}},{"type":"Feature","properties":{"Line":"S119","Sp":"3236.5","X":"651025.5","Y":"9217800.3","NAMOBJ":"Keben","WADMKC":"Turi","WADMKK":"Lamongan"},"geometry":{"type":"Point","coordinates":[112.4,-7.1]}},{"type":"Feature","properties":{"Line":"S119","Sp":"3240.5","X":"651075.5","Y":"9217800.3","NAMOBJ":"Keben","WADMKC":"Turi","WADMKK":"Lamongan"},"geometry":{"type":"Point","coordinates":[112.4,-7.1]}},{"type":"Feature","properties":{"Line":"S119","Sp":"3244.5","X":"651125.5","Y":"9217800.3","NAMOBJ":"Keben","WADMKC":"Turi","WADMKK":"Lamongan"},"geometry":{"type":"Point","coordinates":[112.4,-7.1]}},{"type":"Feature","properties":{"Line":"S119","Sp":"3248.5","X":"651175.5","Y":"9217800.3","NAMOBJ":"Keben","WADMKC":"Turi","WADMKK":"Lamongan"},"geometry":{"type":"Point","coordinates":[112.4,-7.1]}},{"type":"Feature","properties":{"Line":"S119","Sp":"3252.5","X":"651225.5","Y":"9217800.3","NAMOBJ":"Keben","WADMKC":"Turi","WADMKK":"Lamongan"},"geometry":{"type":"Point","coordinates":[112.4,-7.1]}},{"type":"Feature","properties":{"Line":"S119","Sp":"3256.5","X":"651275.5","Y":"9217800.3","NAMOBJ":"Keben","WADMKC":"Turi","WADMKK":"Lamongan"},"geometry":{"type":"Point","coordinates":[112.4,-7.1]}},{"type":"Feature","properties":{"Line":"S119","Sp":"3260.5","X":"651325.5","Y":"9217800.3","NAMOBJ":"Keben","WADMKC":"Turi","WADMKK":"Lamongan"},"geometry":{"type":"Point","coordinates":[112.4,-7.1]}},{"type":"Feature","properties":{"Line":"S119","Sp":"3264.5","X":"651375.5","Y":"9217800.3","NAMOBJ":"Keben","WADMKC":"Turi","WADMKK":"Lamongan"},"geometry":{"type":"Point","coordinates":[112.4,-7.1]}},{"type":"Feature","properties":{"Line":"S119","Sp":"3268.5","X":"651425.5","Y":"9217800.3","NAMOBJ":"Keben","WADMKC":"Turi","WADMKK":"Lamongan"},"geometry":{"type":"Point","coordinates":[112.4,-7.1]}},{"type":"Feature","properties":{"Line":"S119","Sp":"3272.5","X":"651475.5","Y":"9217800.3","NAMOBJ":"Keben","WADMKC":"Turi","WADMKK":"Lamongan"},"geometry":{"type":"Point","coordinates":[112.4,-7.1]}},{"type":"Feature","properties":{"Line":"S119","Sp":"3276.5","X":"651525.5","Y":"9217800.3","NAMOBJ":"Keben","WADMKC":"Turi","WADMKK":"Lamongan"},"geometry":{"type":"Point","coordinates":[112.4,-7.1]}},{"type":"Feature","properties":{"Line":"S119","Sp":"3280.5","X":"651575.5","Y":"9217800.3","NAMOBJ":"Keben","WADMKC":"Turi","WADMKK":"Lamongan"},"geometry":{"type":"Point","coordinates":[112.4,-7.1]}},{"type":"Feature","properties":{"Line":"S119","Sp":"3284.5","X":"651625.5","Y":"9217800.3","NAMOBJ":"Keben","WADMKC":"Turi","WADMKK":"Lamongan"},"geometry":{"type":"Point","coordinates":[112.4,-7.1]}},{"type":"Feature","properties":{"Line":"S119","Sp":"3288.5","X":"651675.5","Y":"9217800.3","NAMOBJ":"Keben","WADMKC":"Turi","WADMKK":"Lamongan"},"geometry":{"type":"Point","coordinates":[112.4,-7.1]}},{"type":"Feature","properties":{"Line":"S119","Sp":"3292.5","X":"651725.5","Y":"9217800.3","NAMOBJ":"Keben","WADMKC":"Turi","WADMKK":"Lamongan"},"geometry":{"type":"Point","coordinates":[112.4,-7.1]}},{"type":"Feature","properties":{"Line":"S119","Sp":"3296.5","X":"651775.5","Y":"9217800.3","NAMOBJ":"Keben","WADMKC":"Turi","WADMKK":"Lamongan"},"geometry":{"type":"Point","coordinates":[112.4,-7.1]}},{"type":"Feature","properties":{"Line":"S119","Sp":"3300.5","X":"651825.5","Y":"9217800.3","NAMOBJ":"Keben","WADMKC":"Turi","WADMKK":"Lamongan"},"geometry":{"type":"Point","coordinates":[112.4,-7.1]}},{"type":"Feature","properties":{"Line":"S119","Sp":"3304.5","X":"651875.5","Y":"9217800.3","NAMOBJ":"Keben","WADMKC":"Turi","WADMKK":"Lamongan"},"geometry":{"type":"Point","coordinates":[112.4,-7.1]}},{"type":"Feature","properties":{"Line":"S119","Sp":"3308.5","X":"651925.5","Y":"9217800.3","NAMOBJ":"Keben","WADMKC":"Turi","WADMKK":"Lamongan"},"geometry":{"type":"Point","coordinates":[112.4,-7.1]}},{"type":"Feature","properties":{"Line":"S119","Sp":"3312.5","X":"651975.5","Y":"9217800.3","NAMOBJ":"Keben","WADMKC":"Turi","WADMKK":"Lamongan"},"geometry":{"type":"Point","coordinates":[112.4,-7.1]}},{"type":"Feature","properties":{"Line":"S119","Sp":"3316.5","X":"652025.5","Y":"9217800.3","NAMOBJ":"Keben","WADMKC":"Turi","WADMKK":"Lamongan"},"geometry":{"type":"Point","coordinates":[112.4,-7.1]}},{"type":"Feature","properties":{"Line":"S119","Sp":"3320.5","X":"652075.5","Y":"9217800.3","NAMOBJ":"Keben","WADMKC":"Turi","WADMKK":"Lamongan"},"geometry":{"type":"Point","coordinates":[112.4,-7.1]}},{"type":"Feature","properties":{"Line":"S119","Sp":"3324.5","X":"652125.5","Y":"9217800.3","NAMOBJ":"Keben","WADMKC":"Turi","WADMKK":"Lamongan"},"geometry":{"type":"Point","coordinates":[112.4,-7.1]}},{"type":"Feature","properties":{"Line":"S119","Sp":"3328.5","X":"652175.5","Y":"9217800.3","NAMOBJ":"Keben","WADMKC":"Turi","WADMKK":"Lamongan"},"geometry":{"type":"Point","coordinates":[112.4,-7.1]}},{"type":"Feature","properties":{"Line":"S119","Sp":"3332.5","X":"652225.5","Y":"9217800.3","NAMOBJ":"Keben","WADMKC":"Turi","WADMKK":"Lamongan"},"geometry":{"type":"Point","coordinates":[112.4,-7.1]}},{"type":"Feature","properties":{"Line":"S121","Sp":"3244.5","X":"651025.5","Y":"9218800.3","NAMOBJ":"Keben","WADMKC":"Turi","WADMKK":"Lamongan"},"geometry":{"type":"Point","coordinates":[112.4,-7.1]}},{"type":"Feature","properties":{"Line":"S121","Sp":"3248.5","X":"651075.5","Y":"9218800.3","NAMOBJ":"Keben","WADMKC":"Turi","WADMKK":"Lamongan"},"geometry":{"type":"Point","coordinates":[112.4,-7.1]}},{"type":"Feature","properties":{"Line":"S121","Sp":"3252.5","X":"651125.5","Y":"9218800.3","NAMOBJ":"Keben","WADMKC":"Turi","WADMKK":"Lamongan"},"geometry":{"type":"Point","coordinates":[112.4,-7.1]}},{"type":"Feature","properties":{"Line":"S121","Sp":"3256.5","X":"651175.5","Y":"9218800.3","NAMOBJ":"Keben","WADMKC":"Turi","WADMKK":"Lamongan"},"geometry":{"type":"Point","coordinates":[112.4,-7.1]}},{"type":"Feature","properties":{"Line":"S121","Sp":"3260.5","X":"651225.5","Y":"9218800.3","NAMOBJ":"Keben","WADMKC":"Turi","WADMKK":"Lamongan"},"geometry":{"type":"Point","coordinates":[112.4,-7.1]}},{"type":"Feature","properties":{"Line":"S121","Sp":"3264.5","X":"651275.5","Y":"9218800.3","NAMOBJ":"Keben","WADMKC":"Turi","WADMKK":"Lamongan"},"geometry":{"type":"Point","coordinates":[112.4,-7.1]}},{"type":"Feature","properties":{"Line":"S121","Sp":"3268.5","X":"651325.5","Y":"9218800.3","NAMOBJ":"Keben","WADMKC":"Turi","WADMKK":"Lamongan"},"geometry":{"type":"Point","coordinates":[112.4,-7.1]}},{"type":"Feature","properties":{"Line":"S121","Sp":"3272.5","X":"651375.5","Y":"9218800.3","NAMOBJ":"Keben","WADMKC":"Turi","WADMKK":"Lamongan"},"geometry":{"type":"Point","coordinates":[112.4,-7.1]}},{"type":"Feature","properties":{"Line":"S121","Sp":"3276.5","X":"651425.5","Y":"9218800.3","NAMOBJ":"Keben","WADMKC":"Turi","WADMKK":"Lamongan"},"geometry":{"type":"Point","coordinates":[112.4,-7.1]}},{"type":"Feature","properties":{"Line":"S121","Sp":"3280.5","X":"651475.5","Y":"9218800.3","NAMOBJ":"Keben","WADMKC":"Turi","WADMKK":"Lamongan"},"geometry":{"type":"Point","coordinates":[112.4,-7.1]}},{"type":"Feature","properties":{"Line":"S121","Sp":"3284.5","X":"651525.5","Y":"9218800.3","NAMOBJ":"Keben","WADMKC":"Turi","WADMKK":"Lamongan"},"geometry":{"type":"Point","coordinates":[112.4,-7.1]}},{"type":"Feature","properties":{"Line":"S121","Sp":"3340.5","X":"652225.5","Y":"9218800.3","NAMOBJ":"Keben","WADMKC":"Turi","WADMKK":"Lamongan"},"geometry":{"type":"Point","coordinates":[112.4,-7.1]}},{"type":"Feature","properties":{"Line":"S121","Sp":"3344.5","X":"652275.5","Y":"9218800.3","NAMOBJ":"Keben","WADMKC":"Turi","WADMKK":"Lamongan"},"geometry":{"type":"Point","coordinates":[112.4,-7.1]}},{"type":"Feature","properties":{"Line":"S144","Sp":"1484.5","X":"651300.5","Y":"9218825.3","NAMOBJ":"Keben","WADMKC":"Turi","WADMKK":"Lamongan"},"geometry":{"type":"Point","coordinates":[112.4,-7.1]}},{"type":"Feature","properties":{"Line":"S144","Sp":"1488.5","X":"651300.5","Y":"9218775.3","NAMOBJ":"Keben","WADMKC":"Turi","WADMKK":"Lamongan"},"geometry":{"type":"Point","coordinates":[112.4,-7.1]}},{"type":"Feature","properties":{"Line":"S144","Sp":"1492.5","X":"651300.5","Y":"9218725.3","NAMOBJ":"Keben","WADMKC":"Turi","WADMKK":"Lamongan"},"geometry":{"type":"Point","coordinates":[112.4,-7.1]}},{"type":"Feature","properties":{"Line":"S144","Sp":"1496.5","X":"651300.5","Y":"9218675.3","NAMOBJ":"Keben","WADMKC":"Turi","WADMKK":"Lamongan"},"geometry":{"type":"Point","coordinates":[112.4,-7.1]}},{"type":"Feature","properties":{"Line":"S144","Sp":"1500.5","X":"651300.5","Y":"9218625.3","NAMOBJ":"Keben","WADMKC":"Turi","WADMKK":"Lamongan"},"geometry":{"type":"Point","coordinates":[112.4,-7.1]}},{"type":"Feature","properties":{"Line":"S144","Sp":"1504.5","X":"651300.5","Y":"9218575.3","NAMOBJ":"Keben","WADMKC":"Turi","WADMKK":"Lamongan"},"geometry":{"type":"Point","coordinates":[112.4,-7.1]}},{"type":"Feature","properties":{"Line":"S144","Sp":"1508.5","X":"651300.5","Y":"9218525.3","NAMOBJ":"Keben","WADMKC":"Turi","WADMKK":"Lamongan"},"geometry":{"type":"Point","coordinates":[112.4,-7.1]}},{"type":"Feature","properties":{"Line":"S144","Sp":"1512.5","X":"651300.5","Y":"9218475.3","NAMOBJ":"Keben","WADMKC":"Turi","WADMKK":"Lamongan"},"geometry":{"type":"Point","coordinates":[112.4,-7.1]}},{"type":"Feature","properties":{"Line":"S144","Sp":"1516.5","X":"651300.5","Y":"9218425.3","NAMOBJ":"Keben","WADMKC":"Turi","WADMKK":"Lamongan"},"geometry":{"type":"Point","coordinates":[112.4,-7.1]}},{"type":"Feature","properties":{"Line":"S144","Sp":"1520.5","X":"651300.5","Y":"9218375.3","NAMOBJ":"Keben","WADMKC":"Turi","WADMKK":"Lamongan"},"geometry":{"type":"Point","coordinates":[112.4,-7.1]}},{"type":"Feature","properties":{"Line":"S144","Sp":"1524.5","X":"651300.5","Y":"9218325.3","NAMOBJ":"Keben","WADMKC":"Turi","WADMKK":"Lamongan"},"geometry":{"type":"Point","coordinates":[112.4,-7.1]}},{"type":"Feature","properties":{"Line":"S144","Sp":"1528.5","X":"651300.5","Y":"9218275.3","NAMOBJ":"Keben","WADMKC":"Turi","WADMKK":"Lamongan"},"geometry":{"type":"Point","coordinates":[112.4,-7.1]}},{"type":"Feature","properties":{"Line":"S144","Sp":"1532.5","X":"651300.5","Y":"9218225.3","NAMOBJ":"Keben","WADMKC":"Turi","WADMKK":"Lamongan"},"geometry":{"type":"Point","coordinates":[112.4,-7.1]}},{"type":"Feature","properties":{"Line":"S144","Sp":"1536.5","X":"651300.5","Y":"9218175.3","NAMOBJ":"Keben","WADMKC":"Turi","WADMKK":"Lamongan"},"geometry":{"type":"Point","coordinates":[112.4,-7.1]}},{"type":"Feature","properties":{"Line":"S144","Sp":"1540.5","X":"651300.5","Y":"9218125.3","NAMOBJ":"Keben","WADMKC":"Turi","WADMKK":"Lamongan"},"geometry":{"type":"Point","coordinates":[112.4,-7.1]}},{"type":"Feature","properties":{"Line":"S144","Sp":"1544.5","X":"651300.5","Y":"9218075.3","NAMOBJ":"Keben","WADMKC":"Turi","WADMKK":"Lamongan"},"geometry":{"type":"Point","coordinates":[112.4,-7.1]}},{"type":"Feature","properties":{"Line":"S144","Sp":"1548.5","X":"651300.5","Y":"9218025.3","NAMOBJ":"Keben","WADMKC":"Turi","WADMKK":"Lamongan"},"geometry":{"type":"Point","coordinates":[112.4,-7.1]}},{"type":"Feature","properties":{"Line":"S144","Sp":"1552.5","X":"651300.5","Y":"9217975.3","NAMOBJ":"Keben","WADMKC":"Turi","WADMKK":"Lamongan"},"geometry":{"type":"Point","coordinates":[112.4,-7.1]}},{"type":"Feature","properties":{"Line":"S144","Sp":"1556.5","X":"651300.5","Y":"9217925.3","NAMOBJ":"Keben","WADMKC":"Turi","WADMKK":"Lamongan"},"geometry":{"type":"Point","coordinates":[112.4,-7.1]}},{"type":"Feature","properties":{"Line":"S144","Sp":"1560.5","X":"651300.5","Y":"9217875.3","NAMOBJ":"Keben","WADMKC":"Turi","WADMKK":"Lamongan"},"geometry":{"type":"Point","coordinates":[112.4,-7.1]}},{"type":"Feature","properties":{"Line":"S144","Sp":"1564.5","X":"651300.5","Y":"9217825.3","NAMOBJ":"Keben","WADMKC":"Turi","WADMKK":"Lamongan"},"geometry":{"type":"Point","coordinates":[112.4,-7.1]}},{"type":"Feature","properties":{"Line":"S144","Sp":"1568.5","X":"651300.5","Y":"9217775.3","NAMOBJ":"Keben","WADMKC":"Turi","WADMKK":"Lamongan"},"geometry":{"type":"Point","coordinates":[112.4,-7.1]}},{"type":"Feature","properties":{"Line":"S144","Sp":"1572.5","X":"651300.5","Y":"9217725.3","NAMOBJ":"Keben","WADMKC":"Turi","WADMKK":"Lamongan"},"geometry":{"type":"Point","coordinates":[112.4,-7.1]}},{"type":"Feature","properties":{"Line":"S144","Sp":"1576.5","X":"651300.5","Y":"9217675.3","NAMOBJ":"Keben","WADMKC":"Turi","WADMKK":"Lamongan"},"geometry":{"type":"Point","coordinates":[112.4,-7.1]}},{"type":"Feature","properties":{"Line":"S144","Sp":"1580.5","X":"651300.5","Y":"9217625.3","NAMOBJ":"Keben","WADMKC":"Turi","WADMKK":"Lamongan"},"geometry":{"type":"Point","coordinates":[112.4,-7.1]}},{"type":"Feature","properties":{"Line":"S144","Sp":"1584.5","X":"651300.5","Y":"9217575.3","NAMOBJ":"Keben","WADMKC":"Turi","WADMKK":"Lamongan"},"geometry":{"type":"Point","coordinates":[112.4,-7.1]}},{"type":"Feature","properties":{"Line":"S144","Sp":"1588.5","X":"651300.5","Y":"9217525.3","NAMOBJ":"Keben","WADMKC":"Turi","WADMKK":"Lamongan"},"geometry":{"type":"Point","coordinates":[112.4,-7.1]}},{"type":"Feature","properties":{"Line":"S144","Sp":"1592.5","X":"651300.5","Y":"9217475.3","NAMOBJ":"Keben","WADMKC":"Turi","WADMKK":"Lamongan"},"geometry":{"type":"Point","coordinates":[112.4,-7.1]}},{"type":"Feature","properties":{"Line":"S144","Sp":"1596.5","X":"651300.5","Y":"9217425.3","NAMOBJ":"Keben","WADMKC":"Turi","WADMKK":"Lamongan"},"geometry":{"type":"Point","coordinates":[112.4,-7.1]}},{"type":"Feature","properties":{"Line":"S144","Sp":"1600.5","X":"651300.5","Y":"9217375.3","NAMOBJ":"Keben","WADMKC":"Turi","WADMKK":"Lamongan"},"geometry":{"type":"Point","coordinates":[112.4,-7.1]}},{"type":"Feature","properties":{"Line":"S144","Sp":"1604.5","X":"651300.5","Y":"9217325.3","NAMOBJ":"Keben","WADMKC":"Turi","WADMKK":"Lamongan"},"geometry":{"type":"Point","coordinates":[112.4,-7.1]}},{"type":"Feature","properties":{"Line":"S144","Sp":"1608.5","X":"651300.5","Y":"9217275.3","NAMOBJ":"Keben","WADMKC":"Turi","WADMKK":"Lamongan"},"geometry":{"type":"Point","coordinates":[112.4,-7.1]}},{"type":"Feature","properties":{"Line":"S144","Sp":"1612.5","X":"651300.5","Y":"9217225.3","NAMOBJ":"Keben","WADMKC":"Turi","WADMKK":"Lamongan"},"geometry":{"type":"Point","coordinates":[112.4,-7.1]}},{"type":"Feature","properties":{"Line":"S144","Sp":"1616.5","X":"651300.5","Y":"9217175.3","NAMOBJ":"Keben","WADMKC":"Turi","WADMKK":"Lamongan"},"geometry":{"type":"Point","coordinates":[112.4,-7.1]}},{"type":"Feature","properties":{"Line":"S144","Sp":"1620.5","X":"651300.5","Y":"9217125.3","NAMOBJ":"Keben","WADMKC":"Turi","WADMKK":"Lamongan"},"geometry":{"type":"Point","coordinates":[112.4,-7.1]}},{"type":"Feature","properties":{"Line":"S144","Sp":"1624.5","X":"651300.5","Y":"9217075.3","NAMOBJ":"Keben","WADMKC":"Turi","WADMKK":"Lamongan"},"geometry":{"type":"Point","coordinates":[112.4,-7.1]}},{"type":"Feature","properties":{"Line":"S144","Sp":"1628.5","X":"651300.5","Y":"9217025.3","NAMOBJ":"Keben","WADMKC":"Turi","WADMKK":"Lamongan"},"geometry":{"type":"Point","coordinates":[112.4,-7.1]}},{"type":"Feature","properties":{"Line":"S144","Sp":"1632.5","X":"651300.5","Y":"9216975.3","NAMOBJ":"Keben","WADMKC":"Turi","WADMKK":"Lamongan"},"geometry":{"type":"Point","coordinates":[112.4,-7.1]}},{"type":"Feature","properties":{"Line":"S144","Sp":"1636.5","X":"651300.5","Y":"9216925.3","NAMOBJ":"Keben","WADMKC":"Turi","WADMKK":"Lamongan"},"geometry":{"type":"Point","coordinates":[112.4,-7.1]}},{"type":"Feature","properties":{"Line":"S144","Sp":"1640.5","X":"651300.5","Y":"9216875.3","NAMOBJ":"Keben","WADMKC":"Turi","WADMKK":"Lamongan"},"geometry":{"type":"Point","coordinates":[112.4,-7.1]}},{"type":"Feature","properties":{"Line":"S144","Sp":"1644.5","X":"651300.5","Y":"9216825.3","NAMOBJ":"Keben","WADMKC":"Turi","WADMKK":"Lamongan"},"geometry":{"type":"Point","coordinates":[112.4,-7.1]}},{"type":"Feature","properties":{"Line":"S144","Sp":"1648.5","X":"651300.5","Y":"9216775.3","NAMOBJ":"Keben","WADMKC":"Turi","WADMKK":"Lamongan"},"geometry":{"type":"Point","coordinates":[112.4,-7.1]}},{"type":"Feature","properties":{"Line":"S144","Sp":"1652.5","X":"651300.5","Y":"9216725.3","NAMOBJ":"Keben","WADMKC":"Turi","WADMKK":"Lamongan"},"geometry":{"type":"Point","coordinates":[112.4,-7.1]}},{"type":"Feature","properties":{"Line":"S144","Sp":"1656.5","X":"651300.5","Y":"9216675.3","NAMOBJ":"Keben","WADMKC":"Turi","WADMKK":"Lamongan"},"geometry":{"type":"Point","coordinates":[112.4,-7.1]}},{"type":"Feature","properties":{"Line":"S144","Sp":"1660.5","X":"651300.5","Y":"9216625.3","NAMOBJ":"Keben","WADMKC":"Turi","WADMKK":"Lamongan"},"geometry":{"type":"Point","coordinates":[112.4,-7.1]}},{"type":"Feature","properties":{"Line":"S144","Sp":"1664.5","X":"651300.5","Y":"9216575.3","NAMOBJ":"Keben","WADMKC":"Turi","WADMKK":"Lamongan"},"geometry":{"type":"Point","coordinates":[112.4,-7.1]}},{"type":"Feature","properties":{"Line":"S144","Sp":"1668.5","X":"651300.5","Y":"9216525.3","NAMOBJ":"Keben","WADMKC":"Turi","WADMKK":"Lamongan"},"geometry":{"type":"Point","coordinates":[112.4,-7.1]}},{"type":"Feature","properties":{"Line":"S107","Sp":"3188.5","X":"650575.5","Y":"9211800.3","NAMOBJ":"Kebet","WADMKC":"Lamongan","WADMKK":"Lamongan"},"geometry":{"type":"Point","coordinates":[112.4,-7.1]}},{"type":"Feature","properties":{"Line":"S107","Sp":"3192.5","X":"650625.5","Y":"9211800.3","NAMOBJ":"Kebet","WADMKC":"Lamongan","WADMKK":"Lamongan"},"geometry":{"type":"Point","coordinates":[112.4,-7.1]}},{"type":"Feature","properties":{"Line":"S107","Sp":"3196.5","X":"650675.5","Y":"9211800.3","NAMOBJ":"Kebet","WADMKC":"Lamongan","WADMKK":"Lamongan"},"geometry":{"type":"Point","coordinates":[112.4,-7.1]}},{"type":"Feature","properties":{"Line":"S107","Sp":"3200.5","X":"650725.5","Y":"9211800.3","NAMOBJ":"Kebet","WADMKC":"Lamongan","WADMKK":"Lamongan"},"geometry":{"type":"Point","coordinates":[112.4,-7.1]}},{"type":"Feature","properties":{"Line":"S107","Sp":"3204.5","X":"650775.5","Y":"9211800.3","NAMOBJ":"Kebet","WADMKC":"Lamongan","WADMKK":"Lamongan"},"geometry":{"type":"Point","coordinates":[112.4,-7.1]}},{"type":"Feature","properties":{"Line":"S107","Sp":"3208.5","X":"650825.5","Y":"9211800.3","NAMOBJ":"Kebet","WADMKC":"Lamongan","WADMKK":"Lamongan"},"geometry":{"type":"Point","coordinates":[112.4,-7.1]}},{"type":"Feature","properties":{"Line":"S107","Sp":"3212.5","X":"650875.5","Y":"9211800.3","NAMOBJ":"Kebet","WADMKC":"Lamongan","WADMKK":"Lamongan"},"geometry":{"type":"Point","coordinates":[112.4,-7.1]}},{"type":"Feature","properties":{"Line":"S107","Sp":"3216.5","X":"650925.5","Y":"9211800.3","NAMOBJ":"Kebet","WADMKC":"Lamongan","WADMKK":"Lamongan"},"geometry":{"type":"Point","coordinates":[112.4,-7.1]}},{"type":"Feature","properties":{"Line":"S107","Sp":"3220.5","X":"650975.5","Y":"9211800.3","NAMOBJ":"Kebet","WADMKC":"Lamongan","WADMKK":"Lamongan"},"geometry":{"type":"Point","coordinates":[112.4,-7.1]}},{"type":"Feature","properties":{"Line":"S107","Sp":"3224.5","X":"651025.5","Y":"9211800.3","NAMOBJ":"Kebet","WADMKC":"Lamongan","WADMKK":"Lamongan"},"geometry":{"type":"Point","coordinates":[112.4,-7.1]}},{"type":"Feature","properties":{"Line":"S107","Sp":"3228.5","X":"651075.5","Y":"9211800.3","NAMOBJ":"Kebet","WADMKC":"Lamongan","WADMKK":"Lamongan"},"geometry":{"type":"Point","coordinates":[112.4,-7.1]}},{"type":"Feature","properties":{"Line":"S107","Sp":"3232.5","X":"651125.5","Y":"9211800.3","NAMOBJ":"Kebet","WADMKC":"Lamongan","WADMKK":"Lamongan"},"geometry":{"type":"Point","coordinates":[112.4,-7.1]}},{"type":"Feature","properties":{"Line":"S109","Sp":"3156.5","X":"650025.5","Y":"9212800.3","NAMOBJ":"Kebet","WADMKC":"Lamongan","WADMKK":"Lamongan"},"geometry":{"type":"Point","coordinates":[112.4,-7.1]}},{"type":"Feature","properties":{"Line":"S109","Sp":"3160.5","X":"650075.5","Y":"9212800.3","NAMOBJ":"Kebet","WADMKC":"Lamongan","WADMKK":"Lamongan"},"geometry":{"type":"Point","coordinates":[112.4,-7.1]}},{"type":"Feature","properties":{"Line":"S109","Sp":"3164.5","X":"650125.5","Y":"9212800.3","NAMOBJ":"Kebet","WADMKC":"Lamongan","WADMKK":"Lamongan"},"geometry":{"type":"Point","coordinates":[112.4,-7.1]}},{"type":"Feature","properties":{"Line":"S109","Sp":"3168.5","X":"650175.5","Y":"9212800.3","NAMOBJ":"Kebet","WADMKC":"Lamongan","WADMKK":"Lamongan"},"geometry":{"type":"Point","coordinates":[112.4,-7.1]}},{"type":"Feature","properties":{"Line":"S109","Sp":"3172.5","X":"650225.5","Y":"9212800.3","NAMOBJ":"Kebet","WADMKC":"Lamongan","WADMKK":"Lamongan"},"geometry":{"type":"Point","coordinates":[112.4,-7.1]}},{"type":"Feature","properties":{"Line":"S109","Sp":"3176.5","X":"650275.5","Y":"9212800.3","NAMOBJ":"Kebet","WADMKC":"Lamongan","WADMKK":"Lamongan"},"geometry":{"type":"Point","coordinates":[112.4,-7.1]}},{"type":"Feature","properties":{"Line":"S109","Sp":"3180.5","X":"650325.5","Y":"9212800.3","NAMOBJ":"Kebet","WADMKC":"Lamongan","WADMKK":"Lamongan"},"geometry":{"type":"Point","coordinates":[112.4,-7.1]}},{"type":"Feature","properties":{"Line":"S109","Sp":"3184.5","X":"650375.5","Y":"9212800.3","NAMOBJ":"Kebet","WADMKC":"Lamongan","WADMKK":"Lamongan"},"geometry":{"type":"Point","coordinates":[112.4,-7.1]}},{"type":"Feature","properties":{"Line":"S109","Sp":"3188.5","X":"650425.5","Y":"9212800.3","NAMOBJ":"Kebet","WADMKC":"Lamongan","WADMKK":"Lamongan"},"geometry":{"type":"Point","coordinates":[112.4,-7.1]}},{"type":"Feature","properties":{"Line":"S109","Sp":"3192.5","X":"650475.5","Y":"9212800.3","NAMOBJ":"Kebet","WADMKC":"Lamongan","WADMKK":"Lamongan"},"geometry":{"type":"Point","coordinates":[112.4,-7.1]}},{"type":"Feature","properties":{"Line":"S109","Sp":"3196.5","X":"650525.5","Y":"9212800.3","NAMOBJ":"Kebet","WADMKC":"Lamongan","WADMKK":"Lamongan"},"geometry":{"type":"Point","coordinates":[112.4,-7.1]}},{"type":"Feature","properties":{"Line":"S109","Sp":"3200.5","X":"650575.5","Y":"9212800.3","NAMOBJ":"Kebet","WADMKC":"Lamongan","WADMKK":"Lamongan"},"geometry":{"type":"Point","coordinates":[112.4,-7.1]}},{"type":"Feature","properties":{"Line":"S109","Sp":"3204.5","X":"650625.5","Y":"9212800.3","NAMOBJ":"Kebet","WADMKC":"Lamongan","WADMKK":"Lamongan"},"geometry":{"type":"Point","coordinates":[112.4,-7.1]}},{"type":"Feature","properties":{"Line":"S109","Sp":"3208.5","X":"650675.5","Y":"9212800.3","NAMOBJ":"Kebet","WADMKC":"Lamongan","WADMKK":"Lamongan"},"geometry":{"type":"Point","coordinates":[112.4,-7.1]}},{"type":"Feature","properties":{"Line":"S109","Sp":"3212.5","X":"650725.5","Y":"9212800.3","NAMOBJ":"Kebet","WADMKC":"Lamongan","WADMKK":"Lamongan"},"geometry":{"type":"Point","coordinates":[112.4,-7.1]}},{"type":"Feature","properties":{"Line":"S109","Sp":"3216.5","X":"650775.5","Y":"9212800.3","NAMOBJ":"Kebet","WADMKC":"Lamongan","WADMKK":"Lamongan"},"geometry":{"type":"Point","coordinates":[112.4,-7.1]}},{"type":"Feature","properties":{"Line":"S109","Sp":"3220.5","X":"650825.5","Y":"9212800.3","NAMOBJ":"Kebet","WADMKC":"Lamongan","WADMKK":"Lamongan"},"geometry":{"type":"Point","coordinates":[112.4,-7.1]}},{"type":"Feature","properties":{"Line":"S109","Sp":"3224.5","X":"650875.5","Y":"9212800.3","NAMOBJ":"Kebet","WADMKC":"Lamongan","WADMKK":"Lamongan"},"geometry":{"type":"Point","coordinates":[112.4,-7.1]}},{"type":"Feature","properties":{"Line":"S109","Sp":"3228.5","X":"650925.5","Y":"9212800.3","NAMOBJ":"Kebet","WADMKC":"Lamongan","WADMKK":"Lamongan"},"geometry":{"type":"Point","coordinates":[112.4,-7.1]}},{"type":"Feature","properties":{"Line":"S109","Sp":"3232.5","X":"650975.5","Y":"9212800.3","NAMOBJ":"Kebet","WADMKC":"Lamongan","WADMKK":"Lamongan"},"geometry":{"type":"Point","coordinates":[112.4,-7.1]}},{"type":"Feature","properties":{"Line":"S109","Sp":"3236.5","X":"651025.5","Y":"9212800.3","NAMOBJ":"Kebet","WADMKC":"Lamongan","WADMKK":"Lamongan"},"geometry":{"type":"Point","coordinates":[112.4,-7.1]}},{"type":"Feature","properties":{"Line":"S109","Sp":"3240.5","X":"651075.5","Y":"9212800.3","NAMOBJ":"Kebet","WADMKC":"Lamongan","WADMKK":"Lamongan"},"geometry":{"type":"Point","coordinates":[112.4,-7.1]}},{"type":"Feature","properties":{"Line":"S109","Sp":"3244.5","X":"651125.5","Y":"9212800.3","NAMOBJ":"Kebet","WADMKC":"Lamongan","WADMKK":"Lamongan"},"geometry":{"type":"Point","coordinates":[112.4,-7.1]}},{"type":"Feature","properties":{"Line":"S109","Sp":"3248.5","X":"651175.5","Y":"9212800.3","NAMOBJ":"Kebet","WADMKC":"Lamongan","WADMKK":"Lamongan"},"geometry":{"type":"Point","coordinates":[112.4,-7.1]}},{"type":"Feature","properties":{"Line":"S142","Sp":"2024.5","X":"650300.5","Y":"9213025.3","NAMOBJ":"Kebet","WADMKC":"Lamongan","WADMKK":"Lamongan"},"geometry":{"type":"Point","coordinates":[112.4,-7.1]}},{"type":"Feature","properties":{"Line":"S142","Sp":"2028.5","X":"650300.5","Y":"9212975.3","NAMOBJ":"Kebet","WADMKC":"Lamongan","WADMKK":"Lamongan"},"geometry":{"type":"Point","coordinates":[112.4,-7.1]}},{"type":"Feature","properties":{"Line":"S142","Sp":"2032.5","X":"650300.5","Y":"9212925.3","NAMOBJ":"Kebet","WADMKC":"Lamongan","WADMKK":"Lamongan"},"geometry":{"type":"Point","coordinates":[112.4,-7.1]}},{"type":"Feature","properties":{"Line":"S142","Sp":"2036.5","X":"650300.5","Y":"9212875.3","NAMOBJ":"Kebet","WADMKC":"Lamongan","WADMKK":"Lamongan"},"geometry":{"type":"Point","coordinates":[112.4,-7.1]}},{"type":"Feature","properties":{"Line":"S142","Sp":"2040.5","X":"650300.5","Y":"9212825.3","NAMOBJ":"Kebet","WADMKC":"Lamongan","WADMKK":"Lamongan"},"geometry":{"type":"Point","coordinates":[112.4,-7.1]}},{"type":"Feature","properties":{"Line":"S142","Sp":"2044.5","X":"650300.5","Y":"9212775.3","NAMOBJ":"Kebet","WADMKC":"Lamongan","WADMKK":"Lamongan"},"geometry":{"type":"Point","coordinates":[112.4,-7.1]}},{"type":"Feature","properties":{"Line":"S142","Sp":"2048.5","X":"650300.5","Y":"9212725.3","NAMOBJ":"Kebet","WADMKC":"Lamongan","WADMKK":"Lamongan"},"geometry":{"type":"Point","coordinates":[112.4,-7.1]}},{"type":"Feature","properties":{"Line":"S142","Sp":"2052.5","X":"650300.5","Y":"9212675.3","NAMOBJ":"Kebet","WADMKC":"Lamongan","WADMKK":"Lamongan"},"geometry":{"type":"Point","coordinates":[112.4,-7.1]}},{"type":"Feature","properties":{"Line":"S142","Sp":"2056.5","X":"650300.5","Y":"9212625.3","NAMOBJ":"Kebet","WADMKC":"Lamongan","WADMKK":"Lamongan"},"geometry":{"type":"Point","coordinates":[112.4,-7.1]}},{"type":"Feature","properties":{"Line":"S142","Sp":"2060.5","X":"650300.5","Y":"9212575.3","NAMOBJ":"Kebet","WADMKC":"Lamongan","WADMKK":"Lamongan"},"geometry":{"type":"Point","coordinates":[112.4,-7.1]}},{"type":"Feature","properties":{"Line":"S142","Sp":"2064.5","X":"650300.5","Y":"9212525.3","NAMOBJ":"Kebet","WADMKC":"Lamongan","WADMKK":"Lamongan"},"geometry":{"type":"Point","coordinates":[112.4,-7.1]}},{"type":"Feature","properties":{"Line":"S142","Sp":"2068.5","X":"650300.5","Y":"9212475.3","NAMOBJ":"Kebet","WADMKC":"Lamongan","WADMKK":"Lamongan"},"geometry":{"type":"Point","coordinates":[112.4,-7.1]}},{"type":"Feature","properties":{"Line":"S142","Sp":"2072.5","X":"650300.5","Y":"9212425.3","NAMOBJ":"Kebet","WADMKC":"Lamongan","WADMKK":"Lamongan"},"geometry":{"type":"Point","coordinates":[112.4,-7.1]}},{"type":"Feature","properties":{"Line":"S142","Sp":"2076.5","X":"650300.5","Y":"9212375.3","NAMOBJ":"Kebet","WADMKC":"Lamongan","WADMKK":"Lamongan"},"geometry":{"type":"Point","coordinates":[112.4,-7.1]}},{"type":"Feature","properties":{"Line":"S142","Sp":"2080.5","X":"650300.5","Y":"9212325.3","NAMOBJ":"Kebet","WADMKC":"Lamongan","WADMKK":"Lamongan"},"geometry":{"type":"Point","coordinates":[112.4,-7.1]}},{"type":"Feature","properties":{"Line":"S142","Sp":"2084.5","X":"650300.5","Y":"9212275.3","NAMOBJ":"Kebet","WADMKC":"Lamongan","WADMKK":"Lamongan"},"geometry":{"type":"Point","coordinates":[112.4,-7.1]}},{"type":"Feature","properties":{"Line":"S142","Sp":"2088.5","X":"650300.5","Y":"9212225.3","NAMOBJ":"Kebet","WADMKC":"Lamongan","WADMKK":"Lamongan"},"geometry":{"type":"Point","coordinates":[112.4,-7.1]}},{"type":"Feature","properties":{"Line":"S142","Sp":"2092.5","X":"650300.5","Y":"9212175.3","NAMOBJ":"Kebet","WADMKC":"Lamongan","WADMKK":"Lamongan"},"geometry":{"type":"Point","coordinates":[112.4,-7.1]}},{"type":"Feature","properties":{"Line":"S142","Sp":"2096.5","X":"650300.5","Y":"9212125.3","NAMOBJ":"Kebet","WADMKC":"Lamongan","WADMKK":"Lamongan"},"geometry":{"type":"Point","coordinates":[112.4,-7.1]}},{"type":"Feature","properties":{"Line":"S142","Sp":"2100.5","X":"650300.5","Y":"9212075.3","NAMOBJ":"Kebet","WADMKC":"Lamongan","WADMKK":"Lamongan"},"geometry":{"type":"Point","coordinates":[112.4,-7.1]}},{"type":"Feature","properties":{"Line":"S142","Sp":"2104.5","X":"650300.5","Y":"9212025.3","NAMOBJ":"Kebet","WADMKC":"Lamongan","WADMKK":"Lamongan"},"geometry":{"type":"Point","coordinates":[112.4,-7.1]}},{"type":"Feature","properties":{"Line":"S142","Sp":"2108.5","X":"650300.5","Y":"9211975.3","NAMOBJ":"Kebet","WADMKC":"Lamongan","WADMKK":"Lamongan"},"geometry":{"type":"Point","coordinates":[112.4,-7.1]}},{"type":"Feature","properties":{"Line":"S142","Sp":"2112.5","X":"650300.5","Y":"9211925.3","NAMOBJ":"Kebet","WADMKC":"Lamongan","WADMKK":"Lamongan"},"geometry":{"type":"Point","coordinates":[112.4,-7.1]}},{"type":"Feature","properties":{"Line":"S144","Sp":"1976.5","X":"651300.5","Y":"9212675.3","NAMOBJ":"Kebet","WADMKC":"Lamongan","WADMKK":"Lamongan"},"geometry":{"type":"Point","coordinates":[112.4,-7.1]}},{"type":"Feature","properties":{"Line":"S144","Sp":"1980.5","X":"651300.5","Y":"9212625.3","NAMOBJ":"Kebet","WADMKC":"Lamongan","WADMKK":"Lamongan"},"geometry":{"type":"Point","coordinates":[112.4,-7.1]}},{"type":"Feature","properties":{"Line":"S144","Sp":"1984.5","X":"651300.5","Y":"9212575.3","NAMOBJ":"Kebet","WADMKC":"Lamongan","WADMKK":"Lamongan"},"geometry":{"type":"Point","coordinates":[112.4,-7.1]}},{"type":"Feature","properties":{"Line":"S144","Sp":"1988.5","X":"651300.5","Y":"9212525.3","NAMOBJ":"Kebet","WADMKC":"Lamongan","WADMKK":"Lamongan"},"geometry":{"type":"Point","coordinates":[112.4,-7.1]}},{"type":"Feature","properties":{"Line":"S144","Sp":"1992.5","X":"651300.5","Y":"9212475.3","NAMOBJ":"Kebet","WADMKC":"Lamongan","WADMKK":"Lamongan"},"geometry":{"type":"Point","coordinates":[112.4,-7.1]}},{"type":"Feature","properties":{"Line":"S144","Sp":"1996.5","X":"651300.5","Y":"9212425.3","NAMOBJ":"Kebet","WADMKC":"Lamongan","WADMKK":"Lamongan"},"geometry":{"type":"Point","coordinates":[112.4,-7.1]}},{"type":"Feature","properties":{"Line":"S144","Sp":"2000.5","X":"651300.5","Y":"9212375.3","NAMOBJ":"Kebet","WADMKC":"Lamongan","WADMKK":"Lamongan"},"geometry":{"type":"Point","coordinates":[112.4,-7.1]}},{"type":"Feature","properties":{"Line":"S144","Sp":"2004.5","X":"651300.5","Y":"9212325.3","NAMOBJ":"Kebet","WADMKC":"Lamongan","WADMKK":"Lamongan"},"geometry":{"type":"Point","coordinates":[112.4,-7.1]}},{"type":"Feature","properties":{"Line":"S144","Sp":"2008.5","X":"651300.5","Y":"9212275.3","NAMOBJ":"Kebet","WADMKC":"Lamongan","WADMKK":"Lamongan"},"geometry":{"type":"Point","coordinates":[112.4,-7.1]}},{"type":"Feature","properties":{"Line":"S144","Sp":"2012.5","X":"651300.5","Y":"9212225.3","NAMOBJ":"Kebet","WADMKC":"Lamongan","WADMKK":"Lamongan"},"geometry":{"type":"Point","coordinates":[112.4,-7.1]}},{"type":"Feature","properties":{"Line":"S144","Sp":"2016.5","X":"651300.5","Y":"9212175.3","NAMOBJ":"Kebet","WADMKC":"Lamongan","WADMKK":"Lamongan"},"geometry":{"type":"Point","coordinates":[112.4,-7.1]}},{"type":"Feature","properties":{"Line":"S144","Sp":"2020.5","X":"651300.5","Y":"9212125.3","NAMOBJ":"Kebet","WADMKC":"Lamongan","WADMKK":"Lamongan"},"geometry":{"type":"Point","coordinates":[112.4,-7.1]}},{"type":"Feature","properties":{"Line":"S144","Sp":"2024.5","X":"651300.5","Y":"9212075.3","NAMOBJ":"Kebet","WADMKC":"Lamongan","WADMKK":"Lamongan"},"geometry":{"type":"Point","coordinates":[112.4,-7.1]}},{"type":"Feature","properties":{"Line":"S144","Sp":"2028.5","X":"651300.5","Y":"9212025.3","NAMOBJ":"Kebet","WADMKC":"Lamongan","WADMKK":"Lamongan"},"geometry":{"type":"Point","coordinates":[112.4,-7.1]}},{"type":"Feature","properties":{"Line":"S144","Sp":"2032.5","X":"651300.5","Y":"9211975.3","NAMOBJ":"Kebet","WADMKC":"Lamongan","WADMKK":"Lamongan"},"geometry":{"type":"Point","coordinates":[112.4,-7.1]}},{"type":"Feature","properties":{"Line":"S144","Sp":"2036.5","X":"651300.5","Y":"9211925.3","NAMOBJ":"Kebet","WADMKC":"Lamongan","WADMKK":"Lamongan"},"geometry":{"type":"Point","coordinates":[112.4,-7.1]}},{"type":"Feature","properties":{"Line":"S109","Sp":"3416.5","X":"653275.5","Y":"9212800.3","NAMOBJ":"Made","WADMKC":"Lamongan","WADMKK":"Lamongan"},"geometry":{"type":"Point","coordinates":[112.4,-7.1]}},{"type":"Feature","properties":{"Line":"S109","Sp":"3420.5","X":"653325.5","Y":"9212800.3","NAMOBJ":"Made","WADMKC":"Lamongan","WADMKK":"Lamongan"},"geometry":{"type":"Point","coordinates":[112.4,-7.1]}},{"type":"Feature","properties":{"Line":"S109","Sp":"3424.5","X":"653375.5","Y":"9212800.3","NAMOBJ":"Made","WADMKC":"Lamongan","WADMKK":"Lamongan"},"geometry":{"type":"Point","coordinates":[112.4,-7.1]}},{"type":"Feature","properties":{"Line":"S109","Sp":"3428.5","X":"653425.5","Y":"9212800.3","NAMOBJ":"Made","WADMKC":"Lamongan","WADMKK":"Lamongan"},"geometry":{"type":"Point","coordinates":[112.4,-7.1]}},{"type":"Feature","properties":{"Line":"S109","Sp":"3432.5","X":"653475.5","Y":"9212800.3","NAMOBJ":"Made","WADMKC":"Lamongan","WADMKK":"Lamongan"},"geometry":{"type":"Point","coordinates":[112.4,-7.1]}},{"type":"Feature","properties":{"Line":"S109","Sp":"3436.5","X":"653525.5","Y":"9212800.3","NAMOBJ":"Made","WADMKC":"Lamongan","WADMKK":"Lamongan"},"geometry":{"type":"Point","coordinates":[112.4,-7.1]}},{"type":"Feature","properties":{"Line":"S109","Sp":"3440.5","X":"653575.5","Y":"9212800.3","NAMOBJ":"Made","WADMKC":"Lamongan","WADMKK":"Lamongan"},"geometry":{"type":"Point","coordinates":[112.4,-7.1]}},{"type":"Feature","properties":{"Line":"S109","Sp":"3444.5","X":"653625.5","Y":"9212800.3","NAMOBJ":"Made","WADMKC":"Lamongan","WADMKK":"Lamongan"},"geometry":{"type":"Point","coordinates":[112.4,-7.1]}},{"type":"Feature","properties":{"Line":"S109","Sp":"3448.5","X":"653675.5","Y":"9212800.3","NAMOBJ":"Made","WADMKC":"Lamongan","WADMKK":"Lamongan"},"geometry":{"type":"Point","coordinates":[112.4,-7.1]}},{"type":"Feature","properties":{"Line":"S109","Sp":"3452.5","X":"653725.5","Y":"9212800.3","NAMOBJ":"Made","WADMKC":"Lamongan","WADMKK":"Lamongan"},"geometry":{"type":"Point","coordinates":[112.4,-7.1]}},{"type":"Feature","properties":{"Line":"S109","Sp":"3456.5","X":"653775.5","Y":"9212800.3","NAMOBJ":"Made","WADMKC":"Lamongan","WADMKK":"Lamongan"},"geometry":{"type":"Point","coordinates":[112.4,-7.1]}},{"type":"Feature","properties":{"Line":"S111","Sp":"3440.5","X":"653625.5","Y":"9213800.3","NAMOBJ":"Made","WADMKC":"Lamongan","WADMKK":"Lamongan"},"geometry":{"type":"Point","coordinates":[112.4,-7.1]}},{"type":"Feature","properties":{"Line":"S111","Sp":"3444.5","X":"653675.5","Y":"9213800.3","NAMOBJ":"Made","WADMKC":"Lamongan","WADMKK":"Lamongan"},"geometry":{"type":"Point","coordinates":[112.4,-7.1]}},{"type":"Feature","properties":{"Line":"S111","Sp":"3448.5","X":"653725.5","Y":"9213800.3","NAMOBJ":"Made","WADMKC":"Lamongan","WADMKK":"Lamongan"},"geometry":{"type":"Point","coordinates":[112.4,-7.1]}},{"type":"Feature","properties":{"Line":"S111","Sp":"3452.5","X":"653775.5","Y":"9213800.3","NAMOBJ":"Made","WADMKC":"Lamongan","WADMKK":"Lamongan"},"geometry":{"type":"Point","coordinates":[112.4,-7.1]}},{"type":"Feature","properties":{"Line":"S109","Sp":"3252.5","X":"651225.5","Y":"9212800.3","NAMOBJ":"Pangkatrejo","WADMKC":"Lamongan","WADMKK":"Lamongan"},"geometry":{"type":"Point","coordinates":[112.4,-7.1]}},{"type":"Feature","properties":{"Line":"S109","Sp":"3256.5","X":"651275.5","Y":"9212800.3","NAMOBJ":"Pangkatrejo","WADMKC":"Lamongan","WADMKK":"Lamongan"},"geometry":{"type":"Point","coordinates":[112.4,-7.1]}},{"type":"Feature","properties":{"Line":"S109","Sp":"3260.5","X":"651325.5","Y":"9212800.3","NAMOBJ":"Pangkatrejo","WADMKC":"Lamongan","WADMKK":"Lamongan"},"geometry":{"type":"Point","coordinates":[112.4,-7.1]}},{"type":"Feature","properties":{"Line":"S109","Sp":"3264.5","X":"651375.5","Y":"9212800.3","NAMOBJ":"Pangkatrejo","WADMKC":"Lamongan","WADMKK":"Lamongan"},"geometry":{"type":"Point","coordinates":[112.4,-7.1]}},{"type":"Feature","properties":{"Line":"S109","Sp":"3268.5","X":"651425.5","Y":"9212800.3","NAMOBJ":"Pangkatrejo","WADMKC":"Lamongan","WADMKK":"Lamongan"},"geometry":{"type":"Point","coordinates":[112.4,-7.1]}},{"type":"Feature","properties":{"Line":"S109","Sp":"3272.5","X":"651475.5","Y":"9212800.3","NAMOBJ":"Pangkatrejo","WADMKC":"Lamongan","WADMKK":"Lamongan"},"geometry":{"type":"Point","coordinates":[112.4,-7.1]}},{"type":"Feature","properties":{"Line":"S109","Sp":"3276.5","X":"651525.5","Y":"9212800.3","NAMOBJ":"Pangkatrejo","WADMKC":"Lamongan","WADMKK":"Lamongan"},"geometry":{"type":"Point","coordinates":[112.4,-7.1]}},{"type":"Feature","properties":{"Line":"S109","Sp":"3280.5","X":"651575.5","Y":"9212800.3","NAMOBJ":"Pangkatrejo","WADMKC":"Lamongan","WADMKK":"Lamongan"},"geometry":{"type":"Point","coordinates":[112.4,-7.1]}},{"type":"Feature","properties":{"Line":"S109","Sp":"3284.5","X":"651625.5","Y":"9212800.3","NAMOBJ":"Pangkatrejo","WADMKC":"Lamongan","WADMKK":"Lamongan"},"geometry":{"type":"Point","coordinates":[112.4,-7.1]}},{"type":"Feature","properties":{"Line":"S109","Sp":"3288.5","X":"651675.5","Y":"9212800.3","NAMOBJ":"Pangkatrejo","WADMKC":"Lamongan","WADMKK":"Lamongan"},"geometry":{"type":"Point","coordinates":[112.4,-7.1]}},{"type":"Feature","properties":{"Line":"S109","Sp":"3292.5","X":"651725.5","Y":"9212800.3","NAMOBJ":"Pangkatrejo","WADMKC":"Lamongan","WADMKK":"Lamongan"},"geometry":{"type":"Point","coordinates":[112.4,-7.1]}},{"type":"Feature","properties":{"Line":"S109","Sp":"3296.5","X":"651775.5","Y":"9212800.3","NAMOBJ":"Pangkatrejo","WADMKC":"Lamongan","WADMKK":"Lamongan"},"geometry":{"type":"Point","coordinates":[112.4,-7.1]}},{"type":"Feature","properties":{"Line":"S109","Sp":"3300.5","X":"651825.5","Y":"9212800.3","NAMOBJ":"Pangkatrejo","WADMKC":"Lamongan","WADMKK":"Lamongan"},"geometry":{"type":"Point","coordinates":[112.4,-7.1]}},{"type":"Feature","properties":{"Line":"S109","Sp":"3304.5","X":"651875.5","Y":"9212800.3","NAMOBJ":"Pangkatrejo","WADMKC":"Lamongan","WADMKK":"Lamongan"},"geometry":{"type":"Point","coordinates":[112.4,-7.1]}},{"type":"Feature","properties":{"Line":"S109","Sp":"3308.5","X":"651925.5","Y":"9212800.3","NAMOBJ":"Pangkatrejo","WADMKC":"Lamongan","WADMKK":"Lamongan"},"geometry":{"type":"Point","coordinates":[112.4,-7.1]}},{"type":"Feature","properties":{"Line":"S109","Sp":"3312.5","X":"651975.5","Y":"9212800.3","NAMOBJ":"Pangkatrejo","WADMKC":"Lamongan","WADMKK":"Lamongan"},"geometry":{"type":"Point","coordinates":[112.4,-7.1]}},{"type":"Feature","properties":{"Line":"S109","Sp":"3316.5","X":"652025.5","Y":"9212800.3","NAMOBJ":"Pangkatrejo","WADMKC":"Lamongan","WADMKK":"Lamongan"},"geometry":{"type":"Point","coordinates":[112.4,-7.1]}},{"type":"Feature","properties":{"Line":"S109","Sp":"3320.5","X":"652075.5","Y":"9212800.3","NAMOBJ":"Pangkatrejo","WADMKC":"Lamongan","WADMKK":"Lamongan"},"geometry":{"type":"Point","coordinates":[112.4,-7.1]}},{"type":"Feature","properties":{"Line":"S109","Sp":"3324.5","X":"652125.5","Y":"9212800.3","NAMOBJ":"Pangkatrejo","WADMKC":"Lamongan","WADMKK":"Lamongan"},"geometry":{"type":"Point","coordinates":[112.4,-7.1]}},{"type":"Feature","properties":{"Line":"S111","Sp":"3248.5","X":"651225.5","Y":"9213800.3","NAMOBJ":"Pangkatrejo","WADMKC":"Lamongan","WADMKK":"Lamongan"},"geometry":{"type":"Point","coordinates":[112.4,-7.1]}},{"type":"Feature","properties":{"Line":"S111","Sp":"3252.5","X":"651275.5","Y":"9213800.3","NAMOBJ":"Pangkatrejo","WADMKC":"Lamongan","WADMKK":"Lamongan"},"geometry":{"type":"Point","coordinates":[112.4,-7.1]}},{"type":"Feature","properties":{"Line":"S111","Sp":"3256.5","X":"651325.5","Y":"9213800.3","NAMOBJ":"Pangkatrejo","WADMKC":"Lamongan","WADMKK":"Lamongan"},"geometry":{"type":"Point","coordinates":[112.4,-7.1]}},{"type":"Feature","properties":{"Line":"S111","Sp":"3260.5","X":"651375.5","Y":"9213800.3","NAMOBJ":"Pangkatrejo","WADMKC":"Lamongan","WADMKK":"Lamongan"},"geometry":{"type":"Point","coordinates":[112.4,-7.1]}},{"type":"Feature","properties":{"Line":"S111","Sp":"3264.5","X":"651425.5","Y":"9213800.3","NAMOBJ":"Pangkatrejo","WADMKC":"Lamongan","WADMKK":"Lamongan"},"geometry":{"type":"Point","coordinates":[112.4,-7.1]}},{"type":"Feature","properties":{"Line":"S111","Sp":"3268.5","X":"651475.5","Y":"9213800.3","NAMOBJ":"Pangkatrejo","WADMKC":"Lamongan","WADMKK":"Lamongan"},"geometry":{"type":"Point","coordinates":[112.4,-7.1]}},{"type":"Feature","properties":{"Line":"S111","Sp":"3272.5","X":"651525.5","Y":"9213800.3","NAMOBJ":"Pangkatrejo","WADMKC":"Lamongan","WADMKK":"Lamongan"},"geometry":{"type":"Point","coordinates":[112.4,-7.1]}},{"type":"Feature","properties":{"Line":"S111","Sp":"3276.5","X":"651575.5","Y":"9213800.3","NAMOBJ":"Pangkatrejo","WADMKC":"Lamongan","WADMKK":"Lamongan"},"geometry":{"type":"Point","coordinates":[112.4,-7.1]}},{"type":"Feature","properties":{"Line":"S111","Sp":"3280.5","X":"651625.5","Y":"9213800.3","NAMOBJ":"Pangkatrejo","WADMKC":"Lamongan","WADMKK":"Lamongan"},"geometry":{"type":"Point","coordinates":[112.4,-7.1]}},{"type":"Feature","properties":{"Line":"S111","Sp":"3284.5","X":"651675.5","Y":"9213800.3","NAMOBJ":"Pangkatrejo","WADMKC":"Lamongan","WADMKK":"Lamongan"},"geometry":{"type":"Point","coordinates":[112.4,-7.1]}},{"type":"Feature","properties":{"Line":"S111","Sp":"3288.5","X":"651725.5","Y":"9213800.3","NAMOBJ":"Pangkatrejo","WADMKC":"Lamongan","WADMKK":"Lamongan"},"geometry":{"type":"Point","coordinates":[112.4,-7.1]}},{"type":"Feature","properties":{"Line":"S111","Sp":"3292.5","X":"651775.5","Y":"9213800.3","NAMOBJ":"Pangkatrejo","WADMKC":"Lamongan","WADMKK":"Lamongan"},"geometry":{"type":"Point","coordinates":[112.4,-7.1]}},{"type":"Feature","properties":{"Line":"S111","Sp":"3296.5","X":"651825.5","Y":"9213800.3","NAMOBJ":"Pangkatrejo","WADMKC":"Lamongan","WADMKK":"Lamongan"},"geometry":{"type":"Point","coordinates":[112.4,-7.1]}},{"type":"Feature","properties":{"Line":"S111","Sp":"3300.5","X":"651875.5","Y":"9213800.3","NAMOBJ":"Pangkatrejo","WADMKC":"Lamongan","WADMKK":"Lamongan"},"geometry":{"type":"Point","coordinates":[112.4,-7.1]}},{"type":"Feature","properties":{"Line":"S111","Sp":"3304.5","X":"651925.5","Y":"9213800.3","NAMOBJ":"Pangkatrejo","WADMKC":"Lamongan","WADMKK":"Lamongan"},"geometry":{"type":"Point","coordinates":[112.4,-7.1]}},{"type":"Feature","properties":{"Line":"S111","Sp":"3308.5","X":"651975.5","Y":"9213800.3","NAMOBJ":"Pangkatrejo","WADMKC":"Lamongan","WADMKK":"Lamongan"},"geometry":{"type":"Point","coordinates":[112.4,-7.1]}},{"type":"Feature","properties":{"Line":"S111","Sp":"3312.5","X":"652025.5","Y":"9213800.3","NAMOBJ":"Pangkatrejo","WADMKC":"Lamongan","WADMKK":"Lamongan"},"geometry":{"type":"Point","coordinates":[112.4,-7.1]}},{"type":"Feature","properties":{"Line":"S111","Sp":"3316.5","X":"652075.5","Y":"9213800.3","NAMOBJ":"Pangkatrejo","WADMKC":"Lamongan","WADMKK":"Lamongan"},"geometry":{"type":"Point","coordinates":[112.4,-7.1]}},{"type":"Feature","properties":{"Line":"S111","Sp":"3320.5","X":"652125.5","Y":"9213800.3","NAMOBJ":"Pangkatrejo","WADMKC":"Lamongan","WADMKK":"Lamongan"},"geometry":{"type":"Point","coordinates":[112.4,-7.1]}},{"type":"Feature","properties":{"Line":"S111","Sp":"3324.5","X":"652175.5","Y":"9213800.3","NAMOBJ":"Pangkatrejo","WADMKC":"Lamongan","WADMKK":"Lamongan"},"geometry":{"type":"Point","coordinates":[112.4,-7.1]}},{"type":"Feature","properties":{"Line":"S111","Sp":"3328.5","X":"652225.5","Y":"9213800.3","NAMOBJ":"Pangkatrejo","WADMKC":"Lamongan","WADMKK":"Lamongan"},"geometry":{"type":"Point","coordinates":[112.4,-7.1]}},{"type":"Feature","properties":{"Line":"S111","Sp":"3332.5","X":"652275.5","Y":"9213800.3","NAMOBJ":"Pangkatrejo","WADMKC":"Lamongan","WADMKK":"Lamongan"},"geometry":{"type":"Point","coordinates":[112.4,-7.1]}},{"type":"Feature","properties":{"Line":"S111","Sp":"3336.5","X":"652325.5","Y":"9213800.3","NAMOBJ":"Pangkatrejo","WADMKC":"Lamongan","WADMKK":"Lamongan"},"geometry":{"type":"Point","coordinates":[112.4,-7.1]}},{"type":"Feature","properties":{"Line":"S111","Sp":"3340.5","X":"652375.5","Y":"9213800.3","NAMOBJ":"Pangkatrejo","WADMKC":"Lamongan","WADMKK":"Lamongan"},"geometry":{"type":"Point","coordinates":[112.4,-7.1]}},{"type":"Feature","properties":{"Line":"S111","Sp":"3344.5","X":"652425.5","Y":"9213800.3","NAMOBJ":"Pangkatrejo","WADMKC":"Lamongan","WADMKK":"Lamongan"},"geometry":{"type":"Point","coordinates":[112.4,-7.1]}},{"type":"Feature","properties":{"Line":"S111","Sp":"3348.5","X":"652475.5","Y":"9213800.3","NAMOBJ":"Pangkatrejo","WADMKC":"Lamongan","WADMKK":"Lamongan"},"geometry":{"type":"Point","coordinates":[112.4,-7.1]}},{"type":"Feature","properties":{"Line":"S111","Sp":"3352.5","X":"652525.5","Y":"9213800.3","NAMOBJ":"Pangkatrejo","WADMKC":"Lamongan","WADMKK":"Lamongan"},"geometry":{"type":"Point","coordinates":[112.4,-7.1]}},{"type":"Feature","properties":{"Line":"S111","Sp":"3356.5","X":"652575.5","Y":"9213800.3","NAMOBJ":"Pangkatrejo","WADMKC":"Lamongan","WADMKK":"Lamongan"},"geometry":{"type":"Point","coordinates":[112.4,-7.1]}},{"type":"Feature","properties":{"Line":"S111","Sp":"3360.5","X":"652625.5","Y":"9213800.3","NAMOBJ":"Pangkatrejo","WADMKC":"Lamongan","WADMKK":"Lamongan"},"geometry":{"type":"Point","coordinates":[112.4,-7.1]}},{"type":"Feature","properties":{"Line":"S144","Sp":"1876.5","X":"651300.5","Y":"9213925.3","NAMOBJ":"Pangkatrejo","WADMKC":"Lamongan","WADMKK":"Lamongan"},"geometry":{"type":"Point","coordinates":[112.4,-7.1]}},{"type":"Feature","properties":{"Line":"S144","Sp":"1880.5","X":"651300.5","Y":"9213875.3","NAMOBJ":"Pangkatrejo","WADMKC":"Lamongan","WADMKK":"Lamongan"},"geometry":{"type":"Point","coordinates":[112.4,-7.1]}},{"type":"Feature","properties":{"Line":"S144","Sp":"1884.5","X":"651300.5","Y":"9213825.3","NAMOBJ":"Pangkatrejo","WADMKC":"Lamongan","WADMKK":"Lamongan"},"geometry":{"type":"Point","coordinates":[112.4,-7.1]}},{"type":"Feature","properties":{"Line":"S144","Sp":"1888.5","X":"651300.5","Y":"9213775.3","NAMOBJ":"Pangkatrejo","WADMKC":"Lamongan","WADMKK":"Lamongan"},"geometry":{"type":"Point","coordinates":[112.4,-7.1]}},{"type":"Feature","properties":{"Line":"S144","Sp":"1892.5","X":"651300.5","Y":"9213725.3","NAMOBJ":"Pangkatrejo","WADMKC":"Lamongan","WADMKK":"Lamongan"},"geometry":{"type":"Point","coordinates":[112.4,-7.1]}},{"type":"Feature","properties":{"Line":"S144","Sp":"1896.5","X":"651300.5","Y":"9213675.3","NAMOBJ":"Pangkatrejo","WADMKC":"Lamongan","WADMKK":"Lamongan"},"geometry":{"type":"Point","coordinates":[112.4,-7.1]}},{"type":"Feature","properties":{"Line":"S144","Sp":"1900.5","X":"651300.5","Y":"9213625.3","NAMOBJ":"Pangkatrejo","WADMKC":"Lamongan","WADMKK":"Lamongan"},"geometry":{"type":"Point","coordinates":[112.4,-7.1]}},{"type":"Feature","properties":{"Line":"S144","Sp":"1904.5","X":"651300.5","Y":"9213575.3","NAMOBJ":"Pangkatrejo","WADMKC":"Lamongan","WADMKK":"Lamongan"},"geometry":{"type":"Point","coordinates":[112.4,-7.1]}},{"type":"Feature","properties":{"Line":"S144","Sp":"1908.5","X":"651300.5","Y":"9213525.3","NAMOBJ":"Pangkatrejo","WADMKC":"Lamongan","WADMKK":"Lamongan"},"geometry":{"type":"Point","coordinates":[112.4,-7.1]}},{"type":"Feature","properties":{"Line":"S144","Sp":"1912.5","X":"651300.5","Y":"9213475.3","NAMOBJ":"Pangkatrejo","WADMKC":"Lamongan","WADMKK":"Lamongan"},"geometry":{"type":"Point","coordinates":[112.4,-7.1]}},{"type":"Feature","properties":{"Line":"S144","Sp":"1916.5","X":"651300.5","Y":"9213425.3","NAMOBJ":"Pangkatrejo","WADMKC":"Lamongan","WADMKK":"Lamongan"},"geometry":{"type":"Point","coordinates":[112.4,-7.1]}},{"type":"Feature","properties":{"Line":"S144","Sp":"1920.5","X":"651300.5","Y":"9213375.3","NAMOBJ":"Pangkatrejo","WADMKC":"Lamongan","WADMKK":"Lamongan"},"geometry":{"type":"Point","coordinates":[112.4,-7.1]}},{"type":"Feature","properties":{"Line":"S144","Sp":"1924.5","X":"651300.5","Y":"9213325.3","NAMOBJ":"Pangkatrejo","WADMKC":"Lamongan","WADMKK":"Lamongan"},"geometry":{"type":"Point","coordinates":[112.4,-7.1]}},{"type":"Feature","properties":{"Line":"S144","Sp":"1928.5","X":"651300.5","Y":"9213275.3","NAMOBJ":"Pangkatrejo","WADMKC":"Lamongan","WADMKK":"Lamongan"},"geometry":{"type":"Point","coordinates":[112.4,-7.1]}},{"type":"Feature","properties":{"Line":"S144","Sp":"1932.5","X":"651300.5","Y":"9213225.3","NAMOBJ":"Pangkatrejo","WADMKC":"Lamongan","WADMKK":"Lamongan"},"geometry":{"type":"Point","coordinates":[112.4,-7.1]}},{"type":"Feature","properties":{"Line":"S144","Sp":"1936.5","X":"651300.5","Y":"9213175.3","NAMOBJ":"Pangkatrejo","WADMKC":"Lamongan","WADMKK":"Lamongan"},"geometry":{"type":"Point","coordinates":[112.4,-7.1]}},{"type":"Feature","properties":{"Line":"S144","Sp":"1940.5","X":"651300.5","Y":"9213125.3","NAMOBJ":"Pangkatrejo","WADMKC":"Lamongan","WADMKK":"Lamongan"},"geometry":{"type":"Point","coordinates":[112.4,-7.1]}},{"type":"Feature","properties":{"Line":"S144","Sp":"1944.5","X":"651300.5","Y":"9213075.3","NAMOBJ":"Pangkatrejo","WADMKC":"Lamongan","WADMKK":"Lamongan"},"geometry":{"type":"Point","coordinates":[112.4,-7.1]}},{"type":"Feature","properties":{"Line":"S144","Sp":"1948.5","X":"651300.5","Y":"9213025.3","NAMOBJ":"Pangkatrejo","WADMKC":"Lamongan","WADMKK":"Lamongan"},"geometry":{"type":"Point","coordinates":[112.4,-7.1]}},{"type":"Feature","properties":{"Line":"S144","Sp":"1952.5","X":"651300.5","Y":"9212975.3","NAMOBJ":"Pangkatrejo","WADMKC":"Lamongan","WADMKK":"Lamongan"},"geometry":{"type":"Point","coordinates":[112.4,-7.1]}},{"type":"Feature","properties":{"Line":"S144","Sp":"1956.5","X":"651300.5","Y":"9212925.3","NAMOBJ":"Pangkatrejo","WADMKC":"Lamongan","WADMKK":"Lamongan"},"geometry":{"type":"Point","coordinates":[112.4,-7.1]}},{"type":"Feature","properties":{"Line":"S144","Sp":"1960.5","X":"651300.5","Y":"9212875.3","NAMOBJ":"Pangkatrejo","WADMKC":"Lamongan","WADMKK":"Lamongan"},"geometry":{"type":"Point","coordinates":[112.4,-7.1]}},{"type":"Feature","properties":{"Line":"S144","Sp":"1964.5","X":"651300.5","Y":"9212825.3","NAMOBJ":"Pangkatrejo","WADMKC":"Lamongan","WADMKK":"Lamongan"},"geometry":{"type":"Point","coordinates":[112.4,-7.1]}},{"type":"Feature","properties":{"Line":"S144","Sp":"1968.5","X":"651300.5","Y":"9212775.3","NAMOBJ":"Pangkatrejo","WADMKC":"Lamongan","WADMKK":"Lamongan"},"geometry":{"type":"Point","coordinates":[112.4,-7.1]}},{"type":"Feature","properties":{"Line":"S144","Sp":"1972.5","X":"651300.5","Y":"9212725.3","NAMOBJ":"Pangkatrejo","WADMKC":"Lamongan","WADMKK":"Lamongan"},"geometry":{"type":"Point","coordinates":[112.4,-7.1]}},{"type":"Feature","properties":{"Line":"S113","Sp":"3260.5","X":"652475.5","Y":"9214800.3","NAMOBJ":"Plosowahyu","WADMKC":"Lamongan","WADMKK":"Lamongan"},"geometry":{"type":"Point","coordinates":[112.4,-7.1]}},{"type":"Feature","properties":{"Line":"S113","Sp":"3264.5","X":"652525.5","Y":"9214800.3","NAMOBJ":"Plosowahyu","WADMKC":"Lamongan","WADMKK":"Lamongan"},"geometry":{"type":"Point","coordinates":[112.4,-7.1]}},{"type":"Feature","properties":{"Line":"S113","Sp":"3268.5","X":"652575.5","Y":"9214800.3","NAMOBJ":"Plosowahyu","WADMKC":"Lamongan","WADMKK":"Lamongan"},"geometry":{"type":"Point","coordinates":[112.4,-7.1]}},{"type":"Feature","properties":{"Line":"S113","Sp":"3272.5","X":"652625.5","Y":"9214800.3","NAMOBJ":"Plosowahyu","WADMKC":"Lamongan","WADMKK":"Lamongan"},"geometry":{"type":"Point","coordinates":[112.4,-7.1]}},{"type":"Feature","properties":{"Line":"S113","Sp":"3276.5","X":"652675.5","Y":"9214800.3","NAMOBJ":"Plosowahyu","WADMKC":"Lamongan","WADMKK":"Lamongan"},"geometry":{"type":"Point","coordinates":[112.4,-7.1]}},{"type":"Feature","properties":{"Line":"S113","Sp":"3280.5","X":"652725.5","Y":"9214800.3","NAMOBJ":"Plosowahyu","WADMKC":"Lamongan","WADMKK":"Lamongan"},"geometry":{"type":"Point","coordinates":[112.4,-7.1]}},{"type":"Feature","properties":{"Line":"S113","Sp":"3284.5","X":"652775.5","Y":"9214800.3","NAMOBJ":"Plosowahyu","WADMKC":"Lamongan","WADMKK":"Lamongan"},"geometry":{"type":"Point","coordinates":[112.4,-7.1]}},{"type":"Feature","properties":{"Line":"S113","Sp":"3288.5","X":"652825.5","Y":"9214800.3","NAMOBJ":"Plosowahyu","WADMKC":"Lamongan","WADMKK":"Lamongan"},"geometry":{"type":"Point","coordinates":[112.4,-7.1]}},{"type":"Feature","properties":{"Line":"S113","Sp":"3292.5","X":"652875.5","Y":"9214800.3","NAMOBJ":"Plosowahyu","WADMKC":"Lamongan","WADMKK":"Lamongan"},"geometry":{"type":"Point","coordinates":[112.4,-7.1]}},{"type":"Feature","properties":{"Line":"S113","Sp":"3296.5","X":"652925.5","Y":"9214800.3","NAMOBJ":"Plosowahyu","WADMKC":"Lamongan","WADMKK":"Lamongan"},"geometry":{"type":"Point","coordinates":[112.4,-7.1]}},{"type":"Feature","properties":{"Line":"S113","Sp":"3300.5","X":"652975.5","Y":"9214800.3","NAMOBJ":"Plosowahyu","WADMKC":"Lamongan","WADMKK":"Lamongan"},"geometry":{"type":"Point","coordinates":[112.4,-7.1]}},{"type":"Feature","properties":{"Line":"S113","Sp":"3304.5","X":"653025.5","Y":"9214800.3","NAMOBJ":"Plosowahyu","WADMKC":"Lamongan","WADMKK":"Lamongan"},"geometry":{"type":"Point","coordinates":[112.4,-7.1]}},{"type":"Feature","properties":{"Line":"S113","Sp":"3308.5","X":"653075.5","Y":"9214800.3","NAMOBJ":"Plosowahyu","WADMKC":"Lamongan","WADMKK":"Lamongan"},"geometry":{"type":"Point","coordinates":[112.4,-7.1]}},{"type":"Feature","properties":{"Line":"S113","Sp":"3312.5","X":"653125.5","Y":"9214800.3","NAMOBJ":"Plosowahyu","WADMKC":"Lamongan","WADMKK":"Lamongan"},"geometry":{"type":"Point","coordinates":[112.4,-7.1]}},{"type":"Feature","properties":{"Line":"S113","Sp":"3316.5","X":"653175.5","Y":"9214800.3","NAMOBJ":"Plosowahyu","WADMKC":"Lamongan","WADMKK":"Lamongan"},"geometry":{"type":"Point","coordinates":[112.4,-7.1]}},{"type":"Feature","properties":{"Line":"S113","Sp":"3320.5","X":"653225.5","Y":"9214800.3","NAMOBJ":"Plosowahyu","WADMKC":"Lamongan","WADMKK":"Lamongan"},"geometry":{"type":"Point","coordinates":[112.4,-7.1]}},{"type":"Feature","properties":{"Line":"S113","Sp":"3324.5","X":"653275.5","Y":"9214800.3","NAMOBJ":"Plosowahyu","WADMKC":"Lamongan","WADMKK":"Lamongan"},"geometry":{"type":"Point","coordinates":[112.4,-7.1]}},{"type":"Feature","properties":{"Line":"S113","Sp":"3328.5","X":"653325.5","Y":"9214800.3","NAMOBJ":"Plosowahyu","WADMKC":"Lamongan","WADMKK":"Lamongan"},"geometry":{"type":"Point","coordinates":[112.4,-7.1]}},{"type":"Feature","properties":{"Line":"S113","Sp":"3332.5","X":"653375.5","Y":"9214800.3","NAMOBJ":"Plosowahyu","WADMKC":"Lamongan","WADMKK":"Lamongan"},"geometry":{"type":"Point","coordinates":[112.4,-7.1]}},{"type":"Feature","properties":{"Line":"S113","Sp":"3336.5","X":"653425.5","Y":"9214800.3","NAMOBJ":"Plosowahyu","WADMKC":"Lamongan","WADMKK":"Lamongan"},"geometry":{"type":"Point","coordinates":[112.4,-7.1]}},{"type":"Feature","properties":{"Line":"S113","Sp":"3340.5","X":"653475.5","Y":"9214800.3","NAMOBJ":"Plosowahyu","WADMKC":"Lamongan","WADMKK":"Lamongan"},"geometry":{"type":"Point","coordinates":[112.4,-7.1]}},{"type":"Feature","properties":{"Line":"S113","Sp":"3344.5","X":"653525.5","Y":"9214800.3","NAMOBJ":"Plosowahyu","WADMKC":"Lamongan","WADMKK":"Lamongan"},"geometry":{"type":"Point","coordinates":[112.4,-7.1]}},{"type":"Feature","properties":{"Line":"S113","Sp":"3348.5","X":"653575.5","Y":"9214800.3","NAMOBJ":"Plosowahyu","WADMKC":"Lamongan","WADMKK":"Lamongan"},"geometry":{"type":"Point","coordinates":[112.4,-7.1]}},{"type":"Feature","properties":{"Line":"S113","Sp":"3352.5","X":"653625.5","Y":"9214800.3","NAMOBJ":"Plosowahyu","WADMKC":"Lamongan","WADMKK":"Lamongan"},"geometry":{"type":"Point","coordinates":[112.4,-7.1]}},{"type":"Feature","properties":{"Line":"S113","Sp":"3356.5","X":"653675.5","Y":"9214800.3","NAMOBJ":"Plosowahyu","WADMKC":"Lamongan","WADMKK":"Lamongan"},"geometry":{"type":"Point","coordinates":[112.4,-7.1]}},{"type":"Feature","properties":{"Line":"S113","Sp":"3360.5","X":"653725.5","Y":"9214800.3","NAMOBJ":"Plosowahyu","WADMKC":"Lamongan","WADMKK":"Lamongan"},"geometry":{"type":"Point","coordinates":[112.4,-7.1]}},{"type":"Feature","properties":{"Line":"S113","Sp":"3364.5","X":"653775.5","Y":"9214800.3","NAMOBJ":"Plosowahyu","WADMKC":"Lamongan","WADMKK":"Lamongan"},"geometry":{"type":"Point","coordinates":[112.4,-7.1]}},{"type":"Feature","properties":{"Line":"S140","Sp":"1512.5","X":"649300.5","Y":"9220475.3","NAMOBJ":"Pucangro","WADMKC":"Kalitengah","WADMKK":"Lamongan"},"geometry":{"type":"Point","coordinates":[112.4,-7.1]}},{"type":"Feature","properties":{"Line":"S140","Sp":"1516.5","X":"649300.5","Y":"9220425.3","NAMOBJ":"Pucangro","WADMKC":"Kalitengah","WADMKK":"Lamongan"},"geometry":{"type":"Point","coordinates":[112.4,-7.1]}},{"type":"Feature","properties":{"Line":"S140","Sp":"1520.5","X":"649300.5","Y":"9220375.3","NAMOBJ":"Pucangro","WADMKC":"Kalitengah","WADMKK":"Lamongan"},"geometry":{"type":"Point","coordinates":[112.4,-7.1]}},{"type":"Feature","properties":{"Line":"S140","Sp":"1524.5","X":"649300.5","Y":"9220325.3","NAMOBJ":"Pucangro","WADMKC":"Kalitengah","WADMKK":"Lamongan"},"geometry":{"type":"Point","coordinates":[112.4,-7.1]}},{"type":"Feature","properties":{"Line":"S140","Sp":"1528.5","X":"649300.5","Y":"9220275.3","NAMOBJ":"Pucangro","WADMKC":"Kalitengah","WADMKK":"Lamongan"},"geometry":{"type":"Point","coordinates":[112.4,-7.1]}},{"type":"Feature","properties":{"Line":"S140","Sp":"1532.5","X":"649300.5","Y":"9220225.3","NAMOBJ":"Pucangro","WADMKC":"Kalitengah","WADMKK":"Lamongan"},"geometry":{"type":"Point","coordinates":[112.4,-7.1]}},{"type":"Feature","properties":{"Line":"S140","Sp":"1536.5","X":"649300.5","Y":"9220175.3","NAMOBJ":"Pucangro","WADMKC":"Kalitengah","WADMKK":"Lamongan"},"geometry":{"type":"Point","coordinates":[112.4,-7.1]}},{"type":"Feature","properties":{"Line":"S140","Sp":"1540.5","X":"649300.5","Y":"9220125.3","NAMOBJ":"Pucangro","WADMKC":"Kalitengah","WADMKK":"Lamongan"},"geometry":{"type":"Point","coordinates":[112.4,-7.1]}},{"type":"Feature","properties":{"Line":"S140","Sp":"1544.5","X":"649300.5","Y":"9220075.3","NAMOBJ":"Pucangro","WADMKC":"Kalitengah","WADMKK":"Lamongan"},"geometry":{"type":"Point","coordinates":[112.4,-7.1]}},{"type":"Feature","properties":{"Line":"S140","Sp":"1548.5","X":"649300.5","Y":"9220025.3","NAMOBJ":"Pucangro","WADMKC":"Kalitengah","WADMKK":"Lamongan"},"geometry":{"type":"Point","coordinates":[112.4,-7.1]}},{"type":"Feature","properties":{"Line":"S140","Sp":"1552.5","X":"649300.5","Y":"9219975.3","NAMOBJ":"Pucangro","WADMKC":"Kalitengah","WADMKK":"Lamongan"},"geometry":{"type":"Point","coordinates":[112.4,-7.1]}},{"type":"Feature","properties":{"Line":"S144","Sp":"2184.5","X":"651300.5","Y":"9210075.3","NAMOBJ":"Rancangkencono","WADMKC":"Lamongan","WADMKK":"Lamongan"},"geometry":{"type":"Point","coordinates":[112.4,-7.1]}},{"type":"Feature","properties":{"Line":"S144","Sp":"2188.5","X":"651300.5","Y":"9210025.3","NAMOBJ":"Rancangkencono","WADMKC":"Lamongan","WADMKK":"Lamongan"},"geometry":{"type":"Point","coordinates":[112.4,-7.1]}},{"type":"Feature","properties":{"Line":"S144","Sp":"2192.5","X":"651300.5","Y":"9209975.3","NAMOBJ":"Rancangkencono","WADMKC":"Lamongan","WADMKK":"Lamongan"},"geometry":{"type":"Point","coordinates":[112.4,-7.1]}},{"type":"Feature","properties":{"Line":"S144","Sp":"2196.5","X":"651300.5","Y":"9209925.3","NAMOBJ":"Rancangkencono","WADMKC":"Lamongan","WADMKK":"Lamongan"},"geometry":{"type":"Point","coordinates":[112.4,-7.1]}},{"type":"Feature","properties":{"Line":"S144","Sp":"2200.5","X":"651300.5","Y":"9209875.3","NAMOBJ":"Rancangkencono","WADMKC":"Lamongan","WADMKK":"Lamongan"},"geometry":{"type":"Point","coordinates":[112.4,-7.1]}},{"type":"Feature","properties":{"Line":"S144","Sp":"2204.5","X":"651300.5","Y":"9209825.3","NAMOBJ":"Rancangkencono","WADMKC":"Lamongan","WADMKK":"Lamongan"},"geometry":{"type":"Point","coordinates":[112.4,-7.1]}},{"type":"Feature","properties":{"Line":"S144","Sp":"2208.5","X":"651300.5","Y":"9209775.3","NAMOBJ":"Rancangkencono","WADMKC":"Lamongan","WADMKK":"Lamongan"},"geometry":{"type":"Point","coordinates":[112.4,-7.1]}},{"type":"Feature","properties":{"Line":"S144","Sp":"2212.5","X":"651300.5","Y":"9209725.3","NAMOBJ":"Rancangkencono","WADMKC":"Lamongan","WADMKK":"Lamongan"},"geometry":{"type":"Point","coordinates":[112.4,-7.1]}},{"type":"Feature","properties":{"Line":"S144","Sp":"2216.5","X":"651300.5","Y":"9209675.3","NAMOBJ":"Rancangkencono","WADMKC":"Lamongan","WADMKK":"Lamongan"},"geometry":{"type":"Point","coordinates":[112.4,-7.1]}},{"type":"Feature","properties":{"Line":"S107","Sp":"3236.5","X":"651175.5","Y":"9211800.3","NAMOBJ":"Sendangrejo","WADMKC":"Lamongan","WADMKK":"Lamongan"},"geometry":{"type":"Point","coordinates":[112.4,-7.1]}},{"type":"Feature","properties":{"Line":"S144","Sp":"2040.5","X":"651300.5","Y":"9211875.3","NAMOBJ":"Sendangrejo","WADMKC":"Lamongan","WADMKK":"Lamongan"},"geometry":{"type":"Point","coordinates":[112.4,-7.1]}},{"type":"Feature","properties":{"Line":"S144","Sp":"2044.5","X":"651300.5","Y":"9211825.3","NAMOBJ":"Sendangrejo","WADMKC":"Lamongan","WADMKK":"Lamongan"},"geometry":{"type":"Point","coordinates":[112.4,-7.1]}},{"type":"Feature","properties":{"Line":"S144","Sp":"2048.5","X":"651300.5","Y":"9211775.3","NAMOBJ":"Sendangrejo","WADMKC":"Lamongan","WADMKK":"Lamongan"},"geometry":{"type":"Point","coordinates":[112.4,-7.1]}},{"type":"Feature","properties":{"Line":"S144","Sp":"2052.5","X":"651300.5","Y":"9211725.3","NAMOBJ":"Sendangrejo","WADMKC":"Lamongan","WADMKK":"Lamongan"},"geometry":{"type":"Point","coordinates":[112.4,-7.1]}},{"type":"Feature","properties":{"Line":"S144","Sp":"2056.5","X":"651300.5","Y":"9211675.3","NAMOBJ":"Sendangrejo","WADMKC":"Lamongan","WADMKK":"Lamongan"},"geometry":{"type":"Point","coordinates":[112.4,-7.1]}},{"type":"Feature","properties":{"Line":"S144","Sp":"2060.5","X":"651300.5","Y":"9211625.3","NAMOBJ":"Sendangrejo","WADMKC":"Lamongan","WADMKK":"Lamongan"},"geometry":{"type":"Point","coordinates":[112.4,-7.1]}},{"type":"Feature","properties":{"Line":"S144","Sp":"2064.5","X":"651300.5","Y":"9211575.3","NAMOBJ":"Sendangrejo","WADMKC":"Lamongan","WADMKK":"Lamongan"},"geometry":{"type":"Point","coordinates":[112.4,-7.1]}},{"type":"Feature","properties":{"Line":"S144","Sp":"2068.5","X":"651300.5","Y":"9211525.3","NAMOBJ":"Sendangrejo","WADMKC":"Lamongan","WADMKK":"Lamongan"},"geometry":{"type":"Point","coordinates":[112.4,-7.1]}},{"type":"Feature","properties":{"Line":"S144","Sp":"2072.5","X":"651300.5","Y":"9211475.3","NAMOBJ":"Sendangrejo","WADMKC":"Lamongan","WADMKK":"Lamongan"},"geometry":{"type":"Point","coordinates":[112.4,-7.1]}},{"type":"Feature","properties":{"Line":"S144","Sp":"2076.5","X":"651300.5","Y":"9211425.3","NAMOBJ":"Sendangrejo","WADMKC":"Lamongan","WADMKK":"Lamongan"},"geometry":{"type":"Point","coordinates":[112.4,-7.1]}},{"type":"Feature","properties":{"Line":"S144","Sp":"2080.5","X":"651300.5","Y":"9211375.3","NAMOBJ":"Sendangrejo","WADMKC":"Lamongan","WADMKK":"Lamongan"},"geometry":{"type":"Point","coordinates":[112.4,-7.1]}},{"type":"Feature","properties":{"Line":"S144","Sp":"2084.5","X":"651300.5","Y":"9211325.3","NAMOBJ":"Sendangrejo","WADMKC":"Lamongan","WADMKK":"Lamongan"},"geometry":{"type":"Point","coordinates":[112.4,-7.1]}},{"type":"Feature","properties":{"Line":"S144","Sp":"2088.5","X":"651300.5","Y":"9211275.3","NAMOBJ":"Sendangrejo","WADMKC":"Lamongan","WADMKK":"Lamongan"},"geometry":{"type":"Point","coordinates":[112.4,-7.1]}},{"type":"Feature","properties":{"Line":"S144","Sp":"2092.5","X":"651300.5","Y":"9211225.3","NAMOBJ":"Sendangrejo","WADMKC":"Lamongan","WADMKK":"Lamongan"},"geometry":{"type":"Point","coordinates":[112.4,-7.1]}},{"type":"Feature","properties":{"Line":"S144","Sp":"2096.5","X":"651300.5","Y":"9211175.3","NAMOBJ":"Sendangrejo","WADMKC":"Lamongan","WADMKK":"Lamongan"},"geometry":{"type":"Point","coordinates":[112.4,-7.1]}},{"type":"Feature","properties":{"Line":"S144","Sp":"2100.5","X":"651300.5","Y":"9211125.3","NAMOBJ":"Sendangrejo","WADMKC":"Lamongan","WADMKK":"Lamongan"},"geometry":{"type":"Point","coordinates":[112.4,-7.1]}},{"type":"Feature","properties":{"Line":"S144","Sp":"2104.5","X":"651300.5","Y":"9211075.3","NAMOBJ":"Sendangrejo","WADMKC":"Lamongan","WADMKK":"Lamongan"},"geometry":{"type":"Point","coordinates":[112.4,-7.1]}},{"type":"Feature","properties":{"Line":"S144","Sp":"2108.5","X":"651300.5","Y":"9211025.3","NAMOBJ":"Sendangrejo","WADMKC":"Lamongan","WADMKK":"Lamongan"},"geometry":{"type":"Point","coordinates":[112.4,-7.1]}},{"type":"Feature","properties":{"Line":"S144","Sp":"2112.5","X":"651300.5","Y":"9210975.3","NAMOBJ":"Sendangrejo","WADMKC":"Lamongan","WADMKK":"Lamongan"},"geometry":{"type":"Point","coordinates":[112.4,-7.1]}},{"type":"Feature","properties":{"Line":"S144","Sp":"2116.5","X":"651300.5","Y":"9210925.3","NAMOBJ":"Sendangrejo","WADMKC":"Lamongan","WADMKK":"Lamongan"},"geometry":{"type":"Point","coordinates":[112.4,-7.1]}},{"type":"Feature","properties":{"Line":"S144","Sp":"2120.5","X":"651300.5","Y":"9210875.3","NAMOBJ":"Sendangrejo","WADMKC":"Lamongan","WADMKK":"Lamongan"},"geometry":{"type":"Point","coordinates":[112.4,-7.1]}},{"type":"Feature","properties":{"Line":"S144","Sp":"2124.5","X":"651300.5","Y":"9210825.3","NAMOBJ":"Sendangrejo","WADMKC":"Lamongan","WADMKK":"Lamongan"},"geometry":{"type":"Point","coordinates":[112.4,-7.1]}},{"type":"Feature","properties":{"Line":"S144","Sp":"2128.5","X":"651300.5","Y":"9210775.3","NAMOBJ":"Sendangrejo","WADMKC":"Lamongan","WADMKK":"Lamongan"},"geometry":{"type":"Point","coordinates":[112.4,-7.1]}},{"type":"Feature","properties":{"Line":"S144","Sp":"2132.5","X":"651300.5","Y":"9210725.3","NAMOBJ":"Sendangrejo","WADMKC":"Lamongan","WADMKK":"Lamongan"},"geometry":{"type":"Point","coordinates":[112.4,-7.1]}},{"type":"Feature","properties":{"Line":"S144","Sp":"2136.5","X":"651300.5","Y":"9210675.3","NAMOBJ":"Sendangrejo","WADMKC":"Lamongan","WADMKK":"Lamongan"},"geometry":{"type":"Point","coordinates":[112.4,-7.1]}},{"type":"Feature","properties":{"Line":"S144","Sp":"2140.5","X":"651300.5","Y":"9210625.3","NAMOBJ":"Sendangrejo","WADMKC":"Lamongan","WADMKK":"Lamongan"},"geometry":{"type":"Point","coordinates":[112.4,-7.1]}},{"type":"Feature","properties":{"Line":"S144","Sp":"2144.5","X":"651300.5","Y":"9210575.3","NAMOBJ":"Sendangrejo","WADMKC":"Lamongan","WADMKK":"Lamongan"},"geometry":{"type":"Point","coordinates":[112.4,-7.1]}},{"type":"Feature","properties":{"Line":"S140","Sp":"1820.5","X":"649300.5","Y":"9216625.3","NAMOBJ":"Sidogembul","WADMKC":"Sukodadi","WADMKK":"Lamongan"},"geometry":{"type":"Point","coordinates":[112.4,-7.1]}},{"type":"Feature","properties":{"Line":"S140","Sp":"1824.5","X":"649300.5","Y":"9216575.3","NAMOBJ":"Sidogembul","WADMKC":"Sukodadi","WADMKK":"Lamongan"},"geometry":{"type":"Point","coordinates":[112.4,-7.1]}},{"type":"Feature","properties":{"Line":"S140","Sp":"1828.5","X":"649300.5","Y":"9216525.3","NAMOBJ":"Sidogembul","WADMKC":"Sukodadi","WADMKK":"Lamongan"},"geometry":{"type":"Point","coordinates":[112.4,-7.1]}},{"type":"Feature","properties":{"Line":"S140","Sp":"1832.5","X":"649300.5","Y":"9216475.3","NAMOBJ":"Sidogembul","WADMKC":"Sukodadi","WADMKK":"Lamongan"},"geometry":{"type":"Point","coordinates":[112.4,-7.1]}},{"type":"Feature","properties":{"Line":"S140","Sp":"1836.5","X":"649300.5","Y":"9216425.3","NAMOBJ":"Sidogembul","WADMKC":"Sukodadi","WADMKK":"Lamongan"},"geometry":{"type":"Point","coordinates":[112.4,-7.1]}},{"type":"Feature","properties":{"Line":"S140","Sp":"1840.5","X":"649300.5","Y":"9216375.3","NAMOBJ":"Sidogembul","WADMKC":"Sukodadi","WADMKK":"Lamongan"},"geometry":{"type":"Point","coordinates":[112.4,-7.1]}},{"type":"Feature","properties":{"Line":"S140","Sp":"1844.5","X":"649300.5","Y":"9216325.3","NAMOBJ":"Sidogembul","WADMKC":"Sukodadi","WADMKK":"Lamongan"},"geometry":{"type":"Point","coordinates":[112.4,-7.1]}},{"type":"Feature","properties":{"Line":"S140","Sp":"1848.5","X":"649300.5","Y":"9216275.3","NAMOBJ":"Sidogembul","WADMKC":"Sukodadi","WADMKK":"Lamongan"},"geometry":{"type":"Point","coordinates":[112.4,-7.1]}},{"type":"Feature","properties":{"Line":"S113","Sp":"3492.5","X":"655375.5","Y":"9214800.3","NAMOBJ":"Sidokumpul","WADMKC":"Lamongan","WADMKK":"Lamongan"},"geometry":{"type":"Point","coordinates":[112.4,-7.1]}},{"type":"Feature","properties":{"Line":"S113","Sp":"3496.5","X":"655425.5","Y":"9214800.3","NAMOBJ":"Sidokumpul","WADMKC":"Lamongan","WADMKK":"Lamongan"},"geometry":{"type":"Point","coordinates":[112.4,-7.1]}},{"type":"Feature","properties":{"Line":"S109","Sp":"3100.5","X":"649325.5","Y":"9212800.3","NAMOBJ":"Sugihrejo","WADMKC":"Sukodadi","WADMKK":"Lamongan"},"geometry":{"type":"Point","coordinates":[112.4,-7.1]}},{"type":"Feature","properties":{"Line":"S109","Sp":"3104.5","X":"649375.5","Y":"9212800.3","NAMOBJ":"Sugihrejo","WADMKC":"Sukodadi","WADMKK":"Lamongan"},"geometry":{"type":"Point","coordinates":[112.4,-7.1]}},{"type":"Feature","properties":{"Line":"S109","Sp":"3108.5","X":"649425.5","Y":"9212800.3","NAMOBJ":"Sugihrejo","WADMKC":"Sukodadi","WADMKK":"Lamongan"},"geometry":{"type":"Point","coordinates":[112.4,-7.1]}},{"type":"Feature","properties":{"Line":"S109","Sp":"3112.5","X":"649475.5","Y":"9212800.3","NAMOBJ":"Sugihrejo","WADMKC":"Sukodadi","WADMKK":"Lamongan"},"geometry":{"type":"Point","coordinates":[112.4,-7.1]}},{"type":"Feature","properties":{"Line":"S109","Sp":"3116.5","X":"649525.5","Y":"9212800.3","NAMOBJ":"Sugihrejo","WADMKC":"Sukodadi","WADMKK":"Lamongan"},"geometry":{"type":"Point","coordinates":[112.4,-7.1]}},{"type":"Feature","properties":{"Line":"S109","Sp":"3120.5","X":"649575.5","Y":"9212800.3","NAMOBJ":"Sugihrejo","WADMKC":"Sukodadi","WADMKK":"Lamongan"},"geometry":{"type":"Point","coordinates":[112.4,-7.1]}},{"type":"Feature","properties":{"Line":"S109","Sp":"3124.5","X":"649625.5","Y":"9212800.3","NAMOBJ":"Sugihrejo","WADMKC":"Sukodadi","WADMKK":"Lamongan"},"geometry":{"type":"Point","coordinates":[112.4,-7.1]}},{"type":"Feature","properties":{"Line":"S109","Sp":"3128.5","X":"649675.5","Y":"9212800.3","NAMOBJ":"Sugihrejo","WADMKC":"Sukodadi","WADMKK":"Lamongan"},"geometry":{"type":"Point","coordinates":[112.4,-7.1]}},{"type":"Feature","properties":{"Line":"S109","Sp":"3132.5","X":"649725.5","Y":"9212800.3","NAMOBJ":"Sugihrejo","WADMKC":"Sukodadi","WADMKK":"Lamongan"},"geometry":{"type":"Point","coordinates":[112.4,-7.1]}},{"type":"Feature","properties":{"Line":"S109","Sp":"3136.5","X":"649775.5","Y":"9212800.3","NAMOBJ":"Sugihrejo","WADMKC":"Sukodadi","WADMKK":"Lamongan"},"geometry":{"type":"Point","coordinates":[112.4,-7.1]}},{"type":"Feature","properties":{"Line":"S109","Sp":"3140.5","X":"649825.5","Y":"9212800.3","NAMOBJ":"Sugihrejo","WADMKC":"Sukodadi","WADMKK":"Lamongan"},"geometry":{"type":"Point","coordinates":[112.4,-7.1]}},{"type":"Feature","properties":{"Line":"S109","Sp":"3144.5","X":"649875.5","Y":"9212800.3","NAMOBJ":"Sugihrejo","WADMKC":"Sukodadi","WADMKK":"Lamongan"},"geometry":{"type":"Point","coordinates":[112.4,-7.1]}},{"type":"Feature","properties":{"Line":"S109","Sp":"3148.5","X":"649925.5","Y":"9212800.3","NAMOBJ":"Sugihrejo","WADMKC":"Sukodadi","WADMKK":"Lamongan"},"geometry":{"type":"Point","coordinates":[112.4,-7.1]}},{"type":"Feature","properties":{"Line":"S109","Sp":"3152.5","X":"649975.5","Y":"9212800.3","NAMOBJ":"Sugihrejo","WADMKC":"Sukodadi","WADMKK":"Lamongan"},"geometry":{"type":"Point","coordinates":[112.4,-7.1]}},{"type":"Feature","properties":{"Line":"S140","Sp":"2120.5","X":"649300.5","Y":"9212875.3","NAMOBJ":"Sugihrejo","WADMKC":"Sukodadi","WADMKK":"Lamongan"},"geometry":{"type":"Point","coordinates":[112.4,-7.1]}},{"type":"Feature","properties":{"Line":"S140","Sp":"2124.5","X":"649300.5","Y":"9212825.3","NAMOBJ":"Sugihrejo","WADMKC":"Sukodadi","WADMKK":"Lamongan"},"geometry":{"type":"Point","coordinates":[112.4,-7.1]}},{"type":"Feature","properties":{"Line":"S140","Sp":"2132.5","X":"649300.5","Y":"9212725.3","NAMOBJ":"Sugihrejo","WADMKC":"Sukodadi","WADMKK":"Lamongan"},"geometry":{"type":"Point","coordinates":[112.4,-7.1]}},{"type":"Feature","properties":{"Line":"S140","Sp":"2136.5","X":"649300.5","Y":"9212675.3","NAMOBJ":"Sugihrejo","WADMKC":"Sukodadi","WADMKK":"Lamongan"},"geometry":{"type":"Point","coordinates":[112.4,-7.1]}},{"type":"Feature","properties":{"Line":"S140","Sp":"2140.5","X":"649300.5","Y":"9212625.3","NAMOBJ":"Sugihrejo","WADMKC":"Sukodadi","WADMKK":"Lamongan"},"geometry":{"type":"Point","coordinates":[112.4,-7.1]}},{"type":"Feature","properties":{"Line":"S140","Sp":"2144.5","X":"649300.5","Y":"9212575.3","NAMOBJ":"Sugihrejo","WADMKC":"Sukodadi","WADMKK":"Lamongan"},"geometry":{"type":"Point","coordinates":[112.4,-7.1]}},{"type":"Feature","properties":{"Line":"S140","Sp":"2148.5","X":"649300.5","Y":"9212525.3","NAMOBJ":"Sugihrejo","WADMKC":"Sukodadi","WADMKK":"Lamongan"},"geometry":{"type":"Point","coordinates":[112.4,-7.1]}},{"type":"Feature","properties":{"Line":"S140","Sp":"2152.5","X":"649300.5","Y":"9212475.3","NAMOBJ":"Sugihrejo","WADMKC":"Sukodadi","WADMKK":"Lamongan"},"geometry":{"type":"Point","coordinates":[112.4,-7.1]}},{"type":"Feature","properties":{"Line":"S140","Sp":"2156.5","X":"649300.5","Y":"9212425.3","NAMOBJ":"Sugihrejo","WADMKC":"Sukodadi","WADMKK":"Lamongan"},"geometry":{"type":"Point","coordinates":[112.4,-7.1]}},{"type":"Feature","properties":{"Line":"S140","Sp":"2160.5","X":"649300.5","Y":"9212375.3","NAMOBJ":"Sugihrejo","WADMKC":"Sukodadi","WADMKK":"Lamongan"},"geometry":{"type":"Point","coordinates":[112.4,-7.1]}},{"type":"Feature","properties":{"Line":"S140","Sp":"2164.5","X":"649300.5","Y":"9212325.3","NAMOBJ":"Sugihrejo","WADMKC":"Sukodadi","WADMKK":"Lamongan"},"geometry":{"type":"Point","coordinates":[112.4,-7.1]}},{"type":"Feature","properties":{"Line":"S140","Sp":"2168.5","X":"649300.5","Y":"9212275.3","NAMOBJ":"Sugihrejo","WADMKC":"Sukodadi","WADMKK":"Lamongan"},"geometry":{"type":"Point","coordinates":[112.4,-7.1]}},{"type":"Feature","properties":{"Line":"S142","Sp":"1968.5","X":"650300.5","Y":"9213725.3","NAMOBJ":"Sugihrejo","WADMKC":"Sukodadi","WADMKK":"Lamongan"},"geometry":{"type":"Point","coordinates":[112.4,-7.1]}},{"type":"Feature","properties":{"Line":"S142","Sp":"1972.5","X":"650300.5","Y":"9213675.3","NAMOBJ":"Sugihrejo","WADMKC":"Sukodadi","WADMKK":"Lamongan"},"geometry":{"type":"Point","coordinates":[112.4,-7.1]}},{"type":"Feature","properties":{"Line":"S142","Sp":"1976.5","X":"650300.5","Y":"9213625.3","NAMOBJ":"Sugihrejo","WADMKC":"Sukodadi","WADMKK":"Lamongan"},"geometry":{"type":"Point","coordinates":[112.4,-7.1]}},{"type":"Feature","properties":{"Line":"S142","Sp":"1980.5","X":"650300.5","Y":"9213575.3","NAMOBJ":"Sugihrejo","WADMKC":"Sukodadi","WADMKK":"Lamongan"},"geometry":{"type":"Point","coordinates":[112.4,-7.1]}},{"type":"Feature","properties":{"Line":"S142","Sp":"1984.5","X":"650300.5","Y":"9213525.3","NAMOBJ":"Sugihrejo","WADMKC":"Sukodadi","WADMKK":"Lamongan"},"geometry":{"type":"Point","coordinates":[112.4,-7.1]}},{"type":"Feature","properties":{"Line":"S142","Sp":"1988.5","X":"650300.5","Y":"9213475.3","NAMOBJ":"Sugihrejo","WADMKC":"Sukodadi","WADMKK":"Lamongan"},"geometry":{"type":"Point","coordinates":[112.4,-7.1]}},{"type":"Feature","properties":{"Line":"S142","Sp":"1992.5","X":"650300.5","Y":"9213425.3","NAMOBJ":"Sugihrejo","WADMKC":"Sukodadi","WADMKK":"Lamongan"},"geometry":{"type":"Point","coordinates":[112.4,-7.1]}},{"type":"Feature","properties":{"Line":"S142","Sp":"1996.5","X":"650300.5","Y":"9213375.3","NAMOBJ":"Sugihrejo","WADMKC":"Sukodadi","WADMKK":"Lamongan"},"geometry":{"type":"Point","coordinates":[112.4,-7.1]}},{"type":"Feature","properties":{"Line":"S142","Sp":"2000.5","X":"650300.5","Y":"9213325.3","NAMOBJ":"Sugihrejo","WADMKC":"Sukodadi","WADMKK":"Lamongan"},"geometry":{"type":"Point","coordinates":[112.4,-7.1]}},{"type":"Feature","properties":{"Line":"S142","Sp":"2004.5","X":"650300.5","Y":"9213275.3","NAMOBJ":"Sugihrejo","WADMKC":"Sukodadi","WADMKK":"Lamongan"},"geometry":{"type":"Point","coordinates":[112.4,-7.1]}},{"type":"Feature","properties":{"Line":"S142","Sp":"2008.5","X":"650300.5","Y":"9213225.3","NAMOBJ":"Sugihrejo","WADMKC":"Sukodadi","WADMKK":"Lamongan"},"geometry":{"type":"Point","coordinates":[112.4,-7.1]}},{"type":"Feature","properties":{"Line":"S142","Sp":"2012.5","X":"650300.5","Y":"9213175.3","NAMOBJ":"Sugihrejo","WADMKC":"Sukodadi","WADMKK":"Lamongan"},"geometry":{"type":"Point","coordinates":[112.4,-7.1]}},{"type":"Feature","properties":{"Line":"S142","Sp":"2016.5","X":"650300.5","Y":"9213125.3","NAMOBJ":"Sugihrejo","WADMKC":"Sukodadi","WADMKK":"Lamongan"},"geometry":{"type":"Point","coordinates":[112.4,-7.1]}},{"type":"Feature","properties":{"Line":"S142","Sp":"2020.5","X":"650300.5","Y":"9213075.3","NAMOBJ":"Sugihrejo","WADMKC":"Sukodadi","WADMKK":"Lamongan"},"geometry":{"type":"Point","coordinates":[112.4,-7.1]}},{"type":"Feature","properties":{"Line":"S113","Sp":"3040.5","X":"649725.5","Y":"9214800.3","NAMOBJ":"Sukoanyar","WADMKC":"Turi","WADMKK":"Lamongan"},"geometry":{"type":"Point","coordinates":[112.4,-7.1]}},{"type":"Feature","properties":{"Line":"S113","Sp":"3044.5","X":"649775.5","Y":"9214800.3","NAMOBJ":"Sukoanyar","WADMKC":"Turi","WADMKK":"Lamongan"},"geometry":{"type":"Point","coordinates":[112.4,-7.1]}},{"type":"Feature","properties":{"Line":"S113","Sp":"3048.5","X":"649825.5","Y":"9214800.3","NAMOBJ":"Sukoanyar","WADMKC":"Turi","WADMKK":"Lamongan"},"geometry":{"type":"Point","coordinates":[112.4,-7.1]}},{"type":"Feature","properties":{"Line":"S113","Sp":"3052.5","X":"649875.5","Y":"9214800.3","NAMOBJ":"Sukoanyar","WADMKC":"Turi","WADMKK":"Lamongan"},"geometry":{"type":"Point","coordinates":[112.4,-7.1]}},{"type":"Feature","properties":{"Line":"S113","Sp":"3056.5","X":"649925.5","Y":"9214800.3","NAMOBJ":"Sukoanyar","WADMKC":"Turi","WADMKK":"Lamongan"},"geometry":{"type":"Point","coordinates":[112.4,-7.1]}},{"type":"Feature","properties":{"Line":"S113","Sp":"3060.5","X":"649975.5","Y":"9214800.3","NAMOBJ":"Sukoanyar","WADMKC":"Turi","WADMKK":"Lamongan"},"geometry":{"type":"Point","coordinates":[112.4,-7.1]}},{"type":"Feature","properties":{"Line":"S113","Sp":"3064.5","X":"650025.5","Y":"9214800.3","NAMOBJ":"Sukoanyar","WADMKC":"Turi","WADMKK":"Lamongan"},"geometry":{"type":"Point","coordinates":[112.4,-7.1]}},{"type":"Feature","properties":{"Line":"S113","Sp":"3068.5","X":"650075.5","Y":"9214800.3","NAMOBJ":"Sukoanyar","WADMKC":"Turi","WADMKK":"Lamongan"},"geometry":{"type":"Point","coordinates":[112.4,-7.1]}},{"type":"Feature","properties":{"Line":"S113","Sp":"3088.5","X":"650325.5","Y":"9214800.3","NAMOBJ":"Sukoanyar","WADMKC":"Turi","WADMKK":"Lamongan"},"geometry":{"type":"Point","coordinates":[112.4,-7.1]}},{"type":"Feature","properties":{"Line":"S113","Sp":"3092.5","X":"650375.5","Y":"9214800.3","NAMOBJ":"Sukoanyar","WADMKC":"Turi","WADMKK":"Lamongan"},"geometry":{"type":"Point","coordinates":[112.4,-7.1]}},{"type":"Feature","properties":{"Line":"S113","Sp":"3100.5","X":"650475.5","Y":"9214800.3","NAMOBJ":"Sukoanyar","WADMKC":"Turi","WADMKK":"Lamongan"},"geometry":{"type":"Point","coordinates":[112.4,-7.1]}},{"type":"Feature","properties":{"Line":"S113","Sp":"3104.5","X":"650525.5","Y":"9214800.3","NAMOBJ":"Sukoanyar","WADMKC":"Turi","WADMKK":"Lamongan"},"geometry":{"type":"Point","coordinates":[112.4,-7.1]}},{"type":"Feature","properties":{"Line":"S113","Sp":"3108.5","X":"650575.5","Y":"9214800.3","NAMOBJ":"Sukoanyar","WADMKC":"Turi","WADMKK":"Lamongan"},"geometry":{"type":"Point","coordinates":[112.4,-7.1]}},{"type":"Feature","properties":{"Line":"S113","Sp":"3112.5","X":"650625.5","Y":"9214800.3","NAMOBJ":"Sukoanyar","WADMKC":"Turi","WADMKK":"Lamongan"},"geometry":{"type":"Point","coordinates":[112.4,-7.1]}},{"type":"Feature","properties":{"Line":"S113","Sp":"3116.5","X":"650675.5","Y":"9214800.3","NAMOBJ":"Sukoanyar","WADMKC":"Turi","WADMKK":"Lamongan"},"geometry":{"type":"Point","coordinates":[112.4,-7.1]}},{"type":"Feature","properties":{"Line":"S113","Sp":"3120.5","X":"650725.5","Y":"9214800.3","NAMOBJ":"Sukoanyar","WADMKC":"Turi","WADMKK":"Lamongan"},"geometry":{"type":"Point","coordinates":[112.4,-7.1]}},{"type":"Feature","properties":{"Line":"S113","Sp":"3124.5","X":"650775.5","Y":"9214800.3","NAMOBJ":"Sukoanyar","WADMKC":"Turi","WADMKK":"Lamongan"},"geometry":{"type":"Point","coordinates":[112.4,-7.1]}},{"type":"Feature","properties":{"Line":"S113","Sp":"3128.5","X":"650825.5","Y":"9214800.3","NAMOBJ":"Sukoanyar","WADMKC":"Turi","WADMKK":"Lamongan"},"geometry":{"type":"Point","coordinates":[112.4,-7.1]}},{"type":"Feature","properties":{"Line":"S113","Sp":"3132.5","X":"650875.5","Y":"9214800.3","NAMOBJ":"Sukoanyar","WADMKC":"Turi","WADMKK":"Lamongan"},"geometry":{"type":"Point","coordinates":[112.4,-7.1]}},{"type":"Feature","properties":{"Line":"S113","Sp":"3136.5","X":"650925.5","Y":"9214800.3","NAMOBJ":"Sukoanyar","WADMKC":"Turi","WADMKK":"Lamongan"},"geometry":{"type":"Point","coordinates":[112.4,-7.1]}},{"type":"Feature","properties":{"Line":"S113","Sp":"3140.5","X":"650975.5","Y":"9214800.3","NAMOBJ":"Sukoanyar","WADMKC":"Turi","WADMKK":"Lamongan"},"geometry":{"type":"Point","coordinates":[112.4,-7.1]}},{"type":"Feature","properties":{"Line":"S113","Sp":"3144.5","X":"651025.5","Y":"9214800.3","NAMOBJ":"Sukoanyar","WADMKC":"Turi","WADMKK":"Lamongan"},"geometry":{"type":"Point","coordinates":[112.4,-7.1]}},{"type":"Feature","properties":{"Line":"S113","Sp":"3148.5","X":"651075.5","Y":"9214800.3","NAMOBJ":"Sukoanyar","WADMKC":"Turi","WADMKK":"Lamongan"},"geometry":{"type":"Point","coordinates":[112.4,-7.1]}},{"type":"Feature","properties":{"Line":"S113","Sp":"3152.5","X":"651125.5","Y":"9214800.3","NAMOBJ":"Sukoanyar","WADMKC":"Turi","WADMKK":"Lamongan"},"geometry":{"type":"Point","coordinates":[112.4,-7.1]}},{"type":"Feature","properties":{"Line":"S113","Sp":"3156.5","X":"651175.5","Y":"9214800.3","NAMOBJ":"Sukoanyar","WADMKC":"Turi","WADMKK":"Lamongan"},"geometry":{"type":"Point","coordinates":[112.4,-7.1]}},{"type":"Feature","properties":{"Line":"S113","Sp":"3160.5","X":"651225.5","Y":"9214800.3","NAMOBJ":"Sukoanyar","WADMKC":"Turi","WADMKK":"Lamongan"},"geometry":{"type":"Point","coordinates":[112.4,-7.1]}},{"type":"Feature","properties":{"Line":"S115","Sp":"3020.5","X":"649825.5","Y":"9215800.3","NAMOBJ":"Sukoanyar","WADMKC":"Turi","WADMKK":"Lamongan"},"geometry":{"type":"Point","coordinates":[112.4,-7.1]}},{"type":"Feature","properties":{"Line":"S115","Sp":"3024.5","X":"649875.5","Y":"9215800.3","NAMOBJ":"Sukoanyar","WADMKC":"Turi","WADMKK":"Lamongan"},"geometry":{"type":"Point","coordinates":[112.4,-7.1]}},{"type":"Feature","properties":{"Line":"S115","Sp":"3028.5","X":"649925.5","Y":"9215800.3","NAMOBJ":"Sukoanyar","WADMKC":"Turi","WADMKK":"Lamongan"},"geometry":{"type":"Point","coordinates":[112.4,-7.1]}},{"type":"Feature","properties":{"Line":"S115","Sp":"3032.5","X":"649975.5","Y":"9215800.3","NAMOBJ":"Sukoanyar","WADMKC":"Turi","WADMKK":"Lamongan"},"geometry":{"type":"Point","coordinates":[112.4,-7.1]}},{"type":"Feature","properties":{"Line":"S115","Sp":"3036.5","X":"650025.5","Y":"9215800.3","NAMOBJ":"Sukoanyar","WADMKC":"Turi","WADMKK":"Lamongan"},"geometry":{"type":"Point","coordinates":[112.4,-7.1]}},{"type":"Feature","properties":{"Line":"S115","Sp":"3040.5","X":"650075.5","Y":"9215800.3","NAMOBJ":"Sukoanyar","WADMKC":"Turi","WADMKK":"Lamongan"},"geometry":{"type":"Point","coordinates":[112.4,-7.1]}},{"type":"Feature","properties":{"Line":"S115","Sp":"3044.5","X":"650125.5","Y":"9215800.3","NAMOBJ":"Sukoanyar","WADMKC":"Turi","WADMKK":"Lamongan"},"geometry":{"type":"Point","coordinates":[112.4,-7.1]}},{"type":"Feature","properties":{"Line":"S115","Sp":"3048.5","X":"650175.5","Y":"9215800.3","NAMOBJ":"Sukoanyar","WADMKC":"Turi","WADMKK":"Lamongan"},"geometry":{"type":"Point","coordinates":[112.4,-7.1]}},{"type":"Feature","properties":{"Line":"S115","Sp":"3052.5","X":"650225.5","Y":"9215800.3","NAMOBJ":"Sukoanyar","WADMKC":"Turi","WADMKK":"Lamongan"},"geometry":{"type":"Point","coordinates":[112.4,-7.1]}},{"type":"Feature","properties":{"Line":"S115","Sp":"3056.5","X":"650275.5","Y":"9215800.3","NAMOBJ":"Sukoanyar","WADMKC":"Turi","WADMKK":"Lamongan"},"geometry":{"type":"Point","coordinates":[112.4,-7.1]}},{"type":"Feature","properties":{"Line":"S115","Sp":"3060.5","X":"650325.5","Y":"9215800.3","NAMOBJ":"Sukoanyar","WADMKC":"Turi","WADMKK":"Lamongan"},"geometry":{"type":"Point","coordinates":[112.4,-7.1]}},{"type":"Feature","properties":{"Line":"S115","Sp":"3064.5","X":"650375.5","Y":"9215800.3","NAMOBJ":"Sukoanyar","WADMKC":"Turi","WADMKK":"Lamongan"},"geometry":{"type":"Point","coordinates":[112.4,-7.1]}},{"type":"Feature","properties":{"Line":"S115","Sp":"3068.5","X":"650425.5","Y":"9215800.3","NAMOBJ":"Sukoanyar","WADMKC":"Turi","WADMKK":"Lamongan"},"geometry":{"type":"Point","coordinates":[112.4,-7.1]}},{"type":"Feature","properties":{"Line":"S115","Sp":"3072.5","X":"650475.5","Y":"9215800.3","NAMOBJ":"Sukoanyar","WADMKC":"Turi","WADMKK":"Lamongan"},"geometry":{"type":"Point","coordinates":[112.4,-7.1]}},{"type":"Feature","properties":{"Line":"S115","Sp":"3076.5","X":"650525.5","Y":"9215800.3","NAMOBJ":"Sukoanyar","WADMKC":"Turi","WADMKK":"Lamongan"},"geometry":{"type":"Point","coordinates":[112.4,-7.1]}},{"type":"Feature","properties":{"Line":"S115","Sp":"3080.5","X":"650575.5","Y":"9215800.3","NAMOBJ":"Sukoanyar","WADMKC":"Turi","WADMKK":"Lamongan"},"geometry":{"type":"Point","coordinates":[112.4,-7.1]}},{"type":"Feature","properties":{"Line":"S115","Sp":"3084.5","X":"650625.5","Y":"9215800.3","NAMOBJ":"Sukoanyar","WADMKC":"Turi","WADMKK":"Lamongan"},"geometry":{"type":"Point","coordinates":[112.4,-7.1]}},{"type":"Feature","properties":{"Line":"S115","Sp":"3088.5","X":"650675.5","Y":"9215800.3","NAMOBJ":"Sukoanyar","WADMKC":"Turi","WADMKK":"Lamongan"},"geometry":{"type":"Point","coordinates":[112.4,-7.1]}},{"type":"Feature","properties":{"Line":"S115","Sp":"3092.5","X":"650725.5","Y":"9215800.3","NAMOBJ":"Sukoanyar","WADMKC":"Turi","WADMKK":"Lamongan"},"geometry":{"type":"Point","coordinates":[112.4,-7.1]}},{"type":"Feature","properties":{"Line":"S115","Sp":"3096.5","X":"650775.5","Y":"9215800.3","NAMOBJ":"Sukoanyar","WADMKC":"Turi","WADMKK":"Lamongan"},"geometry":{"type":"Point","coordinates":[112.4,-7.1]}},{"type":"Feature","properties":{"Line":"S115","Sp":"3100.5","X":"650825.5","Y":"9215800.3","NAMOBJ":"Sukoanyar","WADMKC":"Turi","WADMKK":"Lamongan"},"geometry":{"type":"Point","coordinates":[112.4,-7.1]}},{"type":"Feature","properties":{"Line":"S115","Sp":"3104.5","X":"650875.5","Y":"9215800.3","NAMOBJ":"Sukoanyar","WADMKC":"Turi","WADMKK":"Lamongan"},"geometry":{"type":"Point","coordinates":[112.4,-7.1]}},{"type":"Feature","properties":{"Line":"S115","Sp":"3108.5","X":"650925.5","Y":"9215800.3","NAMOBJ":"Sukoanyar","WADMKC":"Turi","WADMKK":"Lamongan"},"geometry":{"type":"Point","coordinates":[112.4,-7.1]}},{"type":"Feature","properties":{"Line":"S115","Sp":"3112.5","X":"650975.5","Y":"9215800.3","NAMOBJ":"Sukoanyar","WADMKC":"Turi","WADMKK":"Lamongan"},"geometry":{"type":"Point","coordinates":[112.4,-7.1]}},{"type":"Feature","properties":{"Line":"S115","Sp":"3116.5","X":"651025.5","Y":"9215800.3","NAMOBJ":"Sukoanyar","WADMKC":"Turi","WADMKK":"Lamongan"},"geometry":{"type":"Point","coordinates":[112.4,-7.1]}},{"type":"Feature","properties":{"Line":"S115","Sp":"3120.5","X":"651075.5","Y":"9215800.3","NAMOBJ":"Sukoanyar","WADMKC":"Turi","WADMKK":"Lamongan"},"geometry":{"type":"Point","coordinates":[112.4,-7.1]}},{"type":"Feature","properties":{"Line":"S115","Sp":"3124.5","X":"651125.5","Y":"9215800.3","NAMOBJ":"Sukoanyar","WADMKC":"Turi","WADMKK":"Lamongan"},"geometry":{"type":"Point","coordinates":[112.4,-7.1]}},{"type":"Feature","properties":{"Line":"S115","Sp":"3128.5","X":"651175.5","Y":"9215800.3","NAMOBJ":"Sukoanyar","WADMKC":"Turi","WADMKK":"Lamongan"},"geometry":{"type":"Point","coordinates":[112.4,-7.1]}},{"type":"Feature","properties":{"Line":"S115","Sp":"3132.5","X":"651225.5","Y":"9215800.3","NAMOBJ":"Sukoanyar","WADMKC":"Turi","WADMKK":"Lamongan"},"geometry":{"type":"Point","coordinates":[112.4,-7.1]}},{"type":"Feature","properties":{"Line":"S115","Sp":"3136.5","X":"651275.5","Y":"9215800.3","NAMOBJ":"Sukoanyar","WADMKC":"Turi","WADMKK":"Lamongan"},"geometry":{"type":"Point","coordinates":[112.4,-7.1]}},{"type":"Feature","properties":{"Line":"S115","Sp":"3140.5","X":"651325.5","Y":"9215800.3","NAMOBJ":"Sukoanyar","WADMKC":"Turi","WADMKK":"Lamongan"},"geometry":{"type":"Point","coordinates":[112.4,-7.1]}},{"type":"Feature","properties":{"Line":"S115","Sp":"3144.5","X":"651375.5","Y":"9215800.3","NAMOBJ":"Sukoanyar","WADMKC":"Turi","WADMKK":"Lamongan"},"geometry":{"type":"Point","coordinates":[112.4,-7.1]}},{"type":"Feature","properties":{"Line":"S115","Sp":"3148.5","X":"651425.5","Y":"9215800.3","NAMOBJ":"Sukoanyar","WADMKC":"Turi","WADMKK":"Lamongan"},"geometry":{"type":"Point","coordinates":[112.4,-7.1]}},{"type":"Feature","properties":{"Line":"S115","Sp":"3152.5","X":"651475.5","Y":"9215800.3","NAMOBJ":"Sukoanyar","WADMKC":"Turi","WADMKK":"Lamongan"},"geometry":{"type":"Point","coordinates":[112.4,-7.1]}},{"type":"Feature","properties":{"Line":"S115","Sp":"3156.5","X":"651525.5","Y":"9215800.3","NAMOBJ":"Sukoanyar","WADMKC":"Turi","WADMKK":"Lamongan"},"geometry":{"type":"Point","coordinates":[112.4,-7.1]}},{"type":"Feature","properties":{"Line":"S115","Sp":"3160.5","X":"651575.5","Y":"9215800.3","NAMOBJ":"Sukoanyar","WADMKC":"Turi","WADMKK":"Lamongan"},"geometry":{"type":"Point","coordinates":[112.4,-7.1]}},{"type":"Feature","properties":{"Line":"S115","Sp":"3164.5","X":"651625.5","Y":"9215800.3","NAMOBJ":"Sukoanyar","WADMKC":"Turi","WADMKK":"Lamongan"},"geometry":{"type":"Point","coordinates":[112.4,-7.1]}},{"type":"Feature","properties":{"Line":"S142","Sp":"1768.5","X":"650300.5","Y":"9216225.3","NAMOBJ":"Sukoanyar","WADMKC":"Turi","WADMKK":"Lamongan"},"geometry":{"type":"Point","coordinates":[112.4,-7.1]}},{"type":"Feature","properties":{"Line":"S142","Sp":"1772.5","X":"650300.5","Y":"9216175.3","NAMOBJ":"Sukoanyar","WADMKC":"Turi","WADMKK":"Lamongan"},"geometry":{"type":"Point","coordinates":[112.4,-7.1]}},{"type":"Feature","properties":{"Line":"S142","Sp":"1776.5","X":"650300.5","Y":"9216125.3","NAMOBJ":"Sukoanyar","WADMKC":"Turi","WADMKK":"Lamongan"},"geometry":{"type":"Point","coordinates":[112.4,-7.1]}},{"type":"Feature","properties":{"Line":"S142","Sp":"1780.5","X":"650300.5","Y":"9216075.3","NAMOBJ":"Sukoanyar","WADMKC":"Turi","WADMKK":"Lamongan"},"geometry":{"type":"Point","coordinates":[112.4,-7.1]}},{"type":"Feature","properties":{"Line":"S142","Sp":"1784.5","X":"650300.5","Y":"9216025.3","NAMOBJ":"Sukoanyar","WADMKC":"Turi","WADMKK":"Lamongan"},"geometry":{"type":"Point","coordinates":[112.4,-7.1]}},{"type":"Feature","properties":{"Line":"S142","Sp":"1788.5","X":"650300.5","Y":"9215975.3","NAMOBJ":"Sukoanyar","WADMKC":"Turi","WADMKK":"Lamongan"},"geometry":{"type":"Point","coordinates":[112.4,-7.1]}},{"type":"Feature","properties":{"Line":"S142","Sp":"1792.5","X":"650300.5","Y":"9215925.3","NAMOBJ":"Sukoanyar","WADMKC":"Turi","WADMKK":"Lamongan"},"geometry":{"type":"Point","coordinates":[112.4,-7.1]}},{"type":"Feature","properties":{"Line":"S142","Sp":"1796.5","X":"650300.5","Y":"9215875.3","NAMOBJ":"Sukoanyar","WADMKC":"Turi","WADMKK":"Lamongan"},"geometry":{"type":"Point","coordinates":[112.4,-7.1]}},{"type":"Feature","properties":{"Line":"S142","Sp":"1800.5","X":"650300.5","Y":"9215825.3","NAMOBJ":"Sukoanyar","WADMKC":"Turi","WADMKK":"Lamongan"},"geometry":{"type":"Point","coordinates":[112.4,-7.1]}},{"type":"Feature","properties":{"Line":"S142","Sp":"1804.5","X":"650300.5","Y":"9215775.3","NAMOBJ":"Sukoanyar","WADMKC":"Turi","WADMKK":"Lamongan"},"geometry":{"type":"Point","coordinates":[112.4,-7.1]}},{"type":"Feature","properties":{"Line":"S142","Sp":"1808.5","X":"650300.5","Y":"9215725.3","NAMOBJ":"Sukoanyar","WADMKC":"Turi","WADMKK":"Lamongan"},"geometry":{"type":"Point","coordinates":[112.4,-7.1]}},{"type":"Feature","properties":{"Line":"S142","Sp":"1812.5","X":"650300.5","Y":"9215675.3","NAMOBJ":"Sukoanyar","WADMKC":"Turi","WADMKK":"Lamongan"},"geometry":{"type":"Point","coordinates":[112.4,-7.1]}},{"type":"Feature","properties":{"Line":"S142","Sp":"1816.5","X":"650300.5","Y":"9215625.3","NAMOBJ":"Sukoanyar","WADMKC":"Turi","WADMKK":"Lamongan"},"geometry":{"type":"Point","coordinates":[112.4,-7.1]}},{"type":"Feature","properties":{"Line":"S142","Sp":"1820.5","X":"650300.5","Y":"9215575.3","NAMOBJ":"Sukoanyar","WADMKC":"Turi","WADMKK":"Lamongan"},"geometry":{"type":"Point","coordinates":[112.4,-7.1]}},{"type":"Feature","properties":{"Line":"S142","Sp":"1824.5","X":"650300.5","Y":"9215525.3","NAMOBJ":"Sukoanyar","WADMKC":"Turi","WADMKK":"Lamongan"},"geometry":{"type":"Point","coordinates":[112.4,-7.1]}},{"type":"Feature","properties":{"Line":"S142","Sp":"1828.5","X":"650300.5","Y":"9215475.3","NAMOBJ":"Sukoanyar","WADMKC":"Turi","WADMKK":"Lamongan"},"geometry":{"type":"Point","coordinates":[112.4,-7.1]}},{"type":"Feature","properties":{"Line":"S142","Sp":"1832.5","X":"650300.5","Y":"9215425.3","NAMOBJ":"Sukoanyar","WADMKC":"Turi","WADMKK":"Lamongan"},"geometry":{"type":"Point","coordinates":[112.4,-7.1]}},{"type":"Feature","properties":{"Line":"S142","Sp":"1836.5","X":"650300.5","Y":"9215375.3","NAMOBJ":"Sukoanyar","WADMKC":"Turi","WADMKK":"Lamongan"},"geometry":{"type":"Point","coordinates":[112.4,-7.1]}},{"type":"Feature","properties":{"Line":"S142","Sp":"1840.5","X":"650300.5","Y":"9215325.3","NAMOBJ":"Sukoanyar","WADMKC":"Turi","WADMKK":"Lamongan"},"geometry":{"type":"Point","coordinates":[112.4,-7.1]}},{"type":"Feature","properties":{"Line":"S142","Sp":"1844.5","X":"650300.5","Y":"9215275.3","NAMOBJ":"Sukoanyar","WADMKC":"Turi","WADMKK":"Lamongan"},"geometry":{"type":"Point","coordinates":[112.4,-7.1]}},{"type":"Feature","properties":{"Line":"S142","Sp":"1848.5","X":"650300.5","Y":"9215225.3","NAMOBJ":"Sukoanyar","WADMKC":"Turi","WADMKK":"Lamongan"},"geometry":{"type":"Point","coordinates":[112.4,-7.1]}},{"type":"Feature","properties":{"Line":"S142","Sp":"1852.5","X":"650300.5","Y":"9215175.3","NAMOBJ":"Sukoanyar","WADMKC":"Turi","WADMKK":"Lamongan"},"geometry":{"type":"Point","coordinates":[112.4,-7.1]}},{"type":"Feature","properties":{"Line":"S142","Sp":"1856.5","X":"650300.5","Y":"9215125.3","NAMOBJ":"Sukoanyar","WADMKC":"Turi","WADMKK":"Lamongan"},"geometry":{"type":"Point","coordinates":[112.4,-7.1]}},{"type":"Feature","properties":{"Line":"S142","Sp":"1860.5","X":"650300.5","Y":"9215075.3","NAMOBJ":"Sukoanyar","WADMKC":"Turi","WADMKK":"Lamongan"},"geometry":{"type":"Point","coordinates":[112.4,-7.1]}},{"type":"Feature","properties":{"Line":"S142","Sp":"1864.5","X":"650300.5","Y":"9215025.3","NAMOBJ":"Sukoanyar","WADMKC":"Turi","WADMKK":"Lamongan"},"geometry":{"type":"Point","coordinates":[112.4,-7.1]}},{"type":"Feature","properties":{"Line":"S142","Sp":"1868.5","X":"650300.5","Y":"9214975.3","NAMOBJ":"Sukoanyar","WADMKC":"Turi","WADMKK":"Lamongan"},"geometry":{"type":"Point","coordinates":[112.4,-7.1]}},{"type":"Feature","properties":{"Line":"S142","Sp":"1872.5","X":"650300.5","Y":"9214925.3","NAMOBJ":"Sukoanyar","WADMKC":"Turi","WADMKK":"Lamongan"},"geometry":{"type":"Point","coordinates":[112.4,-7.1]}},{"type":"Feature","properties":{"Line":"S142","Sp":"1876.5","X":"650300.5","Y":"9214875.3","NAMOBJ":"Sukoanyar","WADMKC":"Turi","WADMKK":"Lamongan"},"geometry":{"type":"Point","coordinates":[112.4,-7.1]}},{"type":"Feature","properties":{"Line":"S142","Sp":"1880.5","X":"650300.5","Y":"9214825.3","NAMOBJ":"Sukoanyar","WADMKC":"Turi","WADMKK":"Lamongan"},"geometry":{"type":"Point","coordinates":[112.4,-7.1]}},{"type":"Feature","properties":{"Line":"S144","Sp":"1672.5","X":"651300.5","Y":"9216475.3","NAMOBJ":"Sukoanyar","WADMKC":"Turi","WADMKK":"Lamongan"},"geometry":{"type":"Point","coordinates":[112.4,-7.1]}},{"type":"Feature","properties":{"Line":"S144","Sp":"1676.5","X":"651300.5","Y":"9216425.3","NAMOBJ":"Sukoanyar","WADMKC":"Turi","WADMKK":"Lamongan"},"geometry":{"type":"Point","coordinates":[112.4,-7.1]}},{"type":"Feature","properties":{"Line":"S144","Sp":"1680.5","X":"651300.5","Y":"9216375.3","NAMOBJ":"Sukoanyar","WADMKC":"Turi","WADMKK":"Lamongan"},"geometry":{"type":"Point","coordinates":[112.4,-7.1]}},{"type":"Feature","properties":{"Line":"S144","Sp":"1684.5","X":"651300.5","Y":"9216325.3","NAMOBJ":"Sukoanyar","WADMKC":"Turi","WADMKK":"Lamongan"},"geometry":{"type":"Point","coordinates":[112.4,-7.1]}},{"type":"Feature","properties":{"Line":"S144","Sp":"1688.5","X":"651300.5","Y":"9216275.3","NAMOBJ":"Sukoanyar","WADMKC":"Turi","WADMKK":"Lamongan"},"geometry":{"type":"Point","coordinates":[112.4,-7.1]}},{"type":"Feature","properties":{"Line":"S144","Sp":"1692.5","X":"651300.5","Y":"9216225.3","NAMOBJ":"Sukoanyar","WADMKC":"Turi","WADMKK":"Lamongan"},"geometry":{"type":"Point","coordinates":[112.4,-7.1]}},{"type":"Feature","properties":{"Line":"S144","Sp":"1696.5","X":"651300.5","Y":"9216175.3","NAMOBJ":"Sukoanyar","WADMKC":"Turi","WADMKK":"Lamongan"},"geometry":{"type":"Point","coordinates":[112.4,-7.1]}},{"type":"Feature","properties":{"Line":"S144","Sp":"1700.5","X":"651300.5","Y":"9216125.3","NAMOBJ":"Sukoanyar","WADMKC":"Turi","WADMKK":"Lamongan"},"geometry":{"type":"Point","coordinates":[112.4,-7.1]}},{"type":"Feature","properties":{"Line":"S144","Sp":"1704.5","X":"651300.5","Y":"9216075.3","NAMOBJ":"Sukoanyar","WADMKC":"Turi","WADMKK":"Lamongan"},"geometry":{"type":"Point","coordinates":[112.4,-7.1]}},{"type":"Feature","properties":{"Line":"S144","Sp":"1708.5","X":"651300.5","Y":"9216025.3","NAMOBJ":"Sukoanyar","WADMKC":"Turi","WADMKK":"Lamongan"},"geometry":{"type":"Point","coordinates":[112.4,-7.1]}},{"type":"Feature","properties":{"Line":"S144","Sp":"1712.5","X":"651300.5","Y":"9215975.3","NAMOBJ":"Sukoanyar","WADMKC":"Turi","WADMKK":"Lamongan"},"geometry":{"type":"Point","coordinates":[112.4,-7.1]}},{"type":"Feature","properties":{"Line":"S144","Sp":"1716.5","X":"651300.5","Y":"9215925.3","NAMOBJ":"Sukoanyar","WADMKC":"Turi","WADMKK":"Lamongan"},"geometry":{"type":"Point","coordinates":[112.4,-7.1]}},{"type":"Feature","properties":{"Line":"S144","Sp":"1720.5","X":"651300.5","Y":"9215875.3","NAMOBJ":"Sukoanyar","WADMKC":"Turi","WADMKK":"Lamongan"},"geometry":{"type":"Point","coordinates":[112.4,-7.1]}},{"type":"Feature","properties":{"Line":"S144","Sp":"1724.5","X":"651300.5","Y":"9215825.3","NAMOBJ":"Sukoanyar","WADMKC":"Turi","WADMKK":"Lamongan"},"geometry":{"type":"Point","coordinates":[112.4,-7.1]}},{"type":"Feature","properties":{"Line":"S144","Sp":"1728.5","X":"651300.5","Y":"9215775.3","NAMOBJ":"Sukoanyar","WADMKC":"Turi","WADMKK":"Lamongan"},"geometry":{"type":"Point","coordinates":[112.4,-7.1]}},{"type":"Feature","properties":{"Line":"S144","Sp":"1732.5","X":"651300.5","Y":"9215725.3","NAMOBJ":"Sukoanyar","WADMKC":"Turi","WADMKK":"Lamongan"},"geometry":{"type":"Point","coordinates":[112.4,-7.1]}},{"type":"Feature","properties":{"Line":"S144","Sp":"1736.5","X":"651300.5","Y":"9215675.3","NAMOBJ":"Sukoanyar","WADMKC":"Turi","WADMKK":"Lamongan"},"geometry":{"type":"Point","coordinates":[112.4,-7.1]}},{"type":"Feature","properties":{"Line":"S144","Sp":"1740.5","X":"651300.5","Y":"9215625.3","NAMOBJ":"Sukoanyar","WADMKC":"Turi","WADMKK":"Lamongan"},"geometry":{"type":"Point","coordinates":[112.4,-7.1]}},{"type":"Feature","properties":{"Line":"S144","Sp":"1744.5","X":"651300.5","Y":"9215575.3","NAMOBJ":"Sukoanyar","WADMKC":"Turi","WADMKK":"Lamongan"},"geometry":{"type":"Point","coordinates":[112.4,-7.1]}},{"type":"Feature","properties":{"Line":"S144","Sp":"1748.5","X":"651300.5","Y":"9215525.3","NAMOBJ":"Sukoanyar","WADMKC":"Turi","WADMKK":"Lamongan"},"geometry":{"type":"Point","coordinates":[112.4,-7.1]}},{"type":"Feature","properties":{"Line":"S144","Sp":"1752.5","X":"651300.5","Y":"9215475.3","NAMOBJ":"Sukoanyar","WADMKC":"Turi","WADMKK":"Lamongan"},"geometry":{"type":"Point","coordinates":[112.4,-7.1]}},{"type":"Feature","properties":{"Line":"S144","Sp":"1756.5","X":"651300.5","Y":"9215425.3","NAMOBJ":"Sukoanyar","WADMKC":"Turi","WADMKK":"Lamongan"},"geometry":{"type":"Point","coordinates":[112.4,-7.1]}},{"type":"Feature","properties":{"Line":"S144","Sp":"1760.5","X":"651300.5","Y":"9215375.3","NAMOBJ":"Sukoanyar","WADMKC":"Turi","WADMKK":"Lamongan"},"geometry":{"type":"Point","coordinates":[112.4,-7.1]}},{"type":"Feature","properties":{"Line":"S144","Sp":"1764.5","X":"651300.5","Y":"9215325.3","NAMOBJ":"Sukoanyar","WADMKC":"Turi","WADMKK":"Lamongan"},"geometry":{"type":"Point","coordinates":[112.4,-7.1]}},{"type":"Feature","properties":{"Line":"S144","Sp":"1768.5","X":"651300.5","Y":"9215275.3","NAMOBJ":"Sukoanyar","WADMKC":"Turi","WADMKK":"Lamongan"},"geometry":{"type":"Point","coordinates":[112.4,-7.1]}},{"type":"Feature","properties":{"Line":"S144","Sp":"1772.5","X":"651300.5","Y":"9215225.3","NAMOBJ":"Sukoanyar","WADMKC":"Turi","WADMKK":"Lamongan"},"geometry":{"type":"Point","coordinates":[112.4,-7.1]}},{"type":"Feature","properties":{"Line":"S113","Sp":"3440.5","X":"654725.5","Y":"9214800.3","NAMOBJ":"Sukorejo","WADMKC":"Lamongan","WADMKK":"Lamongan"},"geometry":{"type":"Point","coordinates":[112.4,-7.1]}},{"type":"Feature","properties":{"Line":"S113","Sp":"3444.5","X":"654775.5","Y":"9214800.3","NAMOBJ":"Sukorejo","WADMKC":"Lamongan","WADMKK":"Lamongan"},"geometry":{"type":"Point","coordinates":[112.4,-7.1]}},{"type":"Feature","properties":{"Line":"S113","Sp":"3448.5","X":"654825.5","Y":"9214800.3","NAMOBJ":"Sukorejo","WADMKC":"Lamongan","WADMKK":"Lamongan"},"geometry":{"type":"Point","coordinates":[112.4,-7.1]}},{"type":"Feature","properties":{"Line":"S113","Sp":"3452.5","X":"654875.5","Y":"9214800.3","NAMOBJ":"Sukorejo","WADMKC":"Lamongan","WADMKK":"Lamongan"},"geometry":{"type":"Point","coordinates":[112.4,-7.1]}},{"type":"Feature","properties":{"Line":"S113","Sp":"3456.5","X":"654925.5","Y":"9214800.3","NAMOBJ":"Sukorejo","WADMKC":"Lamongan","WADMKK":"Lamongan"},"geometry":{"type":"Point","coordinates":[112.4,-7.1]}},{"type":"Feature","properties":{"Line":"S113","Sp":"3460.5","X":"654975.5","Y":"9214800.3","NAMOBJ":"Sukorejo","WADMKC":"Lamongan","WADMKK":"Lamongan"},"geometry":{"type":"Point","coordinates":[112.4,-7.1]}},{"type":"Feature","properties":{"Line":"S113","Sp":"3464.5","X":"655025.5","Y":"9214800.3","NAMOBJ":"Sukorejo","WADMKC":"Lamongan","WADMKK":"Lamongan"},"geometry":{"type":"Point","coordinates":[112.4,-7.1]}},{"type":"Feature","properties":{"Line":"S113","Sp":"3468.5","X":"655075.5","Y":"9214800.3","NAMOBJ":"Sukorejo","WADMKC":"Lamongan","WADMKK":"Lamongan"},"geometry":{"type":"Point","coordinates":[112.4,-7.1]}},{"type":"Feature","properties":{"Line":"S113","Sp":"3472.5","X":"655125.5","Y":"9214800.3","NAMOBJ":"Sukorejo","WADMKC":"Lamongan","WADMKK":"Lamongan"},"geometry":{"type":"Point","coordinates":[112.4,-7.1]}},{"type":"Feature","properties":{"Line":"S113","Sp":"3476.5","X":"655175.5","Y":"9214800.3","NAMOBJ":"Sukorejo","WADMKC":"Lamongan","WADMKK":"Lamongan"},"geometry":{"type":"Point","coordinates":[112.4,-7.1]}},{"type":"Feature","properties":{"Line":"S113","Sp":"3480.5","X":"655225.5","Y":"9214800.3","NAMOBJ":"Sukorejo","WADMKC":"Lamongan","WADMKK":"Lamongan"},"geometry":{"type":"Point","coordinates":[112.4,-7.1]}},{"type":"Feature","properties":{"Line":"S113","Sp":"3484.5","X":"655275.5","Y":"9214800.3","NAMOBJ":"Sukorejo","WADMKC":"Lamongan","WADMKK":"Lamongan"},"geometry":{"type":"Point","coordinates":[112.4,-7.1]}},{"type":"Feature","properties":{"Line":"S113","Sp":"3488.5","X":"655325.5","Y":"9214800.3","NAMOBJ":"Sukorejo","WADMKC":"Lamongan","WADMKK":"Lamongan"},"geometry":{"type":"Point","coordinates":[112.4,-7.1]}},{"type":"Feature","properties":{"Line":"S113","Sp":"3220.5","X":"651975.5","Y":"9214800.3","NAMOBJ":"Sukorejo","WADMKC":"Turi","WADMKK":"Lamongan"},"geometry":{"type":"Point","coordinates":[112.4,-7.1]}},{"type":"Feature","properties":{"Line":"S113","Sp":"3224.5","X":"652025.5","Y":"9214800.3","NAMOBJ":"Sukorejo","WADMKC":"Turi","WADMKK":"Lamongan"},"geometry":{"type":"Point","coordinates":[112.4,-7.1]}},{"type":"Feature","properties":{"Line":"S113","Sp":"3228.5","X":"652075.5","Y":"9214800.3","NAMOBJ":"Sukorejo","WADMKC":"Turi","WADMKK":"Lamongan"},"geometry":{"type":"Point","coordinates":[112.4,-7.1]}},{"type":"Feature","properties":{"Line":"S113","Sp":"3232.5","X":"652125.5","Y":"9214800.3","NAMOBJ":"Sukorejo","WADMKC":"Turi","WADMKK":"Lamongan"},"geometry":{"type":"Point","coordinates":[112.4,-7.1]}},{"type":"Feature","properties":{"Line":"S113","Sp":"3236.5","X":"652175.5","Y":"9214800.3","NAMOBJ":"Sukorejo","WADMKC":"Turi","WADMKK":"Lamongan"},"geometry":{"type":"Point","coordinates":[112.4,-7.1]}},{"type":"Feature","properties":{"Line":"S113","Sp":"3240.5","X":"652225.5","Y":"9214800.3","NAMOBJ":"Sukorejo","WADMKC":"Turi","WADMKK":"Lamongan"},"geometry":{"type":"Point","coordinates":[112.4,-7.1]}},{"type":"Feature","properties":{"Line":"S113","Sp":"3244.5","X":"652275.5","Y":"9214800.3","NAMOBJ":"Sukorejo","WADMKC":"Turi","WADMKK":"Lamongan"},"geometry":{"type":"Point","coordinates":[112.4,-7.1]}},{"type":"Feature","properties":{"Line":"S113","Sp":"3248.5","X":"652325.5","Y":"9214800.3","NAMOBJ":"Sukorejo","WADMKC":"Turi","WADMKK":"Lamongan"},"geometry":{"type":"Point","coordinates":[112.4,-7.1]}},{"type":"Feature","properties":{"Line":"S113","Sp":"3252.5","X":"652375.5","Y":"9214800.3","NAMOBJ":"Sukorejo","WADMKC":"Turi","WADMKK":"Lamongan"},"geometry":{"type":"Point","coordinates":[112.4,-7.1]}},{"type":"Feature","properties":{"Line":"S113","Sp":"3256.5","X":"652425.5","Y":"9214800.3","NAMOBJ":"Sukorejo","WADMKC":"Turi","WADMKK":"Lamongan"},"geometry":{"type":"Point","coordinates":[112.4,-7.1]}},{"type":"Feature","properties":{"Line":"S115","Sp":"3168.5","X":"651675.5","Y":"9215800.3","NAMOBJ":"Sukorejo","WADMKC":"Turi","WADMKK":"Lamongan"},"geometry":{"type":"Point","coordinates":[112.4,-7.1]}},{"type":"Feature","properties":{"Line":"S115","Sp":"3172.5","X":"651725.5","Y":"9215800.3","NAMOBJ":"Sukorejo","WADMKC":"Turi","WADMKK":"Lamongan"},"geometry":{"type":"Point","coordinates":[112.4,-7.1]}},{"type":"Feature","properties":{"Line":"S115","Sp":"3176.5","X":"651775.5","Y":"9215800.3","NAMOBJ":"Sukorejo","WADMKC":"Turi","WADMKK":"Lamongan"},"geometry":{"type":"Point","coordinates":[112.4,-7.1]}},{"type":"Feature","properties":{"Line":"S115","Sp":"3180.5","X":"651825.5","Y":"9215800.3","NAMOBJ":"Sukorejo","WADMKC":"Turi","WADMKK":"Lamongan"},"geometry":{"type":"Point","coordinates":[112.4,-7.1]}},{"type":"Feature","properties":{"Line":"S115","Sp":"3184.5","X":"651875.5","Y":"9215800.3","NAMOBJ":"Sukorejo","WADMKC":"Turi","WADMKK":"Lamongan"},"geometry":{"type":"Point","coordinates":[112.4,-7.1]}},{"type":"Feature","properties":{"Line":"S115","Sp":"3188.5","X":"651925.5","Y":"9215800.3","NAMOBJ":"Sukorejo","WADMKC":"Turi","WADMKK":"Lamongan"},"geometry":{"type":"Point","coordinates":[112.4,-7.1]}},{"type":"Feature","properties":{"Line":"S115","Sp":"3192.5","X":"651975.5","Y":"9215800.3","NAMOBJ":"Sukorejo","WADMKC":"Turi","WADMKK":"Lamongan"},"geometry":{"type":"Point","coordinates":[112.4,-7.1]}},{"type":"Feature","properties":{"Line":"S115","Sp":"3196.5","X":"652025.5","Y":"9215800.3","NAMOBJ":"Sukorejo","WADMKC":"Turi","WADMKK":"Lamongan"},"geometry":{"type":"Point","coordinates":[112.4,-7.1]}},{"type":"Feature","properties":{"Line":"S115","Sp":"3200.5","X":"652075.5","Y":"9215800.3","NAMOBJ":"Sukorejo","WADMKC":"Turi","WADMKK":"Lamongan"},"geometry":{"type":"Point","coordinates":[112.4,-7.1]}},{"type":"Feature","properties":{"Line":"S115","Sp":"3204.5","X":"652125.5","Y":"9215800.3","NAMOBJ":"Sukorejo","WADMKC":"Turi","WADMKK":"Lamongan"},"geometry":{"type":"Point","coordinates":[112.4,-7.1]}},{"type":"Feature","properties":{"Line":"S115","Sp":"3208.5","X":"652175.5","Y":"9215800.3","NAMOBJ":"Sukorejo","WADMKC":"Turi","WADMKK":"Lamongan"},"geometry":{"type":"Point","coordinates":[112.4,-7.1]}},{"type":"Feature","properties":{"Line":"S115","Sp":"3212.5","X":"652225.5","Y":"9215800.3","NAMOBJ":"Sukorejo","WADMKC":"Turi","WADMKK":"Lamongan"},"geometry":{"type":"Point","coordinates":[112.4,-7.1]}},{"type":"Feature","properties":{"Line":"S115","Sp":"3216.5","X":"652275.5","Y":"9215800.3","NAMOBJ":"Sukorejo","WADMKC":"Turi","WADMKK":"Lamongan"},"geometry":{"type":"Point","coordinates":[112.4,-7.1]}},{"type":"Feature","properties":{"Line":"S115","Sp":"3220.5","X":"652325.5","Y":"9215800.3","NAMOBJ":"Sukorejo","WADMKC":"Turi","WADMKK":"Lamongan"},"geometry":{"type":"Point","coordinates":[112.4,-7.1]}},{"type":"Feature","properties":{"Line":"S115","Sp":"3224.5","X":"652375.5","Y":"9215800.3","NAMOBJ":"Sukorejo","WADMKC":"Turi","WADMKK":"Lamongan"},"geometry":{"type":"Point","coordinates":[112.4,-7.1]}},{"type":"Feature","properties":{"Line":"S115","Sp":"3228.5","X":"652425.5","Y":"9215800.3","NAMOBJ":"Sukorejo","WADMKC":"Turi","WADMKK":"Lamongan"},"geometry":{"type":"Point","coordinates":[112.4,-7.1]}},{"type":"Feature","properties":{"Line":"S144","Sp":"1776.5","X":"651300.5","Y":"9215175.3","NAMOBJ":"Sukorejo","WADMKC":"Turi","WADMKK":"Lamongan"},"geometry":{"type":"Point","coordinates":[112.4,-7.1]}},{"type":"Feature","properties":{"Line":"S144","Sp":"1780.5","X":"651300.5","Y":"9215125.3","NAMOBJ":"Sukorejo","WADMKC":"Turi","WADMKK":"Lamongan"},"geometry":{"type":"Point","coordinates":[112.4,-7.1]}},{"type":"Feature","properties":{"Line":"S144","Sp":"1784.5","X":"651300.5","Y":"9215075.3","NAMOBJ":"Sukorejo","WADMKC":"Turi","WADMKK":"Lamongan"},"geometry":{"type":"Point","coordinates":[112.4,-7.1]}},{"type":"Feature","properties":{"Line":"S144","Sp":"1788.5","X":"651300.5","Y":"9215025.3","NAMOBJ":"Sukorejo","WADMKC":"Turi","WADMKK":"Lamongan"},"geometry":{"type":"Point","coordinates":[112.4,-7.1]}},{"type":"Feature","properties":{"Line":"S144","Sp":"1792.5","X":"651300.5","Y":"9214975.3","NAMOBJ":"Sukorejo","WADMKC":"Turi","WADMKK":"Lamongan"},"geometry":{"type":"Point","coordinates":[112.4,-7.1]}},{"type":"Feature","properties":{"Line":"S144","Sp":"1796.5","X":"651300.5","Y":"9214925.3","NAMOBJ":"Sukorejo","WADMKC":"Turi","WADMKK":"Lamongan"},"geometry":{"type":"Point","coordinates":[112.4,-7.1]}},{"type":"Feature","properties":{"Line":"S113","Sp":"2992.5","X":"649125.5","Y":"9214800.3","NAMOBJ":"Surabayan","WADMKC":"Sukodadi","WADMKK":"Lamongan"},"geometry":{"type":"Point","coordinates":[112.4,-7.1]}},{"type":"Feature","properties":{"Line":"S113","Sp":"2996.5","X":"649175.5","Y":"9214800.3","NAMOBJ":"Surabayan","WADMKC":"Sukodadi","WADMKK":"Lamongan"},"geometry":{"type":"Point","coordinates":[112.4,-7.1]}},{"type":"Feature","properties":{"Line":"S113","Sp":"3000.5","X":"649225.5","Y":"9214800.3","NAMOBJ":"Surabayan","WADMKC":"Sukodadi","WADMKK":"Lamongan"},"geometry":{"type":"Point","coordinates":[112.4,-7.1]}},{"type":"Feature","properties":{"Line":"S113","Sp":"3004.5","X":"649275.5","Y":"9214800.3","NAMOBJ":"Surabayan","WADMKC":"Sukodadi","WADMKK":"Lamongan"},"geometry":{"type":"Point","coordinates":[112.4,-7.1]}},{"type":"Feature","properties":{"Line":"S113","Sp":"3008.5","X":"649325.5","Y":"9214800.3","NAMOBJ":"Surabayan","WADMKC":"Sukodadi","WADMKK":"Lamongan"},"geometry":{"type":"Point","coordinates":[112.4,-7.1]}},{"type":"Feature","properties":{"Line":"S113","Sp":"3012.5","X":"649375.5","Y":"9214800.3","NAMOBJ":"Surabayan","WADMKC":"Sukodadi","WADMKK":"Lamongan"},"geometry":{"type":"Point","coordinates":[112.4,-7.1]}},{"type":"Feature","properties":{"Line":"S113","Sp":"3016.5","X":"649425.5","Y":"9214800.3","NAMOBJ":"Surabayan","WADMKC":"Sukodadi","WADMKK":"Lamongan"},"geometry":{"type":"Point","coordinates":[112.4,-7.1]}},{"type":"Feature","properties":{"Line":"S113","Sp":"3020.5","X":"649475.5","Y":"9214800.3","NAMOBJ":"Surabayan","WADMKC":"Sukodadi","WADMKK":"Lamongan"},"geometry":{"type":"Point","coordinates":[112.4,-7.1]}},{"type":"Feature","properties":{"Line":"S113","Sp":"3024.5","X":"649525.5","Y":"9214800.3","NAMOBJ":"Surabayan","WADMKC":"Sukodadi","WADMKK":"Lamongan"},"geometry":{"type":"Point","coordinates":[112.4,-7.1]}},{"type":"Feature","properties":{"Line":"S113","Sp":"3028.5","X":"649575.5","Y":"9214800.3","NAMOBJ":"Surabayan","WADMKC":"Sukodadi","WADMKK":"Lamongan"},"geometry":{"type":"Point","coordinates":[112.4,-7.1]}},{"type":"Feature","properties":{"Line":"S113","Sp":"3032.5","X":"649625.5","Y":"9214800.3","NAMOBJ":"Surabayan","WADMKC":"Sukodadi","WADMKK":"Lamongan"},"geometry":{"type":"Point","coordinates":[112.4,-7.1]}},{"type":"Feature","properties":{"Line":"S113","Sp":"3036.5","X":"649675.5","Y":"9214800.3","NAMOBJ":"Surabayan","WADMKC":"Sukodadi","WADMKK":"Lamongan"},"geometry":{"type":"Point","coordinates":[112.4,-7.1]}},{"type":"Feature","properties":{"Line":"S115","Sp":"2964.5","X":"649125.5","Y":"9215800.3","NAMOBJ":"Surabayan","WADMKC":"Sukodadi","WADMKK":"Lamongan"},"geometry":{"type":"Point","coordinates":[112.4,-7.1]}},{"type":"Feature","properties":{"Line":"S115","Sp":"2968.5","X":"649175.5","Y":"9215800.3","NAMOBJ":"Surabayan","WADMKC":"Sukodadi","WADMKK":"Lamongan"},"geometry":{"type":"Point","coordinates":[112.4,-7.1]}},{"type":"Feature","properties":{"Line":"S115","Sp":"2972.5","X":"649225.5","Y":"9215800.3","NAMOBJ":"Surabayan","WADMKC":"Sukodadi","WADMKK":"Lamongan"},"geometry":{"type":"Point","coordinates":[112.4,-7.1]}},{"type":"Feature","properties":{"Line":"S115","Sp":"2976.5","X":"649275.5","Y":"9215800.3","NAMOBJ":"Surabayan","WADMKC":"Sukodadi","WADMKK":"Lamongan"},"geometry":{"type":"Point","coordinates":[112.4,-7.1]}},{"type":"Feature","properties":{"Line":"S115","Sp":"2980.5","X":"649325.5","Y":"9215800.3","NAMOBJ":"Surabayan","WADMKC":"Sukodadi","WADMKK":"Lamongan"},"geometry":{"type":"Point","coordinates":[112.4,-7.1]}},{"type":"Feature","properties":{"Line":"S115","Sp":"2984.5","X":"649375.5","Y":"9215800.3","NAMOBJ":"Surabayan","WADMKC":"Sukodadi","WADMKK":"Lamongan"},"geometry":{"type":"Point","coordinates":[112.4,-7.1]}},{"type":"Feature","properties":{"Line":"S115","Sp":"2988.5","X":"649425.5","Y":"9215800.3","NAMOBJ":"Surabayan","WADMKC":"Sukodadi","WADMKK":"Lamongan"},"geometry":{"type":"Point","coordinates":[112.4,-7.1]}},{"type":"Feature","properties":{"Line":"S115","Sp":"2992.5","X":"649475.5","Y":"9215800.3","NAMOBJ":"Surabayan","WADMKC":"Sukodadi","WADMKK":"Lamongan"},"geometry":{"type":"Point","coordinates":[112.4,-7.1]}},{"type":"Feature","properties":{"Line":"S115","Sp":"2996.5","X":"649525.5","Y":"9215800.3","NAMOBJ":"Surabayan","WADMKC":"Sukodadi","WADMKK":"Lamongan"},"geometry":{"type":"Point","coordinates":[112.4,-7.1]}},{"type":"Feature","properties":{"Line":"S140","Sp":"1884.5","X":"649300.5","Y":"9215825.3","NAMOBJ":"Surabayan","WADMKC":"Sukodadi","WADMKK":"Lamongan"},"geometry":{"type":"Point","coordinates":[112.4,-7.1]}},{"type":"Feature","properties":{"Line":"S140","Sp":"1888.5","X":"649300.5","Y":"9215775.3","NAMOBJ":"Surabayan","WADMKC":"Sukodadi","WADMKK":"Lamongan"},"geometry":{"type":"Point","coordinates":[112.4,-7.1]}},{"type":"Feature","properties":{"Line":"S140","Sp":"1892.5","X":"649300.5","Y":"9215725.3","NAMOBJ":"Surabayan","WADMKC":"Sukodadi","WADMKK":"Lamongan"},"geometry":{"type":"Point","coordinates":[112.4,-7.1]}},{"type":"Feature","properties":{"Line":"S140","Sp":"1896.5","X":"649300.5","Y":"9215675.3","NAMOBJ":"Surabayan","WADMKC":"Sukodadi","WADMKK":"Lamongan"},"geometry":{"type":"Point","coordinates":[112.4,-7.1]}},{"type":"Feature","properties":{"Line":"S140","Sp":"1900.5","X":"649300.5","Y":"9215625.3","NAMOBJ":"Surabayan","WADMKC":"Sukodadi","WADMKK":"Lamongan"},"geometry":{"type":"Point","coordinates":[112.4,-7.1]}},{"type":"Feature","properties":{"Line":"S140","Sp":"1904.5","X":"649300.5","Y":"9215575.3","NAMOBJ":"Surabayan","WADMKC":"Sukodadi","WADMKK":"Lamongan"},"geometry":{"type":"Point","coordinates":[112.4,-7.1]}},{"type":"Feature","properties":{"Line":"S140","Sp":"1908.5","X":"649300.5","Y":"9215525.3","NAMOBJ":"Surabayan","WADMKC":"Sukodadi","WADMKK":"Lamongan"},"geometry":{"type":"Point","coordinates":[112.4,-7.1]}},{"type":"Feature","properties":{"Line":"S140","Sp":"1912.5","X":"649300.5","Y":"9215475.3","NAMOBJ":"Surabayan","WADMKC":"Sukodadi","WADMKK":"Lamongan"},"geometry":{"type":"Point","coordinates":[112.4,-7.1]}},{"type":"Feature","properties":{"Line":"S140","Sp":"1916.5","X":"649300.5","Y":"9215425.3","NAMOBJ":"Surabayan","WADMKC":"Sukodadi","WADMKK":"Lamongan"},"geometry":{"type":"Point","coordinates":[112.4,-7.1]}},{"type":"Feature","properties":{"Line":"S140","Sp":"1920.5","X":"649300.5","Y":"9215375.3","NAMOBJ":"Surabayan","WADMKC":"Sukodadi","WADMKK":"Lamongan"},"geometry":{"type":"Point","coordinates":[112.4,-7.1]}},{"type":"Feature","properties":{"Line":"S140","Sp":"1924.5","X":"649300.5","Y":"9215325.3","NAMOBJ":"Surabayan","WADMKC":"Sukodadi","WADMKK":"Lamongan"},"geometry":{"type":"Point","coordinates":[112.4,-7.1]}},{"type":"Feature","properties":{"Line":"S140","Sp":"1928.5","X":"649300.5","Y":"9215275.3","NAMOBJ":"Surabayan","WADMKC":"Sukodadi","WADMKK":"Lamongan"},"geometry":{"type":"Point","coordinates":[112.4,-7.1]}},{"type":"Feature","properties":{"Line":"S140","Sp":"1932.5","X":"649300.5","Y":"9215225.3","NAMOBJ":"Surabayan","WADMKC":"Sukodadi","WADMKK":"Lamongan"},"geometry":{"type":"Point","coordinates":[112.4,-7.1]}},{"type":"Feature","properties":{"Line":"S140","Sp":"1936.5","X":"649300.5","Y":"9215175.3","NAMOBJ":"Surabayan","WADMKC":"Sukodadi","WADMKK":"Lamongan"},"geometry":{"type":"Point","coordinates":[112.4,-7.1]}},{"type":"Feature","properties":{"Line":"S140","Sp":"1940.5","X":"649300.5","Y":"9215125.3","NAMOBJ":"Surabayan","WADMKC":"Sukodadi","WADMKK":"Lamongan"},"geometry":{"type":"Point","coordinates":[112.4,-7.1]}},{"type":"Feature","properties":{"Line":"S140","Sp":"1944.5","X":"649300.5","Y":"9215075.3","NAMOBJ":"Surabayan","WADMKC":"Sukodadi","WADMKK":"Lamongan"},"geometry":{"type":"Point","coordinates":[112.4,-7.1]}},{"type":"Feature","properties":{"Line":"S140","Sp":"1948.5","X":"649300.5","Y":"9215025.3","NAMOBJ":"Surabayan","WADMKC":"Sukodadi","WADMKK":"Lamongan"},"geometry":{"type":"Point","coordinates":[112.4,-7.1]}},{"type":"Feature","properties":{"Line":"S140","Sp":"1952.5","X":"649300.5","Y":"9214975.3","NAMOBJ":"Surabayan","WADMKC":"Sukodadi","WADMKK":"Lamongan"},"geometry":{"type":"Point","coordinates":[112.4,-7.1]}},{"type":"Feature","properties":{"Line":"S140","Sp":"1956.5","X":"649300.5","Y":"9214925.3","NAMOBJ":"Surabayan","WADMKC":"Sukodadi","WADMKK":"Lamongan"},"geometry":{"type":"Point","coordinates":[112.4,-7.1]}},{"type":"Feature","properties":{"Line":"S140","Sp":"1960.5","X":"649300.5","Y":"9214875.3","NAMOBJ":"Surabayan","WADMKC":"Sukodadi","WADMKK":"Lamongan"},"geometry":{"type":"Point","coordinates":[112.4,-7.1]}},{"type":"Feature","properties":{"Line":"S140","Sp":"1964.5","X":"649300.5","Y":"9214825.3","NAMOBJ":"Surabayan","WADMKC":"Sukodadi","WADMKK":"Lamongan"},"geometry":{"type":"Point","coordinates":[112.4,-7.1]}},{"type":"Feature","properties":{"Line":"S140","Sp":"1968.5","X":"649300.5","Y":"9214775.3","NAMOBJ":"Surabayan","WADMKC":"Sukodadi","WADMKK":"Lamongan"},"geometry":{"type":"Point","coordinates":[112.4,-7.1]}},{"type":"Feature","properties":{"Line":"S140","Sp":"1972.5","X":"649300.5","Y":"9214725.3","NAMOBJ":"Surabayan","WADMKC":"Sukodadi","WADMKK":"Lamongan"},"geometry":{"type":"Point","coordinates":[112.4,-7.1]}},{"type":"Feature","properties":{"Line":"S140","Sp":"1976.5","X":"649300.5","Y":"9214675.3","NAMOBJ":"Surabayan","WADMKC":"Sukodadi","WADMKK":"Lamongan"},"geometry":{"type":"Point","coordinates":[112.4,-7.1]}},{"type":"Feature","properties":{"Line":"S113","Sp":"3368.5","X":"653825.5","Y":"9214800.3","NAMOBJ":"Tambakploso","WADMKC":"Turi","WADMKK":"Lamongan"},"geometry":{"type":"Point","coordinates":[112.4,-7.1]}},{"type":"Feature","properties":{"Line":"S113","Sp":"3372.5","X":"653875.5","Y":"9214800.3","NAMOBJ":"Tambakploso","WADMKC":"Turi","WADMKK":"Lamongan"},"geometry":{"type":"Point","coordinates":[112.4,-7.1]}},{"type":"Feature","properties":{"Line":"S113","Sp":"3376.5","X":"653925.5","Y":"9214800.3","NAMOBJ":"Tambakploso","WADMKC":"Turi","WADMKK":"Lamongan"},"geometry":{"type":"Point","coordinates":[112.4,-7.1]}},{"type":"Feature","properties":{"Line":"S113","Sp":"3380.5","X":"653975.5","Y":"9214800.3","NAMOBJ":"Tambakploso","WADMKC":"Turi","WADMKK":"Lamongan"},"geometry":{"type":"Point","coordinates":[112.4,-7.1]}},{"type":"Feature","properties":{"Line":"S113","Sp":"3384.5","X":"654025.5","Y":"9214800.3","NAMOBJ":"Tambakploso","WADMKC":"Turi","WADMKK":"Lamongan"},"geometry":{"type":"Point","coordinates":[112.4,-7.1]}},{"type":"Feature","properties":{"Line":"S113","Sp":"3388.5","X":"654075.5","Y":"9214800.3","NAMOBJ":"Tambakploso","WADMKC":"Turi","WADMKK":"Lamongan"},"geometry":{"type":"Point","coordinates":[112.4,-7.1]}},{"type":"Feature","properties":{"Line":"S113","Sp":"3392.5","X":"654125.5","Y":"9214800.3","NAMOBJ":"Tambakploso","WADMKC":"Turi","WADMKK":"Lamongan"},"geometry":{"type":"Point","coordinates":[112.4,-7.1]}},{"type":"Feature","properties":{"Line":"S113","Sp":"3396.5","X":"654175.5","Y":"9214800.3","NAMOBJ":"Tambakploso","WADMKC":"Turi","WADMKK":"Lamongan"},"geometry":{"type":"Point","coordinates":[112.4,-7.1]}},{"type":"Feature","properties":{"Line":"S113","Sp":"3400.5","X":"654225.5","Y":"9214800.3","NAMOBJ":"Tambakploso","WADMKC":"Turi","WADMKK":"Lamongan"},"geometry":{"type":"Point","coordinates":[112.4,-7.1]}},{"type":"Feature","properties":{"Line":"S113","Sp":"3404.5","X":"654275.5","Y":"9214800.3","NAMOBJ":"Tambakploso","WADMKC":"Turi","WADMKK":"Lamongan"},"geometry":{"type":"Point","coordinates":[112.4,-7.1]}},{"type":"Feature","properties":{"Line":"S113","Sp":"3408.5","X":"654325.5","Y":"9214800.3","NAMOBJ":"Tambakploso","WADMKC":"Turi","WADMKK":"Lamongan"},"geometry":{"type":"Point","coordinates":[112.4,-7.1]}},{"type":"Feature","properties":{"Line":"S115","Sp":"3312.5","X":"653475.5","Y":"9215800.3","NAMOBJ":"Tambakploso","WADMKC":"Turi","WADMKK":"Lamongan"},"geometry":{"type":"Point","coordinates":[112.4,-7.1]}},{"type":"Feature","properties":{"Line":"S115","Sp":"3316.5","X":"653525.5","Y":"9215800.3","NAMOBJ":"Tambakploso","WADMKC":"Turi","WADMKK":"Lamongan"},"geometry":{"type":"Point","coordinates":[112.4,-7.1]}},{"type":"Feature","properties":{"Line":"S115","Sp":"3320.5","X":"653575.5","Y":"9215800.3","NAMOBJ":"Tambakploso","WADMKC":"Turi","WADMKK":"Lamongan"},"geometry":{"type":"Point","coordinates":[112.4,-7.1]}},{"type":"Feature","properties":{"Line":"S115","Sp":"3324.5","X":"653625.5","Y":"9215800.3","NAMOBJ":"Tambakploso","WADMKC":"Turi","WADMKK":"Lamongan"},"geometry":{"type":"Point","coordinates":[112.4,-7.1]}},{"type":"Feature","properties":{"Line":"S115","Sp":"3328.5","X":"653675.5","Y":"9215800.3","NAMOBJ":"Tambakploso","WADMKC":"Turi","WADMKK":"Lamongan"},"geometry":{"type":"Point","coordinates":[112.4,-7.1]}},{"type":"Feature","properties":{"Line":"S115","Sp":"3332.5","X":"653725.5","Y":"9215800.3","NAMOBJ":"Tambakploso","WADMKC":"Turi","WADMKK":"Lamongan"},"geometry":{"type":"Point","coordinates":[112.4,-7.1]}},{"type":"Feature","properties":{"Line":"S115","Sp":"3336.5","X":"653775.5","Y":"9215800.3","NAMOBJ":"Tambakploso","WADMKC":"Turi","WADMKK":"Lamongan"},"geometry":{"type":"Point","coordinates":[112.4,-7.1]}},{"type":"Feature","properties":{"Line":"S115","Sp":"3340.5","X":"653825.5","Y":"9215800.3","NAMOBJ":"Tambakploso","WADMKC":"Turi","WADMKK":"Lamongan"},"geometry":{"type":"Point","coordinates":[112.4,-7.1]}},{"type":"Feature","properties":{"Line":"S115","Sp":"3344.5","X":"653875.5","Y":"9215800.3","NAMOBJ":"Tambakploso","WADMKC":"Turi","WADMKK":"Lamongan"},"geometry":{"type":"Point","coordinates":[112.4,-7.1]}},{"type":"Feature","properties":{"Line":"S115","Sp":"3348.5","X":"653925.5","Y":"9215800.3","NAMOBJ":"Tambakploso","WADMKC":"Turi","WADMKK":"Lamongan"},"geometry":{"type":"Point","coordinates":[112.4,-7.1]}},{"type":"Feature","properties":{"Line":"S115","Sp":"3352.5","X":"653975.5","Y":"9215800.3","NAMOBJ":"Tambakploso","WADMKC":"Turi","WADMKK":"Lamongan"},"geometry":{"type":"Point","coordinates":[112.4,-7.1]}},{"type":"Feature","properties":{"Line":"S115","Sp":"3356.5","X":"654025.5","Y":"9215800.3","NAMOBJ":"Tambakploso","WADMKC":"Turi","WADMKK":"Lamongan"},"geometry":{"type":"Point","coordinates":[112.4,-7.1]}},{"type":"Feature","properties":{"Line":"S115","Sp":"3360.5","X":"654075.5","Y":"9215800.3","NAMOBJ":"Tambakploso","WADMKC":"Turi","WADMKK":"Lamongan"},"geometry":{"type":"Point","coordinates":[112.4,-7.1]}},{"type":"Feature","properties":{"Line":"S115","Sp":"3364.5","X":"654125.5","Y":"9215800.3","NAMOBJ":"Tambakploso","WADMKC":"Turi","WADMKK":"Lamongan"},"geometry":{"type":"Point","coordinates":[112.4,-7.1]}},{"type":"Feature","properties":{"Line":"S115","Sp":"3368.5","X":"654175.5","Y":"9215800.3","NAMOBJ":"Tambakploso","WADMKC":"Turi","WADMKK":"Lamongan"},"geometry":{"type":"Point","coordinates":[112.4,-7.1]}},{"type":"Feature","properties":{"Line":"S115","Sp":"3372.5","X":"654225.5","Y":"9215800.3","NAMOBJ":"Tambakploso","WADMKC":"Turi","WADMKK":"Lamongan"},"geometry":{"type":"Point","coordinates":[112.4,-7.1]}},{"type":"Feature","properties":{"Line":"S117","Sp":"3356.5","X":"653475.5","Y":"9216800.3","NAMOBJ":"Tambakploso","WADMKC":"Turi","WADMKK":"Lamongan"},"geometry":{"type":"Point","coordinates":[112.4,-7.1]}},{"type":"Feature","properties":{"Line":"S117","Sp":"3360.5","X":"653525.5","Y":"9216800.3","NAMOBJ":"Tambakploso","WADMKC":"Turi","WADMKK":"Lamongan"},"geometry":{"type":"Point","coordinates":[112.4,-7.1]}},{"type":"Feature","properties":{"Line":"S117","Sp":"3364.5","X":"653575.5","Y":"9216800.3","NAMOBJ":"Tambakploso","WADMKC":"Turi","WADMKK":"Lamongan"},"geometry":{"type":"Point","coordinates":[112.4,-7.1]}},{"type":"Feature","properties":{"Line":"S117","Sp":"3372.5","X":"653675.5","Y":"9216800.3","NAMOBJ":"Tambakploso","WADMKC":"Turi","WADMKK":"Lamongan"},"geometry":{"type":"Point","coordinates":[112.4,-7.1]}},{"type":"Feature","properties":{"Line":"S117","Sp":"3376.5","X":"653725.5","Y":"9216800.3","NAMOBJ":"Tambakploso","WADMKC":"Turi","WADMKK":"Lamongan"},"geometry":{"type":"Point","coordinates":[112.4,-7.1]}},{"type":"Feature","properties":{"Line":"S117","Sp":"3380.5","X":"653775.5","Y":"9216800.3","NAMOBJ":"Tambakploso","WADMKC":"Turi","WADMKK":"Lamongan"},"geometry":{"type":"Point","coordinates":[112.4,-7.1]}},{"type":"Feature","properties":{"Line":"S117","Sp":"3384.5","X":"653825.5","Y":"9216800.3","NAMOBJ":"Tambakploso","WADMKC":"Turi","WADMKK":"Lamongan"},"geometry":{"type":"Point","coordinates":[112.4,-7.1]}},{"type":"Feature","properties":{"Line":"S117","Sp":"3388.5","X":"653875.5","Y":"9216800.3","NAMOBJ":"Tambakploso","WADMKC":"Turi","WADMKK":"Lamongan"},"geometry":{"type":"Point","coordinates":[112.4,-7.1]}},{"type":"Feature","properties":{"Line":"S117","Sp":"3392.5","X":"653925.5","Y":"9216800.3","NAMOBJ":"Tambakploso","WADMKC":"Turi","WADMKK":"Lamongan"},"geometry":{"type":"Point","coordinates":[112.4,-7.1]}},{"type":"Feature","properties":{"Line":"S117","Sp":"3396.5","X":"653975.5","Y":"9216800.3","NAMOBJ":"Tambakploso","WADMKC":"Turi","WADMKK":"Lamongan"},"geometry":{"type":"Point","coordinates":[112.4,-7.1]}},{"type":"Feature","properties":{"Line":"S117","Sp":"3400.5","X":"654025.5","Y":"9216800.3","NAMOBJ":"Tambakploso","WADMKC":"Turi","WADMKK":"Lamongan"},"geometry":{"type":"Point","coordinates":[112.4,-7.1]}},{"type":"Feature","properties":{"Line":"S117","Sp":"3404.5","X":"654075.5","Y":"9216800.3","NAMOBJ":"Tambakploso","WADMKC":"Turi","WADMKK":"Lamongan"},"geometry":{"type":"Point","coordinates":[112.4,-7.1]}},{"type":"Feature","properties":{"Line":"S117","Sp":"3408.5","X":"654125.5","Y":"9216800.3","NAMOBJ":"Tambakploso","WADMKC":"Turi","WADMKK":"Lamongan"},"geometry":{"type":"Point","coordinates":[112.4,-7.1]}},{"type":"Feature","properties":{"Line":"S117","Sp":"3412.5","X":"654175.5","Y":"9216800.3","NAMOBJ":"Tambakploso","WADMKC":"Turi","WADMKK":"Lamongan"},"geometry":{"type":"Point","coordinates":[112.4,-7.1]}},{"type":"Feature","properties":{"Line":"S117","Sp":"3416.5","X":"654225.5","Y":"9216800.3","NAMOBJ":"Tambakploso","WADMKC":"Turi","WADMKK":"Lamongan"},"geometry":{"type":"Point","coordinates":[112.4,-7.1]}},{"type":"Feature","properties":{"Line":"S117","Sp":"3420.5","X":"654275.5","Y":"9216800.3","NAMOBJ":"Tambakploso","WADMKC":"Turi","WADMKK":"Lamongan"},"geometry":{"type":"Point","coordinates":[112.4,-7.1]}},{"type":"Feature","properties":{"Line":"S117","Sp":"3424.5","X":"654325.5","Y":"9216800.3","NAMOBJ":"Tambakploso","WADMKC":"Turi","WADMKK":"Lamongan"},"geometry":{"type":"Point","coordinates":[112.4,-7.1]}},{"type":"Feature","properties":{"Line":"S117","Sp":"3428.5","X":"654375.5","Y":"9216800.3","NAMOBJ":"Tambakploso","WADMKC":"Turi","WADMKK":"Lamongan"},"geometry":{"type":"Point","coordinates":[112.4,-7.1]}},{"type":"Feature","properties":{"Line":"S117","Sp":"3432.5","X":"654425.5","Y":"9216800.3","NAMOBJ":"Tambakploso","WADMKC":"Turi","WADMKK":"Lamongan"},"geometry":{"type":"Point","coordinates":[112.4,-7.1]}},{"type":"Feature","properties":{"Line":"S117","Sp":"3436.5","X":"654475.5","Y":"9216800.3","NAMOBJ":"Tambakploso","WADMKC":"Turi","WADMKK":"Lamongan"},"geometry":{"type":"Point","coordinates":[112.4,-7.1]}},{"type":"Feature","properties":{"Line":"S117","Sp":"3440.5","X":"654525.5","Y":"9216800.3","NAMOBJ":"Tambakploso","WADMKC":"Turi","WADMKK":"Lamongan"},"geometry":{"type":"Point","coordinates":[112.4,-7.1]}},{"type":"Feature","properties":{"Line":"S117","Sp":"3444.5","X":"654575.5","Y":"9216800.3","NAMOBJ":"Tambakploso","WADMKC":"Turi","WADMKK":"Lamongan"},"geometry":{"type":"Point","coordinates":[112.4,-7.1]}},{"type":"Feature","properties":{"Line":"S109","Sp":"3328.5","X":"652175.5","Y":"9212800.3","NAMOBJ":"Tanjung","WADMKC":"Lamongan","WADMKK":"Lamongan"},"geometry":{"type":"Point","coordinates":[112.4,-7.1]}},{"type":"Feature","properties":{"Line":"S109","Sp":"3332.5","X":"652225.5","Y":"9212800.3","NAMOBJ":"Tanjung","WADMKC":"Lamongan","WADMKK":"Lamongan"},"geometry":{"type":"Point","coordinates":[112.4,-7.1]}},{"type":"Feature","properties":{"Line":"S109","Sp":"3336.5","X":"652275.5","Y":"9212800.3","NAMOBJ":"Tanjung","WADMKC":"Lamongan","WADMKK":"Lamongan"},"geometry":{"type":"Point","coordinates":[112.4,-7.1]}},{"type":"Feature","properties":{"Line":"S109","Sp":"3340.5","X":"652325.5","Y":"9212800.3","NAMOBJ":"Tanjung","WADMKC":"Lamongan","WADMKK":"Lamongan"},"geometry":{"type":"Point","coordinates":[112.4,-7.1]}},{"type":"Feature","properties":{"Line":"S109","Sp":"3344.5","X":"652375.5","Y":"9212800.3","NAMOBJ":"Tanjung","WADMKC":"Lamongan","WADMKK":"Lamongan"},"geometry":{"type":"Point","coordinates":[112.4,-7.1]}},{"type":"Feature","properties":{"Line":"S109","Sp":"3348.5","X":"652425.5","Y":"9212800.3","NAMOBJ":"Tanjung","WADMKC":"Lamongan","WADMKK":"Lamongan"},"geometry":{"type":"Point","coordinates":[112.4,-7.1]}},{"type":"Feature","properties":{"Line":"S109","Sp":"3352.5","X":"652475.5","Y":"9212800.3","NAMOBJ":"Tanjung","WADMKC":"Lamongan","WADMKK":"Lamongan"},"geometry":{"type":"Point","coordinates":[112.4,-7.1]}},{"type":"Feature","properties":{"Line":"S109","Sp":"3356.5","X":"652525.5","Y":"9212800.3","NAMOBJ":"Tanjung","WADMKC":"Lamongan","WADMKK":"Lamongan"},"geometry":{"type":"Point","coordinates":[112.4,-7.1]}},{"type":"Feature","properties":{"Line":"S109","Sp":"3360.5","X":"652575.5","Y":"9212800.3","NAMOBJ":"Tanjung","WADMKC":"Lamongan","WADMKK":"Lamongan"},"geometry":{"type":"Point","coordinates":[112.4,-7.1]}},{"type":"Feature","properties":{"Line":"S109","Sp":"3364.5","X":"652625.5","Y":"9212800.3","NAMOBJ":"Tanjung","WADMKC":"Lamongan","WADMKK":"Lamongan"},"geometry":{"type":"Point","coordinates":[112.4,-7.1]}},{"type":"Feature","properties":{"Line":"S109","Sp":"3368.5","X":"652675.5","Y":"9212800.3","NAMOBJ":"Tanjung","WADMKC":"Lamongan","WADMKK":"Lamongan"},"geometry":{"type":"Point","coordinates":[112.4,-7.1]}},{"type":"Feature","properties":{"Line":"S109","Sp":"3372.5","X":"652725.5","Y":"9212800.3","NAMOBJ":"Tanjung","WADMKC":"Lamongan","WADMKK":"Lamongan"},"geometry":{"type":"Point","coordinates":[112.4,-7.1]}},{"type":"Feature","properties":{"Line":"S109","Sp":"3376.5","X":"652775.5","Y":"9212800.3","NAMOBJ":"Tanjung","WADMKC":"Lamongan","WADMKK":"Lamongan"},"geometry":{"type":"Point","coordinates":[112.4,-7.1]}},{"type":"Feature","properties":{"Line":"S109","Sp":"3380.5","X":"652825.5","Y":"9212800.3","NAMOBJ":"Tanjung","WADMKC":"Lamongan","WADMKK":"Lamongan"},"geometry":{"type":"Point","coordinates":[112.4,-7.1]}},{"type":"Feature","properties":{"Line":"S109","Sp":"3384.5","X":"652875.5","Y":"9212800.3","NAMOBJ":"Tanjung","WADMKC":"Lamongan","WADMKK":"Lamongan"},"geometry":{"type":"Point","coordinates":[112.4,-7.1]}},{"type":"Feature","properties":{"Line":"S109","Sp":"3388.5","X":"652925.5","Y":"9212800.3","NAMOBJ":"Tanjung","WADMKC":"Lamongan","WADMKK":"Lamongan"},"geometry":{"type":"Point","coordinates":[112.4,-7.1]}},{"type":"Feature","properties":{"Line":"S109","Sp":"3392.5","X":"652975.5","Y":"9212800.3","NAMOBJ":"Tanjung","WADMKC":"Lamongan","WADMKK":"Lamongan"},"geometry":{"type":"Point","coordinates":[112.4,-7.1]}},{"type":"Feature","properties":{"Line":"S109","Sp":"3396.5","X":"653025.5","Y":"9212800.3","NAMOBJ":"Tanjung","WADMKC":"Lamongan","WADMKK":"Lamongan"},"geometry":{"type":"Point","coordinates":[112.4,-7.1]}},{"type":"Feature","properties":{"Line":"S109","Sp":"3400.5","X":"653075.5","Y":"9212800.3","NAMOBJ":"Tanjung","WADMKC":"Lamongan","WADMKK":"Lamongan"},"geometry":{"type":"Point","coordinates":[112.4,-7.1]}},{"type":"Feature","properties":{"Line":"S109","Sp":"3404.5","X":"653125.5","Y":"9212800.3","NAMOBJ":"Tanjung","WADMKC":"Lamongan","WADMKK":"Lamongan"},"geometry":{"type":"Point","coordinates":[112.4,-7.1]}},{"type":"Feature","properties":{"Line":"S109","Sp":"3408.5","X":"653175.5","Y":"9212800.3","NAMOBJ":"Tanjung","WADMKC":"Lamongan","WADMKK":"Lamongan"},"geometry":{"type":"Point","coordinates":[112.4,-7.1]}},{"type":"Feature","properties":{"Line":"S109","Sp":"3412.5","X":"653225.5","Y":"9212800.3","NAMOBJ":"Tanjung","WADMKC":"Lamongan","WADMKK":"Lamongan"},"geometry":{"type":"Point","coordinates":[112.4,-7.1]}},{"type":"Feature","properties":{"Line":"S111","Sp":"3364.5","X":"652675.5","Y":"9213800.3","NAMOBJ":"Tanjung","WADMKC":"Lamongan","WADMKK":"Lamongan"},"geometry":{"type":"Point","coordinates":[112.4,-7.1]}},{"type":"Feature","properties":{"Line":"S111","Sp":"3368.5","X":"652725.5","Y":"9213800.3","NAMOBJ":"Tanjung","WADMKC":"Lamongan","WADMKK":"Lamongan"},"geometry":{"type":"Point","coordinates":[112.4,-7.1]}},{"type":"Feature","properties":{"Line":"S111","Sp":"3372.5","X":"652775.5","Y":"9213800.3","NAMOBJ":"Tanjung","WADMKC":"Lamongan","WADMKK":"Lamongan"},"geometry":{"type":"Point","coordinates":[112.4,-7.1]}},{"type":"Feature","properties":{"Line":"S111","Sp":"3376.5","X":"652825.5","Y":"9213800.3","NAMOBJ":"Tanjung","WADMKC":"Lamongan","WADMKK":"Lamongan"},"geometry":{"type":"Point","coordinates":[112.4,-7.1]}},{"type":"Feature","properties":{"Line":"S111","Sp":"3380.5","X":"652875.5","Y":"9213800.3","NAMOBJ":"Tanjung","WADMKC":"Lamongan","WADMKK":"Lamongan"},"geometry":{"type":"Point","coordinates":[112.4,-7.1]}},{"type":"Feature","properties":{"Line":"S111","Sp":"3384.5","X":"652925.5","Y":"9213800.3","NAMOBJ":"Tanjung","WADMKC":"Lamongan","WADMKK":"Lamongan"},"geometry":{"type":"Point","coordinates":[112.4,-7.1]}},{"type":"Feature","properties":{"Line":"S111","Sp":"3388.5","X":"652975.5","Y":"9213800.3","NAMOBJ":"Tanjung","WADMKC":"Lamongan","WADMKK":"Lamongan"},"geometry":{"type":"Point","coordinates":[112.4,-7.1]}},{"type":"Feature","properties":{"Line":"S111","Sp":"3392.5","X":"653025.5","Y":"9213800.3","NAMOBJ":"Tanjung","WADMKC":"Lamongan","WADMKK":"Lamongan"},"geometry":{"type":"Point","coordinates":[112.4,-7.1]}},{"type":"Feature","properties":{"Line":"S111","Sp":"3396.5","X":"653075.5","Y":"9213800.3","NAMOBJ":"Tanjung","WADMKC":"Lamongan","WADMKK":"Lamongan"},"geometry":{"type":"Point","coordinates":[112.4,-7.1]}},{"type":"Feature","properties":{"Line":"S111","Sp":"3400.5","X":"653125.5","Y":"9213800.3","NAMOBJ":"Tanjung","WADMKC":"Lamongan","WADMKK":"Lamongan"},"geometry":{"type":"Point","coordinates":[112.4,-7.1]}},{"type":"Feature","properties":{"Line":"S111","Sp":"3404.5","X":"653175.5","Y":"9213800.3","NAMOBJ":"Tanjung","WADMKC":"Lamongan","WADMKK":"Lamongan"},"geometry":{"type":"Point","coordinates":[112.4,-7.1]}},{"type":"Feature","properties":{"Line":"S111","Sp":"3408.5","X":"653225.5","Y":"9213800.3","NAMOBJ":"Tanjung","WADMKC":"Lamongan","WADMKK":"Lamongan"},"geometry":{"type":"Point","coordinates":[112.4,-7.1]}},{"type":"Feature","properties":{"Line":"S111","Sp":"3412.5","X":"653275.5","Y":"9213800.3","NAMOBJ":"Tanjung","WADMKC":"Lamongan","WADMKK":"Lamongan"},"geometry":{"type":"Point","coordinates":[112.4,-7.1]}},{"type":"Feature","properties":{"Line":"S111","Sp":"3416.5","X":"653325.5","Y":"9213800.3","NAMOBJ":"Tanjung","WADMKC":"Lamongan","WADMKK":"Lamongan"},"geometry":{"type":"Point","coordinates":[112.4,-7.1]}},{"type":"Feature","properties":{"Line":"S111","Sp":"3420.5","X":"653375.5","Y":"9213800.3","NAMOBJ":"Tanjung","WADMKC":"Lamongan","WADMKK":"Lamongan"},"geometry":{"type":"Point","coordinates":[112.4,-7.1]}},{"type":"Feature","properties":{"Line":"S111","Sp":"3424.5","X":"653425.5","Y":"9213800.3","NAMOBJ":"Tanjung","WADMKC":"Lamongan","WADMKK":"Lamongan"},"geometry":{"type":"Point","coordinates":[112.4,-7.1]}},{"type":"Feature","properties":{"Line":"S111","Sp":"3428.5","X":"653475.5","Y":"9213800.3","NAMOBJ":"Tanjung","WADMKC":"Lamongan","WADMKK":"Lamongan"},"geometry":{"type":"Point","coordinates":[112.4,-7.1]}},{"type":"Feature","properties":{"Line":"S111","Sp":"3432.5","X":"653525.5","Y":"9213800.3","NAMOBJ":"Tanjung","WADMKC":"Lamongan","WADMKK":"Lamongan"},"geometry":{"type":"Point","coordinates":[112.4,-7.1]}},{"type":"Feature","properties":{"Line":"S111","Sp":"3436.5","X":"653575.5","Y":"9213800.3","NAMOBJ":"Tanjung","WADMKC":"Lamongan","WADMKK":"Lamongan"},"geometry":{"type":"Point","coordinates":[112.4,-7.1]}},{"type":"Feature","properties":{"Line":"S115","Sp":"3232.5","X":"652475.5","Y":"9215800.3","NAMOBJ":"Tawangrejo","WADMKC":"Turi","WADMKK":"Lamongan"},"geometry":{"type":"Point","coordinates":[112.4,-7.1]}},{"type":"Feature","properties":{"Line":"S115","Sp":"3236.5","X":"652525.5","Y":"9215800.3","NAMOBJ":"Tawangrejo","WADMKC":"Turi","WADMKK":"Lamongan"},"geometry":{"type":"Point","coordinates":[112.4,-7.1]}},{"type":"Feature","properties":{"Line":"S115","Sp":"3240.5","X":"652575.5","Y":"9215800.3","NAMOBJ":"Tawangrejo","WADMKC":"Turi","WADMKK":"Lamongan"},"geometry":{"type":"Point","coordinates":[112.4,-7.1]}},{"type":"Feature","properties":{"Line":"S115","Sp":"3244.5","X":"652625.5","Y":"9215800.3","NAMOBJ":"Tawangrejo","WADMKC":"Turi","WADMKK":"Lamongan"},"geometry":{"type":"Point","coordinates":[112.4,-7.1]}},{"type":"Feature","properties":{"Line":"S115","Sp":"3248.5","X":"652675.5","Y":"9215800.3","NAMOBJ":"Tawangrejo","WADMKC":"Turi","WADMKK":"Lamongan"},"geometry":{"type":"Point","coordinates":[112.4,-7.1]}},{"type":"Feature","properties":{"Line":"S115","Sp":"3252.5","X":"652725.5","Y":"9215800.3","NAMOBJ":"Tawangrejo","WADMKC":"Turi","WADMKK":"Lamongan"},"geometry":{"type":"Point","coordinates":[112.4,-7.1]}},{"type":"Feature","properties":{"Line":"S115","Sp":"3256.5","X":"652775.5","Y":"9215800.3","NAMOBJ":"Tawangrejo","WADMKC":"Turi","WADMKK":"Lamongan"},"geometry":{"type":"Point","coordinates":[112.4,-7.1]}},{"type":"Feature","properties":{"Line":"S115","Sp":"3260.5","X":"652825.5","Y":"9215800.3","NAMOBJ":"Tawangrejo","WADMKC":"Turi","WADMKK":"Lamongan"},"geometry":{"type":"Point","coordinates":[112.4,-7.1]}},{"type":"Feature","properties":{"Line":"S115","Sp":"3264.5","X":"652875.5","Y":"9215800.3","NAMOBJ":"Tawangrejo","WADMKC":"Turi","WADMKK":"Lamongan"},"geometry":{"type":"Point","coordinates":[112.4,-7.1]}},{"type":"Feature","properties":{"Line":"S115","Sp":"3268.5","X":"652925.5","Y":"9215800.3","NAMOBJ":"Tawangrejo","WADMKC":"Turi","WADMKK":"Lamongan"},"geometry":{"type":"Point","coordinates":[112.4,-7.1]}},{"type":"Feature","properties":{"Line":"S115","Sp":"3272.5","X":"652975.5","Y":"9215800.3","NAMOBJ":"Tawangrejo","WADMKC":"Turi","WADMKK":"Lamongan"},"geometry":{"type":"Point","coordinates":[112.4,-7.1]}},{"type":"Feature","properties":{"Line":"S115","Sp":"3276.5","X":"653025.5","Y":"9215800.3","NAMOBJ":"Tawangrejo","WADMKC":"Turi","WADMKK":"Lamongan"},"geometry":{"type":"Point","coordinates":[112.4,-7.1]}},{"type":"Feature","properties":{"Line":"S115","Sp":"3280.5","X":"653075.5","Y":"9215800.3","NAMOBJ":"Tawangrejo","WADMKC":"Turi","WADMKK":"Lamongan"},"geometry":{"type":"Point","coordinates":[112.4,-7.1]}},{"type":"Feature","properties":{"Line":"S115","Sp":"3284.5","X":"653125.5","Y":"9215800.3","NAMOBJ":"Tawangrejo","WADMKC":"Turi","WADMKK":"Lamongan"},"geometry":{"type":"Point","coordinates":[112.4,-7.1]}},{"type":"Feature","properties":{"Line":"S115","Sp":"3288.5","X":"653175.5","Y":"9215800.3","NAMOBJ":"Tawangrejo","WADMKC":"Turi","WADMKK":"Lamongan"},"geometry":{"type":"Point","coordinates":[112.4,-7.1]}},{"type":"Feature","properties":{"Line":"S115","Sp":"3292.5","X":"653225.5","Y":"9215800.3","NAMOBJ":"Tawangrejo","WADMKC":"Turi","WADMKK":"Lamongan"},"geometry":{"type":"Point","coordinates":[112.4,-7.1]}},{"type":"Feature","properties":{"Line":"S115","Sp":"3296.5","X":"653275.5","Y":"9215800.3","NAMOBJ":"Tawangrejo","WADMKC":"Turi","WADMKK":"Lamongan"},"geometry":{"type":"Point","coordinates":[112.4,-7.1]}},{"type":"Feature","properties":{"Line":"S115","Sp":"3300.5","X":"653325.5","Y":"9215800.3","NAMOBJ":"Tawangrejo","WADMKC":"Turi","WADMKK":"Lamongan"},"geometry":{"type":"Point","coordinates":[112.4,-7.1]}},{"type":"Feature","properties":{"Line":"S115","Sp":"3304.5","X":"653375.5","Y":"9215800.3","NAMOBJ":"Tawangrejo","WADMKC":"Turi","WADMKK":"Lamongan"},"geometry":{"type":"Point","coordinates":[112.4,-7.1]}},{"type":"Feature","properties":{"Line":"S115","Sp":"3308.5","X":"653425.5","Y":"9215800.3","NAMOBJ":"Tawangrejo","WADMKC":"Turi","WADMKK":"Lamongan"},"geometry":{"type":"Point","coordinates":[112.4,-7.1]}},{"type":"Feature","properties":{"Line":"S117","Sp":"3280.5","X":"652525.5","Y":"9216800.3","NAMOBJ":"Tawangrejo","WADMKC":"Turi","WADMKK":"Lamongan"},"geometry":{"type":"Point","coordinates":[112.4,-7.1]}},{"type":"Feature","properties":{"Line":"S117","Sp":"3284.5","X":"652575.5","Y":"9216800.3","NAMOBJ":"Tawangrejo","WADMKC":"Turi","WADMKK":"Lamongan"},"geometry":{"type":"Point","coordinates":[112.4,-7.1]}},{"type":"Feature","properties":{"Line":"S117","Sp":"3288.5","X":"652625.5","Y":"9216800.3","NAMOBJ":"Tawangrejo","WADMKC":"Turi","WADMKK":"Lamongan"},"geometry":{"type":"Point","coordinates":[112.4,-7.1]}},{"type":"Feature","properties":{"Line":"S117","Sp":"3292.5","X":"652675.5","Y":"9216800.3","NAMOBJ":"Tawangrejo","WADMKC":"Turi","WADMKK":"Lamongan"},"geometry":{"type":"Point","coordinates":[112.4,-7.1]}},{"type":"Feature","properties":{"Line":"S117","Sp":"3296.5","X":"652725.5","Y":"9216800.3","NAMOBJ":"Tawangrejo","WADMKC":"Turi","WADMKK":"Lamongan"},"geometry":{"type":"Point","coordinates":[112.4,-7.1]}},{"type":"Feature","properties":{"Line":"S117","Sp":"3300.5","X":"652775.5","Y":"9216800.3","NAMOBJ":"Tawangrejo","WADMKC":"Turi","WADMKK":"Lamongan"},"geometry":{"type":"Point","coordinates":[112.4,-7.1]}},{"type":"Feature","properties":{"Line":"S117","Sp":"3304.5","X":"652825.5","Y":"9216800.3","NAMOBJ":"Tawangrejo","WADMKC":"Turi","WADMKK":"Lamongan"},"geometry":{"type":"Point","coordinates":[112.4,-7.1]}},{"type":"Feature","properties":{"Line":"S117","Sp":"3308.5","X":"652875.5","Y":"9216800.3","NAMOBJ":"Tawangrejo","WADMKC":"Turi","WADMKK":"Lamongan"},"geometry":{"type":"Point","coordinates":[112.4,-7.1]}},{"type":"Feature","properties":{"Line":"S117","Sp":"3312.5","X":"652925.5","Y":"9216800.3","NAMOBJ":"Tawangrejo","WADMKC":"Turi","WADMKK":"Lamongan"},"geometry":{"type":"Point","coordinates":[112.4,-7.1]}},{"type":"Feature","properties":{"Line":"S117","Sp":"3316.5","X":"652975.5","Y":"9216800.3","NAMOBJ":"Tawangrejo","WADMKC":"Turi","WADMKK":"Lamongan"},"geometry":{"type":"Point","coordinates":[112.4,-7.1]}},{"type":"Feature","properties":{"Line":"S117","Sp":"3320.5","X":"653025.5","Y":"9216800.3","NAMOBJ":"Tawangrejo","WADMKC":"Turi","WADMKK":"Lamongan"},"geometry":{"type":"Point","coordinates":[112.4,-7.1]}},{"type":"Feature","properties":{"Line":"S117","Sp":"3324.5","X":"653075.5","Y":"9216800.3","NAMOBJ":"Tawangrejo","WADMKC":"Turi","WADMKK":"Lamongan"},"geometry":{"type":"Point","coordinates":[112.4,-7.1]}},{"type":"Feature","properties":{"Line":"S117","Sp":"3328.5","X":"653125.5","Y":"9216800.3","NAMOBJ":"Tawangrejo","WADMKC":"Turi","WADMKK":"Lamongan"},"geometry":{"type":"Point","coordinates":[112.4,-7.1]}},{"type":"Feature","properties":{"Line":"S117","Sp":"3332.5","X":"653175.5","Y":"9216800.3","NAMOBJ":"Tawangrejo","WADMKC":"Turi","WADMKK":"Lamongan"},"geometry":{"type":"Point","coordinates":[112.4,-7.1]}},{"type":"Feature","properties":{"Line":"S117","Sp":"3336.5","X":"653225.5","Y":"9216800.3","NAMOBJ":"Tawangrejo","WADMKC":"Turi","WADMKK":"Lamongan"},"geometry":{"type":"Point","coordinates":[112.4,-7.1]}},{"type":"Feature","properties":{"Line":"S117","Sp":"3340.5","X":"653275.5","Y":"9216800.3","NAMOBJ":"Tawangrejo","WADMKC":"Turi","WADMKK":"Lamongan"},"geometry":{"type":"Point","coordinates":[112.4,-7.1]}},{"type":"Feature","properties":{"Line":"S117","Sp":"3344.5","X":"653325.5","Y":"9216800.3","NAMOBJ":"Tawangrejo","WADMKC":"Turi","WADMKK":"Lamongan"},"geometry":{"type":"Point","coordinates":[112.4,-7.1]}},{"type":"Feature","properties":{"Line":"S117","Sp":"3348.5","X":"653375.5","Y":"9216800.3","NAMOBJ":"Tawangrejo","WADMKC":"Turi","WADMKK":"Lamongan"},"geometry":{"type":"Point","coordinates":[112.4,-7.1]}},{"type":"Feature","properties":{"Line":"S117","Sp":"3352.5","X":"653425.5","Y":"9216800.3","NAMOBJ":"Tawangrejo","WADMKC":"Turi","WADMKK":"Lamongan"},"geometry":{"type":"Point","coordinates":[112.4,-7.1]}},{"type":"Feature","properties":{"Line":"S117","Sp":"3368.5","X":"653625.5","Y":"9216800.3","NAMOBJ":"Tawangrejo","WADMKC":"Turi","WADMKK":"Lamongan"},"geometry":{"type":"Point","coordinates":[112.4,-7.1]}},{"type":"Feature","properties":{"Line":"S119","Sp":"3408.5","X":"653175.5","Y":"9217800.3","NAMOBJ":"Tawangrejo","WADMKC":"Turi","WADMKK":"Lamongan"},"geometry":{"type":"Point","coordinates":[112.4,-7.1]}},{"type":"Feature","properties":{"Line":"S119","Sp":"3412.5","X":"653225.5","Y":"9217800.3","NAMOBJ":"Tawangrejo","WADMKC":"Turi","WADMKK":"Lamongan"},"geometry":{"type":"Point","coordinates":[112.4,-7.1]}},{"type":"Feature","properties":{"Line":"S119","Sp":"3416.5","X":"653275.5","Y":"9217800.3","NAMOBJ":"Tawangrejo","WADMKC":"Turi","WADMKK":"Lamongan"},"geometry":{"type":"Point","coordinates":[112.4,-7.1]}},{"type":"Feature","properties":{"Line":"S119","Sp":"3420.5","X":"653325.5","Y":"9217800.3","NAMOBJ":"Tawangrejo","WADMKC":"Turi","WADMKK":"Lamongan"},"geometry":{"type":"Point","coordinates":[112.4,-7.1]}},{"type":"Feature","properties":{"Line":"S119","Sp":"3424.5","X":"653375.5","Y":"9217800.3","NAMOBJ":"Tawangrejo","WADMKC":"Turi","WADMKK":"Lamongan"},"geometry":{"type":"Point","coordinates":[112.4,-7.1]}},{"type":"Feature","properties":{"Line":"S119","Sp":"3428.5","X":"653425.5","Y":"9217800.3","NAMOBJ":"Tawangrejo","WADMKC":"Turi","WADMKK":"Lamongan"},"geometry":{"type":"Point","coordinates":[112.4,-7.1]}},{"type":"Feature","properties":{"Line":"S119","Sp":"3432.5","X":"653475.5","Y":"9217800.3","NAMOBJ":"Tawangrejo","WADMKC":"Turi","WADMKK":"Lamongan"},"geometry":{"type":"Point","coordinates":[112.4,-7.1]}},{"type":"Feature","properties":{"Line":"S119","Sp":"3436.5","X":"653525.5","Y":"9217800.3","NAMOBJ":"Tawangrejo","WADMKC":"Turi","WADMKK":"Lamongan"},"geometry":{"type":"Point","coordinates":[112.4,-7.1]}},{"type":"Feature","properties":{"Line":"S119","Sp":"3440.5","X":"653575.5","Y":"9217800.3","NAMOBJ":"Tawangrejo","WADMKC":"Turi","WADMKK":"Lamongan"},"geometry":{"type":"Point","coordinates":[112.4,-7.1]}},{"type":"Feature","properties":{"Line":"S119","Sp":"3444.5","X":"653625.5","Y":"9217800.3","NAMOBJ":"Tawangrejo","WADMKC":"Turi","WADMKK":"Lamongan"},"geometry":{"type":"Point","coordinates":[112.4,-7.1]}},{"type":"Feature","properties":{"Line":"S119","Sp":"3448.5","X":"653675.5","Y":"9217800.3","NAMOBJ":"Tawangrejo","WADMKC":"Turi","WADMKK":"Lamongan"},"geometry":{"type":"Point","coordinates":[112.4,-7.1]}},{"type":"Feature","properties":{"Line":"S119","Sp":"3452.5","X":"653725.5","Y":"9217800.3","NAMOBJ":"Tawangrejo","WADMKC":"Turi","WADMKK":"Lamongan"},"geometry":{"type":"Point","coordinates":[112.4,-7.1]}},{"type":"Feature","properties":{"Line":"S119","Sp":"3456.5","X":"653775.5","Y":"9217800.3","NAMOBJ":"Tawangrejo","WADMKC":"Turi","WADMKK":"Lamongan"},"geometry":{"type":"Point","coordinates":[112.4,-7.1]}},{"type":"Feature","properties":{"Line":"S119","Sp":"3460.5","X":"653825.5","Y":"9217800.3","NAMOBJ":"Tawangrejo","WADMKC":"Turi","WADMKK":"Lamongan"},"geometry":{"type":"Point","coordinates":[112.4,-7.1]}},{"type":"Feature","properties":{"Line":"S111","Sp":"3080.5","X":"649125.5","Y":"9213800.3","NAMOBJ":"Tlogorejo","WADMKC":"Sukodadi","WADMKK":"Lamongan"},"geometry":{"type":"Point","coordinates":[112.4,-7.1]}},{"type":"Feature","properties":{"Line":"S111","Sp":"3084.5","X":"649175.5","Y":"9213800.3","NAMOBJ":"Tlogorejo","WADMKC":"Sukodadi","WADMKK":"Lamongan"},"geometry":{"type":"Point","coordinates":[112.4,-7.1]}},{"type":"Feature","properties":{"Line":"S111","Sp":"3088.5","X":"649225.5","Y":"9213800.3","NAMOBJ":"Tlogorejo","WADMKC":"Sukodadi","WADMKK":"Lamongan"},"geometry":{"type":"Point","coordinates":[112.4,-7.1]}},{"type":"Feature","properties":{"Line":"S111","Sp":"3092.5","X":"649275.5","Y":"9213800.3","NAMOBJ":"Tlogorejo","WADMKC":"Sukodadi","WADMKK":"Lamongan"},"geometry":{"type":"Point","coordinates":[112.4,-7.1]}},{"type":"Feature","properties":{"Line":"S111","Sp":"3096.5","X":"649325.5","Y":"9213800.3","NAMOBJ":"Tlogorejo","WADMKC":"Sukodadi","WADMKK":"Lamongan"},"geometry":{"type":"Point","coordinates":[112.4,-7.1]}},{"type":"Feature","properties":{"Line":"S111","Sp":"3100.5","X":"649375.5","Y":"9213800.3","NAMOBJ":"Tlogorejo","WADMKC":"Sukodadi","WADMKK":"Lamongan"},"geometry":{"type":"Point","coordinates":[112.4,-7.1]}},{"type":"Feature","properties":{"Line":"S111","Sp":"3104.5","X":"649425.5","Y":"9213800.3","NAMOBJ":"Tlogorejo","WADMKC":"Sukodadi","WADMKK":"Lamongan"},"geometry":{"type":"Point","coordinates":[112.4,-7.1]}},{"type":"Feature","properties":{"Line":"S111","Sp":"3108.5","X":"649475.5","Y":"9213800.3","NAMOBJ":"Tlogorejo","WADMKC":"Sukodadi","WADMKK":"Lamongan"},"geometry":{"type":"Point","coordinates":[112.4,-7.1]}},{"type":"Feature","properties":{"Line":"S111","Sp":"3112.5","X":"649525.5","Y":"9213800.3","NAMOBJ":"Tlogorejo","WADMKC":"Sukodadi","WADMKK":"Lamongan"},"geometry":{"type":"Point","coordinates":[112.4,-7.1]}},{"type":"Feature","properties":{"Line":"S111","Sp":"3116.5","X":"649575.5","Y":"9213800.3","NAMOBJ":"Tlogorejo","WADMKC":"Sukodadi","WADMKK":"Lamongan"},"geometry":{"type":"Point","coordinates":[112.4,-7.1]}},{"type":"Feature","properties":{"Line":"S111","Sp":"3120.5","X":"649625.5","Y":"9213800.3","NAMOBJ":"Tlogorejo","WADMKC":"Sukodadi","WADMKK":"Lamongan"},"geometry":{"type":"Point","coordinates":[112.4,-7.1]}},{"type":"Feature","properties":{"Line":"S111","Sp":"3124.5","X":"649675.5","Y":"9213800.3","NAMOBJ":"Tlogorejo","WADMKC":"Sukodadi","WADMKK":"Lamongan"},"geometry":{"type":"Point","coordinates":[112.4,-7.1]}},{"type":"Feature","properties":{"Line":"S111","Sp":"3128.5","X":"649725.5","Y":"9213800.3","NAMOBJ":"Tlogorejo","WADMKC":"Sukodadi","WADMKK":"Lamongan"},"geometry":{"type":"Point","coordinates":[112.4,-7.1]}},{"type":"Feature","properties":{"Line":"S111","Sp":"3132.5","X":"649775.5","Y":"9213800.3","NAMOBJ":"Tlogorejo","WADMKC":"Sukodadi","WADMKK":"Lamongan"},"geometry":{"type":"Point","coordinates":[112.4,-7.1]}},{"type":"Feature","properties":{"Line":"S111","Sp":"3136.5","X":"649825.5","Y":"9213800.3","NAMOBJ":"Tlogorejo","WADMKC":"Sukodadi","WADMKK":"Lamongan"},"geometry":{"type":"Point","coordinates":[112.4,-7.1]}},{"type":"Feature","properties":{"Line":"S111","Sp":"3140.5","X":"649875.5","Y":"9213800.3","NAMOBJ":"Tlogorejo","WADMKC":"Sukodadi","WADMKK":"Lamongan"},"geometry":{"type":"Point","coordinates":[112.4,-7.1]}},{"type":"Feature","properties":{"Line":"S111","Sp":"3144.5","X":"649925.5","Y":"9213800.3","NAMOBJ":"Tlogorejo","WADMKC":"Sukodadi","WADMKK":"Lamongan"},"geometry":{"type":"Point","coordinates":[112.4,-7.1]}},{"type":"Feature","properties":{"Line":"S111","Sp":"3148.5","X":"649975.5","Y":"9213800.3","NAMOBJ":"Tlogorejo","WADMKC":"Sukodadi","WADMKK":"Lamongan"},"geometry":{"type":"Point","coordinates":[112.4,-7.1]}},{"type":"Feature","properties":{"Line":"S111","Sp":"3152.5","X":"650025.5","Y":"9213800.3","NAMOBJ":"Tlogorejo","WADMKC":"Sukodadi","WADMKK":"Lamongan"},"geometry":{"type":"Point","coordinates":[112.4,-7.1]}},{"type":"Feature","properties":{"Line":"S111","Sp":"3156.5","X":"650075.5","Y":"9213800.3","NAMOBJ":"Tlogorejo","WADMKC":"Sukodadi","WADMKK":"Lamongan"},"geometry":{"type":"Point","coordinates":[112.4,-7.1]}},{"type":"Feature","properties":{"Line":"S111","Sp":"3160.5","X":"650125.5","Y":"9213800.3","NAMOBJ":"Tlogorejo","WADMKC":"Sukodadi","WADMKK":"Lamongan"},"geometry":{"type":"Point","coordinates":[112.4,-7.1]}},{"type":"Feature","properties":{"Line":"S111","Sp":"3164.5","X":"650175.5","Y":"9213800.3","NAMOBJ":"Tlogorejo","WADMKC":"Sukodadi","WADMKK":"Lamongan"},"geometry":{"type":"Point","coordinates":[112.4,-7.1]}},{"type":"Feature","properties":{"Line":"S111","Sp":"3168.5","X":"650225.5","Y":"9213800.3","NAMOBJ":"Tlogorejo","WADMKC":"Sukodadi","WADMKK":"Lamongan"},"geometry":{"type":"Point","coordinates":[112.4,-7.1]}},{"type":"Feature","properties":{"Line":"S111","Sp":"3172.5","X":"650275.5","Y":"9213800.3","NAMOBJ":"Tlogorejo","WADMKC":"Sukodadi","WADMKK":"Lamongan"},"geometry":{"type":"Point","coordinates":[112.4,-7.1]}},{"type":"Feature","properties":{"Line":"S140","Sp":"1980.5","X":"649300.5","Y":"9214625.3","NAMOBJ":"Tlogorejo","WADMKC":"Sukodadi","WADMKK":"Lamongan"},"geometry":{"type":"Point","coordinates":[112.4,-7.1]}},{"type":"Feature","properties":{"Line":"S140","Sp":"1984.5","X":"649300.5","Y":"9214575.3","NAMOBJ":"Tlogorejo","WADMKC":"Sukodadi","WADMKK":"Lamongan"},"geometry":{"type":"Point","coordinates":[112.4,-7.1]}},{"type":"Feature","properties":{"Line":"S140","Sp":"1988.5","X":"649300.5","Y":"9214525.3","NAMOBJ":"Tlogorejo","WADMKC":"Sukodadi","WADMKK":"Lamongan"},"geometry":{"type":"Point","coordinates":[112.4,-7.1]}},{"type":"Feature","properties":{"Line":"S140","Sp":"1992.5","X":"649300.5","Y":"9214475.3","NAMOBJ":"Tlogorejo","WADMKC":"Sukodadi","WADMKK":"Lamongan"},"geometry":{"type":"Point","coordinates":[112.4,-7.1]}},{"type":"Feature","properties":{"Line":"S140","Sp":"1996.5","X":"649300.5","Y":"9214425.3","NAMOBJ":"Tlogorejo","WADMKC":"Sukodadi","WADMKK":"Lamongan"},"geometry":{"type":"Point","coordinates":[112.4,-7.1]}},{"type":"Feature","properties":{"Line":"S140","Sp":"2000.5","X":"649300.5","Y":"9214375.3","NAMOBJ":"Tlogorejo","WADMKC":"Sukodadi","WADMKK":"Lamongan"},"geometry":{"type":"Point","coordinates":[112.4,-7.1]}},{"type":"Feature","properties":{"Line":"S140","Sp":"2004.5","X":"649300.5","Y":"9214325.3","NAMOBJ":"Tlogorejo","WADMKC":"Sukodadi","WADMKK":"Lamongan"},"geometry":{"type":"Point","coordinates":[112.4,-7.1]}},{"type":"Feature","properties":{"Line":"S140","Sp":"2008.5","X":"649300.5","Y":"9214275.3","NAMOBJ":"Tlogorejo","WADMKC":"Sukodadi","WADMKK":"Lamongan"},"geometry":{"type":"Point","coordinates":[112.4,-7.1]}},{"type":"Feature","properties":{"Line":"S140","Sp":"2012.5","X":"649300.5","Y":"9214225.3","NAMOBJ":"Tlogorejo","WADMKC":"Sukodadi","WADMKK":"Lamongan"},"geometry":{"type":"Point","coordinates":[112.4,-7.1]}},{"type":"Feature","properties":{"Line":"S140","Sp":"2016.5","X":"649300.5","Y":"9214175.3","NAMOBJ":"Tlogorejo","WADMKC":"Sukodadi","WADMKK":"Lamongan"},"geometry":{"type":"Point","coordinates":[112.4,-7.1]}},{"type":"Feature","properties":{"Line":"S140","Sp":"2020.5","X":"649300.5","Y":"9214125.3","NAMOBJ":"Tlogorejo","WADMKC":"Sukodadi","WADMKK":"Lamongan"},"geometry":{"type":"Point","coordinates":[112.4,-7.1]}},{"type":"Feature","properties":{"Line":"S140","Sp":"2024.5","X":"649300.5","Y":"9214075.3","NAMOBJ":"Tlogorejo","WADMKC":"Sukodadi","WADMKK":"Lamongan"},"geometry":{"type":"Point","coordinates":[112.4,-7.1]}},{"type":"Feature","properties":{"Line":"S140","Sp":"2028.5","X":"649300.5","Y":"9214025.3","NAMOBJ":"Tlogorejo","WADMKC":"Sukodadi","WADMKK":"Lamongan"},"geometry":{"type":"Point","coordinates":[112.4,-7.1]}},{"type":"Feature","properties":{"Line":"S140","Sp":"2032.5","X":"649300.5","Y":"9213975.3","NAMOBJ":"Tlogorejo","WADMKC":"Sukodadi","WADMKK":"Lamongan"},"geometry":{"type":"Point","coordinates":[112.4,-7.1]}},{"type":"Feature","properties":{"Line":"S140","Sp":"2036.5","X":"649300.5","Y":"9213925.3","NAMOBJ":"Tlogorejo","WADMKC":"Sukodadi","WADMKK":"Lamongan"},"geometry":{"type":"Point","coordinates":[112.4,-7.1]}},{"type":"Feature","properties":{"Line":"S140","Sp":"2040.5","X":"649300.5","Y":"9213875.3","NAMOBJ":"Tlogorejo","WADMKC":"Sukodadi","WADMKK":"Lamongan"},"geometry":{"type":"Point","coordinates":[112.4,-7.1]}},{"type":"Feature","properties":{"Line":"S140","Sp":"2044.5","X":"649300.5","Y":"9213825.3","NAMOBJ":"Tlogorejo","WADMKC":"Sukodadi","WADMKK":"Lamongan"},"geometry":{"type":"Point","coordinates":[112.4,-7.1]}},{"type":"Feature","properties":{"Line":"S140","Sp":"2048.5","X":"649300.5","Y":"9213775.3","NAMOBJ":"Tlogorejo","WADMKC":"Sukodadi","WADMKK":"Lamongan"},"geometry":{"type":"Point","coordinates":[112.4,-7.1]}},{"type":"Feature","properties":{"Line":"S140","Sp":"2052.5","X":"649300.5","Y":"9213725.3","NAMOBJ":"Tlogorejo","WADMKC":"Sukodadi","WADMKK":"Lamongan"},"geometry":{"type":"Point","coordinates":[112.4,-7.1]}},{"type":"Feature","properties":{"Line":"S140","Sp":"2056.5","X":"649300.5","Y":"9213675.3","NAMOBJ":"Tlogorejo","WADMKC":"Sukodadi","WADMKK":"Lamongan"},"geometry":{"type":"Point","coordinates":[112.4,-7.1]}},{"type":"Feature","properties":{"Line":"S140","Sp":"2060.5","X":"649300.5","Y":"9213625.3","NAMOBJ":"Tlogorejo","WADMKC":"Sukodadi","WADMKK":"Lamongan"},"geometry":{"type":"Point","coordinates":[112.4,-7.1]}},{"type":"Feature","properties":{"Line":"S140","Sp":"2064.5","X":"649300.5","Y":"9213575.3","NAMOBJ":"Tlogorejo","WADMKC":"Sukodadi","WADMKK":"Lamongan"},"geometry":{"type":"Point","coordinates":[112.4,-7.1]}},{"type":"Feature","properties":{"Line":"S140","Sp":"2068.5","X":"649300.5","Y":"9213525.3","NAMOBJ":"Tlogorejo","WADMKC":"Sukodadi","WADMKK":"Lamongan"},"geometry":{"type":"Point","coordinates":[112.4,-7.1]}},{"type":"Feature","properties":{"Line":"S117","Sp":"3208.5","X":"651625.5","Y":"9216800.3","NAMOBJ":"Turi","WADMKC":"Turi","WADMKK":"Lamongan"},"geometry":{"type":"Point","coordinates":[112.4,-7.1]}},{"type":"Feature","properties":{"Line":"S117","Sp":"3212.5","X":"651675.5","Y":"9216800.3","NAMOBJ":"Turi","WADMKC":"Turi","WADMKK":"Lamongan"},"geometry":{"type":"Point","coordinates":[112.4,-7.1]}},{"type":"Feature","properties":{"Line":"S117","Sp":"3216.5","X":"651725.5","Y":"9216800.3","NAMOBJ":"Turi","WADMKC":"Turi","WADMKK":"Lamongan"},"geometry":{"type":"Point","coordinates":[112.4,-7.1]}},{"type":"Feature","properties":{"Line":"S117","Sp":"3220.5","X":"651775.5","Y":"9216800.3","NAMOBJ":"Turi","WADMKC":"Turi","WADMKK":"Lamongan"},"geometry":{"type":"Point","coordinates":[112.4,-7.1]}},{"type":"Feature","properties":{"Line":"S117","Sp":"3224.5","X":"651825.5","Y":"9216800.3","NAMOBJ":"Turi","WADMKC":"Turi","WADMKK":"Lamongan"},"geometry":{"type":"Point","coordinates":[112.4,-7.1]}},{"type":"Feature","properties":{"Line":"S117","Sp":"3228.5","X":"651875.5","Y":"9216800.3","NAMOBJ":"Turi","WADMKC":"Turi","WADMKK":"Lamongan"},"geometry":{"type":"Point","coordinates":[112.4,-7.1]}},{"type":"Feature","properties":{"Line":"S117","Sp":"3232.5","X":"651925.5","Y":"9216800.3","NAMOBJ":"Turi","WADMKC":"Turi","WADMKK":"Lamongan"},"geometry":{"type":"Point","coordinates":[112.4,-7.1]}},{"type":"Feature","properties":{"Line":"S117","Sp":"3236.5","X":"651975.5","Y":"9216800.3","NAMOBJ":"Turi","WADMKC":"Turi","WADMKK":"Lamongan"},"geometry":{"type":"Point","coordinates":[112.4,-7.1]}},{"type":"Feature","properties":{"Line":"S117","Sp":"3240.5","X":"652025.5","Y":"9216800.3","NAMOBJ":"Turi","WADMKC":"Turi","WADMKK":"Lamongan"},"geometry":{"type":"Point","coordinates":[112.4,-7.1]}},{"type":"Feature","properties":{"Line":"S117","Sp":"3244.5","X":"652075.5","Y":"9216800.3","NAMOBJ":"Turi","WADMKC":"Turi","WADMKK":"Lamongan"},"geometry":{"type":"Point","coordinates":[112.4,-7.1]}},{"type":"Feature","properties":{"Line":"S117","Sp":"3248.5","X":"652125.5","Y":"9216800.3","NAMOBJ":"Turi","WADMKC":"Turi","WADMKK":"Lamongan"},"geometry":{"type":"Point","coordinates":[112.4,-7.1]}},{"type":"Feature","properties":{"Line":"S117","Sp":"3252.5","X":"652175.5","Y":"9216800.3","NAMOBJ":"Turi","WADMKC":"Turi","WADMKK":"Lamongan"},"geometry":{"type":"Point","coordinates":[112.4,-7.1]}},{"type":"Feature","properties":{"Line":"S117","Sp":"3256.5","X":"652225.5","Y":"9216800.3","NAMOBJ":"Turi","WADMKC":"Turi","WADMKK":"Lamongan"},"geometry":{"type":"Point","coordinates":[112.4,-7.1]}},{"type":"Feature","properties":{"Line":"S117","Sp":"3260.5","X":"652275.5","Y":"9216800.3","NAMOBJ":"Turi","WADMKC":"Turi","WADMKK":"Lamongan"},"geometry":{"type":"Point","coordinates":[112.4,-7.1]}},{"type":"Feature","properties":{"Line":"S117","Sp":"3264.5","X":"652325.5","Y":"9216800.3","NAMOBJ":"Turi","WADMKC":"Turi","WADMKK":"Lamongan"},"geometry":{"type":"Point","coordinates":[112.4,-7.1]}},{"type":"Feature","properties":{"Line":"S117","Sp":"3268.5","X":"652375.5","Y":"9216800.3","NAMOBJ":"Turi","WADMKC":"Turi","WADMKK":"Lamongan"},"geometry":{"type":"Point","coordinates":[112.4,-7.1]}},{"type":"Feature","properties":{"Line":"S117","Sp":"3272.5","X":"652425.5","Y":"9216800.3","NAMOBJ":"Turi","WADMKC":"Turi","WADMKK":"Lamongan"},"geometry":{"type":"Point","coordinates":[112.4,-7.1]}},{"type":"Feature","properties":{"Line":"S117","Sp":"3276.5","X":"652475.5","Y":"9216800.3","NAMOBJ":"Turi","WADMKC":"Turi","WADMKK":"Lamongan"},"geometry":{"type":"Point","coordinates":[112.4,-7.1]}},{"type":"Feature","properties":{"Line":"S119","Sp":"3336.5","X":"652275.5","Y":"9217800.3","NAMOBJ":"Turi","WADMKC":"Turi","WADMKK":"Lamongan"},"geometry":{"type":"Point","coordinates":[112.4,-7.1]}},{"type":"Feature","properties":{"Line":"S119","Sp":"3340.5","X":"652325.5","Y":"9217800.3","NAMOBJ":"Turi","WADMKC":"Turi","WADMKK":"Lamongan"},"geometry":{"type":"Point","coordinates":[112.4,-7.1]}},{"type":"Feature","properties":{"Line":"S119","Sp":"3344.5","X":"652375.5","Y":"9217800.3","NAMOBJ":"Turi","WADMKC":"Turi","WADMKK":"Lamongan"},"geometry":{"type":"Point","coordinates":[112.4,-7.1]}},{"type":"Feature","properties":{"Line":"S119","Sp":"3348.5","X":"652425.5","Y":"9217800.3","NAMOBJ":"Turi","WADMKC":"Turi","WADMKK":"Lamongan"},"geometry":{"type":"Point","coordinates":[112.4,-7.1]}},{"type":"Feature","properties":{"Line":"S119","Sp":"3352.5","X":"652475.5","Y":"9217800.3","NAMOBJ":"Turi","WADMKC":"Turi","WADMKK":"Lamongan"},"geometry":{"type":"Point","coordinates":[112.4,-7.1]}},{"type":"Feature","properties":{"Line":"S119","Sp":"3356.5","X":"652525.5","Y":"9217800.3","NAMOBJ":"Turi","WADMKC":"Turi","WADMKK":"Lamongan"},"geometry":{"type":"Point","coordinates":[112.4,-7.1]}},{"type":"Feature","properties":{"Line":"S119","Sp":"3360.5","X":"652575.5","Y":"9217800.3","NAMOBJ":"Turi","WADMKC":"Turi","WADMKK":"Lamongan"},"geometry":{"type":"Point","coordinates":[112.4,-7.1]}},{"type":"Feature","properties":{"Line":"S119","Sp":"3364.5","X":"652625.5","Y":"9217800.3","NAMOBJ":"Turi","WADMKC":"Turi","WADMKK":"Lamongan"},"geometry":{"type":"Point","coordinates":[112.4,-7.1]}},{"type":"Feature","properties":{"Line":"S119","Sp":"3368.5","X":"652675.5","Y":"9217800.3","NAMOBJ":"Turi","WADMKC":"Turi","WADMKK":"Lamongan"},"geometry":{"type":"Point","coordinates":[112.4,-7.1]}},{"type":"Feature","properties":{"Line":"S119","Sp":"3372.5","X":"652725.5","Y":"9217800.3","NAMOBJ":"Turi","WADMKC":"Turi","WADMKK":"Lamongan"},"geometry":{"type":"Point","coordinates":[112.4,-7.1]}},{"type":"Feature","properties":{"Line":"S119","Sp":"3376.5","X":"652775.5","Y":"9217800.3","NAMOBJ":"Turi","WADMKC":"Turi","WADMKK":"Lamongan"},"geometry":{"type":"Point","coordinates":[112.4,-7.1]}},{"type":"Feature","properties":{"Line":"S119","Sp":"3380.5","X":"652825.5","Y":"9217800.3","NAMOBJ":"Turi","WADMKC":"Turi","WADMKK":"Lamongan"},"geometry":{"type":"Point","coordinates":[112.4,-7.1]}},{"type":"Feature","properties":{"Line":"S119","Sp":"3384.5","X":"652875.5","Y":"9217800.3","NAMOBJ":"Turi","WADMKC":"Turi","WADMKK":"Lamongan"},"geometry":{"type":"Point","coordinates":[112.4,-7.1]}},{"type":"Feature","properties":{"Line":"S119","Sp":"3388.5","X":"652925.5","Y":"9217800.3","NAMOBJ":"Turi","WADMKC":"Turi","WADMKK":"Lamongan"},"geometry":{"type":"Point","coordinates":[112.4,-7.1]}},{"type":"Feature","properties":{"Line":"S119","Sp":"3392.5","X":"652975.5","Y":"9217800.3","NAMOBJ":"Turi","WADMKC":"Turi","WADMKK":"Lamongan"},"geometry":{"type":"Point","coordinates":[112.4,-7.1]}},{"type":"Feature","properties":{"Line":"S119","Sp":"3396.5","X":"653025.5","Y":"9217800.3","NAMOBJ":"Turi","WADMKC":"Turi","WADMKK":"Lamongan"},"geometry":{"type":"Point","coordinates":[112.4,-7.1]}},{"type":"Feature","properties":{"Line":"S119","Sp":"3400.5","X":"653075.5","Y":"9217800.3","NAMOBJ":"Turi","WADMKC":"Turi","WADMKK":"Lamongan"},"geometry":{"type":"Point","coordinates":[112.4,-7.1]}},{"type":"Feature","properties":{"Line":"S119","Sp":"3404.5","X":"653125.5","Y":"9217800.3","NAMOBJ":"Turi","WADMKC":"Turi","WADMKK":"Lamongan"},"geometry":{"type":"Point","coordinates":[112.4,-7.1]}},{"type":"Feature","properties":{"Line":"S115","Sp":"3000.5","X":"649575.5","Y":"9215800.3","NAMOBJ":"Wangunrejo","WADMKC":"Turi","WADMKK":"Lamongan"},"geometry":{"type":"Point","coordinates":[112.4,-7.1]}},{"type":"Feature","properties":{"Line":"S115","Sp":"3004.5","X":"649625.5","Y":"9215800.3","NAMOBJ":"Wangunrejo","WADMKC":"Turi","WADMKK":"Lamongan"},"geometry":{"type":"Point","coordinates":[112.4,-7.1]}},{"type":"Feature","properties":{"Line":"S115","Sp":"3008.5","X":"649675.5","Y":"9215800.3","NAMOBJ":"Wangunrejo","WADMKC":"Turi","WADMKK":"Lamongan"},"geometry":{"type":"Point","coordinates":[112.4,-7.1]}},{"type":"Feature","properties":{"Line":"S115","Sp":"3012.5","X":"649725.5","Y":"9215800.3","NAMOBJ":"Wangunrejo","WADMKC":"Turi","WADMKK":"Lamongan"},"geometry":{"type":"Point","coordinates":[112.4,-7.1]}},{"type":"Feature","properties":{"Line":"S115","Sp":"3016.5","X":"649775.5","Y":"9215800.3","NAMOBJ":"Wangunrejo","WADMKC":"Turi","WADMKK":"Lamongan"},"geometry":{"type":"Point","coordinates":[112.4,-7.1]}},{"type":"Feature","properties":{"Line":"S117","Sp":"3052.5","X":"649675.5","Y":"9216800.3","NAMOBJ":"Wangunrejo","WADMKC":"Turi","WADMKK":"Lamongan"},"geometry":{"type":"Point","coordinates":[112.4,-7.1]}},{"type":"Feature","properties":{"Line":"S117","Sp":"3056.5","X":"649725.5","Y":"9216800.3","NAMOBJ":"Wangunrejo","WADMKC":"Turi","WADMKK":"Lamongan"},"geometry":{"type":"Point","coordinates":[112.4,-7.1]}},{"type":"Feature","properties":{"Line":"S117","Sp":"3060.5","X":"649775.5","Y":"9216800.3","NAMOBJ":"Wangunrejo","WADMKC":"Turi","WADMKK":"Lamongan"},"geometry":{"type":"Point","coordinates":[112.4,-7.1]}},{"type":"Feature","properties":{"Line":"S117","Sp":"3064.5","X":"649825.5","Y":"9216800.3","NAMOBJ":"Wangunrejo","WADMKC":"Turi","WADMKK":"Lamongan"},"geometry":{"type":"Point","coordinates":[112.4,-7.1]}},{"type":"Feature","properties":{"Line":"S117","Sp":"3068.5","X":"649875.5","Y":"9216800.3","NAMOBJ":"Wangunrejo","WADMKC":"Turi","WADMKK":"Lamongan"},"geometry":{"type":"Point","coordinates":[112.4,-7.1]}},{"type":"Feature","properties":{"Line":"S117","Sp":"3072.5","X":"649925.5","Y":"9216800.3","NAMOBJ":"Wangunrejo","WADMKC":"Turi","WADMKK":"Lamongan"},"geometry":{"type":"Point","coordinates":[112.4,-7.1]}},{"type":"Feature","properties":{"Line":"S117","Sp":"3076.5","X":"649975.5","Y":"9216800.3","NAMOBJ":"Wangunrejo","WADMKC":"Turi","WADMKK":"Lamongan"},"geometry":{"type":"Point","coordinates":[112.4,-7.1]}},{"type":"Feature","properties":{"Line":"S117","Sp":"3080.5","X":"650025.5","Y":"9216800.3","NAMOBJ":"Wangunrejo","WADMKC":"Turi","WADMKK":"Lamongan"},"geometry":{"type":"Point","coordinates":[112.4,-7.1]}},{"type":"Feature","properties":{"Line":"S117","Sp":"3084.5","X":"650075.5","Y":"9216800.3","NAMOBJ":"Wangunrejo","WADMKC":"Turi","WADMKK":"Lamongan"},"geometry":{"type":"Point","coordinates":[112.4,-7.1]}},{"type":"Feature","properties":{"Line":"S117","Sp":"3088.5","X":"650125.5","Y":"9216800.3","NAMOBJ":"Wangunrejo","WADMKC":"Turi","WADMKK":"Lamongan"},"geometry":{"type":"Point","coordinates":[112.4,-7.1]}},{"type":"Feature","properties":{"Line":"S117","Sp":"3092.5","X":"650175.5","Y":"9216800.3","NAMOBJ":"Wangunrejo","WADMKC":"Turi","WADMKK":"Lamongan"},"geometry":{"type":"Point","coordinates":[112.4,-7.1]}},{"type":"Feature","properties":{"Line":"S117","Sp":"3096.5","X":"650225.5","Y":"9216800.3","NAMOBJ":"Wangunrejo","WADMKC":"Turi","WADMKK":"Lamongan"},"geometry":{"type":"Point","coordinates":[112.4,-7.1]}},{"type":"Feature","properties":{"Line":"S117","Sp":"3100.5","X":"650275.5","Y":"9216800.3","NAMOBJ":"Wangunrejo","WADMKC":"Turi","WADMKK":"Lamongan"},"geometry":{"type":"Point","coordinates":[112.4,-7.1]}},{"type":"Feature","properties":{"Line":"S117","Sp":"3104.5","X":"650325.5","Y":"9216800.3","NAMOBJ":"Wangunrejo","WADMKC":"Turi","WADMKK":"Lamongan"},"geometry":{"type":"Point","coordinates":[112.4,-7.1]}},{"type":"Feature","properties":{"Line":"S117","Sp":"3108.5","X":"650375.5","Y":"9216800.3","NAMOBJ":"Wangunrejo","WADMKC":"Turi","WADMKK":"Lamongan"},"geometry":{"type":"Point","coordinates":[112.4,-7.1]}},{"type":"Feature","properties":{"Line":"S117","Sp":"3112.5","X":"650425.5","Y":"9216800.3","NAMOBJ":"Wangunrejo","WADMKC":"Turi","WADMKK":"Lamongan"},"geometry":{"type":"Point","coordinates":[112.4,-7.1]}},{"type":"Feature","properties":{"Line":"S117","Sp":"3116.5","X":"650475.5","Y":"9216800.3","NAMOBJ":"Wangunrejo","WADMKC":"Turi","WADMKK":"Lamongan"},"geometry":{"type":"Point","coordinates":[112.4,-7.1]}},{"type":"Feature","properties":{"Line":"S117","Sp":"3120.5","X":"650525.5","Y":"9216800.3","NAMOBJ":"Wangunrejo","WADMKC":"Turi","WADMKK":"Lamongan"},"geometry":{"type":"Point","coordinates":[112.4,-7.1]}},{"type":"Feature","properties":{"Line":"S117","Sp":"3124.5","X":"650575.5","Y":"9216800.3","NAMOBJ":"Wangunrejo","WADMKC":"Turi","WADMKK":"Lamongan"},"geometry":{"type":"Point","coordinates":[112.4,-7.1]}},{"type":"Feature","properties":{"Line":"S117","Sp":"3128.5","X":"650625.5","Y":"9216800.3","NAMOBJ":"Wangunrejo","WADMKC":"Turi","WADMKK":"Lamongan"},"geometry":{"type":"Point","coordinates":[112.4,-7.1]}},{"type":"Feature","properties":{"Line":"S117","Sp":"3132.5","X":"650675.5","Y":"9216800.3","NAMOBJ":"Wangunrejo","WADMKC":"Turi","WADMKK":"Lamongan"},"geometry":{"type":"Point","coordinates":[112.4,-7.1]}},{"type":"Feature","properties":{"Line":"S117","Sp":"3136.5","X":"650725.5","Y":"9216800.3","NAMOBJ":"Wangunrejo","WADMKC":"Turi","WADMKK":"Lamongan"},"geometry":{"type":"Point","coordinates":[112.4,-7.1]}},{"type":"Feature","properties":{"Line":"S117","Sp":"3140.5","X":"650775.5","Y":"9216800.3","NAMOBJ":"Wangunrejo","WADMKC":"Turi","WADMKK":"Lamongan"},"geometry":{"type":"Point","coordinates":[112.4,-7.1]}},{"type":"Feature","properties":{"Line":"S117","Sp":"3144.5","X":"650825.5","Y":"9216800.3","NAMOBJ":"Wangunrejo","WADMKC":"Turi","WADMKK":"Lamongan"},"geometry":{"type":"Point","coordinates":[112.4,-7.1]}},{"type":"Feature","properties":{"Line":"S140","Sp":"1852.5","X":"649300.5","Y":"9216225.3","NAMOBJ":"Wangunrejo","WADMKC":"Turi","WADMKK":"Lamongan"},"geometry":{"type":"Point","coordinates":[112.4,-7.1]}},{"type":"Feature","properties":{"Line":"S140","Sp":"1856.5","X":"649300.5","Y":"9216175.3","NAMOBJ":"Wangunrejo","WADMKC":"Turi","WADMKK":"Lamongan"},"geometry":{"type":"Point","coordinates":[112.4,-7.1]}},{"type":"Feature","properties":{"Line":"S140","Sp":"1860.5","X":"649300.5","Y":"9216125.3","NAMOBJ":"Wangunrejo","WADMKC":"Turi","WADMKK":"Lamongan"},"geometry":{"type":"Point","coordinates":[112.4,-7.1]}},{"type":"Feature","properties":{"Line":"S140","Sp":"1864.5","X":"649300.5","Y":"9216075.3","NAMOBJ":"Wangunrejo","WADMKC":"Turi","WADMKK":"Lamongan"},"geometry":{"type":"Point","coordinates":[112.4,-7.1]}},{"type":"Feature","properties":{"Line":"S140","Sp":"1868.5","X":"649300.5","Y":"9216025.3","NAMOBJ":"Wangunrejo","WADMKC":"Turi","WADMKK":"Lamongan"},"geometry":{"type":"Point","coordinates":[112.4,-7.1]}},{"type":"Feature","properties":{"Line":"S140","Sp":"1872.5","X":"649300.5","Y":"9215975.3","NAMOBJ":"Wangunrejo","WADMKC":"Turi","WADMKK":"Lamongan"},"geometry":{"type":"Point","coordinates":[112.4,-7.1]}},{"type":"Feature","properties":{"Line":"S140","Sp":"1876.5","X":"649300.5","Y":"9215925.3","NAMOBJ":"Wangunrejo","WADMKC":"Turi","WADMKK":"Lamongan"},"geometry":{"type":"Point","coordinates":[112.4,-7.1]}},{"type":"Feature","properties":{"Line":"S140","Sp":"1880.5","X":"649300.5","Y":"9215875.3","NAMOBJ":"Wangunrejo","WADMKC":"Turi","WADMKK":"Lamongan"},"geometry":{"type":"Point","coordinates":[112.4,-7.1]}},{"type":"Feature","properties":{"Line":"S142","Sp":"1672.5","X":"650300.5","Y":"9217425.3","NAMOBJ":"Wangunrejo","WADMKC":"Turi","WADMKK":"Lamongan"},"geometry":{"type":"Point","coordinates":[112.4,-7.1]}},{"type":"Feature","properties":{"Line":"S142","Sp":"1676.5","X":"650300.5","Y":"9217375.3","NAMOBJ":"Wangunrejo","WADMKC":"Turi","WADMKK":"Lamongan"},"geometry":{"type":"Point","coordinates":[112.4,-7.1]}},{"type":"Feature","properties":{"Line":"S142","Sp":"1680.5","X":"650300.5","Y":"9217325.3","NAMOBJ":"Wangunrejo","WADMKC":"Turi","WADMKK":"Lamongan"},"geometry":{"type":"Point","coordinates":[112.4,-7.1]}},{"type":"Feature","properties":{"Line":"S142","Sp":"1684.5","X":"650300.5","Y":"9217275.3","NAMOBJ":"Wangunrejo","WADMKC":"Turi","WADMKK":"Lamongan"},"geometry":{"type":"Point","coordinates":[112.4,-7.1]}},{"type":"Feature","properties":{"Line":"S142","Sp":"1688.5","X":"650300.5","Y":"9217225.3","NAMOBJ":"Wangunrejo","WADMKC":"Turi","WADMKK":"Lamongan"},"geometry":{"type":"Point","coordinates":[112.4,-7.1]}},{"type":"Feature","properties":{"Line":"S142","Sp":"1692.5","X":"650300.5","Y":"9217175.3","NAMOBJ":"Wangunrejo","WADMKC":"Turi","WADMKK":"Lamongan"},"geometry":{"type":"Point","coordinates":[112.4,-7.1]}},{"type":"Feature","properties":{"Line":"S142","Sp":"1696.5","X":"650300.5","Y":"9217125.3","NAMOBJ":"Wangunrejo","WADMKC":"Turi","WADMKK":"Lamongan"},"geometry":{"type":"Point","coordinates":[112.4,-7.1]}},{"type":"Feature","properties":{"Line":"S142","Sp":"1700.5","X":"650300.5","Y":"9217075.3","NAMOBJ":"Wangunrejo","WADMKC":"Turi","WADMKK":"Lamongan"},"geometry":{"type":"Point","coordinates":[112.4,-7.1]}},{"type":"Feature","properties":{"Line":"S142","Sp":"1704.5","X":"650300.5","Y":"9217025.3","NAMOBJ":"Wangunrejo","WADMKC":"Turi","WADMKK":"Lamongan"},"geometry":{"type":"Point","coordinates":[112.4,-7.1]}},{"type":"Feature","properties":{"Line":"S142","Sp":"1708.5","X":"650300.5","Y":"9216975.3","NAMOBJ":"Wangunrejo","WADMKC":"Turi","WADMKK":"Lamongan"},"geometry":{"type":"Point","coordinates":[112.4,-7.1]}},{"type":"Feature","properties":{"Line":"S142","Sp":"1712.5","X":"650300.5","Y":"9216925.3","NAMOBJ":"Wangunrejo","WADMKC":"Turi","WADMKK":"Lamongan"},"geometry":{"type":"Point","coordinates":[112.4,-7.1]}},{"type":"Feature","properties":{"Line":"S142","Sp":"1716.5","X":"650300.5","Y":"9216875.3","NAMOBJ":"Wangunrejo","WADMKC":"Turi","WADMKK":"Lamongan"},"geometry":{"type":"Point","coordinates":[112.4,-7.1]}},{"type":"Feature","properties":{"Line":"S142","Sp":"1720.5","X":"650300.5","Y":"9216825.3","NAMOBJ":"Wangunrejo","WADMKC":"Turi","WADMKK":"Lamongan"},"geometry":{"type":"Point","coordinates":[112.4,-7.1]}},{"type":"Feature","properties":{"Line":"S142","Sp":"1724.5","X":"650300.5","Y":"9216775.3","NAMOBJ":"Wangunrejo","WADMKC":"Turi","WADMKK":"Lamongan"},"geometry":{"type":"Point","coordinates":[112.4,-7.1]}},{"type":"Feature","properties":{"Line":"S142","Sp":"1728.5","X":"650300.5","Y":"9216725.3","NAMOBJ":"Wangunrejo","WADMKC":"Turi","WADMKK":"Lamongan"},"geometry":{"type":"Point","coordinates":[112.4,-7.1]}},{"type":"Feature","properties":{"Line":"S142","Sp":"1732.5","X":"650300.5","Y":"9216675.3","NAMOBJ":"Wangunrejo","WADMKC":"Turi","WADMKK":"Lamongan"},"geometry":{"type":"Point","coordinates":[112.4,-7.1]}},{"type":"Feature","properties":{"Line":"S142","Sp":"1736.5","X":"650300.5","Y":"9216625.3","NAMOBJ":"Wangunrejo","WADMKC":"Turi","WADMKK":"Lamongan"},"geometry":{"type":"Point","coordinates":[112.4,-7.1]}},{"type":"Feature","properties":{"Line":"S142","Sp":"1740.5","X":"650300.5","Y":"9216575.3","NAMOBJ":"Wangunrejo","WADMKC":"Turi","WADMKK":"Lamongan"},"geometry":{"type":"Point","coordinates":[112.4,-7.1]}},{"type":"Feature","properties":{"Line":"S142","Sp":"1744.5","X":"650300.5","Y":"9216525.3","NAMOBJ":"Wangunrejo","WADMKC":"Turi","WADMKK":"Lamongan"},"geometry":{"type":"Point","coordinates":[112.4,-7.1]}},{"type":"Feature","properties":{"Line":"S142","Sp":"1748.5","X":"650300.5","Y":"9216475.3","NAMOBJ":"Wangunrejo","WADMKC":"Turi","WADMKK":"Lamongan"},"geometry":{"type":"Point","coordinates":[112.4,-7.1]}},{"type":"Feature","properties":{"Line":"S142","Sp":"1752.5","X":"650300.5","Y":"9216425.3","NAMOBJ":"Wangunrejo","WADMKC":"Turi","WADMKK":"Lamongan"},"geometry":{"type":"Point","coordinates":[112.4,-7.1]}},{"type":"Feature","properties":{"Line":"S142","Sp":"1756.5","X":"650300.5","Y":"9216375.3","NAMOBJ":"Wangunrejo","WADMKC":"Turi","WADMKK":"Lamongan"},"geometry":{"type":"Point","coordinates":[112.4,-7.1]}},{"type":"Feature","properties":{"Line":"S142","Sp":"1760.5","X":"650300.5","Y":"9216325.3","NAMOBJ":"Wangunrejo","WADMKC":"Turi","WADMKK":"Lamongan"},"geometry":{"type":"Point","coordinates":[112.4,-7.1]}},{"type":"Feature","properties":{"Line":"S142","Sp":"1764.5","X":"650300.5","Y":"9216275.3","NAMOBJ":"Wangunrejo","WADMKC":"Turi","WADMKK":"Lamongan"},"geometry":{"type":"Point","coordinates":[112.4,-7.1]}}]}