{"type":"FeatureCollection","features":[{"type":"Feature","properties":{"Line":"S117","Sp":"2640.5","X":"644525.5","Y":"9216800.3","NAMOBJ":"Babatkumpul","WADMKC":"Pucuk","WADMKK":"Lamongan"},"geometry":{"type":"Point","coordinates":[112.3,-7.1]}},{"type":"Feature","properties":{"Line":"S117","Sp":"2644.5","X":"644575.5","Y":"9216800.3","NAMOBJ":"Babatkumpul","WADMKC":"Pucuk","WADMKK":"Lamongan"},"geometry":{"type":"Point","coordinates":[112.3,-7.1]}},{"type":"Feature","properties":{"Line":"S117","Sp":"2648.5","X":"644625.5","Y":"9216800.3","NAMOBJ":"Babatkumpul","WADMKC":"Pucuk","WADMKK":"Lamongan"},"geometry":{"type":"Point","coordinates":[112.3,-7.1]}},{"type":"Feature","properties":{"Line":"S117","Sp":"2652.5","X":"644675.5","Y":"9216800.3","NAMOBJ":"Babatkumpul","WADMKC":"Pucuk","WADMKK":"Lamongan"},"geometry":{"type":"Point","coordinates":[112.3,-7.1]}},{"type":"Feature","properties":{"Line":"S117","Sp":"2656.5","X":"644725.5","Y":"9216800.3","NAMOBJ":"Babatkumpul","WADMKC":"Pucuk","WADMKK":"Lamongan"},"geometry":{"type":"Point","coordinates":[112.3,-7.1]}},{"type":"Feature","properties":{"Line":"S117","Sp":"2660.5","X":"644775.5","Y":"9216800.3","NAMOBJ":"Babatkumpul","WADMKC":"Pucuk","WADMKK":"Lamongan"},"geometry":{"type":"Point","coordinates":[112.3,-7.1]}},{"type":"Feature","properties":{"Line":"S117","Sp":"2664.5","X":"644825.5","Y":"9216800.3","NAMOBJ":"Babatkumpul","WADMKC":"Pucuk","WADMKK":"Lamongan"},"geometry":{"type":"Point","coordinates":[112.3,-7.1]}},{"type":"Feature","properties":{"Line":"S117","Sp":"2668.5","X":"644875.5","Y":"9216800.3","NAMOBJ":"Babatkumpul","WADMKC":"Pucuk","WADMKK":"Lamongan"},"geometry":{"type":"Point","coordinates":[112.3,-7.1]}},{"type":"Feature","properties":{"Line":"S117","Sp":"2672.5","X":"644925.5","Y":"9216800.3","NAMOBJ":"Babatkumpul","WADMKC":"Pucuk","WADMKK":"Lamongan"},"geometry":{"type":"Point","coordinates":[112.3,-7.1]}},{"type":"Feature","properties":{"Line":"S117","Sp":"2676.5","X":"644975.5","Y":"9216800.3","NAMOBJ":"Babatkumpul","WADMKC":"Pucuk","WADMKK":"Lamongan"},"geometry":{"type":"Point","coordinates":[112.3,-7.1]}},{"type":"Feature","properties":{"Line":"S117","Sp":"2680.5","X":"645025.5","Y":"9216800.3","NAMOBJ":"Babatkumpul","WADMKC":"Pucuk","WADMKK":"Lamongan"},"geometry":{"type":"Point","coordinates":[112.3,-7.1]}},{"type":"Feature","properties":{"Line":"S119","Sp":"2656.5","X":"643775.5","Y":"9217800.3","NAMOBJ":"Babatkumpul","WADMKC":"Pucuk","WADMKK":"Lamongan"},"geometry":{"type":"Point","coordinates":[112.3,-7.1]}},{"type":"Feature","properties":{"Line":"S119","Sp":"2660.5","X":"643825.5","Y":"9217800.3","NAMOBJ":"Babatkumpul","WADMKC":"Pucuk","WADMKK":"Lamongan"},"geometry":{"type":"Point","coordinates":[112.3,-7.1]}},{"type":"Feature","properties":{"Line":"S119","Sp":"2664.5","X":"643875.5","Y":"9217800.3","NAMOBJ":"Babatkumpul","WADMKC":"Pucuk","WADMKK":"Lamongan"},"geometry":{"type":"Point","coordinates":[112.3,-7.1]}},{"type":"Feature","properties":{"Line":"S119","Sp":"2668.5","X":"643925.5","Y":"9217800.3","NAMOBJ":"Babatkumpul","WADMKC":"Pucuk","WADMKK":"Lamongan"},"geometry":{"type":"Point","coordinates":[112.3,-7.1]}},{"type":"Feature","properties":{"Line":"S119","Sp":"2672.5","X":"643975.5","Y":"9217800.3","NAMOBJ":"Babatkumpul","WADMKC":"Pucuk","WADMKK":"Lamongan"},"geometry":{"type":"Point","coordinates":[112.3,-7.1]}},{"type":"Feature","properties":{"Line":"S119","Sp":"2676.5","X":"644025.5","Y":"9217800.3","NAMOBJ":"Babatkumpul","WADMKC":"Pucuk","WADMKK":"Lamongan"},"geometry":{"type":"Point","coordinates":[112.3,-7.1]}},{"type":"Feature","properties":{"Line":"S119","Sp":"2680.5","X":"644075.5","Y":"9217800.3","NAMOBJ":"Babatkumpul","WADMKC":"Pucuk","WADMKK":"Lamongan"},"geometry":{"type":"Point","coordinates":[112.3,-7.1]}},{"type":"Feature","properties":{"Line":"S119","Sp":"2684.5","X":"644125.5","Y":"9217800.3","NAMOBJ":"Babatkumpul","WADMKC":"Pucuk","WADMKK":"Lamongan"},"geometry":{"type":"Point","coordinates":[112.3,-7.1]}},{"type":"Feature","properties":{"Line":"S119","Sp":"2688.5","X":"644175.5","Y":"9217800.3","NAMOBJ":"Babatkumpul","WADMKC":"Pucuk","WADMKK":"Lamongan"},"geometry":{"type":"Point","coordinates":[112.3,-7.1]}},{"type":"Feature","properties":{"Line":"S119","Sp":"2692.5","X":"644225.5","Y":"9217800.3","NAMOBJ":"Babatkumpul","WADMKC":"Pucuk","WADMKK":"Lamongan"},"geometry":{"type":"Point","coordinates":[112.3,-7.1]}},{"type":"Feature","properties":{"Line":"S119","Sp":"2696.5","X":"644275.5","Y":"9217800.3","NAMOBJ":"Babatkumpul","WADMKC":"Pucuk","WADMKK":"Lamongan"},"geometry":{"type":"Point","coordinates":[112.3,-7.1]}},{"type":"Feature","properties":{"Line":"S119","Sp":"2700.5","X":"644325.5","Y":"9217800.3","NAMOBJ":"Babatkumpul","WADMKC":"Pucuk","WADMKK":"Lamongan"},"geometry":{"type":"Point","coordinates":[112.3,-7.1]}},{"type":"Feature","properties":{"Line":"S119","Sp":"2704.5","X":"644375.5","Y":"9217800.3","NAMOBJ":"Babatkumpul","WADMKC":"Pucuk","WADMKK":"Lamongan"},"geometry":{"type":"Point","coordinates":[112.3,-7.1]}},{"type":"Feature","properties":{"Line":"S119","Sp":"2708.5","X":"644425.5","Y":"9217800.3","NAMOBJ":"Babatkumpul","WADMKC":"Pucuk","WADMKK":"Lamongan"},"geometry":{"type":"Point","coordinates":[112.3,-7.1]}},{"type":"Feature","properties":{"Line":"S119","Sp":"2712.5","X":"644475.5","Y":"9217800.3","NAMOBJ":"Babatkumpul","WADMKC":"Pucuk","WADMKK":"Lamongan"},"geometry":{"type":"Point","coordinates":[112.3,-7.1]}},{"type":"Feature","properties":{"Line":"S119","Sp":"2716.5","X":"644525.5","Y":"9217800.3","NAMOBJ":"Babatkumpul","WADMKC":"Pucuk","WADMKK":"Lamongan"},"geometry":{"type":"Point","coordinates":[112.3,-7.1]}},{"type":"Feature","properties":{"Line":"S119","Sp":"2720.5","X":"644575.5","Y":"9217800.3","NAMOBJ":"Babatkumpul","WADMKC":"Pucuk","WADMKK":"Lamongan"},"geometry":{"type":"Point","coordinates":[112.3,-7.1]}},{"type":"Feature","properties":{"Line":"S119","Sp":"2724.5","X":"644625.5","Y":"9217800.3","NAMOBJ":"Babatkumpul","WADMKC":"Pucuk","WADMKK":"Lamongan"},"geometry":{"type":"Point","coordinates":[112.3,-7.1]}},{"type":"Feature","properties":{"Line":"S119","Sp":"2728.5","X":"644675.5","Y":"9217800.3","NAMOBJ":"Babatkumpul","WADMKC":"Pucuk","WADMKK":"Lamongan"},"geometry":{"type":"Point","coordinates":[112.3,-7.1]}},{"type":"Feature","properties":{"Line":"S119","Sp":"2732.5","X":"644725.5","Y":"9217800.3","NAMOBJ":"Babatkumpul","WADMKC":"Pucuk","WADMKK":"Lamongan"},"geometry":{"type":"Point","coordinates":[112.3,-7.1]}},{"type":"Feature","properties":{"Line":"S119","Sp":"2736.5","X":"644775.5","Y":"9217800.3","NAMOBJ":"Babatkumpul","WADMKC":"Pucuk","WADMKK":"Lamongan"},"geometry":{"type":"Point","coordinates":[112.3,-7.1]}},{"type":"Feature","properties":{"Line":"S119","Sp":"2740.5","X":"644825.5","Y":"9217800.3","NAMOBJ":"Babatkumpul","WADMKC":"Pucuk","WADMKK":"Lamongan"},"geometry":{"type":"Point","coordinates":[112.3,-7.1]}},{"type":"Feature","properties":{"Line":"S119","Sp":"2744.5","X":"644875.5","Y":"9217800.3","NAMOBJ":"Babatkumpul","WADMKC":"Pucuk","WADMKK":"Lamongan"},"geometry":{"type":"Point","coordinates":[112.3,-7.1]}},{"type":"Feature","properties":{"Line":"S119","Sp":"2748.5","X":"644925.5","Y":"9217800.3","NAMOBJ":"Babatkumpul","WADMKC":"Pucuk","WADMKK":"Lamongan"},"geometry":{"type":"Point","coordinates":[112.3,-7.1]}},{"type":"Feature","properties":{"Line":"S119","Sp":"2752.5","X":"644975.5","Y":"9217800.3","NAMOBJ":"Babatkumpul","WADMKC":"Pucuk","WADMKK":"Lamongan"},"geometry":{"type":"Point","coordinates":[112.3,-7.1]}},{"type":"Feature","properties":{"Line":"S119","Sp":"2756.5","X":"645025.5","Y":"9217800.3","NAMOBJ":"Babatkumpul","WADMKC":"Pucuk","WADMKK":"Lamongan"},"geometry":{"type":"Point","coordinates":[112.3,-7.1]}},{"type":"Feature","properties":{"Line":"S119","Sp":"2760.5","X":"645075.5","Y":"9217800.3","NAMOBJ":"Babatkumpul","WADMKC":"Pucuk","WADMKK":"Lamongan"},"geometry":{"type":"Point","coordinates":[112.3,-7.1]}},{"type":"Feature","properties":{"Line":"S119","Sp":"2764.5","X":"645125.5","Y":"9217800.3","NAMOBJ":"Babatkumpul","WADMKC":"Pucuk","WADMKK":"Lamongan"},"geometry":{"type":"Point","coordinates":[112.3,-7.1]}},{"type":"Feature","properties":{"Line":"S119","Sp":"2768.5","X":"645175.5","Y":"9217800.3","NAMOBJ":"Babatkumpul","WADMKC":"Pucuk","WADMKK":"Lamongan"},"geometry":{"type":"Point","coordinates":[112.3,-7.1]}},{"type":"Feature","properties":{"Line":"S119","Sp":"2772.5","X":"645225.5","Y":"9217800.3","NAMOBJ":"Babatkumpul","WADMKC":"Pucuk","WADMKK":"Lamongan"},"geometry":{"type":"Point","coordinates":[112.3,-7.1]}},{"type":"Feature","properties":{"Line":"S119","Sp":"2792.5","X":"645475.5","Y":"9217800.3","NAMOBJ":"Babatkumpul","WADMKC":"Pucuk","WADMKK":"Lamongan"},"geometry":{"type":"Point","coordinates":[112.3,-7.1]}},{"type":"Feature","properties":{"Line":"S119","Sp":"2796.5","X":"645525.5","Y":"9217800.3","NAMOBJ":"Babatkumpul","WADMKC":"Pucuk","WADMKK":"Lamongan"},"geometry":{"type":"Point","coordinates":[112.3,-7.1]}},{"type":"Feature","properties":{"Line":"S119","Sp":"2800.5","X":"645575.5","Y":"9217800.3","NAMOBJ":"Babatkumpul","WADMKC":"Pucuk","WADMKK":"Lamongan"},"geometry":{"type":"Point","coordinates":[112.3,-7.1]}},{"type":"Feature","properties":{"Line":"S130","Sp":"1724.5","X":"644300.5","Y":"9218225.3","NAMOBJ":"Babatkumpul","WADMKC":"Pucuk","WADMKK":"Lamongan"},"geometry":{"type":"Point","coordinates":[112.3,-7.1]}},{"type":"Feature","properties":{"Line":"S130","Sp":"1728.5","X":"644300.5","Y":"9218175.3","NAMOBJ":"Babatkumpul","WADMKC":"Pucuk","WADMKK":"Lamongan"},"geometry":{"type":"Point","coordinates":[112.3,-7.1]}},{"type":"Feature","properties":{"Line":"S130","Sp":"1732.5","X":"644300.5","Y":"9218125.3","NAMOBJ":"Babatkumpul","WADMKC":"Pucuk","WADMKK":"Lamongan"},"geometry":{"type":"Point","coordinates":[112.3,-7.1]}},{"type":"Feature","properties":{"Line":"S130","Sp":"1736.5","X":"644300.5","Y":"9218075.3","NAMOBJ":"Babatkumpul","WADMKC":"Pucuk","WADMKK":"Lamongan"},"geometry":{"type":"Point","coordinates":[112.3,-7.1]}},{"type":"Feature","properties":{"Line":"S130","Sp":"1740.5","X":"644300.5","Y":"9218025.3","NAMOBJ":"Babatkumpul","WADMKC":"Pucuk","WADMKK":"Lamongan"},"geometry":{"type":"Point","coordinates":[112.3,-7.1]}},{"type":"Feature","properties":{"Line":"S130","Sp":"1744.5","X":"644300.5","Y":"9217975.3","NAMOBJ":"Babatkumpul","WADMKC":"Pucuk","WADMKK":"Lamongan"},"geometry":{"type":"Point","coordinates":[112.3,-7.1]}},{"type":"Feature","properties":{"Line":"S130","Sp":"1748.5","X":"644300.5","Y":"9217925.3","NAMOBJ":"Babatkumpul","WADMKC":"Pucuk","WADMKK":"Lamongan"},"geometry":{"type":"Point","coordinates":[112.3,-7.1]}},{"type":"Feature","properties":{"Line":"S130","Sp":"1752.5","X":"644300.5","Y":"9217875.3","NAMOBJ":"Babatkumpul","WADMKC":"Pucuk","WADMKK":"Lamongan"},"geometry":{"type":"Point","coordinates":[112.3,-7.1]}},{"type":"Feature","properties":{"Line":"S130","Sp":"1756.5","X":"644300.5","Y":"9217825.3","NAMOBJ":"Babatkumpul","WADMKC":"Pucuk","WADMKK":"Lamongan"},"geometry":{"type":"Point","coordinates":[112.3,-7.1]}},{"type":"Feature","properties":{"Line":"S130","Sp":"1760.5","X":"644300.5","Y":"9217775.3","NAMOBJ":"Babatkumpul","WADMKC":"Pucuk","WADMKK":"Lamongan"},"geometry":{"type":"Point","coordinates":[112.3,-7.1]}},{"type":"Feature","properties":{"Line":"S130","Sp":"1764.5","X":"644300.5","Y":"9217725.3","NAMOBJ":"Babatkumpul","WADMKC":"Pucuk","WADMKK":"Lamongan"},"geometry":{"type":"Point","coordinates":[112.3,-7.1]}},{"type":"Feature","properties":{"Line":"S130","Sp":"1768.5","X":"644300.5","Y":"9217675.3","NAMOBJ":"Babatkumpul","WADMKC":"Pucuk","WADMKK":"Lamongan"},"geometry":{"type":"Point","coordinates":[112.3,-7.1]}},{"type":"Feature","properties":{"Line":"S130","Sp":"1772.5","X":"644300.5","Y":"9217625.3","NAMOBJ":"Babatkumpul","WADMKC":"Pucuk","WADMKK":"Lamongan"},"geometry":{"type":"Point","coordinates":[112.3,-7.1]}},{"type":"Feature","properties":{"Line":"S130","Sp":"1776.5","X":"644300.5","Y":"9217575.3","NAMOBJ":"Babatkumpul","WADMKC":"Pucuk","WADMKK":"Lamongan"},"geometry":{"type":"Point","coordinates":[112.3,-7.1]}},{"type":"Feature","properties":{"Line":"S130","Sp":"1780.5","X":"644300.5","Y":"9217525.3","NAMOBJ":"Babatkumpul","WADMKC":"Pucuk","WADMKK":"Lamongan"},"geometry":{"type":"Point","coordinates":[112.3,-7.1]}},{"type":"Feature","properties":{"Line":"S130","Sp":"1784.5","X":"644300.5","Y":"9217475.3","NAMOBJ":"Babatkumpul","WADMKC":"Pucuk","WADMKK":"Lamongan"},"geometry":{"type":"Point","coordinates":[112.3,-7.1]}},{"type":"Feature","properties":{"Line":"S130","Sp":"1788.5","X":"644300.5","Y":"9217425.3","NAMOBJ":"Babatkumpul","WADMKC":"Pucuk","WADMKK":"Lamongan"},"geometry":{"type":"Point","coordinates":[112.3,-7.1]}},{"type":"Feature","properties":{"Line":"S130","Sp":"1792.5","X":"644300.5","Y":"9217375.3","NAMOBJ":"Babatkumpul","WADMKC":"Pucuk","WADMKK":"Lamongan"},"geometry":{"type":"Point","coordinates":[112.3,-7.1]}},{"type":"Feature","properties":{"Line":"S130","Sp":"1796.5","X":"644300.5","Y":"9217325.3","NAMOBJ":"Babatkumpul","WADMKC":"Pucuk","WADMKK":"Lamongan"},"geometry":{"type":"Point","coordinates":[112.3,-7.1]}},{"type":"Feature","properties":{"Line":"S130","Sp":"1828.5","X":"644300.5","Y":"9216925.3","NAMOBJ":"Babatkumpul","WADMKC":"Pucuk","WADMKK":"Lamongan"},"geometry":{"type":"Point","coordinates":[112.3,-7.1]}},{"type":"Feature","properties":{"Line":"S130","Sp":"1832.5","X":"644300.5","Y":"9216875.3","NAMOBJ":"Babatkumpul","WADMKC":"Pucuk","WADMKK":"Lamongan"},"geometry":{"type":"Point","coordinates":[112.3,-7.1]}},{"type":"Feature","properties":{"Line":"S132","Sp":"1692.5","X":"645300.5","Y":"9218225.3","NAMOBJ":"Babatkumpul","WADMKC":"Pucuk","WADMKK":"Lamongan"},"geometry":{"type":"Point","coordinates":[112.3,-7.1]}},{"type":"Feature","properties":{"Line":"S132","Sp":"1696.5","X":"645300.5","Y":"9218175.3","NAMOBJ":"Babatkumpul","WADMKC":"Pucuk","WADMKK":"Lamongan"},"geometry":{"type":"Point","coordinates":[112.3,-7.1]}},{"type":"Feature","properties":{"Line":"S132","Sp":"1700.5","X":"645300.5","Y":"9218125.3","NAMOBJ":"Babatkumpul","WADMKC":"Pucuk","WADMKK":"Lamongan"},"geometry":{"type":"Point","coordinates":[112.3,-7.1]}},{"type":"Feature","properties":{"Line":"S132","Sp":"1704.5","X":"645300.5","Y":"9218075.3","NAMOBJ":"Babatkumpul","WADMKC":"Pucuk","WADMKK":"Lamongan"},"geometry":{"type":"Point","coordinates":[112.3,-7.1]}},{"type":"Feature","properties":{"Line":"S132","Sp":"1708.5","X":"645300.5","Y":"9218025.3","NAMOBJ":"Babatkumpul","WADMKC":"Pucuk","WADMKK":"Lamongan"},"geometry":{"type":"Point","coordinates":[112.3,-7.1]}},{"type":"Feature","properties":{"Line":"S132","Sp":"1712.5","X":"645300.5","Y":"9217975.3","NAMOBJ":"Babatkumpul","WADMKC":"Pucuk","WADMKK":"Lamongan"},"geometry":{"type":"Point","coordinates":[112.3,-7.1]}},{"type":"Feature","properties":{"Line":"S132","Sp":"1716.5","X":"645300.5","Y":"9217925.3","NAMOBJ":"Babatkumpul","WADMKC":"Pucuk","WADMKK":"Lamongan"},"geometry":{"type":"Point","coordinates":[112.3,-7.1]}},{"type":"Feature","properties":{"Line":"S107","Sp":"2968.5","X":"647825.5","Y":"9211800.3","NAMOBJ":"Balongtawun","WADMKC":"Sukodadi","WADMKK":"Lamongan"},"geometry":{"type":"Point","coordinates":[112.3,-7.1]}},{"type":"Feature","properties":{"Line":"S107","Sp":"2972.5","X":"647875.5","Y":"9211800.3","NAMOBJ":"Balongtawun","WADMKC":"Sukodadi","WADMKK":"Lamongan"},"geometry":{"type":"Point","coordinates":[112.3,-7.1]}},{"type":"Feature","properties":{"Line":"S107","Sp":"2976.5","X":"647925.5","Y":"9211800.3","NAMOBJ":"Balongtawun","WADMKC":"Sukodadi","WADMKK":"Lamongan"},"geometry":{"type":"Point","coordinates":[112.3,-7.1]}},{"type":"Feature","properties":{"Line":"S107","Sp":"2980.5","X":"647975.5","Y":"9211800.3","NAMOBJ":"Balongtawun","WADMKC":"Sukodadi","WADMKK":"Lamongan"},"geometry":{"type":"Point","coordinates":[112.3,-7.1]}},{"type":"Feature","properties":{"Line":"S107","Sp":"2984.5","X":"648025.5","Y":"9211800.3","NAMOBJ":"Balongtawun","WADMKC":"Sukodadi","WADMKK":"Lamongan"},"geometry":{"type":"Point","coordinates":[112.3,-7.1]}},{"type":"Feature","properties":{"Line":"S107","Sp":"2988.5","X":"648075.5","Y":"9211800.3","NAMOBJ":"Balongtawun","WADMKC":"Sukodadi","WADMKK":"Lamongan"},"geometry":{"type":"Point","coordinates":[112.3,-7.1]}},{"type":"Feature","properties":{"Line":"S107","Sp":"2992.5","X":"648125.5","Y":"9211800.3","NAMOBJ":"Balongtawun","WADMKC":"Sukodadi","WADMKK":"Lamongan"},"geometry":{"type":"Point","coordinates":[112.3,-7.1]}},{"type":"Feature","properties":{"Line":"S107","Sp":"2996.5","X":"648175.5","Y":"9211800.3","NAMOBJ":"Balongtawun","WADMKC":"Sukodadi","WADMKK":"Lamongan"},"geometry":{"type":"Point","coordinates":[112.3,-7.1]}},{"type":"Feature","properties":{"Line":"S107","Sp":"3000.5","X":"648225.5","Y":"9211800.3","NAMOBJ":"Balongtawun","WADMKC":"Sukodadi","WADMKK":"Lamongan"},"geometry":{"type":"Point","coordinates":[112.3,-7.1]}},{"type":"Feature","properties":{"Line":"S107","Sp":"3004.5","X":"648275.5","Y":"9211800.3","NAMOBJ":"Balongtawun","WADMKC":"Sukodadi","WADMKK":"Lamongan"},"geometry":{"type":"Point","coordinates":[112.3,-7.1]}},{"type":"Feature","properties":{"Line":"S107","Sp":"3008.5","X":"648325.5","Y":"9211800.3","NAMOBJ":"Balongtawun","WADMKC":"Sukodadi","WADMKK":"Lamongan"},"geometry":{"type":"Point","coordinates":[112.3,-7.1]}},{"type":"Feature","properties":{"Line":"S107","Sp":"3012.5","X":"648375.5","Y":"9211800.3","NAMOBJ":"Balongtawun","WADMKC":"Sukodadi","WADMKK":"Lamongan"},"geometry":{"type":"Point","coordinates":[112.3,-7.1]}},{"type":"Feature","properties":{"Line":"S107","Sp":"3016.5","X":"648425.5","Y":"9211800.3","NAMOBJ":"Balongtawun","WADMKC":"Sukodadi","WADMKK":"Lamongan"},"geometry":{"type":"Point","coordinates":[112.3,-7.1]}},{"type":"Feature","properties":{"Line":"S107","Sp":"3020.5","X":"648475.5","Y":"9211800.3","NAMOBJ":"Balongtawun","WADMKC":"Sukodadi","WADMKK":"Lamongan"},"geometry":{"type":"Point","coordinates":[112.3,-7.1]}},{"type":"Feature","properties":{"Line":"S107","Sp":"3024.5","X":"648525.5","Y":"9211800.3","NAMOBJ":"Balongtawun","WADMKC":"Sukodadi","WADMKK":"Lamongan"},"geometry":{"type":"Point","coordinates":[112.3,-7.1]}},{"type":"Feature","properties":{"Line":"S107","Sp":"3028.5","X":"648575.5","Y":"9211800.3","NAMOBJ":"Balongtawun","WADMKC":"Sukodadi","WADMKK":"Lamongan"},"geometry":{"type":"Point","coordinates":[112.3,-7.1]}},{"type":"Feature","properties":{"Line":"S107","Sp":"3032.5","X":"648625.5","Y":"9211800.3","NAMOBJ":"Balongtawun","WADMKC":"Sukodadi","WADMKK":"Lamongan"},"geometry":{"type":"Point","coordinates":[112.3,-7.1]}},{"type":"Feature","properties":{"Line":"S107","Sp":"3036.5","X":"648675.5","Y":"9211800.3","NAMOBJ":"Balongtawun","WADMKC":"Sukodadi","WADMKK":"Lamongan"},"geometry":{"type":"Point","coordinates":[112.3,-7.1]}},{"type":"Feature","properties":{"Line":"S107","Sp":"3040.5","X":"648725.5","Y":"9211800.3","NAMOBJ":"Balongtawun","WADMKC":"Sukodadi","WADMKK":"Lamongan"},"geometry":{"type":"Point","coordinates":[112.3,-7.1]}},{"type":"Feature","properties":{"Line":"S107","Sp":"3044.5","X":"648775.5","Y":"9211800.3","NAMOBJ":"Balongtawun","WADMKC":"Sukodadi","WADMKK":"Lamongan"},"geometry":{"type":"Point","coordinates":[112.3,-7.1]}},{"type":"Feature","properties":{"Line":"S107","Sp":"3048.5","X":"648825.5","Y":"9211800.3","NAMOBJ":"Balongtawun","WADMKC":"Sukodadi","WADMKK":"Lamongan"},"geometry":{"type":"Point","coordinates":[112.3,-7.1]}},{"type":"Feature","properties":{"Line":"S107","Sp":"3052.5","X":"648875.5","Y":"9211800.3","NAMOBJ":"Balongtawun","WADMKC":"Sukodadi","WADMKK":"Lamongan"},"geometry":{"type":"Point","coordinates":[112.3,-7.1]}},{"type":"Feature","properties":{"Line":"S107","Sp":"3056.5","X":"648925.5","Y":"9211800.3","NAMOBJ":"Balongtawun","WADMKC":"Sukodadi","WADMKK":"Lamongan"},"geometry":{"type":"Point","coordinates":[112.3,-7.1]}},{"type":"Feature","properties":{"Line":"S107","Sp":"3060.5","X":"648975.5","Y":"9211800.3","NAMOBJ":"Balongtawun","WADMKC":"Sukodadi","WADMKK":"Lamongan"},"geometry":{"type":"Point","coordinates":[112.3,-7.1]}},{"type":"Feature","properties":{"Line":"S107","Sp":"3064.5","X":"649025.5","Y":"9211800.3","NAMOBJ":"Balongtawun","WADMKC":"Sukodadi","WADMKK":"Lamongan"},"geometry":{"type":"Point","coordinates":[112.3,-7.1]}},{"type":"Feature","properties":{"Line":"S107","Sp":"3068.5","X":"649075.5","Y":"9211800.3","NAMOBJ":"Balongtawun","WADMKC":"Sukodadi","WADMKK":"Lamongan"},"geometry":{"type":"Point","coordinates":[112.3,-7.1]}},{"type":"Feature","properties":{"Line":"S109","Sp":"2944.5","X":"647375.5","Y":"9212800.3","NAMOBJ":"Balongtawun","WADMKC":"Sukodadi","WADMKK":"Lamongan"},"geometry":{"type":"Point","coordinates":[112.3,-7.1]}},{"type":"Feature","properties":{"Line":"S109","Sp":"2948.5","X":"647425.5","Y":"9212800.3","NAMOBJ":"Balongtawun","WADMKC":"Sukodadi","WADMKK":"Lamongan"},"geometry":{"type":"Point","coordinates":[112.3,-7.1]}},{"type":"Feature","properties":{"Line":"S109","Sp":"2952.5","X":"647475.5","Y":"9212800.3","NAMOBJ":"Balongtawun","WADMKC":"Sukodadi","WADMKK":"Lamongan"},"geometry":{"type":"Point","coordinates":[112.3,-7.1]}},{"type":"Feature","properties":{"Line":"S109","Sp":"2956.5","X":"647525.5","Y":"9212800.3","NAMOBJ":"Balongtawun","WADMKC":"Sukodadi","WADMKK":"Lamongan"},"geometry":{"type":"Point","coordinates":[112.3,-7.1]}},{"type":"Feature","properties":{"Line":"S109","Sp":"2960.5","X":"647575.5","Y":"9212800.3","NAMOBJ":"Balongtawun","WADMKC":"Sukodadi","WADMKK":"Lamongan"},"geometry":{"type":"Point","coordinates":[112.3,-7.1]}},{"type":"Feature","properties":{"Line":"S109","Sp":"2976.5","X":"647775.5","Y":"9212800.3","NAMOBJ":"Balongtawun","WADMKC":"Sukodadi","WADMKK":"Lamongan"},"geometry":{"type":"Point","coordinates":[112.3,-7.1]}},{"type":"Feature","properties":{"Line":"S109","Sp":"2980.5","X":"647825.5","Y":"9212800.3","NAMOBJ":"Balongtawun","WADMKC":"Sukodadi","WADMKK":"Lamongan"},"geometry":{"type":"Point","coordinates":[112.3,-7.1]}},{"type":"Feature","properties":{"Line":"S109","Sp":"2984.5","X":"647875.5","Y":"9212800.3","NAMOBJ":"Balongtawun","WADMKC":"Sukodadi","WADMKK":"Lamongan"},"geometry":{"type":"Point","coordinates":[112.3,-7.1]}},{"type":"Feature","properties":{"Line":"S109","Sp":"2988.5","X":"647925.5","Y":"9212800.3","NAMOBJ":"Balongtawun","WADMKC":"Sukodadi","WADMKK":"Lamongan"},"geometry":{"type":"Point","coordinates":[112.3,-7.1]}},{"type":"Feature","properties":{"Line":"S109","Sp":"2992.5","X":"647975.5","Y":"9212800.3","NAMOBJ":"Balongtawun","WADMKC":"Sukodadi","WADMKK":"Lamongan"},"geometry":{"type":"Point","coordinates":[112.3,-7.1]}},{"type":"Feature","properties":{"Line":"S109","Sp":"2996.5","X":"648025.5","Y":"9212800.3","NAMOBJ":"Balongtawun","WADMKC":"Sukodadi","WADMKK":"Lamongan"},"geometry":{"type":"Point","coordinates":[112.3,-7.1]}},{"type":"Feature","properties":{"Line":"S109","Sp":"3000.5","X":"648075.5","Y":"9212800.3","NAMOBJ":"Balongtawun","WADMKC":"Sukodadi","WADMKK":"Lamongan"},"geometry":{"type":"Point","coordinates":[112.3,-7.1]}},{"type":"Feature","properties":{"Line":"S109","Sp":"3004.5","X":"648125.5","Y":"9212800.3","NAMOBJ":"Balongtawun","WADMKC":"Sukodadi","WADMKK":"Lamongan"},"geometry":{"type":"Point","coordinates":[112.3,-7.1]}},{"type":"Feature","properties":{"Line":"S109","Sp":"3008.5","X":"648175.5","Y":"9212800.3","NAMOBJ":"Balongtawun","WADMKC":"Sukodadi","WADMKK":"Lamongan"},"geometry":{"type":"Point","coordinates":[112.3,-7.1]}},{"type":"Feature","properties":{"Line":"S109","Sp":"3012.5","X":"648225.5","Y":"9212800.3","NAMOBJ":"Balongtawun","WADMKC":"Sukodadi","WADMKK":"Lamongan"},"geometry":{"type":"Point","coordinates":[112.3,-7.1]}},{"type":"Feature","properties":{"Line":"S109","Sp":"3016.5","X":"648275.5","Y":"9212800.3","NAMOBJ":"Balongtawun","WADMKC":"Sukodadi","WADMKK":"Lamongan"},"geometry":{"type":"Point","coordinates":[112.3,-7.1]}},{"type":"Feature","properties":{"Line":"S109","Sp":"3020.5","X":"648325.5","Y":"9212800.3","NAMOBJ":"Balongtawun","WADMKC":"Sukodadi","WADMKK":"Lamongan"},"geometry":{"type":"Point","coordinates":[112.3,-7.1]}},{"type":"Feature","properties":{"Line":"S109","Sp":"3024.5","X":"648375.5","Y":"9212800.3","NAMOBJ":"Balongtawun","WADMKC":"Sukodadi","WADMKK":"Lamongan"},"geometry":{"type":"Point","coordinates":[112.3,-7.1]}},{"type":"Feature","properties":{"Line":"S136","Sp":"2140.5","X":"647300.5","Y":"9212625.3","NAMOBJ":"Balongtawun","WADMKC":"Sukodadi","WADMKK":"Lamongan"},"geometry":{"type":"Point","coordinates":[112.3,-7.1]}},{"type":"Feature","properties":{"Line":"S136","Sp":"2144.5","X":"647300.5","Y":"9212575.3","NAMOBJ":"Balongtawun","WADMKC":"Sukodadi","WADMKK":"Lamongan"},"geometry":{"type":"Point","coordinates":[112.3,-7.1]}},{"type":"Feature","properties":{"Line":"S136","Sp":"2148.5","X":"647300.5","Y":"9212525.3","NAMOBJ":"Balongtawun","WADMKC":"Sukodadi","WADMKK":"Lamongan"},"geometry":{"type":"Point","coordinates":[112.3,-7.1]}},{"type":"Feature","properties":{"Line":"S136","Sp":"2152.5","X":"647300.5","Y":"9212475.3","NAMOBJ":"Balongtawun","WADMKC":"Sukodadi","WADMKK":"Lamongan"},"geometry":{"type":"Point","coordinates":[112.3,-7.1]}},{"type":"Feature","properties":{"Line":"S136","Sp":"2156.5","X":"647300.5","Y":"9212425.3","NAMOBJ":"Balongtawun","WADMKC":"Sukodadi","WADMKK":"Lamongan"},"geometry":{"type":"Point","coordinates":[112.3,-7.1]}},{"type":"Feature","properties":{"Line":"S136","Sp":"2160.5","X":"647300.5","Y":"9212375.3","NAMOBJ":"Balongtawun","WADMKC":"Sukodadi","WADMKK":"Lamongan"},"geometry":{"type":"Point","coordinates":[112.3,-7.1]}},{"type":"Feature","properties":{"Line":"S136","Sp":"2164.5","X":"647300.5","Y":"9212325.3","NAMOBJ":"Balongtawun","WADMKC":"Sukodadi","WADMKK":"Lamongan"},"geometry":{"type":"Point","coordinates":[112.3,-7.1]}},{"type":"Feature","properties":{"Line":"S136","Sp":"2168.5","X":"647300.5","Y":"9212275.3","NAMOBJ":"Balongtawun","WADMKC":"Sukodadi","WADMKK":"Lamongan"},"geometry":{"type":"Point","coordinates":[112.3,-7.1]}},{"type":"Feature","properties":{"Line":"S136","Sp":"2172.5","X":"647300.5","Y":"9212225.3","NAMOBJ":"Balongtawun","WADMKC":"Sukodadi","WADMKK":"Lamongan"},"geometry":{"type":"Point","coordinates":[112.3,-7.1]}},{"type":"Feature","properties":{"Line":"S136","Sp":"2176.5","X":"647300.5","Y":"9212175.3","NAMOBJ":"Balongtawun","WADMKC":"Sukodadi","WADMKK":"Lamongan"},"geometry":{"type":"Point","coordinates":[112.3,-7.1]}},{"type":"Feature","properties":{"Line":"S136","Sp":"2180.5","X":"647300.5","Y":"9212125.3","NAMOBJ":"Balongtawun","WADMKC":"Sukodadi","WADMKK":"Lamongan"},"geometry":{"type":"Point","coordinates":[112.3,-7.1]}},{"type":"Feature","properties":{"Line":"S136","Sp":"2184.5","X":"647300.5","Y":"9212075.3","NAMOBJ":"Balongtawun","WADMKC":"Sukodadi","WADMKK":"Lamongan"},"geometry":{"type":"Point","coordinates":[112.3,-7.1]}},{"type":"Feature","properties":{"Line":"S136","Sp":"2188.5","X":"647300.5","Y":"9212025.3","NAMOBJ":"Balongtawun","WADMKC":"Sukodadi","WADMKK":"Lamongan"},"geometry":{"type":"Point","coordinates":[112.3,-7.1]}},{"type":"Feature","properties":{"Line":"S136","Sp":"2192.5","X":"647300.5","Y":"9211975.3","NAMOBJ":"Balongtawun","WADMKC":"Sukodadi","WADMKK":"Lamongan"},"geometry":{"type":"Point","coordinates":[112.3,-7.1]}},{"type":"Feature","properties":{"Line":"S136","Sp":"2196.5","X":"647300.5","Y":"9211925.3","NAMOBJ":"Balongtawun","WADMKC":"Sukodadi","WADMKK":"Lamongan"},"geometry":{"type":"Point","coordinates":[112.3,-7.1]}},{"type":"Feature","properties":{"Line":"S138","Sp":"2120.5","X":"648300.5","Y":"9212875.3","NAMOBJ":"Balongtawun","WADMKC":"Sukodadi","WADMKK":"Lamongan"},"geometry":{"type":"Point","coordinates":[112.3,-7.1]}},{"type":"Feature","properties":{"Line":"S138","Sp":"2124.5","X":"648300.5","Y":"9212825.3","NAMOBJ":"Balongtawun","WADMKC":"Sukodadi","WADMKK":"Lamongan"},"geometry":{"type":"Point","coordinates":[112.3,-7.1]}},{"type":"Feature","properties":{"Line":"S138","Sp":"2128.5","X":"648300.5","Y":"9212775.3","NAMOBJ":"Balongtawun","WADMKC":"Sukodadi","WADMKK":"Lamongan"},"geometry":{"type":"Point","coordinates":[112.3,-7.1]}},{"type":"Feature","properties":{"Line":"S138","Sp":"2132.5","X":"648300.5","Y":"9212725.3","NAMOBJ":"Balongtawun","WADMKC":"Sukodadi","WADMKK":"Lamongan"},"geometry":{"type":"Point","coordinates":[112.3,-7.1]}},{"type":"Feature","properties":{"Line":"S138","Sp":"2136.5","X":"648300.5","Y":"9212675.3","NAMOBJ":"Balongtawun","WADMKC":"Sukodadi","WADMKK":"Lamongan"},"geometry":{"type":"Point","coordinates":[112.3,-7.1]}},{"type":"Feature","properties":{"Line":"S138","Sp":"2140.5","X":"648300.5","Y":"9212625.3","NAMOBJ":"Balongtawun","WADMKC":"Sukodadi","WADMKK":"Lamongan"},"geometry":{"type":"Point","coordinates":[112.3,-7.1]}},{"type":"Feature","properties":{"Line":"S138","Sp":"2144.5","X":"648300.5","Y":"9212575.3","NAMOBJ":"Balongtawun","WADMKC":"Sukodadi","WADMKK":"Lamongan"},"geometry":{"type":"Point","coordinates":[112.3,-7.1]}},{"type":"Feature","properties":{"Line":"S138","Sp":"2148.5","X":"648300.5","Y":"9212525.3","NAMOBJ":"Balongtawun","WADMKC":"Sukodadi","WADMKK":"Lamongan"},"geometry":{"type":"Point","coordinates":[112.3,-7.1]}},{"type":"Feature","properties":{"Line":"S138","Sp":"2176.5","X":"648300.5","Y":"9212175.3","NAMOBJ":"Balongtawun","WADMKC":"Sukodadi","WADMKK":"Lamongan"},"geometry":{"type":"Point","coordinates":[112.3,-7.1]}},{"type":"Feature","properties":{"Line":"S138","Sp":"2196.5","X":"648300.5","Y":"9211925.3","NAMOBJ":"Balongtawun","WADMKC":"Sukodadi","WADMKK":"Lamongan"},"geometry":{"type":"Point","coordinates":[112.3,-7.1]}},{"type":"Feature","properties":{"Line":"S138","Sp":"2200.5","X":"648300.5","Y":"9211875.3","NAMOBJ":"Balongtawun","WADMKC":"Sukodadi","WADMKK":"Lamongan"},"geometry":{"type":"Point","coordinates":[112.3,-7.1]}},{"type":"Feature","properties":{"Line":"S138","Sp":"2204.5","X":"648300.5","Y":"9211825.3","NAMOBJ":"Balongtawun","WADMKC":"Sukodadi","WADMKK":"Lamongan"},"geometry":{"type":"Point","coordinates":[112.3,-7.1]}},{"type":"Feature","properties":{"Line":"S138","Sp":"2208.5","X":"648300.5","Y":"9211775.3","NAMOBJ":"Balongtawun","WADMKC":"Sukodadi","WADMKK":"Lamongan"},"geometry":{"type":"Point","coordinates":[112.3,-7.1]}},{"type":"Feature","properties":{"Line":"S138","Sp":"2212.5","X":"648300.5","Y":"9211725.3","NAMOBJ":"Balongtawun","WADMKC":"Sukodadi","WADMKK":"Lamongan"},"geometry":{"type":"Point","coordinates":[112.3,-7.1]}},{"type":"Feature","properties":{"Line":"S138","Sp":"2216.5","X":"648300.5","Y":"9211675.3","NAMOBJ":"Balongtawun","WADMKC":"Sukodadi","WADMKK":"Lamongan"},"geometry":{"type":"Point","coordinates":[112.3,-7.1]}},{"type":"Feature","properties":{"Line":"S138","Sp":"2220.5","X":"648300.5","Y":"9211625.3","NAMOBJ":"Balongtawun","WADMKC":"Sukodadi","WADMKK":"Lamongan"},"geometry":{"type":"Point","coordinates":[112.3,-7.1]}},{"type":"Feature","properties":{"Line":"S138","Sp":"2224.5","X":"648300.5","Y":"9211575.3","NAMOBJ":"Balongtawun","WADMKC":"Sukodadi","WADMKK":"Lamongan"},"geometry":{"type":"Point","coordinates":[112.3,-7.1]}},{"type":"Feature","properties":{"Line":"S138","Sp":"2228.5","X":"648300.5","Y":"9211525.3","NAMOBJ":"Balongtawun","WADMKC":"Sukodadi","WADMKK":"Lamongan"},"geometry":{"type":"Point","coordinates":[112.3,-7.1]}},{"type":"Feature","properties":{"Line":"S138","Sp":"2232.5","X":"648300.5","Y":"9211475.3","NAMOBJ":"Balongtawun","WADMKC":"Sukodadi","WADMKK":"Lamongan"},"geometry":{"type":"Point","coordinates":[112.3,-7.1]}},{"type":"Feature","properties":{"Line":"S138","Sp":"2236.5","X":"648300.5","Y":"9211425.3","NAMOBJ":"Balongtawun","WADMKC":"Sukodadi","WADMKK":"Lamongan"},"geometry":{"type":"Point","coordinates":[112.3,-7.1]}},{"type":"Feature","properties":{"Line":"S138","Sp":"2240.5","X":"648300.5","Y":"9211375.3","NAMOBJ":"Balongtawun","WADMKC":"Sukodadi","WADMKK":"Lamongan"},"geometry":{"type":"Point","coordinates":[112.3,-7.1]}},{"type":"Feature","properties":{"Line":"S138","Sp":"2244.5","X":"648300.5","Y":"9211325.3","NAMOBJ":"Balongtawun","WADMKC":"Sukodadi","WADMKK":"Lamongan"},"geometry":{"type":"Point","coordinates":[112.3,-7.1]}},{"type":"Feature","properties":{"Line":"S138","Sp":"2248.5","X":"648300.5","Y":"9211275.3","NAMOBJ":"Balongtawun","WADMKC":"Sukodadi","WADMKK":"Lamongan"},"geometry":{"type":"Point","coordinates":[112.3,-7.1]}},{"type":"Feature","properties":{"Line":"S109","Sp":"2964.5","X":"647625.5","Y":"9212800.3","NAMOBJ":"Bandungsari","WADMKC":"Sukodadi","WADMKK":"Lamongan"},"geometry":{"type":"Point","coordinates":[112.3,-7.1]}},{"type":"Feature","properties":{"Line":"S109","Sp":"2968.5","X":"647675.5","Y":"9212800.3","NAMOBJ":"Bandungsari","WADMKC":"Sukodadi","WADMKK":"Lamongan"},"geometry":{"type":"Point","coordinates":[112.3,-7.1]}},{"type":"Feature","properties":{"Line":"S109","Sp":"2972.5","X":"647725.5","Y":"9212800.3","NAMOBJ":"Bandungsari","WADMKC":"Sukodadi","WADMKK":"Lamongan"},"geometry":{"type":"Point","coordinates":[112.3,-7.1]}},{"type":"Feature","properties":{"Line":"S109","Sp":"3064.5","X":"648875.5","Y":"9212800.3","NAMOBJ":"Bandungsari","WADMKC":"Sukodadi","WADMKK":"Lamongan"},"geometry":{"type":"Point","coordinates":[112.3,-7.1]}},{"type":"Feature","properties":{"Line":"S109","Sp":"3068.5","X":"648925.5","Y":"9212800.3","NAMOBJ":"Bandungsari","WADMKC":"Sukodadi","WADMKK":"Lamongan"},"geometry":{"type":"Point","coordinates":[112.3,-7.1]}},{"type":"Feature","properties":{"Line":"S109","Sp":"3072.5","X":"648975.5","Y":"9212800.3","NAMOBJ":"Bandungsari","WADMKC":"Sukodadi","WADMKK":"Lamongan"},"geometry":{"type":"Point","coordinates":[112.3,-7.1]}},{"type":"Feature","properties":{"Line":"S109","Sp":"3076.5","X":"649025.5","Y":"9212800.3","NAMOBJ":"Bandungsari","WADMKC":"Sukodadi","WADMKK":"Lamongan"},"geometry":{"type":"Point","coordinates":[112.3,-7.1]}},{"type":"Feature","properties":{"Line":"S109","Sp":"3080.5","X":"649075.5","Y":"9212800.3","NAMOBJ":"Bandungsari","WADMKC":"Sukodadi","WADMKK":"Lamongan"},"geometry":{"type":"Point","coordinates":[112.3,-7.1]}},{"type":"Feature","properties":{"Line":"S111","Sp":"2908.5","X":"646975.5","Y":"9213800.3","NAMOBJ":"Bandungsari","WADMKC":"Sukodadi","WADMKK":"Lamongan"},"geometry":{"type":"Point","coordinates":[112.3,-7.1]}},{"type":"Feature","properties":{"Line":"S111","Sp":"2912.5","X":"647025.5","Y":"9213800.3","NAMOBJ":"Bandungsari","WADMKC":"Sukodadi","WADMKK":"Lamongan"},"geometry":{"type":"Point","coordinates":[112.3,-7.1]}},{"type":"Feature","properties":{"Line":"S111","Sp":"2916.5","X":"647075.5","Y":"9213800.3","NAMOBJ":"Bandungsari","WADMKC":"Sukodadi","WADMKK":"Lamongan"},"geometry":{"type":"Point","coordinates":[112.3,-7.1]}},{"type":"Feature","properties":{"Line":"S111","Sp":"2920.5","X":"647125.5","Y":"9213800.3","NAMOBJ":"Bandungsari","WADMKC":"Sukodadi","WADMKK":"Lamongan"},"geometry":{"type":"Point","coordinates":[112.3,-7.1]}},{"type":"Feature","properties":{"Line":"S111","Sp":"2924.5","X":"647175.5","Y":"9213800.3","NAMOBJ":"Bandungsari","WADMKC":"Sukodadi","WADMKK":"Lamongan"},"geometry":{"type":"Point","coordinates":[112.3,-7.1]}},{"type":"Feature","properties":{"Line":"S111","Sp":"2928.5","X":"647225.5","Y":"9213800.3","NAMOBJ":"Bandungsari","WADMKC":"Sukodadi","WADMKK":"Lamongan"},"geometry":{"type":"Point","coordinates":[112.3,-7.1]}},{"type":"Feature","properties":{"Line":"S111","Sp":"2932.5","X":"647275.5","Y":"9213800.3","NAMOBJ":"Bandungsari","WADMKC":"Sukodadi","WADMKK":"Lamongan"},"geometry":{"type":"Point","coordinates":[112.3,-7.1]}},{"type":"Feature","properties":{"Line":"S111","Sp":"2936.5","X":"647325.5","Y":"9213800.3","NAMOBJ":"Bandungsari","WADMKC":"Sukodadi","WADMKK":"Lamongan"},"geometry":{"type":"Point","coordinates":[112.3,-7.1]}},{"type":"Feature","properties":{"Line":"S111","Sp":"2940.5","X":"647375.5","Y":"9213800.3","NAMOBJ":"Bandungsari","WADMKC":"Sukodadi","WADMKK":"Lamongan"},"geometry":{"type":"Point","coordinates":[112.3,-7.1]}},{"type":"Feature","properties":{"Line":"S111","Sp":"2944.5","X":"647425.5","Y":"9213800.3","NAMOBJ":"Bandungsari","WADMKC":"Sukodadi","WADMKK":"Lamongan"},"geometry":{"type":"Point","coordinates":[112.3,-7.1]}},{"type":"Feature","properties":{"Line":"S111","Sp":"2948.5","X":"647475.5","Y":"9213800.3","NAMOBJ":"Bandungsari","WADMKC":"Sukodadi","WADMKK":"Lamongan"},"geometry":{"type":"Point","coordinates":[112.3,-7.1]}},{"type":"Feature","properties":{"Line":"S111","Sp":"2952.5","X":"647525.5","Y":"9213800.3","NAMOBJ":"Bandungsari","WADMKC":"Sukodadi","WADMKK":"Lamongan"},"geometry":{"type":"Point","coordinates":[112.3,-7.1]}},{"type":"Feature","properties":{"Line":"S136","Sp":"2036.5","X":"647300.5","Y":"9213925.3","NAMOBJ":"Bandungsari","WADMKC":"Sukodadi","WADMKK":"Lamongan"},"geometry":{"type":"Point","coordinates":[112.3,-7.1]}},{"type":"Feature","properties":{"Line":"S136","Sp":"2040.5","X":"647300.5","Y":"9213875.3","NAMOBJ":"Bandungsari","WADMKC":"Sukodadi","WADMKK":"Lamongan"},"geometry":{"type":"Point","coordinates":[112.3,-7.1]}},{"type":"Feature","properties":{"Line":"S136","Sp":"2044.5","X":"647300.5","Y":"9213825.3","NAMOBJ":"Bandungsari","WADMKC":"Sukodadi","WADMKK":"Lamongan"},"geometry":{"type":"Point","coordinates":[112.3,-7.1]}},{"type":"Feature","properties":{"Line":"S136","Sp":"2048.5","X":"647300.5","Y":"9213775.3","NAMOBJ":"Bandungsari","WADMKC":"Sukodadi","WADMKK":"Lamongan"},"geometry":{"type":"Point","coordinates":[112.3,-7.1]}},{"type":"Feature","properties":{"Line":"S136","Sp":"2052.5","X":"647300.5","Y":"9213725.3","NAMOBJ":"Bandungsari","WADMKC":"Sukodadi","WADMKK":"Lamongan"},"geometry":{"type":"Point","coordinates":[112.3,-7.1]}},{"type":"Feature","properties":{"Line":"S136","Sp":"2056.5","X":"647300.5","Y":"9213675.3","NAMOBJ":"Bandungsari","WADMKC":"Sukodadi","WADMKK":"Lamongan"},"geometry":{"type":"Point","coordinates":[112.3,-7.1]}},{"type":"Feature","properties":{"Line":"S136","Sp":"2060.5","X":"647300.5","Y":"9213625.3","NAMOBJ":"Bandungsari","WADMKC":"Sukodadi","WADMKK":"Lamongan"},"geometry":{"type":"Point","coordinates":[112.3,-7.1]}},{"type":"Feature","properties":{"Line":"S136","Sp":"2064.5","X":"647300.5","Y":"9213575.3","NAMOBJ":"Bandungsari","WADMKC":"Sukodadi","WADMKK":"Lamongan"},"geometry":{"type":"Point","coordinates":[112.3,-7.1]}},{"type":"Feature","properties":{"Line":"S136","Sp":"2068.5","X":"647300.5","Y":"9213525.3","NAMOBJ":"Bandungsari","WADMKC":"Sukodadi","WADMKK":"Lamongan"},"geometry":{"type":"Point","coordinates":[112.3,-7.1]}},{"type":"Feature","properties":{"Line":"S136","Sp":"2072.5","X":"647300.5","Y":"9213475.3","NAMOBJ":"Bandungsari","WADMKC":"Sukodadi","WADMKK":"Lamongan"},"geometry":{"type":"Point","coordinates":[112.3,-7.1]}},{"type":"Feature","properties":{"Line":"S136","Sp":"2076.5","X":"647300.5","Y":"9213425.3","NAMOBJ":"Bandungsari","WADMKC":"Sukodadi","WADMKK":"Lamongan"},"geometry":{"type":"Point","coordinates":[112.3,-7.1]}},{"type":"Feature","properties":{"Line":"S136","Sp":"2080.5","X":"647300.5","Y":"9213375.3","NAMOBJ":"Bandungsari","WADMKC":"Sukodadi","WADMKK":"Lamongan"},"geometry":{"type":"Point","coordinates":[112.3,-7.1]}},{"type":"Feature","properties":{"Line":"S136","Sp":"2084.5","X":"647300.5","Y":"9213325.3","NAMOBJ":"Bandungsari","WADMKC":"Sukodadi","WADMKK":"Lamongan"},"geometry":{"type":"Point","coordinates":[112.3,-7.1]}},{"type":"Feature","properties":{"Line":"S136","Sp":"2088.5","X":"647300.5","Y":"9213275.3","NAMOBJ":"Bandungsari","WADMKC":"Sukodadi","WADMKK":"Lamongan"},"geometry":{"type":"Point","coordinates":[112.3,-7.1]}},{"type":"Feature","properties":{"Line":"S136","Sp":"2092.5","X":"647300.5","Y":"9213225.3","NAMOBJ":"Bandungsari","WADMKC":"Sukodadi","WADMKK":"Lamongan"},"geometry":{"type":"Point","coordinates":[112.3,-7.1]}},{"type":"Feature","properties":{"Line":"S138","Sp":"2076.5","X":"648300.5","Y":"9213425.3","NAMOBJ":"Bandungsari","WADMKC":"Sukodadi","WADMKK":"Lamongan"},"geometry":{"type":"Point","coordinates":[112.3,-7.1]}},{"type":"Feature","properties":{"Line":"S138","Sp":"2080.5","X":"648300.5","Y":"9213375.3","NAMOBJ":"Bandungsari","WADMKC":"Sukodadi","WADMKK":"Lamongan"},"geometry":{"type":"Point","coordinates":[112.3,-7.1]}},{"type":"Feature","properties":{"Line":"S138","Sp":"2084.5","X":"648300.5","Y":"9213325.3","NAMOBJ":"Bandungsari","WADMKC":"Sukodadi","WADMKK":"Lamongan"},"geometry":{"type":"Point","coordinates":[112.3,-7.1]}},{"type":"Feature","properties":{"Line":"S138","Sp":"2088.5","X":"648300.5","Y":"9213275.3","NAMOBJ":"Bandungsari","WADMKC":"Sukodadi","WADMKK":"Lamongan"},"geometry":{"type":"Point","coordinates":[112.3,-7.1]}},{"type":"Feature","properties":{"Line":"S138","Sp":"2092.5","X":"648300.5","Y":"9213225.3","NAMOBJ":"Bandungsari","WADMKC":"Sukodadi","WADMKK":"Lamongan"},"geometry":{"type":"Point","coordinates":[112.3,-7.1]}},{"type":"Feature","properties":{"Line":"S138","Sp":"2096.5","X":"648300.5","Y":"9213175.3","NAMOBJ":"Bandungsari","WADMKC":"Sukodadi","WADMKK":"Lamongan"},"geometry":{"type":"Point","coordinates":[112.3,-7.1]}},{"type":"Feature","properties":{"Line":"S138","Sp":"2100.5","X":"648300.5","Y":"9213125.3","NAMOBJ":"Bandungsari","WADMKC":"Sukodadi","WADMKK":"Lamongan"},"geometry":{"type":"Point","coordinates":[112.3,-7.1]}},{"type":"Feature","properties":{"Line":"S138","Sp":"2104.5","X":"648300.5","Y":"9213075.3","NAMOBJ":"Bandungsari","WADMKC":"Sukodadi","WADMKK":"Lamongan"},"geometry":{"type":"Point","coordinates":[112.3,-7.1]}},{"type":"Feature","properties":{"Line":"S138","Sp":"2108.5","X":"648300.5","Y":"9213025.3","NAMOBJ":"Bandungsari","WADMKC":"Sukodadi","WADMKK":"Lamongan"},"geometry":{"type":"Point","coordinates":[112.3,-7.1]}},{"type":"Feature","properties":{"Line":"S138","Sp":"2112.5","X":"648300.5","Y":"9212975.3","NAMOBJ":"Bandungsari","WADMKC":"Sukodadi","WADMKK":"Lamongan"},"geometry":{"type":"Point","coordinates":[112.3,-7.1]}},{"type":"Feature","properties":{"Line":"S138","Sp":"2116.5","X":"648300.5","Y":"9212925.3","NAMOBJ":"Bandungsari","WADMKC":"Sukodadi","WADMKK":"Lamongan"},"geometry":{"type":"Point","coordinates":[112.3,-7.1]}},{"type":"Feature","properties":{"Line":"S103","Sp":"2940.5","X":"648475.5","Y":"9209800.3","NAMOBJ":"Banjarejo","WADMKC":"Sukodadi","WADMKK":"Lamongan"},"geometry":{"type":"Point","coordinates":[112.3,-7.1]}},{"type":"Feature","properties":{"Line":"S103","Sp":"2944.5","X":"648525.5","Y":"9209800.3","NAMOBJ":"Banjarejo","WADMKC":"Sukodadi","WADMKK":"Lamongan"},"geometry":{"type":"Point","coordinates":[112.3,-7.1]}},{"type":"Feature","properties":{"Line":"S103","Sp":"2948.5","X":"648575.5","Y":"9209800.3","NAMOBJ":"Banjarejo","WADMKC":"Sukodadi","WADMKK":"Lamongan"},"geometry":{"type":"Point","coordinates":[112.3,-7.1]}},{"type":"Feature","properties":{"Line":"S103","Sp":"2952.5","X":"648625.5","Y":"9209800.3","NAMOBJ":"Banjarejo","WADMKC":"Sukodadi","WADMKK":"Lamongan"},"geometry":{"type":"Point","coordinates":[112.3,-7.1]}},{"type":"Feature","properties":{"Line":"S103","Sp":"2956.5","X":"648675.5","Y":"9209800.3","NAMOBJ":"Banjarejo","WADMKC":"Sukodadi","WADMKK":"Lamongan"},"geometry":{"type":"Point","coordinates":[112.3,-7.1]}},{"type":"Feature","properties":{"Line":"S105","Sp":"2896.5","X":"647675.5","Y":"9210800.3","NAMOBJ":"Banjarejo","WADMKC":"Sukodadi","WADMKK":"Lamongan"},"geometry":{"type":"Point","coordinates":[112.3,-7.1]}},{"type":"Feature","properties":{"Line":"S105","Sp":"2900.5","X":"647725.5","Y":"9210800.3","NAMOBJ":"Banjarejo","WADMKC":"Sukodadi","WADMKK":"Lamongan"},"geometry":{"type":"Point","coordinates":[112.3,-7.1]}},{"type":"Feature","properties":{"Line":"S105","Sp":"2904.5","X":"647775.5","Y":"9210800.3","NAMOBJ":"Banjarejo","WADMKC":"Sukodadi","WADMKK":"Lamongan"},"geometry":{"type":"Point","coordinates":[112.3,-7.1]}},{"type":"Feature","properties":{"Line":"S105","Sp":"2908.5","X":"647825.5","Y":"9210800.3","NAMOBJ":"Banjarejo","WADMKC":"Sukodadi","WADMKK":"Lamongan"},"geometry":{"type":"Point","coordinates":[112.3,-7.1]}},{"type":"Feature","properties":{"Line":"S105","Sp":"2912.5","X":"647875.5","Y":"9210800.3","NAMOBJ":"Banjarejo","WADMKC":"Sukodadi","WADMKK":"Lamongan"},"geometry":{"type":"Point","coordinates":[112.3,-7.1]}},{"type":"Feature","properties":{"Line":"S105","Sp":"2916.5","X":"647925.5","Y":"9210800.3","NAMOBJ":"Banjarejo","WADMKC":"Sukodadi","WADMKK":"Lamongan"},"geometry":{"type":"Point","coordinates":[112.3,-7.1]}},{"type":"Feature","properties":{"Line":"S105","Sp":"2920.5","X":"647975.5","Y":"9210800.3","NAMOBJ":"Banjarejo","WADMKC":"Sukodadi","WADMKK":"Lamongan"},"geometry":{"type":"Point","coordinates":[112.3,-7.1]}},{"type":"Feature","properties":{"Line":"S105","Sp":"2924.5","X":"648025.5","Y":"9210800.3","NAMOBJ":"Banjarejo","WADMKC":"Sukodadi","WADMKK":"Lamongan"},"geometry":{"type":"Point","coordinates":[112.3,-7.1]}},{"type":"Feature","properties":{"Line":"S105","Sp":"2928.5","X":"648075.5","Y":"9210800.3","NAMOBJ":"Banjarejo","WADMKC":"Sukodadi","WADMKK":"Lamongan"},"geometry":{"type":"Point","coordinates":[112.3,-7.1]}},{"type":"Feature","properties":{"Line":"S105","Sp":"2932.5","X":"648125.5","Y":"9210800.3","NAMOBJ":"Banjarejo","WADMKC":"Sukodadi","WADMKK":"Lamongan"},"geometry":{"type":"Point","coordinates":[112.3,-7.1]}},{"type":"Feature","properties":{"Line":"S105","Sp":"2936.5","X":"648175.5","Y":"9210800.3","NAMOBJ":"Banjarejo","WADMKC":"Sukodadi","WADMKK":"Lamongan"},"geometry":{"type":"Point","coordinates":[112.3,-7.1]}},{"type":"Feature","properties":{"Line":"S105","Sp":"2940.5","X":"648225.5","Y":"9210800.3","NAMOBJ":"Banjarejo","WADMKC":"Sukodadi","WADMKK":"Lamongan"},"geometry":{"type":"Point","coordinates":[112.3,-7.1]}},{"type":"Feature","properties":{"Line":"S105","Sp":"2944.5","X":"648275.5","Y":"9210800.3","NAMOBJ":"Banjarejo","WADMKC":"Sukodadi","WADMKK":"Lamongan"},"geometry":{"type":"Point","coordinates":[112.3,-7.1]}},{"type":"Feature","properties":{"Line":"S105","Sp":"2948.5","X":"648325.5","Y":"9210800.3","NAMOBJ":"Banjarejo","WADMKC":"Sukodadi","WADMKK":"Lamongan"},"geometry":{"type":"Point","coordinates":[112.3,-7.1]}},{"type":"Feature","properties":{"Line":"S105","Sp":"2952.5","X":"648375.5","Y":"9210800.3","NAMOBJ":"Banjarejo","WADMKC":"Sukodadi","WADMKK":"Lamongan"},"geometry":{"type":"Point","coordinates":[112.3,-7.1]}},{"type":"Feature","properties":{"Line":"S105","Sp":"2956.5","X":"648425.5","Y":"9210800.3","NAMOBJ":"Banjarejo","WADMKC":"Sukodadi","WADMKK":"Lamongan"},"geometry":{"type":"Point","coordinates":[112.3,-7.1]}},{"type":"Feature","properties":{"Line":"S105","Sp":"2960.5","X":"648475.5","Y":"9210800.3","NAMOBJ":"Banjarejo","WADMKC":"Sukodadi","WADMKK":"Lamongan"},"geometry":{"type":"Point","coordinates":[112.3,-7.1]}},{"type":"Feature","properties":{"Line":"S105","Sp":"2964.5","X":"648525.5","Y":"9210800.3","NAMOBJ":"Banjarejo","WADMKC":"Sukodadi","WADMKK":"Lamongan"},"geometry":{"type":"Point","coordinates":[112.3,-7.1]}},{"type":"Feature","properties":{"Line":"S105","Sp":"2968.5","X":"648575.5","Y":"9210800.3","NAMOBJ":"Banjarejo","WADMKC":"Sukodadi","WADMKK":"Lamongan"},"geometry":{"type":"Point","coordinates":[112.3,-7.1]}},{"type":"Feature","properties":{"Line":"S105","Sp":"2972.5","X":"648625.5","Y":"9210800.3","NAMOBJ":"Banjarejo","WADMKC":"Sukodadi","WADMKK":"Lamongan"},"geometry":{"type":"Point","coordinates":[112.3,-7.1]}},{"type":"Feature","properties":{"Line":"S105","Sp":"2976.5","X":"648675.5","Y":"9210800.3","NAMOBJ":"Banjarejo","WADMKC":"Sukodadi","WADMKK":"Lamongan"},"geometry":{"type":"Point","coordinates":[112.3,-7.1]}},{"type":"Feature","properties":{"Line":"S105","Sp":"2980.5","X":"648725.5","Y":"9210800.3","NAMOBJ":"Banjarejo","WADMKC":"Sukodadi","WADMKK":"Lamongan"},"geometry":{"type":"Point","coordinates":[112.3,-7.1]}},{"type":"Feature","properties":{"Line":"S105","Sp":"2984.5","X":"648775.5","Y":"9210800.3","NAMOBJ":"Banjarejo","WADMKC":"Sukodadi","WADMKK":"Lamongan"},"geometry":{"type":"Point","coordinates":[112.3,-7.1]}},{"type":"Feature","properties":{"Line":"S105","Sp":"2988.5","X":"648825.5","Y":"9210800.3","NAMOBJ":"Banjarejo","WADMKC":"Sukodadi","WADMKK":"Lamongan"},"geometry":{"type":"Point","coordinates":[112.3,-7.1]}},{"type":"Feature","properties":{"Line":"S105","Sp":"2992.5","X":"648875.5","Y":"9210800.3","NAMOBJ":"Banjarejo","WADMKC":"Sukodadi","WADMKK":"Lamongan"},"geometry":{"type":"Point","coordinates":[112.3,-7.1]}},{"type":"Feature","properties":{"Line":"S105","Sp":"2996.5","X":"648925.5","Y":"9210800.3","NAMOBJ":"Banjarejo","WADMKC":"Sukodadi","WADMKK":"Lamongan"},"geometry":{"type":"Point","coordinates":[112.3,-7.1]}},{"type":"Feature","properties":{"Line":"S105","Sp":"3000.5","X":"648975.5","Y":"9210800.3","NAMOBJ":"Banjarejo","WADMKC":"Sukodadi","WADMKK":"Lamongan"},"geometry":{"type":"Point","coordinates":[112.3,-7.1]}},{"type":"Feature","properties":{"Line":"S105","Sp":"3004.5","X":"649025.5","Y":"9210800.3","NAMOBJ":"Banjarejo","WADMKC":"Sukodadi","WADMKK":"Lamongan"},"geometry":{"type":"Point","coordinates":[112.3,-7.1]}},{"type":"Feature","properties":{"Line":"S105","Sp":"3008.5","X":"649075.5","Y":"9210800.3","NAMOBJ":"Banjarejo","WADMKC":"Sukodadi","WADMKK":"Lamongan"},"geometry":{"type":"Point","coordinates":[112.3,-7.1]}},{"type":"Feature","properties":{"Line":"S138","Sp":"2252.5","X":"648300.5","Y":"9211225.3","NAMOBJ":"Banjarejo","WADMKC":"Sukodadi","WADMKK":"Lamongan"},"geometry":{"type":"Point","coordinates":[112.3,-7.1]}},{"type":"Feature","properties":{"Line":"S138","Sp":"2256.5","X":"648300.5","Y":"9211175.3","NAMOBJ":"Banjarejo","WADMKC":"Sukodadi","WADMKK":"Lamongan"},"geometry":{"type":"Point","coordinates":[112.3,-7.1]}},{"type":"Feature","properties":{"Line":"S138","Sp":"2260.5","X":"648300.5","Y":"9211125.3","NAMOBJ":"Banjarejo","WADMKC":"Sukodadi","WADMKK":"Lamongan"},"geometry":{"type":"Point","coordinates":[112.3,-7.1]}},{"type":"Feature","properties":{"Line":"S138","Sp":"2264.5","X":"648300.5","Y":"9211075.3","NAMOBJ":"Banjarejo","WADMKC":"Sukodadi","WADMKK":"Lamongan"},"geometry":{"type":"Point","coordinates":[112.3,-7.1]}},{"type":"Feature","properties":{"Line":"S138","Sp":"2268.5","X":"648300.5","Y":"9211025.3","NAMOBJ":"Banjarejo","WADMKC":"Sukodadi","WADMKK":"Lamongan"},"geometry":{"type":"Point","coordinates":[112.3,-7.1]}},{"type":"Feature","properties":{"Line":"S138","Sp":"2272.5","X":"648300.5","Y":"9210975.3","NAMOBJ":"Banjarejo","WADMKC":"Sukodadi","WADMKK":"Lamongan"},"geometry":{"type":"Point","coordinates":[112.3,-7.1]}},{"type":"Feature","properties":{"Line":"S138","Sp":"2276.5","X":"648300.5","Y":"9210925.3","NAMOBJ":"Banjarejo","WADMKC":"Sukodadi","WADMKK":"Lamongan"},"geometry":{"type":"Point","coordinates":[112.3,-7.1]}},{"type":"Feature","properties":{"Line":"S138","Sp":"2280.5","X":"648300.5","Y":"9210875.3","NAMOBJ":"Banjarejo","WADMKC":"Sukodadi","WADMKK":"Lamongan"},"geometry":{"type":"Point","coordinates":[112.3,-7.1]}},{"type":"Feature","properties":{"Line":"S138","Sp":"2284.5","X":"648300.5","Y":"9210825.3","NAMOBJ":"Banjarejo","WADMKC":"Sukodadi","WADMKK":"Lamongan"},"geometry":{"type":"Point","coordinates":[112.3,-7.1]}},{"type":"Feature","properties":{"Line":"S138","Sp":"2288.5","X":"648300.5","Y":"9210775.3","NAMOBJ":"Banjarejo","WADMKC":"Sukodadi","WADMKK":"Lamongan"},"geometry":{"type":"Point","coordinates":[112.3,-7.1]}},{"type":"Feature","properties":{"Line":"S138","Sp":"2292.5","X":"648300.5","Y":"9210725.3","NAMOBJ":"Banjarejo","WADMKC":"Sukodadi","WADMKK":"Lamongan"},"geometry":{"type":"Point","coordinates":[112.3,-7.1]}},{"type":"Feature","properties":{"Line":"S138","Sp":"2296.5","X":"648300.5","Y":"9210675.3","NAMOBJ":"Banjarejo","WADMKC":"Sukodadi","WADMKK":"Lamongan"},"geometry":{"type":"Point","coordinates":[112.3,-7.1]}},{"type":"Feature","properties":{"Line":"S138","Sp":"2300.5","X":"648300.5","Y":"9210625.3","NAMOBJ":"Banjarejo","WADMKC":"Sukodadi","WADMKK":"Lamongan"},"geometry":{"type":"Point","coordinates":[112.3,-7.1]}},{"type":"Feature","properties":{"Line":"S138","Sp":"2304.5","X":"648300.5","Y":"9210575.3","NAMOBJ":"Banjarejo","WADMKC":"Sukodadi","WADMKK":"Lamongan"},"geometry":{"type":"Point","coordinates":[112.3,-7.1]}},{"type":"Feature","properties":{"Line":"S138","Sp":"2308.5","X":"648300.5","Y":"9210525.3","NAMOBJ":"Banjarejo","WADMKC":"Sukodadi","WADMKK":"Lamongan"},"geometry":{"type":"Point","coordinates":[112.3,-7.1]}},{"type":"Feature","properties":{"Line":"S138","Sp":"2312.5","X":"648300.5","Y":"9210475.3","NAMOBJ":"Banjarejo","WADMKC":"Sukodadi","WADMKK":"Lamongan"},"geometry":{"type":"Point","coordinates":[112.3,-7.1]}},{"type":"Feature","properties":{"Line":"S138","Sp":"2316.5","X":"648300.5","Y":"9210425.3","NAMOBJ":"Banjarejo","WADMKC":"Sukodadi","WADMKK":"Lamongan"},"geometry":{"type":"Point","coordinates":[112.3,-7.1]}},{"type":"Feature","properties":{"Line":"S138","Sp":"2320.5","X":"648300.5","Y":"9210375.3","NAMOBJ":"Banjarejo","WADMKC":"Sukodadi","WADMKK":"Lamongan"},"geometry":{"type":"Point","coordinates":[112.3,-7.1]}},{"type":"Feature","properties":{"Line":"S138","Sp":"2324.5","X":"648300.5","Y":"9210325.3","NAMOBJ":"Banjarejo","WADMKC":"Sukodadi","WADMKK":"Lamongan"},"geometry":{"type":"Point","coordinates":[112.3,-7.1]}},{"type":"Feature","properties":{"Line":"S138","Sp":"2328.5","X":"648300.5","Y":"9210275.3","NAMOBJ":"Banjarejo","WADMKC":"Sukodadi","WADMKK":"Lamongan"},"geometry":{"type":"Point","coordinates":[112.3,-7.1]}},{"type":"Feature","properties":{"Line":"S138","Sp":"2332.5","X":"648300.5","Y":"9210225.3","NAMOBJ":"Banjarejo","WADMKC":"Sukodadi","WADMKK":"Lamongan"},"geometry":{"type":"Point","coordinates":[112.3,-7.1]}},{"type":"Feature","properties":{"Line":"S138","Sp":"2336.5","X":"648300.5","Y":"9210175.3","NAMOBJ":"Banjarejo","WADMKC":"Sukodadi","WADMKK":"Lamongan"},"geometry":{"type":"Point","coordinates":[112.3,-7.1]}},{"type":"Feature","properties":{"Line":"S138","Sp":"2340.5","X":"648300.5","Y":"9210125.3","NAMOBJ":"Banjarejo","WADMKC":"Sukodadi","WADMKK":"Lamongan"},"geometry":{"type":"Point","coordinates":[112.3,-7.1]}},{"type":"Feature","properties":{"Line":"S138","Sp":"2344.5","X":"648300.5","Y":"9210075.3","NAMOBJ":"Banjarejo","WADMKC":"Sukodadi","WADMKK":"Lamongan"},"geometry":{"type":"Point","coordinates":[112.3,-7.1]}},{"type":"Feature","properties":{"Line":"S138","Sp":"2348.5","X":"648300.5","Y":"9210025.3","NAMOBJ":"Banjarejo","WADMKC":"Sukodadi","WADMKK":"Lamongan"},"geometry":{"type":"Point","coordinates":[112.3,-7.1]}},{"type":"Feature","properties":{"Line":"S138","Sp":"2352.5","X":"648300.5","Y":"9209975.3","NAMOBJ":"Banjarejo","WADMKC":"Sukodadi","WADMKK":"Lamongan"},"geometry":{"type":"Point","coordinates":[112.3,-7.1]}},{"type":"Feature","properties":{"Line":"S138","Sp":"2356.5","X":"648300.5","Y":"9209925.3","NAMOBJ":"Banjarejo","WADMKC":"Sukodadi","WADMKK":"Lamongan"},"geometry":{"type":"Point","coordinates":[112.3,-7.1]}},{"type":"Feature","properties":{"Line":"S138","Sp":"2360.5","X":"648300.5","Y":"9209875.3","NAMOBJ":"Banjarejo","WADMKC":"Sukodadi","WADMKK":"Lamongan"},"geometry":{"type":"Point","coordinates":[112.3,-7.1]}},{"type":"Feature","properties":{"Line":"S119","Sp":"2984.5","X":"647875.5","Y":"9217800.3","NAMOBJ":"Banjarmadu","WADMKC":"Karanggeneng","WADMKK":"Lamongan"},"geometry":{"type":"Point","coordinates":[112.3,-7.1]}},{"type":"Feature","properties":{"Line":"S119","Sp":"2988.5","X":"647925.5","Y":"9217800.3","NAMOBJ":"Banjarmadu","WADMKC":"Karanggeneng","WADMKK":"Lamongan"},"geometry":{"type":"Point","coordinates":[112.3,-7.1]}},{"type":"Feature","properties":{"Line":"S119","Sp":"2992.5","X":"647975.5","Y":"9217800.3","NAMOBJ":"Banjarmadu","WADMKC":"Karanggeneng","WADMKK":"Lamongan"},"geometry":{"type":"Point","coordinates":[112.3,-7.1]}},{"type":"Feature","properties":{"Line":"S119","Sp":"2996.5","X":"648025.5","Y":"9217800.3","NAMOBJ":"Banjarmadu","WADMKC":"Karanggeneng","WADMKK":"Lamongan"},"geometry":{"type":"Point","coordinates":[112.3,-7.1]}},{"type":"Feature","properties":{"Line":"S119","Sp":"3000.5","X":"648075.5","Y":"9217800.3","NAMOBJ":"Banjarmadu","WADMKC":"Karanggeneng","WADMKK":"Lamongan"},"geometry":{"type":"Point","coordinates":[112.3,-7.1]}},{"type":"Feature","properties":{"Line":"S119","Sp":"3004.5","X":"648125.5","Y":"9217800.3","NAMOBJ":"Banjarmadu","WADMKC":"Karanggeneng","WADMKK":"Lamongan"},"geometry":{"type":"Point","coordinates":[112.3,-7.1]}},{"type":"Feature","properties":{"Line":"S119","Sp":"3008.5","X":"648175.5","Y":"9217800.3","NAMOBJ":"Banjarmadu","WADMKC":"Karanggeneng","WADMKK":"Lamongan"},"geometry":{"type":"Point","coordinates":[112.3,-7.1]}},{"type":"Feature","properties":{"Line":"S121","Sp":"2936.5","X":"647175.5","Y":"9218800.3","NAMOBJ":"Banjarmadu","WADMKC":"Karanggeneng","WADMKK":"Lamongan"},"geometry":{"type":"Point","coordinates":[112.3,-7.1]}},{"type":"Feature","properties":{"Line":"S121","Sp":"2940.5","X":"647225.5","Y":"9218800.3","NAMOBJ":"Banjarmadu","WADMKC":"Karanggeneng","WADMKK":"Lamongan"},"geometry":{"type":"Point","coordinates":[112.3,-7.1]}},{"type":"Feature","properties":{"Line":"S121","Sp":"2944.5","X":"647275.5","Y":"9218800.3","NAMOBJ":"Banjarmadu","WADMKC":"Karanggeneng","WADMKK":"Lamongan"},"geometry":{"type":"Point","coordinates":[112.3,-7.1]}},{"type":"Feature","properties":{"Line":"S121","Sp":"2948.5","X":"647325.5","Y":"9218800.3","NAMOBJ":"Banjarmadu","WADMKC":"Karanggeneng","WADMKK":"Lamongan"},"geometry":{"type":"Point","coordinates":[112.3,-7.1]}},{"type":"Feature","properties":{"Line":"S121","Sp":"2952.5","X":"647375.5","Y":"9218800.3","NAMOBJ":"Banjarmadu","WADMKC":"Karanggeneng","WADMKK":"Lamongan"},"geometry":{"type":"Point","coordinates":[112.3,-7.1]}},{"type":"Feature","properties":{"Line":"S121","Sp":"2956.5","X":"647425.5","Y":"9218800.3","NAMOBJ":"Banjarmadu","WADMKC":"Karanggeneng","WADMKK":"Lamongan"},"geometry":{"type":"Point","coordinates":[112.3,-7.1]}},{"type":"Feature","properties":{"Line":"S121","Sp":"2960.5","X":"647475.5","Y":"9218800.3","NAMOBJ":"Banjarmadu","WADMKC":"Karanggeneng","WADMKK":"Lamongan"},"geometry":{"type":"Point","coordinates":[112.3,-7.1]}},{"type":"Feature","properties":{"Line":"S121","Sp":"2964.5","X":"647525.5","Y":"9218800.3","NAMOBJ":"Banjarmadu","WADMKC":"Karanggeneng","WADMKK":"Lamongan"},"geometry":{"type":"Point","coordinates":[112.3,-7.1]}},{"type":"Feature","properties":{"Line":"S121","Sp":"2968.5","X":"647575.5","Y":"9218800.3","NAMOBJ":"Banjarmadu","WADMKC":"Karanggeneng","WADMKK":"Lamongan"},"geometry":{"type":"Point","coordinates":[112.3,-7.1]}},{"type":"Feature","properties":{"Line":"S121","Sp":"2972.5","X":"647625.5","Y":"9218800.3","NAMOBJ":"Banjarmadu","WADMKC":"Karanggeneng","WADMKK":"Lamongan"},"geometry":{"type":"Point","coordinates":[112.3,-7.1]}},{"type":"Feature","properties":{"Line":"S121","Sp":"2976.5","X":"647675.5","Y":"9218800.3","NAMOBJ":"Banjarmadu","WADMKC":"Karanggeneng","WADMKK":"Lamongan"},"geometry":{"type":"Point","coordinates":[112.3,-7.1]}},{"type":"Feature","properties":{"Line":"S121","Sp":"2980.5","X":"647725.5","Y":"9218800.3","NAMOBJ":"Banjarmadu","WADMKC":"Karanggeneng","WADMKK":"Lamongan"},"geometry":{"type":"Point","coordinates":[112.3,-7.1]}},{"type":"Feature","properties":{"Line":"S121","Sp":"2984.5","X":"647775.5","Y":"9218800.3","NAMOBJ":"Banjarmadu","WADMKC":"Karanggeneng","WADMKK":"Lamongan"},"geometry":{"type":"Point","coordinates":[112.3,-7.1]}},{"type":"Feature","properties":{"Line":"S121","Sp":"2988.5","X":"647825.5","Y":"9218800.3","NAMOBJ":"Banjarmadu","WADMKC":"Karanggeneng","WADMKK":"Lamongan"},"geometry":{"type":"Point","coordinates":[112.3,-7.1]}},{"type":"Feature","properties":{"Line":"S121","Sp":"2992.5","X":"647875.5","Y":"9218800.3","NAMOBJ":"Banjarmadu","WADMKC":"Karanggeneng","WADMKK":"Lamongan"},"geometry":{"type":"Point","coordinates":[112.3,-7.1]}},{"type":"Feature","properties":{"Line":"S121","Sp":"2996.5","X":"647925.5","Y":"9218800.3","NAMOBJ":"Banjarmadu","WADMKC":"Karanggeneng","WADMKK":"Lamongan"},"geometry":{"type":"Point","coordinates":[112.3,-7.1]}},{"type":"Feature","properties":{"Line":"S121","Sp":"3000.5","X":"647975.5","Y":"9218800.3","NAMOBJ":"Banjarmadu","WADMKC":"Karanggeneng","WADMKK":"Lamongan"},"geometry":{"type":"Point","coordinates":[112.3,-7.1]}},{"type":"Feature","properties":{"Line":"S121","Sp":"3004.5","X":"648025.5","Y":"9218800.3","NAMOBJ":"Banjarmadu","WADMKC":"Karanggeneng","WADMKK":"Lamongan"},"geometry":{"type":"Point","coordinates":[112.3,-7.1]}},{"type":"Feature","properties":{"Line":"S121","Sp":"3008.5","X":"648075.5","Y":"9218800.3","NAMOBJ":"Banjarmadu","WADMKC":"Karanggeneng","WADMKK":"Lamongan"},"geometry":{"type":"Point","coordinates":[112.3,-7.1]}},{"type":"Feature","properties":{"Line":"S121","Sp":"3012.5","X":"648125.5","Y":"9218800.3","NAMOBJ":"Banjarmadu","WADMKC":"Karanggeneng","WADMKK":"Lamongan"},"geometry":{"type":"Point","coordinates":[112.3,-7.1]}},{"type":"Feature","properties":{"Line":"S121","Sp":"3016.5","X":"648175.5","Y":"9218800.3","NAMOBJ":"Banjarmadu","WADMKC":"Karanggeneng","WADMKK":"Lamongan"},"geometry":{"type":"Point","coordinates":[112.3,-7.1]}},{"type":"Feature","properties":{"Line":"S121","Sp":"3020.5","X":"648225.5","Y":"9218800.3","NAMOBJ":"Banjarmadu","WADMKC":"Karanggeneng","WADMKK":"Lamongan"},"geometry":{"type":"Point","coordinates":[112.3,-7.1]}},{"type":"Feature","properties":{"Line":"S121","Sp":"3024.5","X":"648275.5","Y":"9218800.3","NAMOBJ":"Banjarmadu","WADMKC":"Karanggeneng","WADMKK":"Lamongan"},"geometry":{"type":"Point","coordinates":[112.3,-7.1]}},{"type":"Feature","properties":{"Line":"S121","Sp":"3028.5","X":"648325.5","Y":"9218800.3","NAMOBJ":"Banjarmadu","WADMKC":"Karanggeneng","WADMKK":"Lamongan"},"geometry":{"type":"Point","coordinates":[112.3,-7.1]}},{"type":"Feature","properties":{"Line":"S121","Sp":"3032.5","X":"648375.5","Y":"9218800.3","NAMOBJ":"Banjarmadu","WADMKC":"Karanggeneng","WADMKK":"Lamongan"},"geometry":{"type":"Point","coordinates":[112.3,-7.1]}},{"type":"Feature","properties":{"Line":"S121","Sp":"3036.5","X":"648425.5","Y":"9218800.3","NAMOBJ":"Banjarmadu","WADMKC":"Karanggeneng","WADMKK":"Lamongan"},"geometry":{"type":"Point","coordinates":[112.3,-7.1]}},{"type":"Feature","properties":{"Line":"S121","Sp":"3040.5","X":"648475.5","Y":"9218800.3","NAMOBJ":"Banjarmadu","WADMKC":"Karanggeneng","WADMKK":"Lamongan"},"geometry":{"type":"Point","coordinates":[112.3,-7.1]}},{"type":"Feature","properties":{"Line":"S123","Sp":"2960.5","X":"647425.5","Y":"9219800.3","NAMOBJ":"Banjarmadu","WADMKC":"Karanggeneng","WADMKK":"Lamongan"},"geometry":{"type":"Point","coordinates":[112.3,-7.1]}},{"type":"Feature","properties":{"Line":"S123","Sp":"2964.5","X":"647475.5","Y":"9219800.3","NAMOBJ":"Banjarmadu","WADMKC":"Karanggeneng","WADMKK":"Lamongan"},"geometry":{"type":"Point","coordinates":[112.3,-7.1]}},{"type":"Feature","properties":{"Line":"S123","Sp":"2968.5","X":"647525.5","Y":"9219800.3","NAMOBJ":"Banjarmadu","WADMKC":"Karanggeneng","WADMKK":"Lamongan"},"geometry":{"type":"Point","coordinates":[112.3,-7.1]}},{"type":"Feature","properties":{"Line":"S123","Sp":"2972.5","X":"647575.5","Y":"9219800.3","NAMOBJ":"Banjarmadu","WADMKC":"Karanggeneng","WADMKK":"Lamongan"},"geometry":{"type":"Point","coordinates":[112.3,-7.1]}},{"type":"Feature","properties":{"Line":"S123","Sp":"2976.5","X":"647625.5","Y":"9219800.3","NAMOBJ":"Banjarmadu","WADMKC":"Karanggeneng","WADMKK":"Lamongan"},"geometry":{"type":"Point","coordinates":[112.3,-7.1]}},{"type":"Feature","properties":{"Line":"S123","Sp":"2980.5","X":"647675.5","Y":"9219800.3","NAMOBJ":"Banjarmadu","WADMKC":"Karanggeneng","WADMKK":"Lamongan"},"geometry":{"type":"Point","coordinates":[112.3,-7.1]}},{"type":"Feature","properties":{"Line":"S123","Sp":"2984.5","X":"647725.5","Y":"9219800.3","NAMOBJ":"Banjarmadu","WADMKC":"Karanggeneng","WADMKK":"Lamongan"},"geometry":{"type":"Point","coordinates":[112.3,-7.1]}},{"type":"Feature","properties":{"Line":"S123","Sp":"2988.5","X":"647775.5","Y":"9219800.3","NAMOBJ":"Banjarmadu","WADMKC":"Karanggeneng","WADMKK":"Lamongan"},"geometry":{"type":"Point","coordinates":[112.3,-7.1]}},{"type":"Feature","properties":{"Line":"S123","Sp":"2992.5","X":"647825.5","Y":"9219800.3","NAMOBJ":"Banjarmadu","WADMKC":"Karanggeneng","WADMKK":"Lamongan"},"geometry":{"type":"Point","coordinates":[112.3,-7.1]}},{"type":"Feature","properties":{"Line":"S123","Sp":"2996.5","X":"647875.5","Y":"9219800.3","NAMOBJ":"Banjarmadu","WADMKC":"Karanggeneng","WADMKK":"Lamongan"},"geometry":{"type":"Point","coordinates":[112.3,-7.1]}},{"type":"Feature","properties":{"Line":"S123","Sp":"3000.5","X":"647925.5","Y":"9219800.3","NAMOBJ":"Banjarmadu","WADMKC":"Karanggeneng","WADMKK":"Lamongan"},"geometry":{"type":"Point","coordinates":[112.3,-7.1]}},{"type":"Feature","properties":{"Line":"S123","Sp":"3004.5","X":"647975.5","Y":"9219800.3","NAMOBJ":"Banjarmadu","WADMKC":"Karanggeneng","WADMKK":"Lamongan"},"geometry":{"type":"Point","coordinates":[112.3,-7.1]}},{"type":"Feature","properties":{"Line":"S123","Sp":"3008.5","X":"648025.5","Y":"9219800.3","NAMOBJ":"Banjarmadu","WADMKC":"Karanggeneng","WADMKK":"Lamongan"},"geometry":{"type":"Point","coordinates":[112.3,-7.1]}},{"type":"Feature","properties":{"Line":"S123","Sp":"3012.5","X":"648075.5","Y":"9219800.3","NAMOBJ":"Banjarmadu","WADMKC":"Karanggeneng","WADMKK":"Lamongan"},"geometry":{"type":"Point","coordinates":[112.3,-7.1]}},{"type":"Feature","properties":{"Line":"S123","Sp":"3016.5","X":"648125.5","Y":"9219800.3","NAMOBJ":"Banjarmadu","WADMKC":"Karanggeneng","WADMKK":"Lamongan"},"geometry":{"type":"Point","coordinates":[112.3,-7.1]}},{"type":"Feature","properties":{"Line":"S123","Sp":"3020.5","X":"648175.5","Y":"9219800.3","NAMOBJ":"Banjarmadu","WADMKC":"Karanggeneng","WADMKK":"Lamongan"},"geometry":{"type":"Point","coordinates":[112.3,-7.1]}},{"type":"Feature","properties":{"Line":"S123","Sp":"3024.5","X":"648225.5","Y":"9219800.3","NAMOBJ":"Banjarmadu","WADMKC":"Karanggeneng","WADMKK":"Lamongan"},"geometry":{"type":"Point","coordinates":[112.3,-7.1]}},{"type":"Feature","properties":{"Line":"S123","Sp":"3028.5","X":"648275.5","Y":"9219800.3","NAMOBJ":"Banjarmadu","WADMKC":"Karanggeneng","WADMKK":"Lamongan"},"geometry":{"type":"Point","coordinates":[112.3,-7.1]}},{"type":"Feature","properties":{"Line":"S123","Sp":"3032.5","X":"648325.5","Y":"9219800.3","NAMOBJ":"Banjarmadu","WADMKC":"Karanggeneng","WADMKK":"Lamongan"},"geometry":{"type":"Point","coordinates":[112.3,-7.1]}},{"type":"Feature","properties":{"Line":"S123","Sp":"3036.5","X":"648375.5","Y":"9219800.3","NAMOBJ":"Banjarmadu","WADMKC":"Karanggeneng","WADMKK":"Lamongan"},"geometry":{"type":"Point","coordinates":[112.3,-7.1]}},{"type":"Feature","properties":{"Line":"S123","Sp":"3040.5","X":"648425.5","Y":"9219800.3","NAMOBJ":"Banjarmadu","WADMKC":"Karanggeneng","WADMKK":"Lamongan"},"geometry":{"type":"Point","coordinates":[112.3,-7.1]}},{"type":"Feature","properties":{"Line":"S123","Sp":"3044.5","X":"648475.5","Y":"9219800.3","NAMOBJ":"Banjarmadu","WADMKC":"Karanggeneng","WADMKK":"Lamongan"},"geometry":{"type":"Point","coordinates":[112.3,-7.1]}},{"type":"Feature","properties":{"Line":"S123","Sp":"3048.5","X":"648525.5","Y":"9219800.3","NAMOBJ":"Banjarmadu","WADMKC":"Karanggeneng","WADMKK":"Lamongan"},"geometry":{"type":"Point","coordinates":[112.3,-7.1]}},{"type":"Feature","properties":{"Line":"S123","Sp":"3052.5","X":"648575.5","Y":"9219800.3","NAMOBJ":"Banjarmadu","WADMKC":"Karanggeneng","WADMKK":"Lamongan"},"geometry":{"type":"Point","coordinates":[112.3,-7.1]}},{"type":"Feature","properties":{"Line":"S136","Sp":"1608.5","X":"647300.5","Y":"9219275.3","NAMOBJ":"Banjarmadu","WADMKC":"Karanggeneng","WADMKK":"Lamongan"},"geometry":{"type":"Point","coordinates":[112.3,-7.1]}},{"type":"Feature","properties":{"Line":"S136","Sp":"1612.5","X":"647300.5","Y":"9219225.3","NAMOBJ":"Banjarmadu","WADMKC":"Karanggeneng","WADMKK":"Lamongan"},"geometry":{"type":"Point","coordinates":[112.3,-7.1]}},{"type":"Feature","properties":{"Line":"S136","Sp":"1616.5","X":"647300.5","Y":"9219175.3","NAMOBJ":"Banjarmadu","WADMKC":"Karanggeneng","WADMKK":"Lamongan"},"geometry":{"type":"Point","coordinates":[112.3,-7.1]}},{"type":"Feature","properties":{"Line":"S136","Sp":"1620.5","X":"647300.5","Y":"9219125.3","NAMOBJ":"Banjarmadu","WADMKC":"Karanggeneng","WADMKK":"Lamongan"},"geometry":{"type":"Point","coordinates":[112.3,-7.1]}},{"type":"Feature","properties":{"Line":"S136","Sp":"1624.5","X":"647300.5","Y":"9219075.3","NAMOBJ":"Banjarmadu","WADMKC":"Karanggeneng","WADMKK":"Lamongan"},"geometry":{"type":"Point","coordinates":[112.3,-7.1]}},{"type":"Feature","properties":{"Line":"S136","Sp":"1628.5","X":"647300.5","Y":"9219025.3","NAMOBJ":"Banjarmadu","WADMKC":"Karanggeneng","WADMKK":"Lamongan"},"geometry":{"type":"Point","coordinates":[112.3,-7.1]}},{"type":"Feature","properties":{"Line":"S136","Sp":"1632.5","X":"647300.5","Y":"9218975.3","NAMOBJ":"Banjarmadu","WADMKC":"Karanggeneng","WADMKK":"Lamongan"},"geometry":{"type":"Point","coordinates":[112.3,-7.1]}},{"type":"Feature","properties":{"Line":"S136","Sp":"1636.5","X":"647300.5","Y":"9218925.3","NAMOBJ":"Banjarmadu","WADMKC":"Karanggeneng","WADMKK":"Lamongan"},"geometry":{"type":"Point","coordinates":[112.3,-7.1]}},{"type":"Feature","properties":{"Line":"S136","Sp":"1640.5","X":"647300.5","Y":"9218875.3","NAMOBJ":"Banjarmadu","WADMKC":"Karanggeneng","WADMKK":"Lamongan"},"geometry":{"type":"Point","coordinates":[112.3,-7.1]}},{"type":"Feature","properties":{"Line":"S136","Sp":"1644.5","X":"647300.5","Y":"9218825.3","NAMOBJ":"Banjarmadu","WADMKC":"Karanggeneng","WADMKK":"Lamongan"},"geometry":{"type":"Point","coordinates":[112.3,-7.1]}},{"type":"Feature","properties":{"Line":"S136","Sp":"1648.5","X":"647300.5","Y":"9218775.3","NAMOBJ":"Banjarmadu","WADMKC":"Karanggeneng","WADMKK":"Lamongan"},"geometry":{"type":"Point","coordinates":[112.3,-7.1]}},{"type":"Feature","properties":{"Line":"S136","Sp":"1676.5","X":"647300.5","Y":"9218425.3","NAMOBJ":"Banjarmadu","WADMKC":"Karanggeneng","WADMKK":"Lamongan"},"geometry":{"type":"Point","coordinates":[112.3,-7.1]}},{"type":"Feature","properties":{"Line":"S136","Sp":"1680.5","X":"647300.5","Y":"9218375.3","NAMOBJ":"Banjarmadu","WADMKC":"Karanggeneng","WADMKK":"Lamongan"},"geometry":{"type":"Point","coordinates":[112.3,-7.1]}},{"type":"Feature","properties":{"Line":"S136","Sp":"1684.5","X":"647300.5","Y":"9218325.3","NAMOBJ":"Banjarmadu","WADMKC":"Karanggeneng","WADMKK":"Lamongan"},"geometry":{"type":"Point","coordinates":[112.3,-7.1]}},{"type":"Feature","properties":{"Line":"S136","Sp":"1704.5","X":"647300.5","Y":"9218075.3","NAMOBJ":"Banjarmadu","WADMKC":"Karanggeneng","WADMKK":"Lamongan"},"geometry":{"type":"Point","coordinates":[112.3,-7.1]}},{"type":"Feature","properties":{"Line":"S138","Sp":"1512.5","X":"648300.5","Y":"9220475.3","NAMOBJ":"Banjarmadu","WADMKC":"Karanggeneng","WADMKK":"Lamongan"},"geometry":{"type":"Point","coordinates":[112.3,-7.1]}},{"type":"Feature","properties":{"Line":"S138","Sp":"1516.5","X":"648300.5","Y":"9220425.3","NAMOBJ":"Banjarmadu","WADMKC":"Karanggeneng","WADMKK":"Lamongan"},"geometry":{"type":"Point","coordinates":[112.3,-7.1]}},{"type":"Feature","properties":{"Line":"S138","Sp":"1520.5","X":"648300.5","Y":"9220375.3","NAMOBJ":"Banjarmadu","WADMKC":"Karanggeneng","WADMKK":"Lamongan"},"geometry":{"type":"Point","coordinates":[112.3,-7.1]}},{"type":"Feature","properties":{"Line":"S138","Sp":"1524.5","X":"648300.5","Y":"9220325.3","NAMOBJ":"Banjarmadu","WADMKC":"Karanggeneng","WADMKK":"Lamongan"},"geometry":{"type":"Point","coordinates":[112.3,-7.1]}},{"type":"Feature","properties":{"Line":"S138","Sp":"1528.5","X":"648300.5","Y":"9220275.3","NAMOBJ":"Banjarmadu","WADMKC":"Karanggeneng","WADMKK":"Lamongan"},"geometry":{"type":"Point","coordinates":[112.3,-7.1]}},{"type":"Feature","properties":{"Line":"S138","Sp":"1532.5","X":"648300.5","Y":"9220225.3","NAMOBJ":"Banjarmadu","WADMKC":"Karanggeneng","WADMKK":"Lamongan"},"geometry":{"type":"Point","coordinates":[112.3,-7.1]}},{"type":"Feature","properties":{"Line":"S138","Sp":"1536.5","X":"648300.5","Y":"9220175.3","NAMOBJ":"Banjarmadu","WADMKC":"Karanggeneng","WADMKK":"Lamongan"},"geometry":{"type":"Point","coordinates":[112.3,-7.1]}},{"type":"Feature","properties":{"Line":"S138","Sp":"1540.5","X":"648300.5","Y":"9220125.3","NAMOBJ":"Banjarmadu","WADMKC":"Karanggeneng","WADMKK":"Lamongan"},"geometry":{"type":"Point","coordinates":[112.3,-7.1]}},{"type":"Feature","properties":{"Line":"S138","Sp":"1544.5","X":"648300.5","Y":"9220075.3","NAMOBJ":"Banjarmadu","WADMKC":"Karanggeneng","WADMKK":"Lamongan"},"geometry":{"type":"Point","coordinates":[112.3,-7.1]}},{"type":"Feature","properties":{"Line":"S138","Sp":"1548.5","X":"648300.5","Y":"9220025.3","NAMOBJ":"Banjarmadu","WADMKC":"Karanggeneng","WADMKK":"Lamongan"},"geometry":{"type":"Point","coordinates":[112.3,-7.1]}},{"type":"Feature","properties":{"Line":"S138","Sp":"1552.5","X":"648300.5","Y":"9219975.3","NAMOBJ":"Banjarmadu","WADMKC":"Karanggeneng","WADMKK":"Lamongan"},"geometry":{"type":"Point","coordinates":[112.3,-7.1]}},{"type":"Feature","properties":{"Line":"S138","Sp":"1556.5","X":"648300.5","Y":"9219925.3","NAMOBJ":"Banjarmadu","WADMKC":"Karanggeneng","WADMKK":"Lamongan"},"geometry":{"type":"Point","coordinates":[112.3,-7.1]}},{"type":"Feature","properties":{"Line":"S138","Sp":"1560.5","X":"648300.5","Y":"9219875.3","NAMOBJ":"Banjarmadu","WADMKC":"Karanggeneng","WADMKK":"Lamongan"},"geometry":{"type":"Point","coordinates":[112.3,-7.1]}},{"type":"Feature","properties":{"Line":"S138","Sp":"1564.5","X":"648300.5","Y":"9219825.3","NAMOBJ":"Banjarmadu","WADMKC":"Karanggeneng","WADMKK":"Lamongan"},"geometry":{"type":"Point","coordinates":[112.3,-7.1]}},{"type":"Feature","properties":{"Line":"S138","Sp":"1568.5","X":"648300.5","Y":"9219775.3","NAMOBJ":"Banjarmadu","WADMKC":"Karanggeneng","WADMKK":"Lamongan"},"geometry":{"type":"Point","coordinates":[112.3,-7.1]}},{"type":"Feature","properties":{"Line":"S138","Sp":"1572.5","X":"648300.5","Y":"9219725.3","NAMOBJ":"Banjarmadu","WADMKC":"Karanggeneng","WADMKK":"Lamongan"},"geometry":{"type":"Point","coordinates":[112.3,-7.1]}},{"type":"Feature","properties":{"Line":"S138","Sp":"1576.5","X":"648300.5","Y":"9219675.3","NAMOBJ":"Banjarmadu","WADMKC":"Karanggeneng","WADMKK":"Lamongan"},"geometry":{"type":"Point","coordinates":[112.3,-7.1]}},{"type":"Feature","properties":{"Line":"S138","Sp":"1580.5","X":"648300.5","Y":"9219625.3","NAMOBJ":"Banjarmadu","WADMKC":"Karanggeneng","WADMKK":"Lamongan"},"geometry":{"type":"Point","coordinates":[112.3,-7.1]}},{"type":"Feature","properties":{"Line":"S138","Sp":"1584.5","X":"648300.5","Y":"9219575.3","NAMOBJ":"Banjarmadu","WADMKC":"Karanggeneng","WADMKK":"Lamongan"},"geometry":{"type":"Point","coordinates":[112.3,-7.1]}},{"type":"Feature","properties":{"Line":"S138","Sp":"1588.5","X":"648300.5","Y":"9219525.3","NAMOBJ":"Banjarmadu","WADMKC":"Karanggeneng","WADMKK":"Lamongan"},"geometry":{"type":"Point","coordinates":[112.3,-7.1]}},{"type":"Feature","properties":{"Line":"S138","Sp":"1592.5","X":"648300.5","Y":"9219475.3","NAMOBJ":"Banjarmadu","WADMKC":"Karanggeneng","WADMKK":"Lamongan"},"geometry":{"type":"Point","coordinates":[112.3,-7.1]}},{"type":"Feature","properties":{"Line":"S138","Sp":"1596.5","X":"648300.5","Y":"9219425.3","NAMOBJ":"Banjarmadu","WADMKC":"Karanggeneng","WADMKK":"Lamongan"},"geometry":{"type":"Point","coordinates":[112.3,-7.1]}},{"type":"Feature","properties":{"Line":"S138","Sp":"1600.5","X":"648300.5","Y":"9219375.3","NAMOBJ":"Banjarmadu","WADMKC":"Karanggeneng","WADMKK":"Lamongan"},"geometry":{"type":"Point","coordinates":[112.3,-7.1]}},{"type":"Feature","properties":{"Line":"S138","Sp":"1604.5","X":"648300.5","Y":"9219325.3","NAMOBJ":"Banjarmadu","WADMKC":"Karanggeneng","WADMKK":"Lamongan"},"geometry":{"type":"Point","coordinates":[112.3,-7.1]}},{"type":"Feature","properties":{"Line":"S138","Sp":"1608.5","X":"648300.5","Y":"9219275.3","NAMOBJ":"Banjarmadu","WADMKC":"Karanggeneng","WADMKK":"Lamongan"},"geometry":{"type":"Point","coordinates":[112.3,-7.1]}},{"type":"Feature","properties":{"Line":"S138","Sp":"1612.5","X":"648300.5","Y":"9219225.3","NAMOBJ":"Banjarmadu","WADMKC":"Karanggeneng","WADMKK":"Lamongan"},"geometry":{"type":"Point","coordinates":[112.3,-7.1]}},{"type":"Feature","properties":{"Line":"S138","Sp":"1616.5","X":"648300.5","Y":"9219175.3","NAMOBJ":"Banjarmadu","WADMKC":"Karanggeneng","WADMKK":"Lamongan"},"geometry":{"type":"Point","coordinates":[112.3,-7.1]}},{"type":"Feature","properties":{"Line":"S138","Sp":"1620.5","X":"648300.5","Y":"9219125.3","NAMOBJ":"Banjarmadu","WADMKC":"Karanggeneng","WADMKK":"Lamongan"},"geometry":{"type":"Point","coordinates":[112.3,-7.1]}},{"type":"Feature","properties":{"Line":"S138","Sp":"1624.5","X":"648300.5","Y":"9219075.3","NAMOBJ":"Banjarmadu","WADMKC":"Karanggeneng","WADMKK":"Lamongan"},"geometry":{"type":"Point","coordinates":[112.3,-7.1]}},{"type":"Feature","properties":{"Line":"S138","Sp":"1628.5","X":"648300.5","Y":"9219025.3","NAMOBJ":"Banjarmadu","WADMKC":"Karanggeneng","WADMKK":"Lamongan"},"geometry":{"type":"Point","coordinates":[112.3,-7.1]}},{"type":"Feature","properties":{"Line":"S138","Sp":"1632.5","X":"648300.5","Y":"9218975.3","NAMOBJ":"Banjarmadu","WADMKC":"Karanggeneng","WADMKK":"Lamongan"},"geometry":{"type":"Point","coordinates":[112.3,-7.1]}},{"type":"Feature","properties":{"Line":"S138","Sp":"1636.5","X":"648300.5","Y":"9218925.3","NAMOBJ":"Banjarmadu","WADMKC":"Karanggeneng","WADMKK":"Lamongan"},"geometry":{"type":"Point","coordinates":[112.3,-7.1]}},{"type":"Feature","properties":{"Line":"S138","Sp":"1640.5","X":"648300.5","Y":"9218875.3","NAMOBJ":"Banjarmadu","WADMKC":"Karanggeneng","WADMKK":"Lamongan"},"geometry":{"type":"Point","coordinates":[112.3,-7.1]}},{"type":"Feature","properties":{"Line":"S138","Sp":"1644.5","X":"648300.5","Y":"9218825.3","NAMOBJ":"Banjarmadu","WADMKC":"Karanggeneng","WADMKK":"Lamongan"},"geometry":{"type":"Point","coordinates":[112.3,-7.1]}},{"type":"Feature","properties":{"Line":"S138","Sp":"1648.5","X":"648300.5","Y":"9218775.3","NAMOBJ":"Banjarmadu","WADMKC":"Karanggeneng","WADMKK":"Lamongan"},"geometry":{"type":"Point","coordinates":[112.3,-7.1]}},{"type":"Feature","properties":{"Line":"S138","Sp":"1652.5","X":"648300.5","Y":"9218725.3","NAMOBJ":"Banjarmadu","WADMKC":"Karanggeneng","WADMKK":"Lamongan"},"geometry":{"type":"Point","coordinates":[112.3,-7.1]}},{"type":"Feature","properties":{"Line":"S138","Sp":"1656.5","X":"648300.5","Y":"9218675.3","NAMOBJ":"Banjarmadu","WADMKC":"Karanggeneng","WADMKK":"Lamongan"},"geometry":{"type":"Point","coordinates":[112.3,-7.1]}},{"type":"Feature","properties":{"Line":"S138","Sp":"1660.5","X":"648300.5","Y":"9218625.3","NAMOBJ":"Banjarmadu","WADMKC":"Karanggeneng","WADMKK":"Lamongan"},"geometry":{"type":"Point","coordinates":[112.3,-7.1]}},{"type":"Feature","properties":{"Line":"S138","Sp":"1664.5","X":"648300.5","Y":"9218575.3","NAMOBJ":"Banjarmadu","WADMKC":"Karanggeneng","WADMKK":"Lamongan"},"geometry":{"type":"Point","coordinates":[112.3,-7.1]}},{"type":"Feature","properties":{"Line":"S138","Sp":"1668.5","X":"648300.5","Y":"9218525.3","NAMOBJ":"Banjarmadu","WADMKC":"Karanggeneng","WADMKK":"Lamongan"},"geometry":{"type":"Point","coordinates":[112.3,-7.1]}},{"type":"Feature","properties":{"Line":"S138","Sp":"1672.5","X":"648300.5","Y":"9218475.3","NAMOBJ":"Banjarmadu","WADMKC":"Karanggeneng","WADMKK":"Lamongan"},"geometry":{"type":"Point","coordinates":[112.3,-7.1]}},{"type":"Feature","properties":{"Line":"S138","Sp":"1676.5","X":"648300.5","Y":"9218425.3","NAMOBJ":"Banjarmadu","WADMKC":"Karanggeneng","WADMKK":"Lamongan"},"geometry":{"type":"Point","coordinates":[112.3,-7.1]}},{"type":"Feature","properties":{"Line":"S138","Sp":"1680.5","X":"648300.5","Y":"9218375.3","NAMOBJ":"Banjarmadu","WADMKC":"Karanggeneng","WADMKK":"Lamongan"},"geometry":{"type":"Point","coordinates":[112.3,-7.1]}},{"type":"Feature","properties":{"Line":"S138","Sp":"1684.5","X":"648300.5","Y":"9218325.3","NAMOBJ":"Banjarmadu","WADMKC":"Karanggeneng","WADMKK":"Lamongan"},"geometry":{"type":"Point","coordinates":[112.3,-7.1]}},{"type":"Feature","properties":{"Line":"S138","Sp":"1688.5","X":"648300.5","Y":"9218275.3","NAMOBJ":"Banjarmadu","WADMKC":"Karanggeneng","WADMKK":"Lamongan"},"geometry":{"type":"Point","coordinates":[112.3,-7.1]}},{"type":"Feature","properties":{"Line":"S138","Sp":"1692.5","X":"648300.5","Y":"9218225.3","NAMOBJ":"Banjarmadu","WADMKC":"Karanggeneng","WADMKK":"Lamongan"},"geometry":{"type":"Point","coordinates":[112.3,-7.1]}},{"type":"Feature","properties":{"Line":"S119","Sp":"2528.5","X":"642175.5","Y":"9217800.3","NAMOBJ":"Bugel","WADMKC":"Sekaran","WADMKK":"Lamongan"},"geometry":{"type":"Point","coordinates":[112.3,-7.1]}},{"type":"Feature","properties":{"Line":"S119","Sp":"2532.5","X":"642225.5","Y":"9217800.3","NAMOBJ":"Bugel","WADMKC":"Sekaran","WADMKK":"Lamongan"},"geometry":{"type":"Point","coordinates":[112.3,-7.1]}},{"type":"Feature","properties":{"Line":"S119","Sp":"2536.5","X":"642275.5","Y":"9217800.3","NAMOBJ":"Bugel","WADMKC":"Sekaran","WADMKK":"Lamongan"},"geometry":{"type":"Point","coordinates":[112.3,-7.1]}},{"type":"Feature","properties":{"Line":"S119","Sp":"2540.5","X":"642325.5","Y":"9217800.3","NAMOBJ":"Bugel","WADMKC":"Sekaran","WADMKK":"Lamongan"},"geometry":{"type":"Point","coordinates":[112.3,-7.1]}},{"type":"Feature","properties":{"Line":"S119","Sp":"2544.5","X":"642375.5","Y":"9217800.3","NAMOBJ":"Bugel","WADMKC":"Sekaran","WADMKK":"Lamongan"},"geometry":{"type":"Point","coordinates":[112.3,-7.1]}},{"type":"Feature","properties":{"Line":"S121","Sp":"2540.5","X":"642225.5","Y":"9218800.3","NAMOBJ":"Bugel","WADMKC":"Sekaran","WADMKK":"Lamongan"},"geometry":{"type":"Point","coordinates":[112.3,-7.1]}},{"type":"Feature","properties":{"Line":"S121","Sp":"2544.5","X":"642275.5","Y":"9218800.3","NAMOBJ":"Bugel","WADMKC":"Sekaran","WADMKK":"Lamongan"},"geometry":{"type":"Point","coordinates":[112.3,-7.1]}},{"type":"Feature","properties":{"Line":"S121","Sp":"2548.5","X":"642325.5","Y":"9218800.3","NAMOBJ":"Bugel","WADMKC":"Sekaran","WADMKK":"Lamongan"},"geometry":{"type":"Point","coordinates":[112.3,-7.1]}},{"type":"Feature","properties":{"Line":"S121","Sp":"2552.5","X":"642375.5","Y":"9218800.3","NAMOBJ":"Bugel","WADMKC":"Sekaran","WADMKK":"Lamongan"},"geometry":{"type":"Point","coordinates":[112.3,-7.1]}},{"type":"Feature","properties":{"Line":"S121","Sp":"2556.5","X":"642425.5","Y":"9218800.3","NAMOBJ":"Bugel","WADMKC":"Sekaran","WADMKK":"Lamongan"},"geometry":{"type":"Point","coordinates":[112.3,-7.1]}},{"type":"Feature","properties":{"Line":"S121","Sp":"2560.5","X":"642475.5","Y":"9218800.3","NAMOBJ":"Bugel","WADMKC":"Sekaran","WADMKK":"Lamongan"},"geometry":{"type":"Point","coordinates":[112.3,-7.1]}},{"type":"Feature","properties":{"Line":"S121","Sp":"2564.5","X":"642525.5","Y":"9218800.3","NAMOBJ":"Bugel","WADMKC":"Sekaran","WADMKK":"Lamongan"},"geometry":{"type":"Point","coordinates":[112.3,-7.1]}},{"type":"Feature","properties":{"Line":"S121","Sp":"2568.5","X":"642575.5","Y":"9218800.3","NAMOBJ":"Bugel","WADMKC":"Sekaran","WADMKK":"Lamongan"},"geometry":{"type":"Point","coordinates":[112.3,-7.1]}},{"type":"Feature","properties":{"Line":"S121","Sp":"2572.5","X":"642625.5","Y":"9218800.3","NAMOBJ":"Bugel","WADMKC":"Sekaran","WADMKK":"Lamongan"},"geometry":{"type":"Point","coordinates":[112.3,-7.1]}},{"type":"Feature","properties":{"Line":"S121","Sp":"2576.5","X":"642675.5","Y":"9218800.3","NAMOBJ":"Bugel","WADMKC":"Sekaran","WADMKK":"Lamongan"},"geometry":{"type":"Point","coordinates":[112.3,-7.1]}},{"type":"Feature","properties":{"Line":"S121","Sp":"2580.5","X":"642725.5","Y":"9218800.3","NAMOBJ":"Bugel","WADMKC":"Sekaran","WADMKK":"Lamongan"},"geometry":{"type":"Point","coordinates":[112.3,-7.1]}},{"type":"Feature","properties":{"Line":"S121","Sp":"2584.5","X":"642775.5","Y":"9218800.3","NAMOBJ":"Bugel","WADMKC":"Sekaran","WADMKK":"Lamongan"},"geometry":{"type":"Point","coordinates":[112.3,-7.1]}},{"type":"Feature","properties":{"Line":"S126","Sp":"1676.5","X":"642300.5","Y":"9219175.3","NAMOBJ":"Bugel","WADMKC":"Sekaran","WADMKK":"Lamongan"},"geometry":{"type":"Point","coordinates":[112.3,-7.1]}},{"type":"Feature","properties":{"Line":"S126","Sp":"1680.5","X":"642300.5","Y":"9219125.3","NAMOBJ":"Bugel","WADMKC":"Sekaran","WADMKK":"Lamongan"},"geometry":{"type":"Point","coordinates":[112.3,-7.1]}},{"type":"Feature","properties":{"Line":"S126","Sp":"1684.5","X":"642300.5","Y":"9219075.3","NAMOBJ":"Bugel","WADMKC":"Sekaran","WADMKK":"Lamongan"},"geometry":{"type":"Point","coordinates":[112.3,-7.1]}},{"type":"Feature","properties":{"Line":"S126","Sp":"1688.5","X":"642300.5","Y":"9219025.3","NAMOBJ":"Bugel","WADMKC":"Sekaran","WADMKK":"Lamongan"},"geometry":{"type":"Point","coordinates":[112.3,-7.1]}},{"type":"Feature","properties":{"Line":"S126","Sp":"1692.5","X":"642300.5","Y":"9218975.3","NAMOBJ":"Bugel","WADMKC":"Sekaran","WADMKK":"Lamongan"},"geometry":{"type":"Point","coordinates":[112.3,-7.1]}},{"type":"Feature","properties":{"Line":"S126","Sp":"1696.5","X":"642300.5","Y":"9218925.3","NAMOBJ":"Bugel","WADMKC":"Sekaran","WADMKK":"Lamongan"},"geometry":{"type":"Point","coordinates":[112.3,-7.1]}},{"type":"Feature","properties":{"Line":"S126","Sp":"1700.5","X":"642300.5","Y":"9218875.3","NAMOBJ":"Bugel","WADMKC":"Sekaran","WADMKK":"Lamongan"},"geometry":{"type":"Point","coordinates":[112.3,-7.1]}},{"type":"Feature","properties":{"Line":"S126","Sp":"1704.5","X":"642300.5","Y":"9218825.3","NAMOBJ":"Bugel","WADMKC":"Sekaran","WADMKK":"Lamongan"},"geometry":{"type":"Point","coordinates":[112.3,-7.1]}},{"type":"Feature","properties":{"Line":"S126","Sp":"1708.5","X":"642300.5","Y":"9218775.3","NAMOBJ":"Bugel","WADMKC":"Sekaran","WADMKK":"Lamongan"},"geometry":{"type":"Point","coordinates":[112.3,-7.1]}},{"type":"Feature","properties":{"Line":"S126","Sp":"1712.5","X":"642300.5","Y":"9218725.3","NAMOBJ":"Bugel","WADMKC":"Sekaran","WADMKK":"Lamongan"},"geometry":{"type":"Point","coordinates":[112.3,-7.1]}},{"type":"Feature","properties":{"Line":"S126","Sp":"1716.5","X":"642300.5","Y":"9218675.3","NAMOBJ":"Bugel","WADMKC":"Sekaran","WADMKK":"Lamongan"},"geometry":{"type":"Point","coordinates":[112.3,-7.1]}},{"type":"Feature","properties":{"Line":"S126","Sp":"1720.5","X":"642300.5","Y":"9218625.3","NAMOBJ":"Bugel","WADMKC":"Sekaran","WADMKK":"Lamongan"},"geometry":{"type":"Point","coordinates":[112.3,-7.1]}},{"type":"Feature","properties":{"Line":"S126","Sp":"1724.5","X":"642300.5","Y":"9218575.3","NAMOBJ":"Bugel","WADMKC":"Sekaran","WADMKK":"Lamongan"},"geometry":{"type":"Point","coordinates":[112.3,-7.1]}},{"type":"Feature","properties":{"Line":"S126","Sp":"1728.5","X":"642300.5","Y":"9218525.3","NAMOBJ":"Bugel","WADMKC":"Sekaran","WADMKK":"Lamongan"},"geometry":{"type":"Point","coordinates":[112.3,-7.1]}},{"type":"Feature","properties":{"Line":"S126","Sp":"1732.5","X":"642300.5","Y":"9218475.3","NAMOBJ":"Bugel","WADMKC":"Sekaran","WADMKK":"Lamongan"},"geometry":{"type":"Point","coordinates":[112.3,-7.1]}},{"type":"Feature","properties":{"Line":"S126","Sp":"1736.5","X":"642300.5","Y":"9218425.3","NAMOBJ":"Bugel","WADMKC":"Sekaran","WADMKK":"Lamongan"},"geometry":{"type":"Point","coordinates":[112.3,-7.1]}},{"type":"Feature","properties":{"Line":"S126","Sp":"1740.5","X":"642300.5","Y":"9218375.3","NAMOBJ":"Bugel","WADMKC":"Sekaran","WADMKK":"Lamongan"},"geometry":{"type":"Point","coordinates":[112.3,-7.1]}},{"type":"Feature","properties":{"Line":"S126","Sp":"1744.5","X":"642300.5","Y":"9218325.3","NAMOBJ":"Bugel","WADMKC":"Sekaran","WADMKK":"Lamongan"},"geometry":{"type":"Point","coordinates":[112.3,-7.1]}},{"type":"Feature","properties":{"Line":"S126","Sp":"1748.5","X":"642300.5","Y":"9218275.3","NAMOBJ":"Bugel","WADMKC":"Sekaran","WADMKK":"Lamongan"},"geometry":{"type":"Point","coordinates":[112.3,-7.1]}},{"type":"Feature","properties":{"Line":"S126","Sp":"1752.5","X":"642300.5","Y":"9218225.3","NAMOBJ":"Bugel","WADMKC":"Sekaran","WADMKK":"Lamongan"},"geometry":{"type":"Point","coordinates":[112.3,-7.1]}},{"type":"Feature","properties":{"Line":"S126","Sp":"1756.5","X":"642300.5","Y":"9218175.3","NAMOBJ":"Bugel","WADMKC":"Sekaran","WADMKK":"Lamongan"},"geometry":{"type":"Point","coordinates":[112.3,-7.1]}},{"type":"Feature","properties":{"Line":"S126","Sp":"1760.5","X":"642300.5","Y":"9218125.3","NAMOBJ":"Bugel","WADMKC":"Sekaran","WADMKK":"Lamongan"},"geometry":{"type":"Point","coordinates":[112.3,-7.1]}},{"type":"Feature","properties":{"Line":"S126","Sp":"1764.5","X":"642300.5","Y":"9218075.3","NAMOBJ":"Bugel","WADMKC":"Sekaran","WADMKK":"Lamongan"},"geometry":{"type":"Point","coordinates":[112.3,-7.1]}},{"type":"Feature","properties":{"Line":"S126","Sp":"1768.5","X":"642300.5","Y":"9218025.3","NAMOBJ":"Bugel","WADMKC":"Sekaran","WADMKK":"Lamongan"},"geometry":{"type":"Point","coordinates":[112.3,-7.1]}},{"type":"Feature","properties":{"Line":"S126","Sp":"1772.5","X":"642300.5","Y":"9217975.3","NAMOBJ":"Bugel","WADMKC":"Sekaran","WADMKK":"Lamongan"},"geometry":{"type":"Point","coordinates":[112.3,-7.1]}},{"type":"Feature","properties":{"Line":"S126","Sp":"1776.5","X":"642300.5","Y":"9217925.3","NAMOBJ":"Bugel","WADMKC":"Sekaran","WADMKK":"Lamongan"},"geometry":{"type":"Point","coordinates":[112.3,-7.1]}},{"type":"Feature","properties":{"Line":"S126","Sp":"1780.5","X":"642300.5","Y":"9217875.3","NAMOBJ":"Bugel","WADMKC":"Sekaran","WADMKK":"Lamongan"},"geometry":{"type":"Point","coordinates":[112.3,-7.1]}},{"type":"Feature","properties":{"Line":"S126","Sp":"1784.5","X":"642300.5","Y":"9217825.3","NAMOBJ":"Bugel","WADMKC":"Sekaran","WADMKK":"Lamongan"},"geometry":{"type":"Point","coordinates":[112.3,-7.1]}},{"type":"Feature","properties":{"Line":"S126","Sp":"1788.5","X":"642300.5","Y":"9217775.3","NAMOBJ":"Bugel","WADMKC":"Sekaran","WADMKK":"Lamongan"},"geometry":{"type":"Point","coordinates":[112.3,-7.1]}},{"type":"Feature","properties":{"Line":"S126","Sp":"1792.5","X":"642300.5","Y":"9217725.3","NAMOBJ":"Bugel","WADMKC":"Sekaran","WADMKK":"Lamongan"},"geometry":{"type":"Point","coordinates":[112.3,-7.1]}},{"type":"Feature","properties":{"Line":"S128","Sp":"1556.5","X":"643300.5","Y":"9220475.3","NAMOBJ":"Bugoharjo","WADMKC":"Pucuk","WADMKK":"Lamongan"},"geometry":{"type":"Point","coordinates":[112.3,-7.1]}},{"type":"Feature","properties":{"Line":"S128","Sp":"1560.5","X":"643300.5","Y":"9220425.3","NAMOBJ":"Bugoharjo","WADMKC":"Pucuk","WADMKK":"Lamongan"},"geometry":{"type":"Point","coordinates":[112.3,-7.1]}},{"type":"Feature","properties":{"Line":"S128","Sp":"1564.5","X":"643300.5","Y":"9220375.3","NAMOBJ":"Bugoharjo","WADMKC":"Pucuk","WADMKK":"Lamongan"},"geometry":{"type":"Point","coordinates":[112.3,-7.1]}},{"type":"Feature","properties":{"Line":"S128","Sp":"1568.5","X":"643300.5","Y":"9220325.3","NAMOBJ":"Bugoharjo","WADMKC":"Pucuk","WADMKK":"Lamongan"},"geometry":{"type":"Point","coordinates":[112.3,-7.1]}},{"type":"Feature","properties":{"Line":"S128","Sp":"1572.5","X":"643300.5","Y":"9220275.3","NAMOBJ":"Bugoharjo","WADMKC":"Pucuk","WADMKK":"Lamongan"},"geometry":{"type":"Point","coordinates":[112.3,-7.1]}},{"type":"Feature","properties":{"Line":"S130","Sp":"1544.5","X":"644300.5","Y":"9220475.3","NAMOBJ":"Bugoharjo","WADMKC":"Pucuk","WADMKK":"Lamongan"},"geometry":{"type":"Point","coordinates":[112.3,-7.1]}},{"type":"Feature","properties":{"Line":"S130","Sp":"1548.5","X":"644300.5","Y":"9220425.3","NAMOBJ":"Bugoharjo","WADMKC":"Pucuk","WADMKK":"Lamongan"},"geometry":{"type":"Point","coordinates":[112.3,-7.1]}},{"type":"Feature","properties":{"Line":"S130","Sp":"1552.5","X":"644300.5","Y":"9220375.3","NAMOBJ":"Bugoharjo","WADMKC":"Pucuk","WADMKK":"Lamongan"},"geometry":{"type":"Point","coordinates":[112.3,-7.1]}},{"type":"Feature","properties":{"Line":"S130","Sp":"1556.5","X":"644300.5","Y":"9220325.3","NAMOBJ":"Bugoharjo","WADMKC":"Pucuk","WADMKK":"Lamongan"},"geometry":{"type":"Point","coordinates":[112.3,-7.1]}},{"type":"Feature","properties":{"Line":"S130","Sp":"1560.5","X":"644300.5","Y":"9220275.3","NAMOBJ":"Bugoharjo","WADMKC":"Pucuk","WADMKK":"Lamongan"},"geometry":{"type":"Point","coordinates":[112.3,-7.1]}},{"type":"Feature","properties":{"Line":"S130","Sp":"1564.5","X":"644300.5","Y":"9220225.3","NAMOBJ":"Bugoharjo","WADMKC":"Pucuk","WADMKK":"Lamongan"},"geometry":{"type":"Point","coordinates":[112.3,-7.1]}},{"type":"Feature","properties":{"Line":"S130","Sp":"1568.5","X":"644300.5","Y":"9220175.3","NAMOBJ":"Bugoharjo","WADMKC":"Pucuk","WADMKK":"Lamongan"},"geometry":{"type":"Point","coordinates":[112.3,-7.1]}},{"type":"Feature","properties":{"Line":"S132","Sp":"1512.5","X":"645300.5","Y":"9220475.3","NAMOBJ":"Bugoharjo","WADMKC":"Pucuk","WADMKK":"Lamongan"},"geometry":{"type":"Point","coordinates":[112.3,-7.1]}},{"type":"Feature","properties":{"Line":"S132","Sp":"1516.5","X":"645300.5","Y":"9220425.3","NAMOBJ":"Bugoharjo","WADMKC":"Pucuk","WADMKK":"Lamongan"},"geometry":{"type":"Point","coordinates":[112.3,-7.1]}},{"type":"Feature","properties":{"Line":"S119","Sp":"2472.5","X":"641475.5","Y":"9217800.3","NAMOBJ":"Bulutengger","WADMKC":"Sekaran","WADMKK":"Lamongan"},"geometry":{"type":"Point","coordinates":[112.3,-7.1]}},{"type":"Feature","properties":{"Line":"S119","Sp":"2476.5","X":"641525.5","Y":"9217800.3","NAMOBJ":"Bulutengger","WADMKC":"Sekaran","WADMKK":"Lamongan"},"geometry":{"type":"Point","coordinates":[112.3,-7.1]}},{"type":"Feature","properties":{"Line":"S119","Sp":"2480.5","X":"641575.5","Y":"9217800.3","NAMOBJ":"Bulutengger","WADMKC":"Sekaran","WADMKK":"Lamongan"},"geometry":{"type":"Point","coordinates":[112.3,-7.1]}},{"type":"Feature","properties":{"Line":"S119","Sp":"2484.5","X":"641625.5","Y":"9217800.3","NAMOBJ":"Bulutengger","WADMKC":"Sekaran","WADMKK":"Lamongan"},"geometry":{"type":"Point","coordinates":[112.3,-7.1]}},{"type":"Feature","properties":{"Line":"S119","Sp":"2488.5","X":"641675.5","Y":"9217800.3","NAMOBJ":"Bulutengger","WADMKC":"Sekaran","WADMKK":"Lamongan"},"geometry":{"type":"Point","coordinates":[112.3,-7.1]}},{"type":"Feature","properties":{"Line":"S119","Sp":"2492.5","X":"641725.5","Y":"9217800.3","NAMOBJ":"Bulutengger","WADMKC":"Sekaran","WADMKK":"Lamongan"},"geometry":{"type":"Point","coordinates":[112.3,-7.1]}},{"type":"Feature","properties":{"Line":"S119","Sp":"2496.5","X":"641775.5","Y":"9217800.3","NAMOBJ":"Bulutengger","WADMKC":"Sekaran","WADMKK":"Lamongan"},"geometry":{"type":"Point","coordinates":[112.3,-7.1]}},{"type":"Feature","properties":{"Line":"S119","Sp":"2500.5","X":"641825.5","Y":"9217800.3","NAMOBJ":"Bulutengger","WADMKC":"Sekaran","WADMKK":"Lamongan"},"geometry":{"type":"Point","coordinates":[112.3,-7.1]}},{"type":"Feature","properties":{"Line":"S119","Sp":"2504.5","X":"641875.5","Y":"9217800.3","NAMOBJ":"Bulutengger","WADMKC":"Sekaran","WADMKK":"Lamongan"},"geometry":{"type":"Point","coordinates":[112.3,-7.1]}},{"type":"Feature","properties":{"Line":"S119","Sp":"2508.5","X":"641925.5","Y":"9217800.3","NAMOBJ":"Bulutengger","WADMKC":"Sekaran","WADMKK":"Lamongan"},"geometry":{"type":"Point","coordinates":[112.3,-7.1]}},{"type":"Feature","properties":{"Line":"S119","Sp":"2512.5","X":"641975.5","Y":"9217800.3","NAMOBJ":"Bulutengger","WADMKC":"Sekaran","WADMKK":"Lamongan"},"geometry":{"type":"Point","coordinates":[112.3,-7.1]}},{"type":"Feature","properties":{"Line":"S119","Sp":"2516.5","X":"642025.5","Y":"9217800.3","NAMOBJ":"Bulutengger","WADMKC":"Sekaran","WADMKK":"Lamongan"},"geometry":{"type":"Point","coordinates":[112.3,-7.1]}},{"type":"Feature","properties":{"Line":"S119","Sp":"2520.5","X":"642075.5","Y":"9217800.3","NAMOBJ":"Bulutengger","WADMKC":"Sekaran","WADMKK":"Lamongan"},"geometry":{"type":"Point","coordinates":[112.3,-7.1]}},{"type":"Feature","properties":{"Line":"S119","Sp":"2524.5","X":"642125.5","Y":"9217800.3","NAMOBJ":"Bulutengger","WADMKC":"Sekaran","WADMKK":"Lamongan"},"geometry":{"type":"Point","coordinates":[112.3,-7.1]}},{"type":"Feature","properties":{"Line":"S121","Sp":"2480.5","X":"641475.5","Y":"9218800.3","NAMOBJ":"Bulutengger","WADMKC":"Sekaran","WADMKK":"Lamongan"},"geometry":{"type":"Point","coordinates":[112.3,-7.1]}},{"type":"Feature","properties":{"Line":"S121","Sp":"2484.5","X":"641525.5","Y":"9218800.3","NAMOBJ":"Bulutengger","WADMKC":"Sekaran","WADMKK":"Lamongan"},"geometry":{"type":"Point","coordinates":[112.3,-7.1]}},{"type":"Feature","properties":{"Line":"S121","Sp":"2488.5","X":"641575.5","Y":"9218800.3","NAMOBJ":"Bulutengger","WADMKC":"Sekaran","WADMKK":"Lamongan"},"geometry":{"type":"Point","coordinates":[112.3,-7.1]}},{"type":"Feature","properties":{"Line":"S121","Sp":"2492.5","X":"641625.5","Y":"9218800.3","NAMOBJ":"Bulutengger","WADMKC":"Sekaran","WADMKK":"Lamongan"},"geometry":{"type":"Point","coordinates":[112.3,-7.1]}},{"type":"Feature","properties":{"Line":"S121","Sp":"2496.5","X":"641675.5","Y":"9218800.3","NAMOBJ":"Bulutengger","WADMKC":"Sekaran","WADMKK":"Lamongan"},"geometry":{"type":"Point","coordinates":[112.3,-7.1]}},{"type":"Feature","properties":{"Line":"S121","Sp":"2500.5","X":"641725.5","Y":"9218800.3","NAMOBJ":"Bulutengger","WADMKC":"Sekaran","WADMKK":"Lamongan"},"geometry":{"type":"Point","coordinates":[112.3,-7.1]}},{"type":"Feature","properties":{"Line":"S121","Sp":"2504.5","X":"641775.5","Y":"9218800.3","NAMOBJ":"Bulutengger","WADMKC":"Sekaran","WADMKK":"Lamongan"},"geometry":{"type":"Point","coordinates":[112.3,-7.1]}},{"type":"Feature","properties":{"Line":"S121","Sp":"2508.5","X":"641825.5","Y":"9218800.3","NAMOBJ":"Bulutengger","WADMKC":"Sekaran","WADMKK":"Lamongan"},"geometry":{"type":"Point","coordinates":[112.3,-7.1]}},{"type":"Feature","properties":{"Line":"S121","Sp":"2512.5","X":"641875.5","Y":"9218800.3","NAMOBJ":"Bulutengger","WADMKC":"Sekaran","WADMKK":"Lamongan"},"geometry":{"type":"Point","coordinates":[112.3,-7.1]}},{"type":"Feature","properties":{"Line":"S121","Sp":"2516.5","X":"641925.5","Y":"9218800.3","NAMOBJ":"Bulutengger","WADMKC":"Sekaran","WADMKK":"Lamongan"},"geometry":{"type":"Point","coordinates":[112.3,-7.1]}},{"type":"Feature","properties":{"Line":"S121","Sp":"2520.5","X":"641975.5","Y":"9218800.3","NAMOBJ":"Bulutengger","WADMKC":"Sekaran","WADMKK":"Lamongan"},"geometry":{"type":"Point","coordinates":[112.3,-7.1]}},{"type":"Feature","properties":{"Line":"S121","Sp":"2524.5","X":"642025.5","Y":"9218800.3","NAMOBJ":"Bulutengger","WADMKC":"Sekaran","WADMKK":"Lamongan"},"geometry":{"type":"Point","coordinates":[112.3,-7.1]}},{"type":"Feature","properties":{"Line":"S121","Sp":"2528.5","X":"642075.5","Y":"9218800.3","NAMOBJ":"Bulutengger","WADMKC":"Sekaran","WADMKK":"Lamongan"},"geometry":{"type":"Point","coordinates":[112.3,-7.1]}},{"type":"Feature","properties":{"Line":"S121","Sp":"2532.5","X":"642125.5","Y":"9218800.3","NAMOBJ":"Bulutengger","WADMKC":"Sekaran","WADMKK":"Lamongan"},"geometry":{"type":"Point","coordinates":[112.3,-7.1]}},{"type":"Feature","properties":{"Line":"S121","Sp":"2536.5","X":"642175.5","Y":"9218800.3","NAMOBJ":"Bulutengger","WADMKC":"Sekaran","WADMKK":"Lamongan"},"geometry":{"type":"Point","coordinates":[112.3,-7.1]}},{"type":"Feature","properties":{"Line":"S123","Sp":"2484.5","X":"641475.5","Y":"9219800.3","NAMOBJ":"Bulutengger","WADMKC":"Sekaran","WADMKK":"Lamongan"},"geometry":{"type":"Point","coordinates":[112.3,-7.1]}},{"type":"Feature","properties":{"Line":"S123","Sp":"2488.5","X":"641525.5","Y":"9219800.3","NAMOBJ":"Bulutengger","WADMKC":"Sekaran","WADMKK":"Lamongan"},"geometry":{"type":"Point","coordinates":[112.3,-7.1]}},{"type":"Feature","properties":{"Line":"S123","Sp":"2492.5","X":"641575.5","Y":"9219800.3","NAMOBJ":"Bulutengger","WADMKC":"Sekaran","WADMKK":"Lamongan"},"geometry":{"type":"Point","coordinates":[112.3,-7.1]}},{"type":"Feature","properties":{"Line":"S123","Sp":"2496.5","X":"641625.5","Y":"9219800.3","NAMOBJ":"Bulutengger","WADMKC":"Sekaran","WADMKK":"Lamongan"},"geometry":{"type":"Point","coordinates":[112.3,-7.1]}},{"type":"Feature","properties":{"Line":"S123","Sp":"2500.5","X":"641675.5","Y":"9219800.3","NAMOBJ":"Bulutengger","WADMKC":"Sekaran","WADMKK":"Lamongan"},"geometry":{"type":"Point","coordinates":[112.3,-7.1]}},{"type":"Feature","properties":{"Line":"S123","Sp":"2504.5","X":"641725.5","Y":"9219800.3","NAMOBJ":"Bulutengger","WADMKC":"Sekaran","WADMKK":"Lamongan"},"geometry":{"type":"Point","coordinates":[112.3,-7.1]}},{"type":"Feature","properties":{"Line":"S123","Sp":"2508.5","X":"641775.5","Y":"9219800.3","NAMOBJ":"Bulutengger","WADMKC":"Sekaran","WADMKK":"Lamongan"},"geometry":{"type":"Point","coordinates":[112.3,-7.1]}},{"type":"Feature","properties":{"Line":"S123","Sp":"2512.5","X":"641825.5","Y":"9219800.3","NAMOBJ":"Bulutengger","WADMKC":"Sekaran","WADMKK":"Lamongan"},"geometry":{"type":"Point","coordinates":[112.3,-7.1]}},{"type":"Feature","properties":{"Line":"S123","Sp":"2516.5","X":"641875.5","Y":"9219800.3","NAMOBJ":"Bulutengger","WADMKC":"Sekaran","WADMKK":"Lamongan"},"geometry":{"type":"Point","coordinates":[112.3,-7.1]}},{"type":"Feature","properties":{"Line":"S123","Sp":"2520.5","X":"641925.5","Y":"9219800.3","NAMOBJ":"Bulutengger","WADMKC":"Sekaran","WADMKK":"Lamongan"},"geometry":{"type":"Point","coordinates":[112.3,-7.1]}},{"type":"Feature","properties":{"Line":"S123","Sp":"2524.5","X":"641975.5","Y":"9219800.3","NAMOBJ":"Bulutengger","WADMKC":"Sekaran","WADMKK":"Lamongan"},"geometry":{"type":"Point","coordinates":[112.3,-7.1]}},{"type":"Feature","properties":{"Line":"S123","Sp":"2528.5","X":"642025.5","Y":"9219800.3","NAMOBJ":"Bulutengger","WADMKC":"Sekaran","WADMKK":"Lamongan"},"geometry":{"type":"Point","coordinates":[112.3,-7.1]}},{"type":"Feature","properties":{"Line":"S123","Sp":"2532.5","X":"642075.5","Y":"9219800.3","NAMOBJ":"Bulutengger","WADMKC":"Sekaran","WADMKK":"Lamongan"},"geometry":{"type":"Point","coordinates":[112.3,-7.1]}},{"type":"Feature","properties":{"Line":"S123","Sp":"2536.5","X":"642125.5","Y":"9219800.3","NAMOBJ":"Bulutengger","WADMKC":"Sekaran","WADMKK":"Lamongan"},"geometry":{"type":"Point","coordinates":[112.3,-7.1]}},{"type":"Feature","properties":{"Line":"S123","Sp":"2540.5","X":"642175.5","Y":"9219800.3","NAMOBJ":"Bulutengger","WADMKC":"Sekaran","WADMKK":"Lamongan"},"geometry":{"type":"Point","coordinates":[112.3,-7.1]}},{"type":"Feature","properties":{"Line":"S123","Sp":"2544.5","X":"642225.5","Y":"9219800.3","NAMOBJ":"Bulutengger","WADMKC":"Sekaran","WADMKK":"Lamongan"},"geometry":{"type":"Point","coordinates":[112.3,-7.1]}},{"type":"Feature","properties":{"Line":"S123","Sp":"2548.5","X":"642275.5","Y":"9219800.3","NAMOBJ":"Bulutengger","WADMKC":"Sekaran","WADMKK":"Lamongan"},"geometry":{"type":"Point","coordinates":[112.3,-7.1]}},{"type":"Feature","properties":{"Line":"S123","Sp":"2552.5","X":"642325.5","Y":"9219800.3","NAMOBJ":"Bulutengger","WADMKC":"Sekaran","WADMKK":"Lamongan"},"geometry":{"type":"Point","coordinates":[112.3,-7.1]}},{"type":"Feature","properties":{"Line":"S123","Sp":"2556.5","X":"642375.5","Y":"9219800.3","NAMOBJ":"Bulutengger","WADMKC":"Sekaran","WADMKK":"Lamongan"},"geometry":{"type":"Point","coordinates":[112.3,-7.1]}},{"type":"Feature","properties":{"Line":"S123","Sp":"2560.5","X":"642425.5","Y":"9219800.3","NAMOBJ":"Bulutengger","WADMKC":"Sekaran","WADMKK":"Lamongan"},"geometry":{"type":"Point","coordinates":[112.3,-7.1]}},{"type":"Feature","properties":{"Line":"S123","Sp":"2564.5","X":"642475.5","Y":"9219800.3","NAMOBJ":"Bulutengger","WADMKC":"Sekaran","WADMKK":"Lamongan"},"geometry":{"type":"Point","coordinates":[112.3,-7.1]}},{"type":"Feature","properties":{"Line":"S123","Sp":"2568.5","X":"642525.5","Y":"9219800.3","NAMOBJ":"Bulutengger","WADMKC":"Sekaran","WADMKK":"Lamongan"},"geometry":{"type":"Point","coordinates":[112.3,-7.1]}},{"type":"Feature","properties":{"Line":"S123","Sp":"2572.5","X":"642575.5","Y":"9219800.3","NAMOBJ":"Bulutengger","WADMKC":"Sekaran","WADMKK":"Lamongan"},"geometry":{"type":"Point","coordinates":[112.3,-7.1]}},{"type":"Feature","properties":{"Line":"S123","Sp":"2576.5","X":"642625.5","Y":"9219800.3","NAMOBJ":"Bulutengger","WADMKC":"Sekaran","WADMKK":"Lamongan"},"geometry":{"type":"Point","coordinates":[112.3,-7.1]}},{"type":"Feature","properties":{"Line":"S123","Sp":"2580.5","X":"642675.5","Y":"9219800.3","NAMOBJ":"Bulutengger","WADMKC":"Sekaran","WADMKK":"Lamongan"},"geometry":{"type":"Point","coordinates":[112.3,-7.1]}},{"type":"Feature","properties":{"Line":"S123","Sp":"2584.5","X":"642725.5","Y":"9219800.3","NAMOBJ":"Bulutengger","WADMKC":"Sekaran","WADMKK":"Lamongan"},"geometry":{"type":"Point","coordinates":[112.3,-7.1]}},{"type":"Feature","properties":{"Line":"S126","Sp":"1624.5","X":"642300.5","Y":"9219825.3","NAMOBJ":"Bulutengger","WADMKC":"Sekaran","WADMKK":"Lamongan"},"geometry":{"type":"Point","coordinates":[112.3,-7.1]}},{"type":"Feature","properties":{"Line":"S126","Sp":"1628.5","X":"642300.5","Y":"9219775.3","NAMOBJ":"Bulutengger","WADMKC":"Sekaran","WADMKK":"Lamongan"},"geometry":{"type":"Point","coordinates":[112.3,-7.1]}},{"type":"Feature","properties":{"Line":"S126","Sp":"1632.5","X":"642300.5","Y":"9219725.3","NAMOBJ":"Bulutengger","WADMKC":"Sekaran","WADMKK":"Lamongan"},"geometry":{"type":"Point","coordinates":[112.3,-7.1]}},{"type":"Feature","properties":{"Line":"S126","Sp":"1636.5","X":"642300.5","Y":"9219675.3","NAMOBJ":"Bulutengger","WADMKC":"Sekaran","WADMKK":"Lamongan"},"geometry":{"type":"Point","coordinates":[112.3,-7.1]}},{"type":"Feature","properties":{"Line":"S126","Sp":"1640.5","X":"642300.5","Y":"9219625.3","NAMOBJ":"Bulutengger","WADMKC":"Sekaran","WADMKK":"Lamongan"},"geometry":{"type":"Point","coordinates":[112.3,-7.1]}},{"type":"Feature","properties":{"Line":"S126","Sp":"1644.5","X":"642300.5","Y":"9219575.3","NAMOBJ":"Bulutengger","WADMKC":"Sekaran","WADMKK":"Lamongan"},"geometry":{"type":"Point","coordinates":[112.3,-7.1]}},{"type":"Feature","properties":{"Line":"S126","Sp":"1648.5","X":"642300.5","Y":"9219525.3","NAMOBJ":"Bulutengger","WADMKC":"Sekaran","WADMKK":"Lamongan"},"geometry":{"type":"Point","coordinates":[112.3,-7.1]}},{"type":"Feature","properties":{"Line":"S126","Sp":"1652.5","X":"642300.5","Y":"9219475.3","NAMOBJ":"Bulutengger","WADMKC":"Sekaran","WADMKK":"Lamongan"},"geometry":{"type":"Point","coordinates":[112.3,-7.1]}},{"type":"Feature","properties":{"Line":"S126","Sp":"1656.5","X":"642300.5","Y":"9219425.3","NAMOBJ":"Bulutengger","WADMKC":"Sekaran","WADMKK":"Lamongan"},"geometry":{"type":"Point","coordinates":[112.3,-7.1]}},{"type":"Feature","properties":{"Line":"S126","Sp":"1660.5","X":"642300.5","Y":"9219375.3","NAMOBJ":"Bulutengger","WADMKC":"Sekaran","WADMKK":"Lamongan"},"geometry":{"type":"Point","coordinates":[112.3,-7.1]}},{"type":"Feature","properties":{"Line":"S126","Sp":"1664.5","X":"642300.5","Y":"9219325.3","NAMOBJ":"Bulutengger","WADMKC":"Sekaran","WADMKK":"Lamongan"},"geometry":{"type":"Point","coordinates":[112.3,-7.1]}},{"type":"Feature","properties":{"Line":"S126","Sp":"1668.5","X":"642300.5","Y":"9219275.3","NAMOBJ":"Bulutengger","WADMKC":"Sekaran","WADMKK":"Lamongan"},"geometry":{"type":"Point","coordinates":[112.3,-7.1]}},{"type":"Feature","properties":{"Line":"S126","Sp":"1672.5","X":"642300.5","Y":"9219225.3","NAMOBJ":"Bulutengger","WADMKC":"Sekaran","WADMKK":"Lamongan"},"geometry":{"type":"Point","coordinates":[112.3,-7.1]}},{"type":"Feature","properties":{"Line":"S117","Sp":"2544.5","X":"643325.5","Y":"9216800.3","NAMOBJ":"Cungkup","WADMKC":"Pucuk","WADMKK":"Lamongan"},"geometry":{"type":"Point","coordinates":[112.3,-7.1]}},{"type":"Feature","properties":{"Line":"S117","Sp":"2548.5","X":"643375.5","Y":"9216800.3","NAMOBJ":"Cungkup","WADMKC":"Pucuk","WADMKK":"Lamongan"},"geometry":{"type":"Point","coordinates":[112.3,-7.1]}},{"type":"Feature","properties":{"Line":"S119","Sp":"2548.5","X":"642425.5","Y":"9217800.3","NAMOBJ":"Cungkup","WADMKC":"Pucuk","WADMKK":"Lamongan"},"geometry":{"type":"Point","coordinates":[112.3,-7.1]}},{"type":"Feature","properties":{"Line":"S119","Sp":"2552.5","X":"642475.5","Y":"9217800.3","NAMOBJ":"Cungkup","WADMKC":"Pucuk","WADMKK":"Lamongan"},"geometry":{"type":"Point","coordinates":[112.3,-7.1]}},{"type":"Feature","properties":{"Line":"S119","Sp":"2556.5","X":"642525.5","Y":"9217800.3","NAMOBJ":"Cungkup","WADMKC":"Pucuk","WADMKK":"Lamongan"},"geometry":{"type":"Point","coordinates":[112.3,-7.1]}},{"type":"Feature","properties":{"Line":"S119","Sp":"2560.5","X":"642575.5","Y":"9217800.3","NAMOBJ":"Cungkup","WADMKC":"Pucuk","WADMKK":"Lamongan"},"geometry":{"type":"Point","coordinates":[112.3,-7.1]}},{"type":"Feature","properties":{"Line":"S119","Sp":"2564.5","X":"642625.5","Y":"9217800.3","NAMOBJ":"Cungkup","WADMKC":"Pucuk","WADMKK":"Lamongan"},"geometry":{"type":"Point","coordinates":[112.3,-7.1]}},{"type":"Feature","properties":{"Line":"S119","Sp":"2568.5","X":"642675.5","Y":"9217800.3","NAMOBJ":"Cungkup","WADMKC":"Pucuk","WADMKK":"Lamongan"},"geometry":{"type":"Point","coordinates":[112.3,-7.1]}},{"type":"Feature","properties":{"Line":"S119","Sp":"2572.5","X":"642725.5","Y":"9217800.3","NAMOBJ":"Cungkup","WADMKC":"Pucuk","WADMKK":"Lamongan"},"geometry":{"type":"Point","coordinates":[112.3,-7.1]}},{"type":"Feature","properties":{"Line":"S119","Sp":"2576.5","X":"642775.5","Y":"9217800.3","NAMOBJ":"Cungkup","WADMKC":"Pucuk","WADMKK":"Lamongan"},"geometry":{"type":"Point","coordinates":[112.3,-7.1]}},{"type":"Feature","properties":{"Line":"S119","Sp":"2580.5","X":"642825.5","Y":"9217800.3","NAMOBJ":"Cungkup","WADMKC":"Pucuk","WADMKK":"Lamongan"},"geometry":{"type":"Point","coordinates":[112.3,-7.1]}},{"type":"Feature","properties":{"Line":"S119","Sp":"2584.5","X":"642875.5","Y":"9217800.3","NAMOBJ":"Cungkup","WADMKC":"Pucuk","WADMKK":"Lamongan"},"geometry":{"type":"Point","coordinates":[112.3,-7.1]}},{"type":"Feature","properties":{"Line":"S119","Sp":"2588.5","X":"642925.5","Y":"9217800.3","NAMOBJ":"Cungkup","WADMKC":"Pucuk","WADMKK":"Lamongan"},"geometry":{"type":"Point","coordinates":[112.3,-7.1]}},{"type":"Feature","properties":{"Line":"S119","Sp":"2592.5","X":"642975.5","Y":"9217800.3","NAMOBJ":"Cungkup","WADMKC":"Pucuk","WADMKK":"Lamongan"},"geometry":{"type":"Point","coordinates":[112.3,-7.1]}},{"type":"Feature","properties":{"Line":"S119","Sp":"2596.5","X":"643025.5","Y":"9217800.3","NAMOBJ":"Cungkup","WADMKC":"Pucuk","WADMKK":"Lamongan"},"geometry":{"type":"Point","coordinates":[112.3,-7.1]}},{"type":"Feature","properties":{"Line":"S119","Sp":"2600.5","X":"643075.5","Y":"9217800.3","NAMOBJ":"Cungkup","WADMKC":"Pucuk","WADMKK":"Lamongan"},"geometry":{"type":"Point","coordinates":[112.3,-7.1]}},{"type":"Feature","properties":{"Line":"S119","Sp":"2604.5","X":"643125.5","Y":"9217800.3","NAMOBJ":"Cungkup","WADMKC":"Pucuk","WADMKK":"Lamongan"},"geometry":{"type":"Point","coordinates":[112.3,-7.1]}},{"type":"Feature","properties":{"Line":"S119","Sp":"2608.5","X":"643175.5","Y":"9217800.3","NAMOBJ":"Cungkup","WADMKC":"Pucuk","WADMKK":"Lamongan"},"geometry":{"type":"Point","coordinates":[112.3,-7.1]}},{"type":"Feature","properties":{"Line":"S119","Sp":"2612.5","X":"643225.5","Y":"9217800.3","NAMOBJ":"Cungkup","WADMKC":"Pucuk","WADMKK":"Lamongan"},"geometry":{"type":"Point","coordinates":[112.3,-7.1]}},{"type":"Feature","properties":{"Line":"S119","Sp":"2616.5","X":"643275.5","Y":"9217800.3","NAMOBJ":"Cungkup","WADMKC":"Pucuk","WADMKK":"Lamongan"},"geometry":{"type":"Point","coordinates":[112.3,-7.1]}},{"type":"Feature","properties":{"Line":"S119","Sp":"2620.5","X":"643325.5","Y":"9217800.3","NAMOBJ":"Cungkup","WADMKC":"Pucuk","WADMKK":"Lamongan"},"geometry":{"type":"Point","coordinates":[112.3,-7.1]}},{"type":"Feature","properties":{"Line":"S119","Sp":"2624.5","X":"643375.5","Y":"9217800.3","NAMOBJ":"Cungkup","WADMKC":"Pucuk","WADMKK":"Lamongan"},"geometry":{"type":"Point","coordinates":[112.3,-7.1]}},{"type":"Feature","properties":{"Line":"S119","Sp":"2628.5","X":"643425.5","Y":"9217800.3","NAMOBJ":"Cungkup","WADMKC":"Pucuk","WADMKK":"Lamongan"},"geometry":{"type":"Point","coordinates":[112.3,-7.1]}},{"type":"Feature","properties":{"Line":"S119","Sp":"2632.5","X":"643475.5","Y":"9217800.3","NAMOBJ":"Cungkup","WADMKC":"Pucuk","WADMKK":"Lamongan"},"geometry":{"type":"Point","coordinates":[112.3,-7.1]}},{"type":"Feature","properties":{"Line":"S119","Sp":"2636.5","X":"643525.5","Y":"9217800.3","NAMOBJ":"Cungkup","WADMKC":"Pucuk","WADMKK":"Lamongan"},"geometry":{"type":"Point","coordinates":[112.3,-7.1]}},{"type":"Feature","properties":{"Line":"S119","Sp":"2640.5","X":"643575.5","Y":"9217800.3","NAMOBJ":"Cungkup","WADMKC":"Pucuk","WADMKK":"Lamongan"},"geometry":{"type":"Point","coordinates":[112.3,-7.1]}},{"type":"Feature","properties":{"Line":"S119","Sp":"2644.5","X":"643625.5","Y":"9217800.3","NAMOBJ":"Cungkup","WADMKC":"Pucuk","WADMKK":"Lamongan"},"geometry":{"type":"Point","coordinates":[112.3,-7.1]}},{"type":"Feature","properties":{"Line":"S119","Sp":"2648.5","X":"643675.5","Y":"9217800.3","NAMOBJ":"Cungkup","WADMKC":"Pucuk","WADMKK":"Lamongan"},"geometry":{"type":"Point","coordinates":[112.3,-7.1]}},{"type":"Feature","properties":{"Line":"S119","Sp":"2652.5","X":"643725.5","Y":"9217800.3","NAMOBJ":"Cungkup","WADMKC":"Pucuk","WADMKK":"Lamongan"},"geometry":{"type":"Point","coordinates":[112.3,-7.1]}},{"type":"Feature","properties":{"Line":"S121","Sp":"2588.5","X":"642825.5","Y":"9218800.3","NAMOBJ":"Cungkup","WADMKC":"Pucuk","WADMKK":"Lamongan"},"geometry":{"type":"Point","coordinates":[112.3,-7.1]}},{"type":"Feature","properties":{"Line":"S121","Sp":"2592.5","X":"642875.5","Y":"9218800.3","NAMOBJ":"Cungkup","WADMKC":"Pucuk","WADMKK":"Lamongan"},"geometry":{"type":"Point","coordinates":[112.3,-7.1]}},{"type":"Feature","properties":{"Line":"S121","Sp":"2596.5","X":"642925.5","Y":"9218800.3","NAMOBJ":"Cungkup","WADMKC":"Pucuk","WADMKK":"Lamongan"},"geometry":{"type":"Point","coordinates":[112.3,-7.1]}},{"type":"Feature","properties":{"Line":"S121","Sp":"2600.5","X":"642975.5","Y":"9218800.3","NAMOBJ":"Cungkup","WADMKC":"Pucuk","WADMKK":"Lamongan"},"geometry":{"type":"Point","coordinates":[112.3,-7.1]}},{"type":"Feature","properties":{"Line":"S121","Sp":"2604.5","X":"643025.5","Y":"9218800.3","NAMOBJ":"Cungkup","WADMKC":"Pucuk","WADMKK":"Lamongan"},"geometry":{"type":"Point","coordinates":[112.3,-7.1]}},{"type":"Feature","properties":{"Line":"S121","Sp":"2608.5","X":"643075.5","Y":"9218800.3","NAMOBJ":"Cungkup","WADMKC":"Pucuk","WADMKK":"Lamongan"},"geometry":{"type":"Point","coordinates":[112.3,-7.1]}},{"type":"Feature","properties":{"Line":"S121","Sp":"2612.5","X":"643125.5","Y":"9218800.3","NAMOBJ":"Cungkup","WADMKC":"Pucuk","WADMKK":"Lamongan"},"geometry":{"type":"Point","coordinates":[112.3,-7.1]}},{"type":"Feature","properties":{"Line":"S121","Sp":"2616.5","X":"643175.5","Y":"9218800.3","NAMOBJ":"Cungkup","WADMKC":"Pucuk","WADMKK":"Lamongan"},"geometry":{"type":"Point","coordinates":[112.3,-7.1]}},{"type":"Feature","properties":{"Line":"S121","Sp":"2620.5","X":"643225.5","Y":"9218800.3","NAMOBJ":"Cungkup","WADMKC":"Pucuk","WADMKK":"Lamongan"},"geometry":{"type":"Point","coordinates":[112.3,-7.1]}},{"type":"Feature","properties":{"Line":"S121","Sp":"2624.5","X":"643275.5","Y":"9218800.3","NAMOBJ":"Cungkup","WADMKC":"Pucuk","WADMKK":"Lamongan"},"geometry":{"type":"Point","coordinates":[112.3,-7.1]}},{"type":"Feature","properties":{"Line":"S121","Sp":"2628.5","X":"643325.5","Y":"9218800.3","NAMOBJ":"Cungkup","WADMKC":"Pucuk","WADMKK":"Lamongan"},"geometry":{"type":"Point","coordinates":[112.3,-7.1]}},{"type":"Feature","properties":{"Line":"S121","Sp":"2632.5","X":"643375.5","Y":"9218800.3","NAMOBJ":"Cungkup","WADMKC":"Pucuk","WADMKK":"Lamongan"},"geometry":{"type":"Point","coordinates":[112.3,-7.1]}},{"type":"Feature","properties":{"Line":"S121","Sp":"2636.5","X":"643425.5","Y":"9218800.3","NAMOBJ":"Cungkup","WADMKC":"Pucuk","WADMKK":"Lamongan"},"geometry":{"type":"Point","coordinates":[112.3,-7.1]}},{"type":"Feature","properties":{"Line":"S121","Sp":"2640.5","X":"643475.5","Y":"9218800.3","NAMOBJ":"Cungkup","WADMKC":"Pucuk","WADMKK":"Lamongan"},"geometry":{"type":"Point","coordinates":[112.3,-7.1]}},{"type":"Feature","properties":{"Line":"S121","Sp":"2644.5","X":"643525.5","Y":"9218800.3","NAMOBJ":"Cungkup","WADMKC":"Pucuk","WADMKK":"Lamongan"},"geometry":{"type":"Point","coordinates":[112.3,-7.1]}},{"type":"Feature","properties":{"Line":"S121","Sp":"2648.5","X":"643575.5","Y":"9218800.3","NAMOBJ":"Cungkup","WADMKC":"Pucuk","WADMKK":"Lamongan"},"geometry":{"type":"Point","coordinates":[112.3,-7.1]}},{"type":"Feature","properties":{"Line":"S121","Sp":"2652.5","X":"643625.5","Y":"9218800.3","NAMOBJ":"Cungkup","WADMKC":"Pucuk","WADMKK":"Lamongan"},"geometry":{"type":"Point","coordinates":[112.3,-7.1]}},{"type":"Feature","properties":{"Line":"S121","Sp":"2656.5","X":"643675.5","Y":"9218800.3","NAMOBJ":"Cungkup","WADMKC":"Pucuk","WADMKK":"Lamongan"},"geometry":{"type":"Point","coordinates":[112.3,-7.1]}},{"type":"Feature","properties":{"Line":"S121","Sp":"2660.5","X":"643725.5","Y":"9218800.3","NAMOBJ":"Cungkup","WADMKC":"Pucuk","WADMKK":"Lamongan"},"geometry":{"type":"Point","coordinates":[112.3,-7.1]}},{"type":"Feature","properties":{"Line":"S121","Sp":"2664.5","X":"643775.5","Y":"9218800.3","NAMOBJ":"Cungkup","WADMKC":"Pucuk","WADMKK":"Lamongan"},"geometry":{"type":"Point","coordinates":[112.3,-7.1]}},{"type":"Feature","properties":{"Line":"S121","Sp":"2668.5","X":"643825.5","Y":"9218800.3","NAMOBJ":"Cungkup","WADMKC":"Pucuk","WADMKK":"Lamongan"},"geometry":{"type":"Point","coordinates":[112.3,-7.1]}},{"type":"Feature","properties":{"Line":"S121","Sp":"2672.5","X":"643875.5","Y":"9218800.3","NAMOBJ":"Cungkup","WADMKC":"Pucuk","WADMKK":"Lamongan"},"geometry":{"type":"Point","coordinates":[112.3,-7.1]}},{"type":"Feature","properties":{"Line":"S121","Sp":"2676.5","X":"643925.5","Y":"9218800.3","NAMOBJ":"Cungkup","WADMKC":"Pucuk","WADMKK":"Lamongan"},"geometry":{"type":"Point","coordinates":[112.3,-7.1]}},{"type":"Feature","properties":{"Line":"S121","Sp":"2680.5","X":"643975.5","Y":"9218800.3","NAMOBJ":"Cungkup","WADMKC":"Pucuk","WADMKK":"Lamongan"},"geometry":{"type":"Point","coordinates":[112.3,-7.1]}},{"type":"Feature","properties":{"Line":"S121","Sp":"2684.5","X":"644025.5","Y":"9218800.3","NAMOBJ":"Cungkup","WADMKC":"Pucuk","WADMKK":"Lamongan"},"geometry":{"type":"Point","coordinates":[112.3,-7.1]}},{"type":"Feature","properties":{"Line":"S121","Sp":"2688.5","X":"644075.5","Y":"9218800.3","NAMOBJ":"Cungkup","WADMKC":"Pucuk","WADMKK":"Lamongan"},"geometry":{"type":"Point","coordinates":[112.3,-7.1]}},{"type":"Feature","properties":{"Line":"S123","Sp":"2588.5","X":"642775.5","Y":"9219800.3","NAMOBJ":"Cungkup","WADMKC":"Pucuk","WADMKK":"Lamongan"},"geometry":{"type":"Point","coordinates":[112.3,-7.1]}},{"type":"Feature","properties":{"Line":"S123","Sp":"2592.5","X":"642825.5","Y":"9219800.3","NAMOBJ":"Cungkup","WADMKC":"Pucuk","WADMKK":"Lamongan"},"geometry":{"type":"Point","coordinates":[112.3,-7.1]}},{"type":"Feature","properties":{"Line":"S123","Sp":"2596.5","X":"642875.5","Y":"9219800.3","NAMOBJ":"Cungkup","WADMKC":"Pucuk","WADMKK":"Lamongan"},"geometry":{"type":"Point","coordinates":[112.3,-7.1]}},{"type":"Feature","properties":{"Line":"S123","Sp":"2600.5","X":"642925.5","Y":"9219800.3","NAMOBJ":"Cungkup","WADMKC":"Pucuk","WADMKK":"Lamongan"},"geometry":{"type":"Point","coordinates":[112.3,-7.1]}},{"type":"Feature","properties":{"Line":"S123","Sp":"2604.5","X":"642975.5","Y":"9219800.3","NAMOBJ":"Cungkup","WADMKC":"Pucuk","WADMKK":"Lamongan"},"geometry":{"type":"Point","coordinates":[112.3,-7.1]}},{"type":"Feature","properties":{"Line":"S123","Sp":"2608.5","X":"643025.5","Y":"9219800.3","NAMOBJ":"Cungkup","WADMKC":"Pucuk","WADMKK":"Lamongan"},"geometry":{"type":"Point","coordinates":[112.3,-7.1]}},{"type":"Feature","properties":{"Line":"S123","Sp":"2612.5","X":"643075.5","Y":"9219800.3","NAMOBJ":"Cungkup","WADMKC":"Pucuk","WADMKK":"Lamongan"},"geometry":{"type":"Point","coordinates":[112.3,-7.1]}},{"type":"Feature","properties":{"Line":"S123","Sp":"2616.5","X":"643125.5","Y":"9219800.3","NAMOBJ":"Cungkup","WADMKC":"Pucuk","WADMKK":"Lamongan"},"geometry":{"type":"Point","coordinates":[112.3,-7.1]}},{"type":"Feature","properties":{"Line":"S123","Sp":"2620.5","X":"643175.5","Y":"9219800.3","NAMOBJ":"Cungkup","WADMKC":"Pucuk","WADMKK":"Lamongan"},"geometry":{"type":"Point","coordinates":[112.3,-7.1]}},{"type":"Feature","properties":{"Line":"S123","Sp":"2624.5","X":"643225.5","Y":"9219800.3","NAMOBJ":"Cungkup","WADMKC":"Pucuk","WADMKK":"Lamongan"},"geometry":{"type":"Point","coordinates":[112.3,-7.1]}},{"type":"Feature","properties":{"Line":"S126","Sp":"1796.5","X":"642300.5","Y":"9217675.3","NAMOBJ":"Cungkup","WADMKC":"Pucuk","WADMKK":"Lamongan"},"geometry":{"type":"Point","coordinates":[112.3,-7.1]}},{"type":"Feature","properties":{"Line":"S126","Sp":"1800.5","X":"642300.5","Y":"9217625.3","NAMOBJ":"Cungkup","WADMKC":"Pucuk","WADMKK":"Lamongan"},"geometry":{"type":"Point","coordinates":[112.3,-7.1]}},{"type":"Feature","properties":{"Line":"S126","Sp":"1804.5","X":"642300.5","Y":"9217575.3","NAMOBJ":"Cungkup","WADMKC":"Pucuk","WADMKK":"Lamongan"},"geometry":{"type":"Point","coordinates":[112.3,-7.1]}},{"type":"Feature","properties":{"Line":"S126","Sp":"1808.5","X":"642300.5","Y":"9217525.3","NAMOBJ":"Cungkup","WADMKC":"Pucuk","WADMKK":"Lamongan"},"geometry":{"type":"Point","coordinates":[112.3,-7.1]}},{"type":"Feature","properties":{"Line":"S126","Sp":"1812.5","X":"642300.5","Y":"9217475.3","NAMOBJ":"Cungkup","WADMKC":"Pucuk","WADMKK":"Lamongan"},"geometry":{"type":"Point","coordinates":[112.3,-7.1]}},{"type":"Feature","properties":{"Line":"S126","Sp":"1816.5","X":"642300.5","Y":"9217425.3","NAMOBJ":"Cungkup","WADMKC":"Pucuk","WADMKK":"Lamongan"},"geometry":{"type":"Point","coordinates":[112.3,-7.1]}},{"type":"Feature","properties":{"Line":"S126","Sp":"1820.5","X":"642300.5","Y":"9217375.3","NAMOBJ":"Cungkup","WADMKC":"Pucuk","WADMKK":"Lamongan"},"geometry":{"type":"Point","coordinates":[112.3,-7.1]}},{"type":"Feature","properties":{"Line":"S126","Sp":"1824.5","X":"642300.5","Y":"9217325.3","NAMOBJ":"Cungkup","WADMKC":"Pucuk","WADMKK":"Lamongan"},"geometry":{"type":"Point","coordinates":[112.3,-7.1]}},{"type":"Feature","properties":{"Line":"S128","Sp":"1576.5","X":"643300.5","Y":"9220225.3","NAMOBJ":"Cungkup","WADMKC":"Pucuk","WADMKK":"Lamongan"},"geometry":{"type":"Point","coordinates":[112.3,-7.1]}},{"type":"Feature","properties":{"Line":"S128","Sp":"1580.5","X":"643300.5","Y":"9220175.3","NAMOBJ":"Cungkup","WADMKC":"Pucuk","WADMKK":"Lamongan"},"geometry":{"type":"Point","coordinates":[112.3,-7.1]}},{"type":"Feature","properties":{"Line":"S128","Sp":"1584.5","X":"643300.5","Y":"9220125.3","NAMOBJ":"Cungkup","WADMKC":"Pucuk","WADMKK":"Lamongan"},"geometry":{"type":"Point","coordinates":[112.3,-7.1]}},{"type":"Feature","properties":{"Line":"S128","Sp":"1588.5","X":"643300.5","Y":"9220075.3","NAMOBJ":"Cungkup","WADMKC":"Pucuk","WADMKK":"Lamongan"},"geometry":{"type":"Point","coordinates":[112.3,-7.1]}},{"type":"Feature","properties":{"Line":"S128","Sp":"1664.5","X":"643300.5","Y":"9219125.3","NAMOBJ":"Cungkup","WADMKC":"Pucuk","WADMKK":"Lamongan"},"geometry":{"type":"Point","coordinates":[112.3,-7.1]}},{"type":"Feature","properties":{"Line":"S128","Sp":"1668.5","X":"643300.5","Y":"9219075.3","NAMOBJ":"Cungkup","WADMKC":"Pucuk","WADMKK":"Lamongan"},"geometry":{"type":"Point","coordinates":[112.3,-7.1]}},{"type":"Feature","properties":{"Line":"S128","Sp":"1672.5","X":"643300.5","Y":"9219025.3","NAMOBJ":"Cungkup","WADMKC":"Pucuk","WADMKK":"Lamongan"},"geometry":{"type":"Point","coordinates":[112.3,-7.1]}},{"type":"Feature","properties":{"Line":"S128","Sp":"1676.5","X":"643300.5","Y":"9218975.3","NAMOBJ":"Cungkup","WADMKC":"Pucuk","WADMKK":"Lamongan"},"geometry":{"type":"Point","coordinates":[112.3,-7.1]}},{"type":"Feature","properties":{"Line":"S128","Sp":"1680.5","X":"643300.5","Y":"9218925.3","NAMOBJ":"Cungkup","WADMKC":"Pucuk","WADMKK":"Lamongan"},"geometry":{"type":"Point","coordinates":[112.3,-7.1]}},{"type":"Feature","properties":{"Line":"S128","Sp":"1684.5","X":"643300.5","Y":"9218875.3","NAMOBJ":"Cungkup","WADMKC":"Pucuk","WADMKK":"Lamongan"},"geometry":{"type":"Point","coordinates":[112.3,-7.1]}},{"type":"Feature","properties":{"Line":"S128","Sp":"1688.5","X":"643300.5","Y":"9218825.3","NAMOBJ":"Cungkup","WADMKC":"Pucuk","WADMKK":"Lamongan"},"geometry":{"type":"Point","coordinates":[112.3,-7.1]}},{"type":"Feature","properties":{"Line":"S128","Sp":"1692.5","X":"643300.5","Y":"9218775.3","NAMOBJ":"Cungkup","WADMKC":"Pucuk","WADMKK":"Lamongan"},"geometry":{"type":"Point","coordinates":[112.3,-7.1]}},{"type":"Feature","properties":{"Line":"S128","Sp":"1696.5","X":"643300.5","Y":"9218725.3","NAMOBJ":"Cungkup","WADMKC":"Pucuk","WADMKK":"Lamongan"},"geometry":{"type":"Point","coordinates":[112.3,-7.1]}},{"type":"Feature","properties":{"Line":"S128","Sp":"1700.5","X":"643300.5","Y":"9218675.3","NAMOBJ":"Cungkup","WADMKC":"Pucuk","WADMKK":"Lamongan"},"geometry":{"type":"Point","coordinates":[112.3,-7.1]}},{"type":"Feature","properties":{"Line":"S128","Sp":"1704.5","X":"643300.5","Y":"9218625.3","NAMOBJ":"Cungkup","WADMKC":"Pucuk","WADMKK":"Lamongan"},"geometry":{"type":"Point","coordinates":[112.3,-7.1]}},{"type":"Feature","properties":{"Line":"S128","Sp":"1708.5","X":"643300.5","Y":"9218575.3","NAMOBJ":"Cungkup","WADMKC":"Pucuk","WADMKK":"Lamongan"},"geometry":{"type":"Point","coordinates":[112.3,-7.1]}},{"type":"Feature","properties":{"Line":"S128","Sp":"1712.5","X":"643300.5","Y":"9218525.3","NAMOBJ":"Cungkup","WADMKC":"Pucuk","WADMKK":"Lamongan"},"geometry":{"type":"Point","coordinates":[112.3,-7.1]}},{"type":"Feature","properties":{"Line":"S128","Sp":"1716.5","X":"643300.5","Y":"9218475.3","NAMOBJ":"Cungkup","WADMKC":"Pucuk","WADMKK":"Lamongan"},"geometry":{"type":"Point","coordinates":[112.3,-7.1]}},{"type":"Feature","properties":{"Line":"S128","Sp":"1720.5","X":"643300.5","Y":"9218425.3","NAMOBJ":"Cungkup","WADMKC":"Pucuk","WADMKK":"Lamongan"},"geometry":{"type":"Point","coordinates":[112.3,-7.1]}},{"type":"Feature","properties":{"Line":"S128","Sp":"1724.5","X":"643300.5","Y":"9218375.3","NAMOBJ":"Cungkup","WADMKC":"Pucuk","WADMKK":"Lamongan"},"geometry":{"type":"Point","coordinates":[112.3,-7.1]}},{"type":"Feature","properties":{"Line":"S128","Sp":"1728.5","X":"643300.5","Y":"9218325.3","NAMOBJ":"Cungkup","WADMKC":"Pucuk","WADMKK":"Lamongan"},"geometry":{"type":"Point","coordinates":[112.3,-7.1]}},{"type":"Feature","properties":{"Line":"S128","Sp":"1732.5","X":"643300.5","Y":"9218275.3","NAMOBJ":"Cungkup","WADMKC":"Pucuk","WADMKK":"Lamongan"},"geometry":{"type":"Point","coordinates":[112.3,-7.1]}},{"type":"Feature","properties":{"Line":"S128","Sp":"1736.5","X":"643300.5","Y":"9218225.3","NAMOBJ":"Cungkup","WADMKC":"Pucuk","WADMKK":"Lamongan"},"geometry":{"type":"Point","coordinates":[112.3,-7.1]}},{"type":"Feature","properties":{"Line":"S128","Sp":"1740.5","X":"643300.5","Y":"9218175.3","NAMOBJ":"Cungkup","WADMKC":"Pucuk","WADMKK":"Lamongan"},"geometry":{"type":"Point","coordinates":[112.3,-7.1]}},{"type":"Feature","properties":{"Line":"S128","Sp":"1744.5","X":"643300.5","Y":"9218125.3","NAMOBJ":"Cungkup","WADMKC":"Pucuk","WADMKK":"Lamongan"},"geometry":{"type":"Point","coordinates":[112.3,-7.1]}},{"type":"Feature","properties":{"Line":"S128","Sp":"1748.5","X":"643300.5","Y":"9218075.3","NAMOBJ":"Cungkup","WADMKC":"Pucuk","WADMKK":"Lamongan"},"geometry":{"type":"Point","coordinates":[112.3,-7.1]}},{"type":"Feature","properties":{"Line":"S128","Sp":"1752.5","X":"643300.5","Y":"9218025.3","NAMOBJ":"Cungkup","WADMKC":"Pucuk","WADMKK":"Lamongan"},"geometry":{"type":"Point","coordinates":[112.3,-7.1]}},{"type":"Feature","properties":{"Line":"S128","Sp":"1756.5","X":"643300.5","Y":"9217975.3","NAMOBJ":"Cungkup","WADMKC":"Pucuk","WADMKK":"Lamongan"},"geometry":{"type":"Point","coordinates":[112.3,-7.1]}},{"type":"Feature","properties":{"Line":"S128","Sp":"1760.5","X":"643300.5","Y":"9217925.3","NAMOBJ":"Cungkup","WADMKC":"Pucuk","WADMKK":"Lamongan"},"geometry":{"type":"Point","coordinates":[112.3,-7.1]}},{"type":"Feature","properties":{"Line":"S128","Sp":"1764.5","X":"643300.5","Y":"9217875.3","NAMOBJ":"Cungkup","WADMKC":"Pucuk","WADMKK":"Lamongan"},"geometry":{"type":"Point","coordinates":[112.3,-7.1]}},{"type":"Feature","properties":{"Line":"S128","Sp":"1768.5","X":"643300.5","Y":"9217825.3","NAMOBJ":"Cungkup","WADMKC":"Pucuk","WADMKK":"Lamongan"},"geometry":{"type":"Point","coordinates":[112.3,-7.1]}},{"type":"Feature","properties":{"Line":"S128","Sp":"1772.5","X":"643300.5","Y":"9217775.3","NAMOBJ":"Cungkup","WADMKC":"Pucuk","WADMKK":"Lamongan"},"geometry":{"type":"Point","coordinates":[112.3,-7.1]}},{"type":"Feature","properties":{"Line":"S128","Sp":"1776.5","X":"643300.5","Y":"9217725.3","NAMOBJ":"Cungkup","WADMKC":"Pucuk","WADMKK":"Lamongan"},"geometry":{"type":"Point","coordinates":[112.3,-7.1]}},{"type":"Feature","properties":{"Line":"S128","Sp":"1780.5","X":"643300.5","Y":"9217675.3","NAMOBJ":"Cungkup","WADMKC":"Pucuk","WADMKK":"Lamongan"},"geometry":{"type":"Point","coordinates":[112.3,-7.1]}},{"type":"Feature","properties":{"Line":"S128","Sp":"1784.5","X":"643300.5","Y":"9217625.3","NAMOBJ":"Cungkup","WADMKC":"Pucuk","WADMKK":"Lamongan"},"geometry":{"type":"Point","coordinates":[112.3,-7.1]}},{"type":"Feature","properties":{"Line":"S128","Sp":"1788.5","X":"643300.5","Y":"9217575.3","NAMOBJ":"Cungkup","WADMKC":"Pucuk","WADMKK":"Lamongan"},"geometry":{"type":"Point","coordinates":[112.3,-7.1]}},{"type":"Feature","properties":{"Line":"S128","Sp":"1792.5","X":"643300.5","Y":"9217525.3","NAMOBJ":"Cungkup","WADMKC":"Pucuk","WADMKK":"Lamongan"},"geometry":{"type":"Point","coordinates":[112.3,-7.1]}},{"type":"Feature","properties":{"Line":"S128","Sp":"1796.5","X":"643300.5","Y":"9217475.3","NAMOBJ":"Cungkup","WADMKC":"Pucuk","WADMKK":"Lamongan"},"geometry":{"type":"Point","coordinates":[112.3,-7.1]}},{"type":"Feature","properties":{"Line":"S128","Sp":"1800.5","X":"643300.5","Y":"9217425.3","NAMOBJ":"Cungkup","WADMKC":"Pucuk","WADMKK":"Lamongan"},"geometry":{"type":"Point","coordinates":[112.3,-7.1]}},{"type":"Feature","properties":{"Line":"S128","Sp":"1804.5","X":"643300.5","Y":"9217375.3","NAMOBJ":"Cungkup","WADMKC":"Pucuk","WADMKK":"Lamongan"},"geometry":{"type":"Point","coordinates":[112.3,-7.1]}},{"type":"Feature","properties":{"Line":"S128","Sp":"1808.5","X":"643300.5","Y":"9217325.3","NAMOBJ":"Cungkup","WADMKC":"Pucuk","WADMKK":"Lamongan"},"geometry":{"type":"Point","coordinates":[112.3,-7.1]}},{"type":"Feature","properties":{"Line":"S128","Sp":"1812.5","X":"643300.5","Y":"9217275.3","NAMOBJ":"Cungkup","WADMKC":"Pucuk","WADMKK":"Lamongan"},"geometry":{"type":"Point","coordinates":[112.3,-7.1]}},{"type":"Feature","properties":{"Line":"S128","Sp":"1816.5","X":"643300.5","Y":"9217225.3","NAMOBJ":"Cungkup","WADMKC":"Pucuk","WADMKK":"Lamongan"},"geometry":{"type":"Point","coordinates":[112.3,-7.1]}},{"type":"Feature","properties":{"Line":"S128","Sp":"1820.5","X":"643300.5","Y":"9217175.3","NAMOBJ":"Cungkup","WADMKC":"Pucuk","WADMKK":"Lamongan"},"geometry":{"type":"Point","coordinates":[112.3,-7.1]}},{"type":"Feature","properties":{"Line":"S128","Sp":"1824.5","X":"643300.5","Y":"9217125.3","NAMOBJ":"Cungkup","WADMKC":"Pucuk","WADMKK":"Lamongan"},"geometry":{"type":"Point","coordinates":[112.3,-7.1]}},{"type":"Feature","properties":{"Line":"S128","Sp":"1828.5","X":"643300.5","Y":"9217075.3","NAMOBJ":"Cungkup","WADMKC":"Pucuk","WADMKK":"Lamongan"},"geometry":{"type":"Point","coordinates":[112.3,-7.1]}},{"type":"Feature","properties":{"Line":"S128","Sp":"1832.5","X":"643300.5","Y":"9217025.3","NAMOBJ":"Cungkup","WADMKC":"Pucuk","WADMKK":"Lamongan"},"geometry":{"type":"Point","coordinates":[112.3,-7.1]}},{"type":"Feature","properties":{"Line":"S128","Sp":"1836.5","X":"643300.5","Y":"9216975.3","NAMOBJ":"Cungkup","WADMKC":"Pucuk","WADMKK":"Lamongan"},"geometry":{"type":"Point","coordinates":[112.3,-7.1]}},{"type":"Feature","properties":{"Line":"S128","Sp":"1840.5","X":"643300.5","Y":"9216925.3","NAMOBJ":"Cungkup","WADMKC":"Pucuk","WADMKK":"Lamongan"},"geometry":{"type":"Point","coordinates":[112.3,-7.1]}},{"type":"Feature","properties":{"Line":"S128","Sp":"1844.5","X":"643300.5","Y":"9216875.3","NAMOBJ":"Cungkup","WADMKC":"Pucuk","WADMKK":"Lamongan"},"geometry":{"type":"Point","coordinates":[112.3,-7.1]}},{"type":"Feature","properties":{"Line":"S128","Sp":"1848.5","X":"643300.5","Y":"9216825.3","NAMOBJ":"Cungkup","WADMKC":"Pucuk","WADMKK":"Lamongan"},"geometry":{"type":"Point","coordinates":[112.3,-7.1]}},{"type":"Feature","properties":{"Line":"S128","Sp":"1852.5","X":"643300.5","Y":"9216775.3","NAMOBJ":"Cungkup","WADMKC":"Pucuk","WADMKK":"Lamongan"},"geometry":{"type":"Point","coordinates":[112.3,-7.1]}},{"type":"Feature","properties":{"Line":"S130","Sp":"1688.5","X":"644300.5","Y":"9218675.3","NAMOBJ":"Cungkup","WADMKC":"Pucuk","WADMKK":"Lamongan"},"geometry":{"type":"Point","coordinates":[112.3,-7.1]}},{"type":"Feature","properties":{"Line":"S130","Sp":"1692.5","X":"644300.5","Y":"9218625.3","NAMOBJ":"Cungkup","WADMKC":"Pucuk","WADMKK":"Lamongan"},"geometry":{"type":"Point","coordinates":[112.3,-7.1]}},{"type":"Feature","properties":{"Line":"S130","Sp":"1696.5","X":"644300.5","Y":"9218575.3","NAMOBJ":"Cungkup","WADMKC":"Pucuk","WADMKK":"Lamongan"},"geometry":{"type":"Point","coordinates":[112.3,-7.1]}},{"type":"Feature","properties":{"Line":"S130","Sp":"1700.5","X":"644300.5","Y":"9218525.3","NAMOBJ":"Cungkup","WADMKC":"Pucuk","WADMKK":"Lamongan"},"geometry":{"type":"Point","coordinates":[112.3,-7.1]}},{"type":"Feature","properties":{"Line":"S130","Sp":"1704.5","X":"644300.5","Y":"9218475.3","NAMOBJ":"Cungkup","WADMKC":"Pucuk","WADMKK":"Lamongan"},"geometry":{"type":"Point","coordinates":[112.3,-7.1]}},{"type":"Feature","properties":{"Line":"S130","Sp":"1708.5","X":"644300.5","Y":"9218425.3","NAMOBJ":"Cungkup","WADMKC":"Pucuk","WADMKK":"Lamongan"},"geometry":{"type":"Point","coordinates":[112.3,-7.1]}},{"type":"Feature","properties":{"Line":"S130","Sp":"1712.5","X":"644300.5","Y":"9218375.3","NAMOBJ":"Cungkup","WADMKC":"Pucuk","WADMKK":"Lamongan"},"geometry":{"type":"Point","coordinates":[112.3,-7.1]}},{"type":"Feature","properties":{"Line":"S130","Sp":"1716.5","X":"644300.5","Y":"9218325.3","NAMOBJ":"Cungkup","WADMKC":"Pucuk","WADMKK":"Lamongan"},"geometry":{"type":"Point","coordinates":[112.3,-7.1]}},{"type":"Feature","properties":{"Line":"S130","Sp":"1720.5","X":"644300.5","Y":"9218275.3","NAMOBJ":"Cungkup","WADMKC":"Pucuk","WADMKK":"Lamongan"},"geometry":{"type":"Point","coordinates":[112.3,-7.1]}},{"type":"Feature","properties":{"Line":"S130","Sp":"1800.5","X":"644300.5","Y":"9217275.3","NAMOBJ":"Cungkup","WADMKC":"Pucuk","WADMKK":"Lamongan"},"geometry":{"type":"Point","coordinates":[112.3,-7.1]}},{"type":"Feature","properties":{"Line":"S130","Sp":"1804.5","X":"644300.5","Y":"9217225.3","NAMOBJ":"Cungkup","WADMKC":"Pucuk","WADMKK":"Lamongan"},"geometry":{"type":"Point","coordinates":[112.3,-7.1]}},{"type":"Feature","properties":{"Line":"S130","Sp":"1808.5","X":"644300.5","Y":"9217175.3","NAMOBJ":"Cungkup","WADMKC":"Pucuk","WADMKK":"Lamongan"},"geometry":{"type":"Point","coordinates":[112.3,-7.1]}},{"type":"Feature","properties":{"Line":"S130","Sp":"1812.5","X":"644300.5","Y":"9217125.3","NAMOBJ":"Cungkup","WADMKC":"Pucuk","WADMKK":"Lamongan"},"geometry":{"type":"Point","coordinates":[112.3,-7.1]}},{"type":"Feature","properties":{"Line":"S130","Sp":"1816.5","X":"644300.5","Y":"9217075.3","NAMOBJ":"Cungkup","WADMKC":"Pucuk","WADMKK":"Lamongan"},"geometry":{"type":"Point","coordinates":[112.3,-7.1]}},{"type":"Feature","properties":{"Line":"S117","Sp":"2988.5","X":"648875.5","Y":"9216800.3","NAMOBJ":"Geger","WADMKC":"Turi","WADMKK":"Lamongan"},"geometry":{"type":"Point","coordinates":[112.3,-7.1]}},{"type":"Feature","properties":{"Line":"S117","Sp":"2992.5","X":"648925.5","Y":"9216800.3","NAMOBJ":"Geger","WADMKC":"Turi","WADMKK":"Lamongan"},"geometry":{"type":"Point","coordinates":[112.3,-7.1]}},{"type":"Feature","properties":{"Line":"S117","Sp":"2996.5","X":"648975.5","Y":"9216800.3","NAMOBJ":"Geger","WADMKC":"Turi","WADMKK":"Lamongan"},"geometry":{"type":"Point","coordinates":[112.3,-7.1]}},{"type":"Feature","properties":{"Line":"S117","Sp":"3000.5","X":"649025.5","Y":"9216800.3","NAMOBJ":"Geger","WADMKC":"Turi","WADMKK":"Lamongan"},"geometry":{"type":"Point","coordinates":[112.3,-7.1]}},{"type":"Feature","properties":{"Line":"S117","Sp":"3004.5","X":"649075.5","Y":"9216800.3","NAMOBJ":"Geger","WADMKC":"Turi","WADMKK":"Lamongan"},"geometry":{"type":"Point","coordinates":[112.3,-7.1]}},{"type":"Feature","properties":{"Line":"S119","Sp":"3052.5","X":"648725.5","Y":"9217800.3","NAMOBJ":"Geger","WADMKC":"Turi","WADMKK":"Lamongan"},"geometry":{"type":"Point","coordinates":[112.3,-7.1]}},{"type":"Feature","properties":{"Line":"S119","Sp":"3056.5","X":"648775.5","Y":"9217800.3","NAMOBJ":"Geger","WADMKC":"Turi","WADMKK":"Lamongan"},"geometry":{"type":"Point","coordinates":[112.3,-7.1]}},{"type":"Feature","properties":{"Line":"S119","Sp":"3060.5","X":"648825.5","Y":"9217800.3","NAMOBJ":"Geger","WADMKC":"Turi","WADMKK":"Lamongan"},"geometry":{"type":"Point","coordinates":[112.3,-7.1]}},{"type":"Feature","properties":{"Line":"S119","Sp":"3064.5","X":"648875.5","Y":"9217800.3","NAMOBJ":"Geger","WADMKC":"Turi","WADMKK":"Lamongan"},"geometry":{"type":"Point","coordinates":[112.3,-7.1]}},{"type":"Feature","properties":{"Line":"S119","Sp":"3068.5","X":"648925.5","Y":"9217800.3","NAMOBJ":"Geger","WADMKC":"Turi","WADMKK":"Lamongan"},"geometry":{"type":"Point","coordinates":[112.3,-7.1]}},{"type":"Feature","properties":{"Line":"S119","Sp":"3072.5","X":"648975.5","Y":"9217800.3","NAMOBJ":"Geger","WADMKC":"Turi","WADMKK":"Lamongan"},"geometry":{"type":"Point","coordinates":[112.3,-7.1]}},{"type":"Feature","properties":{"Line":"S119","Sp":"3076.5","X":"649025.5","Y":"9217800.3","NAMOBJ":"Geger","WADMKC":"Turi","WADMKK":"Lamongan"},"geometry":{"type":"Point","coordinates":[112.3,-7.1]}},{"type":"Feature","properties":{"Line":"S119","Sp":"3080.5","X":"649075.5","Y":"9217800.3","NAMOBJ":"Geger","WADMKC":"Turi","WADMKK":"Lamongan"},"geometry":{"type":"Point","coordinates":[112.3,-7.1]}},{"type":"Feature","properties":{"Line":"S121","Sp":"3044.5","X":"648525.5","Y":"9218800.3","NAMOBJ":"Geger","WADMKC":"Turi","WADMKK":"Lamongan"},"geometry":{"type":"Point","coordinates":[112.3,-7.1]}},{"type":"Feature","properties":{"Line":"S121","Sp":"3048.5","X":"648575.5","Y":"9218800.3","NAMOBJ":"Geger","WADMKC":"Turi","WADMKK":"Lamongan"},"geometry":{"type":"Point","coordinates":[112.3,-7.1]}},{"type":"Feature","properties":{"Line":"S121","Sp":"3052.5","X":"648625.5","Y":"9218800.3","NAMOBJ":"Geger","WADMKC":"Turi","WADMKK":"Lamongan"},"geometry":{"type":"Point","coordinates":[112.3,-7.1]}},{"type":"Feature","properties":{"Line":"S121","Sp":"3056.5","X":"648675.5","Y":"9218800.3","NAMOBJ":"Geger","WADMKC":"Turi","WADMKK":"Lamongan"},"geometry":{"type":"Point","coordinates":[112.3,-7.1]}},{"type":"Feature","properties":{"Line":"S121","Sp":"3060.5","X":"648725.5","Y":"9218800.3","NAMOBJ":"Geger","WADMKC":"Turi","WADMKK":"Lamongan"},"geometry":{"type":"Point","coordinates":[112.3,-7.1]}},{"type":"Feature","properties":{"Line":"S121","Sp":"3064.5","X":"648775.5","Y":"9218800.3","NAMOBJ":"Geger","WADMKC":"Turi","WADMKK":"Lamongan"},"geometry":{"type":"Point","coordinates":[112.3,-7.1]}},{"type":"Feature","properties":{"Line":"S121","Sp":"3068.5","X":"648825.5","Y":"9218800.3","NAMOBJ":"Geger","WADMKC":"Turi","WADMKK":"Lamongan"},"geometry":{"type":"Point","coordinates":[112.3,-7.1]}},{"type":"Feature","properties":{"Line":"S121","Sp":"3072.5","X":"648875.5","Y":"9218800.3","NAMOBJ":"Geger","WADMKC":"Turi","WADMKK":"Lamongan"},"geometry":{"type":"Point","coordinates":[112.3,-7.1]}},{"type":"Feature","properties":{"Line":"S121","Sp":"3076.5","X":"648925.5","Y":"9218800.3","NAMOBJ":"Geger","WADMKC":"Turi","WADMKK":"Lamongan"},"geometry":{"type":"Point","coordinates":[112.3,-7.1]}},{"type":"Feature","properties":{"Line":"S121","Sp":"3080.5","X":"648975.5","Y":"9218800.3","NAMOBJ":"Geger","WADMKC":"Turi","WADMKK":"Lamongan"},"geometry":{"type":"Point","coordinates":[112.3,-7.1]}},{"type":"Feature","properties":{"Line":"S121","Sp":"3084.5","X":"649025.5","Y":"9218800.3","NAMOBJ":"Geger","WADMKC":"Turi","WADMKK":"Lamongan"},"geometry":{"type":"Point","coordinates":[112.3,-7.1]}},{"type":"Feature","properties":{"Line":"S121","Sp":"3088.5","X":"649075.5","Y":"9218800.3","NAMOBJ":"Geger","WADMKC":"Turi","WADMKK":"Lamongan"},"geometry":{"type":"Point","coordinates":[112.3,-7.1]}},{"type":"Feature","properties":{"Line":"S103","Sp":"2424.5","X":"642025.5","Y":"9209800.3","NAMOBJ":"Jubelkidul","WADMKC":"Sugio","WADMKK":"Lamongan"},"geometry":{"type":"Point","coordinates":[112.3,-7.1]}},{"type":"Feature","properties":{"Line":"S103","Sp":"2428.5","X":"642075.5","Y":"9209800.3","NAMOBJ":"Jubelkidul","WADMKC":"Sugio","WADMKK":"Lamongan"},"geometry":{"type":"Point","coordinates":[112.3,-7.1]}},{"type":"Feature","properties":{"Line":"S103","Sp":"2432.5","X":"642125.5","Y":"9209800.3","NAMOBJ":"Jubelkidul","WADMKC":"Sugio","WADMKK":"Lamongan"},"geometry":{"type":"Point","coordinates":[112.3,-7.1]}},{"type":"Feature","properties":{"Line":"S103","Sp":"2436.5","X":"642175.5","Y":"9209800.3","NAMOBJ":"Jubelkidul","WADMKC":"Sugio","WADMKK":"Lamongan"},"geometry":{"type":"Point","coordinates":[112.3,-7.1]}},{"type":"Feature","properties":{"Line":"S103","Sp":"2440.5","X":"642225.5","Y":"9209800.3","NAMOBJ":"Jubelkidul","WADMKC":"Sugio","WADMKK":"Lamongan"},"geometry":{"type":"Point","coordinates":[112.3,-7.1]}},{"type":"Feature","properties":{"Line":"S103","Sp":"2444.5","X":"642275.5","Y":"9209800.3","NAMOBJ":"Jubelkidul","WADMKC":"Sugio","WADMKK":"Lamongan"},"geometry":{"type":"Point","coordinates":[112.3,-7.1]}},{"type":"Feature","properties":{"Line":"S103","Sp":"2448.5","X":"642325.5","Y":"9209800.3","NAMOBJ":"Jubelkidul","WADMKC":"Sugio","WADMKK":"Lamongan"},"geometry":{"type":"Point","coordinates":[112.3,-7.1]}},{"type":"Feature","properties":{"Line":"S103","Sp":"2452.5","X":"642375.5","Y":"9209800.3","NAMOBJ":"Jubelkidul","WADMKC":"Sugio","WADMKK":"Lamongan"},"geometry":{"type":"Point","coordinates":[112.3,-7.1]}},{"type":"Feature","properties":{"Line":"S103","Sp":"2456.5","X":"642425.5","Y":"9209800.3","NAMOBJ":"Jubelkidul","WADMKC":"Sugio","WADMKK":"Lamongan"},"geometry":{"type":"Point","coordinates":[112.3,-7.1]}},{"type":"Feature","properties":{"Line":"S103","Sp":"2460.5","X":"642475.5","Y":"9209800.3","NAMOBJ":"Jubelkidul","WADMKC":"Sugio","WADMKK":"Lamongan"},"geometry":{"type":"Point","coordinates":[112.3,-7.1]}},{"type":"Feature","properties":{"Line":"S103","Sp":"2464.5","X":"642525.5","Y":"9209800.3","NAMOBJ":"Jubelkidul","WADMKC":"Sugio","WADMKK":"Lamongan"},"geometry":{"type":"Point","coordinates":[112.3,-7.1]}},{"type":"Feature","properties":{"Line":"S103","Sp":"2468.5","X":"642575.5","Y":"9209800.3","NAMOBJ":"Jubelkidul","WADMKC":"Sugio","WADMKK":"Lamongan"},"geometry":{"type":"Point","coordinates":[112.3,-7.1]}},{"type":"Feature","properties":{"Line":"S103","Sp":"2472.5","X":"642625.5","Y":"9209800.3","NAMOBJ":"Jubelkidul","WADMKC":"Sugio","WADMKK":"Lamongan"},"geometry":{"type":"Point","coordinates":[112.3,-7.1]}},{"type":"Feature","properties":{"Line":"S103","Sp":"2476.5","X":"642675.5","Y":"9209800.3","NAMOBJ":"Jubelkidul","WADMKC":"Sugio","WADMKK":"Lamongan"},"geometry":{"type":"Point","coordinates":[112.3,-7.1]}},{"type":"Feature","properties":{"Line":"S103","Sp":"2480.5","X":"642725.5","Y":"9209800.3","NAMOBJ":"Jubelkidul","WADMKC":"Sugio","WADMKK":"Lamongan"},"geometry":{"type":"Point","coordinates":[112.3,-7.1]}},{"type":"Feature","properties":{"Line":"S103","Sp":"2484.5","X":"642775.5","Y":"9209800.3","NAMOBJ":"Jubelkidul","WADMKC":"Sugio","WADMKK":"Lamongan"},"geometry":{"type":"Point","coordinates":[112.3,-7.1]}},{"type":"Feature","properties":{"Line":"S103","Sp":"2488.5","X":"642825.5","Y":"9209800.3","NAMOBJ":"Jubelkidul","WADMKC":"Sugio","WADMKK":"Lamongan"},"geometry":{"type":"Point","coordinates":[112.3,-7.1]}},{"type":"Feature","properties":{"Line":"S103","Sp":"2492.5","X":"642875.5","Y":"9209800.3","NAMOBJ":"Jubelkidul","WADMKC":"Sugio","WADMKK":"Lamongan"},"geometry":{"type":"Point","coordinates":[112.3,-7.1]}},{"type":"Feature","properties":{"Line":"S103","Sp":"2496.5","X":"642925.5","Y":"9209800.3","NAMOBJ":"Jubelkidul","WADMKC":"Sugio","WADMKK":"Lamongan"},"geometry":{"type":"Point","coordinates":[112.3,-7.1]}},{"type":"Feature","properties":{"Line":"S103","Sp":"2500.5","X":"642975.5","Y":"9209800.3","NAMOBJ":"Jubelkidul","WADMKC":"Sugio","WADMKK":"Lamongan"},"geometry":{"type":"Point","coordinates":[112.3,-7.1]}},{"type":"Feature","properties":{"Line":"S103","Sp":"2504.5","X":"643025.5","Y":"9209800.3","NAMOBJ":"Jubelkidul","WADMKC":"Sugio","WADMKK":"Lamongan"},"geometry":{"type":"Point","coordinates":[112.3,-7.1]}},{"type":"Feature","properties":{"Line":"S103","Sp":"2508.5","X":"643075.5","Y":"9209800.3","NAMOBJ":"Jubelkidul","WADMKC":"Sugio","WADMKK":"Lamongan"},"geometry":{"type":"Point","coordinates":[112.3,-7.1]}},{"type":"Feature","properties":{"Line":"S103","Sp":"2512.5","X":"643125.5","Y":"9209800.3","NAMOBJ":"Jubelkidul","WADMKC":"Sugio","WADMKK":"Lamongan"},"geometry":{"type":"Point","coordinates":[112.3,-7.1]}},{"type":"Feature","properties":{"Line":"S103","Sp":"2516.5","X":"643175.5","Y":"9209800.3","NAMOBJ":"Jubelkidul","WADMKC":"Sugio","WADMKK":"Lamongan"},"geometry":{"type":"Point","coordinates":[112.3,-7.1]}},{"type":"Feature","properties":{"Line":"S103","Sp":"2520.5","X":"643225.5","Y":"9209800.3","NAMOBJ":"Jubelkidul","WADMKC":"Sugio","WADMKK":"Lamongan"},"geometry":{"type":"Point","coordinates":[112.3,-7.1]}},{"type":"Feature","properties":{"Line":"S103","Sp":"2524.5","X":"643275.5","Y":"9209800.3","NAMOBJ":"Jubelkidul","WADMKC":"Sugio","WADMKK":"Lamongan"},"geometry":{"type":"Point","coordinates":[112.3,-7.1]}},{"type":"Feature","properties":{"Line":"S103","Sp":"2528.5","X":"643325.5","Y":"9209800.3","NAMOBJ":"Jubelkidul","WADMKC":"Sugio","WADMKK":"Lamongan"},"geometry":{"type":"Point","coordinates":[112.3,-7.1]}},{"type":"Feature","properties":{"Line":"S103","Sp":"2532.5","X":"643375.5","Y":"9209800.3","NAMOBJ":"Jubelkidul","WADMKC":"Sugio","WADMKK":"Lamongan"},"geometry":{"type":"Point","coordinates":[112.3,-7.1]}},{"type":"Feature","properties":{"Line":"S103","Sp":"2536.5","X":"643425.5","Y":"9209800.3","NAMOBJ":"Jubelkidul","WADMKC":"Sugio","WADMKK":"Lamongan"},"geometry":{"type":"Point","coordinates":[112.3,-7.1]}},{"type":"Feature","properties":{"Line":"S103","Sp":"2540.5","X":"643475.5","Y":"9209800.3","NAMOBJ":"Jubelkidul","WADMKC":"Sugio","WADMKK":"Lamongan"},"geometry":{"type":"Point","coordinates":[112.3,-7.1]}},{"type":"Feature","properties":{"Line":"S103","Sp":"2544.5","X":"643525.5","Y":"9209800.3","NAMOBJ":"Jubelkidul","WADMKC":"Sugio","WADMKK":"Lamongan"},"geometry":{"type":"Point","coordinates":[112.3,-7.1]}},{"type":"Feature","properties":{"Line":"S103","Sp":"2548.5","X":"643575.5","Y":"9209800.3","NAMOBJ":"Jubelkidul","WADMKC":"Sugio","WADMKK":"Lamongan"},"geometry":{"type":"Point","coordinates":[112.3,-7.1]}},{"type":"Feature","properties":{"Line":"S103","Sp":"2552.5","X":"643625.5","Y":"9209800.3","NAMOBJ":"Jubelkidul","WADMKC":"Sugio","WADMKK":"Lamongan"},"geometry":{"type":"Point","coordinates":[112.3,-7.1]}},{"type":"Feature","properties":{"Line":"S103","Sp":"2556.5","X":"643675.5","Y":"9209800.3","NAMOBJ":"Jubelkidul","WADMKC":"Sugio","WADMKK":"Lamongan"},"geometry":{"type":"Point","coordinates":[112.3,-7.1]}},{"type":"Feature","properties":{"Line":"S103","Sp":"2560.5","X":"643725.5","Y":"9209800.3","NAMOBJ":"Jubelkidul","WADMKC":"Sugio","WADMKK":"Lamongan"},"geometry":{"type":"Point","coordinates":[112.3,-7.1]}},{"type":"Feature","properties":{"Line":"S103","Sp":"2564.5","X":"643775.5","Y":"9209800.3","NAMOBJ":"Jubelkidul","WADMKC":"Sugio","WADMKK":"Lamongan"},"geometry":{"type":"Point","coordinates":[112.3,-7.1]}},{"type":"Feature","properties":{"Line":"S103","Sp":"2568.5","X":"643825.5","Y":"9209800.3","NAMOBJ":"Jubelkidul","WADMKC":"Sugio","WADMKK":"Lamongan"},"geometry":{"type":"Point","coordinates":[112.3,-7.1]}},{"type":"Feature","properties":{"Line":"S103","Sp":"2572.5","X":"643875.5","Y":"9209800.3","NAMOBJ":"Jubelkidul","WADMKC":"Sugio","WADMKK":"Lamongan"},"geometry":{"type":"Point","coordinates":[112.3,-7.1]}},{"type":"Feature","properties":{"Line":"S103","Sp":"2576.5","X":"643925.5","Y":"9209800.3","NAMOBJ":"Jubelkidul","WADMKC":"Sugio","WADMKK":"Lamongan"},"geometry":{"type":"Point","coordinates":[112.3,-7.1]}},{"type":"Feature","properties":{"Line":"S103","Sp":"2580.5","X":"643975.5","Y":"9209800.3","NAMOBJ":"Jubelkidul","WADMKC":"Sugio","WADMKK":"Lamongan"},"geometry":{"type":"Point","coordinates":[112.3,-7.1]}},{"type":"Feature","properties":{"Line":"S103","Sp":"2584.5","X":"644025.5","Y":"9209800.3","NAMOBJ":"Jubelkidul","WADMKC":"Sugio","WADMKK":"Lamongan"},"geometry":{"type":"Point","coordinates":[112.3,-7.1]}},{"type":"Feature","properties":{"Line":"S103","Sp":"2588.5","X":"644075.5","Y":"9209800.3","NAMOBJ":"Jubelkidul","WADMKC":"Sugio","WADMKK":"Lamongan"},"geometry":{"type":"Point","coordinates":[112.3,-7.1]}},{"type":"Feature","properties":{"Line":"S103","Sp":"2592.5","X":"644125.5","Y":"9209800.3","NAMOBJ":"Jubelkidul","WADMKC":"Sugio","WADMKK":"Lamongan"},"geometry":{"type":"Point","coordinates":[112.3,-7.1]}},{"type":"Feature","properties":{"Line":"S103","Sp":"2596.5","X":"644175.5","Y":"9209800.3","NAMOBJ":"Jubelkidul","WADMKC":"Sugio","WADMKK":"Lamongan"},"geometry":{"type":"Point","coordinates":[112.3,-7.1]}},{"type":"Feature","properties":{"Line":"S103","Sp":"2600.5","X":"644225.5","Y":"9209800.3","NAMOBJ":"Jubelkidul","WADMKC":"Sugio","WADMKK":"Lamongan"},"geometry":{"type":"Point","coordinates":[112.3,-7.1]}},{"type":"Feature","properties":{"Line":"S103","Sp":"2604.5","X":"644275.5","Y":"9209800.3","NAMOBJ":"Jubelkidul","WADMKC":"Sugio","WADMKK":"Lamongan"},"geometry":{"type":"Point","coordinates":[112.3,-7.1]}},{"type":"Feature","properties":{"Line":"S103","Sp":"2608.5","X":"644325.5","Y":"9209800.3","NAMOBJ":"Jubelkidul","WADMKC":"Sugio","WADMKK":"Lamongan"},"geometry":{"type":"Point","coordinates":[112.3,-7.1]}},{"type":"Feature","properties":{"Line":"S103","Sp":"2612.5","X":"644375.5","Y":"9209800.3","NAMOBJ":"Jubelkidul","WADMKC":"Sugio","WADMKK":"Lamongan"},"geometry":{"type":"Point","coordinates":[112.3,-7.1]}},{"type":"Feature","properties":{"Line":"S103","Sp":"2616.5","X":"644425.5","Y":"9209800.3","NAMOBJ":"Jubelkidul","WADMKC":"Sugio","WADMKK":"Lamongan"},"geometry":{"type":"Point","coordinates":[112.3,-7.1]}},{"type":"Feature","properties":{"Line":"S105","Sp":"2476.5","X":"642425.5","Y":"9210800.3","NAMOBJ":"Jubelkidul","WADMKC":"Sugio","WADMKK":"Lamongan"},"geometry":{"type":"Point","coordinates":[112.3,-7.1]}},{"type":"Feature","properties":{"Line":"S105","Sp":"2480.5","X":"642475.5","Y":"9210800.3","NAMOBJ":"Jubelkidul","WADMKC":"Sugio","WADMKK":"Lamongan"},"geometry":{"type":"Point","coordinates":[112.3,-7.1]}},{"type":"Feature","properties":{"Line":"S105","Sp":"2484.5","X":"642525.5","Y":"9210800.3","NAMOBJ":"Jubelkidul","WADMKC":"Sugio","WADMKK":"Lamongan"},"geometry":{"type":"Point","coordinates":[112.3,-7.1]}},{"type":"Feature","properties":{"Line":"S105","Sp":"2488.5","X":"642575.5","Y":"9210800.3","NAMOBJ":"Jubelkidul","WADMKC":"Sugio","WADMKK":"Lamongan"},"geometry":{"type":"Point","coordinates":[112.3,-7.1]}},{"type":"Feature","properties":{"Line":"S105","Sp":"2492.5","X":"642625.5","Y":"9210800.3","NAMOBJ":"Jubelkidul","WADMKC":"Sugio","WADMKK":"Lamongan"},"geometry":{"type":"Point","coordinates":[112.3,-7.1]}},{"type":"Feature","properties":{"Line":"S105","Sp":"2496.5","X":"642675.5","Y":"9210800.3","NAMOBJ":"Jubelkidul","WADMKC":"Sugio","WADMKK":"Lamongan"},"geometry":{"type":"Point","coordinates":[112.3,-7.1]}},{"type":"Feature","properties":{"Line":"S105","Sp":"2500.5","X":"642725.5","Y":"9210800.3","NAMOBJ":"Jubelkidul","WADMKC":"Sugio","WADMKK":"Lamongan"},"geometry":{"type":"Point","coordinates":[112.3,-7.1]}},{"type":"Feature","properties":{"Line":"S105","Sp":"2504.5","X":"642775.5","Y":"9210800.3","NAMOBJ":"Jubelkidul","WADMKC":"Sugio","WADMKK":"Lamongan"},"geometry":{"type":"Point","coordinates":[112.3,-7.1]}},{"type":"Feature","properties":{"Line":"S105","Sp":"2508.5","X":"642825.5","Y":"9210800.3","NAMOBJ":"Jubelkidul","WADMKC":"Sugio","WADMKK":"Lamongan"},"geometry":{"type":"Point","coordinates":[112.3,-7.1]}},{"type":"Feature","properties":{"Line":"S105","Sp":"2512.5","X":"642875.5","Y":"9210800.3","NAMOBJ":"Jubelkidul","WADMKC":"Sugio","WADMKK":"Lamongan"},"geometry":{"type":"Point","coordinates":[112.3,-7.1]}},{"type":"Feature","properties":{"Line":"S105","Sp":"2516.5","X":"642925.5","Y":"9210800.3","NAMOBJ":"Jubelkidul","WADMKC":"Sugio","WADMKK":"Lamongan"},"geometry":{"type":"Point","coordinates":[112.3,-7.1]}},{"type":"Feature","properties":{"Line":"S105","Sp":"2520.5","X":"642975.5","Y":"9210800.3","NAMOBJ":"Jubelkidul","WADMKC":"Sugio","WADMKK":"Lamongan"},"geometry":{"type":"Point","coordinates":[112.3,-7.1]}},{"type":"Feature","properties":{"Line":"S105","Sp":"2524.5","X":"643025.5","Y":"9210800.3","NAMOBJ":"Jubelkidul","WADMKC":"Sugio","WADMKK":"Lamongan"},"geometry":{"type":"Point","coordinates":[112.3,-7.1]}},{"type":"Feature","properties":{"Line":"S105","Sp":"2528.5","X":"643075.5","Y":"9210800.3","NAMOBJ":"Jubelkidul","WADMKC":"Sugio","WADMKK":"Lamongan"},"geometry":{"type":"Point","coordinates":[112.3,-7.1]}},{"type":"Feature","properties":{"Line":"S105","Sp":"2532.5","X":"643125.5","Y":"9210800.3","NAMOBJ":"Jubelkidul","WADMKC":"Sugio","WADMKK":"Lamongan"},"geometry":{"type":"Point","coordinates":[112.3,-7.1]}},{"type":"Feature","properties":{"Line":"S105","Sp":"2536.5","X":"643175.5","Y":"9210800.3","NAMOBJ":"Jubelkidul","WADMKC":"Sugio","WADMKK":"Lamongan"},"geometry":{"type":"Point","coordinates":[112.3,-7.1]}},{"type":"Feature","properties":{"Line":"S105","Sp":"2540.5","X":"643225.5","Y":"9210800.3","NAMOBJ":"Jubelkidul","WADMKC":"Sugio","WADMKK":"Lamongan"},"geometry":{"type":"Point","coordinates":[112.3,-7.1]}},{"type":"Feature","properties":{"Line":"S105","Sp":"2544.5","X":"643275.5","Y":"9210800.3","NAMOBJ":"Jubelkidul","WADMKC":"Sugio","WADMKK":"Lamongan"},"geometry":{"type":"Point","coordinates":[112.3,-7.1]}},{"type":"Feature","properties":{"Line":"S105","Sp":"2548.5","X":"643325.5","Y":"9210800.3","NAMOBJ":"Jubelkidul","WADMKC":"Sugio","WADMKK":"Lamongan"},"geometry":{"type":"Point","coordinates":[112.3,-7.1]}},{"type":"Feature","properties":{"Line":"S105","Sp":"2552.5","X":"643375.5","Y":"9210800.3","NAMOBJ":"Jubelkidul","WADMKC":"Sugio","WADMKK":"Lamongan"},"geometry":{"type":"Point","coordinates":[112.3,-7.1]}},{"type":"Feature","properties":{"Line":"S105","Sp":"2556.5","X":"643425.5","Y":"9210800.3","NAMOBJ":"Jubelkidul","WADMKC":"Sugio","WADMKK":"Lamongan"},"geometry":{"type":"Point","coordinates":[112.3,-7.1]}},{"type":"Feature","properties":{"Line":"S105","Sp":"2560.5","X":"643475.5","Y":"9210800.3","NAMOBJ":"Jubelkidul","WADMKC":"Sugio","WADMKK":"Lamongan"},"geometry":{"type":"Point","coordinates":[112.3,-7.1]}},{"type":"Feature","properties":{"Line":"S105","Sp":"2564.5","X":"643525.5","Y":"9210800.3","NAMOBJ":"Jubelkidul","WADMKC":"Sugio","WADMKK":"Lamongan"},"geometry":{"type":"Point","coordinates":[112.3,-7.1]}},{"type":"Feature","properties":{"Line":"S105","Sp":"2568.5","X":"643575.5","Y":"9210800.3","NAMOBJ":"Jubelkidul","WADMKC":"Sugio","WADMKK":"Lamongan"},"geometry":{"type":"Point","coordinates":[112.3,-7.1]}},{"type":"Feature","properties":{"Line":"S105","Sp":"2572.5","X":"643625.5","Y":"9210800.3","NAMOBJ":"Jubelkidul","WADMKC":"Sugio","WADMKK":"Lamongan"},"geometry":{"type":"Point","coordinates":[112.3,-7.1]}},{"type":"Feature","properties":{"Line":"S105","Sp":"2576.5","X":"643675.5","Y":"9210800.3","NAMOBJ":"Jubelkidul","WADMKC":"Sugio","WADMKK":"Lamongan"},"geometry":{"type":"Point","coordinates":[112.3,-7.1]}},{"type":"Feature","properties":{"Line":"S105","Sp":"2580.5","X":"643725.5","Y":"9210800.3","NAMOBJ":"Jubelkidul","WADMKC":"Sugio","WADMKK":"Lamongan"},"geometry":{"type":"Point","coordinates":[112.3,-7.1]}},{"type":"Feature","properties":{"Line":"S105","Sp":"2584.5","X":"643775.5","Y":"9210800.3","NAMOBJ":"Jubelkidul","WADMKC":"Sugio","WADMKK":"Lamongan"},"geometry":{"type":"Point","coordinates":[112.3,-7.1]}},{"type":"Feature","properties":{"Line":"S105","Sp":"2588.5","X":"643825.5","Y":"9210800.3","NAMOBJ":"Jubelkidul","WADMKC":"Sugio","WADMKK":"Lamongan"},"geometry":{"type":"Point","coordinates":[112.3,-7.1]}},{"type":"Feature","properties":{"Line":"S105","Sp":"2592.5","X":"643875.5","Y":"9210800.3","NAMOBJ":"Jubelkidul","WADMKC":"Sugio","WADMKK":"Lamongan"},"geometry":{"type":"Point","coordinates":[112.3,-7.1]}},{"type":"Feature","properties":{"Line":"S105","Sp":"2596.5","X":"643925.5","Y":"9210800.3","NAMOBJ":"Jubelkidul","WADMKC":"Sugio","WADMKK":"Lamongan"},"geometry":{"type":"Point","coordinates":[112.3,-7.1]}},{"type":"Feature","properties":{"Line":"S105","Sp":"2600.5","X":"643975.5","Y":"9210800.3","NAMOBJ":"Jubelkidul","WADMKC":"Sugio","WADMKK":"Lamongan"},"geometry":{"type":"Point","coordinates":[112.3,-7.1]}},{"type":"Feature","properties":{"Line":"S105","Sp":"2604.5","X":"644025.5","Y":"9210800.3","NAMOBJ":"Jubelkidul","WADMKC":"Sugio","WADMKK":"Lamongan"},"geometry":{"type":"Point","coordinates":[112.3,-7.1]}},{"type":"Feature","properties":{"Line":"S105","Sp":"2608.5","X":"644075.5","Y":"9210800.3","NAMOBJ":"Jubelkidul","WADMKC":"Sugio","WADMKK":"Lamongan"},"geometry":{"type":"Point","coordinates":[112.3,-7.1]}},{"type":"Feature","properties":{"Line":"S105","Sp":"2612.5","X":"644125.5","Y":"9210800.3","NAMOBJ":"Jubelkidul","WADMKC":"Sugio","WADMKK":"Lamongan"},"geometry":{"type":"Point","coordinates":[112.3,-7.1]}},{"type":"Feature","properties":{"Line":"S105","Sp":"2616.5","X":"644175.5","Y":"9210800.3","NAMOBJ":"Jubelkidul","WADMKC":"Sugio","WADMKK":"Lamongan"},"geometry":{"type":"Point","coordinates":[112.3,-7.1]}},{"type":"Feature","properties":{"Line":"S105","Sp":"2620.5","X":"644225.5","Y":"9210800.3","NAMOBJ":"Jubelkidul","WADMKC":"Sugio","WADMKK":"Lamongan"},"geometry":{"type":"Point","coordinates":[112.3,-7.1]}},{"type":"Feature","properties":{"Line":"S105","Sp":"2624.5","X":"644275.5","Y":"9210800.3","NAMOBJ":"Jubelkidul","WADMKC":"Sugio","WADMKK":"Lamongan"},"geometry":{"type":"Point","coordinates":[112.3,-7.1]}},{"type":"Feature","properties":{"Line":"S105","Sp":"2628.5","X":"644325.5","Y":"9210800.3","NAMOBJ":"Jubelkidul","WADMKC":"Sugio","WADMKK":"Lamongan"},"geometry":{"type":"Point","coordinates":[112.3,-7.1]}},{"type":"Feature","properties":{"Line":"S105","Sp":"2632.5","X":"644375.5","Y":"9210800.3","NAMOBJ":"Jubelkidul","WADMKC":"Sugio","WADMKK":"Lamongan"},"geometry":{"type":"Point","coordinates":[112.3,-7.1]}},{"type":"Feature","properties":{"Line":"S105","Sp":"2636.5","X":"644425.5","Y":"9210800.3","NAMOBJ":"Jubelkidul","WADMKC":"Sugio","WADMKK":"Lamongan"},"geometry":{"type":"Point","coordinates":[112.3,-7.1]}},{"type":"Feature","properties":{"Line":"S105","Sp":"2640.5","X":"644475.5","Y":"9210800.3","NAMOBJ":"Jubelkidul","WADMKC":"Sugio","WADMKK":"Lamongan"},"geometry":{"type":"Point","coordinates":[112.3,-7.1]}},{"type":"Feature","properties":{"Line":"S105","Sp":"2644.5","X":"644525.5","Y":"9210800.3","NAMOBJ":"Jubelkidul","WADMKC":"Sugio","WADMKK":"Lamongan"},"geometry":{"type":"Point","coordinates":[112.3,-7.1]}},{"type":"Feature","properties":{"Line":"S105","Sp":"2648.5","X":"644575.5","Y":"9210800.3","NAMOBJ":"Jubelkidul","WADMKC":"Sugio","WADMKK":"Lamongan"},"geometry":{"type":"Point","coordinates":[112.3,-7.1]}},{"type":"Feature","properties":{"Line":"S105","Sp":"2652.5","X":"644625.5","Y":"9210800.3","NAMOBJ":"Jubelkidul","WADMKC":"Sugio","WADMKK":"Lamongan"},"geometry":{"type":"Point","coordinates":[112.3,-7.1]}},{"type":"Feature","properties":{"Line":"S105","Sp":"2656.5","X":"644675.5","Y":"9210800.3","NAMOBJ":"Jubelkidul","WADMKC":"Sugio","WADMKK":"Lamongan"},"geometry":{"type":"Point","coordinates":[112.3,-7.1]}},{"type":"Feature","properties":{"Line":"S105","Sp":"2660.5","X":"644725.5","Y":"9210800.3","NAMOBJ":"Jubelkidul","WADMKC":"Sugio","WADMKK":"Lamongan"},"geometry":{"type":"Point","coordinates":[112.3,-7.1]}},{"type":"Feature","properties":{"Line":"S105","Sp":"2664.5","X":"644775.5","Y":"9210800.3","NAMOBJ":"Jubelkidul","WADMKC":"Sugio","WADMKK":"Lamongan"},"geometry":{"type":"Point","coordinates":[112.3,-7.1]}},{"type":"Feature","properties":{"Line":"S105","Sp":"2668.5","X":"644825.5","Y":"9210800.3","NAMOBJ":"Jubelkidul","WADMKC":"Sugio","WADMKK":"Lamongan"},"geometry":{"type":"Point","coordinates":[112.3,-7.1]}},{"type":"Feature","properties":{"Line":"S105","Sp":"2672.5","X":"644875.5","Y":"9210800.3","NAMOBJ":"Jubelkidul","WADMKC":"Sugio","WADMKK":"Lamongan"},"geometry":{"type":"Point","coordinates":[112.3,-7.1]}},{"type":"Feature","properties":{"Line":"S105","Sp":"2676.5","X":"644925.5","Y":"9210800.3","NAMOBJ":"Jubelkidul","WADMKC":"Sugio","WADMKK":"Lamongan"},"geometry":{"type":"Point","coordinates":[112.3,-7.1]}},{"type":"Feature","properties":{"Line":"S105","Sp":"2680.5","X":"644975.5","Y":"9210800.3","NAMOBJ":"Jubelkidul","WADMKC":"Sugio","WADMKK":"Lamongan"},"geometry":{"type":"Point","coordinates":[112.3,-7.1]}},{"type":"Feature","properties":{"Line":"S105","Sp":"2684.5","X":"645025.5","Y":"9210800.3","NAMOBJ":"Jubelkidul","WADMKC":"Sugio","WADMKK":"Lamongan"},"geometry":{"type":"Point","coordinates":[112.3,-7.1]}},{"type":"Feature","properties":{"Line":"S105","Sp":"2688.5","X":"645075.5","Y":"9210800.3","NAMOBJ":"Jubelkidul","WADMKC":"Sugio","WADMKK":"Lamongan"},"geometry":{"type":"Point","coordinates":[112.3,-7.1]}},{"type":"Feature","properties":{"Line":"S105","Sp":"2692.5","X":"645125.5","Y":"9210800.3","NAMOBJ":"Jubelkidul","WADMKC":"Sugio","WADMKK":"Lamongan"},"geometry":{"type":"Point","coordinates":[112.3,-7.1]}},{"type":"Feature","properties":{"Line":"S105","Sp":"2696.5","X":"645175.5","Y":"9210800.3","NAMOBJ":"Jubelkidul","WADMKC":"Sugio","WADMKK":"Lamongan"},"geometry":{"type":"Point","coordinates":[112.3,-7.1]}},{"type":"Feature","properties":{"Line":"S105","Sp":"2700.5","X":"645225.5","Y":"9210800.3","NAMOBJ":"Jubelkidul","WADMKC":"Sugio","WADMKK":"Lamongan"},"geometry":{"type":"Point","coordinates":[112.3,-7.1]}},{"type":"Feature","properties":{"Line":"S105","Sp":"2704.5","X":"645275.5","Y":"9210800.3","NAMOBJ":"Jubelkidul","WADMKC":"Sugio","WADMKK":"Lamongan"},"geometry":{"type":"Point","coordinates":[112.3,-7.1]}},{"type":"Feature","properties":{"Line":"S105","Sp":"2708.5","X":"645325.5","Y":"9210800.3","NAMOBJ":"Jubelkidul","WADMKC":"Sugio","WADMKK":"Lamongan"},"geometry":{"type":"Point","coordinates":[112.3,-7.1]}},{"type":"Feature","properties":{"Line":"S105","Sp":"2712.5","X":"645375.5","Y":"9210800.3","NAMOBJ":"Jubelkidul","WADMKC":"Sugio","WADMKK":"Lamongan"},"geometry":{"type":"Point","coordinates":[112.3,-7.1]}},{"type":"Feature","properties":{"Line":"S126","Sp":"2368.5","X":"642300.5","Y":"9210525.3","NAMOBJ":"Jubelkidul","WADMKC":"Sugio","WADMKK":"Lamongan"},"geometry":{"type":"Point","coordinates":[112.3,-7.1]}},{"type":"Feature","properties":{"Line":"S126","Sp":"2372.5","X":"642300.5","Y":"9210475.3","NAMOBJ":"Jubelkidul","WADMKC":"Sugio","WADMKK":"Lamongan"},"geometry":{"type":"Point","coordinates":[112.3,-7.1]}},{"type":"Feature","properties":{"Line":"S126","Sp":"2376.5","X":"642300.5","Y":"9210425.3","NAMOBJ":"Jubelkidul","WADMKC":"Sugio","WADMKK":"Lamongan"},"geometry":{"type":"Point","coordinates":[112.3,-7.1]}},{"type":"Feature","properties":{"Line":"S126","Sp":"2380.5","X":"642300.5","Y":"9210375.3","NAMOBJ":"Jubelkidul","WADMKC":"Sugio","WADMKK":"Lamongan"},"geometry":{"type":"Point","coordinates":[112.3,-7.1]}},{"type":"Feature","properties":{"Line":"S126","Sp":"2384.5","X":"642300.5","Y":"9210325.3","NAMOBJ":"Jubelkidul","WADMKC":"Sugio","WADMKK":"Lamongan"},"geometry":{"type":"Point","coordinates":[112.3,-7.1]}},{"type":"Feature","properties":{"Line":"S126","Sp":"2388.5","X":"642300.5","Y":"9210275.3","NAMOBJ":"Jubelkidul","WADMKC":"Sugio","WADMKK":"Lamongan"},"geometry":{"type":"Point","coordinates":[112.3,-7.1]}},{"type":"Feature","properties":{"Line":"S126","Sp":"2392.5","X":"642300.5","Y":"9210225.3","NAMOBJ":"Jubelkidul","WADMKC":"Sugio","WADMKK":"Lamongan"},"geometry":{"type":"Point","coordinates":[112.3,-7.1]}},{"type":"Feature","properties":{"Line":"S126","Sp":"2396.5","X":"642300.5","Y":"9210175.3","NAMOBJ":"Jubelkidul","WADMKC":"Sugio","WADMKK":"Lamongan"},"geometry":{"type":"Point","coordinates":[112.3,-7.1]}},{"type":"Feature","properties":{"Line":"S126","Sp":"2400.5","X":"642300.5","Y":"9210125.3","NAMOBJ":"Jubelkidul","WADMKC":"Sugio","WADMKK":"Lamongan"},"geometry":{"type":"Point","coordinates":[112.3,-7.1]}},{"type":"Feature","properties":{"Line":"S126","Sp":"2404.5","X":"642300.5","Y":"9210075.3","NAMOBJ":"Jubelkidul","WADMKC":"Sugio","WADMKK":"Lamongan"},"geometry":{"type":"Point","coordinates":[112.3,-7.1]}},{"type":"Feature","properties":{"Line":"S126","Sp":"2408.5","X":"642300.5","Y":"9210025.3","NAMOBJ":"Jubelkidul","WADMKC":"Sugio","WADMKK":"Lamongan"},"geometry":{"type":"Point","coordinates":[112.3,-7.1]}},{"type":"Feature","properties":{"Line":"S126","Sp":"2412.5","X":"642300.5","Y":"9209975.3","NAMOBJ":"Jubelkidul","WADMKC":"Sugio","WADMKK":"Lamongan"},"geometry":{"type":"Point","coordinates":[112.3,-7.1]}},{"type":"Feature","properties":{"Line":"S126","Sp":"2416.5","X":"642300.5","Y":"9209925.3","NAMOBJ":"Jubelkidul","WADMKC":"Sugio","WADMKK":"Lamongan"},"geometry":{"type":"Point","coordinates":[112.3,-7.1]}},{"type":"Feature","properties":{"Line":"S126","Sp":"2420.5","X":"642300.5","Y":"9209875.3","NAMOBJ":"Jubelkidul","WADMKC":"Sugio","WADMKK":"Lamongan"},"geometry":{"type":"Point","coordinates":[112.3,-7.1]}},{"type":"Feature","properties":{"Line":"S126","Sp":"2424.5","X":"642300.5","Y":"9209825.3","NAMOBJ":"Jubelkidul","WADMKC":"Sugio","WADMKK":"Lamongan"},"geometry":{"type":"Point","coordinates":[112.3,-7.1]}},{"type":"Feature","properties":{"Line":"S126","Sp":"2428.5","X":"642300.5","Y":"9209775.3","NAMOBJ":"Jubelkidul","WADMKC":"Sugio","WADMKK":"Lamongan"},"geometry":{"type":"Point","coordinates":[112.3,-7.1]}},{"type":"Feature","properties":{"Line":"S126","Sp":"2432.5","X":"642300.5","Y":"9209725.3","NAMOBJ":"Jubelkidul","WADMKC":"Sugio","WADMKK":"Lamongan"},"geometry":{"type":"Point","coordinates":[112.3,-7.1]}},{"type":"Feature","properties":{"Line":"S126","Sp":"2436.5","X":"642300.5","Y":"9209675.3","NAMOBJ":"Jubelkidul","WADMKC":"Sugio","WADMKK":"Lamongan"},"geometry":{"type":"Point","coordinates":[112.3,-7.1]}},{"type":"Feature","properties":{"Line":"S128","Sp":"2312.5","X":"643300.5","Y":"9211025.3","NAMOBJ":"Jubelkidul","WADMKC":"Sugio","WADMKK":"Lamongan"},"geometry":{"type":"Point","coordinates":[112.3,-7.1]}},{"type":"Feature","properties":{"Line":"S128","Sp":"2316.5","X":"643300.5","Y":"9210975.3","NAMOBJ":"Jubelkidul","WADMKC":"Sugio","WADMKK":"Lamongan"},"geometry":{"type":"Point","coordinates":[112.3,-7.1]}},{"type":"Feature","properties":{"Line":"S128","Sp":"2320.5","X":"643300.5","Y":"9210925.3","NAMOBJ":"Jubelkidul","WADMKC":"Sugio","WADMKK":"Lamongan"},"geometry":{"type":"Point","coordinates":[112.3,-7.1]}},{"type":"Feature","properties":{"Line":"S128","Sp":"2324.5","X":"643300.5","Y":"9210875.3","NAMOBJ":"Jubelkidul","WADMKC":"Sugio","WADMKK":"Lamongan"},"geometry":{"type":"Point","coordinates":[112.3,-7.1]}},{"type":"Feature","properties":{"Line":"S128","Sp":"2328.5","X":"643300.5","Y":"9210825.3","NAMOBJ":"Jubelkidul","WADMKC":"Sugio","WADMKK":"Lamongan"},"geometry":{"type":"Point","coordinates":[112.3,-7.1]}},{"type":"Feature","properties":{"Line":"S128","Sp":"2332.5","X":"643300.5","Y":"9210775.3","NAMOBJ":"Jubelkidul","WADMKC":"Sugio","WADMKK":"Lamongan"},"geometry":{"type":"Point","coordinates":[112.3,-7.1]}},{"type":"Feature","properties":{"Line":"S128","Sp":"2336.5","X":"643300.5","Y":"9210725.3","NAMOBJ":"Jubelkidul","WADMKC":"Sugio","WADMKK":"Lamongan"},"geometry":{"type":"Point","coordinates":[112.3,-7.1]}},{"type":"Feature","properties":{"Line":"S128","Sp":"2340.5","X":"643300.5","Y":"9210675.3","NAMOBJ":"Jubelkidul","WADMKC":"Sugio","WADMKK":"Lamongan"},"geometry":{"type":"Point","coordinates":[112.3,-7.1]}},{"type":"Feature","properties":{"Line":"S128","Sp":"2344.5","X":"643300.5","Y":"9210625.3","NAMOBJ":"Jubelkidul","WADMKC":"Sugio","WADMKK":"Lamongan"},"geometry":{"type":"Point","coordinates":[112.3,-7.1]}},{"type":"Feature","properties":{"Line":"S128","Sp":"2348.5","X":"643300.5","Y":"9210575.3","NAMOBJ":"Jubelkidul","WADMKC":"Sugio","WADMKK":"Lamongan"},"geometry":{"type":"Point","coordinates":[112.3,-7.1]}},{"type":"Feature","properties":{"Line":"S128","Sp":"2352.5","X":"643300.5","Y":"9210525.3","NAMOBJ":"Jubelkidul","WADMKC":"Sugio","WADMKK":"Lamongan"},"geometry":{"type":"Point","coordinates":[112.3,-7.1]}},{"type":"Feature","properties":{"Line":"S128","Sp":"2356.5","X":"643300.5","Y":"9210475.3","NAMOBJ":"Jubelkidul","WADMKC":"Sugio","WADMKK":"Lamongan"},"geometry":{"type":"Point","coordinates":[112.3,-7.1]}},{"type":"Feature","properties":{"Line":"S128","Sp":"2360.5","X":"643300.5","Y":"9210425.3","NAMOBJ":"Jubelkidul","WADMKC":"Sugio","WADMKK":"Lamongan"},"geometry":{"type":"Point","coordinates":[112.3,-7.1]}},{"type":"Feature","properties":{"Line":"S128","Sp":"2364.5","X":"643300.5","Y":"9210375.3","NAMOBJ":"Jubelkidul","WADMKC":"Sugio","WADMKK":"Lamongan"},"geometry":{"type":"Point","coordinates":[112.3,-7.1]}},{"type":"Feature","properties":{"Line":"S128","Sp":"2368.5","X":"643300.5","Y":"9210325.3","NAMOBJ":"Jubelkidul","WADMKC":"Sugio","WADMKK":"Lamongan"},"geometry":{"type":"Point","coordinates":[112.3,-7.1]}},{"type":"Feature","properties":{"Line":"S128","Sp":"2372.5","X":"643300.5","Y":"9210275.3","NAMOBJ":"Jubelkidul","WADMKC":"Sugio","WADMKK":"Lamongan"},"geometry":{"type":"Point","coordinates":[112.3,-7.1]}},{"type":"Feature","properties":{"Line":"S128","Sp":"2376.5","X":"643300.5","Y":"9210225.3","NAMOBJ":"Jubelkidul","WADMKC":"Sugio","WADMKK":"Lamongan"},"geometry":{"type":"Point","coordinates":[112.3,-7.1]}},{"type":"Feature","properties":{"Line":"S128","Sp":"2380.5","X":"643300.5","Y":"9210175.3","NAMOBJ":"Jubelkidul","WADMKC":"Sugio","WADMKK":"Lamongan"},"geometry":{"type":"Point","coordinates":[112.3,-7.1]}},{"type":"Feature","properties":{"Line":"S128","Sp":"2384.5","X":"643300.5","Y":"9210125.3","NAMOBJ":"Jubelkidul","WADMKC":"Sugio","WADMKK":"Lamongan"},"geometry":{"type":"Point","coordinates":[112.3,-7.1]}},{"type":"Feature","properties":{"Line":"S128","Sp":"2388.5","X":"643300.5","Y":"9210075.3","NAMOBJ":"Jubelkidul","WADMKC":"Sugio","WADMKK":"Lamongan"},"geometry":{"type":"Point","coordinates":[112.3,-7.1]}},{"type":"Feature","properties":{"Line":"S128","Sp":"2392.5","X":"643300.5","Y":"9210025.3","NAMOBJ":"Jubelkidul","WADMKC":"Sugio","WADMKK":"Lamongan"},"geometry":{"type":"Point","coordinates":[112.3,-7.1]}},{"type":"Feature","properties":{"Line":"S128","Sp":"2396.5","X":"643300.5","Y":"9209975.3","NAMOBJ":"Jubelkidul","WADMKC":"Sugio","WADMKK":"Lamongan"},"geometry":{"type":"Point","coordinates":[112.3,-7.1]}},{"type":"Feature","properties":{"Line":"S128","Sp":"2400.5","X":"643300.5","Y":"9209925.3","NAMOBJ":"Jubelkidul","WADMKC":"Sugio","WADMKK":"Lamongan"},"geometry":{"type":"Point","coordinates":[112.3,-7.1]}},{"type":"Feature","properties":{"Line":"S128","Sp":"2404.5","X":"643300.5","Y":"9209875.3","NAMOBJ":"Jubelkidul","WADMKC":"Sugio","WADMKK":"Lamongan"},"geometry":{"type":"Point","coordinates":[112.3,-7.1]}},{"type":"Feature","properties":{"Line":"S128","Sp":"2408.5","X":"643300.5","Y":"9209825.3","NAMOBJ":"Jubelkidul","WADMKC":"Sugio","WADMKK":"Lamongan"},"geometry":{"type":"Point","coordinates":[112.3,-7.1]}},{"type":"Feature","properties":{"Line":"S128","Sp":"2412.5","X":"643300.5","Y":"9209775.3","NAMOBJ":"Jubelkidul","WADMKC":"Sugio","WADMKK":"Lamongan"},"geometry":{"type":"Point","coordinates":[112.3,-7.1]}},{"type":"Feature","properties":{"Line":"S128","Sp":"2416.5","X":"643300.5","Y":"9209725.3","NAMOBJ":"Jubelkidul","WADMKC":"Sugio","WADMKK":"Lamongan"},"geometry":{"type":"Point","coordinates":[112.3,-7.1]}},{"type":"Feature","properties":{"Line":"S128","Sp":"2420.5","X":"643300.5","Y":"9209675.3","NAMOBJ":"Jubelkidul","WADMKC":"Sugio","WADMKK":"Lamongan"},"geometry":{"type":"Point","coordinates":[112.3,-7.1]}},{"type":"Feature","properties":{"Line":"S128","Sp":"2424.5","X":"643300.5","Y":"9209625.3","NAMOBJ":"Jubelkidul","WADMKC":"Sugio","WADMKK":"Lamongan"},"geometry":{"type":"Point","coordinates":[112.3,-7.1]}},{"type":"Feature","properties":{"Line":"S128","Sp":"2428.5","X":"643300.5","Y":"9209575.3","NAMOBJ":"Jubelkidul","WADMKC":"Sugio","WADMKK":"Lamongan"},"geometry":{"type":"Point","coordinates":[112.3,-7.1]}},{"type":"Feature","properties":{"Line":"S128","Sp":"2432.5","X":"643300.5","Y":"9209525.3","NAMOBJ":"Jubelkidul","WADMKC":"Sugio","WADMKK":"Lamongan"},"geometry":{"type":"Point","coordinates":[112.3,-7.1]}},{"type":"Feature","properties":{"Line":"S128","Sp":"2436.5","X":"643300.5","Y":"9209475.3","NAMOBJ":"Jubelkidul","WADMKC":"Sugio","WADMKK":"Lamongan"},"geometry":{"type":"Point","coordinates":[112.3,-7.1]}},{"type":"Feature","properties":{"Line":"S130","Sp":"2288.5","X":"644300.5","Y":"9211175.3","NAMOBJ":"Jubelkidul","WADMKC":"Sugio","WADMKK":"Lamongan"},"geometry":{"type":"Point","coordinates":[112.3,-7.1]}},{"type":"Feature","properties":{"Line":"S130","Sp":"2292.5","X":"644300.5","Y":"9211125.3","NAMOBJ":"Jubelkidul","WADMKC":"Sugio","WADMKK":"Lamongan"},"geometry":{"type":"Point","coordinates":[112.3,-7.1]}},{"type":"Feature","properties":{"Line":"S130","Sp":"2296.5","X":"644300.5","Y":"9211075.3","NAMOBJ":"Jubelkidul","WADMKC":"Sugio","WADMKK":"Lamongan"},"geometry":{"type":"Point","coordinates":[112.3,-7.1]}},{"type":"Feature","properties":{"Line":"S130","Sp":"2300.5","X":"644300.5","Y":"9211025.3","NAMOBJ":"Jubelkidul","WADMKC":"Sugio","WADMKK":"Lamongan"},"geometry":{"type":"Point","coordinates":[112.3,-7.1]}},{"type":"Feature","properties":{"Line":"S130","Sp":"2304.5","X":"644300.5","Y":"9210975.3","NAMOBJ":"Jubelkidul","WADMKC":"Sugio","WADMKK":"Lamongan"},"geometry":{"type":"Point","coordinates":[112.3,-7.1]}},{"type":"Feature","properties":{"Line":"S130","Sp":"2308.5","X":"644300.5","Y":"9210925.3","NAMOBJ":"Jubelkidul","WADMKC":"Sugio","WADMKK":"Lamongan"},"geometry":{"type":"Point","coordinates":[112.3,-7.1]}},{"type":"Feature","properties":{"Line":"S130","Sp":"2312.5","X":"644300.5","Y":"9210875.3","NAMOBJ":"Jubelkidul","WADMKC":"Sugio","WADMKK":"Lamongan"},"geometry":{"type":"Point","coordinates":[112.3,-7.1]}},{"type":"Feature","properties":{"Line":"S130","Sp":"2316.5","X":"644300.5","Y":"9210825.3","NAMOBJ":"Jubelkidul","WADMKC":"Sugio","WADMKK":"Lamongan"},"geometry":{"type":"Point","coordinates":[112.3,-7.1]}},{"type":"Feature","properties":{"Line":"S130","Sp":"2320.5","X":"644300.5","Y":"9210775.3","NAMOBJ":"Jubelkidul","WADMKC":"Sugio","WADMKK":"Lamongan"},"geometry":{"type":"Point","coordinates":[112.3,-7.1]}},{"type":"Feature","properties":{"Line":"S130","Sp":"2324.5","X":"644300.5","Y":"9210725.3","NAMOBJ":"Jubelkidul","WADMKC":"Sugio","WADMKK":"Lamongan"},"geometry":{"type":"Point","coordinates":[112.3,-7.1]}},{"type":"Feature","properties":{"Line":"S130","Sp":"2328.5","X":"644300.5","Y":"9210675.3","NAMOBJ":"Jubelkidul","WADMKC":"Sugio","WADMKK":"Lamongan"},"geometry":{"type":"Point","coordinates":[112.3,-7.1]}},{"type":"Feature","properties":{"Line":"S130","Sp":"2332.5","X":"644300.5","Y":"9210625.3","NAMOBJ":"Jubelkidul","WADMKC":"Sugio","WADMKK":"Lamongan"},"geometry":{"type":"Point","coordinates":[112.3,-7.1]}},{"type":"Feature","properties":{"Line":"S130","Sp":"2336.5","X":"644300.5","Y":"9210575.3","NAMOBJ":"Jubelkidul","WADMKC":"Sugio","WADMKK":"Lamongan"},"geometry":{"type":"Point","coordinates":[112.3,-7.1]}},{"type":"Feature","properties":{"Line":"S130","Sp":"2340.5","X":"644300.5","Y":"9210525.3","NAMOBJ":"Jubelkidul","WADMKC":"Sugio","WADMKK":"Lamongan"},"geometry":{"type":"Point","coordinates":[112.3,-7.1]}},{"type":"Feature","properties":{"Line":"S130","Sp":"2344.5","X":"644300.5","Y":"9210475.3","NAMOBJ":"Jubelkidul","WADMKC":"Sugio","WADMKK":"Lamongan"},"geometry":{"type":"Point","coordinates":[112.3,-7.1]}},{"type":"Feature","properties":{"Line":"S130","Sp":"2348.5","X":"644300.5","Y":"9210425.3","NAMOBJ":"Jubelkidul","WADMKC":"Sugio","WADMKK":"Lamongan"},"geometry":{"type":"Point","coordinates":[112.3,-7.1]}},{"type":"Feature","properties":{"Line":"S130","Sp":"2352.5","X":"644300.5","Y":"9210375.3","NAMOBJ":"Jubelkidul","WADMKC":"Sugio","WADMKK":"Lamongan"},"geometry":{"type":"Point","coordinates":[112.3,-7.1]}},{"type":"Feature","properties":{"Line":"S130","Sp":"2356.5","X":"644300.5","Y":"9210325.3","NAMOBJ":"Jubelkidul","WADMKC":"Sugio","WADMKK":"Lamongan"},"geometry":{"type":"Point","coordinates":[112.3,-7.1]}},{"type":"Feature","properties":{"Line":"S130","Sp":"2360.5","X":"644300.5","Y":"9210275.3","NAMOBJ":"Jubelkidul","WADMKC":"Sugio","WADMKK":"Lamongan"},"geometry":{"type":"Point","coordinates":[112.3,-7.1]}},{"type":"Feature","properties":{"Line":"S130","Sp":"2364.5","X":"644300.5","Y":"9210225.3","NAMOBJ":"Jubelkidul","WADMKC":"Sugio","WADMKK":"Lamongan"},"geometry":{"type":"Point","coordinates":[112.3,-7.1]}},{"type":"Feature","properties":{"Line":"S130","Sp":"2368.5","X":"644300.5","Y":"9210175.3","NAMOBJ":"Jubelkidul","WADMKC":"Sugio","WADMKK":"Lamongan"},"geometry":{"type":"Point","coordinates":[112.3,-7.1]}},{"type":"Feature","properties":{"Line":"S130","Sp":"2372.5","X":"644300.5","Y":"9210125.3","NAMOBJ":"Jubelkidul","WADMKC":"Sugio","WADMKK":"Lamongan"},"geometry":{"type":"Point","coordinates":[112.3,-7.1]}},{"type":"Feature","properties":{"Line":"S130","Sp":"2376.5","X":"644300.5","Y":"9210075.3","NAMOBJ":"Jubelkidul","WADMKC":"Sugio","WADMKK":"Lamongan"},"geometry":{"type":"Point","coordinates":[112.3,-7.1]}},{"type":"Feature","properties":{"Line":"S130","Sp":"2380.5","X":"644300.5","Y":"9210025.3","NAMOBJ":"Jubelkidul","WADMKC":"Sugio","WADMKK":"Lamongan"},"geometry":{"type":"Point","coordinates":[112.3,-7.1]}},{"type":"Feature","properties":{"Line":"S130","Sp":"2384.5","X":"644300.5","Y":"9209975.3","NAMOBJ":"Jubelkidul","WADMKC":"Sugio","WADMKK":"Lamongan"},"geometry":{"type":"Point","coordinates":[112.3,-7.1]}},{"type":"Feature","properties":{"Line":"S130","Sp":"2388.5","X":"644300.5","Y":"9209925.3","NAMOBJ":"Jubelkidul","WADMKC":"Sugio","WADMKK":"Lamongan"},"geometry":{"type":"Point","coordinates":[112.3,-7.1]}},{"type":"Feature","properties":{"Line":"S130","Sp":"2392.5","X":"644300.5","Y":"9209875.3","NAMOBJ":"Jubelkidul","WADMKC":"Sugio","WADMKK":"Lamongan"},"geometry":{"type":"Point","coordinates":[112.3,-7.1]}},{"type":"Feature","properties":{"Line":"S130","Sp":"2396.5","X":"644300.5","Y":"9209825.3","NAMOBJ":"Jubelkidul","WADMKC":"Sugio","WADMKK":"Lamongan"},"geometry":{"type":"Point","coordinates":[112.3,-7.1]}},{"type":"Feature","properties":{"Line":"S130","Sp":"2400.5","X":"644300.5","Y":"9209775.3","NAMOBJ":"Jubelkidul","WADMKC":"Sugio","WADMKK":"Lamongan"},"geometry":{"type":"Point","coordinates":[112.3,-7.1]}},{"type":"Feature","properties":{"Line":"S130","Sp":"2404.5","X":"644300.5","Y":"9209725.3","NAMOBJ":"Jubelkidul","WADMKC":"Sugio","WADMKK":"Lamongan"},"geometry":{"type":"Point","coordinates":[112.3,-7.1]}},{"type":"Feature","properties":{"Line":"S130","Sp":"2408.5","X":"644300.5","Y":"9209675.3","NAMOBJ":"Jubelkidul","WADMKC":"Sugio","WADMKK":"Lamongan"},"geometry":{"type":"Point","coordinates":[112.3,-7.1]}},{"type":"Feature","properties":{"Line":"S130","Sp":"2412.5","X":"644300.5","Y":"9209625.3","NAMOBJ":"Jubelkidul","WADMKC":"Sugio","WADMKK":"Lamongan"},"geometry":{"type":"Point","coordinates":[112.3,-7.1]}},{"type":"Feature","properties":{"Line":"S130","Sp":"2416.5","X":"644300.5","Y":"9209575.3","NAMOBJ":"Jubelkidul","WADMKC":"Sugio","WADMKK":"Lamongan"},"geometry":{"type":"Point","coordinates":[112.3,-7.1]}},{"type":"Feature","properties":{"Line":"S130","Sp":"2420.5","X":"644300.5","Y":"9209525.3","NAMOBJ":"Jubelkidul","WADMKC":"Sugio","WADMKK":"Lamongan"},"geometry":{"type":"Point","coordinates":[112.3,-7.1]}},{"type":"Feature","properties":{"Line":"S130","Sp":"2424.5","X":"644300.5","Y":"9209475.3","NAMOBJ":"Jubelkidul","WADMKC":"Sugio","WADMKK":"Lamongan"},"geometry":{"type":"Point","coordinates":[112.3,-7.1]}},{"type":"Feature","properties":{"Line":"S132","Sp":"2272.5","X":"645300.5","Y":"9210975.3","NAMOBJ":"Jubelkidul","WADMKC":"Sugio","WADMKK":"Lamongan"},"geometry":{"type":"Point","coordinates":[112.3,-7.1]}},{"type":"Feature","properties":{"Line":"S132","Sp":"2276.5","X":"645300.5","Y":"9210925.3","NAMOBJ":"Jubelkidul","WADMKC":"Sugio","WADMKK":"Lamongan"},"geometry":{"type":"Point","coordinates":[112.3,-7.1]}},{"type":"Feature","properties":{"Line":"S132","Sp":"2280.5","X":"645300.5","Y":"9210875.3","NAMOBJ":"Jubelkidul","WADMKC":"Sugio","WADMKK":"Lamongan"},"geometry":{"type":"Point","coordinates":[112.3,-7.1]}},{"type":"Feature","properties":{"Line":"S132","Sp":"2284.5","X":"645300.5","Y":"9210825.3","NAMOBJ":"Jubelkidul","WADMKC":"Sugio","WADMKK":"Lamongan"},"geometry":{"type":"Point","coordinates":[112.3,-7.1]}},{"type":"Feature","properties":{"Line":"S132","Sp":"2288.5","X":"645300.5","Y":"9210775.3","NAMOBJ":"Jubelkidul","WADMKC":"Sugio","WADMKK":"Lamongan"},"geometry":{"type":"Point","coordinates":[112.3,-7.1]}},{"type":"Feature","properties":{"Line":"S132","Sp":"2292.5","X":"645300.5","Y":"9210725.3","NAMOBJ":"Jubelkidul","WADMKC":"Sugio","WADMKK":"Lamongan"},"geometry":{"type":"Point","coordinates":[112.3,-7.1]}},{"type":"Feature","properties":{"Line":"S132","Sp":"2296.5","X":"645300.5","Y":"9210675.3","NAMOBJ":"Jubelkidul","WADMKC":"Sugio","WADMKK":"Lamongan"},"geometry":{"type":"Point","coordinates":[112.3,-7.1]}},{"type":"Feature","properties":{"Line":"S132","Sp":"2300.5","X":"645300.5","Y":"9210625.3","NAMOBJ":"Jubelkidul","WADMKC":"Sugio","WADMKK":"Lamongan"},"geometry":{"type":"Point","coordinates":[112.3,-7.1]}},{"type":"Feature","properties":{"Line":"S132","Sp":"2304.5","X":"645300.5","Y":"9210575.3","NAMOBJ":"Jubelkidul","WADMKC":"Sugio","WADMKK":"Lamongan"},"geometry":{"type":"Point","coordinates":[112.3,-7.1]}},{"type":"Feature","properties":{"Line":"S132","Sp":"2308.5","X":"645300.5","Y":"9210525.3","NAMOBJ":"Jubelkidul","WADMKC":"Sugio","WADMKK":"Lamongan"},"geometry":{"type":"Point","coordinates":[112.3,-7.1]}},{"type":"Feature","properties":{"Line":"S132","Sp":"2312.5","X":"645300.5","Y":"9210475.3","NAMOBJ":"Jubelkidul","WADMKC":"Sugio","WADMKK":"Lamongan"},"geometry":{"type":"Point","coordinates":[112.3,-7.1]}},{"type":"Feature","properties":{"Line":"S132","Sp":"2316.5","X":"645300.5","Y":"9210425.3","NAMOBJ":"Jubelkidul","WADMKC":"Sugio","WADMKK":"Lamongan"},"geometry":{"type":"Point","coordinates":[112.3,-7.1]}},{"type":"Feature","properties":{"Line":"S105","Sp":"2396.5","X":"641425.5","Y":"9210800.3","NAMOBJ":"Jubellor","WADMKC":"Sugio","WADMKK":"Lamongan"},"geometry":{"type":"Point","coordinates":[112.3,-7.1]}},{"type":"Feature","properties":{"Line":"S105","Sp":"2400.5","X":"641475.5","Y":"9210800.3","NAMOBJ":"Jubellor","WADMKC":"Sugio","WADMKK":"Lamongan"},"geometry":{"type":"Point","coordinates":[112.3,-7.1]}},{"type":"Feature","properties":{"Line":"S105","Sp":"2404.5","X":"641525.5","Y":"9210800.3","NAMOBJ":"Jubellor","WADMKC":"Sugio","WADMKK":"Lamongan"},"geometry":{"type":"Point","coordinates":[112.3,-7.1]}},{"type":"Feature","properties":{"Line":"S105","Sp":"2408.5","X":"641575.5","Y":"9210800.3","NAMOBJ":"Jubellor","WADMKC":"Sugio","WADMKK":"Lamongan"},"geometry":{"type":"Point","coordinates":[112.3,-7.1]}},{"type":"Feature","properties":{"Line":"S105","Sp":"2412.5","X":"641625.5","Y":"9210800.3","NAMOBJ":"Jubellor","WADMKC":"Sugio","WADMKK":"Lamongan"},"geometry":{"type":"Point","coordinates":[112.3,-7.1]}},{"type":"Feature","properties":{"Line":"S105","Sp":"2416.5","X":"641675.5","Y":"9210800.3","NAMOBJ":"Jubellor","WADMKC":"Sugio","WADMKK":"Lamongan"},"geometry":{"type":"Point","coordinates":[112.3,-7.1]}},{"type":"Feature","properties":{"Line":"S105","Sp":"2420.5","X":"641725.5","Y":"9210800.3","NAMOBJ":"Jubellor","WADMKC":"Sugio","WADMKK":"Lamongan"},"geometry":{"type":"Point","coordinates":[112.3,-7.1]}},{"type":"Feature","properties":{"Line":"S105","Sp":"2424.5","X":"641775.5","Y":"9210800.3","NAMOBJ":"Jubellor","WADMKC":"Sugio","WADMKK":"Lamongan"},"geometry":{"type":"Point","coordinates":[112.3,-7.1]}},{"type":"Feature","properties":{"Line":"S105","Sp":"2428.5","X":"641825.5","Y":"9210800.3","NAMOBJ":"Jubellor","WADMKC":"Sugio","WADMKK":"Lamongan"},"geometry":{"type":"Point","coordinates":[112.3,-7.1]}},{"type":"Feature","properties":{"Line":"S105","Sp":"2432.5","X":"641875.5","Y":"9210800.3","NAMOBJ":"Jubellor","WADMKC":"Sugio","WADMKK":"Lamongan"},"geometry":{"type":"Point","coordinates":[112.3,-7.1]}},{"type":"Feature","properties":{"Line":"S105","Sp":"2436.5","X":"641925.5","Y":"9210800.3","NAMOBJ":"Jubellor","WADMKC":"Sugio","WADMKK":"Lamongan"},"geometry":{"type":"Point","coordinates":[112.3,-7.1]}},{"type":"Feature","properties":{"Line":"S105","Sp":"2440.5","X":"641975.5","Y":"9210800.3","NAMOBJ":"Jubellor","WADMKC":"Sugio","WADMKK":"Lamongan"},"geometry":{"type":"Point","coordinates":[112.3,-7.1]}},{"type":"Feature","properties":{"Line":"S105","Sp":"2444.5","X":"642025.5","Y":"9210800.3","NAMOBJ":"Jubellor","WADMKC":"Sugio","WADMKK":"Lamongan"},"geometry":{"type":"Point","coordinates":[112.3,-7.1]}},{"type":"Feature","properties":{"Line":"S105","Sp":"2448.5","X":"642075.5","Y":"9210800.3","NAMOBJ":"Jubellor","WADMKC":"Sugio","WADMKK":"Lamongan"},"geometry":{"type":"Point","coordinates":[112.3,-7.1]}},{"type":"Feature","properties":{"Line":"S105","Sp":"2452.5","X":"642125.5","Y":"9210800.3","NAMOBJ":"Jubellor","WADMKC":"Sugio","WADMKK":"Lamongan"},"geometry":{"type":"Point","coordinates":[112.3,-7.1]}},{"type":"Feature","properties":{"Line":"S105","Sp":"2456.5","X":"642175.5","Y":"9210800.3","NAMOBJ":"Jubellor","WADMKC":"Sugio","WADMKK":"Lamongan"},"geometry":{"type":"Point","coordinates":[112.3,-7.1]}},{"type":"Feature","properties":{"Line":"S105","Sp":"2460.5","X":"642225.5","Y":"9210800.3","NAMOBJ":"Jubellor","WADMKC":"Sugio","WADMKK":"Lamongan"},"geometry":{"type":"Point","coordinates":[112.3,-7.1]}},{"type":"Feature","properties":{"Line":"S105","Sp":"2464.5","X":"642275.5","Y":"9210800.3","NAMOBJ":"Jubellor","WADMKC":"Sugio","WADMKK":"Lamongan"},"geometry":{"type":"Point","coordinates":[112.3,-7.1]}},{"type":"Feature","properties":{"Line":"S105","Sp":"2468.5","X":"642325.5","Y":"9210800.3","NAMOBJ":"Jubellor","WADMKC":"Sugio","WADMKK":"Lamongan"},"geometry":{"type":"Point","coordinates":[112.3,-7.1]}},{"type":"Feature","properties":{"Line":"S105","Sp":"2472.5","X":"642375.5","Y":"9210800.3","NAMOBJ":"Jubellor","WADMKC":"Sugio","WADMKK":"Lamongan"},"geometry":{"type":"Point","coordinates":[112.3,-7.1]}},{"type":"Feature","properties":{"Line":"S107","Sp":"2472.5","X":"641625.5","Y":"9211800.3","NAMOBJ":"Jubellor","WADMKC":"Sugio","WADMKK":"Lamongan"},"geometry":{"type":"Point","coordinates":[112.3,-7.1]}},{"type":"Feature","properties":{"Line":"S107","Sp":"2476.5","X":"641675.5","Y":"9211800.3","NAMOBJ":"Jubellor","WADMKC":"Sugio","WADMKK":"Lamongan"},"geometry":{"type":"Point","coordinates":[112.3,-7.1]}},{"type":"Feature","properties":{"Line":"S107","Sp":"2480.5","X":"641725.5","Y":"9211800.3","NAMOBJ":"Jubellor","WADMKC":"Sugio","WADMKK":"Lamongan"},"geometry":{"type":"Point","coordinates":[112.3,-7.1]}},{"type":"Feature","properties":{"Line":"S107","Sp":"2484.5","X":"641775.5","Y":"9211800.3","NAMOBJ":"Jubellor","WADMKC":"Sugio","WADMKK":"Lamongan"},"geometry":{"type":"Point","coordinates":[112.3,-7.1]}},{"type":"Feature","properties":{"Line":"S107","Sp":"2488.5","X":"641825.5","Y":"9211800.3","NAMOBJ":"Jubellor","WADMKC":"Sugio","WADMKK":"Lamongan"},"geometry":{"type":"Point","coordinates":[112.3,-7.1]}},{"type":"Feature","properties":{"Line":"S107","Sp":"2492.5","X":"641875.5","Y":"9211800.3","NAMOBJ":"Jubellor","WADMKC":"Sugio","WADMKK":"Lamongan"},"geometry":{"type":"Point","coordinates":[112.3,-7.1]}},{"type":"Feature","properties":{"Line":"S107","Sp":"2496.5","X":"641925.5","Y":"9211800.3","NAMOBJ":"Jubellor","WADMKC":"Sugio","WADMKK":"Lamongan"},"geometry":{"type":"Point","coordinates":[112.3,-7.1]}},{"type":"Feature","properties":{"Line":"S107","Sp":"2500.5","X":"641975.5","Y":"9211800.3","NAMOBJ":"Jubellor","WADMKC":"Sugio","WADMKK":"Lamongan"},"geometry":{"type":"Point","coordinates":[112.3,-7.1]}},{"type":"Feature","properties":{"Line":"S107","Sp":"2504.5","X":"642025.5","Y":"9211800.3","NAMOBJ":"Jubellor","WADMKC":"Sugio","WADMKK":"Lamongan"},"geometry":{"type":"Point","coordinates":[112.3,-7.1]}},{"type":"Feature","properties":{"Line":"S107","Sp":"2508.5","X":"642075.5","Y":"9211800.3","NAMOBJ":"Jubellor","WADMKC":"Sugio","WADMKK":"Lamongan"},"geometry":{"type":"Point","coordinates":[112.3,-7.1]}},{"type":"Feature","properties":{"Line":"S107","Sp":"2512.5","X":"642125.5","Y":"9211800.3","NAMOBJ":"Jubellor","WADMKC":"Sugio","WADMKK":"Lamongan"},"geometry":{"type":"Point","coordinates":[112.3,-7.1]}},{"type":"Feature","properties":{"Line":"S107","Sp":"2516.5","X":"642175.5","Y":"9211800.3","NAMOBJ":"Jubellor","WADMKC":"Sugio","WADMKK":"Lamongan"},"geometry":{"type":"Point","coordinates":[112.3,-7.1]}},{"type":"Feature","properties":{"Line":"S107","Sp":"2520.5","X":"642225.5","Y":"9211800.3","NAMOBJ":"Jubellor","WADMKC":"Sugio","WADMKK":"Lamongan"},"geometry":{"type":"Point","coordinates":[112.3,-7.1]}},{"type":"Feature","properties":{"Line":"S107","Sp":"2524.5","X":"642275.5","Y":"9211800.3","NAMOBJ":"Jubellor","WADMKC":"Sugio","WADMKK":"Lamongan"},"geometry":{"type":"Point","coordinates":[112.3,-7.1]}},{"type":"Feature","properties":{"Line":"S107","Sp":"2528.5","X":"642325.5","Y":"9211800.3","NAMOBJ":"Jubellor","WADMKC":"Sugio","WADMKK":"Lamongan"},"geometry":{"type":"Point","coordinates":[112.3,-7.1]}},{"type":"Feature","properties":{"Line":"S107","Sp":"2532.5","X":"642375.5","Y":"9211800.3","NAMOBJ":"Jubellor","WADMKC":"Sugio","WADMKK":"Lamongan"},"geometry":{"type":"Point","coordinates":[112.3,-7.1]}},{"type":"Feature","properties":{"Line":"S107","Sp":"2536.5","X":"642425.5","Y":"9211800.3","NAMOBJ":"Jubellor","WADMKC":"Sugio","WADMKK":"Lamongan"},"geometry":{"type":"Point","coordinates":[112.3,-7.1]}},{"type":"Feature","properties":{"Line":"S107","Sp":"2540.5","X":"642475.5","Y":"9211800.3","NAMOBJ":"Jubellor","WADMKC":"Sugio","WADMKK":"Lamongan"},"geometry":{"type":"Point","coordinates":[112.3,-7.1]}},{"type":"Feature","properties":{"Line":"S107","Sp":"2544.5","X":"642525.5","Y":"9211800.3","NAMOBJ":"Jubellor","WADMKC":"Sugio","WADMKK":"Lamongan"},"geometry":{"type":"Point","coordinates":[112.3,-7.1]}},{"type":"Feature","properties":{"Line":"S107","Sp":"2548.5","X":"642575.5","Y":"9211800.3","NAMOBJ":"Jubellor","WADMKC":"Sugio","WADMKK":"Lamongan"},"geometry":{"type":"Point","coordinates":[112.3,-7.1]}},{"type":"Feature","properties":{"Line":"S107","Sp":"2552.5","X":"642625.5","Y":"9211800.3","NAMOBJ":"Jubellor","WADMKC":"Sugio","WADMKK":"Lamongan"},"geometry":{"type":"Point","coordinates":[112.3,-7.1]}},{"type":"Feature","properties":{"Line":"S107","Sp":"2556.5","X":"642675.5","Y":"9211800.3","NAMOBJ":"Jubellor","WADMKC":"Sugio","WADMKK":"Lamongan"},"geometry":{"type":"Point","coordinates":[112.3,-7.1]}},{"type":"Feature","properties":{"Line":"S107","Sp":"2560.5","X":"642725.5","Y":"9211800.3","NAMOBJ":"Jubellor","WADMKC":"Sugio","WADMKK":"Lamongan"},"geometry":{"type":"Point","coordinates":[112.3,-7.1]}},{"type":"Feature","properties":{"Line":"S107","Sp":"2564.5","X":"642775.5","Y":"9211800.3","NAMOBJ":"Jubellor","WADMKC":"Sugio","WADMKK":"Lamongan"},"geometry":{"type":"Point","coordinates":[112.3,-7.1]}},{"type":"Feature","properties":{"Line":"S107","Sp":"2568.5","X":"642825.5","Y":"9211800.3","NAMOBJ":"Jubellor","WADMKC":"Sugio","WADMKK":"Lamongan"},"geometry":{"type":"Point","coordinates":[112.3,-7.1]}},{"type":"Feature","properties":{"Line":"S107","Sp":"2572.5","X":"642875.5","Y":"9211800.3","NAMOBJ":"Jubellor","WADMKC":"Sugio","WADMKK":"Lamongan"},"geometry":{"type":"Point","coordinates":[112.3,-7.1]}},{"type":"Feature","properties":{"Line":"S107","Sp":"2576.5","X":"642925.5","Y":"9211800.3","NAMOBJ":"Jubellor","WADMKC":"Sugio","WADMKK":"Lamongan"},"geometry":{"type":"Point","coordinates":[112.3,-7.1]}},{"type":"Feature","properties":{"Line":"S107","Sp":"2580.5","X":"642975.5","Y":"9211800.3","NAMOBJ":"Jubellor","WADMKC":"Sugio","WADMKK":"Lamongan"},"geometry":{"type":"Point","coordinates":[112.3,-7.1]}},{"type":"Feature","properties":{"Line":"S107","Sp":"2720.5","X":"644725.5","Y":"9211800.3","NAMOBJ":"Jubellor","WADMKC":"Sugio","WADMKK":"Lamongan"},"geometry":{"type":"Point","coordinates":[112.3,-7.1]}},{"type":"Feature","properties":{"Line":"S107","Sp":"2724.5","X":"644775.5","Y":"9211800.3","NAMOBJ":"Jubellor","WADMKC":"Sugio","WADMKK":"Lamongan"},"geometry":{"type":"Point","coordinates":[112.3,-7.1]}},{"type":"Feature","properties":{"Line":"S107","Sp":"2728.5","X":"644825.5","Y":"9211800.3","NAMOBJ":"Jubellor","WADMKC":"Sugio","WADMKK":"Lamongan"},"geometry":{"type":"Point","coordinates":[112.3,-7.1]}},{"type":"Feature","properties":{"Line":"S107","Sp":"2732.5","X":"644875.5","Y":"9211800.3","NAMOBJ":"Jubellor","WADMKC":"Sugio","WADMKK":"Lamongan"},"geometry":{"type":"Point","coordinates":[112.3,-7.1]}},{"type":"Feature","properties":{"Line":"S107","Sp":"2736.5","X":"644925.5","Y":"9211800.3","NAMOBJ":"Jubellor","WADMKC":"Sugio","WADMKK":"Lamongan"},"geometry":{"type":"Point","coordinates":[112.3,-7.1]}},{"type":"Feature","properties":{"Line":"S107","Sp":"2740.5","X":"644975.5","Y":"9211800.3","NAMOBJ":"Jubellor","WADMKC":"Sugio","WADMKK":"Lamongan"},"geometry":{"type":"Point","coordinates":[112.3,-7.1]}},{"type":"Feature","properties":{"Line":"S107","Sp":"2744.5","X":"645025.5","Y":"9211800.3","NAMOBJ":"Jubellor","WADMKC":"Sugio","WADMKK":"Lamongan"},"geometry":{"type":"Point","coordinates":[112.3,-7.1]}},{"type":"Feature","properties":{"Line":"S107","Sp":"2748.5","X":"645075.5","Y":"9211800.3","NAMOBJ":"Jubellor","WADMKC":"Sugio","WADMKK":"Lamongan"},"geometry":{"type":"Point","coordinates":[112.3,-7.1]}},{"type":"Feature","properties":{"Line":"S107","Sp":"2752.5","X":"645125.5","Y":"9211800.3","NAMOBJ":"Jubellor","WADMKC":"Sugio","WADMKK":"Lamongan"},"geometry":{"type":"Point","coordinates":[112.3,-7.1]}},{"type":"Feature","properties":{"Line":"S107","Sp":"2756.5","X":"645175.5","Y":"9211800.3","NAMOBJ":"Jubellor","WADMKC":"Sugio","WADMKK":"Lamongan"},"geometry":{"type":"Point","coordinates":[112.3,-7.1]}},{"type":"Feature","properties":{"Line":"S107","Sp":"2760.5","X":"645225.5","Y":"9211800.3","NAMOBJ":"Jubellor","WADMKC":"Sugio","WADMKK":"Lamongan"},"geometry":{"type":"Point","coordinates":[112.3,-7.1]}},{"type":"Feature","properties":{"Line":"S109","Sp":"2504.5","X":"641875.5","Y":"9212800.3","NAMOBJ":"Jubellor","WADMKC":"Sugio","WADMKK":"Lamongan"},"geometry":{"type":"Point","coordinates":[112.3,-7.1]}},{"type":"Feature","properties":{"Line":"S109","Sp":"2508.5","X":"641925.5","Y":"9212800.3","NAMOBJ":"Jubellor","WADMKC":"Sugio","WADMKK":"Lamongan"},"geometry":{"type":"Point","coordinates":[112.3,-7.1]}},{"type":"Feature","properties":{"Line":"S126","Sp":"2216.5","X":"642300.5","Y":"9212425.3","NAMOBJ":"Jubellor","WADMKC":"Sugio","WADMKK":"Lamongan"},"geometry":{"type":"Point","coordinates":[112.3,-7.1]}},{"type":"Feature","properties":{"Line":"S126","Sp":"2220.5","X":"642300.5","Y":"9212375.3","NAMOBJ":"Jubellor","WADMKC":"Sugio","WADMKK":"Lamongan"},"geometry":{"type":"Point","coordinates":[112.3,-7.1]}},{"type":"Feature","properties":{"Line":"S126","Sp":"2224.5","X":"642300.5","Y":"9212325.3","NAMOBJ":"Jubellor","WADMKC":"Sugio","WADMKK":"Lamongan"},"geometry":{"type":"Point","coordinates":[112.3,-7.1]}},{"type":"Feature","properties":{"Line":"S126","Sp":"2228.5","X":"642300.5","Y":"9212275.3","NAMOBJ":"Jubellor","WADMKC":"Sugio","WADMKK":"Lamongan"},"geometry":{"type":"Point","coordinates":[112.3,-7.1]}},{"type":"Feature","properties":{"Line":"S126","Sp":"2232.5","X":"642300.5","Y":"9212225.3","NAMOBJ":"Jubellor","WADMKC":"Sugio","WADMKK":"Lamongan"},"geometry":{"type":"Point","coordinates":[112.3,-7.1]}},{"type":"Feature","properties":{"Line":"S126","Sp":"2236.5","X":"642300.5","Y":"9212175.3","NAMOBJ":"Jubellor","WADMKC":"Sugio","WADMKK":"Lamongan"},"geometry":{"type":"Point","coordinates":[112.3,-7.1]}},{"type":"Feature","properties":{"Line":"S126","Sp":"2240.5","X":"642300.5","Y":"9212125.3","NAMOBJ":"Jubellor","WADMKC":"Sugio","WADMKK":"Lamongan"},"geometry":{"type":"Point","coordinates":[112.3,-7.1]}},{"type":"Feature","properties":{"Line":"S126","Sp":"2244.5","X":"642300.5","Y":"9212075.3","NAMOBJ":"Jubellor","WADMKC":"Sugio","WADMKK":"Lamongan"},"geometry":{"type":"Point","coordinates":[112.3,-7.1]}},{"type":"Feature","properties":{"Line":"S126","Sp":"2248.5","X":"642300.5","Y":"9212025.3","NAMOBJ":"Jubellor","WADMKC":"Sugio","WADMKK":"Lamongan"},"geometry":{"type":"Point","coordinates":[112.3,-7.1]}},{"type":"Feature","properties":{"Line":"S126","Sp":"2252.5","X":"642300.5","Y":"9211975.3","NAMOBJ":"Jubellor","WADMKC":"Sugio","WADMKK":"Lamongan"},"geometry":{"type":"Point","coordinates":[112.3,-7.1]}},{"type":"Feature","properties":{"Line":"S126","Sp":"2256.5","X":"642300.5","Y":"9211925.3","NAMOBJ":"Jubellor","WADMKC":"Sugio","WADMKK":"Lamongan"},"geometry":{"type":"Point","coordinates":[112.3,-7.1]}},{"type":"Feature","properties":{"Line":"S126","Sp":"2260.5","X":"642300.5","Y":"9211875.3","NAMOBJ":"Jubellor","WADMKC":"Sugio","WADMKK":"Lamongan"},"geometry":{"type":"Point","coordinates":[112.3,-7.1]}},{"type":"Feature","properties":{"Line":"S126","Sp":"2264.5","X":"642300.5","Y":"9211825.3","NAMOBJ":"Jubellor","WADMKC":"Sugio","WADMKK":"Lamongan"},"geometry":{"type":"Point","coordinates":[112.3,-7.1]}},{"type":"Feature","properties":{"Line":"S126","Sp":"2268.5","X":"642300.5","Y":"9211775.3","NAMOBJ":"Jubellor","WADMKC":"Sugio","WADMKK":"Lamongan"},"geometry":{"type":"Point","coordinates":[112.3,-7.1]}},{"type":"Feature","properties":{"Line":"S126","Sp":"2272.5","X":"642300.5","Y":"9211725.3","NAMOBJ":"Jubellor","WADMKC":"Sugio","WADMKK":"Lamongan"},"geometry":{"type":"Point","coordinates":[112.3,-7.1]}},{"type":"Feature","properties":{"Line":"S126","Sp":"2276.5","X":"642300.5","Y":"9211675.3","NAMOBJ":"Jubellor","WADMKC":"Sugio","WADMKK":"Lamongan"},"geometry":{"type":"Point","coordinates":[112.3,-7.1]}},{"type":"Feature","properties":{"Line":"S126","Sp":"2280.5","X":"642300.5","Y":"9211625.3","NAMOBJ":"Jubellor","WADMKC":"Sugio","WADMKK":"Lamongan"},"geometry":{"type":"Point","coordinates":[112.3,-7.1]}},{"type":"Feature","properties":{"Line":"S126","Sp":"2284.5","X":"642300.5","Y":"9211575.3","NAMOBJ":"Jubellor","WADMKC":"Sugio","WADMKK":"Lamongan"},"geometry":{"type":"Point","coordinates":[112.3,-7.1]}},{"type":"Feature","properties":{"Line":"S126","Sp":"2288.5","X":"642300.5","Y":"9211525.3","NAMOBJ":"Jubellor","WADMKC":"Sugio","WADMKK":"Lamongan"},"geometry":{"type":"Point","coordinates":[112.3,-7.1]}},{"type":"Feature","properties":{"Line":"S126","Sp":"2292.5","X":"642300.5","Y":"9211475.3","NAMOBJ":"Jubellor","WADMKC":"Sugio","WADMKK":"Lamongan"},"geometry":{"type":"Point","coordinates":[112.3,-7.1]}},{"type":"Feature","properties":{"Line":"S126","Sp":"2296.5","X":"642300.5","Y":"9211425.3","NAMOBJ":"Jubellor","WADMKC":"Sugio","WADMKK":"Lamongan"},"geometry":{"type":"Point","coordinates":[112.3,-7.1]}},{"type":"Feature","properties":{"Line":"S126","Sp":"2300.5","X":"642300.5","Y":"9211375.3","NAMOBJ":"Jubellor","WADMKC":"Sugio","WADMKK":"Lamongan"},"geometry":{"type":"Point","coordinates":[112.3,-7.1]}},{"type":"Feature","properties":{"Line":"S126","Sp":"2304.5","X":"642300.5","Y":"9211325.3","NAMOBJ":"Jubellor","WADMKC":"Sugio","WADMKK":"Lamongan"},"geometry":{"type":"Point","coordinates":[112.3,-7.1]}},{"type":"Feature","properties":{"Line":"S126","Sp":"2308.5","X":"642300.5","Y":"9211275.3","NAMOBJ":"Jubellor","WADMKC":"Sugio","WADMKK":"Lamongan"},"geometry":{"type":"Point","coordinates":[112.3,-7.1]}},{"type":"Feature","properties":{"Line":"S126","Sp":"2312.5","X":"642300.5","Y":"9211225.3","NAMOBJ":"Jubellor","WADMKC":"Sugio","WADMKK":"Lamongan"},"geometry":{"type":"Point","coordinates":[112.3,-7.1]}},{"type":"Feature","properties":{"Line":"S126","Sp":"2316.5","X":"642300.5","Y":"9211175.3","NAMOBJ":"Jubellor","WADMKC":"Sugio","WADMKK":"Lamongan"},"geometry":{"type":"Point","coordinates":[112.3,-7.1]}},{"type":"Feature","properties":{"Line":"S126","Sp":"2320.5","X":"642300.5","Y":"9211125.3","NAMOBJ":"Jubellor","WADMKC":"Sugio","WADMKK":"Lamongan"},"geometry":{"type":"Point","coordinates":[112.3,-7.1]}},{"type":"Feature","properties":{"Line":"S126","Sp":"2324.5","X":"642300.5","Y":"9211075.3","NAMOBJ":"Jubellor","WADMKC":"Sugio","WADMKK":"Lamongan"},"geometry":{"type":"Point","coordinates":[112.3,-7.1]}},{"type":"Feature","properties":{"Line":"S126","Sp":"2328.5","X":"642300.5","Y":"9211025.3","NAMOBJ":"Jubellor","WADMKC":"Sugio","WADMKK":"Lamongan"},"geometry":{"type":"Point","coordinates":[112.3,-7.1]}},{"type":"Feature","properties":{"Line":"S126","Sp":"2332.5","X":"642300.5","Y":"9210975.3","NAMOBJ":"Jubellor","WADMKC":"Sugio","WADMKK":"Lamongan"},"geometry":{"type":"Point","coordinates":[112.3,-7.1]}},{"type":"Feature","properties":{"Line":"S126","Sp":"2336.5","X":"642300.5","Y":"9210925.3","NAMOBJ":"Jubellor","WADMKC":"Sugio","WADMKK":"Lamongan"},"geometry":{"type":"Point","coordinates":[112.3,-7.1]}},{"type":"Feature","properties":{"Line":"S126","Sp":"2340.5","X":"642300.5","Y":"9210875.3","NAMOBJ":"Jubellor","WADMKC":"Sugio","WADMKK":"Lamongan"},"geometry":{"type":"Point","coordinates":[112.3,-7.1]}},{"type":"Feature","properties":{"Line":"S126","Sp":"2344.5","X":"642300.5","Y":"9210825.3","NAMOBJ":"Jubellor","WADMKC":"Sugio","WADMKK":"Lamongan"},"geometry":{"type":"Point","coordinates":[112.3,-7.1]}},{"type":"Feature","properties":{"Line":"S126","Sp":"2348.5","X":"642300.5","Y":"9210775.3","NAMOBJ":"Jubellor","WADMKC":"Sugio","WADMKK":"Lamongan"},"geometry":{"type":"Point","coordinates":[112.3,-7.1]}},{"type":"Feature","properties":{"Line":"S126","Sp":"2352.5","X":"642300.5","Y":"9210725.3","NAMOBJ":"Jubellor","WADMKC":"Sugio","WADMKK":"Lamongan"},"geometry":{"type":"Point","coordinates":[112.3,-7.1]}},{"type":"Feature","properties":{"Line":"S126","Sp":"2356.5","X":"642300.5","Y":"9210675.3","NAMOBJ":"Jubellor","WADMKC":"Sugio","WADMKK":"Lamongan"},"geometry":{"type":"Point","coordinates":[112.3,-7.1]}},{"type":"Feature","properties":{"Line":"S126","Sp":"2360.5","X":"642300.5","Y":"9210625.3","NAMOBJ":"Jubellor","WADMKC":"Sugio","WADMKK":"Lamongan"},"geometry":{"type":"Point","coordinates":[112.3,-7.1]}},{"type":"Feature","properties":{"Line":"S126","Sp":"2364.5","X":"642300.5","Y":"9210575.3","NAMOBJ":"Jubellor","WADMKC":"Sugio","WADMKK":"Lamongan"},"geometry":{"type":"Point","coordinates":[112.3,-7.1]}},{"type":"Feature","properties":{"Line":"S128","Sp":"2288.5","X":"643300.5","Y":"9211325.3","NAMOBJ":"Jubellor","WADMKC":"Sugio","WADMKK":"Lamongan"},"geometry":{"type":"Point","coordinates":[112.3,-7.1]}},{"type":"Feature","properties":{"Line":"S128","Sp":"2292.5","X":"643300.5","Y":"9211275.3","NAMOBJ":"Jubellor","WADMKC":"Sugio","WADMKK":"Lamongan"},"geometry":{"type":"Point","coordinates":[112.3,-7.1]}},{"type":"Feature","properties":{"Line":"S128","Sp":"2296.5","X":"643300.5","Y":"9211225.3","NAMOBJ":"Jubellor","WADMKC":"Sugio","WADMKK":"Lamongan"},"geometry":{"type":"Point","coordinates":[112.3,-7.1]}},{"type":"Feature","properties":{"Line":"S128","Sp":"2300.5","X":"643300.5","Y":"9211175.3","NAMOBJ":"Jubellor","WADMKC":"Sugio","WADMKK":"Lamongan"},"geometry":{"type":"Point","coordinates":[112.3,-7.1]}},{"type":"Feature","properties":{"Line":"S128","Sp":"2304.5","X":"643300.5","Y":"9211125.3","NAMOBJ":"Jubellor","WADMKC":"Sugio","WADMKK":"Lamongan"},"geometry":{"type":"Point","coordinates":[112.3,-7.1]}},{"type":"Feature","properties":{"Line":"S128","Sp":"2308.5","X":"643300.5","Y":"9211075.3","NAMOBJ":"Jubellor","WADMKC":"Sugio","WADMKK":"Lamongan"},"geometry":{"type":"Point","coordinates":[112.3,-7.1]}},{"type":"Feature","properties":{"Line":"S130","Sp":"2256.5","X":"644300.5","Y":"9211575.3","NAMOBJ":"Jubellor","WADMKC":"Sugio","WADMKK":"Lamongan"},"geometry":{"type":"Point","coordinates":[112.3,-7.1]}},{"type":"Feature","properties":{"Line":"S130","Sp":"2260.5","X":"644300.5","Y":"9211525.3","NAMOBJ":"Jubellor","WADMKC":"Sugio","WADMKK":"Lamongan"},"geometry":{"type":"Point","coordinates":[112.3,-7.1]}},{"type":"Feature","properties":{"Line":"S130","Sp":"2264.5","X":"644300.5","Y":"9211475.3","NAMOBJ":"Jubellor","WADMKC":"Sugio","WADMKK":"Lamongan"},"geometry":{"type":"Point","coordinates":[112.3,-7.1]}},{"type":"Feature","properties":{"Line":"S130","Sp":"2268.5","X":"644300.5","Y":"9211425.3","NAMOBJ":"Jubellor","WADMKC":"Sugio","WADMKK":"Lamongan"},"geometry":{"type":"Point","coordinates":[112.3,-7.1]}},{"type":"Feature","properties":{"Line":"S130","Sp":"2272.5","X":"644300.5","Y":"9211375.3","NAMOBJ":"Jubellor","WADMKC":"Sugio","WADMKK":"Lamongan"},"geometry":{"type":"Point","coordinates":[112.3,-7.1]}},{"type":"Feature","properties":{"Line":"S130","Sp":"2276.5","X":"644300.5","Y":"9211325.3","NAMOBJ":"Jubellor","WADMKC":"Sugio","WADMKK":"Lamongan"},"geometry":{"type":"Point","coordinates":[112.3,-7.1]}},{"type":"Feature","properties":{"Line":"S130","Sp":"2280.5","X":"644300.5","Y":"9211275.3","NAMOBJ":"Jubellor","WADMKC":"Sugio","WADMKK":"Lamongan"},"geometry":{"type":"Point","coordinates":[112.3,-7.1]}},{"type":"Feature","properties":{"Line":"S130","Sp":"2284.5","X":"644300.5","Y":"9211225.3","NAMOBJ":"Jubellor","WADMKC":"Sugio","WADMKK":"Lamongan"},"geometry":{"type":"Point","coordinates":[112.3,-7.1]}},{"type":"Feature","properties":{"Line":"S132","Sp":"2164.5","X":"645300.5","Y":"9212325.3","NAMOBJ":"Jubellor","WADMKC":"Sugio","WADMKK":"Lamongan"},"geometry":{"type":"Point","coordinates":[112.3,-7.1]}},{"type":"Feature","properties":{"Line":"S132","Sp":"2168.5","X":"645300.5","Y":"9212275.3","NAMOBJ":"Jubellor","WADMKC":"Sugio","WADMKK":"Lamongan"},"geometry":{"type":"Point","coordinates":[112.3,-7.1]}},{"type":"Feature","properties":{"Line":"S132","Sp":"2172.5","X":"645300.5","Y":"9212225.3","NAMOBJ":"Jubellor","WADMKC":"Sugio","WADMKK":"Lamongan"},"geometry":{"type":"Point","coordinates":[112.3,-7.1]}},{"type":"Feature","properties":{"Line":"S109","Sp":"2720.5","X":"644575.5","Y":"9212800.3","NAMOBJ":"Kadungrembug","WADMKC":"Sukodadi","WADMKK":"Lamongan"},"geometry":{"type":"Point","coordinates":[112.3,-7.1]}},{"type":"Feature","properties":{"Line":"S109","Sp":"2724.5","X":"644625.5","Y":"9212800.3","NAMOBJ":"Kadungrembug","WADMKC":"Sukodadi","WADMKK":"Lamongan"},"geometry":{"type":"Point","coordinates":[112.3,-7.1]}},{"type":"Feature","properties":{"Line":"S109","Sp":"2728.5","X":"644675.5","Y":"9212800.3","NAMOBJ":"Kadungrembug","WADMKC":"Sukodadi","WADMKK":"Lamongan"},"geometry":{"type":"Point","coordinates":[112.3,-7.1]}},{"type":"Feature","properties":{"Line":"S109","Sp":"2732.5","X":"644725.5","Y":"9212800.3","NAMOBJ":"Kadungrembug","WADMKC":"Sukodadi","WADMKK":"Lamongan"},"geometry":{"type":"Point","coordinates":[112.3,-7.1]}},{"type":"Feature","properties":{"Line":"S109","Sp":"2736.5","X":"644775.5","Y":"9212800.3","NAMOBJ":"Kadungrembug","WADMKC":"Sukodadi","WADMKK":"Lamongan"},"geometry":{"type":"Point","coordinates":[112.3,-7.1]}},{"type":"Feature","properties":{"Line":"S109","Sp":"2740.5","X":"644825.5","Y":"9212800.3","NAMOBJ":"Kadungrembug","WADMKC":"Sukodadi","WADMKK":"Lamongan"},"geometry":{"type":"Point","coordinates":[112.3,-7.1]}},{"type":"Feature","properties":{"Line":"S109","Sp":"2744.5","X":"644875.5","Y":"9212800.3","NAMOBJ":"Kadungrembug","WADMKC":"Sukodadi","WADMKK":"Lamongan"},"geometry":{"type":"Point","coordinates":[112.3,-7.1]}},{"type":"Feature","properties":{"Line":"S109","Sp":"2748.5","X":"644925.5","Y":"9212800.3","NAMOBJ":"Kadungrembug","WADMKC":"Sukodadi","WADMKK":"Lamongan"},"geometry":{"type":"Point","coordinates":[112.3,-7.1]}},{"type":"Feature","properties":{"Line":"S109","Sp":"2752.5","X":"644975.5","Y":"9212800.3","NAMOBJ":"Kadungrembug","WADMKC":"Sukodadi","WADMKK":"Lamongan"},"geometry":{"type":"Point","coordinates":[112.3,-7.1]}},{"type":"Feature","properties":{"Line":"S109","Sp":"2756.5","X":"645025.5","Y":"9212800.3","NAMOBJ":"Kadungrembug","WADMKC":"Sukodadi","WADMKK":"Lamongan"},"geometry":{"type":"Point","coordinates":[112.3,-7.1]}},{"type":"Feature","properties":{"Line":"S109","Sp":"2760.5","X":"645075.5","Y":"9212800.3","NAMOBJ":"Kadungrembug","WADMKC":"Sukodadi","WADMKK":"Lamongan"},"geometry":{"type":"Point","coordinates":[112.3,-7.1]}},{"type":"Feature","properties":{"Line":"S109","Sp":"2764.5","X":"645125.5","Y":"9212800.3","NAMOBJ":"Kadungrembug","WADMKC":"Sukodadi","WADMKK":"Lamongan"},"geometry":{"type":"Point","coordinates":[112.3,-7.1]}},{"type":"Feature","properties":{"Line":"S109","Sp":"2768.5","X":"645175.5","Y":"9212800.3","NAMOBJ":"Kadungrembug","WADMKC":"Sukodadi","WADMKK":"Lamongan"},"geometry":{"type":"Point","coordinates":[112.3,-7.1]}},{"type":"Feature","properties":{"Line":"S109","Sp":"2772.5","X":"645225.5","Y":"9212800.3","NAMOBJ":"Kadungrembug","WADMKC":"Sukodadi","WADMKK":"Lamongan"},"geometry":{"type":"Point","coordinates":[112.3,-7.1]}},{"type":"Feature","properties":{"Line":"S109","Sp":"2776.5","X":"645275.5","Y":"9212800.3","NAMOBJ":"Kadungrembug","WADMKC":"Sukodadi","WADMKK":"Lamongan"},"geometry":{"type":"Point","coordinates":[112.3,-7.1]}},{"type":"Feature","properties":{"Line":"S109","Sp":"2780.5","X":"645325.5","Y":"9212800.3","NAMOBJ":"Kadungrembug","WADMKC":"Sukodadi","WADMKK":"Lamongan"},"geometry":{"type":"Point","coordinates":[112.3,-7.1]}},{"type":"Feature","properties":{"Line":"S109","Sp":"2784.5","X":"645375.5","Y":"9212800.3","NAMOBJ":"Kadungrembug","WADMKC":"Sukodadi","WADMKK":"Lamongan"},"geometry":{"type":"Point","coordinates":[112.3,-7.1]}},{"type":"Feature","properties":{"Line":"S109","Sp":"2788.5","X":"645425.5","Y":"9212800.3","NAMOBJ":"Kadungrembug","WADMKC":"Sukodadi","WADMKK":"Lamongan"},"geometry":{"type":"Point","coordinates":[112.3,-7.1]}},{"type":"Feature","properties":{"Line":"S109","Sp":"2792.5","X":"645475.5","Y":"9212800.3","NAMOBJ":"Kadungrembug","WADMKC":"Sukodadi","WADMKK":"Lamongan"},"geometry":{"type":"Point","coordinates":[112.3,-7.1]}},{"type":"Feature","properties":{"Line":"S109","Sp":"2796.5","X":"645525.5","Y":"9212800.3","NAMOBJ":"Kadungrembug","WADMKC":"Sukodadi","WADMKK":"Lamongan"},"geometry":{"type":"Point","coordinates":[112.3,-7.1]}},{"type":"Feature","properties":{"Line":"S109","Sp":"2800.5","X":"645575.5","Y":"9212800.3","NAMOBJ":"Kadungrembug","WADMKC":"Sukodadi","WADMKK":"Lamongan"},"geometry":{"type":"Point","coordinates":[112.3,-7.1]}},{"type":"Feature","properties":{"Line":"S109","Sp":"2804.5","X":"645625.5","Y":"9212800.3","NAMOBJ":"Kadungrembug","WADMKC":"Sukodadi","WADMKK":"Lamongan"},"geometry":{"type":"Point","coordinates":[112.3,-7.1]}},{"type":"Feature","properties":{"Line":"S109","Sp":"2808.5","X":"645675.5","Y":"9212800.3","NAMOBJ":"Kadungrembug","WADMKC":"Sukodadi","WADMKK":"Lamongan"},"geometry":{"type":"Point","coordinates":[112.3,-7.1]}},{"type":"Feature","properties":{"Line":"S109","Sp":"2812.5","X":"645725.5","Y":"9212800.3","NAMOBJ":"Kadungrembug","WADMKC":"Sukodadi","WADMKK":"Lamongan"},"geometry":{"type":"Point","coordinates":[112.3,-7.1]}},{"type":"Feature","properties":{"Line":"S109","Sp":"2816.5","X":"645775.5","Y":"9212800.3","NAMOBJ":"Kadungrembug","WADMKC":"Sukodadi","WADMKK":"Lamongan"},"geometry":{"type":"Point","coordinates":[112.3,-7.1]}},{"type":"Feature","properties":{"Line":"S109","Sp":"2820.5","X":"645825.5","Y":"9212800.3","NAMOBJ":"Kadungrembug","WADMKC":"Sukodadi","WADMKK":"Lamongan"},"geometry":{"type":"Point","coordinates":[112.3,-7.1]}},{"type":"Feature","properties":{"Line":"S109","Sp":"2824.5","X":"645875.5","Y":"9212800.3","NAMOBJ":"Kadungrembug","WADMKC":"Sukodadi","WADMKK":"Lamongan"},"geometry":{"type":"Point","coordinates":[112.3,-7.1]}},{"type":"Feature","properties":{"Line":"S109","Sp":"2828.5","X":"645925.5","Y":"9212800.3","NAMOBJ":"Kadungrembug","WADMKC":"Sukodadi","WADMKK":"Lamongan"},"geometry":{"type":"Point","coordinates":[112.3,-7.1]}},{"type":"Feature","properties":{"Line":"S109","Sp":"2832.5","X":"645975.5","Y":"9212800.3","NAMOBJ":"Kadungrembug","WADMKC":"Sukodadi","WADMKK":"Lamongan"},"geometry":{"type":"Point","coordinates":[112.3,-7.1]}},{"type":"Feature","properties":{"Line":"S109","Sp":"2836.5","X":"646025.5","Y":"9212800.3","NAMOBJ":"Kadungrembug","WADMKC":"Sukodadi","WADMKK":"Lamongan"},"geometry":{"type":"Point","coordinates":[112.3,-7.1]}},{"type":"Feature","properties":{"Line":"S111","Sp":"2732.5","X":"644775.5","Y":"9213800.3","NAMOBJ":"Kadungrembug","WADMKC":"Sukodadi","WADMKK":"Lamongan"},"geometry":{"type":"Point","coordinates":[112.3,-7.1]}},{"type":"Feature","properties":{"Line":"S111","Sp":"2736.5","X":"644825.5","Y":"9213800.3","NAMOBJ":"Kadungrembug","WADMKC":"Sukodadi","WADMKK":"Lamongan"},"geometry":{"type":"Point","coordinates":[112.3,-7.1]}},{"type":"Feature","properties":{"Line":"S111","Sp":"2740.5","X":"644875.5","Y":"9213800.3","NAMOBJ":"Kadungrembug","WADMKC":"Sukodadi","WADMKK":"Lamongan"},"geometry":{"type":"Point","coordinates":[112.3,-7.1]}},{"type":"Feature","properties":{"Line":"S111","Sp":"2744.5","X":"644925.5","Y":"9213800.3","NAMOBJ":"Kadungrembug","WADMKC":"Sukodadi","WADMKK":"Lamongan"},"geometry":{"type":"Point","coordinates":[112.3,-7.1]}},{"type":"Feature","properties":{"Line":"S111","Sp":"2748.5","X":"644975.5","Y":"9213800.3","NAMOBJ":"Kadungrembug","WADMKC":"Sukodadi","WADMKK":"Lamongan"},"geometry":{"type":"Point","coordinates":[112.3,-7.1]}},{"type":"Feature","properties":{"Line":"S111","Sp":"2752.5","X":"645025.5","Y":"9213800.3","NAMOBJ":"Kadungrembug","WADMKC":"Sukodadi","WADMKK":"Lamongan"},"geometry":{"type":"Point","coordinates":[112.3,-7.1]}},{"type":"Feature","properties":{"Line":"S111","Sp":"2756.5","X":"645075.5","Y":"9213800.3","NAMOBJ":"Kadungrembug","WADMKC":"Sukodadi","WADMKK":"Lamongan"},"geometry":{"type":"Point","coordinates":[112.3,-7.1]}},{"type":"Feature","properties":{"Line":"S111","Sp":"2760.5","X":"645125.5","Y":"9213800.3","NAMOBJ":"Kadungrembug","WADMKC":"Sukodadi","WADMKK":"Lamongan"},"geometry":{"type":"Point","coordinates":[112.3,-7.1]}},{"type":"Feature","properties":{"Line":"S111","Sp":"2764.5","X":"645175.5","Y":"9213800.3","NAMOBJ":"Kadungrembug","WADMKC":"Sukodadi","WADMKK":"Lamongan"},"geometry":{"type":"Point","coordinates":[112.3,-7.1]}},{"type":"Feature","properties":{"Line":"S111","Sp":"2768.5","X":"645225.5","Y":"9213800.3","NAMOBJ":"Kadungrembug","WADMKC":"Sukodadi","WADMKK":"Lamongan"},"geometry":{"type":"Point","coordinates":[112.3,-7.1]}},{"type":"Feature","properties":{"Line":"S111","Sp":"2772.5","X":"645275.5","Y":"9213800.3","NAMOBJ":"Kadungrembug","WADMKC":"Sukodadi","WADMKK":"Lamongan"},"geometry":{"type":"Point","coordinates":[112.3,-7.1]}},{"type":"Feature","properties":{"Line":"S111","Sp":"2776.5","X":"645325.5","Y":"9213800.3","NAMOBJ":"Kadungrembug","WADMKC":"Sukodadi","WADMKK":"Lamongan"},"geometry":{"type":"Point","coordinates":[112.3,-7.1]}},{"type":"Feature","properties":{"Line":"S111","Sp":"2780.5","X":"645375.5","Y":"9213800.3","NAMOBJ":"Kadungrembug","WADMKC":"Sukodadi","WADMKK":"Lamongan"},"geometry":{"type":"Point","coordinates":[112.3,-7.1]}},{"type":"Feature","properties":{"Line":"S111","Sp":"2784.5","X":"645425.5","Y":"9213800.3","NAMOBJ":"Kadungrembug","WADMKC":"Sukodadi","WADMKK":"Lamongan"},"geometry":{"type":"Point","coordinates":[112.3,-7.1]}},{"type":"Feature","properties":{"Line":"S111","Sp":"2788.5","X":"645475.5","Y":"9213800.3","NAMOBJ":"Kadungrembug","WADMKC":"Sukodadi","WADMKK":"Lamongan"},"geometry":{"type":"Point","coordinates":[112.3,-7.1]}},{"type":"Feature","properties":{"Line":"S111","Sp":"2792.5","X":"645525.5","Y":"9213800.3","NAMOBJ":"Kadungrembug","WADMKC":"Sukodadi","WADMKK":"Lamongan"},"geometry":{"type":"Point","coordinates":[112.3,-7.1]}},{"type":"Feature","properties":{"Line":"S111","Sp":"2796.5","X":"645575.5","Y":"9213800.3","NAMOBJ":"Kadungrembug","WADMKC":"Sukodadi","WADMKK":"Lamongan"},"geometry":{"type":"Point","coordinates":[112.3,-7.1]}},{"type":"Feature","properties":{"Line":"S111","Sp":"2800.5","X":"645625.5","Y":"9213800.3","NAMOBJ":"Kadungrembug","WADMKC":"Sukodadi","WADMKK":"Lamongan"},"geometry":{"type":"Point","coordinates":[112.3,-7.1]}},{"type":"Feature","properties":{"Line":"S111","Sp":"2804.5","X":"645675.5","Y":"9213800.3","NAMOBJ":"Kadungrembug","WADMKC":"Sukodadi","WADMKK":"Lamongan"},"geometry":{"type":"Point","coordinates":[112.3,-7.1]}},{"type":"Feature","properties":{"Line":"S111","Sp":"2808.5","X":"645725.5","Y":"9213800.3","NAMOBJ":"Kadungrembug","WADMKC":"Sukodadi","WADMKK":"Lamongan"},"geometry":{"type":"Point","coordinates":[112.3,-7.1]}},{"type":"Feature","properties":{"Line":"S111","Sp":"2812.5","X":"645775.5","Y":"9213800.3","NAMOBJ":"Kadungrembug","WADMKC":"Sukodadi","WADMKK":"Lamongan"},"geometry":{"type":"Point","coordinates":[112.3,-7.1]}},{"type":"Feature","properties":{"Line":"S111","Sp":"2816.5","X":"645825.5","Y":"9213800.3","NAMOBJ":"Kadungrembug","WADMKC":"Sukodadi","WADMKK":"Lamongan"},"geometry":{"type":"Point","coordinates":[112.3,-7.1]}},{"type":"Feature","properties":{"Line":"S111","Sp":"2820.5","X":"645875.5","Y":"9213800.3","NAMOBJ":"Kadungrembug","WADMKC":"Sukodadi","WADMKK":"Lamongan"},"geometry":{"type":"Point","coordinates":[112.3,-7.1]}},{"type":"Feature","properties":{"Line":"S111","Sp":"2824.5","X":"645925.5","Y":"9213800.3","NAMOBJ":"Kadungrembug","WADMKC":"Sukodadi","WADMKK":"Lamongan"},"geometry":{"type":"Point","coordinates":[112.3,-7.1]}},{"type":"Feature","properties":{"Line":"S111","Sp":"2828.5","X":"645975.5","Y":"9213800.3","NAMOBJ":"Kadungrembug","WADMKC":"Sukodadi","WADMKK":"Lamongan"},"geometry":{"type":"Point","coordinates":[112.3,-7.1]}},{"type":"Feature","properties":{"Line":"S111","Sp":"2832.5","X":"646025.5","Y":"9213800.3","NAMOBJ":"Kadungrembug","WADMKC":"Sukodadi","WADMKK":"Lamongan"},"geometry":{"type":"Point","coordinates":[112.3,-7.1]}},{"type":"Feature","properties":{"Line":"S111","Sp":"2836.5","X":"646075.5","Y":"9213800.3","NAMOBJ":"Kadungrembug","WADMKC":"Sukodadi","WADMKK":"Lamongan"},"geometry":{"type":"Point","coordinates":[112.3,-7.1]}},{"type":"Feature","properties":{"Line":"S111","Sp":"2840.5","X":"646125.5","Y":"9213800.3","NAMOBJ":"Kadungrembug","WADMKC":"Sukodadi","WADMKK":"Lamongan"},"geometry":{"type":"Point","coordinates":[112.3,-7.1]}},{"type":"Feature","properties":{"Line":"S111","Sp":"2844.5","X":"646175.5","Y":"9213800.3","NAMOBJ":"Kadungrembug","WADMKC":"Sukodadi","WADMKK":"Lamongan"},"geometry":{"type":"Point","coordinates":[112.3,-7.1]}},{"type":"Feature","properties":{"Line":"S111","Sp":"2848.5","X":"646225.5","Y":"9213800.3","NAMOBJ":"Kadungrembug","WADMKC":"Sukodadi","WADMKK":"Lamongan"},"geometry":{"type":"Point","coordinates":[112.3,-7.1]}},{"type":"Feature","properties":{"Line":"S113","Sp":"2668.5","X":"645075.5","Y":"9214800.3","NAMOBJ":"Kadungrembug","WADMKC":"Sukodadi","WADMKK":"Lamongan"},"geometry":{"type":"Point","coordinates":[112.3,-7.1]}},{"type":"Feature","properties":{"Line":"S113","Sp":"2672.5","X":"645125.5","Y":"9214800.3","NAMOBJ":"Kadungrembug","WADMKC":"Sukodadi","WADMKK":"Lamongan"},"geometry":{"type":"Point","coordinates":[112.3,-7.1]}},{"type":"Feature","properties":{"Line":"S113","Sp":"2676.5","X":"645175.5","Y":"9214800.3","NAMOBJ":"Kadungrembug","WADMKC":"Sukodadi","WADMKK":"Lamongan"},"geometry":{"type":"Point","coordinates":[112.3,-7.1]}},{"type":"Feature","properties":{"Line":"S113","Sp":"2680.5","X":"645225.5","Y":"9214800.3","NAMOBJ":"Kadungrembug","WADMKC":"Sukodadi","WADMKK":"Lamongan"},"geometry":{"type":"Point","coordinates":[112.3,-7.1]}},{"type":"Feature","properties":{"Line":"S113","Sp":"2684.5","X":"645275.5","Y":"9214800.3","NAMOBJ":"Kadungrembug","WADMKC":"Sukodadi","WADMKK":"Lamongan"},"geometry":{"type":"Point","coordinates":[112.3,-7.1]}},{"type":"Feature","properties":{"Line":"S113","Sp":"2688.5","X":"645325.5","Y":"9214800.3","NAMOBJ":"Kadungrembug","WADMKC":"Sukodadi","WADMKK":"Lamongan"},"geometry":{"type":"Point","coordinates":[112.3,-7.1]}},{"type":"Feature","properties":{"Line":"S113","Sp":"2692.5","X":"645375.5","Y":"9214800.3","NAMOBJ":"Kadungrembug","WADMKC":"Sukodadi","WADMKK":"Lamongan"},"geometry":{"type":"Point","coordinates":[112.3,-7.1]}},{"type":"Feature","properties":{"Line":"S113","Sp":"2696.5","X":"645425.5","Y":"9214800.3","NAMOBJ":"Kadungrembug","WADMKC":"Sukodadi","WADMKK":"Lamongan"},"geometry":{"type":"Point","coordinates":[112.3,-7.1]}},{"type":"Feature","properties":{"Line":"S113","Sp":"2708.5","X":"645575.5","Y":"9214800.3","NAMOBJ":"Kadungrembug","WADMKC":"Sukodadi","WADMKK":"Lamongan"},"geometry":{"type":"Point","coordinates":[112.3,-7.1]}},{"type":"Feature","properties":{"Line":"S132","Sp":"1964.5","X":"645300.5","Y":"9214825.3","NAMOBJ":"Kadungrembug","WADMKC":"Sukodadi","WADMKK":"Lamongan"},"geometry":{"type":"Point","coordinates":[112.3,-7.1]}},{"type":"Feature","properties":{"Line":"S132","Sp":"1968.5","X":"645300.5","Y":"9214775.3","NAMOBJ":"Kadungrembug","WADMKC":"Sukodadi","WADMKK":"Lamongan"},"geometry":{"type":"Point","coordinates":[112.3,-7.1]}},{"type":"Feature","properties":{"Line":"S132","Sp":"1972.5","X":"645300.5","Y":"9214725.3","NAMOBJ":"Kadungrembug","WADMKC":"Sukodadi","WADMKK":"Lamongan"},"geometry":{"type":"Point","coordinates":[112.3,-7.1]}},{"type":"Feature","properties":{"Line":"S132","Sp":"1976.5","X":"645300.5","Y":"9214675.3","NAMOBJ":"Kadungrembug","WADMKC":"Sukodadi","WADMKK":"Lamongan"},"geometry":{"type":"Point","coordinates":[112.3,-7.1]}},{"type":"Feature","properties":{"Line":"S132","Sp":"1980.5","X":"645300.5","Y":"9214625.3","NAMOBJ":"Kadungrembug","WADMKC":"Sukodadi","WADMKK":"Lamongan"},"geometry":{"type":"Point","coordinates":[112.3,-7.1]}},{"type":"Feature","properties":{"Line":"S132","Sp":"1984.5","X":"645300.5","Y":"9214575.3","NAMOBJ":"Kadungrembug","WADMKC":"Sukodadi","WADMKK":"Lamongan"},"geometry":{"type":"Point","coordinates":[112.3,-7.1]}},{"type":"Feature","properties":{"Line":"S132","Sp":"1988.5","X":"645300.5","Y":"9214525.3","NAMOBJ":"Kadungrembug","WADMKC":"Sukodadi","WADMKK":"Lamongan"},"geometry":{"type":"Point","coordinates":[112.3,-7.1]}},{"type":"Feature","properties":{"Line":"S132","Sp":"1992.5","X":"645300.5","Y":"9214475.3","NAMOBJ":"Kadungrembug","WADMKC":"Sukodadi","WADMKK":"Lamongan"},"geometry":{"type":"Point","coordinates":[112.3,-7.1]}},{"type":"Feature","properties":{"Line":"S132","Sp":"1996.5","X":"645300.5","Y":"9214425.3","NAMOBJ":"Kadungrembug","WADMKC":"Sukodadi","WADMKK":"Lamongan"},"geometry":{"type":"Point","coordinates":[112.3,-7.1]}},{"type":"Feature","properties":{"Line":"S132","Sp":"2000.5","X":"645300.5","Y":"9214375.3","NAMOBJ":"Kadungrembug","WADMKC":"Sukodadi","WADMKK":"Lamongan"},"geometry":{"type":"Point","coordinates":[112.3,-7.1]}},{"type":"Feature","properties":{"Line":"S132","Sp":"2004.5","X":"645300.5","Y":"9214325.3","NAMOBJ":"Kadungrembug","WADMKC":"Sukodadi","WADMKK":"Lamongan"},"geometry":{"type":"Point","coordinates":[112.3,-7.1]}},{"type":"Feature","properties":{"Line":"S132","Sp":"2008.5","X":"645300.5","Y":"9214275.3","NAMOBJ":"Kadungrembug","WADMKC":"Sukodadi","WADMKK":"Lamongan"},"geometry":{"type":"Point","coordinates":[112.3,-7.1]}},{"type":"Feature","properties":{"Line":"S132","Sp":"2012.5","X":"645300.5","Y":"9214225.3","NAMOBJ":"Kadungrembug","WADMKC":"Sukodadi","WADMKK":"Lamongan"},"geometry":{"type":"Point","coordinates":[112.3,-7.1]}},{"type":"Feature","properties":{"Line":"S132","Sp":"2016.5","X":"645300.5","Y":"9214175.3","NAMOBJ":"Kadungrembug","WADMKC":"Sukodadi","WADMKK":"Lamongan"},"geometry":{"type":"Point","coordinates":[112.3,-7.1]}},{"type":"Feature","properties":{"Line":"S132","Sp":"2020.5","X":"645300.5","Y":"9214125.3","NAMOBJ":"Kadungrembug","WADMKC":"Sukodadi","WADMKK":"Lamongan"},"geometry":{"type":"Point","coordinates":[112.3,-7.1]}},{"type":"Feature","properties":{"Line":"S132","Sp":"2024.5","X":"645300.5","Y":"9214075.3","NAMOBJ":"Kadungrembug","WADMKC":"Sukodadi","WADMKK":"Lamongan"},"geometry":{"type":"Point","coordinates":[112.3,-7.1]}},{"type":"Feature","properties":{"Line":"S132","Sp":"2028.5","X":"645300.5","Y":"9214025.3","NAMOBJ":"Kadungrembug","WADMKC":"Sukodadi","WADMKK":"Lamongan"},"geometry":{"type":"Point","coordinates":[112.3,-7.1]}},{"type":"Feature","properties":{"Line":"S132","Sp":"2032.5","X":"645300.5","Y":"9213975.3","NAMOBJ":"Kadungrembug","WADMKC":"Sukodadi","WADMKK":"Lamongan"},"geometry":{"type":"Point","coordinates":[112.3,-7.1]}},{"type":"Feature","properties":{"Line":"S132","Sp":"2036.5","X":"645300.5","Y":"9213925.3","NAMOBJ":"Kadungrembug","WADMKC":"Sukodadi","WADMKK":"Lamongan"},"geometry":{"type":"Point","coordinates":[112.3,-7.1]}},{"type":"Feature","properties":{"Line":"S132","Sp":"2040.5","X":"645300.5","Y":"9213875.3","NAMOBJ":"Kadungrembug","WADMKC":"Sukodadi","WADMKK":"Lamongan"},"geometry":{"type":"Point","coordinates":[112.3,-7.1]}},{"type":"Feature","properties":{"Line":"S132","Sp":"2044.5","X":"645300.5","Y":"9213825.3","NAMOBJ":"Kadungrembug","WADMKC":"Sukodadi","WADMKK":"Lamongan"},"geometry":{"type":"Point","coordinates":[112.3,-7.1]}},{"type":"Feature","properties":{"Line":"S132","Sp":"2048.5","X":"645300.5","Y":"9213775.3","NAMOBJ":"Kadungrembug","WADMKC":"Sukodadi","WADMKK":"Lamongan"},"geometry":{"type":"Point","coordinates":[112.3,-7.1]}},{"type":"Feature","properties":{"Line":"S132","Sp":"2052.5","X":"645300.5","Y":"9213725.3","NAMOBJ":"Kadungrembug","WADMKC":"Sukodadi","WADMKK":"Lamongan"},"geometry":{"type":"Point","coordinates":[112.3,-7.1]}},{"type":"Feature","properties":{"Line":"S132","Sp":"2056.5","X":"645300.5","Y":"9213675.3","NAMOBJ":"Kadungrembug","WADMKC":"Sukodadi","WADMKK":"Lamongan"},"geometry":{"type":"Point","coordinates":[112.3,-7.1]}},{"type":"Feature","properties":{"Line":"S132","Sp":"2060.5","X":"645300.5","Y":"9213625.3","NAMOBJ":"Kadungrembug","WADMKC":"Sukodadi","WADMKK":"Lamongan"},"geometry":{"type":"Point","coordinates":[112.3,-7.1]}},{"type":"Feature","properties":{"Line":"S132","Sp":"2064.5","X":"645300.5","Y":"9213575.3","NAMOBJ":"Kadungrembug","WADMKC":"Sukodadi","WADMKK":"Lamongan"},"geometry":{"type":"Point","coordinates":[112.3,-7.1]}},{"type":"Feature","properties":{"Line":"S132","Sp":"2068.5","X":"645300.5","Y":"9213525.3","NAMOBJ":"Kadungrembug","WADMKC":"Sukodadi","WADMKK":"Lamongan"},"geometry":{"type":"Point","coordinates":[112.3,-7.1]}},{"type":"Feature","properties":{"Line":"S132","Sp":"2072.5","X":"645300.5","Y":"9213475.3","NAMOBJ":"Kadungrembug","WADMKC":"Sukodadi","WADMKK":"Lamongan"},"geometry":{"type":"Point","coordinates":[112.3,-7.1]}},{"type":"Feature","properties":{"Line":"S132","Sp":"2076.5","X":"645300.5","Y":"9213425.3","NAMOBJ":"Kadungrembug","WADMKC":"Sukodadi","WADMKK":"Lamongan"},"geometry":{"type":"Point","coordinates":[112.3,-7.1]}},{"type":"Feature","properties":{"Line":"S132","Sp":"2080.5","X":"645300.5","Y":"9213375.3","NAMOBJ":"Kadungrembug","WADMKC":"Sukodadi","WADMKK":"Lamongan"},"geometry":{"type":"Point","coordinates":[112.3,-7.1]}},{"type":"Feature","properties":{"Line":"S132","Sp":"2084.5","X":"645300.5","Y":"9213325.3","NAMOBJ":"Kadungrembug","WADMKC":"Sukodadi","WADMKK":"Lamongan"},"geometry":{"type":"Point","coordinates":[112.3,-7.1]}},{"type":"Feature","properties":{"Line":"S132","Sp":"2088.5","X":"645300.5","Y":"9213275.3","NAMOBJ":"Kadungrembug","WADMKC":"Sukodadi","WADMKK":"Lamongan"},"geometry":{"type":"Point","coordinates":[112.3,-7.1]}},{"type":"Feature","properties":{"Line":"S132","Sp":"2092.5","X":"645300.5","Y":"9213225.3","NAMOBJ":"Kadungrembug","WADMKC":"Sukodadi","WADMKK":"Lamongan"},"geometry":{"type":"Point","coordinates":[112.3,-7.1]}},{"type":"Feature","properties":{"Line":"S132","Sp":"2096.5","X":"645300.5","Y":"9213175.3","NAMOBJ":"Kadungrembug","WADMKC":"Sukodadi","WADMKK":"Lamongan"},"geometry":{"type":"Point","coordinates":[112.3,-7.1]}},{"type":"Feature","properties":{"Line":"S132","Sp":"2100.5","X":"645300.5","Y":"9213125.3","NAMOBJ":"Kadungrembug","WADMKC":"Sukodadi","WADMKK":"Lamongan"},"geometry":{"type":"Point","coordinates":[112.3,-7.1]}},{"type":"Feature","properties":{"Line":"S132","Sp":"2104.5","X":"645300.5","Y":"9213075.3","NAMOBJ":"Kadungrembug","WADMKC":"Sukodadi","WADMKK":"Lamongan"},"geometry":{"type":"Point","coordinates":[112.3,-7.1]}},{"type":"Feature","properties":{"Line":"S132","Sp":"2108.5","X":"645300.5","Y":"9213025.3","NAMOBJ":"Kadungrembug","WADMKC":"Sukodadi","WADMKK":"Lamongan"},"geometry":{"type":"Point","coordinates":[112.3,-7.1]}},{"type":"Feature","properties":{"Line":"S132","Sp":"2112.5","X":"645300.5","Y":"9212975.3","NAMOBJ":"Kadungrembug","WADMKC":"Sukodadi","WADMKK":"Lamongan"},"geometry":{"type":"Point","coordinates":[112.3,-7.1]}},{"type":"Feature","properties":{"Line":"S132","Sp":"2116.5","X":"645300.5","Y":"9212925.3","NAMOBJ":"Kadungrembug","WADMKC":"Sukodadi","WADMKK":"Lamongan"},"geometry":{"type":"Point","coordinates":[112.3,-7.1]}},{"type":"Feature","properties":{"Line":"S132","Sp":"2120.5","X":"645300.5","Y":"9212875.3","NAMOBJ":"Kadungrembug","WADMKC":"Sukodadi","WADMKK":"Lamongan"},"geometry":{"type":"Point","coordinates":[112.3,-7.1]}},{"type":"Feature","properties":{"Line":"S132","Sp":"2124.5","X":"645300.5","Y":"9212825.3","NAMOBJ":"Kadungrembug","WADMKC":"Sukodadi","WADMKK":"Lamongan"},"geometry":{"type":"Point","coordinates":[112.3,-7.1]}},{"type":"Feature","properties":{"Line":"S132","Sp":"2128.5","X":"645300.5","Y":"9212775.3","NAMOBJ":"Kadungrembug","WADMKC":"Sukodadi","WADMKK":"Lamongan"},"geometry":{"type":"Point","coordinates":[112.3,-7.1]}},{"type":"Feature","properties":{"Line":"S132","Sp":"2132.5","X":"645300.5","Y":"9212725.3","NAMOBJ":"Kadungrembug","WADMKC":"Sukodadi","WADMKK":"Lamongan"},"geometry":{"type":"Point","coordinates":[112.3,-7.1]}},{"type":"Feature","properties":{"Line":"S132","Sp":"2136.5","X":"645300.5","Y":"9212675.3","NAMOBJ":"Kadungrembug","WADMKC":"Sukodadi","WADMKK":"Lamongan"},"geometry":{"type":"Point","coordinates":[112.3,-7.1]}},{"type":"Feature","properties":{"Line":"S132","Sp":"2140.5","X":"645300.5","Y":"9212625.3","NAMOBJ":"Kadungrembug","WADMKC":"Sukodadi","WADMKK":"Lamongan"},"geometry":{"type":"Point","coordinates":[112.3,-7.1]}},{"type":"Feature","properties":{"Line":"S132","Sp":"2144.5","X":"645300.5","Y":"9212575.3","NAMOBJ":"Kadungrembug","WADMKC":"Sukodadi","WADMKK":"Lamongan"},"geometry":{"type":"Point","coordinates":[112.3,-7.1]}},{"type":"Feature","properties":{"Line":"S123","Sp":"2920.5","X":"646925.5","Y":"9219800.3","NAMOBJ":"Kalanganyar","WADMKC":"Karanggeneng","WADMKK":"Lamongan"},"geometry":{"type":"Point","coordinates":[112.3,-7.1]}},{"type":"Feature","properties":{"Line":"S136","Sp":"1512.5","X":"647300.5","Y":"9220475.3","NAMOBJ":"Kalanganyar","WADMKC":"Karanggeneng","WADMKK":"Lamongan"},"geometry":{"type":"Point","coordinates":[112.3,-7.1]}},{"type":"Feature","properties":{"Line":"S136","Sp":"1516.5","X":"647300.5","Y":"9220425.3","NAMOBJ":"Kalanganyar","WADMKC":"Karanggeneng","WADMKK":"Lamongan"},"geometry":{"type":"Point","coordinates":[112.3,-7.1]}},{"type":"Feature","properties":{"Line":"S136","Sp":"1520.5","X":"647300.5","Y":"9220375.3","NAMOBJ":"Kalanganyar","WADMKC":"Karanggeneng","WADMKK":"Lamongan"},"geometry":{"type":"Point","coordinates":[112.3,-7.1]}},{"type":"Feature","properties":{"Line":"S136","Sp":"1524.5","X":"647300.5","Y":"9220325.3","NAMOBJ":"Kalanganyar","WADMKC":"Karanggeneng","WADMKK":"Lamongan"},"geometry":{"type":"Point","coordinates":[112.3,-7.1]}},{"type":"Feature","properties":{"Line":"S136","Sp":"1528.5","X":"647300.5","Y":"9220275.3","NAMOBJ":"Kalanganyar","WADMKC":"Karanggeneng","WADMKK":"Lamongan"},"geometry":{"type":"Point","coordinates":[112.3,-7.1]}},{"type":"Feature","properties":{"Line":"S136","Sp":"1532.5","X":"647300.5","Y":"9220225.3","NAMOBJ":"Kalanganyar","WADMKC":"Karanggeneng","WADMKK":"Lamongan"},"geometry":{"type":"Point","coordinates":[112.3,-7.1]}},{"type":"Feature","properties":{"Line":"S136","Sp":"1536.5","X":"647300.5","Y":"9220175.3","NAMOBJ":"Kalanganyar","WADMKC":"Karanggeneng","WADMKK":"Lamongan"},"geometry":{"type":"Point","coordinates":[112.3,-7.1]}},{"type":"Feature","properties":{"Line":"S136","Sp":"1540.5","X":"647300.5","Y":"9220125.3","NAMOBJ":"Kalanganyar","WADMKC":"Karanggeneng","WADMKK":"Lamongan"},"geometry":{"type":"Point","coordinates":[112.3,-7.1]}},{"type":"Feature","properties":{"Line":"S136","Sp":"1544.5","X":"647300.5","Y":"9220075.3","NAMOBJ":"Kalanganyar","WADMKC":"Karanggeneng","WADMKK":"Lamongan"},"geometry":{"type":"Point","coordinates":[112.3,-7.1]}},{"type":"Feature","properties":{"Line":"S136","Sp":"1548.5","X":"647300.5","Y":"9220025.3","NAMOBJ":"Kalanganyar","WADMKC":"Karanggeneng","WADMKK":"Lamongan"},"geometry":{"type":"Point","coordinates":[112.3,-7.1]}},{"type":"Feature","properties":{"Line":"S113","Sp":"2436.5","X":"642175.5","Y":"9214800.3","NAMOBJ":"Karangtinggil","WADMKC":"Pucuk","WADMKK":"Lamongan"},"geometry":{"type":"Point","coordinates":[112.3,-7.1]}},{"type":"Feature","properties":{"Line":"S113","Sp":"2440.5","X":"642225.5","Y":"9214800.3","NAMOBJ":"Karangtinggil","WADMKC":"Pucuk","WADMKK":"Lamongan"},"geometry":{"type":"Point","coordinates":[112.3,-7.1]}},{"type":"Feature","properties":{"Line":"S113","Sp":"2444.5","X":"642275.5","Y":"9214800.3","NAMOBJ":"Karangtinggil","WADMKC":"Pucuk","WADMKK":"Lamongan"},"geometry":{"type":"Point","coordinates":[112.3,-7.1]}},{"type":"Feature","properties":{"Line":"S113","Sp":"2448.5","X":"642325.5","Y":"9214800.3","NAMOBJ":"Karangtinggil","WADMKC":"Pucuk","WADMKK":"Lamongan"},"geometry":{"type":"Point","coordinates":[112.3,-7.1]}},{"type":"Feature","properties":{"Line":"S113","Sp":"2452.5","X":"642375.5","Y":"9214800.3","NAMOBJ":"Karangtinggil","WADMKC":"Pucuk","WADMKK":"Lamongan"},"geometry":{"type":"Point","coordinates":[112.3,-7.1]}},{"type":"Feature","properties":{"Line":"S113","Sp":"2456.5","X":"642425.5","Y":"9214800.3","NAMOBJ":"Karangtinggil","WADMKC":"Pucuk","WADMKK":"Lamongan"},"geometry":{"type":"Point","coordinates":[112.3,-7.1]}},{"type":"Feature","properties":{"Line":"S113","Sp":"2460.5","X":"642475.5","Y":"9214800.3","NAMOBJ":"Karangtinggil","WADMKC":"Pucuk","WADMKK":"Lamongan"},"geometry":{"type":"Point","coordinates":[112.3,-7.1]}},{"type":"Feature","properties":{"Line":"S113","Sp":"2464.5","X":"642525.5","Y":"9214800.3","NAMOBJ":"Karangtinggil","WADMKC":"Pucuk","WADMKK":"Lamongan"},"geometry":{"type":"Point","coordinates":[112.3,-7.1]}},{"type":"Feature","properties":{"Line":"S113","Sp":"2468.5","X":"642575.5","Y":"9214800.3","NAMOBJ":"Karangtinggil","WADMKC":"Pucuk","WADMKK":"Lamongan"},"geometry":{"type":"Point","coordinates":[112.3,-7.1]}},{"type":"Feature","properties":{"Line":"S113","Sp":"2472.5","X":"642625.5","Y":"9214800.3","NAMOBJ":"Karangtinggil","WADMKC":"Pucuk","WADMKK":"Lamongan"},"geometry":{"type":"Point","coordinates":[112.3,-7.1]}},{"type":"Feature","properties":{"Line":"S113","Sp":"2476.5","X":"642675.5","Y":"9214800.3","NAMOBJ":"Karangtinggil","WADMKC":"Pucuk","WADMKK":"Lamongan"},"geometry":{"type":"Point","coordinates":[112.3,-7.1]}},{"type":"Feature","properties":{"Line":"S113","Sp":"2480.5","X":"642725.5","Y":"9214800.3","NAMOBJ":"Karangtinggil","WADMKC":"Pucuk","WADMKK":"Lamongan"},"geometry":{"type":"Point","coordinates":[112.3,-7.1]}},{"type":"Feature","properties":{"Line":"S113","Sp":"2484.5","X":"642775.5","Y":"9214800.3","NAMOBJ":"Karangtinggil","WADMKC":"Pucuk","WADMKK":"Lamongan"},"geometry":{"type":"Point","coordinates":[112.3,-7.1]}},{"type":"Feature","properties":{"Line":"S113","Sp":"2488.5","X":"642825.5","Y":"9214800.3","NAMOBJ":"Karangtinggil","WADMKC":"Pucuk","WADMKK":"Lamongan"},"geometry":{"type":"Point","coordinates":[112.3,-7.1]}},{"type":"Feature","properties":{"Line":"S113","Sp":"2492.5","X":"642875.5","Y":"9214800.3","NAMOBJ":"Karangtinggil","WADMKC":"Pucuk","WADMKK":"Lamongan"},"geometry":{"type":"Point","coordinates":[112.3,-7.1]}},{"type":"Feature","properties":{"Line":"S113","Sp":"2496.5","X":"642925.5","Y":"9214800.3","NAMOBJ":"Karangtinggil","WADMKC":"Pucuk","WADMKK":"Lamongan"},"geometry":{"type":"Point","coordinates":[112.3,-7.1]}},{"type":"Feature","properties":{"Line":"S113","Sp":"2500.5","X":"642975.5","Y":"9214800.3","NAMOBJ":"Karangtinggil","WADMKC":"Pucuk","WADMKK":"Lamongan"},"geometry":{"type":"Point","coordinates":[112.3,-7.1]}},{"type":"Feature","properties":{"Line":"S113","Sp":"2504.5","X":"643025.5","Y":"9214800.3","NAMOBJ":"Karangtinggil","WADMKC":"Pucuk","WADMKK":"Lamongan"},"geometry":{"type":"Point","coordinates":[112.3,-7.1]}},{"type":"Feature","properties":{"Line":"S115","Sp":"2444.5","X":"642625.5","Y":"9215800.3","NAMOBJ":"Karangtinggil","WADMKC":"Pucuk","WADMKK":"Lamongan"},"geometry":{"type":"Point","coordinates":[112.3,-7.1]}},{"type":"Feature","properties":{"Line":"S115","Sp":"2448.5","X":"642675.5","Y":"9215800.3","NAMOBJ":"Karangtinggil","WADMKC":"Pucuk","WADMKK":"Lamongan"},"geometry":{"type":"Point","coordinates":[112.3,-7.1]}},{"type":"Feature","properties":{"Line":"S115","Sp":"2452.5","X":"642725.5","Y":"9215800.3","NAMOBJ":"Karangtinggil","WADMKC":"Pucuk","WADMKK":"Lamongan"},"geometry":{"type":"Point","coordinates":[112.3,-7.1]}},{"type":"Feature","properties":{"Line":"S115","Sp":"2456.5","X":"642775.5","Y":"9215800.3","NAMOBJ":"Karangtinggil","WADMKC":"Pucuk","WADMKK":"Lamongan"},"geometry":{"type":"Point","coordinates":[112.3,-7.1]}},{"type":"Feature","properties":{"Line":"S115","Sp":"2460.5","X":"642825.5","Y":"9215800.3","NAMOBJ":"Karangtinggil","WADMKC":"Pucuk","WADMKK":"Lamongan"},"geometry":{"type":"Point","coordinates":[112.3,-7.1]}},{"type":"Feature","properties":{"Line":"S115","Sp":"2464.5","X":"642875.5","Y":"9215800.3","NAMOBJ":"Karangtinggil","WADMKC":"Pucuk","WADMKK":"Lamongan"},"geometry":{"type":"Point","coordinates":[112.3,-7.1]}},{"type":"Feature","properties":{"Line":"S115","Sp":"2468.5","X":"642925.5","Y":"9215800.3","NAMOBJ":"Karangtinggil","WADMKC":"Pucuk","WADMKK":"Lamongan"},"geometry":{"type":"Point","coordinates":[112.3,-7.1]}},{"type":"Feature","properties":{"Line":"S115","Sp":"2472.5","X":"642975.5","Y":"9215800.3","NAMOBJ":"Karangtinggil","WADMKC":"Pucuk","WADMKK":"Lamongan"},"geometry":{"type":"Point","coordinates":[112.3,-7.1]}},{"type":"Feature","properties":{"Line":"S115","Sp":"2476.5","X":"643025.5","Y":"9215800.3","NAMOBJ":"Karangtinggil","WADMKC":"Pucuk","WADMKK":"Lamongan"},"geometry":{"type":"Point","coordinates":[112.3,-7.1]}},{"type":"Feature","properties":{"Line":"S115","Sp":"2480.5","X":"643075.5","Y":"9215800.3","NAMOBJ":"Karangtinggil","WADMKC":"Pucuk","WADMKK":"Lamongan"},"geometry":{"type":"Point","coordinates":[112.3,-7.1]}},{"type":"Feature","properties":{"Line":"S115","Sp":"2484.5","X":"643125.5","Y":"9215800.3","NAMOBJ":"Karangtinggil","WADMKC":"Pucuk","WADMKK":"Lamongan"},"geometry":{"type":"Point","coordinates":[112.3,-7.1]}},{"type":"Feature","properties":{"Line":"S115","Sp":"2488.5","X":"643175.5","Y":"9215800.3","NAMOBJ":"Karangtinggil","WADMKC":"Pucuk","WADMKK":"Lamongan"},"geometry":{"type":"Point","coordinates":[112.3,-7.1]}},{"type":"Feature","properties":{"Line":"S115","Sp":"2492.5","X":"643225.5","Y":"9215800.3","NAMOBJ":"Karangtinggil","WADMKC":"Pucuk","WADMKK":"Lamongan"},"geometry":{"type":"Point","coordinates":[112.3,-7.1]}},{"type":"Feature","properties":{"Line":"S115","Sp":"2496.5","X":"643275.5","Y":"9215800.3","NAMOBJ":"Karangtinggil","WADMKC":"Pucuk","WADMKK":"Lamongan"},"geometry":{"type":"Point","coordinates":[112.3,-7.1]}},{"type":"Feature","properties":{"Line":"S115","Sp":"2500.5","X":"643325.5","Y":"9215800.3","NAMOBJ":"Karangtinggil","WADMKC":"Pucuk","WADMKK":"Lamongan"},"geometry":{"type":"Point","coordinates":[112.3,-7.1]}},{"type":"Feature","properties":{"Line":"S126","Sp":"2020.5","X":"642300.5","Y":"9214875.3","NAMOBJ":"Karangtinggil","WADMKC":"Pucuk","WADMKK":"Lamongan"},"geometry":{"type":"Point","coordinates":[112.3,-7.1]}},{"type":"Feature","properties":{"Line":"S126","Sp":"2024.5","X":"642300.5","Y":"9214825.3","NAMOBJ":"Karangtinggil","WADMKC":"Pucuk","WADMKK":"Lamongan"},"geometry":{"type":"Point","coordinates":[112.3,-7.1]}},{"type":"Feature","properties":{"Line":"S126","Sp":"2028.5","X":"642300.5","Y":"9214775.3","NAMOBJ":"Karangtinggil","WADMKC":"Pucuk","WADMKK":"Lamongan"},"geometry":{"type":"Point","coordinates":[112.3,-7.1]}},{"type":"Feature","properties":{"Line":"S126","Sp":"2032.5","X":"642300.5","Y":"9214725.3","NAMOBJ":"Karangtinggil","WADMKC":"Pucuk","WADMKK":"Lamongan"},"geometry":{"type":"Point","coordinates":[112.3,-7.1]}},{"type":"Feature","properties":{"Line":"S126","Sp":"2036.5","X":"642300.5","Y":"9214675.3","NAMOBJ":"Karangtinggil","WADMKC":"Pucuk","WADMKK":"Lamongan"},"geometry":{"type":"Point","coordinates":[112.3,-7.1]}},{"type":"Feature","properties":{"Line":"S126","Sp":"2040.5","X":"642300.5","Y":"9214625.3","NAMOBJ":"Karangtinggil","WADMKC":"Pucuk","WADMKK":"Lamongan"},"geometry":{"type":"Point","coordinates":[112.3,-7.1]}},{"type":"Feature","properties":{"Line":"S126","Sp":"2044.5","X":"642300.5","Y":"9214575.3","NAMOBJ":"Karangtinggil","WADMKC":"Pucuk","WADMKK":"Lamongan"},"geometry":{"type":"Point","coordinates":[112.3,-7.1]}},{"type":"Feature","properties":{"Line":"S126","Sp":"2048.5","X":"642300.5","Y":"9214525.3","NAMOBJ":"Karangtinggil","WADMKC":"Pucuk","WADMKK":"Lamongan"},"geometry":{"type":"Point","coordinates":[112.3,-7.1]}},{"type":"Feature","properties":{"Line":"S126","Sp":"2052.5","X":"642300.5","Y":"9214475.3","NAMOBJ":"Karangtinggil","WADMKC":"Pucuk","WADMKK":"Lamongan"},"geometry":{"type":"Point","coordinates":[112.3,-7.1]}},{"type":"Feature","properties":{"Line":"S128","Sp":"1924.5","X":"643300.5","Y":"9215875.3","NAMOBJ":"Karangtinggil","WADMKC":"Pucuk","WADMKK":"Lamongan"},"geometry":{"type":"Point","coordinates":[112.3,-7.1]}},{"type":"Feature","properties":{"Line":"S128","Sp":"1928.5","X":"643300.5","Y":"9215825.3","NAMOBJ":"Karangtinggil","WADMKC":"Pucuk","WADMKK":"Lamongan"},"geometry":{"type":"Point","coordinates":[112.3,-7.1]}},{"type":"Feature","properties":{"Line":"S128","Sp":"1932.5","X":"643300.5","Y":"9215775.3","NAMOBJ":"Karangtinggil","WADMKC":"Pucuk","WADMKK":"Lamongan"},"geometry":{"type":"Point","coordinates":[112.3,-7.1]}},{"type":"Feature","properties":{"Line":"S128","Sp":"1936.5","X":"643300.5","Y":"9215725.3","NAMOBJ":"Karangtinggil","WADMKC":"Pucuk","WADMKK":"Lamongan"},"geometry":{"type":"Point","coordinates":[112.3,-7.1]}},{"type":"Feature","properties":{"Line":"S128","Sp":"1940.5","X":"643300.5","Y":"9215675.3","NAMOBJ":"Karangtinggil","WADMKC":"Pucuk","WADMKK":"Lamongan"},"geometry":{"type":"Point","coordinates":[112.3,-7.1]}},{"type":"Feature","properties":{"Line":"S128","Sp":"1944.5","X":"643300.5","Y":"9215625.3","NAMOBJ":"Karangtinggil","WADMKC":"Pucuk","WADMKK":"Lamongan"},"geometry":{"type":"Point","coordinates":[112.3,-7.1]}},{"type":"Feature","properties":{"Line":"S128","Sp":"1948.5","X":"643300.5","Y":"9215575.3","NAMOBJ":"Karangtinggil","WADMKC":"Pucuk","WADMKK":"Lamongan"},"geometry":{"type":"Point","coordinates":[112.3,-7.1]}},{"type":"Feature","properties":{"Line":"S128","Sp":"1972.5","X":"643300.5","Y":"9215275.3","NAMOBJ":"Karangtinggil","WADMKC":"Pucuk","WADMKK":"Lamongan"},"geometry":{"type":"Point","coordinates":[112.3,-7.1]}},{"type":"Feature","properties":{"Line":"S128","Sp":"1976.5","X":"643300.5","Y":"9215225.3","NAMOBJ":"Karangtinggil","WADMKC":"Pucuk","WADMKK":"Lamongan"},"geometry":{"type":"Point","coordinates":[112.3,-7.1]}},{"type":"Feature","properties":{"Line":"S128","Sp":"1980.5","X":"643300.5","Y":"9215175.3","NAMOBJ":"Karangtinggil","WADMKC":"Pucuk","WADMKK":"Lamongan"},"geometry":{"type":"Point","coordinates":[112.3,-7.1]}},{"type":"Feature","properties":{"Line":"S128","Sp":"1984.5","X":"643300.5","Y":"9215125.3","NAMOBJ":"Karangtinggil","WADMKC":"Pucuk","WADMKK":"Lamongan"},"geometry":{"type":"Point","coordinates":[112.3,-7.1]}},{"type":"Feature","properties":{"Line":"S128","Sp":"1988.5","X":"643300.5","Y":"9215075.3","NAMOBJ":"Karangtinggil","WADMKC":"Pucuk","WADMKK":"Lamongan"},"geometry":{"type":"Point","coordinates":[112.3,-7.1]}},{"type":"Feature","properties":{"Line":"S113","Sp":"2636.5","X":"644675.5","Y":"9214800.3","NAMOBJ":"Kebonsari","WADMKC":"Sukodadi","WADMKK":"Lamongan"},"geometry":{"type":"Point","coordinates":[112.3,-7.1]}},{"type":"Feature","properties":{"Line":"S113","Sp":"2640.5","X":"644725.5","Y":"9214800.3","NAMOBJ":"Kebonsari","WADMKC":"Sukodadi","WADMKK":"Lamongan"},"geometry":{"type":"Point","coordinates":[112.3,-7.1]}},{"type":"Feature","properties":{"Line":"S113","Sp":"2644.5","X":"644775.5","Y":"9214800.3","NAMOBJ":"Kebonsari","WADMKC":"Sukodadi","WADMKK":"Lamongan"},"geometry":{"type":"Point","coordinates":[112.3,-7.1]}},{"type":"Feature","properties":{"Line":"S113","Sp":"2648.5","X":"644825.5","Y":"9214800.3","NAMOBJ":"Kebonsari","WADMKC":"Sukodadi","WADMKK":"Lamongan"},"geometry":{"type":"Point","coordinates":[112.3,-7.1]}},{"type":"Feature","properties":{"Line":"S113","Sp":"2652.5","X":"644875.5","Y":"9214800.3","NAMOBJ":"Kebonsari","WADMKC":"Sukodadi","WADMKK":"Lamongan"},"geometry":{"type":"Point","coordinates":[112.3,-7.1]}},{"type":"Feature","properties":{"Line":"S113","Sp":"2656.5","X":"644925.5","Y":"9214800.3","NAMOBJ":"Kebonsari","WADMKC":"Sukodadi","WADMKK":"Lamongan"},"geometry":{"type":"Point","coordinates":[112.3,-7.1]}},{"type":"Feature","properties":{"Line":"S113","Sp":"2660.5","X":"644975.5","Y":"9214800.3","NAMOBJ":"Kebonsari","WADMKC":"Sukodadi","WADMKK":"Lamongan"},"geometry":{"type":"Point","coordinates":[112.3,-7.1]}},{"type":"Feature","properties":{"Line":"S113","Sp":"2664.5","X":"645025.5","Y":"9214800.3","NAMOBJ":"Kebonsari","WADMKC":"Sukodadi","WADMKK":"Lamongan"},"geometry":{"type":"Point","coordinates":[112.3,-7.1]}},{"type":"Feature","properties":{"Line":"S113","Sp":"2700.5","X":"645475.5","Y":"9214800.3","NAMOBJ":"Kebonsari","WADMKC":"Sukodadi","WADMKK":"Lamongan"},"geometry":{"type":"Point","coordinates":[112.3,-7.1]}},{"type":"Feature","properties":{"Line":"S113","Sp":"2704.5","X":"645525.5","Y":"9214800.3","NAMOBJ":"Kebonsari","WADMKC":"Sukodadi","WADMKK":"Lamongan"},"geometry":{"type":"Point","coordinates":[112.3,-7.1]}},{"type":"Feature","properties":{"Line":"S115","Sp":"2592.5","X":"644475.5","Y":"9215800.3","NAMOBJ":"Kebonsari","WADMKC":"Sukodadi","WADMKK":"Lamongan"},"geometry":{"type":"Point","coordinates":[112.3,-7.1]}},{"type":"Feature","properties":{"Line":"S115","Sp":"2596.5","X":"644525.5","Y":"9215800.3","NAMOBJ":"Kebonsari","WADMKC":"Sukodadi","WADMKK":"Lamongan"},"geometry":{"type":"Point","coordinates":[112.3,-7.1]}},{"type":"Feature","properties":{"Line":"S115","Sp":"2600.5","X":"644575.5","Y":"9215800.3","NAMOBJ":"Kebonsari","WADMKC":"Sukodadi","WADMKK":"Lamongan"},"geometry":{"type":"Point","coordinates":[112.3,-7.1]}},{"type":"Feature","properties":{"Line":"S115","Sp":"2604.5","X":"644625.5","Y":"9215800.3","NAMOBJ":"Kebonsari","WADMKC":"Sukodadi","WADMKK":"Lamongan"},"geometry":{"type":"Point","coordinates":[112.3,-7.1]}},{"type":"Feature","properties":{"Line":"S115","Sp":"2608.5","X":"644675.5","Y":"9215800.3","NAMOBJ":"Kebonsari","WADMKC":"Sukodadi","WADMKK":"Lamongan"},"geometry":{"type":"Point","coordinates":[112.3,-7.1]}},{"type":"Feature","properties":{"Line":"S115","Sp":"2612.5","X":"644725.5","Y":"9215800.3","NAMOBJ":"Kebonsari","WADMKC":"Sukodadi","WADMKK":"Lamongan"},"geometry":{"type":"Point","coordinates":[112.3,-7.1]}},{"type":"Feature","properties":{"Line":"S115","Sp":"2616.5","X":"644775.5","Y":"9215800.3","NAMOBJ":"Kebonsari","WADMKC":"Sukodadi","WADMKK":"Lamongan"},"geometry":{"type":"Point","coordinates":[112.3,-7.1]}},{"type":"Feature","properties":{"Line":"S115","Sp":"2620.5","X":"644825.5","Y":"9215800.3","NAMOBJ":"Kebonsari","WADMKC":"Sukodadi","WADMKK":"Lamongan"},"geometry":{"type":"Point","coordinates":[112.3,-7.1]}},{"type":"Feature","properties":{"Line":"S115","Sp":"2624.5","X":"644875.5","Y":"9215800.3","NAMOBJ":"Kebonsari","WADMKC":"Sukodadi","WADMKK":"Lamongan"},"geometry":{"type":"Point","coordinates":[112.3,-7.1]}},{"type":"Feature","properties":{"Line":"S115","Sp":"2628.5","X":"644925.5","Y":"9215800.3","NAMOBJ":"Kebonsari","WADMKC":"Sukodadi","WADMKK":"Lamongan"},"geometry":{"type":"Point","coordinates":[112.3,-7.1]}},{"type":"Feature","properties":{"Line":"S115","Sp":"2632.5","X":"644975.5","Y":"9215800.3","NAMOBJ":"Kebonsari","WADMKC":"Sukodadi","WADMKK":"Lamongan"},"geometry":{"type":"Point","coordinates":[112.3,-7.1]}},{"type":"Feature","properties":{"Line":"S115","Sp":"2636.5","X":"645025.5","Y":"9215800.3","NAMOBJ":"Kebonsari","WADMKC":"Sukodadi","WADMKK":"Lamongan"},"geometry":{"type":"Point","coordinates":[112.3,-7.1]}},{"type":"Feature","properties":{"Line":"S115","Sp":"2640.5","X":"645075.5","Y":"9215800.3","NAMOBJ":"Kebonsari","WADMKC":"Sukodadi","WADMKK":"Lamongan"},"geometry":{"type":"Point","coordinates":[112.3,-7.1]}},{"type":"Feature","properties":{"Line":"S115","Sp":"2644.5","X":"645125.5","Y":"9215800.3","NAMOBJ":"Kebonsari","WADMKC":"Sukodadi","WADMKK":"Lamongan"},"geometry":{"type":"Point","coordinates":[112.3,-7.1]}},{"type":"Feature","properties":{"Line":"S115","Sp":"2648.5","X":"645175.5","Y":"9215800.3","NAMOBJ":"Kebonsari","WADMKC":"Sukodadi","WADMKK":"Lamongan"},"geometry":{"type":"Point","coordinates":[112.3,-7.1]}},{"type":"Feature","properties":{"Line":"S115","Sp":"2652.5","X":"645225.5","Y":"9215800.3","NAMOBJ":"Kebonsari","WADMKC":"Sukodadi","WADMKK":"Lamongan"},"geometry":{"type":"Point","coordinates":[112.3,-7.1]}},{"type":"Feature","properties":{"Line":"S115","Sp":"2656.5","X":"645275.5","Y":"9215800.3","NAMOBJ":"Kebonsari","WADMKC":"Sukodadi","WADMKK":"Lamongan"},"geometry":{"type":"Point","coordinates":[112.3,-7.1]}},{"type":"Feature","properties":{"Line":"S115","Sp":"2660.5","X":"645325.5","Y":"9215800.3","NAMOBJ":"Kebonsari","WADMKC":"Sukodadi","WADMKK":"Lamongan"},"geometry":{"type":"Point","coordinates":[112.3,-7.1]}},{"type":"Feature","properties":{"Line":"S115","Sp":"2664.5","X":"645375.5","Y":"9215800.3","NAMOBJ":"Kebonsari","WADMKC":"Sukodadi","WADMKK":"Lamongan"},"geometry":{"type":"Point","coordinates":[112.3,-7.1]}},{"type":"Feature","properties":{"Line":"S115","Sp":"2668.5","X":"645425.5","Y":"9215800.3","NAMOBJ":"Kebonsari","WADMKC":"Sukodadi","WADMKK":"Lamongan"},"geometry":{"type":"Point","coordinates":[112.3,-7.1]}},{"type":"Feature","properties":{"Line":"S115","Sp":"2672.5","X":"645475.5","Y":"9215800.3","NAMOBJ":"Kebonsari","WADMKC":"Sukodadi","WADMKK":"Lamongan"},"geometry":{"type":"Point","coordinates":[112.3,-7.1]}},{"type":"Feature","properties":{"Line":"S115","Sp":"2676.5","X":"645525.5","Y":"9215800.3","NAMOBJ":"Kebonsari","WADMKC":"Sukodadi","WADMKK":"Lamongan"},"geometry":{"type":"Point","coordinates":[112.3,-7.1]}},{"type":"Feature","properties":{"Line":"S115","Sp":"2680.5","X":"645575.5","Y":"9215800.3","NAMOBJ":"Kebonsari","WADMKC":"Sukodadi","WADMKK":"Lamongan"},"geometry":{"type":"Point","coordinates":[112.3,-7.1]}},{"type":"Feature","properties":{"Line":"S115","Sp":"2684.5","X":"645625.5","Y":"9215800.3","NAMOBJ":"Kebonsari","WADMKC":"Sukodadi","WADMKK":"Lamongan"},"geometry":{"type":"Point","coordinates":[112.3,-7.1]}},{"type":"Feature","properties":{"Line":"S115","Sp":"2688.5","X":"645675.5","Y":"9215800.3","NAMOBJ":"Kebonsari","WADMKC":"Sukodadi","WADMKK":"Lamongan"},"geometry":{"type":"Point","coordinates":[112.3,-7.1]}},{"type":"Feature","properties":{"Line":"S130","Sp":"1868.5","X":"644300.5","Y":"9216425.3","NAMOBJ":"Kebonsari","WADMKC":"Sukodadi","WADMKK":"Lamongan"},"geometry":{"type":"Point","coordinates":[112.3,-7.1]}},{"type":"Feature","properties":{"Line":"S130","Sp":"1872.5","X":"644300.5","Y":"9216375.3","NAMOBJ":"Kebonsari","WADMKC":"Sukodadi","WADMKK":"Lamongan"},"geometry":{"type":"Point","coordinates":[112.3,-7.1]}},{"type":"Feature","properties":{"Line":"S130","Sp":"1876.5","X":"644300.5","Y":"9216325.3","NAMOBJ":"Kebonsari","WADMKC":"Sukodadi","WADMKK":"Lamongan"},"geometry":{"type":"Point","coordinates":[112.3,-7.1]}},{"type":"Feature","properties":{"Line":"S130","Sp":"1880.5","X":"644300.5","Y":"9216275.3","NAMOBJ":"Kebonsari","WADMKC":"Sukodadi","WADMKK":"Lamongan"},"geometry":{"type":"Point","coordinates":[112.3,-7.1]}},{"type":"Feature","properties":{"Line":"S130","Sp":"1884.5","X":"644300.5","Y":"9216225.3","NAMOBJ":"Kebonsari","WADMKC":"Sukodadi","WADMKK":"Lamongan"},"geometry":{"type":"Point","coordinates":[112.3,-7.1]}},{"type":"Feature","properties":{"Line":"S130","Sp":"1888.5","X":"644300.5","Y":"9216175.3","NAMOBJ":"Kebonsari","WADMKC":"Sukodadi","WADMKK":"Lamongan"},"geometry":{"type":"Point","coordinates":[112.3,-7.1]}},{"type":"Feature","properties":{"Line":"S130","Sp":"1892.5","X":"644300.5","Y":"9216125.3","NAMOBJ":"Kebonsari","WADMKC":"Sukodadi","WADMKK":"Lamongan"},"geometry":{"type":"Point","coordinates":[112.3,-7.1]}},{"type":"Feature","properties":{"Line":"S130","Sp":"1896.5","X":"644300.5","Y":"9216075.3","NAMOBJ":"Kebonsari","WADMKC":"Sukodadi","WADMKK":"Lamongan"},"geometry":{"type":"Point","coordinates":[112.3,-7.1]}},{"type":"Feature","properties":{"Line":"S130","Sp":"1900.5","X":"644300.5","Y":"9216025.3","NAMOBJ":"Kebonsari","WADMKC":"Sukodadi","WADMKK":"Lamongan"},"geometry":{"type":"Point","coordinates":[112.3,-7.1]}},{"type":"Feature","properties":{"Line":"S132","Sp":"1872.5","X":"645300.5","Y":"9215975.3","NAMOBJ":"Kebonsari","WADMKC":"Sukodadi","WADMKK":"Lamongan"},"geometry":{"type":"Point","coordinates":[112.3,-7.1]}},{"type":"Feature","properties":{"Line":"S132","Sp":"1876.5","X":"645300.5","Y":"9215925.3","NAMOBJ":"Kebonsari","WADMKC":"Sukodadi","WADMKK":"Lamongan"},"geometry":{"type":"Point","coordinates":[112.3,-7.1]}},{"type":"Feature","properties":{"Line":"S132","Sp":"1880.5","X":"645300.5","Y":"9215875.3","NAMOBJ":"Kebonsari","WADMKC":"Sukodadi","WADMKK":"Lamongan"},"geometry":{"type":"Point","coordinates":[112.3,-7.1]}},{"type":"Feature","properties":{"Line":"S132","Sp":"1884.5","X":"645300.5","Y":"9215825.3","NAMOBJ":"Kebonsari","WADMKC":"Sukodadi","WADMKK":"Lamongan"},"geometry":{"type":"Point","coordinates":[112.3,-7.1]}},{"type":"Feature","properties":{"Line":"S132","Sp":"1888.5","X":"645300.5","Y":"9215775.3","NAMOBJ":"Kebonsari","WADMKC":"Sukodadi","WADMKK":"Lamongan"},"geometry":{"type":"Point","coordinates":[112.3,-7.1]}},{"type":"Feature","properties":{"Line":"S132","Sp":"1892.5","X":"645300.5","Y":"9215725.3","NAMOBJ":"Kebonsari","WADMKC":"Sukodadi","WADMKK":"Lamongan"},"geometry":{"type":"Point","coordinates":[112.3,-7.1]}},{"type":"Feature","properties":{"Line":"S132","Sp":"1896.5","X":"645300.5","Y":"9215675.3","NAMOBJ":"Kebonsari","WADMKC":"Sukodadi","WADMKK":"Lamongan"},"geometry":{"type":"Point","coordinates":[112.3,-7.1]}},{"type":"Feature","properties":{"Line":"S132","Sp":"1900.5","X":"645300.5","Y":"9215625.3","NAMOBJ":"Kebonsari","WADMKC":"Sukodadi","WADMKK":"Lamongan"},"geometry":{"type":"Point","coordinates":[112.3,-7.1]}},{"type":"Feature","properties":{"Line":"S132","Sp":"1904.5","X":"645300.5","Y":"9215575.3","NAMOBJ":"Kebonsari","WADMKC":"Sukodadi","WADMKK":"Lamongan"},"geometry":{"type":"Point","coordinates":[112.3,-7.1]}},{"type":"Feature","properties":{"Line":"S132","Sp":"1908.5","X":"645300.5","Y":"9215525.3","NAMOBJ":"Kebonsari","WADMKC":"Sukodadi","WADMKK":"Lamongan"},"geometry":{"type":"Point","coordinates":[112.3,-7.1]}},{"type":"Feature","properties":{"Line":"S132","Sp":"1912.5","X":"645300.5","Y":"9215475.3","NAMOBJ":"Kebonsari","WADMKC":"Sukodadi","WADMKK":"Lamongan"},"geometry":{"type":"Point","coordinates":[112.3,-7.1]}},{"type":"Feature","properties":{"Line":"S132","Sp":"1916.5","X":"645300.5","Y":"9215425.3","NAMOBJ":"Kebonsari","WADMKC":"Sukodadi","WADMKK":"Lamongan"},"geometry":{"type":"Point","coordinates":[112.3,-7.1]}},{"type":"Feature","properties":{"Line":"S132","Sp":"1920.5","X":"645300.5","Y":"9215375.3","NAMOBJ":"Kebonsari","WADMKC":"Sukodadi","WADMKK":"Lamongan"},"geometry":{"type":"Point","coordinates":[112.3,-7.1]}},{"type":"Feature","properties":{"Line":"S132","Sp":"1924.5","X":"645300.5","Y":"9215325.3","NAMOBJ":"Kebonsari","WADMKC":"Sukodadi","WADMKK":"Lamongan"},"geometry":{"type":"Point","coordinates":[112.3,-7.1]}},{"type":"Feature","properties":{"Line":"S132","Sp":"1928.5","X":"645300.5","Y":"9215275.3","NAMOBJ":"Kebonsari","WADMKC":"Sukodadi","WADMKK":"Lamongan"},"geometry":{"type":"Point","coordinates":[112.3,-7.1]}},{"type":"Feature","properties":{"Line":"S132","Sp":"1932.5","X":"645300.5","Y":"9215225.3","NAMOBJ":"Kebonsari","WADMKC":"Sukodadi","WADMKK":"Lamongan"},"geometry":{"type":"Point","coordinates":[112.3,-7.1]}},{"type":"Feature","properties":{"Line":"S132","Sp":"1936.5","X":"645300.5","Y":"9215175.3","NAMOBJ":"Kebonsari","WADMKC":"Sukodadi","WADMKK":"Lamongan"},"geometry":{"type":"Point","coordinates":[112.3,-7.1]}},{"type":"Feature","properties":{"Line":"S132","Sp":"1940.5","X":"645300.5","Y":"9215125.3","NAMOBJ":"Kebonsari","WADMKC":"Sukodadi","WADMKK":"Lamongan"},"geometry":{"type":"Point","coordinates":[112.3,-7.1]}},{"type":"Feature","properties":{"Line":"S132","Sp":"1944.5","X":"645300.5","Y":"9215075.3","NAMOBJ":"Kebonsari","WADMKC":"Sukodadi","WADMKK":"Lamongan"},"geometry":{"type":"Point","coordinates":[112.3,-7.1]}},{"type":"Feature","properties":{"Line":"S132","Sp":"1948.5","X":"645300.5","Y":"9215025.3","NAMOBJ":"Kebonsari","WADMKC":"Sukodadi","WADMKK":"Lamongan"},"geometry":{"type":"Point","coordinates":[112.3,-7.1]}},{"type":"Feature","properties":{"Line":"S132","Sp":"1952.5","X":"645300.5","Y":"9214975.3","NAMOBJ":"Kebonsari","WADMKC":"Sukodadi","WADMKK":"Lamongan"},"geometry":{"type":"Point","coordinates":[112.3,-7.1]}},{"type":"Feature","properties":{"Line":"S132","Sp":"1956.5","X":"645300.5","Y":"9214925.3","NAMOBJ":"Kebonsari","WADMKC":"Sukodadi","WADMKK":"Lamongan"},"geometry":{"type":"Point","coordinates":[112.3,-7.1]}},{"type":"Feature","properties":{"Line":"S132","Sp":"1960.5","X":"645300.5","Y":"9214875.3","NAMOBJ":"Kebonsari","WADMKC":"Sukodadi","WADMKK":"Lamongan"},"geometry":{"type":"Point","coordinates":[112.3,-7.1]}},{"type":"Feature","properties":{"Line":"S109","Sp":"2512.5","X":"641975.5","Y":"9212800.3","NAMOBJ":"Kedali","WADMKC":"Pucuk","WADMKK":"Lamongan"},"geometry":{"type":"Point","coordinates":[112.3,-7.1]}},{"type":"Feature","properties":{"Line":"S109","Sp":"2516.5","X":"642025.5","Y":"9212800.3","NAMOBJ":"Kedali","WADMKC":"Pucuk","WADMKK":"Lamongan"},"geometry":{"type":"Point","coordinates":[112.3,-7.1]}},{"type":"Feature","properties":{"Line":"S109","Sp":"2520.5","X":"642075.5","Y":"9212800.3","NAMOBJ":"Kedali","WADMKC":"Pucuk","WADMKK":"Lamongan"},"geometry":{"type":"Point","coordinates":[112.3,-7.1]}},{"type":"Feature","properties":{"Line":"S109","Sp":"2524.5","X":"642125.5","Y":"9212800.3","NAMOBJ":"Kedali","WADMKC":"Pucuk","WADMKK":"Lamongan"},"geometry":{"type":"Point","coordinates":[112.3,-7.1]}},{"type":"Feature","properties":{"Line":"S109","Sp":"2528.5","X":"642175.5","Y":"9212800.3","NAMOBJ":"Kedali","WADMKC":"Pucuk","WADMKK":"Lamongan"},"geometry":{"type":"Point","coordinates":[112.3,-7.1]}},{"type":"Feature","properties":{"Line":"S109","Sp":"2532.5","X":"642225.5","Y":"9212800.3","NAMOBJ":"Kedali","WADMKC":"Pucuk","WADMKK":"Lamongan"},"geometry":{"type":"Point","coordinates":[112.3,-7.1]}},{"type":"Feature","properties":{"Line":"S109","Sp":"2536.5","X":"642275.5","Y":"9212800.3","NAMOBJ":"Kedali","WADMKC":"Pucuk","WADMKK":"Lamongan"},"geometry":{"type":"Point","coordinates":[112.3,-7.1]}},{"type":"Feature","properties":{"Line":"S109","Sp":"2540.5","X":"642325.5","Y":"9212800.3","NAMOBJ":"Kedali","WADMKC":"Pucuk","WADMKK":"Lamongan"},"geometry":{"type":"Point","coordinates":[112.3,-7.1]}},{"type":"Feature","properties":{"Line":"S109","Sp":"2544.5","X":"642375.5","Y":"9212800.3","NAMOBJ":"Kedali","WADMKC":"Pucuk","WADMKK":"Lamongan"},"geometry":{"type":"Point","coordinates":[112.3,-7.1]}},{"type":"Feature","properties":{"Line":"S109","Sp":"2548.5","X":"642425.5","Y":"9212800.3","NAMOBJ":"Kedali","WADMKC":"Pucuk","WADMKK":"Lamongan"},"geometry":{"type":"Point","coordinates":[112.3,-7.1]}},{"type":"Feature","properties":{"Line":"S109","Sp":"2552.5","X":"642475.5","Y":"9212800.3","NAMOBJ":"Kedali","WADMKC":"Pucuk","WADMKK":"Lamongan"},"geometry":{"type":"Point","coordinates":[112.3,-7.1]}},{"type":"Feature","properties":{"Line":"S109","Sp":"2556.5","X":"642525.5","Y":"9212800.3","NAMOBJ":"Kedali","WADMKC":"Pucuk","WADMKK":"Lamongan"},"geometry":{"type":"Point","coordinates":[112.3,-7.1]}},{"type":"Feature","properties":{"Line":"S109","Sp":"2560.5","X":"642575.5","Y":"9212800.3","NAMOBJ":"Kedali","WADMKC":"Pucuk","WADMKK":"Lamongan"},"geometry":{"type":"Point","coordinates":[112.3,-7.1]}},{"type":"Feature","properties":{"Line":"S109","Sp":"2564.5","X":"642625.5","Y":"9212800.3","NAMOBJ":"Kedali","WADMKC":"Pucuk","WADMKK":"Lamongan"},"geometry":{"type":"Point","coordinates":[112.3,-7.1]}},{"type":"Feature","properties":{"Line":"S109","Sp":"2568.5","X":"642675.5","Y":"9212800.3","NAMOBJ":"Kedali","WADMKC":"Pucuk","WADMKK":"Lamongan"},"geometry":{"type":"Point","coordinates":[112.3,-7.1]}},{"type":"Feature","properties":{"Line":"S109","Sp":"2572.5","X":"642725.5","Y":"9212800.3","NAMOBJ":"Kedali","WADMKC":"Pucuk","WADMKK":"Lamongan"},"geometry":{"type":"Point","coordinates":[112.3,-7.1]}},{"type":"Feature","properties":{"Line":"S109","Sp":"2576.5","X":"642775.5","Y":"9212800.3","NAMOBJ":"Kedali","WADMKC":"Pucuk","WADMKK":"Lamongan"},"geometry":{"type":"Point","coordinates":[112.3,-7.1]}},{"type":"Feature","properties":{"Line":"S111","Sp":"2488.5","X":"641725.5","Y":"9213800.3","NAMOBJ":"Kedali","WADMKC":"Pucuk","WADMKK":"Lamongan"},"geometry":{"type":"Point","coordinates":[112.3,-7.1]}},{"type":"Feature","properties":{"Line":"S111","Sp":"2492.5","X":"641775.5","Y":"9213800.3","NAMOBJ":"Kedali","WADMKC":"Pucuk","WADMKK":"Lamongan"},"geometry":{"type":"Point","coordinates":[112.3,-7.1]}},{"type":"Feature","properties":{"Line":"S111","Sp":"2496.5","X":"641825.5","Y":"9213800.3","NAMOBJ":"Kedali","WADMKC":"Pucuk","WADMKK":"Lamongan"},"geometry":{"type":"Point","coordinates":[112.3,-7.1]}},{"type":"Feature","properties":{"Line":"S111","Sp":"2500.5","X":"641875.5","Y":"9213800.3","NAMOBJ":"Kedali","WADMKC":"Pucuk","WADMKK":"Lamongan"},"geometry":{"type":"Point","coordinates":[112.3,-7.1]}},{"type":"Feature","properties":{"Line":"S111","Sp":"2504.5","X":"641925.5","Y":"9213800.3","NAMOBJ":"Kedali","WADMKC":"Pucuk","WADMKK":"Lamongan"},"geometry":{"type":"Point","coordinates":[112.3,-7.1]}},{"type":"Feature","properties":{"Line":"S111","Sp":"2508.5","X":"641975.5","Y":"9213800.3","NAMOBJ":"Kedali","WADMKC":"Pucuk","WADMKK":"Lamongan"},"geometry":{"type":"Point","coordinates":[112.3,-7.1]}},{"type":"Feature","properties":{"Line":"S111","Sp":"2512.5","X":"642025.5","Y":"9213800.3","NAMOBJ":"Kedali","WADMKC":"Pucuk","WADMKK":"Lamongan"},"geometry":{"type":"Point","coordinates":[112.3,-7.1]}},{"type":"Feature","properties":{"Line":"S111","Sp":"2516.5","X":"642075.5","Y":"9213800.3","NAMOBJ":"Kedali","WADMKC":"Pucuk","WADMKK":"Lamongan"},"geometry":{"type":"Point","coordinates":[112.3,-7.1]}},{"type":"Feature","properties":{"Line":"S111","Sp":"2520.5","X":"642125.5","Y":"9213800.3","NAMOBJ":"Kedali","WADMKC":"Pucuk","WADMKK":"Lamongan"},"geometry":{"type":"Point","coordinates":[112.3,-7.1]}},{"type":"Feature","properties":{"Line":"S111","Sp":"2524.5","X":"642175.5","Y":"9213800.3","NAMOBJ":"Kedali","WADMKC":"Pucuk","WADMKK":"Lamongan"},"geometry":{"type":"Point","coordinates":[112.3,-7.1]}},{"type":"Feature","properties":{"Line":"S111","Sp":"2528.5","X":"642225.5","Y":"9213800.3","NAMOBJ":"Kedali","WADMKC":"Pucuk","WADMKK":"Lamongan"},"geometry":{"type":"Point","coordinates":[112.3,-7.1]}},{"type":"Feature","properties":{"Line":"S111","Sp":"2532.5","X":"642275.5","Y":"9213800.3","NAMOBJ":"Kedali","WADMKC":"Pucuk","WADMKK":"Lamongan"},"geometry":{"type":"Point","coordinates":[112.3,-7.1]}},{"type":"Feature","properties":{"Line":"S111","Sp":"2536.5","X":"642325.5","Y":"9213800.3","NAMOBJ":"Kedali","WADMKC":"Pucuk","WADMKK":"Lamongan"},"geometry":{"type":"Point","coordinates":[112.3,-7.1]}},{"type":"Feature","properties":{"Line":"S111","Sp":"2540.5","X":"642375.5","Y":"9213800.3","NAMOBJ":"Kedali","WADMKC":"Pucuk","WADMKK":"Lamongan"},"geometry":{"type":"Point","coordinates":[112.3,-7.1]}},{"type":"Feature","properties":{"Line":"S111","Sp":"2544.5","X":"642425.5","Y":"9213800.3","NAMOBJ":"Kedali","WADMKC":"Pucuk","WADMKK":"Lamongan"},"geometry":{"type":"Point","coordinates":[112.3,-7.1]}},{"type":"Feature","properties":{"Line":"S111","Sp":"2548.5","X":"642475.5","Y":"9213800.3","NAMOBJ":"Kedali","WADMKC":"Pucuk","WADMKK":"Lamongan"},"geometry":{"type":"Point","coordinates":[112.3,-7.1]}},{"type":"Feature","properties":{"Line":"S111","Sp":"2552.5","X":"642525.5","Y":"9213800.3","NAMOBJ":"Kedali","WADMKC":"Pucuk","WADMKK":"Lamongan"},"geometry":{"type":"Point","coordinates":[112.3,-7.1]}},{"type":"Feature","properties":{"Line":"S111","Sp":"2556.5","X":"642575.5","Y":"9213800.3","NAMOBJ":"Kedali","WADMKC":"Pucuk","WADMKK":"Lamongan"},"geometry":{"type":"Point","coordinates":[112.3,-7.1]}},{"type":"Feature","properties":{"Line":"S111","Sp":"2560.5","X":"642625.5","Y":"9213800.3","NAMOBJ":"Kedali","WADMKC":"Pucuk","WADMKK":"Lamongan"},"geometry":{"type":"Point","coordinates":[112.3,-7.1]}},{"type":"Feature","properties":{"Line":"S126","Sp":"2056.5","X":"642300.5","Y":"9214425.3","NAMOBJ":"Kedali","WADMKC":"Pucuk","WADMKK":"Lamongan"},"geometry":{"type":"Point","coordinates":[112.3,-7.1]}},{"type":"Feature","properties":{"Line":"S126","Sp":"2060.5","X":"642300.5","Y":"9214375.3","NAMOBJ":"Kedali","WADMKC":"Pucuk","WADMKK":"Lamongan"},"geometry":{"type":"Point","coordinates":[112.3,-7.1]}},{"type":"Feature","properties":{"Line":"S126","Sp":"2064.5","X":"642300.5","Y":"9214325.3","NAMOBJ":"Kedali","WADMKC":"Pucuk","WADMKK":"Lamongan"},"geometry":{"type":"Point","coordinates":[112.3,-7.1]}},{"type":"Feature","properties":{"Line":"S126","Sp":"2068.5","X":"642300.5","Y":"9214275.3","NAMOBJ":"Kedali","WADMKC":"Pucuk","WADMKK":"Lamongan"},"geometry":{"type":"Point","coordinates":[112.3,-7.1]}},{"type":"Feature","properties":{"Line":"S126","Sp":"2072.5","X":"642300.5","Y":"9214225.3","NAMOBJ":"Kedali","WADMKC":"Pucuk","WADMKK":"Lamongan"},"geometry":{"type":"Point","coordinates":[112.3,-7.1]}},{"type":"Feature","properties":{"Line":"S126","Sp":"2076.5","X":"642300.5","Y":"9214175.3","NAMOBJ":"Kedali","WADMKC":"Pucuk","WADMKK":"Lamongan"},"geometry":{"type":"Point","coordinates":[112.3,-7.1]}},{"type":"Feature","properties":{"Line":"S126","Sp":"2080.5","X":"642300.5","Y":"9214125.3","NAMOBJ":"Kedali","WADMKC":"Pucuk","WADMKK":"Lamongan"},"geometry":{"type":"Point","coordinates":[112.3,-7.1]}},{"type":"Feature","properties":{"Line":"S126","Sp":"2084.5","X":"642300.5","Y":"9214075.3","NAMOBJ":"Kedali","WADMKC":"Pucuk","WADMKK":"Lamongan"},"geometry":{"type":"Point","coordinates":[112.3,-7.1]}},{"type":"Feature","properties":{"Line":"S126","Sp":"2088.5","X":"642300.5","Y":"9214025.3","NAMOBJ":"Kedali","WADMKC":"Pucuk","WADMKK":"Lamongan"},"geometry":{"type":"Point","coordinates":[112.3,-7.1]}},{"type":"Feature","properties":{"Line":"S126","Sp":"2092.5","X":"642300.5","Y":"9213975.3","NAMOBJ":"Kedali","WADMKC":"Pucuk","WADMKK":"Lamongan"},"geometry":{"type":"Point","coordinates":[112.3,-7.1]}},{"type":"Feature","properties":{"Line":"S126","Sp":"2096.5","X":"642300.5","Y":"9213925.3","NAMOBJ":"Kedali","WADMKC":"Pucuk","WADMKK":"Lamongan"},"geometry":{"type":"Point","coordinates":[112.3,-7.1]}},{"type":"Feature","properties":{"Line":"S126","Sp":"2100.5","X":"642300.5","Y":"9213875.3","NAMOBJ":"Kedali","WADMKC":"Pucuk","WADMKK":"Lamongan"},"geometry":{"type":"Point","coordinates":[112.3,-7.1]}},{"type":"Feature","properties":{"Line":"S126","Sp":"2104.5","X":"642300.5","Y":"9213825.3","NAMOBJ":"Kedali","WADMKC":"Pucuk","WADMKK":"Lamongan"},"geometry":{"type":"Point","coordinates":[112.3,-7.1]}},{"type":"Feature","properties":{"Line":"S126","Sp":"2108.5","X":"642300.5","Y":"9213775.3","NAMOBJ":"Kedali","WADMKC":"Pucuk","WADMKK":"Lamongan"},"geometry":{"type":"Point","coordinates":[112.3,-7.1]}},{"type":"Feature","properties":{"Line":"S126","Sp":"2112.5","X":"642300.5","Y":"9213725.3","NAMOBJ":"Kedali","WADMKC":"Pucuk","WADMKK":"Lamongan"},"geometry":{"type":"Point","coordinates":[112.3,-7.1]}},{"type":"Feature","properties":{"Line":"S126","Sp":"2116.5","X":"642300.5","Y":"9213675.3","NAMOBJ":"Kedali","WADMKC":"Pucuk","WADMKK":"Lamongan"},"geometry":{"type":"Point","coordinates":[112.3,-7.1]}},{"type":"Feature","properties":{"Line":"S126","Sp":"2120.5","X":"642300.5","Y":"9213625.3","NAMOBJ":"Kedali","WADMKC":"Pucuk","WADMKK":"Lamongan"},"geometry":{"type":"Point","coordinates":[112.3,-7.1]}},{"type":"Feature","properties":{"Line":"S126","Sp":"2124.5","X":"642300.5","Y":"9213575.3","NAMOBJ":"Kedali","WADMKC":"Pucuk","WADMKK":"Lamongan"},"geometry":{"type":"Point","coordinates":[112.3,-7.1]}},{"type":"Feature","properties":{"Line":"S126","Sp":"2128.5","X":"642300.5","Y":"9213525.3","NAMOBJ":"Kedali","WADMKC":"Pucuk","WADMKK":"Lamongan"},"geometry":{"type":"Point","coordinates":[112.3,-7.1]}},{"type":"Feature","properties":{"Line":"S126","Sp":"2132.5","X":"642300.5","Y":"9213475.3","NAMOBJ":"Kedali","WADMKC":"Pucuk","WADMKK":"Lamongan"},"geometry":{"type":"Point","coordinates":[112.3,-7.1]}},{"type":"Feature","properties":{"Line":"S126","Sp":"2136.5","X":"642300.5","Y":"9213425.3","NAMOBJ":"Kedali","WADMKC":"Pucuk","WADMKK":"Lamongan"},"geometry":{"type":"Point","coordinates":[112.3,-7.1]}},{"type":"Feature","properties":{"Line":"S126","Sp":"2140.5","X":"642300.5","Y":"9213375.3","NAMOBJ":"Kedali","WADMKC":"Pucuk","WADMKK":"Lamongan"},"geometry":{"type":"Point","coordinates":[112.3,-7.1]}},{"type":"Feature","properties":{"Line":"S126","Sp":"2144.5","X":"642300.5","Y":"9213325.3","NAMOBJ":"Kedali","WADMKC":"Pucuk","WADMKK":"Lamongan"},"geometry":{"type":"Point","coordinates":[112.3,-7.1]}},{"type":"Feature","properties":{"Line":"S126","Sp":"2148.5","X":"642300.5","Y":"9213275.3","NAMOBJ":"Kedali","WADMKC":"Pucuk","WADMKK":"Lamongan"},"geometry":{"type":"Point","coordinates":[112.3,-7.1]}},{"type":"Feature","properties":{"Line":"S126","Sp":"2152.5","X":"642300.5","Y":"9213225.3","NAMOBJ":"Kedali","WADMKC":"Pucuk","WADMKK":"Lamongan"},"geometry":{"type":"Point","coordinates":[112.3,-7.1]}},{"type":"Feature","properties":{"Line":"S126","Sp":"2156.5","X":"642300.5","Y":"9213175.3","NAMOBJ":"Kedali","WADMKC":"Pucuk","WADMKK":"Lamongan"},"geometry":{"type":"Point","coordinates":[112.3,-7.1]}},{"type":"Feature","properties":{"Line":"S126","Sp":"2160.5","X":"642300.5","Y":"9213125.3","NAMOBJ":"Kedali","WADMKC":"Pucuk","WADMKK":"Lamongan"},"geometry":{"type":"Point","coordinates":[112.3,-7.1]}},{"type":"Feature","properties":{"Line":"S126","Sp":"2164.5","X":"642300.5","Y":"9213075.3","NAMOBJ":"Kedali","WADMKC":"Pucuk","WADMKK":"Lamongan"},"geometry":{"type":"Point","coordinates":[112.3,-7.1]}},{"type":"Feature","properties":{"Line":"S126","Sp":"2168.5","X":"642300.5","Y":"9213025.3","NAMOBJ":"Kedali","WADMKC":"Pucuk","WADMKK":"Lamongan"},"geometry":{"type":"Point","coordinates":[112.3,-7.1]}},{"type":"Feature","properties":{"Line":"S126","Sp":"2172.5","X":"642300.5","Y":"9212975.3","NAMOBJ":"Kedali","WADMKC":"Pucuk","WADMKK":"Lamongan"},"geometry":{"type":"Point","coordinates":[112.3,-7.1]}},{"type":"Feature","properties":{"Line":"S126","Sp":"2176.5","X":"642300.5","Y":"9212925.3","NAMOBJ":"Kedali","WADMKC":"Pucuk","WADMKK":"Lamongan"},"geometry":{"type":"Point","coordinates":[112.3,-7.1]}},{"type":"Feature","properties":{"Line":"S126","Sp":"2180.5","X":"642300.5","Y":"9212875.3","NAMOBJ":"Kedali","WADMKC":"Pucuk","WADMKK":"Lamongan"},"geometry":{"type":"Point","coordinates":[112.3,-7.1]}},{"type":"Feature","properties":{"Line":"S126","Sp":"2184.5","X":"642300.5","Y":"9212825.3","NAMOBJ":"Kedali","WADMKC":"Pucuk","WADMKK":"Lamongan"},"geometry":{"type":"Point","coordinates":[112.3,-7.1]}},{"type":"Feature","properties":{"Line":"S126","Sp":"2188.5","X":"642300.5","Y":"9212775.3","NAMOBJ":"Kedali","WADMKC":"Pucuk","WADMKK":"Lamongan"},"geometry":{"type":"Point","coordinates":[112.3,-7.1]}},{"type":"Feature","properties":{"Line":"S126","Sp":"2192.5","X":"642300.5","Y":"9212725.3","NAMOBJ":"Kedali","WADMKC":"Pucuk","WADMKK":"Lamongan"},"geometry":{"type":"Point","coordinates":[112.3,-7.1]}},{"type":"Feature","properties":{"Line":"S126","Sp":"2196.5","X":"642300.5","Y":"9212675.3","NAMOBJ":"Kedali","WADMKC":"Pucuk","WADMKK":"Lamongan"},"geometry":{"type":"Point","coordinates":[112.3,-7.1]}},{"type":"Feature","properties":{"Line":"S126","Sp":"2200.5","X":"642300.5","Y":"9212625.3","NAMOBJ":"Kedali","WADMKC":"Pucuk","WADMKK":"Lamongan"},"geometry":{"type":"Point","coordinates":[112.3,-7.1]}},{"type":"Feature","properties":{"Line":"S126","Sp":"2204.5","X":"642300.5","Y":"9212575.3","NAMOBJ":"Kedali","WADMKC":"Pucuk","WADMKK":"Lamongan"},"geometry":{"type":"Point","coordinates":[112.3,-7.1]}},{"type":"Feature","properties":{"Line":"S126","Sp":"2208.5","X":"642300.5","Y":"9212525.3","NAMOBJ":"Kedali","WADMKC":"Pucuk","WADMKK":"Lamongan"},"geometry":{"type":"Point","coordinates":[112.3,-7.1]}},{"type":"Feature","properties":{"Line":"S126","Sp":"2212.5","X":"642300.5","Y":"9212475.3","NAMOBJ":"Kedali","WADMKC":"Pucuk","WADMKK":"Lamongan"},"geometry":{"type":"Point","coordinates":[112.3,-7.1]}},{"type":"Feature","properties":{"Line":"S103","Sp":"2376.5","X":"641425.5","Y":"9209800.3","NAMOBJ":"Lebakadi","WADMKC":"Sugio","WADMKK":"Lamongan"},"geometry":{"type":"Point","coordinates":[112.3,-7.1]}},{"type":"Feature","properties":{"Line":"S103","Sp":"2380.5","X":"641475.5","Y":"9209800.3","NAMOBJ":"Lebakadi","WADMKC":"Sugio","WADMKK":"Lamongan"},"geometry":{"type":"Point","coordinates":[112.3,-7.1]}},{"type":"Feature","properties":{"Line":"S103","Sp":"2384.5","X":"641525.5","Y":"9209800.3","NAMOBJ":"Lebakadi","WADMKC":"Sugio","WADMKK":"Lamongan"},"geometry":{"type":"Point","coordinates":[112.3,-7.1]}},{"type":"Feature","properties":{"Line":"S103","Sp":"2388.5","X":"641575.5","Y":"9209800.3","NAMOBJ":"Lebakadi","WADMKC":"Sugio","WADMKK":"Lamongan"},"geometry":{"type":"Point","coordinates":[112.3,-7.1]}},{"type":"Feature","properties":{"Line":"S103","Sp":"2392.5","X":"641625.5","Y":"9209800.3","NAMOBJ":"Lebakadi","WADMKC":"Sugio","WADMKK":"Lamongan"},"geometry":{"type":"Point","coordinates":[112.3,-7.1]}},{"type":"Feature","properties":{"Line":"S103","Sp":"2396.5","X":"641675.5","Y":"9209800.3","NAMOBJ":"Lebakadi","WADMKC":"Sugio","WADMKK":"Lamongan"},"geometry":{"type":"Point","coordinates":[112.3,-7.1]}},{"type":"Feature","properties":{"Line":"S103","Sp":"2400.5","X":"641725.5","Y":"9209800.3","NAMOBJ":"Lebakadi","WADMKC":"Sugio","WADMKK":"Lamongan"},"geometry":{"type":"Point","coordinates":[112.3,-7.1]}},{"type":"Feature","properties":{"Line":"S103","Sp":"2404.5","X":"641775.5","Y":"9209800.3","NAMOBJ":"Lebakadi","WADMKC":"Sugio","WADMKK":"Lamongan"},"geometry":{"type":"Point","coordinates":[112.3,-7.1]}},{"type":"Feature","properties":{"Line":"S103","Sp":"2408.5","X":"641825.5","Y":"9209800.3","NAMOBJ":"Lebakadi","WADMKC":"Sugio","WADMKK":"Lamongan"},"geometry":{"type":"Point","coordinates":[112.3,-7.1]}},{"type":"Feature","properties":{"Line":"S103","Sp":"2412.5","X":"641875.5","Y":"9209800.3","NAMOBJ":"Lebakadi","WADMKC":"Sugio","WADMKK":"Lamongan"},"geometry":{"type":"Point","coordinates":[112.3,-7.1]}},{"type":"Feature","properties":{"Line":"S103","Sp":"2416.5","X":"641925.5","Y":"9209800.3","NAMOBJ":"Lebakadi","WADMKC":"Sugio","WADMKK":"Lamongan"},"geometry":{"type":"Point","coordinates":[112.3,-7.1]}},{"type":"Feature","properties":{"Line":"S103","Sp":"2420.5","X":"641975.5","Y":"9209800.3","NAMOBJ":"Lebakadi","WADMKC":"Sugio","WADMKK":"Lamongan"},"geometry":{"type":"Point","coordinates":[112.3,-7.1]}},{"type":"Feature","properties":{"Line":"S119","Sp":"2872.5","X":"646475.5","Y":"9217800.3","NAMOBJ":"Madulegi","WADMKC":"Sukodadi","WADMKK":"Lamongan"},"geometry":{"type":"Point","coordinates":[112.3,-7.1]}},{"type":"Feature","properties":{"Line":"S119","Sp":"2876.5","X":"646525.5","Y":"9217800.3","NAMOBJ":"Madulegi","WADMKC":"Sukodadi","WADMKK":"Lamongan"},"geometry":{"type":"Point","coordinates":[112.3,-7.1]}},{"type":"Feature","properties":{"Line":"S119","Sp":"2880.5","X":"646575.5","Y":"9217800.3","NAMOBJ":"Madulegi","WADMKC":"Sukodadi","WADMKK":"Lamongan"},"geometry":{"type":"Point","coordinates":[112.3,-7.1]}},{"type":"Feature","properties":{"Line":"S119","Sp":"2884.5","X":"646625.5","Y":"9217800.3","NAMOBJ":"Madulegi","WADMKC":"Sukodadi","WADMKK":"Lamongan"},"geometry":{"type":"Point","coordinates":[112.3,-7.1]}},{"type":"Feature","properties":{"Line":"S119","Sp":"2888.5","X":"646675.5","Y":"9217800.3","NAMOBJ":"Madulegi","WADMKC":"Sukodadi","WADMKK":"Lamongan"},"geometry":{"type":"Point","coordinates":[112.3,-7.1]}},{"type":"Feature","properties":{"Line":"S119","Sp":"2892.5","X":"646725.5","Y":"9217800.3","NAMOBJ":"Madulegi","WADMKC":"Sukodadi","WADMKK":"Lamongan"},"geometry":{"type":"Point","coordinates":[112.3,-7.1]}},{"type":"Feature","properties":{"Line":"S119","Sp":"2896.5","X":"646775.5","Y":"9217800.3","NAMOBJ":"Madulegi","WADMKC":"Sukodadi","WADMKK":"Lamongan"},"geometry":{"type":"Point","coordinates":[112.3,-7.1]}},{"type":"Feature","properties":{"Line":"S119","Sp":"2900.5","X":"646825.5","Y":"9217800.3","NAMOBJ":"Madulegi","WADMKC":"Sukodadi","WADMKK":"Lamongan"},"geometry":{"type":"Point","coordinates":[112.3,-7.1]}},{"type":"Feature","properties":{"Line":"S119","Sp":"2904.5","X":"646875.5","Y":"9217800.3","NAMOBJ":"Madulegi","WADMKC":"Sukodadi","WADMKK":"Lamongan"},"geometry":{"type":"Point","coordinates":[112.3,-7.1]}},{"type":"Feature","properties":{"Line":"S119","Sp":"2908.5","X":"646925.5","Y":"9217800.3","NAMOBJ":"Madulegi","WADMKC":"Sukodadi","WADMKK":"Lamongan"},"geometry":{"type":"Point","coordinates":[112.3,-7.1]}},{"type":"Feature","properties":{"Line":"S119","Sp":"2912.5","X":"646975.5","Y":"9217800.3","NAMOBJ":"Madulegi","WADMKC":"Sukodadi","WADMKK":"Lamongan"},"geometry":{"type":"Point","coordinates":[112.3,-7.1]}},{"type":"Feature","properties":{"Line":"S119","Sp":"2916.5","X":"647025.5","Y":"9217800.3","NAMOBJ":"Madulegi","WADMKC":"Sukodadi","WADMKK":"Lamongan"},"geometry":{"type":"Point","coordinates":[112.3,-7.1]}},{"type":"Feature","properties":{"Line":"S119","Sp":"2920.5","X":"647075.5","Y":"9217800.3","NAMOBJ":"Madulegi","WADMKC":"Sukodadi","WADMKK":"Lamongan"},"geometry":{"type":"Point","coordinates":[112.3,-7.1]}},{"type":"Feature","properties":{"Line":"S119","Sp":"2924.5","X":"647125.5","Y":"9217800.3","NAMOBJ":"Madulegi","WADMKC":"Sukodadi","WADMKK":"Lamongan"},"geometry":{"type":"Point","coordinates":[112.3,-7.1]}},{"type":"Feature","properties":{"Line":"S119","Sp":"2928.5","X":"647175.5","Y":"9217800.3","NAMOBJ":"Madulegi","WADMKC":"Sukodadi","WADMKK":"Lamongan"},"geometry":{"type":"Point","coordinates":[112.3,-7.1]}},{"type":"Feature","properties":{"Line":"S119","Sp":"2932.5","X":"647225.5","Y":"9217800.3","NAMOBJ":"Madulegi","WADMKC":"Sukodadi","WADMKK":"Lamongan"},"geometry":{"type":"Point","coordinates":[112.3,-7.1]}},{"type":"Feature","properties":{"Line":"S119","Sp":"2936.5","X":"647275.5","Y":"9217800.3","NAMOBJ":"Madulegi","WADMKC":"Sukodadi","WADMKK":"Lamongan"},"geometry":{"type":"Point","coordinates":[112.3,-7.1]}},{"type":"Feature","properties":{"Line":"S119","Sp":"2940.5","X":"647325.5","Y":"9217800.3","NAMOBJ":"Madulegi","WADMKC":"Sukodadi","WADMKK":"Lamongan"},"geometry":{"type":"Point","coordinates":[112.3,-7.1]}},{"type":"Feature","properties":{"Line":"S119","Sp":"2944.5","X":"647375.5","Y":"9217800.3","NAMOBJ":"Madulegi","WADMKC":"Sukodadi","WADMKK":"Lamongan"},"geometry":{"type":"Point","coordinates":[112.3,-7.1]}},{"type":"Feature","properties":{"Line":"S119","Sp":"2948.5","X":"647425.5","Y":"9217800.3","NAMOBJ":"Madulegi","WADMKC":"Sukodadi","WADMKK":"Lamongan"},"geometry":{"type":"Point","coordinates":[112.3,-7.1]}},{"type":"Feature","properties":{"Line":"S119","Sp":"2952.5","X":"647475.5","Y":"9217800.3","NAMOBJ":"Madulegi","WADMKC":"Sukodadi","WADMKK":"Lamongan"},"geometry":{"type":"Point","coordinates":[112.3,-7.1]}},{"type":"Feature","properties":{"Line":"S119","Sp":"2956.5","X":"647525.5","Y":"9217800.3","NAMOBJ":"Madulegi","WADMKC":"Sukodadi","WADMKK":"Lamongan"},"geometry":{"type":"Point","coordinates":[112.3,-7.1]}},{"type":"Feature","properties":{"Line":"S119","Sp":"2960.5","X":"647575.5","Y":"9217800.3","NAMOBJ":"Madulegi","WADMKC":"Sukodadi","WADMKK":"Lamongan"},"geometry":{"type":"Point","coordinates":[112.3,-7.1]}},{"type":"Feature","properties":{"Line":"S119","Sp":"2964.5","X":"647625.5","Y":"9217800.3","NAMOBJ":"Madulegi","WADMKC":"Sukodadi","WADMKK":"Lamongan"},"geometry":{"type":"Point","coordinates":[112.3,-7.1]}},{"type":"Feature","properties":{"Line":"S119","Sp":"2968.5","X":"647675.5","Y":"9217800.3","NAMOBJ":"Madulegi","WADMKC":"Sukodadi","WADMKK":"Lamongan"},"geometry":{"type":"Point","coordinates":[112.3,-7.1]}},{"type":"Feature","properties":{"Line":"S119","Sp":"2972.5","X":"647725.5","Y":"9217800.3","NAMOBJ":"Madulegi","WADMKC":"Sukodadi","WADMKK":"Lamongan"},"geometry":{"type":"Point","coordinates":[112.3,-7.1]}},{"type":"Feature","properties":{"Line":"S119","Sp":"2976.5","X":"647775.5","Y":"9217800.3","NAMOBJ":"Madulegi","WADMKC":"Sukodadi","WADMKK":"Lamongan"},"geometry":{"type":"Point","coordinates":[112.3,-7.1]}},{"type":"Feature","properties":{"Line":"S119","Sp":"2980.5","X":"647825.5","Y":"9217800.3","NAMOBJ":"Madulegi","WADMKC":"Sukodadi","WADMKK":"Lamongan"},"geometry":{"type":"Point","coordinates":[112.3,-7.1]}},{"type":"Feature","properties":{"Line":"S119","Sp":"3012.5","X":"648225.5","Y":"9217800.3","NAMOBJ":"Madulegi","WADMKC":"Sukodadi","WADMKK":"Lamongan"},"geometry":{"type":"Point","coordinates":[112.3,-7.1]}},{"type":"Feature","properties":{"Line":"S119","Sp":"3016.5","X":"648275.5","Y":"9217800.3","NAMOBJ":"Madulegi","WADMKC":"Sukodadi","WADMKK":"Lamongan"},"geometry":{"type":"Point","coordinates":[112.3,-7.1]}},{"type":"Feature","properties":{"Line":"S119","Sp":"3020.5","X":"648325.5","Y":"9217800.3","NAMOBJ":"Madulegi","WADMKC":"Sukodadi","WADMKK":"Lamongan"},"geometry":{"type":"Point","coordinates":[112.3,-7.1]}},{"type":"Feature","properties":{"Line":"S119","Sp":"3024.5","X":"648375.5","Y":"9217800.3","NAMOBJ":"Madulegi","WADMKC":"Sukodadi","WADMKK":"Lamongan"},"geometry":{"type":"Point","coordinates":[112.3,-7.1]}},{"type":"Feature","properties":{"Line":"S119","Sp":"3028.5","X":"648425.5","Y":"9217800.3","NAMOBJ":"Madulegi","WADMKC":"Sukodadi","WADMKK":"Lamongan"},"geometry":{"type":"Point","coordinates":[112.3,-7.1]}},{"type":"Feature","properties":{"Line":"S119","Sp":"3032.5","X":"648475.5","Y":"9217800.3","NAMOBJ":"Madulegi","WADMKC":"Sukodadi","WADMKK":"Lamongan"},"geometry":{"type":"Point","coordinates":[112.3,-7.1]}},{"type":"Feature","properties":{"Line":"S119","Sp":"3036.5","X":"648525.5","Y":"9217800.3","NAMOBJ":"Madulegi","WADMKC":"Sukodadi","WADMKK":"Lamongan"},"geometry":{"type":"Point","coordinates":[112.3,-7.1]}},{"type":"Feature","properties":{"Line":"S119","Sp":"3040.5","X":"648575.5","Y":"9217800.3","NAMOBJ":"Madulegi","WADMKC":"Sukodadi","WADMKK":"Lamongan"},"geometry":{"type":"Point","coordinates":[112.3,-7.1]}},{"type":"Feature","properties":{"Line":"S119","Sp":"3044.5","X":"648625.5","Y":"9217800.3","NAMOBJ":"Madulegi","WADMKC":"Sukodadi","WADMKK":"Lamongan"},"geometry":{"type":"Point","coordinates":[112.3,-7.1]}},{"type":"Feature","properties":{"Line":"S119","Sp":"3048.5","X":"648675.5","Y":"9217800.3","NAMOBJ":"Madulegi","WADMKC":"Sukodadi","WADMKK":"Lamongan"},"geometry":{"type":"Point","coordinates":[112.3,-7.1]}},{"type":"Feature","properties":{"Line":"S121","Sp":"2920.5","X":"646975.5","Y":"9218800.3","NAMOBJ":"Madulegi","WADMKC":"Sukodadi","WADMKK":"Lamongan"},"geometry":{"type":"Point","coordinates":[112.3,-7.1]}},{"type":"Feature","properties":{"Line":"S121","Sp":"2924.5","X":"647025.5","Y":"9218800.3","NAMOBJ":"Madulegi","WADMKC":"Sukodadi","WADMKK":"Lamongan"},"geometry":{"type":"Point","coordinates":[112.3,-7.1]}},{"type":"Feature","properties":{"Line":"S121","Sp":"2928.5","X":"647075.5","Y":"9218800.3","NAMOBJ":"Madulegi","WADMKC":"Sukodadi","WADMKK":"Lamongan"},"geometry":{"type":"Point","coordinates":[112.3,-7.1]}},{"type":"Feature","properties":{"Line":"S121","Sp":"2932.5","X":"647125.5","Y":"9218800.3","NAMOBJ":"Madulegi","WADMKC":"Sukodadi","WADMKK":"Lamongan"},"geometry":{"type":"Point","coordinates":[112.3,-7.1]}},{"type":"Feature","properties":{"Line":"S136","Sp":"1652.5","X":"647300.5","Y":"9218725.3","NAMOBJ":"Madulegi","WADMKC":"Sukodadi","WADMKK":"Lamongan"},"geometry":{"type":"Point","coordinates":[112.3,-7.1]}},{"type":"Feature","properties":{"Line":"S136","Sp":"1656.5","X":"647300.5","Y":"9218675.3","NAMOBJ":"Madulegi","WADMKC":"Sukodadi","WADMKK":"Lamongan"},"geometry":{"type":"Point","coordinates":[112.3,-7.1]}},{"type":"Feature","properties":{"Line":"S136","Sp":"1660.5","X":"647300.5","Y":"9218625.3","NAMOBJ":"Madulegi","WADMKC":"Sukodadi","WADMKK":"Lamongan"},"geometry":{"type":"Point","coordinates":[112.3,-7.1]}},{"type":"Feature","properties":{"Line":"S136","Sp":"1664.5","X":"647300.5","Y":"9218575.3","NAMOBJ":"Madulegi","WADMKC":"Sukodadi","WADMKK":"Lamongan"},"geometry":{"type":"Point","coordinates":[112.3,-7.1]}},{"type":"Feature","properties":{"Line":"S136","Sp":"1668.5","X":"647300.5","Y":"9218525.3","NAMOBJ":"Madulegi","WADMKC":"Sukodadi","WADMKK":"Lamongan"},"geometry":{"type":"Point","coordinates":[112.3,-7.1]}},{"type":"Feature","properties":{"Line":"S136","Sp":"1672.5","X":"647300.5","Y":"9218475.3","NAMOBJ":"Madulegi","WADMKC":"Sukodadi","WADMKK":"Lamongan"},"geometry":{"type":"Point","coordinates":[112.3,-7.1]}},{"type":"Feature","properties":{"Line":"S136","Sp":"1688.5","X":"647300.5","Y":"9218275.3","NAMOBJ":"Madulegi","WADMKC":"Sukodadi","WADMKK":"Lamongan"},"geometry":{"type":"Point","coordinates":[112.3,-7.1]}},{"type":"Feature","properties":{"Line":"S136","Sp":"1692.5","X":"647300.5","Y":"9218225.3","NAMOBJ":"Madulegi","WADMKC":"Sukodadi","WADMKK":"Lamongan"},"geometry":{"type":"Point","coordinates":[112.3,-7.1]}},{"type":"Feature","properties":{"Line":"S136","Sp":"1696.5","X":"647300.5","Y":"9218175.3","NAMOBJ":"Madulegi","WADMKC":"Sukodadi","WADMKK":"Lamongan"},"geometry":{"type":"Point","coordinates":[112.3,-7.1]}},{"type":"Feature","properties":{"Line":"S136","Sp":"1700.5","X":"647300.5","Y":"9218125.3","NAMOBJ":"Madulegi","WADMKC":"Sukodadi","WADMKK":"Lamongan"},"geometry":{"type":"Point","coordinates":[112.3,-7.1]}},{"type":"Feature","properties":{"Line":"S136","Sp":"1708.5","X":"647300.5","Y":"9218025.3","NAMOBJ":"Madulegi","WADMKC":"Sukodadi","WADMKK":"Lamongan"},"geometry":{"type":"Point","coordinates":[112.3,-7.1]}},{"type":"Feature","properties":{"Line":"S136","Sp":"1712.5","X":"647300.5","Y":"9217975.3","NAMOBJ":"Madulegi","WADMKC":"Sukodadi","WADMKK":"Lamongan"},"geometry":{"type":"Point","coordinates":[112.3,-7.1]}},{"type":"Feature","properties":{"Line":"S136","Sp":"1716.5","X":"647300.5","Y":"9217925.3","NAMOBJ":"Madulegi","WADMKC":"Sukodadi","WADMKK":"Lamongan"},"geometry":{"type":"Point","coordinates":[112.3,-7.1]}},{"type":"Feature","properties":{"Line":"S136","Sp":"1720.5","X":"647300.5","Y":"9217875.3","NAMOBJ":"Madulegi","WADMKC":"Sukodadi","WADMKK":"Lamongan"},"geometry":{"type":"Point","coordinates":[112.3,-7.1]}},{"type":"Feature","properties":{"Line":"S136","Sp":"1724.5","X":"647300.5","Y":"9217825.3","NAMOBJ":"Madulegi","WADMKC":"Sukodadi","WADMKK":"Lamongan"},"geometry":{"type":"Point","coordinates":[112.3,-7.1]}},{"type":"Feature","properties":{"Line":"S136","Sp":"1728.5","X":"647300.5","Y":"9217775.3","NAMOBJ":"Madulegi","WADMKC":"Sukodadi","WADMKK":"Lamongan"},"geometry":{"type":"Point","coordinates":[112.3,-7.1]}},{"type":"Feature","properties":{"Line":"S136","Sp":"1732.5","X":"647300.5","Y":"9217725.3","NAMOBJ":"Madulegi","WADMKC":"Sukodadi","WADMKK":"Lamongan"},"geometry":{"type":"Point","coordinates":[112.3,-7.1]}},{"type":"Feature","properties":{"Line":"S136","Sp":"1736.5","X":"647300.5","Y":"9217675.3","NAMOBJ":"Madulegi","WADMKC":"Sukodadi","WADMKK":"Lamongan"},"geometry":{"type":"Point","coordinates":[112.3,-7.1]}},{"type":"Feature","properties":{"Line":"S136","Sp":"1740.5","X":"647300.5","Y":"9217625.3","NAMOBJ":"Madulegi","WADMKC":"Sukodadi","WADMKK":"Lamongan"},"geometry":{"type":"Point","coordinates":[112.3,-7.1]}},{"type":"Feature","properties":{"Line":"S136","Sp":"1744.5","X":"647300.5","Y":"9217575.3","NAMOBJ":"Madulegi","WADMKC":"Sukodadi","WADMKK":"Lamongan"},"geometry":{"type":"Point","coordinates":[112.3,-7.1]}},{"type":"Feature","properties":{"Line":"S136","Sp":"1748.5","X":"647300.5","Y":"9217525.3","NAMOBJ":"Madulegi","WADMKC":"Sukodadi","WADMKK":"Lamongan"},"geometry":{"type":"Point","coordinates":[112.3,-7.1]}},{"type":"Feature","properties":{"Line":"S136","Sp":"1752.5","X":"647300.5","Y":"9217475.3","NAMOBJ":"Madulegi","WADMKC":"Sukodadi","WADMKK":"Lamongan"},"geometry":{"type":"Point","coordinates":[112.3,-7.1]}},{"type":"Feature","properties":{"Line":"S136","Sp":"1756.5","X":"647300.5","Y":"9217425.3","NAMOBJ":"Madulegi","WADMKC":"Sukodadi","WADMKK":"Lamongan"},"geometry":{"type":"Point","coordinates":[112.3,-7.1]}},{"type":"Feature","properties":{"Line":"S136","Sp":"1760.5","X":"647300.5","Y":"9217375.3","NAMOBJ":"Madulegi","WADMKC":"Sukodadi","WADMKK":"Lamongan"},"geometry":{"type":"Point","coordinates":[112.3,-7.1]}},{"type":"Feature","properties":{"Line":"S136","Sp":"1764.5","X":"647300.5","Y":"9217325.3","NAMOBJ":"Madulegi","WADMKC":"Sukodadi","WADMKK":"Lamongan"},"geometry":{"type":"Point","coordinates":[112.3,-7.1]}},{"type":"Feature","properties":{"Line":"S136","Sp":"1768.5","X":"647300.5","Y":"9217275.3","NAMOBJ":"Madulegi","WADMKC":"Sukodadi","WADMKK":"Lamongan"},"geometry":{"type":"Point","coordinates":[112.3,-7.1]}},{"type":"Feature","properties":{"Line":"S136","Sp":"1772.5","X":"647300.5","Y":"9217225.3","NAMOBJ":"Madulegi","WADMKC":"Sukodadi","WADMKK":"Lamongan"},"geometry":{"type":"Point","coordinates":[112.3,-7.1]}},{"type":"Feature","properties":{"Line":"S136","Sp":"1776.5","X":"647300.5","Y":"9217175.3","NAMOBJ":"Madulegi","WADMKC":"Sukodadi","WADMKK":"Lamongan"},"geometry":{"type":"Point","coordinates":[112.3,-7.1]}},{"type":"Feature","properties":{"Line":"S136","Sp":"1780.5","X":"647300.5","Y":"9217125.3","NAMOBJ":"Madulegi","WADMKC":"Sukodadi","WADMKK":"Lamongan"},"geometry":{"type":"Point","coordinates":[112.3,-7.1]}},{"type":"Feature","properties":{"Line":"S138","Sp":"1696.5","X":"648300.5","Y":"9218175.3","NAMOBJ":"Madulegi","WADMKC":"Sukodadi","WADMKK":"Lamongan"},"geometry":{"type":"Point","coordinates":[112.3,-7.1]}},{"type":"Feature","properties":{"Line":"S138","Sp":"1700.5","X":"648300.5","Y":"9218125.3","NAMOBJ":"Madulegi","WADMKC":"Sukodadi","WADMKK":"Lamongan"},"geometry":{"type":"Point","coordinates":[112.3,-7.1]}},{"type":"Feature","properties":{"Line":"S138","Sp":"1704.5","X":"648300.5","Y":"9218075.3","NAMOBJ":"Madulegi","WADMKC":"Sukodadi","WADMKK":"Lamongan"},"geometry":{"type":"Point","coordinates":[112.3,-7.1]}},{"type":"Feature","properties":{"Line":"S138","Sp":"1708.5","X":"648300.5","Y":"9218025.3","NAMOBJ":"Madulegi","WADMKC":"Sukodadi","WADMKK":"Lamongan"},"geometry":{"type":"Point","coordinates":[112.3,-7.1]}},{"type":"Feature","properties":{"Line":"S138","Sp":"1712.5","X":"648300.5","Y":"9217975.3","NAMOBJ":"Madulegi","WADMKC":"Sukodadi","WADMKK":"Lamongan"},"geometry":{"type":"Point","coordinates":[112.3,-7.1]}},{"type":"Feature","properties":{"Line":"S138","Sp":"1716.5","X":"648300.5","Y":"9217925.3","NAMOBJ":"Madulegi","WADMKC":"Sukodadi","WADMKK":"Lamongan"},"geometry":{"type":"Point","coordinates":[112.3,-7.1]}},{"type":"Feature","properties":{"Line":"S138","Sp":"1720.5","X":"648300.5","Y":"9217875.3","NAMOBJ":"Madulegi","WADMKC":"Sukodadi","WADMKK":"Lamongan"},"geometry":{"type":"Point","coordinates":[112.3,-7.1]}},{"type":"Feature","properties":{"Line":"S138","Sp":"1724.5","X":"648300.5","Y":"9217825.3","NAMOBJ":"Madulegi","WADMKC":"Sukodadi","WADMKK":"Lamongan"},"geometry":{"type":"Point","coordinates":[112.3,-7.1]}},{"type":"Feature","properties":{"Line":"S138","Sp":"1728.5","X":"648300.5","Y":"9217775.3","NAMOBJ":"Madulegi","WADMKC":"Sukodadi","WADMKK":"Lamongan"},"geometry":{"type":"Point","coordinates":[112.3,-7.1]}},{"type":"Feature","properties":{"Line":"S138","Sp":"1732.5","X":"648300.5","Y":"9217725.3","NAMOBJ":"Madulegi","WADMKC":"Sukodadi","WADMKK":"Lamongan"},"geometry":{"type":"Point","coordinates":[112.3,-7.1]}},{"type":"Feature","properties":{"Line":"S138","Sp":"1736.5","X":"648300.5","Y":"9217675.3","NAMOBJ":"Madulegi","WADMKC":"Sukodadi","WADMKK":"Lamongan"},"geometry":{"type":"Point","coordinates":[112.3,-7.1]}},{"type":"Feature","properties":{"Line":"S138","Sp":"1740.5","X":"648300.5","Y":"9217625.3","NAMOBJ":"Madulegi","WADMKC":"Sukodadi","WADMKK":"Lamongan"},"geometry":{"type":"Point","coordinates":[112.3,-7.1]}},{"type":"Feature","properties":{"Line":"S138","Sp":"1744.5","X":"648300.5","Y":"9217575.3","NAMOBJ":"Madulegi","WADMKC":"Sukodadi","WADMKK":"Lamongan"},"geometry":{"type":"Point","coordinates":[112.3,-7.1]}},{"type":"Feature","properties":{"Line":"S138","Sp":"1748.5","X":"648300.5","Y":"9217525.3","NAMOBJ":"Madulegi","WADMKC":"Sukodadi","WADMKK":"Lamongan"},"geometry":{"type":"Point","coordinates":[112.3,-7.1]}},{"type":"Feature","properties":{"Line":"S138","Sp":"1752.5","X":"648300.5","Y":"9217475.3","NAMOBJ":"Madulegi","WADMKC":"Sukodadi","WADMKK":"Lamongan"},"geometry":{"type":"Point","coordinates":[112.3,-7.1]}},{"type":"Feature","properties":{"Line":"S138","Sp":"1756.5","X":"648300.5","Y":"9217425.3","NAMOBJ":"Madulegi","WADMKC":"Sukodadi","WADMKK":"Lamongan"},"geometry":{"type":"Point","coordinates":[112.3,-7.1]}},{"type":"Feature","properties":{"Line":"S138","Sp":"1760.5","X":"648300.5","Y":"9217375.3","NAMOBJ":"Madulegi","WADMKC":"Sukodadi","WADMKK":"Lamongan"},"geometry":{"type":"Point","coordinates":[112.3,-7.1]}},{"type":"Feature","properties":{"Line":"S138","Sp":"1764.5","X":"648300.5","Y":"9217325.3","NAMOBJ":"Madulegi","WADMKC":"Sukodadi","WADMKK":"Lamongan"},"geometry":{"type":"Point","coordinates":[112.3,-7.1]}},{"type":"Feature","properties":{"Line":"S138","Sp":"1768.5","X":"648300.5","Y":"9217275.3","NAMOBJ":"Madulegi","WADMKC":"Sukodadi","WADMKK":"Lamongan"},"geometry":{"type":"Point","coordinates":[112.3,-7.1]}},{"type":"Feature","properties":{"Line":"S138","Sp":"1772.5","X":"648300.5","Y":"9217225.3","NAMOBJ":"Madulegi","WADMKC":"Sukodadi","WADMKK":"Lamongan"},"geometry":{"type":"Point","coordinates":[112.3,-7.1]}},{"type":"Feature","properties":{"Line":"S138","Sp":"1776.5","X":"648300.5","Y":"9217175.3","NAMOBJ":"Madulegi","WADMKC":"Sukodadi","WADMKK":"Lamongan"},"geometry":{"type":"Point","coordinates":[112.3,-7.1]}},{"type":"Feature","properties":{"Line":"S138","Sp":"1780.5","X":"648300.5","Y":"9217125.3","NAMOBJ":"Madulegi","WADMKC":"Sukodadi","WADMKK":"Lamongan"},"geometry":{"type":"Point","coordinates":[112.3,-7.1]}},{"type":"Feature","properties":{"Line":"S138","Sp":"1784.5","X":"648300.5","Y":"9217075.3","NAMOBJ":"Madulegi","WADMKC":"Sukodadi","WADMKK":"Lamongan"},"geometry":{"type":"Point","coordinates":[112.3,-7.1]}},{"type":"Feature","properties":{"Line":"S138","Sp":"1788.5","X":"648300.5","Y":"9217025.3","NAMOBJ":"Madulegi","WADMKC":"Sukodadi","WADMKK":"Lamongan"},"geometry":{"type":"Point","coordinates":[112.3,-7.1]}},{"type":"Feature","properties":{"Line":"S138","Sp":"1792.5","X":"648300.5","Y":"9216975.3","NAMOBJ":"Madulegi","WADMKC":"Sukodadi","WADMKK":"Lamongan"},"geometry":{"type":"Point","coordinates":[112.3,-7.1]}},{"type":"Feature","properties":{"Line":"S138","Sp":"1796.5","X":"648300.5","Y":"9216925.3","NAMOBJ":"Madulegi","WADMKC":"Sukodadi","WADMKK":"Lamongan"},"geometry":{"type":"Point","coordinates":[112.3,-7.1]}},{"type":"Feature","properties":{"Line":"S109","Sp":"2840.5","X":"646075.5","Y":"9212800.3","NAMOBJ":"Menongo","WADMKC":"Sukodadi","WADMKK":"Lamongan"},"geometry":{"type":"Point","coordinates":[112.3,-7.1]}},{"type":"Feature","properties":{"Line":"S109","Sp":"2844.5","X":"646125.5","Y":"9212800.3","NAMOBJ":"Menongo","WADMKC":"Sukodadi","WADMKK":"Lamongan"},"geometry":{"type":"Point","coordinates":[112.3,-7.1]}},{"type":"Feature","properties":{"Line":"S109","Sp":"2848.5","X":"646175.5","Y":"9212800.3","NAMOBJ":"Menongo","WADMKC":"Sukodadi","WADMKK":"Lamongan"},"geometry":{"type":"Point","coordinates":[112.3,-7.1]}},{"type":"Feature","properties":{"Line":"S109","Sp":"2852.5","X":"646225.5","Y":"9212800.3","NAMOBJ":"Menongo","WADMKC":"Sukodadi","WADMKK":"Lamongan"},"geometry":{"type":"Point","coordinates":[112.3,-7.1]}},{"type":"Feature","properties":{"Line":"S109","Sp":"2856.5","X":"646275.5","Y":"9212800.3","NAMOBJ":"Menongo","WADMKC":"Sukodadi","WADMKK":"Lamongan"},"geometry":{"type":"Point","coordinates":[112.3,-7.1]}},{"type":"Feature","properties":{"Line":"S109","Sp":"2860.5","X":"646325.5","Y":"9212800.3","NAMOBJ":"Menongo","WADMKC":"Sukodadi","WADMKK":"Lamongan"},"geometry":{"type":"Point","coordinates":[112.3,-7.1]}},{"type":"Feature","properties":{"Line":"S109","Sp":"2864.5","X":"646375.5","Y":"9212800.3","NAMOBJ":"Menongo","WADMKC":"Sukodadi","WADMKK":"Lamongan"},"geometry":{"type":"Point","coordinates":[112.3,-7.1]}},{"type":"Feature","properties":{"Line":"S109","Sp":"2868.5","X":"646425.5","Y":"9212800.3","NAMOBJ":"Menongo","WADMKC":"Sukodadi","WADMKK":"Lamongan"},"geometry":{"type":"Point","coordinates":[112.3,-7.1]}},{"type":"Feature","properties":{"Line":"S109","Sp":"2872.5","X":"646475.5","Y":"9212800.3","NAMOBJ":"Menongo","WADMKC":"Sukodadi","WADMKK":"Lamongan"},"geometry":{"type":"Point","coordinates":[112.3,-7.1]}},{"type":"Feature","properties":{"Line":"S109","Sp":"2876.5","X":"646525.5","Y":"9212800.3","NAMOBJ":"Menongo","WADMKC":"Sukodadi","WADMKK":"Lamongan"},"geometry":{"type":"Point","coordinates":[112.3,-7.1]}},{"type":"Feature","properties":{"Line":"S109","Sp":"2880.5","X":"646575.5","Y":"9212800.3","NAMOBJ":"Menongo","WADMKC":"Sukodadi","WADMKK":"Lamongan"},"geometry":{"type":"Point","coordinates":[112.3,-7.1]}},{"type":"Feature","properties":{"Line":"S109","Sp":"2884.5","X":"646625.5","Y":"9212800.3","NAMOBJ":"Menongo","WADMKC":"Sukodadi","WADMKK":"Lamongan"},"geometry":{"type":"Point","coordinates":[112.3,-7.1]}},{"type":"Feature","properties":{"Line":"S109","Sp":"2888.5","X":"646675.5","Y":"9212800.3","NAMOBJ":"Menongo","WADMKC":"Sukodadi","WADMKK":"Lamongan"},"geometry":{"type":"Point","coordinates":[112.3,-7.1]}},{"type":"Feature","properties":{"Line":"S109","Sp":"2892.5","X":"646725.5","Y":"9212800.3","NAMOBJ":"Menongo","WADMKC":"Sukodadi","WADMKK":"Lamongan"},"geometry":{"type":"Point","coordinates":[112.3,-7.1]}},{"type":"Feature","properties":{"Line":"S109","Sp":"2896.5","X":"646775.5","Y":"9212800.3","NAMOBJ":"Menongo","WADMKC":"Sukodadi","WADMKK":"Lamongan"},"geometry":{"type":"Point","coordinates":[112.3,-7.1]}},{"type":"Feature","properties":{"Line":"S109","Sp":"2900.5","X":"646825.5","Y":"9212800.3","NAMOBJ":"Menongo","WADMKC":"Sukodadi","WADMKK":"Lamongan"},"geometry":{"type":"Point","coordinates":[112.3,-7.1]}},{"type":"Feature","properties":{"Line":"S109","Sp":"2904.5","X":"646875.5","Y":"9212800.3","NAMOBJ":"Menongo","WADMKC":"Sukodadi","WADMKK":"Lamongan"},"geometry":{"type":"Point","coordinates":[112.3,-7.1]}},{"type":"Feature","properties":{"Line":"S109","Sp":"2908.5","X":"646925.5","Y":"9212800.3","NAMOBJ":"Menongo","WADMKC":"Sukodadi","WADMKK":"Lamongan"},"geometry":{"type":"Point","coordinates":[112.3,-7.1]}},{"type":"Feature","properties":{"Line":"S109","Sp":"2912.5","X":"646975.5","Y":"9212800.3","NAMOBJ":"Menongo","WADMKC":"Sukodadi","WADMKK":"Lamongan"},"geometry":{"type":"Point","coordinates":[112.3,-7.1]}},{"type":"Feature","properties":{"Line":"S109","Sp":"2916.5","X":"647025.5","Y":"9212800.3","NAMOBJ":"Menongo","WADMKC":"Sukodadi","WADMKK":"Lamongan"},"geometry":{"type":"Point","coordinates":[112.3,-7.1]}},{"type":"Feature","properties":{"Line":"S109","Sp":"2920.5","X":"647075.5","Y":"9212800.3","NAMOBJ":"Menongo","WADMKC":"Sukodadi","WADMKK":"Lamongan"},"geometry":{"type":"Point","coordinates":[112.3,-7.1]}},{"type":"Feature","properties":{"Line":"S109","Sp":"2924.5","X":"647125.5","Y":"9212800.3","NAMOBJ":"Menongo","WADMKC":"Sukodadi","WADMKK":"Lamongan"},"geometry":{"type":"Point","coordinates":[112.3,-7.1]}},{"type":"Feature","properties":{"Line":"S109","Sp":"2928.5","X":"647175.5","Y":"9212800.3","NAMOBJ":"Menongo","WADMKC":"Sukodadi","WADMKK":"Lamongan"},"geometry":{"type":"Point","coordinates":[112.3,-7.1]}},{"type":"Feature","properties":{"Line":"S109","Sp":"2932.5","X":"647225.5","Y":"9212800.3","NAMOBJ":"Menongo","WADMKC":"Sukodadi","WADMKK":"Lamongan"},"geometry":{"type":"Point","coordinates":[112.3,-7.1]}},{"type":"Feature","properties":{"Line":"S109","Sp":"2936.5","X":"647275.5","Y":"9212800.3","NAMOBJ":"Menongo","WADMKC":"Sukodadi","WADMKK":"Lamongan"},"geometry":{"type":"Point","coordinates":[112.3,-7.1]}},{"type":"Feature","properties":{"Line":"S109","Sp":"2940.5","X":"647325.5","Y":"9212800.3","NAMOBJ":"Menongo","WADMKC":"Sukodadi","WADMKK":"Lamongan"},"geometry":{"type":"Point","coordinates":[112.3,-7.1]}},{"type":"Feature","properties":{"Line":"S111","Sp":"2852.5","X":"646275.5","Y":"9213800.3","NAMOBJ":"Menongo","WADMKC":"Sukodadi","WADMKK":"Lamongan"},"geometry":{"type":"Point","coordinates":[112.3,-7.1]}},{"type":"Feature","properties":{"Line":"S111","Sp":"2856.5","X":"646325.5","Y":"9213800.3","NAMOBJ":"Menongo","WADMKC":"Sukodadi","WADMKK":"Lamongan"},"geometry":{"type":"Point","coordinates":[112.3,-7.1]}},{"type":"Feature","properties":{"Line":"S111","Sp":"2860.5","X":"646375.5","Y":"9213800.3","NAMOBJ":"Menongo","WADMKC":"Sukodadi","WADMKK":"Lamongan"},"geometry":{"type":"Point","coordinates":[112.3,-7.1]}},{"type":"Feature","properties":{"Line":"S111","Sp":"2864.5","X":"646425.5","Y":"9213800.3","NAMOBJ":"Menongo","WADMKC":"Sukodadi","WADMKK":"Lamongan"},"geometry":{"type":"Point","coordinates":[112.3,-7.1]}},{"type":"Feature","properties":{"Line":"S111","Sp":"2868.5","X":"646475.5","Y":"9213800.3","NAMOBJ":"Menongo","WADMKC":"Sukodadi","WADMKK":"Lamongan"},"geometry":{"type":"Point","coordinates":[112.3,-7.1]}},{"type":"Feature","properties":{"Line":"S111","Sp":"2872.5","X":"646525.5","Y":"9213800.3","NAMOBJ":"Menongo","WADMKC":"Sukodadi","WADMKK":"Lamongan"},"geometry":{"type":"Point","coordinates":[112.3,-7.1]}},{"type":"Feature","properties":{"Line":"S111","Sp":"2876.5","X":"646575.5","Y":"9213800.3","NAMOBJ":"Menongo","WADMKC":"Sukodadi","WADMKK":"Lamongan"},"geometry":{"type":"Point","coordinates":[112.3,-7.1]}},{"type":"Feature","properties":{"Line":"S111","Sp":"2880.5","X":"646625.5","Y":"9213800.3","NAMOBJ":"Menongo","WADMKC":"Sukodadi","WADMKK":"Lamongan"},"geometry":{"type":"Point","coordinates":[112.3,-7.1]}},{"type":"Feature","properties":{"Line":"S111","Sp":"2884.5","X":"646675.5","Y":"9213800.3","NAMOBJ":"Menongo","WADMKC":"Sukodadi","WADMKK":"Lamongan"},"geometry":{"type":"Point","coordinates":[112.3,-7.1]}},{"type":"Feature","properties":{"Line":"S111","Sp":"2888.5","X":"646725.5","Y":"9213800.3","NAMOBJ":"Menongo","WADMKC":"Sukodadi","WADMKK":"Lamongan"},"geometry":{"type":"Point","coordinates":[112.3,-7.1]}},{"type":"Feature","properties":{"Line":"S111","Sp":"2892.5","X":"646775.5","Y":"9213800.3","NAMOBJ":"Menongo","WADMKC":"Sukodadi","WADMKK":"Lamongan"},"geometry":{"type":"Point","coordinates":[112.3,-7.1]}},{"type":"Feature","properties":{"Line":"S111","Sp":"2896.5","X":"646825.5","Y":"9213800.3","NAMOBJ":"Menongo","WADMKC":"Sukodadi","WADMKK":"Lamongan"},"geometry":{"type":"Point","coordinates":[112.3,-7.1]}},{"type":"Feature","properties":{"Line":"S111","Sp":"2900.5","X":"646875.5","Y":"9213800.3","NAMOBJ":"Menongo","WADMKC":"Sukodadi","WADMKK":"Lamongan"},"geometry":{"type":"Point","coordinates":[112.3,-7.1]}},{"type":"Feature","properties":{"Line":"S111","Sp":"2904.5","X":"646925.5","Y":"9213800.3","NAMOBJ":"Menongo","WADMKC":"Sukodadi","WADMKK":"Lamongan"},"geometry":{"type":"Point","coordinates":[112.3,-7.1]}},{"type":"Feature","properties":{"Line":"S113","Sp":"2780.5","X":"646475.5","Y":"9214800.3","NAMOBJ":"Menongo","WADMKC":"Sukodadi","WADMKK":"Lamongan"},"geometry":{"type":"Point","coordinates":[112.3,-7.1]}},{"type":"Feature","properties":{"Line":"S113","Sp":"2784.5","X":"646525.5","Y":"9214800.3","NAMOBJ":"Menongo","WADMKC":"Sukodadi","WADMKK":"Lamongan"},"geometry":{"type":"Point","coordinates":[112.3,-7.1]}},{"type":"Feature","properties":{"Line":"S113","Sp":"2788.5","X":"646575.5","Y":"9214800.3","NAMOBJ":"Menongo","WADMKC":"Sukodadi","WADMKK":"Lamongan"},"geometry":{"type":"Point","coordinates":[112.3,-7.1]}},{"type":"Feature","properties":{"Line":"S113","Sp":"2792.5","X":"646625.5","Y":"9214800.3","NAMOBJ":"Menongo","WADMKC":"Sukodadi","WADMKK":"Lamongan"},"geometry":{"type":"Point","coordinates":[112.3,-7.1]}},{"type":"Feature","properties":{"Line":"S113","Sp":"2796.5","X":"646675.5","Y":"9214800.3","NAMOBJ":"Menongo","WADMKC":"Sukodadi","WADMKK":"Lamongan"},"geometry":{"type":"Point","coordinates":[112.3,-7.1]}},{"type":"Feature","properties":{"Line":"S113","Sp":"2800.5","X":"646725.5","Y":"9214800.3","NAMOBJ":"Menongo","WADMKC":"Sukodadi","WADMKK":"Lamongan"},"geometry":{"type":"Point","coordinates":[112.3,-7.1]}},{"type":"Feature","properties":{"Line":"S113","Sp":"2804.5","X":"646775.5","Y":"9214800.3","NAMOBJ":"Menongo","WADMKC":"Sukodadi","WADMKK":"Lamongan"},"geometry":{"type":"Point","coordinates":[112.3,-7.1]}},{"type":"Feature","properties":{"Line":"S113","Sp":"2808.5","X":"646825.5","Y":"9214800.3","NAMOBJ":"Menongo","WADMKC":"Sukodadi","WADMKK":"Lamongan"},"geometry":{"type":"Point","coordinates":[112.3,-7.1]}},{"type":"Feature","properties":{"Line":"S113","Sp":"2812.5","X":"646875.5","Y":"9214800.3","NAMOBJ":"Menongo","WADMKC":"Sukodadi","WADMKK":"Lamongan"},"geometry":{"type":"Point","coordinates":[112.3,-7.1]}},{"type":"Feature","properties":{"Line":"S113","Sp":"2816.5","X":"646925.5","Y":"9214800.3","NAMOBJ":"Menongo","WADMKC":"Sukodadi","WADMKK":"Lamongan"},"geometry":{"type":"Point","coordinates":[112.3,-7.1]}},{"type":"Feature","properties":{"Line":"S113","Sp":"2820.5","X":"646975.5","Y":"9214800.3","NAMOBJ":"Menongo","WADMKC":"Sukodadi","WADMKK":"Lamongan"},"geometry":{"type":"Point","coordinates":[112.3,-7.1]}},{"type":"Feature","properties":{"Line":"S113","Sp":"2824.5","X":"647025.5","Y":"9214800.3","NAMOBJ":"Menongo","WADMKC":"Sukodadi","WADMKK":"Lamongan"},"geometry":{"type":"Point","coordinates":[112.3,-7.1]}},{"type":"Feature","properties":{"Line":"S113","Sp":"2828.5","X":"647075.5","Y":"9214800.3","NAMOBJ":"Menongo","WADMKC":"Sukodadi","WADMKK":"Lamongan"},"geometry":{"type":"Point","coordinates":[112.3,-7.1]}},{"type":"Feature","properties":{"Line":"S113","Sp":"2832.5","X":"647125.5","Y":"9214800.3","NAMOBJ":"Menongo","WADMKC":"Sukodadi","WADMKK":"Lamongan"},"geometry":{"type":"Point","coordinates":[112.3,-7.1]}},{"type":"Feature","properties":{"Line":"S113","Sp":"2836.5","X":"647175.5","Y":"9214800.3","NAMOBJ":"Menongo","WADMKC":"Sukodadi","WADMKK":"Lamongan"},"geometry":{"type":"Point","coordinates":[112.3,-7.1]}},{"type":"Feature","properties":{"Line":"S113","Sp":"2840.5","X":"647225.5","Y":"9214800.3","NAMOBJ":"Menongo","WADMKC":"Sukodadi","WADMKK":"Lamongan"},"geometry":{"type":"Point","coordinates":[112.3,-7.1]}},{"type":"Feature","properties":{"Line":"S113","Sp":"2844.5","X":"647275.5","Y":"9214800.3","NAMOBJ":"Menongo","WADMKC":"Sukodadi","WADMKK":"Lamongan"},"geometry":{"type":"Point","coordinates":[112.3,-7.1]}},{"type":"Feature","properties":{"Line":"S134","Sp":"1980.5","X":"646300.5","Y":"9214625.3","NAMOBJ":"Menongo","WADMKC":"Sukodadi","WADMKK":"Lamongan"},"geometry":{"type":"Point","coordinates":[112.3,-7.1]}},{"type":"Feature","properties":{"Line":"S134","Sp":"1984.5","X":"646300.5","Y":"9214575.3","NAMOBJ":"Menongo","WADMKC":"Sukodadi","WADMKK":"Lamongan"},"geometry":{"type":"Point","coordinates":[112.3,-7.1]}},{"type":"Feature","properties":{"Line":"S134","Sp":"1988.5","X":"646300.5","Y":"9214525.3","NAMOBJ":"Menongo","WADMKC":"Sukodadi","WADMKK":"Lamongan"},"geometry":{"type":"Point","coordinates":[112.3,-7.1]}},{"type":"Feature","properties":{"Line":"S134","Sp":"1992.5","X":"646300.5","Y":"9214475.3","NAMOBJ":"Menongo","WADMKC":"Sukodadi","WADMKK":"Lamongan"},"geometry":{"type":"Point","coordinates":[112.3,-7.1]}},{"type":"Feature","properties":{"Line":"S134","Sp":"1996.5","X":"646300.5","Y":"9214425.3","NAMOBJ":"Menongo","WADMKC":"Sukodadi","WADMKK":"Lamongan"},"geometry":{"type":"Point","coordinates":[112.3,-7.1]}},{"type":"Feature","properties":{"Line":"S134","Sp":"2000.5","X":"646300.5","Y":"9214375.3","NAMOBJ":"Menongo","WADMKC":"Sukodadi","WADMKK":"Lamongan"},"geometry":{"type":"Point","coordinates":[112.3,-7.1]}},{"type":"Feature","properties":{"Line":"S134","Sp":"2004.5","X":"646300.5","Y":"9214325.3","NAMOBJ":"Menongo","WADMKC":"Sukodadi","WADMKK":"Lamongan"},"geometry":{"type":"Point","coordinates":[112.3,-7.1]}},{"type":"Feature","properties":{"Line":"S134","Sp":"2008.5","X":"646300.5","Y":"9214275.3","NAMOBJ":"Menongo","WADMKC":"Sukodadi","WADMKK":"Lamongan"},"geometry":{"type":"Point","coordinates":[112.3,-7.1]}},{"type":"Feature","properties":{"Line":"S134","Sp":"2012.5","X":"646300.5","Y":"9214225.3","NAMOBJ":"Menongo","WADMKC":"Sukodadi","WADMKK":"Lamongan"},"geometry":{"type":"Point","coordinates":[112.3,-7.1]}},{"type":"Feature","properties":{"Line":"S134","Sp":"2016.5","X":"646300.5","Y":"9214175.3","NAMOBJ":"Menongo","WADMKC":"Sukodadi","WADMKK":"Lamongan"},"geometry":{"type":"Point","coordinates":[112.3,-7.1]}},{"type":"Feature","properties":{"Line":"S134","Sp":"2020.5","X":"646300.5","Y":"9214125.3","NAMOBJ":"Menongo","WADMKC":"Sukodadi","WADMKK":"Lamongan"},"geometry":{"type":"Point","coordinates":[112.3,-7.1]}},{"type":"Feature","properties":{"Line":"S134","Sp":"2024.5","X":"646300.5","Y":"9214075.3","NAMOBJ":"Menongo","WADMKC":"Sukodadi","WADMKK":"Lamongan"},"geometry":{"type":"Point","coordinates":[112.3,-7.1]}},{"type":"Feature","properties":{"Line":"S134","Sp":"2028.5","X":"646300.5","Y":"9214025.3","NAMOBJ":"Menongo","WADMKC":"Sukodadi","WADMKK":"Lamongan"},"geometry":{"type":"Point","coordinates":[112.3,-7.1]}},{"type":"Feature","properties":{"Line":"S134","Sp":"2032.5","X":"646300.5","Y":"9213975.3","NAMOBJ":"Menongo","WADMKC":"Sukodadi","WADMKK":"Lamongan"},"geometry":{"type":"Point","coordinates":[112.3,-7.1]}},{"type":"Feature","properties":{"Line":"S134","Sp":"2036.5","X":"646300.5","Y":"9213925.3","NAMOBJ":"Menongo","WADMKC":"Sukodadi","WADMKK":"Lamongan"},"geometry":{"type":"Point","coordinates":[112.3,-7.1]}},{"type":"Feature","properties":{"Line":"S134","Sp":"2040.5","X":"646300.5","Y":"9213875.3","NAMOBJ":"Menongo","WADMKC":"Sukodadi","WADMKK":"Lamongan"},"geometry":{"type":"Point","coordinates":[112.3,-7.1]}},{"type":"Feature","properties":{"Line":"S134","Sp":"2044.5","X":"646300.5","Y":"9213825.3","NAMOBJ":"Menongo","WADMKC":"Sukodadi","WADMKK":"Lamongan"},"geometry":{"type":"Point","coordinates":[112.3,-7.1]}},{"type":"Feature","properties":{"Line":"S134","Sp":"2048.5","X":"646300.5","Y":"9213775.3","NAMOBJ":"Menongo","WADMKC":"Sukodadi","WADMKK":"Lamongan"},"geometry":{"type":"Point","coordinates":[112.3,-7.1]}},{"type":"Feature","properties":{"Line":"S134","Sp":"2052.5","X":"646300.5","Y":"9213725.3","NAMOBJ":"Menongo","WADMKC":"Sukodadi","WADMKK":"Lamongan"},"geometry":{"type":"Point","coordinates":[112.3,-7.1]}},{"type":"Feature","properties":{"Line":"S134","Sp":"2056.5","X":"646300.5","Y":"9213675.3","NAMOBJ":"Menongo","WADMKC":"Sukodadi","WADMKK":"Lamongan"},"geometry":{"type":"Point","coordinates":[112.3,-7.1]}},{"type":"Feature","properties":{"Line":"S134","Sp":"2060.5","X":"646300.5","Y":"9213625.3","NAMOBJ":"Menongo","WADMKC":"Sukodadi","WADMKK":"Lamongan"},"geometry":{"type":"Point","coordinates":[112.3,-7.1]}},{"type":"Feature","properties":{"Line":"S134","Sp":"2064.5","X":"646300.5","Y":"9213575.3","NAMOBJ":"Menongo","WADMKC":"Sukodadi","WADMKK":"Lamongan"},"geometry":{"type":"Point","coordinates":[112.3,-7.1]}},{"type":"Feature","properties":{"Line":"S134","Sp":"2068.5","X":"646300.5","Y":"9213525.3","NAMOBJ":"Menongo","WADMKC":"Sukodadi","WADMKK":"Lamongan"},"geometry":{"type":"Point","coordinates":[112.3,-7.1]}},{"type":"Feature","properties":{"Line":"S134","Sp":"2072.5","X":"646300.5","Y":"9213475.3","NAMOBJ":"Menongo","WADMKC":"Sukodadi","WADMKK":"Lamongan"},"geometry":{"type":"Point","coordinates":[112.3,-7.1]}},{"type":"Feature","properties":{"Line":"S134","Sp":"2076.5","X":"646300.5","Y":"9213425.3","NAMOBJ":"Menongo","WADMKC":"Sukodadi","WADMKK":"Lamongan"},"geometry":{"type":"Point","coordinates":[112.3,-7.1]}},{"type":"Feature","properties":{"Line":"S134","Sp":"2080.5","X":"646300.5","Y":"9213375.3","NAMOBJ":"Menongo","WADMKC":"Sukodadi","WADMKK":"Lamongan"},"geometry":{"type":"Point","coordinates":[112.3,-7.1]}},{"type":"Feature","properties":{"Line":"S134","Sp":"2084.5","X":"646300.5","Y":"9213325.3","NAMOBJ":"Menongo","WADMKC":"Sukodadi","WADMKK":"Lamongan"},"geometry":{"type":"Point","coordinates":[112.3,-7.1]}},{"type":"Feature","properties":{"Line":"S134","Sp":"2088.5","X":"646300.5","Y":"9213275.3","NAMOBJ":"Menongo","WADMKC":"Sukodadi","WADMKK":"Lamongan"},"geometry":{"type":"Point","coordinates":[112.3,-7.1]}},{"type":"Feature","properties":{"Line":"S134","Sp":"2092.5","X":"646300.5","Y":"9213225.3","NAMOBJ":"Menongo","WADMKC":"Sukodadi","WADMKK":"Lamongan"},"geometry":{"type":"Point","coordinates":[112.3,-7.1]}},{"type":"Feature","properties":{"Line":"S134","Sp":"2096.5","X":"646300.5","Y":"9213175.3","NAMOBJ":"Menongo","WADMKC":"Sukodadi","WADMKK":"Lamongan"},"geometry":{"type":"Point","coordinates":[112.3,-7.1]}},{"type":"Feature","properties":{"Line":"S134","Sp":"2100.5","X":"646300.5","Y":"9213125.3","NAMOBJ":"Menongo","WADMKC":"Sukodadi","WADMKK":"Lamongan"},"geometry":{"type":"Point","coordinates":[112.3,-7.1]}},{"type":"Feature","properties":{"Line":"S134","Sp":"2104.5","X":"646300.5","Y":"9213075.3","NAMOBJ":"Menongo","WADMKC":"Sukodadi","WADMKK":"Lamongan"},"geometry":{"type":"Point","coordinates":[112.3,-7.1]}},{"type":"Feature","properties":{"Line":"S134","Sp":"2108.5","X":"646300.5","Y":"9213025.3","NAMOBJ":"Menongo","WADMKC":"Sukodadi","WADMKK":"Lamongan"},"geometry":{"type":"Point","coordinates":[112.3,-7.1]}},{"type":"Feature","properties":{"Line":"S134","Sp":"2112.5","X":"646300.5","Y":"9212975.3","NAMOBJ":"Menongo","WADMKC":"Sukodadi","WADMKK":"Lamongan"},"geometry":{"type":"Point","coordinates":[112.3,-7.1]}},{"type":"Feature","properties":{"Line":"S134","Sp":"2116.5","X":"646300.5","Y":"9212925.3","NAMOBJ":"Menongo","WADMKC":"Sukodadi","WADMKK":"Lamongan"},"geometry":{"type":"Point","coordinates":[112.3,-7.1]}},{"type":"Feature","properties":{"Line":"S134","Sp":"2120.5","X":"646300.5","Y":"9212875.3","NAMOBJ":"Menongo","WADMKC":"Sukodadi","WADMKK":"Lamongan"},"geometry":{"type":"Point","coordinates":[112.3,-7.1]}},{"type":"Feature","properties":{"Line":"S134","Sp":"2124.5","X":"646300.5","Y":"9212825.3","NAMOBJ":"Menongo","WADMKC":"Sukodadi","WADMKK":"Lamongan"},"geometry":{"type":"Point","coordinates":[112.3,-7.1]}},{"type":"Feature","properties":{"Line":"S134","Sp":"2128.5","X":"646300.5","Y":"9212775.3","NAMOBJ":"Menongo","WADMKC":"Sukodadi","WADMKK":"Lamongan"},"geometry":{"type":"Point","coordinates":[112.3,-7.1]}},{"type":"Feature","properties":{"Line":"S134","Sp":"2132.5","X":"646300.5","Y":"9212725.3","NAMOBJ":"Menongo","WADMKC":"Sukodadi","WADMKK":"Lamongan"},"geometry":{"type":"Point","coordinates":[112.3,-7.1]}},{"type":"Feature","properties":{"Line":"S134","Sp":"2136.5","X":"646300.5","Y":"9212675.3","NAMOBJ":"Menongo","WADMKC":"Sukodadi","WADMKK":"Lamongan"},"geometry":{"type":"Point","coordinates":[112.3,-7.1]}},{"type":"Feature","properties":{"Line":"S134","Sp":"2140.5","X":"646300.5","Y":"9212625.3","NAMOBJ":"Menongo","WADMKC":"Sukodadi","WADMKK":"Lamongan"},"geometry":{"type":"Point","coordinates":[112.3,-7.1]}},{"type":"Feature","properties":{"Line":"S134","Sp":"2144.5","X":"646300.5","Y":"9212575.3","NAMOBJ":"Menongo","WADMKC":"Sukodadi","WADMKK":"Lamongan"},"geometry":{"type":"Point","coordinates":[112.3,-7.1]}},{"type":"Feature","properties":{"Line":"S134","Sp":"2148.5","X":"646300.5","Y":"9212525.3","NAMOBJ":"Menongo","WADMKC":"Sukodadi","WADMKK":"Lamongan"},"geometry":{"type":"Point","coordinates":[112.3,-7.1]}},{"type":"Feature","properties":{"Line":"S134","Sp":"2152.5","X":"646300.5","Y":"9212475.3","NAMOBJ":"Menongo","WADMKC":"Sukodadi","WADMKK":"Lamongan"},"geometry":{"type":"Point","coordinates":[112.3,-7.1]}},{"type":"Feature","properties":{"Line":"S134","Sp":"2156.5","X":"646300.5","Y":"9212425.3","NAMOBJ":"Menongo","WADMKC":"Sukodadi","WADMKK":"Lamongan"},"geometry":{"type":"Point","coordinates":[112.3,-7.1]}},{"type":"Feature","properties":{"Line":"S134","Sp":"2160.5","X":"646300.5","Y":"9212375.3","NAMOBJ":"Menongo","WADMKC":"Sukodadi","WADMKK":"Lamongan"},"geometry":{"type":"Point","coordinates":[112.3,-7.1]}},{"type":"Feature","properties":{"Line":"S134","Sp":"2164.5","X":"646300.5","Y":"9212325.3","NAMOBJ":"Menongo","WADMKC":"Sukodadi","WADMKK":"Lamongan"},"geometry":{"type":"Point","coordinates":[112.3,-7.1]}},{"type":"Feature","properties":{"Line":"S134","Sp":"2168.5","X":"646300.5","Y":"9212275.3","NAMOBJ":"Menongo","WADMKC":"Sukodadi","WADMKK":"Lamongan"},"geometry":{"type":"Point","coordinates":[112.3,-7.1]}},{"type":"Feature","properties":{"Line":"S134","Sp":"2172.5","X":"646300.5","Y":"9212225.3","NAMOBJ":"Menongo","WADMKC":"Sukodadi","WADMKK":"Lamongan"},"geometry":{"type":"Point","coordinates":[112.3,-7.1]}},{"type":"Feature","properties":{"Line":"S136","Sp":"1960.5","X":"647300.5","Y":"9214875.3","NAMOBJ":"Menongo","WADMKC":"Sukodadi","WADMKK":"Lamongan"},"geometry":{"type":"Point","coordinates":[112.3,-7.1]}},{"type":"Feature","properties":{"Line":"S136","Sp":"1964.5","X":"647300.5","Y":"9214825.3","NAMOBJ":"Menongo","WADMKC":"Sukodadi","WADMKK":"Lamongan"},"geometry":{"type":"Point","coordinates":[112.3,-7.1]}},{"type":"Feature","properties":{"Line":"S136","Sp":"2000.5","X":"647300.5","Y":"9214375.3","NAMOBJ":"Menongo","WADMKC":"Sukodadi","WADMKK":"Lamongan"},"geometry":{"type":"Point","coordinates":[112.3,-7.1]}},{"type":"Feature","properties":{"Line":"S136","Sp":"2004.5","X":"647300.5","Y":"9214325.3","NAMOBJ":"Menongo","WADMKC":"Sukodadi","WADMKK":"Lamongan"},"geometry":{"type":"Point","coordinates":[112.3,-7.1]}},{"type":"Feature","properties":{"Line":"S136","Sp":"2008.5","X":"647300.5","Y":"9214275.3","NAMOBJ":"Menongo","WADMKC":"Sukodadi","WADMKK":"Lamongan"},"geometry":{"type":"Point","coordinates":[112.3,-7.1]}},{"type":"Feature","properties":{"Line":"S136","Sp":"2012.5","X":"647300.5","Y":"9214225.3","NAMOBJ":"Menongo","WADMKC":"Sukodadi","WADMKK":"Lamongan"},"geometry":{"type":"Point","coordinates":[112.3,-7.1]}},{"type":"Feature","properties":{"Line":"S136","Sp":"2016.5","X":"647300.5","Y":"9214175.3","NAMOBJ":"Menongo","WADMKC":"Sukodadi","WADMKK":"Lamongan"},"geometry":{"type":"Point","coordinates":[112.3,-7.1]}},{"type":"Feature","properties":{"Line":"S136","Sp":"2020.5","X":"647300.5","Y":"9214125.3","NAMOBJ":"Menongo","WADMKC":"Sukodadi","WADMKK":"Lamongan"},"geometry":{"type":"Point","coordinates":[112.3,-7.1]}},{"type":"Feature","properties":{"Line":"S136","Sp":"2024.5","X":"647300.5","Y":"9214075.3","NAMOBJ":"Menongo","WADMKC":"Sukodadi","WADMKK":"Lamongan"},"geometry":{"type":"Point","coordinates":[112.3,-7.1]}},{"type":"Feature","properties":{"Line":"S136","Sp":"2028.5","X":"647300.5","Y":"9214025.3","NAMOBJ":"Menongo","WADMKC":"Sukodadi","WADMKK":"Lamongan"},"geometry":{"type":"Point","coordinates":[112.3,-7.1]}},{"type":"Feature","properties":{"Line":"S136","Sp":"2032.5","X":"647300.5","Y":"9213975.3","NAMOBJ":"Menongo","WADMKC":"Sukodadi","WADMKK":"Lamongan"},"geometry":{"type":"Point","coordinates":[112.3,-7.1]}},{"type":"Feature","properties":{"Line":"S136","Sp":"2096.5","X":"647300.5","Y":"9213175.3","NAMOBJ":"Menongo","WADMKC":"Sukodadi","WADMKK":"Lamongan"},"geometry":{"type":"Point","coordinates":[112.3,-7.1]}},{"type":"Feature","properties":{"Line":"S136","Sp":"2100.5","X":"647300.5","Y":"9213125.3","NAMOBJ":"Menongo","WADMKC":"Sukodadi","WADMKK":"Lamongan"},"geometry":{"type":"Point","coordinates":[112.3,-7.1]}},{"type":"Feature","properties":{"Line":"S136","Sp":"2104.5","X":"647300.5","Y":"9213075.3","NAMOBJ":"Menongo","WADMKC":"Sukodadi","WADMKK":"Lamongan"},"geometry":{"type":"Point","coordinates":[112.3,-7.1]}},{"type":"Feature","properties":{"Line":"S136","Sp":"2108.5","X":"647300.5","Y":"9213025.3","NAMOBJ":"Menongo","WADMKC":"Sukodadi","WADMKK":"Lamongan"},"geometry":{"type":"Point","coordinates":[112.3,-7.1]}},{"type":"Feature","properties":{"Line":"S136","Sp":"2112.5","X":"647300.5","Y":"9212975.3","NAMOBJ":"Menongo","WADMKC":"Sukodadi","WADMKK":"Lamongan"},"geometry":{"type":"Point","coordinates":[112.3,-7.1]}},{"type":"Feature","properties":{"Line":"S136","Sp":"2116.5","X":"647300.5","Y":"9212925.3","NAMOBJ":"Menongo","WADMKC":"Sukodadi","WADMKK":"Lamongan"},"geometry":{"type":"Point","coordinates":[112.3,-7.1]}},{"type":"Feature","properties":{"Line":"S136","Sp":"2120.5","X":"647300.5","Y":"9212875.3","NAMOBJ":"Menongo","WADMKC":"Sukodadi","WADMKK":"Lamongan"},"geometry":{"type":"Point","coordinates":[112.3,-7.1]}},{"type":"Feature","properties":{"Line":"S136","Sp":"2124.5","X":"647300.5","Y":"9212825.3","NAMOBJ":"Menongo","WADMKC":"Sukodadi","WADMKK":"Lamongan"},"geometry":{"type":"Point","coordinates":[112.3,-7.1]}},{"type":"Feature","properties":{"Line":"S136","Sp":"2128.5","X":"647300.5","Y":"9212775.3","NAMOBJ":"Menongo","WADMKC":"Sukodadi","WADMKK":"Lamongan"},"geometry":{"type":"Point","coordinates":[112.3,-7.1]}},{"type":"Feature","properties":{"Line":"S136","Sp":"2132.5","X":"647300.5","Y":"9212725.3","NAMOBJ":"Menongo","WADMKC":"Sukodadi","WADMKK":"Lamongan"},"geometry":{"type":"Point","coordinates":[112.3,-7.1]}},{"type":"Feature","properties":{"Line":"S136","Sp":"2136.5","X":"647300.5","Y":"9212675.3","NAMOBJ":"Menongo","WADMKC":"Sukodadi","WADMKK":"Lamongan"},"geometry":{"type":"Point","coordinates":[112.3,-7.1]}},{"type":"Feature","properties":{"Line":"S121","Sp":"2692.5","X":"644125.5","Y":"9218800.3","NAMOBJ":"Ngambeg","WADMKC":"Pucuk","WADMKK":"Lamongan"},"geometry":{"type":"Point","coordinates":[112.3,-7.1]}},{"type":"Feature","properties":{"Line":"S121","Sp":"2696.5","X":"644175.5","Y":"9218800.3","NAMOBJ":"Ngambeg","WADMKC":"Pucuk","WADMKK":"Lamongan"},"geometry":{"type":"Point","coordinates":[112.3,-7.1]}},{"type":"Feature","properties":{"Line":"S121","Sp":"2700.5","X":"644225.5","Y":"9218800.3","NAMOBJ":"Ngambeg","WADMKC":"Pucuk","WADMKK":"Lamongan"},"geometry":{"type":"Point","coordinates":[112.3,-7.1]}},{"type":"Feature","properties":{"Line":"S121","Sp":"2704.5","X":"644275.5","Y":"9218800.3","NAMOBJ":"Ngambeg","WADMKC":"Pucuk","WADMKK":"Lamongan"},"geometry":{"type":"Point","coordinates":[112.3,-7.1]}},{"type":"Feature","properties":{"Line":"S121","Sp":"2708.5","X":"644325.5","Y":"9218800.3","NAMOBJ":"Ngambeg","WADMKC":"Pucuk","WADMKK":"Lamongan"},"geometry":{"type":"Point","coordinates":[112.3,-7.1]}},{"type":"Feature","properties":{"Line":"S121","Sp":"2712.5","X":"644375.5","Y":"9218800.3","NAMOBJ":"Ngambeg","WADMKC":"Pucuk","WADMKK":"Lamongan"},"geometry":{"type":"Point","coordinates":[112.3,-7.1]}},{"type":"Feature","properties":{"Line":"S121","Sp":"2716.5","X":"644425.5","Y":"9218800.3","NAMOBJ":"Ngambeg","WADMKC":"Pucuk","WADMKK":"Lamongan"},"geometry":{"type":"Point","coordinates":[112.3,-7.1]}},{"type":"Feature","properties":{"Line":"S121","Sp":"2720.5","X":"644475.5","Y":"9218800.3","NAMOBJ":"Ngambeg","WADMKC":"Pucuk","WADMKK":"Lamongan"},"geometry":{"type":"Point","coordinates":[112.3,-7.1]}},{"type":"Feature","properties":{"Line":"S121","Sp":"2724.5","X":"644525.5","Y":"9218800.3","NAMOBJ":"Ngambeg","WADMKC":"Pucuk","WADMKK":"Lamongan"},"geometry":{"type":"Point","coordinates":[112.3,-7.1]}},{"type":"Feature","properties":{"Line":"S121","Sp":"2728.5","X":"644575.5","Y":"9218800.3","NAMOBJ":"Ngambeg","WADMKC":"Pucuk","WADMKK":"Lamongan"},"geometry":{"type":"Point","coordinates":[112.3,-7.1]}},{"type":"Feature","properties":{"Line":"S121","Sp":"2732.5","X":"644625.5","Y":"9218800.3","NAMOBJ":"Ngambeg","WADMKC":"Pucuk","WADMKK":"Lamongan"},"geometry":{"type":"Point","coordinates":[112.3,-7.1]}},{"type":"Feature","properties":{"Line":"S121","Sp":"2736.5","X":"644675.5","Y":"9218800.3","NAMOBJ":"Ngambeg","WADMKC":"Pucuk","WADMKK":"Lamongan"},"geometry":{"type":"Point","coordinates":[112.3,-7.1]}},{"type":"Feature","properties":{"Line":"S121","Sp":"2740.5","X":"644725.5","Y":"9218800.3","NAMOBJ":"Ngambeg","WADMKC":"Pucuk","WADMKK":"Lamongan"},"geometry":{"type":"Point","coordinates":[112.3,-7.1]}},{"type":"Feature","properties":{"Line":"S121","Sp":"2744.5","X":"644775.5","Y":"9218800.3","NAMOBJ":"Ngambeg","WADMKC":"Pucuk","WADMKK":"Lamongan"},"geometry":{"type":"Point","coordinates":[112.3,-7.1]}},{"type":"Feature","properties":{"Line":"S121","Sp":"2748.5","X":"644825.5","Y":"9218800.3","NAMOBJ":"Ngambeg","WADMKC":"Pucuk","WADMKK":"Lamongan"},"geometry":{"type":"Point","coordinates":[112.3,-7.1]}},{"type":"Feature","properties":{"Line":"S121","Sp":"2752.5","X":"644875.5","Y":"9218800.3","NAMOBJ":"Ngambeg","WADMKC":"Pucuk","WADMKK":"Lamongan"},"geometry":{"type":"Point","coordinates":[112.3,-7.1]}},{"type":"Feature","properties":{"Line":"S121","Sp":"2756.5","X":"644925.5","Y":"9218800.3","NAMOBJ":"Ngambeg","WADMKC":"Pucuk","WADMKK":"Lamongan"},"geometry":{"type":"Point","coordinates":[112.3,-7.1]}},{"type":"Feature","properties":{"Line":"S121","Sp":"2760.5","X":"644975.5","Y":"9218800.3","NAMOBJ":"Ngambeg","WADMKC":"Pucuk","WADMKK":"Lamongan"},"geometry":{"type":"Point","coordinates":[112.3,-7.1]}},{"type":"Feature","properties":{"Line":"S121","Sp":"2764.5","X":"645025.5","Y":"9218800.3","NAMOBJ":"Ngambeg","WADMKC":"Pucuk","WADMKK":"Lamongan"},"geometry":{"type":"Point","coordinates":[112.3,-7.1]}},{"type":"Feature","properties":{"Line":"S121","Sp":"2768.5","X":"645075.5","Y":"9218800.3","NAMOBJ":"Ngambeg","WADMKC":"Pucuk","WADMKK":"Lamongan"},"geometry":{"type":"Point","coordinates":[112.3,-7.1]}},{"type":"Feature","properties":{"Line":"S121","Sp":"2772.5","X":"645125.5","Y":"9218800.3","NAMOBJ":"Ngambeg","WADMKC":"Pucuk","WADMKK":"Lamongan"},"geometry":{"type":"Point","coordinates":[112.3,-7.1]}},{"type":"Feature","properties":{"Line":"S121","Sp":"2776.5","X":"645175.5","Y":"9218800.3","NAMOBJ":"Ngambeg","WADMKC":"Pucuk","WADMKK":"Lamongan"},"geometry":{"type":"Point","coordinates":[112.3,-7.1]}},{"type":"Feature","properties":{"Line":"S121","Sp":"2780.5","X":"645225.5","Y":"9218800.3","NAMOBJ":"Ngambeg","WADMKC":"Pucuk","WADMKK":"Lamongan"},"geometry":{"type":"Point","coordinates":[112.3,-7.1]}},{"type":"Feature","properties":{"Line":"S121","Sp":"2784.5","X":"645275.5","Y":"9218800.3","NAMOBJ":"Ngambeg","WADMKC":"Pucuk","WADMKK":"Lamongan"},"geometry":{"type":"Point","coordinates":[112.3,-7.1]}},{"type":"Feature","properties":{"Line":"S123","Sp":"2628.5","X":"643275.5","Y":"9219800.3","NAMOBJ":"Ngambeg","WADMKC":"Pucuk","WADMKK":"Lamongan"},"geometry":{"type":"Point","coordinates":[112.3,-7.1]}},{"type":"Feature","properties":{"Line":"S123","Sp":"2632.5","X":"643325.5","Y":"9219800.3","NAMOBJ":"Ngambeg","WADMKC":"Pucuk","WADMKK":"Lamongan"},"geometry":{"type":"Point","coordinates":[112.3,-7.1]}},{"type":"Feature","properties":{"Line":"S123","Sp":"2636.5","X":"643375.5","Y":"9219800.3","NAMOBJ":"Ngambeg","WADMKC":"Pucuk","WADMKK":"Lamongan"},"geometry":{"type":"Point","coordinates":[112.3,-7.1]}},{"type":"Feature","properties":{"Line":"S123","Sp":"2640.5","X":"643425.5","Y":"9219800.3","NAMOBJ":"Ngambeg","WADMKC":"Pucuk","WADMKK":"Lamongan"},"geometry":{"type":"Point","coordinates":[112.3,-7.1]}},{"type":"Feature","properties":{"Line":"S123","Sp":"2644.5","X":"643475.5","Y":"9219800.3","NAMOBJ":"Ngambeg","WADMKC":"Pucuk","WADMKK":"Lamongan"},"geometry":{"type":"Point","coordinates":[112.3,-7.1]}},{"type":"Feature","properties":{"Line":"S123","Sp":"2648.5","X":"643525.5","Y":"9219800.3","NAMOBJ":"Ngambeg","WADMKC":"Pucuk","WADMKK":"Lamongan"},"geometry":{"type":"Point","coordinates":[112.3,-7.1]}},{"type":"Feature","properties":{"Line":"S123","Sp":"2652.5","X":"643575.5","Y":"9219800.3","NAMOBJ":"Ngambeg","WADMKC":"Pucuk","WADMKK":"Lamongan"},"geometry":{"type":"Point","coordinates":[112.3,-7.1]}},{"type":"Feature","properties":{"Line":"S123","Sp":"2656.5","X":"643625.5","Y":"9219800.3","NAMOBJ":"Ngambeg","WADMKC":"Pucuk","WADMKK":"Lamongan"},"geometry":{"type":"Point","coordinates":[112.3,-7.1]}},{"type":"Feature","properties":{"Line":"S123","Sp":"2660.5","X":"643675.5","Y":"9219800.3","NAMOBJ":"Ngambeg","WADMKC":"Pucuk","WADMKK":"Lamongan"},"geometry":{"type":"Point","coordinates":[112.3,-7.1]}},{"type":"Feature","properties":{"Line":"S123","Sp":"2664.5","X":"643725.5","Y":"9219800.3","NAMOBJ":"Ngambeg","WADMKC":"Pucuk","WADMKK":"Lamongan"},"geometry":{"type":"Point","coordinates":[112.3,-7.1]}},{"type":"Feature","properties":{"Line":"S123","Sp":"2668.5","X":"643775.5","Y":"9219800.3","NAMOBJ":"Ngambeg","WADMKC":"Pucuk","WADMKK":"Lamongan"},"geometry":{"type":"Point","coordinates":[112.3,-7.1]}},{"type":"Feature","properties":{"Line":"S123","Sp":"2672.5","X":"643825.5","Y":"9219800.3","NAMOBJ":"Ngambeg","WADMKC":"Pucuk","WADMKK":"Lamongan"},"geometry":{"type":"Point","coordinates":[112.3,-7.1]}},{"type":"Feature","properties":{"Line":"S123","Sp":"2676.5","X":"643875.5","Y":"9219800.3","NAMOBJ":"Ngambeg","WADMKC":"Pucuk","WADMKK":"Lamongan"},"geometry":{"type":"Point","coordinates":[112.3,-7.1]}},{"type":"Feature","properties":{"Line":"S123","Sp":"2680.5","X":"643925.5","Y":"9219800.3","NAMOBJ":"Ngambeg","WADMKC":"Pucuk","WADMKK":"Lamongan"},"geometry":{"type":"Point","coordinates":[112.3,-7.1]}},{"type":"Feature","properties":{"Line":"S123","Sp":"2684.5","X":"643975.5","Y":"9219800.3","NAMOBJ":"Ngambeg","WADMKC":"Pucuk","WADMKK":"Lamongan"},"geometry":{"type":"Point","coordinates":[112.3,-7.1]}},{"type":"Feature","properties":{"Line":"S123","Sp":"2688.5","X":"644025.5","Y":"9219800.3","NAMOBJ":"Ngambeg","WADMKC":"Pucuk","WADMKK":"Lamongan"},"geometry":{"type":"Point","coordinates":[112.3,-7.1]}},{"type":"Feature","properties":{"Line":"S123","Sp":"2692.5","X":"644075.5","Y":"9219800.3","NAMOBJ":"Ngambeg","WADMKC":"Pucuk","WADMKK":"Lamongan"},"geometry":{"type":"Point","coordinates":[112.3,-7.1]}},{"type":"Feature","properties":{"Line":"S123","Sp":"2696.5","X":"644125.5","Y":"9219800.3","NAMOBJ":"Ngambeg","WADMKC":"Pucuk","WADMKK":"Lamongan"},"geometry":{"type":"Point","coordinates":[112.3,-7.1]}},{"type":"Feature","properties":{"Line":"S123","Sp":"2700.5","X":"644175.5","Y":"9219800.3","NAMOBJ":"Ngambeg","WADMKC":"Pucuk","WADMKK":"Lamongan"},"geometry":{"type":"Point","coordinates":[112.3,-7.1]}},{"type":"Feature","properties":{"Line":"S123","Sp":"2704.5","X":"644225.5","Y":"9219800.3","NAMOBJ":"Ngambeg","WADMKC":"Pucuk","WADMKK":"Lamongan"},"geometry":{"type":"Point","coordinates":[112.3,-7.1]}},{"type":"Feature","properties":{"Line":"S123","Sp":"2708.5","X":"644275.5","Y":"9219800.3","NAMOBJ":"Ngambeg","WADMKC":"Pucuk","WADMKK":"Lamongan"},"geometry":{"type":"Point","coordinates":[112.3,-7.1]}},{"type":"Feature","properties":{"Line":"S123","Sp":"2712.5","X":"644325.5","Y":"9219800.3","NAMOBJ":"Ngambeg","WADMKC":"Pucuk","WADMKK":"Lamongan"},"geometry":{"type":"Point","coordinates":[112.3,-7.1]}},{"type":"Feature","properties":{"Line":"S123","Sp":"2716.5","X":"644375.5","Y":"9219800.3","NAMOBJ":"Ngambeg","WADMKC":"Pucuk","WADMKK":"Lamongan"},"geometry":{"type":"Point","coordinates":[112.3,-7.1]}},{"type":"Feature","properties":{"Line":"S123","Sp":"2720.5","X":"644425.5","Y":"9219800.3","NAMOBJ":"Ngambeg","WADMKC":"Pucuk","WADMKK":"Lamongan"},"geometry":{"type":"Point","coordinates":[112.3,-7.1]}},{"type":"Feature","properties":{"Line":"S123","Sp":"2724.5","X":"644475.5","Y":"9219800.3","NAMOBJ":"Ngambeg","WADMKC":"Pucuk","WADMKK":"Lamongan"},"geometry":{"type":"Point","coordinates":[112.3,-7.1]}},{"type":"Feature","properties":{"Line":"S123","Sp":"2728.5","X":"644525.5","Y":"9219800.3","NAMOBJ":"Ngambeg","WADMKC":"Pucuk","WADMKK":"Lamongan"},"geometry":{"type":"Point","coordinates":[112.3,-7.1]}},{"type":"Feature","properties":{"Line":"S123","Sp":"2732.5","X":"644575.5","Y":"9219800.3","NAMOBJ":"Ngambeg","WADMKC":"Pucuk","WADMKK":"Lamongan"},"geometry":{"type":"Point","coordinates":[112.3,-7.1]}},{"type":"Feature","properties":{"Line":"S123","Sp":"2736.5","X":"644625.5","Y":"9219800.3","NAMOBJ":"Ngambeg","WADMKC":"Pucuk","WADMKK":"Lamongan"},"geometry":{"type":"Point","coordinates":[112.3,-7.1]}},{"type":"Feature","properties":{"Line":"S123","Sp":"2740.5","X":"644675.5","Y":"9219800.3","NAMOBJ":"Ngambeg","WADMKC":"Pucuk","WADMKK":"Lamongan"},"geometry":{"type":"Point","coordinates":[112.3,-7.1]}},{"type":"Feature","properties":{"Line":"S123","Sp":"2744.5","X":"644725.5","Y":"9219800.3","NAMOBJ":"Ngambeg","WADMKC":"Pucuk","WADMKK":"Lamongan"},"geometry":{"type":"Point","coordinates":[112.3,-7.1]}},{"type":"Feature","properties":{"Line":"S123","Sp":"2748.5","X":"644775.5","Y":"9219800.3","NAMOBJ":"Ngambeg","WADMKC":"Pucuk","WADMKK":"Lamongan"},"geometry":{"type":"Point","coordinates":[112.3,-7.1]}},{"type":"Feature","properties":{"Line":"S123","Sp":"2752.5","X":"644825.5","Y":"9219800.3","NAMOBJ":"Ngambeg","WADMKC":"Pucuk","WADMKK":"Lamongan"},"geometry":{"type":"Point","coordinates":[112.3,-7.1]}},{"type":"Feature","properties":{"Line":"S123","Sp":"2756.5","X":"644875.5","Y":"9219800.3","NAMOBJ":"Ngambeg","WADMKC":"Pucuk","WADMKK":"Lamongan"},"geometry":{"type":"Point","coordinates":[112.3,-7.1]}},{"type":"Feature","properties":{"Line":"S123","Sp":"2760.5","X":"644925.5","Y":"9219800.3","NAMOBJ":"Ngambeg","WADMKC":"Pucuk","WADMKK":"Lamongan"},"geometry":{"type":"Point","coordinates":[112.3,-7.1]}},{"type":"Feature","properties":{"Line":"S123","Sp":"2764.5","X":"644975.5","Y":"9219800.3","NAMOBJ":"Ngambeg","WADMKC":"Pucuk","WADMKK":"Lamongan"},"geometry":{"type":"Point","coordinates":[112.3,-7.1]}},{"type":"Feature","properties":{"Line":"S123","Sp":"2768.5","X":"645025.5","Y":"9219800.3","NAMOBJ":"Ngambeg","WADMKC":"Pucuk","WADMKK":"Lamongan"},"geometry":{"type":"Point","coordinates":[112.3,-7.1]}},{"type":"Feature","properties":{"Line":"S123","Sp":"2772.5","X":"645075.5","Y":"9219800.3","NAMOBJ":"Ngambeg","WADMKC":"Pucuk","WADMKK":"Lamongan"},"geometry":{"type":"Point","coordinates":[112.3,-7.1]}},{"type":"Feature","properties":{"Line":"S123","Sp":"2776.5","X":"645125.5","Y":"9219800.3","NAMOBJ":"Ngambeg","WADMKC":"Pucuk","WADMKK":"Lamongan"},"geometry":{"type":"Point","coordinates":[112.3,-7.1]}},{"type":"Feature","properties":{"Line":"S123","Sp":"2780.5","X":"645175.5","Y":"9219800.3","NAMOBJ":"Ngambeg","WADMKC":"Pucuk","WADMKK":"Lamongan"},"geometry":{"type":"Point","coordinates":[112.3,-7.1]}},{"type":"Feature","properties":{"Line":"S123","Sp":"2784.5","X":"645225.5","Y":"9219800.3","NAMOBJ":"Ngambeg","WADMKC":"Pucuk","WADMKK":"Lamongan"},"geometry":{"type":"Point","coordinates":[112.3,-7.1]}},{"type":"Feature","properties":{"Line":"S123","Sp":"2788.5","X":"645275.5","Y":"9219800.3","NAMOBJ":"Ngambeg","WADMKC":"Pucuk","WADMKK":"Lamongan"},"geometry":{"type":"Point","coordinates":[112.3,-7.1]}},{"type":"Feature","properties":{"Line":"S123","Sp":"2792.5","X":"645325.5","Y":"9219800.3","NAMOBJ":"Ngambeg","WADMKC":"Pucuk","WADMKK":"Lamongan"},"geometry":{"type":"Point","coordinates":[112.3,-7.1]}},{"type":"Feature","properties":{"Line":"S123","Sp":"2796.5","X":"645375.5","Y":"9219800.3","NAMOBJ":"Ngambeg","WADMKC":"Pucuk","WADMKK":"Lamongan"},"geometry":{"type":"Point","coordinates":[112.3,-7.1]}},{"type":"Feature","properties":{"Line":"S128","Sp":"1592.5","X":"643300.5","Y":"9220025.3","NAMOBJ":"Ngambeg","WADMKC":"Pucuk","WADMKK":"Lamongan"},"geometry":{"type":"Point","coordinates":[112.3,-7.1]}},{"type":"Feature","properties":{"Line":"S128","Sp":"1596.5","X":"643300.5","Y":"9219975.3","NAMOBJ":"Ngambeg","WADMKC":"Pucuk","WADMKK":"Lamongan"},"geometry":{"type":"Point","coordinates":[112.3,-7.1]}},{"type":"Feature","properties":{"Line":"S128","Sp":"1600.5","X":"643300.5","Y":"9219925.3","NAMOBJ":"Ngambeg","WADMKC":"Pucuk","WADMKK":"Lamongan"},"geometry":{"type":"Point","coordinates":[112.3,-7.1]}},{"type":"Feature","properties":{"Line":"S128","Sp":"1604.5","X":"643300.5","Y":"9219875.3","NAMOBJ":"Ngambeg","WADMKC":"Pucuk","WADMKK":"Lamongan"},"geometry":{"type":"Point","coordinates":[112.3,-7.1]}},{"type":"Feature","properties":{"Line":"S128","Sp":"1608.5","X":"643300.5","Y":"9219825.3","NAMOBJ":"Ngambeg","WADMKC":"Pucuk","WADMKK":"Lamongan"},"geometry":{"type":"Point","coordinates":[112.3,-7.1]}},{"type":"Feature","properties":{"Line":"S128","Sp":"1612.5","X":"643300.5","Y":"9219775.3","NAMOBJ":"Ngambeg","WADMKC":"Pucuk","WADMKK":"Lamongan"},"geometry":{"type":"Point","coordinates":[112.3,-7.1]}},{"type":"Feature","properties":{"Line":"S128","Sp":"1616.5","X":"643300.5","Y":"9219725.3","NAMOBJ":"Ngambeg","WADMKC":"Pucuk","WADMKK":"Lamongan"},"geometry":{"type":"Point","coordinates":[112.3,-7.1]}},{"type":"Feature","properties":{"Line":"S128","Sp":"1620.5","X":"643300.5","Y":"9219675.3","NAMOBJ":"Ngambeg","WADMKC":"Pucuk","WADMKK":"Lamongan"},"geometry":{"type":"Point","coordinates":[112.3,-7.1]}},{"type":"Feature","properties":{"Line":"S128","Sp":"1624.5","X":"643300.5","Y":"9219625.3","NAMOBJ":"Ngambeg","WADMKC":"Pucuk","WADMKK":"Lamongan"},"geometry":{"type":"Point","coordinates":[112.3,-7.1]}},{"type":"Feature","properties":{"Line":"S128","Sp":"1628.5","X":"643300.5","Y":"9219575.3","NAMOBJ":"Ngambeg","WADMKC":"Pucuk","WADMKK":"Lamongan"},"geometry":{"type":"Point","coordinates":[112.3,-7.1]}},{"type":"Feature","properties":{"Line":"S128","Sp":"1632.5","X":"643300.5","Y":"9219525.3","NAMOBJ":"Ngambeg","WADMKC":"Pucuk","WADMKK":"Lamongan"},"geometry":{"type":"Point","coordinates":[112.3,-7.1]}},{"type":"Feature","properties":{"Line":"S128","Sp":"1636.5","X":"643300.5","Y":"9219475.3","NAMOBJ":"Ngambeg","WADMKC":"Pucuk","WADMKK":"Lamongan"},"geometry":{"type":"Point","coordinates":[112.3,-7.1]}},{"type":"Feature","properties":{"Line":"S128","Sp":"1640.5","X":"643300.5","Y":"9219425.3","NAMOBJ":"Ngambeg","WADMKC":"Pucuk","WADMKK":"Lamongan"},"geometry":{"type":"Point","coordinates":[112.3,-7.1]}},{"type":"Feature","properties":{"Line":"S128","Sp":"1644.5","X":"643300.5","Y":"9219375.3","NAMOBJ":"Ngambeg","WADMKC":"Pucuk","WADMKK":"Lamongan"},"geometry":{"type":"Point","coordinates":[112.3,-7.1]}},{"type":"Feature","properties":{"Line":"S128","Sp":"1648.5","X":"643300.5","Y":"9219325.3","NAMOBJ":"Ngambeg","WADMKC":"Pucuk","WADMKK":"Lamongan"},"geometry":{"type":"Point","coordinates":[112.3,-7.1]}},{"type":"Feature","properties":{"Line":"S128","Sp":"1652.5","X":"643300.5","Y":"9219275.3","NAMOBJ":"Ngambeg","WADMKC":"Pucuk","WADMKK":"Lamongan"},"geometry":{"type":"Point","coordinates":[112.3,-7.1]}},{"type":"Feature","properties":{"Line":"S128","Sp":"1656.5","X":"643300.5","Y":"9219225.3","NAMOBJ":"Ngambeg","WADMKC":"Pucuk","WADMKK":"Lamongan"},"geometry":{"type":"Point","coordinates":[112.3,-7.1]}},{"type":"Feature","properties":{"Line":"S128","Sp":"1660.5","X":"643300.5","Y":"9219175.3","NAMOBJ":"Ngambeg","WADMKC":"Pucuk","WADMKK":"Lamongan"},"geometry":{"type":"Point","coordinates":[112.3,-7.1]}},{"type":"Feature","properties":{"Line":"S130","Sp":"1572.5","X":"644300.5","Y":"9220125.3","NAMOBJ":"Ngambeg","WADMKC":"Pucuk","WADMKK":"Lamongan"},"geometry":{"type":"Point","coordinates":[112.3,-7.1]}},{"type":"Feature","properties":{"Line":"S130","Sp":"1576.5","X":"644300.5","Y":"9220075.3","NAMOBJ":"Ngambeg","WADMKC":"Pucuk","WADMKK":"Lamongan"},"geometry":{"type":"Point","coordinates":[112.3,-7.1]}},{"type":"Feature","properties":{"Line":"S130","Sp":"1580.5","X":"644300.5","Y":"9220025.3","NAMOBJ":"Ngambeg","WADMKC":"Pucuk","WADMKK":"Lamongan"},"geometry":{"type":"Point","coordinates":[112.3,-7.1]}},{"type":"Feature","properties":{"Line":"S130","Sp":"1584.5","X":"644300.5","Y":"9219975.3","NAMOBJ":"Ngambeg","WADMKC":"Pucuk","WADMKK":"Lamongan"},"geometry":{"type":"Point","coordinates":[112.3,-7.1]}},{"type":"Feature","properties":{"Line":"S130","Sp":"1588.5","X":"644300.5","Y":"9219925.3","NAMOBJ":"Ngambeg","WADMKC":"Pucuk","WADMKK":"Lamongan"},"geometry":{"type":"Point","coordinates":[112.3,-7.1]}},{"type":"Feature","properties":{"Line":"S130","Sp":"1592.5","X":"644300.5","Y":"9219875.3","NAMOBJ":"Ngambeg","WADMKC":"Pucuk","WADMKK":"Lamongan"},"geometry":{"type":"Point","coordinates":[112.3,-7.1]}},{"type":"Feature","properties":{"Line":"S130","Sp":"1596.5","X":"644300.5","Y":"9219825.3","NAMOBJ":"Ngambeg","WADMKC":"Pucuk","WADMKK":"Lamongan"},"geometry":{"type":"Point","coordinates":[112.3,-7.1]}},{"type":"Feature","properties":{"Line":"S130","Sp":"1600.5","X":"644300.5","Y":"9219775.3","NAMOBJ":"Ngambeg","WADMKC":"Pucuk","WADMKK":"Lamongan"},"geometry":{"type":"Point","coordinates":[112.3,-7.1]}},{"type":"Feature","properties":{"Line":"S130","Sp":"1604.5","X":"644300.5","Y":"9219725.3","NAMOBJ":"Ngambeg","WADMKC":"Pucuk","WADMKK":"Lamongan"},"geometry":{"type":"Point","coordinates":[112.3,-7.1]}},{"type":"Feature","properties":{"Line":"S130","Sp":"1608.5","X":"644300.5","Y":"9219675.3","NAMOBJ":"Ngambeg","WADMKC":"Pucuk","WADMKK":"Lamongan"},"geometry":{"type":"Point","coordinates":[112.3,-7.1]}},{"type":"Feature","properties":{"Line":"S130","Sp":"1612.5","X":"644300.5","Y":"9219625.3","NAMOBJ":"Ngambeg","WADMKC":"Pucuk","WADMKK":"Lamongan"},"geometry":{"type":"Point","coordinates":[112.3,-7.1]}},{"type":"Feature","properties":{"Line":"S130","Sp":"1616.5","X":"644300.5","Y":"9219575.3","NAMOBJ":"Ngambeg","WADMKC":"Pucuk","WADMKK":"Lamongan"},"geometry":{"type":"Point","coordinates":[112.3,-7.1]}},{"type":"Feature","properties":{"Line":"S130","Sp":"1620.5","X":"644300.5","Y":"9219525.3","NAMOBJ":"Ngambeg","WADMKC":"Pucuk","WADMKK":"Lamongan"},"geometry":{"type":"Point","coordinates":[112.3,-7.1]}},{"type":"Feature","properties":{"Line":"S130","Sp":"1624.5","X":"644300.5","Y":"9219475.3","NAMOBJ":"Ngambeg","WADMKC":"Pucuk","WADMKK":"Lamongan"},"geometry":{"type":"Point","coordinates":[112.3,-7.1]}},{"type":"Feature","properties":{"Line":"S130","Sp":"1628.5","X":"644300.5","Y":"9219425.3","NAMOBJ":"Ngambeg","WADMKC":"Pucuk","WADMKK":"Lamongan"},"geometry":{"type":"Point","coordinates":[112.3,-7.1]}},{"type":"Feature","properties":{"Line":"S130","Sp":"1632.5","X":"644300.5","Y":"9219375.3","NAMOBJ":"Ngambeg","WADMKC":"Pucuk","WADMKK":"Lamongan"},"geometry":{"type":"Point","coordinates":[112.3,-7.1]}},{"type":"Feature","properties":{"Line":"S130","Sp":"1636.5","X":"644300.5","Y":"9219325.3","NAMOBJ":"Ngambeg","WADMKC":"Pucuk","WADMKK":"Lamongan"},"geometry":{"type":"Point","coordinates":[112.3,-7.1]}},{"type":"Feature","properties":{"Line":"S130","Sp":"1640.5","X":"644300.5","Y":"9219275.3","NAMOBJ":"Ngambeg","WADMKC":"Pucuk","WADMKK":"Lamongan"},"geometry":{"type":"Point","coordinates":[112.3,-7.1]}},{"type":"Feature","properties":{"Line":"S130","Sp":"1644.5","X":"644300.5","Y":"9219225.3","NAMOBJ":"Ngambeg","WADMKC":"Pucuk","WADMKK":"Lamongan"},"geometry":{"type":"Point","coordinates":[112.3,-7.1]}},{"type":"Feature","properties":{"Line":"S130","Sp":"1648.5","X":"644300.5","Y":"9219175.3","NAMOBJ":"Ngambeg","WADMKC":"Pucuk","WADMKK":"Lamongan"},"geometry":{"type":"Point","coordinates":[112.3,-7.1]}},{"type":"Feature","properties":{"Line":"S130","Sp":"1652.5","X":"644300.5","Y":"9219125.3","NAMOBJ":"Ngambeg","WADMKC":"Pucuk","WADMKK":"Lamongan"},"geometry":{"type":"Point","coordinates":[112.3,-7.1]}},{"type":"Feature","properties":{"Line":"S130","Sp":"1656.5","X":"644300.5","Y":"9219075.3","NAMOBJ":"Ngambeg","WADMKC":"Pucuk","WADMKK":"Lamongan"},"geometry":{"type":"Point","coordinates":[112.3,-7.1]}},{"type":"Feature","properties":{"Line":"S130","Sp":"1660.5","X":"644300.5","Y":"9219025.3","NAMOBJ":"Ngambeg","WADMKC":"Pucuk","WADMKK":"Lamongan"},"geometry":{"type":"Point","coordinates":[112.3,-7.1]}},{"type":"Feature","properties":{"Line":"S130","Sp":"1664.5","X":"644300.5","Y":"9218975.3","NAMOBJ":"Ngambeg","WADMKC":"Pucuk","WADMKK":"Lamongan"},"geometry":{"type":"Point","coordinates":[112.3,-7.1]}},{"type":"Feature","properties":{"Line":"S130","Sp":"1668.5","X":"644300.5","Y":"9218925.3","NAMOBJ":"Ngambeg","WADMKC":"Pucuk","WADMKK":"Lamongan"},"geometry":{"type":"Point","coordinates":[112.3,-7.1]}},{"type":"Feature","properties":{"Line":"S130","Sp":"1672.5","X":"644300.5","Y":"9218875.3","NAMOBJ":"Ngambeg","WADMKC":"Pucuk","WADMKK":"Lamongan"},"geometry":{"type":"Point","coordinates":[112.3,-7.1]}},{"type":"Feature","properties":{"Line":"S130","Sp":"1676.5","X":"644300.5","Y":"9218825.3","NAMOBJ":"Ngambeg","WADMKC":"Pucuk","WADMKK":"Lamongan"},"geometry":{"type":"Point","coordinates":[112.3,-7.1]}},{"type":"Feature","properties":{"Line":"S130","Sp":"1680.5","X":"644300.5","Y":"9218775.3","NAMOBJ":"Ngambeg","WADMKC":"Pucuk","WADMKK":"Lamongan"},"geometry":{"type":"Point","coordinates":[112.3,-7.1]}},{"type":"Feature","properties":{"Line":"S130","Sp":"1684.5","X":"644300.5","Y":"9218725.3","NAMOBJ":"Ngambeg","WADMKC":"Pucuk","WADMKK":"Lamongan"},"geometry":{"type":"Point","coordinates":[112.3,-7.1]}},{"type":"Feature","properties":{"Line":"S132","Sp":"1520.5","X":"645300.5","Y":"9220375.3","NAMOBJ":"Ngambeg","WADMKC":"Pucuk","WADMKK":"Lamongan"},"geometry":{"type":"Point","coordinates":[112.3,-7.1]}},{"type":"Feature","properties":{"Line":"S132","Sp":"1524.5","X":"645300.5","Y":"9220325.3","NAMOBJ":"Ngambeg","WADMKC":"Pucuk","WADMKK":"Lamongan"},"geometry":{"type":"Point","coordinates":[112.3,-7.1]}},{"type":"Feature","properties":{"Line":"S132","Sp":"1528.5","X":"645300.5","Y":"9220275.3","NAMOBJ":"Ngambeg","WADMKC":"Pucuk","WADMKK":"Lamongan"},"geometry":{"type":"Point","coordinates":[112.3,-7.1]}},{"type":"Feature","properties":{"Line":"S132","Sp":"1532.5","X":"645300.5","Y":"9220225.3","NAMOBJ":"Ngambeg","WADMKC":"Pucuk","WADMKK":"Lamongan"},"geometry":{"type":"Point","coordinates":[112.3,-7.1]}},{"type":"Feature","properties":{"Line":"S132","Sp":"1536.5","X":"645300.5","Y":"9220175.3","NAMOBJ":"Ngambeg","WADMKC":"Pucuk","WADMKK":"Lamongan"},"geometry":{"type":"Point","coordinates":[112.3,-7.1]}},{"type":"Feature","properties":{"Line":"S132","Sp":"1540.5","X":"645300.5","Y":"9220125.3","NAMOBJ":"Ngambeg","WADMKC":"Pucuk","WADMKK":"Lamongan"},"geometry":{"type":"Point","coordinates":[112.3,-7.1]}},{"type":"Feature","properties":{"Line":"S132","Sp":"1544.5","X":"645300.5","Y":"9220075.3","NAMOBJ":"Ngambeg","WADMKC":"Pucuk","WADMKK":"Lamongan"},"geometry":{"type":"Point","coordinates":[112.3,-7.1]}},{"type":"Feature","properties":{"Line":"S132","Sp":"1548.5","X":"645300.5","Y":"9220025.3","NAMOBJ":"Ngambeg","WADMKC":"Pucuk","WADMKK":"Lamongan"},"geometry":{"type":"Point","coordinates":[112.3,-7.1]}},{"type":"Feature","properties":{"Line":"S132","Sp":"1552.5","X":"645300.5","Y":"9219975.3","NAMOBJ":"Ngambeg","WADMKC":"Pucuk","WADMKK":"Lamongan"},"geometry":{"type":"Point","coordinates":[112.3,-7.1]}},{"type":"Feature","properties":{"Line":"S132","Sp":"1556.5","X":"645300.5","Y":"9219925.3","NAMOBJ":"Ngambeg","WADMKC":"Pucuk","WADMKK":"Lamongan"},"geometry":{"type":"Point","coordinates":[112.3,-7.1]}},{"type":"Feature","properties":{"Line":"S132","Sp":"1560.5","X":"645300.5","Y":"9219875.3","NAMOBJ":"Ngambeg","WADMKC":"Pucuk","WADMKK":"Lamongan"},"geometry":{"type":"Point","coordinates":[112.3,-7.1]}},{"type":"Feature","properties":{"Line":"S132","Sp":"1564.5","X":"645300.5","Y":"9219825.3","NAMOBJ":"Ngambeg","WADMKC":"Pucuk","WADMKK":"Lamongan"},"geometry":{"type":"Point","coordinates":[112.3,-7.1]}},{"type":"Feature","properties":{"Line":"S132","Sp":"1568.5","X":"645300.5","Y":"9219775.3","NAMOBJ":"Ngambeg","WADMKC":"Pucuk","WADMKK":"Lamongan"},"geometry":{"type":"Point","coordinates":[112.3,-7.1]}},{"type":"Feature","properties":{"Line":"S132","Sp":"1572.5","X":"645300.5","Y":"9219725.3","NAMOBJ":"Ngambeg","WADMKC":"Pucuk","WADMKK":"Lamongan"},"geometry":{"type":"Point","coordinates":[112.3,-7.1]}},{"type":"Feature","properties":{"Line":"S132","Sp":"1576.5","X":"645300.5","Y":"9219675.3","NAMOBJ":"Ngambeg","WADMKC":"Pucuk","WADMKK":"Lamongan"},"geometry":{"type":"Point","coordinates":[112.3,-7.1]}},{"type":"Feature","properties":{"Line":"S132","Sp":"1580.5","X":"645300.5","Y":"9219625.3","NAMOBJ":"Ngambeg","WADMKC":"Pucuk","WADMKK":"Lamongan"},"geometry":{"type":"Point","coordinates":[112.3,-7.1]}},{"type":"Feature","properties":{"Line":"S132","Sp":"1584.5","X":"645300.5","Y":"9219575.3","NAMOBJ":"Ngambeg","WADMKC":"Pucuk","WADMKK":"Lamongan"},"geometry":{"type":"Point","coordinates":[112.3,-7.1]}},{"type":"Feature","properties":{"Line":"S132","Sp":"1588.5","X":"645300.5","Y":"9219525.3","NAMOBJ":"Ngambeg","WADMKC":"Pucuk","WADMKK":"Lamongan"},"geometry":{"type":"Point","coordinates":[112.3,-7.1]}},{"type":"Feature","properties":{"Line":"S132","Sp":"1592.5","X":"645300.5","Y":"9219475.3","NAMOBJ":"Ngambeg","WADMKC":"Pucuk","WADMKK":"Lamongan"},"geometry":{"type":"Point","coordinates":[112.3,-7.1]}},{"type":"Feature","properties":{"Line":"S132","Sp":"1596.5","X":"645300.5","Y":"9219425.3","NAMOBJ":"Ngambeg","WADMKC":"Pucuk","WADMKK":"Lamongan"},"geometry":{"type":"Point","coordinates":[112.3,-7.1]}},{"type":"Feature","properties":{"Line":"S132","Sp":"1600.5","X":"645300.5","Y":"9219375.3","NAMOBJ":"Ngambeg","WADMKC":"Pucuk","WADMKK":"Lamongan"},"geometry":{"type":"Point","coordinates":[112.3,-7.1]}},{"type":"Feature","properties":{"Line":"S132","Sp":"1604.5","X":"645300.5","Y":"9219325.3","NAMOBJ":"Ngambeg","WADMKC":"Pucuk","WADMKK":"Lamongan"},"geometry":{"type":"Point","coordinates":[112.3,-7.1]}},{"type":"Feature","properties":{"Line":"S132","Sp":"1608.5","X":"645300.5","Y":"9219275.3","NAMOBJ":"Ngambeg","WADMKC":"Pucuk","WADMKK":"Lamongan"},"geometry":{"type":"Point","coordinates":[112.3,-7.1]}},{"type":"Feature","properties":{"Line":"S132","Sp":"1612.5","X":"645300.5","Y":"9219225.3","NAMOBJ":"Ngambeg","WADMKC":"Pucuk","WADMKK":"Lamongan"},"geometry":{"type":"Point","coordinates":[112.3,-7.1]}},{"type":"Feature","properties":{"Line":"S132","Sp":"1616.5","X":"645300.5","Y":"9219175.3","NAMOBJ":"Ngambeg","WADMKC":"Pucuk","WADMKK":"Lamongan"},"geometry":{"type":"Point","coordinates":[112.3,-7.1]}},{"type":"Feature","properties":{"Line":"S132","Sp":"1620.5","X":"645300.5","Y":"9219125.3","NAMOBJ":"Ngambeg","WADMKC":"Pucuk","WADMKK":"Lamongan"},"geometry":{"type":"Point","coordinates":[112.3,-7.1]}},{"type":"Feature","properties":{"Line":"S132","Sp":"1624.5","X":"645300.5","Y":"9219075.3","NAMOBJ":"Ngambeg","WADMKC":"Pucuk","WADMKK":"Lamongan"},"geometry":{"type":"Point","coordinates":[112.3,-7.1]}},{"type":"Feature","properties":{"Line":"S132","Sp":"1628.5","X":"645300.5","Y":"9219025.3","NAMOBJ":"Ngambeg","WADMKC":"Pucuk","WADMKK":"Lamongan"},"geometry":{"type":"Point","coordinates":[112.3,-7.1]}},{"type":"Feature","properties":{"Line":"S132","Sp":"1632.5","X":"645300.5","Y":"9218975.3","NAMOBJ":"Ngambeg","WADMKC":"Pucuk","WADMKK":"Lamongan"},"geometry":{"type":"Point","coordinates":[112.3,-7.1]}},{"type":"Feature","properties":{"Line":"S132","Sp":"1636.5","X":"645300.5","Y":"9218925.3","NAMOBJ":"Ngambeg","WADMKC":"Pucuk","WADMKK":"Lamongan"},"geometry":{"type":"Point","coordinates":[112.3,-7.1]}},{"type":"Feature","properties":{"Line":"S132","Sp":"1640.5","X":"645300.5","Y":"9218875.3","NAMOBJ":"Ngambeg","WADMKC":"Pucuk","WADMKK":"Lamongan"},"geometry":{"type":"Point","coordinates":[112.3,-7.1]}},{"type":"Feature","properties":{"Line":"S132","Sp":"1644.5","X":"645300.5","Y":"9218825.3","NAMOBJ":"Ngambeg","WADMKC":"Pucuk","WADMKK":"Lamongan"},"geometry":{"type":"Point","coordinates":[112.3,-7.1]}},{"type":"Feature","properties":{"Line":"S132","Sp":"1648.5","X":"645300.5","Y":"9218775.3","NAMOBJ":"Ngambeg","WADMKC":"Pucuk","WADMKK":"Lamongan"},"geometry":{"type":"Point","coordinates":[112.3,-7.1]}},{"type":"Feature","properties":{"Line":"S132","Sp":"1652.5","X":"645300.5","Y":"9218725.3","NAMOBJ":"Ngambeg","WADMKC":"Pucuk","WADMKK":"Lamongan"},"geometry":{"type":"Point","coordinates":[112.3,-7.1]}},{"type":"Feature","properties":{"Line":"S132","Sp":"1656.5","X":"645300.5","Y":"9218675.3","NAMOBJ":"Ngambeg","WADMKC":"Pucuk","WADMKK":"Lamongan"},"geometry":{"type":"Point","coordinates":[112.3,-7.1]}},{"type":"Feature","properties":{"Line":"S132","Sp":"1660.5","X":"645300.5","Y":"9218625.3","NAMOBJ":"Ngambeg","WADMKC":"Pucuk","WADMKK":"Lamongan"},"geometry":{"type":"Point","coordinates":[112.3,-7.1]}},{"type":"Feature","properties":{"Line":"S121","Sp":"2788.5","X":"645325.5","Y":"9218800.3","NAMOBJ":"Padenganploso","WADMKC":"Pucuk","WADMKK":"Lamongan"},"geometry":{"type":"Point","coordinates":[112.3,-7.1]}},{"type":"Feature","properties":{"Line":"S121","Sp":"2792.5","X":"645375.5","Y":"9218800.3","NAMOBJ":"Padenganploso","WADMKC":"Pucuk","WADMKK":"Lamongan"},"geometry":{"type":"Point","coordinates":[112.3,-7.1]}},{"type":"Feature","properties":{"Line":"S121","Sp":"2796.5","X":"645425.5","Y":"9218800.3","NAMOBJ":"Padenganploso","WADMKC":"Pucuk","WADMKK":"Lamongan"},"geometry":{"type":"Point","coordinates":[112.3,-7.1]}},{"type":"Feature","properties":{"Line":"S121","Sp":"2800.5","X":"645475.5","Y":"9218800.3","NAMOBJ":"Padenganploso","WADMKC":"Pucuk","WADMKK":"Lamongan"},"geometry":{"type":"Point","coordinates":[112.3,-7.1]}},{"type":"Feature","properties":{"Line":"S121","Sp":"2804.5","X":"645525.5","Y":"9218800.3","NAMOBJ":"Padenganploso","WADMKC":"Pucuk","WADMKK":"Lamongan"},"geometry":{"type":"Point","coordinates":[112.3,-7.1]}},{"type":"Feature","properties":{"Line":"S121","Sp":"2808.5","X":"645575.5","Y":"9218800.3","NAMOBJ":"Padenganploso","WADMKC":"Pucuk","WADMKK":"Lamongan"},"geometry":{"type":"Point","coordinates":[112.3,-7.1]}},{"type":"Feature","properties":{"Line":"S121","Sp":"2812.5","X":"645625.5","Y":"9218800.3","NAMOBJ":"Padenganploso","WADMKC":"Pucuk","WADMKK":"Lamongan"},"geometry":{"type":"Point","coordinates":[112.3,-7.1]}},{"type":"Feature","properties":{"Line":"S121","Sp":"2816.5","X":"645675.5","Y":"9218800.3","NAMOBJ":"Padenganploso","WADMKC":"Pucuk","WADMKK":"Lamongan"},"geometry":{"type":"Point","coordinates":[112.3,-7.1]}},{"type":"Feature","properties":{"Line":"S121","Sp":"2820.5","X":"645725.5","Y":"9218800.3","NAMOBJ":"Padenganploso","WADMKC":"Pucuk","WADMKK":"Lamongan"},"geometry":{"type":"Point","coordinates":[112.3,-7.1]}},{"type":"Feature","properties":{"Line":"S121","Sp":"2824.5","X":"645775.5","Y":"9218800.3","NAMOBJ":"Padenganploso","WADMKC":"Pucuk","WADMKK":"Lamongan"},"geometry":{"type":"Point","coordinates":[112.3,-7.1]}},{"type":"Feature","properties":{"Line":"S121","Sp":"2828.5","X":"645825.5","Y":"9218800.3","NAMOBJ":"Padenganploso","WADMKC":"Pucuk","WADMKK":"Lamongan"},"geometry":{"type":"Point","coordinates":[112.3,-7.1]}},{"type":"Feature","properties":{"Line":"S121","Sp":"2832.5","X":"645875.5","Y":"9218800.3","NAMOBJ":"Padenganploso","WADMKC":"Pucuk","WADMKK":"Lamongan"},"geometry":{"type":"Point","coordinates":[112.3,-7.1]}},{"type":"Feature","properties":{"Line":"S121","Sp":"2836.5","X":"645925.5","Y":"9218800.3","NAMOBJ":"Padenganploso","WADMKC":"Pucuk","WADMKK":"Lamongan"},"geometry":{"type":"Point","coordinates":[112.3,-7.1]}},{"type":"Feature","properties":{"Line":"S121","Sp":"2840.5","X":"645975.5","Y":"9218800.3","NAMOBJ":"Padenganploso","WADMKC":"Pucuk","WADMKK":"Lamongan"},"geometry":{"type":"Point","coordinates":[112.3,-7.1]}},{"type":"Feature","properties":{"Line":"S121","Sp":"2844.5","X":"646025.5","Y":"9218800.3","NAMOBJ":"Padenganploso","WADMKC":"Pucuk","WADMKK":"Lamongan"},"geometry":{"type":"Point","coordinates":[112.3,-7.1]}},{"type":"Feature","properties":{"Line":"S121","Sp":"2848.5","X":"646075.5","Y":"9218800.3","NAMOBJ":"Padenganploso","WADMKC":"Pucuk","WADMKK":"Lamongan"},"geometry":{"type":"Point","coordinates":[112.3,-7.1]}},{"type":"Feature","properties":{"Line":"S121","Sp":"2852.5","X":"646125.5","Y":"9218800.3","NAMOBJ":"Padenganploso","WADMKC":"Pucuk","WADMKK":"Lamongan"},"geometry":{"type":"Point","coordinates":[112.3,-7.1]}},{"type":"Feature","properties":{"Line":"S121","Sp":"2856.5","X":"646175.5","Y":"9218800.3","NAMOBJ":"Padenganploso","WADMKC":"Pucuk","WADMKK":"Lamongan"},"geometry":{"type":"Point","coordinates":[112.3,-7.1]}},{"type":"Feature","properties":{"Line":"S121","Sp":"2860.5","X":"646225.5","Y":"9218800.3","NAMOBJ":"Padenganploso","WADMKC":"Pucuk","WADMKK":"Lamongan"},"geometry":{"type":"Point","coordinates":[112.3,-7.1]}},{"type":"Feature","properties":{"Line":"S121","Sp":"2864.5","X":"646275.5","Y":"9218800.3","NAMOBJ":"Padenganploso","WADMKC":"Pucuk","WADMKK":"Lamongan"},"geometry":{"type":"Point","coordinates":[112.3,-7.1]}},{"type":"Feature","properties":{"Line":"S121","Sp":"2868.5","X":"646325.5","Y":"9218800.3","NAMOBJ":"Padenganploso","WADMKC":"Pucuk","WADMKK":"Lamongan"},"geometry":{"type":"Point","coordinates":[112.3,-7.1]}},{"type":"Feature","properties":{"Line":"S121","Sp":"2872.5","X":"646375.5","Y":"9218800.3","NAMOBJ":"Padenganploso","WADMKC":"Pucuk","WADMKK":"Lamongan"},"geometry":{"type":"Point","coordinates":[112.3,-7.1]}},{"type":"Feature","properties":{"Line":"S121","Sp":"2876.5","X":"646425.5","Y":"9218800.3","NAMOBJ":"Padenganploso","WADMKC":"Pucuk","WADMKK":"Lamongan"},"geometry":{"type":"Point","coordinates":[112.3,-7.1]}},{"type":"Feature","properties":{"Line":"S121","Sp":"2880.5","X":"646475.5","Y":"9218800.3","NAMOBJ":"Padenganploso","WADMKC":"Pucuk","WADMKK":"Lamongan"},"geometry":{"type":"Point","coordinates":[112.3,-7.1]}},{"type":"Feature","properties":{"Line":"S121","Sp":"2884.5","X":"646525.5","Y":"9218800.3","NAMOBJ":"Padenganploso","WADMKC":"Pucuk","WADMKK":"Lamongan"},"geometry":{"type":"Point","coordinates":[112.3,-7.1]}},{"type":"Feature","properties":{"Line":"S121","Sp":"2888.5","X":"646575.5","Y":"9218800.3","NAMOBJ":"Padenganploso","WADMKC":"Pucuk","WADMKK":"Lamongan"},"geometry":{"type":"Point","coordinates":[112.3,-7.1]}},{"type":"Feature","properties":{"Line":"S121","Sp":"2892.5","X":"646625.5","Y":"9218800.3","NAMOBJ":"Padenganploso","WADMKC":"Pucuk","WADMKK":"Lamongan"},"geometry":{"type":"Point","coordinates":[112.3,-7.1]}},{"type":"Feature","properties":{"Line":"S121","Sp":"2896.5","X":"646675.5","Y":"9218800.3","NAMOBJ":"Padenganploso","WADMKC":"Pucuk","WADMKK":"Lamongan"},"geometry":{"type":"Point","coordinates":[112.3,-7.1]}},{"type":"Feature","properties":{"Line":"S121","Sp":"2900.5","X":"646725.5","Y":"9218800.3","NAMOBJ":"Padenganploso","WADMKC":"Pucuk","WADMKK":"Lamongan"},"geometry":{"type":"Point","coordinates":[112.3,-7.1]}},{"type":"Feature","properties":{"Line":"S121","Sp":"2904.5","X":"646775.5","Y":"9218800.3","NAMOBJ":"Padenganploso","WADMKC":"Pucuk","WADMKK":"Lamongan"},"geometry":{"type":"Point","coordinates":[112.3,-7.1]}},{"type":"Feature","properties":{"Line":"S121","Sp":"2908.5","X":"646825.5","Y":"9218800.3","NAMOBJ":"Padenganploso","WADMKC":"Pucuk","WADMKK":"Lamongan"},"geometry":{"type":"Point","coordinates":[112.3,-7.1]}},{"type":"Feature","properties":{"Line":"S121","Sp":"2912.5","X":"646875.5","Y":"9218800.3","NAMOBJ":"Padenganploso","WADMKC":"Pucuk","WADMKK":"Lamongan"},"geometry":{"type":"Point","coordinates":[112.3,-7.1]}},{"type":"Feature","properties":{"Line":"S121","Sp":"2916.5","X":"646925.5","Y":"9218800.3","NAMOBJ":"Padenganploso","WADMKC":"Pucuk","WADMKK":"Lamongan"},"geometry":{"type":"Point","coordinates":[112.3,-7.1]}},{"type":"Feature","properties":{"Line":"S123","Sp":"2800.5","X":"645425.5","Y":"9219800.3","NAMOBJ":"Padenganploso","WADMKC":"Pucuk","WADMKK":"Lamongan"},"geometry":{"type":"Point","coordinates":[112.3,-7.1]}},{"type":"Feature","properties":{"Line":"S123","Sp":"2804.5","X":"645475.5","Y":"9219800.3","NAMOBJ":"Padenganploso","WADMKC":"Pucuk","WADMKK":"Lamongan"},"geometry":{"type":"Point","coordinates":[112.3,-7.1]}},{"type":"Feature","properties":{"Line":"S123","Sp":"2808.5","X":"645525.5","Y":"9219800.3","NAMOBJ":"Padenganploso","WADMKC":"Pucuk","WADMKK":"Lamongan"},"geometry":{"type":"Point","coordinates":[112.3,-7.1]}},{"type":"Feature","properties":{"Line":"S123","Sp":"2812.5","X":"645575.5","Y":"9219800.3","NAMOBJ":"Padenganploso","WADMKC":"Pucuk","WADMKK":"Lamongan"},"geometry":{"type":"Point","coordinates":[112.3,-7.1]}},{"type":"Feature","properties":{"Line":"S123","Sp":"2816.5","X":"645625.5","Y":"9219800.3","NAMOBJ":"Padenganploso","WADMKC":"Pucuk","WADMKK":"Lamongan"},"geometry":{"type":"Point","coordinates":[112.3,-7.1]}},{"type":"Feature","properties":{"Line":"S123","Sp":"2820.5","X":"645675.5","Y":"9219800.3","NAMOBJ":"Padenganploso","WADMKC":"Pucuk","WADMKK":"Lamongan"},"geometry":{"type":"Point","coordinates":[112.3,-7.1]}},{"type":"Feature","properties":{"Line":"S123","Sp":"2824.5","X":"645725.5","Y":"9219800.3","NAMOBJ":"Padenganploso","WADMKC":"Pucuk","WADMKK":"Lamongan"},"geometry":{"type":"Point","coordinates":[112.3,-7.1]}},{"type":"Feature","properties":{"Line":"S123","Sp":"2828.5","X":"645775.5","Y":"9219800.3","NAMOBJ":"Padenganploso","WADMKC":"Pucuk","WADMKK":"Lamongan"},"geometry":{"type":"Point","coordinates":[112.3,-7.1]}},{"type":"Feature","properties":{"Line":"S123","Sp":"2832.5","X":"645825.5","Y":"9219800.3","NAMOBJ":"Padenganploso","WADMKC":"Pucuk","WADMKK":"Lamongan"},"geometry":{"type":"Point","coordinates":[112.3,-7.1]}},{"type":"Feature","properties":{"Line":"S123","Sp":"2836.5","X":"645875.5","Y":"9219800.3","NAMOBJ":"Padenganploso","WADMKC":"Pucuk","WADMKK":"Lamongan"},"geometry":{"type":"Point","coordinates":[112.3,-7.1]}},{"type":"Feature","properties":{"Line":"S123","Sp":"2840.5","X":"645925.5","Y":"9219800.3","NAMOBJ":"Padenganploso","WADMKC":"Pucuk","WADMKK":"Lamongan"},"geometry":{"type":"Point","coordinates":[112.3,-7.1]}},{"type":"Feature","properties":{"Line":"S123","Sp":"2844.5","X":"645975.5","Y":"9219800.3","NAMOBJ":"Padenganploso","WADMKC":"Pucuk","WADMKK":"Lamongan"},"geometry":{"type":"Point","coordinates":[112.3,-7.1]}},{"type":"Feature","properties":{"Line":"S123","Sp":"2848.5","X":"646025.5","Y":"9219800.3","NAMOBJ":"Padenganploso","WADMKC":"Pucuk","WADMKK":"Lamongan"},"geometry":{"type":"Point","coordinates":[112.3,-7.1]}},{"type":"Feature","properties":{"Line":"S123","Sp":"2852.5","X":"646075.5","Y":"9219800.3","NAMOBJ":"Padenganploso","WADMKC":"Pucuk","WADMKK":"Lamongan"},"geometry":{"type":"Point","coordinates":[112.3,-7.1]}},{"type":"Feature","properties":{"Line":"S123","Sp":"2856.5","X":"646125.5","Y":"9219800.3","NAMOBJ":"Padenganploso","WADMKC":"Pucuk","WADMKK":"Lamongan"},"geometry":{"type":"Point","coordinates":[112.3,-7.1]}},{"type":"Feature","properties":{"Line":"S123","Sp":"2860.5","X":"646175.5","Y":"9219800.3","NAMOBJ":"Padenganploso","WADMKC":"Pucuk","WADMKK":"Lamongan"},"geometry":{"type":"Point","coordinates":[112.3,-7.1]}},{"type":"Feature","properties":{"Line":"S123","Sp":"2864.5","X":"646225.5","Y":"9219800.3","NAMOBJ":"Padenganploso","WADMKC":"Pucuk","WADMKK":"Lamongan"},"geometry":{"type":"Point","coordinates":[112.3,-7.1]}},{"type":"Feature","properties":{"Line":"S123","Sp":"2868.5","X":"646275.5","Y":"9219800.3","NAMOBJ":"Padenganploso","WADMKC":"Pucuk","WADMKK":"Lamongan"},"geometry":{"type":"Point","coordinates":[112.3,-7.1]}},{"type":"Feature","properties":{"Line":"S123","Sp":"2872.5","X":"646325.5","Y":"9219800.3","NAMOBJ":"Padenganploso","WADMKC":"Pucuk","WADMKK":"Lamongan"},"geometry":{"type":"Point","coordinates":[112.3,-7.1]}},{"type":"Feature","properties":{"Line":"S123","Sp":"2876.5","X":"646375.5","Y":"9219800.3","NAMOBJ":"Padenganploso","WADMKC":"Pucuk","WADMKK":"Lamongan"},"geometry":{"type":"Point","coordinates":[112.3,-7.1]}},{"type":"Feature","properties":{"Line":"S123","Sp":"2880.5","X":"646425.5","Y":"9219800.3","NAMOBJ":"Padenganploso","WADMKC":"Pucuk","WADMKK":"Lamongan"},"geometry":{"type":"Point","coordinates":[112.3,-7.1]}},{"type":"Feature","properties":{"Line":"S123","Sp":"2884.5","X":"646475.5","Y":"9219800.3","NAMOBJ":"Padenganploso","WADMKC":"Pucuk","WADMKK":"Lamongan"},"geometry":{"type":"Point","coordinates":[112.3,-7.1]}},{"type":"Feature","properties":{"Line":"S123","Sp":"2888.5","X":"646525.5","Y":"9219800.3","NAMOBJ":"Padenganploso","WADMKC":"Pucuk","WADMKK":"Lamongan"},"geometry":{"type":"Point","coordinates":[112.3,-7.1]}},{"type":"Feature","properties":{"Line":"S123","Sp":"2892.5","X":"646575.5","Y":"9219800.3","NAMOBJ":"Padenganploso","WADMKC":"Pucuk","WADMKK":"Lamongan"},"geometry":{"type":"Point","coordinates":[112.3,-7.1]}},{"type":"Feature","properties":{"Line":"S123","Sp":"2896.5","X":"646625.5","Y":"9219800.3","NAMOBJ":"Padenganploso","WADMKC":"Pucuk","WADMKK":"Lamongan"},"geometry":{"type":"Point","coordinates":[112.3,-7.1]}},{"type":"Feature","properties":{"Line":"S123","Sp":"2900.5","X":"646675.5","Y":"9219800.3","NAMOBJ":"Padenganploso","WADMKC":"Pucuk","WADMKK":"Lamongan"},"geometry":{"type":"Point","coordinates":[112.3,-7.1]}},{"type":"Feature","properties":{"Line":"S123","Sp":"2904.5","X":"646725.5","Y":"9219800.3","NAMOBJ":"Padenganploso","WADMKC":"Pucuk","WADMKK":"Lamongan"},"geometry":{"type":"Point","coordinates":[112.3,-7.1]}},{"type":"Feature","properties":{"Line":"S123","Sp":"2908.5","X":"646775.5","Y":"9219800.3","NAMOBJ":"Padenganploso","WADMKC":"Pucuk","WADMKK":"Lamongan"},"geometry":{"type":"Point","coordinates":[112.3,-7.1]}},{"type":"Feature","properties":{"Line":"S123","Sp":"2912.5","X":"646825.5","Y":"9219800.3","NAMOBJ":"Padenganploso","WADMKC":"Pucuk","WADMKK":"Lamongan"},"geometry":{"type":"Point","coordinates":[112.3,-7.1]}},{"type":"Feature","properties":{"Line":"S123","Sp":"2916.5","X":"646875.5","Y":"9219800.3","NAMOBJ":"Padenganploso","WADMKC":"Pucuk","WADMKK":"Lamongan"},"geometry":{"type":"Point","coordinates":[112.3,-7.1]}},{"type":"Feature","properties":{"Line":"S123","Sp":"2924.5","X":"646975.5","Y":"9219800.3","NAMOBJ":"Padenganploso","WADMKC":"Pucuk","WADMKK":"Lamongan"},"geometry":{"type":"Point","coordinates":[112.3,-7.1]}},{"type":"Feature","properties":{"Line":"S123","Sp":"2928.5","X":"647025.5","Y":"9219800.3","NAMOBJ":"Padenganploso","WADMKC":"Pucuk","WADMKK":"Lamongan"},"geometry":{"type":"Point","coordinates":[112.3,-7.1]}},{"type":"Feature","properties":{"Line":"S123","Sp":"2932.5","X":"647075.5","Y":"9219800.3","NAMOBJ":"Padenganploso","WADMKC":"Pucuk","WADMKK":"Lamongan"},"geometry":{"type":"Point","coordinates":[112.3,-7.1]}},{"type":"Feature","properties":{"Line":"S123","Sp":"2936.5","X":"647125.5","Y":"9219800.3","NAMOBJ":"Padenganploso","WADMKC":"Pucuk","WADMKK":"Lamongan"},"geometry":{"type":"Point","coordinates":[112.3,-7.1]}},{"type":"Feature","properties":{"Line":"S123","Sp":"2940.5","X":"647175.5","Y":"9219800.3","NAMOBJ":"Padenganploso","WADMKC":"Pucuk","WADMKK":"Lamongan"},"geometry":{"type":"Point","coordinates":[112.3,-7.1]}},{"type":"Feature","properties":{"Line":"S123","Sp":"2944.5","X":"647225.5","Y":"9219800.3","NAMOBJ":"Padenganploso","WADMKC":"Pucuk","WADMKK":"Lamongan"},"geometry":{"type":"Point","coordinates":[112.3,-7.1]}},{"type":"Feature","properties":{"Line":"S123","Sp":"2948.5","X":"647275.5","Y":"9219800.3","NAMOBJ":"Padenganploso","WADMKC":"Pucuk","WADMKK":"Lamongan"},"geometry":{"type":"Point","coordinates":[112.3,-7.1]}},{"type":"Feature","properties":{"Line":"S123","Sp":"2952.5","X":"647325.5","Y":"9219800.3","NAMOBJ":"Padenganploso","WADMKC":"Pucuk","WADMKK":"Lamongan"},"geometry":{"type":"Point","coordinates":[112.3,-7.1]}},{"type":"Feature","properties":{"Line":"S123","Sp":"2956.5","X":"647375.5","Y":"9219800.3","NAMOBJ":"Padenganploso","WADMKC":"Pucuk","WADMKK":"Lamongan"},"geometry":{"type":"Point","coordinates":[112.3,-7.1]}},{"type":"Feature","properties":{"Line":"S134","Sp":"1512.5","X":"646300.5","Y":"9220475.3","NAMOBJ":"Padenganploso","WADMKC":"Pucuk","WADMKK":"Lamongan"},"geometry":{"type":"Point","coordinates":[112.3,-7.1]}},{"type":"Feature","properties":{"Line":"S134","Sp":"1516.5","X":"646300.5","Y":"9220425.3","NAMOBJ":"Padenganploso","WADMKC":"Pucuk","WADMKK":"Lamongan"},"geometry":{"type":"Point","coordinates":[112.3,-7.1]}},{"type":"Feature","properties":{"Line":"S134","Sp":"1520.5","X":"646300.5","Y":"9220375.3","NAMOBJ":"Padenganploso","WADMKC":"Pucuk","WADMKK":"Lamongan"},"geometry":{"type":"Point","coordinates":[112.3,-7.1]}},{"type":"Feature","properties":{"Line":"S134","Sp":"1524.5","X":"646300.5","Y":"9220325.3","NAMOBJ":"Padenganploso","WADMKC":"Pucuk","WADMKK":"Lamongan"},"geometry":{"type":"Point","coordinates":[112.3,-7.1]}},{"type":"Feature","properties":{"Line":"S134","Sp":"1528.5","X":"646300.5","Y":"9220275.3","NAMOBJ":"Padenganploso","WADMKC":"Pucuk","WADMKK":"Lamongan"},"geometry":{"type":"Point","coordinates":[112.3,-7.1]}},{"type":"Feature","properties":{"Line":"S134","Sp":"1532.5","X":"646300.5","Y":"9220225.3","NAMOBJ":"Padenganploso","WADMKC":"Pucuk","WADMKK":"Lamongan"},"geometry":{"type":"Point","coordinates":[112.3,-7.1]}},{"type":"Feature","properties":{"Line":"S134","Sp":"1536.5","X":"646300.5","Y":"9220175.3","NAMOBJ":"Padenganploso","WADMKC":"Pucuk","WADMKK":"Lamongan"},"geometry":{"type":"Point","coordinates":[112.3,-7.1]}},{"type":"Feature","properties":{"Line":"S134","Sp":"1540.5","X":"646300.5","Y":"9220125.3","NAMOBJ":"Padenganploso","WADMKC":"Pucuk","WADMKK":"Lamongan"},"geometry":{"type":"Point","coordinates":[112.3,-7.1]}},{"type":"Feature","properties":{"Line":"S134","Sp":"1544.5","X":"646300.5","Y":"9220075.3","NAMOBJ":"Padenganploso","WADMKC":"Pucuk","WADMKK":"Lamongan"},"geometry":{"type":"Point","coordinates":[112.3,-7.1]}},{"type":"Feature","properties":{"Line":"S134","Sp":"1548.5","X":"646300.5","Y":"9220025.3","NAMOBJ":"Padenganploso","WADMKC":"Pucuk","WADMKK":"Lamongan"},"geometry":{"type":"Point","coordinates":[112.3,-7.1]}},{"type":"Feature","properties":{"Line":"S134","Sp":"1552.5","X":"646300.5","Y":"9219975.3","NAMOBJ":"Padenganploso","WADMKC":"Pucuk","WADMKK":"Lamongan"},"geometry":{"type":"Point","coordinates":[112.3,-7.1]}},{"type":"Feature","properties":{"Line":"S134","Sp":"1556.5","X":"646300.5","Y":"9219925.3","NAMOBJ":"Padenganploso","WADMKC":"Pucuk","WADMKK":"Lamongan"},"geometry":{"type":"Point","coordinates":[112.3,-7.1]}},{"type":"Feature","properties":{"Line":"S134","Sp":"1560.5","X":"646300.5","Y":"9219875.3","NAMOBJ":"Padenganploso","WADMKC":"Pucuk","WADMKK":"Lamongan"},"geometry":{"type":"Point","coordinates":[112.3,-7.1]}},{"type":"Feature","properties":{"Line":"S134","Sp":"1564.5","X":"646300.5","Y":"9219825.3","NAMOBJ":"Padenganploso","WADMKC":"Pucuk","WADMKK":"Lamongan"},"geometry":{"type":"Point","coordinates":[112.3,-7.1]}},{"type":"Feature","properties":{"Line":"S134","Sp":"1568.5","X":"646300.5","Y":"9219775.3","NAMOBJ":"Padenganploso","WADMKC":"Pucuk","WADMKK":"Lamongan"},"geometry":{"type":"Point","coordinates":[112.3,-7.1]}},{"type":"Feature","properties":{"Line":"S134","Sp":"1572.5","X":"646300.5","Y":"9219725.3","NAMOBJ":"Padenganploso","WADMKC":"Pucuk","WADMKK":"Lamongan"},"geometry":{"type":"Point","coordinates":[112.3,-7.1]}},{"type":"Feature","properties":{"Line":"S134","Sp":"1576.5","X":"646300.5","Y":"9219675.3","NAMOBJ":"Padenganploso","WADMKC":"Pucuk","WADMKK":"Lamongan"},"geometry":{"type":"Point","coordinates":[112.3,-7.1]}},{"type":"Feature","properties":{"Line":"S134","Sp":"1580.5","X":"646300.5","Y":"9219625.3","NAMOBJ":"Padenganploso","WADMKC":"Pucuk","WADMKK":"Lamongan"},"geometry":{"type":"Point","coordinates":[112.3,-7.1]}},{"type":"Feature","properties":{"Line":"S134","Sp":"1584.5","X":"646300.5","Y":"9219575.3","NAMOBJ":"Padenganploso","WADMKC":"Pucuk","WADMKK":"Lamongan"},"geometry":{"type":"Point","coordinates":[112.3,-7.1]}},{"type":"Feature","properties":{"Line":"S134","Sp":"1588.5","X":"646300.5","Y":"9219525.3","NAMOBJ":"Padenganploso","WADMKC":"Pucuk","WADMKK":"Lamongan"},"geometry":{"type":"Point","coordinates":[112.3,-7.1]}},{"type":"Feature","properties":{"Line":"S134","Sp":"1592.5","X":"646300.5","Y":"9219475.3","NAMOBJ":"Padenganploso","WADMKC":"Pucuk","WADMKK":"Lamongan"},"geometry":{"type":"Point","coordinates":[112.3,-7.1]}},{"type":"Feature","properties":{"Line":"S134","Sp":"1596.5","X":"646300.5","Y":"9219425.3","NAMOBJ":"Padenganploso","WADMKC":"Pucuk","WADMKK":"Lamongan"},"geometry":{"type":"Point","coordinates":[112.3,-7.1]}},{"type":"Feature","properties":{"Line":"S134","Sp":"1600.5","X":"646300.5","Y":"9219375.3","NAMOBJ":"Padenganploso","WADMKC":"Pucuk","WADMKK":"Lamongan"},"geometry":{"type":"Point","coordinates":[112.3,-7.1]}},{"type":"Feature","properties":{"Line":"S134","Sp":"1604.5","X":"646300.5","Y":"9219325.3","NAMOBJ":"Padenganploso","WADMKC":"Pucuk","WADMKK":"Lamongan"},"geometry":{"type":"Point","coordinates":[112.3,-7.1]}},{"type":"Feature","properties":{"Line":"S134","Sp":"1608.5","X":"646300.5","Y":"9219275.3","NAMOBJ":"Padenganploso","WADMKC":"Pucuk","WADMKK":"Lamongan"},"geometry":{"type":"Point","coordinates":[112.3,-7.1]}},{"type":"Feature","properties":{"Line":"S134","Sp":"1612.5","X":"646300.5","Y":"9219225.3","NAMOBJ":"Padenganploso","WADMKC":"Pucuk","WADMKK":"Lamongan"},"geometry":{"type":"Point","coordinates":[112.3,-7.1]}},{"type":"Feature","properties":{"Line":"S134","Sp":"1616.5","X":"646300.5","Y":"9219175.3","NAMOBJ":"Padenganploso","WADMKC":"Pucuk","WADMKK":"Lamongan"},"geometry":{"type":"Point","coordinates":[112.3,-7.1]}},{"type":"Feature","properties":{"Line":"S134","Sp":"1620.5","X":"646300.5","Y":"9219125.3","NAMOBJ":"Padenganploso","WADMKC":"Pucuk","WADMKK":"Lamongan"},"geometry":{"type":"Point","coordinates":[112.3,-7.1]}},{"type":"Feature","properties":{"Line":"S134","Sp":"1624.5","X":"646300.5","Y":"9219075.3","NAMOBJ":"Padenganploso","WADMKC":"Pucuk","WADMKK":"Lamongan"},"geometry":{"type":"Point","coordinates":[112.3,-7.1]}},{"type":"Feature","properties":{"Line":"S134","Sp":"1628.5","X":"646300.5","Y":"9219025.3","NAMOBJ":"Padenganploso","WADMKC":"Pucuk","WADMKK":"Lamongan"},"geometry":{"type":"Point","coordinates":[112.3,-7.1]}},{"type":"Feature","properties":{"Line":"S134","Sp":"1632.5","X":"646300.5","Y":"9218975.3","NAMOBJ":"Padenganploso","WADMKC":"Pucuk","WADMKK":"Lamongan"},"geometry":{"type":"Point","coordinates":[112.3,-7.1]}},{"type":"Feature","properties":{"Line":"S134","Sp":"1636.5","X":"646300.5","Y":"9218925.3","NAMOBJ":"Padenganploso","WADMKC":"Pucuk","WADMKK":"Lamongan"},"geometry":{"type":"Point","coordinates":[112.3,-7.1]}},{"type":"Feature","properties":{"Line":"S134","Sp":"1640.5","X":"646300.5","Y":"9218875.3","NAMOBJ":"Padenganploso","WADMKC":"Pucuk","WADMKK":"Lamongan"},"geometry":{"type":"Point","coordinates":[112.3,-7.1]}},{"type":"Feature","properties":{"Line":"S134","Sp":"1644.5","X":"646300.5","Y":"9218825.3","NAMOBJ":"Padenganploso","WADMKC":"Pucuk","WADMKK":"Lamongan"},"geometry":{"type":"Point","coordinates":[112.3,-7.1]}},{"type":"Feature","properties":{"Line":"S134","Sp":"1648.5","X":"646300.5","Y":"9218775.3","NAMOBJ":"Padenganploso","WADMKC":"Pucuk","WADMKK":"Lamongan"},"geometry":{"type":"Point","coordinates":[112.3,-7.1]}},{"type":"Feature","properties":{"Line":"S134","Sp":"1652.5","X":"646300.5","Y":"9218725.3","NAMOBJ":"Padenganploso","WADMKC":"Pucuk","WADMKK":"Lamongan"},"geometry":{"type":"Point","coordinates":[112.3,-7.1]}},{"type":"Feature","properties":{"Line":"S134","Sp":"1656.5","X":"646300.5","Y":"9218675.3","NAMOBJ":"Padenganploso","WADMKC":"Pucuk","WADMKK":"Lamongan"},"geometry":{"type":"Point","coordinates":[112.3,-7.1]}},{"type":"Feature","properties":{"Line":"S134","Sp":"1660.5","X":"646300.5","Y":"9218625.3","NAMOBJ":"Padenganploso","WADMKC":"Pucuk","WADMKK":"Lamongan"},"geometry":{"type":"Point","coordinates":[112.3,-7.1]}},{"type":"Feature","properties":{"Line":"S134","Sp":"1664.5","X":"646300.5","Y":"9218575.3","NAMOBJ":"Padenganploso","WADMKC":"Pucuk","WADMKK":"Lamongan"},"geometry":{"type":"Point","coordinates":[112.3,-7.1]}},{"type":"Feature","properties":{"Line":"S134","Sp":"1668.5","X":"646300.5","Y":"9218525.3","NAMOBJ":"Padenganploso","WADMKC":"Pucuk","WADMKK":"Lamongan"},"geometry":{"type":"Point","coordinates":[112.3,-7.1]}},{"type":"Feature","properties":{"Line":"S134","Sp":"1672.5","X":"646300.5","Y":"9218475.3","NAMOBJ":"Padenganploso","WADMKC":"Pucuk","WADMKK":"Lamongan"},"geometry":{"type":"Point","coordinates":[112.3,-7.1]}},{"type":"Feature","properties":{"Line":"S134","Sp":"1676.5","X":"646300.5","Y":"9218425.3","NAMOBJ":"Padenganploso","WADMKC":"Pucuk","WADMKK":"Lamongan"},"geometry":{"type":"Point","coordinates":[112.3,-7.1]}},{"type":"Feature","properties":{"Line":"S134","Sp":"1680.5","X":"646300.5","Y":"9218375.3","NAMOBJ":"Padenganploso","WADMKC":"Pucuk","WADMKK":"Lamongan"},"geometry":{"type":"Point","coordinates":[112.3,-7.1]}},{"type":"Feature","properties":{"Line":"S134","Sp":"1684.5","X":"646300.5","Y":"9218325.3","NAMOBJ":"Padenganploso","WADMKC":"Pucuk","WADMKK":"Lamongan"},"geometry":{"type":"Point","coordinates":[112.3,-7.1]}},{"type":"Feature","properties":{"Line":"S134","Sp":"1688.5","X":"646300.5","Y":"9218275.3","NAMOBJ":"Padenganploso","WADMKC":"Pucuk","WADMKK":"Lamongan"},"geometry":{"type":"Point","coordinates":[112.3,-7.1]}},{"type":"Feature","properties":{"Line":"S134","Sp":"1692.5","X":"646300.5","Y":"9218225.3","NAMOBJ":"Padenganploso","WADMKC":"Pucuk","WADMKK":"Lamongan"},"geometry":{"type":"Point","coordinates":[112.3,-7.1]}},{"type":"Feature","properties":{"Line":"S134","Sp":"1696.5","X":"646300.5","Y":"9218175.3","NAMOBJ":"Padenganploso","WADMKC":"Pucuk","WADMKK":"Lamongan"},"geometry":{"type":"Point","coordinates":[112.3,-7.1]}},{"type":"Feature","properties":{"Line":"S136","Sp":"1552.5","X":"647300.5","Y":"9219975.3","NAMOBJ":"Padenganploso","WADMKC":"Pucuk","WADMKK":"Lamongan"},"geometry":{"type":"Point","coordinates":[112.3,-7.1]}},{"type":"Feature","properties":{"Line":"S136","Sp":"1556.5","X":"647300.5","Y":"9219925.3","NAMOBJ":"Padenganploso","WADMKC":"Pucuk","WADMKK":"Lamongan"},"geometry":{"type":"Point","coordinates":[112.3,-7.1]}},{"type":"Feature","properties":{"Line":"S136","Sp":"1560.5","X":"647300.5","Y":"9219875.3","NAMOBJ":"Padenganploso","WADMKC":"Pucuk","WADMKK":"Lamongan"},"geometry":{"type":"Point","coordinates":[112.3,-7.1]}},{"type":"Feature","properties":{"Line":"S136","Sp":"1564.5","X":"647300.5","Y":"9219825.3","NAMOBJ":"Padenganploso","WADMKC":"Pucuk","WADMKK":"Lamongan"},"geometry":{"type":"Point","coordinates":[112.3,-7.1]}},{"type":"Feature","properties":{"Line":"S136","Sp":"1568.5","X":"647300.5","Y":"9219775.3","NAMOBJ":"Padenganploso","WADMKC":"Pucuk","WADMKK":"Lamongan"},"geometry":{"type":"Point","coordinates":[112.3,-7.1]}},{"type":"Feature","properties":{"Line":"S136","Sp":"1572.5","X":"647300.5","Y":"9219725.3","NAMOBJ":"Padenganploso","WADMKC":"Pucuk","WADMKK":"Lamongan"},"geometry":{"type":"Point","coordinates":[112.3,-7.1]}},{"type":"Feature","properties":{"Line":"S136","Sp":"1576.5","X":"647300.5","Y":"9219675.3","NAMOBJ":"Padenganploso","WADMKC":"Pucuk","WADMKK":"Lamongan"},"geometry":{"type":"Point","coordinates":[112.3,-7.1]}},{"type":"Feature","properties":{"Line":"S136","Sp":"1580.5","X":"647300.5","Y":"9219625.3","NAMOBJ":"Padenganploso","WADMKC":"Pucuk","WADMKK":"Lamongan"},"geometry":{"type":"Point","coordinates":[112.3,-7.1]}},{"type":"Feature","properties":{"Line":"S136","Sp":"1584.5","X":"647300.5","Y":"9219575.3","NAMOBJ":"Padenganploso","WADMKC":"Pucuk","WADMKK":"Lamongan"},"geometry":{"type":"Point","coordinates":[112.3,-7.1]}},{"type":"Feature","properties":{"Line":"S136","Sp":"1588.5","X":"647300.5","Y":"9219525.3","NAMOBJ":"Padenganploso","WADMKC":"Pucuk","WADMKK":"Lamongan"},"geometry":{"type":"Point","coordinates":[112.3,-7.1]}},{"type":"Feature","properties":{"Line":"S136","Sp":"1592.5","X":"647300.5","Y":"9219475.3","NAMOBJ":"Padenganploso","WADMKC":"Pucuk","WADMKK":"Lamongan"},"geometry":{"type":"Point","coordinates":[112.3,-7.1]}},{"type":"Feature","properties":{"Line":"S136","Sp":"1596.5","X":"647300.5","Y":"9219425.3","NAMOBJ":"Padenganploso","WADMKC":"Pucuk","WADMKK":"Lamongan"},"geometry":{"type":"Point","coordinates":[112.3,-7.1]}},{"type":"Feature","properties":{"Line":"S136","Sp":"1600.5","X":"647300.5","Y":"9219375.3","NAMOBJ":"Padenganploso","WADMKC":"Pucuk","WADMKK":"Lamongan"},"geometry":{"type":"Point","coordinates":[112.3,-7.1]}},{"type":"Feature","properties":{"Line":"S136","Sp":"1604.5","X":"647300.5","Y":"9219325.3","NAMOBJ":"Padenganploso","WADMKC":"Pucuk","WADMKK":"Lamongan"},"geometry":{"type":"Point","coordinates":[112.3,-7.1]}},{"type":"Feature","properties":{"Line":"S119","Sp":"2776.5","X":"645275.5","Y":"9217800.3","NAMOBJ":"Pajangan","WADMKC":"Sukodadi","WADMKK":"Lamongan"},"geometry":{"type":"Point","coordinates":[112.3,-7.1]}},{"type":"Feature","properties":{"Line":"S119","Sp":"2780.5","X":"645325.5","Y":"9217800.3","NAMOBJ":"Pajangan","WADMKC":"Sukodadi","WADMKK":"Lamongan"},"geometry":{"type":"Point","coordinates":[112.3,-7.1]}},{"type":"Feature","properties":{"Line":"S119","Sp":"2784.5","X":"645375.5","Y":"9217800.3","NAMOBJ":"Pajangan","WADMKC":"Sukodadi","WADMKK":"Lamongan"},"geometry":{"type":"Point","coordinates":[112.3,-7.1]}},{"type":"Feature","properties":{"Line":"S119","Sp":"2788.5","X":"645425.5","Y":"9217800.3","NAMOBJ":"Pajangan","WADMKC":"Sukodadi","WADMKK":"Lamongan"},"geometry":{"type":"Point","coordinates":[112.3,-7.1]}},{"type":"Feature","properties":{"Line":"S119","Sp":"2804.5","X":"645625.5","Y":"9217800.3","NAMOBJ":"Pajangan","WADMKC":"Sukodadi","WADMKK":"Lamongan"},"geometry":{"type":"Point","coordinates":[112.3,-7.1]}},{"type":"Feature","properties":{"Line":"S119","Sp":"2808.5","X":"645675.5","Y":"9217800.3","NAMOBJ":"Pajangan","WADMKC":"Sukodadi","WADMKK":"Lamongan"},"geometry":{"type":"Point","coordinates":[112.3,-7.1]}},{"type":"Feature","properties":{"Line":"S119","Sp":"2812.5","X":"645725.5","Y":"9217800.3","NAMOBJ":"Pajangan","WADMKC":"Sukodadi","WADMKK":"Lamongan"},"geometry":{"type":"Point","coordinates":[112.3,-7.1]}},{"type":"Feature","properties":{"Line":"S119","Sp":"2816.5","X":"645775.5","Y":"9217800.3","NAMOBJ":"Pajangan","WADMKC":"Sukodadi","WADMKK":"Lamongan"},"geometry":{"type":"Point","coordinates":[112.3,-7.1]}},{"type":"Feature","properties":{"Line":"S119","Sp":"2820.5","X":"645825.5","Y":"9217800.3","NAMOBJ":"Pajangan","WADMKC":"Sukodadi","WADMKK":"Lamongan"},"geometry":{"type":"Point","coordinates":[112.3,-7.1]}},{"type":"Feature","properties":{"Line":"S119","Sp":"2824.5","X":"645875.5","Y":"9217800.3","NAMOBJ":"Pajangan","WADMKC":"Sukodadi","WADMKK":"Lamongan"},"geometry":{"type":"Point","coordinates":[112.3,-7.1]}},{"type":"Feature","properties":{"Line":"S119","Sp":"2828.5","X":"645925.5","Y":"9217800.3","NAMOBJ":"Pajangan","WADMKC":"Sukodadi","WADMKK":"Lamongan"},"geometry":{"type":"Point","coordinates":[112.3,-7.1]}},{"type":"Feature","properties":{"Line":"S119","Sp":"2832.5","X":"645975.5","Y":"9217800.3","NAMOBJ":"Pajangan","WADMKC":"Sukodadi","WADMKK":"Lamongan"},"geometry":{"type":"Point","coordinates":[112.3,-7.1]}},{"type":"Feature","properties":{"Line":"S119","Sp":"2836.5","X":"646025.5","Y":"9217800.3","NAMOBJ":"Pajangan","WADMKC":"Sukodadi","WADMKK":"Lamongan"},"geometry":{"type":"Point","coordinates":[112.3,-7.1]}},{"type":"Feature","properties":{"Line":"S119","Sp":"2840.5","X":"646075.5","Y":"9217800.3","NAMOBJ":"Pajangan","WADMKC":"Sukodadi","WADMKK":"Lamongan"},"geometry":{"type":"Point","coordinates":[112.3,-7.1]}},{"type":"Feature","properties":{"Line":"S119","Sp":"2844.5","X":"646125.5","Y":"9217800.3","NAMOBJ":"Pajangan","WADMKC":"Sukodadi","WADMKK":"Lamongan"},"geometry":{"type":"Point","coordinates":[112.3,-7.1]}},{"type":"Feature","properties":{"Line":"S119","Sp":"2848.5","X":"646175.5","Y":"9217800.3","NAMOBJ":"Pajangan","WADMKC":"Sukodadi","WADMKK":"Lamongan"},"geometry":{"type":"Point","coordinates":[112.3,-7.1]}},{"type":"Feature","properties":{"Line":"S119","Sp":"2852.5","X":"646225.5","Y":"9217800.3","NAMOBJ":"Pajangan","WADMKC":"Sukodadi","WADMKK":"Lamongan"},"geometry":{"type":"Point","coordinates":[112.3,-7.1]}},{"type":"Feature","properties":{"Line":"S119","Sp":"2856.5","X":"646275.5","Y":"9217800.3","NAMOBJ":"Pajangan","WADMKC":"Sukodadi","WADMKK":"Lamongan"},"geometry":{"type":"Point","coordinates":[112.3,-7.1]}},{"type":"Feature","properties":{"Line":"S119","Sp":"2860.5","X":"646325.5","Y":"9217800.3","NAMOBJ":"Pajangan","WADMKC":"Sukodadi","WADMKK":"Lamongan"},"geometry":{"type":"Point","coordinates":[112.3,-7.1]}},{"type":"Feature","properties":{"Line":"S119","Sp":"2864.5","X":"646375.5","Y":"9217800.3","NAMOBJ":"Pajangan","WADMKC":"Sukodadi","WADMKK":"Lamongan"},"geometry":{"type":"Point","coordinates":[112.3,-7.1]}},{"type":"Feature","properties":{"Line":"S119","Sp":"2868.5","X":"646425.5","Y":"9217800.3","NAMOBJ":"Pajangan","WADMKC":"Sukodadi","WADMKK":"Lamongan"},"geometry":{"type":"Point","coordinates":[112.3,-7.1]}},{"type":"Feature","properties":{"Line":"S132","Sp":"1664.5","X":"645300.5","Y":"9218575.3","NAMOBJ":"Pajangan","WADMKC":"Sukodadi","WADMKK":"Lamongan"},"geometry":{"type":"Point","coordinates":[112.3,-7.1]}},{"type":"Feature","properties":{"Line":"S132","Sp":"1668.5","X":"645300.5","Y":"9218525.3","NAMOBJ":"Pajangan","WADMKC":"Sukodadi","WADMKK":"Lamongan"},"geometry":{"type":"Point","coordinates":[112.3,-7.1]}},{"type":"Feature","properties":{"Line":"S132","Sp":"1672.5","X":"645300.5","Y":"9218475.3","NAMOBJ":"Pajangan","WADMKC":"Sukodadi","WADMKK":"Lamongan"},"geometry":{"type":"Point","coordinates":[112.3,-7.1]}},{"type":"Feature","properties":{"Line":"S132","Sp":"1676.5","X":"645300.5","Y":"9218425.3","NAMOBJ":"Pajangan","WADMKC":"Sukodadi","WADMKK":"Lamongan"},"geometry":{"type":"Point","coordinates":[112.3,-7.1]}},{"type":"Feature","properties":{"Line":"S132","Sp":"1680.5","X":"645300.5","Y":"9218375.3","NAMOBJ":"Pajangan","WADMKC":"Sukodadi","WADMKK":"Lamongan"},"geometry":{"type":"Point","coordinates":[112.3,-7.1]}},{"type":"Feature","properties":{"Line":"S132","Sp":"1684.5","X":"645300.5","Y":"9218325.3","NAMOBJ":"Pajangan","WADMKC":"Sukodadi","WADMKK":"Lamongan"},"geometry":{"type":"Point","coordinates":[112.3,-7.1]}},{"type":"Feature","properties":{"Line":"S132","Sp":"1688.5","X":"645300.5","Y":"9218275.3","NAMOBJ":"Pajangan","WADMKC":"Sukodadi","WADMKK":"Lamongan"},"geometry":{"type":"Point","coordinates":[112.3,-7.1]}},{"type":"Feature","properties":{"Line":"S132","Sp":"1720.5","X":"645300.5","Y":"9217875.3","NAMOBJ":"Pajangan","WADMKC":"Sukodadi","WADMKK":"Lamongan"},"geometry":{"type":"Point","coordinates":[112.3,-7.1]}},{"type":"Feature","properties":{"Line":"S132","Sp":"1724.5","X":"645300.5","Y":"9217825.3","NAMOBJ":"Pajangan","WADMKC":"Sukodadi","WADMKK":"Lamongan"},"geometry":{"type":"Point","coordinates":[112.3,-7.1]}},{"type":"Feature","properties":{"Line":"S132","Sp":"1728.5","X":"645300.5","Y":"9217775.3","NAMOBJ":"Pajangan","WADMKC":"Sukodadi","WADMKK":"Lamongan"},"geometry":{"type":"Point","coordinates":[112.3,-7.1]}},{"type":"Feature","properties":{"Line":"S132","Sp":"1732.5","X":"645300.5","Y":"9217725.3","NAMOBJ":"Pajangan","WADMKC":"Sukodadi","WADMKK":"Lamongan"},"geometry":{"type":"Point","coordinates":[112.3,-7.1]}},{"type":"Feature","properties":{"Line":"S132","Sp":"1736.5","X":"645300.5","Y":"9217675.3","NAMOBJ":"Pajangan","WADMKC":"Sukodadi","WADMKK":"Lamongan"},"geometry":{"type":"Point","coordinates":[112.3,-7.1]}},{"type":"Feature","properties":{"Line":"S132","Sp":"1740.5","X":"645300.5","Y":"9217625.3","NAMOBJ":"Pajangan","WADMKC":"Sukodadi","WADMKK":"Lamongan"},"geometry":{"type":"Point","coordinates":[112.3,-7.1]}},{"type":"Feature","properties":{"Line":"S132","Sp":"1744.5","X":"645300.5","Y":"9217575.3","NAMOBJ":"Pajangan","WADMKC":"Sukodadi","WADMKK":"Lamongan"},"geometry":{"type":"Point","coordinates":[112.3,-7.1]}},{"type":"Feature","properties":{"Line":"S132","Sp":"1748.5","X":"645300.5","Y":"9217525.3","NAMOBJ":"Pajangan","WADMKC":"Sukodadi","WADMKK":"Lamongan"},"geometry":{"type":"Point","coordinates":[112.3,-7.1]}},{"type":"Feature","properties":{"Line":"S132","Sp":"1752.5","X":"645300.5","Y":"9217475.3","NAMOBJ":"Pajangan","WADMKC":"Sukodadi","WADMKK":"Lamongan"},"geometry":{"type":"Point","coordinates":[112.3,-7.1]}},{"type":"Feature","properties":{"Line":"S132","Sp":"1756.5","X":"645300.5","Y":"9217425.3","NAMOBJ":"Pajangan","WADMKC":"Sukodadi","WADMKK":"Lamongan"},"geometry":{"type":"Point","coordinates":[112.3,-7.1]}},{"type":"Feature","properties":{"Line":"S132","Sp":"1760.5","X":"645300.5","Y":"9217375.3","NAMOBJ":"Pajangan","WADMKC":"Sukodadi","WADMKK":"Lamongan"},"geometry":{"type":"Point","coordinates":[112.3,-7.1]}},{"type":"Feature","properties":{"Line":"S132","Sp":"1764.5","X":"645300.5","Y":"9217325.3","NAMOBJ":"Pajangan","WADMKC":"Sukodadi","WADMKK":"Lamongan"},"geometry":{"type":"Point","coordinates":[112.3,-7.1]}},{"type":"Feature","properties":{"Line":"S132","Sp":"1768.5","X":"645300.5","Y":"9217275.3","NAMOBJ":"Pajangan","WADMKC":"Sukodadi","WADMKK":"Lamongan"},"geometry":{"type":"Point","coordinates":[112.3,-7.1]}},{"type":"Feature","properties":{"Line":"S132","Sp":"1772.5","X":"645300.5","Y":"9217225.3","NAMOBJ":"Pajangan","WADMKC":"Sukodadi","WADMKK":"Lamongan"},"geometry":{"type":"Point","coordinates":[112.3,-7.1]}},{"type":"Feature","properties":{"Line":"S132","Sp":"1776.5","X":"645300.5","Y":"9217175.3","NAMOBJ":"Pajangan","WADMKC":"Sukodadi","WADMKK":"Lamongan"},"geometry":{"type":"Point","coordinates":[112.3,-7.1]}},{"type":"Feature","properties":{"Line":"S132","Sp":"1780.5","X":"645300.5","Y":"9217125.3","NAMOBJ":"Pajangan","WADMKC":"Sukodadi","WADMKK":"Lamongan"},"geometry":{"type":"Point","coordinates":[112.3,-7.1]}},{"type":"Feature","properties":{"Line":"S132","Sp":"1784.5","X":"645300.5","Y":"9217075.3","NAMOBJ":"Pajangan","WADMKC":"Sukodadi","WADMKK":"Lamongan"},"geometry":{"type":"Point","coordinates":[112.3,-7.1]}},{"type":"Feature","properties":{"Line":"S132","Sp":"1788.5","X":"645300.5","Y":"9217025.3","NAMOBJ":"Pajangan","WADMKC":"Sukodadi","WADMKK":"Lamongan"},"geometry":{"type":"Point","coordinates":[112.3,-7.1]}},{"type":"Feature","properties":{"Line":"S132","Sp":"1792.5","X":"645300.5","Y":"9216975.3","NAMOBJ":"Pajangan","WADMKC":"Sukodadi","WADMKK":"Lamongan"},"geometry":{"type":"Point","coordinates":[112.3,-7.1]}},{"type":"Feature","properties":{"Line":"S134","Sp":"1700.5","X":"646300.5","Y":"9218125.3","NAMOBJ":"Pajangan","WADMKC":"Sukodadi","WADMKK":"Lamongan"},"geometry":{"type":"Point","coordinates":[112.3,-7.1]}},{"type":"Feature","properties":{"Line":"S134","Sp":"1704.5","X":"646300.5","Y":"9218075.3","NAMOBJ":"Pajangan","WADMKC":"Sukodadi","WADMKK":"Lamongan"},"geometry":{"type":"Point","coordinates":[112.3,-7.1]}},{"type":"Feature","properties":{"Line":"S134","Sp":"1708.5","X":"646300.5","Y":"9218025.3","NAMOBJ":"Pajangan","WADMKC":"Sukodadi","WADMKK":"Lamongan"},"geometry":{"type":"Point","coordinates":[112.3,-7.1]}},{"type":"Feature","properties":{"Line":"S134","Sp":"1712.5","X":"646300.5","Y":"9217975.3","NAMOBJ":"Pajangan","WADMKC":"Sukodadi","WADMKK":"Lamongan"},"geometry":{"type":"Point","coordinates":[112.3,-7.1]}},{"type":"Feature","properties":{"Line":"S134","Sp":"1716.5","X":"646300.5","Y":"9217925.3","NAMOBJ":"Pajangan","WADMKC":"Sukodadi","WADMKK":"Lamongan"},"geometry":{"type":"Point","coordinates":[112.3,-7.1]}},{"type":"Feature","properties":{"Line":"S134","Sp":"1720.5","X":"646300.5","Y":"9217875.3","NAMOBJ":"Pajangan","WADMKC":"Sukodadi","WADMKK":"Lamongan"},"geometry":{"type":"Point","coordinates":[112.3,-7.1]}},{"type":"Feature","properties":{"Line":"S134","Sp":"1724.5","X":"646300.5","Y":"9217825.3","NAMOBJ":"Pajangan","WADMKC":"Sukodadi","WADMKK":"Lamongan"},"geometry":{"type":"Point","coordinates":[112.3,-7.1]}},{"type":"Feature","properties":{"Line":"S134","Sp":"1728.5","X":"646300.5","Y":"9217775.3","NAMOBJ":"Pajangan","WADMKC":"Sukodadi","WADMKK":"Lamongan"},"geometry":{"type":"Point","coordinates":[112.3,-7.1]}},{"type":"Feature","properties":{"Line":"S134","Sp":"1732.5","X":"646300.5","Y":"9217725.3","NAMOBJ":"Pajangan","WADMKC":"Sukodadi","WADMKK":"Lamongan"},"geometry":{"type":"Point","coordinates":[112.3,-7.1]}},{"type":"Feature","properties":{"Line":"S134","Sp":"1736.5","X":"646300.5","Y":"9217675.3","NAMOBJ":"Pajangan","WADMKC":"Sukodadi","WADMKK":"Lamongan"},"geometry":{"type":"Point","coordinates":[112.3,-7.1]}},{"type":"Feature","properties":{"Line":"S134","Sp":"1740.5","X":"646300.5","Y":"9217625.3","NAMOBJ":"Pajangan","WADMKC":"Sukodadi","WADMKK":"Lamongan"},"geometry":{"type":"Point","coordinates":[112.3,-7.1]}},{"type":"Feature","properties":{"Line":"S134","Sp":"1744.5","X":"646300.5","Y":"9217575.3","NAMOBJ":"Pajangan","WADMKC":"Sukodadi","WADMKK":"Lamongan"},"geometry":{"type":"Point","coordinates":[112.3,-7.1]}},{"type":"Feature","properties":{"Line":"S134","Sp":"1748.5","X":"646300.5","Y":"9217525.3","NAMOBJ":"Pajangan","WADMKC":"Sukodadi","WADMKK":"Lamongan"},"geometry":{"type":"Point","coordinates":[112.3,-7.1]}},{"type":"Feature","properties":{"Line":"S134","Sp":"1752.5","X":"646300.5","Y":"9217475.3","NAMOBJ":"Pajangan","WADMKC":"Sukodadi","WADMKK":"Lamongan"},"geometry":{"type":"Point","coordinates":[112.3,-7.1]}},{"type":"Feature","properties":{"Line":"S115","Sp":"2504.5","X":"643375.5","Y":"9215800.3","NAMOBJ":"Paji","WADMKC":"Pucuk","WADMKK":"Lamongan"},"geometry":{"type":"Point","coordinates":[112.3,-7.1]}},{"type":"Feature","properties":{"Line":"S115","Sp":"2508.5","X":"643425.5","Y":"9215800.3","NAMOBJ":"Paji","WADMKC":"Pucuk","WADMKK":"Lamongan"},"geometry":{"type":"Point","coordinates":[112.3,-7.1]}},{"type":"Feature","properties":{"Line":"S115","Sp":"2512.5","X":"643475.5","Y":"9215800.3","NAMOBJ":"Paji","WADMKC":"Pucuk","WADMKK":"Lamongan"},"geometry":{"type":"Point","coordinates":[112.3,-7.1]}},{"type":"Feature","properties":{"Line":"S115","Sp":"2516.5","X":"643525.5","Y":"9215800.3","NAMOBJ":"Paji","WADMKC":"Pucuk","WADMKK":"Lamongan"},"geometry":{"type":"Point","coordinates":[112.3,-7.1]}},{"type":"Feature","properties":{"Line":"S115","Sp":"2520.5","X":"643575.5","Y":"9215800.3","NAMOBJ":"Paji","WADMKC":"Pucuk","WADMKK":"Lamongan"},"geometry":{"type":"Point","coordinates":[112.3,-7.1]}},{"type":"Feature","properties":{"Line":"S115","Sp":"2524.5","X":"643625.5","Y":"9215800.3","NAMOBJ":"Paji","WADMKC":"Pucuk","WADMKK":"Lamongan"},"geometry":{"type":"Point","coordinates":[112.3,-7.1]}},{"type":"Feature","properties":{"Line":"S115","Sp":"2528.5","X":"643675.5","Y":"9215800.3","NAMOBJ":"Paji","WADMKC":"Pucuk","WADMKK":"Lamongan"},"geometry":{"type":"Point","coordinates":[112.3,-7.1]}},{"type":"Feature","properties":{"Line":"S115","Sp":"2532.5","X":"643725.5","Y":"9215800.3","NAMOBJ":"Paji","WADMKC":"Pucuk","WADMKK":"Lamongan"},"geometry":{"type":"Point","coordinates":[112.3,-7.1]}},{"type":"Feature","properties":{"Line":"S115","Sp":"2536.5","X":"643775.5","Y":"9215800.3","NAMOBJ":"Paji","WADMKC":"Pucuk","WADMKK":"Lamongan"},"geometry":{"type":"Point","coordinates":[112.3,-7.1]}},{"type":"Feature","properties":{"Line":"S115","Sp":"2540.5","X":"643825.5","Y":"9215800.3","NAMOBJ":"Paji","WADMKC":"Pucuk","WADMKK":"Lamongan"},"geometry":{"type":"Point","coordinates":[112.3,-7.1]}},{"type":"Feature","properties":{"Line":"S115","Sp":"2544.5","X":"643875.5","Y":"9215800.3","NAMOBJ":"Paji","WADMKC":"Pucuk","WADMKK":"Lamongan"},"geometry":{"type":"Point","coordinates":[112.3,-7.1]}},{"type":"Feature","properties":{"Line":"S115","Sp":"2548.5","X":"643925.5","Y":"9215800.3","NAMOBJ":"Paji","WADMKC":"Pucuk","WADMKK":"Lamongan"},"geometry":{"type":"Point","coordinates":[112.3,-7.1]}},{"type":"Feature","properties":{"Line":"S115","Sp":"2552.5","X":"643975.5","Y":"9215800.3","NAMOBJ":"Paji","WADMKC":"Pucuk","WADMKK":"Lamongan"},"geometry":{"type":"Point","coordinates":[112.3,-7.1]}},{"type":"Feature","properties":{"Line":"S115","Sp":"2556.5","X":"644025.5","Y":"9215800.3","NAMOBJ":"Paji","WADMKC":"Pucuk","WADMKK":"Lamongan"},"geometry":{"type":"Point","coordinates":[112.3,-7.1]}},{"type":"Feature","properties":{"Line":"S115","Sp":"2560.5","X":"644075.5","Y":"9215800.3","NAMOBJ":"Paji","WADMKC":"Pucuk","WADMKK":"Lamongan"},"geometry":{"type":"Point","coordinates":[112.3,-7.1]}},{"type":"Feature","properties":{"Line":"S115","Sp":"2564.5","X":"644125.5","Y":"9215800.3","NAMOBJ":"Paji","WADMKC":"Pucuk","WADMKK":"Lamongan"},"geometry":{"type":"Point","coordinates":[112.3,-7.1]}},{"type":"Feature","properties":{"Line":"S115","Sp":"2568.5","X":"644175.5","Y":"9215800.3","NAMOBJ":"Paji","WADMKC":"Pucuk","WADMKK":"Lamongan"},"geometry":{"type":"Point","coordinates":[112.3,-7.1]}},{"type":"Feature","properties":{"Line":"S115","Sp":"2572.5","X":"644225.5","Y":"9215800.3","NAMOBJ":"Paji","WADMKC":"Pucuk","WADMKK":"Lamongan"},"geometry":{"type":"Point","coordinates":[112.3,-7.1]}},{"type":"Feature","properties":{"Line":"S115","Sp":"2576.5","X":"644275.5","Y":"9215800.3","NAMOBJ":"Paji","WADMKC":"Pucuk","WADMKK":"Lamongan"},"geometry":{"type":"Point","coordinates":[112.3,-7.1]}},{"type":"Feature","properties":{"Line":"S115","Sp":"2580.5","X":"644325.5","Y":"9215800.3","NAMOBJ":"Paji","WADMKC":"Pucuk","WADMKK":"Lamongan"},"geometry":{"type":"Point","coordinates":[112.3,-7.1]}},{"type":"Feature","properties":{"Line":"S115","Sp":"2584.5","X":"644375.5","Y":"9215800.3","NAMOBJ":"Paji","WADMKC":"Pucuk","WADMKK":"Lamongan"},"geometry":{"type":"Point","coordinates":[112.3,-7.1]}},{"type":"Feature","properties":{"Line":"S115","Sp":"2588.5","X":"644425.5","Y":"9215800.3","NAMOBJ":"Paji","WADMKC":"Pucuk","WADMKK":"Lamongan"},"geometry":{"type":"Point","coordinates":[112.3,-7.1]}},{"type":"Feature","properties":{"Line":"S117","Sp":"2552.5","X":"643425.5","Y":"9216800.3","NAMOBJ":"Paji","WADMKC":"Pucuk","WADMKK":"Lamongan"},"geometry":{"type":"Point","coordinates":[112.3,-7.1]}},{"type":"Feature","properties":{"Line":"S117","Sp":"2556.5","X":"643475.5","Y":"9216800.3","NAMOBJ":"Paji","WADMKC":"Pucuk","WADMKK":"Lamongan"},"geometry":{"type":"Point","coordinates":[112.3,-7.1]}},{"type":"Feature","properties":{"Line":"S117","Sp":"2560.5","X":"643525.5","Y":"9216800.3","NAMOBJ":"Paji","WADMKC":"Pucuk","WADMKK":"Lamongan"},"geometry":{"type":"Point","coordinates":[112.3,-7.1]}},{"type":"Feature","properties":{"Line":"S117","Sp":"2564.5","X":"643575.5","Y":"9216800.3","NAMOBJ":"Paji","WADMKC":"Pucuk","WADMKK":"Lamongan"},"geometry":{"type":"Point","coordinates":[112.3,-7.1]}},{"type":"Feature","properties":{"Line":"S117","Sp":"2568.5","X":"643625.5","Y":"9216800.3","NAMOBJ":"Paji","WADMKC":"Pucuk","WADMKK":"Lamongan"},"geometry":{"type":"Point","coordinates":[112.3,-7.1]}},{"type":"Feature","properties":{"Line":"S117","Sp":"2572.5","X":"643675.5","Y":"9216800.3","NAMOBJ":"Paji","WADMKC":"Pucuk","WADMKK":"Lamongan"},"geometry":{"type":"Point","coordinates":[112.3,-7.1]}},{"type":"Feature","properties":{"Line":"S117","Sp":"2576.5","X":"643725.5","Y":"9216800.3","NAMOBJ":"Paji","WADMKC":"Pucuk","WADMKK":"Lamongan"},"geometry":{"type":"Point","coordinates":[112.3,-7.1]}},{"type":"Feature","properties":{"Line":"S117","Sp":"2580.5","X":"643775.5","Y":"9216800.3","NAMOBJ":"Paji","WADMKC":"Pucuk","WADMKK":"Lamongan"},"geometry":{"type":"Point","coordinates":[112.3,-7.1]}},{"type":"Feature","properties":{"Line":"S117","Sp":"2584.5","X":"643825.5","Y":"9216800.3","NAMOBJ":"Paji","WADMKC":"Pucuk","WADMKK":"Lamongan"},"geometry":{"type":"Point","coordinates":[112.3,-7.1]}},{"type":"Feature","properties":{"Line":"S117","Sp":"2588.5","X":"643875.5","Y":"9216800.3","NAMOBJ":"Paji","WADMKC":"Pucuk","WADMKK":"Lamongan"},"geometry":{"type":"Point","coordinates":[112.3,-7.1]}},{"type":"Feature","properties":{"Line":"S117","Sp":"2592.5","X":"643925.5","Y":"9216800.3","NAMOBJ":"Paji","WADMKC":"Pucuk","WADMKK":"Lamongan"},"geometry":{"type":"Point","coordinates":[112.3,-7.1]}},{"type":"Feature","properties":{"Line":"S117","Sp":"2596.5","X":"643975.5","Y":"9216800.3","NAMOBJ":"Paji","WADMKC":"Pucuk","WADMKK":"Lamongan"},"geometry":{"type":"Point","coordinates":[112.3,-7.1]}},{"type":"Feature","properties":{"Line":"S117","Sp":"2600.5","X":"644025.5","Y":"9216800.3","NAMOBJ":"Paji","WADMKC":"Pucuk","WADMKK":"Lamongan"},"geometry":{"type":"Point","coordinates":[112.3,-7.1]}},{"type":"Feature","properties":{"Line":"S117","Sp":"2604.5","X":"644075.5","Y":"9216800.3","NAMOBJ":"Paji","WADMKC":"Pucuk","WADMKK":"Lamongan"},"geometry":{"type":"Point","coordinates":[112.3,-7.1]}},{"type":"Feature","properties":{"Line":"S117","Sp":"2608.5","X":"644125.5","Y":"9216800.3","NAMOBJ":"Paji","WADMKC":"Pucuk","WADMKK":"Lamongan"},"geometry":{"type":"Point","coordinates":[112.3,-7.1]}},{"type":"Feature","properties":{"Line":"S117","Sp":"2612.5","X":"644175.5","Y":"9216800.3","NAMOBJ":"Paji","WADMKC":"Pucuk","WADMKK":"Lamongan"},"geometry":{"type":"Point","coordinates":[112.3,-7.1]}},{"type":"Feature","properties":{"Line":"S117","Sp":"2616.5","X":"644225.5","Y":"9216800.3","NAMOBJ":"Paji","WADMKC":"Pucuk","WADMKK":"Lamongan"},"geometry":{"type":"Point","coordinates":[112.3,-7.1]}},{"type":"Feature","properties":{"Line":"S117","Sp":"2620.5","X":"644275.5","Y":"9216800.3","NAMOBJ":"Paji","WADMKC":"Pucuk","WADMKK":"Lamongan"},"geometry":{"type":"Point","coordinates":[112.3,-7.1]}},{"type":"Feature","properties":{"Line":"S117","Sp":"2624.5","X":"644325.5","Y":"9216800.3","NAMOBJ":"Paji","WADMKC":"Pucuk","WADMKK":"Lamongan"},"geometry":{"type":"Point","coordinates":[112.3,-7.1]}},{"type":"Feature","properties":{"Line":"S117","Sp":"2628.5","X":"644375.5","Y":"9216800.3","NAMOBJ":"Paji","WADMKC":"Pucuk","WADMKK":"Lamongan"},"geometry":{"type":"Point","coordinates":[112.3,-7.1]}},{"type":"Feature","properties":{"Line":"S117","Sp":"2632.5","X":"644425.5","Y":"9216800.3","NAMOBJ":"Paji","WADMKC":"Pucuk","WADMKK":"Lamongan"},"geometry":{"type":"Point","coordinates":[112.3,-7.1]}},{"type":"Feature","properties":{"Line":"S117","Sp":"2636.5","X":"644475.5","Y":"9216800.3","NAMOBJ":"Paji","WADMKC":"Pucuk","WADMKK":"Lamongan"},"geometry":{"type":"Point","coordinates":[112.3,-7.1]}},{"type":"Feature","properties":{"Line":"S128","Sp":"1892.5","X":"643300.5","Y":"9216275.3","NAMOBJ":"Paji","WADMKC":"Pucuk","WADMKK":"Lamongan"},"geometry":{"type":"Point","coordinates":[112.3,-7.1]}},{"type":"Feature","properties":{"Line":"S128","Sp":"1896.5","X":"643300.5","Y":"9216225.3","NAMOBJ":"Paji","WADMKC":"Pucuk","WADMKK":"Lamongan"},"geometry":{"type":"Point","coordinates":[112.3,-7.1]}},{"type":"Feature","properties":{"Line":"S128","Sp":"1900.5","X":"643300.5","Y":"9216175.3","NAMOBJ":"Paji","WADMKC":"Pucuk","WADMKK":"Lamongan"},"geometry":{"type":"Point","coordinates":[112.3,-7.1]}},{"type":"Feature","properties":{"Line":"S128","Sp":"1904.5","X":"643300.5","Y":"9216125.3","NAMOBJ":"Paji","WADMKC":"Pucuk","WADMKK":"Lamongan"},"geometry":{"type":"Point","coordinates":[112.3,-7.1]}},{"type":"Feature","properties":{"Line":"S128","Sp":"1908.5","X":"643300.5","Y":"9216075.3","NAMOBJ":"Paji","WADMKC":"Pucuk","WADMKK":"Lamongan"},"geometry":{"type":"Point","coordinates":[112.3,-7.1]}},{"type":"Feature","properties":{"Line":"S128","Sp":"1912.5","X":"643300.5","Y":"9216025.3","NAMOBJ":"Paji","WADMKC":"Pucuk","WADMKK":"Lamongan"},"geometry":{"type":"Point","coordinates":[112.3,-7.1]}},{"type":"Feature","properties":{"Line":"S128","Sp":"1916.5","X":"643300.5","Y":"9215975.3","NAMOBJ":"Paji","WADMKC":"Pucuk","WADMKK":"Lamongan"},"geometry":{"type":"Point","coordinates":[112.3,-7.1]}},{"type":"Feature","properties":{"Line":"S128","Sp":"1920.5","X":"643300.5","Y":"9215925.3","NAMOBJ":"Paji","WADMKC":"Pucuk","WADMKK":"Lamongan"},"geometry":{"type":"Point","coordinates":[112.3,-7.1]}},{"type":"Feature","properties":{"Line":"S128","Sp":"1952.5","X":"643300.5","Y":"9215525.3","NAMOBJ":"Paji","WADMKC":"Pucuk","WADMKK":"Lamongan"},"geometry":{"type":"Point","coordinates":[112.3,-7.1]}},{"type":"Feature","properties":{"Line":"S128","Sp":"1956.5","X":"643300.5","Y":"9215475.3","NAMOBJ":"Paji","WADMKC":"Pucuk","WADMKK":"Lamongan"},"geometry":{"type":"Point","coordinates":[112.3,-7.1]}},{"type":"Feature","properties":{"Line":"S128","Sp":"1960.5","X":"643300.5","Y":"9215425.3","NAMOBJ":"Paji","WADMKC":"Pucuk","WADMKK":"Lamongan"},"geometry":{"type":"Point","coordinates":[112.3,-7.1]}},{"type":"Feature","properties":{"Line":"S128","Sp":"1964.5","X":"643300.5","Y":"9215375.3","NAMOBJ":"Paji","WADMKC":"Pucuk","WADMKK":"Lamongan"},"geometry":{"type":"Point","coordinates":[112.3,-7.1]}},{"type":"Feature","properties":{"Line":"S128","Sp":"1968.5","X":"643300.5","Y":"9215325.3","NAMOBJ":"Paji","WADMKC":"Pucuk","WADMKK":"Lamongan"},"geometry":{"type":"Point","coordinates":[112.3,-7.1]}},{"type":"Feature","properties":{"Line":"S130","Sp":"1820.5","X":"644300.5","Y":"9217025.3","NAMOBJ":"Paji","WADMKC":"Pucuk","WADMKK":"Lamongan"},"geometry":{"type":"Point","coordinates":[112.3,-7.1]}},{"type":"Feature","properties":{"Line":"S130","Sp":"1824.5","X":"644300.5","Y":"9216975.3","NAMOBJ":"Paji","WADMKC":"Pucuk","WADMKK":"Lamongan"},"geometry":{"type":"Point","coordinates":[112.3,-7.1]}},{"type":"Feature","properties":{"Line":"S130","Sp":"1836.5","X":"644300.5","Y":"9216825.3","NAMOBJ":"Paji","WADMKC":"Pucuk","WADMKK":"Lamongan"},"geometry":{"type":"Point","coordinates":[112.3,-7.1]}},{"type":"Feature","properties":{"Line":"S130","Sp":"1840.5","X":"644300.5","Y":"9216775.3","NAMOBJ":"Paji","WADMKC":"Pucuk","WADMKK":"Lamongan"},"geometry":{"type":"Point","coordinates":[112.3,-7.1]}},{"type":"Feature","properties":{"Line":"S130","Sp":"1844.5","X":"644300.5","Y":"9216725.3","NAMOBJ":"Paji","WADMKC":"Pucuk","WADMKK":"Lamongan"},"geometry":{"type":"Point","coordinates":[112.3,-7.1]}},{"type":"Feature","properties":{"Line":"S130","Sp":"1848.5","X":"644300.5","Y":"9216675.3","NAMOBJ":"Paji","WADMKC":"Pucuk","WADMKK":"Lamongan"},"geometry":{"type":"Point","coordinates":[112.3,-7.1]}},{"type":"Feature","properties":{"Line":"S130","Sp":"1852.5","X":"644300.5","Y":"9216625.3","NAMOBJ":"Paji","WADMKC":"Pucuk","WADMKK":"Lamongan"},"geometry":{"type":"Point","coordinates":[112.3,-7.1]}},{"type":"Feature","properties":{"Line":"S130","Sp":"1856.5","X":"644300.5","Y":"9216575.3","NAMOBJ":"Paji","WADMKC":"Pucuk","WADMKK":"Lamongan"},"geometry":{"type":"Point","coordinates":[112.3,-7.1]}},{"type":"Feature","properties":{"Line":"S130","Sp":"1860.5","X":"644300.5","Y":"9216525.3","NAMOBJ":"Paji","WADMKC":"Pucuk","WADMKK":"Lamongan"},"geometry":{"type":"Point","coordinates":[112.3,-7.1]}},{"type":"Feature","properties":{"Line":"S130","Sp":"1864.5","X":"644300.5","Y":"9216475.3","NAMOBJ":"Paji","WADMKC":"Pucuk","WADMKK":"Lamongan"},"geometry":{"type":"Point","coordinates":[112.3,-7.1]}},{"type":"Feature","properties":{"Line":"S130","Sp":"1904.5","X":"644300.5","Y":"9215975.3","NAMOBJ":"Paji","WADMKC":"Pucuk","WADMKK":"Lamongan"},"geometry":{"type":"Point","coordinates":[112.3,-7.1]}},{"type":"Feature","properties":{"Line":"S130","Sp":"1908.5","X":"644300.5","Y":"9215925.3","NAMOBJ":"Paji","WADMKC":"Pucuk","WADMKK":"Lamongan"},"geometry":{"type":"Point","coordinates":[112.3,-7.1]}},{"type":"Feature","properties":{"Line":"S130","Sp":"1912.5","X":"644300.5","Y":"9215875.3","NAMOBJ":"Paji","WADMKC":"Pucuk","WADMKK":"Lamongan"},"geometry":{"type":"Point","coordinates":[112.3,-7.1]}},{"type":"Feature","properties":{"Line":"S130","Sp":"1916.5","X":"644300.5","Y":"9215825.3","NAMOBJ":"Paji","WADMKC":"Pucuk","WADMKK":"Lamongan"},"geometry":{"type":"Point","coordinates":[112.3,-7.1]}},{"type":"Feature","properties":{"Line":"S130","Sp":"1920.5","X":"644300.5","Y":"9215775.3","NAMOBJ":"Paji","WADMKC":"Pucuk","WADMKK":"Lamongan"},"geometry":{"type":"Point","coordinates":[112.3,-7.1]}},{"type":"Feature","properties":{"Line":"S130","Sp":"1924.5","X":"644300.5","Y":"9215725.3","NAMOBJ":"Paji","WADMKC":"Pucuk","WADMKK":"Lamongan"},"geometry":{"type":"Point","coordinates":[112.3,-7.1]}},{"type":"Feature","properties":{"Line":"S130","Sp":"1928.5","X":"644300.5","Y":"9215675.3","NAMOBJ":"Paji","WADMKC":"Pucuk","WADMKK":"Lamongan"},"geometry":{"type":"Point","coordinates":[112.3,-7.1]}},{"type":"Feature","properties":{"Line":"S130","Sp":"1932.5","X":"644300.5","Y":"9215625.3","NAMOBJ":"Paji","WADMKC":"Pucuk","WADMKK":"Lamongan"},"geometry":{"type":"Point","coordinates":[112.3,-7.1]}},{"type":"Feature","properties":{"Line":"S130","Sp":"1936.5","X":"644300.5","Y":"9215575.3","NAMOBJ":"Paji","WADMKC":"Pucuk","WADMKK":"Lamongan"},"geometry":{"type":"Point","coordinates":[112.3,-7.1]}},{"type":"Feature","properties":{"Line":"S130","Sp":"1940.5","X":"644300.5","Y":"9215525.3","NAMOBJ":"Paji","WADMKC":"Pucuk","WADMKK":"Lamongan"},"geometry":{"type":"Point","coordinates":[112.3,-7.1]}},{"type":"Feature","properties":{"Line":"S130","Sp":"1944.5","X":"644300.5","Y":"9215475.3","NAMOBJ":"Paji","WADMKC":"Pucuk","WADMKK":"Lamongan"},"geometry":{"type":"Point","coordinates":[112.3,-7.1]}},{"type":"Feature","properties":{"Line":"S130","Sp":"1948.5","X":"644300.5","Y":"9215425.3","NAMOBJ":"Paji","WADMKC":"Pucuk","WADMKK":"Lamongan"},"geometry":{"type":"Point","coordinates":[112.3,-7.1]}},{"type":"Feature","properties":{"Line":"S130","Sp":"1952.5","X":"644300.5","Y":"9215375.3","NAMOBJ":"Paji","WADMKC":"Pucuk","WADMKK":"Lamongan"},"geometry":{"type":"Point","coordinates":[112.3,-7.1]}},{"type":"Feature","properties":{"Line":"S130","Sp":"1956.5","X":"644300.5","Y":"9215325.3","NAMOBJ":"Paji","WADMKC":"Pucuk","WADMKK":"Lamongan"},"geometry":{"type":"Point","coordinates":[112.3,-7.1]}},{"type":"Feature","properties":{"Line":"S117","Sp":"2396.5","X":"641475.5","Y":"9216800.3","NAMOBJ":"Plososetro","WADMKC":"Pucuk","WADMKK":"Lamongan"},"geometry":{"type":"Point","coordinates":[112.3,-7.1]}},{"type":"Feature","properties":{"Line":"S117","Sp":"2400.5","X":"641525.5","Y":"9216800.3","NAMOBJ":"Plososetro","WADMKC":"Pucuk","WADMKK":"Lamongan"},"geometry":{"type":"Point","coordinates":[112.3,-7.1]}},{"type":"Feature","properties":{"Line":"S117","Sp":"2404.5","X":"641575.5","Y":"9216800.3","NAMOBJ":"Plososetro","WADMKC":"Pucuk","WADMKK":"Lamongan"},"geometry":{"type":"Point","coordinates":[112.3,-7.1]}},{"type":"Feature","properties":{"Line":"S117","Sp":"2408.5","X":"641625.5","Y":"9216800.3","NAMOBJ":"Plososetro","WADMKC":"Pucuk","WADMKK":"Lamongan"},"geometry":{"type":"Point","coordinates":[112.3,-7.1]}},{"type":"Feature","properties":{"Line":"S117","Sp":"2412.5","X":"641675.5","Y":"9216800.3","NAMOBJ":"Plososetro","WADMKC":"Pucuk","WADMKK":"Lamongan"},"geometry":{"type":"Point","coordinates":[112.3,-7.1]}},{"type":"Feature","properties":{"Line":"S117","Sp":"2416.5","X":"641725.5","Y":"9216800.3","NAMOBJ":"Plososetro","WADMKC":"Pucuk","WADMKK":"Lamongan"},"geometry":{"type":"Point","coordinates":[112.3,-7.1]}},{"type":"Feature","properties":{"Line":"S117","Sp":"2420.5","X":"641775.5","Y":"9216800.3","NAMOBJ":"Plososetro","WADMKC":"Pucuk","WADMKK":"Lamongan"},"geometry":{"type":"Point","coordinates":[112.3,-7.1]}},{"type":"Feature","properties":{"Line":"S117","Sp":"2424.5","X":"641825.5","Y":"9216800.3","NAMOBJ":"Plososetro","WADMKC":"Pucuk","WADMKK":"Lamongan"},"geometry":{"type":"Point","coordinates":[112.3,-7.1]}},{"type":"Feature","properties":{"Line":"S117","Sp":"2428.5","X":"641875.5","Y":"9216800.3","NAMOBJ":"Plososetro","WADMKC":"Pucuk","WADMKK":"Lamongan"},"geometry":{"type":"Point","coordinates":[112.3,-7.1]}},{"type":"Feature","properties":{"Line":"S117","Sp":"2432.5","X":"641925.5","Y":"9216800.3","NAMOBJ":"Plososetro","WADMKC":"Pucuk","WADMKK":"Lamongan"},"geometry":{"type":"Point","coordinates":[112.3,-7.1]}},{"type":"Feature","properties":{"Line":"S117","Sp":"2436.5","X":"641975.5","Y":"9216800.3","NAMOBJ":"Plososetro","WADMKC":"Pucuk","WADMKK":"Lamongan"},"geometry":{"type":"Point","coordinates":[112.3,-7.1]}},{"type":"Feature","properties":{"Line":"S117","Sp":"2440.5","X":"642025.5","Y":"9216800.3","NAMOBJ":"Plososetro","WADMKC":"Pucuk","WADMKK":"Lamongan"},"geometry":{"type":"Point","coordinates":[112.3,-7.1]}},{"type":"Feature","properties":{"Line":"S117","Sp":"2444.5","X":"642075.5","Y":"9216800.3","NAMOBJ":"Plososetro","WADMKC":"Pucuk","WADMKK":"Lamongan"},"geometry":{"type":"Point","coordinates":[112.3,-7.1]}},{"type":"Feature","properties":{"Line":"S117","Sp":"2448.5","X":"642125.5","Y":"9216800.3","NAMOBJ":"Plososetro","WADMKC":"Pucuk","WADMKK":"Lamongan"},"geometry":{"type":"Point","coordinates":[112.3,-7.1]}},{"type":"Feature","properties":{"Line":"S117","Sp":"2452.5","X":"642175.5","Y":"9216800.3","NAMOBJ":"Plososetro","WADMKC":"Pucuk","WADMKK":"Lamongan"},"geometry":{"type":"Point","coordinates":[112.3,-7.1]}},{"type":"Feature","properties":{"Line":"S117","Sp":"2456.5","X":"642225.5","Y":"9216800.3","NAMOBJ":"Plososetro","WADMKC":"Pucuk","WADMKK":"Lamongan"},"geometry":{"type":"Point","coordinates":[112.3,-7.1]}},{"type":"Feature","properties":{"Line":"S117","Sp":"2460.5","X":"642275.5","Y":"9216800.3","NAMOBJ":"Plososetro","WADMKC":"Pucuk","WADMKK":"Lamongan"},"geometry":{"type":"Point","coordinates":[112.3,-7.1]}},{"type":"Feature","properties":{"Line":"S117","Sp":"2464.5","X":"642325.5","Y":"9216800.3","NAMOBJ":"Plososetro","WADMKC":"Pucuk","WADMKK":"Lamongan"},"geometry":{"type":"Point","coordinates":[112.3,-7.1]}},{"type":"Feature","properties":{"Line":"S117","Sp":"2468.5","X":"642375.5","Y":"9216800.3","NAMOBJ":"Plososetro","WADMKC":"Pucuk","WADMKK":"Lamongan"},"geometry":{"type":"Point","coordinates":[112.3,-7.1]}},{"type":"Feature","properties":{"Line":"S117","Sp":"2472.5","X":"642425.5","Y":"9216800.3","NAMOBJ":"Plososetro","WADMKC":"Pucuk","WADMKK":"Lamongan"},"geometry":{"type":"Point","coordinates":[112.3,-7.1]}},{"type":"Feature","properties":{"Line":"S117","Sp":"2476.5","X":"642475.5","Y":"9216800.3","NAMOBJ":"Plososetro","WADMKC":"Pucuk","WADMKK":"Lamongan"},"geometry":{"type":"Point","coordinates":[112.3,-7.1]}},{"type":"Feature","properties":{"Line":"S117","Sp":"2480.5","X":"642525.5","Y":"9216800.3","NAMOBJ":"Plososetro","WADMKC":"Pucuk","WADMKK":"Lamongan"},"geometry":{"type":"Point","coordinates":[112.3,-7.1]}},{"type":"Feature","properties":{"Line":"S117","Sp":"2484.5","X":"642575.5","Y":"9216800.3","NAMOBJ":"Plososetro","WADMKC":"Pucuk","WADMKK":"Lamongan"},"geometry":{"type":"Point","coordinates":[112.3,-7.1]}},{"type":"Feature","properties":{"Line":"S117","Sp":"2488.5","X":"642625.5","Y":"9216800.3","NAMOBJ":"Plososetro","WADMKC":"Pucuk","WADMKK":"Lamongan"},"geometry":{"type":"Point","coordinates":[112.3,-7.1]}},{"type":"Feature","properties":{"Line":"S117","Sp":"2492.5","X":"642675.5","Y":"9216800.3","NAMOBJ":"Plososetro","WADMKC":"Pucuk","WADMKK":"Lamongan"},"geometry":{"type":"Point","coordinates":[112.3,-7.1]}},{"type":"Feature","properties":{"Line":"S117","Sp":"2496.5","X":"642725.5","Y":"9216800.3","NAMOBJ":"Plososetro","WADMKC":"Pucuk","WADMKK":"Lamongan"},"geometry":{"type":"Point","coordinates":[112.3,-7.1]}},{"type":"Feature","properties":{"Line":"S117","Sp":"2500.5","X":"642775.5","Y":"9216800.3","NAMOBJ":"Plososetro","WADMKC":"Pucuk","WADMKK":"Lamongan"},"geometry":{"type":"Point","coordinates":[112.3,-7.1]}},{"type":"Feature","properties":{"Line":"S117","Sp":"2504.5","X":"642825.5","Y":"9216800.3","NAMOBJ":"Plososetro","WADMKC":"Pucuk","WADMKK":"Lamongan"},"geometry":{"type":"Point","coordinates":[112.3,-7.1]}},{"type":"Feature","properties":{"Line":"S117","Sp":"2508.5","X":"642875.5","Y":"9216800.3","NAMOBJ":"Plososetro","WADMKC":"Pucuk","WADMKK":"Lamongan"},"geometry":{"type":"Point","coordinates":[112.3,-7.1]}},{"type":"Feature","properties":{"Line":"S117","Sp":"2512.5","X":"642925.5","Y":"9216800.3","NAMOBJ":"Plososetro","WADMKC":"Pucuk","WADMKK":"Lamongan"},"geometry":{"type":"Point","coordinates":[112.3,-7.1]}},{"type":"Feature","properties":{"Line":"S117","Sp":"2516.5","X":"642975.5","Y":"9216800.3","NAMOBJ":"Plososetro","WADMKC":"Pucuk","WADMKK":"Lamongan"},"geometry":{"type":"Point","coordinates":[112.3,-7.1]}},{"type":"Feature","properties":{"Line":"S117","Sp":"2520.5","X":"643025.5","Y":"9216800.3","NAMOBJ":"Plososetro","WADMKC":"Pucuk","WADMKK":"Lamongan"},"geometry":{"type":"Point","coordinates":[112.3,-7.1]}},{"type":"Feature","properties":{"Line":"S117","Sp":"2524.5","X":"643075.5","Y":"9216800.3","NAMOBJ":"Plososetro","WADMKC":"Pucuk","WADMKK":"Lamongan"},"geometry":{"type":"Point","coordinates":[112.3,-7.1]}},{"type":"Feature","properties":{"Line":"S117","Sp":"2528.5","X":"643125.5","Y":"9216800.3","NAMOBJ":"Plososetro","WADMKC":"Pucuk","WADMKK":"Lamongan"},"geometry":{"type":"Point","coordinates":[112.3,-7.1]}},{"type":"Feature","properties":{"Line":"S117","Sp":"2532.5","X":"643175.5","Y":"9216800.3","NAMOBJ":"Plososetro","WADMKC":"Pucuk","WADMKK":"Lamongan"},"geometry":{"type":"Point","coordinates":[112.3,-7.1]}},{"type":"Feature","properties":{"Line":"S117","Sp":"2536.5","X":"643225.5","Y":"9216800.3","NAMOBJ":"Plososetro","WADMKC":"Pucuk","WADMKK":"Lamongan"},"geometry":{"type":"Point","coordinates":[112.3,-7.1]}},{"type":"Feature","properties":{"Line":"S117","Sp":"2540.5","X":"643275.5","Y":"9216800.3","NAMOBJ":"Plososetro","WADMKC":"Pucuk","WADMKK":"Lamongan"},"geometry":{"type":"Point","coordinates":[112.3,-7.1]}},{"type":"Feature","properties":{"Line":"S126","Sp":"1828.5","X":"642300.5","Y":"9217275.3","NAMOBJ":"Plososetro","WADMKC":"Pucuk","WADMKK":"Lamongan"},"geometry":{"type":"Point","coordinates":[112.3,-7.1]}},{"type":"Feature","properties":{"Line":"S126","Sp":"1832.5","X":"642300.5","Y":"9217225.3","NAMOBJ":"Plososetro","WADMKC":"Pucuk","WADMKK":"Lamongan"},"geometry":{"type":"Point","coordinates":[112.3,-7.1]}},{"type":"Feature","properties":{"Line":"S126","Sp":"1836.5","X":"642300.5","Y":"9217175.3","NAMOBJ":"Plososetro","WADMKC":"Pucuk","WADMKK":"Lamongan"},"geometry":{"type":"Point","coordinates":[112.3,-7.1]}},{"type":"Feature","properties":{"Line":"S126","Sp":"1840.5","X":"642300.5","Y":"9217125.3","NAMOBJ":"Plososetro","WADMKC":"Pucuk","WADMKK":"Lamongan"},"geometry":{"type":"Point","coordinates":[112.3,-7.1]}},{"type":"Feature","properties":{"Line":"S126","Sp":"1844.5","X":"642300.5","Y":"9217075.3","NAMOBJ":"Plososetro","WADMKC":"Pucuk","WADMKK":"Lamongan"},"geometry":{"type":"Point","coordinates":[112.3,-7.1]}},{"type":"Feature","properties":{"Line":"S126","Sp":"1848.5","X":"642300.5","Y":"9217025.3","NAMOBJ":"Plososetro","WADMKC":"Pucuk","WADMKK":"Lamongan"},"geometry":{"type":"Point","coordinates":[112.3,-7.1]}},{"type":"Feature","properties":{"Line":"S126","Sp":"1852.5","X":"642300.5","Y":"9216975.3","NAMOBJ":"Plososetro","WADMKC":"Pucuk","WADMKK":"Lamongan"},"geometry":{"type":"Point","coordinates":[112.3,-7.1]}},{"type":"Feature","properties":{"Line":"S126","Sp":"1856.5","X":"642300.5","Y":"9216925.3","NAMOBJ":"Plososetro","WADMKC":"Pucuk","WADMKK":"Lamongan"},"geometry":{"type":"Point","coordinates":[112.3,-7.1]}},{"type":"Feature","properties":{"Line":"S126","Sp":"1860.5","X":"642300.5","Y":"9216875.3","NAMOBJ":"Plososetro","WADMKC":"Pucuk","WADMKK":"Lamongan"},"geometry":{"type":"Point","coordinates":[112.3,-7.1]}},{"type":"Feature","properties":{"Line":"S126","Sp":"1864.5","X":"642300.5","Y":"9216825.3","NAMOBJ":"Plososetro","WADMKC":"Pucuk","WADMKK":"Lamongan"},"geometry":{"type":"Point","coordinates":[112.3,-7.1]}},{"type":"Feature","properties":{"Line":"S126","Sp":"1868.5","X":"642300.5","Y":"9216775.3","NAMOBJ":"Plososetro","WADMKC":"Pucuk","WADMKK":"Lamongan"},"geometry":{"type":"Point","coordinates":[112.3,-7.1]}},{"type":"Feature","properties":{"Line":"S126","Sp":"1872.5","X":"642300.5","Y":"9216725.3","NAMOBJ":"Plososetro","WADMKC":"Pucuk","WADMKK":"Lamongan"},"geometry":{"type":"Point","coordinates":[112.3,-7.1]}},{"type":"Feature","properties":{"Line":"S126","Sp":"1876.5","X":"642300.5","Y":"9216675.3","NAMOBJ":"Plososetro","WADMKC":"Pucuk","WADMKK":"Lamongan"},"geometry":{"type":"Point","coordinates":[112.3,-7.1]}},{"type":"Feature","properties":{"Line":"S126","Sp":"1880.5","X":"642300.5","Y":"9216625.3","NAMOBJ":"Plososetro","WADMKC":"Pucuk","WADMKK":"Lamongan"},"geometry":{"type":"Point","coordinates":[112.3,-7.1]}},{"type":"Feature","properties":{"Line":"S126","Sp":"1884.5","X":"642300.5","Y":"9216575.3","NAMOBJ":"Plososetro","WADMKC":"Pucuk","WADMKK":"Lamongan"},"geometry":{"type":"Point","coordinates":[112.3,-7.1]}},{"type":"Feature","properties":{"Line":"S126","Sp":"1896.5","X":"642300.5","Y":"9216425.3","NAMOBJ":"Plososetro","WADMKC":"Pucuk","WADMKK":"Lamongan"},"geometry":{"type":"Point","coordinates":[112.3,-7.1]}},{"type":"Feature","properties":{"Line":"S126","Sp":"1900.5","X":"642300.5","Y":"9216375.3","NAMOBJ":"Plososetro","WADMKC":"Pucuk","WADMKK":"Lamongan"},"geometry":{"type":"Point","coordinates":[112.3,-7.1]}},{"type":"Feature","properties":{"Line":"S126","Sp":"1904.5","X":"642300.5","Y":"9216325.3","NAMOBJ":"Plososetro","WADMKC":"Pucuk","WADMKK":"Lamongan"},"geometry":{"type":"Point","coordinates":[112.3,-7.1]}},{"type":"Feature","properties":{"Line":"S126","Sp":"1908.5","X":"642300.5","Y":"9216275.3","NAMOBJ":"Plososetro","WADMKC":"Pucuk","WADMKK":"Lamongan"},"geometry":{"type":"Point","coordinates":[112.3,-7.1]}},{"type":"Feature","properties":{"Line":"S126","Sp":"1912.5","X":"642300.5","Y":"9216225.3","NAMOBJ":"Plososetro","WADMKC":"Pucuk","WADMKK":"Lamongan"},"geometry":{"type":"Point","coordinates":[112.3,-7.1]}},{"type":"Feature","properties":{"Line":"S126","Sp":"1916.5","X":"642300.5","Y":"9216175.3","NAMOBJ":"Plososetro","WADMKC":"Pucuk","WADMKK":"Lamongan"},"geometry":{"type":"Point","coordinates":[112.3,-7.1]}},{"type":"Feature","properties":{"Line":"S128","Sp":"1856.5","X":"643300.5","Y":"9216725.3","NAMOBJ":"Plososetro","WADMKC":"Pucuk","WADMKK":"Lamongan"},"geometry":{"type":"Point","coordinates":[112.3,-7.1]}},{"type":"Feature","properties":{"Line":"S128","Sp":"1860.5","X":"643300.5","Y":"9216675.3","NAMOBJ":"Plososetro","WADMKC":"Pucuk","WADMKK":"Lamongan"},"geometry":{"type":"Point","coordinates":[112.3,-7.1]}},{"type":"Feature","properties":{"Line":"S128","Sp":"1864.5","X":"643300.5","Y":"9216625.3","NAMOBJ":"Plososetro","WADMKC":"Pucuk","WADMKK":"Lamongan"},"geometry":{"type":"Point","coordinates":[112.3,-7.1]}},{"type":"Feature","properties":{"Line":"S128","Sp":"1868.5","X":"643300.5","Y":"9216575.3","NAMOBJ":"Plososetro","WADMKC":"Pucuk","WADMKK":"Lamongan"},"geometry":{"type":"Point","coordinates":[112.3,-7.1]}},{"type":"Feature","properties":{"Line":"S128","Sp":"1872.5","X":"643300.5","Y":"9216525.3","NAMOBJ":"Plososetro","WADMKC":"Pucuk","WADMKK":"Lamongan"},"geometry":{"type":"Point","coordinates":[112.3,-7.1]}},{"type":"Feature","properties":{"Line":"S128","Sp":"1876.5","X":"643300.5","Y":"9216475.3","NAMOBJ":"Plososetro","WADMKC":"Pucuk","WADMKK":"Lamongan"},"geometry":{"type":"Point","coordinates":[112.3,-7.1]}},{"type":"Feature","properties":{"Line":"S128","Sp":"1880.5","X":"643300.5","Y":"9216425.3","NAMOBJ":"Plososetro","WADMKC":"Pucuk","WADMKK":"Lamongan"},"geometry":{"type":"Point","coordinates":[112.3,-7.1]}},{"type":"Feature","properties":{"Line":"S128","Sp":"1884.5","X":"643300.5","Y":"9216375.3","NAMOBJ":"Plososetro","WADMKC":"Pucuk","WADMKK":"Lamongan"},"geometry":{"type":"Point","coordinates":[112.3,-7.1]}},{"type":"Feature","properties":{"Line":"S128","Sp":"1888.5","X":"643300.5","Y":"9216325.3","NAMOBJ":"Plososetro","WADMKC":"Pucuk","WADMKK":"Lamongan"},"geometry":{"type":"Point","coordinates":[112.3,-7.1]}},{"type":"Feature","properties":{"Line":"S111","Sp":"2956.5","X":"647575.5","Y":"9213800.3","NAMOBJ":"Plumpang","WADMKC":"Sukodadi","WADMKK":"Lamongan"},"geometry":{"type":"Point","coordinates":[112.3,-7.1]}},{"type":"Feature","properties":{"Line":"S111","Sp":"2960.5","X":"647625.5","Y":"9213800.3","NAMOBJ":"Plumpang","WADMKC":"Sukodadi","WADMKK":"Lamongan"},"geometry":{"type":"Point","coordinates":[112.3,-7.1]}},{"type":"Feature","properties":{"Line":"S111","Sp":"2964.5","X":"647675.5","Y":"9213800.3","NAMOBJ":"Plumpang","WADMKC":"Sukodadi","WADMKK":"Lamongan"},"geometry":{"type":"Point","coordinates":[112.3,-7.1]}},{"type":"Feature","properties":{"Line":"S111","Sp":"2968.5","X":"647725.5","Y":"9213800.3","NAMOBJ":"Plumpang","WADMKC":"Sukodadi","WADMKK":"Lamongan"},"geometry":{"type":"Point","coordinates":[112.3,-7.1]}},{"type":"Feature","properties":{"Line":"S111","Sp":"2972.5","X":"647775.5","Y":"9213800.3","NAMOBJ":"Plumpang","WADMKC":"Sukodadi","WADMKK":"Lamongan"},"geometry":{"type":"Point","coordinates":[112.3,-7.1]}},{"type":"Feature","properties":{"Line":"S111","Sp":"2976.5","X":"647825.5","Y":"9213800.3","NAMOBJ":"Plumpang","WADMKC":"Sukodadi","WADMKK":"Lamongan"},"geometry":{"type":"Point","coordinates":[112.3,-7.1]}},{"type":"Feature","properties":{"Line":"S111","Sp":"2980.5","X":"647875.5","Y":"9213800.3","NAMOBJ":"Plumpang","WADMKC":"Sukodadi","WADMKK":"Lamongan"},"geometry":{"type":"Point","coordinates":[112.3,-7.1]}},{"type":"Feature","properties":{"Line":"S111","Sp":"2984.5","X":"647925.5","Y":"9213800.3","NAMOBJ":"Plumpang","WADMKC":"Sukodadi","WADMKK":"Lamongan"},"geometry":{"type":"Point","coordinates":[112.3,-7.1]}},{"type":"Feature","properties":{"Line":"S111","Sp":"2988.5","X":"647975.5","Y":"9213800.3","NAMOBJ":"Plumpang","WADMKC":"Sukodadi","WADMKK":"Lamongan"},"geometry":{"type":"Point","coordinates":[112.3,-7.1]}},{"type":"Feature","properties":{"Line":"S111","Sp":"2992.5","X":"648025.5","Y":"9213800.3","NAMOBJ":"Plumpang","WADMKC":"Sukodadi","WADMKK":"Lamongan"},"geometry":{"type":"Point","coordinates":[112.3,-7.1]}},{"type":"Feature","properties":{"Line":"S111","Sp":"2996.5","X":"648075.5","Y":"9213800.3","NAMOBJ":"Plumpang","WADMKC":"Sukodadi","WADMKK":"Lamongan"},"geometry":{"type":"Point","coordinates":[112.3,-7.1]}},{"type":"Feature","properties":{"Line":"S111","Sp":"3000.5","X":"648125.5","Y":"9213800.3","NAMOBJ":"Plumpang","WADMKC":"Sukodadi","WADMKK":"Lamongan"},"geometry":{"type":"Point","coordinates":[112.3,-7.1]}},{"type":"Feature","properties":{"Line":"S111","Sp":"3004.5","X":"648175.5","Y":"9213800.3","NAMOBJ":"Plumpang","WADMKC":"Sukodadi","WADMKK":"Lamongan"},"geometry":{"type":"Point","coordinates":[112.3,-7.1]}},{"type":"Feature","properties":{"Line":"S111","Sp":"3008.5","X":"648225.5","Y":"9213800.3","NAMOBJ":"Plumpang","WADMKC":"Sukodadi","WADMKK":"Lamongan"},"geometry":{"type":"Point","coordinates":[112.3,-7.1]}},{"type":"Feature","properties":{"Line":"S111","Sp":"3012.5","X":"648275.5","Y":"9213800.3","NAMOBJ":"Plumpang","WADMKC":"Sukodadi","WADMKK":"Lamongan"},"geometry":{"type":"Point","coordinates":[112.3,-7.1]}},{"type":"Feature","properties":{"Line":"S111","Sp":"3016.5","X":"648325.5","Y":"9213800.3","NAMOBJ":"Plumpang","WADMKC":"Sukodadi","WADMKK":"Lamongan"},"geometry":{"type":"Point","coordinates":[112.3,-7.1]}},{"type":"Feature","properties":{"Line":"S111","Sp":"3020.5","X":"648375.5","Y":"9213800.3","NAMOBJ":"Plumpang","WADMKC":"Sukodadi","WADMKK":"Lamongan"},"geometry":{"type":"Point","coordinates":[112.3,-7.1]}},{"type":"Feature","properties":{"Line":"S111","Sp":"3024.5","X":"648425.5","Y":"9213800.3","NAMOBJ":"Plumpang","WADMKC":"Sukodadi","WADMKK":"Lamongan"},"geometry":{"type":"Point","coordinates":[112.3,-7.1]}},{"type":"Feature","properties":{"Line":"S111","Sp":"3028.5","X":"648475.5","Y":"9213800.3","NAMOBJ":"Plumpang","WADMKC":"Sukodadi","WADMKK":"Lamongan"},"geometry":{"type":"Point","coordinates":[112.3,-7.1]}},{"type":"Feature","properties":{"Line":"S111","Sp":"3032.5","X":"648525.5","Y":"9213800.3","NAMOBJ":"Plumpang","WADMKC":"Sukodadi","WADMKK":"Lamongan"},"geometry":{"type":"Point","coordinates":[112.3,-7.1]}},{"type":"Feature","properties":{"Line":"S111","Sp":"3036.5","X":"648575.5","Y":"9213800.3","NAMOBJ":"Plumpang","WADMKC":"Sukodadi","WADMKK":"Lamongan"},"geometry":{"type":"Point","coordinates":[112.3,-7.1]}},{"type":"Feature","properties":{"Line":"S111","Sp":"3040.5","X":"648625.5","Y":"9213800.3","NAMOBJ":"Plumpang","WADMKC":"Sukodadi","WADMKK":"Lamongan"},"geometry":{"type":"Point","coordinates":[112.3,-7.1]}},{"type":"Feature","properties":{"Line":"S111","Sp":"3044.5","X":"648675.5","Y":"9213800.3","NAMOBJ":"Plumpang","WADMKC":"Sukodadi","WADMKK":"Lamongan"},"geometry":{"type":"Point","coordinates":[112.3,-7.1]}},{"type":"Feature","properties":{"Line":"S111","Sp":"3048.5","X":"648725.5","Y":"9213800.3","NAMOBJ":"Plumpang","WADMKC":"Sukodadi","WADMKK":"Lamongan"},"geometry":{"type":"Point","coordinates":[112.3,-7.1]}},{"type":"Feature","properties":{"Line":"S111","Sp":"3052.5","X":"648775.5","Y":"9213800.3","NAMOBJ":"Plumpang","WADMKC":"Sukodadi","WADMKK":"Lamongan"},"geometry":{"type":"Point","coordinates":[112.3,-7.1]}},{"type":"Feature","properties":{"Line":"S111","Sp":"3056.5","X":"648825.5","Y":"9213800.3","NAMOBJ":"Plumpang","WADMKC":"Sukodadi","WADMKK":"Lamongan"},"geometry":{"type":"Point","coordinates":[112.3,-7.1]}},{"type":"Feature","properties":{"Line":"S113","Sp":"2848.5","X":"647325.5","Y":"9214800.3","NAMOBJ":"Plumpang","WADMKC":"Sukodadi","WADMKK":"Lamongan"},"geometry":{"type":"Point","coordinates":[112.3,-7.1]}},{"type":"Feature","properties":{"Line":"S113","Sp":"2852.5","X":"647375.5","Y":"9214800.3","NAMOBJ":"Plumpang","WADMKC":"Sukodadi","WADMKK":"Lamongan"},"geometry":{"type":"Point","coordinates":[112.3,-7.1]}},{"type":"Feature","properties":{"Line":"S113","Sp":"2856.5","X":"647425.5","Y":"9214800.3","NAMOBJ":"Plumpang","WADMKC":"Sukodadi","WADMKK":"Lamongan"},"geometry":{"type":"Point","coordinates":[112.3,-7.1]}},{"type":"Feature","properties":{"Line":"S113","Sp":"2860.5","X":"647475.5","Y":"9214800.3","NAMOBJ":"Plumpang","WADMKC":"Sukodadi","WADMKK":"Lamongan"},"geometry":{"type":"Point","coordinates":[112.3,-7.1]}},{"type":"Feature","properties":{"Line":"S113","Sp":"2864.5","X":"647525.5","Y":"9214800.3","NAMOBJ":"Plumpang","WADMKC":"Sukodadi","WADMKK":"Lamongan"},"geometry":{"type":"Point","coordinates":[112.3,-7.1]}},{"type":"Feature","properties":{"Line":"S113","Sp":"2868.5","X":"647575.5","Y":"9214800.3","NAMOBJ":"Plumpang","WADMKC":"Sukodadi","WADMKK":"Lamongan"},"geometry":{"type":"Point","coordinates":[112.3,-7.1]}},{"type":"Feature","properties":{"Line":"S113","Sp":"2872.5","X":"647625.5","Y":"9214800.3","NAMOBJ":"Plumpang","WADMKC":"Sukodadi","WADMKK":"Lamongan"},"geometry":{"type":"Point","coordinates":[112.3,-7.1]}},{"type":"Feature","properties":{"Line":"S113","Sp":"2876.5","X":"647675.5","Y":"9214800.3","NAMOBJ":"Plumpang","WADMKC":"Sukodadi","WADMKK":"Lamongan"},"geometry":{"type":"Point","coordinates":[112.3,-7.1]}},{"type":"Feature","properties":{"Line":"S113","Sp":"2880.5","X":"647725.5","Y":"9214800.3","NAMOBJ":"Plumpang","WADMKC":"Sukodadi","WADMKK":"Lamongan"},"geometry":{"type":"Point","coordinates":[112.3,-7.1]}},{"type":"Feature","properties":{"Line":"S113","Sp":"2884.5","X":"647775.5","Y":"9214800.3","NAMOBJ":"Plumpang","WADMKC":"Sukodadi","WADMKK":"Lamongan"},"geometry":{"type":"Point","coordinates":[112.3,-7.1]}},{"type":"Feature","properties":{"Line":"S113","Sp":"2888.5","X":"647825.5","Y":"9214800.3","NAMOBJ":"Plumpang","WADMKC":"Sukodadi","WADMKK":"Lamongan"},"geometry":{"type":"Point","coordinates":[112.3,-7.1]}},{"type":"Feature","properties":{"Line":"S113","Sp":"2892.5","X":"647875.5","Y":"9214800.3","NAMOBJ":"Plumpang","WADMKC":"Sukodadi","WADMKK":"Lamongan"},"geometry":{"type":"Point","coordinates":[112.3,-7.1]}},{"type":"Feature","properties":{"Line":"S113","Sp":"2896.5","X":"647925.5","Y":"9214800.3","NAMOBJ":"Plumpang","WADMKC":"Sukodadi","WADMKK":"Lamongan"},"geometry":{"type":"Point","coordinates":[112.3,-7.1]}},{"type":"Feature","properties":{"Line":"S113","Sp":"2900.5","X":"647975.5","Y":"9214800.3","NAMOBJ":"Plumpang","WADMKC":"Sukodadi","WADMKK":"Lamongan"},"geometry":{"type":"Point","coordinates":[112.3,-7.1]}},{"type":"Feature","properties":{"Line":"S113","Sp":"2904.5","X":"648025.5","Y":"9214800.3","NAMOBJ":"Plumpang","WADMKC":"Sukodadi","WADMKK":"Lamongan"},"geometry":{"type":"Point","coordinates":[112.3,-7.1]}},{"type":"Feature","properties":{"Line":"S113","Sp":"2908.5","X":"648075.5","Y":"9214800.3","NAMOBJ":"Plumpang","WADMKC":"Sukodadi","WADMKK":"Lamongan"},"geometry":{"type":"Point","coordinates":[112.3,-7.1]}},{"type":"Feature","properties":{"Line":"S113","Sp":"2912.5","X":"648125.5","Y":"9214800.3","NAMOBJ":"Plumpang","WADMKC":"Sukodadi","WADMKK":"Lamongan"},"geometry":{"type":"Point","coordinates":[112.3,-7.1]}},{"type":"Feature","properties":{"Line":"S113","Sp":"2916.5","X":"648175.5","Y":"9214800.3","NAMOBJ":"Plumpang","WADMKC":"Sukodadi","WADMKK":"Lamongan"},"geometry":{"type":"Point","coordinates":[112.3,-7.1]}},{"type":"Feature","properties":{"Line":"S113","Sp":"2920.5","X":"648225.5","Y":"9214800.3","NAMOBJ":"Plumpang","WADMKC":"Sukodadi","WADMKK":"Lamongan"},"geometry":{"type":"Point","coordinates":[112.3,-7.1]}},{"type":"Feature","properties":{"Line":"S113","Sp":"2924.5","X":"648275.5","Y":"9214800.3","NAMOBJ":"Plumpang","WADMKC":"Sukodadi","WADMKK":"Lamongan"},"geometry":{"type":"Point","coordinates":[112.3,-7.1]}},{"type":"Feature","properties":{"Line":"S113","Sp":"2928.5","X":"648325.5","Y":"9214800.3","NAMOBJ":"Plumpang","WADMKC":"Sukodadi","WADMKK":"Lamongan"},"geometry":{"type":"Point","coordinates":[112.3,-7.1]}},{"type":"Feature","properties":{"Line":"S113","Sp":"2932.5","X":"648375.5","Y":"9214800.3","NAMOBJ":"Plumpang","WADMKC":"Sukodadi","WADMKK":"Lamongan"},"geometry":{"type":"Point","coordinates":[112.3,-7.1]}},{"type":"Feature","properties":{"Line":"S113","Sp":"2936.5","X":"648425.5","Y":"9214800.3","NAMOBJ":"Plumpang","WADMKC":"Sukodadi","WADMKK":"Lamongan"},"geometry":{"type":"Point","coordinates":[112.3,-7.1]}},{"type":"Feature","properties":{"Line":"S113","Sp":"2940.5","X":"648475.5","Y":"9214800.3","NAMOBJ":"Plumpang","WADMKC":"Sukodadi","WADMKK":"Lamongan"},"geometry":{"type":"Point","coordinates":[112.3,-7.1]}},{"type":"Feature","properties":{"Line":"S113","Sp":"2944.5","X":"648525.5","Y":"9214800.3","NAMOBJ":"Plumpang","WADMKC":"Sukodadi","WADMKK":"Lamongan"},"geometry":{"type":"Point","coordinates":[112.3,-7.1]}},{"type":"Feature","properties":{"Line":"S113","Sp":"2948.5","X":"648575.5","Y":"9214800.3","NAMOBJ":"Plumpang","WADMKC":"Sukodadi","WADMKK":"Lamongan"},"geometry":{"type":"Point","coordinates":[112.3,-7.1]}},{"type":"Feature","properties":{"Line":"S113","Sp":"2952.5","X":"648625.5","Y":"9214800.3","NAMOBJ":"Plumpang","WADMKC":"Sukodadi","WADMKK":"Lamongan"},"geometry":{"type":"Point","coordinates":[112.3,-7.1]}},{"type":"Feature","properties":{"Line":"S113","Sp":"2956.5","X":"648675.5","Y":"9214800.3","NAMOBJ":"Plumpang","WADMKC":"Sukodadi","WADMKK":"Lamongan"},"geometry":{"type":"Point","coordinates":[112.3,-7.1]}},{"type":"Feature","properties":{"Line":"S113","Sp":"2960.5","X":"648725.5","Y":"9214800.3","NAMOBJ":"Plumpang","WADMKC":"Sukodadi","WADMKK":"Lamongan"},"geometry":{"type":"Point","coordinates":[112.3,-7.1]}},{"type":"Feature","properties":{"Line":"S113","Sp":"2964.5","X":"648775.5","Y":"9214800.3","NAMOBJ":"Plumpang","WADMKC":"Sukodadi","WADMKK":"Lamongan"},"geometry":{"type":"Point","coordinates":[112.3,-7.1]}},{"type":"Feature","properties":{"Line":"S113","Sp":"2968.5","X":"648825.5","Y":"9214800.3","NAMOBJ":"Plumpang","WADMKC":"Sukodadi","WADMKK":"Lamongan"},"geometry":{"type":"Point","coordinates":[112.3,-7.1]}},{"type":"Feature","properties":{"Line":"S113","Sp":"2972.5","X":"648875.5","Y":"9214800.3","NAMOBJ":"Plumpang","WADMKC":"Sukodadi","WADMKK":"Lamongan"},"geometry":{"type":"Point","coordinates":[112.3,-7.1]}},{"type":"Feature","properties":{"Line":"S113","Sp":"2976.5","X":"648925.5","Y":"9214800.3","NAMOBJ":"Plumpang","WADMKC":"Sukodadi","WADMKK":"Lamongan"},"geometry":{"type":"Point","coordinates":[112.3,-7.1]}},{"type":"Feature","properties":{"Line":"S113","Sp":"2980.5","X":"648975.5","Y":"9214800.3","NAMOBJ":"Plumpang","WADMKC":"Sukodadi","WADMKK":"Lamongan"},"geometry":{"type":"Point","coordinates":[112.3,-7.1]}},{"type":"Feature","properties":{"Line":"S113","Sp":"2984.5","X":"649025.5","Y":"9214800.3","NAMOBJ":"Plumpang","WADMKC":"Sukodadi","WADMKK":"Lamongan"},"geometry":{"type":"Point","coordinates":[112.3,-7.1]}},{"type":"Feature","properties":{"Line":"S136","Sp":"1908.5","X":"647300.5","Y":"9215525.3","NAMOBJ":"Plumpang","WADMKC":"Sukodadi","WADMKK":"Lamongan"},"geometry":{"type":"Point","coordinates":[112.3,-7.1]}},{"type":"Feature","properties":{"Line":"S136","Sp":"1912.5","X":"647300.5","Y":"9215475.3","NAMOBJ":"Plumpang","WADMKC":"Sukodadi","WADMKK":"Lamongan"},"geometry":{"type":"Point","coordinates":[112.3,-7.1]}},{"type":"Feature","properties":{"Line":"S136","Sp":"1916.5","X":"647300.5","Y":"9215425.3","NAMOBJ":"Plumpang","WADMKC":"Sukodadi","WADMKK":"Lamongan"},"geometry":{"type":"Point","coordinates":[112.3,-7.1]}},{"type":"Feature","properties":{"Line":"S136","Sp":"1920.5","X":"647300.5","Y":"9215375.3","NAMOBJ":"Plumpang","WADMKC":"Sukodadi","WADMKK":"Lamongan"},"geometry":{"type":"Point","coordinates":[112.3,-7.1]}},{"type":"Feature","properties":{"Line":"S136","Sp":"1924.5","X":"647300.5","Y":"9215325.3","NAMOBJ":"Plumpang","WADMKC":"Sukodadi","WADMKK":"Lamongan"},"geometry":{"type":"Point","coordinates":[112.3,-7.1]}},{"type":"Feature","properties":{"Line":"S136","Sp":"1928.5","X":"647300.5","Y":"9215275.3","NAMOBJ":"Plumpang","WADMKC":"Sukodadi","WADMKK":"Lamongan"},"geometry":{"type":"Point","coordinates":[112.3,-7.1]}},{"type":"Feature","properties":{"Line":"S136","Sp":"1932.5","X":"647300.5","Y":"9215225.3","NAMOBJ":"Plumpang","WADMKC":"Sukodadi","WADMKK":"Lamongan"},"geometry":{"type":"Point","coordinates":[112.3,-7.1]}},{"type":"Feature","properties":{"Line":"S136","Sp":"1936.5","X":"647300.5","Y":"9215175.3","NAMOBJ":"Plumpang","WADMKC":"Sukodadi","WADMKK":"Lamongan"},"geometry":{"type":"Point","coordinates":[112.3,-7.1]}},{"type":"Feature","properties":{"Line":"S136","Sp":"1940.5","X":"647300.5","Y":"9215125.3","NAMOBJ":"Plumpang","WADMKC":"Sukodadi","WADMKK":"Lamongan"},"geometry":{"type":"Point","coordinates":[112.3,-7.1]}},{"type":"Feature","properties":{"Line":"S136","Sp":"1944.5","X":"647300.5","Y":"9215075.3","NAMOBJ":"Plumpang","WADMKC":"Sukodadi","WADMKK":"Lamongan"},"geometry":{"type":"Point","coordinates":[112.3,-7.1]}},{"type":"Feature","properties":{"Line":"S136","Sp":"1948.5","X":"647300.5","Y":"9215025.3","NAMOBJ":"Plumpang","WADMKC":"Sukodadi","WADMKK":"Lamongan"},"geometry":{"type":"Point","coordinates":[112.3,-7.1]}},{"type":"Feature","properties":{"Line":"S136","Sp":"1952.5","X":"647300.5","Y":"9214975.3","NAMOBJ":"Plumpang","WADMKC":"Sukodadi","WADMKK":"Lamongan"},"geometry":{"type":"Point","coordinates":[112.3,-7.1]}},{"type":"Feature","properties":{"Line":"S136","Sp":"1956.5","X":"647300.5","Y":"9214925.3","NAMOBJ":"Plumpang","WADMKC":"Sukodadi","WADMKK":"Lamongan"},"geometry":{"type":"Point","coordinates":[112.3,-7.1]}},{"type":"Feature","properties":{"Line":"S136","Sp":"1968.5","X":"647300.5","Y":"9214775.3","NAMOBJ":"Plumpang","WADMKC":"Sukodadi","WADMKK":"Lamongan"},"geometry":{"type":"Point","coordinates":[112.3,-7.1]}},{"type":"Feature","properties":{"Line":"S136","Sp":"1972.5","X":"647300.5","Y":"9214725.3","NAMOBJ":"Plumpang","WADMKC":"Sukodadi","WADMKK":"Lamongan"},"geometry":{"type":"Point","coordinates":[112.3,-7.1]}},{"type":"Feature","properties":{"Line":"S136","Sp":"1976.5","X":"647300.5","Y":"9214675.3","NAMOBJ":"Plumpang","WADMKC":"Sukodadi","WADMKK":"Lamongan"},"geometry":{"type":"Point","coordinates":[112.3,-7.1]}},{"type":"Feature","properties":{"Line":"S136","Sp":"1980.5","X":"647300.5","Y":"9214625.3","NAMOBJ":"Plumpang","WADMKC":"Sukodadi","WADMKK":"Lamongan"},"geometry":{"type":"Point","coordinates":[112.3,-7.1]}},{"type":"Feature","properties":{"Line":"S136","Sp":"1984.5","X":"647300.5","Y":"9214575.3","NAMOBJ":"Plumpang","WADMKC":"Sukodadi","WADMKK":"Lamongan"},"geometry":{"type":"Point","coordinates":[112.3,-7.1]}},{"type":"Feature","properties":{"Line":"S136","Sp":"1988.5","X":"647300.5","Y":"9214525.3","NAMOBJ":"Plumpang","WADMKC":"Sukodadi","WADMKK":"Lamongan"},"geometry":{"type":"Point","coordinates":[112.3,-7.1]}},{"type":"Feature","properties":{"Line":"S136","Sp":"1992.5","X":"647300.5","Y":"9214475.3","NAMOBJ":"Plumpang","WADMKC":"Sukodadi","WADMKK":"Lamongan"},"geometry":{"type":"Point","coordinates":[112.3,-7.1]}},{"type":"Feature","properties":{"Line":"S136","Sp":"1996.5","X":"647300.5","Y":"9214425.3","NAMOBJ":"Plumpang","WADMKC":"Sukodadi","WADMKK":"Lamongan"},"geometry":{"type":"Point","coordinates":[112.3,-7.1]}},{"type":"Feature","properties":{"Line":"S138","Sp":"1936.5","X":"648300.5","Y":"9215175.3","NAMOBJ":"Plumpang","WADMKC":"Sukodadi","WADMKK":"Lamongan"},"geometry":{"type":"Point","coordinates":[112.3,-7.1]}},{"type":"Feature","properties":{"Line":"S138","Sp":"1940.5","X":"648300.5","Y":"9215125.3","NAMOBJ":"Plumpang","WADMKC":"Sukodadi","WADMKK":"Lamongan"},"geometry":{"type":"Point","coordinates":[112.3,-7.1]}},{"type":"Feature","properties":{"Line":"S138","Sp":"1944.5","X":"648300.5","Y":"9215075.3","NAMOBJ":"Plumpang","WADMKC":"Sukodadi","WADMKK":"Lamongan"},"geometry":{"type":"Point","coordinates":[112.3,-7.1]}},{"type":"Feature","properties":{"Line":"S138","Sp":"1948.5","X":"648300.5","Y":"9215025.3","NAMOBJ":"Plumpang","WADMKC":"Sukodadi","WADMKK":"Lamongan"},"geometry":{"type":"Point","coordinates":[112.3,-7.1]}},{"type":"Feature","properties":{"Line":"S138","Sp":"1952.5","X":"648300.5","Y":"9214975.3","NAMOBJ":"Plumpang","WADMKC":"Sukodadi","WADMKK":"Lamongan"},"geometry":{"type":"Point","coordinates":[112.3,-7.1]}},{"type":"Feature","properties":{"Line":"S138","Sp":"1956.5","X":"648300.5","Y":"9214925.3","NAMOBJ":"Plumpang","WADMKC":"Sukodadi","WADMKK":"Lamongan"},"geometry":{"type":"Point","coordinates":[112.3,-7.1]}},{"type":"Feature","properties":{"Line":"S138","Sp":"1960.5","X":"648300.5","Y":"9214875.3","NAMOBJ":"Plumpang","WADMKC":"Sukodadi","WADMKK":"Lamongan"},"geometry":{"type":"Point","coordinates":[112.3,-7.1]}},{"type":"Feature","properties":{"Line":"S138","Sp":"1964.5","X":"648300.5","Y":"9214825.3","NAMOBJ":"Plumpang","WADMKC":"Sukodadi","WADMKK":"Lamongan"},"geometry":{"type":"Point","coordinates":[112.3,-7.1]}},{"type":"Feature","properties":{"Line":"S138","Sp":"1968.5","X":"648300.5","Y":"9214775.3","NAMOBJ":"Plumpang","WADMKC":"Sukodadi","WADMKK":"Lamongan"},"geometry":{"type":"Point","coordinates":[112.3,-7.1]}},{"type":"Feature","properties":{"Line":"S138","Sp":"1972.5","X":"648300.5","Y":"9214725.3","NAMOBJ":"Plumpang","WADMKC":"Sukodadi","WADMKK":"Lamongan"},"geometry":{"type":"Point","coordinates":[112.3,-7.1]}},{"type":"Feature","properties":{"Line":"S138","Sp":"1976.5","X":"648300.5","Y":"9214675.3","NAMOBJ":"Plumpang","WADMKC":"Sukodadi","WADMKK":"Lamongan"},"geometry":{"type":"Point","coordinates":[112.3,-7.1]}},{"type":"Feature","properties":{"Line":"S138","Sp":"1980.5","X":"648300.5","Y":"9214625.3","NAMOBJ":"Plumpang","WADMKC":"Sukodadi","WADMKK":"Lamongan"},"geometry":{"type":"Point","coordinates":[112.3,-7.1]}},{"type":"Feature","properties":{"Line":"S138","Sp":"1984.5","X":"648300.5","Y":"9214575.3","NAMOBJ":"Plumpang","WADMKC":"Sukodadi","WADMKK":"Lamongan"},"geometry":{"type":"Point","coordinates":[112.3,-7.1]}},{"type":"Feature","properties":{"Line":"S138","Sp":"1988.5","X":"648300.5","Y":"9214525.3","NAMOBJ":"Plumpang","WADMKC":"Sukodadi","WADMKK":"Lamongan"},"geometry":{"type":"Point","coordinates":[112.3,-7.1]}},{"type":"Feature","properties":{"Line":"S138","Sp":"1992.5","X":"648300.5","Y":"9214475.3","NAMOBJ":"Plumpang","WADMKC":"Sukodadi","WADMKK":"Lamongan"},"geometry":{"type":"Point","coordinates":[112.3,-7.1]}},{"type":"Feature","properties":{"Line":"S138","Sp":"1996.5","X":"648300.5","Y":"9214425.3","NAMOBJ":"Plumpang","WADMKC":"Sukodadi","WADMKK":"Lamongan"},"geometry":{"type":"Point","coordinates":[112.3,-7.1]}},{"type":"Feature","properties":{"Line":"S138","Sp":"2000.5","X":"648300.5","Y":"9214375.3","NAMOBJ":"Plumpang","WADMKC":"Sukodadi","WADMKK":"Lamongan"},"geometry":{"type":"Point","coordinates":[112.3,-7.1]}},{"type":"Feature","properties":{"Line":"S138","Sp":"2004.5","X":"648300.5","Y":"9214325.3","NAMOBJ":"Plumpang","WADMKC":"Sukodadi","WADMKK":"Lamongan"},"geometry":{"type":"Point","coordinates":[112.3,-7.1]}},{"type":"Feature","properties":{"Line":"S138","Sp":"2008.5","X":"648300.5","Y":"9214275.3","NAMOBJ":"Plumpang","WADMKC":"Sukodadi","WADMKK":"Lamongan"},"geometry":{"type":"Point","coordinates":[112.3,-7.1]}},{"type":"Feature","properties":{"Line":"S138","Sp":"2012.5","X":"648300.5","Y":"9214225.3","NAMOBJ":"Plumpang","WADMKC":"Sukodadi","WADMKK":"Lamongan"},"geometry":{"type":"Point","coordinates":[112.3,-7.1]}},{"type":"Feature","properties":{"Line":"S138","Sp":"2016.5","X":"648300.5","Y":"9214175.3","NAMOBJ":"Plumpang","WADMKC":"Sukodadi","WADMKK":"Lamongan"},"geometry":{"type":"Point","coordinates":[112.3,-7.1]}},{"type":"Feature","properties":{"Line":"S138","Sp":"2020.5","X":"648300.5","Y":"9214125.3","NAMOBJ":"Plumpang","WADMKC":"Sukodadi","WADMKK":"Lamongan"},"geometry":{"type":"Point","coordinates":[112.3,-7.1]}},{"type":"Feature","properties":{"Line":"S138","Sp":"2024.5","X":"648300.5","Y":"9214075.3","NAMOBJ":"Plumpang","WADMKC":"Sukodadi","WADMKK":"Lamongan"},"geometry":{"type":"Point","coordinates":[112.3,-7.1]}},{"type":"Feature","properties":{"Line":"S138","Sp":"2028.5","X":"648300.5","Y":"9214025.3","NAMOBJ":"Plumpang","WADMKC":"Sukodadi","WADMKK":"Lamongan"},"geometry":{"type":"Point","coordinates":[112.3,-7.1]}},{"type":"Feature","properties":{"Line":"S138","Sp":"2032.5","X":"648300.5","Y":"9213975.3","NAMOBJ":"Plumpang","WADMKC":"Sukodadi","WADMKK":"Lamongan"},"geometry":{"type":"Point","coordinates":[112.3,-7.1]}},{"type":"Feature","properties":{"Line":"S138","Sp":"2036.5","X":"648300.5","Y":"9213925.3","NAMOBJ":"Plumpang","WADMKC":"Sukodadi","WADMKK":"Lamongan"},"geometry":{"type":"Point","coordinates":[112.3,-7.1]}},{"type":"Feature","properties":{"Line":"S138","Sp":"2040.5","X":"648300.5","Y":"9213875.3","NAMOBJ":"Plumpang","WADMKC":"Sukodadi","WADMKK":"Lamongan"},"geometry":{"type":"Point","coordinates":[112.3,-7.1]}},{"type":"Feature","properties":{"Line":"S138","Sp":"2044.5","X":"648300.5","Y":"9213825.3","NAMOBJ":"Plumpang","WADMKC":"Sukodadi","WADMKK":"Lamongan"},"geometry":{"type":"Point","coordinates":[112.3,-7.1]}},{"type":"Feature","properties":{"Line":"S138","Sp":"2048.5","X":"648300.5","Y":"9213775.3","NAMOBJ":"Plumpang","WADMKC":"Sukodadi","WADMKK":"Lamongan"},"geometry":{"type":"Point","coordinates":[112.3,-7.1]}},{"type":"Feature","properties":{"Line":"S138","Sp":"2052.5","X":"648300.5","Y":"9213725.3","NAMOBJ":"Plumpang","WADMKC":"Sukodadi","WADMKK":"Lamongan"},"geometry":{"type":"Point","coordinates":[112.3,-7.1]}},{"type":"Feature","properties":{"Line":"S138","Sp":"2056.5","X":"648300.5","Y":"9213675.3","NAMOBJ":"Plumpang","WADMKC":"Sukodadi","WADMKK":"Lamongan"},"geometry":{"type":"Point","coordinates":[112.3,-7.1]}},{"type":"Feature","properties":{"Line":"S138","Sp":"2060.5","X":"648300.5","Y":"9213625.3","NAMOBJ":"Plumpang","WADMKC":"Sukodadi","WADMKK":"Lamongan"},"geometry":{"type":"Point","coordinates":[112.3,-7.1]}},{"type":"Feature","properties":{"Line":"S138","Sp":"2064.5","X":"648300.5","Y":"9213575.3","NAMOBJ":"Plumpang","WADMKC":"Sukodadi","WADMKK":"Lamongan"},"geometry":{"type":"Point","coordinates":[112.3,-7.1]}},{"type":"Feature","properties":{"Line":"S138","Sp":"2068.5","X":"648300.5","Y":"9213525.3","NAMOBJ":"Plumpang","WADMKC":"Sukodadi","WADMKK":"Lamongan"},"geometry":{"type":"Point","coordinates":[112.3,-7.1]}},{"type":"Feature","properties":{"Line":"S138","Sp":"2072.5","X":"648300.5","Y":"9213475.3","NAMOBJ":"Plumpang","WADMKC":"Sukodadi","WADMKK":"Lamongan"},"geometry":{"type":"Point","coordinates":[112.3,-7.1]}},{"type":"Feature","properties":{"Line":"S123","Sp":"3056.5","X":"648625.5","Y":"9219800.3","NAMOBJ":"Pucangro","WADMKC":"Kalitengah","WADMKK":"Lamongan"},"geometry":{"type":"Point","coordinates":[112.3,-7.1]}},{"type":"Feature","properties":{"Line":"S123","Sp":"3060.5","X":"648675.5","Y":"9219800.3","NAMOBJ":"Pucangro","WADMKC":"Kalitengah","WADMKK":"Lamongan"},"geometry":{"type":"Point","coordinates":[112.3,-7.1]}},{"type":"Feature","properties":{"Line":"S123","Sp":"3064.5","X":"648725.5","Y":"9219800.3","NAMOBJ":"Pucangro","WADMKC":"Kalitengah","WADMKK":"Lamongan"},"geometry":{"type":"Point","coordinates":[112.3,-7.1]}},{"type":"Feature","properties":{"Line":"S123","Sp":"3068.5","X":"648775.5","Y":"9219800.3","NAMOBJ":"Pucangro","WADMKC":"Kalitengah","WADMKK":"Lamongan"},"geometry":{"type":"Point","coordinates":[112.3,-7.1]}},{"type":"Feature","properties":{"Line":"S123","Sp":"3072.5","X":"648825.5","Y":"9219800.3","NAMOBJ":"Pucangro","WADMKC":"Kalitengah","WADMKK":"Lamongan"},"geometry":{"type":"Point","coordinates":[112.3,-7.1]}},{"type":"Feature","properties":{"Line":"S123","Sp":"3076.5","X":"648875.5","Y":"9219800.3","NAMOBJ":"Pucangro","WADMKC":"Kalitengah","WADMKK":"Lamongan"},"geometry":{"type":"Point","coordinates":[112.3,-7.1]}},{"type":"Feature","properties":{"Line":"S103","Sp":"2620.5","X":"644475.5","Y":"9209800.3","NAMOBJ":"Sekarbagus","WADMKC":"Sugio","WADMKK":"Lamongan"},"geometry":{"type":"Point","coordinates":[112.3,-7.1]}},{"type":"Feature","properties":{"Line":"S103","Sp":"2624.5","X":"644525.5","Y":"9209800.3","NAMOBJ":"Sekarbagus","WADMKC":"Sugio","WADMKK":"Lamongan"},"geometry":{"type":"Point","coordinates":[112.3,-7.1]}},{"type":"Feature","properties":{"Line":"S103","Sp":"2628.5","X":"644575.5","Y":"9209800.3","NAMOBJ":"Sekarbagus","WADMKC":"Sugio","WADMKK":"Lamongan"},"geometry":{"type":"Point","coordinates":[112.3,-7.1]}},{"type":"Feature","properties":{"Line":"S103","Sp":"2632.5","X":"644625.5","Y":"9209800.3","NAMOBJ":"Sekarbagus","WADMKC":"Sugio","WADMKK":"Lamongan"},"geometry":{"type":"Point","coordinates":[112.3,-7.1]}},{"type":"Feature","properties":{"Line":"S103","Sp":"2636.5","X":"644675.5","Y":"9209800.3","NAMOBJ":"Sekarbagus","WADMKC":"Sugio","WADMKK":"Lamongan"},"geometry":{"type":"Point","coordinates":[112.3,-7.1]}},{"type":"Feature","properties":{"Line":"S103","Sp":"2640.5","X":"644725.5","Y":"9209800.3","NAMOBJ":"Sekarbagus","WADMKC":"Sugio","WADMKK":"Lamongan"},"geometry":{"type":"Point","coordinates":[112.3,-7.1]}},{"type":"Feature","properties":{"Line":"S103","Sp":"2644.5","X":"644775.5","Y":"9209800.3","NAMOBJ":"Sekarbagus","WADMKC":"Sugio","WADMKK":"Lamongan"},"geometry":{"type":"Point","coordinates":[112.3,-7.1]}},{"type":"Feature","properties":{"Line":"S103","Sp":"2648.5","X":"644825.5","Y":"9209800.3","NAMOBJ":"Sekarbagus","WADMKC":"Sugio","WADMKK":"Lamongan"},"geometry":{"type":"Point","coordinates":[112.3,-7.1]}},{"type":"Feature","properties":{"Line":"S103","Sp":"2652.5","X":"644875.5","Y":"9209800.3","NAMOBJ":"Sekarbagus","WADMKC":"Sugio","WADMKK":"Lamongan"},"geometry":{"type":"Point","coordinates":[112.3,-7.1]}},{"type":"Feature","properties":{"Line":"S103","Sp":"2656.5","X":"644925.5","Y":"9209800.3","NAMOBJ":"Sekarbagus","WADMKC":"Sugio","WADMKK":"Lamongan"},"geometry":{"type":"Point","coordinates":[112.3,-7.1]}},{"type":"Feature","properties":{"Line":"S103","Sp":"2660.5","X":"644975.5","Y":"9209800.3","NAMOBJ":"Sekarbagus","WADMKC":"Sugio","WADMKK":"Lamongan"},"geometry":{"type":"Point","coordinates":[112.3,-7.1]}},{"type":"Feature","properties":{"Line":"S103","Sp":"2664.5","X":"645025.5","Y":"9209800.3","NAMOBJ":"Sekarbagus","WADMKC":"Sugio","WADMKK":"Lamongan"},"geometry":{"type":"Point","coordinates":[112.3,-7.1]}},{"type":"Feature","properties":{"Line":"S103","Sp":"2668.5","X":"645075.5","Y":"9209800.3","NAMOBJ":"Sekarbagus","WADMKC":"Sugio","WADMKK":"Lamongan"},"geometry":{"type":"Point","coordinates":[112.3,-7.1]}},{"type":"Feature","properties":{"Line":"S103","Sp":"2672.5","X":"645125.5","Y":"9209800.3","NAMOBJ":"Sekarbagus","WADMKC":"Sugio","WADMKK":"Lamongan"},"geometry":{"type":"Point","coordinates":[112.3,-7.1]}},{"type":"Feature","properties":{"Line":"S103","Sp":"2676.5","X":"645175.5","Y":"9209800.3","NAMOBJ":"Sekarbagus","WADMKC":"Sugio","WADMKK":"Lamongan"},"geometry":{"type":"Point","coordinates":[112.3,-7.1]}},{"type":"Feature","properties":{"Line":"S103","Sp":"2680.5","X":"645225.5","Y":"9209800.3","NAMOBJ":"Sekarbagus","WADMKC":"Sugio","WADMKK":"Lamongan"},"geometry":{"type":"Point","coordinates":[112.3,-7.1]}},{"type":"Feature","properties":{"Line":"S103","Sp":"2684.5","X":"645275.5","Y":"9209800.3","NAMOBJ":"Sekarbagus","WADMKC":"Sugio","WADMKK":"Lamongan"},"geometry":{"type":"Point","coordinates":[112.3,-7.1]}},{"type":"Feature","properties":{"Line":"S103","Sp":"2688.5","X":"645325.5","Y":"9209800.3","NAMOBJ":"Sekarbagus","WADMKC":"Sugio","WADMKK":"Lamongan"},"geometry":{"type":"Point","coordinates":[112.3,-7.1]}},{"type":"Feature","properties":{"Line":"S103","Sp":"2692.5","X":"645375.5","Y":"9209800.3","NAMOBJ":"Sekarbagus","WADMKC":"Sugio","WADMKK":"Lamongan"},"geometry":{"type":"Point","coordinates":[112.3,-7.1]}},{"type":"Feature","properties":{"Line":"S103","Sp":"2696.5","X":"645425.5","Y":"9209800.3","NAMOBJ":"Sekarbagus","WADMKC":"Sugio","WADMKK":"Lamongan"},"geometry":{"type":"Point","coordinates":[112.3,-7.1]}},{"type":"Feature","properties":{"Line":"S103","Sp":"2700.5","X":"645475.5","Y":"9209800.3","NAMOBJ":"Sekarbagus","WADMKC":"Sugio","WADMKK":"Lamongan"},"geometry":{"type":"Point","coordinates":[112.3,-7.1]}},{"type":"Feature","properties":{"Line":"S103","Sp":"2704.5","X":"645525.5","Y":"9209800.3","NAMOBJ":"Sekarbagus","WADMKC":"Sugio","WADMKK":"Lamongan"},"geometry":{"type":"Point","coordinates":[112.3,-7.1]}},{"type":"Feature","properties":{"Line":"S103","Sp":"2708.5","X":"645575.5","Y":"9209800.3","NAMOBJ":"Sekarbagus","WADMKC":"Sugio","WADMKK":"Lamongan"},"geometry":{"type":"Point","coordinates":[112.3,-7.1]}},{"type":"Feature","properties":{"Line":"S103","Sp":"2712.5","X":"645625.5","Y":"9209800.3","NAMOBJ":"Sekarbagus","WADMKC":"Sugio","WADMKK":"Lamongan"},"geometry":{"type":"Point","coordinates":[112.3,-7.1]}},{"type":"Feature","properties":{"Line":"S103","Sp":"2716.5","X":"645675.5","Y":"9209800.3","NAMOBJ":"Sekarbagus","WADMKC":"Sugio","WADMKK":"Lamongan"},"geometry":{"type":"Point","coordinates":[112.3,-7.1]}},{"type":"Feature","properties":{"Line":"S132","Sp":"2320.5","X":"645300.5","Y":"9210375.3","NAMOBJ":"Sekarbagus","WADMKC":"Sugio","WADMKK":"Lamongan"},"geometry":{"type":"Point","coordinates":[112.3,-7.1]}},{"type":"Feature","properties":{"Line":"S132","Sp":"2324.5","X":"645300.5","Y":"9210325.3","NAMOBJ":"Sekarbagus","WADMKC":"Sugio","WADMKK":"Lamongan"},"geometry":{"type":"Point","coordinates":[112.3,-7.1]}},{"type":"Feature","properties":{"Line":"S132","Sp":"2328.5","X":"645300.5","Y":"9210275.3","NAMOBJ":"Sekarbagus","WADMKC":"Sugio","WADMKK":"Lamongan"},"geometry":{"type":"Point","coordinates":[112.3,-7.1]}},{"type":"Feature","properties":{"Line":"S132","Sp":"2332.5","X":"645300.5","Y":"9210225.3","NAMOBJ":"Sekarbagus","WADMKC":"Sugio","WADMKK":"Lamongan"},"geometry":{"type":"Point","coordinates":[112.3,-7.1]}},{"type":"Feature","properties":{"Line":"S132","Sp":"2336.5","X":"645300.5","Y":"9210175.3","NAMOBJ":"Sekarbagus","WADMKC":"Sugio","WADMKK":"Lamongan"},"geometry":{"type":"Point","coordinates":[112.3,-7.1]}},{"type":"Feature","properties":{"Line":"S132","Sp":"2340.5","X":"645300.5","Y":"9210125.3","NAMOBJ":"Sekarbagus","WADMKC":"Sugio","WADMKK":"Lamongan"},"geometry":{"type":"Point","coordinates":[112.3,-7.1]}},{"type":"Feature","properties":{"Line":"S132","Sp":"2344.5","X":"645300.5","Y":"9210075.3","NAMOBJ":"Sekarbagus","WADMKC":"Sugio","WADMKK":"Lamongan"},"geometry":{"type":"Point","coordinates":[112.3,-7.1]}},{"type":"Feature","properties":{"Line":"S132","Sp":"2348.5","X":"645300.5","Y":"9210025.3","NAMOBJ":"Sekarbagus","WADMKC":"Sugio","WADMKK":"Lamongan"},"geometry":{"type":"Point","coordinates":[112.3,-7.1]}},{"type":"Feature","properties":{"Line":"S132","Sp":"2352.5","X":"645300.5","Y":"9209975.3","NAMOBJ":"Sekarbagus","WADMKC":"Sugio","WADMKK":"Lamongan"},"geometry":{"type":"Point","coordinates":[112.3,-7.1]}},{"type":"Feature","properties":{"Line":"S132","Sp":"2356.5","X":"645300.5","Y":"9209925.3","NAMOBJ":"Sekarbagus","WADMKC":"Sugio","WADMKK":"Lamongan"},"geometry":{"type":"Point","coordinates":[112.3,-7.1]}},{"type":"Feature","properties":{"Line":"S132","Sp":"2360.5","X":"645300.5","Y":"9209875.3","NAMOBJ":"Sekarbagus","WADMKC":"Sugio","WADMKK":"Lamongan"},"geometry":{"type":"Point","coordinates":[112.3,-7.1]}},{"type":"Feature","properties":{"Line":"S132","Sp":"2364.5","X":"645300.5","Y":"9209825.3","NAMOBJ":"Sekarbagus","WADMKC":"Sugio","WADMKK":"Lamongan"},"geometry":{"type":"Point","coordinates":[112.3,-7.1]}},{"type":"Feature","properties":{"Line":"S132","Sp":"2368.5","X":"645300.5","Y":"9209775.3","NAMOBJ":"Sekarbagus","WADMKC":"Sugio","WADMKK":"Lamongan"},"geometry":{"type":"Point","coordinates":[112.3,-7.1]}},{"type":"Feature","properties":{"Line":"S132","Sp":"2372.5","X":"645300.5","Y":"9209725.3","NAMOBJ":"Sekarbagus","WADMKC":"Sugio","WADMKK":"Lamongan"},"geometry":{"type":"Point","coordinates":[112.3,-7.1]}},{"type":"Feature","properties":{"Line":"S132","Sp":"2376.5","X":"645300.5","Y":"9209675.3","NAMOBJ":"Sekarbagus","WADMKC":"Sugio","WADMKK":"Lamongan"},"geometry":{"type":"Point","coordinates":[112.3,-7.1]}},{"type":"Feature","properties":{"Line":"S132","Sp":"2380.5","X":"645300.5","Y":"9209625.3","NAMOBJ":"Sekarbagus","WADMKC":"Sugio","WADMKK":"Lamongan"},"geometry":{"type":"Point","coordinates":[112.3,-7.1]}},{"type":"Feature","properties":{"Line":"S132","Sp":"2384.5","X":"645300.5","Y":"9209575.3","NAMOBJ":"Sekarbagus","WADMKC":"Sugio","WADMKK":"Lamongan"},"geometry":{"type":"Point","coordinates":[112.3,-7.1]}},{"type":"Feature","properties":{"Line":"S132","Sp":"2388.5","X":"645300.5","Y":"9209525.3","NAMOBJ":"Sekarbagus","WADMKC":"Sugio","WADMKK":"Lamongan"},"geometry":{"type":"Point","coordinates":[112.3,-7.1]}},{"type":"Feature","properties":{"Line":"S132","Sp":"2392.5","X":"645300.5","Y":"9209475.3","NAMOBJ":"Sekarbagus","WADMKC":"Sugio","WADMKK":"Lamongan"},"geometry":{"type":"Point","coordinates":[112.3,-7.1]}},{"type":"Feature","properties":{"Line":"S134","Sp":"2320.5","X":"646300.5","Y":"9210375.3","NAMOBJ":"Sekarbagus","WADMKC":"Sugio","WADMKK":"Lamongan"},"geometry":{"type":"Point","coordinates":[112.3,-7.1]}},{"type":"Feature","properties":{"Line":"S134","Sp":"2324.5","X":"646300.5","Y":"9210325.3","NAMOBJ":"Sekarbagus","WADMKC":"Sugio","WADMKK":"Lamongan"},"geometry":{"type":"Point","coordinates":[112.3,-7.1]}},{"type":"Feature","properties":{"Line":"S134","Sp":"2328.5","X":"646300.5","Y":"9210275.3","NAMOBJ":"Sekarbagus","WADMKC":"Sugio","WADMKK":"Lamongan"},"geometry":{"type":"Point","coordinates":[112.3,-7.1]}},{"type":"Feature","properties":{"Line":"S134","Sp":"2332.5","X":"646300.5","Y":"9210225.3","NAMOBJ":"Sekarbagus","WADMKC":"Sugio","WADMKK":"Lamongan"},"geometry":{"type":"Point","coordinates":[112.3,-7.1]}},{"type":"Feature","properties":{"Line":"S134","Sp":"2336.5","X":"646300.5","Y":"9210175.3","NAMOBJ":"Sekarbagus","WADMKC":"Sugio","WADMKK":"Lamongan"},"geometry":{"type":"Point","coordinates":[112.3,-7.1]}},{"type":"Feature","properties":{"Line":"S134","Sp":"2340.5","X":"646300.5","Y":"9210125.3","NAMOBJ":"Sekarbagus","WADMKC":"Sugio","WADMKK":"Lamongan"},"geometry":{"type":"Point","coordinates":[112.3,-7.1]}},{"type":"Feature","properties":{"Line":"S134","Sp":"2344.5","X":"646300.5","Y":"9210075.3","NAMOBJ":"Sekarbagus","WADMKC":"Sugio","WADMKK":"Lamongan"},"geometry":{"type":"Point","coordinates":[112.3,-7.1]}},{"type":"Feature","properties":{"Line":"S134","Sp":"2348.5","X":"646300.5","Y":"9210025.3","NAMOBJ":"Sekarbagus","WADMKC":"Sugio","WADMKK":"Lamongan"},"geometry":{"type":"Point","coordinates":[112.3,-7.1]}},{"type":"Feature","properties":{"Line":"S134","Sp":"2352.5","X":"646300.5","Y":"9209975.3","NAMOBJ":"Sekarbagus","WADMKC":"Sugio","WADMKK":"Lamongan"},"geometry":{"type":"Point","coordinates":[112.3,-7.1]}},{"type":"Feature","properties":{"Line":"S115","Sp":"2812.5","X":"647225.5","Y":"9215800.3","NAMOBJ":"Sidogembul","WADMKC":"Sukodadi","WADMKK":"Lamongan"},"geometry":{"type":"Point","coordinates":[112.3,-7.1]}},{"type":"Feature","properties":{"Line":"S115","Sp":"2816.5","X":"647275.5","Y":"9215800.3","NAMOBJ":"Sidogembul","WADMKC":"Sukodadi","WADMKK":"Lamongan"},"geometry":{"type":"Point","coordinates":[112.3,-7.1]}},{"type":"Feature","properties":{"Line":"S115","Sp":"2820.5","X":"647325.5","Y":"9215800.3","NAMOBJ":"Sidogembul","WADMKC":"Sukodadi","WADMKK":"Lamongan"},"geometry":{"type":"Point","coordinates":[112.3,-7.1]}},{"type":"Feature","properties":{"Line":"S115","Sp":"2824.5","X":"647375.5","Y":"9215800.3","NAMOBJ":"Sidogembul","WADMKC":"Sukodadi","WADMKK":"Lamongan"},"geometry":{"type":"Point","coordinates":[112.3,-7.1]}},{"type":"Feature","properties":{"Line":"S115","Sp":"2828.5","X":"647425.5","Y":"9215800.3","NAMOBJ":"Sidogembul","WADMKC":"Sukodadi","WADMKK":"Lamongan"},"geometry":{"type":"Point","coordinates":[112.3,-7.1]}},{"type":"Feature","properties":{"Line":"S115","Sp":"2832.5","X":"647475.5","Y":"9215800.3","NAMOBJ":"Sidogembul","WADMKC":"Sukodadi","WADMKK":"Lamongan"},"geometry":{"type":"Point","coordinates":[112.3,-7.1]}},{"type":"Feature","properties":{"Line":"S115","Sp":"2836.5","X":"647525.5","Y":"9215800.3","NAMOBJ":"Sidogembul","WADMKC":"Sukodadi","WADMKK":"Lamongan"},"geometry":{"type":"Point","coordinates":[112.3,-7.1]}},{"type":"Feature","properties":{"Line":"S115","Sp":"2840.5","X":"647575.5","Y":"9215800.3","NAMOBJ":"Sidogembul","WADMKC":"Sukodadi","WADMKK":"Lamongan"},"geometry":{"type":"Point","coordinates":[112.3,-7.1]}},{"type":"Feature","properties":{"Line":"S115","Sp":"2844.5","X":"647625.5","Y":"9215800.3","NAMOBJ":"Sidogembul","WADMKC":"Sukodadi","WADMKK":"Lamongan"},"geometry":{"type":"Point","coordinates":[112.3,-7.1]}},{"type":"Feature","properties":{"Line":"S115","Sp":"2848.5","X":"647675.5","Y":"9215800.3","NAMOBJ":"Sidogembul","WADMKC":"Sukodadi","WADMKK":"Lamongan"},"geometry":{"type":"Point","coordinates":[112.3,-7.1]}},{"type":"Feature","properties":{"Line":"S115","Sp":"2852.5","X":"647725.5","Y":"9215800.3","NAMOBJ":"Sidogembul","WADMKC":"Sukodadi","WADMKK":"Lamongan"},"geometry":{"type":"Point","coordinates":[112.3,-7.1]}},{"type":"Feature","properties":{"Line":"S115","Sp":"2856.5","X":"647775.5","Y":"9215800.3","NAMOBJ":"Sidogembul","WADMKC":"Sukodadi","WADMKK":"Lamongan"},"geometry":{"type":"Point","coordinates":[112.3,-7.1]}},{"type":"Feature","properties":{"Line":"S115","Sp":"2860.5","X":"647825.5","Y":"9215800.3","NAMOBJ":"Sidogembul","WADMKC":"Sukodadi","WADMKK":"Lamongan"},"geometry":{"type":"Point","coordinates":[112.3,-7.1]}},{"type":"Feature","properties":{"Line":"S115","Sp":"2864.5","X":"647875.5","Y":"9215800.3","NAMOBJ":"Sidogembul","WADMKC":"Sukodadi","WADMKK":"Lamongan"},"geometry":{"type":"Point","coordinates":[112.3,-7.1]}},{"type":"Feature","properties":{"Line":"S115","Sp":"2868.5","X":"647925.5","Y":"9215800.3","NAMOBJ":"Sidogembul","WADMKC":"Sukodadi","WADMKK":"Lamongan"},"geometry":{"type":"Point","coordinates":[112.3,-7.1]}},{"type":"Feature","properties":{"Line":"S115","Sp":"2872.5","X":"647975.5","Y":"9215800.3","NAMOBJ":"Sidogembul","WADMKC":"Sukodadi","WADMKK":"Lamongan"},"geometry":{"type":"Point","coordinates":[112.3,-7.1]}},{"type":"Feature","properties":{"Line":"S115","Sp":"2876.5","X":"648025.5","Y":"9215800.3","NAMOBJ":"Sidogembul","WADMKC":"Sukodadi","WADMKK":"Lamongan"},"geometry":{"type":"Point","coordinates":[112.3,-7.1]}},{"type":"Feature","properties":{"Line":"S115","Sp":"2880.5","X":"648075.5","Y":"9215800.3","NAMOBJ":"Sidogembul","WADMKC":"Sukodadi","WADMKK":"Lamongan"},"geometry":{"type":"Point","coordinates":[112.3,-7.1]}},{"type":"Feature","properties":{"Line":"S115","Sp":"2884.5","X":"648125.5","Y":"9215800.3","NAMOBJ":"Sidogembul","WADMKC":"Sukodadi","WADMKK":"Lamongan"},"geometry":{"type":"Point","coordinates":[112.3,-7.1]}},{"type":"Feature","properties":{"Line":"S115","Sp":"2888.5","X":"648175.5","Y":"9215800.3","NAMOBJ":"Sidogembul","WADMKC":"Sukodadi","WADMKK":"Lamongan"},"geometry":{"type":"Point","coordinates":[112.3,-7.1]}},{"type":"Feature","properties":{"Line":"S115","Sp":"2892.5","X":"648225.5","Y":"9215800.3","NAMOBJ":"Sidogembul","WADMKC":"Sukodadi","WADMKK":"Lamongan"},"geometry":{"type":"Point","coordinates":[112.3,-7.1]}},{"type":"Feature","properties":{"Line":"S115","Sp":"2896.5","X":"648275.5","Y":"9215800.3","NAMOBJ":"Sidogembul","WADMKC":"Sukodadi","WADMKK":"Lamongan"},"geometry":{"type":"Point","coordinates":[112.3,-7.1]}},{"type":"Feature","properties":{"Line":"S115","Sp":"2900.5","X":"648325.5","Y":"9215800.3","NAMOBJ":"Sidogembul","WADMKC":"Sukodadi","WADMKK":"Lamongan"},"geometry":{"type":"Point","coordinates":[112.3,-7.1]}},{"type":"Feature","properties":{"Line":"S117","Sp":"2884.5","X":"647575.5","Y":"9216800.3","NAMOBJ":"Sidogembul","WADMKC":"Sukodadi","WADMKK":"Lamongan"},"geometry":{"type":"Point","coordinates":[112.3,-7.1]}},{"type":"Feature","properties":{"Line":"S117","Sp":"2888.5","X":"647625.5","Y":"9216800.3","NAMOBJ":"Sidogembul","WADMKC":"Sukodadi","WADMKK":"Lamongan"},"geometry":{"type":"Point","coordinates":[112.3,-7.1]}},{"type":"Feature","properties":{"Line":"S117","Sp":"2892.5","X":"647675.5","Y":"9216800.3","NAMOBJ":"Sidogembul","WADMKC":"Sukodadi","WADMKK":"Lamongan"},"geometry":{"type":"Point","coordinates":[112.3,-7.1]}},{"type":"Feature","properties":{"Line":"S117","Sp":"2896.5","X":"647725.5","Y":"9216800.3","NAMOBJ":"Sidogembul","WADMKC":"Sukodadi","WADMKK":"Lamongan"},"geometry":{"type":"Point","coordinates":[112.3,-7.1]}},{"type":"Feature","properties":{"Line":"S117","Sp":"2900.5","X":"647775.5","Y":"9216800.3","NAMOBJ":"Sidogembul","WADMKC":"Sukodadi","WADMKK":"Lamongan"},"geometry":{"type":"Point","coordinates":[112.3,-7.1]}},{"type":"Feature","properties":{"Line":"S117","Sp":"2904.5","X":"647825.5","Y":"9216800.3","NAMOBJ":"Sidogembul","WADMKC":"Sukodadi","WADMKK":"Lamongan"},"geometry":{"type":"Point","coordinates":[112.3,-7.1]}},{"type":"Feature","properties":{"Line":"S117","Sp":"2908.5","X":"647875.5","Y":"9216800.3","NAMOBJ":"Sidogembul","WADMKC":"Sukodadi","WADMKK":"Lamongan"},"geometry":{"type":"Point","coordinates":[112.3,-7.1]}},{"type":"Feature","properties":{"Line":"S117","Sp":"2912.5","X":"647925.5","Y":"9216800.3","NAMOBJ":"Sidogembul","WADMKC":"Sukodadi","WADMKK":"Lamongan"},"geometry":{"type":"Point","coordinates":[112.3,-7.1]}},{"type":"Feature","properties":{"Line":"S117","Sp":"2916.5","X":"647975.5","Y":"9216800.3","NAMOBJ":"Sidogembul","WADMKC":"Sukodadi","WADMKK":"Lamongan"},"geometry":{"type":"Point","coordinates":[112.3,-7.1]}},{"type":"Feature","properties":{"Line":"S117","Sp":"2920.5","X":"648025.5","Y":"9216800.3","NAMOBJ":"Sidogembul","WADMKC":"Sukodadi","WADMKK":"Lamongan"},"geometry":{"type":"Point","coordinates":[112.3,-7.1]}},{"type":"Feature","properties":{"Line":"S117","Sp":"2924.5","X":"648075.5","Y":"9216800.3","NAMOBJ":"Sidogembul","WADMKC":"Sukodadi","WADMKK":"Lamongan"},"geometry":{"type":"Point","coordinates":[112.3,-7.1]}},{"type":"Feature","properties":{"Line":"S117","Sp":"2928.5","X":"648125.5","Y":"9216800.3","NAMOBJ":"Sidogembul","WADMKC":"Sukodadi","WADMKK":"Lamongan"},"geometry":{"type":"Point","coordinates":[112.3,-7.1]}},{"type":"Feature","properties":{"Line":"S117","Sp":"2932.5","X":"648175.5","Y":"9216800.3","NAMOBJ":"Sidogembul","WADMKC":"Sukodadi","WADMKK":"Lamongan"},"geometry":{"type":"Point","coordinates":[112.3,-7.1]}},{"type":"Feature","properties":{"Line":"S117","Sp":"2936.5","X":"648225.5","Y":"9216800.3","NAMOBJ":"Sidogembul","WADMKC":"Sukodadi","WADMKK":"Lamongan"},"geometry":{"type":"Point","coordinates":[112.3,-7.1]}},{"type":"Feature","properties":{"Line":"S117","Sp":"2940.5","X":"648275.5","Y":"9216800.3","NAMOBJ":"Sidogembul","WADMKC":"Sukodadi","WADMKK":"Lamongan"},"geometry":{"type":"Point","coordinates":[112.3,-7.1]}},{"type":"Feature","properties":{"Line":"S117","Sp":"2944.5","X":"648325.5","Y":"9216800.3","NAMOBJ":"Sidogembul","WADMKC":"Sukodadi","WADMKK":"Lamongan"},"geometry":{"type":"Point","coordinates":[112.3,-7.1]}},{"type":"Feature","properties":{"Line":"S117","Sp":"2948.5","X":"648375.5","Y":"9216800.3","NAMOBJ":"Sidogembul","WADMKC":"Sukodadi","WADMKK":"Lamongan"},"geometry":{"type":"Point","coordinates":[112.3,-7.1]}},{"type":"Feature","properties":{"Line":"S117","Sp":"2952.5","X":"648425.5","Y":"9216800.3","NAMOBJ":"Sidogembul","WADMKC":"Sukodadi","WADMKK":"Lamongan"},"geometry":{"type":"Point","coordinates":[112.3,-7.1]}},{"type":"Feature","properties":{"Line":"S117","Sp":"2956.5","X":"648475.5","Y":"9216800.3","NAMOBJ":"Sidogembul","WADMKC":"Sukodadi","WADMKK":"Lamongan"},"geometry":{"type":"Point","coordinates":[112.3,-7.1]}},{"type":"Feature","properties":{"Line":"S117","Sp":"2960.5","X":"648525.5","Y":"9216800.3","NAMOBJ":"Sidogembul","WADMKC":"Sukodadi","WADMKK":"Lamongan"},"geometry":{"type":"Point","coordinates":[112.3,-7.1]}},{"type":"Feature","properties":{"Line":"S117","Sp":"2964.5","X":"648575.5","Y":"9216800.3","NAMOBJ":"Sidogembul","WADMKC":"Sukodadi","WADMKK":"Lamongan"},"geometry":{"type":"Point","coordinates":[112.3,-7.1]}},{"type":"Feature","properties":{"Line":"S117","Sp":"2968.5","X":"648625.5","Y":"9216800.3","NAMOBJ":"Sidogembul","WADMKC":"Sukodadi","WADMKK":"Lamongan"},"geometry":{"type":"Point","coordinates":[112.3,-7.1]}},{"type":"Feature","properties":{"Line":"S117","Sp":"2972.5","X":"648675.5","Y":"9216800.3","NAMOBJ":"Sidogembul","WADMKC":"Sukodadi","WADMKK":"Lamongan"},"geometry":{"type":"Point","coordinates":[112.3,-7.1]}},{"type":"Feature","properties":{"Line":"S117","Sp":"2976.5","X":"648725.5","Y":"9216800.3","NAMOBJ":"Sidogembul","WADMKC":"Sukodadi","WADMKK":"Lamongan"},"geometry":{"type":"Point","coordinates":[112.3,-7.1]}},{"type":"Feature","properties":{"Line":"S117","Sp":"2980.5","X":"648775.5","Y":"9216800.3","NAMOBJ":"Sidogembul","WADMKC":"Sukodadi","WADMKK":"Lamongan"},"geometry":{"type":"Point","coordinates":[112.3,-7.1]}},{"type":"Feature","properties":{"Line":"S117","Sp":"2984.5","X":"648825.5","Y":"9216800.3","NAMOBJ":"Sidogembul","WADMKC":"Sukodadi","WADMKK":"Lamongan"},"geometry":{"type":"Point","coordinates":[112.3,-7.1]}},{"type":"Feature","properties":{"Line":"S136","Sp":"1864.5","X":"647300.5","Y":"9216075.3","NAMOBJ":"Sidogembul","WADMKC":"Sukodadi","WADMKK":"Lamongan"},"geometry":{"type":"Point","coordinates":[112.3,-7.1]}},{"type":"Feature","properties":{"Line":"S136","Sp":"1868.5","X":"647300.5","Y":"9216025.3","NAMOBJ":"Sidogembul","WADMKC":"Sukodadi","WADMKK":"Lamongan"},"geometry":{"type":"Point","coordinates":[112.3,-7.1]}},{"type":"Feature","properties":{"Line":"S136","Sp":"1872.5","X":"647300.5","Y":"9215975.3","NAMOBJ":"Sidogembul","WADMKC":"Sukodadi","WADMKK":"Lamongan"},"geometry":{"type":"Point","coordinates":[112.3,-7.1]}},{"type":"Feature","properties":{"Line":"S136","Sp":"1876.5","X":"647300.5","Y":"9215925.3","NAMOBJ":"Sidogembul","WADMKC":"Sukodadi","WADMKK":"Lamongan"},"geometry":{"type":"Point","coordinates":[112.3,-7.1]}},{"type":"Feature","properties":{"Line":"S136","Sp":"1880.5","X":"647300.5","Y":"9215875.3","NAMOBJ":"Sidogembul","WADMKC":"Sukodadi","WADMKK":"Lamongan"},"geometry":{"type":"Point","coordinates":[112.3,-7.1]}},{"type":"Feature","properties":{"Line":"S136","Sp":"1884.5","X":"647300.5","Y":"9215825.3","NAMOBJ":"Sidogembul","WADMKC":"Sukodadi","WADMKK":"Lamongan"},"geometry":{"type":"Point","coordinates":[112.3,-7.1]}},{"type":"Feature","properties":{"Line":"S136","Sp":"1888.5","X":"647300.5","Y":"9215775.3","NAMOBJ":"Sidogembul","WADMKC":"Sukodadi","WADMKK":"Lamongan"},"geometry":{"type":"Point","coordinates":[112.3,-7.1]}},{"type":"Feature","properties":{"Line":"S136","Sp":"1892.5","X":"647300.5","Y":"9215725.3","NAMOBJ":"Sidogembul","WADMKC":"Sukodadi","WADMKK":"Lamongan"},"geometry":{"type":"Point","coordinates":[112.3,-7.1]}},{"type":"Feature","properties":{"Line":"S136","Sp":"1896.5","X":"647300.5","Y":"9215675.3","NAMOBJ":"Sidogembul","WADMKC":"Sukodadi","WADMKK":"Lamongan"},"geometry":{"type":"Point","coordinates":[112.3,-7.1]}},{"type":"Feature","properties":{"Line":"S136","Sp":"1900.5","X":"647300.5","Y":"9215625.3","NAMOBJ":"Sidogembul","WADMKC":"Sukodadi","WADMKK":"Lamongan"},"geometry":{"type":"Point","coordinates":[112.3,-7.1]}},{"type":"Feature","properties":{"Line":"S136","Sp":"1904.5","X":"647300.5","Y":"9215575.3","NAMOBJ":"Sidogembul","WADMKC":"Sukodadi","WADMKK":"Lamongan"},"geometry":{"type":"Point","coordinates":[112.3,-7.1]}},{"type":"Feature","properties":{"Line":"S138","Sp":"1800.5","X":"648300.5","Y":"9216875.3","NAMOBJ":"Sidogembul","WADMKC":"Sukodadi","WADMKK":"Lamongan"},"geometry":{"type":"Point","coordinates":[112.3,-7.1]}},{"type":"Feature","properties":{"Line":"S138","Sp":"1804.5","X":"648300.5","Y":"9216825.3","NAMOBJ":"Sidogembul","WADMKC":"Sukodadi","WADMKK":"Lamongan"},"geometry":{"type":"Point","coordinates":[112.3,-7.1]}},{"type":"Feature","properties":{"Line":"S138","Sp":"1808.5","X":"648300.5","Y":"9216775.3","NAMOBJ":"Sidogembul","WADMKC":"Sukodadi","WADMKK":"Lamongan"},"geometry":{"type":"Point","coordinates":[112.3,-7.1]}},{"type":"Feature","properties":{"Line":"S138","Sp":"1812.5","X":"648300.5","Y":"9216725.3","NAMOBJ":"Sidogembul","WADMKC":"Sukodadi","WADMKK":"Lamongan"},"geometry":{"type":"Point","coordinates":[112.3,-7.1]}},{"type":"Feature","properties":{"Line":"S138","Sp":"1816.5","X":"648300.5","Y":"9216675.3","NAMOBJ":"Sidogembul","WADMKC":"Sukodadi","WADMKK":"Lamongan"},"geometry":{"type":"Point","coordinates":[112.3,-7.1]}},{"type":"Feature","properties":{"Line":"S138","Sp":"1820.5","X":"648300.5","Y":"9216625.3","NAMOBJ":"Sidogembul","WADMKC":"Sukodadi","WADMKK":"Lamongan"},"geometry":{"type":"Point","coordinates":[112.3,-7.1]}},{"type":"Feature","properties":{"Line":"S138","Sp":"1824.5","X":"648300.5","Y":"9216575.3","NAMOBJ":"Sidogembul","WADMKC":"Sukodadi","WADMKK":"Lamongan"},"geometry":{"type":"Point","coordinates":[112.3,-7.1]}},{"type":"Feature","properties":{"Line":"S138","Sp":"1828.5","X":"648300.5","Y":"9216525.3","NAMOBJ":"Sidogembul","WADMKC":"Sukodadi","WADMKK":"Lamongan"},"geometry":{"type":"Point","coordinates":[112.3,-7.1]}},{"type":"Feature","properties":{"Line":"S138","Sp":"1832.5","X":"648300.5","Y":"9216475.3","NAMOBJ":"Sidogembul","WADMKC":"Sukodadi","WADMKK":"Lamongan"},"geometry":{"type":"Point","coordinates":[112.3,-7.1]}},{"type":"Feature","properties":{"Line":"S138","Sp":"1836.5","X":"648300.5","Y":"9216425.3","NAMOBJ":"Sidogembul","WADMKC":"Sukodadi","WADMKK":"Lamongan"},"geometry":{"type":"Point","coordinates":[112.3,-7.1]}},{"type":"Feature","properties":{"Line":"S138","Sp":"1840.5","X":"648300.5","Y":"9216375.3","NAMOBJ":"Sidogembul","WADMKC":"Sukodadi","WADMKK":"Lamongan"},"geometry":{"type":"Point","coordinates":[112.3,-7.1]}},{"type":"Feature","properties":{"Line":"S138","Sp":"1844.5","X":"648300.5","Y":"9216325.3","NAMOBJ":"Sidogembul","WADMKC":"Sukodadi","WADMKK":"Lamongan"},"geometry":{"type":"Point","coordinates":[112.3,-7.1]}},{"type":"Feature","properties":{"Line":"S138","Sp":"1848.5","X":"648300.5","Y":"9216275.3","NAMOBJ":"Sidogembul","WADMKC":"Sukodadi","WADMKK":"Lamongan"},"geometry":{"type":"Point","coordinates":[112.3,-7.1]}},{"type":"Feature","properties":{"Line":"S138","Sp":"1852.5","X":"648300.5","Y":"9216225.3","NAMOBJ":"Sidogembul","WADMKC":"Sukodadi","WADMKK":"Lamongan"},"geometry":{"type":"Point","coordinates":[112.3,-7.1]}},{"type":"Feature","properties":{"Line":"S138","Sp":"1856.5","X":"648300.5","Y":"9216175.3","NAMOBJ":"Sidogembul","WADMKC":"Sukodadi","WADMKK":"Lamongan"},"geometry":{"type":"Point","coordinates":[112.3,-7.1]}},{"type":"Feature","properties":{"Line":"S138","Sp":"1860.5","X":"648300.5","Y":"9216125.3","NAMOBJ":"Sidogembul","WADMKC":"Sukodadi","WADMKK":"Lamongan"},"geometry":{"type":"Point","coordinates":[112.3,-7.1]}},{"type":"Feature","properties":{"Line":"S138","Sp":"1864.5","X":"648300.5","Y":"9216075.3","NAMOBJ":"Sidogembul","WADMKC":"Sukodadi","WADMKK":"Lamongan"},"geometry":{"type":"Point","coordinates":[112.3,-7.1]}},{"type":"Feature","properties":{"Line":"S138","Sp":"1868.5","X":"648300.5","Y":"9216025.3","NAMOBJ":"Sidogembul","WADMKC":"Sukodadi","WADMKK":"Lamongan"},"geometry":{"type":"Point","coordinates":[112.3,-7.1]}},{"type":"Feature","properties":{"Line":"S138","Sp":"1872.5","X":"648300.5","Y":"9215975.3","NAMOBJ":"Sidogembul","WADMKC":"Sukodadi","WADMKK":"Lamongan"},"geometry":{"type":"Point","coordinates":[112.3,-7.1]}},{"type":"Feature","properties":{"Line":"S138","Sp":"1876.5","X":"648300.5","Y":"9215925.3","NAMOBJ":"Sidogembul","WADMKC":"Sukodadi","WADMKK":"Lamongan"},"geometry":{"type":"Point","coordinates":[112.3,-7.1]}},{"type":"Feature","properties":{"Line":"S138","Sp":"1880.5","X":"648300.5","Y":"9215875.3","NAMOBJ":"Sidogembul","WADMKC":"Sukodadi","WADMKK":"Lamongan"},"geometry":{"type":"Point","coordinates":[112.3,-7.1]}},{"type":"Feature","properties":{"Line":"S138","Sp":"1884.5","X":"648300.5","Y":"9215825.3","NAMOBJ":"Sidogembul","WADMKC":"Sukodadi","WADMKK":"Lamongan"},"geometry":{"type":"Point","coordinates":[112.3,-7.1]}},{"type":"Feature","properties":{"Line":"S138","Sp":"1888.5","X":"648300.5","Y":"9215775.3","NAMOBJ":"Sidogembul","WADMKC":"Sukodadi","WADMKK":"Lamongan"},"geometry":{"type":"Point","coordinates":[112.3,-7.1]}},{"type":"Feature","properties":{"Line":"S126","Sp":"1568.5","X":"642300.5","Y":"9220525.3","NAMOBJ":"Siman","WADMKC":"Sekaran","WADMKK":"Lamongan"},"geometry":{"type":"Point","coordinates":[112.3,-7.1]}},{"type":"Feature","properties":{"Line":"S126","Sp":"1572.5","X":"642300.5","Y":"9220475.3","NAMOBJ":"Siman","WADMKC":"Sekaran","WADMKK":"Lamongan"},"geometry":{"type":"Point","coordinates":[112.3,-7.1]}},{"type":"Feature","properties":{"Line":"S126","Sp":"1576.5","X":"642300.5","Y":"9220425.3","NAMOBJ":"Siman","WADMKC":"Sekaran","WADMKK":"Lamongan"},"geometry":{"type":"Point","coordinates":[112.3,-7.1]}},{"type":"Feature","properties":{"Line":"S126","Sp":"1580.5","X":"642300.5","Y":"9220375.3","NAMOBJ":"Siman","WADMKC":"Sekaran","WADMKK":"Lamongan"},"geometry":{"type":"Point","coordinates":[112.3,-7.1]}},{"type":"Feature","properties":{"Line":"S126","Sp":"1584.5","X":"642300.5","Y":"9220325.3","NAMOBJ":"Siman","WADMKC":"Sekaran","WADMKK":"Lamongan"},"geometry":{"type":"Point","coordinates":[112.3,-7.1]}},{"type":"Feature","properties":{"Line":"S126","Sp":"1588.5","X":"642300.5","Y":"9220275.3","NAMOBJ":"Siman","WADMKC":"Sekaran","WADMKK":"Lamongan"},"geometry":{"type":"Point","coordinates":[112.3,-7.1]}},{"type":"Feature","properties":{"Line":"S126","Sp":"1592.5","X":"642300.5","Y":"9220225.3","NAMOBJ":"Siman","WADMKC":"Sekaran","WADMKK":"Lamongan"},"geometry":{"type":"Point","coordinates":[112.3,-7.1]}},{"type":"Feature","properties":{"Line":"S126","Sp":"1596.5","X":"642300.5","Y":"9220175.3","NAMOBJ":"Siman","WADMKC":"Sekaran","WADMKK":"Lamongan"},"geometry":{"type":"Point","coordinates":[112.3,-7.1]}},{"type":"Feature","properties":{"Line":"S126","Sp":"1600.5","X":"642300.5","Y":"9220125.3","NAMOBJ":"Siman","WADMKC":"Sekaran","WADMKK":"Lamongan"},"geometry":{"type":"Point","coordinates":[112.3,-7.1]}},{"type":"Feature","properties":{"Line":"S126","Sp":"1604.5","X":"642300.5","Y":"9220075.3","NAMOBJ":"Siman","WADMKC":"Sekaran","WADMKK":"Lamongan"},"geometry":{"type":"Point","coordinates":[112.3,-7.1]}},{"type":"Feature","properties":{"Line":"S126","Sp":"1608.5","X":"642300.5","Y":"9220025.3","NAMOBJ":"Siman","WADMKC":"Sekaran","WADMKK":"Lamongan"},"geometry":{"type":"Point","coordinates":[112.3,-7.1]}},{"type":"Feature","properties":{"Line":"S126","Sp":"1612.5","X":"642300.5","Y":"9219975.3","NAMOBJ":"Siman","WADMKC":"Sekaran","WADMKK":"Lamongan"},"geometry":{"type":"Point","coordinates":[112.3,-7.1]}},{"type":"Feature","properties":{"Line":"S126","Sp":"1616.5","X":"642300.5","Y":"9219925.3","NAMOBJ":"Siman","WADMKC":"Sekaran","WADMKK":"Lamongan"},"geometry":{"type":"Point","coordinates":[112.3,-7.1]}},{"type":"Feature","properties":{"Line":"S126","Sp":"1620.5","X":"642300.5","Y":"9219875.3","NAMOBJ":"Siman","WADMKC":"Sekaran","WADMKK":"Lamongan"},"geometry":{"type":"Point","coordinates":[112.3,-7.1]}},{"type":"Feature","properties":{"Line":"S105","Sp":"2716.5","X":"645425.5","Y":"9210800.3","NAMOBJ":"Siwalanrejo","WADMKC":"Sukodadi","WADMKK":"Lamongan"},"geometry":{"type":"Point","coordinates":[112.3,-7.1]}},{"type":"Feature","properties":{"Line":"S105","Sp":"2720.5","X":"645475.5","Y":"9210800.3","NAMOBJ":"Siwalanrejo","WADMKC":"Sukodadi","WADMKK":"Lamongan"},"geometry":{"type":"Point","coordinates":[112.3,-7.1]}},{"type":"Feature","properties":{"Line":"S105","Sp":"2724.5","X":"645525.5","Y":"9210800.3","NAMOBJ":"Siwalanrejo","WADMKC":"Sukodadi","WADMKK":"Lamongan"},"geometry":{"type":"Point","coordinates":[112.3,-7.1]}},{"type":"Feature","properties":{"Line":"S105","Sp":"2728.5","X":"645575.5","Y":"9210800.3","NAMOBJ":"Siwalanrejo","WADMKC":"Sukodadi","WADMKK":"Lamongan"},"geometry":{"type":"Point","coordinates":[112.3,-7.1]}},{"type":"Feature","properties":{"Line":"S105","Sp":"2732.5","X":"645625.5","Y":"9210800.3","NAMOBJ":"Siwalanrejo","WADMKC":"Sukodadi","WADMKK":"Lamongan"},"geometry":{"type":"Point","coordinates":[112.3,-7.1]}},{"type":"Feature","properties":{"Line":"S105","Sp":"2736.5","X":"645675.5","Y":"9210800.3","NAMOBJ":"Siwalanrejo","WADMKC":"Sukodadi","WADMKK":"Lamongan"},"geometry":{"type":"Point","coordinates":[112.3,-7.1]}},{"type":"Feature","properties":{"Line":"S105","Sp":"2740.5","X":"645725.5","Y":"9210800.3","NAMOBJ":"Siwalanrejo","WADMKC":"Sukodadi","WADMKK":"Lamongan"},"geometry":{"type":"Point","coordinates":[112.3,-7.1]}},{"type":"Feature","properties":{"Line":"S105","Sp":"2744.5","X":"645775.5","Y":"9210800.3","NAMOBJ":"Siwalanrejo","WADMKC":"Sukodadi","WADMKK":"Lamongan"},"geometry":{"type":"Point","coordinates":[112.3,-7.1]}},{"type":"Feature","properties":{"Line":"S105","Sp":"2748.5","X":"645825.5","Y":"9210800.3","NAMOBJ":"Siwalanrejo","WADMKC":"Sukodadi","WADMKK":"Lamongan"},"geometry":{"type":"Point","coordinates":[112.3,-7.1]}},{"type":"Feature","properties":{"Line":"S105","Sp":"2752.5","X":"645875.5","Y":"9210800.3","NAMOBJ":"Siwalanrejo","WADMKC":"Sukodadi","WADMKK":"Lamongan"},"geometry":{"type":"Point","coordinates":[112.3,-7.1]}},{"type":"Feature","properties":{"Line":"S105","Sp":"2756.5","X":"645925.5","Y":"9210800.3","NAMOBJ":"Siwalanrejo","WADMKC":"Sukodadi","WADMKK":"Lamongan"},"geometry":{"type":"Point","coordinates":[112.3,-7.1]}},{"type":"Feature","properties":{"Line":"S105","Sp":"2760.5","X":"645975.5","Y":"9210800.3","NAMOBJ":"Siwalanrejo","WADMKC":"Sukodadi","WADMKK":"Lamongan"},"geometry":{"type":"Point","coordinates":[112.3,-7.1]}},{"type":"Feature","properties":{"Line":"S105","Sp":"2764.5","X":"646025.5","Y":"9210800.3","NAMOBJ":"Siwalanrejo","WADMKC":"Sukodadi","WADMKK":"Lamongan"},"geometry":{"type":"Point","coordinates":[112.3,-7.1]}},{"type":"Feature","properties":{"Line":"S105","Sp":"2768.5","X":"646075.5","Y":"9210800.3","NAMOBJ":"Siwalanrejo","WADMKC":"Sukodadi","WADMKK":"Lamongan"},"geometry":{"type":"Point","coordinates":[112.3,-7.1]}},{"type":"Feature","properties":{"Line":"S105","Sp":"2772.5","X":"646125.5","Y":"9210800.3","NAMOBJ":"Siwalanrejo","WADMKC":"Sukodadi","WADMKK":"Lamongan"},"geometry":{"type":"Point","coordinates":[112.3,-7.1]}},{"type":"Feature","properties":{"Line":"S105","Sp":"2776.5","X":"646175.5","Y":"9210800.3","NAMOBJ":"Siwalanrejo","WADMKC":"Sukodadi","WADMKK":"Lamongan"},"geometry":{"type":"Point","coordinates":[112.3,-7.1]}},{"type":"Feature","properties":{"Line":"S105","Sp":"2780.5","X":"646225.5","Y":"9210800.3","NAMOBJ":"Siwalanrejo","WADMKC":"Sukodadi","WADMKK":"Lamongan"},"geometry":{"type":"Point","coordinates":[112.3,-7.1]}},{"type":"Feature","properties":{"Line":"S105","Sp":"2784.5","X":"646275.5","Y":"9210800.3","NAMOBJ":"Siwalanrejo","WADMKC":"Sukodadi","WADMKK":"Lamongan"},"geometry":{"type":"Point","coordinates":[112.3,-7.1]}},{"type":"Feature","properties":{"Line":"S105","Sp":"2788.5","X":"646325.5","Y":"9210800.3","NAMOBJ":"Siwalanrejo","WADMKC":"Sukodadi","WADMKK":"Lamongan"},"geometry":{"type":"Point","coordinates":[112.3,-7.1]}},{"type":"Feature","properties":{"Line":"S105","Sp":"2792.5","X":"646375.5","Y":"9210800.3","NAMOBJ":"Siwalanrejo","WADMKC":"Sukodadi","WADMKK":"Lamongan"},"geometry":{"type":"Point","coordinates":[112.3,-7.1]}},{"type":"Feature","properties":{"Line":"S105","Sp":"2796.5","X":"646425.5","Y":"9210800.3","NAMOBJ":"Siwalanrejo","WADMKC":"Sukodadi","WADMKK":"Lamongan"},"geometry":{"type":"Point","coordinates":[112.3,-7.1]}},{"type":"Feature","properties":{"Line":"S105","Sp":"2800.5","X":"646475.5","Y":"9210800.3","NAMOBJ":"Siwalanrejo","WADMKC":"Sukodadi","WADMKK":"Lamongan"},"geometry":{"type":"Point","coordinates":[112.3,-7.1]}},{"type":"Feature","properties":{"Line":"S105","Sp":"2804.5","X":"646525.5","Y":"9210800.3","NAMOBJ":"Siwalanrejo","WADMKC":"Sukodadi","WADMKK":"Lamongan"},"geometry":{"type":"Point","coordinates":[112.3,-7.1]}},{"type":"Feature","properties":{"Line":"S105","Sp":"2808.5","X":"646575.5","Y":"9210800.3","NAMOBJ":"Siwalanrejo","WADMKC":"Sukodadi","WADMKK":"Lamongan"},"geometry":{"type":"Point","coordinates":[112.3,-7.1]}},{"type":"Feature","properties":{"Line":"S105","Sp":"2812.5","X":"646625.5","Y":"9210800.3","NAMOBJ":"Siwalanrejo","WADMKC":"Sukodadi","WADMKK":"Lamongan"},"geometry":{"type":"Point","coordinates":[112.3,-7.1]}},{"type":"Feature","properties":{"Line":"S105","Sp":"2816.5","X":"646675.5","Y":"9210800.3","NAMOBJ":"Siwalanrejo","WADMKC":"Sukodadi","WADMKK":"Lamongan"},"geometry":{"type":"Point","coordinates":[112.3,-7.1]}},{"type":"Feature","properties":{"Line":"S132","Sp":"2224.5","X":"645300.5","Y":"9211575.3","NAMOBJ":"Siwalanrejo","WADMKC":"Sukodadi","WADMKK":"Lamongan"},"geometry":{"type":"Point","coordinates":[112.3,-7.1]}},{"type":"Feature","properties":{"Line":"S132","Sp":"2228.5","X":"645300.5","Y":"9211525.3","NAMOBJ":"Siwalanrejo","WADMKC":"Sukodadi","WADMKK":"Lamongan"},"geometry":{"type":"Point","coordinates":[112.3,-7.1]}},{"type":"Feature","properties":{"Line":"S132","Sp":"2232.5","X":"645300.5","Y":"9211475.3","NAMOBJ":"Siwalanrejo","WADMKC":"Sukodadi","WADMKK":"Lamongan"},"geometry":{"type":"Point","coordinates":[112.3,-7.1]}},{"type":"Feature","properties":{"Line":"S132","Sp":"2236.5","X":"645300.5","Y":"9211425.3","NAMOBJ":"Siwalanrejo","WADMKC":"Sukodadi","WADMKK":"Lamongan"},"geometry":{"type":"Point","coordinates":[112.3,-7.1]}},{"type":"Feature","properties":{"Line":"S132","Sp":"2240.5","X":"645300.5","Y":"9211375.3","NAMOBJ":"Siwalanrejo","WADMKC":"Sukodadi","WADMKK":"Lamongan"},"geometry":{"type":"Point","coordinates":[112.3,-7.1]}},{"type":"Feature","properties":{"Line":"S132","Sp":"2244.5","X":"645300.5","Y":"9211325.3","NAMOBJ":"Siwalanrejo","WADMKC":"Sukodadi","WADMKK":"Lamongan"},"geometry":{"type":"Point","coordinates":[112.3,-7.1]}},{"type":"Feature","properties":{"Line":"S132","Sp":"2248.5","X":"645300.5","Y":"9211275.3","NAMOBJ":"Siwalanrejo","WADMKC":"Sukodadi","WADMKK":"Lamongan"},"geometry":{"type":"Point","coordinates":[112.3,-7.1]}},{"type":"Feature","properties":{"Line":"S132","Sp":"2252.5","X":"645300.5","Y":"9211225.3","NAMOBJ":"Siwalanrejo","WADMKC":"Sukodadi","WADMKK":"Lamongan"},"geometry":{"type":"Point","coordinates":[112.3,-7.1]}},{"type":"Feature","properties":{"Line":"S132","Sp":"2256.5","X":"645300.5","Y":"9211175.3","NAMOBJ":"Siwalanrejo","WADMKC":"Sukodadi","WADMKK":"Lamongan"},"geometry":{"type":"Point","coordinates":[112.3,-7.1]}},{"type":"Feature","properties":{"Line":"S132","Sp":"2260.5","X":"645300.5","Y":"9211125.3","NAMOBJ":"Siwalanrejo","WADMKC":"Sukodadi","WADMKK":"Lamongan"},"geometry":{"type":"Point","coordinates":[112.3,-7.1]}},{"type":"Feature","properties":{"Line":"S132","Sp":"2264.5","X":"645300.5","Y":"9211075.3","NAMOBJ":"Siwalanrejo","WADMKC":"Sukodadi","WADMKK":"Lamongan"},"geometry":{"type":"Point","coordinates":[112.3,-7.1]}},{"type":"Feature","properties":{"Line":"S132","Sp":"2268.5","X":"645300.5","Y":"9211025.3","NAMOBJ":"Siwalanrejo","WADMKC":"Sukodadi","WADMKK":"Lamongan"},"geometry":{"type":"Point","coordinates":[112.3,-7.1]}},{"type":"Feature","properties":{"Line":"S134","Sp":"2260.5","X":"646300.5","Y":"9211125.3","NAMOBJ":"Siwalanrejo","WADMKC":"Sukodadi","WADMKK":"Lamongan"},"geometry":{"type":"Point","coordinates":[112.3,-7.1]}},{"type":"Feature","properties":{"Line":"S134","Sp":"2264.5","X":"646300.5","Y":"9211075.3","NAMOBJ":"Siwalanrejo","WADMKC":"Sukodadi","WADMKK":"Lamongan"},"geometry":{"type":"Point","coordinates":[112.3,-7.1]}},{"type":"Feature","properties":{"Line":"S134","Sp":"2268.5","X":"646300.5","Y":"9211025.3","NAMOBJ":"Siwalanrejo","WADMKC":"Sukodadi","WADMKK":"Lamongan"},"geometry":{"type":"Point","coordinates":[112.3,-7.1]}},{"type":"Feature","properties":{"Line":"S134","Sp":"2272.5","X":"646300.5","Y":"9210975.3","NAMOBJ":"Siwalanrejo","WADMKC":"Sukodadi","WADMKK":"Lamongan"},"geometry":{"type":"Point","coordinates":[112.3,-7.1]}},{"type":"Feature","properties":{"Line":"S134","Sp":"2276.5","X":"646300.5","Y":"9210925.3","NAMOBJ":"Siwalanrejo","WADMKC":"Sukodadi","WADMKK":"Lamongan"},"geometry":{"type":"Point","coordinates":[112.3,-7.1]}},{"type":"Feature","properties":{"Line":"S134","Sp":"2280.5","X":"646300.5","Y":"9210875.3","NAMOBJ":"Siwalanrejo","WADMKC":"Sukodadi","WADMKK":"Lamongan"},"geometry":{"type":"Point","coordinates":[112.3,-7.1]}},{"type":"Feature","properties":{"Line":"S134","Sp":"2284.5","X":"646300.5","Y":"9210825.3","NAMOBJ":"Siwalanrejo","WADMKC":"Sukodadi","WADMKK":"Lamongan"},"geometry":{"type":"Point","coordinates":[112.3,-7.1]}},{"type":"Feature","properties":{"Line":"S134","Sp":"2288.5","X":"646300.5","Y":"9210775.3","NAMOBJ":"Siwalanrejo","WADMKC":"Sukodadi","WADMKK":"Lamongan"},"geometry":{"type":"Point","coordinates":[112.3,-7.1]}},{"type":"Feature","properties":{"Line":"S134","Sp":"2292.5","X":"646300.5","Y":"9210725.3","NAMOBJ":"Siwalanrejo","WADMKC":"Sukodadi","WADMKK":"Lamongan"},"geometry":{"type":"Point","coordinates":[112.3,-7.1]}},{"type":"Feature","properties":{"Line":"S134","Sp":"2296.5","X":"646300.5","Y":"9210675.3","NAMOBJ":"Siwalanrejo","WADMKC":"Sukodadi","WADMKK":"Lamongan"},"geometry":{"type":"Point","coordinates":[112.3,-7.1]}},{"type":"Feature","properties":{"Line":"S134","Sp":"2300.5","X":"646300.5","Y":"9210625.3","NAMOBJ":"Siwalanrejo","WADMKC":"Sukodadi","WADMKK":"Lamongan"},"geometry":{"type":"Point","coordinates":[112.3,-7.1]}},{"type":"Feature","properties":{"Line":"S134","Sp":"2304.5","X":"646300.5","Y":"9210575.3","NAMOBJ":"Siwalanrejo","WADMKC":"Sukodadi","WADMKK":"Lamongan"},"geometry":{"type":"Point","coordinates":[112.3,-7.1]}},{"type":"Feature","properties":{"Line":"S134","Sp":"2308.5","X":"646300.5","Y":"9210525.3","NAMOBJ":"Siwalanrejo","WADMKC":"Sukodadi","WADMKK":"Lamongan"},"geometry":{"type":"Point","coordinates":[112.3,-7.1]}},{"type":"Feature","properties":{"Line":"S134","Sp":"2312.5","X":"646300.5","Y":"9210475.3","NAMOBJ":"Siwalanrejo","WADMKC":"Sukodadi","WADMKK":"Lamongan"},"geometry":{"type":"Point","coordinates":[112.3,-7.1]}},{"type":"Feature","properties":{"Line":"S134","Sp":"2316.5","X":"646300.5","Y":"9210425.3","NAMOBJ":"Siwalanrejo","WADMKC":"Sukodadi","WADMKK":"Lamongan"},"geometry":{"type":"Point","coordinates":[112.3,-7.1]}},{"type":"Feature","properties":{"Line":"S109","Sp":"3028.5","X":"648425.5","Y":"9212800.3","NAMOBJ":"Sugihrejo","WADMKC":"Sukodadi","WADMKK":"Lamongan"},"geometry":{"type":"Point","coordinates":[112.3,-7.1]}},{"type":"Feature","properties":{"Line":"S109","Sp":"3032.5","X":"648475.5","Y":"9212800.3","NAMOBJ":"Sugihrejo","WADMKC":"Sukodadi","WADMKK":"Lamongan"},"geometry":{"type":"Point","coordinates":[112.3,-7.1]}},{"type":"Feature","properties":{"Line":"S109","Sp":"3036.5","X":"648525.5","Y":"9212800.3","NAMOBJ":"Sugihrejo","WADMKC":"Sukodadi","WADMKK":"Lamongan"},"geometry":{"type":"Point","coordinates":[112.3,-7.1]}},{"type":"Feature","properties":{"Line":"S109","Sp":"3040.5","X":"648575.5","Y":"9212800.3","NAMOBJ":"Sugihrejo","WADMKC":"Sukodadi","WADMKK":"Lamongan"},"geometry":{"type":"Point","coordinates":[112.3,-7.1]}},{"type":"Feature","properties":{"Line":"S109","Sp":"3044.5","X":"648625.5","Y":"9212800.3","NAMOBJ":"Sugihrejo","WADMKC":"Sukodadi","WADMKK":"Lamongan"},"geometry":{"type":"Point","coordinates":[112.3,-7.1]}},{"type":"Feature","properties":{"Line":"S109","Sp":"3048.5","X":"648675.5","Y":"9212800.3","NAMOBJ":"Sugihrejo","WADMKC":"Sukodadi","WADMKK":"Lamongan"},"geometry":{"type":"Point","coordinates":[112.3,-7.1]}},{"type":"Feature","properties":{"Line":"S109","Sp":"3052.5","X":"648725.5","Y":"9212800.3","NAMOBJ":"Sugihrejo","WADMKC":"Sukodadi","WADMKK":"Lamongan"},"geometry":{"type":"Point","coordinates":[112.3,-7.1]}},{"type":"Feature","properties":{"Line":"S109","Sp":"3056.5","X":"648775.5","Y":"9212800.3","NAMOBJ":"Sugihrejo","WADMKC":"Sukodadi","WADMKK":"Lamongan"},"geometry":{"type":"Point","coordinates":[112.3,-7.1]}},{"type":"Feature","properties":{"Line":"S109","Sp":"3060.5","X":"648825.5","Y":"9212800.3","NAMOBJ":"Sugihrejo","WADMKC":"Sukodadi","WADMKK":"Lamongan"},"geometry":{"type":"Point","coordinates":[112.3,-7.1]}},{"type":"Feature","properties":{"Line":"S138","Sp":"2152.5","X":"648300.5","Y":"9212475.3","NAMOBJ":"Sugihrejo","WADMKC":"Sukodadi","WADMKK":"Lamongan"},"geometry":{"type":"Point","coordinates":[112.3,-7.1]}},{"type":"Feature","properties":{"Line":"S138","Sp":"2156.5","X":"648300.5","Y":"9212425.3","NAMOBJ":"Sugihrejo","WADMKC":"Sukodadi","WADMKK":"Lamongan"},"geometry":{"type":"Point","coordinates":[112.3,-7.1]}},{"type":"Feature","properties":{"Line":"S138","Sp":"2160.5","X":"648300.5","Y":"9212375.3","NAMOBJ":"Sugihrejo","WADMKC":"Sukodadi","WADMKK":"Lamongan"},"geometry":{"type":"Point","coordinates":[112.3,-7.1]}},{"type":"Feature","properties":{"Line":"S138","Sp":"2164.5","X":"648300.5","Y":"9212325.3","NAMOBJ":"Sugihrejo","WADMKC":"Sukodadi","WADMKK":"Lamongan"},"geometry":{"type":"Point","coordinates":[112.3,-7.1]}},{"type":"Feature","properties":{"Line":"S138","Sp":"2168.5","X":"648300.5","Y":"9212275.3","NAMOBJ":"Sugihrejo","WADMKC":"Sukodadi","WADMKK":"Lamongan"},"geometry":{"type":"Point","coordinates":[112.3,-7.1]}},{"type":"Feature","properties":{"Line":"S138","Sp":"2172.5","X":"648300.5","Y":"9212225.3","NAMOBJ":"Sugihrejo","WADMKC":"Sukodadi","WADMKK":"Lamongan"},"geometry":{"type":"Point","coordinates":[112.3,-7.1]}},{"type":"Feature","properties":{"Line":"S138","Sp":"2180.5","X":"648300.5","Y":"9212125.3","NAMOBJ":"Sugihrejo","WADMKC":"Sukodadi","WADMKK":"Lamongan"},"geometry":{"type":"Point","coordinates":[112.3,-7.1]}},{"type":"Feature","properties":{"Line":"S138","Sp":"2184.5","X":"648300.5","Y":"9212075.3","NAMOBJ":"Sugihrejo","WADMKC":"Sukodadi","WADMKK":"Lamongan"},"geometry":{"type":"Point","coordinates":[112.3,-7.1]}},{"type":"Feature","properties":{"Line":"S138","Sp":"2188.5","X":"648300.5","Y":"9212025.3","NAMOBJ":"Sugihrejo","WADMKC":"Sukodadi","WADMKK":"Lamongan"},"geometry":{"type":"Point","coordinates":[112.3,-7.1]}},{"type":"Feature","properties":{"Line":"S138","Sp":"2192.5","X":"648300.5","Y":"9211975.3","NAMOBJ":"Sugihrejo","WADMKC":"Sukodadi","WADMKK":"Lamongan"},"geometry":{"type":"Point","coordinates":[112.3,-7.1]}},{"type":"Feature","properties":{"Line":"S126","Sp":"2440.5","X":"642300.5","Y":"9209625.3","NAMOBJ":"Sugio","WADMKC":"Sugio","WADMKK":"Lamongan"},"geometry":{"type":"Point","coordinates":[112.3,-7.1]}},{"type":"Feature","properties":{"Line":"S126","Sp":"2444.5","X":"642300.5","Y":"9209575.3","NAMOBJ":"Sugio","WADMKC":"Sugio","WADMKK":"Lamongan"},"geometry":{"type":"Point","coordinates":[112.3,-7.1]}},{"type":"Feature","properties":{"Line":"S126","Sp":"2448.5","X":"642300.5","Y":"9209525.3","NAMOBJ":"Sugio","WADMKC":"Sugio","WADMKK":"Lamongan"},"geometry":{"type":"Point","coordinates":[112.3,-7.1]}},{"type":"Feature","properties":{"Line":"S126","Sp":"2452.5","X":"642300.5","Y":"9209475.3","NAMOBJ":"Sugio","WADMKC":"Sugio","WADMKK":"Lamongan"},"geometry":{"type":"Point","coordinates":[112.3,-7.1]}},{"type":"Feature","properties":{"Line":"S113","Sp":"2712.5","X":"645625.5","Y":"9214800.3","NAMOBJ":"Sukodadi","WADMKC":"Sukodadi","WADMKK":"Lamongan"},"geometry":{"type":"Point","coordinates":[112.3,-7.1]}},{"type":"Feature","properties":{"Line":"S113","Sp":"2716.5","X":"645675.5","Y":"9214800.3","NAMOBJ":"Sukodadi","WADMKC":"Sukodadi","WADMKK":"Lamongan"},"geometry":{"type":"Point","coordinates":[112.3,-7.1]}},{"type":"Feature","properties":{"Line":"S113","Sp":"2720.5","X":"645725.5","Y":"9214800.3","NAMOBJ":"Sukodadi","WADMKC":"Sukodadi","WADMKK":"Lamongan"},"geometry":{"type":"Point","coordinates":[112.3,-7.1]}},{"type":"Feature","properties":{"Line":"S113","Sp":"2724.5","X":"645775.5","Y":"9214800.3","NAMOBJ":"Sukodadi","WADMKC":"Sukodadi","WADMKK":"Lamongan"},"geometry":{"type":"Point","coordinates":[112.3,-7.1]}},{"type":"Feature","properties":{"Line":"S113","Sp":"2728.5","X":"645825.5","Y":"9214800.3","NAMOBJ":"Sukodadi","WADMKC":"Sukodadi","WADMKK":"Lamongan"},"geometry":{"type":"Point","coordinates":[112.3,-7.1]}},{"type":"Feature","properties":{"Line":"S113","Sp":"2732.5","X":"645875.5","Y":"9214800.3","NAMOBJ":"Sukodadi","WADMKC":"Sukodadi","WADMKK":"Lamongan"},"geometry":{"type":"Point","coordinates":[112.3,-7.1]}},{"type":"Feature","properties":{"Line":"S113","Sp":"2736.5","X":"645925.5","Y":"9214800.3","NAMOBJ":"Sukodadi","WADMKC":"Sukodadi","WADMKK":"Lamongan"},"geometry":{"type":"Point","coordinates":[112.3,-7.1]}},{"type":"Feature","properties":{"Line":"S113","Sp":"2740.5","X":"645975.5","Y":"9214800.3","NAMOBJ":"Sukodadi","WADMKC":"Sukodadi","WADMKK":"Lamongan"},"geometry":{"type":"Point","coordinates":[112.3,-7.1]}},{"type":"Feature","properties":{"Line":"S113","Sp":"2744.5","X":"646025.5","Y":"9214800.3","NAMOBJ":"Sukodadi","WADMKC":"Sukodadi","WADMKK":"Lamongan"},"geometry":{"type":"Point","coordinates":[112.3,-7.1]}},{"type":"Feature","properties":{"Line":"S113","Sp":"2748.5","X":"646075.5","Y":"9214800.3","NAMOBJ":"Sukodadi","WADMKC":"Sukodadi","WADMKK":"Lamongan"},"geometry":{"type":"Point","coordinates":[112.3,-7.1]}},{"type":"Feature","properties":{"Line":"S113","Sp":"2752.5","X":"646125.5","Y":"9214800.3","NAMOBJ":"Sukodadi","WADMKC":"Sukodadi","WADMKK":"Lamongan"},"geometry":{"type":"Point","coordinates":[112.3,-7.1]}},{"type":"Feature","properties":{"Line":"S113","Sp":"2756.5","X":"646175.5","Y":"9214800.3","NAMOBJ":"Sukodadi","WADMKC":"Sukodadi","WADMKK":"Lamongan"},"geometry":{"type":"Point","coordinates":[112.3,-7.1]}},{"type":"Feature","properties":{"Line":"S113","Sp":"2760.5","X":"646225.5","Y":"9214800.3","NAMOBJ":"Sukodadi","WADMKC":"Sukodadi","WADMKK":"Lamongan"},"geometry":{"type":"Point","coordinates":[112.3,-7.1]}},{"type":"Feature","properties":{"Line":"S113","Sp":"2764.5","X":"646275.5","Y":"9214800.3","NAMOBJ":"Sukodadi","WADMKC":"Sukodadi","WADMKK":"Lamongan"},"geometry":{"type":"Point","coordinates":[112.3,-7.1]}},{"type":"Feature","properties":{"Line":"S113","Sp":"2768.5","X":"646325.5","Y":"9214800.3","NAMOBJ":"Sukodadi","WADMKC":"Sukodadi","WADMKK":"Lamongan"},"geometry":{"type":"Point","coordinates":[112.3,-7.1]}},{"type":"Feature","properties":{"Line":"S113","Sp":"2772.5","X":"646375.5","Y":"9214800.3","NAMOBJ":"Sukodadi","WADMKC":"Sukodadi","WADMKK":"Lamongan"},"geometry":{"type":"Point","coordinates":[112.3,-7.1]}},{"type":"Feature","properties":{"Line":"S113","Sp":"2776.5","X":"646425.5","Y":"9214800.3","NAMOBJ":"Sukodadi","WADMKC":"Sukodadi","WADMKK":"Lamongan"},"geometry":{"type":"Point","coordinates":[112.3,-7.1]}},{"type":"Feature","properties":{"Line":"S115","Sp":"2692.5","X":"645725.5","Y":"9215800.3","NAMOBJ":"Sukodadi","WADMKC":"Sukodadi","WADMKK":"Lamongan"},"geometry":{"type":"Point","coordinates":[112.3,-7.1]}},{"type":"Feature","properties":{"Line":"S115","Sp":"2696.5","X":"645775.5","Y":"9215800.3","NAMOBJ":"Sukodadi","WADMKC":"Sukodadi","WADMKK":"Lamongan"},"geometry":{"type":"Point","coordinates":[112.3,-7.1]}},{"type":"Feature","properties":{"Line":"S115","Sp":"2700.5","X":"645825.5","Y":"9215800.3","NAMOBJ":"Sukodadi","WADMKC":"Sukodadi","WADMKK":"Lamongan"},"geometry":{"type":"Point","coordinates":[112.3,-7.1]}},{"type":"Feature","properties":{"Line":"S115","Sp":"2704.5","X":"645875.5","Y":"9215800.3","NAMOBJ":"Sukodadi","WADMKC":"Sukodadi","WADMKK":"Lamongan"},"geometry":{"type":"Point","coordinates":[112.3,-7.1]}},{"type":"Feature","properties":{"Line":"S115","Sp":"2708.5","X":"645925.5","Y":"9215800.3","NAMOBJ":"Sukodadi","WADMKC":"Sukodadi","WADMKK":"Lamongan"},"geometry":{"type":"Point","coordinates":[112.3,-7.1]}},{"type":"Feature","properties":{"Line":"S115","Sp":"2712.5","X":"645975.5","Y":"9215800.3","NAMOBJ":"Sukodadi","WADMKC":"Sukodadi","WADMKK":"Lamongan"},"geometry":{"type":"Point","coordinates":[112.3,-7.1]}},{"type":"Feature","properties":{"Line":"S115","Sp":"2716.5","X":"646025.5","Y":"9215800.3","NAMOBJ":"Sukodadi","WADMKC":"Sukodadi","WADMKK":"Lamongan"},"geometry":{"type":"Point","coordinates":[112.3,-7.1]}},{"type":"Feature","properties":{"Line":"S115","Sp":"2720.5","X":"646075.5","Y":"9215800.3","NAMOBJ":"Sukodadi","WADMKC":"Sukodadi","WADMKK":"Lamongan"},"geometry":{"type":"Point","coordinates":[112.3,-7.1]}},{"type":"Feature","properties":{"Line":"S115","Sp":"2724.5","X":"646125.5","Y":"9215800.3","NAMOBJ":"Sukodadi","WADMKC":"Sukodadi","WADMKK":"Lamongan"},"geometry":{"type":"Point","coordinates":[112.3,-7.1]}},{"type":"Feature","properties":{"Line":"S115","Sp":"2728.5","X":"646175.5","Y":"9215800.3","NAMOBJ":"Sukodadi","WADMKC":"Sukodadi","WADMKK":"Lamongan"},"geometry":{"type":"Point","coordinates":[112.3,-7.1]}},{"type":"Feature","properties":{"Line":"S115","Sp":"2732.5","X":"646225.5","Y":"9215800.3","NAMOBJ":"Sukodadi","WADMKC":"Sukodadi","WADMKK":"Lamongan"},"geometry":{"type":"Point","coordinates":[112.3,-7.1]}},{"type":"Feature","properties":{"Line":"S115","Sp":"2736.5","X":"646275.5","Y":"9215800.3","NAMOBJ":"Sukodadi","WADMKC":"Sukodadi","WADMKK":"Lamongan"},"geometry":{"type":"Point","coordinates":[112.3,-7.1]}},{"type":"Feature","properties":{"Line":"S115","Sp":"2740.5","X":"646325.5","Y":"9215800.3","NAMOBJ":"Sukodadi","WADMKC":"Sukodadi","WADMKK":"Lamongan"},"geometry":{"type":"Point","coordinates":[112.3,-7.1]}},{"type":"Feature","properties":{"Line":"S115","Sp":"2744.5","X":"646375.5","Y":"9215800.3","NAMOBJ":"Sukodadi","WADMKC":"Sukodadi","WADMKK":"Lamongan"},"geometry":{"type":"Point","coordinates":[112.3,-7.1]}},{"type":"Feature","properties":{"Line":"S115","Sp":"2748.5","X":"646425.5","Y":"9215800.3","NAMOBJ":"Sukodadi","WADMKC":"Sukodadi","WADMKK":"Lamongan"},"geometry":{"type":"Point","coordinates":[112.3,-7.1]}},{"type":"Feature","properties":{"Line":"S115","Sp":"2752.5","X":"646475.5","Y":"9215800.3","NAMOBJ":"Sukodadi","WADMKC":"Sukodadi","WADMKK":"Lamongan"},"geometry":{"type":"Point","coordinates":[112.3,-7.1]}},{"type":"Feature","properties":{"Line":"S115","Sp":"2756.5","X":"646525.5","Y":"9215800.3","NAMOBJ":"Sukodadi","WADMKC":"Sukodadi","WADMKK":"Lamongan"},"geometry":{"type":"Point","coordinates":[112.3,-7.1]}},{"type":"Feature","properties":{"Line":"S115","Sp":"2760.5","X":"646575.5","Y":"9215800.3","NAMOBJ":"Sukodadi","WADMKC":"Sukodadi","WADMKK":"Lamongan"},"geometry":{"type":"Point","coordinates":[112.3,-7.1]}},{"type":"Feature","properties":{"Line":"S115","Sp":"2764.5","X":"646625.5","Y":"9215800.3","NAMOBJ":"Sukodadi","WADMKC":"Sukodadi","WADMKK":"Lamongan"},"geometry":{"type":"Point","coordinates":[112.3,-7.1]}},{"type":"Feature","properties":{"Line":"S115","Sp":"2768.5","X":"646675.5","Y":"9215800.3","NAMOBJ":"Sukodadi","WADMKC":"Sukodadi","WADMKK":"Lamongan"},"geometry":{"type":"Point","coordinates":[112.3,-7.1]}},{"type":"Feature","properties":{"Line":"S115","Sp":"2772.5","X":"646725.5","Y":"9215800.3","NAMOBJ":"Sukodadi","WADMKC":"Sukodadi","WADMKK":"Lamongan"},"geometry":{"type":"Point","coordinates":[112.3,-7.1]}},{"type":"Feature","properties":{"Line":"S115","Sp":"2776.5","X":"646775.5","Y":"9215800.3","NAMOBJ":"Sukodadi","WADMKC":"Sukodadi","WADMKK":"Lamongan"},"geometry":{"type":"Point","coordinates":[112.3,-7.1]}},{"type":"Feature","properties":{"Line":"S115","Sp":"2780.5","X":"646825.5","Y":"9215800.3","NAMOBJ":"Sukodadi","WADMKC":"Sukodadi","WADMKK":"Lamongan"},"geometry":{"type":"Point","coordinates":[112.3,-7.1]}},{"type":"Feature","properties":{"Line":"S115","Sp":"2784.5","X":"646875.5","Y":"9215800.3","NAMOBJ":"Sukodadi","WADMKC":"Sukodadi","WADMKK":"Lamongan"},"geometry":{"type":"Point","coordinates":[112.3,-7.1]}},{"type":"Feature","properties":{"Line":"S115","Sp":"2788.5","X":"646925.5","Y":"9215800.3","NAMOBJ":"Sukodadi","WADMKC":"Sukodadi","WADMKK":"Lamongan"},"geometry":{"type":"Point","coordinates":[112.3,-7.1]}},{"type":"Feature","properties":{"Line":"S115","Sp":"2792.5","X":"646975.5","Y":"9215800.3","NAMOBJ":"Sukodadi","WADMKC":"Sukodadi","WADMKK":"Lamongan"},"geometry":{"type":"Point","coordinates":[112.3,-7.1]}},{"type":"Feature","properties":{"Line":"S115","Sp":"2796.5","X":"647025.5","Y":"9215800.3","NAMOBJ":"Sukodadi","WADMKC":"Sukodadi","WADMKK":"Lamongan"},"geometry":{"type":"Point","coordinates":[112.3,-7.1]}},{"type":"Feature","properties":{"Line":"S115","Sp":"2800.5","X":"647075.5","Y":"9215800.3","NAMOBJ":"Sukodadi","WADMKC":"Sukodadi","WADMKK":"Lamongan"},"geometry":{"type":"Point","coordinates":[112.3,-7.1]}},{"type":"Feature","properties":{"Line":"S115","Sp":"2804.5","X":"647125.5","Y":"9215800.3","NAMOBJ":"Sukodadi","WADMKC":"Sukodadi","WADMKK":"Lamongan"},"geometry":{"type":"Point","coordinates":[112.3,-7.1]}},{"type":"Feature","properties":{"Line":"S115","Sp":"2808.5","X":"647175.5","Y":"9215800.3","NAMOBJ":"Sukodadi","WADMKC":"Sukodadi","WADMKK":"Lamongan"},"geometry":{"type":"Point","coordinates":[112.3,-7.1]}},{"type":"Feature","properties":{"Line":"S134","Sp":"1856.5","X":"646300.5","Y":"9216175.3","NAMOBJ":"Sukodadi","WADMKC":"Sukodadi","WADMKK":"Lamongan"},"geometry":{"type":"Point","coordinates":[112.3,-7.1]}},{"type":"Feature","properties":{"Line":"S134","Sp":"1860.5","X":"646300.5","Y":"9216125.3","NAMOBJ":"Sukodadi","WADMKC":"Sukodadi","WADMKK":"Lamongan"},"geometry":{"type":"Point","coordinates":[112.3,-7.1]}},{"type":"Feature","properties":{"Line":"S134","Sp":"1864.5","X":"646300.5","Y":"9216075.3","NAMOBJ":"Sukodadi","WADMKC":"Sukodadi","WADMKK":"Lamongan"},"geometry":{"type":"Point","coordinates":[112.3,-7.1]}},{"type":"Feature","properties":{"Line":"S134","Sp":"1868.5","X":"646300.5","Y":"9216025.3","NAMOBJ":"Sukodadi","WADMKC":"Sukodadi","WADMKK":"Lamongan"},"geometry":{"type":"Point","coordinates":[112.3,-7.1]}},{"type":"Feature","properties":{"Line":"S134","Sp":"1872.5","X":"646300.5","Y":"9215975.3","NAMOBJ":"Sukodadi","WADMKC":"Sukodadi","WADMKK":"Lamongan"},"geometry":{"type":"Point","coordinates":[112.3,-7.1]}},{"type":"Feature","properties":{"Line":"S134","Sp":"1876.5","X":"646300.5","Y":"9215925.3","NAMOBJ":"Sukodadi","WADMKC":"Sukodadi","WADMKK":"Lamongan"},"geometry":{"type":"Point","coordinates":[112.3,-7.1]}},{"type":"Feature","properties":{"Line":"S134","Sp":"1880.5","X":"646300.5","Y":"9215875.3","NAMOBJ":"Sukodadi","WADMKC":"Sukodadi","WADMKK":"Lamongan"},"geometry":{"type":"Point","coordinates":[112.3,-7.1]}},{"type":"Feature","properties":{"Line":"S134","Sp":"1884.5","X":"646300.5","Y":"9215825.3","NAMOBJ":"Sukodadi","WADMKC":"Sukodadi","WADMKK":"Lamongan"},"geometry":{"type":"Point","coordinates":[112.3,-7.1]}},{"type":"Feature","properties":{"Line":"S134","Sp":"1888.5","X":"646300.5","Y":"9215775.3","NAMOBJ":"Sukodadi","WADMKC":"Sukodadi","WADMKK":"Lamongan"},"geometry":{"type":"Point","coordinates":[112.3,-7.1]}},{"type":"Feature","properties":{"Line":"S134","Sp":"1892.5","X":"646300.5","Y":"9215725.3","NAMOBJ":"Sukodadi","WADMKC":"Sukodadi","WADMKK":"Lamongan"},"geometry":{"type":"Point","coordinates":[112.3,-7.1]}},{"type":"Feature","properties":{"Line":"S134","Sp":"1896.5","X":"646300.5","Y":"9215675.3","NAMOBJ":"Sukodadi","WADMKC":"Sukodadi","WADMKK":"Lamongan"},"geometry":{"type":"Point","coordinates":[112.3,-7.1]}},{"type":"Feature","properties":{"Line":"S134","Sp":"1900.5","X":"646300.5","Y":"9215625.3","NAMOBJ":"Sukodadi","WADMKC":"Sukodadi","WADMKK":"Lamongan"},"geometry":{"type":"Point","coordinates":[112.3,-7.1]}},{"type":"Feature","properties":{"Line":"S134","Sp":"1904.5","X":"646300.5","Y":"9215575.3","NAMOBJ":"Sukodadi","WADMKC":"Sukodadi","WADMKK":"Lamongan"},"geometry":{"type":"Point","coordinates":[112.3,-7.1]}},{"type":"Feature","properties":{"Line":"S134","Sp":"1908.5","X":"646300.5","Y":"9215525.3","NAMOBJ":"Sukodadi","WADMKC":"Sukodadi","WADMKK":"Lamongan"},"geometry":{"type":"Point","coordinates":[112.3,-7.1]}},{"type":"Feature","properties":{"Line":"S134","Sp":"1912.5","X":"646300.5","Y":"9215475.3","NAMOBJ":"Sukodadi","WADMKC":"Sukodadi","WADMKK":"Lamongan"},"geometry":{"type":"Point","coordinates":[112.3,-7.1]}},{"type":"Feature","properties":{"Line":"S134","Sp":"1916.5","X":"646300.5","Y":"9215425.3","NAMOBJ":"Sukodadi","WADMKC":"Sukodadi","WADMKK":"Lamongan"},"geometry":{"type":"Point","coordinates":[112.3,-7.1]}},{"type":"Feature","properties":{"Line":"S134","Sp":"1920.5","X":"646300.5","Y":"9215375.3","NAMOBJ":"Sukodadi","WADMKC":"Sukodadi","WADMKK":"Lamongan"},"geometry":{"type":"Point","coordinates":[112.3,-7.1]}},{"type":"Feature","properties":{"Line":"S134","Sp":"1924.5","X":"646300.5","Y":"9215325.3","NAMOBJ":"Sukodadi","WADMKC":"Sukodadi","WADMKK":"Lamongan"},"geometry":{"type":"Point","coordinates":[112.3,-7.1]}},{"type":"Feature","properties":{"Line":"S134","Sp":"1928.5","X":"646300.5","Y":"9215275.3","NAMOBJ":"Sukodadi","WADMKC":"Sukodadi","WADMKK":"Lamongan"},"geometry":{"type":"Point","coordinates":[112.3,-7.1]}},{"type":"Feature","properties":{"Line":"S134","Sp":"1932.5","X":"646300.5","Y":"9215225.3","NAMOBJ":"Sukodadi","WADMKC":"Sukodadi","WADMKK":"Lamongan"},"geometry":{"type":"Point","coordinates":[112.3,-7.1]}},{"type":"Feature","properties":{"Line":"S134","Sp":"1936.5","X":"646300.5","Y":"9215175.3","NAMOBJ":"Sukodadi","WADMKC":"Sukodadi","WADMKK":"Lamongan"},"geometry":{"type":"Point","coordinates":[112.3,-7.1]}},{"type":"Feature","properties":{"Line":"S134","Sp":"1940.5","X":"646300.5","Y":"9215125.3","NAMOBJ":"Sukodadi","WADMKC":"Sukodadi","WADMKK":"Lamongan"},"geometry":{"type":"Point","coordinates":[112.3,-7.1]}},{"type":"Feature","properties":{"Line":"S134","Sp":"1944.5","X":"646300.5","Y":"9215075.3","NAMOBJ":"Sukodadi","WADMKC":"Sukodadi","WADMKK":"Lamongan"},"geometry":{"type":"Point","coordinates":[112.3,-7.1]}},{"type":"Feature","properties":{"Line":"S134","Sp":"1948.5","X":"646300.5","Y":"9215025.3","NAMOBJ":"Sukodadi","WADMKC":"Sukodadi","WADMKK":"Lamongan"},"geometry":{"type":"Point","coordinates":[112.3,-7.1]}},{"type":"Feature","properties":{"Line":"S134","Sp":"1952.5","X":"646300.5","Y":"9214975.3","NAMOBJ":"Sukodadi","WADMKC":"Sukodadi","WADMKK":"Lamongan"},"geometry":{"type":"Point","coordinates":[112.3,-7.1]}},{"type":"Feature","properties":{"Line":"S134","Sp":"1956.5","X":"646300.5","Y":"9214925.3","NAMOBJ":"Sukodadi","WADMKC":"Sukodadi","WADMKK":"Lamongan"},"geometry":{"type":"Point","coordinates":[112.3,-7.1]}},{"type":"Feature","properties":{"Line":"S134","Sp":"1960.5","X":"646300.5","Y":"9214875.3","NAMOBJ":"Sukodadi","WADMKC":"Sukodadi","WADMKK":"Lamongan"},"geometry":{"type":"Point","coordinates":[112.3,-7.1]}},{"type":"Feature","properties":{"Line":"S134","Sp":"1964.5","X":"646300.5","Y":"9214825.3","NAMOBJ":"Sukodadi","WADMKC":"Sukodadi","WADMKK":"Lamongan"},"geometry":{"type":"Point","coordinates":[112.3,-7.1]}},{"type":"Feature","properties":{"Line":"S134","Sp":"1968.5","X":"646300.5","Y":"9214775.3","NAMOBJ":"Sukodadi","WADMKC":"Sukodadi","WADMKK":"Lamongan"},"geometry":{"type":"Point","coordinates":[112.3,-7.1]}},{"type":"Feature","properties":{"Line":"S134","Sp":"1972.5","X":"646300.5","Y":"9214725.3","NAMOBJ":"Sukodadi","WADMKC":"Sukodadi","WADMKK":"Lamongan"},"geometry":{"type":"Point","coordinates":[112.3,-7.1]}},{"type":"Feature","properties":{"Line":"S134","Sp":"1976.5","X":"646300.5","Y":"9214675.3","NAMOBJ":"Sukodadi","WADMKC":"Sukodadi","WADMKK":"Lamongan"},"geometry":{"type":"Point","coordinates":[112.3,-7.1]}},{"type":"Feature","properties":{"Line":"S136","Sp":"1852.5","X":"647300.5","Y":"9216225.3","NAMOBJ":"Sukodadi","WADMKC":"Sukodadi","WADMKK":"Lamongan"},"geometry":{"type":"Point","coordinates":[112.3,-7.1]}},{"type":"Feature","properties":{"Line":"S136","Sp":"1856.5","X":"647300.5","Y":"9216175.3","NAMOBJ":"Sukodadi","WADMKC":"Sukodadi","WADMKK":"Lamongan"},"geometry":{"type":"Point","coordinates":[112.3,-7.1]}},{"type":"Feature","properties":{"Line":"S136","Sp":"1860.5","X":"647300.5","Y":"9216125.3","NAMOBJ":"Sukodadi","WADMKC":"Sukodadi","WADMKK":"Lamongan"},"geometry":{"type":"Point","coordinates":[112.3,-7.1]}},{"type":"Feature","properties":{"Line":"S117","Sp":"2684.5","X":"645075.5","Y":"9216800.3","NAMOBJ":"Sukolilo","WADMKC":"Sukodadi","WADMKK":"Lamongan"},"geometry":{"type":"Point","coordinates":[112.3,-7.1]}},{"type":"Feature","properties":{"Line":"S117","Sp":"2688.5","X":"645125.5","Y":"9216800.3","NAMOBJ":"Sukolilo","WADMKC":"Sukodadi","WADMKK":"Lamongan"},"geometry":{"type":"Point","coordinates":[112.3,-7.1]}},{"type":"Feature","properties":{"Line":"S117","Sp":"2692.5","X":"645175.5","Y":"9216800.3","NAMOBJ":"Sukolilo","WADMKC":"Sukodadi","WADMKK":"Lamongan"},"geometry":{"type":"Point","coordinates":[112.3,-7.1]}},{"type":"Feature","properties":{"Line":"S117","Sp":"2696.5","X":"645225.5","Y":"9216800.3","NAMOBJ":"Sukolilo","WADMKC":"Sukodadi","WADMKK":"Lamongan"},"geometry":{"type":"Point","coordinates":[112.3,-7.1]}},{"type":"Feature","properties":{"Line":"S117","Sp":"2700.5","X":"645275.5","Y":"9216800.3","NAMOBJ":"Sukolilo","WADMKC":"Sukodadi","WADMKK":"Lamongan"},"geometry":{"type":"Point","coordinates":[112.3,-7.1]}},{"type":"Feature","properties":{"Line":"S117","Sp":"2704.5","X":"645325.5","Y":"9216800.3","NAMOBJ":"Sukolilo","WADMKC":"Sukodadi","WADMKK":"Lamongan"},"geometry":{"type":"Point","coordinates":[112.3,-7.1]}},{"type":"Feature","properties":{"Line":"S117","Sp":"2708.5","X":"645375.5","Y":"9216800.3","NAMOBJ":"Sukolilo","WADMKC":"Sukodadi","WADMKK":"Lamongan"},"geometry":{"type":"Point","coordinates":[112.3,-7.1]}},{"type":"Feature","properties":{"Line":"S117","Sp":"2712.5","X":"645425.5","Y":"9216800.3","NAMOBJ":"Sukolilo","WADMKC":"Sukodadi","WADMKK":"Lamongan"},"geometry":{"type":"Point","coordinates":[112.3,-7.1]}},{"type":"Feature","properties":{"Line":"S117","Sp":"2716.5","X":"645475.5","Y":"9216800.3","NAMOBJ":"Sukolilo","WADMKC":"Sukodadi","WADMKK":"Lamongan"},"geometry":{"type":"Point","coordinates":[112.3,-7.1]}},{"type":"Feature","properties":{"Line":"S117","Sp":"2720.5","X":"645525.5","Y":"9216800.3","NAMOBJ":"Sukolilo","WADMKC":"Sukodadi","WADMKK":"Lamongan"},"geometry":{"type":"Point","coordinates":[112.3,-7.1]}},{"type":"Feature","properties":{"Line":"S117","Sp":"2724.5","X":"645575.5","Y":"9216800.3","NAMOBJ":"Sukolilo","WADMKC":"Sukodadi","WADMKK":"Lamongan"},"geometry":{"type":"Point","coordinates":[112.3,-7.1]}},{"type":"Feature","properties":{"Line":"S117","Sp":"2728.5","X":"645625.5","Y":"9216800.3","NAMOBJ":"Sukolilo","WADMKC":"Sukodadi","WADMKK":"Lamongan"},"geometry":{"type":"Point","coordinates":[112.3,-7.1]}},{"type":"Feature","properties":{"Line":"S117","Sp":"2732.5","X":"645675.5","Y":"9216800.3","NAMOBJ":"Sukolilo","WADMKC":"Sukodadi","WADMKK":"Lamongan"},"geometry":{"type":"Point","coordinates":[112.3,-7.1]}},{"type":"Feature","properties":{"Line":"S117","Sp":"2736.5","X":"645725.5","Y":"9216800.3","NAMOBJ":"Sukolilo","WADMKC":"Sukodadi","WADMKK":"Lamongan"},"geometry":{"type":"Point","coordinates":[112.3,-7.1]}},{"type":"Feature","properties":{"Line":"S117","Sp":"2740.5","X":"645775.5","Y":"9216800.3","NAMOBJ":"Sukolilo","WADMKC":"Sukodadi","WADMKK":"Lamongan"},"geometry":{"type":"Point","coordinates":[112.3,-7.1]}},{"type":"Feature","properties":{"Line":"S117","Sp":"2744.5","X":"645825.5","Y":"9216800.3","NAMOBJ":"Sukolilo","WADMKC":"Sukodadi","WADMKK":"Lamongan"},"geometry":{"type":"Point","coordinates":[112.3,-7.1]}},{"type":"Feature","properties":{"Line":"S117","Sp":"2748.5","X":"645875.5","Y":"9216800.3","NAMOBJ":"Sukolilo","WADMKC":"Sukodadi","WADMKK":"Lamongan"},"geometry":{"type":"Point","coordinates":[112.3,-7.1]}},{"type":"Feature","properties":{"Line":"S117","Sp":"2752.5","X":"645925.5","Y":"9216800.3","NAMOBJ":"Sukolilo","WADMKC":"Sukodadi","WADMKK":"Lamongan"},"geometry":{"type":"Point","coordinates":[112.3,-7.1]}},{"type":"Feature","properties":{"Line":"S117","Sp":"2756.5","X":"645975.5","Y":"9216800.3","NAMOBJ":"Sukolilo","WADMKC":"Sukodadi","WADMKK":"Lamongan"},"geometry":{"type":"Point","coordinates":[112.3,-7.1]}},{"type":"Feature","properties":{"Line":"S117","Sp":"2760.5","X":"646025.5","Y":"9216800.3","NAMOBJ":"Sukolilo","WADMKC":"Sukodadi","WADMKK":"Lamongan"},"geometry":{"type":"Point","coordinates":[112.3,-7.1]}},{"type":"Feature","properties":{"Line":"S117","Sp":"2764.5","X":"646075.5","Y":"9216800.3","NAMOBJ":"Sukolilo","WADMKC":"Sukodadi","WADMKK":"Lamongan"},"geometry":{"type":"Point","coordinates":[112.3,-7.1]}},{"type":"Feature","properties":{"Line":"S117","Sp":"2768.5","X":"646125.5","Y":"9216800.3","NAMOBJ":"Sukolilo","WADMKC":"Sukodadi","WADMKK":"Lamongan"},"geometry":{"type":"Point","coordinates":[112.3,-7.1]}},{"type":"Feature","properties":{"Line":"S117","Sp":"2772.5","X":"646175.5","Y":"9216800.3","NAMOBJ":"Sukolilo","WADMKC":"Sukodadi","WADMKK":"Lamongan"},"geometry":{"type":"Point","coordinates":[112.3,-7.1]}},{"type":"Feature","properties":{"Line":"S117","Sp":"2776.5","X":"646225.5","Y":"9216800.3","NAMOBJ":"Sukolilo","WADMKC":"Sukodadi","WADMKK":"Lamongan"},"geometry":{"type":"Point","coordinates":[112.3,-7.1]}},{"type":"Feature","properties":{"Line":"S117","Sp":"2780.5","X":"646275.5","Y":"9216800.3","NAMOBJ":"Sukolilo","WADMKC":"Sukodadi","WADMKK":"Lamongan"},"geometry":{"type":"Point","coordinates":[112.3,-7.1]}},{"type":"Feature","properties":{"Line":"S117","Sp":"2784.5","X":"646325.5","Y":"9216800.3","NAMOBJ":"Sukolilo","WADMKC":"Sukodadi","WADMKK":"Lamongan"},"geometry":{"type":"Point","coordinates":[112.3,-7.1]}},{"type":"Feature","properties":{"Line":"S117","Sp":"2788.5","X":"646375.5","Y":"9216800.3","NAMOBJ":"Sukolilo","WADMKC":"Sukodadi","WADMKK":"Lamongan"},"geometry":{"type":"Point","coordinates":[112.3,-7.1]}},{"type":"Feature","properties":{"Line":"S117","Sp":"2792.5","X":"646425.5","Y":"9216800.3","NAMOBJ":"Sukolilo","WADMKC":"Sukodadi","WADMKK":"Lamongan"},"geometry":{"type":"Point","coordinates":[112.3,-7.1]}},{"type":"Feature","properties":{"Line":"S117","Sp":"2796.5","X":"646475.5","Y":"9216800.3","NAMOBJ":"Sukolilo","WADMKC":"Sukodadi","WADMKK":"Lamongan"},"geometry":{"type":"Point","coordinates":[112.3,-7.1]}},{"type":"Feature","properties":{"Line":"S117","Sp":"2800.5","X":"646525.5","Y":"9216800.3","NAMOBJ":"Sukolilo","WADMKC":"Sukodadi","WADMKK":"Lamongan"},"geometry":{"type":"Point","coordinates":[112.3,-7.1]}},{"type":"Feature","properties":{"Line":"S117","Sp":"2804.5","X":"646575.5","Y":"9216800.3","NAMOBJ":"Sukolilo","WADMKC":"Sukodadi","WADMKK":"Lamongan"},"geometry":{"type":"Point","coordinates":[112.3,-7.1]}},{"type":"Feature","properties":{"Line":"S117","Sp":"2808.5","X":"646625.5","Y":"9216800.3","NAMOBJ":"Sukolilo","WADMKC":"Sukodadi","WADMKK":"Lamongan"},"geometry":{"type":"Point","coordinates":[112.3,-7.1]}},{"type":"Feature","properties":{"Line":"S117","Sp":"2812.5","X":"646675.5","Y":"9216800.3","NAMOBJ":"Sukolilo","WADMKC":"Sukodadi","WADMKK":"Lamongan"},"geometry":{"type":"Point","coordinates":[112.3,-7.1]}},{"type":"Feature","properties":{"Line":"S117","Sp":"2816.5","X":"646725.5","Y":"9216800.3","NAMOBJ":"Sukolilo","WADMKC":"Sukodadi","WADMKK":"Lamongan"},"geometry":{"type":"Point","coordinates":[112.3,-7.1]}},{"type":"Feature","properties":{"Line":"S117","Sp":"2820.5","X":"646775.5","Y":"9216800.3","NAMOBJ":"Sukolilo","WADMKC":"Sukodadi","WADMKK":"Lamongan"},"geometry":{"type":"Point","coordinates":[112.3,-7.1]}},{"type":"Feature","properties":{"Line":"S117","Sp":"2824.5","X":"646825.5","Y":"9216800.3","NAMOBJ":"Sukolilo","WADMKC":"Sukodadi","WADMKK":"Lamongan"},"geometry":{"type":"Point","coordinates":[112.3,-7.1]}},{"type":"Feature","properties":{"Line":"S117","Sp":"2828.5","X":"646875.5","Y":"9216800.3","NAMOBJ":"Sukolilo","WADMKC":"Sukodadi","WADMKK":"Lamongan"},"geometry":{"type":"Point","coordinates":[112.3,-7.1]}},{"type":"Feature","properties":{"Line":"S117","Sp":"2832.5","X":"646925.5","Y":"9216800.3","NAMOBJ":"Sukolilo","WADMKC":"Sukodadi","WADMKK":"Lamongan"},"geometry":{"type":"Point","coordinates":[112.3,-7.1]}},{"type":"Feature","properties":{"Line":"S117","Sp":"2836.5","X":"646975.5","Y":"9216800.3","NAMOBJ":"Sukolilo","WADMKC":"Sukodadi","WADMKK":"Lamongan"},"geometry":{"type":"Point","coordinates":[112.3,-7.1]}},{"type":"Feature","properties":{"Line":"S117","Sp":"2840.5","X":"647025.5","Y":"9216800.3","NAMOBJ":"Sukolilo","WADMKC":"Sukodadi","WADMKK":"Lamongan"},"geometry":{"type":"Point","coordinates":[112.3,-7.1]}},{"type":"Feature","properties":{"Line":"S117","Sp":"2844.5","X":"647075.5","Y":"9216800.3","NAMOBJ":"Sukolilo","WADMKC":"Sukodadi","WADMKK":"Lamongan"},"geometry":{"type":"Point","coordinates":[112.3,-7.1]}},{"type":"Feature","properties":{"Line":"S117","Sp":"2848.5","X":"647125.5","Y":"9216800.3","NAMOBJ":"Sukolilo","WADMKC":"Sukodadi","WADMKK":"Lamongan"},"geometry":{"type":"Point","coordinates":[112.3,-7.1]}},{"type":"Feature","properties":{"Line":"S117","Sp":"2852.5","X":"647175.5","Y":"9216800.3","NAMOBJ":"Sukolilo","WADMKC":"Sukodadi","WADMKK":"Lamongan"},"geometry":{"type":"Point","coordinates":[112.3,-7.1]}},{"type":"Feature","properties":{"Line":"S117","Sp":"2856.5","X":"647225.5","Y":"9216800.3","NAMOBJ":"Sukolilo","WADMKC":"Sukodadi","WADMKK":"Lamongan"},"geometry":{"type":"Point","coordinates":[112.3,-7.1]}},{"type":"Feature","properties":{"Line":"S117","Sp":"2860.5","X":"647275.5","Y":"9216800.3","NAMOBJ":"Sukolilo","WADMKC":"Sukodadi","WADMKK":"Lamongan"},"geometry":{"type":"Point","coordinates":[112.3,-7.1]}},{"type":"Feature","properties":{"Line":"S117","Sp":"2864.5","X":"647325.5","Y":"9216800.3","NAMOBJ":"Sukolilo","WADMKC":"Sukodadi","WADMKK":"Lamongan"},"geometry":{"type":"Point","coordinates":[112.3,-7.1]}},{"type":"Feature","properties":{"Line":"S117","Sp":"2868.5","X":"647375.5","Y":"9216800.3","NAMOBJ":"Sukolilo","WADMKC":"Sukodadi","WADMKK":"Lamongan"},"geometry":{"type":"Point","coordinates":[112.3,-7.1]}},{"type":"Feature","properties":{"Line":"S117","Sp":"2872.5","X":"647425.5","Y":"9216800.3","NAMOBJ":"Sukolilo","WADMKC":"Sukodadi","WADMKK":"Lamongan"},"geometry":{"type":"Point","coordinates":[112.3,-7.1]}},{"type":"Feature","properties":{"Line":"S117","Sp":"2876.5","X":"647475.5","Y":"9216800.3","NAMOBJ":"Sukolilo","WADMKC":"Sukodadi","WADMKK":"Lamongan"},"geometry":{"type":"Point","coordinates":[112.3,-7.1]}},{"type":"Feature","properties":{"Line":"S117","Sp":"2880.5","X":"647525.5","Y":"9216800.3","NAMOBJ":"Sukolilo","WADMKC":"Sukodadi","WADMKK":"Lamongan"},"geometry":{"type":"Point","coordinates":[112.3,-7.1]}},{"type":"Feature","properties":{"Line":"S132","Sp":"1796.5","X":"645300.5","Y":"9216925.3","NAMOBJ":"Sukolilo","WADMKC":"Sukodadi","WADMKK":"Lamongan"},"geometry":{"type":"Point","coordinates":[112.3,-7.1]}},{"type":"Feature","properties":{"Line":"S132","Sp":"1800.5","X":"645300.5","Y":"9216875.3","NAMOBJ":"Sukolilo","WADMKC":"Sukodadi","WADMKK":"Lamongan"},"geometry":{"type":"Point","coordinates":[112.3,-7.1]}},{"type":"Feature","properties":{"Line":"S132","Sp":"1804.5","X":"645300.5","Y":"9216825.3","NAMOBJ":"Sukolilo","WADMKC":"Sukodadi","WADMKK":"Lamongan"},"geometry":{"type":"Point","coordinates":[112.3,-7.1]}},{"type":"Feature","properties":{"Line":"S132","Sp":"1808.5","X":"645300.5","Y":"9216775.3","NAMOBJ":"Sukolilo","WADMKC":"Sukodadi","WADMKK":"Lamongan"},"geometry":{"type":"Point","coordinates":[112.3,-7.1]}},{"type":"Feature","properties":{"Line":"S132","Sp":"1812.5","X":"645300.5","Y":"9216725.3","NAMOBJ":"Sukolilo","WADMKC":"Sukodadi","WADMKK":"Lamongan"},"geometry":{"type":"Point","coordinates":[112.3,-7.1]}},{"type":"Feature","properties":{"Line":"S132","Sp":"1816.5","X":"645300.5","Y":"9216675.3","NAMOBJ":"Sukolilo","WADMKC":"Sukodadi","WADMKK":"Lamongan"},"geometry":{"type":"Point","coordinates":[112.3,-7.1]}},{"type":"Feature","properties":{"Line":"S132","Sp":"1820.5","X":"645300.5","Y":"9216625.3","NAMOBJ":"Sukolilo","WADMKC":"Sukodadi","WADMKK":"Lamongan"},"geometry":{"type":"Point","coordinates":[112.3,-7.1]}},{"type":"Feature","properties":{"Line":"S132","Sp":"1824.5","X":"645300.5","Y":"9216575.3","NAMOBJ":"Sukolilo","WADMKC":"Sukodadi","WADMKK":"Lamongan"},"geometry":{"type":"Point","coordinates":[112.3,-7.1]}},{"type":"Feature","properties":{"Line":"S132","Sp":"1828.5","X":"645300.5","Y":"9216525.3","NAMOBJ":"Sukolilo","WADMKC":"Sukodadi","WADMKK":"Lamongan"},"geometry":{"type":"Point","coordinates":[112.3,-7.1]}},{"type":"Feature","properties":{"Line":"S132","Sp":"1832.5","X":"645300.5","Y":"9216475.3","NAMOBJ":"Sukolilo","WADMKC":"Sukodadi","WADMKK":"Lamongan"},"geometry":{"type":"Point","coordinates":[112.3,-7.1]}},{"type":"Feature","properties":{"Line":"S132","Sp":"1836.5","X":"645300.5","Y":"9216425.3","NAMOBJ":"Sukolilo","WADMKC":"Sukodadi","WADMKK":"Lamongan"},"geometry":{"type":"Point","coordinates":[112.3,-7.1]}},{"type":"Feature","properties":{"Line":"S132","Sp":"1840.5","X":"645300.5","Y":"9216375.3","NAMOBJ":"Sukolilo","WADMKC":"Sukodadi","WADMKK":"Lamongan"},"geometry":{"type":"Point","coordinates":[112.3,-7.1]}},{"type":"Feature","properties":{"Line":"S132","Sp":"1844.5","X":"645300.5","Y":"9216325.3","NAMOBJ":"Sukolilo","WADMKC":"Sukodadi","WADMKK":"Lamongan"},"geometry":{"type":"Point","coordinates":[112.3,-7.1]}},{"type":"Feature","properties":{"Line":"S132","Sp":"1848.5","X":"645300.5","Y":"9216275.3","NAMOBJ":"Sukolilo","WADMKC":"Sukodadi","WADMKK":"Lamongan"},"geometry":{"type":"Point","coordinates":[112.3,-7.1]}},{"type":"Feature","properties":{"Line":"S132","Sp":"1852.5","X":"645300.5","Y":"9216225.3","NAMOBJ":"Sukolilo","WADMKC":"Sukodadi","WADMKK":"Lamongan"},"geometry":{"type":"Point","coordinates":[112.3,-7.1]}},{"type":"Feature","properties":{"Line":"S132","Sp":"1856.5","X":"645300.5","Y":"9216175.3","NAMOBJ":"Sukolilo","WADMKC":"Sukodadi","WADMKK":"Lamongan"},"geometry":{"type":"Point","coordinates":[112.3,-7.1]}},{"type":"Feature","properties":{"Line":"S132","Sp":"1860.5","X":"645300.5","Y":"9216125.3","NAMOBJ":"Sukolilo","WADMKC":"Sukodadi","WADMKK":"Lamongan"},"geometry":{"type":"Point","coordinates":[112.3,-7.1]}},{"type":"Feature","properties":{"Line":"S132","Sp":"1864.5","X":"645300.5","Y":"9216075.3","NAMOBJ":"Sukolilo","WADMKC":"Sukodadi","WADMKK":"Lamongan"},"geometry":{"type":"Point","coordinates":[112.3,-7.1]}},{"type":"Feature","properties":{"Line":"S132","Sp":"1868.5","X":"645300.5","Y":"9216025.3","NAMOBJ":"Sukolilo","WADMKC":"Sukodadi","WADMKK":"Lamongan"},"geometry":{"type":"Point","coordinates":[112.3,-7.1]}},{"type":"Feature","properties":{"Line":"S134","Sp":"1756.5","X":"646300.5","Y":"9217425.3","NAMOBJ":"Sukolilo","WADMKC":"Sukodadi","WADMKK":"Lamongan"},"geometry":{"type":"Point","coordinates":[112.3,-7.1]}},{"type":"Feature","properties":{"Line":"S134","Sp":"1760.5","X":"646300.5","Y":"9217375.3","NAMOBJ":"Sukolilo","WADMKC":"Sukodadi","WADMKK":"Lamongan"},"geometry":{"type":"Point","coordinates":[112.3,-7.1]}},{"type":"Feature","properties":{"Line":"S134","Sp":"1764.5","X":"646300.5","Y":"9217325.3","NAMOBJ":"Sukolilo","WADMKC":"Sukodadi","WADMKK":"Lamongan"},"geometry":{"type":"Point","coordinates":[112.3,-7.1]}},{"type":"Feature","properties":{"Line":"S134","Sp":"1768.5","X":"646300.5","Y":"9217275.3","NAMOBJ":"Sukolilo","WADMKC":"Sukodadi","WADMKK":"Lamongan"},"geometry":{"type":"Point","coordinates":[112.3,-7.1]}},{"type":"Feature","properties":{"Line":"S134","Sp":"1772.5","X":"646300.5","Y":"9217225.3","NAMOBJ":"Sukolilo","WADMKC":"Sukodadi","WADMKK":"Lamongan"},"geometry":{"type":"Point","coordinates":[112.3,-7.1]}},{"type":"Feature","properties":{"Line":"S134","Sp":"1776.5","X":"646300.5","Y":"9217175.3","NAMOBJ":"Sukolilo","WADMKC":"Sukodadi","WADMKK":"Lamongan"},"geometry":{"type":"Point","coordinates":[112.3,-7.1]}},{"type":"Feature","properties":{"Line":"S134","Sp":"1780.5","X":"646300.5","Y":"9217125.3","NAMOBJ":"Sukolilo","WADMKC":"Sukodadi","WADMKK":"Lamongan"},"geometry":{"type":"Point","coordinates":[112.3,-7.1]}},{"type":"Feature","properties":{"Line":"S134","Sp":"1784.5","X":"646300.5","Y":"9217075.3","NAMOBJ":"Sukolilo","WADMKC":"Sukodadi","WADMKK":"Lamongan"},"geometry":{"type":"Point","coordinates":[112.3,-7.1]}},{"type":"Feature","properties":{"Line":"S134","Sp":"1788.5","X":"646300.5","Y":"9217025.3","NAMOBJ":"Sukolilo","WADMKC":"Sukodadi","WADMKK":"Lamongan"},"geometry":{"type":"Point","coordinates":[112.3,-7.1]}},{"type":"Feature","properties":{"Line":"S134","Sp":"1792.5","X":"646300.5","Y":"9216975.3","NAMOBJ":"Sukolilo","WADMKC":"Sukodadi","WADMKK":"Lamongan"},"geometry":{"type":"Point","coordinates":[112.3,-7.1]}},{"type":"Feature","properties":{"Line":"S134","Sp":"1796.5","X":"646300.5","Y":"9216925.3","NAMOBJ":"Sukolilo","WADMKC":"Sukodadi","WADMKK":"Lamongan"},"geometry":{"type":"Point","coordinates":[112.3,-7.1]}},{"type":"Feature","properties":{"Line":"S134","Sp":"1800.5","X":"646300.5","Y":"9216875.3","NAMOBJ":"Sukolilo","WADMKC":"Sukodadi","WADMKK":"Lamongan"},"geometry":{"type":"Point","coordinates":[112.3,-7.1]}},{"type":"Feature","properties":{"Line":"S134","Sp":"1804.5","X":"646300.5","Y":"9216825.3","NAMOBJ":"Sukolilo","WADMKC":"Sukodadi","WADMKK":"Lamongan"},"geometry":{"type":"Point","coordinates":[112.3,-7.1]}},{"type":"Feature","properties":{"Line":"S134","Sp":"1808.5","X":"646300.5","Y":"9216775.3","NAMOBJ":"Sukolilo","WADMKC":"Sukodadi","WADMKK":"Lamongan"},"geometry":{"type":"Point","coordinates":[112.3,-7.1]}},{"type":"Feature","properties":{"Line":"S134","Sp":"1812.5","X":"646300.5","Y":"9216725.3","NAMOBJ":"Sukolilo","WADMKC":"Sukodadi","WADMKK":"Lamongan"},"geometry":{"type":"Point","coordinates":[112.3,-7.1]}},{"type":"Feature","properties":{"Line":"S134","Sp":"1816.5","X":"646300.5","Y":"9216675.3","NAMOBJ":"Sukolilo","WADMKC":"Sukodadi","WADMKK":"Lamongan"},"geometry":{"type":"Point","coordinates":[112.3,-7.1]}},{"type":"Feature","properties":{"Line":"S134","Sp":"1820.5","X":"646300.5","Y":"9216625.3","NAMOBJ":"Sukolilo","WADMKC":"Sukodadi","WADMKK":"Lamongan"},"geometry":{"type":"Point","coordinates":[112.3,-7.1]}},{"type":"Feature","properties":{"Line":"S134","Sp":"1824.5","X":"646300.5","Y":"9216575.3","NAMOBJ":"Sukolilo","WADMKC":"Sukodadi","WADMKK":"Lamongan"},"geometry":{"type":"Point","coordinates":[112.3,-7.1]}},{"type":"Feature","properties":{"Line":"S134","Sp":"1828.5","X":"646300.5","Y":"9216525.3","NAMOBJ":"Sukolilo","WADMKC":"Sukodadi","WADMKK":"Lamongan"},"geometry":{"type":"Point","coordinates":[112.3,-7.1]}},{"type":"Feature","properties":{"Line":"S134","Sp":"1832.5","X":"646300.5","Y":"9216475.3","NAMOBJ":"Sukolilo","WADMKC":"Sukodadi","WADMKK":"Lamongan"},"geometry":{"type":"Point","coordinates":[112.3,-7.1]}},{"type":"Feature","properties":{"Line":"S134","Sp":"1836.5","X":"646300.5","Y":"9216425.3","NAMOBJ":"Sukolilo","WADMKC":"Sukodadi","WADMKK":"Lamongan"},"geometry":{"type":"Point","coordinates":[112.3,-7.1]}},{"type":"Feature","properties":{"Line":"S134","Sp":"1840.5","X":"646300.5","Y":"9216375.3","NAMOBJ":"Sukolilo","WADMKC":"Sukodadi","WADMKK":"Lamongan"},"geometry":{"type":"Point","coordinates":[112.3,-7.1]}},{"type":"Feature","properties":{"Line":"S134","Sp":"1844.5","X":"646300.5","Y":"9216325.3","NAMOBJ":"Sukolilo","WADMKC":"Sukodadi","WADMKK":"Lamongan"},"geometry":{"type":"Point","coordinates":[112.3,-7.1]}},{"type":"Feature","properties":{"Line":"S134","Sp":"1848.5","X":"646300.5","Y":"9216275.3","NAMOBJ":"Sukolilo","WADMKC":"Sukodadi","WADMKK":"Lamongan"},"geometry":{"type":"Point","coordinates":[112.3,-7.1]}},{"type":"Feature","properties":{"Line":"S134","Sp":"1852.5","X":"646300.5","Y":"9216225.3","NAMOBJ":"Sukolilo","WADMKC":"Sukodadi","WADMKK":"Lamongan"},"geometry":{"type":"Point","coordinates":[112.3,-7.1]}},{"type":"Feature","properties":{"Line":"S136","Sp":"1784.5","X":"647300.5","Y":"9217075.3","NAMOBJ":"Sukolilo","WADMKC":"Sukodadi","WADMKK":"Lamongan"},"geometry":{"type":"Point","coordinates":[112.3,-7.1]}},{"type":"Feature","properties":{"Line":"S136","Sp":"1788.5","X":"647300.5","Y":"9217025.3","NAMOBJ":"Sukolilo","WADMKC":"Sukodadi","WADMKK":"Lamongan"},"geometry":{"type":"Point","coordinates":[112.3,-7.1]}},{"type":"Feature","properties":{"Line":"S136","Sp":"1792.5","X":"647300.5","Y":"9216975.3","NAMOBJ":"Sukolilo","WADMKC":"Sukodadi","WADMKK":"Lamongan"},"geometry":{"type":"Point","coordinates":[112.3,-7.1]}},{"type":"Feature","properties":{"Line":"S136","Sp":"1796.5","X":"647300.5","Y":"9216925.3","NAMOBJ":"Sukolilo","WADMKC":"Sukodadi","WADMKK":"Lamongan"},"geometry":{"type":"Point","coordinates":[112.3,-7.1]}},{"type":"Feature","properties":{"Line":"S136","Sp":"1800.5","X":"647300.5","Y":"9216875.3","NAMOBJ":"Sukolilo","WADMKC":"Sukodadi","WADMKK":"Lamongan"},"geometry":{"type":"Point","coordinates":[112.3,-7.1]}},{"type":"Feature","properties":{"Line":"S136","Sp":"1804.5","X":"647300.5","Y":"9216825.3","NAMOBJ":"Sukolilo","WADMKC":"Sukodadi","WADMKK":"Lamongan"},"geometry":{"type":"Point","coordinates":[112.3,-7.1]}},{"type":"Feature","properties":{"Line":"S136","Sp":"1808.5","X":"647300.5","Y":"9216775.3","NAMOBJ":"Sukolilo","WADMKC":"Sukodadi","WADMKK":"Lamongan"},"geometry":{"type":"Point","coordinates":[112.3,-7.1]}},{"type":"Feature","properties":{"Line":"S136","Sp":"1812.5","X":"647300.5","Y":"9216725.3","NAMOBJ":"Sukolilo","WADMKC":"Sukodadi","WADMKK":"Lamongan"},"geometry":{"type":"Point","coordinates":[112.3,-7.1]}},{"type":"Feature","properties":{"Line":"S136","Sp":"1816.5","X":"647300.5","Y":"9216675.3","NAMOBJ":"Sukolilo","WADMKC":"Sukodadi","WADMKK":"Lamongan"},"geometry":{"type":"Point","coordinates":[112.3,-7.1]}},{"type":"Feature","properties":{"Line":"S136","Sp":"1820.5","X":"647300.5","Y":"9216625.3","NAMOBJ":"Sukolilo","WADMKC":"Sukodadi","WADMKK":"Lamongan"},"geometry":{"type":"Point","coordinates":[112.3,-7.1]}},{"type":"Feature","properties":{"Line":"S136","Sp":"1824.5","X":"647300.5","Y":"9216575.3","NAMOBJ":"Sukolilo","WADMKC":"Sukodadi","WADMKK":"Lamongan"},"geometry":{"type":"Point","coordinates":[112.3,-7.1]}},{"type":"Feature","properties":{"Line":"S136","Sp":"1828.5","X":"647300.5","Y":"9216525.3","NAMOBJ":"Sukolilo","WADMKC":"Sukodadi","WADMKK":"Lamongan"},"geometry":{"type":"Point","coordinates":[112.3,-7.1]}},{"type":"Feature","properties":{"Line":"S136","Sp":"1832.5","X":"647300.5","Y":"9216475.3","NAMOBJ":"Sukolilo","WADMKC":"Sukodadi","WADMKK":"Lamongan"},"geometry":{"type":"Point","coordinates":[112.3,-7.1]}},{"type":"Feature","properties":{"Line":"S136","Sp":"1836.5","X":"647300.5","Y":"9216425.3","NAMOBJ":"Sukolilo","WADMKC":"Sukodadi","WADMKK":"Lamongan"},"geometry":{"type":"Point","coordinates":[112.3,-7.1]}},{"type":"Feature","properties":{"Line":"S136","Sp":"1840.5","X":"647300.5","Y":"9216375.3","NAMOBJ":"Sukolilo","WADMKC":"Sukodadi","WADMKK":"Lamongan"},"geometry":{"type":"Point","coordinates":[112.3,-7.1]}},{"type":"Feature","properties":{"Line":"S136","Sp":"1844.5","X":"647300.5","Y":"9216325.3","NAMOBJ":"Sukolilo","WADMKC":"Sukodadi","WADMKK":"Lamongan"},"geometry":{"type":"Point","coordinates":[112.3,-7.1]}},{"type":"Feature","properties":{"Line":"S136","Sp":"1848.5","X":"647300.5","Y":"9216275.3","NAMOBJ":"Sukolilo","WADMKC":"Sukodadi","WADMKK":"Lamongan"},"geometry":{"type":"Point","coordinates":[112.3,-7.1]}},{"type":"Feature","properties":{"Line":"S103","Sp":"2720.5","X":"645725.5","Y":"9209800.3","NAMOBJ":"Sumberagung","WADMKC":"Sukodadi","WADMKK":"Lamongan"},"geometry":{"type":"Point","coordinates":[112.3,-7.1]}},{"type":"Feature","properties":{"Line":"S103","Sp":"2724.5","X":"645775.5","Y":"9209800.3","NAMOBJ":"Sumberagung","WADMKC":"Sukodadi","WADMKK":"Lamongan"},"geometry":{"type":"Point","coordinates":[112.3,-7.1]}},{"type":"Feature","properties":{"Line":"S103","Sp":"2728.5","X":"645825.5","Y":"9209800.3","NAMOBJ":"Sumberagung","WADMKC":"Sukodadi","WADMKK":"Lamongan"},"geometry":{"type":"Point","coordinates":[112.3,-7.1]}},{"type":"Feature","properties":{"Line":"S103","Sp":"2732.5","X":"645875.5","Y":"9209800.3","NAMOBJ":"Sumberagung","WADMKC":"Sukodadi","WADMKK":"Lamongan"},"geometry":{"type":"Point","coordinates":[112.3,-7.1]}},{"type":"Feature","properties":{"Line":"S103","Sp":"2736.5","X":"645925.5","Y":"9209800.3","NAMOBJ":"Sumberagung","WADMKC":"Sukodadi","WADMKK":"Lamongan"},"geometry":{"type":"Point","coordinates":[112.3,-7.1]}},{"type":"Feature","properties":{"Line":"S103","Sp":"2740.5","X":"645975.5","Y":"9209800.3","NAMOBJ":"Sumberagung","WADMKC":"Sukodadi","WADMKK":"Lamongan"},"geometry":{"type":"Point","coordinates":[112.3,-7.1]}},{"type":"Feature","properties":{"Line":"S103","Sp":"2744.5","X":"646025.5","Y":"9209800.3","NAMOBJ":"Sumberagung","WADMKC":"Sukodadi","WADMKK":"Lamongan"},"geometry":{"type":"Point","coordinates":[112.3,-7.1]}},{"type":"Feature","properties":{"Line":"S103","Sp":"2748.5","X":"646075.5","Y":"9209800.3","NAMOBJ":"Sumberagung","WADMKC":"Sukodadi","WADMKK":"Lamongan"},"geometry":{"type":"Point","coordinates":[112.3,-7.1]}},{"type":"Feature","properties":{"Line":"S103","Sp":"2752.5","X":"646125.5","Y":"9209800.3","NAMOBJ":"Sumberagung","WADMKC":"Sukodadi","WADMKK":"Lamongan"},"geometry":{"type":"Point","coordinates":[112.3,-7.1]}},{"type":"Feature","properties":{"Line":"S103","Sp":"2756.5","X":"646175.5","Y":"9209800.3","NAMOBJ":"Sumberagung","WADMKC":"Sukodadi","WADMKK":"Lamongan"},"geometry":{"type":"Point","coordinates":[112.3,-7.1]}},{"type":"Feature","properties":{"Line":"S103","Sp":"2760.5","X":"646225.5","Y":"9209800.3","NAMOBJ":"Sumberagung","WADMKC":"Sukodadi","WADMKK":"Lamongan"},"geometry":{"type":"Point","coordinates":[112.3,-7.1]}},{"type":"Feature","properties":{"Line":"S103","Sp":"2764.5","X":"646275.5","Y":"9209800.3","NAMOBJ":"Sumberagung","WADMKC":"Sukodadi","WADMKK":"Lamongan"},"geometry":{"type":"Point","coordinates":[112.3,-7.1]}},{"type":"Feature","properties":{"Line":"S103","Sp":"2768.5","X":"646325.5","Y":"9209800.3","NAMOBJ":"Sumberagung","WADMKC":"Sukodadi","WADMKK":"Lamongan"},"geometry":{"type":"Point","coordinates":[112.3,-7.1]}},{"type":"Feature","properties":{"Line":"S103","Sp":"2772.5","X":"646375.5","Y":"9209800.3","NAMOBJ":"Sumberagung","WADMKC":"Sukodadi","WADMKK":"Lamongan"},"geometry":{"type":"Point","coordinates":[112.3,-7.1]}},{"type":"Feature","properties":{"Line":"S103","Sp":"2776.5","X":"646425.5","Y":"9209800.3","NAMOBJ":"Sumberagung","WADMKC":"Sukodadi","WADMKK":"Lamongan"},"geometry":{"type":"Point","coordinates":[112.3,-7.1]}},{"type":"Feature","properties":{"Line":"S103","Sp":"2780.5","X":"646475.5","Y":"9209800.3","NAMOBJ":"Sumberagung","WADMKC":"Sukodadi","WADMKK":"Lamongan"},"geometry":{"type":"Point","coordinates":[112.3,-7.1]}},{"type":"Feature","properties":{"Line":"S103","Sp":"2784.5","X":"646525.5","Y":"9209800.3","NAMOBJ":"Sumberagung","WADMKC":"Sukodadi","WADMKK":"Lamongan"},"geometry":{"type":"Point","coordinates":[112.3,-7.1]}},{"type":"Feature","properties":{"Line":"S103","Sp":"2788.5","X":"646575.5","Y":"9209800.3","NAMOBJ":"Sumberagung","WADMKC":"Sukodadi","WADMKK":"Lamongan"},"geometry":{"type":"Point","coordinates":[112.3,-7.1]}},{"type":"Feature","properties":{"Line":"S103","Sp":"2792.5","X":"646625.5","Y":"9209800.3","NAMOBJ":"Sumberagung","WADMKC":"Sukodadi","WADMKK":"Lamongan"},"geometry":{"type":"Point","coordinates":[112.3,-7.1]}},{"type":"Feature","properties":{"Line":"S103","Sp":"2796.5","X":"646675.5","Y":"9209800.3","NAMOBJ":"Sumberagung","WADMKC":"Sukodadi","WADMKK":"Lamongan"},"geometry":{"type":"Point","coordinates":[112.3,-7.1]}},{"type":"Feature","properties":{"Line":"S103","Sp":"2800.5","X":"646725.5","Y":"9209800.3","NAMOBJ":"Sumberagung","WADMKC":"Sukodadi","WADMKK":"Lamongan"},"geometry":{"type":"Point","coordinates":[112.3,-7.1]}},{"type":"Feature","properties":{"Line":"S103","Sp":"2804.5","X":"646775.5","Y":"9209800.3","NAMOBJ":"Sumberagung","WADMKC":"Sukodadi","WADMKK":"Lamongan"},"geometry":{"type":"Point","coordinates":[112.3,-7.1]}},{"type":"Feature","properties":{"Line":"S103","Sp":"2808.5","X":"646825.5","Y":"9209800.3","NAMOBJ":"Sumberagung","WADMKC":"Sukodadi","WADMKK":"Lamongan"},"geometry":{"type":"Point","coordinates":[112.3,-7.1]}},{"type":"Feature","properties":{"Line":"S103","Sp":"2812.5","X":"646875.5","Y":"9209800.3","NAMOBJ":"Sumberagung","WADMKC":"Sukodadi","WADMKK":"Lamongan"},"geometry":{"type":"Point","coordinates":[112.3,-7.1]}},{"type":"Feature","properties":{"Line":"S103","Sp":"2816.5","X":"646925.5","Y":"9209800.3","NAMOBJ":"Sumberagung","WADMKC":"Sukodadi","WADMKK":"Lamongan"},"geometry":{"type":"Point","coordinates":[112.3,-7.1]}},{"type":"Feature","properties":{"Line":"S103","Sp":"2820.5","X":"646975.5","Y":"9209800.3","NAMOBJ":"Sumberagung","WADMKC":"Sukodadi","WADMKK":"Lamongan"},"geometry":{"type":"Point","coordinates":[112.3,-7.1]}},{"type":"Feature","properties":{"Line":"S103","Sp":"2824.5","X":"647025.5","Y":"9209800.3","NAMOBJ":"Sumberagung","WADMKC":"Sukodadi","WADMKK":"Lamongan"},"geometry":{"type":"Point","coordinates":[112.3,-7.1]}},{"type":"Feature","properties":{"Line":"S103","Sp":"2828.5","X":"647075.5","Y":"9209800.3","NAMOBJ":"Sumberagung","WADMKC":"Sukodadi","WADMKK":"Lamongan"},"geometry":{"type":"Point","coordinates":[112.3,-7.1]}},{"type":"Feature","properties":{"Line":"S103","Sp":"2832.5","X":"647125.5","Y":"9209800.3","NAMOBJ":"Sumberagung","WADMKC":"Sukodadi","WADMKK":"Lamongan"},"geometry":{"type":"Point","coordinates":[112.3,-7.1]}},{"type":"Feature","properties":{"Line":"S103","Sp":"2836.5","X":"647175.5","Y":"9209800.3","NAMOBJ":"Sumberagung","WADMKC":"Sukodadi","WADMKK":"Lamongan"},"geometry":{"type":"Point","coordinates":[112.3,-7.1]}},{"type":"Feature","properties":{"Line":"S103","Sp":"2840.5","X":"647225.5","Y":"9209800.3","NAMOBJ":"Sumberagung","WADMKC":"Sukodadi","WADMKK":"Lamongan"},"geometry":{"type":"Point","coordinates":[112.3,-7.1]}},{"type":"Feature","properties":{"Line":"S103","Sp":"2844.5","X":"647275.5","Y":"9209800.3","NAMOBJ":"Sumberagung","WADMKC":"Sukodadi","WADMKK":"Lamongan"},"geometry":{"type":"Point","coordinates":[112.3,-7.1]}},{"type":"Feature","properties":{"Line":"S103","Sp":"2848.5","X":"647325.5","Y":"9209800.3","NAMOBJ":"Sumberagung","WADMKC":"Sukodadi","WADMKK":"Lamongan"},"geometry":{"type":"Point","coordinates":[112.3,-7.1]}},{"type":"Feature","properties":{"Line":"S103","Sp":"2852.5","X":"647375.5","Y":"9209800.3","NAMOBJ":"Sumberagung","WADMKC":"Sukodadi","WADMKK":"Lamongan"},"geometry":{"type":"Point","coordinates":[112.3,-7.1]}},{"type":"Feature","properties":{"Line":"S103","Sp":"2856.5","X":"647425.5","Y":"9209800.3","NAMOBJ":"Sumberagung","WADMKC":"Sukodadi","WADMKK":"Lamongan"},"geometry":{"type":"Point","coordinates":[112.3,-7.1]}},{"type":"Feature","properties":{"Line":"S103","Sp":"2860.5","X":"647475.5","Y":"9209800.3","NAMOBJ":"Sumberagung","WADMKC":"Sukodadi","WADMKK":"Lamongan"},"geometry":{"type":"Point","coordinates":[112.3,-7.1]}},{"type":"Feature","properties":{"Line":"S103","Sp":"2864.5","X":"647525.5","Y":"9209800.3","NAMOBJ":"Sumberagung","WADMKC":"Sukodadi","WADMKK":"Lamongan"},"geometry":{"type":"Point","coordinates":[112.3,-7.1]}},{"type":"Feature","properties":{"Line":"S103","Sp":"2868.5","X":"647575.5","Y":"9209800.3","NAMOBJ":"Sumberagung","WADMKC":"Sukodadi","WADMKK":"Lamongan"},"geometry":{"type":"Point","coordinates":[112.3,-7.1]}},{"type":"Feature","properties":{"Line":"S103","Sp":"2872.5","X":"647625.5","Y":"9209800.3","NAMOBJ":"Sumberagung","WADMKC":"Sukodadi","WADMKK":"Lamongan"},"geometry":{"type":"Point","coordinates":[112.3,-7.1]}},{"type":"Feature","properties":{"Line":"S103","Sp":"2876.5","X":"647675.5","Y":"9209800.3","NAMOBJ":"Sumberagung","WADMKC":"Sukodadi","WADMKK":"Lamongan"},"geometry":{"type":"Point","coordinates":[112.3,-7.1]}},{"type":"Feature","properties":{"Line":"S103","Sp":"2880.5","X":"647725.5","Y":"9209800.3","NAMOBJ":"Sumberagung","WADMKC":"Sukodadi","WADMKK":"Lamongan"},"geometry":{"type":"Point","coordinates":[112.3,-7.1]}},{"type":"Feature","properties":{"Line":"S103","Sp":"2884.5","X":"647775.5","Y":"9209800.3","NAMOBJ":"Sumberagung","WADMKC":"Sukodadi","WADMKK":"Lamongan"},"geometry":{"type":"Point","coordinates":[112.3,-7.1]}},{"type":"Feature","properties":{"Line":"S103","Sp":"2888.5","X":"647825.5","Y":"9209800.3","NAMOBJ":"Sumberagung","WADMKC":"Sukodadi","WADMKK":"Lamongan"},"geometry":{"type":"Point","coordinates":[112.3,-7.1]}},{"type":"Feature","properties":{"Line":"S103","Sp":"2892.5","X":"647875.5","Y":"9209800.3","NAMOBJ":"Sumberagung","WADMKC":"Sukodadi","WADMKK":"Lamongan"},"geometry":{"type":"Point","coordinates":[112.3,-7.1]}},{"type":"Feature","properties":{"Line":"S103","Sp":"2896.5","X":"647925.5","Y":"9209800.3","NAMOBJ":"Sumberagung","WADMKC":"Sukodadi","WADMKK":"Lamongan"},"geometry":{"type":"Point","coordinates":[112.3,-7.1]}},{"type":"Feature","properties":{"Line":"S103","Sp":"2900.5","X":"647975.5","Y":"9209800.3","NAMOBJ":"Sumberagung","WADMKC":"Sukodadi","WADMKK":"Lamongan"},"geometry":{"type":"Point","coordinates":[112.3,-7.1]}},{"type":"Feature","properties":{"Line":"S103","Sp":"2904.5","X":"648025.5","Y":"9209800.3","NAMOBJ":"Sumberagung","WADMKC":"Sukodadi","WADMKK":"Lamongan"},"geometry":{"type":"Point","coordinates":[112.3,-7.1]}},{"type":"Feature","properties":{"Line":"S103","Sp":"2908.5","X":"648075.5","Y":"9209800.3","NAMOBJ":"Sumberagung","WADMKC":"Sukodadi","WADMKK":"Lamongan"},"geometry":{"type":"Point","coordinates":[112.3,-7.1]}},{"type":"Feature","properties":{"Line":"S103","Sp":"2912.5","X":"648125.5","Y":"9209800.3","NAMOBJ":"Sumberagung","WADMKC":"Sukodadi","WADMKK":"Lamongan"},"geometry":{"type":"Point","coordinates":[112.3,-7.1]}},{"type":"Feature","properties":{"Line":"S103","Sp":"2916.5","X":"648175.5","Y":"9209800.3","NAMOBJ":"Sumberagung","WADMKC":"Sukodadi","WADMKK":"Lamongan"},"geometry":{"type":"Point","coordinates":[112.3,-7.1]}},{"type":"Feature","properties":{"Line":"S103","Sp":"2920.5","X":"648225.5","Y":"9209800.3","NAMOBJ":"Sumberagung","WADMKC":"Sukodadi","WADMKK":"Lamongan"},"geometry":{"type":"Point","coordinates":[112.3,-7.1]}},{"type":"Feature","properties":{"Line":"S103","Sp":"2924.5","X":"648275.5","Y":"9209800.3","NAMOBJ":"Sumberagung","WADMKC":"Sukodadi","WADMKK":"Lamongan"},"geometry":{"type":"Point","coordinates":[112.3,-7.1]}},{"type":"Feature","properties":{"Line":"S103","Sp":"2928.5","X":"648325.5","Y":"9209800.3","NAMOBJ":"Sumberagung","WADMKC":"Sukodadi","WADMKK":"Lamongan"},"geometry":{"type":"Point","coordinates":[112.3,-7.1]}},{"type":"Feature","properties":{"Line":"S103","Sp":"2932.5","X":"648375.5","Y":"9209800.3","NAMOBJ":"Sumberagung","WADMKC":"Sukodadi","WADMKK":"Lamongan"},"geometry":{"type":"Point","coordinates":[112.3,-7.1]}},{"type":"Feature","properties":{"Line":"S103","Sp":"2936.5","X":"648425.5","Y":"9209800.3","NAMOBJ":"Sumberagung","WADMKC":"Sukodadi","WADMKK":"Lamongan"},"geometry":{"type":"Point","coordinates":[112.3,-7.1]}},{"type":"Feature","properties":{"Line":"S134","Sp":"2356.5","X":"646300.5","Y":"9209925.3","NAMOBJ":"Sumberagung","WADMKC":"Sukodadi","WADMKK":"Lamongan"},"geometry":{"type":"Point","coordinates":[112.3,-7.1]}},{"type":"Feature","properties":{"Line":"S134","Sp":"2360.5","X":"646300.5","Y":"9209875.3","NAMOBJ":"Sumberagung","WADMKC":"Sukodadi","WADMKK":"Lamongan"},"geometry":{"type":"Point","coordinates":[112.3,-7.1]}},{"type":"Feature","properties":{"Line":"S134","Sp":"2364.5","X":"646300.5","Y":"9209825.3","NAMOBJ":"Sumberagung","WADMKC":"Sukodadi","WADMKK":"Lamongan"},"geometry":{"type":"Point","coordinates":[112.3,-7.1]}},{"type":"Feature","properties":{"Line":"S134","Sp":"2368.5","X":"646300.5","Y":"9209775.3","NAMOBJ":"Sumberagung","WADMKC":"Sukodadi","WADMKK":"Lamongan"},"geometry":{"type":"Point","coordinates":[112.3,-7.1]}},{"type":"Feature","properties":{"Line":"S134","Sp":"2372.5","X":"646300.5","Y":"9209725.3","NAMOBJ":"Sumberagung","WADMKC":"Sukodadi","WADMKK":"Lamongan"},"geometry":{"type":"Point","coordinates":[112.3,-7.1]}},{"type":"Feature","properties":{"Line":"S134","Sp":"2376.5","X":"646300.5","Y":"9209675.3","NAMOBJ":"Sumberagung","WADMKC":"Sukodadi","WADMKK":"Lamongan"},"geometry":{"type":"Point","coordinates":[112.3,-7.1]}},{"type":"Feature","properties":{"Line":"S134","Sp":"2380.5","X":"646300.5","Y":"9209625.3","NAMOBJ":"Sumberagung","WADMKC":"Sukodadi","WADMKK":"Lamongan"},"geometry":{"type":"Point","coordinates":[112.3,-7.1]}},{"type":"Feature","properties":{"Line":"S134","Sp":"2384.5","X":"646300.5","Y":"9209575.3","NAMOBJ":"Sumberagung","WADMKC":"Sukodadi","WADMKK":"Lamongan"},"geometry":{"type":"Point","coordinates":[112.3,-7.1]}},{"type":"Feature","properties":{"Line":"S134","Sp":"2388.5","X":"646300.5","Y":"9209525.3","NAMOBJ":"Sumberagung","WADMKC":"Sukodadi","WADMKK":"Lamongan"},"geometry":{"type":"Point","coordinates":[112.3,-7.1]}},{"type":"Feature","properties":{"Line":"S134","Sp":"2392.5","X":"646300.5","Y":"9209475.3","NAMOBJ":"Sumberagung","WADMKC":"Sukodadi","WADMKK":"Lamongan"},"geometry":{"type":"Point","coordinates":[112.3,-7.1]}},{"type":"Feature","properties":{"Line":"S136","Sp":"2340.5","X":"647300.5","Y":"9210125.3","NAMOBJ":"Sumberagung","WADMKC":"Sukodadi","WADMKK":"Lamongan"},"geometry":{"type":"Point","coordinates":[112.3,-7.1]}},{"type":"Feature","properties":{"Line":"S136","Sp":"2344.5","X":"647300.5","Y":"9210075.3","NAMOBJ":"Sumberagung","WADMKC":"Sukodadi","WADMKK":"Lamongan"},"geometry":{"type":"Point","coordinates":[112.3,-7.1]}},{"type":"Feature","properties":{"Line":"S136","Sp":"2348.5","X":"647300.5","Y":"9210025.3","NAMOBJ":"Sumberagung","WADMKC":"Sukodadi","WADMKK":"Lamongan"},"geometry":{"type":"Point","coordinates":[112.3,-7.1]}},{"type":"Feature","properties":{"Line":"S136","Sp":"2352.5","X":"647300.5","Y":"9209975.3","NAMOBJ":"Sumberagung","WADMKC":"Sukodadi","WADMKK":"Lamongan"},"geometry":{"type":"Point","coordinates":[112.3,-7.1]}},{"type":"Feature","properties":{"Line":"S136","Sp":"2356.5","X":"647300.5","Y":"9209925.3","NAMOBJ":"Sumberagung","WADMKC":"Sukodadi","WADMKK":"Lamongan"},"geometry":{"type":"Point","coordinates":[112.3,-7.1]}},{"type":"Feature","properties":{"Line":"S136","Sp":"2360.5","X":"647300.5","Y":"9209875.3","NAMOBJ":"Sumberagung","WADMKC":"Sukodadi","WADMKK":"Lamongan"},"geometry":{"type":"Point","coordinates":[112.3,-7.1]}},{"type":"Feature","properties":{"Line":"S136","Sp":"2364.5","X":"647300.5","Y":"9209825.3","NAMOBJ":"Sumberagung","WADMKC":"Sukodadi","WADMKK":"Lamongan"},"geometry":{"type":"Point","coordinates":[112.3,-7.1]}},{"type":"Feature","properties":{"Line":"S136","Sp":"2368.5","X":"647300.5","Y":"9209775.3","NAMOBJ":"Sumberagung","WADMKC":"Sukodadi","WADMKK":"Lamongan"},"geometry":{"type":"Point","coordinates":[112.3,-7.1]}},{"type":"Feature","properties":{"Line":"S136","Sp":"2372.5","X":"647300.5","Y":"9209725.3","NAMOBJ":"Sumberagung","WADMKC":"Sukodadi","WADMKK":"Lamongan"},"geometry":{"type":"Point","coordinates":[112.3,-7.1]}},{"type":"Feature","properties":{"Line":"S136","Sp":"2376.5","X":"647300.5","Y":"9209675.3","NAMOBJ":"Sumberagung","WADMKC":"Sukodadi","WADMKK":"Lamongan"},"geometry":{"type":"Point","coordinates":[112.3,-7.1]}},{"type":"Feature","properties":{"Line":"S136","Sp":"2380.5","X":"647300.5","Y":"9209625.3","NAMOBJ":"Sumberagung","WADMKC":"Sukodadi","WADMKK":"Lamongan"},"geometry":{"type":"Point","coordinates":[112.3,-7.1]}},{"type":"Feature","properties":{"Line":"S136","Sp":"2384.5","X":"647300.5","Y":"9209575.3","NAMOBJ":"Sumberagung","WADMKC":"Sukodadi","WADMKK":"Lamongan"},"geometry":{"type":"Point","coordinates":[112.3,-7.1]}},{"type":"Feature","properties":{"Line":"S136","Sp":"2388.5","X":"647300.5","Y":"9209525.3","NAMOBJ":"Sumberagung","WADMKC":"Sukodadi","WADMKK":"Lamongan"},"geometry":{"type":"Point","coordinates":[112.3,-7.1]}},{"type":"Feature","properties":{"Line":"S136","Sp":"2392.5","X":"647300.5","Y":"9209475.3","NAMOBJ":"Sumberagung","WADMKC":"Sukodadi","WADMKK":"Lamongan"},"geometry":{"type":"Point","coordinates":[112.3,-7.1]}},{"type":"Feature","properties":{"Line":"S138","Sp":"2364.5","X":"648300.5","Y":"9209825.3","NAMOBJ":"Sumberagung","WADMKC":"Sukodadi","WADMKK":"Lamongan"},"geometry":{"type":"Point","coordinates":[112.3,-7.1]}},{"type":"Feature","properties":{"Line":"S138","Sp":"2368.5","X":"648300.5","Y":"9209775.3","NAMOBJ":"Sumberagung","WADMKC":"Sukodadi","WADMKK":"Lamongan"},"geometry":{"type":"Point","coordinates":[112.3,-7.1]}},{"type":"Feature","properties":{"Line":"S138","Sp":"2372.5","X":"648300.5","Y":"9209725.3","NAMOBJ":"Sumberagung","WADMKC":"Sukodadi","WADMKK":"Lamongan"},"geometry":{"type":"Point","coordinates":[112.3,-7.1]}},{"type":"Feature","properties":{"Line":"S138","Sp":"2376.5","X":"648300.5","Y":"9209675.3","NAMOBJ":"Sumberagung","WADMKC":"Sukodadi","WADMKK":"Lamongan"},"geometry":{"type":"Point","coordinates":[112.3,-7.1]}},{"type":"Feature","properties":{"Line":"S138","Sp":"2380.5","X":"648300.5","Y":"9209625.3","NAMOBJ":"Sumberagung","WADMKC":"Sukodadi","WADMKK":"Lamongan"},"geometry":{"type":"Point","coordinates":[112.3,-7.1]}},{"type":"Feature","properties":{"Line":"S138","Sp":"2384.5","X":"648300.5","Y":"9209575.3","NAMOBJ":"Sumberagung","WADMKC":"Sukodadi","WADMKK":"Lamongan"},"geometry":{"type":"Point","coordinates":[112.3,-7.1]}},{"type":"Feature","properties":{"Line":"S138","Sp":"2388.5","X":"648300.5","Y":"9209525.3","NAMOBJ":"Sumberagung","WADMKC":"Sukodadi","WADMKK":"Lamongan"},"geometry":{"type":"Point","coordinates":[112.3,-7.1]}},{"type":"Feature","properties":{"Line":"S138","Sp":"2392.5","X":"648300.5","Y":"9209475.3","NAMOBJ":"Sumberagung","WADMKC":"Sukodadi","WADMKK":"Lamongan"},"geometry":{"type":"Point","coordinates":[112.3,-7.1]}},{"type":"Feature","properties":{"Line":"S105","Sp":"2820.5","X":"646725.5","Y":"9210800.3","NAMOBJ":"Sumberaji","WADMKC":"Sukodadi","WADMKK":"Lamongan"},"geometry":{"type":"Point","coordinates":[112.3,-7.1]}},{"type":"Feature","properties":{"Line":"S105","Sp":"2824.5","X":"646775.5","Y":"9210800.3","NAMOBJ":"Sumberaji","WADMKC":"Sukodadi","WADMKK":"Lamongan"},"geometry":{"type":"Point","coordinates":[112.3,-7.1]}},{"type":"Feature","properties":{"Line":"S105","Sp":"2828.5","X":"646825.5","Y":"9210800.3","NAMOBJ":"Sumberaji","WADMKC":"Sukodadi","WADMKK":"Lamongan"},"geometry":{"type":"Point","coordinates":[112.3,-7.1]}},{"type":"Feature","properties":{"Line":"S105","Sp":"2832.5","X":"646875.5","Y":"9210800.3","NAMOBJ":"Sumberaji","WADMKC":"Sukodadi","WADMKK":"Lamongan"},"geometry":{"type":"Point","coordinates":[112.3,-7.1]}},{"type":"Feature","properties":{"Line":"S105","Sp":"2836.5","X":"646925.5","Y":"9210800.3","NAMOBJ":"Sumberaji","WADMKC":"Sukodadi","WADMKK":"Lamongan"},"geometry":{"type":"Point","coordinates":[112.3,-7.1]}},{"type":"Feature","properties":{"Line":"S105","Sp":"2840.5","X":"646975.5","Y":"9210800.3","NAMOBJ":"Sumberaji","WADMKC":"Sukodadi","WADMKK":"Lamongan"},"geometry":{"type":"Point","coordinates":[112.3,-7.1]}},{"type":"Feature","properties":{"Line":"S105","Sp":"2844.5","X":"647025.5","Y":"9210800.3","NAMOBJ":"Sumberaji","WADMKC":"Sukodadi","WADMKK":"Lamongan"},"geometry":{"type":"Point","coordinates":[112.3,-7.1]}},{"type":"Feature","properties":{"Line":"S105","Sp":"2848.5","X":"647075.5","Y":"9210800.3","NAMOBJ":"Sumberaji","WADMKC":"Sukodadi","WADMKK":"Lamongan"},"geometry":{"type":"Point","coordinates":[112.3,-7.1]}},{"type":"Feature","properties":{"Line":"S105","Sp":"2852.5","X":"647125.5","Y":"9210800.3","NAMOBJ":"Sumberaji","WADMKC":"Sukodadi","WADMKK":"Lamongan"},"geometry":{"type":"Point","coordinates":[112.3,-7.1]}},{"type":"Feature","properties":{"Line":"S105","Sp":"2856.5","X":"647175.5","Y":"9210800.3","NAMOBJ":"Sumberaji","WADMKC":"Sukodadi","WADMKK":"Lamongan"},"geometry":{"type":"Point","coordinates":[112.3,-7.1]}},{"type":"Feature","properties":{"Line":"S105","Sp":"2860.5","X":"647225.5","Y":"9210800.3","NAMOBJ":"Sumberaji","WADMKC":"Sukodadi","WADMKK":"Lamongan"},"geometry":{"type":"Point","coordinates":[112.3,-7.1]}},{"type":"Feature","properties":{"Line":"S105","Sp":"2864.5","X":"647275.5","Y":"9210800.3","NAMOBJ":"Sumberaji","WADMKC":"Sukodadi","WADMKK":"Lamongan"},"geometry":{"type":"Point","coordinates":[112.3,-7.1]}},{"type":"Feature","properties":{"Line":"S105","Sp":"2868.5","X":"647325.5","Y":"9210800.3","NAMOBJ":"Sumberaji","WADMKC":"Sukodadi","WADMKK":"Lamongan"},"geometry":{"type":"Point","coordinates":[112.3,-7.1]}},{"type":"Feature","properties":{"Line":"S105","Sp":"2872.5","X":"647375.5","Y":"9210800.3","NAMOBJ":"Sumberaji","WADMKC":"Sukodadi","WADMKK":"Lamongan"},"geometry":{"type":"Point","coordinates":[112.3,-7.1]}},{"type":"Feature","properties":{"Line":"S105","Sp":"2876.5","X":"647425.5","Y":"9210800.3","NAMOBJ":"Sumberaji","WADMKC":"Sukodadi","WADMKK":"Lamongan"},"geometry":{"type":"Point","coordinates":[112.3,-7.1]}},{"type":"Feature","properties":{"Line":"S105","Sp":"2880.5","X":"647475.5","Y":"9210800.3","NAMOBJ":"Sumberaji","WADMKC":"Sukodadi","WADMKK":"Lamongan"},"geometry":{"type":"Point","coordinates":[112.3,-7.1]}},{"type":"Feature","properties":{"Line":"S105","Sp":"2884.5","X":"647525.5","Y":"9210800.3","NAMOBJ":"Sumberaji","WADMKC":"Sukodadi","WADMKK":"Lamongan"},"geometry":{"type":"Point","coordinates":[112.3,-7.1]}},{"type":"Feature","properties":{"Line":"S105","Sp":"2888.5","X":"647575.5","Y":"9210800.3","NAMOBJ":"Sumberaji","WADMKC":"Sukodadi","WADMKK":"Lamongan"},"geometry":{"type":"Point","coordinates":[112.3,-7.1]}},{"type":"Feature","properties":{"Line":"S105","Sp":"2892.5","X":"647625.5","Y":"9210800.3","NAMOBJ":"Sumberaji","WADMKC":"Sukodadi","WADMKK":"Lamongan"},"geometry":{"type":"Point","coordinates":[112.3,-7.1]}},{"type":"Feature","properties":{"Line":"S107","Sp":"2764.5","X":"645275.5","Y":"9211800.3","NAMOBJ":"Sumberaji","WADMKC":"Sukodadi","WADMKK":"Lamongan"},"geometry":{"type":"Point","coordinates":[112.3,-7.1]}},{"type":"Feature","properties":{"Line":"S107","Sp":"2768.5","X":"645325.5","Y":"9211800.3","NAMOBJ":"Sumberaji","WADMKC":"Sukodadi","WADMKK":"Lamongan"},"geometry":{"type":"Point","coordinates":[112.3,-7.1]}},{"type":"Feature","properties":{"Line":"S107","Sp":"2772.5","X":"645375.5","Y":"9211800.3","NAMOBJ":"Sumberaji","WADMKC":"Sukodadi","WADMKK":"Lamongan"},"geometry":{"type":"Point","coordinates":[112.3,-7.1]}},{"type":"Feature","properties":{"Line":"S107","Sp":"2776.5","X":"645425.5","Y":"9211800.3","NAMOBJ":"Sumberaji","WADMKC":"Sukodadi","WADMKK":"Lamongan"},"geometry":{"type":"Point","coordinates":[112.3,-7.1]}},{"type":"Feature","properties":{"Line":"S107","Sp":"2780.5","X":"645475.5","Y":"9211800.3","NAMOBJ":"Sumberaji","WADMKC":"Sukodadi","WADMKK":"Lamongan"},"geometry":{"type":"Point","coordinates":[112.3,-7.1]}},{"type":"Feature","properties":{"Line":"S107","Sp":"2784.5","X":"645525.5","Y":"9211800.3","NAMOBJ":"Sumberaji","WADMKC":"Sukodadi","WADMKK":"Lamongan"},"geometry":{"type":"Point","coordinates":[112.3,-7.1]}},{"type":"Feature","properties":{"Line":"S107","Sp":"2788.5","X":"645575.5","Y":"9211800.3","NAMOBJ":"Sumberaji","WADMKC":"Sukodadi","WADMKK":"Lamongan"},"geometry":{"type":"Point","coordinates":[112.3,-7.1]}},{"type":"Feature","properties":{"Line":"S107","Sp":"2792.5","X":"645625.5","Y":"9211800.3","NAMOBJ":"Sumberaji","WADMKC":"Sukodadi","WADMKK":"Lamongan"},"geometry":{"type":"Point","coordinates":[112.3,-7.1]}},{"type":"Feature","properties":{"Line":"S107","Sp":"2796.5","X":"645675.5","Y":"9211800.3","NAMOBJ":"Sumberaji","WADMKC":"Sukodadi","WADMKK":"Lamongan"},"geometry":{"type":"Point","coordinates":[112.3,-7.1]}},{"type":"Feature","properties":{"Line":"S107","Sp":"2800.5","X":"645725.5","Y":"9211800.3","NAMOBJ":"Sumberaji","WADMKC":"Sukodadi","WADMKK":"Lamongan"},"geometry":{"type":"Point","coordinates":[112.3,-7.1]}},{"type":"Feature","properties":{"Line":"S107","Sp":"2804.5","X":"645775.5","Y":"9211800.3","NAMOBJ":"Sumberaji","WADMKC":"Sukodadi","WADMKK":"Lamongan"},"geometry":{"type":"Point","coordinates":[112.3,-7.1]}},{"type":"Feature","properties":{"Line":"S107","Sp":"2808.5","X":"645825.5","Y":"9211800.3","NAMOBJ":"Sumberaji","WADMKC":"Sukodadi","WADMKK":"Lamongan"},"geometry":{"type":"Point","coordinates":[112.3,-7.1]}},{"type":"Feature","properties":{"Line":"S107","Sp":"2812.5","X":"645875.5","Y":"9211800.3","NAMOBJ":"Sumberaji","WADMKC":"Sukodadi","WADMKK":"Lamongan"},"geometry":{"type":"Point","coordinates":[112.3,-7.1]}},{"type":"Feature","properties":{"Line":"S107","Sp":"2816.5","X":"645925.5","Y":"9211800.3","NAMOBJ":"Sumberaji","WADMKC":"Sukodadi","WADMKK":"Lamongan"},"geometry":{"type":"Point","coordinates":[112.3,-7.1]}},{"type":"Feature","properties":{"Line":"S107","Sp":"2820.5","X":"645975.5","Y":"9211800.3","NAMOBJ":"Sumberaji","WADMKC":"Sukodadi","WADMKK":"Lamongan"},"geometry":{"type":"Point","coordinates":[112.3,-7.1]}},{"type":"Feature","properties":{"Line":"S107","Sp":"2824.5","X":"646025.5","Y":"9211800.3","NAMOBJ":"Sumberaji","WADMKC":"Sukodadi","WADMKK":"Lamongan"},"geometry":{"type":"Point","coordinates":[112.3,-7.1]}},{"type":"Feature","properties":{"Line":"S107","Sp":"2828.5","X":"646075.5","Y":"9211800.3","NAMOBJ":"Sumberaji","WADMKC":"Sukodadi","WADMKK":"Lamongan"},"geometry":{"type":"Point","coordinates":[112.3,-7.1]}},{"type":"Feature","properties":{"Line":"S107","Sp":"2832.5","X":"646125.5","Y":"9211800.3","NAMOBJ":"Sumberaji","WADMKC":"Sukodadi","WADMKK":"Lamongan"},"geometry":{"type":"Point","coordinates":[112.3,-7.1]}},{"type":"Feature","properties":{"Line":"S107","Sp":"2836.5","X":"646175.5","Y":"9211800.3","NAMOBJ":"Sumberaji","WADMKC":"Sukodadi","WADMKK":"Lamongan"},"geometry":{"type":"Point","coordinates":[112.3,-7.1]}},{"type":"Feature","properties":{"Line":"S107","Sp":"2840.5","X":"646225.5","Y":"9211800.3","NAMOBJ":"Sumberaji","WADMKC":"Sukodadi","WADMKK":"Lamongan"},"geometry":{"type":"Point","coordinates":[112.3,-7.1]}},{"type":"Feature","properties":{"Line":"S107","Sp":"2844.5","X":"646275.5","Y":"9211800.3","NAMOBJ":"Sumberaji","WADMKC":"Sukodadi","WADMKK":"Lamongan"},"geometry":{"type":"Point","coordinates":[112.3,-7.1]}},{"type":"Feature","properties":{"Line":"S107","Sp":"2848.5","X":"646325.5","Y":"9211800.3","NAMOBJ":"Sumberaji","WADMKC":"Sukodadi","WADMKK":"Lamongan"},"geometry":{"type":"Point","coordinates":[112.3,-7.1]}},{"type":"Feature","properties":{"Line":"S107","Sp":"2852.5","X":"646375.5","Y":"9211800.3","NAMOBJ":"Sumberaji","WADMKC":"Sukodadi","WADMKK":"Lamongan"},"geometry":{"type":"Point","coordinates":[112.3,-7.1]}},{"type":"Feature","properties":{"Line":"S107","Sp":"2856.5","X":"646425.5","Y":"9211800.3","NAMOBJ":"Sumberaji","WADMKC":"Sukodadi","WADMKK":"Lamongan"},"geometry":{"type":"Point","coordinates":[112.3,-7.1]}},{"type":"Feature","properties":{"Line":"S107","Sp":"2860.5","X":"646475.5","Y":"9211800.3","NAMOBJ":"Sumberaji","WADMKC":"Sukodadi","WADMKK":"Lamongan"},"geometry":{"type":"Point","coordinates":[112.3,-7.1]}},{"type":"Feature","properties":{"Line":"S107","Sp":"2864.5","X":"646525.5","Y":"9211800.3","NAMOBJ":"Sumberaji","WADMKC":"Sukodadi","WADMKK":"Lamongan"},"geometry":{"type":"Point","coordinates":[112.3,-7.1]}},{"type":"Feature","properties":{"Line":"S107","Sp":"2868.5","X":"646575.5","Y":"9211800.3","NAMOBJ":"Sumberaji","WADMKC":"Sukodadi","WADMKK":"Lamongan"},"geometry":{"type":"Point","coordinates":[112.3,-7.1]}},{"type":"Feature","properties":{"Line":"S107","Sp":"2872.5","X":"646625.5","Y":"9211800.3","NAMOBJ":"Sumberaji","WADMKC":"Sukodadi","WADMKK":"Lamongan"},"geometry":{"type":"Point","coordinates":[112.3,-7.1]}},{"type":"Feature","properties":{"Line":"S107","Sp":"2876.5","X":"646675.5","Y":"9211800.3","NAMOBJ":"Sumberaji","WADMKC":"Sukodadi","WADMKK":"Lamongan"},"geometry":{"type":"Point","coordinates":[112.3,-7.1]}},{"type":"Feature","properties":{"Line":"S107","Sp":"2880.5","X":"646725.5","Y":"9211800.3","NAMOBJ":"Sumberaji","WADMKC":"Sukodadi","WADMKK":"Lamongan"},"geometry":{"type":"Point","coordinates":[112.3,-7.1]}},{"type":"Feature","properties":{"Line":"S107","Sp":"2884.5","X":"646775.5","Y":"9211800.3","NAMOBJ":"Sumberaji","WADMKC":"Sukodadi","WADMKK":"Lamongan"},"geometry":{"type":"Point","coordinates":[112.3,-7.1]}},{"type":"Feature","properties":{"Line":"S107","Sp":"2888.5","X":"646825.5","Y":"9211800.3","NAMOBJ":"Sumberaji","WADMKC":"Sukodadi","WADMKK":"Lamongan"},"geometry":{"type":"Point","coordinates":[112.3,-7.1]}},{"type":"Feature","properties":{"Line":"S107","Sp":"2892.5","X":"646875.5","Y":"9211800.3","NAMOBJ":"Sumberaji","WADMKC":"Sukodadi","WADMKK":"Lamongan"},"geometry":{"type":"Point","coordinates":[112.3,-7.1]}},{"type":"Feature","properties":{"Line":"S107","Sp":"2896.5","X":"646925.5","Y":"9211800.3","NAMOBJ":"Sumberaji","WADMKC":"Sukodadi","WADMKK":"Lamongan"},"geometry":{"type":"Point","coordinates":[112.3,-7.1]}},{"type":"Feature","properties":{"Line":"S107","Sp":"2900.5","X":"646975.5","Y":"9211800.3","NAMOBJ":"Sumberaji","WADMKC":"Sukodadi","WADMKK":"Lamongan"},"geometry":{"type":"Point","coordinates":[112.3,-7.1]}},{"type":"Feature","properties":{"Line":"S107","Sp":"2904.5","X":"647025.5","Y":"9211800.3","NAMOBJ":"Sumberaji","WADMKC":"Sukodadi","WADMKK":"Lamongan"},"geometry":{"type":"Point","coordinates":[112.3,-7.1]}},{"type":"Feature","properties":{"Line":"S107","Sp":"2908.5","X":"647075.5","Y":"9211800.3","NAMOBJ":"Sumberaji","WADMKC":"Sukodadi","WADMKK":"Lamongan"},"geometry":{"type":"Point","coordinates":[112.3,-7.1]}},{"type":"Feature","properties":{"Line":"S107","Sp":"2912.5","X":"647125.5","Y":"9211800.3","NAMOBJ":"Sumberaji","WADMKC":"Sukodadi","WADMKK":"Lamongan"},"geometry":{"type":"Point","coordinates":[112.3,-7.1]}},{"type":"Feature","properties":{"Line":"S107","Sp":"2916.5","X":"647175.5","Y":"9211800.3","NAMOBJ":"Sumberaji","WADMKC":"Sukodadi","WADMKK":"Lamongan"},"geometry":{"type":"Point","coordinates":[112.3,-7.1]}},{"type":"Feature","properties":{"Line":"S107","Sp":"2920.5","X":"647225.5","Y":"9211800.3","NAMOBJ":"Sumberaji","WADMKC":"Sukodadi","WADMKK":"Lamongan"},"geometry":{"type":"Point","coordinates":[112.3,-7.1]}},{"type":"Feature","properties":{"Line":"S107","Sp":"2924.5","X":"647275.5","Y":"9211800.3","NAMOBJ":"Sumberaji","WADMKC":"Sukodadi","WADMKK":"Lamongan"},"geometry":{"type":"Point","coordinates":[112.3,-7.1]}},{"type":"Feature","properties":{"Line":"S107","Sp":"2928.5","X":"647325.5","Y":"9211800.3","NAMOBJ":"Sumberaji","WADMKC":"Sukodadi","WADMKK":"Lamongan"},"geometry":{"type":"Point","coordinates":[112.3,-7.1]}},{"type":"Feature","properties":{"Line":"S107","Sp":"2932.5","X":"647375.5","Y":"9211800.3","NAMOBJ":"Sumberaji","WADMKC":"Sukodadi","WADMKK":"Lamongan"},"geometry":{"type":"Point","coordinates":[112.3,-7.1]}},{"type":"Feature","properties":{"Line":"S107","Sp":"2936.5","X":"647425.5","Y":"9211800.3","NAMOBJ":"Sumberaji","WADMKC":"Sukodadi","WADMKK":"Lamongan"},"geometry":{"type":"Point","coordinates":[112.3,-7.1]}},{"type":"Feature","properties":{"Line":"S107","Sp":"2940.5","X":"647475.5","Y":"9211800.3","NAMOBJ":"Sumberaji","WADMKC":"Sukodadi","WADMKK":"Lamongan"},"geometry":{"type":"Point","coordinates":[112.3,-7.1]}},{"type":"Feature","properties":{"Line":"S107","Sp":"2944.5","X":"647525.5","Y":"9211800.3","NAMOBJ":"Sumberaji","WADMKC":"Sukodadi","WADMKK":"Lamongan"},"geometry":{"type":"Point","coordinates":[112.3,-7.1]}},{"type":"Feature","properties":{"Line":"S107","Sp":"2948.5","X":"647575.5","Y":"9211800.3","NAMOBJ":"Sumberaji","WADMKC":"Sukodadi","WADMKK":"Lamongan"},"geometry":{"type":"Point","coordinates":[112.3,-7.1]}},{"type":"Feature","properties":{"Line":"S107","Sp":"2952.5","X":"647625.5","Y":"9211800.3","NAMOBJ":"Sumberaji","WADMKC":"Sukodadi","WADMKK":"Lamongan"},"geometry":{"type":"Point","coordinates":[112.3,-7.1]}},{"type":"Feature","properties":{"Line":"S107","Sp":"2956.5","X":"647675.5","Y":"9211800.3","NAMOBJ":"Sumberaji","WADMKC":"Sukodadi","WADMKK":"Lamongan"},"geometry":{"type":"Point","coordinates":[112.3,-7.1]}},{"type":"Feature","properties":{"Line":"S107","Sp":"2960.5","X":"647725.5","Y":"9211800.3","NAMOBJ":"Sumberaji","WADMKC":"Sukodadi","WADMKK":"Lamongan"},"geometry":{"type":"Point","coordinates":[112.3,-7.1]}},{"type":"Feature","properties":{"Line":"S107","Sp":"2964.5","X":"647775.5","Y":"9211800.3","NAMOBJ":"Sumberaji","WADMKC":"Sukodadi","WADMKK":"Lamongan"},"geometry":{"type":"Point","coordinates":[112.3,-7.1]}},{"type":"Feature","properties":{"Line":"S132","Sp":"2148.5","X":"645300.5","Y":"9212525.3","NAMOBJ":"Sumberaji","WADMKC":"Sukodadi","WADMKK":"Lamongan"},"geometry":{"type":"Point","coordinates":[112.3,-7.1]}},{"type":"Feature","properties":{"Line":"S132","Sp":"2152.5","X":"645300.5","Y":"9212475.3","NAMOBJ":"Sumberaji","WADMKC":"Sukodadi","WADMKK":"Lamongan"},"geometry":{"type":"Point","coordinates":[112.3,-7.1]}},{"type":"Feature","properties":{"Line":"S132","Sp":"2156.5","X":"645300.5","Y":"9212425.3","NAMOBJ":"Sumberaji","WADMKC":"Sukodadi","WADMKK":"Lamongan"},"geometry":{"type":"Point","coordinates":[112.3,-7.1]}},{"type":"Feature","properties":{"Line":"S132","Sp":"2160.5","X":"645300.5","Y":"9212375.3","NAMOBJ":"Sumberaji","WADMKC":"Sukodadi","WADMKK":"Lamongan"},"geometry":{"type":"Point","coordinates":[112.3,-7.1]}},{"type":"Feature","properties":{"Line":"S132","Sp":"2176.5","X":"645300.5","Y":"9212175.3","NAMOBJ":"Sumberaji","WADMKC":"Sukodadi","WADMKK":"Lamongan"},"geometry":{"type":"Point","coordinates":[112.3,-7.1]}},{"type":"Feature","properties":{"Line":"S132","Sp":"2180.5","X":"645300.5","Y":"9212125.3","NAMOBJ":"Sumberaji","WADMKC":"Sukodadi","WADMKK":"Lamongan"},"geometry":{"type":"Point","coordinates":[112.3,-7.1]}},{"type":"Feature","properties":{"Line":"S132","Sp":"2184.5","X":"645300.5","Y":"9212075.3","NAMOBJ":"Sumberaji","WADMKC":"Sukodadi","WADMKK":"Lamongan"},"geometry":{"type":"Point","coordinates":[112.3,-7.1]}},{"type":"Feature","properties":{"Line":"S132","Sp":"2188.5","X":"645300.5","Y":"9212025.3","NAMOBJ":"Sumberaji","WADMKC":"Sukodadi","WADMKK":"Lamongan"},"geometry":{"type":"Point","coordinates":[112.3,-7.1]}},{"type":"Feature","properties":{"Line":"S132","Sp":"2192.5","X":"645300.5","Y":"9211975.3","NAMOBJ":"Sumberaji","WADMKC":"Sukodadi","WADMKK":"Lamongan"},"geometry":{"type":"Point","coordinates":[112.3,-7.1]}},{"type":"Feature","properties":{"Line":"S132","Sp":"2196.5","X":"645300.5","Y":"9211925.3","NAMOBJ":"Sumberaji","WADMKC":"Sukodadi","WADMKK":"Lamongan"},"geometry":{"type":"Point","coordinates":[112.3,-7.1]}},{"type":"Feature","properties":{"Line":"S132","Sp":"2200.5","X":"645300.5","Y":"9211875.3","NAMOBJ":"Sumberaji","WADMKC":"Sukodadi","WADMKK":"Lamongan"},"geometry":{"type":"Point","coordinates":[112.3,-7.1]}},{"type":"Feature","properties":{"Line":"S132","Sp":"2204.5","X":"645300.5","Y":"9211825.3","NAMOBJ":"Sumberaji","WADMKC":"Sukodadi","WADMKK":"Lamongan"},"geometry":{"type":"Point","coordinates":[112.3,-7.1]}},{"type":"Feature","properties":{"Line":"S132","Sp":"2208.5","X":"645300.5","Y":"9211775.3","NAMOBJ":"Sumberaji","WADMKC":"Sukodadi","WADMKK":"Lamongan"},"geometry":{"type":"Point","coordinates":[112.3,-7.1]}},{"type":"Feature","properties":{"Line":"S132","Sp":"2212.5","X":"645300.5","Y":"9211725.3","NAMOBJ":"Sumberaji","WADMKC":"Sukodadi","WADMKK":"Lamongan"},"geometry":{"type":"Point","coordinates":[112.3,-7.1]}},{"type":"Feature","properties":{"Line":"S132","Sp":"2216.5","X":"645300.5","Y":"9211675.3","NAMOBJ":"Sumberaji","WADMKC":"Sukodadi","WADMKK":"Lamongan"},"geometry":{"type":"Point","coordinates":[112.3,-7.1]}},{"type":"Feature","properties":{"Line":"S132","Sp":"2220.5","X":"645300.5","Y":"9211625.3","NAMOBJ":"Sumberaji","WADMKC":"Sukodadi","WADMKK":"Lamongan"},"geometry":{"type":"Point","coordinates":[112.3,-7.1]}},{"type":"Feature","properties":{"Line":"S134","Sp":"2176.5","X":"646300.5","Y":"9212175.3","NAMOBJ":"Sumberaji","WADMKC":"Sukodadi","WADMKK":"Lamongan"},"geometry":{"type":"Point","coordinates":[112.3,-7.1]}},{"type":"Feature","properties":{"Line":"S134","Sp":"2180.5","X":"646300.5","Y":"9212125.3","NAMOBJ":"Sumberaji","WADMKC":"Sukodadi","WADMKK":"Lamongan"},"geometry":{"type":"Point","coordinates":[112.3,-7.1]}},{"type":"Feature","properties":{"Line":"S134","Sp":"2184.5","X":"646300.5","Y":"9212075.3","NAMOBJ":"Sumberaji","WADMKC":"Sukodadi","WADMKK":"Lamongan"},"geometry":{"type":"Point","coordinates":[112.3,-7.1]}},{"type":"Feature","properties":{"Line":"S134","Sp":"2188.5","X":"646300.5","Y":"9212025.3","NAMOBJ":"Sumberaji","WADMKC":"Sukodadi","WADMKK":"Lamongan"},"geometry":{"type":"Point","coordinates":[112.3,-7.1]}},{"type":"Feature","properties":{"Line":"S134","Sp":"2192.5","X":"646300.5","Y":"9211975.3","NAMOBJ":"Sumberaji","WADMKC":"Sukodadi","WADMKK":"Lamongan"},"geometry":{"type":"Point","coordinates":[112.3,-7.1]}},{"type":"Feature","properties":{"Line":"S134","Sp":"2196.5","X":"646300.5","Y":"9211925.3","NAMOBJ":"Sumberaji","WADMKC":"Sukodadi","WADMKK":"Lamongan"},"geometry":{"type":"Point","coordinates":[112.3,-7.1]}},{"type":"Feature","properties":{"Line":"S134","Sp":"2200.5","X":"646300.5","Y":"9211875.3","NAMOBJ":"Sumberaji","WADMKC":"Sukodadi","WADMKK":"Lamongan"},"geometry":{"type":"Point","coordinates":[112.3,-7.1]}},{"type":"Feature","properties":{"Line":"S134","Sp":"2204.5","X":"646300.5","Y":"9211825.3","NAMOBJ":"Sumberaji","WADMKC":"Sukodadi","WADMKK":"Lamongan"},"geometry":{"type":"Point","coordinates":[112.3,-7.1]}},{"type":"Feature","properties":{"Line":"S134","Sp":"2208.5","X":"646300.5","Y":"9211775.3","NAMOBJ":"Sumberaji","WADMKC":"Sukodadi","WADMKK":"Lamongan"},"geometry":{"type":"Point","coordinates":[112.3,-7.1]}},{"type":"Feature","properties":{"Line":"S134","Sp":"2212.5","X":"646300.5","Y":"9211725.3","NAMOBJ":"Sumberaji","WADMKC":"Sukodadi","WADMKK":"Lamongan"},"geometry":{"type":"Point","coordinates":[112.3,-7.1]}},{"type":"Feature","properties":{"Line":"S134","Sp":"2216.5","X":"646300.5","Y":"9211675.3","NAMOBJ":"Sumberaji","WADMKC":"Sukodadi","WADMKK":"Lamongan"},"geometry":{"type":"Point","coordinates":[112.3,-7.1]}},{"type":"Feature","properties":{"Line":"S134","Sp":"2220.5","X":"646300.5","Y":"9211625.3","NAMOBJ":"Sumberaji","WADMKC":"Sukodadi","WADMKK":"Lamongan"},"geometry":{"type":"Point","coordinates":[112.3,-7.1]}},{"type":"Feature","properties":{"Line":"S134","Sp":"2224.5","X":"646300.5","Y":"9211575.3","NAMOBJ":"Sumberaji","WADMKC":"Sukodadi","WADMKK":"Lamongan"},"geometry":{"type":"Point","coordinates":[112.3,-7.1]}},{"type":"Feature","properties":{"Line":"S134","Sp":"2228.5","X":"646300.5","Y":"9211525.3","NAMOBJ":"Sumberaji","WADMKC":"Sukodadi","WADMKK":"Lamongan"},"geometry":{"type":"Point","coordinates":[112.3,-7.1]}},{"type":"Feature","properties":{"Line":"S134","Sp":"2232.5","X":"646300.5","Y":"9211475.3","NAMOBJ":"Sumberaji","WADMKC":"Sukodadi","WADMKK":"Lamongan"},"geometry":{"type":"Point","coordinates":[112.3,-7.1]}},{"type":"Feature","properties":{"Line":"S134","Sp":"2236.5","X":"646300.5","Y":"9211425.3","NAMOBJ":"Sumberaji","WADMKC":"Sukodadi","WADMKK":"Lamongan"},"geometry":{"type":"Point","coordinates":[112.3,-7.1]}},{"type":"Feature","properties":{"Line":"S134","Sp":"2240.5","X":"646300.5","Y":"9211375.3","NAMOBJ":"Sumberaji","WADMKC":"Sukodadi","WADMKK":"Lamongan"},"geometry":{"type":"Point","coordinates":[112.3,-7.1]}},{"type":"Feature","properties":{"Line":"S134","Sp":"2244.5","X":"646300.5","Y":"9211325.3","NAMOBJ":"Sumberaji","WADMKC":"Sukodadi","WADMKK":"Lamongan"},"geometry":{"type":"Point","coordinates":[112.3,-7.1]}},{"type":"Feature","properties":{"Line":"S134","Sp":"2248.5","X":"646300.5","Y":"9211275.3","NAMOBJ":"Sumberaji","WADMKC":"Sukodadi","WADMKK":"Lamongan"},"geometry":{"type":"Point","coordinates":[112.3,-7.1]}},{"type":"Feature","properties":{"Line":"S134","Sp":"2252.5","X":"646300.5","Y":"9211225.3","NAMOBJ":"Sumberaji","WADMKC":"Sukodadi","WADMKK":"Lamongan"},"geometry":{"type":"Point","coordinates":[112.3,-7.1]}},{"type":"Feature","properties":{"Line":"S134","Sp":"2256.5","X":"646300.5","Y":"9211175.3","NAMOBJ":"Sumberaji","WADMKC":"Sukodadi","WADMKK":"Lamongan"},"geometry":{"type":"Point","coordinates":[112.3,-7.1]}},{"type":"Feature","properties":{"Line":"S136","Sp":"2200.5","X":"647300.5","Y":"9211875.3","NAMOBJ":"Sumberaji","WADMKC":"Sukodadi","WADMKK":"Lamongan"},"geometry":{"type":"Point","coordinates":[112.3,-7.1]}},{"type":"Feature","properties":{"Line":"S136","Sp":"2204.5","X":"647300.5","Y":"9211825.3","NAMOBJ":"Sumberaji","WADMKC":"Sukodadi","WADMKK":"Lamongan"},"geometry":{"type":"Point","coordinates":[112.3,-7.1]}},{"type":"Feature","properties":{"Line":"S136","Sp":"2208.5","X":"647300.5","Y":"9211775.3","NAMOBJ":"Sumberaji","WADMKC":"Sukodadi","WADMKK":"Lamongan"},"geometry":{"type":"Point","coordinates":[112.3,-7.1]}},{"type":"Feature","properties":{"Line":"S136","Sp":"2212.5","X":"647300.5","Y":"9211725.3","NAMOBJ":"Sumberaji","WADMKC":"Sukodadi","WADMKK":"Lamongan"},"geometry":{"type":"Point","coordinates":[112.3,-7.1]}},{"type":"Feature","properties":{"Line":"S136","Sp":"2216.5","X":"647300.5","Y":"9211675.3","NAMOBJ":"Sumberaji","WADMKC":"Sukodadi","WADMKK":"Lamongan"},"geometry":{"type":"Point","coordinates":[112.3,-7.1]}},{"type":"Feature","properties":{"Line":"S136","Sp":"2220.5","X":"647300.5","Y":"9211625.3","NAMOBJ":"Sumberaji","WADMKC":"Sukodadi","WADMKK":"Lamongan"},"geometry":{"type":"Point","coordinates":[112.3,-7.1]}},{"type":"Feature","properties":{"Line":"S136","Sp":"2224.5","X":"647300.5","Y":"9211575.3","NAMOBJ":"Sumberaji","WADMKC":"Sukodadi","WADMKK":"Lamongan"},"geometry":{"type":"Point","coordinates":[112.3,-7.1]}},{"type":"Feature","properties":{"Line":"S136","Sp":"2228.5","X":"647300.5","Y":"9211525.3","NAMOBJ":"Sumberaji","WADMKC":"Sukodadi","WADMKK":"Lamongan"},"geometry":{"type":"Point","coordinates":[112.3,-7.1]}},{"type":"Feature","properties":{"Line":"S136","Sp":"2232.5","X":"647300.5","Y":"9211475.3","NAMOBJ":"Sumberaji","WADMKC":"Sukodadi","WADMKK":"Lamongan"},"geometry":{"type":"Point","coordinates":[112.3,-7.1]}},{"type":"Feature","properties":{"Line":"S136","Sp":"2236.5","X":"647300.5","Y":"9211425.3","NAMOBJ":"Sumberaji","WADMKC":"Sukodadi","WADMKK":"Lamongan"},"geometry":{"type":"Point","coordinates":[112.3,-7.1]}},{"type":"Feature","properties":{"Line":"S136","Sp":"2240.5","X":"647300.5","Y":"9211375.3","NAMOBJ":"Sumberaji","WADMKC":"Sukodadi","WADMKK":"Lamongan"},"geometry":{"type":"Point","coordinates":[112.3,-7.1]}},{"type":"Feature","properties":{"Line":"S136","Sp":"2244.5","X":"647300.5","Y":"9211325.3","NAMOBJ":"Sumberaji","WADMKC":"Sukodadi","WADMKK":"Lamongan"},"geometry":{"type":"Point","coordinates":[112.3,-7.1]}},{"type":"Feature","properties":{"Line":"S136","Sp":"2248.5","X":"647300.5","Y":"9211275.3","NAMOBJ":"Sumberaji","WADMKC":"Sukodadi","WADMKK":"Lamongan"},"geometry":{"type":"Point","coordinates":[112.3,-7.1]}},{"type":"Feature","properties":{"Line":"S136","Sp":"2252.5","X":"647300.5","Y":"9211225.3","NAMOBJ":"Sumberaji","WADMKC":"Sukodadi","WADMKK":"Lamongan"},"geometry":{"type":"Point","coordinates":[112.3,-7.1]}},{"type":"Feature","properties":{"Line":"S136","Sp":"2256.5","X":"647300.5","Y":"9211175.3","NAMOBJ":"Sumberaji","WADMKC":"Sukodadi","WADMKK":"Lamongan"},"geometry":{"type":"Point","coordinates":[112.3,-7.1]}},{"type":"Feature","properties":{"Line":"S136","Sp":"2260.5","X":"647300.5","Y":"9211125.3","NAMOBJ":"Sumberaji","WADMKC":"Sukodadi","WADMKK":"Lamongan"},"geometry":{"type":"Point","coordinates":[112.3,-7.1]}},{"type":"Feature","properties":{"Line":"S136","Sp":"2264.5","X":"647300.5","Y":"9211075.3","NAMOBJ":"Sumberaji","WADMKC":"Sukodadi","WADMKK":"Lamongan"},"geometry":{"type":"Point","coordinates":[112.3,-7.1]}},{"type":"Feature","properties":{"Line":"S136","Sp":"2268.5","X":"647300.5","Y":"9211025.3","NAMOBJ":"Sumberaji","WADMKC":"Sukodadi","WADMKK":"Lamongan"},"geometry":{"type":"Point","coordinates":[112.3,-7.1]}},{"type":"Feature","properties":{"Line":"S136","Sp":"2272.5","X":"647300.5","Y":"9210975.3","NAMOBJ":"Sumberaji","WADMKC":"Sukodadi","WADMKK":"Lamongan"},"geometry":{"type":"Point","coordinates":[112.3,-7.1]}},{"type":"Feature","properties":{"Line":"S136","Sp":"2276.5","X":"647300.5","Y":"9210925.3","NAMOBJ":"Sumberaji","WADMKC":"Sukodadi","WADMKK":"Lamongan"},"geometry":{"type":"Point","coordinates":[112.3,-7.1]}},{"type":"Feature","properties":{"Line":"S136","Sp":"2280.5","X":"647300.5","Y":"9210875.3","NAMOBJ":"Sumberaji","WADMKC":"Sukodadi","WADMKK":"Lamongan"},"geometry":{"type":"Point","coordinates":[112.3,-7.1]}},{"type":"Feature","properties":{"Line":"S136","Sp":"2284.5","X":"647300.5","Y":"9210825.3","NAMOBJ":"Sumberaji","WADMKC":"Sukodadi","WADMKK":"Lamongan"},"geometry":{"type":"Point","coordinates":[112.3,-7.1]}},{"type":"Feature","properties":{"Line":"S136","Sp":"2288.5","X":"647300.5","Y":"9210775.3","NAMOBJ":"Sumberaji","WADMKC":"Sukodadi","WADMKK":"Lamongan"},"geometry":{"type":"Point","coordinates":[112.3,-7.1]}},{"type":"Feature","properties":{"Line":"S136","Sp":"2292.5","X":"647300.5","Y":"9210725.3","NAMOBJ":"Sumberaji","WADMKC":"Sukodadi","WADMKK":"Lamongan"},"geometry":{"type":"Point","coordinates":[112.3,-7.1]}},{"type":"Feature","properties":{"Line":"S136","Sp":"2296.5","X":"647300.5","Y":"9210675.3","NAMOBJ":"Sumberaji","WADMKC":"Sukodadi","WADMKK":"Lamongan"},"geometry":{"type":"Point","coordinates":[112.3,-7.1]}},{"type":"Feature","properties":{"Line":"S136","Sp":"2300.5","X":"647300.5","Y":"9210625.3","NAMOBJ":"Sumberaji","WADMKC":"Sukodadi","WADMKK":"Lamongan"},"geometry":{"type":"Point","coordinates":[112.3,-7.1]}},{"type":"Feature","properties":{"Line":"S136","Sp":"2304.5","X":"647300.5","Y":"9210575.3","NAMOBJ":"Sumberaji","WADMKC":"Sukodadi","WADMKK":"Lamongan"},"geometry":{"type":"Point","coordinates":[112.3,-7.1]}},{"type":"Feature","properties":{"Line":"S136","Sp":"2308.5","X":"647300.5","Y":"9210525.3","NAMOBJ":"Sumberaji","WADMKC":"Sukodadi","WADMKK":"Lamongan"},"geometry":{"type":"Point","coordinates":[112.3,-7.1]}},{"type":"Feature","properties":{"Line":"S136","Sp":"2312.5","X":"647300.5","Y":"9210475.3","NAMOBJ":"Sumberaji","WADMKC":"Sukodadi","WADMKK":"Lamongan"},"geometry":{"type":"Point","coordinates":[112.3,-7.1]}},{"type":"Feature","properties":{"Line":"S136","Sp":"2316.5","X":"647300.5","Y":"9210425.3","NAMOBJ":"Sumberaji","WADMKC":"Sukodadi","WADMKK":"Lamongan"},"geometry":{"type":"Point","coordinates":[112.3,-7.1]}},{"type":"Feature","properties":{"Line":"S136","Sp":"2320.5","X":"647300.5","Y":"9210375.3","NAMOBJ":"Sumberaji","WADMKC":"Sukodadi","WADMKK":"Lamongan"},"geometry":{"type":"Point","coordinates":[112.3,-7.1]}},{"type":"Feature","properties":{"Line":"S136","Sp":"2324.5","X":"647300.5","Y":"9210325.3","NAMOBJ":"Sumberaji","WADMKC":"Sukodadi","WADMKK":"Lamongan"},"geometry":{"type":"Point","coordinates":[112.3,-7.1]}},{"type":"Feature","properties":{"Line":"S136","Sp":"2328.5","X":"647300.5","Y":"9210275.3","NAMOBJ":"Sumberaji","WADMKC":"Sukodadi","WADMKK":"Lamongan"},"geometry":{"type":"Point","coordinates":[112.3,-7.1]}},{"type":"Feature","properties":{"Line":"S136","Sp":"2332.5","X":"647300.5","Y":"9210225.3","NAMOBJ":"Sumberaji","WADMKC":"Sukodadi","WADMKK":"Lamongan"},"geometry":{"type":"Point","coordinates":[112.3,-7.1]}},{"type":"Feature","properties":{"Line":"S136","Sp":"2336.5","X":"647300.5","Y":"9210175.3","NAMOBJ":"Sumberaji","WADMKC":"Sukodadi","WADMKK":"Lamongan"},"geometry":{"type":"Point","coordinates":[112.3,-7.1]}},{"type":"Feature","properties":{"Line":"S107","Sp":"2584.5","X":"643025.5","Y":"9211800.3","NAMOBJ":"Sumberjo","WADMKC":"Pucuk","WADMKK":"Lamongan"},"geometry":{"type":"Point","coordinates":[112.3,-7.1]}},{"type":"Feature","properties":{"Line":"S107","Sp":"2588.5","X":"643075.5","Y":"9211800.3","NAMOBJ":"Sumberjo","WADMKC":"Pucuk","WADMKK":"Lamongan"},"geometry":{"type":"Point","coordinates":[112.3,-7.1]}},{"type":"Feature","properties":{"Line":"S107","Sp":"2592.5","X":"643125.5","Y":"9211800.3","NAMOBJ":"Sumberjo","WADMKC":"Pucuk","WADMKK":"Lamongan"},"geometry":{"type":"Point","coordinates":[112.3,-7.1]}},{"type":"Feature","properties":{"Line":"S107","Sp":"2596.5","X":"643175.5","Y":"9211800.3","NAMOBJ":"Sumberjo","WADMKC":"Pucuk","WADMKK":"Lamongan"},"geometry":{"type":"Point","coordinates":[112.3,-7.1]}},{"type":"Feature","properties":{"Line":"S107","Sp":"2600.5","X":"643225.5","Y":"9211800.3","NAMOBJ":"Sumberjo","WADMKC":"Pucuk","WADMKK":"Lamongan"},"geometry":{"type":"Point","coordinates":[112.3,-7.1]}},{"type":"Feature","properties":{"Line":"S107","Sp":"2604.5","X":"643275.5","Y":"9211800.3","NAMOBJ":"Sumberjo","WADMKC":"Pucuk","WADMKK":"Lamongan"},"geometry":{"type":"Point","coordinates":[112.3,-7.1]}},{"type":"Feature","properties":{"Line":"S107","Sp":"2608.5","X":"643325.5","Y":"9211800.3","NAMOBJ":"Sumberjo","WADMKC":"Pucuk","WADMKK":"Lamongan"},"geometry":{"type":"Point","coordinates":[112.3,-7.1]}},{"type":"Feature","properties":{"Line":"S107","Sp":"2612.5","X":"643375.5","Y":"9211800.3","NAMOBJ":"Sumberjo","WADMKC":"Pucuk","WADMKK":"Lamongan"},"geometry":{"type":"Point","coordinates":[112.3,-7.1]}},{"type":"Feature","properties":{"Line":"S107","Sp":"2616.5","X":"643425.5","Y":"9211800.3","NAMOBJ":"Sumberjo","WADMKC":"Pucuk","WADMKK":"Lamongan"},"geometry":{"type":"Point","coordinates":[112.3,-7.1]}},{"type":"Feature","properties":{"Line":"S107","Sp":"2620.5","X":"643475.5","Y":"9211800.3","NAMOBJ":"Sumberjo","WADMKC":"Pucuk","WADMKK":"Lamongan"},"geometry":{"type":"Point","coordinates":[112.3,-7.1]}},{"type":"Feature","properties":{"Line":"S107","Sp":"2624.5","X":"643525.5","Y":"9211800.3","NAMOBJ":"Sumberjo","WADMKC":"Pucuk","WADMKK":"Lamongan"},"geometry":{"type":"Point","coordinates":[112.3,-7.1]}},{"type":"Feature","properties":{"Line":"S107","Sp":"2628.5","X":"643575.5","Y":"9211800.3","NAMOBJ":"Sumberjo","WADMKC":"Pucuk","WADMKK":"Lamongan"},"geometry":{"type":"Point","coordinates":[112.3,-7.1]}},{"type":"Feature","properties":{"Line":"S107","Sp":"2632.5","X":"643625.5","Y":"9211800.3","NAMOBJ":"Sumberjo","WADMKC":"Pucuk","WADMKK":"Lamongan"},"geometry":{"type":"Point","coordinates":[112.3,-7.1]}},{"type":"Feature","properties":{"Line":"S107","Sp":"2636.5","X":"643675.5","Y":"9211800.3","NAMOBJ":"Sumberjo","WADMKC":"Pucuk","WADMKK":"Lamongan"},"geometry":{"type":"Point","coordinates":[112.3,-7.1]}},{"type":"Feature","properties":{"Line":"S107","Sp":"2640.5","X":"643725.5","Y":"9211800.3","NAMOBJ":"Sumberjo","WADMKC":"Pucuk","WADMKK":"Lamongan"},"geometry":{"type":"Point","coordinates":[112.3,-7.1]}},{"type":"Feature","properties":{"Line":"S107","Sp":"2644.5","X":"643775.5","Y":"9211800.3","NAMOBJ":"Sumberjo","WADMKC":"Pucuk","WADMKK":"Lamongan"},"geometry":{"type":"Point","coordinates":[112.3,-7.1]}},{"type":"Feature","properties":{"Line":"S107","Sp":"2648.5","X":"643825.5","Y":"9211800.3","NAMOBJ":"Sumberjo","WADMKC":"Pucuk","WADMKK":"Lamongan"},"geometry":{"type":"Point","coordinates":[112.3,-7.1]}},{"type":"Feature","properties":{"Line":"S107","Sp":"2652.5","X":"643875.5","Y":"9211800.3","NAMOBJ":"Sumberjo","WADMKC":"Pucuk","WADMKK":"Lamongan"},"geometry":{"type":"Point","coordinates":[112.3,-7.1]}},{"type":"Feature","properties":{"Line":"S107","Sp":"2656.5","X":"643925.5","Y":"9211800.3","NAMOBJ":"Sumberjo","WADMKC":"Pucuk","WADMKK":"Lamongan"},"geometry":{"type":"Point","coordinates":[112.3,-7.1]}},{"type":"Feature","properties":{"Line":"S107","Sp":"2660.5","X":"643975.5","Y":"9211800.3","NAMOBJ":"Sumberjo","WADMKC":"Pucuk","WADMKK":"Lamongan"},"geometry":{"type":"Point","coordinates":[112.3,-7.1]}},{"type":"Feature","properties":{"Line":"S107","Sp":"2664.5","X":"644025.5","Y":"9211800.3","NAMOBJ":"Sumberjo","WADMKC":"Pucuk","WADMKK":"Lamongan"},"geometry":{"type":"Point","coordinates":[112.3,-7.1]}},{"type":"Feature","properties":{"Line":"S107","Sp":"2668.5","X":"644075.5","Y":"9211800.3","NAMOBJ":"Sumberjo","WADMKC":"Pucuk","WADMKK":"Lamongan"},"geometry":{"type":"Point","coordinates":[112.3,-7.1]}},{"type":"Feature","properties":{"Line":"S107","Sp":"2672.5","X":"644125.5","Y":"9211800.3","NAMOBJ":"Sumberjo","WADMKC":"Pucuk","WADMKK":"Lamongan"},"geometry":{"type":"Point","coordinates":[112.3,-7.1]}},{"type":"Feature","properties":{"Line":"S107","Sp":"2676.5","X":"644175.5","Y":"9211800.3","NAMOBJ":"Sumberjo","WADMKC":"Pucuk","WADMKK":"Lamongan"},"geometry":{"type":"Point","coordinates":[112.3,-7.1]}},{"type":"Feature","properties":{"Line":"S107","Sp":"2680.5","X":"644225.5","Y":"9211800.3","NAMOBJ":"Sumberjo","WADMKC":"Pucuk","WADMKK":"Lamongan"},"geometry":{"type":"Point","coordinates":[112.3,-7.1]}},{"type":"Feature","properties":{"Line":"S107","Sp":"2684.5","X":"644275.5","Y":"9211800.3","NAMOBJ":"Sumberjo","WADMKC":"Pucuk","WADMKK":"Lamongan"},"geometry":{"type":"Point","coordinates":[112.3,-7.1]}},{"type":"Feature","properties":{"Line":"S107","Sp":"2688.5","X":"644325.5","Y":"9211800.3","NAMOBJ":"Sumberjo","WADMKC":"Pucuk","WADMKK":"Lamongan"},"geometry":{"type":"Point","coordinates":[112.3,-7.1]}},{"type":"Feature","properties":{"Line":"S107","Sp":"2692.5","X":"644375.5","Y":"9211800.3","NAMOBJ":"Sumberjo","WADMKC":"Pucuk","WADMKK":"Lamongan"},"geometry":{"type":"Point","coordinates":[112.3,-7.1]}},{"type":"Feature","properties":{"Line":"S107","Sp":"2696.5","X":"644425.5","Y":"9211800.3","NAMOBJ":"Sumberjo","WADMKC":"Pucuk","WADMKK":"Lamongan"},"geometry":{"type":"Point","coordinates":[112.3,-7.1]}},{"type":"Feature","properties":{"Line":"S107","Sp":"2700.5","X":"644475.5","Y":"9211800.3","NAMOBJ":"Sumberjo","WADMKC":"Pucuk","WADMKK":"Lamongan"},"geometry":{"type":"Point","coordinates":[112.3,-7.1]}},{"type":"Feature","properties":{"Line":"S107","Sp":"2704.5","X":"644525.5","Y":"9211800.3","NAMOBJ":"Sumberjo","WADMKC":"Pucuk","WADMKK":"Lamongan"},"geometry":{"type":"Point","coordinates":[112.3,-7.1]}},{"type":"Feature","properties":{"Line":"S107","Sp":"2708.5","X":"644575.5","Y":"9211800.3","NAMOBJ":"Sumberjo","WADMKC":"Pucuk","WADMKK":"Lamongan"},"geometry":{"type":"Point","coordinates":[112.3,-7.1]}},{"type":"Feature","properties":{"Line":"S107","Sp":"2712.5","X":"644625.5","Y":"9211800.3","NAMOBJ":"Sumberjo","WADMKC":"Pucuk","WADMKK":"Lamongan"},"geometry":{"type":"Point","coordinates":[112.3,-7.1]}},{"type":"Feature","properties":{"Line":"S107","Sp":"2716.5","X":"644675.5","Y":"9211800.3","NAMOBJ":"Sumberjo","WADMKC":"Pucuk","WADMKK":"Lamongan"},"geometry":{"type":"Point","coordinates":[112.3,-7.1]}},{"type":"Feature","properties":{"Line":"S109","Sp":"2580.5","X":"642825.5","Y":"9212800.3","NAMOBJ":"Sumberjo","WADMKC":"Pucuk","WADMKK":"Lamongan"},"geometry":{"type":"Point","coordinates":[112.3,-7.1]}},{"type":"Feature","properties":{"Line":"S109","Sp":"2584.5","X":"642875.5","Y":"9212800.3","NAMOBJ":"Sumberjo","WADMKC":"Pucuk","WADMKK":"Lamongan"},"geometry":{"type":"Point","coordinates":[112.3,-7.1]}},{"type":"Feature","properties":{"Line":"S109","Sp":"2588.5","X":"642925.5","Y":"9212800.3","NAMOBJ":"Sumberjo","WADMKC":"Pucuk","WADMKK":"Lamongan"},"geometry":{"type":"Point","coordinates":[112.3,-7.1]}},{"type":"Feature","properties":{"Line":"S109","Sp":"2592.5","X":"642975.5","Y":"9212800.3","NAMOBJ":"Sumberjo","WADMKC":"Pucuk","WADMKK":"Lamongan"},"geometry":{"type":"Point","coordinates":[112.3,-7.1]}},{"type":"Feature","properties":{"Line":"S109","Sp":"2596.5","X":"643025.5","Y":"9212800.3","NAMOBJ":"Sumberjo","WADMKC":"Pucuk","WADMKK":"Lamongan"},"geometry":{"type":"Point","coordinates":[112.3,-7.1]}},{"type":"Feature","properties":{"Line":"S109","Sp":"2600.5","X":"643075.5","Y":"9212800.3","NAMOBJ":"Sumberjo","WADMKC":"Pucuk","WADMKK":"Lamongan"},"geometry":{"type":"Point","coordinates":[112.3,-7.1]}},{"type":"Feature","properties":{"Line":"S109","Sp":"2604.5","X":"643125.5","Y":"9212800.3","NAMOBJ":"Sumberjo","WADMKC":"Pucuk","WADMKK":"Lamongan"},"geometry":{"type":"Point","coordinates":[112.3,-7.1]}},{"type":"Feature","properties":{"Line":"S109","Sp":"2608.5","X":"643175.5","Y":"9212800.3","NAMOBJ":"Sumberjo","WADMKC":"Pucuk","WADMKK":"Lamongan"},"geometry":{"type":"Point","coordinates":[112.3,-7.1]}},{"type":"Feature","properties":{"Line":"S109","Sp":"2612.5","X":"643225.5","Y":"9212800.3","NAMOBJ":"Sumberjo","WADMKC":"Pucuk","WADMKK":"Lamongan"},"geometry":{"type":"Point","coordinates":[112.3,-7.1]}},{"type":"Feature","properties":{"Line":"S109","Sp":"2616.5","X":"643275.5","Y":"9212800.3","NAMOBJ":"Sumberjo","WADMKC":"Pucuk","WADMKK":"Lamongan"},"geometry":{"type":"Point","coordinates":[112.3,-7.1]}},{"type":"Feature","properties":{"Line":"S109","Sp":"2620.5","X":"643325.5","Y":"9212800.3","NAMOBJ":"Sumberjo","WADMKC":"Pucuk","WADMKK":"Lamongan"},"geometry":{"type":"Point","coordinates":[112.3,-7.1]}},{"type":"Feature","properties":{"Line":"S109","Sp":"2624.5","X":"643375.5","Y":"9212800.3","NAMOBJ":"Sumberjo","WADMKC":"Pucuk","WADMKK":"Lamongan"},"geometry":{"type":"Point","coordinates":[112.3,-7.1]}},{"type":"Feature","properties":{"Line":"S109","Sp":"2628.5","X":"643425.5","Y":"9212800.3","NAMOBJ":"Sumberjo","WADMKC":"Pucuk","WADMKK":"Lamongan"},"geometry":{"type":"Point","coordinates":[112.3,-7.1]}},{"type":"Feature","properties":{"Line":"S109","Sp":"2632.5","X":"643475.5","Y":"9212800.3","NAMOBJ":"Sumberjo","WADMKC":"Pucuk","WADMKK":"Lamongan"},"geometry":{"type":"Point","coordinates":[112.3,-7.1]}},{"type":"Feature","properties":{"Line":"S109","Sp":"2636.5","X":"643525.5","Y":"9212800.3","NAMOBJ":"Sumberjo","WADMKC":"Pucuk","WADMKK":"Lamongan"},"geometry":{"type":"Point","coordinates":[112.3,-7.1]}},{"type":"Feature","properties":{"Line":"S109","Sp":"2640.5","X":"643575.5","Y":"9212800.3","NAMOBJ":"Sumberjo","WADMKC":"Pucuk","WADMKK":"Lamongan"},"geometry":{"type":"Point","coordinates":[112.3,-7.1]}},{"type":"Feature","properties":{"Line":"S109","Sp":"2644.5","X":"643625.5","Y":"9212800.3","NAMOBJ":"Sumberjo","WADMKC":"Pucuk","WADMKK":"Lamongan"},"geometry":{"type":"Point","coordinates":[112.3,-7.1]}},{"type":"Feature","properties":{"Line":"S109","Sp":"2648.5","X":"643675.5","Y":"9212800.3","NAMOBJ":"Sumberjo","WADMKC":"Pucuk","WADMKK":"Lamongan"},"geometry":{"type":"Point","coordinates":[112.3,-7.1]}},{"type":"Feature","properties":{"Line":"S109","Sp":"2652.5","X":"643725.5","Y":"9212800.3","NAMOBJ":"Sumberjo","WADMKC":"Pucuk","WADMKK":"Lamongan"},"geometry":{"type":"Point","coordinates":[112.3,-7.1]}},{"type":"Feature","properties":{"Line":"S111","Sp":"2564.5","X":"642675.5","Y":"9213800.3","NAMOBJ":"Sumberjo","WADMKC":"Pucuk","WADMKK":"Lamongan"},"geometry":{"type":"Point","coordinates":[112.3,-7.1]}},{"type":"Feature","properties":{"Line":"S111","Sp":"2568.5","X":"642725.5","Y":"9213800.3","NAMOBJ":"Sumberjo","WADMKC":"Pucuk","WADMKK":"Lamongan"},"geometry":{"type":"Point","coordinates":[112.3,-7.1]}},{"type":"Feature","properties":{"Line":"S111","Sp":"2572.5","X":"642775.5","Y":"9213800.3","NAMOBJ":"Sumberjo","WADMKC":"Pucuk","WADMKK":"Lamongan"},"geometry":{"type":"Point","coordinates":[112.3,-7.1]}},{"type":"Feature","properties":{"Line":"S111","Sp":"2576.5","X":"642825.5","Y":"9213800.3","NAMOBJ":"Sumberjo","WADMKC":"Pucuk","WADMKK":"Lamongan"},"geometry":{"type":"Point","coordinates":[112.3,-7.1]}},{"type":"Feature","properties":{"Line":"S111","Sp":"2580.5","X":"642875.5","Y":"9213800.3","NAMOBJ":"Sumberjo","WADMKC":"Pucuk","WADMKK":"Lamongan"},"geometry":{"type":"Point","coordinates":[112.3,-7.1]}},{"type":"Feature","properties":{"Line":"S111","Sp":"2584.5","X":"642925.5","Y":"9213800.3","NAMOBJ":"Sumberjo","WADMKC":"Pucuk","WADMKK":"Lamongan"},"geometry":{"type":"Point","coordinates":[112.3,-7.1]}},{"type":"Feature","properties":{"Line":"S111","Sp":"2588.5","X":"642975.5","Y":"9213800.3","NAMOBJ":"Sumberjo","WADMKC":"Pucuk","WADMKK":"Lamongan"},"geometry":{"type":"Point","coordinates":[112.3,-7.1]}},{"type":"Feature","properties":{"Line":"S111","Sp":"2592.5","X":"643025.5","Y":"9213800.3","NAMOBJ":"Sumberjo","WADMKC":"Pucuk","WADMKK":"Lamongan"},"geometry":{"type":"Point","coordinates":[112.3,-7.1]}},{"type":"Feature","properties":{"Line":"S111","Sp":"2596.5","X":"643075.5","Y":"9213800.3","NAMOBJ":"Sumberjo","WADMKC":"Pucuk","WADMKK":"Lamongan"},"geometry":{"type":"Point","coordinates":[112.3,-7.1]}},{"type":"Feature","properties":{"Line":"S111","Sp":"2600.5","X":"643125.5","Y":"9213800.3","NAMOBJ":"Sumberjo","WADMKC":"Pucuk","WADMKK":"Lamongan"},"geometry":{"type":"Point","coordinates":[112.3,-7.1]}},{"type":"Feature","properties":{"Line":"S111","Sp":"2604.5","X":"643175.5","Y":"9213800.3","NAMOBJ":"Sumberjo","WADMKC":"Pucuk","WADMKK":"Lamongan"},"geometry":{"type":"Point","coordinates":[112.3,-7.1]}},{"type":"Feature","properties":{"Line":"S111","Sp":"2608.5","X":"643225.5","Y":"9213800.3","NAMOBJ":"Sumberjo","WADMKC":"Pucuk","WADMKK":"Lamongan"},"geometry":{"type":"Point","coordinates":[112.3,-7.1]}},{"type":"Feature","properties":{"Line":"S111","Sp":"2612.5","X":"643275.5","Y":"9213800.3","NAMOBJ":"Sumberjo","WADMKC":"Pucuk","WADMKK":"Lamongan"},"geometry":{"type":"Point","coordinates":[112.3,-7.1]}},{"type":"Feature","properties":{"Line":"S111","Sp":"2616.5","X":"643325.5","Y":"9213800.3","NAMOBJ":"Sumberjo","WADMKC":"Pucuk","WADMKK":"Lamongan"},"geometry":{"type":"Point","coordinates":[112.3,-7.1]}},{"type":"Feature","properties":{"Line":"S111","Sp":"2620.5","X":"643375.5","Y":"9213800.3","NAMOBJ":"Sumberjo","WADMKC":"Pucuk","WADMKK":"Lamongan"},"geometry":{"type":"Point","coordinates":[112.3,-7.1]}},{"type":"Feature","properties":{"Line":"S111","Sp":"2624.5","X":"643425.5","Y":"9213800.3","NAMOBJ":"Sumberjo","WADMKC":"Pucuk","WADMKK":"Lamongan"},"geometry":{"type":"Point","coordinates":[112.3,-7.1]}},{"type":"Feature","properties":{"Line":"S111","Sp":"2628.5","X":"643475.5","Y":"9213800.3","NAMOBJ":"Sumberjo","WADMKC":"Pucuk","WADMKK":"Lamongan"},"geometry":{"type":"Point","coordinates":[112.3,-7.1]}},{"type":"Feature","properties":{"Line":"S111","Sp":"2632.5","X":"643525.5","Y":"9213800.3","NAMOBJ":"Sumberjo","WADMKC":"Pucuk","WADMKK":"Lamongan"},"geometry":{"type":"Point","coordinates":[112.3,-7.1]}},{"type":"Feature","properties":{"Line":"S111","Sp":"2636.5","X":"643575.5","Y":"9213800.3","NAMOBJ":"Sumberjo","WADMKC":"Pucuk","WADMKK":"Lamongan"},"geometry":{"type":"Point","coordinates":[112.3,-7.1]}},{"type":"Feature","properties":{"Line":"S111","Sp":"2640.5","X":"643625.5","Y":"9213800.3","NAMOBJ":"Sumberjo","WADMKC":"Pucuk","WADMKK":"Lamongan"},"geometry":{"type":"Point","coordinates":[112.3,-7.1]}},{"type":"Feature","properties":{"Line":"S128","Sp":"2020.5","X":"643300.5","Y":"9214675.3","NAMOBJ":"Sumberjo","WADMKC":"Pucuk","WADMKK":"Lamongan"},"geometry":{"type":"Point","coordinates":[112.3,-7.1]}},{"type":"Feature","properties":{"Line":"S128","Sp":"2024.5","X":"643300.5","Y":"9214625.3","NAMOBJ":"Sumberjo","WADMKC":"Pucuk","WADMKK":"Lamongan"},"geometry":{"type":"Point","coordinates":[112.3,-7.1]}},{"type":"Feature","properties":{"Line":"S128","Sp":"2028.5","X":"643300.5","Y":"9214575.3","NAMOBJ":"Sumberjo","WADMKC":"Pucuk","WADMKK":"Lamongan"},"geometry":{"type":"Point","coordinates":[112.3,-7.1]}},{"type":"Feature","properties":{"Line":"S128","Sp":"2032.5","X":"643300.5","Y":"9214525.3","NAMOBJ":"Sumberjo","WADMKC":"Pucuk","WADMKK":"Lamongan"},"geometry":{"type":"Point","coordinates":[112.3,-7.1]}},{"type":"Feature","properties":{"Line":"S128","Sp":"2036.5","X":"643300.5","Y":"9214475.3","NAMOBJ":"Sumberjo","WADMKC":"Pucuk","WADMKK":"Lamongan"},"geometry":{"type":"Point","coordinates":[112.3,-7.1]}},{"type":"Feature","properties":{"Line":"S128","Sp":"2040.5","X":"643300.5","Y":"9214425.3","NAMOBJ":"Sumberjo","WADMKC":"Pucuk","WADMKK":"Lamongan"},"geometry":{"type":"Point","coordinates":[112.3,-7.1]}},{"type":"Feature","properties":{"Line":"S128","Sp":"2044.5","X":"643300.5","Y":"9214375.3","NAMOBJ":"Sumberjo","WADMKC":"Pucuk","WADMKK":"Lamongan"},"geometry":{"type":"Point","coordinates":[112.3,-7.1]}},{"type":"Feature","properties":{"Line":"S128","Sp":"2048.5","X":"643300.5","Y":"9214325.3","NAMOBJ":"Sumberjo","WADMKC":"Pucuk","WADMKK":"Lamongan"},"geometry":{"type":"Point","coordinates":[112.3,-7.1]}},{"type":"Feature","properties":{"Line":"S128","Sp":"2052.5","X":"643300.5","Y":"9214275.3","NAMOBJ":"Sumberjo","WADMKC":"Pucuk","WADMKK":"Lamongan"},"geometry":{"type":"Point","coordinates":[112.3,-7.1]}},{"type":"Feature","properties":{"Line":"S128","Sp":"2056.5","X":"643300.5","Y":"9214225.3","NAMOBJ":"Sumberjo","WADMKC":"Pucuk","WADMKK":"Lamongan"},"geometry":{"type":"Point","coordinates":[112.3,-7.1]}},{"type":"Feature","properties":{"Line":"S128","Sp":"2060.5","X":"643300.5","Y":"9214175.3","NAMOBJ":"Sumberjo","WADMKC":"Pucuk","WADMKK":"Lamongan"},"geometry":{"type":"Point","coordinates":[112.3,-7.1]}},{"type":"Feature","properties":{"Line":"S128","Sp":"2064.5","X":"643300.5","Y":"9214125.3","NAMOBJ":"Sumberjo","WADMKC":"Pucuk","WADMKK":"Lamongan"},"geometry":{"type":"Point","coordinates":[112.3,-7.1]}},{"type":"Feature","properties":{"Line":"S128","Sp":"2068.5","X":"643300.5","Y":"9214075.3","NAMOBJ":"Sumberjo","WADMKC":"Pucuk","WADMKK":"Lamongan"},"geometry":{"type":"Point","coordinates":[112.3,-7.1]}},{"type":"Feature","properties":{"Line":"S128","Sp":"2072.5","X":"643300.5","Y":"9214025.3","NAMOBJ":"Sumberjo","WADMKC":"Pucuk","WADMKK":"Lamongan"},"geometry":{"type":"Point","coordinates":[112.3,-7.1]}},{"type":"Feature","properties":{"Line":"S128","Sp":"2076.5","X":"643300.5","Y":"9213975.3","NAMOBJ":"Sumberjo","WADMKC":"Pucuk","WADMKK":"Lamongan"},"geometry":{"type":"Point","coordinates":[112.3,-7.1]}},{"type":"Feature","properties":{"Line":"S128","Sp":"2080.5","X":"643300.5","Y":"9213925.3","NAMOBJ":"Sumberjo","WADMKC":"Pucuk","WADMKK":"Lamongan"},"geometry":{"type":"Point","coordinates":[112.3,-7.1]}},{"type":"Feature","properties":{"Line":"S128","Sp":"2084.5","X":"643300.5","Y":"9213875.3","NAMOBJ":"Sumberjo","WADMKC":"Pucuk","WADMKK":"Lamongan"},"geometry":{"type":"Point","coordinates":[112.3,-7.1]}},{"type":"Feature","properties":{"Line":"S128","Sp":"2088.5","X":"643300.5","Y":"9213825.3","NAMOBJ":"Sumberjo","WADMKC":"Pucuk","WADMKK":"Lamongan"},"geometry":{"type":"Point","coordinates":[112.3,-7.1]}},{"type":"Feature","properties":{"Line":"S128","Sp":"2092.5","X":"643300.5","Y":"9213775.3","NAMOBJ":"Sumberjo","WADMKC":"Pucuk","WADMKK":"Lamongan"},"geometry":{"type":"Point","coordinates":[112.3,-7.1]}},{"type":"Feature","properties":{"Line":"S128","Sp":"2096.5","X":"643300.5","Y":"9213725.3","NAMOBJ":"Sumberjo","WADMKC":"Pucuk","WADMKK":"Lamongan"},"geometry":{"type":"Point","coordinates":[112.3,-7.1]}},{"type":"Feature","properties":{"Line":"S128","Sp":"2100.5","X":"643300.5","Y":"9213675.3","NAMOBJ":"Sumberjo","WADMKC":"Pucuk","WADMKK":"Lamongan"},"geometry":{"type":"Point","coordinates":[112.3,-7.1]}},{"type":"Feature","properties":{"Line":"S128","Sp":"2104.5","X":"643300.5","Y":"9213625.3","NAMOBJ":"Sumberjo","WADMKC":"Pucuk","WADMKK":"Lamongan"},"geometry":{"type":"Point","coordinates":[112.3,-7.1]}},{"type":"Feature","properties":{"Line":"S128","Sp":"2108.5","X":"643300.5","Y":"9213575.3","NAMOBJ":"Sumberjo","WADMKC":"Pucuk","WADMKK":"Lamongan"},"geometry":{"type":"Point","coordinates":[112.3,-7.1]}},{"type":"Feature","properties":{"Line":"S128","Sp":"2112.5","X":"643300.5","Y":"9213525.3","NAMOBJ":"Sumberjo","WADMKC":"Pucuk","WADMKK":"Lamongan"},"geometry":{"type":"Point","coordinates":[112.3,-7.1]}},{"type":"Feature","properties":{"Line":"S128","Sp":"2116.5","X":"643300.5","Y":"9213475.3","NAMOBJ":"Sumberjo","WADMKC":"Pucuk","WADMKK":"Lamongan"},"geometry":{"type":"Point","coordinates":[112.3,-7.1]}},{"type":"Feature","properties":{"Line":"S128","Sp":"2120.5","X":"643300.5","Y":"9213425.3","NAMOBJ":"Sumberjo","WADMKC":"Pucuk","WADMKK":"Lamongan"},"geometry":{"type":"Point","coordinates":[112.3,-7.1]}},{"type":"Feature","properties":{"Line":"S128","Sp":"2124.5","X":"643300.5","Y":"9213375.3","NAMOBJ":"Sumberjo","WADMKC":"Pucuk","WADMKK":"Lamongan"},"geometry":{"type":"Point","coordinates":[112.3,-7.1]}},{"type":"Feature","properties":{"Line":"S128","Sp":"2128.5","X":"643300.5","Y":"9213325.3","NAMOBJ":"Sumberjo","WADMKC":"Pucuk","WADMKK":"Lamongan"},"geometry":{"type":"Point","coordinates":[112.3,-7.1]}},{"type":"Feature","properties":{"Line":"S128","Sp":"2132.5","X":"643300.5","Y":"9213275.3","NAMOBJ":"Sumberjo","WADMKC":"Pucuk","WADMKK":"Lamongan"},"geometry":{"type":"Point","coordinates":[112.3,-7.1]}},{"type":"Feature","properties":{"Line":"S128","Sp":"2136.5","X":"643300.5","Y":"9213225.3","NAMOBJ":"Sumberjo","WADMKC":"Pucuk","WADMKK":"Lamongan"},"geometry":{"type":"Point","coordinates":[112.3,-7.1]}},{"type":"Feature","properties":{"Line":"S128","Sp":"2140.5","X":"643300.5","Y":"9213175.3","NAMOBJ":"Sumberjo","WADMKC":"Pucuk","WADMKK":"Lamongan"},"geometry":{"type":"Point","coordinates":[112.3,-7.1]}},{"type":"Feature","properties":{"Line":"S128","Sp":"2144.5","X":"643300.5","Y":"9213125.3","NAMOBJ":"Sumberjo","WADMKC":"Pucuk","WADMKK":"Lamongan"},"geometry":{"type":"Point","coordinates":[112.3,-7.1]}},{"type":"Feature","properties":{"Line":"S128","Sp":"2148.5","X":"643300.5","Y":"9213075.3","NAMOBJ":"Sumberjo","WADMKC":"Pucuk","WADMKK":"Lamongan"},"geometry":{"type":"Point","coordinates":[112.3,-7.1]}},{"type":"Feature","properties":{"Line":"S128","Sp":"2152.5","X":"643300.5","Y":"9213025.3","NAMOBJ":"Sumberjo","WADMKC":"Pucuk","WADMKK":"Lamongan"},"geometry":{"type":"Point","coordinates":[112.3,-7.1]}},{"type":"Feature","properties":{"Line":"S128","Sp":"2156.5","X":"643300.5","Y":"9212975.3","NAMOBJ":"Sumberjo","WADMKC":"Pucuk","WADMKK":"Lamongan"},"geometry":{"type":"Point","coordinates":[112.3,-7.1]}},{"type":"Feature","properties":{"Line":"S128","Sp":"2160.5","X":"643300.5","Y":"9212925.3","NAMOBJ":"Sumberjo","WADMKC":"Pucuk","WADMKK":"Lamongan"},"geometry":{"type":"Point","coordinates":[112.3,-7.1]}},{"type":"Feature","properties":{"Line":"S128","Sp":"2164.5","X":"643300.5","Y":"9212875.3","NAMOBJ":"Sumberjo","WADMKC":"Pucuk","WADMKK":"Lamongan"},"geometry":{"type":"Point","coordinates":[112.3,-7.1]}},{"type":"Feature","properties":{"Line":"S128","Sp":"2168.5","X":"643300.5","Y":"9212825.3","NAMOBJ":"Sumberjo","WADMKC":"Pucuk","WADMKK":"Lamongan"},"geometry":{"type":"Point","coordinates":[112.3,-7.1]}},{"type":"Feature","properties":{"Line":"S128","Sp":"2172.5","X":"643300.5","Y":"9212775.3","NAMOBJ":"Sumberjo","WADMKC":"Pucuk","WADMKK":"Lamongan"},"geometry":{"type":"Point","coordinates":[112.3,-7.1]}},{"type":"Feature","properties":{"Line":"S128","Sp":"2176.5","X":"643300.5","Y":"9212725.3","NAMOBJ":"Sumberjo","WADMKC":"Pucuk","WADMKK":"Lamongan"},"geometry":{"type":"Point","coordinates":[112.3,-7.1]}},{"type":"Feature","properties":{"Line":"S128","Sp":"2180.5","X":"643300.5","Y":"9212675.3","NAMOBJ":"Sumberjo","WADMKC":"Pucuk","WADMKK":"Lamongan"},"geometry":{"type":"Point","coordinates":[112.3,-7.1]}},{"type":"Feature","properties":{"Line":"S128","Sp":"2184.5","X":"643300.5","Y":"9212625.3","NAMOBJ":"Sumberjo","WADMKC":"Pucuk","WADMKK":"Lamongan"},"geometry":{"type":"Point","coordinates":[112.3,-7.1]}},{"type":"Feature","properties":{"Line":"S128","Sp":"2188.5","X":"643300.5","Y":"9212575.3","NAMOBJ":"Sumberjo","WADMKC":"Pucuk","WADMKK":"Lamongan"},"geometry":{"type":"Point","coordinates":[112.3,-7.1]}},{"type":"Feature","properties":{"Line":"S128","Sp":"2192.5","X":"643300.5","Y":"9212525.3","NAMOBJ":"Sumberjo","WADMKC":"Pucuk","WADMKK":"Lamongan"},"geometry":{"type":"Point","coordinates":[112.3,-7.1]}},{"type":"Feature","properties":{"Line":"S128","Sp":"2196.5","X":"643300.5","Y":"9212475.3","NAMOBJ":"Sumberjo","WADMKC":"Pucuk","WADMKK":"Lamongan"},"geometry":{"type":"Point","coordinates":[112.3,-7.1]}},{"type":"Feature","properties":{"Line":"S128","Sp":"2200.5","X":"643300.5","Y":"9212425.3","NAMOBJ":"Sumberjo","WADMKC":"Pucuk","WADMKK":"Lamongan"},"geometry":{"type":"Point","coordinates":[112.3,-7.1]}},{"type":"Feature","properties":{"Line":"S128","Sp":"2204.5","X":"643300.5","Y":"9212375.3","NAMOBJ":"Sumberjo","WADMKC":"Pucuk","WADMKK":"Lamongan"},"geometry":{"type":"Point","coordinates":[112.3,-7.1]}},{"type":"Feature","properties":{"Line":"S128","Sp":"2208.5","X":"643300.5","Y":"9212325.3","NAMOBJ":"Sumberjo","WADMKC":"Pucuk","WADMKK":"Lamongan"},"geometry":{"type":"Point","coordinates":[112.3,-7.1]}},{"type":"Feature","properties":{"Line":"S128","Sp":"2212.5","X":"643300.5","Y":"9212275.3","NAMOBJ":"Sumberjo","WADMKC":"Pucuk","WADMKK":"Lamongan"},"geometry":{"type":"Point","coordinates":[112.3,-7.1]}},{"type":"Feature","properties":{"Line":"S128","Sp":"2216.5","X":"643300.5","Y":"9212225.3","NAMOBJ":"Sumberjo","WADMKC":"Pucuk","WADMKK":"Lamongan"},"geometry":{"type":"Point","coordinates":[112.3,-7.1]}},{"type":"Feature","properties":{"Line":"S128","Sp":"2220.5","X":"643300.5","Y":"9212175.3","NAMOBJ":"Sumberjo","WADMKC":"Pucuk","WADMKK":"Lamongan"},"geometry":{"type":"Point","coordinates":[112.3,-7.1]}},{"type":"Feature","properties":{"Line":"S128","Sp":"2224.5","X":"643300.5","Y":"9212125.3","NAMOBJ":"Sumberjo","WADMKC":"Pucuk","WADMKK":"Lamongan"},"geometry":{"type":"Point","coordinates":[112.3,-7.1]}},{"type":"Feature","properties":{"Line":"S128","Sp":"2228.5","X":"643300.5","Y":"9212075.3","NAMOBJ":"Sumberjo","WADMKC":"Pucuk","WADMKK":"Lamongan"},"geometry":{"type":"Point","coordinates":[112.3,-7.1]}},{"type":"Feature","properties":{"Line":"S128","Sp":"2232.5","X":"643300.5","Y":"9212025.3","NAMOBJ":"Sumberjo","WADMKC":"Pucuk","WADMKK":"Lamongan"},"geometry":{"type":"Point","coordinates":[112.3,-7.1]}},{"type":"Feature","properties":{"Line":"S128","Sp":"2236.5","X":"643300.5","Y":"9211975.3","NAMOBJ":"Sumberjo","WADMKC":"Pucuk","WADMKK":"Lamongan"},"geometry":{"type":"Point","coordinates":[112.3,-7.1]}},{"type":"Feature","properties":{"Line":"S128","Sp":"2240.5","X":"643300.5","Y":"9211925.3","NAMOBJ":"Sumberjo","WADMKC":"Pucuk","WADMKK":"Lamongan"},"geometry":{"type":"Point","coordinates":[112.3,-7.1]}},{"type":"Feature","properties":{"Line":"S128","Sp":"2244.5","X":"643300.5","Y":"9211875.3","NAMOBJ":"Sumberjo","WADMKC":"Pucuk","WADMKK":"Lamongan"},"geometry":{"type":"Point","coordinates":[112.3,-7.1]}},{"type":"Feature","properties":{"Line":"S128","Sp":"2248.5","X":"643300.5","Y":"9211825.3","NAMOBJ":"Sumberjo","WADMKC":"Pucuk","WADMKK":"Lamongan"},"geometry":{"type":"Point","coordinates":[112.3,-7.1]}},{"type":"Feature","properties":{"Line":"S128","Sp":"2252.5","X":"643300.5","Y":"9211775.3","NAMOBJ":"Sumberjo","WADMKC":"Pucuk","WADMKK":"Lamongan"},"geometry":{"type":"Point","coordinates":[112.3,-7.1]}},{"type":"Feature","properties":{"Line":"S128","Sp":"2256.5","X":"643300.5","Y":"9211725.3","NAMOBJ":"Sumberjo","WADMKC":"Pucuk","WADMKK":"Lamongan"},"geometry":{"type":"Point","coordinates":[112.3,-7.1]}},{"type":"Feature","properties":{"Line":"S128","Sp":"2260.5","X":"643300.5","Y":"9211675.3","NAMOBJ":"Sumberjo","WADMKC":"Pucuk","WADMKK":"Lamongan"},"geometry":{"type":"Point","coordinates":[112.3,-7.1]}},{"type":"Feature","properties":{"Line":"S128","Sp":"2264.5","X":"643300.5","Y":"9211625.3","NAMOBJ":"Sumberjo","WADMKC":"Pucuk","WADMKK":"Lamongan"},"geometry":{"type":"Point","coordinates":[112.3,-7.1]}},{"type":"Feature","properties":{"Line":"S128","Sp":"2268.5","X":"643300.5","Y":"9211575.3","NAMOBJ":"Sumberjo","WADMKC":"Pucuk","WADMKK":"Lamongan"},"geometry":{"type":"Point","coordinates":[112.3,-7.1]}},{"type":"Feature","properties":{"Line":"S128","Sp":"2272.5","X":"643300.5","Y":"9211525.3","NAMOBJ":"Sumberjo","WADMKC":"Pucuk","WADMKK":"Lamongan"},"geometry":{"type":"Point","coordinates":[112.3,-7.1]}},{"type":"Feature","properties":{"Line":"S128","Sp":"2276.5","X":"643300.5","Y":"9211475.3","NAMOBJ":"Sumberjo","WADMKC":"Pucuk","WADMKK":"Lamongan"},"geometry":{"type":"Point","coordinates":[112.3,-7.1]}},{"type":"Feature","properties":{"Line":"S128","Sp":"2280.5","X":"643300.5","Y":"9211425.3","NAMOBJ":"Sumberjo","WADMKC":"Pucuk","WADMKK":"Lamongan"},"geometry":{"type":"Point","coordinates":[112.3,-7.1]}},{"type":"Feature","properties":{"Line":"S128","Sp":"2284.5","X":"643300.5","Y":"9211375.3","NAMOBJ":"Sumberjo","WADMKC":"Pucuk","WADMKK":"Lamongan"},"geometry":{"type":"Point","coordinates":[112.3,-7.1]}},{"type":"Feature","properties":{"Line":"S130","Sp":"2172.5","X":"644300.5","Y":"9212625.3","NAMOBJ":"Sumberjo","WADMKC":"Pucuk","WADMKK":"Lamongan"},"geometry":{"type":"Point","coordinates":[112.3,-7.1]}},{"type":"Feature","properties":{"Line":"S130","Sp":"2176.5","X":"644300.5","Y":"9212575.3","NAMOBJ":"Sumberjo","WADMKC":"Pucuk","WADMKK":"Lamongan"},"geometry":{"type":"Point","coordinates":[112.3,-7.1]}},{"type":"Feature","properties":{"Line":"S130","Sp":"2180.5","X":"644300.5","Y":"9212525.3","NAMOBJ":"Sumberjo","WADMKC":"Pucuk","WADMKK":"Lamongan"},"geometry":{"type":"Point","coordinates":[112.3,-7.1]}},{"type":"Feature","properties":{"Line":"S130","Sp":"2184.5","X":"644300.5","Y":"9212475.3","NAMOBJ":"Sumberjo","WADMKC":"Pucuk","WADMKK":"Lamongan"},"geometry":{"type":"Point","coordinates":[112.3,-7.1]}},{"type":"Feature","properties":{"Line":"S130","Sp":"2188.5","X":"644300.5","Y":"9212425.3","NAMOBJ":"Sumberjo","WADMKC":"Pucuk","WADMKK":"Lamongan"},"geometry":{"type":"Point","coordinates":[112.3,-7.1]}},{"type":"Feature","properties":{"Line":"S130","Sp":"2192.5","X":"644300.5","Y":"9212375.3","NAMOBJ":"Sumberjo","WADMKC":"Pucuk","WADMKK":"Lamongan"},"geometry":{"type":"Point","coordinates":[112.3,-7.1]}},{"type":"Feature","properties":{"Line":"S130","Sp":"2196.5","X":"644300.5","Y":"9212325.3","NAMOBJ":"Sumberjo","WADMKC":"Pucuk","WADMKK":"Lamongan"},"geometry":{"type":"Point","coordinates":[112.3,-7.1]}},{"type":"Feature","properties":{"Line":"S130","Sp":"2200.5","X":"644300.5","Y":"9212275.3","NAMOBJ":"Sumberjo","WADMKC":"Pucuk","WADMKK":"Lamongan"},"geometry":{"type":"Point","coordinates":[112.3,-7.1]}},{"type":"Feature","properties":{"Line":"S130","Sp":"2204.5","X":"644300.5","Y":"9212225.3","NAMOBJ":"Sumberjo","WADMKC":"Pucuk","WADMKK":"Lamongan"},"geometry":{"type":"Point","coordinates":[112.3,-7.1]}},{"type":"Feature","properties":{"Line":"S130","Sp":"2208.5","X":"644300.5","Y":"9212175.3","NAMOBJ":"Sumberjo","WADMKC":"Pucuk","WADMKK":"Lamongan"},"geometry":{"type":"Point","coordinates":[112.3,-7.1]}},{"type":"Feature","properties":{"Line":"S130","Sp":"2212.5","X":"644300.5","Y":"9212125.3","NAMOBJ":"Sumberjo","WADMKC":"Pucuk","WADMKK":"Lamongan"},"geometry":{"type":"Point","coordinates":[112.3,-7.1]}},{"type":"Feature","properties":{"Line":"S130","Sp":"2216.5","X":"644300.5","Y":"9212075.3","NAMOBJ":"Sumberjo","WADMKC":"Pucuk","WADMKK":"Lamongan"},"geometry":{"type":"Point","coordinates":[112.3,-7.1]}},{"type":"Feature","properties":{"Line":"S130","Sp":"2220.5","X":"644300.5","Y":"9212025.3","NAMOBJ":"Sumberjo","WADMKC":"Pucuk","WADMKK":"Lamongan"},"geometry":{"type":"Point","coordinates":[112.3,-7.1]}},{"type":"Feature","properties":{"Line":"S130","Sp":"2224.5","X":"644300.5","Y":"9211975.3","NAMOBJ":"Sumberjo","WADMKC":"Pucuk","WADMKK":"Lamongan"},"geometry":{"type":"Point","coordinates":[112.3,-7.1]}},{"type":"Feature","properties":{"Line":"S130","Sp":"2228.5","X":"644300.5","Y":"9211925.3","NAMOBJ":"Sumberjo","WADMKC":"Pucuk","WADMKK":"Lamongan"},"geometry":{"type":"Point","coordinates":[112.3,-7.1]}},{"type":"Feature","properties":{"Line":"S130","Sp":"2232.5","X":"644300.5","Y":"9211875.3","NAMOBJ":"Sumberjo","WADMKC":"Pucuk","WADMKK":"Lamongan"},"geometry":{"type":"Point","coordinates":[112.3,-7.1]}},{"type":"Feature","properties":{"Line":"S130","Sp":"2236.5","X":"644300.5","Y":"9211825.3","NAMOBJ":"Sumberjo","WADMKC":"Pucuk","WADMKK":"Lamongan"},"geometry":{"type":"Point","coordinates":[112.3,-7.1]}},{"type":"Feature","properties":{"Line":"S130","Sp":"2240.5","X":"644300.5","Y":"9211775.3","NAMOBJ":"Sumberjo","WADMKC":"Pucuk","WADMKK":"Lamongan"},"geometry":{"type":"Point","coordinates":[112.3,-7.1]}},{"type":"Feature","properties":{"Line":"S130","Sp":"2244.5","X":"644300.5","Y":"9211725.3","NAMOBJ":"Sumberjo","WADMKC":"Pucuk","WADMKK":"Lamongan"},"geometry":{"type":"Point","coordinates":[112.3,-7.1]}},{"type":"Feature","properties":{"Line":"S130","Sp":"2248.5","X":"644300.5","Y":"9211675.3","NAMOBJ":"Sumberjo","WADMKC":"Pucuk","WADMKK":"Lamongan"},"geometry":{"type":"Point","coordinates":[112.3,-7.1]}},{"type":"Feature","properties":{"Line":"S130","Sp":"2252.5","X":"644300.5","Y":"9211625.3","NAMOBJ":"Sumberjo","WADMKC":"Pucuk","WADMKK":"Lamongan"},"geometry":{"type":"Point","coordinates":[112.3,-7.1]}},{"type":"Feature","properties":{"Line":"S113","Sp":"2988.5","X":"649075.5","Y":"9214800.3","NAMOBJ":"Surabayan","WADMKC":"Sukodadi","WADMKK":"Lamongan"},"geometry":{"type":"Point","coordinates":[112.3,-7.1]}},{"type":"Feature","properties":{"Line":"S115","Sp":"2904.5","X":"648375.5","Y":"9215800.3","NAMOBJ":"Surabayan","WADMKC":"Sukodadi","WADMKK":"Lamongan"},"geometry":{"type":"Point","coordinates":[112.3,-7.1]}},{"type":"Feature","properties":{"Line":"S115","Sp":"2908.5","X":"648425.5","Y":"9215800.3","NAMOBJ":"Surabayan","WADMKC":"Sukodadi","WADMKK":"Lamongan"},"geometry":{"type":"Point","coordinates":[112.3,-7.1]}},{"type":"Feature","properties":{"Line":"S115","Sp":"2912.5","X":"648475.5","Y":"9215800.3","NAMOBJ":"Surabayan","WADMKC":"Sukodadi","WADMKK":"Lamongan"},"geometry":{"type":"Point","coordinates":[112.3,-7.1]}},{"type":"Feature","properties":{"Line":"S115","Sp":"2916.5","X":"648525.5","Y":"9215800.3","NAMOBJ":"Surabayan","WADMKC":"Sukodadi","WADMKK":"Lamongan"},"geometry":{"type":"Point","coordinates":[112.3,-7.1]}},{"type":"Feature","properties":{"Line":"S115","Sp":"2920.5","X":"648575.5","Y":"9215800.3","NAMOBJ":"Surabayan","WADMKC":"Sukodadi","WADMKK":"Lamongan"},"geometry":{"type":"Point","coordinates":[112.3,-7.1]}},{"type":"Feature","properties":{"Line":"S115","Sp":"2924.5","X":"648625.5","Y":"9215800.3","NAMOBJ":"Surabayan","WADMKC":"Sukodadi","WADMKK":"Lamongan"},"geometry":{"type":"Point","coordinates":[112.3,-7.1]}},{"type":"Feature","properties":{"Line":"S115","Sp":"2928.5","X":"648675.5","Y":"9215800.3","NAMOBJ":"Surabayan","WADMKC":"Sukodadi","WADMKK":"Lamongan"},"geometry":{"type":"Point","coordinates":[112.3,-7.1]}},{"type":"Feature","properties":{"Line":"S115","Sp":"2932.5","X":"648725.5","Y":"9215800.3","NAMOBJ":"Surabayan","WADMKC":"Sukodadi","WADMKK":"Lamongan"},"geometry":{"type":"Point","coordinates":[112.3,-7.1]}},{"type":"Feature","properties":{"Line":"S115","Sp":"2936.5","X":"648775.5","Y":"9215800.3","NAMOBJ":"Surabayan","WADMKC":"Sukodadi","WADMKK":"Lamongan"},"geometry":{"type":"Point","coordinates":[112.3,-7.1]}},{"type":"Feature","properties":{"Line":"S115","Sp":"2940.5","X":"648825.5","Y":"9215800.3","NAMOBJ":"Surabayan","WADMKC":"Sukodadi","WADMKK":"Lamongan"},"geometry":{"type":"Point","coordinates":[112.3,-7.1]}},{"type":"Feature","properties":{"Line":"S115","Sp":"2944.5","X":"648875.5","Y":"9215800.3","NAMOBJ":"Surabayan","WADMKC":"Sukodadi","WADMKK":"Lamongan"},"geometry":{"type":"Point","coordinates":[112.3,-7.1]}},{"type":"Feature","properties":{"Line":"S115","Sp":"2948.5","X":"648925.5","Y":"9215800.3","NAMOBJ":"Surabayan","WADMKC":"Sukodadi","WADMKK":"Lamongan"},"geometry":{"type":"Point","coordinates":[112.3,-7.1]}},{"type":"Feature","properties":{"Line":"S115","Sp":"2952.5","X":"648975.5","Y":"9215800.3","NAMOBJ":"Surabayan","WADMKC":"Sukodadi","WADMKK":"Lamongan"},"geometry":{"type":"Point","coordinates":[112.3,-7.1]}},{"type":"Feature","properties":{"Line":"S115","Sp":"2956.5","X":"649025.5","Y":"9215800.3","NAMOBJ":"Surabayan","WADMKC":"Sukodadi","WADMKK":"Lamongan"},"geometry":{"type":"Point","coordinates":[112.3,-7.1]}},{"type":"Feature","properties":{"Line":"S115","Sp":"2960.5","X":"649075.5","Y":"9215800.3","NAMOBJ":"Surabayan","WADMKC":"Sukodadi","WADMKK":"Lamongan"},"geometry":{"type":"Point","coordinates":[112.3,-7.1]}},{"type":"Feature","properties":{"Line":"S138","Sp":"1892.5","X":"648300.5","Y":"9215725.3","NAMOBJ":"Surabayan","WADMKC":"Sukodadi","WADMKK":"Lamongan"},"geometry":{"type":"Point","coordinates":[112.3,-7.1]}},{"type":"Feature","properties":{"Line":"S138","Sp":"1896.5","X":"648300.5","Y":"9215675.3","NAMOBJ":"Surabayan","WADMKC":"Sukodadi","WADMKK":"Lamongan"},"geometry":{"type":"Point","coordinates":[112.3,-7.1]}},{"type":"Feature","properties":{"Line":"S138","Sp":"1900.5","X":"648300.5","Y":"9215625.3","NAMOBJ":"Surabayan","WADMKC":"Sukodadi","WADMKK":"Lamongan"},"geometry":{"type":"Point","coordinates":[112.3,-7.1]}},{"type":"Feature","properties":{"Line":"S138","Sp":"1904.5","X":"648300.5","Y":"9215575.3","NAMOBJ":"Surabayan","WADMKC":"Sukodadi","WADMKK":"Lamongan"},"geometry":{"type":"Point","coordinates":[112.3,-7.1]}},{"type":"Feature","properties":{"Line":"S138","Sp":"1908.5","X":"648300.5","Y":"9215525.3","NAMOBJ":"Surabayan","WADMKC":"Sukodadi","WADMKK":"Lamongan"},"geometry":{"type":"Point","coordinates":[112.3,-7.1]}},{"type":"Feature","properties":{"Line":"S138","Sp":"1912.5","X":"648300.5","Y":"9215475.3","NAMOBJ":"Surabayan","WADMKC":"Sukodadi","WADMKK":"Lamongan"},"geometry":{"type":"Point","coordinates":[112.3,-7.1]}},{"type":"Feature","properties":{"Line":"S138","Sp":"1916.5","X":"648300.5","Y":"9215425.3","NAMOBJ":"Surabayan","WADMKC":"Sukodadi","WADMKK":"Lamongan"},"geometry":{"type":"Point","coordinates":[112.3,-7.1]}},{"type":"Feature","properties":{"Line":"S138","Sp":"1920.5","X":"648300.5","Y":"9215375.3","NAMOBJ":"Surabayan","WADMKC":"Sukodadi","WADMKK":"Lamongan"},"geometry":{"type":"Point","coordinates":[112.3,-7.1]}},{"type":"Feature","properties":{"Line":"S138","Sp":"1924.5","X":"648300.5","Y":"9215325.3","NAMOBJ":"Surabayan","WADMKC":"Sukodadi","WADMKK":"Lamongan"},"geometry":{"type":"Point","coordinates":[112.3,-7.1]}},{"type":"Feature","properties":{"Line":"S138","Sp":"1928.5","X":"648300.5","Y":"9215275.3","NAMOBJ":"Surabayan","WADMKC":"Sukodadi","WADMKK":"Lamongan"},"geometry":{"type":"Point","coordinates":[112.3,-7.1]}},{"type":"Feature","properties":{"Line":"S138","Sp":"1932.5","X":"648300.5","Y":"9215225.3","NAMOBJ":"Surabayan","WADMKC":"Sukodadi","WADMKK":"Lamongan"},"geometry":{"type":"Point","coordinates":[112.3,-7.1]}},{"type":"Feature","properties":{"Line":"S109","Sp":"2656.5","X":"643775.5","Y":"9212800.3","NAMOBJ":"Tanggungan","WADMKC":"Pucuk","WADMKK":"Lamongan"},"geometry":{"type":"Point","coordinates":[112.3,-7.1]}},{"type":"Feature","properties":{"Line":"S109","Sp":"2660.5","X":"643825.5","Y":"9212800.3","NAMOBJ":"Tanggungan","WADMKC":"Pucuk","WADMKK":"Lamongan"},"geometry":{"type":"Point","coordinates":[112.3,-7.1]}},{"type":"Feature","properties":{"Line":"S109","Sp":"2664.5","X":"643875.5","Y":"9212800.3","NAMOBJ":"Tanggungan","WADMKC":"Pucuk","WADMKK":"Lamongan"},"geometry":{"type":"Point","coordinates":[112.3,-7.1]}},{"type":"Feature","properties":{"Line":"S109","Sp":"2668.5","X":"643925.5","Y":"9212800.3","NAMOBJ":"Tanggungan","WADMKC":"Pucuk","WADMKK":"Lamongan"},"geometry":{"type":"Point","coordinates":[112.3,-7.1]}},{"type":"Feature","properties":{"Line":"S109","Sp":"2672.5","X":"643975.5","Y":"9212800.3","NAMOBJ":"Tanggungan","WADMKC":"Pucuk","WADMKK":"Lamongan"},"geometry":{"type":"Point","coordinates":[112.3,-7.1]}},{"type":"Feature","properties":{"Line":"S109","Sp":"2676.5","X":"644025.5","Y":"9212800.3","NAMOBJ":"Tanggungan","WADMKC":"Pucuk","WADMKK":"Lamongan"},"geometry":{"type":"Point","coordinates":[112.3,-7.1]}},{"type":"Feature","properties":{"Line":"S109","Sp":"2680.5","X":"644075.5","Y":"9212800.3","NAMOBJ":"Tanggungan","WADMKC":"Pucuk","WADMKK":"Lamongan"},"geometry":{"type":"Point","coordinates":[112.3,-7.1]}},{"type":"Feature","properties":{"Line":"S109","Sp":"2684.5","X":"644125.5","Y":"9212800.3","NAMOBJ":"Tanggungan","WADMKC":"Pucuk","WADMKK":"Lamongan"},"geometry":{"type":"Point","coordinates":[112.3,-7.1]}},{"type":"Feature","properties":{"Line":"S109","Sp":"2688.5","X":"644175.5","Y":"9212800.3","NAMOBJ":"Tanggungan","WADMKC":"Pucuk","WADMKK":"Lamongan"},"geometry":{"type":"Point","coordinates":[112.3,-7.1]}},{"type":"Feature","properties":{"Line":"S109","Sp":"2692.5","X":"644225.5","Y":"9212800.3","NAMOBJ":"Tanggungan","WADMKC":"Pucuk","WADMKK":"Lamongan"},"geometry":{"type":"Point","coordinates":[112.3,-7.1]}},{"type":"Feature","properties":{"Line":"S109","Sp":"2696.5","X":"644275.5","Y":"9212800.3","NAMOBJ":"Tanggungan","WADMKC":"Pucuk","WADMKK":"Lamongan"},"geometry":{"type":"Point","coordinates":[112.3,-7.1]}},{"type":"Feature","properties":{"Line":"S109","Sp":"2700.5","X":"644325.5","Y":"9212800.3","NAMOBJ":"Tanggungan","WADMKC":"Pucuk","WADMKK":"Lamongan"},"geometry":{"type":"Point","coordinates":[112.3,-7.1]}},{"type":"Feature","properties":{"Line":"S109","Sp":"2704.5","X":"644375.5","Y":"9212800.3","NAMOBJ":"Tanggungan","WADMKC":"Pucuk","WADMKK":"Lamongan"},"geometry":{"type":"Point","coordinates":[112.3,-7.1]}},{"type":"Feature","properties":{"Line":"S109","Sp":"2708.5","X":"644425.5","Y":"9212800.3","NAMOBJ":"Tanggungan","WADMKC":"Pucuk","WADMKK":"Lamongan"},"geometry":{"type":"Point","coordinates":[112.3,-7.1]}},{"type":"Feature","properties":{"Line":"S109","Sp":"2712.5","X":"644475.5","Y":"9212800.3","NAMOBJ":"Tanggungan","WADMKC":"Pucuk","WADMKK":"Lamongan"},"geometry":{"type":"Point","coordinates":[112.3,-7.1]}},{"type":"Feature","properties":{"Line":"S109","Sp":"2716.5","X":"644525.5","Y":"9212800.3","NAMOBJ":"Tanggungan","WADMKC":"Pucuk","WADMKK":"Lamongan"},"geometry":{"type":"Point","coordinates":[112.3,-7.1]}},{"type":"Feature","properties":{"Line":"S111","Sp":"2644.5","X":"643675.5","Y":"9213800.3","NAMOBJ":"Tanggungan","WADMKC":"Pucuk","WADMKK":"Lamongan"},"geometry":{"type":"Point","coordinates":[112.3,-7.1]}},{"type":"Feature","properties":{"Line":"S111","Sp":"2648.5","X":"643725.5","Y":"9213800.3","NAMOBJ":"Tanggungan","WADMKC":"Pucuk","WADMKK":"Lamongan"},"geometry":{"type":"Point","coordinates":[112.3,-7.1]}},{"type":"Feature","properties":{"Line":"S111","Sp":"2652.5","X":"643775.5","Y":"9213800.3","NAMOBJ":"Tanggungan","WADMKC":"Pucuk","WADMKK":"Lamongan"},"geometry":{"type":"Point","coordinates":[112.3,-7.1]}},{"type":"Feature","properties":{"Line":"S111","Sp":"2656.5","X":"643825.5","Y":"9213800.3","NAMOBJ":"Tanggungan","WADMKC":"Pucuk","WADMKK":"Lamongan"},"geometry":{"type":"Point","coordinates":[112.3,-7.1]}},{"type":"Feature","properties":{"Line":"S111","Sp":"2660.5","X":"643875.5","Y":"9213800.3","NAMOBJ":"Tanggungan","WADMKC":"Pucuk","WADMKK":"Lamongan"},"geometry":{"type":"Point","coordinates":[112.3,-7.1]}},{"type":"Feature","properties":{"Line":"S111","Sp":"2664.5","X":"643925.5","Y":"9213800.3","NAMOBJ":"Tanggungan","WADMKC":"Pucuk","WADMKK":"Lamongan"},"geometry":{"type":"Point","coordinates":[112.3,-7.1]}},{"type":"Feature","properties":{"Line":"S111","Sp":"2668.5","X":"643975.5","Y":"9213800.3","NAMOBJ":"Tanggungan","WADMKC":"Pucuk","WADMKK":"Lamongan"},"geometry":{"type":"Point","coordinates":[112.3,-7.1]}},{"type":"Feature","properties":{"Line":"S111","Sp":"2672.5","X":"644025.5","Y":"9213800.3","NAMOBJ":"Tanggungan","WADMKC":"Pucuk","WADMKK":"Lamongan"},"geometry":{"type":"Point","coordinates":[112.3,-7.1]}},{"type":"Feature","properties":{"Line":"S111","Sp":"2676.5","X":"644075.5","Y":"9213800.3","NAMOBJ":"Tanggungan","WADMKC":"Pucuk","WADMKK":"Lamongan"},"geometry":{"type":"Point","coordinates":[112.3,-7.1]}},{"type":"Feature","properties":{"Line":"S111","Sp":"2680.5","X":"644125.5","Y":"9213800.3","NAMOBJ":"Tanggungan","WADMKC":"Pucuk","WADMKK":"Lamongan"},"geometry":{"type":"Point","coordinates":[112.3,-7.1]}},{"type":"Feature","properties":{"Line":"S111","Sp":"2684.5","X":"644175.5","Y":"9213800.3","NAMOBJ":"Tanggungan","WADMKC":"Pucuk","WADMKK":"Lamongan"},"geometry":{"type":"Point","coordinates":[112.3,-7.1]}},{"type":"Feature","properties":{"Line":"S111","Sp":"2688.5","X":"644225.5","Y":"9213800.3","NAMOBJ":"Tanggungan","WADMKC":"Pucuk","WADMKK":"Lamongan"},"geometry":{"type":"Point","coordinates":[112.3,-7.1]}},{"type":"Feature","properties":{"Line":"S111","Sp":"2692.5","X":"644275.5","Y":"9213800.3","NAMOBJ":"Tanggungan","WADMKC":"Pucuk","WADMKK":"Lamongan"},"geometry":{"type":"Point","coordinates":[112.3,-7.1]}},{"type":"Feature","properties":{"Line":"S111","Sp":"2696.5","X":"644325.5","Y":"9213800.3","NAMOBJ":"Tanggungan","WADMKC":"Pucuk","WADMKK":"Lamongan"},"geometry":{"type":"Point","coordinates":[112.3,-7.1]}},{"type":"Feature","properties":{"Line":"S111","Sp":"2700.5","X":"644375.5","Y":"9213800.3","NAMOBJ":"Tanggungan","WADMKC":"Pucuk","WADMKK":"Lamongan"},"geometry":{"type":"Point","coordinates":[112.3,-7.1]}},{"type":"Feature","properties":{"Line":"S111","Sp":"2704.5","X":"644425.5","Y":"9213800.3","NAMOBJ":"Tanggungan","WADMKC":"Pucuk","WADMKK":"Lamongan"},"geometry":{"type":"Point","coordinates":[112.3,-7.1]}},{"type":"Feature","properties":{"Line":"S111","Sp":"2708.5","X":"644475.5","Y":"9213800.3","NAMOBJ":"Tanggungan","WADMKC":"Pucuk","WADMKK":"Lamongan"},"geometry":{"type":"Point","coordinates":[112.3,-7.1]}},{"type":"Feature","properties":{"Line":"S111","Sp":"2712.5","X":"644525.5","Y":"9213800.3","NAMOBJ":"Tanggungan","WADMKC":"Pucuk","WADMKK":"Lamongan"},"geometry":{"type":"Point","coordinates":[112.3,-7.1]}},{"type":"Feature","properties":{"Line":"S111","Sp":"2716.5","X":"644575.5","Y":"9213800.3","NAMOBJ":"Tanggungan","WADMKC":"Pucuk","WADMKK":"Lamongan"},"geometry":{"type":"Point","coordinates":[112.3,-7.1]}},{"type":"Feature","properties":{"Line":"S111","Sp":"2720.5","X":"644625.5","Y":"9213800.3","NAMOBJ":"Tanggungan","WADMKC":"Pucuk","WADMKK":"Lamongan"},"geometry":{"type":"Point","coordinates":[112.3,-7.1]}},{"type":"Feature","properties":{"Line":"S111","Sp":"2724.5","X":"644675.5","Y":"9213800.3","NAMOBJ":"Tanggungan","WADMKC":"Pucuk","WADMKK":"Lamongan"},"geometry":{"type":"Point","coordinates":[112.3,-7.1]}},{"type":"Feature","properties":{"Line":"S111","Sp":"2728.5","X":"644725.5","Y":"9213800.3","NAMOBJ":"Tanggungan","WADMKC":"Pucuk","WADMKK":"Lamongan"},"geometry":{"type":"Point","coordinates":[112.3,-7.1]}},{"type":"Feature","properties":{"Line":"S113","Sp":"2508.5","X":"643075.5","Y":"9214800.3","NAMOBJ":"Tanggungan","WADMKC":"Pucuk","WADMKK":"Lamongan"},"geometry":{"type":"Point","coordinates":[112.3,-7.1]}},{"type":"Feature","properties":{"Line":"S113","Sp":"2512.5","X":"643125.5","Y":"9214800.3","NAMOBJ":"Tanggungan","WADMKC":"Pucuk","WADMKK":"Lamongan"},"geometry":{"type":"Point","coordinates":[112.3,-7.1]}},{"type":"Feature","properties":{"Line":"S113","Sp":"2516.5","X":"643175.5","Y":"9214800.3","NAMOBJ":"Tanggungan","WADMKC":"Pucuk","WADMKK":"Lamongan"},"geometry":{"type":"Point","coordinates":[112.3,-7.1]}},{"type":"Feature","properties":{"Line":"S113","Sp":"2520.5","X":"643225.5","Y":"9214800.3","NAMOBJ":"Tanggungan","WADMKC":"Pucuk","WADMKK":"Lamongan"},"geometry":{"type":"Point","coordinates":[112.3,-7.1]}},{"type":"Feature","properties":{"Line":"S113","Sp":"2524.5","X":"643275.5","Y":"9214800.3","NAMOBJ":"Tanggungan","WADMKC":"Pucuk","WADMKK":"Lamongan"},"geometry":{"type":"Point","coordinates":[112.3,-7.1]}},{"type":"Feature","properties":{"Line":"S113","Sp":"2528.5","X":"643325.5","Y":"9214800.3","NAMOBJ":"Tanggungan","WADMKC":"Pucuk","WADMKK":"Lamongan"},"geometry":{"type":"Point","coordinates":[112.3,-7.1]}},{"type":"Feature","properties":{"Line":"S113","Sp":"2532.5","X":"643375.5","Y":"9214800.3","NAMOBJ":"Tanggungan","WADMKC":"Pucuk","WADMKK":"Lamongan"},"geometry":{"type":"Point","coordinates":[112.3,-7.1]}},{"type":"Feature","properties":{"Line":"S113","Sp":"2536.5","X":"643425.5","Y":"9214800.3","NAMOBJ":"Tanggungan","WADMKC":"Pucuk","WADMKK":"Lamongan"},"geometry":{"type":"Point","coordinates":[112.3,-7.1]}},{"type":"Feature","properties":{"Line":"S113","Sp":"2540.5","X":"643475.5","Y":"9214800.3","NAMOBJ":"Tanggungan","WADMKC":"Pucuk","WADMKK":"Lamongan"},"geometry":{"type":"Point","coordinates":[112.3,-7.1]}},{"type":"Feature","properties":{"Line":"S113","Sp":"2544.5","X":"643525.5","Y":"9214800.3","NAMOBJ":"Tanggungan","WADMKC":"Pucuk","WADMKK":"Lamongan"},"geometry":{"type":"Point","coordinates":[112.3,-7.1]}},{"type":"Feature","properties":{"Line":"S113","Sp":"2548.5","X":"643575.5","Y":"9214800.3","NAMOBJ":"Tanggungan","WADMKC":"Pucuk","WADMKK":"Lamongan"},"geometry":{"type":"Point","coordinates":[112.3,-7.1]}},{"type":"Feature","properties":{"Line":"S113","Sp":"2552.5","X":"643625.5","Y":"9214800.3","NAMOBJ":"Tanggungan","WADMKC":"Pucuk","WADMKK":"Lamongan"},"geometry":{"type":"Point","coordinates":[112.3,-7.1]}},{"type":"Feature","properties":{"Line":"S113","Sp":"2556.5","X":"643675.5","Y":"9214800.3","NAMOBJ":"Tanggungan","WADMKC":"Pucuk","WADMKK":"Lamongan"},"geometry":{"type":"Point","coordinates":[112.3,-7.1]}},{"type":"Feature","properties":{"Line":"S113","Sp":"2560.5","X":"643725.5","Y":"9214800.3","NAMOBJ":"Tanggungan","WADMKC":"Pucuk","WADMKK":"Lamongan"},"geometry":{"type":"Point","coordinates":[112.3,-7.1]}},{"type":"Feature","properties":{"Line":"S113","Sp":"2564.5","X":"643775.5","Y":"9214800.3","NAMOBJ":"Tanggungan","WADMKC":"Pucuk","WADMKK":"Lamongan"},"geometry":{"type":"Point","coordinates":[112.3,-7.1]}},{"type":"Feature","properties":{"Line":"S113","Sp":"2568.5","X":"643825.5","Y":"9214800.3","NAMOBJ":"Tanggungan","WADMKC":"Pucuk","WADMKK":"Lamongan"},"geometry":{"type":"Point","coordinates":[112.3,-7.1]}},{"type":"Feature","properties":{"Line":"S113","Sp":"2572.5","X":"643875.5","Y":"9214800.3","NAMOBJ":"Tanggungan","WADMKC":"Pucuk","WADMKK":"Lamongan"},"geometry":{"type":"Point","coordinates":[112.3,-7.1]}},{"type":"Feature","properties":{"Line":"S113","Sp":"2576.5","X":"643925.5","Y":"9214800.3","NAMOBJ":"Tanggungan","WADMKC":"Pucuk","WADMKK":"Lamongan"},"geometry":{"type":"Point","coordinates":[112.3,-7.1]}},{"type":"Feature","properties":{"Line":"S113","Sp":"2580.5","X":"643975.5","Y":"9214800.3","NAMOBJ":"Tanggungan","WADMKC":"Pucuk","WADMKK":"Lamongan"},"geometry":{"type":"Point","coordinates":[112.3,-7.1]}},{"type":"Feature","properties":{"Line":"S113","Sp":"2584.5","X":"644025.5","Y":"9214800.3","NAMOBJ":"Tanggungan","WADMKC":"Pucuk","WADMKK":"Lamongan"},"geometry":{"type":"Point","coordinates":[112.3,-7.1]}},{"type":"Feature","properties":{"Line":"S113","Sp":"2588.5","X":"644075.5","Y":"9214800.3","NAMOBJ":"Tanggungan","WADMKC":"Pucuk","WADMKK":"Lamongan"},"geometry":{"type":"Point","coordinates":[112.3,-7.1]}},{"type":"Feature","properties":{"Line":"S113","Sp":"2592.5","X":"644125.5","Y":"9214800.3","NAMOBJ":"Tanggungan","WADMKC":"Pucuk","WADMKK":"Lamongan"},"geometry":{"type":"Point","coordinates":[112.3,-7.1]}},{"type":"Feature","properties":{"Line":"S113","Sp":"2596.5","X":"644175.5","Y":"9214800.3","NAMOBJ":"Tanggungan","WADMKC":"Pucuk","WADMKK":"Lamongan"},"geometry":{"type":"Point","coordinates":[112.3,-7.1]}},{"type":"Feature","properties":{"Line":"S113","Sp":"2600.5","X":"644225.5","Y":"9214800.3","NAMOBJ":"Tanggungan","WADMKC":"Pucuk","WADMKK":"Lamongan"},"geometry":{"type":"Point","coordinates":[112.3,-7.1]}},{"type":"Feature","properties":{"Line":"S113","Sp":"2604.5","X":"644275.5","Y":"9214800.3","NAMOBJ":"Tanggungan","WADMKC":"Pucuk","WADMKK":"Lamongan"},"geometry":{"type":"Point","coordinates":[112.3,-7.1]}},{"type":"Feature","properties":{"Line":"S113","Sp":"2608.5","X":"644325.5","Y":"9214800.3","NAMOBJ":"Tanggungan","WADMKC":"Pucuk","WADMKK":"Lamongan"},"geometry":{"type":"Point","coordinates":[112.3,-7.1]}},{"type":"Feature","properties":{"Line":"S113","Sp":"2612.5","X":"644375.5","Y":"9214800.3","NAMOBJ":"Tanggungan","WADMKC":"Pucuk","WADMKK":"Lamongan"},"geometry":{"type":"Point","coordinates":[112.3,-7.1]}},{"type":"Feature","properties":{"Line":"S113","Sp":"2616.5","X":"644425.5","Y":"9214800.3","NAMOBJ":"Tanggungan","WADMKC":"Pucuk","WADMKK":"Lamongan"},"geometry":{"type":"Point","coordinates":[112.3,-7.1]}},{"type":"Feature","properties":{"Line":"S113","Sp":"2620.5","X":"644475.5","Y":"9214800.3","NAMOBJ":"Tanggungan","WADMKC":"Pucuk","WADMKK":"Lamongan"},"geometry":{"type":"Point","coordinates":[112.3,-7.1]}},{"type":"Feature","properties":{"Line":"S113","Sp":"2624.5","X":"644525.5","Y":"9214800.3","NAMOBJ":"Tanggungan","WADMKC":"Pucuk","WADMKK":"Lamongan"},"geometry":{"type":"Point","coordinates":[112.3,-7.1]}},{"type":"Feature","properties":{"Line":"S113","Sp":"2628.5","X":"644575.5","Y":"9214800.3","NAMOBJ":"Tanggungan","WADMKC":"Pucuk","WADMKK":"Lamongan"},"geometry":{"type":"Point","coordinates":[112.3,-7.1]}},{"type":"Feature","properties":{"Line":"S113","Sp":"2632.5","X":"644625.5","Y":"9214800.3","NAMOBJ":"Tanggungan","WADMKC":"Pucuk","WADMKK":"Lamongan"},"geometry":{"type":"Point","coordinates":[112.3,-7.1]}},{"type":"Feature","properties":{"Line":"S128","Sp":"1992.5","X":"643300.5","Y":"9215025.3","NAMOBJ":"Tanggungan","WADMKC":"Pucuk","WADMKK":"Lamongan"},"geometry":{"type":"Point","coordinates":[112.3,-7.1]}},{"type":"Feature","properties":{"Line":"S128","Sp":"1996.5","X":"643300.5","Y":"9214975.3","NAMOBJ":"Tanggungan","WADMKC":"Pucuk","WADMKK":"Lamongan"},"geometry":{"type":"Point","coordinates":[112.3,-7.1]}},{"type":"Feature","properties":{"Line":"S128","Sp":"2000.5","X":"643300.5","Y":"9214925.3","NAMOBJ":"Tanggungan","WADMKC":"Pucuk","WADMKK":"Lamongan"},"geometry":{"type":"Point","coordinates":[112.3,-7.1]}},{"type":"Feature","properties":{"Line":"S128","Sp":"2004.5","X":"643300.5","Y":"9214875.3","NAMOBJ":"Tanggungan","WADMKC":"Pucuk","WADMKK":"Lamongan"},"geometry":{"type":"Point","coordinates":[112.3,-7.1]}},{"type":"Feature","properties":{"Line":"S128","Sp":"2008.5","X":"643300.5","Y":"9214825.3","NAMOBJ":"Tanggungan","WADMKC":"Pucuk","WADMKK":"Lamongan"},"geometry":{"type":"Point","coordinates":[112.3,-7.1]}},{"type":"Feature","properties":{"Line":"S128","Sp":"2012.5","X":"643300.5","Y":"9214775.3","NAMOBJ":"Tanggungan","WADMKC":"Pucuk","WADMKK":"Lamongan"},"geometry":{"type":"Point","coordinates":[112.3,-7.1]}},{"type":"Feature","properties":{"Line":"S128","Sp":"2016.5","X":"643300.5","Y":"9214725.3","NAMOBJ":"Tanggungan","WADMKC":"Pucuk","WADMKK":"Lamongan"},"geometry":{"type":"Point","coordinates":[112.3,-7.1]}},{"type":"Feature","properties":{"Line":"S130","Sp":"1960.5","X":"644300.5","Y":"9215275.3","NAMOBJ":"Tanggungan","WADMKC":"Pucuk","WADMKK":"Lamongan"},"geometry":{"type":"Point","coordinates":[112.3,-7.1]}},{"type":"Feature","properties":{"Line":"S130","Sp":"1964.5","X":"644300.5","Y":"9215225.3","NAMOBJ":"Tanggungan","WADMKC":"Pucuk","WADMKK":"Lamongan"},"geometry":{"type":"Point","coordinates":[112.3,-7.1]}},{"type":"Feature","properties":{"Line":"S130","Sp":"1968.5","X":"644300.5","Y":"9215175.3","NAMOBJ":"Tanggungan","WADMKC":"Pucuk","WADMKK":"Lamongan"},"geometry":{"type":"Point","coordinates":[112.3,-7.1]}},{"type":"Feature","properties":{"Line":"S130","Sp":"1972.5","X":"644300.5","Y":"9215125.3","NAMOBJ":"Tanggungan","WADMKC":"Pucuk","WADMKK":"Lamongan"},"geometry":{"type":"Point","coordinates":[112.3,-7.1]}},{"type":"Feature","properties":{"Line":"S130","Sp":"1976.5","X":"644300.5","Y":"9215075.3","NAMOBJ":"Tanggungan","WADMKC":"Pucuk","WADMKK":"Lamongan"},"geometry":{"type":"Point","coordinates":[112.3,-7.1]}},{"type":"Feature","properties":{"Line":"S130","Sp":"1980.5","X":"644300.5","Y":"9215025.3","NAMOBJ":"Tanggungan","WADMKC":"Pucuk","WADMKK":"Lamongan"},"geometry":{"type":"Point","coordinates":[112.3,-7.1]}},{"type":"Feature","properties":{"Line":"S130","Sp":"1984.5","X":"644300.5","Y":"9214975.3","NAMOBJ":"Tanggungan","WADMKC":"Pucuk","WADMKK":"Lamongan"},"geometry":{"type":"Point","coordinates":[112.3,-7.1]}},{"type":"Feature","properties":{"Line":"S130","Sp":"1988.5","X":"644300.5","Y":"9214925.3","NAMOBJ":"Tanggungan","WADMKC":"Pucuk","WADMKK":"Lamongan"},"geometry":{"type":"Point","coordinates":[112.3,-7.1]}},{"type":"Feature","properties":{"Line":"S130","Sp":"1992.5","X":"644300.5","Y":"9214875.3","NAMOBJ":"Tanggungan","WADMKC":"Pucuk","WADMKK":"Lamongan"},"geometry":{"type":"Point","coordinates":[112.3,-7.1]}},{"type":"Feature","properties":{"Line":"S130","Sp":"1996.5","X":"644300.5","Y":"9214825.3","NAMOBJ":"Tanggungan","WADMKC":"Pucuk","WADMKK":"Lamongan"},"geometry":{"type":"Point","coordinates":[112.3,-7.1]}},{"type":"Feature","properties":{"Line":"S130","Sp":"2000.5","X":"644300.5","Y":"9214775.3","NAMOBJ":"Tanggungan","WADMKC":"Pucuk","WADMKK":"Lamongan"},"geometry":{"type":"Point","coordinates":[112.3,-7.1]}},{"type":"Feature","properties":{"Line":"S130","Sp":"2004.5","X":"644300.5","Y":"9214725.3","NAMOBJ":"Tanggungan","WADMKC":"Pucuk","WADMKK":"Lamongan"},"geometry":{"type":"Point","coordinates":[112.3,-7.1]}},{"type":"Feature","properties":{"Line":"S130","Sp":"2008.5","X":"644300.5","Y":"9214675.3","NAMOBJ":"Tanggungan","WADMKC":"Pucuk","WADMKK":"Lamongan"},"geometry":{"type":"Point","coordinates":[112.3,-7.1]}},{"type":"Feature","properties":{"Line":"S130","Sp":"2012.5","X":"644300.5","Y":"9214625.3","NAMOBJ":"Tanggungan","WADMKC":"Pucuk","WADMKK":"Lamongan"},"geometry":{"type":"Point","coordinates":[112.3,-7.1]}},{"type":"Feature","properties":{"Line":"S130","Sp":"2016.5","X":"644300.5","Y":"9214575.3","NAMOBJ":"Tanggungan","WADMKC":"Pucuk","WADMKK":"Lamongan"},"geometry":{"type":"Point","coordinates":[112.3,-7.1]}},{"type":"Feature","properties":{"Line":"S130","Sp":"2020.5","X":"644300.5","Y":"9214525.3","NAMOBJ":"Tanggungan","WADMKC":"Pucuk","WADMKK":"Lamongan"},"geometry":{"type":"Point","coordinates":[112.3,-7.1]}},{"type":"Feature","properties":{"Line":"S130","Sp":"2024.5","X":"644300.5","Y":"9214475.3","NAMOBJ":"Tanggungan","WADMKC":"Pucuk","WADMKK":"Lamongan"},"geometry":{"type":"Point","coordinates":[112.3,-7.1]}},{"type":"Feature","properties":{"Line":"S130","Sp":"2028.5","X":"644300.5","Y":"9214425.3","NAMOBJ":"Tanggungan","WADMKC":"Pucuk","WADMKK":"Lamongan"},"geometry":{"type":"Point","coordinates":[112.3,-7.1]}},{"type":"Feature","properties":{"Line":"S130","Sp":"2032.5","X":"644300.5","Y":"9214375.3","NAMOBJ":"Tanggungan","WADMKC":"Pucuk","WADMKK":"Lamongan"},"geometry":{"type":"Point","coordinates":[112.3,-7.1]}},{"type":"Feature","properties":{"Line":"S130","Sp":"2036.5","X":"644300.5","Y":"9214325.3","NAMOBJ":"Tanggungan","WADMKC":"Pucuk","WADMKK":"Lamongan"},"geometry":{"type":"Point","coordinates":[112.3,-7.1]}},{"type":"Feature","properties":{"Line":"S130","Sp":"2040.5","X":"644300.5","Y":"9214275.3","NAMOBJ":"Tanggungan","WADMKC":"Pucuk","WADMKK":"Lamongan"},"geometry":{"type":"Point","coordinates":[112.3,-7.1]}},{"type":"Feature","properties":{"Line":"S130","Sp":"2044.5","X":"644300.5","Y":"9214225.3","NAMOBJ":"Tanggungan","WADMKC":"Pucuk","WADMKK":"Lamongan"},"geometry":{"type":"Point","coordinates":[112.3,-7.1]}},{"type":"Feature","properties":{"Line":"S130","Sp":"2048.5","X":"644300.5","Y":"9214175.3","NAMOBJ":"Tanggungan","WADMKC":"Pucuk","WADMKK":"Lamongan"},"geometry":{"type":"Point","coordinates":[112.3,-7.1]}},{"type":"Feature","properties":{"Line":"S130","Sp":"2052.5","X":"644300.5","Y":"9214125.3","NAMOBJ":"Tanggungan","WADMKC":"Pucuk","WADMKK":"Lamongan"},"geometry":{"type":"Point","coordinates":[112.3,-7.1]}},{"type":"Feature","properties":{"Line":"S130","Sp":"2056.5","X":"644300.5","Y":"9214075.3","NAMOBJ":"Tanggungan","WADMKC":"Pucuk","WADMKK":"Lamongan"},"geometry":{"type":"Point","coordinates":[112.3,-7.1]}},{"type":"Feature","properties":{"Line":"S130","Sp":"2060.5","X":"644300.5","Y":"9214025.3","NAMOBJ":"Tanggungan","WADMKC":"Pucuk","WADMKK":"Lamongan"},"geometry":{"type":"Point","coordinates":[112.3,-7.1]}},{"type":"Feature","properties":{"Line":"S130","Sp":"2064.5","X":"644300.5","Y":"9213975.3","NAMOBJ":"Tanggungan","WADMKC":"Pucuk","WADMKK":"Lamongan"},"geometry":{"type":"Point","coordinates":[112.3,-7.1]}},{"type":"Feature","properties":{"Line":"S130","Sp":"2068.5","X":"644300.5","Y":"9213925.3","NAMOBJ":"Tanggungan","WADMKC":"Pucuk","WADMKK":"Lamongan"},"geometry":{"type":"Point","coordinates":[112.3,-7.1]}},{"type":"Feature","properties":{"Line":"S130","Sp":"2072.5","X":"644300.5","Y":"9213875.3","NAMOBJ":"Tanggungan","WADMKC":"Pucuk","WADMKK":"Lamongan"},"geometry":{"type":"Point","coordinates":[112.3,-7.1]}},{"type":"Feature","properties":{"Line":"S130","Sp":"2076.5","X":"644300.5","Y":"9213825.3","NAMOBJ":"Tanggungan","WADMKC":"Pucuk","WADMKK":"Lamongan"},"geometry":{"type":"Point","coordinates":[112.3,-7.1]}},{"type":"Feature","properties":{"Line":"S130","Sp":"2080.5","X":"644300.5","Y":"9213775.3","NAMOBJ":"Tanggungan","WADMKC":"Pucuk","WADMKK":"Lamongan"},"geometry":{"type":"Point","coordinates":[112.3,-7.1]}},{"type":"Feature","properties":{"Line":"S130","Sp":"2084.5","X":"644300.5","Y":"9213725.3","NAMOBJ":"Tanggungan","WADMKC":"Pucuk","WADMKK":"Lamongan"},"geometry":{"type":"Point","coordinates":[112.3,-7.1]}},{"type":"Feature","properties":{"Line":"S130","Sp":"2088.5","X":"644300.5","Y":"9213675.3","NAMOBJ":"Tanggungan","WADMKC":"Pucuk","WADMKK":"Lamongan"},"geometry":{"type":"Point","coordinates":[112.3,-7.1]}},{"type":"Feature","properties":{"Line":"S130","Sp":"2092.5","X":"644300.5","Y":"9213625.3","NAMOBJ":"Tanggungan","WADMKC":"Pucuk","WADMKK":"Lamongan"},"geometry":{"type":"Point","coordinates":[112.3,-7.1]}},{"type":"Feature","properties":{"Line":"S130","Sp":"2096.5","X":"644300.5","Y":"9213575.3","NAMOBJ":"Tanggungan","WADMKC":"Pucuk","WADMKK":"Lamongan"},"geometry":{"type":"Point","coordinates":[112.3,-7.1]}},{"type":"Feature","properties":{"Line":"S130","Sp":"2100.5","X":"644300.5","Y":"9213525.3","NAMOBJ":"Tanggungan","WADMKC":"Pucuk","WADMKK":"Lamongan"},"geometry":{"type":"Point","coordinates":[112.3,-7.1]}},{"type":"Feature","properties":{"Line":"S130","Sp":"2104.5","X":"644300.5","Y":"9213475.3","NAMOBJ":"Tanggungan","WADMKC":"Pucuk","WADMKK":"Lamongan"},"geometry":{"type":"Point","coordinates":[112.3,-7.1]}},{"type":"Feature","properties":{"Line":"S130","Sp":"2108.5","X":"644300.5","Y":"9213425.3","NAMOBJ":"Tanggungan","WADMKC":"Pucuk","WADMKK":"Lamongan"},"geometry":{"type":"Point","coordinates":[112.3,-7.1]}},{"type":"Feature","properties":{"Line":"S130","Sp":"2112.5","X":"644300.5","Y":"9213375.3","NAMOBJ":"Tanggungan","WADMKC":"Pucuk","WADMKK":"Lamongan"},"geometry":{"type":"Point","coordinates":[112.3,-7.1]}},{"type":"Feature","properties":{"Line":"S130","Sp":"2116.5","X":"644300.5","Y":"9213325.3","NAMOBJ":"Tanggungan","WADMKC":"Pucuk","WADMKK":"Lamongan"},"geometry":{"type":"Point","coordinates":[112.3,-7.1]}},{"type":"Feature","properties":{"Line":"S130","Sp":"2120.5","X":"644300.5","Y":"9213275.3","NAMOBJ":"Tanggungan","WADMKC":"Pucuk","WADMKK":"Lamongan"},"geometry":{"type":"Point","coordinates":[112.3,-7.1]}},{"type":"Feature","properties":{"Line":"S130","Sp":"2124.5","X":"644300.5","Y":"9213225.3","NAMOBJ":"Tanggungan","WADMKC":"Pucuk","WADMKK":"Lamongan"},"geometry":{"type":"Point","coordinates":[112.3,-7.1]}},{"type":"Feature","properties":{"Line":"S130","Sp":"2128.5","X":"644300.5","Y":"9213175.3","NAMOBJ":"Tanggungan","WADMKC":"Pucuk","WADMKK":"Lamongan"},"geometry":{"type":"Point","coordinates":[112.3,-7.1]}},{"type":"Feature","properties":{"Line":"S130","Sp":"2132.5","X":"644300.5","Y":"9213125.3","NAMOBJ":"Tanggungan","WADMKC":"Pucuk","WADMKK":"Lamongan"},"geometry":{"type":"Point","coordinates":[112.3,-7.1]}},{"type":"Feature","properties":{"Line":"S130","Sp":"2136.5","X":"644300.5","Y":"9213075.3","NAMOBJ":"Tanggungan","WADMKC":"Pucuk","WADMKK":"Lamongan"},"geometry":{"type":"Point","coordinates":[112.3,-7.1]}},{"type":"Feature","properties":{"Line":"S130","Sp":"2140.5","X":"644300.5","Y":"9213025.3","NAMOBJ":"Tanggungan","WADMKC":"Pucuk","WADMKK":"Lamongan"},"geometry":{"type":"Point","coordinates":[112.3,-7.1]}},{"type":"Feature","properties":{"Line":"S130","Sp":"2144.5","X":"644300.5","Y":"9212975.3","NAMOBJ":"Tanggungan","WADMKC":"Pucuk","WADMKK":"Lamongan"},"geometry":{"type":"Point","coordinates":[112.3,-7.1]}},{"type":"Feature","properties":{"Line":"S130","Sp":"2148.5","X":"644300.5","Y":"9212925.3","NAMOBJ":"Tanggungan","WADMKC":"Pucuk","WADMKK":"Lamongan"},"geometry":{"type":"Point","coordinates":[112.3,-7.1]}},{"type":"Feature","properties":{"Line":"S130","Sp":"2152.5","X":"644300.5","Y":"9212875.3","NAMOBJ":"Tanggungan","WADMKC":"Pucuk","WADMKK":"Lamongan"},"geometry":{"type":"Point","coordinates":[112.3,-7.1]}},{"type":"Feature","properties":{"Line":"S130","Sp":"2156.5","X":"644300.5","Y":"9212825.3","NAMOBJ":"Tanggungan","WADMKC":"Pucuk","WADMKK":"Lamongan"},"geometry":{"type":"Point","coordinates":[112.3,-7.1]}},{"type":"Feature","properties":{"Line":"S130","Sp":"2160.5","X":"644300.5","Y":"9212775.3","NAMOBJ":"Tanggungan","WADMKC":"Pucuk","WADMKK":"Lamongan"},"geometry":{"type":"Point","coordinates":[112.3,-7.1]}},{"type":"Feature","properties":{"Line":"S130","Sp":"2164.5","X":"644300.5","Y":"9212725.3","NAMOBJ":"Tanggungan","WADMKC":"Pucuk","WADMKK":"Lamongan"},"geometry":{"type":"Point","coordinates":[112.3,-7.1]}},{"type":"Feature","properties":{"Line":"S130","Sp":"2168.5","X":"644300.5","Y":"9212675.3","NAMOBJ":"Tanggungan","WADMKC":"Pucuk","WADMKK":"Lamongan"},"geometry":{"type":"Point","coordinates":[112.3,-7.1]}},{"type":"Feature","properties":{"Line":"S111","Sp":"3060.5","X":"648875.5","Y":"9213800.3","NAMOBJ":"Tlogorejo","WADMKC":"Sukodadi","WADMKK":"Lamongan"},"geometry":{"type":"Point","coordinates":[112.3,-7.1]}},{"type":"Feature","properties":{"Line":"S111","Sp":"3064.5","X":"648925.5","Y":"9213800.3","NAMOBJ":"Tlogorejo","WADMKC":"Sukodadi","WADMKK":"Lamongan"},"geometry":{"type":"Point","coordinates":[112.3,-7.1]}},{"type":"Feature","properties":{"Line":"S111","Sp":"3068.5","X":"648975.5","Y":"9213800.3","NAMOBJ":"Tlogorejo","WADMKC":"Sukodadi","WADMKK":"Lamongan"},"geometry":{"type":"Point","coordinates":[112.3,-7.1]}},{"type":"Feature","properties":{"Line":"S111","Sp":"3072.5","X":"649025.5","Y":"9213800.3","NAMOBJ":"Tlogorejo","WADMKC":"Sukodadi","WADMKK":"Lamongan"},"geometry":{"type":"Point","coordinates":[112.3,-7.1]}},{"type":"Feature","properties":{"Line":"S111","Sp":"3076.5","X":"649075.5","Y":"9213800.3","NAMOBJ":"Tlogorejo","WADMKC":"Sukodadi","WADMKK":"Lamongan"},"geometry":{"type":"Point","coordinates":[112.3,-7.1]}},{"type":"Feature","properties":{"Line":"S107","Sp":"2456.5","X":"641425.5","Y":"9211800.3","NAMOBJ":"Wanar","WADMKC":"Pucuk","WADMKK":"Lamongan"},"geometry":{"type":"Point","coordinates":[112.3,-7.1]}},{"type":"Feature","properties":{"Line":"S107","Sp":"2460.5","X":"641475.5","Y":"9211800.3","NAMOBJ":"Wanar","WADMKC":"Pucuk","WADMKK":"Lamongan"},"geometry":{"type":"Point","coordinates":[112.3,-7.1]}},{"type":"Feature","properties":{"Line":"S107","Sp":"2464.5","X":"641525.5","Y":"9211800.3","NAMOBJ":"Wanar","WADMKC":"Pucuk","WADMKK":"Lamongan"},"geometry":{"type":"Point","coordinates":[112.3,-7.1]}},{"type":"Feature","properties":{"Line":"S107","Sp":"2468.5","X":"641575.5","Y":"9211800.3","NAMOBJ":"Wanar","WADMKC":"Pucuk","WADMKK":"Lamongan"},"geometry":{"type":"Point","coordinates":[112.3,-7.1]}},{"type":"Feature","properties":{"Line":"S109","Sp":"2468.5","X":"641425.5","Y":"9212800.3","NAMOBJ":"Wanar","WADMKC":"Pucuk","WADMKK":"Lamongan"},"geometry":{"type":"Point","coordinates":[112.3,-7.1]}},{"type":"Feature","properties":{"Line":"S109","Sp":"2472.5","X":"641475.5","Y":"9212800.3","NAMOBJ":"Wanar","WADMKC":"Pucuk","WADMKK":"Lamongan"},"geometry":{"type":"Point","coordinates":[112.3,-7.1]}},{"type":"Feature","properties":{"Line":"S109","Sp":"2476.5","X":"641525.5","Y":"9212800.3","NAMOBJ":"Wanar","WADMKC":"Pucuk","WADMKK":"Lamongan"},"geometry":{"type":"Point","coordinates":[112.3,-7.1]}},{"type":"Feature","properties":{"Line":"S109","Sp":"2480.5","X":"641575.5","Y":"9212800.3","NAMOBJ":"Wanar","WADMKC":"Pucuk","WADMKK":"Lamongan"},"geometry":{"type":"Point","coordinates":[112.3,-7.1]}},{"type":"Feature","properties":{"Line":"S109","Sp":"2484.5","X":"641625.5","Y":"9212800.3","NAMOBJ":"Wanar","WADMKC":"Pucuk","WADMKK":"Lamongan"},"geometry":{"type":"Point","coordinates":[112.3,-7.1]}},{"type":"Feature","properties":{"Line":"S109","Sp":"2488.5","X":"641675.5","Y":"9212800.3","NAMOBJ":"Wanar","WADMKC":"Pucuk","WADMKK":"Lamongan"},"geometry":{"type":"Point","coordinates":[112.3,-7.1]}},{"type":"Feature","properties":{"Line":"S109","Sp":"2492.5","X":"641725.5","Y":"9212800.3","NAMOBJ":"Wanar","WADMKC":"Pucuk","WADMKK":"Lamongan"},"geometry":{"type":"Point","coordinates":[112.3,-7.1]}},{"type":"Feature","properties":{"Line":"S109","Sp":"2496.5","X":"641775.5","Y":"9212800.3","NAMOBJ":"Wanar","WADMKC":"Pucuk","WADMKK":"Lamongan"},"geometry":{"type":"Point","coordinates":[112.3,-7.1]}},{"type":"Feature","properties":{"Line":"S109","Sp":"2500.5","X":"641825.5","Y":"9212800.3","NAMOBJ":"Wanar","WADMKC":"Pucuk","WADMKK":"Lamongan"},"geometry":{"type":"Point","coordinates":[112.3,-7.1]}},{"type":"Feature","properties":{"Line":"S111","Sp":"2464.5","X":"641425.5","Y":"9213800.3","NAMOBJ":"Wanar","WADMKC":"Pucuk","WADMKK":"Lamongan"},"geometry":{"type":"Point","coordinates":[112.3,-7.1]}},{"type":"Feature","properties":{"Line":"S111","Sp":"2468.5","X":"641475.5","Y":"9213800.3","NAMOBJ":"Wanar","WADMKC":"Pucuk","WADMKK":"Lamongan"},"geometry":{"type":"Point","coordinates":[112.3,-7.1]}},{"type":"Feature","properties":{"Line":"S111","Sp":"2472.5","X":"641525.5","Y":"9213800.3","NAMOBJ":"Wanar","WADMKC":"Pucuk","WADMKK":"Lamongan"},"geometry":{"type":"Point","coordinates":[112.3,-7.1]}},{"type":"Feature","properties":{"Line":"S111","Sp":"2476.5","X":"641575.5","Y":"9213800.3","NAMOBJ":"Wanar","WADMKC":"Pucuk","WADMKK":"Lamongan"},"geometry":{"type":"Point","coordinates":[112.3,-7.1]}},{"type":"Feature","properties":{"Line":"S111","Sp":"2480.5","X":"641625.5","Y":"9213800.3","NAMOBJ":"Wanar","WADMKC":"Pucuk","WADMKK":"Lamongan"},"geometry":{"type":"Point","coordinates":[112.3,-7.1]}},{"type":"Feature","properties":{"Line":"S111","Sp":"2484.5","X":"641675.5","Y":"9213800.3","NAMOBJ":"Wanar","WADMKC":"Pucuk","WADMKK":"Lamongan"},"geometry":{"type":"Point","coordinates":[112.3,-7.1]}},{"type":"Feature","properties":{"Line":"S113","Sp":"2376.5","X":"641425.5","Y":"9214800.3","NAMOBJ":"Warukulon","WADMKC":"Pucuk","WADMKK":"Lamongan"},"geometry":{"type":"Point","coordinates":[112.3,-7.1]}},{"type":"Feature","properties":{"Line":"S113","Sp":"2380.5","X":"641475.5","Y":"9214800.3","NAMOBJ":"Warukulon","WADMKC":"Pucuk","WADMKK":"Lamongan"},"geometry":{"type":"Point","coordinates":[112.3,-7.1]}},{"type":"Feature","properties":{"Line":"S113","Sp":"2384.5","X":"641525.5","Y":"9214800.3","NAMOBJ":"Warukulon","WADMKC":"Pucuk","WADMKK":"Lamongan"},"geometry":{"type":"Point","coordinates":[112.3,-7.1]}},{"type":"Feature","properties":{"Line":"S113","Sp":"2388.5","X":"641575.5","Y":"9214800.3","NAMOBJ":"Warukulon","WADMKC":"Pucuk","WADMKK":"Lamongan"},"geometry":{"type":"Point","coordinates":[112.3,-7.1]}},{"type":"Feature","properties":{"Line":"S113","Sp":"2392.5","X":"641625.5","Y":"9214800.3","NAMOBJ":"Warukulon","WADMKC":"Pucuk","WADMKK":"Lamongan"},"geometry":{"type":"Point","coordinates":[112.3,-7.1]}},{"type":"Feature","properties":{"Line":"S113","Sp":"2396.5","X":"641675.5","Y":"9214800.3","NAMOBJ":"Warukulon","WADMKC":"Pucuk","WADMKK":"Lamongan"},"geometry":{"type":"Point","coordinates":[112.3,-7.1]}},{"type":"Feature","properties":{"Line":"S113","Sp":"2400.5","X":"641725.5","Y":"9214800.3","NAMOBJ":"Warukulon","WADMKC":"Pucuk","WADMKK":"Lamongan"},"geometry":{"type":"Point","coordinates":[112.3,-7.1]}},{"type":"Feature","properties":{"Line":"S113","Sp":"2404.5","X":"641775.5","Y":"9214800.3","NAMOBJ":"Warukulon","WADMKC":"Pucuk","WADMKK":"Lamongan"},"geometry":{"type":"Point","coordinates":[112.3,-7.1]}},{"type":"Feature","properties":{"Line":"S113","Sp":"2408.5","X":"641825.5","Y":"9214800.3","NAMOBJ":"Warukulon","WADMKC":"Pucuk","WADMKK":"Lamongan"},"geometry":{"type":"Point","coordinates":[112.3,-7.1]}},{"type":"Feature","properties":{"Line":"S113","Sp":"2412.5","X":"641875.5","Y":"9214800.3","NAMOBJ":"Warukulon","WADMKC":"Pucuk","WADMKK":"Lamongan"},"geometry":{"type":"Point","coordinates":[112.3,-7.1]}},{"type":"Feature","properties":{"Line":"S113","Sp":"2416.5","X":"641925.5","Y":"9214800.3","NAMOBJ":"Warukulon","WADMKC":"Pucuk","WADMKK":"Lamongan"},"geometry":{"type":"Point","coordinates":[112.3,-7.1]}},{"type":"Feature","properties":{"Line":"S113","Sp":"2420.5","X":"641975.5","Y":"9214800.3","NAMOBJ":"Warukulon","WADMKC":"Pucuk","WADMKK":"Lamongan"},"geometry":{"type":"Point","coordinates":[112.3,-7.1]}},{"type":"Feature","properties":{"Line":"S113","Sp":"2424.5","X":"642025.5","Y":"9214800.3","NAMOBJ":"Warukulon","WADMKC":"Pucuk","WADMKK":"Lamongan"},"geometry":{"type":"Point","coordinates":[112.3,-7.1]}},{"type":"Feature","properties":{"Line":"S113","Sp":"2428.5","X":"642075.5","Y":"9214800.3","NAMOBJ":"Warukulon","WADMKC":"Pucuk","WADMKK":"Lamongan"},"geometry":{"type":"Point","coordinates":[112.3,-7.1]}},{"type":"Feature","properties":{"Line":"S113","Sp":"2432.5","X":"642125.5","Y":"9214800.3","NAMOBJ":"Warukulon","WADMKC":"Pucuk","WADMKK":"Lamongan"},"geometry":{"type":"Point","coordinates":[112.3,-7.1]}},{"type":"Feature","properties":{"Line":"S115","Sp":"2348.5","X":"641425.5","Y":"9215800.3","NAMOBJ":"Warukulon","WADMKC":"Pucuk","WADMKK":"Lamongan"},"geometry":{"type":"Point","coordinates":[112.3,-7.1]}},{"type":"Feature","properties":{"Line":"S115","Sp":"2352.5","X":"641475.5","Y":"9215800.3","NAMOBJ":"Warukulon","WADMKC":"Pucuk","WADMKK":"Lamongan"},"geometry":{"type":"Point","coordinates":[112.3,-7.1]}},{"type":"Feature","properties":{"Line":"S115","Sp":"2356.5","X":"641525.5","Y":"9215800.3","NAMOBJ":"Warukulon","WADMKC":"Pucuk","WADMKK":"Lamongan"},"geometry":{"type":"Point","coordinates":[112.3,-7.1]}},{"type":"Feature","properties":{"Line":"S115","Sp":"2360.5","X":"641575.5","Y":"9215800.3","NAMOBJ":"Warukulon","WADMKC":"Pucuk","WADMKK":"Lamongan"},"geometry":{"type":"Point","coordinates":[112.3,-7.1]}},{"type":"Feature","properties":{"Line":"S115","Sp":"2364.5","X":"641625.5","Y":"9215800.3","NAMOBJ":"Warukulon","WADMKC":"Pucuk","WADMKK":"Lamongan"},"geometry":{"type":"Point","coordinates":[112.3,-7.1]}},{"type":"Feature","properties":{"Line":"S115","Sp":"2368.5","X":"641675.5","Y":"9215800.3","NAMOBJ":"Warukulon","WADMKC":"Pucuk","WADMKK":"Lamongan"},"geometry":{"type":"Point","coordinates":[112.3,-7.1]}},{"type":"Feature","properties":{"Line":"S115","Sp":"2372.5","X":"641725.5","Y":"9215800.3","NAMOBJ":"Warukulon","WADMKC":"Pucuk","WADMKK":"Lamongan"},"geometry":{"type":"Point","coordinates":[112.3,-7.1]}},{"type":"Feature","properties":{"Line":"S115","Sp":"2376.5","X":"641775.5","Y":"9215800.3","NAMOBJ":"Warukulon","WADMKC":"Pucuk","WADMKK":"Lamongan"},"geometry":{"type":"Point","coordinates":[112.3,-7.1]}},{"type":"Feature","properties":{"Line":"S115","Sp":"2380.5","X":"641825.5","Y":"9215800.3","NAMOBJ":"Warukulon","WADMKC":"Pucuk","WADMKK":"Lamongan"},"geometry":{"type":"Point","coordinates":[112.3,-7.1]}},{"type":"Feature","properties":{"Line":"S115","Sp":"2384.5","X":"641875.5","Y":"9215800.3","NAMOBJ":"Warukulon","WADMKC":"Pucuk","WADMKK":"Lamongan"},"geometry":{"type":"Point","coordinates":[112.3,-7.1]}},{"type":"Feature","properties":{"Line":"S115","Sp":"2388.5","X":"641925.5","Y":"9215800.3","NAMOBJ":"Warukulon","WADMKC":"Pucuk","WADMKK":"Lamongan"},"geometry":{"type":"Point","coordinates":[112.3,-7.1]}},{"type":"Feature","properties":{"Line":"S115","Sp":"2392.5","X":"641975.5","Y":"9215800.3","NAMOBJ":"Warukulon","WADMKC":"Pucuk","WADMKK":"Lamongan"},"geometry":{"type":"Point","coordinates":[112.3,-7.1]}},{"type":"Feature","properties":{"Line":"S117","Sp":"2392.5","X":"641425.5","Y":"9216800.3","NAMOBJ":"Warukulon","WADMKC":"Pucuk","WADMKK":"Lamongan"},"geometry":{"type":"Point","coordinates":[112.3,-7.1]}},{"type":"Feature","properties":{"Line":"S126","Sp":"1888.5","X":"642300.5","Y":"9216525.3","NAMOBJ":"Warukulon","WADMKC":"Pucuk","WADMKK":"Lamongan"},"geometry":{"type":"Point","coordinates":[112.3,-7.1]}},{"type":"Feature","properties":{"Line":"S126","Sp":"1892.5","X":"642300.5","Y":"9216475.3","NAMOBJ":"Warukulon","WADMKC":"Pucuk","WADMKK":"Lamongan"},"geometry":{"type":"Point","coordinates":[112.3,-7.1]}},{"type":"Feature","properties":{"Line":"S115","Sp":"2396.5","X":"642025.5","Y":"9215800.3","NAMOBJ":"Waruwetan","WADMKC":"Pucuk","WADMKK":"Lamongan"},"geometry":{"type":"Point","coordinates":[112.3,-7.1]}},{"type":"Feature","properties":{"Line":"S115","Sp":"2400.5","X":"642075.5","Y":"9215800.3","NAMOBJ":"Waruwetan","WADMKC":"Pucuk","WADMKK":"Lamongan"},"geometry":{"type":"Point","coordinates":[112.3,-7.1]}},{"type":"Feature","properties":{"Line":"S115","Sp":"2404.5","X":"642125.5","Y":"9215800.3","NAMOBJ":"Waruwetan","WADMKC":"Pucuk","WADMKK":"Lamongan"},"geometry":{"type":"Point","coordinates":[112.3,-7.1]}},{"type":"Feature","properties":{"Line":"S115","Sp":"2408.5","X":"642175.5","Y":"9215800.3","NAMOBJ":"Waruwetan","WADMKC":"Pucuk","WADMKK":"Lamongan"},"geometry":{"type":"Point","coordinates":[112.3,-7.1]}},{"type":"Feature","properties":{"Line":"S115","Sp":"2412.5","X":"642225.5","Y":"9215800.3","NAMOBJ":"Waruwetan","WADMKC":"Pucuk","WADMKK":"Lamongan"},"geometry":{"type":"Point","coordinates":[112.3,-7.1]}},{"type":"Feature","properties":{"Line":"S115","Sp":"2416.5","X":"642275.5","Y":"9215800.3","NAMOBJ":"Waruwetan","WADMKC":"Pucuk","WADMKK":"Lamongan"},"geometry":{"type":"Point","coordinates":[112.3,-7.1]}},{"type":"Feature","properties":{"Line":"S115","Sp":"2420.5","X":"642325.5","Y":"9215800.3","NAMOBJ":"Waruwetan","WADMKC":"Pucuk","WADMKK":"Lamongan"},"geometry":{"type":"Point","coordinates":[112.3,-7.1]}},{"type":"Feature","properties":{"Line":"S115","Sp":"2424.5","X":"642375.5","Y":"9215800.3","NAMOBJ":"Waruwetan","WADMKC":"Pucuk","WADMKK":"Lamongan"},"geometry":{"type":"Point","coordinates":[112.3,-7.1]}},{"type":"Feature","properties":{"Line":"S115","Sp":"2428.5","X":"642425.5","Y":"9215800.3","NAMOBJ":"Waruwetan","WADMKC":"Pucuk","WADMKK":"Lamongan"},"geometry":{"type":"Point","coordinates":[112.3,-7.1]}},{"type":"Feature","properties":{"Line":"S115","Sp":"2432.5","X":"642475.5","Y":"9215800.3","NAMOBJ":"Waruwetan","WADMKC":"Pucuk","WADMKK":"Lamongan"},"geometry":{"type":"Point","coordinates":[112.3,-7.1]}},{"type":"Feature","properties":{"Line":"S115","Sp":"2436.5","X":"642525.5","Y":"9215800.3","NAMOBJ":"Waruwetan","WADMKC":"Pucuk","WADMKK":"Lamongan"},"geometry":{"type":"Point","coordinates":[112.3,-7.1]}},{"type":"Feature","properties":{"Line":"S115","Sp":"2440.5","X":"642575.5","Y":"9215800.3","NAMOBJ":"Waruwetan","WADMKC":"Pucuk","WADMKK":"Lamongan"},"geometry":{"type":"Point","coordinates":[112.3,-7.1]}},{"type":"Feature","properties":{"Line":"S126","Sp":"1920.5","X":"642300.5","Y":"9216125.3","NAMOBJ":"Waruwetan","WADMKC":"Pucuk","WADMKK":"Lamongan"},"geometry":{"type":"Point","coordinates":[112.3,-7.1]}},{"type":"Feature","properties":{"Line":"S126","Sp":"1924.5","X":"642300.5","Y":"9216075.3","NAMOBJ":"Waruwetan","WADMKC":"Pucuk","WADMKK":"Lamongan"},"geometry":{"type":"Point","coordinates":[112.3,-7.1]}},{"type":"Feature","properties":{"Line":"S126","Sp":"1928.5","X":"642300.5","Y":"9216025.3","NAMOBJ":"Waruwetan","WADMKC":"Pucuk","WADMKK":"Lamongan"},"geometry":{"type":"Point","coordinates":[112.3,-7.1]}},{"type":"Feature","properties":{"Line":"S126","Sp":"1932.5","X":"642300.5","Y":"9215975.3","NAMOBJ":"Waruwetan","WADMKC":"Pucuk","WADMKK":"Lamongan"},"geometry":{"type":"Point","coordinates":[112.3,-7.1]}},{"type":"Feature","properties":{"Line":"S126","Sp":"1936.5","X":"642300.5","Y":"9215925.3","NAMOBJ":"Waruwetan","WADMKC":"Pucuk","WADMKK":"Lamongan"},"geometry":{"type":"Point","coordinates":[112.3,-7.1]}},{"type":"Feature","properties":{"Line":"S126","Sp":"1940.5","X":"642300.5","Y":"9215875.3","NAMOBJ":"Waruwetan","WADMKC":"Pucuk","WADMKK":"Lamongan"},"geometry":{"type":"Point","coordinates":[112.3,-7.1]}},{"type":"Feature","properties":{"Line":"S126","Sp":"1944.5","X":"642300.5","Y":"9215825.3","NAMOBJ":"Waruwetan","WADMKC":"Pucuk","WADMKK":"Lamongan"},"geometry":{"type":"Point","coordinates":[112.3,-7.1]}},{"type":"Feature","properties":{"Line":"S126","Sp":"1948.5","X":"642300.5","Y":"9215775.3","NAMOBJ":"Waruwetan","WADMKC":"Pucuk","WADMKK":"Lamongan"},"geometry":{"type":"Point","coordinates":[112.3,-7.1]}},{"type":"Feature","properties":{"Line":"S126","Sp":"1952.5","X":"642300.5","Y":"9215725.3","NAMOBJ":"Waruwetan","WADMKC":"Pucuk","WADMKK":"Lamongan"},"geometry":{"type":"Point","coordinates":[112.3,-7.1]}},{"type":"Feature","properties":{"Line":"S126","Sp":"1956.5","X":"642300.5","Y":"9215675.3","NAMOBJ":"Waruwetan","WADMKC":"Pucuk","WADMKK":"Lamongan"},"geometry":{"type":"Point","coordinates":[112.3,-7.1]}},{"type":"Feature","properties":{"Line":"S126","Sp":"1960.5","X":"642300.5","Y":"9215625.3","NAMOBJ":"Waruwetan","WADMKC":"Pucuk","WADMKK":"Lamongan"},"geometry":{"type":"Point","coordinates":[112.3,-7.1]}},{"type":"Feature","properties":{"Line":"S126","Sp":"1964.5","X":"642300.5","Y":"9215575.3","NAMOBJ":"Waruwetan","WADMKC":"Pucuk","WADMKK":"Lamongan"},"geometry":{"type":"Point","coordinates":[112.3,-7.1]}},{"type":"Feature","properties":{"Line":"S126","Sp":"1968.5","X":"642300.5","Y":"9215525.3","NAMOBJ":"Waruwetan","WADMKC":"Pucuk","WADMKK":"Lamongan"},"geometry":{"type":"Point","coordinates":[112.3,-7.1]}},{"type":"Feature","properties":{"Line":"S126","Sp":"1972.5","X":"642300.5","Y":"9215475.3","NAMOBJ":"Waruwetan","WADMKC":"Pucuk","WADMKK":"Lamongan"},"geometry":{"type":"Point","coordinates":[112.3,-7.1]}},{"type":"Feature","properties":{"Line":"S126","Sp":"1976.5","X":"642300.5","Y":"9215425.3","NAMOBJ":"Waruwetan","WADMKC":"Pucuk","WADMKK":"Lamongan"},"geometry":{"type":"Point","coordinates":[112.3,-7.1]}},{"type":"Feature","properties":{"Line":"S126","Sp":"1980.5","X":"642300.5","Y":"9215375.3","NAMOBJ":"Waruwetan","WADMKC":"Pucuk","WADMKK":"Lamongan"},"geometry":{"type":"Point","coordinates":[112.3,-7.1]}},{"type":"Feature","properties":{"Line":"S126","Sp":"1984.5","X":"642300.5","Y":"9215325.3","NAMOBJ":"Waruwetan","WADMKC":"Pucuk","WADMKK":"Lamongan"},"geometry":{"type":"Point","coordinates":[112.3,-7.1]}},{"type":"Feature","properties":{"Line":"S126","Sp":"1988.5","X":"642300.5","Y":"9215275.3","NAMOBJ":"Waruwetan","WADMKC":"Pucuk","WADMKK":"Lamongan"},"geometry":{"type":"Point","coordinates":[112.3,-7.1]}},{"type":"Feature","properties":{"Line":"S126","Sp":"1992.5","X":"642300.5","Y":"9215225.3","NAMOBJ":"Waruwetan","WADMKC":"Pucuk","WADMKK":"Lamongan"},"geometry":{"type":"Point","coordinates":[112.3,-7.1]}},{"type":"Feature","properties":{"Line":"S126","Sp":"1996.5","X":"642300.5","Y":"9215175.3","NAMOBJ":"Waruwetan","WADMKC":"Pucuk","WADMKK":"Lamongan"},"geometry":{"type":"Point","coordinates":[112.3,-7.1]}},{"type":"Feature","properties":{"Line":"S126","Sp":"2000.5","X":"642300.5","Y":"9215125.3","NAMOBJ":"Waruwetan","WADMKC":"Pucuk","WADMKK":"Lamongan"},"geometry":{"type":"Point","coordinates":[112.3,-7.1]}},{"type":"Feature","properties":{"Line":"S126","Sp":"2004.5","X":"642300.5","Y":"9215075.3","NAMOBJ":"Waruwetan","WADMKC":"Pucuk","WADMKK":"Lamongan"},"geometry":{"type":"Point","coordinates":[112.3,-7.1]}},{"type":"Feature","properties":{"Line":"S126","Sp":"2008.5","X":"642300.5","Y":"9215025.3","NAMOBJ":"Waruwetan","WADMKC":"Pucuk","WADMKK":"Lamongan"},"geometry":{"type":"Point","coordinates":[112.3,-7.1]}},{"type":"Feature","properties":{"Line":"S126","Sp":"2012.5","X":"642300.5","Y":"9214975.3","NAMOBJ":"Waruwetan","WADMKC":"Pucuk","WADMKK":"Lamongan"},"geometry":{"type":"Point","coordinates":[112.3,-7.1]}},{"type":"Feature","properties":{"Line":"S126","Sp":"2016.5","X":"642300.5","Y":"9214925.3","NAMOBJ":"Waruwetan","WADMKC":"Pucuk","WADMKK":"Lamongan"},"geometry":{"type":"Point","coordinates":[112.3,-7.1]}}]}