{"type":"FeatureCollection","features":[{"type":"Feature","properties":{"Line":"S102","Sp":"1412.5","X":"630300.5","Y":"9220825.3","NAMOBJ":"Banjar","WADMKC":"Widang","WADMKK":"Tuban"},"geometry":{"type":"Point","coordinates":[112.17975142,-7.04759281]}},{"type":"Feature","properties":{"Line":"S102","Sp":"1416.5","X":"630300.5","Y":"9220775.3","NAMOBJ":"Banjar","WADMKC":"Widang","WADMKK":"Tuban"},"geometry":{"type":"Point","coordinates":[112.17975256,-7.04804501]}},{"type":"Feature","properties":{"Line":"S102","Sp":"1420.5","X":"630300.5","Y":"9220725.3","NAMOBJ":"Banjar","WADMKC":"Widang","WADMKK":"Tuban"},"geometry":{"type":"Point","coordinates":[112.17975371,-7.04849721]}},{"type":"Feature","properties":{"Line":"S102","Sp":"1424.5","X":"630300.5","Y":"9220675.3","NAMOBJ":"Banjar","WADMKC":"Widang","WADMKK":"Tuban"},"geometry":{"type":"Point","coordinates":[112.17975485,-7.04894941]}},{"type":"Feature","properties":{"Line":"S102","Sp":"1428.5","X":"630300.5","Y":"9220625.3","NAMOBJ":"Banjar","WADMKC":"Widang","WADMKK":"Tuban"},"geometry":{"type":"Point","coordinates":[112.179756,-7.04940161]}},{"type":"Feature","properties":{"Line":"S102","Sp":"1432.5","X":"630300.5","Y":"9220575.3","NAMOBJ":"Banjar","WADMKC":"Widang","WADMKK":"Tuban"},"geometry":{"type":"Point","coordinates":[112.17975714,-7.04985381]}},{"type":"Feature","properties":{"Line":"S102","Sp":"1436.5","X":"630300.5","Y":"9220525.3","NAMOBJ":"Banjar","WADMKC":"Widang","WADMKK":"Tuban"},"geometry":{"type":"Point","coordinates":[112.17975828,-7.05030602]}},{"type":"Feature","properties":{"Line":"S102","Sp":"1440.5","X":"630300.5","Y":"9220475.3","NAMOBJ":"Banjar","WADMKC":"Widang","WADMKK":"Tuban"},"geometry":{"type":"Point","coordinates":[112.17975943,-7.05075822]}},{"type":"Feature","properties":{"Line":"S102","Sp":"1444.5","X":"630300.5","Y":"9220425.3","NAMOBJ":"Banjar","WADMKC":"Widang","WADMKK":"Tuban"},"geometry":{"type":"Point","coordinates":[112.17976057,-7.05121042]}},{"type":"Feature","properties":{"Line":"S102","Sp":"1448.5","X":"630300.5","Y":"9220375.3","NAMOBJ":"Banjar","WADMKC":"Widang","WADMKK":"Tuban"},"geometry":{"type":"Point","coordinates":[112.17976172,-7.05166262]}},{"type":"Feature","properties":{"Line":"S102","Sp":"1452.5","X":"630300.5","Y":"9220325.3","NAMOBJ":"Banjar","WADMKC":"Widang","WADMKK":"Tuban"},"geometry":{"type":"Point","coordinates":[112.17976286,-7.05211482]}},{"type":"Feature","properties":{"Line":"S102","Sp":"1456.5","X":"630300.5","Y":"9220275.3","NAMOBJ":"Banjar","WADMKC":"Widang","WADMKK":"Tuban"},"geometry":{"type":"Point","coordinates":[112.17976401,-7.05256702]}},{"type":"Feature","properties":{"Line":"S102","Sp":"1460.5","X":"630300.5","Y":"9220225.3","NAMOBJ":"Banjar","WADMKC":"Widang","WADMKK":"Tuban"},"geometry":{"type":"Point","coordinates":[112.17976515,-7.05301922]}},{"type":"Feature","properties":{"Line":"S102","Sp":"1464.5","X":"630300.5","Y":"9220175.3","NAMOBJ":"Banjar","WADMKC":"Widang","WADMKK":"Tuban"},"geometry":{"type":"Point","coordinates":[112.1797663,-7.05347142]}},{"type":"Feature","properties":{"Line":"S102","Sp":"1468.5","X":"630300.5","Y":"9220125.3","NAMOBJ":"Banjar","WADMKC":"Widang","WADMKK":"Tuban"},"geometry":{"type":"Point","coordinates":[112.17976744,-7.05392362]}},{"type":"Feature","properties":{"Line":"S102","Sp":"1472.5","X":"630300.5","Y":"9220075.3","NAMOBJ":"Banjar","WADMKC":"Widang","WADMKK":"Tuban"},"geometry":{"type":"Point","coordinates":[112.17976858,-7.05437582]}},{"type":"Feature","properties":{"Line":"S102","Sp":"1476.5","X":"630300.5","Y":"9220025.3","NAMOBJ":"Banjar","WADMKC":"Widang","WADMKK":"Tuban"},"geometry":{"type":"Point","coordinates":[112.17976973,-7.05482802]}},{"type":"Feature","properties":{"Line":"S102","Sp":"1480.5","X":"630300.5","Y":"9219975.3","NAMOBJ":"Banjar","WADMKC":"Widang","WADMKK":"Tuban"},"geometry":{"type":"Point","coordinates":[112.17977087,-7.05528022]}},{"type":"Feature","properties":{"Line":"S102","Sp":"1484.5","X":"630300.5","Y":"9219925.3","NAMOBJ":"Banjar","WADMKC":"Widang","WADMKK":"Tuban"},"geometry":{"type":"Point","coordinates":[112.17977202,-7.05573242]}},{"type":"Feature","properties":{"Line":"S102","Sp":"1488.5","X":"630300.5","Y":"9219875.3","NAMOBJ":"Banjar","WADMKC":"Widang","WADMKK":"Tuban"},"geometry":{"type":"Point","coordinates":[112.17977316,-7.05618462]}},{"type":"Feature","properties":{"Line":"S102","Sp":"1492.5","X":"630300.5","Y":"9219825.3","NAMOBJ":"Banjar","WADMKC":"Widang","WADMKK":"Tuban"},"geometry":{"type":"Point","coordinates":[112.17977431,-7.05663683]}},{"type":"Feature","properties":{"Line":"S102","Sp":"1496.5","X":"630300.5","Y":"9219775.3","NAMOBJ":"Banjar","WADMKC":"Widang","WADMKK":"Tuban"},"geometry":{"type":"Point","coordinates":[112.17977546,-7.05708903]}},{"type":"Feature","properties":{"Line":"S102","Sp":"1500.5","X":"630300.5","Y":"9219725.3","NAMOBJ":"Banjar","WADMKC":"Widang","WADMKK":"Tuban"},"geometry":{"type":"Point","coordinates":[112.1797766,-7.05754123]}},{"type":"Feature","properties":{"Line":"S102","Sp":"1504.5","X":"630300.5","Y":"9219675.3","NAMOBJ":"Banjar","WADMKC":"Widang","WADMKK":"Tuban"},"geometry":{"type":"Point","coordinates":[112.17977775,-7.05799343]}},{"type":"Feature","properties":{"Line":"S102","Sp":"1508.5","X":"630300.5","Y":"9219625.3","NAMOBJ":"Banjar","WADMKC":"Widang","WADMKK":"Tuban"},"geometry":{"type":"Point","coordinates":[112.17977889,-7.05844563]}},{"type":"Feature","properties":{"Line":"S102","Sp":"1512.5","X":"630300.5","Y":"9219575.3","NAMOBJ":"Banjar","WADMKC":"Widang","WADMKK":"Tuban"},"geometry":{"type":"Point","coordinates":[112.17978004,-7.05889783]}},{"type":"Feature","properties":{"Line":"S102","Sp":"1516.5","X":"630300.5","Y":"9219525.3","NAMOBJ":"Banjar","WADMKC":"Widang","WADMKK":"Tuban"},"geometry":{"type":"Point","coordinates":[112.17978118,-7.05935003]}},{"type":"Feature","properties":{"Line":"S102","Sp":"1520.5","X":"630300.5","Y":"9219475.3","NAMOBJ":"Banjar","WADMKC":"Widang","WADMKK":"Tuban"},"geometry":{"type":"Point","coordinates":[112.17978233,-7.05980223]}},{"type":"Feature","properties":{"Line":"S102","Sp":"1524.5","X":"630300.5","Y":"9219425.3","NAMOBJ":"Banjar","WADMKC":"Widang","WADMKK":"Tuban"},"geometry":{"type":"Point","coordinates":[112.17978347,-7.06025443]}},{"type":"Feature","properties":{"Line":"S102","Sp":"1528.5","X":"630300.5","Y":"9219375.3","NAMOBJ":"Banjar","WADMKC":"Widang","WADMKK":"Tuban"},"geometry":{"type":"Point","coordinates":[112.17978462,-7.06070663]}},{"type":"Feature","properties":{"Line":"S102","Sp":"1532.5","X":"630300.5","Y":"9219325.3","NAMOBJ":"Banjar","WADMKC":"Widang","WADMKK":"Tuban"},"geometry":{"type":"Point","coordinates":[112.17978577,-7.06115883]}},{"type":"Feature","properties":{"Line":"S102","Sp":"1536.5","X":"630300.5","Y":"9219275.3","NAMOBJ":"Banjar","WADMKC":"Widang","WADMKK":"Tuban"},"geometry":{"type":"Point","coordinates":[112.17978691,-7.06161103]}},{"type":"Feature","properties":{"Line":"S102","Sp":"1540.5","X":"630300.5","Y":"9219225.3","NAMOBJ":"Banjar","WADMKC":"Widang","WADMKK":"Tuban"},"geometry":{"type":"Point","coordinates":[112.17978806,-7.06206323]}},{"type":"Feature","properties":{"Line":"S102","Sp":"1544.5","X":"630300.5","Y":"9219175.3","NAMOBJ":"Banjar","WADMKC":"Widang","WADMKK":"Tuban"},"geometry":{"type":"Point","coordinates":[112.1797892,-7.06251543]}},{"type":"Feature","properties":{"Line":"S102","Sp":"1548.5","X":"630300.5","Y":"9219125.3","NAMOBJ":"Banjar","WADMKC":"Widang","WADMKK":"Tuban"},"geometry":{"type":"Point","coordinates":[112.17979035,-7.06296763]}},{"type":"Feature","properties":{"Line":"S102","Sp":"1552.5","X":"630300.5","Y":"9219075.3","NAMOBJ":"Banjar","WADMKC":"Widang","WADMKK":"Tuban"},"geometry":{"type":"Point","coordinates":[112.1797915,-7.06341983]}},{"type":"Feature","properties":{"Line":"S102","Sp":"1556.5","X":"630300.5","Y":"9219025.3","NAMOBJ":"Banjar","WADMKC":"Widang","WADMKK":"Tuban"},"geometry":{"type":"Point","coordinates":[112.17979264,-7.06387203]}},{"type":"Feature","properties":{"Line":"S102","Sp":"1560.5","X":"630300.5","Y":"9218975.3","NAMOBJ":"Banjar","WADMKC":"Widang","WADMKK":"Tuban"},"geometry":{"type":"Point","coordinates":[112.17979379,-7.06432423]}},{"type":"Feature","properties":{"Line":"S102","Sp":"1564.5","X":"630300.5","Y":"9218925.3","NAMOBJ":"Banjar","WADMKC":"Widang","WADMKK":"Tuban"},"geometry":{"type":"Point","coordinates":[112.17979494,-7.06477644]}},{"type":"Feature","properties":{"Line":"S102","Sp":"1568.5","X":"630300.5","Y":"9218875.3","NAMOBJ":"Banjar","WADMKC":"Widang","WADMKK":"Tuban"},"geometry":{"type":"Point","coordinates":[112.17979608,-7.06522864]}},{"type":"Feature","properties":{"Line":"S102","Sp":"1572.5","X":"630300.5","Y":"9218825.3","NAMOBJ":"Banjar","WADMKC":"Widang","WADMKK":"Tuban"},"geometry":{"type":"Point","coordinates":[112.17979723,-7.06568084]}},{"type":"Feature","properties":{"Line":"S102","Sp":"1576.5","X":"630300.5","Y":"9218775.3","NAMOBJ":"Banjar","WADMKC":"Widang","WADMKK":"Tuban"},"geometry":{"type":"Point","coordinates":[112.17979838,-7.06613304]}},{"type":"Feature","properties":{"Line":"S102","Sp":"1580.5","X":"630300.5","Y":"9218725.3","NAMOBJ":"Banjar","WADMKC":"Widang","WADMKK":"Tuban"},"geometry":{"type":"Point","coordinates":[112.17979952,-7.06658524]}},{"type":"Feature","properties":{"Line":"S102","Sp":"1584.5","X":"630300.5","Y":"9218675.3","NAMOBJ":"Banjar","WADMKC":"Widang","WADMKK":"Tuban"},"geometry":{"type":"Point","coordinates":[112.17980067,-7.06703744]}},{"type":"Feature","properties":{"Line":"S102","Sp":"1588.5","X":"630300.5","Y":"9218625.3","NAMOBJ":"Banjar","WADMKC":"Widang","WADMKK":"Tuban"},"geometry":{"type":"Point","coordinates":[112.17980182,-7.06748964]}},{"type":"Feature","properties":{"Line":"S102","Sp":"1592.5","X":"630300.5","Y":"9218575.3","NAMOBJ":"Banjar","WADMKC":"Widang","WADMKK":"Tuban"},"geometry":{"type":"Point","coordinates":[112.17980296,-7.06794184]}},{"type":"Feature","properties":{"Line":"S102","Sp":"1596.5","X":"630300.5","Y":"9218525.3","NAMOBJ":"Banjar","WADMKC":"Widang","WADMKK":"Tuban"},"geometry":{"type":"Point","coordinates":[112.17980411,-7.06839404]}},{"type":"Feature","properties":{"Line":"S102","Sp":"1600.5","X":"630300.5","Y":"9218475.3","NAMOBJ":"Banjar","WADMKC":"Widang","WADMKK":"Tuban"},"geometry":{"type":"Point","coordinates":[112.17980526,-7.06884624]}},{"type":"Feature","properties":{"Line":"S102","Sp":"1604.5","X":"630300.5","Y":"9218425.3","NAMOBJ":"Banjar","WADMKC":"Widang","WADMKK":"Tuban"},"geometry":{"type":"Point","coordinates":[112.1798064,-7.06929844]}},{"type":"Feature","properties":{"Line":"S102","Sp":"1608.5","X":"630300.5","Y":"9218375.3","NAMOBJ":"Banjar","WADMKC":"Widang","WADMKK":"Tuban"},"geometry":{"type":"Point","coordinates":[112.17980755,-7.06975064]}},{"type":"Feature","properties":{"Line":"S102","Sp":"1612.5","X":"630300.5","Y":"9218325.3","NAMOBJ":"Banjar","WADMKC":"Widang","WADMKK":"Tuban"},"geometry":{"type":"Point","coordinates":[112.1798087,-7.07020284]}},{"type":"Feature","properties":{"Line":"S102","Sp":"1616.5","X":"630300.5","Y":"9218275.3","NAMOBJ":"Banjar","WADMKC":"Widang","WADMKK":"Tuban"},"geometry":{"type":"Point","coordinates":[112.17980985,-7.07065504]}},{"type":"Feature","properties":{"Line":"S102","Sp":"1620.5","X":"630300.5","Y":"9218225.3","NAMOBJ":"Banjar","WADMKC":"Widang","WADMKK":"Tuban"},"geometry":{"type":"Point","coordinates":[112.17981099,-7.07110724]}},{"type":"Feature","properties":{"Line":"S102","Sp":"1624.5","X":"630300.5","Y":"9218175.3","NAMOBJ":"Banjar","WADMKC":"Widang","WADMKK":"Tuban"},"geometry":{"type":"Point","coordinates":[112.17981214,-7.07155944]}},{"type":"Feature","properties":{"Line":"S102","Sp":"1628.5","X":"630300.5","Y":"9218125.3","NAMOBJ":"Banjar","WADMKC":"Widang","WADMKK":"Tuban"},"geometry":{"type":"Point","coordinates":[112.17981329,-7.07201164]}},{"type":"Feature","properties":{"Line":"S102","Sp":"1632.5","X":"630300.5","Y":"9218075.3","NAMOBJ":"Banjar","WADMKC":"Widang","WADMKK":"Tuban"},"geometry":{"type":"Point","coordinates":[112.17981444,-7.07246384]}},{"type":"Feature","properties":{"Line":"S102","Sp":"1636.5","X":"630300.5","Y":"9218025.3","NAMOBJ":"Banjar","WADMKC":"Widang","WADMKK":"Tuban"},"geometry":{"type":"Point","coordinates":[112.17981559,-7.07291604]}},{"type":"Feature","properties":{"Line":"S102","Sp":"1640.5","X":"630300.5","Y":"9217975.3","NAMOBJ":"Banjar","WADMKC":"Widang","WADMKK":"Tuban"},"geometry":{"type":"Point","coordinates":[112.17981673,-7.07336824]}},{"type":"Feature","properties":{"Line":"S102","Sp":"1644.5","X":"630300.5","Y":"9217925.3","NAMOBJ":"Banjar","WADMKC":"Widang","WADMKK":"Tuban"},"geometry":{"type":"Point","coordinates":[112.17981788,-7.07382044]}},{"type":"Feature","properties":{"Line":"S102","Sp":"1648.5","X":"630300.5","Y":"9217875.3","NAMOBJ":"Banjar","WADMKC":"Widang","WADMKK":"Tuban"},"geometry":{"type":"Point","coordinates":[112.17981903,-7.07427264]}},{"type":"Feature","properties":{"Line":"S102","Sp":"1652.5","X":"630300.5","Y":"9217825.3","NAMOBJ":"Banjar","WADMKC":"Widang","WADMKK":"Tuban"},"geometry":{"type":"Point","coordinates":[112.17982018,-7.07472484]}},{"type":"Feature","properties":{"Line":"S119","Sp":"1520.5","X":"629575.5","Y":"9217800.3","NAMOBJ":"Banjar","WADMKC":"Widang","WADMKK":"Tuban"},"geometry":{"type":"Point","coordinates":[112.1732571,-7.07496753]}},{"type":"Feature","properties":{"Line":"S119","Sp":"1524.5","X":"629625.5","Y":"9217800.3","NAMOBJ":"Banjar","WADMKC":"Widang","WADMKK":"Tuban"},"geometry":{"type":"Point","coordinates":[112.17370976,-7.07496639]}},{"type":"Feature","properties":{"Line":"S119","Sp":"1528.5","X":"629675.5","Y":"9217800.3","NAMOBJ":"Banjar","WADMKC":"Widang","WADMKK":"Tuban"},"geometry":{"type":"Point","coordinates":[112.17416243,-7.07496525]}},{"type":"Feature","properties":{"Line":"S119","Sp":"1532.5","X":"629725.5","Y":"9217800.3","NAMOBJ":"Banjar","WADMKC":"Widang","WADMKK":"Tuban"},"geometry":{"type":"Point","coordinates":[112.1746151,-7.07496411]}},{"type":"Feature","properties":{"Line":"S119","Sp":"1536.5","X":"629775.5","Y":"9217800.3","NAMOBJ":"Banjar","WADMKC":"Widang","WADMKK":"Tuban"},"geometry":{"type":"Point","coordinates":[112.17506776,-7.07496296]}},{"type":"Feature","properties":{"Line":"S119","Sp":"1540.5","X":"629825.5","Y":"9217800.3","NAMOBJ":"Banjar","WADMKC":"Widang","WADMKK":"Tuban"},"geometry":{"type":"Point","coordinates":[112.17552043,-7.07496182]}},{"type":"Feature","properties":{"Line":"S119","Sp":"1544.5","X":"629875.5","Y":"9217800.3","NAMOBJ":"Banjar","WADMKC":"Widang","WADMKK":"Tuban"},"geometry":{"type":"Point","coordinates":[112.17597309,-7.07496068]}},{"type":"Feature","properties":{"Line":"S119","Sp":"1548.5","X":"629925.5","Y":"9217800.3","NAMOBJ":"Banjar","WADMKC":"Widang","WADMKK":"Tuban"},"geometry":{"type":"Point","coordinates":[112.17642576,-7.07495953]}},{"type":"Feature","properties":{"Line":"S119","Sp":"1552.5","X":"629975.5","Y":"9217800.3","NAMOBJ":"Banjar","WADMKC":"Widang","WADMKK":"Tuban"},"geometry":{"type":"Point","coordinates":[112.17687843,-7.07495839]}},{"type":"Feature","properties":{"Line":"S119","Sp":"1556.5","X":"630025.5","Y":"9217800.3","NAMOBJ":"Banjar","WADMKC":"Widang","WADMKK":"Tuban"},"geometry":{"type":"Point","coordinates":[112.17733109,-7.07495725]}},{"type":"Feature","properties":{"Line":"S119","Sp":"1560.5","X":"630075.5","Y":"9217800.3","NAMOBJ":"Banjar","WADMKC":"Widang","WADMKK":"Tuban"},"geometry":{"type":"Point","coordinates":[112.17778376,-7.0749561]}},{"type":"Feature","properties":{"Line":"S119","Sp":"1564.5","X":"630125.5","Y":"9217800.3","NAMOBJ":"Banjar","WADMKC":"Widang","WADMKK":"Tuban"},"geometry":{"type":"Point","coordinates":[112.17823642,-7.07495496]}},{"type":"Feature","properties":{"Line":"S119","Sp":"1568.5","X":"630175.5","Y":"9217800.3","NAMOBJ":"Banjar","WADMKC":"Widang","WADMKK":"Tuban"},"geometry":{"type":"Point","coordinates":[112.17868909,-7.07495381]}},{"type":"Feature","properties":{"Line":"S119","Sp":"1572.5","X":"630225.5","Y":"9217800.3","NAMOBJ":"Banjar","WADMKC":"Widang","WADMKK":"Tuban"},"geometry":{"type":"Point","coordinates":[112.17914175,-7.07495266]}},{"type":"Feature","properties":{"Line":"S119","Sp":"1576.5","X":"630275.5","Y":"9217800.3","NAMOBJ":"Banjar","WADMKC":"Widang","WADMKK":"Tuban"},"geometry":{"type":"Point","coordinates":[112.17959442,-7.07495152]}},{"type":"Feature","properties":{"Line":"S121","Sp":"1528.5","X":"629575.5","Y":"9218800.3","NAMOBJ":"Banjar","WADMKC":"Widang","WADMKK":"Tuban"},"geometry":{"type":"Point","coordinates":[112.17323427,-7.0659235]}},{"type":"Feature","properties":{"Line":"S121","Sp":"1532.5","X":"629625.5","Y":"9218800.3","NAMOBJ":"Banjar","WADMKC":"Widang","WADMKK":"Tuban"},"geometry":{"type":"Point","coordinates":[112.17368693,-7.06592236]}},{"type":"Feature","properties":{"Line":"S121","Sp":"1536.5","X":"629675.5","Y":"9218800.3","NAMOBJ":"Banjar","WADMKC":"Widang","WADMKK":"Tuban"},"geometry":{"type":"Point","coordinates":[112.17413959,-7.06592122]}},{"type":"Feature","properties":{"Line":"S121","Sp":"1540.5","X":"629725.5","Y":"9218800.3","NAMOBJ":"Banjar","WADMKC":"Widang","WADMKK":"Tuban"},"geometry":{"type":"Point","coordinates":[112.17459225,-7.06592008]}},{"type":"Feature","properties":{"Line":"S121","Sp":"1544.5","X":"629775.5","Y":"9218800.3","NAMOBJ":"Banjar","WADMKC":"Widang","WADMKK":"Tuban"},"geometry":{"type":"Point","coordinates":[112.1750449,-7.06591894]}},{"type":"Feature","properties":{"Line":"S121","Sp":"1548.5","X":"629825.5","Y":"9218800.3","NAMOBJ":"Banjar","WADMKC":"Widang","WADMKK":"Tuban"},"geometry":{"type":"Point","coordinates":[112.17549756,-7.0659178]}},{"type":"Feature","properties":{"Line":"S121","Sp":"1552.5","X":"629875.5","Y":"9218800.3","NAMOBJ":"Banjar","WADMKC":"Widang","WADMKK":"Tuban"},"geometry":{"type":"Point","coordinates":[112.17595022,-7.06591666]}},{"type":"Feature","properties":{"Line":"S121","Sp":"1556.5","X":"629925.5","Y":"9218800.3","NAMOBJ":"Banjar","WADMKC":"Widang","WADMKK":"Tuban"},"geometry":{"type":"Point","coordinates":[112.17640288,-7.06591552]}},{"type":"Feature","properties":{"Line":"S121","Sp":"1560.5","X":"629975.5","Y":"9218800.3","NAMOBJ":"Banjar","WADMKC":"Widang","WADMKK":"Tuban"},"geometry":{"type":"Point","coordinates":[112.17685553,-7.06591437]}},{"type":"Feature","properties":{"Line":"S121","Sp":"1564.5","X":"630025.5","Y":"9218800.3","NAMOBJ":"Banjar","WADMKC":"Widang","WADMKK":"Tuban"},"geometry":{"type":"Point","coordinates":[112.17730819,-7.06591323]}},{"type":"Feature","properties":{"Line":"S121","Sp":"1568.5","X":"630075.5","Y":"9218800.3","NAMOBJ":"Banjar","WADMKC":"Widang","WADMKK":"Tuban"},"geometry":{"type":"Point","coordinates":[112.17776085,-7.06591209]}},{"type":"Feature","properties":{"Line":"S121","Sp":"1572.5","X":"630125.5","Y":"9218800.3","NAMOBJ":"Banjar","WADMKC":"Widang","WADMKK":"Tuban"},"geometry":{"type":"Point","coordinates":[112.1782135,-7.06591094]}},{"type":"Feature","properties":{"Line":"S121","Sp":"1576.5","X":"630175.5","Y":"9218800.3","NAMOBJ":"Banjar","WADMKC":"Widang","WADMKK":"Tuban"},"geometry":{"type":"Point","coordinates":[112.17866616,-7.0659098]}},{"type":"Feature","properties":{"Line":"S121","Sp":"1580.5","X":"630225.5","Y":"9218800.3","NAMOBJ":"Banjar","WADMKC":"Widang","WADMKK":"Tuban"},"geometry":{"type":"Point","coordinates":[112.17911882,-7.06590865]}},{"type":"Feature","properties":{"Line":"S121","Sp":"1584.5","X":"630275.5","Y":"9218800.3","NAMOBJ":"Banjar","WADMKC":"Widang","WADMKK":"Tuban"},"geometry":{"type":"Point","coordinates":[112.17957147,-7.06590751]}},{"type":"Feature","properties":{"Line":"S121","Sp":"1588.5","X":"630325.5","Y":"9218800.3","NAMOBJ":"Banjar","WADMKC":"Widang","WADMKK":"Tuban"},"geometry":{"type":"Point","coordinates":[112.18002413,-7.06590636]}},{"type":"Feature","properties":{"Line":"S121","Sp":"1592.5","X":"630375.5","Y":"9218800.3","NAMOBJ":"Banjar","WADMKC":"Widang","WADMKK":"Tuban"},"geometry":{"type":"Point","coordinates":[112.18047679,-7.06590522]}},{"type":"Feature","properties":{"Line":"S121","Sp":"1596.5","X":"630425.5","Y":"9218800.3","NAMOBJ":"Banjar","WADMKC":"Widang","WADMKK":"Tuban"},"geometry":{"type":"Point","coordinates":[112.18092944,-7.06590407]}},{"type":"Feature","properties":{"Line":"S121","Sp":"1600.5","X":"630475.5","Y":"9218800.3","NAMOBJ":"Banjar","WADMKC":"Widang","WADMKK":"Tuban"},"geometry":{"type":"Point","coordinates":[112.1813821,-7.06590292]}},{"type":"Feature","properties":{"Line":"S121","Sp":"1604.5","X":"630525.5","Y":"9218800.3","NAMOBJ":"Banjar","WADMKC":"Widang","WADMKK":"Tuban"},"geometry":{"type":"Point","coordinates":[112.18183476,-7.06590178]}},{"type":"Feature","properties":{"Line":"S121","Sp":"1608.5","X":"630575.5","Y":"9218800.3","NAMOBJ":"Banjar","WADMKC":"Widang","WADMKK":"Tuban"},"geometry":{"type":"Point","coordinates":[112.18228741,-7.06590063]}},{"type":"Feature","properties":{"Line":"S121","Sp":"1612.5","X":"630625.5","Y":"9218800.3","NAMOBJ":"Banjar","WADMKC":"Widang","WADMKK":"Tuban"},"geometry":{"type":"Point","coordinates":[112.18274007,-7.06589948]}},{"type":"Feature","properties":{"Line":"S121","Sp":"1616.5","X":"630675.5","Y":"9218800.3","NAMOBJ":"Banjar","WADMKC":"Widang","WADMKK":"Tuban"},"geometry":{"type":"Point","coordinates":[112.18319272,-7.06589833]}},{"type":"Feature","properties":{"Line":"S121","Sp":"1620.5","X":"630725.5","Y":"9218800.3","NAMOBJ":"Banjar","WADMKC":"Widang","WADMKK":"Tuban"},"geometry":{"type":"Point","coordinates":[112.18364538,-7.06589718]}},{"type":"Feature","properties":{"Line":"S121","Sp":"1624.5","X":"630775.5","Y":"9218800.3","NAMOBJ":"Banjar","WADMKC":"Widang","WADMKK":"Tuban"},"geometry":{"type":"Point","coordinates":[112.18409804,-7.06589603]}},{"type":"Feature","properties":{"Line":"S121","Sp":"1628.5","X":"630825.5","Y":"9218800.3","NAMOBJ":"Banjar","WADMKC":"Widang","WADMKK":"Tuban"},"geometry":{"type":"Point","coordinates":[112.18455069,-7.06589488]}},{"type":"Feature","properties":{"Line":"S123","Sp":"1544.5","X":"629725.5","Y":"9219800.3","NAMOBJ":"Banjar","WADMKC":"Widang","WADMKK":"Tuban"},"geometry":{"type":"Point","coordinates":[112.17456943,-7.05687605]}},{"type":"Feature","properties":{"Line":"S123","Sp":"1548.5","X":"629775.5","Y":"9219800.3","NAMOBJ":"Banjar","WADMKC":"Widang","WADMKK":"Tuban"},"geometry":{"type":"Point","coordinates":[112.17502208,-7.05687491]}},{"type":"Feature","properties":{"Line":"S123","Sp":"1552.5","X":"629825.5","Y":"9219800.3","NAMOBJ":"Banjar","WADMKC":"Widang","WADMKK":"Tuban"},"geometry":{"type":"Point","coordinates":[112.17547473,-7.05687377]}},{"type":"Feature","properties":{"Line":"S123","Sp":"1556.5","X":"629875.5","Y":"9219800.3","NAMOBJ":"Banjar","WADMKC":"Widang","WADMKK":"Tuban"},"geometry":{"type":"Point","coordinates":[112.17592737,-7.05687263]}},{"type":"Feature","properties":{"Line":"S123","Sp":"1560.5","X":"629925.5","Y":"9219800.3","NAMOBJ":"Banjar","WADMKC":"Widang","WADMKK":"Tuban"},"geometry":{"type":"Point","coordinates":[112.17638002,-7.05687149]}},{"type":"Feature","properties":{"Line":"S123","Sp":"1564.5","X":"629975.5","Y":"9219800.3","NAMOBJ":"Banjar","WADMKC":"Widang","WADMKK":"Tuban"},"geometry":{"type":"Point","coordinates":[112.17683267,-7.05687035]}},{"type":"Feature","properties":{"Line":"S123","Sp":"1568.5","X":"630025.5","Y":"9219800.3","NAMOBJ":"Banjar","WADMKC":"Widang","WADMKK":"Tuban"},"geometry":{"type":"Point","coordinates":[112.17728532,-7.05686921]}},{"type":"Feature","properties":{"Line":"S123","Sp":"1572.5","X":"630075.5","Y":"9219800.3","NAMOBJ":"Banjar","WADMKC":"Widang","WADMKK":"Tuban"},"geometry":{"type":"Point","coordinates":[112.17773797,-7.05686807]}},{"type":"Feature","properties":{"Line":"S123","Sp":"1576.5","X":"630125.5","Y":"9219800.3","NAMOBJ":"Banjar","WADMKC":"Widang","WADMKK":"Tuban"},"geometry":{"type":"Point","coordinates":[112.17819061,-7.05686693]}},{"type":"Feature","properties":{"Line":"S123","Sp":"1580.5","X":"630175.5","Y":"9219800.3","NAMOBJ":"Banjar","WADMKC":"Widang","WADMKK":"Tuban"},"geometry":{"type":"Point","coordinates":[112.17864326,-7.05686578]}},{"type":"Feature","properties":{"Line":"S123","Sp":"1584.5","X":"630225.5","Y":"9219800.3","NAMOBJ":"Banjar","WADMKC":"Widang","WADMKK":"Tuban"},"geometry":{"type":"Point","coordinates":[112.17909591,-7.05686464]}},{"type":"Feature","properties":{"Line":"S123","Sp":"1588.5","X":"630275.5","Y":"9219800.3","NAMOBJ":"Banjar","WADMKC":"Widang","WADMKK":"Tuban"},"geometry":{"type":"Point","coordinates":[112.17954856,-7.0568635]}},{"type":"Feature","properties":{"Line":"S123","Sp":"1592.5","X":"630325.5","Y":"9219800.3","NAMOBJ":"Banjar","WADMKC":"Widang","WADMKK":"Tuban"},"geometry":{"type":"Point","coordinates":[112.18000121,-7.05686235]}},{"type":"Feature","properties":{"Line":"S123","Sp":"1596.5","X":"630375.5","Y":"9219800.3","NAMOBJ":"Banjar","WADMKC":"Widang","WADMKK":"Tuban"},"geometry":{"type":"Point","coordinates":[112.18045385,-7.05686121]}},{"type":"Feature","properties":{"Line":"S123","Sp":"1600.5","X":"630425.5","Y":"9219800.3","NAMOBJ":"Banjar","WADMKC":"Widang","WADMKK":"Tuban"},"geometry":{"type":"Point","coordinates":[112.1809065,-7.05686006]}},{"type":"Feature","properties":{"Line":"S123","Sp":"1604.5","X":"630475.5","Y":"9219800.3","NAMOBJ":"Banjar","WADMKC":"Widang","WADMKK":"Tuban"},"geometry":{"type":"Point","coordinates":[112.18135915,-7.05685892]}},{"type":"Feature","properties":{"Line":"S123","Sp":"1608.5","X":"630525.5","Y":"9219800.3","NAMOBJ":"Banjar","WADMKC":"Widang","WADMKK":"Tuban"},"geometry":{"type":"Point","coordinates":[112.1818118,-7.05685777]}},{"type":"Feature","properties":{"Line":"S123","Sp":"1612.5","X":"630575.5","Y":"9219800.3","NAMOBJ":"Banjar","WADMKC":"Widang","WADMKK":"Tuban"},"geometry":{"type":"Point","coordinates":[112.18226444,-7.05685663]}},{"type":"Feature","properties":{"Line":"S123","Sp":"1616.5","X":"630625.5","Y":"9219800.3","NAMOBJ":"Banjar","WADMKC":"Widang","WADMKK":"Tuban"},"geometry":{"type":"Point","coordinates":[112.18271709,-7.05685548]}},{"type":"Feature","properties":{"Line":"S123","Sp":"1620.5","X":"630675.5","Y":"9219800.3","NAMOBJ":"Banjar","WADMKC":"Widang","WADMKK":"Tuban"},"geometry":{"type":"Point","coordinates":[112.18316974,-7.05685433]}},{"type":"Feature","properties":{"Line":"S123","Sp":"1624.5","X":"630725.5","Y":"9219800.3","NAMOBJ":"Banjar","WADMKC":"Widang","WADMKK":"Tuban"},"geometry":{"type":"Point","coordinates":[112.18362239,-7.05685318]}},{"type":"Feature","properties":{"Line":"S125","Sp":"1408.5","X":"630225.5","Y":"9220800.3","NAMOBJ":"Banjar","WADMKC":"Widang","WADMKK":"Tuban"},"geometry":{"type":"Point","coordinates":[112.17907303,-7.04782062]}},{"type":"Feature","properties":{"Line":"S125","Sp":"1412.5","X":"630275.5","Y":"9220800.3","NAMOBJ":"Banjar","WADMKC":"Widang","WADMKK":"Tuban"},"geometry":{"type":"Point","coordinates":[112.17952567,-7.04781948]}},{"type":"Feature","properties":{"Line":"S125","Sp":"1416.5","X":"630325.5","Y":"9220800.3","NAMOBJ":"Banjar","WADMKC":"Widang","WADMKK":"Tuban"},"geometry":{"type":"Point","coordinates":[112.17997831,-7.04781834]}},{"type":"Feature","properties":{"Line":"S125","Sp":"1420.5","X":"630375.5","Y":"9220800.3","NAMOBJ":"Banjar","WADMKC":"Widang","WADMKK":"Tuban"},"geometry":{"type":"Point","coordinates":[112.18043095,-7.0478172]}},{"type":"Feature","properties":{"Line":"S125","Sp":"1424.5","X":"630425.5","Y":"9220800.3","NAMOBJ":"Banjar","WADMKC":"Widang","WADMKK":"Tuban"},"geometry":{"type":"Point","coordinates":[112.18088359,-7.04781605]}},{"type":"Feature","properties":{"Line":"S125","Sp":"1428.5","X":"630475.5","Y":"9220800.3","NAMOBJ":"Banjar","WADMKC":"Widang","WADMKK":"Tuban"},"geometry":{"type":"Point","coordinates":[112.18133623,-7.04781491]}},{"type":"Feature","properties":{"Line":"S125","Sp":"1432.5","X":"630525.5","Y":"9220800.3","NAMOBJ":"Banjar","WADMKC":"Widang","WADMKK":"Tuban"},"geometry":{"type":"Point","coordinates":[112.18178887,-7.04781377]}},{"type":"Feature","properties":{"Line":"S125","Sp":"1436.5","X":"630575.5","Y":"9220800.3","NAMOBJ":"Banjar","WADMKC":"Widang","WADMKK":"Tuban"},"geometry":{"type":"Point","coordinates":[112.18224151,-7.04781262]}},{"type":"Feature","properties":{"Line":"S125","Sp":"1440.5","X":"630625.5","Y":"9220800.3","NAMOBJ":"Banjar","WADMKC":"Widang","WADMKK":"Tuban"},"geometry":{"type":"Point","coordinates":[112.18269414,-7.04781148]}},{"type":"Feature","properties":{"Line":"S125","Sp":"1444.5","X":"630675.5","Y":"9220800.3","NAMOBJ":"Banjar","WADMKC":"Widang","WADMKK":"Tuban"},"geometry":{"type":"Point","coordinates":[112.18314678,-7.04781033]}},{"type":"Feature","properties":{"Line":"S125","Sp":"1448.5","X":"630725.5","Y":"9220800.3","NAMOBJ":"Banjar","WADMKC":"Widang","WADMKK":"Tuban"},"geometry":{"type":"Point","coordinates":[112.18359942,-7.04780918]}},{"type":"Feature","properties":{"Line":"S125","Sp":"1452.5","X":"630775.5","Y":"9220800.3","NAMOBJ":"Banjar","WADMKC":"Widang","WADMKK":"Tuban"},"geometry":{"type":"Point","coordinates":[112.18405206,-7.04780804]}},{"type":"Feature","properties":{"Line":"S125","Sp":"1456.5","X":"630825.5","Y":"9220800.3","NAMOBJ":"Banjar","WADMKC":"Widang","WADMKK":"Tuban"},"geometry":{"type":"Point","coordinates":[112.1845047,-7.04780689]}},{"type":"Feature","properties":{"Line":"S125","Sp":"1460.5","X":"630875.5","Y":"9220800.3","NAMOBJ":"Banjar","WADMKC":"Widang","WADMKK":"Tuban"},"geometry":{"type":"Point","coordinates":[112.18495734,-7.04780574]}},{"type":"Feature","properties":{"Line":"S119","Sp":"1360.5","X":"627575.5","Y":"9217800.3","NAMOBJ":"Bunut","WADMKC":"Widang","WADMKK":"Tuban"},"geometry":{"type":"Point","coordinates":[112.15515038,-7.0750128]}},{"type":"Feature","properties":{"Line":"S119","Sp":"1364.5","X":"627625.5","Y":"9217800.3","NAMOBJ":"Bunut","WADMKC":"Widang","WADMKK":"Tuban"},"geometry":{"type":"Point","coordinates":[112.15560305,-7.07501168]}},{"type":"Feature","properties":{"Line":"S119","Sp":"1368.5","X":"627675.5","Y":"9217800.3","NAMOBJ":"Bunut","WADMKC":"Widang","WADMKK":"Tuban"},"geometry":{"type":"Point","coordinates":[112.15605572,-7.07501056]}},{"type":"Feature","properties":{"Line":"S119","Sp":"1372.5","X":"627725.5","Y":"9217800.3","NAMOBJ":"Bunut","WADMKC":"Widang","WADMKK":"Tuban"},"geometry":{"type":"Point","coordinates":[112.15650839,-7.07500943]}},{"type":"Feature","properties":{"Line":"S119","Sp":"1376.5","X":"627775.5","Y":"9217800.3","NAMOBJ":"Bunut","WADMKC":"Widang","WADMKK":"Tuban"},"geometry":{"type":"Point","coordinates":[112.15696106,-7.07500831]}},{"type":"Feature","properties":{"Line":"S119","Sp":"1380.5","X":"627825.5","Y":"9217800.3","NAMOBJ":"Bunut","WADMKC":"Widang","WADMKK":"Tuban"},"geometry":{"type":"Point","coordinates":[112.15741373,-7.07500718]}},{"type":"Feature","properties":{"Line":"S119","Sp":"1384.5","X":"627875.5","Y":"9217800.3","NAMOBJ":"Bunut","WADMKC":"Widang","WADMKK":"Tuban"},"geometry":{"type":"Point","coordinates":[112.1578664,-7.07500606]}},{"type":"Feature","properties":{"Line":"S119","Sp":"1388.5","X":"627925.5","Y":"9217800.3","NAMOBJ":"Bunut","WADMKC":"Widang","WADMKK":"Tuban"},"geometry":{"type":"Point","coordinates":[112.15831906,-7.07500493]}},{"type":"Feature","properties":{"Line":"S119","Sp":"1392.5","X":"627975.5","Y":"9217800.3","NAMOBJ":"Bunut","WADMKC":"Widang","WADMKK":"Tuban"},"geometry":{"type":"Point","coordinates":[112.15877173,-7.07500381]}},{"type":"Feature","properties":{"Line":"S119","Sp":"1396.5","X":"628025.5","Y":"9217800.3","NAMOBJ":"Bunut","WADMKC":"Widang","WADMKK":"Tuban"},"geometry":{"type":"Point","coordinates":[112.1592244,-7.07500268]}},{"type":"Feature","properties":{"Line":"S119","Sp":"1400.5","X":"628075.5","Y":"9217800.3","NAMOBJ":"Bunut","WADMKC":"Widang","WADMKK":"Tuban"},"geometry":{"type":"Point","coordinates":[112.15967707,-7.07500155]}},{"type":"Feature","properties":{"Line":"S119","Sp":"1404.5","X":"628125.5","Y":"9217800.3","NAMOBJ":"Bunut","WADMKC":"Widang","WADMKK":"Tuban"},"geometry":{"type":"Point","coordinates":[112.16012974,-7.07500042]}},{"type":"Feature","properties":{"Line":"S119","Sp":"1408.5","X":"628175.5","Y":"9217800.3","NAMOBJ":"Bunut","WADMKC":"Widang","WADMKK":"Tuban"},"geometry":{"type":"Point","coordinates":[112.16058241,-7.0749993]}},{"type":"Feature","properties":{"Line":"S119","Sp":"1412.5","X":"628225.5","Y":"9217800.3","NAMOBJ":"Bunut","WADMKC":"Widang","WADMKK":"Tuban"},"geometry":{"type":"Point","coordinates":[112.16103508,-7.07499817]}},{"type":"Feature","properties":{"Line":"S119","Sp":"1416.5","X":"628275.5","Y":"9217800.3","NAMOBJ":"Bunut","WADMKC":"Widang","WADMKK":"Tuban"},"geometry":{"type":"Point","coordinates":[112.16148774,-7.07499704]}},{"type":"Feature","properties":{"Line":"S119","Sp":"1420.5","X":"628325.5","Y":"9217800.3","NAMOBJ":"Bunut","WADMKC":"Widang","WADMKK":"Tuban"},"geometry":{"type":"Point","coordinates":[112.16194041,-7.07499591]}},{"type":"Feature","properties":{"Line":"S119","Sp":"1424.5","X":"628375.5","Y":"9217800.3","NAMOBJ":"Bunut","WADMKC":"Widang","WADMKK":"Tuban"},"geometry":{"type":"Point","coordinates":[112.16239308,-7.07499478]}},{"type":"Feature","properties":{"Line":"S119","Sp":"1428.5","X":"628425.5","Y":"9217800.3","NAMOBJ":"Bunut","WADMKC":"Widang","WADMKK":"Tuban"},"geometry":{"type":"Point","coordinates":[112.16284575,-7.07499365]}},{"type":"Feature","properties":{"Line":"S119","Sp":"1432.5","X":"628475.5","Y":"9217800.3","NAMOBJ":"Bunut","WADMKC":"Widang","WADMKK":"Tuban"},"geometry":{"type":"Point","coordinates":[112.16329842,-7.07499252]}},{"type":"Feature","properties":{"Line":"S119","Sp":"1436.5","X":"628525.5","Y":"9217800.3","NAMOBJ":"Bunut","WADMKC":"Widang","WADMKK":"Tuban"},"geometry":{"type":"Point","coordinates":[112.16375109,-7.07499139]}},{"type":"Feature","properties":{"Line":"S121","Sp":"1360.5","X":"627475.5","Y":"9218800.3","NAMOBJ":"Bunut","WADMKC":"Widang","WADMKK":"Tuban"},"geometry":{"type":"Point","coordinates":[112.15422259,-7.06597096]}},{"type":"Feature","properties":{"Line":"S121","Sp":"1364.5","X":"627525.5","Y":"9218800.3","NAMOBJ":"Bunut","WADMKC":"Widang","WADMKK":"Tuban"},"geometry":{"type":"Point","coordinates":[112.15467525,-7.06596984]}},{"type":"Feature","properties":{"Line":"S121","Sp":"1368.5","X":"627575.5","Y":"9218800.3","NAMOBJ":"Bunut","WADMKC":"Widang","WADMKK":"Tuban"},"geometry":{"type":"Point","coordinates":[112.15512791,-7.06596872]}},{"type":"Feature","properties":{"Line":"S121","Sp":"1372.5","X":"627625.5","Y":"9218800.3","NAMOBJ":"Bunut","WADMKC":"Widang","WADMKK":"Tuban"},"geometry":{"type":"Point","coordinates":[112.15558057,-7.0659676]}},{"type":"Feature","properties":{"Line":"S121","Sp":"1376.5","X":"627675.5","Y":"9218800.3","NAMOBJ":"Bunut","WADMKC":"Widang","WADMKK":"Tuban"},"geometry":{"type":"Point","coordinates":[112.15603323,-7.06596647]}},{"type":"Feature","properties":{"Line":"S121","Sp":"1380.5","X":"627725.5","Y":"9218800.3","NAMOBJ":"Bunut","WADMKC":"Widang","WADMKK":"Tuban"},"geometry":{"type":"Point","coordinates":[112.15648589,-7.06596535]}},{"type":"Feature","properties":{"Line":"S121","Sp":"1384.5","X":"627775.5","Y":"9218800.3","NAMOBJ":"Bunut","WADMKC":"Widang","WADMKK":"Tuban"},"geometry":{"type":"Point","coordinates":[112.15693855,-7.06596423]}},{"type":"Feature","properties":{"Line":"S121","Sp":"1388.5","X":"627825.5","Y":"9218800.3","NAMOBJ":"Bunut","WADMKC":"Widang","WADMKK":"Tuban"},"geometry":{"type":"Point","coordinates":[112.15739121,-7.0659631]}},{"type":"Feature","properties":{"Line":"S121","Sp":"1392.5","X":"627875.5","Y":"9218800.3","NAMOBJ":"Bunut","WADMKC":"Widang","WADMKK":"Tuban"},"geometry":{"type":"Point","coordinates":[112.15784387,-7.06596198]}},{"type":"Feature","properties":{"Line":"S121","Sp":"1396.5","X":"627925.5","Y":"9218800.3","NAMOBJ":"Bunut","WADMKC":"Widang","WADMKK":"Tuban"},"geometry":{"type":"Point","coordinates":[112.15829653,-7.06596086]}},{"type":"Feature","properties":{"Line":"S121","Sp":"1400.5","X":"627975.5","Y":"9218800.3","NAMOBJ":"Bunut","WADMKC":"Widang","WADMKK":"Tuban"},"geometry":{"type":"Point","coordinates":[112.15874919,-7.06595973]}},{"type":"Feature","properties":{"Line":"S125","Sp":"1360.5","X":"629625.5","Y":"9220800.3","NAMOBJ":"Compreng","WADMKC":"Widang","WADMKK":"Tuban"},"geometry":{"type":"Point","coordinates":[112.17364136,-7.0478343]}},{"type":"Feature","properties":{"Line":"S125","Sp":"1364.5","X":"629675.5","Y":"9220800.3","NAMOBJ":"Compreng","WADMKC":"Widang","WADMKK":"Tuban"},"geometry":{"type":"Point","coordinates":[112.174094,-7.04783316]}},{"type":"Feature","properties":{"Line":"S106","Sp":"1588.5","X":"632300.5","Y":"9219875.3","NAMOBJ":"Kedungharjo","WADMKC":"Widang","WADMKK":"Tuban"},"geometry":{"type":"Point","coordinates":[112.19787899,-7.05613851]}},{"type":"Feature","properties":{"Line":"S106","Sp":"1592.5","X":"632300.5","Y":"9219825.3","NAMOBJ":"Kedungharjo","WADMKC":"Widang","WADMKK":"Tuban"},"geometry":{"type":"Point","coordinates":[112.19788015,-7.05659071]}},{"type":"Feature","properties":{"Line":"S106","Sp":"1596.5","X":"632300.5","Y":"9219775.3","NAMOBJ":"Kedungharjo","WADMKC":"Widang","WADMKK":"Tuban"},"geometry":{"type":"Point","coordinates":[112.19788131,-7.05704291]}},{"type":"Feature","properties":{"Line":"S106","Sp":"1600.5","X":"632300.5","Y":"9219725.3","NAMOBJ":"Kedungharjo","WADMKC":"Widang","WADMKK":"Tuban"},"geometry":{"type":"Point","coordinates":[112.19788248,-7.05749511]}},{"type":"Feature","properties":{"Line":"S106","Sp":"1604.5","X":"632300.5","Y":"9219675.3","NAMOBJ":"Kedungharjo","WADMKC":"Widang","WADMKK":"Tuban"},"geometry":{"type":"Point","coordinates":[112.19788364,-7.05794731]}},{"type":"Feature","properties":{"Line":"S106","Sp":"1608.5","X":"632300.5","Y":"9219625.3","NAMOBJ":"Kedungharjo","WADMKC":"Widang","WADMKK":"Tuban"},"geometry":{"type":"Point","coordinates":[112.1978848,-7.0583995]}},{"type":"Feature","properties":{"Line":"S106","Sp":"1612.5","X":"632300.5","Y":"9219575.3","NAMOBJ":"Kedungharjo","WADMKC":"Widang","WADMKK":"Tuban"},"geometry":{"type":"Point","coordinates":[112.19788596,-7.0588517]}},{"type":"Feature","properties":{"Line":"S106","Sp":"1616.5","X":"632300.5","Y":"9219525.3","NAMOBJ":"Kedungharjo","WADMKC":"Widang","WADMKK":"Tuban"},"geometry":{"type":"Point","coordinates":[112.19788713,-7.0593039]}},{"type":"Feature","properties":{"Line":"S106","Sp":"1620.5","X":"632300.5","Y":"9219475.3","NAMOBJ":"Kedungharjo","WADMKC":"Widang","WADMKK":"Tuban"},"geometry":{"type":"Point","coordinates":[112.19788829,-7.0597561]}},{"type":"Feature","properties":{"Line":"S106","Sp":"1624.5","X":"632300.5","Y":"9219425.3","NAMOBJ":"Kedungharjo","WADMKC":"Widang","WADMKK":"Tuban"},"geometry":{"type":"Point","coordinates":[112.19788945,-7.06020829]}},{"type":"Feature","properties":{"Line":"S106","Sp":"1628.5","X":"632300.5","Y":"9219375.3","NAMOBJ":"Kedungharjo","WADMKC":"Widang","WADMKK":"Tuban"},"geometry":{"type":"Point","coordinates":[112.19789062,-7.06066049]}},{"type":"Feature","properties":{"Line":"S106","Sp":"1632.5","X":"632300.5","Y":"9219325.3","NAMOBJ":"Kedungharjo","WADMKC":"Widang","WADMKK":"Tuban"},"geometry":{"type":"Point","coordinates":[112.19789178,-7.06111269]}},{"type":"Feature","properties":{"Line":"S106","Sp":"1636.5","X":"632300.5","Y":"9219275.3","NAMOBJ":"Kedungharjo","WADMKC":"Widang","WADMKK":"Tuban"},"geometry":{"type":"Point","coordinates":[112.19789295,-7.06156489]}},{"type":"Feature","properties":{"Line":"S106","Sp":"1640.5","X":"632300.5","Y":"9219225.3","NAMOBJ":"Kedungharjo","WADMKC":"Widang","WADMKK":"Tuban"},"geometry":{"type":"Point","coordinates":[112.19789411,-7.06201708]}},{"type":"Feature","properties":{"Line":"S106","Sp":"1644.5","X":"632300.5","Y":"9219175.3","NAMOBJ":"Kedungharjo","WADMKC":"Widang","WADMKK":"Tuban"},"geometry":{"type":"Point","coordinates":[112.19789527,-7.06246928]}},{"type":"Feature","properties":{"Line":"S106","Sp":"1648.5","X":"632300.5","Y":"9219125.3","NAMOBJ":"Kedungharjo","WADMKC":"Widang","WADMKK":"Tuban"},"geometry":{"type":"Point","coordinates":[112.19789644,-7.06292148]}},{"type":"Feature","properties":{"Line":"S106","Sp":"1652.5","X":"632300.5","Y":"9219075.3","NAMOBJ":"Kedungharjo","WADMKC":"Widang","WADMKK":"Tuban"},"geometry":{"type":"Point","coordinates":[112.1978976,-7.06337368]}},{"type":"Feature","properties":{"Line":"S106","Sp":"1656.5","X":"632300.5","Y":"9219025.3","NAMOBJ":"Kedungharjo","WADMKC":"Widang","WADMKK":"Tuban"},"geometry":{"type":"Point","coordinates":[112.19789876,-7.06382587]}},{"type":"Feature","properties":{"Line":"S106","Sp":"1660.5","X":"632300.5","Y":"9218975.3","NAMOBJ":"Kedungharjo","WADMKC":"Widang","WADMKK":"Tuban"},"geometry":{"type":"Point","coordinates":[112.19789993,-7.06427807]}},{"type":"Feature","properties":{"Line":"S106","Sp":"1664.5","X":"632300.5","Y":"9218925.3","NAMOBJ":"Kedungharjo","WADMKC":"Widang","WADMKK":"Tuban"},"geometry":{"type":"Point","coordinates":[112.19790109,-7.06473027]}},{"type":"Feature","properties":{"Line":"S106","Sp":"1668.5","X":"632300.5","Y":"9218875.3","NAMOBJ":"Kedungharjo","WADMKC":"Widang","WADMKK":"Tuban"},"geometry":{"type":"Point","coordinates":[112.19790226,-7.06518247]}},{"type":"Feature","properties":{"Line":"S106","Sp":"1672.5","X":"632300.5","Y":"9218825.3","NAMOBJ":"Kedungharjo","WADMKC":"Widang","WADMKK":"Tuban"},"geometry":{"type":"Point","coordinates":[112.19790342,-7.06563466]}},{"type":"Feature","properties":{"Line":"S106","Sp":"1676.5","X":"632300.5","Y":"9218775.3","NAMOBJ":"Kedungharjo","WADMKC":"Widang","WADMKK":"Tuban"},"geometry":{"type":"Point","coordinates":[112.19790458,-7.06608686]}},{"type":"Feature","properties":{"Line":"S106","Sp":"1680.5","X":"632300.5","Y":"9218725.3","NAMOBJ":"Kedungharjo","WADMKC":"Widang","WADMKK":"Tuban"},"geometry":{"type":"Point","coordinates":[112.19790575,-7.06653906]}},{"type":"Feature","properties":{"Line":"S106","Sp":"1684.5","X":"632300.5","Y":"9218675.3","NAMOBJ":"Kedungharjo","WADMKC":"Widang","WADMKK":"Tuban"},"geometry":{"type":"Point","coordinates":[112.19790691,-7.06699126]}},{"type":"Feature","properties":{"Line":"S106","Sp":"1688.5","X":"632300.5","Y":"9218625.3","NAMOBJ":"Kedungharjo","WADMKC":"Widang","WADMKK":"Tuban"},"geometry":{"type":"Point","coordinates":[112.19790808,-7.06744345]}},{"type":"Feature","properties":{"Line":"S106","Sp":"1692.5","X":"632300.5","Y":"9218575.3","NAMOBJ":"Kedungharjo","WADMKC":"Widang","WADMKK":"Tuban"},"geometry":{"type":"Point","coordinates":[112.19790924,-7.06789565]}},{"type":"Feature","properties":{"Line":"S106","Sp":"1696.5","X":"632300.5","Y":"9218525.3","NAMOBJ":"Kedungharjo","WADMKC":"Widang","WADMKK":"Tuban"},"geometry":{"type":"Point","coordinates":[112.19791041,-7.06834785]}},{"type":"Feature","properties":{"Line":"S106","Sp":"1700.5","X":"632300.5","Y":"9218475.3","NAMOBJ":"Kedungharjo","WADMKC":"Widang","WADMKK":"Tuban"},"geometry":{"type":"Point","coordinates":[112.19791157,-7.06880005]}},{"type":"Feature","properties":{"Line":"S106","Sp":"1704.5","X":"632300.5","Y":"9218425.3","NAMOBJ":"Kedungharjo","WADMKC":"Widang","WADMKK":"Tuban"},"geometry":{"type":"Point","coordinates":[112.19791274,-7.06925224]}},{"type":"Feature","properties":{"Line":"S106","Sp":"1708.5","X":"632300.5","Y":"9218375.3","NAMOBJ":"Kedungharjo","WADMKC":"Widang","WADMKK":"Tuban"},"geometry":{"type":"Point","coordinates":[112.1979139,-7.06970444]}},{"type":"Feature","properties":{"Line":"S106","Sp":"1712.5","X":"632300.5","Y":"9218325.3","NAMOBJ":"Kedungharjo","WADMKC":"Widang","WADMKK":"Tuban"},"geometry":{"type":"Point","coordinates":[112.19791507,-7.07015664]}},{"type":"Feature","properties":{"Line":"S106","Sp":"1716.5","X":"632300.5","Y":"9218275.3","NAMOBJ":"Kedungharjo","WADMKC":"Widang","WADMKK":"Tuban"},"geometry":{"type":"Point","coordinates":[112.19791623,-7.07060883]}},{"type":"Feature","properties":{"Line":"S106","Sp":"1720.5","X":"632300.5","Y":"9218225.3","NAMOBJ":"Kedungharjo","WADMKC":"Widang","WADMKK":"Tuban"},"geometry":{"type":"Point","coordinates":[112.1979174,-7.07106103]}},{"type":"Feature","properties":{"Line":"S106","Sp":"1724.5","X":"632300.5","Y":"9218175.3","NAMOBJ":"Kedungharjo","WADMKC":"Widang","WADMKK":"Tuban"},"geometry":{"type":"Point","coordinates":[112.19791856,-7.07151323]}},{"type":"Feature","properties":{"Line":"S106","Sp":"1728.5","X":"632300.5","Y":"9218125.3","NAMOBJ":"Kedungharjo","WADMKC":"Widang","WADMKK":"Tuban"},"geometry":{"type":"Point","coordinates":[112.19791973,-7.07196543]}},{"type":"Feature","properties":{"Line":"S106","Sp":"1732.5","X":"632300.5","Y":"9218075.3","NAMOBJ":"Kedungharjo","WADMKC":"Widang","WADMKK":"Tuban"},"geometry":{"type":"Point","coordinates":[112.19792089,-7.07241762]}},{"type":"Feature","properties":{"Line":"S106","Sp":"1736.5","X":"632300.5","Y":"9218025.3","NAMOBJ":"Kedungharjo","WADMKC":"Widang","WADMKK":"Tuban"},"geometry":{"type":"Point","coordinates":[112.19792206,-7.07286982]}},{"type":"Feature","properties":{"Line":"S106","Sp":"1740.5","X":"632300.5","Y":"9217975.3","NAMOBJ":"Kedungharjo","WADMKC":"Widang","WADMKK":"Tuban"},"geometry":{"type":"Point","coordinates":[112.19792322,-7.07332202]}},{"type":"Feature","properties":{"Line":"S106","Sp":"1748.5","X":"632300.5","Y":"9217875.3","NAMOBJ":"Kedungharjo","WADMKC":"Widang","WADMKK":"Tuban"},"geometry":{"type":"Point","coordinates":[112.19792556,-7.07422641]}},{"type":"Feature","properties":{"Line":"S119","Sp":"1748.5","X":"632425.5","Y":"9217800.3","NAMOBJ":"Kedungharjo","WADMKC":"Widang","WADMKK":"Tuban"},"geometry":{"type":"Point","coordinates":[112.19905896,-7.0749018]}},{"type":"Feature","properties":{"Line":"S119","Sp":"1752.5","X":"632475.5","Y":"9217800.3","NAMOBJ":"Kedungharjo","WADMKC":"Widang","WADMKK":"Tuban"},"geometry":{"type":"Point","coordinates":[112.19951162,-7.07490063]}},{"type":"Feature","properties":{"Line":"S119","Sp":"1756.5","X":"632525.5","Y":"9217800.3","NAMOBJ":"Kedungharjo","WADMKC":"Widang","WADMKK":"Tuban"},"geometry":{"type":"Point","coordinates":[112.19996428,-7.07489946]}},{"type":"Feature","properties":{"Line":"S121","Sp":"1724.5","X":"632025.5","Y":"9218800.3","NAMOBJ":"Kedungharjo","WADMKC":"Widang","WADMKK":"Tuban"},"geometry":{"type":"Point","coordinates":[112.19541441,-7.06586715]}},{"type":"Feature","properties":{"Line":"S121","Sp":"1728.5","X":"632075.5","Y":"9218800.3","NAMOBJ":"Kedungharjo","WADMKC":"Widang","WADMKK":"Tuban"},"geometry":{"type":"Point","coordinates":[112.19586706,-7.06586599]}},{"type":"Feature","properties":{"Line":"S121","Sp":"1732.5","X":"632125.5","Y":"9218800.3","NAMOBJ":"Kedungharjo","WADMKC":"Widang","WADMKK":"Tuban"},"geometry":{"type":"Point","coordinates":[112.19631971,-7.06586483]}},{"type":"Feature","properties":{"Line":"S121","Sp":"1736.5","X":"632175.5","Y":"9218800.3","NAMOBJ":"Kedungharjo","WADMKC":"Widang","WADMKK":"Tuban"},"geometry":{"type":"Point","coordinates":[112.19677237,-7.06586367]}},{"type":"Feature","properties":{"Line":"S121","Sp":"1740.5","X":"632225.5","Y":"9218800.3","NAMOBJ":"Kedungharjo","WADMKC":"Widang","WADMKK":"Tuban"},"geometry":{"type":"Point","coordinates":[112.19722502,-7.06586251]}},{"type":"Feature","properties":{"Line":"S121","Sp":"1744.5","X":"632275.5","Y":"9218800.3","NAMOBJ":"Kedungharjo","WADMKC":"Widang","WADMKK":"Tuban"},"geometry":{"type":"Point","coordinates":[112.19767768,-7.06586134]}},{"type":"Feature","properties":{"Line":"S121","Sp":"1748.5","X":"632325.5","Y":"9218800.3","NAMOBJ":"Kedungharjo","WADMKC":"Widang","WADMKK":"Tuban"},"geometry":{"type":"Point","coordinates":[112.19813033,-7.06586018]}},{"type":"Feature","properties":{"Line":"S121","Sp":"1752.5","X":"632375.5","Y":"9218800.3","NAMOBJ":"Kedungharjo","WADMKC":"Widang","WADMKK":"Tuban"},"geometry":{"type":"Point","coordinates":[112.19858298,-7.06585902]}},{"type":"Feature","properties":{"Line":"S121","Sp":"1756.5","X":"632425.5","Y":"9218800.3","NAMOBJ":"Kedungharjo","WADMKC":"Widang","WADMKK":"Tuban"},"geometry":{"type":"Point","coordinates":[112.19903564,-7.06585785]}},{"type":"Feature","properties":{"Line":"S121","Sp":"1760.5","X":"632475.5","Y":"9218800.3","NAMOBJ":"Kedungharjo","WADMKC":"Widang","WADMKK":"Tuban"},"geometry":{"type":"Point","coordinates":[112.19948829,-7.06585669]}},{"type":"Feature","properties":{"Line":"S121","Sp":"1764.5","X":"632525.5","Y":"9218800.3","NAMOBJ":"Kedungharjo","WADMKC":"Widang","WADMKK":"Tuban"},"geometry":{"type":"Point","coordinates":[112.19994094,-7.06585552]}},{"type":"Feature","properties":{"Line":"S123","Sp":"1708.5","X":"631775.5","Y":"9219800.3","NAMOBJ":"Kedungharjo","WADMKC":"Widang","WADMKK":"Tuban"},"geometry":{"type":"Point","coordinates":[112.19312796,-7.05682898]}},{"type":"Feature","properties":{"Line":"S123","Sp":"1712.5","X":"631825.5","Y":"9219800.3","NAMOBJ":"Kedungharjo","WADMKC":"Widang","WADMKK":"Tuban"},"geometry":{"type":"Point","coordinates":[112.1935806,-7.05682783]}},{"type":"Feature","properties":{"Line":"S123","Sp":"1716.5","X":"631875.5","Y":"9219800.3","NAMOBJ":"Kedungharjo","WADMKC":"Widang","WADMKK":"Tuban"},"geometry":{"type":"Point","coordinates":[112.19403325,-7.05682667]}},{"type":"Feature","properties":{"Line":"S123","Sp":"1720.5","X":"631925.5","Y":"9219800.3","NAMOBJ":"Kedungharjo","WADMKC":"Widang","WADMKK":"Tuban"},"geometry":{"type":"Point","coordinates":[112.19448589,-7.05682551]}},{"type":"Feature","properties":{"Line":"S123","Sp":"1724.5","X":"631975.5","Y":"9219800.3","NAMOBJ":"Kedungharjo","WADMKC":"Widang","WADMKK":"Tuban"},"geometry":{"type":"Point","coordinates":[112.19493854,-7.05682435]}},{"type":"Feature","properties":{"Line":"S123","Sp":"1728.5","X":"632025.5","Y":"9219800.3","NAMOBJ":"Kedungharjo","WADMKC":"Widang","WADMKK":"Tuban"},"geometry":{"type":"Point","coordinates":[112.19539118,-7.05682319]}},{"type":"Feature","properties":{"Line":"S123","Sp":"1732.5","X":"632075.5","Y":"9219800.3","NAMOBJ":"Kedungharjo","WADMKC":"Widang","WADMKK":"Tuban"},"geometry":{"type":"Point","coordinates":[112.19584383,-7.05682203]}},{"type":"Feature","properties":{"Line":"S123","Sp":"1736.5","X":"632125.5","Y":"9219800.3","NAMOBJ":"Kedungharjo","WADMKC":"Widang","WADMKK":"Tuban"},"geometry":{"type":"Point","coordinates":[112.19629647,-7.05682087]}},{"type":"Feature","properties":{"Line":"S123","Sp":"1740.5","X":"632175.5","Y":"9219800.3","NAMOBJ":"Kedungharjo","WADMKC":"Widang","WADMKK":"Tuban"},"geometry":{"type":"Point","coordinates":[112.19674912,-7.05681971]}},{"type":"Feature","properties":{"Line":"S123","Sp":"1744.5","X":"632225.5","Y":"9219800.3","NAMOBJ":"Kedungharjo","WADMKC":"Widang","WADMKK":"Tuban"},"geometry":{"type":"Point","coordinates":[112.19720176,-7.05681855]}},{"type":"Feature","properties":{"Line":"S123","Sp":"1748.5","X":"632275.5","Y":"9219800.3","NAMOBJ":"Kedungharjo","WADMKC":"Widang","WADMKK":"Tuban"},"geometry":{"type":"Point","coordinates":[112.19765441,-7.05681739]}},{"type":"Feature","properties":{"Line":"S123","Sp":"1752.5","X":"632325.5","Y":"9219800.3","NAMOBJ":"Kedungharjo","WADMKC":"Widang","WADMKK":"Tuban"},"geometry":{"type":"Point","coordinates":[112.19810705,-7.05681623]}},{"type":"Feature","properties":{"Line":"S102","Sp":"1360.5","X":"630300.5","Y":"9221475.3","NAMOBJ":"Mrutuk","WADMKC":"Widang","WADMKK":"Tuban"},"geometry":{"type":"Point","coordinates":[112.17973656,-7.0417142]}},{"type":"Feature","properties":{"Line":"S102","Sp":"1364.5","X":"630300.5","Y":"9221425.3","NAMOBJ":"Mrutuk","WADMKC":"Widang","WADMKK":"Tuban"},"geometry":{"type":"Point","coordinates":[112.1797377,-7.0421664]}},{"type":"Feature","properties":{"Line":"S102","Sp":"1368.5","X":"630300.5","Y":"9221375.3","NAMOBJ":"Mrutuk","WADMKC":"Widang","WADMKK":"Tuban"},"geometry":{"type":"Point","coordinates":[112.17973885,-7.0426186]}},{"type":"Feature","properties":{"Line":"S102","Sp":"1372.5","X":"630300.5","Y":"9221325.3","NAMOBJ":"Mrutuk","WADMKC":"Widang","WADMKK":"Tuban"},"geometry":{"type":"Point","coordinates":[112.17973999,-7.0430708]}},{"type":"Feature","properties":{"Line":"S102","Sp":"1376.5","X":"630300.5","Y":"9221275.3","NAMOBJ":"Mrutuk","WADMKC":"Widang","WADMKK":"Tuban"},"geometry":{"type":"Point","coordinates":[112.17974113,-7.043523]}},{"type":"Feature","properties":{"Line":"S102","Sp":"1380.5","X":"630300.5","Y":"9221225.3","NAMOBJ":"Mrutuk","WADMKC":"Widang","WADMKK":"Tuban"},"geometry":{"type":"Point","coordinates":[112.17974227,-7.0439752]}},{"type":"Feature","properties":{"Line":"S102","Sp":"1384.5","X":"630300.5","Y":"9221175.3","NAMOBJ":"Mrutuk","WADMKC":"Widang","WADMKK":"Tuban"},"geometry":{"type":"Point","coordinates":[112.17974342,-7.04442741]}},{"type":"Feature","properties":{"Line":"S102","Sp":"1388.5","X":"630300.5","Y":"9221125.3","NAMOBJ":"Mrutuk","WADMKC":"Widang","WADMKK":"Tuban"},"geometry":{"type":"Point","coordinates":[112.17974456,-7.04487961]}},{"type":"Feature","properties":{"Line":"S102","Sp":"1392.5","X":"630300.5","Y":"9221075.3","NAMOBJ":"Mrutuk","WADMKC":"Widang","WADMKK":"Tuban"},"geometry":{"type":"Point","coordinates":[112.1797457,-7.04533181]}},{"type":"Feature","properties":{"Line":"S102","Sp":"1396.5","X":"630300.5","Y":"9221025.3","NAMOBJ":"Mrutuk","WADMKC":"Widang","WADMKK":"Tuban"},"geometry":{"type":"Point","coordinates":[112.17974685,-7.04578401]}},{"type":"Feature","properties":{"Line":"S102","Sp":"1400.5","X":"630300.5","Y":"9220975.3","NAMOBJ":"Mrutuk","WADMKC":"Widang","WADMKK":"Tuban"},"geometry":{"type":"Point","coordinates":[112.17974799,-7.04623621]}},{"type":"Feature","properties":{"Line":"S102","Sp":"1404.5","X":"630300.5","Y":"9220925.3","NAMOBJ":"Mrutuk","WADMKC":"Widang","WADMKK":"Tuban"},"geometry":{"type":"Point","coordinates":[112.17974913,-7.04668841]}},{"type":"Feature","properties":{"Line":"S102","Sp":"1408.5","X":"630300.5","Y":"9220875.3","NAMOBJ":"Mrutuk","WADMKC":"Widang","WADMKK":"Tuban"},"geometry":{"type":"Point","coordinates":[112.17975028,-7.04714061]}},{"type":"Feature","properties":{"Line":"S104","Sp":"1364.5","X":"631300.5","Y":"9222475.3","NAMOBJ":"Mrutuk","WADMKC":"Widang","WADMKK":"Tuban"},"geometry":{"type":"Point","coordinates":[112.18876619,-7.03264729]}},{"type":"Feature","properties":{"Line":"S104","Sp":"1368.5","X":"631300.5","Y":"9222425.3","NAMOBJ":"Mrutuk","WADMKC":"Widang","WADMKK":"Tuban"},"geometry":{"type":"Point","coordinates":[112.18876734,-7.03309949]}},{"type":"Feature","properties":{"Line":"S104","Sp":"1372.5","X":"631300.5","Y":"9222375.3","NAMOBJ":"Mrutuk","WADMKC":"Widang","WADMKK":"Tuban"},"geometry":{"type":"Point","coordinates":[112.18876849,-7.03355169]}},{"type":"Feature","properties":{"Line":"S104","Sp":"1376.5","X":"631300.5","Y":"9222325.3","NAMOBJ":"Mrutuk","WADMKC":"Widang","WADMKK":"Tuban"},"geometry":{"type":"Point","coordinates":[112.18876964,-7.03400389]}},{"type":"Feature","properties":{"Line":"S104","Sp":"1380.5","X":"631300.5","Y":"9222275.3","NAMOBJ":"Mrutuk","WADMKC":"Widang","WADMKK":"Tuban"},"geometry":{"type":"Point","coordinates":[112.18877079,-7.03445609]}},{"type":"Feature","properties":{"Line":"S104","Sp":"1384.5","X":"631300.5","Y":"9222225.3","NAMOBJ":"Mrutuk","WADMKC":"Widang","WADMKK":"Tuban"},"geometry":{"type":"Point","coordinates":[112.18877194,-7.03490829]}},{"type":"Feature","properties":{"Line":"S104","Sp":"1388.5","X":"631300.5","Y":"9222175.3","NAMOBJ":"Mrutuk","WADMKC":"Widang","WADMKK":"Tuban"},"geometry":{"type":"Point","coordinates":[112.18877309,-7.03536049]}},{"type":"Feature","properties":{"Line":"S104","Sp":"1392.5","X":"631300.5","Y":"9222125.3","NAMOBJ":"Mrutuk","WADMKC":"Widang","WADMKK":"Tuban"},"geometry":{"type":"Point","coordinates":[112.18877424,-7.03581269]}},{"type":"Feature","properties":{"Line":"S104","Sp":"1396.5","X":"631300.5","Y":"9222075.3","NAMOBJ":"Mrutuk","WADMKC":"Widang","WADMKK":"Tuban"},"geometry":{"type":"Point","coordinates":[112.18877539,-7.03626489]}},{"type":"Feature","properties":{"Line":"S104","Sp":"1400.5","X":"631300.5","Y":"9222025.3","NAMOBJ":"Mrutuk","WADMKC":"Widang","WADMKK":"Tuban"},"geometry":{"type":"Point","coordinates":[112.18877654,-7.03671709]}},{"type":"Feature","properties":{"Line":"S104","Sp":"1404.5","X":"631300.5","Y":"9221975.3","NAMOBJ":"Mrutuk","WADMKC":"Widang","WADMKK":"Tuban"},"geometry":{"type":"Point","coordinates":[112.18877769,-7.03716929]}},{"type":"Feature","properties":{"Line":"S104","Sp":"1408.5","X":"631300.5","Y":"9221925.3","NAMOBJ":"Mrutuk","WADMKC":"Widang","WADMKK":"Tuban"},"geometry":{"type":"Point","coordinates":[112.18877885,-7.03762148]}},{"type":"Feature","properties":{"Line":"S104","Sp":"1412.5","X":"631300.5","Y":"9221875.3","NAMOBJ":"Mrutuk","WADMKC":"Widang","WADMKK":"Tuban"},"geometry":{"type":"Point","coordinates":[112.18878,-7.03807368]}},{"type":"Feature","properties":{"Line":"S104","Sp":"1416.5","X":"631300.5","Y":"9221825.3","NAMOBJ":"Mrutuk","WADMKC":"Widang","WADMKK":"Tuban"},"geometry":{"type":"Point","coordinates":[112.18878115,-7.03852588]}},{"type":"Feature","properties":{"Line":"S104","Sp":"1420.5","X":"631300.5","Y":"9221775.3","NAMOBJ":"Mrutuk","WADMKC":"Widang","WADMKK":"Tuban"},"geometry":{"type":"Point","coordinates":[112.1887823,-7.03897808]}},{"type":"Feature","properties":{"Line":"S104","Sp":"1424.5","X":"631300.5","Y":"9221725.3","NAMOBJ":"Mrutuk","WADMKC":"Widang","WADMKK":"Tuban"},"geometry":{"type":"Point","coordinates":[112.18878345,-7.03943028]}},{"type":"Feature","properties":{"Line":"S104","Sp":"1428.5","X":"631300.5","Y":"9221675.3","NAMOBJ":"Mrutuk","WADMKC":"Widang","WADMKK":"Tuban"},"geometry":{"type":"Point","coordinates":[112.1887846,-7.03988248]}},{"type":"Feature","properties":{"Line":"S104","Sp":"1432.5","X":"631300.5","Y":"9221625.3","NAMOBJ":"Mrutuk","WADMKC":"Widang","WADMKK":"Tuban"},"geometry":{"type":"Point","coordinates":[112.18878575,-7.04033468]}},{"type":"Feature","properties":{"Line":"S104","Sp":"1436.5","X":"631300.5","Y":"9221575.3","NAMOBJ":"Mrutuk","WADMKC":"Widang","WADMKK":"Tuban"},"geometry":{"type":"Point","coordinates":[112.1887869,-7.04078688]}},{"type":"Feature","properties":{"Line":"S104","Sp":"1440.5","X":"631300.5","Y":"9221525.3","NAMOBJ":"Mrutuk","WADMKC":"Widang","WADMKK":"Tuban"},"geometry":{"type":"Point","coordinates":[112.18878805,-7.04123908]}},{"type":"Feature","properties":{"Line":"S104","Sp":"1444.5","X":"631300.5","Y":"9221475.3","NAMOBJ":"Mrutuk","WADMKC":"Widang","WADMKK":"Tuban"},"geometry":{"type":"Point","coordinates":[112.18878921,-7.04169128]}},{"type":"Feature","properties":{"Line":"S104","Sp":"1448.5","X":"631300.5","Y":"9221425.3","NAMOBJ":"Mrutuk","WADMKC":"Widang","WADMKK":"Tuban"},"geometry":{"type":"Point","coordinates":[112.18879036,-7.04214348]}},{"type":"Feature","properties":{"Line":"S104","Sp":"1452.5","X":"631300.5","Y":"9221375.3","NAMOBJ":"Mrutuk","WADMKC":"Widang","WADMKK":"Tuban"},"geometry":{"type":"Point","coordinates":[112.18879151,-7.04259568]}},{"type":"Feature","properties":{"Line":"S104","Sp":"1456.5","X":"631300.5","Y":"9221325.3","NAMOBJ":"Mrutuk","WADMKC":"Widang","WADMKK":"Tuban"},"geometry":{"type":"Point","coordinates":[112.18879266,-7.04304788]}},{"type":"Feature","properties":{"Line":"S104","Sp":"1460.5","X":"631300.5","Y":"9221275.3","NAMOBJ":"Mrutuk","WADMKC":"Widang","WADMKK":"Tuban"},"geometry":{"type":"Point","coordinates":[112.18879381,-7.04350008]}},{"type":"Feature","properties":{"Line":"S104","Sp":"1464.5","X":"631300.5","Y":"9221225.3","NAMOBJ":"Mrutuk","WADMKC":"Widang","WADMKK":"Tuban"},"geometry":{"type":"Point","coordinates":[112.18879496,-7.04395228]}},{"type":"Feature","properties":{"Line":"S104","Sp":"1468.5","X":"631300.5","Y":"9221175.3","NAMOBJ":"Mrutuk","WADMKC":"Widang","WADMKK":"Tuban"},"geometry":{"type":"Point","coordinates":[112.18879612,-7.04440448]}},{"type":"Feature","properties":{"Line":"S125","Sp":"1368.5","X":"629725.5","Y":"9220800.3","NAMOBJ":"Mrutuk","WADMKC":"Widang","WADMKK":"Tuban"},"geometry":{"type":"Point","coordinates":[112.17454664,-7.04783202]}},{"type":"Feature","properties":{"Line":"S125","Sp":"1372.5","X":"629775.5","Y":"9220800.3","NAMOBJ":"Mrutuk","WADMKC":"Widang","WADMKK":"Tuban"},"geometry":{"type":"Point","coordinates":[112.17499928,-7.04783088]}},{"type":"Feature","properties":{"Line":"S125","Sp":"1376.5","X":"629825.5","Y":"9220800.3","NAMOBJ":"Mrutuk","WADMKC":"Widang","WADMKK":"Tuban"},"geometry":{"type":"Point","coordinates":[112.17545192,-7.04782975]}},{"type":"Feature","properties":{"Line":"S125","Sp":"1380.5","X":"629875.5","Y":"9220800.3","NAMOBJ":"Mrutuk","WADMKC":"Widang","WADMKK":"Tuban"},"geometry":{"type":"Point","coordinates":[112.17590456,-7.04782861]}},{"type":"Feature","properties":{"Line":"S125","Sp":"1384.5","X":"629925.5","Y":"9220800.3","NAMOBJ":"Mrutuk","WADMKC":"Widang","WADMKK":"Tuban"},"geometry":{"type":"Point","coordinates":[112.1763572,-7.04782747]}},{"type":"Feature","properties":{"Line":"S125","Sp":"1388.5","X":"629975.5","Y":"9220800.3","NAMOBJ":"Mrutuk","WADMKC":"Widang","WADMKK":"Tuban"},"geometry":{"type":"Point","coordinates":[112.17680984,-7.04782633]}},{"type":"Feature","properties":{"Line":"S125","Sp":"1392.5","X":"630025.5","Y":"9220800.3","NAMOBJ":"Mrutuk","WADMKC":"Widang","WADMKK":"Tuban"},"geometry":{"type":"Point","coordinates":[112.17726248,-7.04782519]}},{"type":"Feature","properties":{"Line":"S125","Sp":"1396.5","X":"630075.5","Y":"9220800.3","NAMOBJ":"Mrutuk","WADMKC":"Widang","WADMKK":"Tuban"},"geometry":{"type":"Point","coordinates":[112.17771512,-7.04782405]}},{"type":"Feature","properties":{"Line":"S125","Sp":"1400.5","X":"630125.5","Y":"9220800.3","NAMOBJ":"Mrutuk","WADMKC":"Widang","WADMKK":"Tuban"},"geometry":{"type":"Point","coordinates":[112.17816776,-7.04782291]}},{"type":"Feature","properties":{"Line":"S125","Sp":"1404.5","X":"630175.5","Y":"9220800.3","NAMOBJ":"Mrutuk","WADMKC":"Widang","WADMKK":"Tuban"},"geometry":{"type":"Point","coordinates":[112.1786204,-7.04782177]}},{"type":"Feature","properties":{"Line":"S115","Sp":"1360.5","X":"629075.5","Y":"9215800.3","NAMOBJ":"Ngadirejo","WADMKC":"Widang","WADMKK":"Tuban"},"geometry":{"type":"Point","coordinates":[112.16877599,-7.09306699]}},{"type":"Feature","properties":{"Line":"S115","Sp":"1364.5","X":"629125.5","Y":"9215800.3","NAMOBJ":"Ngadirejo","WADMKC":"Widang","WADMKK":"Tuban"},"geometry":{"type":"Point","coordinates":[112.16922867,-7.09306585]}},{"type":"Feature","properties":{"Line":"S115","Sp":"1368.5","X":"629175.5","Y":"9215800.3","NAMOBJ":"Ngadirejo","WADMKC":"Widang","WADMKK":"Tuban"},"geometry":{"type":"Point","coordinates":[112.16968136,-7.09306471]}},{"type":"Feature","properties":{"Line":"S115","Sp":"1372.5","X":"629225.5","Y":"9215800.3","NAMOBJ":"Ngadirejo","WADMKC":"Widang","WADMKK":"Tuban"},"geometry":{"type":"Point","coordinates":[112.17013404,-7.09306357]}},{"type":"Feature","properties":{"Line":"S115","Sp":"1376.5","X":"629275.5","Y":"9215800.3","NAMOBJ":"Ngadirejo","WADMKC":"Widang","WADMKK":"Tuban"},"geometry":{"type":"Point","coordinates":[112.17058672,-7.09306243]}},{"type":"Feature","properties":{"Line":"S115","Sp":"1380.5","X":"629325.5","Y":"9215800.3","NAMOBJ":"Ngadirejo","WADMKC":"Widang","WADMKK":"Tuban"},"geometry":{"type":"Point","coordinates":[112.17103941,-7.09306129]}},{"type":"Feature","properties":{"Line":"S115","Sp":"1384.5","X":"629375.5","Y":"9215800.3","NAMOBJ":"Ngadirejo","WADMKC":"Widang","WADMKK":"Tuban"},"geometry":{"type":"Point","coordinates":[112.17149209,-7.09306015]}},{"type":"Feature","properties":{"Line":"S115","Sp":"1388.5","X":"629425.5","Y":"9215800.3","NAMOBJ":"Ngadirejo","WADMKC":"Widang","WADMKK":"Tuban"},"geometry":{"type":"Point","coordinates":[112.17194478,-7.093059]}},{"type":"Feature","properties":{"Line":"S117","Sp":"1360.5","X":"628525.5","Y":"9216800.3","NAMOBJ":"Ngadirejo","WADMKC":"Widang","WADMKK":"Tuban"},"geometry":{"type":"Point","coordinates":[112.16377375,-7.08403544]}},{"type":"Feature","properties":{"Line":"S117","Sp":"1364.5","X":"628575.5","Y":"9216800.3","NAMOBJ":"Ngadirejo","WADMKC":"Widang","WADMKK":"Tuban"},"geometry":{"type":"Point","coordinates":[112.16422643,-7.08403431]}},{"type":"Feature","properties":{"Line":"S117","Sp":"1368.5","X":"628625.5","Y":"9216800.3","NAMOBJ":"Ngadirejo","WADMKC":"Widang","WADMKK":"Tuban"},"geometry":{"type":"Point","coordinates":[112.16467911,-7.08403318]}},{"type":"Feature","properties":{"Line":"S117","Sp":"1372.5","X":"628675.5","Y":"9216800.3","NAMOBJ":"Ngadirejo","WADMKC":"Widang","WADMKK":"Tuban"},"geometry":{"type":"Point","coordinates":[112.16513178,-7.08403204]}},{"type":"Feature","properties":{"Line":"S117","Sp":"1376.5","X":"628725.5","Y":"9216800.3","NAMOBJ":"Ngadirejo","WADMKC":"Widang","WADMKK":"Tuban"},"geometry":{"type":"Point","coordinates":[112.16558446,-7.08403091]}},{"type":"Feature","properties":{"Line":"S117","Sp":"1380.5","X":"628775.5","Y":"9216800.3","NAMOBJ":"Ngadirejo","WADMKC":"Widang","WADMKK":"Tuban"},"geometry":{"type":"Point","coordinates":[112.16603714,-7.08402977]}},{"type":"Feature","properties":{"Line":"S117","Sp":"1384.5","X":"628825.5","Y":"9216800.3","NAMOBJ":"Ngadirejo","WADMKC":"Widang","WADMKK":"Tuban"},"geometry":{"type":"Point","coordinates":[112.16648981,-7.08402864]}},{"type":"Feature","properties":{"Line":"S119","Sp":"1440.5","X":"628575.5","Y":"9217800.3","NAMOBJ":"Ngadirejo","WADMKC":"Widang","WADMKK":"Tuban"},"geometry":{"type":"Point","coordinates":[112.16420375,-7.07499025]}},{"type":"Feature","properties":{"Line":"S123","Sp":"1360.5","X":"627425.5","Y":"9219800.3","NAMOBJ":"Penidon","WADMKC":"Plumpang","WADMKK":"Tuban"},"geometry":{"type":"Point","coordinates":[112.15374751,-7.05692799]}},{"type":"Feature","properties":{"Line":"S123","Sp":"1364.5","X":"627475.5","Y":"9219800.3","NAMOBJ":"Penidon","WADMKC":"Plumpang","WADMKK":"Tuban"},"geometry":{"type":"Point","coordinates":[112.15420017,-7.05692687]}},{"type":"Feature","properties":{"Line":"S123","Sp":"1368.5","X":"627525.5","Y":"9219800.3","NAMOBJ":"Penidon","WADMKC":"Plumpang","WADMKK":"Tuban"},"geometry":{"type":"Point","coordinates":[112.15465282,-7.05692575]}},{"type":"Feature","properties":{"Line":"S123","Sp":"1372.5","X":"627575.5","Y":"9219800.3","NAMOBJ":"Penidon","WADMKC":"Plumpang","WADMKK":"Tuban"},"geometry":{"type":"Point","coordinates":[112.15510547,-7.05692463]}},{"type":"Feature","properties":{"Line":"S123","Sp":"1376.5","X":"627625.5","Y":"9219800.3","NAMOBJ":"Penidon","WADMKC":"Plumpang","WADMKK":"Tuban"},"geometry":{"type":"Point","coordinates":[112.15555812,-7.05692351]}},{"type":"Feature","properties":{"Line":"S123","Sp":"1380.5","X":"627675.5","Y":"9219800.3","NAMOBJ":"Penidon","WADMKC":"Plumpang","WADMKK":"Tuban"},"geometry":{"type":"Point","coordinates":[112.15601077,-7.05692239]}},{"type":"Feature","properties":{"Line":"S123","Sp":"1384.5","X":"627725.5","Y":"9219800.3","NAMOBJ":"Penidon","WADMKC":"Plumpang","WADMKK":"Tuban"},"geometry":{"type":"Point","coordinates":[112.15646342,-7.05692126]}},{"type":"Feature","properties":{"Line":"S104","Sp":"1360.5","X":"631300.5","Y":"9222525.3","NAMOBJ":"Simorejo","WADMKC":"Widang","WADMKK":"Tuban"},"geometry":{"type":"Point","coordinates":[112.18876504,-7.03219509]}},{"type":"Feature","properties":{"Line":"S106","Sp":"1360.5","X":"632300.5","Y":"9222725.3","NAMOBJ":"Simorejo","WADMKC":"Widang","WADMKK":"Tuban"},"geometry":{"type":"Point","coordinates":[112.19781284,-7.03036323]}},{"type":"Feature","properties":{"Line":"S106","Sp":"1364.5","X":"632300.5","Y":"9222675.3","NAMOBJ":"Simorejo","WADMKC":"Widang","WADMKK":"Tuban"},"geometry":{"type":"Point","coordinates":[112.197814,-7.03081543]}},{"type":"Feature","properties":{"Line":"S106","Sp":"1368.5","X":"632300.5","Y":"9222625.3","NAMOBJ":"Simorejo","WADMKC":"Widang","WADMKK":"Tuban"},"geometry":{"type":"Point","coordinates":[112.19781516,-7.03126763]}},{"type":"Feature","properties":{"Line":"S106","Sp":"1372.5","X":"632300.5","Y":"9222575.3","NAMOBJ":"Simorejo","WADMKC":"Widang","WADMKK":"Tuban"},"geometry":{"type":"Point","coordinates":[112.19781631,-7.03171983]}},{"type":"Feature","properties":{"Line":"S106","Sp":"1376.5","X":"632300.5","Y":"9222525.3","NAMOBJ":"Simorejo","WADMKC":"Widang","WADMKK":"Tuban"},"geometry":{"type":"Point","coordinates":[112.19781747,-7.03217203]}},{"type":"Feature","properties":{"Line":"S106","Sp":"1380.5","X":"632300.5","Y":"9222475.3","NAMOBJ":"Simorejo","WADMKC":"Widang","WADMKK":"Tuban"},"geometry":{"type":"Point","coordinates":[112.19781863,-7.03262422]}},{"type":"Feature","properties":{"Line":"S106","Sp":"1384.5","X":"632300.5","Y":"9222425.3","NAMOBJ":"Simorejo","WADMKC":"Widang","WADMKK":"Tuban"},"geometry":{"type":"Point","coordinates":[112.19781979,-7.03307642]}},{"type":"Feature","properties":{"Line":"S106","Sp":"1388.5","X":"632300.5","Y":"9222375.3","NAMOBJ":"Simorejo","WADMKC":"Widang","WADMKK":"Tuban"},"geometry":{"type":"Point","coordinates":[112.19782095,-7.03352862]}},{"type":"Feature","properties":{"Line":"S106","Sp":"1392.5","X":"632300.5","Y":"9222325.3","NAMOBJ":"Simorejo","WADMKC":"Widang","WADMKK":"Tuban"},"geometry":{"type":"Point","coordinates":[112.19782211,-7.03398082]}},{"type":"Feature","properties":{"Line":"S106","Sp":"1396.5","X":"632300.5","Y":"9222275.3","NAMOBJ":"Simorejo","WADMKC":"Widang","WADMKK":"Tuban"},"geometry":{"type":"Point","coordinates":[112.19782327,-7.03443302]}},{"type":"Feature","properties":{"Line":"S106","Sp":"1400.5","X":"632300.5","Y":"9222225.3","NAMOBJ":"Simorejo","WADMKC":"Widang","WADMKK":"Tuban"},"geometry":{"type":"Point","coordinates":[112.19782443,-7.03488522]}},{"type":"Feature","properties":{"Line":"S106","Sp":"1404.5","X":"632300.5","Y":"9222175.3","NAMOBJ":"Simorejo","WADMKC":"Widang","WADMKK":"Tuban"},"geometry":{"type":"Point","coordinates":[112.19782559,-7.03533741]}},{"type":"Feature","properties":{"Line":"S106","Sp":"1408.5","X":"632300.5","Y":"9222125.3","NAMOBJ":"Simorejo","WADMKC":"Widang","WADMKK":"Tuban"},"geometry":{"type":"Point","coordinates":[112.19782674,-7.03578961]}},{"type":"Feature","properties":{"Line":"S106","Sp":"1412.5","X":"632300.5","Y":"9222075.3","NAMOBJ":"Simorejo","WADMKC":"Widang","WADMKK":"Tuban"},"geometry":{"type":"Point","coordinates":[112.1978279,-7.03624181]}},{"type":"Feature","properties":{"Line":"S106","Sp":"1416.5","X":"632300.5","Y":"9222025.3","NAMOBJ":"Simorejo","WADMKC":"Widang","WADMKK":"Tuban"},"geometry":{"type":"Point","coordinates":[112.19782906,-7.03669401]}},{"type":"Feature","properties":{"Line":"S106","Sp":"1420.5","X":"632300.5","Y":"9221975.3","NAMOBJ":"Simorejo","WADMKC":"Widang","WADMKK":"Tuban"},"geometry":{"type":"Point","coordinates":[112.19783022,-7.03714621]}},{"type":"Feature","properties":{"Line":"S106","Sp":"1424.5","X":"632300.5","Y":"9221925.3","NAMOBJ":"Simorejo","WADMKC":"Widang","WADMKK":"Tuban"},"geometry":{"type":"Point","coordinates":[112.19783138,-7.0375984]}},{"type":"Feature","properties":{"Line":"S106","Sp":"1428.5","X":"632300.5","Y":"9221875.3","NAMOBJ":"Simorejo","WADMKC":"Widang","WADMKK":"Tuban"},"geometry":{"type":"Point","coordinates":[112.19783254,-7.0380506]}},{"type":"Feature","properties":{"Line":"S106","Sp":"1432.5","X":"632300.5","Y":"9221825.3","NAMOBJ":"Simorejo","WADMKC":"Widang","WADMKK":"Tuban"},"geometry":{"type":"Point","coordinates":[112.1978337,-7.0385028]}},{"type":"Feature","properties":{"Line":"S106","Sp":"1436.5","X":"632300.5","Y":"9221775.3","NAMOBJ":"Simorejo","WADMKC":"Widang","WADMKK":"Tuban"},"geometry":{"type":"Point","coordinates":[112.19783486,-7.038955]}},{"type":"Feature","properties":{"Line":"S106","Sp":"1440.5","X":"632300.5","Y":"9221725.3","NAMOBJ":"Simorejo","WADMKC":"Widang","WADMKK":"Tuban"},"geometry":{"type":"Point","coordinates":[112.19783602,-7.0394072]}},{"type":"Feature","properties":{"Line":"S106","Sp":"1444.5","X":"632300.5","Y":"9221675.3","NAMOBJ":"Simorejo","WADMKC":"Widang","WADMKK":"Tuban"},"geometry":{"type":"Point","coordinates":[112.19783718,-7.03985939]}},{"type":"Feature","properties":{"Line":"S106","Sp":"1448.5","X":"632300.5","Y":"9221625.3","NAMOBJ":"Simorejo","WADMKC":"Widang","WADMKK":"Tuban"},"geometry":{"type":"Point","coordinates":[112.19783834,-7.04031159]}},{"type":"Feature","properties":{"Line":"S106","Sp":"1452.5","X":"632300.5","Y":"9221575.3","NAMOBJ":"Simorejo","WADMKC":"Widang","WADMKK":"Tuban"},"geometry":{"type":"Point","coordinates":[112.1978395,-7.04076379]}},{"type":"Feature","properties":{"Line":"S106","Sp":"1456.5","X":"632300.5","Y":"9221525.3","NAMOBJ":"Simorejo","WADMKC":"Widang","WADMKK":"Tuban"},"geometry":{"type":"Point","coordinates":[112.19784066,-7.04121599]}},{"type":"Feature","properties":{"Line":"S106","Sp":"1460.5","X":"632300.5","Y":"9221475.3","NAMOBJ":"Simorejo","WADMKC":"Widang","WADMKK":"Tuban"},"geometry":{"type":"Point","coordinates":[112.19784182,-7.04166819]}},{"type":"Feature","properties":{"Line":"S106","Sp":"1464.5","X":"632300.5","Y":"9221425.3","NAMOBJ":"Simorejo","WADMKC":"Widang","WADMKK":"Tuban"},"geometry":{"type":"Point","coordinates":[112.19784298,-7.04212038]}},{"type":"Feature","properties":{"Line":"S106","Sp":"1468.5","X":"632300.5","Y":"9221375.3","NAMOBJ":"Simorejo","WADMKC":"Widang","WADMKK":"Tuban"},"geometry":{"type":"Point","coordinates":[112.19784414,-7.04257258]}},{"type":"Feature","properties":{"Line":"S106","Sp":"1472.5","X":"632300.5","Y":"9221325.3","NAMOBJ":"Simorejo","WADMKC":"Widang","WADMKK":"Tuban"},"geometry":{"type":"Point","coordinates":[112.1978453,-7.04302478]}},{"type":"Feature","properties":{"Line":"S106","Sp":"1476.5","X":"632300.5","Y":"9221275.3","NAMOBJ":"Simorejo","WADMKC":"Widang","WADMKK":"Tuban"},"geometry":{"type":"Point","coordinates":[112.19784646,-7.04347698]}},{"type":"Feature","properties":{"Line":"S106","Sp":"1480.5","X":"632300.5","Y":"9221225.3","NAMOBJ":"Simorejo","WADMKC":"Widang","WADMKK":"Tuban"},"geometry":{"type":"Point","coordinates":[112.19784762,-7.04392917]}},{"type":"Feature","properties":{"Line":"S106","Sp":"1484.5","X":"632300.5","Y":"9221175.3","NAMOBJ":"Simorejo","WADMKC":"Widang","WADMKK":"Tuban"},"geometry":{"type":"Point","coordinates":[112.19784878,-7.04438137]}},{"type":"Feature","properties":{"Line":"S106","Sp":"1488.5","X":"632300.5","Y":"9221125.3","NAMOBJ":"Simorejo","WADMKC":"Widang","WADMKK":"Tuban"},"geometry":{"type":"Point","coordinates":[112.19784994,-7.04483357]}},{"type":"Feature","properties":{"Line":"S106","Sp":"1492.5","X":"632300.5","Y":"9221075.3","NAMOBJ":"Simorejo","WADMKC":"Widang","WADMKK":"Tuban"},"geometry":{"type":"Point","coordinates":[112.19785111,-7.04528577]}},{"type":"Feature","properties":{"Line":"S106","Sp":"1496.5","X":"632300.5","Y":"9221025.3","NAMOBJ":"Simorejo","WADMKC":"Widang","WADMKK":"Tuban"},"geometry":{"type":"Point","coordinates":[112.19785227,-7.04573797]}},{"type":"Feature","properties":{"Line":"S106","Sp":"1500.5","X":"632300.5","Y":"9220975.3","NAMOBJ":"Simorejo","WADMKC":"Widang","WADMKK":"Tuban"},"geometry":{"type":"Point","coordinates":[112.19785343,-7.04619016]}},{"type":"Feature","properties":{"Line":"S106","Sp":"1504.5","X":"632300.5","Y":"9220925.3","NAMOBJ":"Simorejo","WADMKC":"Widang","WADMKK":"Tuban"},"geometry":{"type":"Point","coordinates":[112.19785459,-7.04664236]}},{"type":"Feature","properties":{"Line":"S106","Sp":"1508.5","X":"632300.5","Y":"9220875.3","NAMOBJ":"Simorejo","WADMKC":"Widang","WADMKK":"Tuban"},"geometry":{"type":"Point","coordinates":[112.19785575,-7.04709456]}},{"type":"Feature","properties":{"Line":"S106","Sp":"1512.5","X":"632300.5","Y":"9220825.3","NAMOBJ":"Simorejo","WADMKC":"Widang","WADMKK":"Tuban"},"geometry":{"type":"Point","coordinates":[112.19785691,-7.04754676]}},{"type":"Feature","properties":{"Line":"S106","Sp":"1516.5","X":"632300.5","Y":"9220775.3","NAMOBJ":"Simorejo","WADMKC":"Widang","WADMKK":"Tuban"},"geometry":{"type":"Point","coordinates":[112.19785807,-7.04799896]}},{"type":"Feature","properties":{"Line":"S106","Sp":"1520.5","X":"632300.5","Y":"9220725.3","NAMOBJ":"Simorejo","WADMKC":"Widang","WADMKK":"Tuban"},"geometry":{"type":"Point","coordinates":[112.19785923,-7.04845115]}},{"type":"Feature","properties":{"Line":"S106","Sp":"1524.5","X":"632300.5","Y":"9220675.3","NAMOBJ":"Simorejo","WADMKC":"Widang","WADMKK":"Tuban"},"geometry":{"type":"Point","coordinates":[112.19786039,-7.04890335]}},{"type":"Feature","properties":{"Line":"S106","Sp":"1528.5","X":"632300.5","Y":"9220625.3","NAMOBJ":"Simorejo","WADMKC":"Widang","WADMKK":"Tuban"},"geometry":{"type":"Point","coordinates":[112.19786156,-7.04935555]}},{"type":"Feature","properties":{"Line":"S106","Sp":"1532.5","X":"632300.5","Y":"9220575.3","NAMOBJ":"Simorejo","WADMKC":"Widang","WADMKK":"Tuban"},"geometry":{"type":"Point","coordinates":[112.19786272,-7.04980775]}},{"type":"Feature","properties":{"Line":"S106","Sp":"1536.5","X":"632300.5","Y":"9220525.3","NAMOBJ":"Simorejo","WADMKC":"Widang","WADMKK":"Tuban"},"geometry":{"type":"Point","coordinates":[112.19786388,-7.05025994]}},{"type":"Feature","properties":{"Line":"S106","Sp":"1540.5","X":"632300.5","Y":"9220475.3","NAMOBJ":"Simorejo","WADMKC":"Widang","WADMKK":"Tuban"},"geometry":{"type":"Point","coordinates":[112.19786504,-7.05071214]}},{"type":"Feature","properties":{"Line":"S106","Sp":"1544.5","X":"632300.5","Y":"9220425.3","NAMOBJ":"Simorejo","WADMKC":"Widang","WADMKK":"Tuban"},"geometry":{"type":"Point","coordinates":[112.1978662,-7.05116434]}},{"type":"Feature","properties":{"Line":"S106","Sp":"1548.5","X":"632300.5","Y":"9220375.3","NAMOBJ":"Simorejo","WADMKC":"Widang","WADMKK":"Tuban"},"geometry":{"type":"Point","coordinates":[112.19786736,-7.05161654]}},{"type":"Feature","properties":{"Line":"S106","Sp":"1552.5","X":"632300.5","Y":"9220325.3","NAMOBJ":"Simorejo","WADMKC":"Widang","WADMKK":"Tuban"},"geometry":{"type":"Point","coordinates":[112.19786853,-7.05206874]}},{"type":"Feature","properties":{"Line":"S106","Sp":"1556.5","X":"632300.5","Y":"9220275.3","NAMOBJ":"Simorejo","WADMKC":"Widang","WADMKK":"Tuban"},"geometry":{"type":"Point","coordinates":[112.19786969,-7.05252093]}},{"type":"Feature","properties":{"Line":"S106","Sp":"1560.5","X":"632300.5","Y":"9220225.3","NAMOBJ":"Simorejo","WADMKC":"Widang","WADMKK":"Tuban"},"geometry":{"type":"Point","coordinates":[112.19787085,-7.05297313]}},{"type":"Feature","properties":{"Line":"S106","Sp":"1564.5","X":"632300.5","Y":"9220175.3","NAMOBJ":"Simorejo","WADMKC":"Widang","WADMKK":"Tuban"},"geometry":{"type":"Point","coordinates":[112.19787201,-7.05342533]}},{"type":"Feature","properties":{"Line":"S106","Sp":"1568.5","X":"632300.5","Y":"9220125.3","NAMOBJ":"Simorejo","WADMKC":"Widang","WADMKK":"Tuban"},"geometry":{"type":"Point","coordinates":[112.19787318,-7.05387753]}},{"type":"Feature","properties":{"Line":"S106","Sp":"1572.5","X":"632300.5","Y":"9220075.3","NAMOBJ":"Simorejo","WADMKC":"Widang","WADMKK":"Tuban"},"geometry":{"type":"Point","coordinates":[112.19787434,-7.05432972]}},{"type":"Feature","properties":{"Line":"S106","Sp":"1576.5","X":"632300.5","Y":"9220025.3","NAMOBJ":"Simorejo","WADMKC":"Widang","WADMKK":"Tuban"},"geometry":{"type":"Point","coordinates":[112.1978755,-7.05478192]}},{"type":"Feature","properties":{"Line":"S106","Sp":"1580.5","X":"632300.5","Y":"9219975.3","NAMOBJ":"Simorejo","WADMKC":"Widang","WADMKK":"Tuban"},"geometry":{"type":"Point","coordinates":[112.19787666,-7.05523412]}},{"type":"Feature","properties":{"Line":"S106","Sp":"1584.5","X":"632300.5","Y":"9219925.3","NAMOBJ":"Simorejo","WADMKC":"Widang","WADMKK":"Tuban"},"geometry":{"type":"Point","coordinates":[112.19787782,-7.05568632]}},{"type":"Feature","properties":{"Line":"S125","Sp":"1540.5","X":"631875.5","Y":"9220800.3","NAMOBJ":"Simorejo","WADMKC":"Widang","WADMKK":"Tuban"},"geometry":{"type":"Point","coordinates":[112.19401008,-7.0477827]}},{"type":"Feature","properties":{"Line":"S125","Sp":"1544.5","X":"631925.5","Y":"9220800.3","NAMOBJ":"Simorejo","WADMKC":"Widang","WADMKK":"Tuban"},"geometry":{"type":"Point","coordinates":[112.19446272,-7.04778155]}},{"type":"Feature","properties":{"Line":"S125","Sp":"1548.5","X":"631975.5","Y":"9220800.3","NAMOBJ":"Simorejo","WADMKC":"Widang","WADMKK":"Tuban"},"geometry":{"type":"Point","coordinates":[112.19491536,-7.04778039]}},{"type":"Feature","properties":{"Line":"S125","Sp":"1552.5","X":"632025.5","Y":"9220800.3","NAMOBJ":"Simorejo","WADMKC":"Widang","WADMKK":"Tuban"},"geometry":{"type":"Point","coordinates":[112.19536799,-7.04777923]}},{"type":"Feature","properties":{"Line":"S125","Sp":"1556.5","X":"632075.5","Y":"9220800.3","NAMOBJ":"Simorejo","WADMKC":"Widang","WADMKK":"Tuban"},"geometry":{"type":"Point","coordinates":[112.19582063,-7.04777807]}},{"type":"Feature","properties":{"Line":"S125","Sp":"1560.5","X":"632125.5","Y":"9220800.3","NAMOBJ":"Simorejo","WADMKC":"Widang","WADMKK":"Tuban"},"geometry":{"type":"Point","coordinates":[112.19627326,-7.04777691]}},{"type":"Feature","properties":{"Line":"S125","Sp":"1564.5","X":"632175.5","Y":"9220800.3","NAMOBJ":"Simorejo","WADMKC":"Widang","WADMKK":"Tuban"},"geometry":{"type":"Point","coordinates":[112.1967259,-7.04777576]}},{"type":"Feature","properties":{"Line":"S125","Sp":"1568.5","X":"632225.5","Y":"9220800.3","NAMOBJ":"Simorejo","WADMKC":"Widang","WADMKK":"Tuban"},"geometry":{"type":"Point","coordinates":[112.19717854,-7.0477746]}},{"type":"Feature","properties":{"Line":"S125","Sp":"1572.5","X":"632275.5","Y":"9220800.3","NAMOBJ":"Simorejo","WADMKC":"Widang","WADMKK":"Tuban"},"geometry":{"type":"Point","coordinates":[112.19763117,-7.04777344]}},{"type":"Feature","properties":{"Line":"S125","Sp":"1576.5","X":"632325.5","Y":"9220800.3","NAMOBJ":"Simorejo","WADMKC":"Widang","WADMKK":"Tuban"},"geometry":{"type":"Point","coordinates":[112.19808381,-7.04777228]}},{"type":"Feature","properties":{"Line":"S125","Sp":"1580.5","X":"632375.5","Y":"9220800.3","NAMOBJ":"Simorejo","WADMKC":"Widang","WADMKK":"Tuban"},"geometry":{"type":"Point","coordinates":[112.19853644,-7.04777112]}},{"type":"Feature","properties":{"Line":"S125","Sp":"1584.5","X":"632425.5","Y":"9220800.3","NAMOBJ":"Simorejo","WADMKC":"Widang","WADMKK":"Tuban"},"geometry":{"type":"Point","coordinates":[112.19898908,-7.04776995]}},{"type":"Feature","properties":{"Line":"S125","Sp":"1588.5","X":"632475.5","Y":"9220800.3","NAMOBJ":"Simorejo","WADMKC":"Widang","WADMKK":"Tuban"},"geometry":{"type":"Point","coordinates":[112.19944172,-7.04776879]}},{"type":"Feature","properties":{"Line":"S125","Sp":"1592.5","X":"632525.5","Y":"9220800.3","NAMOBJ":"Simorejo","WADMKC":"Widang","WADMKK":"Tuban"},"geometry":{"type":"Point","coordinates":[112.19989435,-7.04776763]}},{"type":"Feature","properties":{"Line":"S123","Sp":"1756.5","X":"632375.5","Y":"9219800.3","NAMOBJ":"Tegalrejo","WADMKC":"Widang","WADMKK":"Tuban"},"geometry":{"type":"Point","coordinates":[112.1985597,-7.05681507]}},{"type":"Feature","properties":{"Line":"S123","Sp":"1760.5","X":"632425.5","Y":"9219800.3","NAMOBJ":"Tegalrejo","WADMKC":"Widang","WADMKK":"Tuban"},"geometry":{"type":"Point","coordinates":[112.19901234,-7.05681391]}},{"type":"Feature","properties":{"Line":"S123","Sp":"1764.5","X":"632475.5","Y":"9219800.3","NAMOBJ":"Tegalrejo","WADMKC":"Widang","WADMKK":"Tuban"},"geometry":{"type":"Point","coordinates":[112.19946499,-7.05681274]}},{"type":"Feature","properties":{"Line":"S123","Sp":"1768.5","X":"632525.5","Y":"9219800.3","NAMOBJ":"Tegalrejo","WADMKC":"Widang","WADMKK":"Tuban"},"geometry":{"type":"Point","coordinates":[112.19991763,-7.05681158]}},{"type":"Feature","properties":{"Line":"S104","Sp":"1472.5","X":"631300.5","Y":"9221125.3","NAMOBJ":"Tegalsari","WADMKC":"Widang","WADMKK":"Tuban"},"geometry":{"type":"Point","coordinates":[112.18879727,-7.04485668]}},{"type":"Feature","properties":{"Line":"S104","Sp":"1476.5","X":"631300.5","Y":"9221075.3","NAMOBJ":"Tegalsari","WADMKC":"Widang","WADMKK":"Tuban"},"geometry":{"type":"Point","coordinates":[112.18879842,-7.04530888]}},{"type":"Feature","properties":{"Line":"S104","Sp":"1480.5","X":"631300.5","Y":"9221025.3","NAMOBJ":"Tegalsari","WADMKC":"Widang","WADMKK":"Tuban"},"geometry":{"type":"Point","coordinates":[112.18879957,-7.04576107]}},{"type":"Feature","properties":{"Line":"S104","Sp":"1484.5","X":"631300.5","Y":"9220975.3","NAMOBJ":"Tegalsari","WADMKC":"Widang","WADMKK":"Tuban"},"geometry":{"type":"Point","coordinates":[112.18880072,-7.04621327]}},{"type":"Feature","properties":{"Line":"S104","Sp":"1488.5","X":"631300.5","Y":"9220925.3","NAMOBJ":"Tegalsari","WADMKC":"Widang","WADMKK":"Tuban"},"geometry":{"type":"Point","coordinates":[112.18880188,-7.04666547]}},{"type":"Feature","properties":{"Line":"S104","Sp":"1492.5","X":"631300.5","Y":"9220875.3","NAMOBJ":"Tegalsari","WADMKC":"Widang","WADMKK":"Tuban"},"geometry":{"type":"Point","coordinates":[112.18880303,-7.04711767]}},{"type":"Feature","properties":{"Line":"S104","Sp":"1496.5","X":"631300.5","Y":"9220825.3","NAMOBJ":"Tegalsari","WADMKC":"Widang","WADMKK":"Tuban"},"geometry":{"type":"Point","coordinates":[112.18880418,-7.04756987]}},{"type":"Feature","properties":{"Line":"S104","Sp":"1500.5","X":"631300.5","Y":"9220775.3","NAMOBJ":"Tegalsari","WADMKC":"Widang","WADMKK":"Tuban"},"geometry":{"type":"Point","coordinates":[112.18880533,-7.04802207]}},{"type":"Feature","properties":{"Line":"S104","Sp":"1504.5","X":"631300.5","Y":"9220725.3","NAMOBJ":"Tegalsari","WADMKC":"Widang","WADMKK":"Tuban"},"geometry":{"type":"Point","coordinates":[112.18880649,-7.04847427]}},{"type":"Feature","properties":{"Line":"S104","Sp":"1508.5","X":"631300.5","Y":"9220675.3","NAMOBJ":"Tegalsari","WADMKC":"Widang","WADMKK":"Tuban"},"geometry":{"type":"Point","coordinates":[112.18880764,-7.04892647]}},{"type":"Feature","properties":{"Line":"S104","Sp":"1512.5","X":"631300.5","Y":"9220625.3","NAMOBJ":"Tegalsari","WADMKC":"Widang","WADMKK":"Tuban"},"geometry":{"type":"Point","coordinates":[112.18880879,-7.04937867]}},{"type":"Feature","properties":{"Line":"S104","Sp":"1516.5","X":"631300.5","Y":"9220575.3","NAMOBJ":"Tegalsari","WADMKC":"Widang","WADMKK":"Tuban"},"geometry":{"type":"Point","coordinates":[112.18880994,-7.04983087]}},{"type":"Feature","properties":{"Line":"S104","Sp":"1520.5","X":"631300.5","Y":"9220525.3","NAMOBJ":"Tegalsari","WADMKC":"Widang","WADMKK":"Tuban"},"geometry":{"type":"Point","coordinates":[112.1888111,-7.05028307]}},{"type":"Feature","properties":{"Line":"S104","Sp":"1524.5","X":"631300.5","Y":"9220475.3","NAMOBJ":"Tegalsari","WADMKC":"Widang","WADMKK":"Tuban"},"geometry":{"type":"Point","coordinates":[112.18881225,-7.05073527]}},{"type":"Feature","properties":{"Line":"S104","Sp":"1528.5","X":"631300.5","Y":"9220425.3","NAMOBJ":"Tegalsari","WADMKC":"Widang","WADMKK":"Tuban"},"geometry":{"type":"Point","coordinates":[112.1888134,-7.05118747]}},{"type":"Feature","properties":{"Line":"S104","Sp":"1532.5","X":"631300.5","Y":"9220375.3","NAMOBJ":"Tegalsari","WADMKC":"Widang","WADMKK":"Tuban"},"geometry":{"type":"Point","coordinates":[112.18881456,-7.05163967]}},{"type":"Feature","properties":{"Line":"S104","Sp":"1536.5","X":"631300.5","Y":"9220325.3","NAMOBJ":"Tegalsari","WADMKC":"Widang","WADMKK":"Tuban"},"geometry":{"type":"Point","coordinates":[112.18881571,-7.05209186]}},{"type":"Feature","properties":{"Line":"S104","Sp":"1540.5","X":"631300.5","Y":"9220275.3","NAMOBJ":"Tegalsari","WADMKC":"Widang","WADMKK":"Tuban"},"geometry":{"type":"Point","coordinates":[112.18881686,-7.05254406]}},{"type":"Feature","properties":{"Line":"S104","Sp":"1544.5","X":"631300.5","Y":"9220225.3","NAMOBJ":"Tegalsari","WADMKC":"Widang","WADMKK":"Tuban"},"geometry":{"type":"Point","coordinates":[112.18881802,-7.05299626]}},{"type":"Feature","properties":{"Line":"S104","Sp":"1548.5","X":"631300.5","Y":"9220175.3","NAMOBJ":"Tegalsari","WADMKC":"Widang","WADMKK":"Tuban"},"geometry":{"type":"Point","coordinates":[112.18881917,-7.05344846]}},{"type":"Feature","properties":{"Line":"S104","Sp":"1552.5","X":"631300.5","Y":"9220125.3","NAMOBJ":"Tegalsari","WADMKC":"Widang","WADMKK":"Tuban"},"geometry":{"type":"Point","coordinates":[112.18882032,-7.05390066]}},{"type":"Feature","properties":{"Line":"S104","Sp":"1556.5","X":"631300.5","Y":"9220075.3","NAMOBJ":"Tegalsari","WADMKC":"Widang","WADMKK":"Tuban"},"geometry":{"type":"Point","coordinates":[112.18882148,-7.05435286]}},{"type":"Feature","properties":{"Line":"S104","Sp":"1560.5","X":"631300.5","Y":"9220025.3","NAMOBJ":"Tegalsari","WADMKC":"Widang","WADMKK":"Tuban"},"geometry":{"type":"Point","coordinates":[112.18882263,-7.05480506]}},{"type":"Feature","properties":{"Line":"S104","Sp":"1564.5","X":"631300.5","Y":"9219975.3","NAMOBJ":"Tegalsari","WADMKC":"Widang","WADMKK":"Tuban"},"geometry":{"type":"Point","coordinates":[112.18882378,-7.05525726]}},{"type":"Feature","properties":{"Line":"S104","Sp":"1568.5","X":"631300.5","Y":"9219925.3","NAMOBJ":"Tegalsari","WADMKC":"Widang","WADMKK":"Tuban"},"geometry":{"type":"Point","coordinates":[112.18882494,-7.05570946]}},{"type":"Feature","properties":{"Line":"S104","Sp":"1572.5","X":"631300.5","Y":"9219875.3","NAMOBJ":"Tegalsari","WADMKC":"Widang","WADMKK":"Tuban"},"geometry":{"type":"Point","coordinates":[112.18882609,-7.05616166]}},{"type":"Feature","properties":{"Line":"S104","Sp":"1576.5","X":"631300.5","Y":"9219825.3","NAMOBJ":"Tegalsari","WADMKC":"Widang","WADMKK":"Tuban"},"geometry":{"type":"Point","coordinates":[112.18882725,-7.05661386]}},{"type":"Feature","properties":{"Line":"S104","Sp":"1580.5","X":"631300.5","Y":"9219775.3","NAMOBJ":"Tegalsari","WADMKC":"Widang","WADMKK":"Tuban"},"geometry":{"type":"Point","coordinates":[112.1888284,-7.05706606]}},{"type":"Feature","properties":{"Line":"S104","Sp":"1584.5","X":"631300.5","Y":"9219725.3","NAMOBJ":"Tegalsari","WADMKC":"Widang","WADMKK":"Tuban"},"geometry":{"type":"Point","coordinates":[112.18882955,-7.05751825]}},{"type":"Feature","properties":{"Line":"S104","Sp":"1588.5","X":"631300.5","Y":"9219675.3","NAMOBJ":"Tegalsari","WADMKC":"Widang","WADMKK":"Tuban"},"geometry":{"type":"Point","coordinates":[112.18883071,-7.05797045]}},{"type":"Feature","properties":{"Line":"S104","Sp":"1592.5","X":"631300.5","Y":"9219625.3","NAMOBJ":"Tegalsari","WADMKC":"Widang","WADMKK":"Tuban"},"geometry":{"type":"Point","coordinates":[112.18883186,-7.05842265]}},{"type":"Feature","properties":{"Line":"S104","Sp":"1596.5","X":"631300.5","Y":"9219575.3","NAMOBJ":"Tegalsari","WADMKC":"Widang","WADMKK":"Tuban"},"geometry":{"type":"Point","coordinates":[112.18883302,-7.05887485]}},{"type":"Feature","properties":{"Line":"S104","Sp":"1600.5","X":"631300.5","Y":"9219525.3","NAMOBJ":"Tegalsari","WADMKC":"Widang","WADMKK":"Tuban"},"geometry":{"type":"Point","coordinates":[112.18883417,-7.05932705]}},{"type":"Feature","properties":{"Line":"S104","Sp":"1604.5","X":"631300.5","Y":"9219475.3","NAMOBJ":"Tegalsari","WADMKC":"Widang","WADMKK":"Tuban"},"geometry":{"type":"Point","coordinates":[112.18883532,-7.05977925]}},{"type":"Feature","properties":{"Line":"S104","Sp":"1608.5","X":"631300.5","Y":"9219425.3","NAMOBJ":"Tegalsari","WADMKC":"Widang","WADMKK":"Tuban"},"geometry":{"type":"Point","coordinates":[112.18883648,-7.06023145]}},{"type":"Feature","properties":{"Line":"S104","Sp":"1612.5","X":"631300.5","Y":"9219375.3","NAMOBJ":"Tegalsari","WADMKC":"Widang","WADMKK":"Tuban"},"geometry":{"type":"Point","coordinates":[112.18883763,-7.06068365]}},{"type":"Feature","properties":{"Line":"S104","Sp":"1616.5","X":"631300.5","Y":"9219325.3","NAMOBJ":"Tegalsari","WADMKC":"Widang","WADMKK":"Tuban"},"geometry":{"type":"Point","coordinates":[112.18883879,-7.06113585]}},{"type":"Feature","properties":{"Line":"S104","Sp":"1620.5","X":"631300.5","Y":"9219275.3","NAMOBJ":"Tegalsari","WADMKC":"Widang","WADMKK":"Tuban"},"geometry":{"type":"Point","coordinates":[112.18883994,-7.06158805]}},{"type":"Feature","properties":{"Line":"S104","Sp":"1624.5","X":"631300.5","Y":"9219225.3","NAMOBJ":"Tegalsari","WADMKC":"Widang","WADMKK":"Tuban"},"geometry":{"type":"Point","coordinates":[112.1888411,-7.06204025]}},{"type":"Feature","properties":{"Line":"S104","Sp":"1628.5","X":"631300.5","Y":"9219175.3","NAMOBJ":"Tegalsari","WADMKC":"Widang","WADMKK":"Tuban"},"geometry":{"type":"Point","coordinates":[112.18884225,-7.06249244]}},{"type":"Feature","properties":{"Line":"S104","Sp":"1632.5","X":"631300.5","Y":"9219125.3","NAMOBJ":"Tegalsari","WADMKC":"Widang","WADMKK":"Tuban"},"geometry":{"type":"Point","coordinates":[112.18884341,-7.06294464]}},{"type":"Feature","properties":{"Line":"S104","Sp":"1636.5","X":"631300.5","Y":"9219075.3","NAMOBJ":"Tegalsari","WADMKC":"Widang","WADMKK":"Tuban"},"geometry":{"type":"Point","coordinates":[112.18884456,-7.06339684]}},{"type":"Feature","properties":{"Line":"S104","Sp":"1640.5","X":"631300.5","Y":"9219025.3","NAMOBJ":"Tegalsari","WADMKC":"Widang","WADMKK":"Tuban"},"geometry":{"type":"Point","coordinates":[112.18884572,-7.06384904]}},{"type":"Feature","properties":{"Line":"S104","Sp":"1644.5","X":"631300.5","Y":"9218975.3","NAMOBJ":"Tegalsari","WADMKC":"Widang","WADMKK":"Tuban"},"geometry":{"type":"Point","coordinates":[112.18884687,-7.06430124]}},{"type":"Feature","properties":{"Line":"S104","Sp":"1648.5","X":"631300.5","Y":"9218925.3","NAMOBJ":"Tegalsari","WADMKC":"Widang","WADMKK":"Tuban"},"geometry":{"type":"Point","coordinates":[112.18884803,-7.06475344]}},{"type":"Feature","properties":{"Line":"S104","Sp":"1652.5","X":"631300.5","Y":"9218875.3","NAMOBJ":"Tegalsari","WADMKC":"Widang","WADMKK":"Tuban"},"geometry":{"type":"Point","coordinates":[112.18884918,-7.06520564]}},{"type":"Feature","properties":{"Line":"S104","Sp":"1656.5","X":"631300.5","Y":"9218825.3","NAMOBJ":"Tegalsari","WADMKC":"Widang","WADMKK":"Tuban"},"geometry":{"type":"Point","coordinates":[112.18885034,-7.06565784]}},{"type":"Feature","properties":{"Line":"S104","Sp":"1660.5","X":"631300.5","Y":"9218775.3","NAMOBJ":"Tegalsari","WADMKC":"Widang","WADMKK":"Tuban"},"geometry":{"type":"Point","coordinates":[112.1888515,-7.06611004]}},{"type":"Feature","properties":{"Line":"S104","Sp":"1664.5","X":"631300.5","Y":"9218725.3","NAMOBJ":"Tegalsari","WADMKC":"Widang","WADMKK":"Tuban"},"geometry":{"type":"Point","coordinates":[112.18885265,-7.06656224]}},{"type":"Feature","properties":{"Line":"S104","Sp":"1668.5","X":"631300.5","Y":"9218675.3","NAMOBJ":"Tegalsari","WADMKC":"Widang","WADMKK":"Tuban"},"geometry":{"type":"Point","coordinates":[112.18885381,-7.06701443]}},{"type":"Feature","properties":{"Line":"S104","Sp":"1672.5","X":"631300.5","Y":"9218625.3","NAMOBJ":"Tegalsari","WADMKC":"Widang","WADMKK":"Tuban"},"geometry":{"type":"Point","coordinates":[112.18885496,-7.06746663]}},{"type":"Feature","properties":{"Line":"S104","Sp":"1676.5","X":"631300.5","Y":"9218575.3","NAMOBJ":"Tegalsari","WADMKC":"Widang","WADMKK":"Tuban"},"geometry":{"type":"Point","coordinates":[112.18885612,-7.06791883]}},{"type":"Feature","properties":{"Line":"S104","Sp":"1680.5","X":"631300.5","Y":"9218525.3","NAMOBJ":"Tegalsari","WADMKC":"Widang","WADMKK":"Tuban"},"geometry":{"type":"Point","coordinates":[112.18885727,-7.06837103]}},{"type":"Feature","properties":{"Line":"S104","Sp":"1684.5","X":"631300.5","Y":"9218475.3","NAMOBJ":"Tegalsari","WADMKC":"Widang","WADMKK":"Tuban"},"geometry":{"type":"Point","coordinates":[112.18885843,-7.06882323]}},{"type":"Feature","properties":{"Line":"S104","Sp":"1688.5","X":"631300.5","Y":"9218425.3","NAMOBJ":"Tegalsari","WADMKC":"Widang","WADMKK":"Tuban"},"geometry":{"type":"Point","coordinates":[112.18885959,-7.06927543]}},{"type":"Feature","properties":{"Line":"S104","Sp":"1692.5","X":"631300.5","Y":"9218375.3","NAMOBJ":"Tegalsari","WADMKC":"Widang","WADMKK":"Tuban"},"geometry":{"type":"Point","coordinates":[112.18886074,-7.06972763]}},{"type":"Feature","properties":{"Line":"S104","Sp":"1696.5","X":"631300.5","Y":"9218325.3","NAMOBJ":"Tegalsari","WADMKC":"Widang","WADMKK":"Tuban"},"geometry":{"type":"Point","coordinates":[112.1888619,-7.07017983]}},{"type":"Feature","properties":{"Line":"S104","Sp":"1700.5","X":"631300.5","Y":"9218275.3","NAMOBJ":"Tegalsari","WADMKC":"Widang","WADMKK":"Tuban"},"geometry":{"type":"Point","coordinates":[112.18886305,-7.07063203]}},{"type":"Feature","properties":{"Line":"S104","Sp":"1704.5","X":"631300.5","Y":"9218225.3","NAMOBJ":"Tegalsari","WADMKC":"Widang","WADMKK":"Tuban"},"geometry":{"type":"Point","coordinates":[112.18886421,-7.07108422]}},{"type":"Feature","properties":{"Line":"S104","Sp":"1708.5","X":"631300.5","Y":"9218175.3","NAMOBJ":"Tegalsari","WADMKC":"Widang","WADMKK":"Tuban"},"geometry":{"type":"Point","coordinates":[112.18886537,-7.07153642]}},{"type":"Feature","properties":{"Line":"S104","Sp":"1712.5","X":"631300.5","Y":"9218125.3","NAMOBJ":"Tegalsari","WADMKC":"Widang","WADMKK":"Tuban"},"geometry":{"type":"Point","coordinates":[112.18886652,-7.07198862]}},{"type":"Feature","properties":{"Line":"S104","Sp":"1716.5","X":"631300.5","Y":"9218075.3","NAMOBJ":"Tegalsari","WADMKC":"Widang","WADMKK":"Tuban"},"geometry":{"type":"Point","coordinates":[112.18886768,-7.07244082]}},{"type":"Feature","properties":{"Line":"S104","Sp":"1720.5","X":"631300.5","Y":"9218025.3","NAMOBJ":"Tegalsari","WADMKC":"Widang","WADMKK":"Tuban"},"geometry":{"type":"Point","coordinates":[112.18886884,-7.07289302]}},{"type":"Feature","properties":{"Line":"S104","Sp":"1724.5","X":"631300.5","Y":"9217975.3","NAMOBJ":"Tegalsari","WADMKC":"Widang","WADMKK":"Tuban"},"geometry":{"type":"Point","coordinates":[112.18886999,-7.07334522]}},{"type":"Feature","properties":{"Line":"S104","Sp":"1728.5","X":"631300.5","Y":"9217925.3","NAMOBJ":"Tegalsari","WADMKC":"Widang","WADMKK":"Tuban"},"geometry":{"type":"Point","coordinates":[112.18887115,-7.07379742]}},{"type":"Feature","properties":{"Line":"S104","Sp":"1732.5","X":"631300.5","Y":"9217875.3","NAMOBJ":"Tegalsari","WADMKC":"Widang","WADMKK":"Tuban"},"geometry":{"type":"Point","coordinates":[112.18887231,-7.07424962]}},{"type":"Feature","properties":{"Line":"S104","Sp":"1736.5","X":"631300.5","Y":"9217825.3","NAMOBJ":"Tegalsari","WADMKC":"Widang","WADMKK":"Tuban"},"geometry":{"type":"Point","coordinates":[112.18887346,-7.07470181]}},{"type":"Feature","properties":{"Line":"S104","Sp":"1740.5","X":"631300.5","Y":"9217775.3","NAMOBJ":"Tegalsari","WADMKC":"Widang","WADMKK":"Tuban"},"geometry":{"type":"Point","coordinates":[112.18887462,-7.07515401]}},{"type":"Feature","properties":{"Line":"S104","Sp":"1744.5","X":"631300.5","Y":"9217725.3","NAMOBJ":"Tegalsari","WADMKC":"Widang","WADMKK":"Tuban"},"geometry":{"type":"Point","coordinates":[112.18887578,-7.07560621]}},{"type":"Feature","properties":{"Line":"S104","Sp":"1748.5","X":"631300.5","Y":"9217675.3","NAMOBJ":"Tegalsari","WADMKC":"Widang","WADMKK":"Tuban"},"geometry":{"type":"Point","coordinates":[112.18887694,-7.07605841]}},{"type":"Feature","properties":{"Line":"S104","Sp":"1752.5","X":"631300.5","Y":"9217625.3","NAMOBJ":"Tegalsari","WADMKC":"Widang","WADMKK":"Tuban"},"geometry":{"type":"Point","coordinates":[112.18887809,-7.07651061]}},{"type":"Feature","properties":{"Line":"S104","Sp":"1756.5","X":"631300.5","Y":"9217575.3","NAMOBJ":"Tegalsari","WADMKC":"Widang","WADMKK":"Tuban"},"geometry":{"type":"Point","coordinates":[112.18887925,-7.07696281]}},{"type":"Feature","properties":{"Line":"S104","Sp":"1760.5","X":"631300.5","Y":"9217525.3","NAMOBJ":"Tegalsari","WADMKC":"Widang","WADMKK":"Tuban"},"geometry":{"type":"Point","coordinates":[112.18888041,-7.07741501]}},{"type":"Feature","properties":{"Line":"S104","Sp":"1764.5","X":"631300.5","Y":"9217475.3","NAMOBJ":"Tegalsari","WADMKC":"Widang","WADMKK":"Tuban"},"geometry":{"type":"Point","coordinates":[112.18888157,-7.07786721]}},{"type":"Feature","properties":{"Line":"S104","Sp":"1768.5","X":"631300.5","Y":"9217425.3","NAMOBJ":"Tegalsari","WADMKC":"Widang","WADMKK":"Tuban"},"geometry":{"type":"Point","coordinates":[112.18888272,-7.0783194]}},{"type":"Feature","properties":{"Line":"S104","Sp":"1772.5","X":"631300.5","Y":"9217375.3","NAMOBJ":"Tegalsari","WADMKC":"Widang","WADMKK":"Tuban"},"geometry":{"type":"Point","coordinates":[112.18888388,-7.0787716]}},{"type":"Feature","properties":{"Line":"S104","Sp":"1776.5","X":"631300.5","Y":"9217325.3","NAMOBJ":"Tegalsari","WADMKC":"Widang","WADMKK":"Tuban"},"geometry":{"type":"Point","coordinates":[112.18888504,-7.0792238]}},{"type":"Feature","properties":{"Line":"S104","Sp":"1780.5","X":"631300.5","Y":"9217275.3","NAMOBJ":"Tegalsari","WADMKC":"Widang","WADMKK":"Tuban"},"geometry":{"type":"Point","coordinates":[112.1888862,-7.079676]}},{"type":"Feature","properties":{"Line":"S104","Sp":"1784.5","X":"631300.5","Y":"9217225.3","NAMOBJ":"Tegalsari","WADMKC":"Widang","WADMKK":"Tuban"},"geometry":{"type":"Point","coordinates":[112.18888735,-7.0801282]}},{"type":"Feature","properties":{"Line":"S104","Sp":"1788.5","X":"631300.5","Y":"9217175.3","NAMOBJ":"Tegalsari","WADMKC":"Widang","WADMKK":"Tuban"},"geometry":{"type":"Point","coordinates":[112.18888851,-7.0805804]}},{"type":"Feature","properties":{"Line":"S104","Sp":"1792.5","X":"631300.5","Y":"9217125.3","NAMOBJ":"Tegalsari","WADMKC":"Widang","WADMKK":"Tuban"},"geometry":{"type":"Point","coordinates":[112.18888967,-7.0810326]}},{"type":"Feature","properties":{"Line":"S104","Sp":"1796.5","X":"631300.5","Y":"9217075.3","NAMOBJ":"Tegalsari","WADMKC":"Widang","WADMKK":"Tuban"},"geometry":{"type":"Point","coordinates":[112.18889083,-7.0814848]}},{"type":"Feature","properties":{"Line":"S104","Sp":"1800.5","X":"631300.5","Y":"9217025.3","NAMOBJ":"Tegalsari","WADMKC":"Widang","WADMKK":"Tuban"},"geometry":{"type":"Point","coordinates":[112.18889199,-7.08193699]}},{"type":"Feature","properties":{"Line":"S104","Sp":"1804.5","X":"631300.5","Y":"9216975.3","NAMOBJ":"Tegalsari","WADMKC":"Widang","WADMKK":"Tuban"},"geometry":{"type":"Point","coordinates":[112.18889314,-7.08238919]}},{"type":"Feature","properties":{"Line":"S104","Sp":"1808.5","X":"631300.5","Y":"9216925.3","NAMOBJ":"Tegalsari","WADMKC":"Widang","WADMKK":"Tuban"},"geometry":{"type":"Point","coordinates":[112.1888943,-7.08284139]}},{"type":"Feature","properties":{"Line":"S104","Sp":"1812.5","X":"631300.5","Y":"9216875.3","NAMOBJ":"Tegalsari","WADMKC":"Widang","WADMKK":"Tuban"},"geometry":{"type":"Point","coordinates":[112.18889546,-7.08329359]}},{"type":"Feature","properties":{"Line":"S106","Sp":"1744.5","X":"632300.5","Y":"9217925.3","NAMOBJ":"Tegalsari","WADMKC":"Widang","WADMKK":"Tuban"},"geometry":{"type":"Point","coordinates":[112.19792439,-7.07377422]}},{"type":"Feature","properties":{"Line":"S106","Sp":"1752.5","X":"632300.5","Y":"9217825.3","NAMOBJ":"Tegalsari","WADMKC":"Widang","WADMKK":"Tuban"},"geometry":{"type":"Point","coordinates":[112.19792672,-7.07467861]}},{"type":"Feature","properties":{"Line":"S106","Sp":"1756.5","X":"632300.5","Y":"9217775.3","NAMOBJ":"Tegalsari","WADMKC":"Widang","WADMKK":"Tuban"},"geometry":{"type":"Point","coordinates":[112.19792789,-7.07513081]}},{"type":"Feature","properties":{"Line":"S106","Sp":"1760.5","X":"632300.5","Y":"9217725.3","NAMOBJ":"Tegalsari","WADMKC":"Widang","WADMKK":"Tuban"},"geometry":{"type":"Point","coordinates":[112.19792905,-7.07558301]}},{"type":"Feature","properties":{"Line":"S106","Sp":"1764.5","X":"632300.5","Y":"9217675.3","NAMOBJ":"Tegalsari","WADMKC":"Widang","WADMKK":"Tuban"},"geometry":{"type":"Point","coordinates":[112.19793022,-7.0760352]}},{"type":"Feature","properties":{"Line":"S106","Sp":"1768.5","X":"632300.5","Y":"9217625.3","NAMOBJ":"Tegalsari","WADMKC":"Widang","WADMKK":"Tuban"},"geometry":{"type":"Point","coordinates":[112.19793139,-7.0764874]}},{"type":"Feature","properties":{"Line":"S106","Sp":"1772.5","X":"632300.5","Y":"9217575.3","NAMOBJ":"Tegalsari","WADMKC":"Widang","WADMKK":"Tuban"},"geometry":{"type":"Point","coordinates":[112.19793255,-7.0769396]}},{"type":"Feature","properties":{"Line":"S106","Sp":"1776.5","X":"632300.5","Y":"9217525.3","NAMOBJ":"Tegalsari","WADMKC":"Widang","WADMKK":"Tuban"},"geometry":{"type":"Point","coordinates":[112.19793372,-7.07739179]}},{"type":"Feature","properties":{"Line":"S106","Sp":"1780.5","X":"632300.5","Y":"9217475.3","NAMOBJ":"Tegalsari","WADMKC":"Widang","WADMKK":"Tuban"},"geometry":{"type":"Point","coordinates":[112.19793488,-7.07784399]}},{"type":"Feature","properties":{"Line":"S117","Sp":"1588.5","X":"631375.5","Y":"9216800.3","NAMOBJ":"Tegalsari","WADMKC":"Widang","WADMKK":"Tuban"},"geometry":{"type":"Point","coordinates":[112.18957621,-7.08397015]}},{"type":"Feature","properties":{"Line":"S117","Sp":"1592.5","X":"631425.5","Y":"9216800.3","NAMOBJ":"Tegalsari","WADMKC":"Widang","WADMKK":"Tuban"},"geometry":{"type":"Point","coordinates":[112.19002888,-7.08396899]}},{"type":"Feature","properties":{"Line":"S119","Sp":"1616.5","X":"630775.5","Y":"9217800.3","NAMOBJ":"Tegalsari","WADMKC":"Widang","WADMKK":"Tuban"},"geometry":{"type":"Point","coordinates":[112.18412107,-7.07494003]}},{"type":"Feature","properties":{"Line":"S119","Sp":"1620.5","X":"630825.5","Y":"9217800.3","NAMOBJ":"Tegalsari","WADMKC":"Widang","WADMKK":"Tuban"},"geometry":{"type":"Point","coordinates":[112.18457373,-7.07493887]}},{"type":"Feature","properties":{"Line":"S119","Sp":"1624.5","X":"630875.5","Y":"9217800.3","NAMOBJ":"Tegalsari","WADMKC":"Widang","WADMKK":"Tuban"},"geometry":{"type":"Point","coordinates":[112.1850264,-7.07493772]}},{"type":"Feature","properties":{"Line":"S119","Sp":"1628.5","X":"630925.5","Y":"9217800.3","NAMOBJ":"Tegalsari","WADMKC":"Widang","WADMKK":"Tuban"},"geometry":{"type":"Point","coordinates":[112.18547906,-7.07493657]}},{"type":"Feature","properties":{"Line":"S119","Sp":"1632.5","X":"630975.5","Y":"9217800.3","NAMOBJ":"Tegalsari","WADMKC":"Widang","WADMKK":"Tuban"},"geometry":{"type":"Point","coordinates":[112.18593173,-7.07493542]}},{"type":"Feature","properties":{"Line":"S119","Sp":"1636.5","X":"631025.5","Y":"9217800.3","NAMOBJ":"Tegalsari","WADMKC":"Widang","WADMKK":"Tuban"},"geometry":{"type":"Point","coordinates":[112.18638439,-7.07493426]}},{"type":"Feature","properties":{"Line":"S119","Sp":"1640.5","X":"631075.5","Y":"9217800.3","NAMOBJ":"Tegalsari","WADMKC":"Widang","WADMKK":"Tuban"},"geometry":{"type":"Point","coordinates":[112.18683706,-7.07493311]}},{"type":"Feature","properties":{"Line":"S119","Sp":"1644.5","X":"631125.5","Y":"9217800.3","NAMOBJ":"Tegalsari","WADMKC":"Widang","WADMKK":"Tuban"},"geometry":{"type":"Point","coordinates":[112.18728972,-7.07493196]}},{"type":"Feature","properties":{"Line":"S119","Sp":"1648.5","X":"631175.5","Y":"9217800.3","NAMOBJ":"Tegalsari","WADMKC":"Widang","WADMKK":"Tuban"},"geometry":{"type":"Point","coordinates":[112.18774238,-7.0749308]}},{"type":"Feature","properties":{"Line":"S119","Sp":"1652.5","X":"631225.5","Y":"9217800.3","NAMOBJ":"Tegalsari","WADMKC":"Widang","WADMKK":"Tuban"},"geometry":{"type":"Point","coordinates":[112.18819505,-7.07492965]}},{"type":"Feature","properties":{"Line":"S119","Sp":"1656.5","X":"631275.5","Y":"9217800.3","NAMOBJ":"Tegalsari","WADMKC":"Widang","WADMKK":"Tuban"},"geometry":{"type":"Point","coordinates":[112.18864771,-7.07492849]}},{"type":"Feature","properties":{"Line":"S119","Sp":"1660.5","X":"631325.5","Y":"9217800.3","NAMOBJ":"Tegalsari","WADMKC":"Widang","WADMKK":"Tuban"},"geometry":{"type":"Point","coordinates":[112.18910037,-7.07492734]}},{"type":"Feature","properties":{"Line":"S119","Sp":"1664.5","X":"631375.5","Y":"9217800.3","NAMOBJ":"Tegalsari","WADMKC":"Widang","WADMKK":"Tuban"},"geometry":{"type":"Point","coordinates":[112.18955304,-7.07492618]}},{"type":"Feature","properties":{"Line":"S119","Sp":"1668.5","X":"631425.5","Y":"9217800.3","NAMOBJ":"Tegalsari","WADMKC":"Widang","WADMKK":"Tuban"},"geometry":{"type":"Point","coordinates":[112.1900057,-7.07492502]}},{"type":"Feature","properties":{"Line":"S119","Sp":"1672.5","X":"631475.5","Y":"9217800.3","NAMOBJ":"Tegalsari","WADMKC":"Widang","WADMKK":"Tuban"},"geometry":{"type":"Point","coordinates":[112.19045837,-7.07492387]}},{"type":"Feature","properties":{"Line":"S119","Sp":"1676.5","X":"631525.5","Y":"9217800.3","NAMOBJ":"Tegalsari","WADMKC":"Widang","WADMKK":"Tuban"},"geometry":{"type":"Point","coordinates":[112.19091103,-7.07492271]}},{"type":"Feature","properties":{"Line":"S119","Sp":"1680.5","X":"631575.5","Y":"9217800.3","NAMOBJ":"Tegalsari","WADMKC":"Widang","WADMKK":"Tuban"},"geometry":{"type":"Point","coordinates":[112.19136369,-7.07492155]}},{"type":"Feature","properties":{"Line":"S119","Sp":"1684.5","X":"631625.5","Y":"9217800.3","NAMOBJ":"Tegalsari","WADMKC":"Widang","WADMKK":"Tuban"},"geometry":{"type":"Point","coordinates":[112.19181636,-7.07492039]}},{"type":"Feature","properties":{"Line":"S119","Sp":"1688.5","X":"631675.5","Y":"9217800.3","NAMOBJ":"Tegalsari","WADMKC":"Widang","WADMKK":"Tuban"},"geometry":{"type":"Point","coordinates":[112.19226902,-7.07491923]}},{"type":"Feature","properties":{"Line":"S119","Sp":"1692.5","X":"631725.5","Y":"9217800.3","NAMOBJ":"Tegalsari","WADMKC":"Widang","WADMKK":"Tuban"},"geometry":{"type":"Point","coordinates":[112.19272168,-7.07491807]}},{"type":"Feature","properties":{"Line":"S119","Sp":"1696.5","X":"631775.5","Y":"9217800.3","NAMOBJ":"Tegalsari","WADMKC":"Widang","WADMKK":"Tuban"},"geometry":{"type":"Point","coordinates":[112.19317435,-7.07491691]}},{"type":"Feature","properties":{"Line":"S119","Sp":"1700.5","X":"631825.5","Y":"9217800.3","NAMOBJ":"Tegalsari","WADMKC":"Widang","WADMKK":"Tuban"},"geometry":{"type":"Point","coordinates":[112.19362701,-7.07491575]}},{"type":"Feature","properties":{"Line":"S119","Sp":"1704.5","X":"631875.5","Y":"9217800.3","NAMOBJ":"Tegalsari","WADMKC":"Widang","WADMKK":"Tuban"},"geometry":{"type":"Point","coordinates":[112.19407967,-7.07491459]}},{"type":"Feature","properties":{"Line":"S119","Sp":"1708.5","X":"631925.5","Y":"9217800.3","NAMOBJ":"Tegalsari","WADMKC":"Widang","WADMKK":"Tuban"},"geometry":{"type":"Point","coordinates":[112.19453233,-7.07491343]}},{"type":"Feature","properties":{"Line":"S119","Sp":"1712.5","X":"631975.5","Y":"9217800.3","NAMOBJ":"Tegalsari","WADMKC":"Widang","WADMKK":"Tuban"},"geometry":{"type":"Point","coordinates":[112.194985,-7.07491227]}},{"type":"Feature","properties":{"Line":"S119","Sp":"1716.5","X":"632025.5","Y":"9217800.3","NAMOBJ":"Tegalsari","WADMKC":"Widang","WADMKK":"Tuban"},"geometry":{"type":"Point","coordinates":[112.19543766,-7.07491111]}},{"type":"Feature","properties":{"Line":"S119","Sp":"1720.5","X":"632075.5","Y":"9217800.3","NAMOBJ":"Tegalsari","WADMKC":"Widang","WADMKK":"Tuban"},"geometry":{"type":"Point","coordinates":[112.19589032,-7.07490995]}},{"type":"Feature","properties":{"Line":"S119","Sp":"1724.5","X":"632125.5","Y":"9217800.3","NAMOBJ":"Tegalsari","WADMKC":"Widang","WADMKK":"Tuban"},"geometry":{"type":"Point","coordinates":[112.19634299,-7.07490878]}},{"type":"Feature","properties":{"Line":"S119","Sp":"1728.5","X":"632175.5","Y":"9217800.3","NAMOBJ":"Tegalsari","WADMKC":"Widang","WADMKK":"Tuban"},"geometry":{"type":"Point","coordinates":[112.19679565,-7.07490762]}},{"type":"Feature","properties":{"Line":"S119","Sp":"1732.5","X":"632225.5","Y":"9217800.3","NAMOBJ":"Tegalsari","WADMKC":"Widang","WADMKK":"Tuban"},"geometry":{"type":"Point","coordinates":[112.19724831,-7.07490646]}},{"type":"Feature","properties":{"Line":"S119","Sp":"1736.5","X":"632275.5","Y":"9217800.3","NAMOBJ":"Tegalsari","WADMKC":"Widang","WADMKK":"Tuban"},"geometry":{"type":"Point","coordinates":[112.19770097,-7.07490529]}},{"type":"Feature","properties":{"Line":"S119","Sp":"1740.5","X":"632325.5","Y":"9217800.3","NAMOBJ":"Tegalsari","WADMKC":"Widang","WADMKK":"Tuban"},"geometry":{"type":"Point","coordinates":[112.19815364,-7.07490413]}},{"type":"Feature","properties":{"Line":"S119","Sp":"1744.5","X":"632375.5","Y":"9217800.3","NAMOBJ":"Tegalsari","WADMKC":"Widang","WADMKK":"Tuban"},"geometry":{"type":"Point","coordinates":[112.1986063,-7.07490296]}},{"type":"Feature","properties":{"Line":"S121","Sp":"1632.5","X":"630875.5","Y":"9218800.3","NAMOBJ":"Tegalsari","WADMKC":"Widang","WADMKK":"Tuban"},"geometry":{"type":"Point","coordinates":[112.18500335,-7.06589373]}},{"type":"Feature","properties":{"Line":"S121","Sp":"1636.5","X":"630925.5","Y":"9218800.3","NAMOBJ":"Tegalsari","WADMKC":"Widang","WADMKK":"Tuban"},"geometry":{"type":"Point","coordinates":[112.185456,-7.06589258]}},{"type":"Feature","properties":{"Line":"S121","Sp":"1640.5","X":"630975.5","Y":"9218800.3","NAMOBJ":"Tegalsari","WADMKC":"Widang","WADMKK":"Tuban"},"geometry":{"type":"Point","coordinates":[112.18590866,-7.06589143]}},{"type":"Feature","properties":{"Line":"S121","Sp":"1644.5","X":"631025.5","Y":"9218800.3","NAMOBJ":"Tegalsari","WADMKC":"Widang","WADMKK":"Tuban"},"geometry":{"type":"Point","coordinates":[112.18636131,-7.06589028]}},{"type":"Feature","properties":{"Line":"S121","Sp":"1648.5","X":"631075.5","Y":"9218800.3","NAMOBJ":"Tegalsari","WADMKC":"Widang","WADMKK":"Tuban"},"geometry":{"type":"Point","coordinates":[112.18681397,-7.06588913]}},{"type":"Feature","properties":{"Line":"S121","Sp":"1652.5","X":"631125.5","Y":"9218800.3","NAMOBJ":"Tegalsari","WADMKC":"Widang","WADMKK":"Tuban"},"geometry":{"type":"Point","coordinates":[112.18726662,-7.06588797]}},{"type":"Feature","properties":{"Line":"S121","Sp":"1656.5","X":"631175.5","Y":"9218800.3","NAMOBJ":"Tegalsari","WADMKC":"Widang","WADMKK":"Tuban"},"geometry":{"type":"Point","coordinates":[112.18771928,-7.06588682]}},{"type":"Feature","properties":{"Line":"S121","Sp":"1660.5","X":"631225.5","Y":"9218800.3","NAMOBJ":"Tegalsari","WADMKC":"Widang","WADMKK":"Tuban"},"geometry":{"type":"Point","coordinates":[112.18817193,-7.06588567]}},{"type":"Feature","properties":{"Line":"S121","Sp":"1664.5","X":"631275.5","Y":"9218800.3","NAMOBJ":"Tegalsari","WADMKC":"Widang","WADMKK":"Tuban"},"geometry":{"type":"Point","coordinates":[112.18862459,-7.06588451]}},{"type":"Feature","properties":{"Line":"S121","Sp":"1668.5","X":"631325.5","Y":"9218800.3","NAMOBJ":"Tegalsari","WADMKC":"Widang","WADMKK":"Tuban"},"geometry":{"type":"Point","coordinates":[112.18907724,-7.06588336]}},{"type":"Feature","properties":{"Line":"S121","Sp":"1672.5","X":"631375.5","Y":"9218800.3","NAMOBJ":"Tegalsari","WADMKC":"Widang","WADMKK":"Tuban"},"geometry":{"type":"Point","coordinates":[112.1895299,-7.0658822]}},{"type":"Feature","properties":{"Line":"S121","Sp":"1676.5","X":"631425.5","Y":"9218800.3","NAMOBJ":"Tegalsari","WADMKC":"Widang","WADMKK":"Tuban"},"geometry":{"type":"Point","coordinates":[112.18998255,-7.06588105]}},{"type":"Feature","properties":{"Line":"S121","Sp":"1680.5","X":"631475.5","Y":"9218800.3","NAMOBJ":"Tegalsari","WADMKC":"Widang","WADMKK":"Tuban"},"geometry":{"type":"Point","coordinates":[112.19043521,-7.06587989]}},{"type":"Feature","properties":{"Line":"S121","Sp":"1684.5","X":"631525.5","Y":"9218800.3","NAMOBJ":"Tegalsari","WADMKC":"Widang","WADMKK":"Tuban"},"geometry":{"type":"Point","coordinates":[112.19088786,-7.06587874]}},{"type":"Feature","properties":{"Line":"S121","Sp":"1688.5","X":"631575.5","Y":"9218800.3","NAMOBJ":"Tegalsari","WADMKC":"Widang","WADMKK":"Tuban"},"geometry":{"type":"Point","coordinates":[112.19134052,-7.06587758]}},{"type":"Feature","properties":{"Line":"S121","Sp":"1692.5","X":"631625.5","Y":"9218800.3","NAMOBJ":"Tegalsari","WADMKC":"Widang","WADMKK":"Tuban"},"geometry":{"type":"Point","coordinates":[112.19179317,-7.06587642]}},{"type":"Feature","properties":{"Line":"S121","Sp":"1696.5","X":"631675.5","Y":"9218800.3","NAMOBJ":"Tegalsari","WADMKC":"Widang","WADMKK":"Tuban"},"geometry":{"type":"Point","coordinates":[112.19224583,-7.06587527]}},{"type":"Feature","properties":{"Line":"S121","Sp":"1700.5","X":"631725.5","Y":"9218800.3","NAMOBJ":"Tegalsari","WADMKC":"Widang","WADMKK":"Tuban"},"geometry":{"type":"Point","coordinates":[112.19269848,-7.06587411]}},{"type":"Feature","properties":{"Line":"S121","Sp":"1704.5","X":"631775.5","Y":"9218800.3","NAMOBJ":"Tegalsari","WADMKC":"Widang","WADMKK":"Tuban"},"geometry":{"type":"Point","coordinates":[112.19315114,-7.06587295]}},{"type":"Feature","properties":{"Line":"S121","Sp":"1708.5","X":"631825.5","Y":"9218800.3","NAMOBJ":"Tegalsari","WADMKC":"Widang","WADMKK":"Tuban"},"geometry":{"type":"Point","coordinates":[112.19360379,-7.06587179]}},{"type":"Feature","properties":{"Line":"S121","Sp":"1712.5","X":"631875.5","Y":"9218800.3","NAMOBJ":"Tegalsari","WADMKC":"Widang","WADMKK":"Tuban"},"geometry":{"type":"Point","coordinates":[112.19405645,-7.06587063]}},{"type":"Feature","properties":{"Line":"S121","Sp":"1716.5","X":"631925.5","Y":"9218800.3","NAMOBJ":"Tegalsari","WADMKC":"Widang","WADMKK":"Tuban"},"geometry":{"type":"Point","coordinates":[112.1945091,-7.06586947]}},{"type":"Feature","properties":{"Line":"S121","Sp":"1720.5","X":"631975.5","Y":"9218800.3","NAMOBJ":"Tegalsari","WADMKC":"Widang","WADMKK":"Tuban"},"geometry":{"type":"Point","coordinates":[112.19496175,-7.06586831]}},{"type":"Feature","properties":{"Line":"S123","Sp":"1628.5","X":"630775.5","Y":"9219800.3","NAMOBJ":"Tegalsari","WADMKC":"Widang","WADMKK":"Tuban"},"geometry":{"type":"Point","coordinates":[112.18407503,-7.05685204]}},{"type":"Feature","properties":{"Line":"S123","Sp":"1632.5","X":"630825.5","Y":"9219800.3","NAMOBJ":"Tegalsari","WADMKC":"Widang","WADMKK":"Tuban"},"geometry":{"type":"Point","coordinates":[112.18452768,-7.05685089]}},{"type":"Feature","properties":{"Line":"S123","Sp":"1636.5","X":"630875.5","Y":"9219800.3","NAMOBJ":"Tegalsari","WADMKC":"Widang","WADMKK":"Tuban"},"geometry":{"type":"Point","coordinates":[112.18498033,-7.05684974]}},{"type":"Feature","properties":{"Line":"S123","Sp":"1640.5","X":"630925.5","Y":"9219800.3","NAMOBJ":"Tegalsari","WADMKC":"Widang","WADMKK":"Tuban"},"geometry":{"type":"Point","coordinates":[112.18543297,-7.05684859]}},{"type":"Feature","properties":{"Line":"S123","Sp":"1644.5","X":"630975.5","Y":"9219800.3","NAMOBJ":"Tegalsari","WADMKC":"Widang","WADMKK":"Tuban"},"geometry":{"type":"Point","coordinates":[112.18588562,-7.05684744]}},{"type":"Feature","properties":{"Line":"S123","Sp":"1648.5","X":"631025.5","Y":"9219800.3","NAMOBJ":"Tegalsari","WADMKC":"Widang","WADMKK":"Tuban"},"geometry":{"type":"Point","coordinates":[112.18633827,-7.05684629]}},{"type":"Feature","properties":{"Line":"S123","Sp":"1652.5","X":"631075.5","Y":"9219800.3","NAMOBJ":"Tegalsari","WADMKC":"Widang","WADMKK":"Tuban"},"geometry":{"type":"Point","coordinates":[112.18679091,-7.05684514]}},{"type":"Feature","properties":{"Line":"S123","Sp":"1656.5","X":"631125.5","Y":"9219800.3","NAMOBJ":"Tegalsari","WADMKC":"Widang","WADMKK":"Tuban"},"geometry":{"type":"Point","coordinates":[112.18724356,-7.05684399]}},{"type":"Feature","properties":{"Line":"S123","Sp":"1660.5","X":"631175.5","Y":"9219800.3","NAMOBJ":"Tegalsari","WADMKC":"Widang","WADMKK":"Tuban"},"geometry":{"type":"Point","coordinates":[112.18769621,-7.05684284]}},{"type":"Feature","properties":{"Line":"S123","Sp":"1664.5","X":"631225.5","Y":"9219800.3","NAMOBJ":"Tegalsari","WADMKC":"Widang","WADMKK":"Tuban"},"geometry":{"type":"Point","coordinates":[112.18814885,-7.05684168]}},{"type":"Feature","properties":{"Line":"S123","Sp":"1668.5","X":"631275.5","Y":"9219800.3","NAMOBJ":"Tegalsari","WADMKC":"Widang","WADMKK":"Tuban"},"geometry":{"type":"Point","coordinates":[112.1886015,-7.05684053]}},{"type":"Feature","properties":{"Line":"S123","Sp":"1672.5","X":"631325.5","Y":"9219800.3","NAMOBJ":"Tegalsari","WADMKC":"Widang","WADMKK":"Tuban"},"geometry":{"type":"Point","coordinates":[112.18905415,-7.05683938]}},{"type":"Feature","properties":{"Line":"S123","Sp":"1676.5","X":"631375.5","Y":"9219800.3","NAMOBJ":"Tegalsari","WADMKC":"Widang","WADMKK":"Tuban"},"geometry":{"type":"Point","coordinates":[112.18950679,-7.05683823]}},{"type":"Feature","properties":{"Line":"S123","Sp":"1680.5","X":"631425.5","Y":"9219800.3","NAMOBJ":"Tegalsari","WADMKC":"Widang","WADMKK":"Tuban"},"geometry":{"type":"Point","coordinates":[112.18995944,-7.05683707]}},{"type":"Feature","properties":{"Line":"S123","Sp":"1684.5","X":"631475.5","Y":"9219800.3","NAMOBJ":"Tegalsari","WADMKC":"Widang","WADMKK":"Tuban"},"geometry":{"type":"Point","coordinates":[112.19041208,-7.05683592]}},{"type":"Feature","properties":{"Line":"S123","Sp":"1688.5","X":"631525.5","Y":"9219800.3","NAMOBJ":"Tegalsari","WADMKC":"Widang","WADMKK":"Tuban"},"geometry":{"type":"Point","coordinates":[112.19086473,-7.05683476]}},{"type":"Feature","properties":{"Line":"S123","Sp":"1692.5","X":"631575.5","Y":"9219800.3","NAMOBJ":"Tegalsari","WADMKC":"Widang","WADMKK":"Tuban"},"geometry":{"type":"Point","coordinates":[112.19131738,-7.05683361]}},{"type":"Feature","properties":{"Line":"S123","Sp":"1696.5","X":"631625.5","Y":"9219800.3","NAMOBJ":"Tegalsari","WADMKC":"Widang","WADMKK":"Tuban"},"geometry":{"type":"Point","coordinates":[112.19177002,-7.05683245]}},{"type":"Feature","properties":{"Line":"S123","Sp":"1700.5","X":"631675.5","Y":"9219800.3","NAMOBJ":"Tegalsari","WADMKC":"Widang","WADMKK":"Tuban"},"geometry":{"type":"Point","coordinates":[112.19222267,-7.0568313]}},{"type":"Feature","properties":{"Line":"S123","Sp":"1704.5","X":"631725.5","Y":"9219800.3","NAMOBJ":"Tegalsari","WADMKC":"Widang","WADMKK":"Tuban"},"geometry":{"type":"Point","coordinates":[112.19267531,-7.05683014]}},{"type":"Feature","properties":{"Line":"S125","Sp":"1464.5","X":"630925.5","Y":"9220800.3","NAMOBJ":"Tegalsari","WADMKC":"Widang","WADMKK":"Tuban"},"geometry":{"type":"Point","coordinates":[112.18540997,-7.04780459]}},{"type":"Feature","properties":{"Line":"S125","Sp":"1468.5","X":"630975.5","Y":"9220800.3","NAMOBJ":"Tegalsari","WADMKC":"Widang","WADMKK":"Tuban"},"geometry":{"type":"Point","coordinates":[112.18586261,-7.04780345]}},{"type":"Feature","properties":{"Line":"S125","Sp":"1472.5","X":"631025.5","Y":"9220800.3","NAMOBJ":"Tegalsari","WADMKC":"Widang","WADMKK":"Tuban"},"geometry":{"type":"Point","coordinates":[112.18631525,-7.0478023]}},{"type":"Feature","properties":{"Line":"S125","Sp":"1476.5","X":"631075.5","Y":"9220800.3","NAMOBJ":"Tegalsari","WADMKC":"Widang","WADMKK":"Tuban"},"geometry":{"type":"Point","coordinates":[112.18676789,-7.04780115]}},{"type":"Feature","properties":{"Line":"S125","Sp":"1480.5","X":"631125.5","Y":"9220800.3","NAMOBJ":"Tegalsari","WADMKC":"Widang","WADMKK":"Tuban"},"geometry":{"type":"Point","coordinates":[112.18722053,-7.0478]}},{"type":"Feature","properties":{"Line":"S125","Sp":"1484.5","X":"631175.5","Y":"9220800.3","NAMOBJ":"Tegalsari","WADMKC":"Widang","WADMKK":"Tuban"},"geometry":{"type":"Point","coordinates":[112.18767316,-7.04779885]}},{"type":"Feature","properties":{"Line":"S125","Sp":"1488.5","X":"631225.5","Y":"9220800.3","NAMOBJ":"Tegalsari","WADMKC":"Widang","WADMKK":"Tuban"},"geometry":{"type":"Point","coordinates":[112.1881258,-7.0477977]}},{"type":"Feature","properties":{"Line":"S125","Sp":"1492.5","X":"631275.5","Y":"9220800.3","NAMOBJ":"Tegalsari","WADMKC":"Widang","WADMKK":"Tuban"},"geometry":{"type":"Point","coordinates":[112.18857844,-7.04779655]}},{"type":"Feature","properties":{"Line":"S125","Sp":"1496.5","X":"631325.5","Y":"9220800.3","NAMOBJ":"Tegalsari","WADMKC":"Widang","WADMKK":"Tuban"},"geometry":{"type":"Point","coordinates":[112.18903108,-7.0477954]}},{"type":"Feature","properties":{"Line":"S125","Sp":"1500.5","X":"631375.5","Y":"9220800.3","NAMOBJ":"Tegalsari","WADMKC":"Widang","WADMKK":"Tuban"},"geometry":{"type":"Point","coordinates":[112.18948371,-7.04779424]}},{"type":"Feature","properties":{"Line":"S125","Sp":"1504.5","X":"631425.5","Y":"9220800.3","NAMOBJ":"Tegalsari","WADMKC":"Widang","WADMKK":"Tuban"},"geometry":{"type":"Point","coordinates":[112.18993635,-7.04779309]}},{"type":"Feature","properties":{"Line":"S125","Sp":"1508.5","X":"631475.5","Y":"9220800.3","NAMOBJ":"Tegalsari","WADMKC":"Widang","WADMKK":"Tuban"},"geometry":{"type":"Point","coordinates":[112.19038899,-7.04779194]}},{"type":"Feature","properties":{"Line":"S125","Sp":"1512.5","X":"631525.5","Y":"9220800.3","NAMOBJ":"Tegalsari","WADMKC":"Widang","WADMKK":"Tuban"},"geometry":{"type":"Point","coordinates":[112.19084162,-7.04779079]}},{"type":"Feature","properties":{"Line":"S125","Sp":"1516.5","X":"631575.5","Y":"9220800.3","NAMOBJ":"Tegalsari","WADMKC":"Widang","WADMKK":"Tuban"},"geometry":{"type":"Point","coordinates":[112.19129426,-7.04778963]}},{"type":"Feature","properties":{"Line":"S125","Sp":"1520.5","X":"631625.5","Y":"9220800.3","NAMOBJ":"Tegalsari","WADMKC":"Widang","WADMKK":"Tuban"},"geometry":{"type":"Point","coordinates":[112.1917469,-7.04778848]}},{"type":"Feature","properties":{"Line":"S125","Sp":"1524.5","X":"631675.5","Y":"9220800.3","NAMOBJ":"Tegalsari","WADMKC":"Widang","WADMKK":"Tuban"},"geometry":{"type":"Point","coordinates":[112.19219954,-7.04778732]}},{"type":"Feature","properties":{"Line":"S125","Sp":"1528.5","X":"631725.5","Y":"9220800.3","NAMOBJ":"Tegalsari","WADMKC":"Widang","WADMKK":"Tuban"},"geometry":{"type":"Point","coordinates":[112.19265217,-7.04778617]}},{"type":"Feature","properties":{"Line":"S125","Sp":"1532.5","X":"631775.5","Y":"9220800.3","NAMOBJ":"Tegalsari","WADMKC":"Widang","WADMKK":"Tuban"},"geometry":{"type":"Point","coordinates":[112.19310481,-7.04778501]}},{"type":"Feature","properties":{"Line":"S125","Sp":"1536.5","X":"631825.5","Y":"9220800.3","NAMOBJ":"Tegalsari","WADMKC":"Widang","WADMKK":"Tuban"},"geometry":{"type":"Point","coordinates":[112.19355745,-7.04778386]}},{"type":"Feature","properties":{"Line":"S102","Sp":"1772.5","X":"630300.5","Y":"9216325.3","NAMOBJ":"Widang","WADMKC":"Widang","WADMKK":"Tuban"},"geometry":{"type":"Point","coordinates":[112.17985466,-7.08829085]}},{"type":"Feature","properties":{"Line":"S102","Sp":"1776.5","X":"630300.5","Y":"9216275.3","NAMOBJ":"Widang","WADMKC":"Widang","WADMKK":"Tuban"},"geometry":{"type":"Point","coordinates":[112.17985581,-7.08874305]}},{"type":"Feature","properties":{"Line":"S102","Sp":"1780.5","X":"630300.5","Y":"9216225.3","NAMOBJ":"Widang","WADMKC":"Widang","WADMKK":"Tuban"},"geometry":{"type":"Point","coordinates":[112.17985696,-7.08919525]}},{"type":"Feature","properties":{"Line":"S102","Sp":"1784.5","X":"630300.5","Y":"9216175.3","NAMOBJ":"Widang","WADMKC":"Widang","WADMKK":"Tuban"},"geometry":{"type":"Point","coordinates":[112.17985811,-7.08964745]}},{"type":"Feature","properties":{"Line":"S102","Sp":"1788.5","X":"630300.5","Y":"9216125.3","NAMOBJ":"Widang","WADMKC":"Widang","WADMKK":"Tuban"},"geometry":{"type":"Point","coordinates":[112.17985926,-7.09009965]}},{"type":"Feature","properties":{"Line":"S102","Sp":"1792.5","X":"630300.5","Y":"9216075.3","NAMOBJ":"Widang","WADMKC":"Widang","WADMKK":"Tuban"},"geometry":{"type":"Point","coordinates":[112.17986041,-7.09055185]}},{"type":"Feature","properties":{"Line":"S102","Sp":"1796.5","X":"630300.5","Y":"9216025.3","NAMOBJ":"Widang","WADMKC":"Widang","WADMKK":"Tuban"},"geometry":{"type":"Point","coordinates":[112.17986156,-7.09100405]}},{"type":"Feature","properties":{"Line":"S102","Sp":"1800.5","X":"630300.5","Y":"9215975.3","NAMOBJ":"Widang","WADMKC":"Widang","WADMKK":"Tuban"},"geometry":{"type":"Point","coordinates":[112.17986271,-7.09145625]}},{"type":"Feature","properties":{"Line":"S102","Sp":"1804.5","X":"630300.5","Y":"9215925.3","NAMOBJ":"Widang","WADMKC":"Widang","WADMKK":"Tuban"},"geometry":{"type":"Point","coordinates":[112.17986386,-7.09190845]}},{"type":"Feature","properties":{"Line":"S102","Sp":"1808.5","X":"630300.5","Y":"9215875.3","NAMOBJ":"Widang","WADMKC":"Widang","WADMKK":"Tuban"},"geometry":{"type":"Point","coordinates":[112.17986501,-7.09236065]}},{"type":"Feature","properties":{"Line":"S102","Sp":"1812.5","X":"630300.5","Y":"9215825.3","NAMOBJ":"Widang","WADMKC":"Widang","WADMKK":"Tuban"},"geometry":{"type":"Point","coordinates":[112.17986617,-7.09281285]}},{"type":"Feature","properties":{"Line":"S102","Sp":"1816.5","X":"630300.5","Y":"9215775.3","NAMOBJ":"Widang","WADMKC":"Widang","WADMKK":"Tuban"},"geometry":{"type":"Point","coordinates":[112.17986732,-7.09326505]}},{"type":"Feature","properties":{"Line":"S102","Sp":"1820.5","X":"630300.5","Y":"9215725.3","NAMOBJ":"Widang","WADMKC":"Widang","WADMKK":"Tuban"},"geometry":{"type":"Point","coordinates":[112.17986847,-7.09371725]}},{"type":"Feature","properties":{"Line":"S102","Sp":"1824.5","X":"630300.5","Y":"9215675.3","NAMOBJ":"Widang","WADMKC":"Widang","WADMKK":"Tuban"},"geometry":{"type":"Point","coordinates":[112.17986962,-7.09416945]}},{"type":"Feature","properties":{"Line":"S102","Sp":"1828.5","X":"630300.5","Y":"9215625.3","NAMOBJ":"Widang","WADMKC":"Widang","WADMKK":"Tuban"},"geometry":{"type":"Point","coordinates":[112.17987077,-7.09462165]}},{"type":"Feature","properties":{"Line":"S102","Sp":"1832.5","X":"630300.5","Y":"9215575.3","NAMOBJ":"Widang","WADMKC":"Widang","WADMKK":"Tuban"},"geometry":{"type":"Point","coordinates":[112.17987192,-7.09507385]}},{"type":"Feature","properties":{"Line":"S115","Sp":"1392.5","X":"629475.5","Y":"9215800.3","NAMOBJ":"Widang","WADMKC":"Widang","WADMKK":"Tuban"},"geometry":{"type":"Point","coordinates":[112.17239746,-7.09305786]}},{"type":"Feature","properties":{"Line":"S115","Sp":"1396.5","X":"629525.5","Y":"9215800.3","NAMOBJ":"Widang","WADMKC":"Widang","WADMKK":"Tuban"},"geometry":{"type":"Point","coordinates":[112.17285015,-7.09305672]}},{"type":"Feature","properties":{"Line":"S115","Sp":"1400.5","X":"629575.5","Y":"9215800.3","NAMOBJ":"Widang","WADMKC":"Widang","WADMKK":"Tuban"},"geometry":{"type":"Point","coordinates":[112.17330283,-7.09305558]}},{"type":"Feature","properties":{"Line":"S115","Sp":"1404.5","X":"629625.5","Y":"9215800.3","NAMOBJ":"Widang","WADMKC":"Widang","WADMKK":"Tuban"},"geometry":{"type":"Point","coordinates":[112.17375551,-7.09305443]}},{"type":"Feature","properties":{"Line":"S115","Sp":"1408.5","X":"629675.5","Y":"9215800.3","NAMOBJ":"Widang","WADMKC":"Widang","WADMKK":"Tuban"},"geometry":{"type":"Point","coordinates":[112.1742082,-7.09305329]}},{"type":"Feature","properties":{"Line":"S115","Sp":"1412.5","X":"629725.5","Y":"9215800.3","NAMOBJ":"Widang","WADMKC":"Widang","WADMKK":"Tuban"},"geometry":{"type":"Point","coordinates":[112.17466088,-7.09305214]}},{"type":"Feature","properties":{"Line":"S115","Sp":"1416.5","X":"629775.5","Y":"9215800.3","NAMOBJ":"Widang","WADMKC":"Widang","WADMKK":"Tuban"},"geometry":{"type":"Point","coordinates":[112.17511357,-7.093051]}},{"type":"Feature","properties":{"Line":"S115","Sp":"1420.5","X":"629825.5","Y":"9215800.3","NAMOBJ":"Widang","WADMKC":"Widang","WADMKK":"Tuban"},"geometry":{"type":"Point","coordinates":[112.17556625,-7.09304985]}},{"type":"Feature","properties":{"Line":"S115","Sp":"1424.5","X":"629875.5","Y":"9215800.3","NAMOBJ":"Widang","WADMKC":"Widang","WADMKK":"Tuban"},"geometry":{"type":"Point","coordinates":[112.17601893,-7.09304871]}},{"type":"Feature","properties":{"Line":"S115","Sp":"1428.5","X":"629925.5","Y":"9215800.3","NAMOBJ":"Widang","WADMKC":"Widang","WADMKK":"Tuban"},"geometry":{"type":"Point","coordinates":[112.17647162,-7.09304756]}},{"type":"Feature","properties":{"Line":"S115","Sp":"1432.5","X":"629975.5","Y":"9215800.3","NAMOBJ":"Widang","WADMKC":"Widang","WADMKK":"Tuban"},"geometry":{"type":"Point","coordinates":[112.1769243,-7.09304641]}},{"type":"Feature","properties":{"Line":"S115","Sp":"1436.5","X":"630025.5","Y":"9215800.3","NAMOBJ":"Widang","WADMKC":"Widang","WADMKK":"Tuban"},"geometry":{"type":"Point","coordinates":[112.17737698,-7.09304526]}},{"type":"Feature","properties":{"Line":"S115","Sp":"1440.5","X":"630075.5","Y":"9215800.3","NAMOBJ":"Widang","WADMKC":"Widang","WADMKK":"Tuban"},"geometry":{"type":"Point","coordinates":[112.17782967,-7.09304412]}},{"type":"Feature","properties":{"Line":"S115","Sp":"1444.5","X":"630125.5","Y":"9215800.3","NAMOBJ":"Widang","WADMKC":"Widang","WADMKK":"Tuban"},"geometry":{"type":"Point","coordinates":[112.17828235,-7.09304297]}},{"type":"Feature","properties":{"Line":"S115","Sp":"1448.5","X":"630175.5","Y":"9215800.3","NAMOBJ":"Widang","WADMKC":"Widang","WADMKK":"Tuban"},"geometry":{"type":"Point","coordinates":[112.17873503,-7.09304182]}},{"type":"Feature","properties":{"Line":"S115","Sp":"1452.5","X":"630225.5","Y":"9215800.3","NAMOBJ":"Widang","WADMKC":"Widang","WADMKK":"Tuban"},"geometry":{"type":"Point","coordinates":[112.17918772,-7.09304067]}},{"type":"Feature","properties":{"Line":"S115","Sp":"1456.5","X":"630275.5","Y":"9215800.3","NAMOBJ":"Widang","WADMKC":"Widang","WADMKK":"Tuban"},"geometry":{"type":"Point","coordinates":[112.1796404,-7.09303952]}},{"type":"Feature","properties":{"Line":"S115","Sp":"1460.5","X":"630325.5","Y":"9215800.3","NAMOBJ":"Widang","WADMKC":"Widang","WADMKK":"Tuban"},"geometry":{"type":"Point","coordinates":[112.18009308,-7.09303837]}},{"type":"Feature","properties":{"Line":"S115","Sp":"1464.5","X":"630375.5","Y":"9215800.3","NAMOBJ":"Widang","WADMKC":"Widang","WADMKK":"Tuban"},"geometry":{"type":"Point","coordinates":[112.18054577,-7.09303722]}},{"type":"Feature","properties":{"Line":"S117","Sp":"1388.5","X":"628875.5","Y":"9216800.3","NAMOBJ":"Widang","WADMKC":"Widang","WADMKK":"Tuban"},"geometry":{"type":"Point","coordinates":[112.16694249,-7.0840275]}},{"type":"Feature","properties":{"Line":"S117","Sp":"1392.5","X":"628925.5","Y":"9216800.3","NAMOBJ":"Widang","WADMKC":"Widang","WADMKK":"Tuban"},"geometry":{"type":"Point","coordinates":[112.16739516,-7.08402636]}},{"type":"Feature","properties":{"Line":"S117","Sp":"1396.5","X":"628975.5","Y":"9216800.3","NAMOBJ":"Widang","WADMKC":"Widang","WADMKK":"Tuban"},"geometry":{"type":"Point","coordinates":[112.16784784,-7.08402523]}},{"type":"Feature","properties":{"Line":"S117","Sp":"1400.5","X":"629025.5","Y":"9216800.3","NAMOBJ":"Widang","WADMKC":"Widang","WADMKK":"Tuban"},"geometry":{"type":"Point","coordinates":[112.16830052,-7.08402409]}},{"type":"Feature","properties":{"Line":"S117","Sp":"1404.5","X":"629075.5","Y":"9216800.3","NAMOBJ":"Widang","WADMKC":"Widang","WADMKK":"Tuban"},"geometry":{"type":"Point","coordinates":[112.16875319,-7.08402295]}},{"type":"Feature","properties":{"Line":"S117","Sp":"1408.5","X":"629125.5","Y":"9216800.3","NAMOBJ":"Widang","WADMKC":"Widang","WADMKK":"Tuban"},"geometry":{"type":"Point","coordinates":[112.16920587,-7.08402182]}},{"type":"Feature","properties":{"Line":"S117","Sp":"1412.5","X":"629175.5","Y":"9216800.3","NAMOBJ":"Widang","WADMKC":"Widang","WADMKK":"Tuban"},"geometry":{"type":"Point","coordinates":[112.16965854,-7.08402068]}},{"type":"Feature","properties":{"Line":"S117","Sp":"1416.5","X":"629225.5","Y":"9216800.3","NAMOBJ":"Widang","WADMKC":"Widang","WADMKK":"Tuban"},"geometry":{"type":"Point","coordinates":[112.17011122,-7.08401954]}},{"type":"Feature","properties":{"Line":"S117","Sp":"1420.5","X":"629275.5","Y":"9216800.3","NAMOBJ":"Widang","WADMKC":"Widang","WADMKK":"Tuban"},"geometry":{"type":"Point","coordinates":[112.1705639,-7.0840184]}},{"type":"Feature","properties":{"Line":"S117","Sp":"1424.5","X":"629325.5","Y":"9216800.3","NAMOBJ":"Widang","WADMKC":"Widang","WADMKK":"Tuban"},"geometry":{"type":"Point","coordinates":[112.17101657,-7.08401726]}},{"type":"Feature","properties":{"Line":"S117","Sp":"1428.5","X":"629375.5","Y":"9216800.3","NAMOBJ":"Widang","WADMKC":"Widang","WADMKK":"Tuban"},"geometry":{"type":"Point","coordinates":[112.17146925,-7.08401612]}},{"type":"Feature","properties":{"Line":"S117","Sp":"1432.5","X":"629425.5","Y":"9216800.3","NAMOBJ":"Widang","WADMKC":"Widang","WADMKK":"Tuban"},"geometry":{"type":"Point","coordinates":[112.17192192,-7.08401498]}},{"type":"Feature","properties":{"Line":"S117","Sp":"1436.5","X":"629475.5","Y":"9216800.3","NAMOBJ":"Widang","WADMKC":"Widang","WADMKK":"Tuban"},"geometry":{"type":"Point","coordinates":[112.1723746,-7.08401384]}},{"type":"Feature","properties":{"Line":"S117","Sp":"1440.5","X":"629525.5","Y":"9216800.3","NAMOBJ":"Widang","WADMKC":"Widang","WADMKK":"Tuban"},"geometry":{"type":"Point","coordinates":[112.17282727,-7.0840127]}},{"type":"Feature","properties":{"Line":"S117","Sp":"1444.5","X":"629575.5","Y":"9216800.3","NAMOBJ":"Widang","WADMKC":"Widang","WADMKK":"Tuban"},"geometry":{"type":"Point","coordinates":[112.17327995,-7.08401155]}},{"type":"Feature","properties":{"Line":"S117","Sp":"1448.5","X":"629625.5","Y":"9216800.3","NAMOBJ":"Widang","WADMKC":"Widang","WADMKK":"Tuban"},"geometry":{"type":"Point","coordinates":[112.17373262,-7.08401041]}},{"type":"Feature","properties":{"Line":"S117","Sp":"1452.5","X":"629675.5","Y":"9216800.3","NAMOBJ":"Widang","WADMKC":"Widang","WADMKK":"Tuban"},"geometry":{"type":"Point","coordinates":[112.1741853,-7.08400927]}},{"type":"Feature","properties":{"Line":"S117","Sp":"1456.5","X":"629725.5","Y":"9216800.3","NAMOBJ":"Widang","WADMKC":"Widang","WADMKK":"Tuban"},"geometry":{"type":"Point","coordinates":[112.17463797,-7.08400813]}},{"type":"Feature","properties":{"Line":"S119","Sp":"1444.5","X":"628625.5","Y":"9217800.3","NAMOBJ":"Widang","WADMKC":"Widang","WADMKK":"Tuban"},"geometry":{"type":"Point","coordinates":[112.16465642,-7.07498912]}},{"type":"Feature","properties":{"Line":"S119","Sp":"1448.5","X":"628675.5","Y":"9217800.3","NAMOBJ":"Widang","WADMKC":"Widang","WADMKK":"Tuban"},"geometry":{"type":"Point","coordinates":[112.16510909,-7.07498799]}},{"type":"Feature","properties":{"Line":"S119","Sp":"1452.5","X":"628725.5","Y":"9217800.3","NAMOBJ":"Widang","WADMKC":"Widang","WADMKK":"Tuban"},"geometry":{"type":"Point","coordinates":[112.16556176,-7.07498686]}},{"type":"Feature","properties":{"Line":"S119","Sp":"1456.5","X":"628775.5","Y":"9217800.3","NAMOBJ":"Widang","WADMKC":"Widang","WADMKK":"Tuban"},"geometry":{"type":"Point","coordinates":[112.16601442,-7.07498572]}},{"type":"Feature","properties":{"Line":"S119","Sp":"1460.5","X":"628825.5","Y":"9217800.3","NAMOBJ":"Widang","WADMKC":"Widang","WADMKK":"Tuban"},"geometry":{"type":"Point","coordinates":[112.16646709,-7.07498459]}},{"type":"Feature","properties":{"Line":"S119","Sp":"1464.5","X":"628875.5","Y":"9217800.3","NAMOBJ":"Widang","WADMKC":"Widang","WADMKK":"Tuban"},"geometry":{"type":"Point","coordinates":[112.16691976,-7.07498346]}},{"type":"Feature","properties":{"Line":"S119","Sp":"1468.5","X":"628925.5","Y":"9217800.3","NAMOBJ":"Widang","WADMKC":"Widang","WADMKK":"Tuban"},"geometry":{"type":"Point","coordinates":[112.16737243,-7.07498232]}},{"type":"Feature","properties":{"Line":"S119","Sp":"1472.5","X":"628975.5","Y":"9217800.3","NAMOBJ":"Widang","WADMKC":"Widang","WADMKK":"Tuban"},"geometry":{"type":"Point","coordinates":[112.16782509,-7.07498119]}},{"type":"Feature","properties":{"Line":"S119","Sp":"1476.5","X":"629025.5","Y":"9217800.3","NAMOBJ":"Widang","WADMKC":"Widang","WADMKK":"Tuban"},"geometry":{"type":"Point","coordinates":[112.16827776,-7.07498005]}},{"type":"Feature","properties":{"Line":"S119","Sp":"1480.5","X":"629075.5","Y":"9217800.3","NAMOBJ":"Widang","WADMKC":"Widang","WADMKK":"Tuban"},"geometry":{"type":"Point","coordinates":[112.16873043,-7.07497891]}},{"type":"Feature","properties":{"Line":"S119","Sp":"1484.5","X":"629125.5","Y":"9217800.3","NAMOBJ":"Widang","WADMKC":"Widang","WADMKK":"Tuban"},"geometry":{"type":"Point","coordinates":[112.1691831,-7.07497778]}},{"type":"Feature","properties":{"Line":"S119","Sp":"1488.5","X":"629175.5","Y":"9217800.3","NAMOBJ":"Widang","WADMKC":"Widang","WADMKK":"Tuban"},"geometry":{"type":"Point","coordinates":[112.16963576,-7.07497664]}},{"type":"Feature","properties":{"Line":"S119","Sp":"1492.5","X":"629225.5","Y":"9217800.3","NAMOBJ":"Widang","WADMKC":"Widang","WADMKK":"Tuban"},"geometry":{"type":"Point","coordinates":[112.17008843,-7.0749755]}},{"type":"Feature","properties":{"Line":"S119","Sp":"1496.5","X":"629275.5","Y":"9217800.3","NAMOBJ":"Widang","WADMKC":"Widang","WADMKK":"Tuban"},"geometry":{"type":"Point","coordinates":[112.1705411,-7.07497437]}},{"type":"Feature","properties":{"Line":"S119","Sp":"1500.5","X":"629325.5","Y":"9217800.3","NAMOBJ":"Widang","WADMKC":"Widang","WADMKK":"Tuban"},"geometry":{"type":"Point","coordinates":[112.17099376,-7.07497323]}},{"type":"Feature","properties":{"Line":"S119","Sp":"1504.5","X":"629375.5","Y":"9217800.3","NAMOBJ":"Widang","WADMKC":"Widang","WADMKK":"Tuban"},"geometry":{"type":"Point","coordinates":[112.17144643,-7.07497209]}},{"type":"Feature","properties":{"Line":"S119","Sp":"1508.5","X":"629425.5","Y":"9217800.3","NAMOBJ":"Widang","WADMKC":"Widang","WADMKK":"Tuban"},"geometry":{"type":"Point","coordinates":[112.1718991,-7.07497095]}},{"type":"Feature","properties":{"Line":"S119","Sp":"1512.5","X":"629475.5","Y":"9217800.3","NAMOBJ":"Widang","WADMKC":"Widang","WADMKK":"Tuban"},"geometry":{"type":"Point","coordinates":[112.17235176,-7.07496981]}},{"type":"Feature","properties":{"Line":"S119","Sp":"1516.5","X":"629525.5","Y":"9217800.3","NAMOBJ":"Widang","WADMKC":"Widang","WADMKK":"Tuban"},"geometry":{"type":"Point","coordinates":[112.17280443,-7.07496867]}},{"type":"Feature","properties":{"Line":"S121","Sp":"1404.5","X":"628025.5","Y":"9218800.3","NAMOBJ":"Widang","WADMKC":"Widang","WADMKK":"Tuban"},"geometry":{"type":"Point","coordinates":[112.15920185,-7.0659586]}},{"type":"Feature","properties":{"Line":"S121","Sp":"1408.5","X":"628075.5","Y":"9218800.3","NAMOBJ":"Widang","WADMKC":"Widang","WADMKK":"Tuban"},"geometry":{"type":"Point","coordinates":[112.15965451,-7.06595748]}},{"type":"Feature","properties":{"Line":"S121","Sp":"1412.5","X":"628125.5","Y":"9218800.3","NAMOBJ":"Widang","WADMKC":"Widang","WADMKK":"Tuban"},"geometry":{"type":"Point","coordinates":[112.16010717,-7.06595635]}},{"type":"Feature","properties":{"Line":"S121","Sp":"1416.5","X":"628175.5","Y":"9218800.3","NAMOBJ":"Widang","WADMKC":"Widang","WADMKK":"Tuban"},"geometry":{"type":"Point","coordinates":[112.16055983,-7.06595523]}},{"type":"Feature","properties":{"Line":"S121","Sp":"1420.5","X":"628225.5","Y":"9218800.3","NAMOBJ":"Widang","WADMKC":"Widang","WADMKK":"Tuban"},"geometry":{"type":"Point","coordinates":[112.16101249,-7.0659541]}},{"type":"Feature","properties":{"Line":"S121","Sp":"1424.5","X":"628275.5","Y":"9218800.3","NAMOBJ":"Widang","WADMKC":"Widang","WADMKK":"Tuban"},"geometry":{"type":"Point","coordinates":[112.16146515,-7.06595297]}},{"type":"Feature","properties":{"Line":"S121","Sp":"1428.5","X":"628325.5","Y":"9218800.3","NAMOBJ":"Widang","WADMKC":"Widang","WADMKK":"Tuban"},"geometry":{"type":"Point","coordinates":[112.16191781,-7.06595184]}},{"type":"Feature","properties":{"Line":"S121","Sp":"1432.5","X":"628375.5","Y":"9218800.3","NAMOBJ":"Widang","WADMKC":"Widang","WADMKK":"Tuban"},"geometry":{"type":"Point","coordinates":[112.16237047,-7.06595072]}},{"type":"Feature","properties":{"Line":"S121","Sp":"1436.5","X":"628425.5","Y":"9218800.3","NAMOBJ":"Widang","WADMKC":"Widang","WADMKK":"Tuban"},"geometry":{"type":"Point","coordinates":[112.16282313,-7.06594959]}},{"type":"Feature","properties":{"Line":"S121","Sp":"1440.5","X":"628475.5","Y":"9218800.3","NAMOBJ":"Widang","WADMKC":"Widang","WADMKK":"Tuban"},"geometry":{"type":"Point","coordinates":[112.16327579,-7.06594846]}},{"type":"Feature","properties":{"Line":"S121","Sp":"1444.5","X":"628525.5","Y":"9218800.3","NAMOBJ":"Widang","WADMKC":"Widang","WADMKK":"Tuban"},"geometry":{"type":"Point","coordinates":[112.16372845,-7.06594733]}},{"type":"Feature","properties":{"Line":"S121","Sp":"1448.5","X":"628575.5","Y":"9218800.3","NAMOBJ":"Widang","WADMKC":"Widang","WADMKK":"Tuban"},"geometry":{"type":"Point","coordinates":[112.16418111,-7.0659462]}},{"type":"Feature","properties":{"Line":"S121","Sp":"1452.5","X":"628625.5","Y":"9218800.3","NAMOBJ":"Widang","WADMKC":"Widang","WADMKK":"Tuban"},"geometry":{"type":"Point","coordinates":[112.16463377,-7.06594507]}},{"type":"Feature","properties":{"Line":"S121","Sp":"1456.5","X":"628675.5","Y":"9218800.3","NAMOBJ":"Widang","WADMKC":"Widang","WADMKK":"Tuban"},"geometry":{"type":"Point","coordinates":[112.16508643,-7.06594394]}},{"type":"Feature","properties":{"Line":"S121","Sp":"1460.5","X":"628725.5","Y":"9218800.3","NAMOBJ":"Widang","WADMKC":"Widang","WADMKK":"Tuban"},"geometry":{"type":"Point","coordinates":[112.16553908,-7.0659428]}},{"type":"Feature","properties":{"Line":"S121","Sp":"1464.5","X":"628775.5","Y":"9218800.3","NAMOBJ":"Widang","WADMKC":"Widang","WADMKK":"Tuban"},"geometry":{"type":"Point","coordinates":[112.16599174,-7.06594167]}},{"type":"Feature","properties":{"Line":"S121","Sp":"1468.5","X":"628825.5","Y":"9218800.3","NAMOBJ":"Widang","WADMKC":"Widang","WADMKK":"Tuban"},"geometry":{"type":"Point","coordinates":[112.1664444,-7.06594054]}},{"type":"Feature","properties":{"Line":"S121","Sp":"1472.5","X":"628875.5","Y":"9218800.3","NAMOBJ":"Widang","WADMKC":"Widang","WADMKK":"Tuban"},"geometry":{"type":"Point","coordinates":[112.16689706,-7.06593941]}},{"type":"Feature","properties":{"Line":"S121","Sp":"1476.5","X":"628925.5","Y":"9218800.3","NAMOBJ":"Widang","WADMKC":"Widang","WADMKK":"Tuban"},"geometry":{"type":"Point","coordinates":[112.16734972,-7.06593827]}},{"type":"Feature","properties":{"Line":"S121","Sp":"1480.5","X":"628975.5","Y":"9218800.3","NAMOBJ":"Widang","WADMKC":"Widang","WADMKK":"Tuban"},"geometry":{"type":"Point","coordinates":[112.16780238,-7.06593714]}},{"type":"Feature","properties":{"Line":"S121","Sp":"1484.5","X":"629025.5","Y":"9218800.3","NAMOBJ":"Widang","WADMKC":"Widang","WADMKK":"Tuban"},"geometry":{"type":"Point","coordinates":[112.16825504,-7.06593601]}},{"type":"Feature","properties":{"Line":"S121","Sp":"1488.5","X":"629075.5","Y":"9218800.3","NAMOBJ":"Widang","WADMKC":"Widang","WADMKK":"Tuban"},"geometry":{"type":"Point","coordinates":[112.16870769,-7.06593487]}},{"type":"Feature","properties":{"Line":"S121","Sp":"1492.5","X":"629125.5","Y":"9218800.3","NAMOBJ":"Widang","WADMKC":"Widang","WADMKK":"Tuban"},"geometry":{"type":"Point","coordinates":[112.16916035,-7.06593374]}},{"type":"Feature","properties":{"Line":"S121","Sp":"1496.5","X":"629175.5","Y":"9218800.3","NAMOBJ":"Widang","WADMKC":"Widang","WADMKK":"Tuban"},"geometry":{"type":"Point","coordinates":[112.16961301,-7.0659326]}},{"type":"Feature","properties":{"Line":"S121","Sp":"1500.5","X":"629225.5","Y":"9218800.3","NAMOBJ":"Widang","WADMKC":"Widang","WADMKK":"Tuban"},"geometry":{"type":"Point","coordinates":[112.17006567,-7.06593146]}},{"type":"Feature","properties":{"Line":"S121","Sp":"1504.5","X":"629275.5","Y":"9218800.3","NAMOBJ":"Widang","WADMKC":"Widang","WADMKK":"Tuban"},"geometry":{"type":"Point","coordinates":[112.17051833,-7.06593033]}},{"type":"Feature","properties":{"Line":"S121","Sp":"1508.5","X":"629325.5","Y":"9218800.3","NAMOBJ":"Widang","WADMKC":"Widang","WADMKK":"Tuban"},"geometry":{"type":"Point","coordinates":[112.17097099,-7.06592919]}},{"type":"Feature","properties":{"Line":"S121","Sp":"1512.5","X":"629375.5","Y":"9218800.3","NAMOBJ":"Widang","WADMKC":"Widang","WADMKK":"Tuban"},"geometry":{"type":"Point","coordinates":[112.17142364,-7.06592805]}},{"type":"Feature","properties":{"Line":"S121","Sp":"1516.5","X":"629425.5","Y":"9218800.3","NAMOBJ":"Widang","WADMKC":"Widang","WADMKK":"Tuban"},"geometry":{"type":"Point","coordinates":[112.1718763,-7.06592692]}},{"type":"Feature","properties":{"Line":"S121","Sp":"1520.5","X":"629475.5","Y":"9218800.3","NAMOBJ":"Widang","WADMKC":"Widang","WADMKK":"Tuban"},"geometry":{"type":"Point","coordinates":[112.17232896,-7.06592578]}},{"type":"Feature","properties":{"Line":"S121","Sp":"1524.5","X":"629525.5","Y":"9218800.3","NAMOBJ":"Widang","WADMKC":"Widang","WADMKK":"Tuban"},"geometry":{"type":"Point","coordinates":[112.17278162,-7.06592464]}},{"type":"Feature","properties":{"Line":"S123","Sp":"1388.5","X":"627775.5","Y":"9219800.3","NAMOBJ":"Widang","WADMKC":"Widang","WADMKK":"Tuban"},"geometry":{"type":"Point","coordinates":[112.15691608,-7.05692014]}},{"type":"Feature","properties":{"Line":"S123","Sp":"1392.5","X":"627825.5","Y":"9219800.3","NAMOBJ":"Widang","WADMKC":"Widang","WADMKK":"Tuban"},"geometry":{"type":"Point","coordinates":[112.15736873,-7.05691902]}},{"type":"Feature","properties":{"Line":"S123","Sp":"1396.5","X":"627875.5","Y":"9219800.3","NAMOBJ":"Widang","WADMKC":"Widang","WADMKK":"Tuban"},"geometry":{"type":"Point","coordinates":[112.15782138,-7.0569179]}},{"type":"Feature","properties":{"Line":"S123","Sp":"1400.5","X":"627925.5","Y":"9219800.3","NAMOBJ":"Widang","WADMKC":"Widang","WADMKK":"Tuban"},"geometry":{"type":"Point","coordinates":[112.15827403,-7.05691678]}},{"type":"Feature","properties":{"Line":"S123","Sp":"1404.5","X":"627975.5","Y":"9219800.3","NAMOBJ":"Widang","WADMKC":"Widang","WADMKK":"Tuban"},"geometry":{"type":"Point","coordinates":[112.15872668,-7.05691565]}},{"type":"Feature","properties":{"Line":"S123","Sp":"1408.5","X":"628025.5","Y":"9219800.3","NAMOBJ":"Widang","WADMKC":"Widang","WADMKK":"Tuban"},"geometry":{"type":"Point","coordinates":[112.15917933,-7.05691453]}},{"type":"Feature","properties":{"Line":"S123","Sp":"1412.5","X":"628075.5","Y":"9219800.3","NAMOBJ":"Widang","WADMKC":"Widang","WADMKK":"Tuban"},"geometry":{"type":"Point","coordinates":[112.15963198,-7.0569134]}},{"type":"Feature","properties":{"Line":"S123","Sp":"1416.5","X":"628125.5","Y":"9219800.3","NAMOBJ":"Widang","WADMKC":"Widang","WADMKK":"Tuban"},"geometry":{"type":"Point","coordinates":[112.16008463,-7.05691228]}},{"type":"Feature","properties":{"Line":"S123","Sp":"1420.5","X":"628175.5","Y":"9219800.3","NAMOBJ":"Widang","WADMKC":"Widang","WADMKK":"Tuban"},"geometry":{"type":"Point","coordinates":[112.16053729,-7.05691115]}},{"type":"Feature","properties":{"Line":"S123","Sp":"1424.5","X":"628225.5","Y":"9219800.3","NAMOBJ":"Widang","WADMKC":"Widang","WADMKK":"Tuban"},"geometry":{"type":"Point","coordinates":[112.16098994,-7.05691003]}},{"type":"Feature","properties":{"Line":"S123","Sp":"1428.5","X":"628275.5","Y":"9219800.3","NAMOBJ":"Widang","WADMKC":"Widang","WADMKK":"Tuban"},"geometry":{"type":"Point","coordinates":[112.16144259,-7.0569089]}},{"type":"Feature","properties":{"Line":"S123","Sp":"1432.5","X":"628325.5","Y":"9219800.3","NAMOBJ":"Widang","WADMKC":"Widang","WADMKK":"Tuban"},"geometry":{"type":"Point","coordinates":[112.16189524,-7.05690777]}},{"type":"Feature","properties":{"Line":"S123","Sp":"1436.5","X":"628375.5","Y":"9219800.3","NAMOBJ":"Widang","WADMKC":"Widang","WADMKK":"Tuban"},"geometry":{"type":"Point","coordinates":[112.16234789,-7.05690665]}},{"type":"Feature","properties":{"Line":"S123","Sp":"1440.5","X":"628425.5","Y":"9219800.3","NAMOBJ":"Widang","WADMKC":"Widang","WADMKK":"Tuban"},"geometry":{"type":"Point","coordinates":[112.16280054,-7.05690552]}},{"type":"Feature","properties":{"Line":"S123","Sp":"1444.5","X":"628475.5","Y":"9219800.3","NAMOBJ":"Widang","WADMKC":"Widang","WADMKK":"Tuban"},"geometry":{"type":"Point","coordinates":[112.16325319,-7.05690439]}},{"type":"Feature","properties":{"Line":"S123","Sp":"1448.5","X":"628525.5","Y":"9219800.3","NAMOBJ":"Widang","WADMKC":"Widang","WADMKK":"Tuban"},"geometry":{"type":"Point","coordinates":[112.16370584,-7.05690326]}},{"type":"Feature","properties":{"Line":"S123","Sp":"1452.5","X":"628575.5","Y":"9219800.3","NAMOBJ":"Widang","WADMKC":"Widang","WADMKK":"Tuban"},"geometry":{"type":"Point","coordinates":[112.16415849,-7.05690214]}},{"type":"Feature","properties":{"Line":"S123","Sp":"1456.5","X":"628625.5","Y":"9219800.3","NAMOBJ":"Widang","WADMKC":"Widang","WADMKK":"Tuban"},"geometry":{"type":"Point","coordinates":[112.16461114,-7.05690101]}},{"type":"Feature","properties":{"Line":"S123","Sp":"1460.5","X":"628675.5","Y":"9219800.3","NAMOBJ":"Widang","WADMKC":"Widang","WADMKK":"Tuban"},"geometry":{"type":"Point","coordinates":[112.16506379,-7.05689988]}},{"type":"Feature","properties":{"Line":"S123","Sp":"1464.5","X":"628725.5","Y":"9219800.3","NAMOBJ":"Widang","WADMKC":"Widang","WADMKK":"Tuban"},"geometry":{"type":"Point","coordinates":[112.16551644,-7.05689875]}},{"type":"Feature","properties":{"Line":"S123","Sp":"1468.5","X":"628775.5","Y":"9219800.3","NAMOBJ":"Widang","WADMKC":"Widang","WADMKK":"Tuban"},"geometry":{"type":"Point","coordinates":[112.16596909,-7.05689762]}},{"type":"Feature","properties":{"Line":"S123","Sp":"1472.5","X":"628825.5","Y":"9219800.3","NAMOBJ":"Widang","WADMKC":"Widang","WADMKK":"Tuban"},"geometry":{"type":"Point","coordinates":[112.16642174,-7.05689649]}},{"type":"Feature","properties":{"Line":"S123","Sp":"1476.5","X":"628875.5","Y":"9219800.3","NAMOBJ":"Widang","WADMKC":"Widang","WADMKK":"Tuban"},"geometry":{"type":"Point","coordinates":[112.16687439,-7.05689535]}},{"type":"Feature","properties":{"Line":"S123","Sp":"1480.5","X":"628925.5","Y":"9219800.3","NAMOBJ":"Widang","WADMKC":"Widang","WADMKK":"Tuban"},"geometry":{"type":"Point","coordinates":[112.16732704,-7.05689422]}},{"type":"Feature","properties":{"Line":"S123","Sp":"1484.5","X":"628975.5","Y":"9219800.3","NAMOBJ":"Widang","WADMKC":"Widang","WADMKK":"Tuban"},"geometry":{"type":"Point","coordinates":[112.16777969,-7.05689309]}},{"type":"Feature","properties":{"Line":"S123","Sp":"1488.5","X":"629025.5","Y":"9219800.3","NAMOBJ":"Widang","WADMKC":"Widang","WADMKK":"Tuban"},"geometry":{"type":"Point","coordinates":[112.16823234,-7.05689196]}},{"type":"Feature","properties":{"Line":"S123","Sp":"1492.5","X":"629075.5","Y":"9219800.3","NAMOBJ":"Widang","WADMKC":"Widang","WADMKK":"Tuban"},"geometry":{"type":"Point","coordinates":[112.16868499,-7.05689082]}},{"type":"Feature","properties":{"Line":"S123","Sp":"1496.5","X":"629125.5","Y":"9219800.3","NAMOBJ":"Widang","WADMKC":"Widang","WADMKK":"Tuban"},"geometry":{"type":"Point","coordinates":[112.16913764,-7.05688969]}},{"type":"Feature","properties":{"Line":"S123","Sp":"1500.5","X":"629175.5","Y":"9219800.3","NAMOBJ":"Widang","WADMKC":"Widang","WADMKK":"Tuban"},"geometry":{"type":"Point","coordinates":[112.16959029,-7.05688856]}},{"type":"Feature","properties":{"Line":"S123","Sp":"1504.5","X":"629225.5","Y":"9219800.3","NAMOBJ":"Widang","WADMKC":"Widang","WADMKK":"Tuban"},"geometry":{"type":"Point","coordinates":[112.17004294,-7.05688742]}},{"type":"Feature","properties":{"Line":"S123","Sp":"1508.5","X":"629275.5","Y":"9219800.3","NAMOBJ":"Widang","WADMKC":"Widang","WADMKK":"Tuban"},"geometry":{"type":"Point","coordinates":[112.17049559,-7.05688629]}},{"type":"Feature","properties":{"Line":"S123","Sp":"1512.5","X":"629325.5","Y":"9219800.3","NAMOBJ":"Widang","WADMKC":"Widang","WADMKK":"Tuban"},"geometry":{"type":"Point","coordinates":[112.17094824,-7.05688515]}},{"type":"Feature","properties":{"Line":"S123","Sp":"1516.5","X":"629375.5","Y":"9219800.3","NAMOBJ":"Widang","WADMKC":"Widang","WADMKK":"Tuban"},"geometry":{"type":"Point","coordinates":[112.17140089,-7.05688402]}},{"type":"Feature","properties":{"Line":"S123","Sp":"1520.5","X":"629425.5","Y":"9219800.3","NAMOBJ":"Widang","WADMKC":"Widang","WADMKK":"Tuban"},"geometry":{"type":"Point","coordinates":[112.17185354,-7.05688288]}},{"type":"Feature","properties":{"Line":"S123","Sp":"1524.5","X":"629475.5","Y":"9219800.3","NAMOBJ":"Widang","WADMKC":"Widang","WADMKK":"Tuban"},"geometry":{"type":"Point","coordinates":[112.17230618,-7.05688174]}},{"type":"Feature","properties":{"Line":"S123","Sp":"1528.5","X":"629525.5","Y":"9219800.3","NAMOBJ":"Widang","WADMKC":"Widang","WADMKK":"Tuban"},"geometry":{"type":"Point","coordinates":[112.17275883,-7.05688061]}},{"type":"Feature","properties":{"Line":"S123","Sp":"1532.5","X":"629575.5","Y":"9219800.3","NAMOBJ":"Widang","WADMKC":"Widang","WADMKK":"Tuban"},"geometry":{"type":"Point","coordinates":[112.17321148,-7.05687947]}},{"type":"Feature","properties":{"Line":"S123","Sp":"1536.5","X":"629625.5","Y":"9219800.3","NAMOBJ":"Widang","WADMKC":"Widang","WADMKK":"Tuban"},"geometry":{"type":"Point","coordinates":[112.17366413,-7.05687833]}},{"type":"Feature","properties":{"Line":"S123","Sp":"1540.5","X":"629675.5","Y":"9219800.3","NAMOBJ":"Widang","WADMKC":"Widang","WADMKK":"Tuban"},"geometry":{"type":"Point","coordinates":[112.17411678,-7.05687719]}},{"type":"Feature","properties":{"Line":"S102","Sp":"1744.5","X":"630300.5","Y":"9216675.3","NAMOBJ":"Bedahan","WADMKC":"Babat","WADMKK":"Lamongan"},"geometry":{"type":"Point","coordinates":[112.17984661,-7.08512545]}},{"type":"Feature","properties":{"Line":"S102","Sp":"1748.5","X":"630300.5","Y":"9216625.3","NAMOBJ":"Bedahan","WADMKC":"Babat","WADMKK":"Lamongan"},"geometry":{"type":"Point","coordinates":[112.17984776,-7.08557765]}},{"type":"Feature","properties":{"Line":"S102","Sp":"1752.5","X":"630300.5","Y":"9216575.3","NAMOBJ":"Bedahan","WADMKC":"Babat","WADMKK":"Lamongan"},"geometry":{"type":"Point","coordinates":[112.17984891,-7.08602985]}},{"type":"Feature","properties":{"Line":"S102","Sp":"1756.5","X":"630300.5","Y":"9216525.3","NAMOBJ":"Bedahan","WADMKC":"Babat","WADMKK":"Lamongan"},"geometry":{"type":"Point","coordinates":[112.17985006,-7.08648205]}},{"type":"Feature","properties":{"Line":"S102","Sp":"1760.5","X":"630300.5","Y":"9216475.3","NAMOBJ":"Bedahan","WADMKC":"Babat","WADMKK":"Lamongan"},"geometry":{"type":"Point","coordinates":[112.17985121,-7.08693425]}},{"type":"Feature","properties":{"Line":"S102","Sp":"1764.5","X":"630300.5","Y":"9216425.3","NAMOBJ":"Bedahan","WADMKC":"Babat","WADMKK":"Lamongan"},"geometry":{"type":"Point","coordinates":[112.17985236,-7.08738645]}},{"type":"Feature","properties":{"Line":"S102","Sp":"1768.5","X":"630300.5","Y":"9216375.3","NAMOBJ":"Bedahan","WADMKC":"Babat","WADMKK":"Lamongan"},"geometry":{"type":"Point","coordinates":[112.17985351,-7.08783865]}},{"type":"Feature","properties":{"Line":"S102","Sp":"1836.5","X":"630300.5","Y":"9215525.3","NAMOBJ":"Bedahan","WADMKC":"Babat","WADMKK":"Lamongan"},"geometry":{"type":"Point","coordinates":[112.17987307,-7.09552605]}},{"type":"Feature","properties":{"Line":"S102","Sp":"1840.5","X":"630300.5","Y":"9215475.3","NAMOBJ":"Bedahan","WADMKC":"Babat","WADMKK":"Lamongan"},"geometry":{"type":"Point","coordinates":[112.17987423,-7.09597825]}},{"type":"Feature","properties":{"Line":"S102","Sp":"1844.5","X":"630300.5","Y":"9215425.3","NAMOBJ":"Bedahan","WADMKC":"Babat","WADMKK":"Lamongan"},"geometry":{"type":"Point","coordinates":[112.17987538,-7.09643045]}},{"type":"Feature","properties":{"Line":"S102","Sp":"1848.5","X":"630300.5","Y":"9215375.3","NAMOBJ":"Bedahan","WADMKC":"Babat","WADMKK":"Lamongan"},"geometry":{"type":"Point","coordinates":[112.17987653,-7.09688265]}},{"type":"Feature","properties":{"Line":"S102","Sp":"1852.5","X":"630300.5","Y":"9215325.3","NAMOBJ":"Bedahan","WADMKC":"Babat","WADMKK":"Lamongan"},"geometry":{"type":"Point","coordinates":[112.17987768,-7.09733485]}},{"type":"Feature","properties":{"Line":"S102","Sp":"1856.5","X":"630300.5","Y":"9215275.3","NAMOBJ":"Bedahan","WADMKC":"Babat","WADMKK":"Lamongan"},"geometry":{"type":"Point","coordinates":[112.17987883,-7.09778704]}},{"type":"Feature","properties":{"Line":"S102","Sp":"1860.5","X":"630300.5","Y":"9215225.3","NAMOBJ":"Bedahan","WADMKC":"Babat","WADMKK":"Lamongan"},"geometry":{"type":"Point","coordinates":[112.17987999,-7.09823924]}},{"type":"Feature","properties":{"Line":"S102","Sp":"1864.5","X":"630300.5","Y":"9215175.3","NAMOBJ":"Bedahan","WADMKC":"Babat","WADMKK":"Lamongan"},"geometry":{"type":"Point","coordinates":[112.17988114,-7.09869144]}},{"type":"Feature","properties":{"Line":"S102","Sp":"1868.5","X":"630300.5","Y":"9215125.3","NAMOBJ":"Bedahan","WADMKC":"Babat","WADMKK":"Lamongan"},"geometry":{"type":"Point","coordinates":[112.17988229,-7.09914364]}},{"type":"Feature","properties":{"Line":"S102","Sp":"1872.5","X":"630300.5","Y":"9215075.3","NAMOBJ":"Bedahan","WADMKC":"Babat","WADMKK":"Lamongan"},"geometry":{"type":"Point","coordinates":[112.17988344,-7.09959584]}},{"type":"Feature","properties":{"Line":"S115","Sp":"1468.5","X":"630425.5","Y":"9215800.3","NAMOBJ":"Bedahan","WADMKC":"Babat","WADMKK":"Lamongan"},"geometry":{"type":"Point","coordinates":[112.18099845,-7.09303607]}},{"type":"Feature","properties":{"Line":"S115","Sp":"1472.5","X":"630475.5","Y":"9215800.3","NAMOBJ":"Bedahan","WADMKC":"Babat","WADMKK":"Lamongan"},"geometry":{"type":"Point","coordinates":[112.18145113,-7.09303492]}},{"type":"Feature","properties":{"Line":"S115","Sp":"1476.5","X":"630525.5","Y":"9215800.3","NAMOBJ":"Bedahan","WADMKC":"Babat","WADMKK":"Lamongan"},"geometry":{"type":"Point","coordinates":[112.18190381,-7.09303377]}},{"type":"Feature","properties":{"Line":"S115","Sp":"1480.5","X":"630575.5","Y":"9215800.3","NAMOBJ":"Bedahan","WADMKC":"Babat","WADMKK":"Lamongan"},"geometry":{"type":"Point","coordinates":[112.1823565,-7.09303261]}},{"type":"Feature","properties":{"Line":"S115","Sp":"1484.5","X":"630625.5","Y":"9215800.3","NAMOBJ":"Bedahan","WADMKC":"Babat","WADMKK":"Lamongan"},"geometry":{"type":"Point","coordinates":[112.18280918,-7.09303146]}},{"type":"Feature","properties":{"Line":"S115","Sp":"1488.5","X":"630675.5","Y":"9215800.3","NAMOBJ":"Bedahan","WADMKC":"Babat","WADMKK":"Lamongan"},"geometry":{"type":"Point","coordinates":[112.18326186,-7.09303031]}},{"type":"Feature","properties":{"Line":"S115","Sp":"1492.5","X":"630725.5","Y":"9215800.3","NAMOBJ":"Bedahan","WADMKC":"Babat","WADMKK":"Lamongan"},"geometry":{"type":"Point","coordinates":[112.18371454,-7.09302916]}},{"type":"Feature","properties":{"Line":"S115","Sp":"1496.5","X":"630775.5","Y":"9215800.3","NAMOBJ":"Bedahan","WADMKC":"Babat","WADMKK":"Lamongan"},"geometry":{"type":"Point","coordinates":[112.18416723,-7.093028]}},{"type":"Feature","properties":{"Line":"S115","Sp":"1500.5","X":"630825.5","Y":"9215800.3","NAMOBJ":"Bedahan","WADMKC":"Babat","WADMKK":"Lamongan"},"geometry":{"type":"Point","coordinates":[112.18461991,-7.09302685]}},{"type":"Feature","properties":{"Line":"S115","Sp":"1504.5","X":"630875.5","Y":"9215800.3","NAMOBJ":"Bedahan","WADMKC":"Babat","WADMKK":"Lamongan"},"geometry":{"type":"Point","coordinates":[112.18507259,-7.09302569]}},{"type":"Feature","properties":{"Line":"S115","Sp":"1508.5","X":"630925.5","Y":"9215800.3","NAMOBJ":"Bedahan","WADMKC":"Babat","WADMKK":"Lamongan"},"geometry":{"type":"Point","coordinates":[112.18552527,-7.09302454]}},{"type":"Feature","properties":{"Line":"S115","Sp":"1512.5","X":"630975.5","Y":"9215800.3","NAMOBJ":"Bedahan","WADMKC":"Babat","WADMKK":"Lamongan"},"geometry":{"type":"Point","coordinates":[112.18597795,-7.09302338]}},{"type":"Feature","properties":{"Line":"S115","Sp":"1516.5","X":"631025.5","Y":"9215800.3","NAMOBJ":"Bedahan","WADMKC":"Babat","WADMKK":"Lamongan"},"geometry":{"type":"Point","coordinates":[112.18643064,-7.09302222]}},{"type":"Feature","properties":{"Line":"S115","Sp":"1520.5","X":"631075.5","Y":"9215800.3","NAMOBJ":"Bedahan","WADMKC":"Babat","WADMKK":"Lamongan"},"geometry":{"type":"Point","coordinates":[112.18688332,-7.09302107]}},{"type":"Feature","properties":{"Line":"S106","Sp":"1956.5","X":"632300.5","Y":"9215275.3","NAMOBJ":"Kebalanpelang","WADMKC":"Babat","WADMKK":"Lamongan"},"geometry":{"type":"Point","coordinates":[112.19798628,-7.09774066]}},{"type":"Feature","properties":{"Line":"S106","Sp":"1960.5","X":"632300.5","Y":"9215225.3","NAMOBJ":"Kebalanpelang","WADMKC":"Babat","WADMKK":"Lamongan"},"geometry":{"type":"Point","coordinates":[112.19798745,-7.09819286]}},{"type":"Feature","properties":{"Line":"S106","Sp":"1964.5","X":"632300.5","Y":"9215175.3","NAMOBJ":"Kebalanpelang","WADMKC":"Babat","WADMKK":"Lamongan"},"geometry":{"type":"Point","coordinates":[112.19798862,-7.09864505]}},{"type":"Feature","properties":{"Line":"S106","Sp":"1968.5","X":"632300.5","Y":"9215125.3","NAMOBJ":"Kebalanpelang","WADMKC":"Babat","WADMKK":"Lamongan"},"geometry":{"type":"Point","coordinates":[112.19798979,-7.09909725]}},{"type":"Feature","properties":{"Line":"S106","Sp":"1972.5","X":"632300.5","Y":"9215075.3","NAMOBJ":"Kebalanpelang","WADMKC":"Babat","WADMKK":"Lamongan"},"geometry":{"type":"Point","coordinates":[112.19799096,-7.09954945]}},{"type":"Feature","properties":{"Line":"S115","Sp":"1624.5","X":"632375.5","Y":"9215800.3","NAMOBJ":"Kebalanpelang","WADMKC":"Babat","WADMKK":"Lamongan"},"geometry":{"type":"Point","coordinates":[112.19865302,-7.09299084]}},{"type":"Feature","properties":{"Line":"S115","Sp":"1628.5","X":"632425.5","Y":"9215800.3","NAMOBJ":"Kebalanpelang","WADMKC":"Babat","WADMKK":"Lamongan"},"geometry":{"type":"Point","coordinates":[112.1991057,-7.09298967]}},{"type":"Feature","properties":{"Line":"S115","Sp":"1632.5","X":"632475.5","Y":"9215800.3","NAMOBJ":"Kebalanpelang","WADMKC":"Babat","WADMKK":"Lamongan"},"geometry":{"type":"Point","coordinates":[112.19955838,-7.0929885]}},{"type":"Feature","properties":{"Line":"S104","Sp":"1864.5","X":"631300.5","Y":"9216225.3","NAMOBJ":"Plaosan","WADMKC":"Babat","WADMKK":"Lamongan"},"geometry":{"type":"Point","coordinates":[112.18891053,-7.08917217]}},{"type":"Feature","properties":{"Line":"S104","Sp":"1868.5","X":"631300.5","Y":"9216175.3","NAMOBJ":"Plaosan","WADMKC":"Babat","WADMKK":"Lamongan"},"geometry":{"type":"Point","coordinates":[112.18891169,-7.08962437]}},{"type":"Feature","properties":{"Line":"S104","Sp":"1872.5","X":"631300.5","Y":"9216125.3","NAMOBJ":"Plaosan","WADMKC":"Babat","WADMKK":"Lamongan"},"geometry":{"type":"Point","coordinates":[112.18891285,-7.09007657]}},{"type":"Feature","properties":{"Line":"S104","Sp":"1876.5","X":"631300.5","Y":"9216075.3","NAMOBJ":"Plaosan","WADMKC":"Babat","WADMKK":"Lamongan"},"geometry":{"type":"Point","coordinates":[112.18891401,-7.09052877]}},{"type":"Feature","properties":{"Line":"S104","Sp":"1880.5","X":"631300.5","Y":"9216025.3","NAMOBJ":"Plaosan","WADMKC":"Babat","WADMKK":"Lamongan"},"geometry":{"type":"Point","coordinates":[112.18891517,-7.09098097]}},{"type":"Feature","properties":{"Line":"S104","Sp":"1884.5","X":"631300.5","Y":"9215975.3","NAMOBJ":"Plaosan","WADMKC":"Babat","WADMKK":"Lamongan"},"geometry":{"type":"Point","coordinates":[112.18891633,-7.09143316]}},{"type":"Feature","properties":{"Line":"S104","Sp":"1888.5","X":"631300.5","Y":"9215925.3","NAMOBJ":"Plaosan","WADMKC":"Babat","WADMKK":"Lamongan"},"geometry":{"type":"Point","coordinates":[112.18891749,-7.09188536]}},{"type":"Feature","properties":{"Line":"S104","Sp":"1892.5","X":"631300.5","Y":"9215875.3","NAMOBJ":"Plaosan","WADMKC":"Babat","WADMKK":"Lamongan"},"geometry":{"type":"Point","coordinates":[112.18891865,-7.09233756]}},{"type":"Feature","properties":{"Line":"S104","Sp":"1896.5","X":"631300.5","Y":"9215825.3","NAMOBJ":"Plaosan","WADMKC":"Babat","WADMKK":"Lamongan"},"geometry":{"type":"Point","coordinates":[112.18891981,-7.09278976]}},{"type":"Feature","properties":{"Line":"S104","Sp":"1900.5","X":"631300.5","Y":"9215775.3","NAMOBJ":"Plaosan","WADMKC":"Babat","WADMKK":"Lamongan"},"geometry":{"type":"Point","coordinates":[112.18892097,-7.09324196]}},{"type":"Feature","properties":{"Line":"S104","Sp":"1904.5","X":"631300.5","Y":"9215725.3","NAMOBJ":"Plaosan","WADMKC":"Babat","WADMKK":"Lamongan"},"geometry":{"type":"Point","coordinates":[112.18892213,-7.09369416]}},{"type":"Feature","properties":{"Line":"S104","Sp":"1908.5","X":"631300.5","Y":"9215675.3","NAMOBJ":"Plaosan","WADMKC":"Babat","WADMKK":"Lamongan"},"geometry":{"type":"Point","coordinates":[112.18892329,-7.09414635]}},{"type":"Feature","properties":{"Line":"S104","Sp":"1912.5","X":"631300.5","Y":"9215625.3","NAMOBJ":"Plaosan","WADMKC":"Babat","WADMKK":"Lamongan"},"geometry":{"type":"Point","coordinates":[112.18892445,-7.09459855]}},{"type":"Feature","properties":{"Line":"S104","Sp":"1916.5","X":"631300.5","Y":"9215575.3","NAMOBJ":"Plaosan","WADMKC":"Babat","WADMKK":"Lamongan"},"geometry":{"type":"Point","coordinates":[112.18892561,-7.09505075]}},{"type":"Feature","properties":{"Line":"S104","Sp":"1920.5","X":"631300.5","Y":"9215525.3","NAMOBJ":"Plaosan","WADMKC":"Babat","WADMKK":"Lamongan"},"geometry":{"type":"Point","coordinates":[112.18892677,-7.09550295]}},{"type":"Feature","properties":{"Line":"S104","Sp":"1924.5","X":"631300.5","Y":"9215475.3","NAMOBJ":"Plaosan","WADMKC":"Babat","WADMKK":"Lamongan"},"geometry":{"type":"Point","coordinates":[112.18892793,-7.09595515]}},{"type":"Feature","properties":{"Line":"S104","Sp":"1928.5","X":"631300.5","Y":"9215425.3","NAMOBJ":"Plaosan","WADMKC":"Babat","WADMKK":"Lamongan"},"geometry":{"type":"Point","coordinates":[112.18892909,-7.09640735]}},{"type":"Feature","properties":{"Line":"S104","Sp":"1932.5","X":"631300.5","Y":"9215375.3","NAMOBJ":"Plaosan","WADMKC":"Babat","WADMKK":"Lamongan"},"geometry":{"type":"Point","coordinates":[112.18893025,-7.09685954]}},{"type":"Feature","properties":{"Line":"S104","Sp":"1936.5","X":"631300.5","Y":"9215325.3","NAMOBJ":"Plaosan","WADMKC":"Babat","WADMKK":"Lamongan"},"geometry":{"type":"Point","coordinates":[112.18893141,-7.09731174]}},{"type":"Feature","properties":{"Line":"S104","Sp":"1940.5","X":"631300.5","Y":"9215275.3","NAMOBJ":"Plaosan","WADMKC":"Babat","WADMKK":"Lamongan"},"geometry":{"type":"Point","coordinates":[112.18893257,-7.09776394]}},{"type":"Feature","properties":{"Line":"S104","Sp":"1944.5","X":"631300.5","Y":"9215225.3","NAMOBJ":"Plaosan","WADMKC":"Babat","WADMKK":"Lamongan"},"geometry":{"type":"Point","coordinates":[112.18893373,-7.09821614]}},{"type":"Feature","properties":{"Line":"S104","Sp":"1948.5","X":"631300.5","Y":"9215175.3","NAMOBJ":"Plaosan","WADMKC":"Babat","WADMKK":"Lamongan"},"geometry":{"type":"Point","coordinates":[112.18893489,-7.09866834]}},{"type":"Feature","properties":{"Line":"S104","Sp":"1952.5","X":"631300.5","Y":"9215125.3","NAMOBJ":"Plaosan","WADMKC":"Babat","WADMKK":"Lamongan"},"geometry":{"type":"Point","coordinates":[112.18893605,-7.09912054]}},{"type":"Feature","properties":{"Line":"S104","Sp":"1956.5","X":"631300.5","Y":"9215075.3","NAMOBJ":"Plaosan","WADMKC":"Babat","WADMKK":"Lamongan"},"geometry":{"type":"Point","coordinates":[112.18893721,-7.09957273]}},{"type":"Feature","properties":{"Line":"S106","Sp":"1888.5","X":"632300.5","Y":"9216125.3","NAMOBJ":"Plaosan","WADMKC":"Babat","WADMKK":"Lamongan"},"geometry":{"type":"Point","coordinates":[112.1979664,-7.09005331]}},{"type":"Feature","properties":{"Line":"S106","Sp":"1892.5","X":"632300.5","Y":"9216075.3","NAMOBJ":"Plaosan","WADMKC":"Babat","WADMKK":"Lamongan"},"geometry":{"type":"Point","coordinates":[112.19796757,-7.09050551]}},{"type":"Feature","properties":{"Line":"S106","Sp":"1896.5","X":"632300.5","Y":"9216025.3","NAMOBJ":"Plaosan","WADMKC":"Babat","WADMKK":"Lamongan"},"geometry":{"type":"Point","coordinates":[112.19796874,-7.09095771]}},{"type":"Feature","properties":{"Line":"S106","Sp":"1900.5","X":"632300.5","Y":"9215975.3","NAMOBJ":"Plaosan","WADMKC":"Babat","WADMKK":"Lamongan"},"geometry":{"type":"Point","coordinates":[112.19796991,-7.0914099]}},{"type":"Feature","properties":{"Line":"S106","Sp":"1904.5","X":"632300.5","Y":"9215925.3","NAMOBJ":"Plaosan","WADMKC":"Babat","WADMKK":"Lamongan"},"geometry":{"type":"Point","coordinates":[112.19797108,-7.0918621]}},{"type":"Feature","properties":{"Line":"S106","Sp":"1908.5","X":"632300.5","Y":"9215875.3","NAMOBJ":"Plaosan","WADMKC":"Babat","WADMKK":"Lamongan"},"geometry":{"type":"Point","coordinates":[112.19797225,-7.0923143]}},{"type":"Feature","properties":{"Line":"S106","Sp":"1912.5","X":"632300.5","Y":"9215825.3","NAMOBJ":"Plaosan","WADMKC":"Babat","WADMKK":"Lamongan"},"geometry":{"type":"Point","coordinates":[112.19797341,-7.09276649]}},{"type":"Feature","properties":{"Line":"S106","Sp":"1916.5","X":"632300.5","Y":"9215775.3","NAMOBJ":"Plaosan","WADMKC":"Babat","WADMKK":"Lamongan"},"geometry":{"type":"Point","coordinates":[112.19797458,-7.09321869]}},{"type":"Feature","properties":{"Line":"S106","Sp":"1920.5","X":"632300.5","Y":"9215725.3","NAMOBJ":"Plaosan","WADMKC":"Babat","WADMKK":"Lamongan"},"geometry":{"type":"Point","coordinates":[112.19797575,-7.09367089]}},{"type":"Feature","properties":{"Line":"S106","Sp":"1924.5","X":"632300.5","Y":"9215675.3","NAMOBJ":"Plaosan","WADMKC":"Babat","WADMKK":"Lamongan"},"geometry":{"type":"Point","coordinates":[112.19797692,-7.09412309]}},{"type":"Feature","properties":{"Line":"S106","Sp":"1928.5","X":"632300.5","Y":"9215625.3","NAMOBJ":"Plaosan","WADMKC":"Babat","WADMKK":"Lamongan"},"geometry":{"type":"Point","coordinates":[112.19797809,-7.09457528]}},{"type":"Feature","properties":{"Line":"S106","Sp":"1932.5","X":"632300.5","Y":"9215575.3","NAMOBJ":"Plaosan","WADMKC":"Babat","WADMKK":"Lamongan"},"geometry":{"type":"Point","coordinates":[112.19797926,-7.09502748]}},{"type":"Feature","properties":{"Line":"S106","Sp":"1936.5","X":"632300.5","Y":"9215525.3","NAMOBJ":"Plaosan","WADMKC":"Babat","WADMKK":"Lamongan"},"geometry":{"type":"Point","coordinates":[112.19798043,-7.09547968]}},{"type":"Feature","properties":{"Line":"S106","Sp":"1940.5","X":"632300.5","Y":"9215475.3","NAMOBJ":"Plaosan","WADMKC":"Babat","WADMKK":"Lamongan"},"geometry":{"type":"Point","coordinates":[112.1979816,-7.09593187]}},{"type":"Feature","properties":{"Line":"S106","Sp":"1944.5","X":"632300.5","Y":"9215425.3","NAMOBJ":"Plaosan","WADMKC":"Babat","WADMKK":"Lamongan"},"geometry":{"type":"Point","coordinates":[112.19798277,-7.09638407]}},{"type":"Feature","properties":{"Line":"S106","Sp":"1948.5","X":"632300.5","Y":"9215375.3","NAMOBJ":"Plaosan","WADMKC":"Babat","WADMKK":"Lamongan"},"geometry":{"type":"Point","coordinates":[112.19798394,-7.09683627]}},{"type":"Feature","properties":{"Line":"S106","Sp":"1952.5","X":"632300.5","Y":"9215325.3","NAMOBJ":"Plaosan","WADMKC":"Babat","WADMKK":"Lamongan"},"geometry":{"type":"Point","coordinates":[112.19798511,-7.09728846]}},{"type":"Feature","properties":{"Line":"S115","Sp":"1524.5","X":"631125.5","Y":"9215800.3","NAMOBJ":"Plaosan","WADMKC":"Babat","WADMKK":"Lamongan"},"geometry":{"type":"Point","coordinates":[112.187336,-7.09301991]}},{"type":"Feature","properties":{"Line":"S115","Sp":"1528.5","X":"631175.5","Y":"9215800.3","NAMOBJ":"Plaosan","WADMKC":"Babat","WADMKK":"Lamongan"},"geometry":{"type":"Point","coordinates":[112.18778868,-7.09301875]}},{"type":"Feature","properties":{"Line":"S115","Sp":"1532.5","X":"631225.5","Y":"9215800.3","NAMOBJ":"Plaosan","WADMKC":"Babat","WADMKK":"Lamongan"},"geometry":{"type":"Point","coordinates":[112.18824136,-7.0930176]}},{"type":"Feature","properties":{"Line":"S115","Sp":"1536.5","X":"631275.5","Y":"9215800.3","NAMOBJ":"Plaosan","WADMKC":"Babat","WADMKK":"Lamongan"},"geometry":{"type":"Point","coordinates":[112.18869404,-7.09301644]}},{"type":"Feature","properties":{"Line":"S115","Sp":"1540.5","X":"631325.5","Y":"9215800.3","NAMOBJ":"Plaosan","WADMKC":"Babat","WADMKK":"Lamongan"},"geometry":{"type":"Point","coordinates":[112.18914673,-7.09301528]}},{"type":"Feature","properties":{"Line":"S115","Sp":"1544.5","X":"631375.5","Y":"9215800.3","NAMOBJ":"Plaosan","WADMKC":"Babat","WADMKK":"Lamongan"},"geometry":{"type":"Point","coordinates":[112.18959941,-7.09301412]}},{"type":"Feature","properties":{"Line":"S115","Sp":"1548.5","X":"631425.5","Y":"9215800.3","NAMOBJ":"Plaosan","WADMKC":"Babat","WADMKK":"Lamongan"},"geometry":{"type":"Point","coordinates":[112.19005209,-7.09301296]}},{"type":"Feature","properties":{"Line":"S115","Sp":"1552.5","X":"631475.5","Y":"9215800.3","NAMOBJ":"Plaosan","WADMKC":"Babat","WADMKK":"Lamongan"},"geometry":{"type":"Point","coordinates":[112.19050477,-7.0930118]}},{"type":"Feature","properties":{"Line":"S115","Sp":"1556.5","X":"631525.5","Y":"9215800.3","NAMOBJ":"Plaosan","WADMKC":"Babat","WADMKK":"Lamongan"},"geometry":{"type":"Point","coordinates":[112.19095745,-7.09301064]}},{"type":"Feature","properties":{"Line":"S115","Sp":"1560.5","X":"631575.5","Y":"9215800.3","NAMOBJ":"Plaosan","WADMKC":"Babat","WADMKK":"Lamongan"},"geometry":{"type":"Point","coordinates":[112.19141013,-7.09300948]}},{"type":"Feature","properties":{"Line":"S115","Sp":"1564.5","X":"631625.5","Y":"9215800.3","NAMOBJ":"Plaosan","WADMKC":"Babat","WADMKK":"Lamongan"},"geometry":{"type":"Point","coordinates":[112.19186281,-7.09300832]}},{"type":"Feature","properties":{"Line":"S115","Sp":"1568.5","X":"631675.5","Y":"9215800.3","NAMOBJ":"Plaosan","WADMKC":"Babat","WADMKK":"Lamongan"},"geometry":{"type":"Point","coordinates":[112.19231549,-7.09300715]}},{"type":"Feature","properties":{"Line":"S115","Sp":"1572.5","X":"631725.5","Y":"9215800.3","NAMOBJ":"Plaosan","WADMKC":"Babat","WADMKK":"Lamongan"},"geometry":{"type":"Point","coordinates":[112.19276817,-7.09300599]}},{"type":"Feature","properties":{"Line":"S115","Sp":"1576.5","X":"631775.5","Y":"9215800.3","NAMOBJ":"Plaosan","WADMKC":"Babat","WADMKK":"Lamongan"},"geometry":{"type":"Point","coordinates":[112.19322086,-7.09300483]}},{"type":"Feature","properties":{"Line":"S115","Sp":"1580.5","X":"631825.5","Y":"9215800.3","NAMOBJ":"Plaosan","WADMKC":"Babat","WADMKK":"Lamongan"},"geometry":{"type":"Point","coordinates":[112.19367354,-7.09300367]}},{"type":"Feature","properties":{"Line":"S115","Sp":"1584.5","X":"631875.5","Y":"9215800.3","NAMOBJ":"Plaosan","WADMKC":"Babat","WADMKK":"Lamongan"},"geometry":{"type":"Point","coordinates":[112.19412622,-7.0930025]}},{"type":"Feature","properties":{"Line":"S115","Sp":"1588.5","X":"631925.5","Y":"9215800.3","NAMOBJ":"Plaosan","WADMKC":"Babat","WADMKK":"Lamongan"},"geometry":{"type":"Point","coordinates":[112.1945789,-7.09300134]}},{"type":"Feature","properties":{"Line":"S115","Sp":"1592.5","X":"631975.5","Y":"9215800.3","NAMOBJ":"Plaosan","WADMKC":"Babat","WADMKK":"Lamongan"},"geometry":{"type":"Point","coordinates":[112.19503158,-7.09300017]}},{"type":"Feature","properties":{"Line":"S115","Sp":"1596.5","X":"632025.5","Y":"9215800.3","NAMOBJ":"Plaosan","WADMKC":"Babat","WADMKK":"Lamongan"},"geometry":{"type":"Point","coordinates":[112.19548426,-7.09299901]}},{"type":"Feature","properties":{"Line":"S115","Sp":"1600.5","X":"632075.5","Y":"9215800.3","NAMOBJ":"Plaosan","WADMKC":"Babat","WADMKK":"Lamongan"},"geometry":{"type":"Point","coordinates":[112.19593694,-7.09299784]}},{"type":"Feature","properties":{"Line":"S115","Sp":"1604.5","X":"632125.5","Y":"9215800.3","NAMOBJ":"Plaosan","WADMKC":"Babat","WADMKK":"Lamongan"},"geometry":{"type":"Point","coordinates":[112.19638962,-7.09299668]}},{"type":"Feature","properties":{"Line":"S115","Sp":"1608.5","X":"632175.5","Y":"9215800.3","NAMOBJ":"Plaosan","WADMKC":"Babat","WADMKK":"Lamongan"},"geometry":{"type":"Point","coordinates":[112.1968423,-7.09299551]}},{"type":"Feature","properties":{"Line":"S115","Sp":"1612.5","X":"632225.5","Y":"9215800.3","NAMOBJ":"Plaosan","WADMKC":"Babat","WADMKK":"Lamongan"},"geometry":{"type":"Point","coordinates":[112.19729498,-7.09299434]}},{"type":"Feature","properties":{"Line":"S115","Sp":"1616.5","X":"632275.5","Y":"9215800.3","NAMOBJ":"Plaosan","WADMKC":"Babat","WADMKK":"Lamongan"},"geometry":{"type":"Point","coordinates":[112.19774766,-7.09299318]}},{"type":"Feature","properties":{"Line":"S115","Sp":"1620.5","X":"632325.5","Y":"9215800.3","NAMOBJ":"Plaosan","WADMKC":"Babat","WADMKK":"Lamongan"},"geometry":{"type":"Point","coordinates":[112.19820034,-7.09299201]}},{"type":"Feature","properties":{"Line":"S106","Sp":"1784.5","X":"632300.5","Y":"9217425.3","NAMOBJ":"Trepan","WADMKC":"Babat","WADMKK":"Lamongan"},"geometry":{"type":"Point","coordinates":[112.19793605,-7.07829619]}},{"type":"Feature","properties":{"Line":"S106","Sp":"1788.5","X":"632300.5","Y":"9217375.3","NAMOBJ":"Trepan","WADMKC":"Babat","WADMKK":"Lamongan"},"geometry":{"type":"Point","coordinates":[112.19793722,-7.07874839]}},{"type":"Feature","properties":{"Line":"S106","Sp":"1792.5","X":"632300.5","Y":"9217325.3","NAMOBJ":"Trepan","WADMKC":"Babat","WADMKK":"Lamongan"},"geometry":{"type":"Point","coordinates":[112.19793838,-7.07920058]}},{"type":"Feature","properties":{"Line":"S106","Sp":"1796.5","X":"632300.5","Y":"9217275.3","NAMOBJ":"Trepan","WADMKC":"Babat","WADMKK":"Lamongan"},"geometry":{"type":"Point","coordinates":[112.19793955,-7.07965278]}},{"type":"Feature","properties":{"Line":"S106","Sp":"1800.5","X":"632300.5","Y":"9217225.3","NAMOBJ":"Trepan","WADMKC":"Babat","WADMKK":"Lamongan"},"geometry":{"type":"Point","coordinates":[112.19794072,-7.08010498]}},{"type":"Feature","properties":{"Line":"S106","Sp":"1804.5","X":"632300.5","Y":"9217175.3","NAMOBJ":"Trepan","WADMKC":"Babat","WADMKK":"Lamongan"},"geometry":{"type":"Point","coordinates":[112.19794188,-7.08055717]}},{"type":"Feature","properties":{"Line":"S106","Sp":"1808.5","X":"632300.5","Y":"9217125.3","NAMOBJ":"Trepan","WADMKC":"Babat","WADMKK":"Lamongan"},"geometry":{"type":"Point","coordinates":[112.19794305,-7.08100937]}},{"type":"Feature","properties":{"Line":"S106","Sp":"1812.5","X":"632300.5","Y":"9217075.3","NAMOBJ":"Trepan","WADMKC":"Babat","WADMKK":"Lamongan"},"geometry":{"type":"Point","coordinates":[112.19794422,-7.08146157]}},{"type":"Feature","properties":{"Line":"S106","Sp":"1816.5","X":"632300.5","Y":"9217025.3","NAMOBJ":"Trepan","WADMKC":"Babat","WADMKK":"Lamongan"},"geometry":{"type":"Point","coordinates":[112.19794538,-7.08191377]}},{"type":"Feature","properties":{"Line":"S106","Sp":"1820.5","X":"632300.5","Y":"9216975.3","NAMOBJ":"Trepan","WADMKC":"Babat","WADMKK":"Lamongan"},"geometry":{"type":"Point","coordinates":[112.19794655,-7.08236596]}},{"type":"Feature","properties":{"Line":"S106","Sp":"1824.5","X":"632300.5","Y":"9216925.3","NAMOBJ":"Trepan","WADMKC":"Babat","WADMKK":"Lamongan"},"geometry":{"type":"Point","coordinates":[112.19794772,-7.08281816]}},{"type":"Feature","properties":{"Line":"S106","Sp":"1828.5","X":"632300.5","Y":"9216875.3","NAMOBJ":"Trepan","WADMKC":"Babat","WADMKK":"Lamongan"},"geometry":{"type":"Point","coordinates":[112.19794889,-7.08327036]}},{"type":"Feature","properties":{"Line":"S106","Sp":"1832.5","X":"632300.5","Y":"9216825.3","NAMOBJ":"Trepan","WADMKC":"Babat","WADMKK":"Lamongan"},"geometry":{"type":"Point","coordinates":[112.19795005,-7.08372255]}},{"type":"Feature","properties":{"Line":"S106","Sp":"1836.5","X":"632300.5","Y":"9216775.3","NAMOBJ":"Trepan","WADMKC":"Babat","WADMKK":"Lamongan"},"geometry":{"type":"Point","coordinates":[112.19795122,-7.08417475]}},{"type":"Feature","properties":{"Line":"S106","Sp":"1840.5","X":"632300.5","Y":"9216725.3","NAMOBJ":"Trepan","WADMKC":"Babat","WADMKK":"Lamongan"},"geometry":{"type":"Point","coordinates":[112.19795239,-7.08462695]}},{"type":"Feature","properties":{"Line":"S106","Sp":"1844.5","X":"632300.5","Y":"9216675.3","NAMOBJ":"Trepan","WADMKC":"Babat","WADMKK":"Lamongan"},"geometry":{"type":"Point","coordinates":[112.19795356,-7.08507915]}},{"type":"Feature","properties":{"Line":"S106","Sp":"1848.5","X":"632300.5","Y":"9216625.3","NAMOBJ":"Trepan","WADMKC":"Babat","WADMKK":"Lamongan"},"geometry":{"type":"Point","coordinates":[112.19795472,-7.08553134]}},{"type":"Feature","properties":{"Line":"S106","Sp":"1852.5","X":"632300.5","Y":"9216575.3","NAMOBJ":"Trepan","WADMKC":"Babat","WADMKK":"Lamongan"},"geometry":{"type":"Point","coordinates":[112.19795589,-7.08598354]}},{"type":"Feature","properties":{"Line":"S106","Sp":"1856.5","X":"632300.5","Y":"9216525.3","NAMOBJ":"Trepan","WADMKC":"Babat","WADMKK":"Lamongan"},"geometry":{"type":"Point","coordinates":[112.19795706,-7.08643574]}},{"type":"Feature","properties":{"Line":"S106","Sp":"1860.5","X":"632300.5","Y":"9216475.3","NAMOBJ":"Trepan","WADMKC":"Babat","WADMKK":"Lamongan"},"geometry":{"type":"Point","coordinates":[112.19795823,-7.08688793]}},{"type":"Feature","properties":{"Line":"S106","Sp":"1864.5","X":"632300.5","Y":"9216425.3","NAMOBJ":"Trepan","WADMKC":"Babat","WADMKK":"Lamongan"},"geometry":{"type":"Point","coordinates":[112.19795939,-7.08734013]}},{"type":"Feature","properties":{"Line":"S106","Sp":"1868.5","X":"632300.5","Y":"9216375.3","NAMOBJ":"Trepan","WADMKC":"Babat","WADMKK":"Lamongan"},"geometry":{"type":"Point","coordinates":[112.19796056,-7.08779233]}},{"type":"Feature","properties":{"Line":"S106","Sp":"1872.5","X":"632300.5","Y":"9216325.3","NAMOBJ":"Trepan","WADMKC":"Babat","WADMKK":"Lamongan"},"geometry":{"type":"Point","coordinates":[112.19796173,-7.08824452]}},{"type":"Feature","properties":{"Line":"S106","Sp":"1876.5","X":"632300.5","Y":"9216275.3","NAMOBJ":"Trepan","WADMKC":"Babat","WADMKK":"Lamongan"},"geometry":{"type":"Point","coordinates":[112.1979629,-7.08869672]}},{"type":"Feature","properties":{"Line":"S106","Sp":"1880.5","X":"632300.5","Y":"9216225.3","NAMOBJ":"Trepan","WADMKC":"Babat","WADMKK":"Lamongan"},"geometry":{"type":"Point","coordinates":[112.19796407,-7.08914892]}},{"type":"Feature","properties":{"Line":"S106","Sp":"1884.5","X":"632300.5","Y":"9216175.3","NAMOBJ":"Trepan","WADMKC":"Babat","WADMKK":"Lamongan"},"geometry":{"type":"Point","coordinates":[112.19796523,-7.08960112]}},{"type":"Feature","properties":{"Line":"S117","Sp":"1604.5","X":"631575.5","Y":"9216800.3","NAMOBJ":"Trepan","WADMKC":"Babat","WADMKK":"Lamongan"},"geometry":{"type":"Point","coordinates":[112.1913869,-7.08396552]}},{"type":"Feature","properties":{"Line":"S117","Sp":"1608.5","X":"631625.5","Y":"9216800.3","NAMOBJ":"Trepan","WADMKC":"Babat","WADMKK":"Lamongan"},"geometry":{"type":"Point","coordinates":[112.19183957,-7.08396436]}},{"type":"Feature","properties":{"Line":"S117","Sp":"1612.5","X":"631675.5","Y":"9216800.3","NAMOBJ":"Trepan","WADMKC":"Babat","WADMKK":"Lamongan"},"geometry":{"type":"Point","coordinates":[112.19229224,-7.0839632]}},{"type":"Feature","properties":{"Line":"S117","Sp":"1616.5","X":"631725.5","Y":"9216800.3","NAMOBJ":"Trepan","WADMKC":"Babat","WADMKK":"Lamongan"},"geometry":{"type":"Point","coordinates":[112.19274491,-7.08396203]}},{"type":"Feature","properties":{"Line":"S117","Sp":"1620.5","X":"631775.5","Y":"9216800.3","NAMOBJ":"Trepan","WADMKC":"Babat","WADMKK":"Lamongan"},"geometry":{"type":"Point","coordinates":[112.19319759,-7.08396087]}},{"type":"Feature","properties":{"Line":"S117","Sp":"1624.5","X":"631825.5","Y":"9216800.3","NAMOBJ":"Trepan","WADMKC":"Babat","WADMKK":"Lamongan"},"geometry":{"type":"Point","coordinates":[112.19365026,-7.08395971]}},{"type":"Feature","properties":{"Line":"S117","Sp":"1628.5","X":"631875.5","Y":"9216800.3","NAMOBJ":"Trepan","WADMKC":"Babat","WADMKK":"Lamongan"},"geometry":{"type":"Point","coordinates":[112.19410293,-7.08395855]}},{"type":"Feature","properties":{"Line":"S117","Sp":"1632.5","X":"631925.5","Y":"9216800.3","NAMOBJ":"Trepan","WADMKC":"Babat","WADMKK":"Lamongan"},"geometry":{"type":"Point","coordinates":[112.1945556,-7.08395739]}},{"type":"Feature","properties":{"Line":"S117","Sp":"1636.5","X":"631975.5","Y":"9216800.3","NAMOBJ":"Trepan","WADMKC":"Babat","WADMKK":"Lamongan"},"geometry":{"type":"Point","coordinates":[112.19500827,-7.08395622]}},{"type":"Feature","properties":{"Line":"S117","Sp":"1640.5","X":"632025.5","Y":"9216800.3","NAMOBJ":"Trepan","WADMKC":"Babat","WADMKK":"Lamongan"},"geometry":{"type":"Point","coordinates":[112.19546094,-7.08395506]}},{"type":"Feature","properties":{"Line":"S117","Sp":"1644.5","X":"632075.5","Y":"9216800.3","NAMOBJ":"Trepan","WADMKC":"Babat","WADMKK":"Lamongan"},"geometry":{"type":"Point","coordinates":[112.19591362,-7.0839539]}},{"type":"Feature","properties":{"Line":"S117","Sp":"1648.5","X":"632125.5","Y":"9216800.3","NAMOBJ":"Trepan","WADMKC":"Babat","WADMKK":"Lamongan"},"geometry":{"type":"Point","coordinates":[112.19636629,-7.08395273]}},{"type":"Feature","properties":{"Line":"S117","Sp":"1652.5","X":"632175.5","Y":"9216800.3","NAMOBJ":"Trepan","WADMKC":"Babat","WADMKK":"Lamongan"},"geometry":{"type":"Point","coordinates":[112.19681896,-7.08395157]}},{"type":"Feature","properties":{"Line":"S117","Sp":"1656.5","X":"632225.5","Y":"9216800.3","NAMOBJ":"Trepan","WADMKC":"Babat","WADMKK":"Lamongan"},"geometry":{"type":"Point","coordinates":[112.19727163,-7.0839504]}},{"type":"Feature","properties":{"Line":"S117","Sp":"1660.5","X":"632275.5","Y":"9216800.3","NAMOBJ":"Trepan","WADMKC":"Babat","WADMKK":"Lamongan"},"geometry":{"type":"Point","coordinates":[112.1977243,-7.08394924]}},{"type":"Feature","properties":{"Line":"S117","Sp":"1664.5","X":"632325.5","Y":"9216800.3","NAMOBJ":"Trepan","WADMKC":"Babat","WADMKK":"Lamongan"},"geometry":{"type":"Point","coordinates":[112.19817697,-7.08394807]}},{"type":"Feature","properties":{"Line":"S117","Sp":"1668.5","X":"632375.5","Y":"9216800.3","NAMOBJ":"Trepan","WADMKC":"Babat","WADMKK":"Lamongan"},"geometry":{"type":"Point","coordinates":[112.19862964,-7.0839469]}},{"type":"Feature","properties":{"Line":"S117","Sp":"1672.5","X":"632425.5","Y":"9216800.3","NAMOBJ":"Trepan","WADMKC":"Babat","WADMKK":"Lamongan"},"geometry":{"type":"Point","coordinates":[112.19908231,-7.08394574]}},{"type":"Feature","properties":{"Line":"S117","Sp":"1676.5","X":"632475.5","Y":"9216800.3","NAMOBJ":"Trepan","WADMKC":"Babat","WADMKK":"Lamongan"},"geometry":{"type":"Point","coordinates":[112.19953498,-7.08394457]}},{"type":"Feature","properties":{"Line":"S117","Sp":"1680.5","X":"632525.5","Y":"9216800.3","NAMOBJ":"Trepan","WADMKC":"Babat","WADMKK":"Lamongan"},"geometry":{"type":"Point","coordinates":[112.19998766,-7.0839434]}},{"type":"Feature","properties":{"Line":"S102","Sp":"1656.5","X":"630300.5","Y":"9217775.3","NAMOBJ":"Truni","WADMKC":"Babat","WADMKK":"Lamongan"},"geometry":{"type":"Point","coordinates":[112.17982133,-7.07517704]}},{"type":"Feature","properties":{"Line":"S102","Sp":"1660.5","X":"630300.5","Y":"9217725.3","NAMOBJ":"Truni","WADMKC":"Babat","WADMKK":"Lamongan"},"geometry":{"type":"Point","coordinates":[112.17982247,-7.07562924]}},{"type":"Feature","properties":{"Line":"S102","Sp":"1664.5","X":"630300.5","Y":"9217675.3","NAMOBJ":"Truni","WADMKC":"Babat","WADMKK":"Lamongan"},"geometry":{"type":"Point","coordinates":[112.17982362,-7.07608144]}},{"type":"Feature","properties":{"Line":"S102","Sp":"1668.5","X":"630300.5","Y":"9217625.3","NAMOBJ":"Truni","WADMKC":"Babat","WADMKK":"Lamongan"},"geometry":{"type":"Point","coordinates":[112.17982477,-7.07653364]}},{"type":"Feature","properties":{"Line":"S102","Sp":"1672.5","X":"630300.5","Y":"9217575.3","NAMOBJ":"Truni","WADMKC":"Babat","WADMKK":"Lamongan"},"geometry":{"type":"Point","coordinates":[112.17982592,-7.07698584]}},{"type":"Feature","properties":{"Line":"S102","Sp":"1676.5","X":"630300.5","Y":"9217525.3","NAMOBJ":"Truni","WADMKC":"Babat","WADMKK":"Lamongan"},"geometry":{"type":"Point","coordinates":[112.17982707,-7.07743804]}},{"type":"Feature","properties":{"Line":"S102","Sp":"1680.5","X":"630300.5","Y":"9217475.3","NAMOBJ":"Truni","WADMKC":"Babat","WADMKK":"Lamongan"},"geometry":{"type":"Point","coordinates":[112.17982822,-7.07789024]}},{"type":"Feature","properties":{"Line":"S102","Sp":"1684.5","X":"630300.5","Y":"9217425.3","NAMOBJ":"Truni","WADMKC":"Babat","WADMKK":"Lamongan"},"geometry":{"type":"Point","coordinates":[112.17982937,-7.07834244]}},{"type":"Feature","properties":{"Line":"S102","Sp":"1688.5","X":"630300.5","Y":"9217375.3","NAMOBJ":"Truni","WADMKC":"Babat","WADMKK":"Lamongan"},"geometry":{"type":"Point","coordinates":[112.17983051,-7.07879465]}},{"type":"Feature","properties":{"Line":"S102","Sp":"1692.5","X":"630300.5","Y":"9217325.3","NAMOBJ":"Truni","WADMKC":"Babat","WADMKK":"Lamongan"},"geometry":{"type":"Point","coordinates":[112.17983166,-7.07924685]}},{"type":"Feature","properties":{"Line":"S102","Sp":"1696.5","X":"630300.5","Y":"9217275.3","NAMOBJ":"Truni","WADMKC":"Babat","WADMKK":"Lamongan"},"geometry":{"type":"Point","coordinates":[112.17983281,-7.07969905]}},{"type":"Feature","properties":{"Line":"S102","Sp":"1700.5","X":"630300.5","Y":"9217225.3","NAMOBJ":"Truni","WADMKC":"Babat","WADMKK":"Lamongan"},"geometry":{"type":"Point","coordinates":[112.17983396,-7.08015125]}},{"type":"Feature","properties":{"Line":"S102","Sp":"1704.5","X":"630300.5","Y":"9217175.3","NAMOBJ":"Truni","WADMKC":"Babat","WADMKK":"Lamongan"},"geometry":{"type":"Point","coordinates":[112.17983511,-7.08060345]}},{"type":"Feature","properties":{"Line":"S102","Sp":"1708.5","X":"630300.5","Y":"9217125.3","NAMOBJ":"Truni","WADMKC":"Babat","WADMKK":"Lamongan"},"geometry":{"type":"Point","coordinates":[112.17983626,-7.08105565]}},{"type":"Feature","properties":{"Line":"S102","Sp":"1712.5","X":"630300.5","Y":"9217075.3","NAMOBJ":"Truni","WADMKC":"Babat","WADMKK":"Lamongan"},"geometry":{"type":"Point","coordinates":[112.17983741,-7.08150785]}},{"type":"Feature","properties":{"Line":"S102","Sp":"1716.5","X":"630300.5","Y":"9217025.3","NAMOBJ":"Truni","WADMKC":"Babat","WADMKK":"Lamongan"},"geometry":{"type":"Point","coordinates":[112.17983856,-7.08196005]}},{"type":"Feature","properties":{"Line":"S102","Sp":"1720.5","X":"630300.5","Y":"9216975.3","NAMOBJ":"Truni","WADMKC":"Babat","WADMKK":"Lamongan"},"geometry":{"type":"Point","coordinates":[112.17983971,-7.08241225]}},{"type":"Feature","properties":{"Line":"S102","Sp":"1724.5","X":"630300.5","Y":"9216925.3","NAMOBJ":"Truni","WADMKC":"Babat","WADMKK":"Lamongan"},"geometry":{"type":"Point","coordinates":[112.17984086,-7.08286445]}},{"type":"Feature","properties":{"Line":"S102","Sp":"1728.5","X":"630300.5","Y":"9216875.3","NAMOBJ":"Truni","WADMKC":"Babat","WADMKK":"Lamongan"},"geometry":{"type":"Point","coordinates":[112.17984201,-7.08331665]}},{"type":"Feature","properties":{"Line":"S102","Sp":"1732.5","X":"630300.5","Y":"9216825.3","NAMOBJ":"Truni","WADMKC":"Babat","WADMKK":"Lamongan"},"geometry":{"type":"Point","coordinates":[112.17984316,-7.08376885]}},{"type":"Feature","properties":{"Line":"S102","Sp":"1736.5","X":"630300.5","Y":"9216775.3","NAMOBJ":"Truni","WADMKC":"Babat","WADMKK":"Lamongan"},"geometry":{"type":"Point","coordinates":[112.17984431,-7.08422105]}},{"type":"Feature","properties":{"Line":"S102","Sp":"1740.5","X":"630300.5","Y":"9216725.3","NAMOBJ":"Truni","WADMKC":"Babat","WADMKK":"Lamongan"},"geometry":{"type":"Point","coordinates":[112.17984546,-7.08467325]}},{"type":"Feature","properties":{"Line":"S104","Sp":"1816.5","X":"631300.5","Y":"9216825.3","NAMOBJ":"Truni","WADMKC":"Babat","WADMKK":"Lamongan"},"geometry":{"type":"Point","coordinates":[112.18889662,-7.08374579]}},{"type":"Feature","properties":{"Line":"S104","Sp":"1820.5","X":"631300.5","Y":"9216775.3","NAMOBJ":"Truni","WADMKC":"Babat","WADMKK":"Lamongan"},"geometry":{"type":"Point","coordinates":[112.18889778,-7.08419799]}},{"type":"Feature","properties":{"Line":"S104","Sp":"1824.5","X":"631300.5","Y":"9216725.3","NAMOBJ":"Truni","WADMKC":"Babat","WADMKK":"Lamongan"},"geometry":{"type":"Point","coordinates":[112.18889894,-7.08465019]}},{"type":"Feature","properties":{"Line":"S104","Sp":"1828.5","X":"631300.5","Y":"9216675.3","NAMOBJ":"Truni","WADMKC":"Babat","WADMKK":"Lamongan"},"geometry":{"type":"Point","coordinates":[112.1889001,-7.08510238]}},{"type":"Feature","properties":{"Line":"S104","Sp":"1832.5","X":"631300.5","Y":"9216625.3","NAMOBJ":"Truni","WADMKC":"Babat","WADMKK":"Lamongan"},"geometry":{"type":"Point","coordinates":[112.18890125,-7.08555458]}},{"type":"Feature","properties":{"Line":"S104","Sp":"1836.5","X":"631300.5","Y":"9216575.3","NAMOBJ":"Truni","WADMKC":"Babat","WADMKK":"Lamongan"},"geometry":{"type":"Point","coordinates":[112.18890241,-7.08600678]}},{"type":"Feature","properties":{"Line":"S104","Sp":"1840.5","X":"631300.5","Y":"9216525.3","NAMOBJ":"Truni","WADMKC":"Babat","WADMKK":"Lamongan"},"geometry":{"type":"Point","coordinates":[112.18890357,-7.08645898]}},{"type":"Feature","properties":{"Line":"S104","Sp":"1844.5","X":"631300.5","Y":"9216475.3","NAMOBJ":"Truni","WADMKC":"Babat","WADMKK":"Lamongan"},"geometry":{"type":"Point","coordinates":[112.18890473,-7.08691118]}},{"type":"Feature","properties":{"Line":"S104","Sp":"1848.5","X":"631300.5","Y":"9216425.3","NAMOBJ":"Truni","WADMKC":"Babat","WADMKK":"Lamongan"},"geometry":{"type":"Point","coordinates":[112.18890589,-7.08736338]}},{"type":"Feature","properties":{"Line":"S104","Sp":"1852.5","X":"631300.5","Y":"9216375.3","NAMOBJ":"Truni","WADMKC":"Babat","WADMKK":"Lamongan"},"geometry":{"type":"Point","coordinates":[112.18890705,-7.08781558]}},{"type":"Feature","properties":{"Line":"S104","Sp":"1856.5","X":"631300.5","Y":"9216325.3","NAMOBJ":"Truni","WADMKC":"Babat","WADMKK":"Lamongan"},"geometry":{"type":"Point","coordinates":[112.18890821,-7.08826777]}},{"type":"Feature","properties":{"Line":"S104","Sp":"1860.5","X":"631300.5","Y":"9216275.3","NAMOBJ":"Truni","WADMKC":"Babat","WADMKK":"Lamongan"},"geometry":{"type":"Point","coordinates":[112.18890937,-7.08871997]}},{"type":"Feature","properties":{"Line":"S117","Sp":"1460.5","X":"629775.5","Y":"9216800.3","NAMOBJ":"Truni","WADMKC":"Babat","WADMKK":"Lamongan"},"geometry":{"type":"Point","coordinates":[112.17509065,-7.08400698]}},{"type":"Feature","properties":{"Line":"S117","Sp":"1464.5","X":"629825.5","Y":"9216800.3","NAMOBJ":"Truni","WADMKC":"Babat","WADMKK":"Lamongan"},"geometry":{"type":"Point","coordinates":[112.17554332,-7.08400584]}},{"type":"Feature","properties":{"Line":"S117","Sp":"1468.5","X":"629875.5","Y":"9216800.3","NAMOBJ":"Truni","WADMKC":"Babat","WADMKK":"Lamongan"},"geometry":{"type":"Point","coordinates":[112.175996,-7.08400469]}},{"type":"Feature","properties":{"Line":"S117","Sp":"1472.5","X":"629925.5","Y":"9216800.3","NAMOBJ":"Truni","WADMKC":"Babat","WADMKK":"Lamongan"},"geometry":{"type":"Point","coordinates":[112.17644867,-7.08400355]}},{"type":"Feature","properties":{"Line":"S117","Sp":"1476.5","X":"629975.5","Y":"9216800.3","NAMOBJ":"Truni","WADMKC":"Babat","WADMKK":"Lamongan"},"geometry":{"type":"Point","coordinates":[112.17690135,-7.0840024]}},{"type":"Feature","properties":{"Line":"S117","Sp":"1480.5","X":"630025.5","Y":"9216800.3","NAMOBJ":"Truni","WADMKC":"Babat","WADMKK":"Lamongan"},"geometry":{"type":"Point","coordinates":[112.17735402,-7.08400126]}},{"type":"Feature","properties":{"Line":"S117","Sp":"1484.5","X":"630075.5","Y":"9216800.3","NAMOBJ":"Truni","WADMKC":"Babat","WADMKK":"Lamongan"},"geometry":{"type":"Point","coordinates":[112.1778067,-7.08400011]}},{"type":"Feature","properties":{"Line":"S117","Sp":"1488.5","X":"630125.5","Y":"9216800.3","NAMOBJ":"Truni","WADMKC":"Babat","WADMKK":"Lamongan"},"geometry":{"type":"Point","coordinates":[112.17825937,-7.08399896]}},{"type":"Feature","properties":{"Line":"S117","Sp":"1492.5","X":"630175.5","Y":"9216800.3","NAMOBJ":"Truni","WADMKC":"Babat","WADMKK":"Lamongan"},"geometry":{"type":"Point","coordinates":[112.17871205,-7.08399782]}},{"type":"Feature","properties":{"Line":"S117","Sp":"1496.5","X":"630225.5","Y":"9216800.3","NAMOBJ":"Truni","WADMKC":"Babat","WADMKK":"Lamongan"},"geometry":{"type":"Point","coordinates":[112.17916472,-7.08399667]}},{"type":"Feature","properties":{"Line":"S117","Sp":"1500.5","X":"630275.5","Y":"9216800.3","NAMOBJ":"Truni","WADMKC":"Babat","WADMKK":"Lamongan"},"geometry":{"type":"Point","coordinates":[112.17961739,-7.08399552]}},{"type":"Feature","properties":{"Line":"S117","Sp":"1504.5","X":"630325.5","Y":"9216800.3","NAMOBJ":"Truni","WADMKC":"Babat","WADMKK":"Lamongan"},"geometry":{"type":"Point","coordinates":[112.18007007,-7.08399437]}},{"type":"Feature","properties":{"Line":"S117","Sp":"1508.5","X":"630375.5","Y":"9216800.3","NAMOBJ":"Truni","WADMKC":"Babat","WADMKK":"Lamongan"},"geometry":{"type":"Point","coordinates":[112.18052274,-7.08399322]}},{"type":"Feature","properties":{"Line":"S117","Sp":"1512.5","X":"630425.5","Y":"9216800.3","NAMOBJ":"Truni","WADMKC":"Babat","WADMKK":"Lamongan"},"geometry":{"type":"Point","coordinates":[112.18097542,-7.08399207]}},{"type":"Feature","properties":{"Line":"S117","Sp":"1516.5","X":"630475.5","Y":"9216800.3","NAMOBJ":"Truni","WADMKC":"Babat","WADMKK":"Lamongan"},"geometry":{"type":"Point","coordinates":[112.18142809,-7.08399092]}},{"type":"Feature","properties":{"Line":"S117","Sp":"1520.5","X":"630525.5","Y":"9216800.3","NAMOBJ":"Truni","WADMKC":"Babat","WADMKK":"Lamongan"},"geometry":{"type":"Point","coordinates":[112.18188076,-7.08398977]}},{"type":"Feature","properties":{"Line":"S117","Sp":"1524.5","X":"630575.5","Y":"9216800.3","NAMOBJ":"Truni","WADMKC":"Babat","WADMKK":"Lamongan"},"geometry":{"type":"Point","coordinates":[112.18233344,-7.08398862]}},{"type":"Feature","properties":{"Line":"S117","Sp":"1528.5","X":"630625.5","Y":"9216800.3","NAMOBJ":"Truni","WADMKC":"Babat","WADMKK":"Lamongan"},"geometry":{"type":"Point","coordinates":[112.18278611,-7.08398747]}},{"type":"Feature","properties":{"Line":"S117","Sp":"1532.5","X":"630675.5","Y":"9216800.3","NAMOBJ":"Truni","WADMKC":"Babat","WADMKK":"Lamongan"},"geometry":{"type":"Point","coordinates":[112.18323879,-7.08398632]}},{"type":"Feature","properties":{"Line":"S117","Sp":"1536.5","X":"630725.5","Y":"9216800.3","NAMOBJ":"Truni","WADMKC":"Babat","WADMKK":"Lamongan"},"geometry":{"type":"Point","coordinates":[112.18369146,-7.08398517]}},{"type":"Feature","properties":{"Line":"S117","Sp":"1540.5","X":"630775.5","Y":"9216800.3","NAMOBJ":"Truni","WADMKC":"Babat","WADMKK":"Lamongan"},"geometry":{"type":"Point","coordinates":[112.18414413,-7.08398402]}},{"type":"Feature","properties":{"Line":"S117","Sp":"1544.5","X":"630825.5","Y":"9216800.3","NAMOBJ":"Truni","WADMKC":"Babat","WADMKK":"Lamongan"},"geometry":{"type":"Point","coordinates":[112.18459681,-7.08398286]}},{"type":"Feature","properties":{"Line":"S117","Sp":"1548.5","X":"630875.5","Y":"9216800.3","NAMOBJ":"Truni","WADMKC":"Babat","WADMKK":"Lamongan"},"geometry":{"type":"Point","coordinates":[112.18504948,-7.08398171]}},{"type":"Feature","properties":{"Line":"S117","Sp":"1552.5","X":"630925.5","Y":"9216800.3","NAMOBJ":"Truni","WADMKC":"Babat","WADMKK":"Lamongan"},"geometry":{"type":"Point","coordinates":[112.18550215,-7.08398056]}},{"type":"Feature","properties":{"Line":"S117","Sp":"1556.5","X":"630975.5","Y":"9216800.3","NAMOBJ":"Truni","WADMKC":"Babat","WADMKK":"Lamongan"},"geometry":{"type":"Point","coordinates":[112.18595483,-7.0839794]}},{"type":"Feature","properties":{"Line":"S117","Sp":"1560.5","X":"631025.5","Y":"9216800.3","NAMOBJ":"Truni","WADMKC":"Babat","WADMKK":"Lamongan"},"geometry":{"type":"Point","coordinates":[112.1864075,-7.08397825]}},{"type":"Feature","properties":{"Line":"S117","Sp":"1564.5","X":"631075.5","Y":"9216800.3","NAMOBJ":"Truni","WADMKC":"Babat","WADMKK":"Lamongan"},"geometry":{"type":"Point","coordinates":[112.18686017,-7.08397709]}},{"type":"Feature","properties":{"Line":"S117","Sp":"1568.5","X":"631125.5","Y":"9216800.3","NAMOBJ":"Truni","WADMKC":"Babat","WADMKK":"Lamongan"},"geometry":{"type":"Point","coordinates":[112.18731284,-7.08397594]}},{"type":"Feature","properties":{"Line":"S117","Sp":"1572.5","X":"631175.5","Y":"9216800.3","NAMOBJ":"Truni","WADMKC":"Babat","WADMKK":"Lamongan"},"geometry":{"type":"Point","coordinates":[112.18776552,-7.08397478]}},{"type":"Feature","properties":{"Line":"S117","Sp":"1576.5","X":"631225.5","Y":"9216800.3","NAMOBJ":"Truni","WADMKC":"Babat","WADMKK":"Lamongan"},"geometry":{"type":"Point","coordinates":[112.18821819,-7.08397362]}},{"type":"Feature","properties":{"Line":"S117","Sp":"1580.5","X":"631275.5","Y":"9216800.3","NAMOBJ":"Truni","WADMKC":"Babat","WADMKK":"Lamongan"},"geometry":{"type":"Point","coordinates":[112.18867086,-7.08397247]}},{"type":"Feature","properties":{"Line":"S117","Sp":"1584.5","X":"631325.5","Y":"9216800.3","NAMOBJ":"Truni","WADMKC":"Babat","WADMKK":"Lamongan"},"geometry":{"type":"Point","coordinates":[112.18912354,-7.08397131]}},{"type":"Feature","properties":{"Line":"S117","Sp":"1596.5","X":"631475.5","Y":"9216800.3","NAMOBJ":"Truni","WADMKC":"Babat","WADMKK":"Lamongan"},"geometry":{"type":"Point","coordinates":[112.19048155,-7.08396783]}},{"type":"Feature","properties":{"Line":"S117","Sp":"1600.5","X":"631525.5","Y":"9216800.3","NAMOBJ":"Truni","WADMKC":"Babat","WADMKK":"Lamongan"},"geometry":{"type":"Point","coordinates":[112.19093423,-7.08396668]}},{"type":"Feature","properties":{"Line":"S119","Sp":"1580.5","X":"630325.5","Y":"9217800.3","NAMOBJ":"Truni","WADMKC":"Babat","WADMKK":"Lamongan"},"geometry":{"type":"Point","coordinates":[112.18004708,-7.07495037]}},{"type":"Feature","properties":{"Line":"S119","Sp":"1584.5","X":"630375.5","Y":"9217800.3","NAMOBJ":"Truni","WADMKC":"Babat","WADMKK":"Lamongan"},"geometry":{"type":"Point","coordinates":[112.18049975,-7.07494922]}},{"type":"Feature","properties":{"Line":"S119","Sp":"1588.5","X":"630425.5","Y":"9217800.3","NAMOBJ":"Truni","WADMKC":"Babat","WADMKK":"Lamongan"},"geometry":{"type":"Point","coordinates":[112.18095241,-7.07494807]}},{"type":"Feature","properties":{"Line":"S119","Sp":"1592.5","X":"630475.5","Y":"9217800.3","NAMOBJ":"Truni","WADMKC":"Babat","WADMKK":"Lamongan"},"geometry":{"type":"Point","coordinates":[112.18140508,-7.07494693]}},{"type":"Feature","properties":{"Line":"S119","Sp":"1596.5","X":"630525.5","Y":"9217800.3","NAMOBJ":"Truni","WADMKC":"Babat","WADMKK":"Lamongan"},"geometry":{"type":"Point","coordinates":[112.18185774,-7.07494578]}},{"type":"Feature","properties":{"Line":"S119","Sp":"1600.5","X":"630575.5","Y":"9217800.3","NAMOBJ":"Truni","WADMKC":"Babat","WADMKK":"Lamongan"},"geometry":{"type":"Point","coordinates":[112.18231041,-7.07494463]}},{"type":"Feature","properties":{"Line":"S119","Sp":"1604.5","X":"630625.5","Y":"9217800.3","NAMOBJ":"Truni","WADMKC":"Babat","WADMKK":"Lamongan"},"geometry":{"type":"Point","coordinates":[112.18276307,-7.07494348]}},{"type":"Feature","properties":{"Line":"S119","Sp":"1608.5","X":"630675.5","Y":"9217800.3","NAMOBJ":"Truni","WADMKC":"Babat","WADMKK":"Lamongan"},"geometry":{"type":"Point","coordinates":[112.18321574,-7.07494233]}},{"type":"Feature","properties":{"Line":"S119","Sp":"1612.5","X":"630725.5","Y":"9217800.3","NAMOBJ":"Truni","WADMKC":"Babat","WADMKK":"Lamongan"},"geometry":{"type":"Point","coordinates":[112.1836684,-7.07494118]}}]}