{"type":"FeatureCollection","features":[{"type":"Feature","properties":{"Line":"R118","Tr":2575,"X":"638300.50000000000","Y":"9208194.00000000000","Rotation":0,"NAMOBJ":"Bakalrejo","WADMKC":"Sugio","WADMKK":"Lamongan"},"geometry":{"type":"Point","coordinates":[112.3,-7.2]}},{"type":"Feature","properties":{"Line":"R118","Tr":2576,"X":"638300.50000000000","Y":"9208181.50000000000","Rotation":0,"NAMOBJ":"Bakalrejo","WADMKC":"Sugio","WADMKK":"Lamongan"},"geometry":{"type":"Point","coordinates":[112.3,-7.2]}},{"type":"Feature","properties":{"Line":"R118","Tr":2577,"X":"638300.50000000000","Y":"9208169.00000000000","Rotation":0,"NAMOBJ":"Bakalrejo","WADMKC":"Sugio","WADMKK":"Lamongan"},"geometry":{"type":"Point","coordinates":[112.3,-7.2]}},{"type":"Feature","properties":{"Line":"R118","Tr":2578,"X":"638300.50000000000","Y":"9208156.50000000000","Rotation":0,"NAMOBJ":"Bakalrejo","WADMKC":"Sugio","WADMKK":"Lamongan"},"geometry":{"type":"Point","coordinates":[112.3,-7.2]}},{"type":"Feature","properties":{"Line":"R118","Tr":2579,"X":"638300.50000000000","Y":"9208144.00000000000","Rotation":0,"NAMOBJ":"Bakalrejo","WADMKC":"Sugio","WADMKK":"Lamongan"},"geometry":{"type":"Point","coordinates":[112.3,-7.2]}},{"type":"Feature","properties":{"Line":"R118","Tr":2580,"X":"638300.50000000000","Y":"9208131.50000000000","Rotation":0,"NAMOBJ":"Bakalrejo","WADMKC":"Sugio","WADMKK":"Lamongan"},"geometry":{"type":"Point","coordinates":[112.3,-7.2]}},{"type":"Feature","properties":{"Line":"R118","Tr":2581,"X":"638300.50000000000","Y":"9208119.00000000000","Rotation":0,"NAMOBJ":"Bakalrejo","WADMKC":"Sugio","WADMKK":"Lamongan"},"geometry":{"type":"Point","coordinates":[112.3,-7.2]}},{"type":"Feature","properties":{"Line":"R118","Tr":2582,"X":"638300.50000000000","Y":"9208106.50000000000","Rotation":0,"NAMOBJ":"Bakalrejo","WADMKC":"Sugio","WADMKK":"Lamongan"},"geometry":{"type":"Point","coordinates":[112.3,-7.2]}},{"type":"Feature","properties":{"Line":"R118","Tr":2583,"X":"638300.50000000000","Y":"9208094.00000000000","Rotation":0,"NAMOBJ":"Bakalrejo","WADMKC":"Sugio","WADMKK":"Lamongan"},"geometry":{"type":"Point","coordinates":[112.3,-7.2]}},{"type":"Feature","properties":{"Line":"R118","Tr":2584,"X":"638300.50000000000","Y":"9208081.50000000000","Rotation":0,"NAMOBJ":"Bakalrejo","WADMKC":"Sugio","WADMKK":"Lamongan"},"geometry":{"type":"Point","coordinates":[112.3,-7.2]}},{"type":"Feature","properties":{"Line":"R118","Tr":2585,"X":"638300.50000000000","Y":"9208069.00000000000","Rotation":0,"NAMOBJ":"Bakalrejo","WADMKC":"Sugio","WADMKK":"Lamongan"},"geometry":{"type":"Point","coordinates":[112.3,-7.2]}},{"type":"Feature","properties":{"Line":"R118","Tr":2586,"X":"638300.50000000000","Y":"9208056.50000000000","Rotation":0,"NAMOBJ":"Bakalrejo","WADMKC":"Sugio","WADMKK":"Lamongan"},"geometry":{"type":"Point","coordinates":[112.3,-7.2]}},{"type":"Feature","properties":{"Line":"R118","Tr":2587,"X":"638300.50000000000","Y":"9208044.00000000000","Rotation":0,"NAMOBJ":"Bakalrejo","WADMKC":"Sugio","WADMKK":"Lamongan"},"geometry":{"type":"Point","coordinates":[112.3,-7.2]}},{"type":"Feature","properties":{"Line":"R118","Tr":2588,"X":"638300.50000000000","Y":"9208031.50000000000","Rotation":0,"NAMOBJ":"Bakalrejo","WADMKC":"Sugio","WADMKK":"Lamongan"},"geometry":{"type":"Point","coordinates":[112.3,-7.2]}},{"type":"Feature","properties":{"Line":"R118","Tr":2589,"X":"638300.50000000000","Y":"9208019.00000000000","Rotation":0,"NAMOBJ":"Bakalrejo","WADMKC":"Sugio","WADMKK":"Lamongan"},"geometry":{"type":"Point","coordinates":[112.3,-7.2]}},{"type":"Feature","properties":{"Line":"R118","Tr":2590,"X":"638300.50000000000","Y":"9208006.50000000000","Rotation":0,"NAMOBJ":"Bakalrejo","WADMKC":"Sugio","WADMKK":"Lamongan"},"geometry":{"type":"Point","coordinates":[112.3,-7.2]}},{"type":"Feature","properties":{"Line":"R118","Tr":2591,"X":"638300.50000000000","Y":"9207994.00000000000","Rotation":0,"NAMOBJ":"Bakalrejo","WADMKC":"Sugio","WADMKK":"Lamongan"},"geometry":{"type":"Point","coordinates":[112.3,-7.2]}},{"type":"Feature","properties":{"Line":"R118","Tr":2592,"X":"638300.50000000000","Y":"9207981.50000000000","Rotation":0,"NAMOBJ":"Bakalrejo","WADMKC":"Sugio","WADMKK":"Lamongan"},"geometry":{"type":"Point","coordinates":[112.3,-7.2]}},{"type":"Feature","properties":{"Line":"R118","Tr":2593,"X":"638300.50000000000","Y":"9207969.00000000000","Rotation":0,"NAMOBJ":"Bakalrejo","WADMKC":"Sugio","WADMKK":"Lamongan"},"geometry":{"type":"Point","coordinates":[112.3,-7.2]}},{"type":"Feature","properties":{"Line":"R118","Tr":2594,"X":"638300.50000000000","Y":"9207956.50000000000","Rotation":0,"NAMOBJ":"Bakalrejo","WADMKC":"Sugio","WADMKK":"Lamongan"},"geometry":{"type":"Point","coordinates":[112.3,-7.2]}},{"type":"Feature","properties":{"Line":"R118","Tr":2595,"X":"638300.50000000000","Y":"9207944.00000000000","Rotation":0,"NAMOBJ":"Bakalrejo","WADMKC":"Sugio","WADMKK":"Lamongan"},"geometry":{"type":"Point","coordinates":[112.3,-7.2]}},{"type":"Feature","properties":{"Line":"R118","Tr":2596,"X":"638300.50000000000","Y":"9207931.50000000000","Rotation":0,"NAMOBJ":"Bakalrejo","WADMKC":"Sugio","WADMKK":"Lamongan"},"geometry":{"type":"Point","coordinates":[112.3,-7.2]}},{"type":"Feature","properties":{"Line":"R118","Tr":2597,"X":"638300.50000000000","Y":"9207919.00000000000","Rotation":0,"NAMOBJ":"Bakalrejo","WADMKC":"Sugio","WADMKK":"Lamongan"},"geometry":{"type":"Point","coordinates":[112.3,-7.2]}},{"type":"Feature","properties":{"Line":"R118","Tr":2598,"X":"638300.50000000000","Y":"9207906.50000000000","Rotation":0,"NAMOBJ":"Bakalrejo","WADMKC":"Sugio","WADMKK":"Lamongan"},"geometry":{"type":"Point","coordinates":[112.3,-7.2]}},{"type":"Feature","properties":{"Line":"R118","Tr":2599,"X":"638300.50000000000","Y":"9207894.00000000000","Rotation":0,"NAMOBJ":"Bakalrejo","WADMKC":"Sugio","WADMKK":"Lamongan"},"geometry":{"type":"Point","coordinates":[112.3,-7.2]}},{"type":"Feature","properties":{"Line":"R118","Tr":2600,"X":"638300.50000000000","Y":"9207881.50000000000","Rotation":0,"NAMOBJ":"Bakalrejo","WADMKC":"Sugio","WADMKK":"Lamongan"},"geometry":{"type":"Point","coordinates":[112.3,-7.2]}},{"type":"Feature","properties":{"Line":"R118","Tr":2601,"X":"638300.50000000000","Y":"9207869.00000000000","Rotation":0,"NAMOBJ":"Bakalrejo","WADMKC":"Sugio","WADMKK":"Lamongan"},"geometry":{"type":"Point","coordinates":[112.3,-7.2]}},{"type":"Feature","properties":{"Line":"R118","Tr":2602,"X":"638300.50000000000","Y":"9207856.50000000000","Rotation":0,"NAMOBJ":"Bakalrejo","WADMKC":"Sugio","WADMKK":"Lamongan"},"geometry":{"type":"Point","coordinates":[112.3,-7.2]}},{"type":"Feature","properties":{"Line":"R118","Tr":2603,"X":"638300.50000000000","Y":"9207844.00000000000","Rotation":0,"NAMOBJ":"Bakalrejo","WADMKC":"Sugio","WADMKK":"Lamongan"},"geometry":{"type":"Point","coordinates":[112.3,-7.2]}},{"type":"Feature","properties":{"Line":"R118","Tr":2604,"X":"638300.50000000000","Y":"9207831.50000000000","Rotation":0,"NAMOBJ":"Bakalrejo","WADMKC":"Sugio","WADMKK":"Lamongan"},"geometry":{"type":"Point","coordinates":[112.3,-7.2]}},{"type":"Feature","properties":{"Line":"R118","Tr":2605,"X":"638300.50000000000","Y":"9207819.00000000000","Rotation":0,"NAMOBJ":"Bakalrejo","WADMKC":"Sugio","WADMKK":"Lamongan"},"geometry":{"type":"Point","coordinates":[112.3,-7.2]}},{"type":"Feature","properties":{"Line":"R118","Tr":2606,"X":"638300.50000000000","Y":"9207806.50000000000","Rotation":0,"NAMOBJ":"Bakalrejo","WADMKC":"Sugio","WADMKK":"Lamongan"},"geometry":{"type":"Point","coordinates":[112.3,-7.2]}},{"type":"Feature","properties":{"Line":"R118","Tr":2607,"X":"638300.50000000000","Y":"9207794.00000000000","Rotation":0,"NAMOBJ":"Bakalrejo","WADMKC":"Sugio","WADMKK":"Lamongan"},"geometry":{"type":"Point","coordinates":[112.3,-7.2]}},{"type":"Feature","properties":{"Line":"R118","Tr":2608,"X":"638300.50000000000","Y":"9207781.50000000000","Rotation":0,"NAMOBJ":"Bakalrejo","WADMKC":"Sugio","WADMKK":"Lamongan"},"geometry":{"type":"Point","coordinates":[112.3,-7.2]}},{"type":"Feature","properties":{"Line":"R118","Tr":2609,"X":"638300.50000000000","Y":"9207769.00000000000","Rotation":0,"NAMOBJ":"Bakalrejo","WADMKC":"Sugio","WADMKK":"Lamongan"},"geometry":{"type":"Point","coordinates":[112.3,-7.2]}},{"type":"Feature","properties":{"Line":"R118","Tr":2610,"X":"638300.50000000000","Y":"9207756.50000000000","Rotation":0,"NAMOBJ":"Bakalrejo","WADMKC":"Sugio","WADMKK":"Lamongan"},"geometry":{"type":"Point","coordinates":[112.3,-7.2]}},{"type":"Feature","properties":{"Line":"R118","Tr":2611,"X":"638300.50000000000","Y":"9207744.00000000000","Rotation":0,"NAMOBJ":"Bakalrejo","WADMKC":"Sugio","WADMKK":"Lamongan"},"geometry":{"type":"Point","coordinates":[112.3,-7.2]}},{"type":"Feature","properties":{"Line":"R120","Tr":2585,"X":"639300.50000000000","Y":"9208019.00000000000","Rotation":0,"NAMOBJ":"Bakalrejo","WADMKC":"Sugio","WADMKK":"Lamongan"},"geometry":{"type":"Point","coordinates":[112.3,-7.2]}},{"type":"Feature","properties":{"Line":"R120","Tr":2586,"X":"639300.50000000000","Y":"9208006.50000000000","Rotation":0,"NAMOBJ":"Bakalrejo","WADMKC":"Sugio","WADMKK":"Lamongan"},"geometry":{"type":"Point","coordinates":[112.3,-7.2]}},{"type":"Feature","properties":{"Line":"R120","Tr":2587,"X":"639300.50000000000","Y":"9207994.00000000000","Rotation":0,"NAMOBJ":"Bakalrejo","WADMKC":"Sugio","WADMKK":"Lamongan"},"geometry":{"type":"Point","coordinates":[112.3,-7.2]}},{"type":"Feature","properties":{"Line":"R120","Tr":2588,"X":"639300.50000000000","Y":"9207981.50000000000","Rotation":0,"NAMOBJ":"Bakalrejo","WADMKC":"Sugio","WADMKK":"Lamongan"},"geometry":{"type":"Point","coordinates":[112.3,-7.2]}},{"type":"Feature","properties":{"Line":"R120","Tr":2589,"X":"639300.50000000000","Y":"9207969.00000000000","Rotation":0,"NAMOBJ":"Bakalrejo","WADMKC":"Sugio","WADMKK":"Lamongan"},"geometry":{"type":"Point","coordinates":[112.3,-7.2]}},{"type":"Feature","properties":{"Line":"R120","Tr":2590,"X":"639300.50000000000","Y":"9207956.50000000000","Rotation":0,"NAMOBJ":"Bakalrejo","WADMKC":"Sugio","WADMKK":"Lamongan"},"geometry":{"type":"Point","coordinates":[112.3,-7.2]}},{"type":"Feature","properties":{"Line":"R120","Tr":2591,"X":"639300.50000000000","Y":"9207944.00000000000","Rotation":0,"NAMOBJ":"Bakalrejo","WADMKC":"Sugio","WADMKK":"Lamongan"},"geometry":{"type":"Point","coordinates":[112.3,-7.2]}},{"type":"Feature","properties":{"Line":"R120","Tr":2592,"X":"639300.50000000000","Y":"9207931.50000000000","Rotation":0,"NAMOBJ":"Bakalrejo","WADMKC":"Sugio","WADMKK":"Lamongan"},"geometry":{"type":"Point","coordinates":[112.3,-7.2]}},{"type":"Feature","properties":{"Line":"R120","Tr":2593,"X":"639300.50000000000","Y":"9207919.00000000000","Rotation":0,"NAMOBJ":"Bakalrejo","WADMKC":"Sugio","WADMKK":"Lamongan"},"geometry":{"type":"Point","coordinates":[112.3,-7.2]}},{"type":"Feature","properties":{"Line":"R120","Tr":2594,"X":"639300.50000000000","Y":"9207906.50000000000","Rotation":0,"NAMOBJ":"Bakalrejo","WADMKC":"Sugio","WADMKK":"Lamongan"},"geometry":{"type":"Point","coordinates":[112.3,-7.2]}},{"type":"Feature","properties":{"Line":"R120","Tr":2595,"X":"639300.50000000000","Y":"9207894.00000000000","Rotation":0,"NAMOBJ":"Bakalrejo","WADMKC":"Sugio","WADMKK":"Lamongan"},"geometry":{"type":"Point","coordinates":[112.3,-7.2]}},{"type":"Feature","properties":{"Line":"R120","Tr":2596,"X":"639300.50000000000","Y":"9207881.50000000000","Rotation":0,"NAMOBJ":"Bakalrejo","WADMKC":"Sugio","WADMKK":"Lamongan"},"geometry":{"type":"Point","coordinates":[112.3,-7.2]}},{"type":"Feature","properties":{"Line":"R120","Tr":2597,"X":"639300.50000000000","Y":"9207869.00000000000","Rotation":0,"NAMOBJ":"Bakalrejo","WADMKC":"Sugio","WADMKK":"Lamongan"},"geometry":{"type":"Point","coordinates":[112.3,-7.2]}},{"type":"Feature","properties":{"Line":"R120","Tr":2598,"X":"639300.50000000000","Y":"9207856.50000000000","Rotation":0,"NAMOBJ":"Bakalrejo","WADMKC":"Sugio","WADMKK":"Lamongan"},"geometry":{"type":"Point","coordinates":[112.3,-7.2]}},{"type":"Feature","properties":{"Line":"R120","Tr":2599,"X":"639300.50000000000","Y":"9207844.00000000000","Rotation":0,"NAMOBJ":"Bakalrejo","WADMKC":"Sugio","WADMKK":"Lamongan"},"geometry":{"type":"Point","coordinates":[112.3,-7.2]}},{"type":"Feature","properties":{"Line":"R120","Tr":2600,"X":"639300.50000000000","Y":"9207831.50000000000","Rotation":0,"NAMOBJ":"Bakalrejo","WADMKC":"Sugio","WADMKK":"Lamongan"},"geometry":{"type":"Point","coordinates":[112.3,-7.2]}},{"type":"Feature","properties":{"Line":"R120","Tr":2601,"X":"639300.50000000000","Y":"9207819.00000000000","Rotation":0,"NAMOBJ":"Bakalrejo","WADMKC":"Sugio","WADMKK":"Lamongan"},"geometry":{"type":"Point","coordinates":[112.3,-7.2]}},{"type":"Feature","properties":{"Line":"R120","Tr":2602,"X":"639300.50000000000","Y":"9207806.50000000000","Rotation":0,"NAMOBJ":"Bakalrejo","WADMKC":"Sugio","WADMKK":"Lamongan"},"geometry":{"type":"Point","coordinates":[112.3,-7.2]}},{"type":"Feature","properties":{"Line":"R120","Tr":2603,"X":"639300.50000000000","Y":"9207794.00000000000","Rotation":0,"NAMOBJ":"Bakalrejo","WADMKC":"Sugio","WADMKK":"Lamongan"},"geometry":{"type":"Point","coordinates":[112.3,-7.2]}},{"type":"Feature","properties":{"Line":"R120","Tr":2604,"X":"639300.50000000000","Y":"9207781.50000000000","Rotation":0,"NAMOBJ":"Bakalrejo","WADMKC":"Sugio","WADMKK":"Lamongan"},"geometry":{"type":"Point","coordinates":[112.3,-7.2]}},{"type":"Feature","properties":{"Line":"R120","Tr":2605,"X":"639300.50000000000","Y":"9207769.00000000000","Rotation":0,"NAMOBJ":"Bakalrejo","WADMKC":"Sugio","WADMKK":"Lamongan"},"geometry":{"type":"Point","coordinates":[112.3,-7.2]}},{"type":"Feature","properties":{"Line":"R120","Tr":2606,"X":"639300.50000000000","Y":"9207756.50000000000","Rotation":0,"NAMOBJ":"Bakalrejo","WADMKC":"Sugio","WADMKK":"Lamongan"},"geometry":{"type":"Point","coordinates":[112.3,-7.2]}},{"type":"Feature","properties":{"Line":"R120","Tr":2607,"X":"639300.50000000000","Y":"9207744.00000000000","Rotation":0,"NAMOBJ":"Bakalrejo","WADMKC":"Sugio","WADMKK":"Lamongan"},"geometry":{"type":"Point","coordinates":[112.3,-7.2]}},{"type":"Feature","properties":{"Line":"R120","Tr":2608,"X":"639300.50000000000","Y":"9207731.50000000000","Rotation":0,"NAMOBJ":"Bakalrejo","WADMKC":"Sugio","WADMKK":"Lamongan"},"geometry":{"type":"Point","coordinates":[112.3,-7.2]}},{"type":"Feature","properties":{"Line":"R120","Tr":2609,"X":"639300.50000000000","Y":"9207719.00000000000","Rotation":0,"NAMOBJ":"Bakalrejo","WADMKC":"Sugio","WADMKK":"Lamongan"},"geometry":{"type":"Point","coordinates":[112.3,-7.2]}},{"type":"Feature","properties":{"Line":"R120","Tr":2610,"X":"639300.50000000000","Y":"9207706.50000000000","Rotation":0,"NAMOBJ":"Bakalrejo","WADMKC":"Sugio","WADMKK":"Lamongan"},"geometry":{"type":"Point","coordinates":[112.3,-7.2]}},{"type":"Feature","properties":{"Line":"R120","Tr":2611,"X":"639300.50000000000","Y":"9207694.00000000000","Rotation":0,"NAMOBJ":"Bakalrejo","WADMKC":"Sugio","WADMKK":"Lamongan"},"geometry":{"type":"Point","coordinates":[112.3,-7.2]}},{"type":"Feature","properties":{"Line":"R120","Tr":2612,"X":"639300.50000000000","Y":"9207681.50000000000","Rotation":0,"NAMOBJ":"Bakalrejo","WADMKC":"Sugio","WADMKK":"Lamongan"},"geometry":{"type":"Point","coordinates":[112.3,-7.2]}},{"type":"Feature","properties":{"Line":"R120","Tr":2613,"X":"639300.50000000000","Y":"9207669.00000000000","Rotation":0,"NAMOBJ":"Bakalrejo","WADMKC":"Sugio","WADMKK":"Lamongan"},"geometry":{"type":"Point","coordinates":[112.3,-7.2]}},{"type":"Feature","properties":{"Line":"R120","Tr":2614,"X":"639300.50000000000","Y":"9207656.50000000000","Rotation":0,"NAMOBJ":"Bakalrejo","WADMKC":"Sugio","WADMKK":"Lamongan"},"geometry":{"type":"Point","coordinates":[112.3,-7.2]}},{"type":"Feature","properties":{"Line":"R120","Tr":2615,"X":"639300.50000000000","Y":"9207644.00000000000","Rotation":0,"NAMOBJ":"Bakalrejo","WADMKC":"Sugio","WADMKK":"Lamongan"},"geometry":{"type":"Point","coordinates":[112.3,-7.2]}},{"type":"Feature","properties":{"Line":"R120","Tr":2616,"X":"639300.50000000000","Y":"9207631.50000000000","Rotation":0,"NAMOBJ":"Bakalrejo","WADMKC":"Sugio","WADMKK":"Lamongan"},"geometry":{"type":"Point","coordinates":[112.3,-7.2]}},{"type":"Feature","properties":{"Line":"R120","Tr":2617,"X":"639300.50000000000","Y":"9207619.00000000000","Rotation":0,"NAMOBJ":"Bakalrejo","WADMKC":"Sugio","WADMKK":"Lamongan"},"geometry":{"type":"Point","coordinates":[112.3,-7.2]}},{"type":"Feature","properties":{"Line":"R120","Tr":2618,"X":"639300.50000000000","Y":"9207606.50000000000","Rotation":0,"NAMOBJ":"Bakalrejo","WADMKC":"Sugio","WADMKK":"Lamongan"},"geometry":{"type":"Point","coordinates":[112.3,-7.2]}},{"type":"Feature","properties":{"Line":"R120","Tr":2619,"X":"639300.50000000000","Y":"9207594.00000000000","Rotation":0,"NAMOBJ":"Bakalrejo","WADMKC":"Sugio","WADMKK":"Lamongan"},"geometry":{"type":"Point","coordinates":[112.3,-7.2]}},{"type":"Feature","properties":{"Line":"R120","Tr":2620,"X":"639300.50000000000","Y":"9207581.50000000000","Rotation":0,"NAMOBJ":"Bakalrejo","WADMKC":"Sugio","WADMKK":"Lamongan"},"geometry":{"type":"Point","coordinates":[112.3,-7.2]}},{"type":"Feature","properties":{"Line":"R120","Tr":2621,"X":"639300.50000000000","Y":"9207569.00000000000","Rotation":0,"NAMOBJ":"Bakalrejo","WADMKC":"Sugio","WADMKK":"Lamongan"},"geometry":{"type":"Point","coordinates":[112.3,-7.2]}},{"type":"Feature","properties":{"Line":"R120","Tr":2622,"X":"639300.50000000000","Y":"9207556.50000000000","Rotation":0,"NAMOBJ":"Bakalrejo","WADMKC":"Sugio","WADMKK":"Lamongan"},"geometry":{"type":"Point","coordinates":[112.3,-7.2]}},{"type":"Feature","properties":{"Line":"R120","Tr":2623,"X":"639300.50000000000","Y":"9207544.00000000000","Rotation":0,"NAMOBJ":"Bakalrejo","WADMKC":"Sugio","WADMKK":"Lamongan"},"geometry":{"type":"Point","coordinates":[112.3,-7.2]}},{"type":"Feature","properties":{"Line":"R120","Tr":2624,"X":"639300.50000000000","Y":"9207531.50000000000","Rotation":0,"NAMOBJ":"Bakalrejo","WADMKC":"Sugio","WADMKK":"Lamongan"},"geometry":{"type":"Point","coordinates":[112.3,-7.2]}},{"type":"Feature","properties":{"Line":"R120","Tr":2625,"X":"639300.50000000000","Y":"9207519.00000000000","Rotation":0,"NAMOBJ":"Bakalrejo","WADMKC":"Sugio","WADMKK":"Lamongan"},"geometry":{"type":"Point","coordinates":[112.3,-7.2]}},{"type":"Feature","properties":{"Line":"R120","Tr":2626,"X":"639300.50000000000","Y":"9207506.50000000000","Rotation":0,"NAMOBJ":"Bakalrejo","WADMKC":"Sugio","WADMKK":"Lamongan"},"geometry":{"type":"Point","coordinates":[112.3,-7.2]}},{"type":"Feature","properties":{"Line":"R120","Tr":2627,"X":"639300.50000000000","Y":"9207494.00000000000","Rotation":0,"NAMOBJ":"Bakalrejo","WADMKC":"Sugio","WADMKK":"Lamongan"},"geometry":{"type":"Point","coordinates":[112.3,-7.2]}},{"type":"Feature","properties":{"Line":"R120","Tr":2628,"X":"639300.50000000000","Y":"9207481.50000000000","Rotation":0,"NAMOBJ":"Bakalrejo","WADMKC":"Sugio","WADMKK":"Lamongan"},"geometry":{"type":"Point","coordinates":[112.3,-7.2]}},{"type":"Feature","properties":{"Line":"R120","Tr":2629,"X":"639300.50000000000","Y":"9207469.00000000000","Rotation":0,"NAMOBJ":"Bakalrejo","WADMKC":"Sugio","WADMKK":"Lamongan"},"geometry":{"type":"Point","coordinates":[112.3,-7.2]}},{"type":"Feature","properties":{"Line":"R120","Tr":2630,"X":"639300.50000000000","Y":"9207456.50000000000","Rotation":0,"NAMOBJ":"Bakalrejo","WADMKC":"Sugio","WADMKK":"Lamongan"},"geometry":{"type":"Point","coordinates":[112.3,-7.2]}},{"type":"Feature","properties":{"Line":"R120","Tr":2631,"X":"639300.50000000000","Y":"9207444.00000000000","Rotation":0,"NAMOBJ":"Bakalrejo","WADMKC":"Sugio","WADMKK":"Lamongan"},"geometry":{"type":"Point","coordinates":[112.3,-7.2]}},{"type":"Feature","properties":{"Line":"R120","Tr":2632,"X":"639300.50000000000","Y":"9207431.50000000000","Rotation":0,"NAMOBJ":"Bakalrejo","WADMKC":"Sugio","WADMKK":"Lamongan"},"geometry":{"type":"Point","coordinates":[112.3,-7.2]}},{"type":"Feature","properties":{"Line":"R120","Tr":2633,"X":"639300.50000000000","Y":"9207419.00000000000","Rotation":0,"NAMOBJ":"Bakalrejo","WADMKC":"Sugio","WADMKK":"Lamongan"},"geometry":{"type":"Point","coordinates":[112.3,-7.2]}},{"type":"Feature","properties":{"Line":"R120","Tr":2634,"X":"639300.50000000000","Y":"9207406.50000000000","Rotation":0,"NAMOBJ":"Bakalrejo","WADMKC":"Sugio","WADMKK":"Lamongan"},"geometry":{"type":"Point","coordinates":[112.3,-7.2]}},{"type":"Feature","properties":{"Line":"R120","Tr":2635,"X":"639300.50000000000","Y":"9207394.00000000000","Rotation":0,"NAMOBJ":"Bakalrejo","WADMKC":"Sugio","WADMKK":"Lamongan"},"geometry":{"type":"Point","coordinates":[112.3,-7.2]}},{"type":"Feature","properties":{"Line":"R120","Tr":2636,"X":"639300.50000000000","Y":"9207381.50000000000","Rotation":0,"NAMOBJ":"Bakalrejo","WADMKC":"Sugio","WADMKK":"Lamongan"},"geometry":{"type":"Point","coordinates":[112.3,-7.2]}},{"type":"Feature","properties":{"Line":"R120","Tr":2637,"X":"639300.50000000000","Y":"9207369.00000000000","Rotation":0,"NAMOBJ":"Bakalrejo","WADMKC":"Sugio","WADMKK":"Lamongan"},"geometry":{"type":"Point","coordinates":[112.3,-7.2]}},{"type":"Feature","properties":{"Line":"R120","Tr":2638,"X":"639300.50000000000","Y":"9207356.50000000000","Rotation":0,"NAMOBJ":"Bakalrejo","WADMKC":"Sugio","WADMKK":"Lamongan"},"geometry":{"type":"Point","coordinates":[112.3,-7.2]}},{"type":"Feature","properties":{"Line":"R120","Tr":2639,"X":"639300.50000000000","Y":"9207344.00000000000","Rotation":0,"NAMOBJ":"Bakalrejo","WADMKC":"Sugio","WADMKK":"Lamongan"},"geometry":{"type":"Point","coordinates":[112.3,-7.2]}},{"type":"Feature","properties":{"Line":"R120","Tr":2640,"X":"639300.50000000000","Y":"9207331.50000000000","Rotation":0,"NAMOBJ":"Bakalrejo","WADMKC":"Sugio","WADMKK":"Lamongan"},"geometry":{"type":"Point","coordinates":[112.3,-7.2]}},{"type":"Feature","properties":{"Line":"R120","Tr":2641,"X":"639300.50000000000","Y":"9207319.00000000000","Rotation":0,"NAMOBJ":"Bakalrejo","WADMKC":"Sugio","WADMKK":"Lamongan"},"geometry":{"type":"Point","coordinates":[112.3,-7.2]}},{"type":"Feature","properties":{"Line":"R120","Tr":2642,"X":"639300.50000000000","Y":"9207306.50000000000","Rotation":0,"NAMOBJ":"Bakalrejo","WADMKC":"Sugio","WADMKK":"Lamongan"},"geometry":{"type":"Point","coordinates":[112.3,-7.2]}},{"type":"Feature","properties":{"Line":"R120","Tr":2643,"X":"639300.50000000000","Y":"9207294.00000000000","Rotation":0,"NAMOBJ":"Bakalrejo","WADMKC":"Sugio","WADMKK":"Lamongan"},"geometry":{"type":"Point","coordinates":[112.3,-7.2]}},{"type":"Feature","properties":{"Line":"R120","Tr":2644,"X":"639300.50000000000","Y":"9207281.50000000000","Rotation":0,"NAMOBJ":"Bakalrejo","WADMKC":"Sugio","WADMKK":"Lamongan"},"geometry":{"type":"Point","coordinates":[112.3,-7.2]}},{"type":"Feature","properties":{"Line":"R120","Tr":2645,"X":"639300.50000000000","Y":"9207269.00000000000","Rotation":0,"NAMOBJ":"Bakalrejo","WADMKC":"Sugio","WADMKK":"Lamongan"},"geometry":{"type":"Point","coordinates":[112.3,-7.2]}},{"type":"Feature","properties":{"Line":"R120","Tr":2646,"X":"639300.50000000000","Y":"9207256.50000000000","Rotation":0,"NAMOBJ":"Bakalrejo","WADMKC":"Sugio","WADMKK":"Lamongan"},"geometry":{"type":"Point","coordinates":[112.3,-7.2]}},{"type":"Feature","properties":{"Line":"R120","Tr":2647,"X":"639300.50000000000","Y":"9207244.00000000000","Rotation":0,"NAMOBJ":"Bakalrejo","WADMKC":"Sugio","WADMKK":"Lamongan"},"geometry":{"type":"Point","coordinates":[112.3,-7.2]}},{"type":"Feature","properties":{"Line":"R120","Tr":2648,"X":"639300.50000000000","Y":"9207231.50000000000","Rotation":0,"NAMOBJ":"Bakalrejo","WADMKC":"Sugio","WADMKK":"Lamongan"},"geometry":{"type":"Point","coordinates":[112.3,-7.2]}},{"type":"Feature","properties":{"Line":"R120","Tr":2649,"X":"639300.50000000000","Y":"9207219.00000000000","Rotation":0,"NAMOBJ":"Bakalrejo","WADMKC":"Sugio","WADMKK":"Lamongan"},"geometry":{"type":"Point","coordinates":[112.3,-7.2]}},{"type":"Feature","properties":{"Line":"R120","Tr":2650,"X":"639300.50000000000","Y":"9207206.50000000000","Rotation":0,"NAMOBJ":"Bakalrejo","WADMKC":"Sugio","WADMKK":"Lamongan"},"geometry":{"type":"Point","coordinates":[112.3,-7.2]}},{"type":"Feature","properties":{"Line":"R120","Tr":2651,"X":"639300.50000000000","Y":"9207194.00000000000","Rotation":0,"NAMOBJ":"Bakalrejo","WADMKC":"Sugio","WADMKK":"Lamongan"},"geometry":{"type":"Point","coordinates":[112.3,-7.2]}},{"type":"Feature","properties":{"Line":"R120","Tr":2652,"X":"639300.50000000000","Y":"9207181.50000000000","Rotation":0,"NAMOBJ":"Bakalrejo","WADMKC":"Sugio","WADMKK":"Lamongan"},"geometry":{"type":"Point","coordinates":[112.3,-7.2]}},{"type":"Feature","properties":{"Line":"R120","Tr":2653,"X":"639300.50000000000","Y":"9207169.00000000000","Rotation":0,"NAMOBJ":"Bakalrejo","WADMKC":"Sugio","WADMKK":"Lamongan"},"geometry":{"type":"Point","coordinates":[112.3,-7.2]}},{"type":"Feature","properties":{"Line":"R120","Tr":2654,"X":"639300.50000000000","Y":"9207156.50000000000","Rotation":0,"NAMOBJ":"Bakalrejo","WADMKC":"Sugio","WADMKK":"Lamongan"},"geometry":{"type":"Point","coordinates":[112.3,-7.2]}},{"type":"Feature","properties":{"Line":"R120","Tr":2655,"X":"639300.50000000000","Y":"9207144.00000000000","Rotation":0,"NAMOBJ":"Bakalrejo","WADMKC":"Sugio","WADMKK":"Lamongan"},"geometry":{"type":"Point","coordinates":[112.3,-7.2]}},{"type":"Feature","properties":{"Line":"R120","Tr":2656,"X":"639300.50000000000","Y":"9207131.50000000000","Rotation":0,"NAMOBJ":"Bakalrejo","WADMKC":"Sugio","WADMKK":"Lamongan"},"geometry":{"type":"Point","coordinates":[112.3,-7.2]}},{"type":"Feature","properties":{"Line":"R120","Tr":2657,"X":"639300.50000000000","Y":"9207119.00000000000","Rotation":0,"NAMOBJ":"Bakalrejo","WADMKC":"Sugio","WADMKK":"Lamongan"},"geometry":{"type":"Point","coordinates":[112.3,-7.2]}},{"type":"Feature","properties":{"Line":"R120","Tr":2658,"X":"639300.50000000000","Y":"9207106.50000000000","Rotation":0,"NAMOBJ":"Bakalrejo","WADMKC":"Sugio","WADMKK":"Lamongan"},"geometry":{"type":"Point","coordinates":[112.3,-7.2]}},{"type":"Feature","properties":{"Line":"R120","Tr":2659,"X":"639300.50000000000","Y":"9207094.00000000000","Rotation":0,"NAMOBJ":"Bakalrejo","WADMKC":"Sugio","WADMKK":"Lamongan"},"geometry":{"type":"Point","coordinates":[112.3,-7.2]}},{"type":"Feature","properties":{"Line":"R120","Tr":2660,"X":"639300.50000000000","Y":"9207081.50000000000","Rotation":0,"NAMOBJ":"Bakalrejo","WADMKC":"Sugio","WADMKK":"Lamongan"},"geometry":{"type":"Point","coordinates":[112.3,-7.2]}},{"type":"Feature","properties":{"Line":"R120","Tr":2661,"X":"639300.50000000000","Y":"9207069.00000000000","Rotation":0,"NAMOBJ":"Bakalrejo","WADMKC":"Sugio","WADMKK":"Lamongan"},"geometry":{"type":"Point","coordinates":[112.3,-7.2]}},{"type":"Feature","properties":{"Line":"R120","Tr":2662,"X":"639300.50000000000","Y":"9207056.50000000000","Rotation":0,"NAMOBJ":"Bakalrejo","WADMKC":"Sugio","WADMKK":"Lamongan"},"geometry":{"type":"Point","coordinates":[112.3,-7.2]}},{"type":"Feature","properties":{"Line":"R120","Tr":2663,"X":"639300.50000000000","Y":"9207044.00000000000","Rotation":0,"NAMOBJ":"Bakalrejo","WADMKC":"Sugio","WADMKK":"Lamongan"},"geometry":{"type":"Point","coordinates":[112.3,-7.2]}},{"type":"Feature","properties":{"Line":"R120","Tr":2664,"X":"639300.50000000000","Y":"9207031.50000000000","Rotation":0,"NAMOBJ":"Bakalrejo","WADMKC":"Sugio","WADMKK":"Lamongan"},"geometry":{"type":"Point","coordinates":[112.3,-7.2]}},{"type":"Feature","properties":{"Line":"R120","Tr":2665,"X":"639300.50000000000","Y":"9207019.00000000000","Rotation":0,"NAMOBJ":"Bakalrejo","WADMKC":"Sugio","WADMKK":"Lamongan"},"geometry":{"type":"Point","coordinates":[112.3,-7.2]}},{"type":"Feature","properties":{"Line":"R120","Tr":2666,"X":"639300.50000000000","Y":"9207006.50000000000","Rotation":0,"NAMOBJ":"Bakalrejo","WADMKC":"Sugio","WADMKK":"Lamongan"},"geometry":{"type":"Point","coordinates":[112.3,-7.2]}},{"type":"Feature","properties":{"Line":"R122","Tr":2632,"X":"640300.50000000000","Y":"9207981.50000000000","Rotation":0,"NAMOBJ":"Bakalrejo","WADMKC":"Sugio","WADMKK":"Lamongan"},"geometry":{"type":"Point","coordinates":[112.3,-7.2]}},{"type":"Feature","properties":{"Line":"R122","Tr":2633,"X":"640300.50000000000","Y":"9207969.00000000000","Rotation":0,"NAMOBJ":"Bakalrejo","WADMKC":"Sugio","WADMKK":"Lamongan"},"geometry":{"type":"Point","coordinates":[112.3,-7.2]}},{"type":"Feature","properties":{"Line":"R122","Tr":2634,"X":"640300.50000000000","Y":"9207956.50000000000","Rotation":0,"NAMOBJ":"Bakalrejo","WADMKC":"Sugio","WADMKK":"Lamongan"},"geometry":{"type":"Point","coordinates":[112.3,-7.2]}},{"type":"Feature","properties":{"Line":"R122","Tr":2635,"X":"640300.50000000000","Y":"9207944.00000000000","Rotation":0,"NAMOBJ":"Bakalrejo","WADMKC":"Sugio","WADMKK":"Lamongan"},"geometry":{"type":"Point","coordinates":[112.3,-7.2]}},{"type":"Feature","properties":{"Line":"R122","Tr":2636,"X":"640300.50000000000","Y":"9207931.50000000000","Rotation":0,"NAMOBJ":"Bakalrejo","WADMKC":"Sugio","WADMKK":"Lamongan"},"geometry":{"type":"Point","coordinates":[112.3,-7.2]}},{"type":"Feature","properties":{"Line":"R122","Tr":2637,"X":"640300.50000000000","Y":"9207919.00000000000","Rotation":0,"NAMOBJ":"Bakalrejo","WADMKC":"Sugio","WADMKK":"Lamongan"},"geometry":{"type":"Point","coordinates":[112.3,-7.2]}},{"type":"Feature","properties":{"Line":"R122","Tr":2638,"X":"640300.50000000000","Y":"9207906.50000000000","Rotation":0,"NAMOBJ":"Bakalrejo","WADMKC":"Sugio","WADMKK":"Lamongan"},"geometry":{"type":"Point","coordinates":[112.3,-7.2]}},{"type":"Feature","properties":{"Line":"R122","Tr":2639,"X":"640300.50000000000","Y":"9207894.00000000000","Rotation":0,"NAMOBJ":"Bakalrejo","WADMKC":"Sugio","WADMKK":"Lamongan"},"geometry":{"type":"Point","coordinates":[112.3,-7.2]}},{"type":"Feature","properties":{"Line":"R122","Tr":2640,"X":"640300.50000000000","Y":"9207881.50000000000","Rotation":0,"NAMOBJ":"Bakalrejo","WADMKC":"Sugio","WADMKK":"Lamongan"},"geometry":{"type":"Point","coordinates":[112.3,-7.2]}},{"type":"Feature","properties":{"Line":"R122","Tr":2641,"X":"640300.50000000000","Y":"9207869.00000000000","Rotation":0,"NAMOBJ":"Bakalrejo","WADMKC":"Sugio","WADMKK":"Lamongan"},"geometry":{"type":"Point","coordinates":[112.3,-7.2]}},{"type":"Feature","properties":{"Line":"R122","Tr":2642,"X":"640300.50000000000","Y":"9207856.50000000000","Rotation":0,"NAMOBJ":"Bakalrejo","WADMKC":"Sugio","WADMKK":"Lamongan"},"geometry":{"type":"Point","coordinates":[112.3,-7.2]}},{"type":"Feature","properties":{"Line":"R122","Tr":2643,"X":"640300.50000000000","Y":"9207844.00000000000","Rotation":0,"NAMOBJ":"Bakalrejo","WADMKC":"Sugio","WADMKK":"Lamongan"},"geometry":{"type":"Point","coordinates":[112.3,-7.2]}},{"type":"Feature","properties":{"Line":"R122","Tr":2644,"X":"640300.50000000000","Y":"9207831.50000000000","Rotation":0,"NAMOBJ":"Bakalrejo","WADMKC":"Sugio","WADMKK":"Lamongan"},"geometry":{"type":"Point","coordinates":[112.3,-7.2]}},{"type":"Feature","properties":{"Line":"R122","Tr":2645,"X":"640300.50000000000","Y":"9207819.00000000000","Rotation":0,"NAMOBJ":"Bakalrejo","WADMKC":"Sugio","WADMKK":"Lamongan"},"geometry":{"type":"Point","coordinates":[112.3,-7.2]}},{"type":"Feature","properties":{"Line":"R122","Tr":2646,"X":"640300.50000000000","Y":"9207806.50000000000","Rotation":0,"NAMOBJ":"Bakalrejo","WADMKC":"Sugio","WADMKK":"Lamongan"},"geometry":{"type":"Point","coordinates":[112.3,-7.2]}},{"type":"Feature","properties":{"Line":"R122","Tr":2647,"X":"640300.50000000000","Y":"9207794.00000000000","Rotation":0,"NAMOBJ":"Bakalrejo","WADMKC":"Sugio","WADMKK":"Lamongan"},"geometry":{"type":"Point","coordinates":[112.3,-7.2]}},{"type":"Feature","properties":{"Line":"R122","Tr":2648,"X":"640300.50000000000","Y":"9207781.50000000000","Rotation":0,"NAMOBJ":"Bakalrejo","WADMKC":"Sugio","WADMKK":"Lamongan"},"geometry":{"type":"Point","coordinates":[112.3,-7.2]}},{"type":"Feature","properties":{"Line":"R122","Tr":2649,"X":"640300.50000000000","Y":"9207769.00000000000","Rotation":0,"NAMOBJ":"Bakalrejo","WADMKC":"Sugio","WADMKK":"Lamongan"},"geometry":{"type":"Point","coordinates":[112.3,-7.2]}},{"type":"Feature","properties":{"Line":"R122","Tr":2650,"X":"640300.50000000000","Y":"9207756.50000000000","Rotation":0,"NAMOBJ":"Bakalrejo","WADMKC":"Sugio","WADMKK":"Lamongan"},"geometry":{"type":"Point","coordinates":[112.3,-7.2]}},{"type":"Feature","properties":{"Line":"R122","Tr":2651,"X":"640300.50000000000","Y":"9207744.00000000000","Rotation":0,"NAMOBJ":"Bakalrejo","WADMKC":"Sugio","WADMKK":"Lamongan"},"geometry":{"type":"Point","coordinates":[112.3,-7.2]}},{"type":"Feature","properties":{"Line":"R122","Tr":2652,"X":"640300.50000000000","Y":"9207731.50000000000","Rotation":0,"NAMOBJ":"Bakalrejo","WADMKC":"Sugio","WADMKK":"Lamongan"},"geometry":{"type":"Point","coordinates":[112.3,-7.2]}},{"type":"Feature","properties":{"Line":"R122","Tr":2653,"X":"640300.50000000000","Y":"9207719.00000000000","Rotation":0,"NAMOBJ":"Bakalrejo","WADMKC":"Sugio","WADMKK":"Lamongan"},"geometry":{"type":"Point","coordinates":[112.3,-7.2]}},{"type":"Feature","properties":{"Line":"R122","Tr":2654,"X":"640300.50000000000","Y":"9207706.50000000000","Rotation":0,"NAMOBJ":"Bakalrejo","WADMKC":"Sugio","WADMKK":"Lamongan"},"geometry":{"type":"Point","coordinates":[112.3,-7.2]}},{"type":"Feature","properties":{"Line":"R122","Tr":2655,"X":"640300.50000000000","Y":"9207694.00000000000","Rotation":0,"NAMOBJ":"Bakalrejo","WADMKC":"Sugio","WADMKK":"Lamongan"},"geometry":{"type":"Point","coordinates":[112.3,-7.2]}},{"type":"Feature","properties":{"Line":"R122","Tr":2656,"X":"640300.50000000000","Y":"9207681.50000000000","Rotation":0,"NAMOBJ":"Bakalrejo","WADMKC":"Sugio","WADMKK":"Lamongan"},"geometry":{"type":"Point","coordinates":[112.3,-7.2]}},{"type":"Feature","properties":{"Line":"R122","Tr":2657,"X":"640300.50000000000","Y":"9207669.00000000000","Rotation":0,"NAMOBJ":"Bakalrejo","WADMKC":"Sugio","WADMKK":"Lamongan"},"geometry":{"type":"Point","coordinates":[112.3,-7.2]}},{"type":"Feature","properties":{"Line":"R122","Tr":2658,"X":"640300.50000000000","Y":"9207656.50000000000","Rotation":0,"NAMOBJ":"Bakalrejo","WADMKC":"Sugio","WADMKK":"Lamongan"},"geometry":{"type":"Point","coordinates":[112.3,-7.2]}},{"type":"Feature","properties":{"Line":"R122","Tr":2659,"X":"640300.50000000000","Y":"9207644.00000000000","Rotation":0,"NAMOBJ":"Bakalrejo","WADMKC":"Sugio","WADMKK":"Lamongan"},"geometry":{"type":"Point","coordinates":[112.3,-7.2]}},{"type":"Feature","properties":{"Line":"R122","Tr":2660,"X":"640300.50000000000","Y":"9207631.50000000000","Rotation":0,"NAMOBJ":"Bakalrejo","WADMKC":"Sugio","WADMKK":"Lamongan"},"geometry":{"type":"Point","coordinates":[112.3,-7.2]}},{"type":"Feature","properties":{"Line":"R122","Tr":2661,"X":"640300.50000000000","Y":"9207619.00000000000","Rotation":0,"NAMOBJ":"Bakalrejo","WADMKC":"Sugio","WADMKK":"Lamongan"},"geometry":{"type":"Point","coordinates":[112.3,-7.2]}},{"type":"Feature","properties":{"Line":"R122","Tr":2662,"X":"640300.50000000000","Y":"9207606.50000000000","Rotation":0,"NAMOBJ":"Bakalrejo","WADMKC":"Sugio","WADMKK":"Lamongan"},"geometry":{"type":"Point","coordinates":[112.3,-7.2]}},{"type":"Feature","properties":{"Line":"R122","Tr":2663,"X":"640300.50000000000","Y":"9207594.00000000000","Rotation":0,"NAMOBJ":"Bakalrejo","WADMKC":"Sugio","WADMKK":"Lamongan"},"geometry":{"type":"Point","coordinates":[112.3,-7.2]}},{"type":"Feature","properties":{"Line":"R122","Tr":2664,"X":"640300.50000000000","Y":"9207581.50000000000","Rotation":0,"NAMOBJ":"Bakalrejo","WADMKC":"Sugio","WADMKK":"Lamongan"},"geometry":{"type":"Point","coordinates":[112.3,-7.2]}},{"type":"Feature","properties":{"Line":"R122","Tr":2665,"X":"640300.50000000000","Y":"9207569.00000000000","Rotation":0,"NAMOBJ":"Bakalrejo","WADMKC":"Sugio","WADMKK":"Lamongan"},"geometry":{"type":"Point","coordinates":[112.3,-7.2]}},{"type":"Feature","properties":{"Line":"R122","Tr":2666,"X":"640300.50000000000","Y":"9207556.50000000000","Rotation":0,"NAMOBJ":"Bakalrejo","WADMKC":"Sugio","WADMKK":"Lamongan"},"geometry":{"type":"Point","coordinates":[112.3,-7.2]}},{"type":"Feature","properties":{"Line":"R122","Tr":2667,"X":"640300.50000000000","Y":"9207544.00000000000","Rotation":0,"NAMOBJ":"Bakalrejo","WADMKC":"Sugio","WADMKK":"Lamongan"},"geometry":{"type":"Point","coordinates":[112.3,-7.2]}},{"type":"Feature","properties":{"Line":"R122","Tr":2668,"X":"640300.50000000000","Y":"9207531.50000000000","Rotation":0,"NAMOBJ":"Bakalrejo","WADMKC":"Sugio","WADMKK":"Lamongan"},"geometry":{"type":"Point","coordinates":[112.3,-7.2]}},{"type":"Feature","properties":{"Line":"R122","Tr":2669,"X":"640300.50000000000","Y":"9207519.00000000000","Rotation":0,"NAMOBJ":"Bakalrejo","WADMKC":"Sugio","WADMKK":"Lamongan"},"geometry":{"type":"Point","coordinates":[112.3,-7.2]}},{"type":"Feature","properties":{"Line":"R122","Tr":2670,"X":"640300.50000000000","Y":"9207506.50000000000","Rotation":0,"NAMOBJ":"Bakalrejo","WADMKC":"Sugio","WADMKK":"Lamongan"},"geometry":{"type":"Point","coordinates":[112.3,-7.2]}},{"type":"Feature","properties":{"Line":"R122","Tr":2671,"X":"640300.50000000000","Y":"9207494.00000000000","Rotation":0,"NAMOBJ":"Bakalrejo","WADMKC":"Sugio","WADMKK":"Lamongan"},"geometry":{"type":"Point","coordinates":[112.3,-7.2]}},{"type":"Feature","properties":{"Line":"R122","Tr":2672,"X":"640300.50000000000","Y":"9207481.50000000000","Rotation":0,"NAMOBJ":"Bakalrejo","WADMKC":"Sugio","WADMKK":"Lamongan"},"geometry":{"type":"Point","coordinates":[112.3,-7.2]}},{"type":"Feature","properties":{"Line":"R122","Tr":2673,"X":"640300.50000000000","Y":"9207469.00000000000","Rotation":0,"NAMOBJ":"Bakalrejo","WADMKC":"Sugio","WADMKK":"Lamongan"},"geometry":{"type":"Point","coordinates":[112.3,-7.2]}},{"type":"Feature","properties":{"Line":"R122","Tr":2674,"X":"640300.50000000000","Y":"9207456.50000000000","Rotation":0,"NAMOBJ":"Bakalrejo","WADMKC":"Sugio","WADMKK":"Lamongan"},"geometry":{"type":"Point","coordinates":[112.3,-7.2]}},{"type":"Feature","properties":{"Line":"R122","Tr":2675,"X":"640300.50000000000","Y":"9207444.00000000000","Rotation":0,"NAMOBJ":"Bakalrejo","WADMKC":"Sugio","WADMKK":"Lamongan"},"geometry":{"type":"Point","coordinates":[112.3,-7.2]}},{"type":"Feature","properties":{"Line":"R122","Tr":2676,"X":"640300.50000000000","Y":"9207431.50000000000","Rotation":0,"NAMOBJ":"Bakalrejo","WADMKC":"Sugio","WADMKK":"Lamongan"},"geometry":{"type":"Point","coordinates":[112.3,-7.2]}},{"type":"Feature","properties":{"Line":"R122","Tr":2677,"X":"640300.50000000000","Y":"9207419.00000000000","Rotation":0,"NAMOBJ":"Bakalrejo","WADMKC":"Sugio","WADMKK":"Lamongan"},"geometry":{"type":"Point","coordinates":[112.3,-7.2]}},{"type":"Feature","properties":{"Line":"R122","Tr":2678,"X":"640300.50000000000","Y":"9207406.50000000000","Rotation":0,"NAMOBJ":"Bakalrejo","WADMKC":"Sugio","WADMKK":"Lamongan"},"geometry":{"type":"Point","coordinates":[112.3,-7.2]}},{"type":"Feature","properties":{"Line":"R122","Tr":2679,"X":"640300.50000000000","Y":"9207394.00000000000","Rotation":0,"NAMOBJ":"Bakalrejo","WADMKC":"Sugio","WADMKK":"Lamongan"},"geometry":{"type":"Point","coordinates":[112.3,-7.2]}},{"type":"Feature","properties":{"Line":"R122","Tr":2680,"X":"640300.50000000000","Y":"9207381.50000000000","Rotation":0,"NAMOBJ":"Bakalrejo","WADMKC":"Sugio","WADMKK":"Lamongan"},"geometry":{"type":"Point","coordinates":[112.3,-7.2]}},{"type":"Feature","properties":{"Line":"R122","Tr":2681,"X":"640300.50000000000","Y":"9207369.00000000000","Rotation":0,"NAMOBJ":"Bakalrejo","WADMKC":"Sugio","WADMKK":"Lamongan"},"geometry":{"type":"Point","coordinates":[112.3,-7.2]}},{"type":"Feature","properties":{"Line":"R122","Tr":2682,"X":"640300.50000000000","Y":"9207356.50000000000","Rotation":0,"NAMOBJ":"Bakalrejo","WADMKC":"Sugio","WADMKK":"Lamongan"},"geometry":{"type":"Point","coordinates":[112.3,-7.2]}},{"type":"Feature","properties":{"Line":"R122","Tr":2683,"X":"640300.50000000000","Y":"9207344.00000000000","Rotation":0,"NAMOBJ":"Bakalrejo","WADMKC":"Sugio","WADMKK":"Lamongan"},"geometry":{"type":"Point","coordinates":[112.3,-7.2]}},{"type":"Feature","properties":{"Line":"R122","Tr":2684,"X":"640300.50000000000","Y":"9207331.50000000000","Rotation":0,"NAMOBJ":"Bakalrejo","WADMKC":"Sugio","WADMKK":"Lamongan"},"geometry":{"type":"Point","coordinates":[112.3,-7.2]}},{"type":"Feature","properties":{"Line":"R122","Tr":2685,"X":"640300.50000000000","Y":"9207319.00000000000","Rotation":0,"NAMOBJ":"Bakalrejo","WADMKC":"Sugio","WADMKK":"Lamongan"},"geometry":{"type":"Point","coordinates":[112.3,-7.2]}},{"type":"Feature","properties":{"Line":"R122","Tr":2686,"X":"640300.50000000000","Y":"9207306.50000000000","Rotation":0,"NAMOBJ":"Bakalrejo","WADMKC":"Sugio","WADMKK":"Lamongan"},"geometry":{"type":"Point","coordinates":[112.3,-7.2]}},{"type":"Feature","properties":{"Line":"R122","Tr":2687,"X":"640300.50000000000","Y":"9207294.00000000000","Rotation":0,"NAMOBJ":"Bakalrejo","WADMKC":"Sugio","WADMKK":"Lamongan"},"geometry":{"type":"Point","coordinates":[112.3,-7.2]}},{"type":"Feature","properties":{"Line":"R122","Tr":2688,"X":"640300.50000000000","Y":"9207281.50000000000","Rotation":0,"NAMOBJ":"Bakalrejo","WADMKC":"Sugio","WADMKK":"Lamongan"},"geometry":{"type":"Point","coordinates":[112.3,-7.2]}},{"type":"Feature","properties":{"Line":"R122","Tr":2689,"X":"640300.50000000000","Y":"9207269.00000000000","Rotation":0,"NAMOBJ":"Bakalrejo","WADMKC":"Sugio","WADMKK":"Lamongan"},"geometry":{"type":"Point","coordinates":[112.3,-7.2]}},{"type":"Feature","properties":{"Line":"R122","Tr":2690,"X":"640300.50000000000","Y":"9207256.50000000000","Rotation":0,"NAMOBJ":"Bakalrejo","WADMKC":"Sugio","WADMKK":"Lamongan"},"geometry":{"type":"Point","coordinates":[112.3,-7.2]}},{"type":"Feature","properties":{"Line":"R122","Tr":2691,"X":"640300.50000000000","Y":"9207244.00000000000","Rotation":0,"NAMOBJ":"Bakalrejo","WADMKC":"Sugio","WADMKK":"Lamongan"},"geometry":{"type":"Point","coordinates":[112.3,-7.2]}},{"type":"Feature","properties":{"Line":"R122","Tr":2692,"X":"640300.50000000000","Y":"9207231.50000000000","Rotation":0,"NAMOBJ":"Bakalrejo","WADMKC":"Sugio","WADMKK":"Lamongan"},"geometry":{"type":"Point","coordinates":[112.3,-7.2]}},{"type":"Feature","properties":{"Line":"R122","Tr":2693,"X":"640300.50000000000","Y":"9207219.00000000000","Rotation":0,"NAMOBJ":"Bakalrejo","WADMKC":"Sugio","WADMKK":"Lamongan"},"geometry":{"type":"Point","coordinates":[112.3,-7.2]}},{"type":"Feature","properties":{"Line":"R122","Tr":2694,"X":"640300.50000000000","Y":"9207206.50000000000","Rotation":0,"NAMOBJ":"Bakalrejo","WADMKC":"Sugio","WADMKK":"Lamongan"},"geometry":{"type":"Point","coordinates":[112.3,-7.2]}},{"type":"Feature","properties":{"Line":"R122","Tr":2695,"X":"640300.50000000000","Y":"9207194.00000000000","Rotation":0,"NAMOBJ":"Bakalrejo","WADMKC":"Sugio","WADMKK":"Lamongan"},"geometry":{"type":"Point","coordinates":[112.3,-7.2]}},{"type":"Feature","properties":{"Line":"R122","Tr":2696,"X":"640300.50000000000","Y":"9207181.50000000000","Rotation":0,"NAMOBJ":"Bakalrejo","WADMKC":"Sugio","WADMKK":"Lamongan"},"geometry":{"type":"Point","coordinates":[112.3,-7.2]}},{"type":"Feature","properties":{"Line":"R122","Tr":2697,"X":"640300.50000000000","Y":"9207169.00000000000","Rotation":0,"NAMOBJ":"Bakalrejo","WADMKC":"Sugio","WADMKK":"Lamongan"},"geometry":{"type":"Point","coordinates":[112.3,-7.2]}},{"type":"Feature","properties":{"Line":"R122","Tr":2698,"X":"640300.50000000000","Y":"9207156.50000000000","Rotation":0,"NAMOBJ":"Bakalrejo","WADMKC":"Sugio","WADMKK":"Lamongan"},"geometry":{"type":"Point","coordinates":[112.3,-7.2]}},{"type":"Feature","properties":{"Line":"R122","Tr":2699,"X":"640300.50000000000","Y":"9207144.00000000000","Rotation":0,"NAMOBJ":"Bakalrejo","WADMKC":"Sugio","WADMKK":"Lamongan"},"geometry":{"type":"Point","coordinates":[112.3,-7.2]}},{"type":"Feature","properties":{"Line":"R122","Tr":2700,"X":"640300.50000000000","Y":"9207131.50000000000","Rotation":0,"NAMOBJ":"Bakalrejo","WADMKC":"Sugio","WADMKK":"Lamongan"},"geometry":{"type":"Point","coordinates":[112.3,-7.2]}},{"type":"Feature","properties":{"Line":"R122","Tr":2701,"X":"640300.50000000000","Y":"9207119.00000000000","Rotation":0,"NAMOBJ":"Bakalrejo","WADMKC":"Sugio","WADMKK":"Lamongan"},"geometry":{"type":"Point","coordinates":[112.3,-7.2]}},{"type":"Feature","properties":{"Line":"R122","Tr":2702,"X":"640300.50000000000","Y":"9207106.50000000000","Rotation":0,"NAMOBJ":"Bakalrejo","WADMKC":"Sugio","WADMKK":"Lamongan"},"geometry":{"type":"Point","coordinates":[112.3,-7.2]}},{"type":"Feature","properties":{"Line":"R122","Tr":2703,"X":"640300.50000000000","Y":"9207094.00000000000","Rotation":0,"NAMOBJ":"Bakalrejo","WADMKC":"Sugio","WADMKK":"Lamongan"},"geometry":{"type":"Point","coordinates":[112.3,-7.2]}},{"type":"Feature","properties":{"Line":"R122","Tr":2704,"X":"640300.50000000000","Y":"9207081.50000000000","Rotation":0,"NAMOBJ":"Bakalrejo","WADMKC":"Sugio","WADMKK":"Lamongan"},"geometry":{"type":"Point","coordinates":[112.3,-7.2]}},{"type":"Feature","properties":{"Line":"R122","Tr":2705,"X":"640300.50000000000","Y":"9207069.00000000000","Rotation":0,"NAMOBJ":"Bakalrejo","WADMKC":"Sugio","WADMKK":"Lamongan"},"geometry":{"type":"Point","coordinates":[112.3,-7.2]}},{"type":"Feature","properties":{"Line":"R122","Tr":2706,"X":"640300.50000000000","Y":"9207056.50000000000","Rotation":0,"NAMOBJ":"Bakalrejo","WADMKC":"Sugio","WADMKK":"Lamongan"},"geometry":{"type":"Point","coordinates":[112.3,-7.2]}},{"type":"Feature","properties":{"Line":"R122","Tr":2707,"X":"640300.50000000000","Y":"9207044.00000000000","Rotation":0,"NAMOBJ":"Bakalrejo","WADMKC":"Sugio","WADMKK":"Lamongan"},"geometry":{"type":"Point","coordinates":[112.3,-7.2]}},{"type":"Feature","properties":{"Line":"R122","Tr":2708,"X":"640300.50000000000","Y":"9207031.50000000000","Rotation":0,"NAMOBJ":"Bakalrejo","WADMKC":"Sugio","WADMKK":"Lamongan"},"geometry":{"type":"Point","coordinates":[112.3,-7.2]}},{"type":"Feature","properties":{"Line":"R122","Tr":2709,"X":"640300.50000000000","Y":"9207019.00000000000","Rotation":0,"NAMOBJ":"Bakalrejo","WADMKC":"Sugio","WADMKK":"Lamongan"},"geometry":{"type":"Point","coordinates":[112.3,-7.2]}},{"type":"Feature","properties":{"Line":"R122","Tr":2710,"X":"640300.50000000000","Y":"9207006.50000000000","Rotation":0,"NAMOBJ":"Bakalrejo","WADMKC":"Sugio","WADMKK":"Lamongan"},"geometry":{"type":"Point","coordinates":[112.3,-7.2]}},{"type":"Feature","properties":{"Line":"R122","Tr":2711,"X":"640300.50000000000","Y":"9206994.00000000000","Rotation":0,"NAMOBJ":"Bakalrejo","WADMKC":"Sugio","WADMKK":"Lamongan"},"geometry":{"type":"Point","coordinates":[112.3,-7.2]}},{"type":"Feature","properties":{"Line":"R122","Tr":2712,"X":"640300.50000000000","Y":"9206981.50000000000","Rotation":0,"NAMOBJ":"Bakalrejo","WADMKC":"Sugio","WADMKK":"Lamongan"},"geometry":{"type":"Point","coordinates":[112.3,-7.2]}},{"type":"Feature","properties":{"Line":"R122","Tr":2713,"X":"640300.50000000000","Y":"9206969.00000000000","Rotation":0,"NAMOBJ":"Bakalrejo","WADMKC":"Sugio","WADMKK":"Lamongan"},"geometry":{"type":"Point","coordinates":[112.3,-7.2]}},{"type":"Feature","properties":{"Line":"R122","Tr":2714,"X":"640300.50000000000","Y":"9206956.50000000000","Rotation":0,"NAMOBJ":"Bakalrejo","WADMKC":"Sugio","WADMKK":"Lamongan"},"geometry":{"type":"Point","coordinates":[112.3,-7.2]}},{"type":"Feature","properties":{"Line":"R122","Tr":2715,"X":"640300.50000000000","Y":"9206944.00000000000","Rotation":0,"NAMOBJ":"Bakalrejo","WADMKC":"Sugio","WADMKK":"Lamongan"},"geometry":{"type":"Point","coordinates":[112.3,-7.2]}},{"type":"Feature","properties":{"Line":"R122","Tr":2716,"X":"640300.50000000000","Y":"9206931.50000000000","Rotation":0,"NAMOBJ":"Bakalrejo","WADMKC":"Sugio","WADMKK":"Lamongan"},"geometry":{"type":"Point","coordinates":[112.3,-7.2]}},{"type":"Feature","properties":{"Line":"R122","Tr":2717,"X":"640300.50000000000","Y":"9206919.00000000000","Rotation":0,"NAMOBJ":"Bakalrejo","WADMKC":"Sugio","WADMKK":"Lamongan"},"geometry":{"type":"Point","coordinates":[112.3,-7.2]}},{"type":"Feature","properties":{"Line":"R122","Tr":2718,"X":"640300.50000000000","Y":"9206906.50000000000","Rotation":0,"NAMOBJ":"Bakalrejo","WADMKC":"Sugio","WADMKK":"Lamongan"},"geometry":{"type":"Point","coordinates":[112.3,-7.2]}},{"type":"Feature","properties":{"Line":"R122","Tr":2719,"X":"640300.50000000000","Y":"9206894.00000000000","Rotation":0,"NAMOBJ":"Bakalrejo","WADMKC":"Sugio","WADMKK":"Lamongan"},"geometry":{"type":"Point","coordinates":[112.3,-7.2]}},{"type":"Feature","properties":{"Line":"R122","Tr":2720,"X":"640300.50000000000","Y":"9206881.50000000000","Rotation":0,"NAMOBJ":"Bakalrejo","WADMKC":"Sugio","WADMKK":"Lamongan"},"geometry":{"type":"Point","coordinates":[112.3,-7.2]}},{"type":"Feature","properties":{"Line":"R122","Tr":2721,"X":"640300.50000000000","Y":"9206869.00000000000","Rotation":0,"NAMOBJ":"Bakalrejo","WADMKC":"Sugio","WADMKK":"Lamongan"},"geometry":{"type":"Point","coordinates":[112.3,-7.2]}},{"type":"Feature","properties":{"Line":"R122","Tr":2722,"X":"640300.50000000000","Y":"9206856.50000000000","Rotation":0,"NAMOBJ":"Bakalrejo","WADMKC":"Sugio","WADMKK":"Lamongan"},"geometry":{"type":"Point","coordinates":[112.3,-7.2]}},{"type":"Feature","properties":{"Line":"R122","Tr":2723,"X":"640300.50000000000","Y":"9206844.00000000000","Rotation":0,"NAMOBJ":"Bakalrejo","WADMKC":"Sugio","WADMKK":"Lamongan"},"geometry":{"type":"Point","coordinates":[112.3,-7.2]}},{"type":"Feature","properties":{"Line":"R122","Tr":2724,"X":"640300.50000000000","Y":"9206831.50000000000","Rotation":0,"NAMOBJ":"Bakalrejo","WADMKC":"Sugio","WADMKK":"Lamongan"},"geometry":{"type":"Point","coordinates":[112.3,-7.2]}},{"type":"Feature","properties":{"Line":"R122","Tr":2725,"X":"640300.50000000000","Y":"9206819.00000000000","Rotation":0,"NAMOBJ":"Bakalrejo","WADMKC":"Sugio","WADMKK":"Lamongan"},"geometry":{"type":"Point","coordinates":[112.3,-7.2]}},{"type":"Feature","properties":{"Line":"R124","Tr":2709,"X":"641300.50000000000","Y":"9207569.00000000000","Rotation":0,"NAMOBJ":"Bakalrejo","WADMKC":"Sugio","WADMKK":"Lamongan"},"geometry":{"type":"Point","coordinates":[112.3,-7.2]}},{"type":"Feature","properties":{"Line":"R124","Tr":2710,"X":"641300.50000000000","Y":"9207556.50000000000","Rotation":0,"NAMOBJ":"Bakalrejo","WADMKC":"Sugio","WADMKK":"Lamongan"},"geometry":{"type":"Point","coordinates":[112.3,-7.2]}},{"type":"Feature","properties":{"Line":"R124","Tr":2711,"X":"641300.50000000000","Y":"9207544.00000000000","Rotation":0,"NAMOBJ":"Bakalrejo","WADMKC":"Sugio","WADMKK":"Lamongan"},"geometry":{"type":"Point","coordinates":[112.3,-7.2]}},{"type":"Feature","properties":{"Line":"R124","Tr":2712,"X":"641300.50000000000","Y":"9207531.50000000000","Rotation":0,"NAMOBJ":"Bakalrejo","WADMKC":"Sugio","WADMKK":"Lamongan"},"geometry":{"type":"Point","coordinates":[112.3,-7.2]}},{"type":"Feature","properties":{"Line":"R124","Tr":2713,"X":"641300.50000000000","Y":"9207519.00000000000","Rotation":0,"NAMOBJ":"Bakalrejo","WADMKC":"Sugio","WADMKK":"Lamongan"},"geometry":{"type":"Point","coordinates":[112.3,-7.2]}},{"type":"Feature","properties":{"Line":"R124","Tr":2714,"X":"641300.50000000000","Y":"9207506.50000000000","Rotation":0,"NAMOBJ":"Bakalrejo","WADMKC":"Sugio","WADMKK":"Lamongan"},"geometry":{"type":"Point","coordinates":[112.3,-7.2]}},{"type":"Feature","properties":{"Line":"R124","Tr":2715,"X":"641300.50000000000","Y":"9207494.00000000000","Rotation":0,"NAMOBJ":"Bakalrejo","WADMKC":"Sugio","WADMKK":"Lamongan"},"geometry":{"type":"Point","coordinates":[112.3,-7.2]}},{"type":"Feature","properties":{"Line":"R124","Tr":2716,"X":"641300.50000000000","Y":"9207481.50000000000","Rotation":0,"NAMOBJ":"Bakalrejo","WADMKC":"Sugio","WADMKK":"Lamongan"},"geometry":{"type":"Point","coordinates":[112.3,-7.2]}},{"type":"Feature","properties":{"Line":"R124","Tr":2717,"X":"641300.50000000000","Y":"9207469.00000000000","Rotation":0,"NAMOBJ":"Bakalrejo","WADMKC":"Sugio","WADMKK":"Lamongan"},"geometry":{"type":"Point","coordinates":[112.3,-7.2]}},{"type":"Feature","properties":{"Line":"R124","Tr":2718,"X":"641300.50000000000","Y":"9207456.50000000000","Rotation":0,"NAMOBJ":"Bakalrejo","WADMKC":"Sugio","WADMKK":"Lamongan"},"geometry":{"type":"Point","coordinates":[112.3,-7.2]}},{"type":"Feature","properties":{"Line":"R124","Tr":2719,"X":"641300.50000000000","Y":"9207444.00000000000","Rotation":0,"NAMOBJ":"Bakalrejo","WADMKC":"Sugio","WADMKK":"Lamongan"},"geometry":{"type":"Point","coordinates":[112.3,-7.2]}},{"type":"Feature","properties":{"Line":"R124","Tr":2720,"X":"641300.50000000000","Y":"9207431.50000000000","Rotation":0,"NAMOBJ":"Bakalrejo","WADMKC":"Sugio","WADMKK":"Lamongan"},"geometry":{"type":"Point","coordinates":[112.3,-7.2]}},{"type":"Feature","properties":{"Line":"R124","Tr":2721,"X":"641300.50000000000","Y":"9207419.00000000000","Rotation":0,"NAMOBJ":"Bakalrejo","WADMKC":"Sugio","WADMKK":"Lamongan"},"geometry":{"type":"Point","coordinates":[112.3,-7.2]}},{"type":"Feature","properties":{"Line":"R124","Tr":2722,"X":"641300.50000000000","Y":"9207406.50000000000","Rotation":0,"NAMOBJ":"Bakalrejo","WADMKC":"Sugio","WADMKK":"Lamongan"},"geometry":{"type":"Point","coordinates":[112.3,-7.2]}},{"type":"Feature","properties":{"Line":"R124","Tr":2723,"X":"641300.50000000000","Y":"9207394.00000000000","Rotation":0,"NAMOBJ":"Bakalrejo","WADMKC":"Sugio","WADMKK":"Lamongan"},"geometry":{"type":"Point","coordinates":[112.3,-7.2]}},{"type":"Feature","properties":{"Line":"R124","Tr":2724,"X":"641300.50000000000","Y":"9207381.50000000000","Rotation":0,"NAMOBJ":"Bakalrejo","WADMKC":"Sugio","WADMKK":"Lamongan"},"geometry":{"type":"Point","coordinates":[112.3,-7.2]}},{"type":"Feature","properties":{"Line":"R124","Tr":2725,"X":"641300.50000000000","Y":"9207369.00000000000","Rotation":0,"NAMOBJ":"Bakalrejo","WADMKC":"Sugio","WADMKK":"Lamongan"},"geometry":{"type":"Point","coordinates":[112.3,-7.2]}},{"type":"Feature","properties":{"Line":"R124","Tr":2726,"X":"641300.50000000000","Y":"9207356.50000000000","Rotation":0,"NAMOBJ":"Bakalrejo","WADMKC":"Sugio","WADMKK":"Lamongan"},"geometry":{"type":"Point","coordinates":[112.3,-7.2]}},{"type":"Feature","properties":{"Line":"R124","Tr":2727,"X":"641300.50000000000","Y":"9207344.00000000000","Rotation":0,"NAMOBJ":"Bakalrejo","WADMKC":"Sugio","WADMKK":"Lamongan"},"geometry":{"type":"Point","coordinates":[112.3,-7.2]}},{"type":"Feature","properties":{"Line":"R124","Tr":2728,"X":"641300.50000000000","Y":"9207331.50000000000","Rotation":0,"NAMOBJ":"Bakalrejo","WADMKC":"Sugio","WADMKK":"Lamongan"},"geometry":{"type":"Point","coordinates":[112.3,-7.2]}},{"type":"Feature","properties":{"Line":"R124","Tr":2729,"X":"641300.50000000000","Y":"9207319.00000000000","Rotation":0,"NAMOBJ":"Bakalrejo","WADMKC":"Sugio","WADMKK":"Lamongan"},"geometry":{"type":"Point","coordinates":[112.3,-7.2]}},{"type":"Feature","properties":{"Line":"R124","Tr":2730,"X":"641300.50000000000","Y":"9207306.50000000000","Rotation":0,"NAMOBJ":"Bakalrejo","WADMKC":"Sugio","WADMKK":"Lamongan"},"geometry":{"type":"Point","coordinates":[112.3,-7.2]}},{"type":"Feature","properties":{"Line":"R124","Tr":2731,"X":"641300.50000000000","Y":"9207294.00000000000","Rotation":0,"NAMOBJ":"Bakalrejo","WADMKC":"Sugio","WADMKK":"Lamongan"},"geometry":{"type":"Point","coordinates":[112.3,-7.2]}},{"type":"Feature","properties":{"Line":"R124","Tr":2732,"X":"641300.50000000000","Y":"9207281.50000000000","Rotation":0,"NAMOBJ":"Bakalrejo","WADMKC":"Sugio","WADMKK":"Lamongan"},"geometry":{"type":"Point","coordinates":[112.3,-7.2]}},{"type":"Feature","properties":{"Line":"R124","Tr":2733,"X":"641300.50000000000","Y":"9207269.00000000000","Rotation":0,"NAMOBJ":"Bakalrejo","WADMKC":"Sugio","WADMKK":"Lamongan"},"geometry":{"type":"Point","coordinates":[112.3,-7.2]}},{"type":"Feature","properties":{"Line":"R124","Tr":2734,"X":"641300.50000000000","Y":"9207256.50000000000","Rotation":0,"NAMOBJ":"Bakalrejo","WADMKC":"Sugio","WADMKK":"Lamongan"},"geometry":{"type":"Point","coordinates":[112.3,-7.2]}},{"type":"Feature","properties":{"Line":"R124","Tr":2735,"X":"641300.50000000000","Y":"9207244.00000000000","Rotation":0,"NAMOBJ":"Bakalrejo","WADMKC":"Sugio","WADMKK":"Lamongan"},"geometry":{"type":"Point","coordinates":[112.3,-7.2]}},{"type":"Feature","properties":{"Line":"R124","Tr":2736,"X":"641300.50000000000","Y":"9207231.50000000000","Rotation":0,"NAMOBJ":"Bakalrejo","WADMKC":"Sugio","WADMKK":"Lamongan"},"geometry":{"type":"Point","coordinates":[112.3,-7.2]}},{"type":"Feature","properties":{"Line":"R124","Tr":2737,"X":"641300.50000000000","Y":"9207219.00000000000","Rotation":0,"NAMOBJ":"Bakalrejo","WADMKC":"Sugio","WADMKK":"Lamongan"},"geometry":{"type":"Point","coordinates":[112.3,-7.2]}},{"type":"Feature","properties":{"Line":"R101","Tr":2125,"X":"638281.80000000005","Y":"9208800.30000000075","Rotation":90,"NAMOBJ":"Bedingin","WADMKC":"Sugio","WADMKK":"Lamongan"},"geometry":{"type":"Point","coordinates":[112.3,-7.2]}},{"type":"Feature","properties":{"Line":"R101","Tr":2126,"X":"638294.30000000005","Y":"9208800.39000000060","Rotation":90,"NAMOBJ":"Bedingin","WADMKC":"Sugio","WADMKK":"Lamongan"},"geometry":{"type":"Point","coordinates":[112.3,-7.2]}},{"type":"Feature","properties":{"Line":"R101","Tr":2127,"X":"638306.80000000005","Y":"9208800.30000000075","Rotation":90,"NAMOBJ":"Bedingin","WADMKC":"Sugio","WADMKK":"Lamongan"},"geometry":{"type":"Point","coordinates":[112.3,-7.2]}},{"type":"Feature","properties":{"Line":"R101","Tr":2128,"X":"638319.30000000005","Y":"9208800.39000000060","Rotation":90,"NAMOBJ":"Bedingin","WADMKC":"Sugio","WADMKK":"Lamongan"},"geometry":{"type":"Point","coordinates":[112.3,-7.2]}},{"type":"Feature","properties":{"Line":"R101","Tr":2129,"X":"638331.80000000005","Y":"9208800.30000000075","Rotation":90,"NAMOBJ":"Bedingin","WADMKC":"Sugio","WADMKK":"Lamongan"},"geometry":{"type":"Point","coordinates":[112.3,-7.2]}},{"type":"Feature","properties":{"Line":"R101","Tr":2130,"X":"638344.30000000005","Y":"9208800.39000000060","Rotation":90,"NAMOBJ":"Bedingin","WADMKC":"Sugio","WADMKK":"Lamongan"},"geometry":{"type":"Point","coordinates":[112.3,-7.2]}},{"type":"Feature","properties":{"Line":"R101","Tr":2131,"X":"638356.80000000005","Y":"9208800.30000000075","Rotation":90,"NAMOBJ":"Bedingin","WADMKC":"Sugio","WADMKK":"Lamongan"},"geometry":{"type":"Point","coordinates":[112.3,-7.2]}},{"type":"Feature","properties":{"Line":"R101","Tr":2132,"X":"638369.30000000005","Y":"9208800.39000000060","Rotation":90,"NAMOBJ":"Bedingin","WADMKC":"Sugio","WADMKK":"Lamongan"},"geometry":{"type":"Point","coordinates":[112.3,-7.2]}},{"type":"Feature","properties":{"Line":"R101","Tr":2133,"X":"638381.80000000005","Y":"9208800.30000000075","Rotation":90,"NAMOBJ":"Bedingin","WADMKC":"Sugio","WADMKK":"Lamongan"},"geometry":{"type":"Point","coordinates":[112.3,-7.2]}},{"type":"Feature","properties":{"Line":"R101","Tr":2134,"X":"638394.30000000005","Y":"9208800.39000000060","Rotation":90,"NAMOBJ":"Bedingin","WADMKC":"Sugio","WADMKK":"Lamongan"},"geometry":{"type":"Point","coordinates":[112.3,-7.2]}},{"type":"Feature","properties":{"Line":"R101","Tr":2135,"X":"638406.80000000005","Y":"9208800.30000000075","Rotation":90,"NAMOBJ":"Bedingin","WADMKC":"Sugio","WADMKK":"Lamongan"},"geometry":{"type":"Point","coordinates":[112.3,-7.2]}},{"type":"Feature","properties":{"Line":"R101","Tr":2136,"X":"638419.30000000005","Y":"9208800.39000000060","Rotation":90,"NAMOBJ":"Bedingin","WADMKC":"Sugio","WADMKK":"Lamongan"},"geometry":{"type":"Point","coordinates":[112.3,-7.2]}},{"type":"Feature","properties":{"Line":"R101","Tr":2137,"X":"638431.80000000005","Y":"9208800.30000000075","Rotation":90,"NAMOBJ":"Bedingin","WADMKC":"Sugio","WADMKK":"Lamongan"},"geometry":{"type":"Point","coordinates":[112.3,-7.2]}},{"type":"Feature","properties":{"Line":"R101","Tr":2138,"X":"638444.30000000005","Y":"9208800.39000000060","Rotation":90,"NAMOBJ":"Bedingin","WADMKC":"Sugio","WADMKK":"Lamongan"},"geometry":{"type":"Point","coordinates":[112.3,-7.2]}},{"type":"Feature","properties":{"Line":"R101","Tr":2139,"X":"638456.80000000005","Y":"9208800.30000000075","Rotation":90,"NAMOBJ":"Bedingin","WADMKC":"Sugio","WADMKK":"Lamongan"},"geometry":{"type":"Point","coordinates":[112.3,-7.2]}},{"type":"Feature","properties":{"Line":"R118","Tr":2473,"X":"638300.50000000000","Y":"9209469.00000000000","Rotation":0,"NAMOBJ":"Bedingin","WADMKC":"Sugio","WADMKK":"Lamongan"},"geometry":{"type":"Point","coordinates":[112.3,-7.2]}},{"type":"Feature","properties":{"Line":"R118","Tr":2474,"X":"638300.50000000000","Y":"9209456.58999999985","Rotation":0,"NAMOBJ":"Bedingin","WADMKC":"Sugio","WADMKK":"Lamongan"},"geometry":{"type":"Point","coordinates":[112.3,-7.2]}},{"type":"Feature","properties":{"Line":"R118","Tr":2475,"X":"638300.50000000000","Y":"9209444.00000000000","Rotation":0,"NAMOBJ":"Bedingin","WADMKC":"Sugio","WADMKK":"Lamongan"},"geometry":{"type":"Point","coordinates":[112.3,-7.2]}},{"type":"Feature","properties":{"Line":"R118","Tr":2509,"X":"638300.50000000000","Y":"9209019.00000000000","Rotation":0,"NAMOBJ":"Bedingin","WADMKC":"Sugio","WADMKK":"Lamongan"},"geometry":{"type":"Point","coordinates":[112.3,-7.2]}},{"type":"Feature","properties":{"Line":"R118","Tr":2510,"X":"638300.50000000000","Y":"9209006.58999999985","Rotation":0,"NAMOBJ":"Bedingin","WADMKC":"Sugio","WADMKK":"Lamongan"},"geometry":{"type":"Point","coordinates":[112.3,-7.2]}},{"type":"Feature","properties":{"Line":"R118","Tr":2511,"X":"638300.50000000000","Y":"9208994.00000000000","Rotation":0,"NAMOBJ":"Bedingin","WADMKC":"Sugio","WADMKK":"Lamongan"},"geometry":{"type":"Point","coordinates":[112.3,-7.2]}},{"type":"Feature","properties":{"Line":"R118","Tr":2512,"X":"638300.50000000000","Y":"9208981.58999999985","Rotation":0,"NAMOBJ":"Bedingin","WADMKC":"Sugio","WADMKK":"Lamongan"},"geometry":{"type":"Point","coordinates":[112.3,-7.2]}},{"type":"Feature","properties":{"Line":"R118","Tr":2513,"X":"638300.50000000000","Y":"9208969.00000000000","Rotation":0,"NAMOBJ":"Bedingin","WADMKC":"Sugio","WADMKK":"Lamongan"},"geometry":{"type":"Point","coordinates":[112.3,-7.2]}},{"type":"Feature","properties":{"Line":"R118","Tr":2514,"X":"638300.50000000000","Y":"9208956.58999999985","Rotation":0,"NAMOBJ":"Bedingin","WADMKC":"Sugio","WADMKK":"Lamongan"},"geometry":{"type":"Point","coordinates":[112.3,-7.2]}},{"type":"Feature","properties":{"Line":"R118","Tr":2515,"X":"638300.50000000000","Y":"9208944.00000000000","Rotation":0,"NAMOBJ":"Bedingin","WADMKC":"Sugio","WADMKK":"Lamongan"},"geometry":{"type":"Point","coordinates":[112.3,-7.2]}},{"type":"Feature","properties":{"Line":"R118","Tr":2516,"X":"638300.50000000000","Y":"9208931.58999999985","Rotation":0,"NAMOBJ":"Bedingin","WADMKC":"Sugio","WADMKK":"Lamongan"},"geometry":{"type":"Point","coordinates":[112.3,-7.2]}},{"type":"Feature","properties":{"Line":"R118","Tr":2517,"X":"638300.50000000000","Y":"9208919.00000000000","Rotation":0,"NAMOBJ":"Bedingin","WADMKC":"Sugio","WADMKK":"Lamongan"},"geometry":{"type":"Point","coordinates":[112.3,-7.2]}},{"type":"Feature","properties":{"Line":"R118","Tr":2518,"X":"638300.50000000000","Y":"9208906.58999999985","Rotation":0,"NAMOBJ":"Bedingin","WADMKC":"Sugio","WADMKK":"Lamongan"},"geometry":{"type":"Point","coordinates":[112.3,-7.2]}},{"type":"Feature","properties":{"Line":"R118","Tr":2519,"X":"638300.50000000000","Y":"9208894.00000000000","Rotation":0,"NAMOBJ":"Bedingin","WADMKC":"Sugio","WADMKK":"Lamongan"},"geometry":{"type":"Point","coordinates":[112.3,-7.2]}},{"type":"Feature","properties":{"Line":"R118","Tr":2520,"X":"638300.50000000000","Y":"9208881.58999999985","Rotation":0,"NAMOBJ":"Bedingin","WADMKC":"Sugio","WADMKK":"Lamongan"},"geometry":{"type":"Point","coordinates":[112.3,-7.2]}},{"type":"Feature","properties":{"Line":"R118","Tr":2521,"X":"638300.50000000000","Y":"9208869.00000000000","Rotation":0,"NAMOBJ":"Bedingin","WADMKC":"Sugio","WADMKK":"Lamongan"},"geometry":{"type":"Point","coordinates":[112.3,-7.2]}},{"type":"Feature","properties":{"Line":"R118","Tr":2522,"X":"638300.50000000000","Y":"9208856.58999999985","Rotation":0,"NAMOBJ":"Bedingin","WADMKC":"Sugio","WADMKK":"Lamongan"},"geometry":{"type":"Point","coordinates":[112.3,-7.2]}},{"type":"Feature","properties":{"Line":"R118","Tr":2523,"X":"638300.50000000000","Y":"9208844.00000000000","Rotation":0,"NAMOBJ":"Bedingin","WADMKC":"Sugio","WADMKK":"Lamongan"},"geometry":{"type":"Point","coordinates":[112.3,-7.2]}},{"type":"Feature","properties":{"Line":"R118","Tr":2524,"X":"638300.50000000000","Y":"9208831.58999999985","Rotation":0,"NAMOBJ":"Bedingin","WADMKC":"Sugio","WADMKK":"Lamongan"},"geometry":{"type":"Point","coordinates":[112.3,-7.2]}},{"type":"Feature","properties":{"Line":"R118","Tr":2525,"X":"638300.50000000000","Y":"9208819.00000000000","Rotation":0,"NAMOBJ":"Bedingin","WADMKC":"Sugio","WADMKK":"Lamongan"},"geometry":{"type":"Point","coordinates":[112.3,-7.2]}},{"type":"Feature","properties":{"Line":"R118","Tr":2526,"X":"638300.50000000000","Y":"9208806.58999999985","Rotation":0,"NAMOBJ":"Bedingin","WADMKC":"Sugio","WADMKK":"Lamongan"},"geometry":{"type":"Point","coordinates":[112.3,-7.2]}},{"type":"Feature","properties":{"Line":"R118","Tr":2527,"X":"638300.50000000000","Y":"9208794.00000000000","Rotation":0,"NAMOBJ":"Bedingin","WADMKC":"Sugio","WADMKK":"Lamongan"},"geometry":{"type":"Point","coordinates":[112.3,-7.2]}},{"type":"Feature","properties":{"Line":"R118","Tr":2528,"X":"638300.50000000000","Y":"9208781.50000000000","Rotation":0,"NAMOBJ":"Bedingin","WADMKC":"Sugio","WADMKK":"Lamongan"},"geometry":{"type":"Point","coordinates":[112.3,-7.2]}},{"type":"Feature","properties":{"Line":"R118","Tr":2529,"X":"638300.50000000000","Y":"9208769.00000000000","Rotation":0,"NAMOBJ":"Bedingin","WADMKC":"Sugio","WADMKK":"Lamongan"},"geometry":{"type":"Point","coordinates":[112.3,-7.2]}},{"type":"Feature","properties":{"Line":"R118","Tr":2530,"X":"638300.50000000000","Y":"9208756.50000000000","Rotation":0,"NAMOBJ":"Bedingin","WADMKC":"Sugio","WADMKK":"Lamongan"},"geometry":{"type":"Point","coordinates":[112.3,-7.2]}},{"type":"Feature","properties":{"Line":"R118","Tr":2531,"X":"638300.50000000000","Y":"9208744.00000000000","Rotation":0,"NAMOBJ":"Bedingin","WADMKC":"Sugio","WADMKK":"Lamongan"},"geometry":{"type":"Point","coordinates":[112.3,-7.2]}},{"type":"Feature","properties":{"Line":"R118","Tr":2532,"X":"638300.50000000000","Y":"9208731.50000000000","Rotation":0,"NAMOBJ":"Bedingin","WADMKC":"Sugio","WADMKK":"Lamongan"},"geometry":{"type":"Point","coordinates":[112.3,-7.2]}},{"type":"Feature","properties":{"Line":"R118","Tr":2533,"X":"638300.50000000000","Y":"9208719.00000000000","Rotation":0,"NAMOBJ":"Bedingin","WADMKC":"Sugio","WADMKK":"Lamongan"},"geometry":{"type":"Point","coordinates":[112.3,-7.2]}},{"type":"Feature","properties":{"Line":"R118","Tr":2534,"X":"638300.50000000000","Y":"9208706.50000000000","Rotation":0,"NAMOBJ":"Bedingin","WADMKC":"Sugio","WADMKK":"Lamongan"},"geometry":{"type":"Point","coordinates":[112.3,-7.2]}},{"type":"Feature","properties":{"Line":"R118","Tr":2535,"X":"638300.50000000000","Y":"9208694.00000000000","Rotation":0,"NAMOBJ":"Bedingin","WADMKC":"Sugio","WADMKK":"Lamongan"},"geometry":{"type":"Point","coordinates":[112.3,-7.2]}},{"type":"Feature","properties":{"Line":"R122","Tr":2856,"X":"640300.50000000000","Y":"9205181.50000000000","Rotation":0,"NAMOBJ":"Deketagung","WADMKC":"Sugio","WADMKK":"Lamongan"},"geometry":{"type":"Point","coordinates":[112.3,-7.2]}},{"type":"Feature","properties":{"Line":"R122","Tr":2857,"X":"640300.50000000000","Y":"9205169.00000000000","Rotation":0,"NAMOBJ":"Deketagung","WADMKC":"Sugio","WADMKK":"Lamongan"},"geometry":{"type":"Point","coordinates":[112.3,-7.2]}},{"type":"Feature","properties":{"Line":"R122","Tr":2858,"X":"640300.50000000000","Y":"9205156.50000000000","Rotation":0,"NAMOBJ":"Deketagung","WADMKC":"Sugio","WADMKK":"Lamongan"},"geometry":{"type":"Point","coordinates":[112.3,-7.2]}},{"type":"Feature","properties":{"Line":"R122","Tr":2880,"X":"640300.50000000000","Y":"9204881.50000000000","Rotation":0,"NAMOBJ":"Deketagung","WADMKC":"Sugio","WADMKK":"Lamongan"},"geometry":{"type":"Point","coordinates":[112.3,-7.2]}},{"type":"Feature","properties":{"Line":"R122","Tr":2881,"X":"640300.50000000000","Y":"9204869.00000000000","Rotation":0,"NAMOBJ":"Deketagung","WADMKC":"Sugio","WADMKK":"Lamongan"},"geometry":{"type":"Point","coordinates":[112.3,-7.2]}},{"type":"Feature","properties":{"Line":"R122","Tr":2882,"X":"640300.50000000000","Y":"9204856.50000000000","Rotation":0,"NAMOBJ":"Deketagung","WADMKC":"Sugio","WADMKK":"Lamongan"},"geometry":{"type":"Point","coordinates":[112.3,-7.2]}},{"type":"Feature","properties":{"Line":"R122","Tr":2883,"X":"640300.50000000000","Y":"9204844.00000000000","Rotation":0,"NAMOBJ":"Deketagung","WADMKC":"Sugio","WADMKK":"Lamongan"},"geometry":{"type":"Point","coordinates":[112.3,-7.2]}},{"type":"Feature","properties":{"Line":"R122","Tr":2884,"X":"640300.50000000000","Y":"9204831.50000000000","Rotation":0,"NAMOBJ":"Deketagung","WADMKC":"Sugio","WADMKK":"Lamongan"},"geometry":{"type":"Point","coordinates":[112.3,-7.2]}},{"type":"Feature","properties":{"Line":"R122","Tr":2885,"X":"640300.50000000000","Y":"9204819.00000000000","Rotation":0,"NAMOBJ":"Deketagung","WADMKC":"Sugio","WADMKK":"Lamongan"},"geometry":{"type":"Point","coordinates":[112.3,-7.2]}},{"type":"Feature","properties":{"Line":"R122","Tr":2886,"X":"640300.50000000000","Y":"9204806.50000000000","Rotation":0,"NAMOBJ":"Deketagung","WADMKC":"Sugio","WADMKK":"Lamongan"},"geometry":{"type":"Point","coordinates":[112.3,-7.2]}},{"type":"Feature","properties":{"Line":"R122","Tr":2887,"X":"640300.50000000000","Y":"9204794.00000000000","Rotation":0,"NAMOBJ":"Deketagung","WADMKC":"Sugio","WADMKK":"Lamongan"},"geometry":{"type":"Point","coordinates":[112.3,-7.2]}},{"type":"Feature","properties":{"Line":"R122","Tr":2888,"X":"640300.50000000000","Y":"9204781.50000000000","Rotation":0,"NAMOBJ":"Deketagung","WADMKC":"Sugio","WADMKK":"Lamongan"},"geometry":{"type":"Point","coordinates":[112.3,-7.2]}},{"type":"Feature","properties":{"Line":"R122","Tr":2889,"X":"640300.50000000000","Y":"9204769.00000000000","Rotation":0,"NAMOBJ":"Deketagung","WADMKC":"Sugio","WADMKK":"Lamongan"},"geometry":{"type":"Point","coordinates":[112.3,-7.2]}},{"type":"Feature","properties":{"Line":"R122","Tr":2890,"X":"640300.50000000000","Y":"9204756.50000000000","Rotation":0,"NAMOBJ":"Deketagung","WADMKC":"Sugio","WADMKK":"Lamongan"},"geometry":{"type":"Point","coordinates":[112.3,-7.2]}},{"type":"Feature","properties":{"Line":"R122","Tr":2891,"X":"640300.50000000000","Y":"9204744.00000000000","Rotation":0,"NAMOBJ":"Deketagung","WADMKC":"Sugio","WADMKK":"Lamongan"},"geometry":{"type":"Point","coordinates":[112.3,-7.2]}},{"type":"Feature","properties":{"Line":"R122","Tr":2892,"X":"640300.50000000000","Y":"9204731.50000000000","Rotation":0,"NAMOBJ":"Deketagung","WADMKC":"Sugio","WADMKK":"Lamongan"},"geometry":{"type":"Point","coordinates":[112.3,-7.2]}},{"type":"Feature","properties":{"Line":"R122","Tr":2893,"X":"640300.50000000000","Y":"9204719.00000000000","Rotation":0,"NAMOBJ":"Deketagung","WADMKC":"Sugio","WADMKK":"Lamongan"},"geometry":{"type":"Point","coordinates":[112.3,-7.2]}},{"type":"Feature","properties":{"Line":"R122","Tr":2894,"X":"640300.50000000000","Y":"9204706.50000000000","Rotation":0,"NAMOBJ":"Deketagung","WADMKC":"Sugio","WADMKK":"Lamongan"},"geometry":{"type":"Point","coordinates":[112.3,-7.2]}},{"type":"Feature","properties":{"Line":"R122","Tr":2895,"X":"640300.50000000000","Y":"9204694.00000000000","Rotation":0,"NAMOBJ":"Deketagung","WADMKC":"Sugio","WADMKK":"Lamongan"},"geometry":{"type":"Point","coordinates":[112.3,-7.2]}},{"type":"Feature","properties":{"Line":"R122","Tr":2896,"X":"640300.50000000000","Y":"9204681.50000000000","Rotation":0,"NAMOBJ":"Deketagung","WADMKC":"Sugio","WADMKK":"Lamongan"},"geometry":{"type":"Point","coordinates":[112.3,-7.2]}},{"type":"Feature","properties":{"Line":"R122","Tr":2897,"X":"640300.50000000000","Y":"9204669.00000000000","Rotation":0,"NAMOBJ":"Deketagung","WADMKC":"Sugio","WADMKK":"Lamongan"},"geometry":{"type":"Point","coordinates":[112.3,-7.2]}},{"type":"Feature","properties":{"Line":"R122","Tr":2898,"X":"640300.50000000000","Y":"9204656.50000000000","Rotation":0,"NAMOBJ":"Deketagung","WADMKC":"Sugio","WADMKK":"Lamongan"},"geometry":{"type":"Point","coordinates":[112.3,-7.2]}},{"type":"Feature","properties":{"Line":"R122","Tr":2899,"X":"640300.50000000000","Y":"9204644.00000000000","Rotation":0,"NAMOBJ":"Deketagung","WADMKC":"Sugio","WADMKK":"Lamongan"},"geometry":{"type":"Point","coordinates":[112.3,-7.2]}},{"type":"Feature","properties":{"Line":"R122","Tr":2900,"X":"640300.50000000000","Y":"9204631.50000000000","Rotation":0,"NAMOBJ":"Deketagung","WADMKC":"Sugio","WADMKK":"Lamongan"},"geometry":{"type":"Point","coordinates":[112.3,-7.2]}},{"type":"Feature","properties":{"Line":"R122","Tr":2901,"X":"640300.50000000000","Y":"9204619.00000000000","Rotation":0,"NAMOBJ":"Deketagung","WADMKC":"Sugio","WADMKK":"Lamongan"},"geometry":{"type":"Point","coordinates":[112.3,-7.2]}},{"type":"Feature","properties":{"Line":"R122","Tr":2902,"X":"640300.50000000000","Y":"9204606.50000000000","Rotation":0,"NAMOBJ":"Deketagung","WADMKC":"Sugio","WADMKK":"Lamongan"},"geometry":{"type":"Point","coordinates":[112.3,-7.2]}},{"type":"Feature","properties":{"Line":"R122","Tr":2903,"X":"640300.50000000000","Y":"9204594.00000000000","Rotation":0,"NAMOBJ":"Deketagung","WADMKC":"Sugio","WADMKK":"Lamongan"},"geometry":{"type":"Point","coordinates":[112.3,-7.2]}},{"type":"Feature","properties":{"Line":"R122","Tr":2904,"X":"640300.50000000000","Y":"9204581.50000000000","Rotation":0,"NAMOBJ":"Deketagung","WADMKC":"Sugio","WADMKK":"Lamongan"},"geometry":{"type":"Point","coordinates":[112.3,-7.2]}},{"type":"Feature","properties":{"Line":"R122","Tr":2905,"X":"640300.50000000000","Y":"9204569.00000000000","Rotation":0,"NAMOBJ":"Deketagung","WADMKC":"Sugio","WADMKK":"Lamongan"},"geometry":{"type":"Point","coordinates":[112.3,-7.2]}},{"type":"Feature","properties":{"Line":"R122","Tr":2906,"X":"640300.50000000000","Y":"9204556.50000000000","Rotation":0,"NAMOBJ":"Deketagung","WADMKC":"Sugio","WADMKK":"Lamongan"},"geometry":{"type":"Point","coordinates":[112.3,-7.2]}},{"type":"Feature","properties":{"Line":"R122","Tr":2907,"X":"640300.50000000000","Y":"9204544.00000000000","Rotation":0,"NAMOBJ":"Deketagung","WADMKC":"Sugio","WADMKK":"Lamongan"},"geometry":{"type":"Point","coordinates":[112.3,-7.2]}},{"type":"Feature","properties":{"Line":"R122","Tr":2908,"X":"640300.50000000000","Y":"9204531.50000000000","Rotation":0,"NAMOBJ":"Deketagung","WADMKC":"Sugio","WADMKK":"Lamongan"},"geometry":{"type":"Point","coordinates":[112.3,-7.2]}},{"type":"Feature","properties":{"Line":"R122","Tr":2909,"X":"640300.50000000000","Y":"9204519.00000000000","Rotation":0,"NAMOBJ":"Deketagung","WADMKC":"Sugio","WADMKK":"Lamongan"},"geometry":{"type":"Point","coordinates":[112.3,-7.2]}},{"type":"Feature","properties":{"Line":"R122","Tr":2910,"X":"640300.50000000000","Y":"9204506.50000000000","Rotation":0,"NAMOBJ":"Deketagung","WADMKC":"Sugio","WADMKK":"Lamongan"},"geometry":{"type":"Point","coordinates":[112.3,-7.2]}},{"type":"Feature","properties":{"Line":"R122","Tr":2911,"X":"640300.50000000000","Y":"9204494.00000000000","Rotation":0,"NAMOBJ":"Deketagung","WADMKC":"Sugio","WADMKK":"Lamongan"},"geometry":{"type":"Point","coordinates":[112.3,-7.2]}},{"type":"Feature","properties":{"Line":"R122","Tr":2912,"X":"640300.50000000000","Y":"9204481.50000000000","Rotation":0,"NAMOBJ":"Deketagung","WADMKC":"Sugio","WADMKK":"Lamongan"},"geometry":{"type":"Point","coordinates":[112.3,-7.2]}},{"type":"Feature","properties":{"Line":"R122","Tr":2913,"X":"640300.50000000000","Y":"9204469.00000000000","Rotation":0,"NAMOBJ":"Deketagung","WADMKC":"Sugio","WADMKK":"Lamongan"},"geometry":{"type":"Point","coordinates":[112.3,-7.2]}},{"type":"Feature","properties":{"Line":"R122","Tr":2914,"X":"640300.50000000000","Y":"9204456.50000000000","Rotation":0,"NAMOBJ":"Deketagung","WADMKC":"Sugio","WADMKK":"Lamongan"},"geometry":{"type":"Point","coordinates":[112.3,-7.2]}},{"type":"Feature","properties":{"Line":"R122","Tr":2915,"X":"640300.50000000000","Y":"9204444.00000000000","Rotation":0,"NAMOBJ":"Deketagung","WADMKC":"Sugio","WADMKK":"Lamongan"},"geometry":{"type":"Point","coordinates":[112.3,-7.2]}},{"type":"Feature","properties":{"Line":"R122","Tr":2916,"X":"640300.50000000000","Y":"9204431.50000000000","Rotation":0,"NAMOBJ":"Deketagung","WADMKC":"Sugio","WADMKK":"Lamongan"},"geometry":{"type":"Point","coordinates":[112.3,-7.2]}},{"type":"Feature","properties":{"Line":"R122","Tr":2917,"X":"640300.50000000000","Y":"9204419.00000000000","Rotation":0,"NAMOBJ":"Deketagung","WADMKC":"Sugio","WADMKK":"Lamongan"},"geometry":{"type":"Point","coordinates":[112.3,-7.2]}},{"type":"Feature","properties":{"Line":"R122","Tr":2918,"X":"640300.50000000000","Y":"9204406.50000000000","Rotation":0,"NAMOBJ":"Deketagung","WADMKC":"Sugio","WADMKK":"Lamongan"},"geometry":{"type":"Point","coordinates":[112.3,-7.2]}},{"type":"Feature","properties":{"Line":"R122","Tr":2919,"X":"640300.50000000000","Y":"9204394.00000000000","Rotation":0,"NAMOBJ":"Deketagung","WADMKC":"Sugio","WADMKK":"Lamongan"},"geometry":{"type":"Point","coordinates":[112.3,-7.2]}},{"type":"Feature","properties":{"Line":"R122","Tr":2920,"X":"640300.50000000000","Y":"9204381.50000000000","Rotation":0,"NAMOBJ":"Deketagung","WADMKC":"Sugio","WADMKK":"Lamongan"},"geometry":{"type":"Point","coordinates":[112.3,-7.2]}},{"type":"Feature","properties":{"Line":"R122","Tr":2921,"X":"640300.50000000000","Y":"9204369.00000000000","Rotation":0,"NAMOBJ":"Deketagung","WADMKC":"Sugio","WADMKK":"Lamongan"},"geometry":{"type":"Point","coordinates":[112.3,-7.2]}},{"type":"Feature","properties":{"Line":"R122","Tr":2922,"X":"640300.50000000000","Y":"9204356.50000000000","Rotation":0,"NAMOBJ":"Deketagung","WADMKC":"Sugio","WADMKK":"Lamongan"},"geometry":{"type":"Point","coordinates":[112.3,-7.2]}},{"type":"Feature","properties":{"Line":"R122","Tr":2923,"X":"640300.50000000000","Y":"9204344.00000000000","Rotation":0,"NAMOBJ":"Deketagung","WADMKC":"Sugio","WADMKK":"Lamongan"},"geometry":{"type":"Point","coordinates":[112.3,-7.2]}},{"type":"Feature","properties":{"Line":"R122","Tr":2924,"X":"640300.50000000000","Y":"9204331.50000000000","Rotation":0,"NAMOBJ":"Deketagung","WADMKC":"Sugio","WADMKK":"Lamongan"},"geometry":{"type":"Point","coordinates":[112.3,-7.2]}},{"type":"Feature","properties":{"Line":"R122","Tr":2925,"X":"640300.50000000000","Y":"9204319.00000000000","Rotation":0,"NAMOBJ":"Deketagung","WADMKC":"Sugio","WADMKK":"Lamongan"},"geometry":{"type":"Point","coordinates":[112.3,-7.2]}},{"type":"Feature","properties":{"Line":"R122","Tr":2926,"X":"640300.50000000000","Y":"9204306.50000000000","Rotation":0,"NAMOBJ":"Deketagung","WADMKC":"Sugio","WADMKK":"Lamongan"},"geometry":{"type":"Point","coordinates":[112.3,-7.2]}},{"type":"Feature","properties":{"Line":"R122","Tr":2927,"X":"640300.50000000000","Y":"9204294.00000000000","Rotation":0,"NAMOBJ":"Deketagung","WADMKC":"Sugio","WADMKK":"Lamongan"},"geometry":{"type":"Point","coordinates":[112.3,-7.2]}},{"type":"Feature","properties":{"Line":"R122","Tr":2928,"X":"640300.50000000000","Y":"9204281.50000000000","Rotation":0,"NAMOBJ":"Deketagung","WADMKC":"Sugio","WADMKK":"Lamongan"},"geometry":{"type":"Point","coordinates":[112.3,-7.2]}},{"type":"Feature","properties":{"Line":"R122","Tr":2929,"X":"640300.50000000000","Y":"9204269.00000000000","Rotation":0,"NAMOBJ":"Deketagung","WADMKC":"Sugio","WADMKK":"Lamongan"},"geometry":{"type":"Point","coordinates":[112.3,-7.2]}},{"type":"Feature","properties":{"Line":"R122","Tr":2930,"X":"640300.50000000000","Y":"9204256.50000000000","Rotation":0,"NAMOBJ":"Deketagung","WADMKC":"Sugio","WADMKK":"Lamongan"},"geometry":{"type":"Point","coordinates":[112.3,-7.2]}},{"type":"Feature","properties":{"Line":"R122","Tr":2931,"X":"640300.50000000000","Y":"9204244.00000000000","Rotation":0,"NAMOBJ":"Deketagung","WADMKC":"Sugio","WADMKK":"Lamongan"},"geometry":{"type":"Point","coordinates":[112.3,-7.2]}},{"type":"Feature","properties":{"Line":"R122","Tr":2932,"X":"640300.50000000000","Y":"9204231.50000000000","Rotation":0,"NAMOBJ":"Deketagung","WADMKC":"Sugio","WADMKK":"Lamongan"},"geometry":{"type":"Point","coordinates":[112.3,-7.2]}},{"type":"Feature","properties":{"Line":"R122","Tr":2933,"X":"640300.50000000000","Y":"9204219.00000000000","Rotation":0,"NAMOBJ":"Deketagung","WADMKC":"Sugio","WADMKK":"Lamongan"},"geometry":{"type":"Point","coordinates":[112.3,-7.2]}},{"type":"Feature","properties":{"Line":"R122","Tr":2934,"X":"640300.50000000000","Y":"9204206.50000000000","Rotation":0,"NAMOBJ":"Deketagung","WADMKC":"Sugio","WADMKK":"Lamongan"},"geometry":{"type":"Point","coordinates":[112.3,-7.2]}},{"type":"Feature","properties":{"Line":"R122","Tr":2935,"X":"640300.50000000000","Y":"9204194.00000000000","Rotation":0,"NAMOBJ":"Deketagung","WADMKC":"Sugio","WADMKK":"Lamongan"},"geometry":{"type":"Point","coordinates":[112.3,-7.2]}},{"type":"Feature","properties":{"Line":"R122","Tr":2936,"X":"640300.50000000000","Y":"9204181.50000000000","Rotation":0,"NAMOBJ":"Deketagung","WADMKC":"Sugio","WADMKK":"Lamongan"},"geometry":{"type":"Point","coordinates":[112.3,-7.2]}},{"type":"Feature","properties":{"Line":"R122","Tr":2937,"X":"640300.50000000000","Y":"9204169.00000000000","Rotation":0,"NAMOBJ":"Deketagung","WADMKC":"Sugio","WADMKK":"Lamongan"},"geometry":{"type":"Point","coordinates":[112.3,-7.2]}},{"type":"Feature","properties":{"Line":"R122","Tr":2938,"X":"640300.50000000000","Y":"9204156.50000000000","Rotation":0,"NAMOBJ":"Deketagung","WADMKC":"Sugio","WADMKK":"Lamongan"},"geometry":{"type":"Point","coordinates":[112.3,-7.2]}},{"type":"Feature","properties":{"Line":"R122","Tr":2939,"X":"640300.50000000000","Y":"9204144.00000000000","Rotation":0,"NAMOBJ":"Deketagung","WADMKC":"Sugio","WADMKK":"Lamongan"},"geometry":{"type":"Point","coordinates":[112.3,-7.2]}},{"type":"Feature","properties":{"Line":"R122","Tr":2940,"X":"640300.50000000000","Y":"9204131.50000000000","Rotation":0,"NAMOBJ":"Deketagung","WADMKC":"Sugio","WADMKK":"Lamongan"},"geometry":{"type":"Point","coordinates":[112.3,-7.2]}},{"type":"Feature","properties":{"Line":"R122","Tr":2941,"X":"640300.50000000000","Y":"9204119.00000000000","Rotation":0,"NAMOBJ":"Deketagung","WADMKC":"Sugio","WADMKK":"Lamongan"},"geometry":{"type":"Point","coordinates":[112.3,-7.2]}},{"type":"Feature","properties":{"Line":"R122","Tr":2942,"X":"640300.50000000000","Y":"9204106.50000000000","Rotation":0,"NAMOBJ":"Deketagung","WADMKC":"Sugio","WADMKK":"Lamongan"},"geometry":{"type":"Point","coordinates":[112.3,-7.2]}},{"type":"Feature","properties":{"Line":"R122","Tr":2943,"X":"640300.50000000000","Y":"9204094.00000000000","Rotation":0,"NAMOBJ":"Deketagung","WADMKC":"Sugio","WADMKK":"Lamongan"},"geometry":{"type":"Point","coordinates":[112.3,-7.2]}},{"type":"Feature","properties":{"Line":"R122","Tr":2944,"X":"640300.50000000000","Y":"9204081.50000000000","Rotation":0,"NAMOBJ":"Deketagung","WADMKC":"Sugio","WADMKK":"Lamongan"},"geometry":{"type":"Point","coordinates":[112.3,-7.2]}},{"type":"Feature","properties":{"Line":"R122","Tr":2945,"X":"640300.50000000000","Y":"9204069.00000000000","Rotation":0,"NAMOBJ":"Deketagung","WADMKC":"Sugio","WADMKK":"Lamongan"},"geometry":{"type":"Point","coordinates":[112.3,-7.2]}},{"type":"Feature","properties":{"Line":"R122","Tr":2946,"X":"640300.50000000000","Y":"9204056.50000000000","Rotation":0,"NAMOBJ":"Deketagung","WADMKC":"Sugio","WADMKK":"Lamongan"},"geometry":{"type":"Point","coordinates":[112.3,-7.2]}},{"type":"Feature","properties":{"Line":"R122","Tr":2947,"X":"640300.50000000000","Y":"9204044.00000000000","Rotation":0,"NAMOBJ":"Deketagung","WADMKC":"Sugio","WADMKK":"Lamongan"},"geometry":{"type":"Point","coordinates":[112.3,-7.2]}},{"type":"Feature","properties":{"Line":"R122","Tr":2948,"X":"640300.50000000000","Y":"9204031.50000000000","Rotation":0,"NAMOBJ":"Deketagung","WADMKC":"Sugio","WADMKK":"Lamongan"},"geometry":{"type":"Point","coordinates":[112.3,-7.2]}},{"type":"Feature","properties":{"Line":"R122","Tr":2949,"X":"640300.50000000000","Y":"9204019.00000000000","Rotation":0,"NAMOBJ":"Deketagung","WADMKC":"Sugio","WADMKK":"Lamongan"},"geometry":{"type":"Point","coordinates":[112.3,-7.2]}},{"type":"Feature","properties":{"Line":"R122","Tr":2950,"X":"640300.50000000000","Y":"9204006.50000000000","Rotation":0,"NAMOBJ":"Deketagung","WADMKC":"Sugio","WADMKK":"Lamongan"},"geometry":{"type":"Point","coordinates":[112.3,-7.2]}},{"type":"Feature","properties":{"Line":"R122","Tr":2951,"X":"640300.50000000000","Y":"9203994.00000000000","Rotation":0,"NAMOBJ":"Deketagung","WADMKC":"Sugio","WADMKK":"Lamongan"},"geometry":{"type":"Point","coordinates":[112.3,-7.2]}},{"type":"Feature","properties":{"Line":"R122","Tr":2952,"X":"640300.50000000000","Y":"9203981.50000000000","Rotation":0,"NAMOBJ":"Deketagung","WADMKC":"Sugio","WADMKK":"Lamongan"},"geometry":{"type":"Point","coordinates":[112.3,-7.2]}},{"type":"Feature","properties":{"Line":"R122","Tr":2953,"X":"640300.50000000000","Y":"9203969.00000000000","Rotation":0,"NAMOBJ":"Deketagung","WADMKC":"Sugio","WADMKK":"Lamongan"},"geometry":{"type":"Point","coordinates":[112.3,-7.2]}},{"type":"Feature","properties":{"Line":"R122","Tr":2954,"X":"640300.50000000000","Y":"9203956.50000000000","Rotation":0,"NAMOBJ":"Deketagung","WADMKC":"Sugio","WADMKK":"Lamongan"},"geometry":{"type":"Point","coordinates":[112.3,-7.2]}},{"type":"Feature","properties":{"Line":"R122","Tr":2955,"X":"640300.50000000000","Y":"9203944.00000000000","Rotation":0,"NAMOBJ":"Deketagung","WADMKC":"Sugio","WADMKK":"Lamongan"},"geometry":{"type":"Point","coordinates":[112.3,-7.2]}},{"type":"Feature","properties":{"Line":"R122","Tr":2956,"X":"640300.50000000000","Y":"9203931.50000000000","Rotation":0,"NAMOBJ":"Deketagung","WADMKC":"Sugio","WADMKK":"Lamongan"},"geometry":{"type":"Point","coordinates":[112.3,-7.2]}},{"type":"Feature","properties":{"Line":"R122","Tr":2957,"X":"640300.50000000000","Y":"9203919.00000000000","Rotation":0,"NAMOBJ":"Deketagung","WADMKC":"Sugio","WADMKK":"Lamongan"},"geometry":{"type":"Point","coordinates":[112.3,-7.2]}},{"type":"Feature","properties":{"Line":"R122","Tr":2958,"X":"640300.50000000000","Y":"9203906.50000000000","Rotation":0,"NAMOBJ":"Deketagung","WADMKC":"Sugio","WADMKK":"Lamongan"},"geometry":{"type":"Point","coordinates":[112.3,-7.2]}},{"type":"Feature","properties":{"Line":"R122","Tr":2959,"X":"640300.50000000000","Y":"9203894.00000000000","Rotation":0,"NAMOBJ":"Deketagung","WADMKC":"Sugio","WADMKK":"Lamongan"},"geometry":{"type":"Point","coordinates":[112.3,-7.2]}},{"type":"Feature","properties":{"Line":"R122","Tr":2960,"X":"640300.50000000000","Y":"9203881.50000000000","Rotation":0,"NAMOBJ":"Deketagung","WADMKC":"Sugio","WADMKK":"Lamongan"},"geometry":{"type":"Point","coordinates":[112.3,-7.2]}},{"type":"Feature","properties":{"Line":"R122","Tr":2961,"X":"640300.50000000000","Y":"9203869.00000000000","Rotation":0,"NAMOBJ":"Deketagung","WADMKC":"Sugio","WADMKK":"Lamongan"},"geometry":{"type":"Point","coordinates":[112.3,-7.2]}},{"type":"Feature","properties":{"Line":"R122","Tr":2962,"X":"640300.50000000000","Y":"9203856.50000000000","Rotation":0,"NAMOBJ":"Deketagung","WADMKC":"Sugio","WADMKK":"Lamongan"},"geometry":{"type":"Point","coordinates":[112.3,-7.2]}},{"type":"Feature","properties":{"Line":"R122","Tr":2963,"X":"640300.50000000000","Y":"9203844.00000000000","Rotation":0,"NAMOBJ":"Deketagung","WADMKC":"Sugio","WADMKK":"Lamongan"},"geometry":{"type":"Point","coordinates":[112.3,-7.2]}},{"type":"Feature","properties":{"Line":"R122","Tr":2964,"X":"640300.50000000000","Y":"9203831.50000000000","Rotation":0,"NAMOBJ":"Deketagung","WADMKC":"Sugio","WADMKK":"Lamongan"},"geometry":{"type":"Point","coordinates":[112.3,-7.2]}},{"type":"Feature","properties":{"Line":"R122","Tr":2965,"X":"640300.50000000000","Y":"9203819.00000000000","Rotation":0,"NAMOBJ":"Deketagung","WADMKC":"Sugio","WADMKK":"Lamongan"},"geometry":{"type":"Point","coordinates":[112.3,-7.2]}},{"type":"Feature","properties":{"Line":"R122","Tr":2966,"X":"640300.50000000000","Y":"9203806.50000000000","Rotation":0,"NAMOBJ":"Deketagung","WADMKC":"Sugio","WADMKK":"Lamongan"},"geometry":{"type":"Point","coordinates":[112.3,-7.2]}},{"type":"Feature","properties":{"Line":"R122","Tr":2967,"X":"640300.50000000000","Y":"9203794.00000000000","Rotation":0,"NAMOBJ":"Deketagung","WADMKC":"Sugio","WADMKK":"Lamongan"},"geometry":{"type":"Point","coordinates":[112.3,-7.2]}},{"type":"Feature","properties":{"Line":"R122","Tr":2968,"X":"640300.50000000000","Y":"9203781.50000000000","Rotation":0,"NAMOBJ":"Deketagung","WADMKC":"Sugio","WADMKK":"Lamongan"},"geometry":{"type":"Point","coordinates":[112.3,-7.2]}},{"type":"Feature","properties":{"Line":"R122","Tr":2969,"X":"640300.50000000000","Y":"9203769.00000000000","Rotation":0,"NAMOBJ":"Deketagung","WADMKC":"Sugio","WADMKK":"Lamongan"},"geometry":{"type":"Point","coordinates":[112.3,-7.2]}},{"type":"Feature","properties":{"Line":"R122","Tr":2970,"X":"640300.50000000000","Y":"9203756.50000000000","Rotation":0,"NAMOBJ":"Deketagung","WADMKC":"Sugio","WADMKK":"Lamongan"},"geometry":{"type":"Point","coordinates":[112.3,-7.2]}},{"type":"Feature","properties":{"Line":"R122","Tr":2971,"X":"640300.50000000000","Y":"9203744.00000000000","Rotation":0,"NAMOBJ":"Deketagung","WADMKC":"Sugio","WADMKK":"Lamongan"},"geometry":{"type":"Point","coordinates":[112.3,-7.2]}},{"type":"Feature","properties":{"Line":"R122","Tr":2972,"X":"640300.50000000000","Y":"9203731.50000000000","Rotation":0,"NAMOBJ":"Deketagung","WADMKC":"Sugio","WADMKK":"Lamongan"},"geometry":{"type":"Point","coordinates":[112.3,-7.2]}},{"type":"Feature","properties":{"Line":"R122","Tr":2973,"X":"640300.50000000000","Y":"9203719.00000000000","Rotation":0,"NAMOBJ":"Deketagung","WADMKC":"Sugio","WADMKK":"Lamongan"},"geometry":{"type":"Point","coordinates":[112.3,-7.2]}},{"type":"Feature","properties":{"Line":"R122","Tr":2974,"X":"640300.50000000000","Y":"9203706.50000000000","Rotation":0,"NAMOBJ":"Deketagung","WADMKC":"Sugio","WADMKK":"Lamongan"},"geometry":{"type":"Point","coordinates":[112.3,-7.2]}},{"type":"Feature","properties":{"Line":"R122","Tr":2975,"X":"640300.50000000000","Y":"9203694.00000000000","Rotation":0,"NAMOBJ":"Deketagung","WADMKC":"Sugio","WADMKK":"Lamongan"},"geometry":{"type":"Point","coordinates":[112.3,-7.2]}},{"type":"Feature","properties":{"Line":"R122","Tr":2976,"X":"640300.50000000000","Y":"9203681.50000000000","Rotation":0,"NAMOBJ":"Deketagung","WADMKC":"Sugio","WADMKK":"Lamongan"},"geometry":{"type":"Point","coordinates":[112.3,-7.2]}},{"type":"Feature","properties":{"Line":"R122","Tr":2977,"X":"640300.50000000000","Y":"9203669.00000000000","Rotation":0,"NAMOBJ":"Deketagung","WADMKC":"Sugio","WADMKK":"Lamongan"},"geometry":{"type":"Point","coordinates":[112.3,-7.2]}},{"type":"Feature","properties":{"Line":"R122","Tr":2978,"X":"640300.50000000000","Y":"9203656.50000000000","Rotation":0,"NAMOBJ":"Deketagung","WADMKC":"Sugio","WADMKK":"Lamongan"},"geometry":{"type":"Point","coordinates":[112.3,-7.2]}},{"type":"Feature","properties":{"Line":"R122","Tr":2979,"X":"640300.50000000000","Y":"9203644.00000000000","Rotation":0,"NAMOBJ":"Deketagung","WADMKC":"Sugio","WADMKK":"Lamongan"},"geometry":{"type":"Point","coordinates":[112.3,-7.2]}},{"type":"Feature","properties":{"Line":"R122","Tr":2980,"X":"640300.50000000000","Y":"9203631.50000000000","Rotation":0,"NAMOBJ":"Deketagung","WADMKC":"Sugio","WADMKK":"Lamongan"},"geometry":{"type":"Point","coordinates":[112.3,-7.2]}},{"type":"Feature","properties":{"Line":"R122","Tr":2981,"X":"640300.50000000000","Y":"9203619.00000000000","Rotation":0,"NAMOBJ":"Deketagung","WADMKC":"Sugio","WADMKK":"Lamongan"},"geometry":{"type":"Point","coordinates":[112.3,-7.2]}},{"type":"Feature","properties":{"Line":"R122","Tr":2982,"X":"640300.50000000000","Y":"9203606.50000000000","Rotation":0,"NAMOBJ":"Deketagung","WADMKC":"Sugio","WADMKK":"Lamongan"},"geometry":{"type":"Point","coordinates":[112.3,-7.2]}},{"type":"Feature","properties":{"Line":"R122","Tr":2983,"X":"640300.50000000000","Y":"9203594.00000000000","Rotation":0,"NAMOBJ":"Deketagung","WADMKC":"Sugio","WADMKK":"Lamongan"},"geometry":{"type":"Point","coordinates":[112.3,-7.2]}},{"type":"Feature","properties":{"Line":"R122","Tr":2984,"X":"640300.50000000000","Y":"9203581.50000000000","Rotation":0,"NAMOBJ":"Deketagung","WADMKC":"Sugio","WADMKK":"Lamongan"},"geometry":{"type":"Point","coordinates":[112.3,-7.2]}},{"type":"Feature","properties":{"Line":"R122","Tr":2985,"X":"640300.50000000000","Y":"9203569.00000000000","Rotation":0,"NAMOBJ":"Deketagung","WADMKC":"Sugio","WADMKK":"Lamongan"},"geometry":{"type":"Point","coordinates":[112.3,-7.2]}},{"type":"Feature","properties":{"Line":"R122","Tr":2986,"X":"640300.50000000000","Y":"9203556.50000000000","Rotation":0,"NAMOBJ":"Deketagung","WADMKC":"Sugio","WADMKK":"Lamongan"},"geometry":{"type":"Point","coordinates":[112.3,-7.2]}},{"type":"Feature","properties":{"Line":"R122","Tr":2987,"X":"640300.50000000000","Y":"9203544.00000000000","Rotation":0,"NAMOBJ":"Deketagung","WADMKC":"Sugio","WADMKK":"Lamongan"},"geometry":{"type":"Point","coordinates":[112.3,-7.2]}},{"type":"Feature","properties":{"Line":"R122","Tr":2988,"X":"640300.50000000000","Y":"9203531.50000000000","Rotation":0,"NAMOBJ":"Deketagung","WADMKC":"Sugio","WADMKK":"Lamongan"},"geometry":{"type":"Point","coordinates":[112.3,-7.2]}},{"type":"Feature","properties":{"Line":"R122","Tr":2989,"X":"640300.50000000000","Y":"9203519.00000000000","Rotation":0,"NAMOBJ":"Deketagung","WADMKC":"Sugio","WADMKK":"Lamongan"},"geometry":{"type":"Point","coordinates":[112.3,-7.2]}},{"type":"Feature","properties":{"Line":"R122","Tr":2990,"X":"640300.50000000000","Y":"9203506.50000000000","Rotation":0,"NAMOBJ":"Deketagung","WADMKC":"Sugio","WADMKK":"Lamongan"},"geometry":{"type":"Point","coordinates":[112.3,-7.2]}},{"type":"Feature","properties":{"Line":"R122","Tr":2991,"X":"640300.50000000000","Y":"9203494.00000000000","Rotation":0,"NAMOBJ":"Deketagung","WADMKC":"Sugio","WADMKK":"Lamongan"},"geometry":{"type":"Point","coordinates":[112.3,-7.2]}},{"type":"Feature","properties":{"Line":"R122","Tr":2992,"X":"640300.50000000000","Y":"9203481.50000000000","Rotation":0,"NAMOBJ":"Deketagung","WADMKC":"Sugio","WADMKK":"Lamongan"},"geometry":{"type":"Point","coordinates":[112.3,-7.2]}},{"type":"Feature","properties":{"Line":"R122","Tr":2993,"X":"640300.50000000000","Y":"9203469.00000000000","Rotation":0,"NAMOBJ":"Deketagung","WADMKC":"Sugio","WADMKK":"Lamongan"},"geometry":{"type":"Point","coordinates":[112.3,-7.2]}},{"type":"Feature","properties":{"Line":"R122","Tr":2994,"X":"640300.50000000000","Y":"9203456.50000000000","Rotation":0,"NAMOBJ":"Deketagung","WADMKC":"Sugio","WADMKK":"Lamongan"},"geometry":{"type":"Point","coordinates":[112.3,-7.2]}},{"type":"Feature","properties":{"Line":"R122","Tr":2995,"X":"640300.50000000000","Y":"9203444.00000000000","Rotation":0,"NAMOBJ":"Deketagung","WADMKC":"Sugio","WADMKK":"Lamongan"},"geometry":{"type":"Point","coordinates":[112.3,-7.2]}},{"type":"Feature","properties":{"Line":"R122","Tr":2996,"X":"640300.50000000000","Y":"9203431.50000000000","Rotation":0,"NAMOBJ":"Deketagung","WADMKC":"Sugio","WADMKK":"Lamongan"},"geometry":{"type":"Point","coordinates":[112.3,-7.2]}},{"type":"Feature","properties":{"Line":"R122","Tr":2997,"X":"640300.50000000000","Y":"9203419.00000000000","Rotation":0,"NAMOBJ":"Deketagung","WADMKC":"Sugio","WADMKK":"Lamongan"},"geometry":{"type":"Point","coordinates":[112.3,-7.2]}},{"type":"Feature","properties":{"Line":"R122","Tr":2998,"X":"640300.50000000000","Y":"9203406.50000000000","Rotation":0,"NAMOBJ":"Deketagung","WADMKC":"Sugio","WADMKK":"Lamongan"},"geometry":{"type":"Point","coordinates":[112.3,-7.2]}},{"type":"Feature","properties":{"Line":"R122","Tr":2999,"X":"640300.50000000000","Y":"9203394.00000000000","Rotation":0,"NAMOBJ":"Deketagung","WADMKC":"Sugio","WADMKK":"Lamongan"},"geometry":{"type":"Point","coordinates":[112.3,-7.2]}},{"type":"Feature","properties":{"Line":"R122","Tr":3000,"X":"640300.50000000000","Y":"9203381.50000000000","Rotation":0,"NAMOBJ":"Deketagung","WADMKC":"Sugio","WADMKK":"Lamongan"},"geometry":{"type":"Point","coordinates":[112.3,-7.2]}},{"type":"Feature","properties":{"Line":"R122","Tr":3001,"X":"640300.50000000000","Y":"9203369.00000000000","Rotation":0,"NAMOBJ":"Deketagung","WADMKC":"Sugio","WADMKK":"Lamongan"},"geometry":{"type":"Point","coordinates":[112.3,-7.2]}},{"type":"Feature","properties":{"Line":"R122","Tr":3002,"X":"640300.50000000000","Y":"9203356.50000000000","Rotation":0,"NAMOBJ":"Deketagung","WADMKC":"Sugio","WADMKK":"Lamongan"},"geometry":{"type":"Point","coordinates":[112.3,-7.2]}},{"type":"Feature","properties":{"Line":"R122","Tr":3003,"X":"640300.50000000000","Y":"9203344.00000000000","Rotation":0,"NAMOBJ":"Deketagung","WADMKC":"Sugio","WADMKK":"Lamongan"},"geometry":{"type":"Point","coordinates":[112.3,-7.2]}},{"type":"Feature","properties":{"Line":"R122","Tr":3004,"X":"640300.50000000000","Y":"9203331.50000000000","Rotation":0,"NAMOBJ":"Deketagung","WADMKC":"Sugio","WADMKK":"Lamongan"},"geometry":{"type":"Point","coordinates":[112.3,-7.2]}},{"type":"Feature","properties":{"Line":"R122","Tr":3005,"X":"640300.50000000000","Y":"9203319.00000000000","Rotation":0,"NAMOBJ":"Deketagung","WADMKC":"Sugio","WADMKK":"Lamongan"},"geometry":{"type":"Point","coordinates":[112.3,-7.2]}},{"type":"Feature","properties":{"Line":"R122","Tr":3006,"X":"640300.50000000000","Y":"9203306.50000000000","Rotation":0,"NAMOBJ":"Deketagung","WADMKC":"Sugio","WADMKK":"Lamongan"},"geometry":{"type":"Point","coordinates":[112.3,-7.2]}},{"type":"Feature","properties":{"Line":"R122","Tr":3007,"X":"640300.50000000000","Y":"9203294.00000000000","Rotation":0,"NAMOBJ":"Deketagung","WADMKC":"Sugio","WADMKK":"Lamongan"},"geometry":{"type":"Point","coordinates":[112.3,-7.2]}},{"type":"Feature","properties":{"Line":"R122","Tr":3008,"X":"640300.50000000000","Y":"9203281.50000000000","Rotation":0,"NAMOBJ":"Deketagung","WADMKC":"Sugio","WADMKK":"Lamongan"},"geometry":{"type":"Point","coordinates":[112.3,-7.2]}},{"type":"Feature","properties":{"Line":"R122","Tr":3009,"X":"640300.50000000000","Y":"9203269.00000000000","Rotation":0,"NAMOBJ":"Deketagung","WADMKC":"Sugio","WADMKK":"Lamongan"},"geometry":{"type":"Point","coordinates":[112.3,-7.2]}},{"type":"Feature","properties":{"Line":"R122","Tr":3010,"X":"640300.50000000000","Y":"9203256.50000000000","Rotation":0,"NAMOBJ":"Deketagung","WADMKC":"Sugio","WADMKK":"Lamongan"},"geometry":{"type":"Point","coordinates":[112.3,-7.2]}},{"type":"Feature","properties":{"Line":"R122","Tr":3011,"X":"640300.50000000000","Y":"9203244.00000000000","Rotation":0,"NAMOBJ":"Deketagung","WADMKC":"Sugio","WADMKK":"Lamongan"},"geometry":{"type":"Point","coordinates":[112.3,-7.2]}},{"type":"Feature","properties":{"Line":"R122","Tr":3012,"X":"640300.50000000000","Y":"9203231.50000000000","Rotation":0,"NAMOBJ":"Deketagung","WADMKC":"Sugio","WADMKK":"Lamongan"},"geometry":{"type":"Point","coordinates":[112.3,-7.2]}},{"type":"Feature","properties":{"Line":"R122","Tr":3013,"X":"640300.50000000000","Y":"9203219.00000000000","Rotation":0,"NAMOBJ":"Deketagung","WADMKC":"Sugio","WADMKK":"Lamongan"},"geometry":{"type":"Point","coordinates":[112.3,-7.2]}},{"type":"Feature","properties":{"Line":"R122","Tr":3014,"X":"640300.50000000000","Y":"9203206.50000000000","Rotation":0,"NAMOBJ":"Deketagung","WADMKC":"Sugio","WADMKK":"Lamongan"},"geometry":{"type":"Point","coordinates":[112.3,-7.2]}},{"type":"Feature","properties":{"Line":"R122","Tr":3015,"X":"640300.50000000000","Y":"9203194.00000000000","Rotation":0,"NAMOBJ":"Deketagung","WADMKC":"Sugio","WADMKK":"Lamongan"},"geometry":{"type":"Point","coordinates":[112.3,-7.2]}},{"type":"Feature","properties":{"Line":"R122","Tr":3016,"X":"640300.50000000000","Y":"9203181.50000000000","Rotation":0,"NAMOBJ":"Deketagung","WADMKC":"Sugio","WADMKK":"Lamongan"},"geometry":{"type":"Point","coordinates":[112.3,-7.2]}},{"type":"Feature","properties":{"Line":"R122","Tr":3017,"X":"640300.50000000000","Y":"9203169.00000000000","Rotation":0,"NAMOBJ":"Deketagung","WADMKC":"Sugio","WADMKK":"Lamongan"},"geometry":{"type":"Point","coordinates":[112.3,-7.2]}},{"type":"Feature","properties":{"Line":"R122","Tr":3018,"X":"640300.50000000000","Y":"9203156.50000000000","Rotation":0,"NAMOBJ":"Deketagung","WADMKC":"Sugio","WADMKK":"Lamongan"},"geometry":{"type":"Point","coordinates":[112.3,-7.2]}},{"type":"Feature","properties":{"Line":"R122","Tr":3019,"X":"640300.50000000000","Y":"9203144.00000000000","Rotation":0,"NAMOBJ":"Deketagung","WADMKC":"Sugio","WADMKK":"Lamongan"},"geometry":{"type":"Point","coordinates":[112.3,-7.2]}},{"type":"Feature","properties":{"Line":"R122","Tr":3020,"X":"640300.50000000000","Y":"9203131.50000000000","Rotation":0,"NAMOBJ":"Deketagung","WADMKC":"Sugio","WADMKK":"Lamongan"},"geometry":{"type":"Point","coordinates":[112.3,-7.2]}},{"type":"Feature","properties":{"Line":"R122","Tr":3021,"X":"640300.50000000000","Y":"9203119.00000000000","Rotation":0,"NAMOBJ":"Deketagung","WADMKC":"Sugio","WADMKK":"Lamongan"},"geometry":{"type":"Point","coordinates":[112.3,-7.2]}},{"type":"Feature","properties":{"Line":"R122","Tr":3022,"X":"640300.50000000000","Y":"9203106.50000000000","Rotation":0,"NAMOBJ":"Deketagung","WADMKC":"Sugio","WADMKK":"Lamongan"},"geometry":{"type":"Point","coordinates":[112.3,-7.2]}},{"type":"Feature","properties":{"Line":"R122","Tr":3023,"X":"640300.50000000000","Y":"9203094.00000000000","Rotation":0,"NAMOBJ":"Deketagung","WADMKC":"Sugio","WADMKK":"Lamongan"},"geometry":{"type":"Point","coordinates":[112.3,-7.2]}},{"type":"Feature","properties":{"Line":"R122","Tr":3024,"X":"640300.50000000000","Y":"9203081.50000000000","Rotation":0,"NAMOBJ":"Deketagung","WADMKC":"Sugio","WADMKK":"Lamongan"},"geometry":{"type":"Point","coordinates":[112.3,-7.2]}},{"type":"Feature","properties":{"Line":"R122","Tr":3025,"X":"640300.50000000000","Y":"9203069.00000000000","Rotation":0,"NAMOBJ":"Deketagung","WADMKC":"Sugio","WADMKK":"Lamongan"},"geometry":{"type":"Point","coordinates":[112.3,-7.2]}},{"type":"Feature","properties":{"Line":"R122","Tr":3026,"X":"640300.50000000000","Y":"9203056.50000000000","Rotation":0,"NAMOBJ":"Deketagung","WADMKC":"Sugio","WADMKK":"Lamongan"},"geometry":{"type":"Point","coordinates":[112.3,-7.2]}},{"type":"Feature","properties":{"Line":"R122","Tr":3027,"X":"640300.50000000000","Y":"9203044.00000000000","Rotation":0,"NAMOBJ":"Deketagung","WADMKC":"Sugio","WADMKK":"Lamongan"},"geometry":{"type":"Point","coordinates":[112.3,-7.2]}},{"type":"Feature","properties":{"Line":"R122","Tr":3028,"X":"640300.50000000000","Y":"9203031.50000000000","Rotation":0,"NAMOBJ":"Deketagung","WADMKC":"Sugio","WADMKK":"Lamongan"},"geometry":{"type":"Point","coordinates":[112.3,-7.2]}},{"type":"Feature","properties":{"Line":"R122","Tr":3029,"X":"640300.50000000000","Y":"9203019.00000000000","Rotation":0,"NAMOBJ":"Deketagung","WADMKC":"Sugio","WADMKK":"Lamongan"},"geometry":{"type":"Point","coordinates":[112.3,-7.2]}},{"type":"Feature","properties":{"Line":"R122","Tr":3030,"X":"640300.50000000000","Y":"9203006.50000000000","Rotation":0,"NAMOBJ":"Deketagung","WADMKC":"Sugio","WADMKK":"Lamongan"},"geometry":{"type":"Point","coordinates":[112.3,-7.2]}},{"type":"Feature","properties":{"Line":"R122","Tr":3031,"X":"640300.50000000000","Y":"9202994.00000000000","Rotation":0,"NAMOBJ":"Deketagung","WADMKC":"Sugio","WADMKK":"Lamongan"},"geometry":{"type":"Point","coordinates":[112.3,-7.2]}},{"type":"Feature","properties":{"Line":"R122","Tr":3032,"X":"640300.50000000000","Y":"9202981.50000000000","Rotation":0,"NAMOBJ":"Deketagung","WADMKC":"Sugio","WADMKK":"Lamongan"},"geometry":{"type":"Point","coordinates":[112.3,-7.2]}},{"type":"Feature","properties":{"Line":"R122","Tr":3033,"X":"640300.50000000000","Y":"9202969.00000000000","Rotation":0,"NAMOBJ":"Deketagung","WADMKC":"Sugio","WADMKK":"Lamongan"},"geometry":{"type":"Point","coordinates":[112.3,-7.2]}},{"type":"Feature","properties":{"Line":"R122","Tr":3034,"X":"640300.50000000000","Y":"9202956.50000000000","Rotation":0,"NAMOBJ":"Deketagung","WADMKC":"Sugio","WADMKK":"Lamongan"},"geometry":{"type":"Point","coordinates":[112.3,-7.2]}},{"type":"Feature","properties":{"Line":"R122","Tr":3035,"X":"640300.50000000000","Y":"9202944.00000000000","Rotation":0,"NAMOBJ":"Deketagung","WADMKC":"Sugio","WADMKK":"Lamongan"},"geometry":{"type":"Point","coordinates":[112.3,-7.2]}},{"type":"Feature","properties":{"Line":"R122","Tr":3036,"X":"640300.50000000000","Y":"9202931.50000000000","Rotation":0,"NAMOBJ":"Deketagung","WADMKC":"Sugio","WADMKK":"Lamongan"},"geometry":{"type":"Point","coordinates":[112.3,-7.2]}},{"type":"Feature","properties":{"Line":"R122","Tr":3037,"X":"640300.50000000000","Y":"9202919.00000000000","Rotation":0,"NAMOBJ":"Deketagung","WADMKC":"Sugio","WADMKK":"Lamongan"},"geometry":{"type":"Point","coordinates":[112.3,-7.2]}},{"type":"Feature","properties":{"Line":"R122","Tr":3038,"X":"640300.50000000000","Y":"9202906.50000000000","Rotation":0,"NAMOBJ":"Deketagung","WADMKC":"Sugio","WADMKK":"Lamongan"},"geometry":{"type":"Point","coordinates":[112.3,-7.2]}},{"type":"Feature","properties":{"Line":"R122","Tr":3039,"X":"640300.50000000000","Y":"9202894.00000000000","Rotation":0,"NAMOBJ":"Deketagung","WADMKC":"Sugio","WADMKK":"Lamongan"},"geometry":{"type":"Point","coordinates":[112.3,-7.2]}},{"type":"Feature","properties":{"Line":"R122","Tr":3040,"X":"640300.50000000000","Y":"9202881.50000000000","Rotation":0,"NAMOBJ":"Deketagung","WADMKC":"Sugio","WADMKK":"Lamongan"},"geometry":{"type":"Point","coordinates":[112.3,-7.2]}},{"type":"Feature","properties":{"Line":"R122","Tr":3041,"X":"640300.50000000000","Y":"9202869.00000000000","Rotation":0,"NAMOBJ":"Deketagung","WADMKC":"Sugio","WADMKK":"Lamongan"},"geometry":{"type":"Point","coordinates":[112.3,-7.2]}},{"type":"Feature","properties":{"Line":"R122","Tr":3042,"X":"640300.50000000000","Y":"9202856.50000000000","Rotation":0,"NAMOBJ":"Deketagung","WADMKC":"Sugio","WADMKK":"Lamongan"},"geometry":{"type":"Point","coordinates":[112.3,-7.2]}},{"type":"Feature","properties":{"Line":"R122","Tr":3043,"X":"640300.50000000000","Y":"9202844.00000000000","Rotation":0,"NAMOBJ":"Deketagung","WADMKC":"Sugio","WADMKK":"Lamongan"},"geometry":{"type":"Point","coordinates":[112.3,-7.2]}},{"type":"Feature","properties":{"Line":"R122","Tr":3044,"X":"640300.50000000000","Y":"9202831.50000000000","Rotation":0,"NAMOBJ":"Deketagung","WADMKC":"Sugio","WADMKK":"Lamongan"},"geometry":{"type":"Point","coordinates":[112.3,-7.2]}},{"type":"Feature","properties":{"Line":"R122","Tr":3045,"X":"640300.50000000000","Y":"9202819.00000000000","Rotation":0,"NAMOBJ":"Deketagung","WADMKC":"Sugio","WADMKK":"Lamongan"},"geometry":{"type":"Point","coordinates":[112.3,-7.2]}},{"type":"Feature","properties":{"Line":"R122","Tr":3046,"X":"640300.50000000000","Y":"9202806.50000000000","Rotation":0,"NAMOBJ":"Deketagung","WADMKC":"Sugio","WADMKK":"Lamongan"},"geometry":{"type":"Point","coordinates":[112.3,-7.2]}},{"type":"Feature","properties":{"Line":"R122","Tr":3047,"X":"640300.50000000000","Y":"9202794.00000000000","Rotation":0,"NAMOBJ":"Deketagung","WADMKC":"Sugio","WADMKK":"Lamongan"},"geometry":{"type":"Point","coordinates":[112.3,-7.2]}},{"type":"Feature","properties":{"Line":"R122","Tr":3048,"X":"640300.50000000000","Y":"9202781.50000000000","Rotation":0,"NAMOBJ":"Deketagung","WADMKC":"Sugio","WADMKK":"Lamongan"},"geometry":{"type":"Point","coordinates":[112.3,-7.2]}},{"type":"Feature","properties":{"Line":"R122","Tr":3049,"X":"640300.50000000000","Y":"9202769.00000000000","Rotation":0,"NAMOBJ":"Deketagung","WADMKC":"Sugio","WADMKK":"Lamongan"},"geometry":{"type":"Point","coordinates":[112.3,-7.2]}},{"type":"Feature","properties":{"Line":"R122","Tr":3050,"X":"640300.50000000000","Y":"9202756.50000000000","Rotation":0,"NAMOBJ":"Deketagung","WADMKC":"Sugio","WADMKK":"Lamongan"},"geometry":{"type":"Point","coordinates":[112.3,-7.2]}},{"type":"Feature","properties":{"Line":"R122","Tr":3051,"X":"640300.50000000000","Y":"9202744.00000000000","Rotation":0,"NAMOBJ":"Deketagung","WADMKC":"Sugio","WADMKK":"Lamongan"},"geometry":{"type":"Point","coordinates":[112.3,-7.2]}},{"type":"Feature","properties":{"Line":"R122","Tr":3052,"X":"640300.50000000000","Y":"9202731.50000000000","Rotation":0,"NAMOBJ":"Deketagung","WADMKC":"Sugio","WADMKK":"Lamongan"},"geometry":{"type":"Point","coordinates":[112.3,-7.2]}},{"type":"Feature","properties":{"Line":"R122","Tr":3053,"X":"640300.50000000000","Y":"9202719.00000000000","Rotation":0,"NAMOBJ":"Deketagung","WADMKC":"Sugio","WADMKK":"Lamongan"},"geometry":{"type":"Point","coordinates":[112.3,-7.2]}},{"type":"Feature","properties":{"Line":"R122","Tr":3054,"X":"640300.50000000000","Y":"9202706.50000000000","Rotation":0,"NAMOBJ":"Deketagung","WADMKC":"Sugio","WADMKK":"Lamongan"},"geometry":{"type":"Point","coordinates":[112.3,-7.2]}},{"type":"Feature","properties":{"Line":"R122","Tr":3055,"X":"640300.50000000000","Y":"9202694.00000000000","Rotation":0,"NAMOBJ":"Deketagung","WADMKC":"Sugio","WADMKK":"Lamongan"},"geometry":{"type":"Point","coordinates":[112.3,-7.2]}},{"type":"Feature","properties":{"Line":"R122","Tr":3056,"X":"640300.50000000000","Y":"9202681.50000000000","Rotation":0,"NAMOBJ":"Deketagung","WADMKC":"Sugio","WADMKK":"Lamongan"},"geometry":{"type":"Point","coordinates":[112.3,-7.2]}},{"type":"Feature","properties":{"Line":"R122","Tr":3057,"X":"640300.50000000000","Y":"9202669.00000000000","Rotation":0,"NAMOBJ":"Deketagung","WADMKC":"Sugio","WADMKK":"Lamongan"},"geometry":{"type":"Point","coordinates":[112.3,-7.2]}},{"type":"Feature","properties":{"Line":"R122","Tr":3058,"X":"640300.50000000000","Y":"9202656.50000000000","Rotation":0,"NAMOBJ":"Deketagung","WADMKC":"Sugio","WADMKK":"Lamongan"},"geometry":{"type":"Point","coordinates":[112.3,-7.2]}},{"type":"Feature","properties":{"Line":"R122","Tr":3059,"X":"640300.50000000000","Y":"9202644.00000000000","Rotation":0,"NAMOBJ":"Deketagung","WADMKC":"Sugio","WADMKK":"Lamongan"},"geometry":{"type":"Point","coordinates":[112.3,-7.2]}},{"type":"Feature","properties":{"Line":"R122","Tr":3060,"X":"640300.50000000000","Y":"9202631.50000000000","Rotation":0,"NAMOBJ":"Deketagung","WADMKC":"Sugio","WADMKK":"Lamongan"},"geometry":{"type":"Point","coordinates":[112.3,-7.2]}},{"type":"Feature","properties":{"Line":"R122","Tr":3061,"X":"640300.50000000000","Y":"9202619.00000000000","Rotation":0,"NAMOBJ":"Deketagung","WADMKC":"Sugio","WADMKK":"Lamongan"},"geometry":{"type":"Point","coordinates":[112.3,-7.2]}},{"type":"Feature","properties":{"Line":"R122","Tr":3062,"X":"640300.50000000000","Y":"9202606.50000000000","Rotation":0,"NAMOBJ":"Deketagung","WADMKC":"Sugio","WADMKK":"Lamongan"},"geometry":{"type":"Point","coordinates":[112.3,-7.2]}},{"type":"Feature","properties":{"Line":"R122","Tr":3063,"X":"640300.50000000000","Y":"9202594.00000000000","Rotation":0,"NAMOBJ":"Deketagung","WADMKC":"Sugio","WADMKK":"Lamongan"},"geometry":{"type":"Point","coordinates":[112.3,-7.2]}},{"type":"Feature","properties":{"Line":"R122","Tr":3064,"X":"640300.50000000000","Y":"9202581.50000000000","Rotation":0,"NAMOBJ":"Deketagung","WADMKC":"Sugio","WADMKK":"Lamongan"},"geometry":{"type":"Point","coordinates":[112.3,-7.2]}},{"type":"Feature","properties":{"Line":"R122","Tr":3065,"X":"640300.50000000000","Y":"9202569.00000000000","Rotation":0,"NAMOBJ":"Deketagung","WADMKC":"Sugio","WADMKK":"Lamongan"},"geometry":{"type":"Point","coordinates":[112.3,-7.2]}},{"type":"Feature","properties":{"Line":"R122","Tr":3066,"X":"640300.50000000000","Y":"9202556.50000000000","Rotation":0,"NAMOBJ":"Deketagung","WADMKC":"Sugio","WADMKK":"Lamongan"},"geometry":{"type":"Point","coordinates":[112.3,-7.2]}},{"type":"Feature","properties":{"Line":"R122","Tr":3067,"X":"640300.50000000000","Y":"9202544.00000000000","Rotation":0,"NAMOBJ":"Deketagung","WADMKC":"Sugio","WADMKK":"Lamongan"},"geometry":{"type":"Point","coordinates":[112.3,-7.2]}},{"type":"Feature","properties":{"Line":"R122","Tr":3068,"X":"640300.50000000000","Y":"9202531.50000000000","Rotation":0,"NAMOBJ":"Deketagung","WADMKC":"Sugio","WADMKK":"Lamongan"},"geometry":{"type":"Point","coordinates":[112.3,-7.2]}},{"type":"Feature","properties":{"Line":"R124","Tr":2839,"X":"641300.50000000000","Y":"9205944.00000000000","Rotation":0,"NAMOBJ":"Deketagung","WADMKC":"Sugio","WADMKK":"Lamongan"},"geometry":{"type":"Point","coordinates":[112.3,-7.2]}},{"type":"Feature","properties":{"Line":"R124","Tr":2840,"X":"641300.50000000000","Y":"9205931.50000000000","Rotation":0,"NAMOBJ":"Deketagung","WADMKC":"Sugio","WADMKK":"Lamongan"},"geometry":{"type":"Point","coordinates":[112.3,-7.2]}},{"type":"Feature","properties":{"Line":"R124","Tr":2841,"X":"641300.50000000000","Y":"9205919.00000000000","Rotation":0,"NAMOBJ":"Deketagung","WADMKC":"Sugio","WADMKK":"Lamongan"},"geometry":{"type":"Point","coordinates":[112.3,-7.2]}},{"type":"Feature","properties":{"Line":"R124","Tr":2842,"X":"641300.50000000000","Y":"9205906.50000000000","Rotation":0,"NAMOBJ":"Deketagung","WADMKC":"Sugio","WADMKK":"Lamongan"},"geometry":{"type":"Point","coordinates":[112.3,-7.2]}},{"type":"Feature","properties":{"Line":"R124","Tr":2843,"X":"641300.50000000000","Y":"9205894.00000000000","Rotation":0,"NAMOBJ":"Deketagung","WADMKC":"Sugio","WADMKK":"Lamongan"},"geometry":{"type":"Point","coordinates":[112.3,-7.2]}},{"type":"Feature","properties":{"Line":"R124","Tr":2844,"X":"641300.50000000000","Y":"9205881.50000000000","Rotation":0,"NAMOBJ":"Deketagung","WADMKC":"Sugio","WADMKK":"Lamongan"},"geometry":{"type":"Point","coordinates":[112.3,-7.2]}},{"type":"Feature","properties":{"Line":"R124","Tr":2845,"X":"641300.50000000000","Y":"9205869.00000000000","Rotation":0,"NAMOBJ":"Deketagung","WADMKC":"Sugio","WADMKK":"Lamongan"},"geometry":{"type":"Point","coordinates":[112.3,-7.2]}},{"type":"Feature","properties":{"Line":"R124","Tr":2846,"X":"641300.50000000000","Y":"9205856.50000000000","Rotation":0,"NAMOBJ":"Deketagung","WADMKC":"Sugio","WADMKK":"Lamongan"},"geometry":{"type":"Point","coordinates":[112.3,-7.2]}},{"type":"Feature","properties":{"Line":"R124","Tr":2847,"X":"641300.50000000000","Y":"9205844.00000000000","Rotation":0,"NAMOBJ":"Deketagung","WADMKC":"Sugio","WADMKK":"Lamongan"},"geometry":{"type":"Point","coordinates":[112.3,-7.2]}},{"type":"Feature","properties":{"Line":"R124","Tr":2848,"X":"641300.50000000000","Y":"9205831.50000000000","Rotation":0,"NAMOBJ":"Deketagung","WADMKC":"Sugio","WADMKK":"Lamongan"},"geometry":{"type":"Point","coordinates":[112.3,-7.2]}},{"type":"Feature","properties":{"Line":"R124","Tr":2849,"X":"641300.50000000000","Y":"9205819.00000000000","Rotation":0,"NAMOBJ":"Deketagung","WADMKC":"Sugio","WADMKK":"Lamongan"},"geometry":{"type":"Point","coordinates":[112.3,-7.2]}},{"type":"Feature","properties":{"Line":"R124","Tr":2850,"X":"641300.50000000000","Y":"9205806.50000000000","Rotation":0,"NAMOBJ":"Deketagung","WADMKC":"Sugio","WADMKK":"Lamongan"},"geometry":{"type":"Point","coordinates":[112.3,-7.2]}},{"type":"Feature","properties":{"Line":"R124","Tr":2851,"X":"641300.50000000000","Y":"9205794.00000000000","Rotation":0,"NAMOBJ":"Deketagung","WADMKC":"Sugio","WADMKK":"Lamongan"},"geometry":{"type":"Point","coordinates":[112.3,-7.2]}},{"type":"Feature","properties":{"Line":"R124","Tr":2852,"X":"641300.50000000000","Y":"9205781.50000000000","Rotation":0,"NAMOBJ":"Deketagung","WADMKC":"Sugio","WADMKK":"Lamongan"},"geometry":{"type":"Point","coordinates":[112.3,-7.2]}},{"type":"Feature","properties":{"Line":"R124","Tr":2853,"X":"641300.50000000000","Y":"9205769.00000000000","Rotation":0,"NAMOBJ":"Deketagung","WADMKC":"Sugio","WADMKK":"Lamongan"},"geometry":{"type":"Point","coordinates":[112.3,-7.2]}},{"type":"Feature","properties":{"Line":"R124","Tr":2854,"X":"641300.50000000000","Y":"9205756.50000000000","Rotation":0,"NAMOBJ":"Deketagung","WADMKC":"Sugio","WADMKK":"Lamongan"},"geometry":{"type":"Point","coordinates":[112.3,-7.2]}},{"type":"Feature","properties":{"Line":"R124","Tr":2855,"X":"641300.50000000000","Y":"9205744.00000000000","Rotation":0,"NAMOBJ":"Deketagung","WADMKC":"Sugio","WADMKK":"Lamongan"},"geometry":{"type":"Point","coordinates":[112.3,-7.2]}},{"type":"Feature","properties":{"Line":"R124","Tr":2856,"X":"641300.50000000000","Y":"9205731.50000000000","Rotation":0,"NAMOBJ":"Deketagung","WADMKC":"Sugio","WADMKK":"Lamongan"},"geometry":{"type":"Point","coordinates":[112.3,-7.2]}},{"type":"Feature","properties":{"Line":"R124","Tr":2857,"X":"641300.50000000000","Y":"9205719.00000000000","Rotation":0,"NAMOBJ":"Deketagung","WADMKC":"Sugio","WADMKK":"Lamongan"},"geometry":{"type":"Point","coordinates":[112.3,-7.2]}},{"type":"Feature","properties":{"Line":"R124","Tr":2858,"X":"641300.50000000000","Y":"9205706.50000000000","Rotation":0,"NAMOBJ":"Deketagung","WADMKC":"Sugio","WADMKK":"Lamongan"},"geometry":{"type":"Point","coordinates":[112.3,-7.2]}},{"type":"Feature","properties":{"Line":"R124","Tr":2859,"X":"641300.50000000000","Y":"9205694.00000000000","Rotation":0,"NAMOBJ":"Deketagung","WADMKC":"Sugio","WADMKK":"Lamongan"},"geometry":{"type":"Point","coordinates":[112.3,-7.2]}},{"type":"Feature","properties":{"Line":"R124","Tr":2860,"X":"641300.50000000000","Y":"9205681.50000000000","Rotation":0,"NAMOBJ":"Deketagung","WADMKC":"Sugio","WADMKK":"Lamongan"},"geometry":{"type":"Point","coordinates":[112.3,-7.2]}},{"type":"Feature","properties":{"Line":"R124","Tr":2861,"X":"641300.50000000000","Y":"9205669.00000000000","Rotation":0,"NAMOBJ":"Deketagung","WADMKC":"Sugio","WADMKK":"Lamongan"},"geometry":{"type":"Point","coordinates":[112.3,-7.2]}},{"type":"Feature","properties":{"Line":"R124","Tr":2862,"X":"641300.50000000000","Y":"9205656.50000000000","Rotation":0,"NAMOBJ":"Deketagung","WADMKC":"Sugio","WADMKK":"Lamongan"},"geometry":{"type":"Point","coordinates":[112.3,-7.2]}},{"type":"Feature","properties":{"Line":"R124","Tr":2863,"X":"641300.50000000000","Y":"9205644.00000000000","Rotation":0,"NAMOBJ":"Deketagung","WADMKC":"Sugio","WADMKK":"Lamongan"},"geometry":{"type":"Point","coordinates":[112.3,-7.2]}},{"type":"Feature","properties":{"Line":"R124","Tr":2864,"X":"641300.50000000000","Y":"9205631.50000000000","Rotation":0,"NAMOBJ":"Deketagung","WADMKC":"Sugio","WADMKK":"Lamongan"},"geometry":{"type":"Point","coordinates":[112.3,-7.2]}},{"type":"Feature","properties":{"Line":"R124","Tr":2865,"X":"641300.50000000000","Y":"9205619.00000000000","Rotation":0,"NAMOBJ":"Deketagung","WADMKC":"Sugio","WADMKK":"Lamongan"},"geometry":{"type":"Point","coordinates":[112.3,-7.2]}},{"type":"Feature","properties":{"Line":"R124","Tr":2866,"X":"641300.50000000000","Y":"9205606.50000000000","Rotation":0,"NAMOBJ":"Deketagung","WADMKC":"Sugio","WADMKK":"Lamongan"},"geometry":{"type":"Point","coordinates":[112.3,-7.2]}},{"type":"Feature","properties":{"Line":"R124","Tr":2867,"X":"641300.50000000000","Y":"9205594.00000000000","Rotation":0,"NAMOBJ":"Deketagung","WADMKC":"Sugio","WADMKK":"Lamongan"},"geometry":{"type":"Point","coordinates":[112.3,-7.2]}},{"type":"Feature","properties":{"Line":"R124","Tr":2868,"X":"641300.50000000000","Y":"9205581.50000000000","Rotation":0,"NAMOBJ":"Deketagung","WADMKC":"Sugio","WADMKK":"Lamongan"},"geometry":{"type":"Point","coordinates":[112.3,-7.2]}},{"type":"Feature","properties":{"Line":"R124","Tr":2869,"X":"641300.50000000000","Y":"9205569.00000000000","Rotation":0,"NAMOBJ":"Deketagung","WADMKC":"Sugio","WADMKK":"Lamongan"},"geometry":{"type":"Point","coordinates":[112.3,-7.2]}},{"type":"Feature","properties":{"Line":"R124","Tr":2870,"X":"641300.50000000000","Y":"9205556.50000000000","Rotation":0,"NAMOBJ":"Deketagung","WADMKC":"Sugio","WADMKK":"Lamongan"},"geometry":{"type":"Point","coordinates":[112.3,-7.2]}},{"type":"Feature","properties":{"Line":"R124","Tr":2871,"X":"641300.50000000000","Y":"9205544.00000000000","Rotation":0,"NAMOBJ":"Deketagung","WADMKC":"Sugio","WADMKK":"Lamongan"},"geometry":{"type":"Point","coordinates":[112.3,-7.2]}},{"type":"Feature","properties":{"Line":"R124","Tr":2872,"X":"641300.50000000000","Y":"9205531.50000000000","Rotation":0,"NAMOBJ":"Deketagung","WADMKC":"Sugio","WADMKK":"Lamongan"},"geometry":{"type":"Point","coordinates":[112.3,-7.2]}},{"type":"Feature","properties":{"Line":"R124","Tr":2873,"X":"641300.50000000000","Y":"9205519.00000000000","Rotation":0,"NAMOBJ":"Deketagung","WADMKC":"Sugio","WADMKK":"Lamongan"},"geometry":{"type":"Point","coordinates":[112.3,-7.2]}},{"type":"Feature","properties":{"Line":"R124","Tr":2874,"X":"641300.50000000000","Y":"9205506.50000000000","Rotation":0,"NAMOBJ":"Deketagung","WADMKC":"Sugio","WADMKK":"Lamongan"},"geometry":{"type":"Point","coordinates":[112.3,-7.2]}},{"type":"Feature","properties":{"Line":"R124","Tr":2875,"X":"641300.50000000000","Y":"9205494.00000000000","Rotation":0,"NAMOBJ":"Deketagung","WADMKC":"Sugio","WADMKK":"Lamongan"},"geometry":{"type":"Point","coordinates":[112.3,-7.2]}},{"type":"Feature","properties":{"Line":"R124","Tr":2876,"X":"641300.50000000000","Y":"9205481.50000000000","Rotation":0,"NAMOBJ":"Deketagung","WADMKC":"Sugio","WADMKK":"Lamongan"},"geometry":{"type":"Point","coordinates":[112.3,-7.2]}},{"type":"Feature","properties":{"Line":"R124","Tr":2877,"X":"641300.50000000000","Y":"9205469.00000000000","Rotation":0,"NAMOBJ":"Deketagung","WADMKC":"Sugio","WADMKK":"Lamongan"},"geometry":{"type":"Point","coordinates":[112.3,-7.2]}},{"type":"Feature","properties":{"Line":"R124","Tr":2878,"X":"641300.50000000000","Y":"9205456.50000000000","Rotation":0,"NAMOBJ":"Deketagung","WADMKC":"Sugio","WADMKK":"Lamongan"},"geometry":{"type":"Point","coordinates":[112.3,-7.2]}},{"type":"Feature","properties":{"Line":"R124","Tr":2879,"X":"641300.50000000000","Y":"9205444.00000000000","Rotation":0,"NAMOBJ":"Deketagung","WADMKC":"Sugio","WADMKK":"Lamongan"},"geometry":{"type":"Point","coordinates":[112.3,-7.2]}},{"type":"Feature","properties":{"Line":"R124","Tr":2880,"X":"641300.50000000000","Y":"9205431.50000000000","Rotation":0,"NAMOBJ":"Deketagung","WADMKC":"Sugio","WADMKK":"Lamongan"},"geometry":{"type":"Point","coordinates":[112.3,-7.2]}},{"type":"Feature","properties":{"Line":"R124","Tr":2881,"X":"641300.50000000000","Y":"9205419.00000000000","Rotation":0,"NAMOBJ":"Deketagung","WADMKC":"Sugio","WADMKK":"Lamongan"},"geometry":{"type":"Point","coordinates":[112.3,-7.2]}},{"type":"Feature","properties":{"Line":"R124","Tr":2882,"X":"641300.50000000000","Y":"9205406.50000000000","Rotation":0,"NAMOBJ":"Deketagung","WADMKC":"Sugio","WADMKK":"Lamongan"},"geometry":{"type":"Point","coordinates":[112.3,-7.2]}},{"type":"Feature","properties":{"Line":"R124","Tr":2883,"X":"641300.50000000000","Y":"9205394.00000000000","Rotation":0,"NAMOBJ":"Deketagung","WADMKC":"Sugio","WADMKK":"Lamongan"},"geometry":{"type":"Point","coordinates":[112.3,-7.2]}},{"type":"Feature","properties":{"Line":"R124","Tr":2884,"X":"641300.50000000000","Y":"9205381.50000000000","Rotation":0,"NAMOBJ":"Deketagung","WADMKC":"Sugio","WADMKK":"Lamongan"},"geometry":{"type":"Point","coordinates":[112.3,-7.2]}},{"type":"Feature","properties":{"Line":"R124","Tr":2885,"X":"641300.50000000000","Y":"9205369.00000000000","Rotation":0,"NAMOBJ":"Deketagung","WADMKC":"Sugio","WADMKK":"Lamongan"},"geometry":{"type":"Point","coordinates":[112.3,-7.2]}},{"type":"Feature","properties":{"Line":"R124","Tr":2886,"X":"641300.50000000000","Y":"9205356.50000000000","Rotation":0,"NAMOBJ":"Deketagung","WADMKC":"Sugio","WADMKK":"Lamongan"},"geometry":{"type":"Point","coordinates":[112.3,-7.2]}},{"type":"Feature","properties":{"Line":"R124","Tr":2887,"X":"641300.50000000000","Y":"9205344.00000000000","Rotation":0,"NAMOBJ":"Deketagung","WADMKC":"Sugio","WADMKK":"Lamongan"},"geometry":{"type":"Point","coordinates":[112.3,-7.2]}},{"type":"Feature","properties":{"Line":"R124","Tr":2888,"X":"641300.50000000000","Y":"9205331.50000000000","Rotation":0,"NAMOBJ":"Deketagung","WADMKC":"Sugio","WADMKK":"Lamongan"},"geometry":{"type":"Point","coordinates":[112.3,-7.2]}},{"type":"Feature","properties":{"Line":"R124","Tr":2889,"X":"641300.50000000000","Y":"9205319.00000000000","Rotation":0,"NAMOBJ":"Deketagung","WADMKC":"Sugio","WADMKK":"Lamongan"},"geometry":{"type":"Point","coordinates":[112.3,-7.2]}},{"type":"Feature","properties":{"Line":"R124","Tr":2890,"X":"641300.50000000000","Y":"9205306.50000000000","Rotation":0,"NAMOBJ":"Deketagung","WADMKC":"Sugio","WADMKK":"Lamongan"},"geometry":{"type":"Point","coordinates":[112.3,-7.2]}},{"type":"Feature","properties":{"Line":"R124","Tr":2891,"X":"641300.50000000000","Y":"9205294.00000000000","Rotation":0,"NAMOBJ":"Deketagung","WADMKC":"Sugio","WADMKK":"Lamongan"},"geometry":{"type":"Point","coordinates":[112.3,-7.2]}},{"type":"Feature","properties":{"Line":"R124","Tr":2892,"X":"641300.50000000000","Y":"9205281.50000000000","Rotation":0,"NAMOBJ":"Deketagung","WADMKC":"Sugio","WADMKK":"Lamongan"},"geometry":{"type":"Point","coordinates":[112.3,-7.2]}},{"type":"Feature","properties":{"Line":"R124","Tr":2893,"X":"641300.50000000000","Y":"9205269.00000000000","Rotation":0,"NAMOBJ":"Deketagung","WADMKC":"Sugio","WADMKK":"Lamongan"},"geometry":{"type":"Point","coordinates":[112.3,-7.2]}},{"type":"Feature","properties":{"Line":"R124","Tr":2894,"X":"641300.50000000000","Y":"9205256.50000000000","Rotation":0,"NAMOBJ":"Deketagung","WADMKC":"Sugio","WADMKK":"Lamongan"},"geometry":{"type":"Point","coordinates":[112.3,-7.2]}},{"type":"Feature","properties":{"Line":"R124","Tr":2895,"X":"641300.50000000000","Y":"9205244.00000000000","Rotation":0,"NAMOBJ":"Deketagung","WADMKC":"Sugio","WADMKK":"Lamongan"},"geometry":{"type":"Point","coordinates":[112.3,-7.2]}},{"type":"Feature","properties":{"Line":"R124","Tr":2896,"X":"641300.50000000000","Y":"9205231.50000000000","Rotation":0,"NAMOBJ":"Deketagung","WADMKC":"Sugio","WADMKK":"Lamongan"},"geometry":{"type":"Point","coordinates":[112.3,-7.2]}},{"type":"Feature","properties":{"Line":"R124","Tr":2897,"X":"641300.50000000000","Y":"9205219.00000000000","Rotation":0,"NAMOBJ":"Deketagung","WADMKC":"Sugio","WADMKK":"Lamongan"},"geometry":{"type":"Point","coordinates":[112.3,-7.2]}},{"type":"Feature","properties":{"Line":"R124","Tr":2898,"X":"641300.50000000000","Y":"9205206.50000000000","Rotation":0,"NAMOBJ":"Deketagung","WADMKC":"Sugio","WADMKK":"Lamongan"},"geometry":{"type":"Point","coordinates":[112.3,-7.2]}},{"type":"Feature","properties":{"Line":"R124","Tr":2899,"X":"641300.50000000000","Y":"9205194.00000000000","Rotation":0,"NAMOBJ":"Deketagung","WADMKC":"Sugio","WADMKK":"Lamongan"},"geometry":{"type":"Point","coordinates":[112.3,-7.2]}},{"type":"Feature","properties":{"Line":"R124","Tr":2900,"X":"641300.50000000000","Y":"9205181.50000000000","Rotation":0,"NAMOBJ":"Deketagung","WADMKC":"Sugio","WADMKK":"Lamongan"},"geometry":{"type":"Point","coordinates":[112.3,-7.2]}},{"type":"Feature","properties":{"Line":"R124","Tr":2901,"X":"641300.50000000000","Y":"9205169.00000000000","Rotation":0,"NAMOBJ":"Deketagung","WADMKC":"Sugio","WADMKK":"Lamongan"},"geometry":{"type":"Point","coordinates":[112.3,-7.2]}},{"type":"Feature","properties":{"Line":"R124","Tr":2902,"X":"641300.50000000000","Y":"9205156.50000000000","Rotation":0,"NAMOBJ":"Deketagung","WADMKC":"Sugio","WADMKK":"Lamongan"},"geometry":{"type":"Point","coordinates":[112.3,-7.2]}},{"type":"Feature","properties":{"Line":"R124","Tr":2903,"X":"641300.50000000000","Y":"9205144.00000000000","Rotation":0,"NAMOBJ":"Deketagung","WADMKC":"Sugio","WADMKK":"Lamongan"},"geometry":{"type":"Point","coordinates":[112.3,-7.2]}},{"type":"Feature","properties":{"Line":"R124","Tr":2904,"X":"641300.50000000000","Y":"9205131.50000000000","Rotation":0,"NAMOBJ":"Deketagung","WADMKC":"Sugio","WADMKK":"Lamongan"},"geometry":{"type":"Point","coordinates":[112.3,-7.2]}},{"type":"Feature","properties":{"Line":"R124","Tr":2905,"X":"641300.50000000000","Y":"9205119.00000000000","Rotation":0,"NAMOBJ":"Deketagung","WADMKC":"Sugio","WADMKK":"Lamongan"},"geometry":{"type":"Point","coordinates":[112.3,-7.2]}},{"type":"Feature","properties":{"Line":"R124","Tr":2906,"X":"641300.50000000000","Y":"9205106.50000000000","Rotation":0,"NAMOBJ":"Deketagung","WADMKC":"Sugio","WADMKK":"Lamongan"},"geometry":{"type":"Point","coordinates":[112.3,-7.2]}},{"type":"Feature","properties":{"Line":"R124","Tr":2907,"X":"641300.50000000000","Y":"9205094.00000000000","Rotation":0,"NAMOBJ":"Deketagung","WADMKC":"Sugio","WADMKK":"Lamongan"},"geometry":{"type":"Point","coordinates":[112.3,-7.2]}},{"type":"Feature","properties":{"Line":"R124","Tr":2908,"X":"641300.50000000000","Y":"9205081.50000000000","Rotation":0,"NAMOBJ":"Deketagung","WADMKC":"Sugio","WADMKK":"Lamongan"},"geometry":{"type":"Point","coordinates":[112.3,-7.2]}},{"type":"Feature","properties":{"Line":"R124","Tr":2909,"X":"641300.50000000000","Y":"9205069.00000000000","Rotation":0,"NAMOBJ":"Deketagung","WADMKC":"Sugio","WADMKK":"Lamongan"},"geometry":{"type":"Point","coordinates":[112.3,-7.2]}},{"type":"Feature","properties":{"Line":"R124","Tr":2910,"X":"641300.50000000000","Y":"9205056.50000000000","Rotation":0,"NAMOBJ":"Deketagung","WADMKC":"Sugio","WADMKK":"Lamongan"},"geometry":{"type":"Point","coordinates":[112.3,-7.2]}},{"type":"Feature","properties":{"Line":"R124","Tr":2911,"X":"641300.50000000000","Y":"9205044.00000000000","Rotation":0,"NAMOBJ":"Deketagung","WADMKC":"Sugio","WADMKK":"Lamongan"},"geometry":{"type":"Point","coordinates":[112.3,-7.2]}},{"type":"Feature","properties":{"Line":"R124","Tr":2912,"X":"641300.50000000000","Y":"9205031.50000000000","Rotation":0,"NAMOBJ":"Deketagung","WADMKC":"Sugio","WADMKK":"Lamongan"},"geometry":{"type":"Point","coordinates":[112.3,-7.2]}},{"type":"Feature","properties":{"Line":"R124","Tr":2913,"X":"641300.50000000000","Y":"9205019.00000000000","Rotation":0,"NAMOBJ":"Deketagung","WADMKC":"Sugio","WADMKK":"Lamongan"},"geometry":{"type":"Point","coordinates":[112.3,-7.2]}},{"type":"Feature","properties":{"Line":"R124","Tr":2914,"X":"641300.50000000000","Y":"9205006.50000000000","Rotation":0,"NAMOBJ":"Deketagung","WADMKC":"Sugio","WADMKK":"Lamongan"},"geometry":{"type":"Point","coordinates":[112.3,-7.2]}},{"type":"Feature","properties":{"Line":"R124","Tr":2915,"X":"641300.50000000000","Y":"9204994.00000000000","Rotation":0,"NAMOBJ":"Deketagung","WADMKC":"Sugio","WADMKK":"Lamongan"},"geometry":{"type":"Point","coordinates":[112.3,-7.2]}},{"type":"Feature","properties":{"Line":"R124","Tr":2916,"X":"641300.50000000000","Y":"9204981.50000000000","Rotation":0,"NAMOBJ":"Deketagung","WADMKC":"Sugio","WADMKK":"Lamongan"},"geometry":{"type":"Point","coordinates":[112.3,-7.2]}},{"type":"Feature","properties":{"Line":"R124","Tr":2917,"X":"641300.50000000000","Y":"9204969.00000000000","Rotation":0,"NAMOBJ":"Deketagung","WADMKC":"Sugio","WADMKK":"Lamongan"},"geometry":{"type":"Point","coordinates":[112.3,-7.2]}},{"type":"Feature","properties":{"Line":"R124","Tr":2918,"X":"641300.50000000000","Y":"9204956.50000000000","Rotation":0,"NAMOBJ":"Deketagung","WADMKC":"Sugio","WADMKK":"Lamongan"},"geometry":{"type":"Point","coordinates":[112.3,-7.2]}},{"type":"Feature","properties":{"Line":"R124","Tr":2919,"X":"641300.50000000000","Y":"9204944.00000000000","Rotation":0,"NAMOBJ":"Deketagung","WADMKC":"Sugio","WADMKK":"Lamongan"},"geometry":{"type":"Point","coordinates":[112.3,-7.2]}},{"type":"Feature","properties":{"Line":"R124","Tr":2920,"X":"641300.50000000000","Y":"9204931.50000000000","Rotation":0,"NAMOBJ":"Deketagung","WADMKC":"Sugio","WADMKK":"Lamongan"},"geometry":{"type":"Point","coordinates":[112.3,-7.2]}},{"type":"Feature","properties":{"Line":"R124","Tr":2921,"X":"641300.50000000000","Y":"9204919.00000000000","Rotation":0,"NAMOBJ":"Deketagung","WADMKC":"Sugio","WADMKK":"Lamongan"},"geometry":{"type":"Point","coordinates":[112.3,-7.2]}},{"type":"Feature","properties":{"Line":"R124","Tr":2922,"X":"641300.50000000000","Y":"9204906.50000000000","Rotation":0,"NAMOBJ":"Deketagung","WADMKC":"Sugio","WADMKK":"Lamongan"},"geometry":{"type":"Point","coordinates":[112.3,-7.2]}},{"type":"Feature","properties":{"Line":"R124","Tr":2923,"X":"641300.50000000000","Y":"9204894.00000000000","Rotation":0,"NAMOBJ":"Deketagung","WADMKC":"Sugio","WADMKK":"Lamongan"},"geometry":{"type":"Point","coordinates":[112.3,-7.2]}},{"type":"Feature","properties":{"Line":"R124","Tr":2924,"X":"641300.50000000000","Y":"9204881.50000000000","Rotation":0,"NAMOBJ":"Deketagung","WADMKC":"Sugio","WADMKK":"Lamongan"},"geometry":{"type":"Point","coordinates":[112.3,-7.2]}},{"type":"Feature","properties":{"Line":"R124","Tr":2925,"X":"641300.50000000000","Y":"9204869.00000000000","Rotation":0,"NAMOBJ":"Deketagung","WADMKC":"Sugio","WADMKK":"Lamongan"},"geometry":{"type":"Point","coordinates":[112.3,-7.2]}},{"type":"Feature","properties":{"Line":"R124","Tr":2926,"X":"641300.50000000000","Y":"9204856.50000000000","Rotation":0,"NAMOBJ":"Deketagung","WADMKC":"Sugio","WADMKK":"Lamongan"},"geometry":{"type":"Point","coordinates":[112.3,-7.2]}},{"type":"Feature","properties":{"Line":"R124","Tr":2927,"X":"641300.50000000000","Y":"9204844.00000000000","Rotation":0,"NAMOBJ":"Deketagung","WADMKC":"Sugio","WADMKK":"Lamongan"},"geometry":{"type":"Point","coordinates":[112.3,-7.2]}},{"type":"Feature","properties":{"Line":"R124","Tr":2928,"X":"641300.50000000000","Y":"9204831.50000000000","Rotation":0,"NAMOBJ":"Deketagung","WADMKC":"Sugio","WADMKK":"Lamongan"},"geometry":{"type":"Point","coordinates":[112.3,-7.2]}},{"type":"Feature","properties":{"Line":"R124","Tr":2929,"X":"641300.50000000000","Y":"9204819.00000000000","Rotation":0,"NAMOBJ":"Deketagung","WADMKC":"Sugio","WADMKK":"Lamongan"},"geometry":{"type":"Point","coordinates":[112.3,-7.2]}},{"type":"Feature","properties":{"Line":"R124","Tr":2930,"X":"641300.50000000000","Y":"9204806.50000000000","Rotation":0,"NAMOBJ":"Deketagung","WADMKC":"Sugio","WADMKK":"Lamongan"},"geometry":{"type":"Point","coordinates":[112.3,-7.2]}},{"type":"Feature","properties":{"Line":"R124","Tr":2931,"X":"641300.50000000000","Y":"9204794.00000000000","Rotation":0,"NAMOBJ":"Deketagung","WADMKC":"Sugio","WADMKK":"Lamongan"},"geometry":{"type":"Point","coordinates":[112.3,-7.2]}},{"type":"Feature","properties":{"Line":"R124","Tr":2932,"X":"641300.50000000000","Y":"9204781.50000000000","Rotation":0,"NAMOBJ":"Deketagung","WADMKC":"Sugio","WADMKK":"Lamongan"},"geometry":{"type":"Point","coordinates":[112.3,-7.2]}},{"type":"Feature","properties":{"Line":"R124","Tr":2933,"X":"641300.50000000000","Y":"9204769.00000000000","Rotation":0,"NAMOBJ":"Deketagung","WADMKC":"Sugio","WADMKK":"Lamongan"},"geometry":{"type":"Point","coordinates":[112.3,-7.2]}},{"type":"Feature","properties":{"Line":"R124","Tr":2934,"X":"641300.50000000000","Y":"9204756.50000000000","Rotation":0,"NAMOBJ":"Deketagung","WADMKC":"Sugio","WADMKK":"Lamongan"},"geometry":{"type":"Point","coordinates":[112.3,-7.2]}},{"type":"Feature","properties":{"Line":"R124","Tr":2935,"X":"641300.50000000000","Y":"9204744.00000000000","Rotation":0,"NAMOBJ":"Deketagung","WADMKC":"Sugio","WADMKK":"Lamongan"},"geometry":{"type":"Point","coordinates":[112.3,-7.2]}},{"type":"Feature","properties":{"Line":"R124","Tr":2936,"X":"641300.50000000000","Y":"9204731.50000000000","Rotation":0,"NAMOBJ":"Deketagung","WADMKC":"Sugio","WADMKK":"Lamongan"},"geometry":{"type":"Point","coordinates":[112.3,-7.2]}},{"type":"Feature","properties":{"Line":"R124","Tr":2937,"X":"641300.50000000000","Y":"9204719.00000000000","Rotation":0,"NAMOBJ":"Deketagung","WADMKC":"Sugio","WADMKK":"Lamongan"},"geometry":{"type":"Point","coordinates":[112.3,-7.2]}},{"type":"Feature","properties":{"Line":"R124","Tr":2938,"X":"641300.50000000000","Y":"9204706.50000000000","Rotation":0,"NAMOBJ":"Deketagung","WADMKC":"Sugio","WADMKK":"Lamongan"},"geometry":{"type":"Point","coordinates":[112.3,-7.2]}},{"type":"Feature","properties":{"Line":"R124","Tr":2939,"X":"641300.50000000000","Y":"9204694.00000000000","Rotation":0,"NAMOBJ":"Deketagung","WADMKC":"Sugio","WADMKK":"Lamongan"},"geometry":{"type":"Point","coordinates":[112.3,-7.2]}},{"type":"Feature","properties":{"Line":"R124","Tr":2940,"X":"641300.50000000000","Y":"9204681.50000000000","Rotation":0,"NAMOBJ":"Deketagung","WADMKC":"Sugio","WADMKK":"Lamongan"},"geometry":{"type":"Point","coordinates":[112.3,-7.2]}},{"type":"Feature","properties":{"Line":"R124","Tr":2941,"X":"641300.50000000000","Y":"9204669.00000000000","Rotation":0,"NAMOBJ":"Deketagung","WADMKC":"Sugio","WADMKK":"Lamongan"},"geometry":{"type":"Point","coordinates":[112.3,-7.2]}},{"type":"Feature","properties":{"Line":"R124","Tr":2942,"X":"641300.50000000000","Y":"9204656.50000000000","Rotation":0,"NAMOBJ":"Deketagung","WADMKC":"Sugio","WADMKK":"Lamongan"},"geometry":{"type":"Point","coordinates":[112.3,-7.2]}},{"type":"Feature","properties":{"Line":"R124","Tr":2943,"X":"641300.50000000000","Y":"9204644.00000000000","Rotation":0,"NAMOBJ":"Deketagung","WADMKC":"Sugio","WADMKK":"Lamongan"},"geometry":{"type":"Point","coordinates":[112.3,-7.2]}},{"type":"Feature","properties":{"Line":"R124","Tr":2944,"X":"641300.50000000000","Y":"9204631.50000000000","Rotation":0,"NAMOBJ":"Deketagung","WADMKC":"Sugio","WADMKK":"Lamongan"},"geometry":{"type":"Point","coordinates":[112.3,-7.2]}},{"type":"Feature","properties":{"Line":"R124","Tr":2945,"X":"641300.50000000000","Y":"9204619.00000000000","Rotation":0,"NAMOBJ":"Deketagung","WADMKC":"Sugio","WADMKK":"Lamongan"},"geometry":{"type":"Point","coordinates":[112.3,-7.2]}},{"type":"Feature","properties":{"Line":"R124","Tr":2946,"X":"641300.50000000000","Y":"9204606.50000000000","Rotation":0,"NAMOBJ":"Deketagung","WADMKC":"Sugio","WADMKK":"Lamongan"},"geometry":{"type":"Point","coordinates":[112.3,-7.2]}},{"type":"Feature","properties":{"Line":"R124","Tr":2947,"X":"641300.50000000000","Y":"9204594.00000000000","Rotation":0,"NAMOBJ":"Deketagung","WADMKC":"Sugio","WADMKK":"Lamongan"},"geometry":{"type":"Point","coordinates":[112.3,-7.2]}},{"type":"Feature","properties":{"Line":"R124","Tr":2948,"X":"641300.50000000000","Y":"9204581.50000000000","Rotation":0,"NAMOBJ":"Deketagung","WADMKC":"Sugio","WADMKK":"Lamongan"},"geometry":{"type":"Point","coordinates":[112.3,-7.2]}},{"type":"Feature","properties":{"Line":"R124","Tr":2949,"X":"641300.50000000000","Y":"9204569.00000000000","Rotation":0,"NAMOBJ":"Deketagung","WADMKC":"Sugio","WADMKK":"Lamongan"},"geometry":{"type":"Point","coordinates":[112.3,-7.2]}},{"type":"Feature","properties":{"Line":"R124","Tr":2950,"X":"641300.50000000000","Y":"9204556.50000000000","Rotation":0,"NAMOBJ":"Deketagung","WADMKC":"Sugio","WADMKK":"Lamongan"},"geometry":{"type":"Point","coordinates":[112.3,-7.2]}},{"type":"Feature","properties":{"Line":"R124","Tr":2951,"X":"641300.50000000000","Y":"9204544.00000000000","Rotation":0,"NAMOBJ":"Deketagung","WADMKC":"Sugio","WADMKK":"Lamongan"},"geometry":{"type":"Point","coordinates":[112.3,-7.2]}},{"type":"Feature","properties":{"Line":"R124","Tr":2952,"X":"641300.50000000000","Y":"9204531.50000000000","Rotation":0,"NAMOBJ":"Deketagung","WADMKC":"Sugio","WADMKK":"Lamongan"},"geometry":{"type":"Point","coordinates":[112.3,-7.2]}},{"type":"Feature","properties":{"Line":"R124","Tr":2953,"X":"641300.50000000000","Y":"9204519.00000000000","Rotation":0,"NAMOBJ":"Deketagung","WADMKC":"Sugio","WADMKK":"Lamongan"},"geometry":{"type":"Point","coordinates":[112.3,-7.2]}},{"type":"Feature","properties":{"Line":"R124","Tr":2954,"X":"641300.50000000000","Y":"9204506.50000000000","Rotation":0,"NAMOBJ":"Deketagung","WADMKC":"Sugio","WADMKK":"Lamongan"},"geometry":{"type":"Point","coordinates":[112.3,-7.2]}},{"type":"Feature","properties":{"Line":"R124","Tr":2955,"X":"641300.50000000000","Y":"9204494.00000000000","Rotation":0,"NAMOBJ":"Deketagung","WADMKC":"Sugio","WADMKK":"Lamongan"},"geometry":{"type":"Point","coordinates":[112.3,-7.2]}},{"type":"Feature","properties":{"Line":"R124","Tr":2956,"X":"641300.50000000000","Y":"9204481.50000000000","Rotation":0,"NAMOBJ":"Deketagung","WADMKC":"Sugio","WADMKK":"Lamongan"},"geometry":{"type":"Point","coordinates":[112.3,-7.2]}},{"type":"Feature","properties":{"Line":"R124","Tr":2957,"X":"641300.50000000000","Y":"9204469.00000000000","Rotation":0,"NAMOBJ":"Deketagung","WADMKC":"Sugio","WADMKK":"Lamongan"},"geometry":{"type":"Point","coordinates":[112.3,-7.2]}},{"type":"Feature","properties":{"Line":"R124","Tr":2958,"X":"641300.50000000000","Y":"9204456.50000000000","Rotation":0,"NAMOBJ":"Deketagung","WADMKC":"Sugio","WADMKK":"Lamongan"},"geometry":{"type":"Point","coordinates":[112.3,-7.2]}},{"type":"Feature","properties":{"Line":"R124","Tr":2959,"X":"641300.50000000000","Y":"9204444.00000000000","Rotation":0,"NAMOBJ":"Deketagung","WADMKC":"Sugio","WADMKK":"Lamongan"},"geometry":{"type":"Point","coordinates":[112.3,-7.2]}},{"type":"Feature","properties":{"Line":"R124","Tr":2960,"X":"641300.50000000000","Y":"9204431.50000000000","Rotation":0,"NAMOBJ":"Deketagung","WADMKC":"Sugio","WADMKK":"Lamongan"},"geometry":{"type":"Point","coordinates":[112.3,-7.2]}},{"type":"Feature","properties":{"Line":"R124","Tr":2961,"X":"641300.50000000000","Y":"9204419.00000000000","Rotation":0,"NAMOBJ":"Deketagung","WADMKC":"Sugio","WADMKK":"Lamongan"},"geometry":{"type":"Point","coordinates":[112.3,-7.2]}},{"type":"Feature","properties":{"Line":"R124","Tr":2962,"X":"641300.50000000000","Y":"9204406.50000000000","Rotation":0,"NAMOBJ":"Deketagung","WADMKC":"Sugio","WADMKK":"Lamongan"},"geometry":{"type":"Point","coordinates":[112.3,-7.2]}},{"type":"Feature","properties":{"Line":"R124","Tr":2963,"X":"641300.50000000000","Y":"9204394.00000000000","Rotation":0,"NAMOBJ":"Deketagung","WADMKC":"Sugio","WADMKK":"Lamongan"},"geometry":{"type":"Point","coordinates":[112.3,-7.2]}},{"type":"Feature","properties":{"Line":"R124","Tr":2964,"X":"641300.50000000000","Y":"9204381.50000000000","Rotation":0,"NAMOBJ":"Deketagung","WADMKC":"Sugio","WADMKK":"Lamongan"},"geometry":{"type":"Point","coordinates":[112.3,-7.2]}},{"type":"Feature","properties":{"Line":"R124","Tr":2965,"X":"641300.50000000000","Y":"9204369.00000000000","Rotation":0,"NAMOBJ":"Deketagung","WADMKC":"Sugio","WADMKK":"Lamongan"},"geometry":{"type":"Point","coordinates":[112.3,-7.2]}},{"type":"Feature","properties":{"Line":"R124","Tr":2966,"X":"641300.50000000000","Y":"9204356.50000000000","Rotation":0,"NAMOBJ":"Deketagung","WADMKC":"Sugio","WADMKK":"Lamongan"},"geometry":{"type":"Point","coordinates":[112.3,-7.2]}},{"type":"Feature","properties":{"Line":"R124","Tr":2967,"X":"641300.50000000000","Y":"9204344.00000000000","Rotation":0,"NAMOBJ":"Deketagung","WADMKC":"Sugio","WADMKK":"Lamongan"},"geometry":{"type":"Point","coordinates":[112.3,-7.2]}},{"type":"Feature","properties":{"Line":"R124","Tr":2968,"X":"641300.50000000000","Y":"9204331.50000000000","Rotation":0,"NAMOBJ":"Deketagung","WADMKC":"Sugio","WADMKK":"Lamongan"},"geometry":{"type":"Point","coordinates":[112.3,-7.2]}},{"type":"Feature","properties":{"Line":"R124","Tr":2969,"X":"641300.50000000000","Y":"9204319.00000000000","Rotation":0,"NAMOBJ":"Deketagung","WADMKC":"Sugio","WADMKK":"Lamongan"},"geometry":{"type":"Point","coordinates":[112.3,-7.2]}},{"type":"Feature","properties":{"Line":"R124","Tr":2970,"X":"641300.50000000000","Y":"9204306.50000000000","Rotation":0,"NAMOBJ":"Deketagung","WADMKC":"Sugio","WADMKK":"Lamongan"},"geometry":{"type":"Point","coordinates":[112.3,-7.2]}},{"type":"Feature","properties":{"Line":"R124","Tr":2971,"X":"641300.50000000000","Y":"9204294.00000000000","Rotation":0,"NAMOBJ":"Deketagung","WADMKC":"Sugio","WADMKK":"Lamongan"},"geometry":{"type":"Point","coordinates":[112.3,-7.2]}},{"type":"Feature","properties":{"Line":"R124","Tr":2972,"X":"641300.50000000000","Y":"9204281.50000000000","Rotation":0,"NAMOBJ":"Deketagung","WADMKC":"Sugio","WADMKK":"Lamongan"},"geometry":{"type":"Point","coordinates":[112.3,-7.2]}},{"type":"Feature","properties":{"Line":"R124","Tr":2973,"X":"641300.50000000000","Y":"9204269.00000000000","Rotation":0,"NAMOBJ":"Deketagung","WADMKC":"Sugio","WADMKK":"Lamongan"},"geometry":{"type":"Point","coordinates":[112.3,-7.2]}},{"type":"Feature","properties":{"Line":"R124","Tr":2974,"X":"641300.50000000000","Y":"9204256.50000000000","Rotation":0,"NAMOBJ":"Deketagung","WADMKC":"Sugio","WADMKK":"Lamongan"},"geometry":{"type":"Point","coordinates":[112.3,-7.2]}},{"type":"Feature","properties":{"Line":"R124","Tr":2975,"X":"641300.50000000000","Y":"9204244.00000000000","Rotation":0,"NAMOBJ":"Deketagung","WADMKC":"Sugio","WADMKK":"Lamongan"},"geometry":{"type":"Point","coordinates":[112.3,-7.2]}},{"type":"Feature","properties":{"Line":"R124","Tr":2976,"X":"641300.50000000000","Y":"9204231.50000000000","Rotation":0,"NAMOBJ":"Deketagung","WADMKC":"Sugio","WADMKK":"Lamongan"},"geometry":{"type":"Point","coordinates":[112.3,-7.2]}},{"type":"Feature","properties":{"Line":"R124","Tr":2977,"X":"641300.50000000000","Y":"9204219.00000000000","Rotation":0,"NAMOBJ":"Deketagung","WADMKC":"Sugio","WADMKK":"Lamongan"},"geometry":{"type":"Point","coordinates":[112.3,-7.2]}},{"type":"Feature","properties":{"Line":"R124","Tr":2978,"X":"641300.50000000000","Y":"9204206.50000000000","Rotation":0,"NAMOBJ":"Deketagung","WADMKC":"Sugio","WADMKK":"Lamongan"},"geometry":{"type":"Point","coordinates":[112.3,-7.2]}},{"type":"Feature","properties":{"Line":"R124","Tr":2979,"X":"641300.50000000000","Y":"9204194.00000000000","Rotation":0,"NAMOBJ":"Deketagung","WADMKC":"Sugio","WADMKK":"Lamongan"},"geometry":{"type":"Point","coordinates":[112.3,-7.2]}},{"type":"Feature","properties":{"Line":"R124","Tr":2980,"X":"641300.50000000000","Y":"9204181.50000000000","Rotation":0,"NAMOBJ":"Deketagung","WADMKC":"Sugio","WADMKK":"Lamongan"},"geometry":{"type":"Point","coordinates":[112.3,-7.2]}},{"type":"Feature","properties":{"Line":"R124","Tr":2981,"X":"641300.50000000000","Y":"9204169.00000000000","Rotation":0,"NAMOBJ":"Deketagung","WADMKC":"Sugio","WADMKK":"Lamongan"},"geometry":{"type":"Point","coordinates":[112.3,-7.2]}},{"type":"Feature","properties":{"Line":"R124","Tr":2982,"X":"641300.50000000000","Y":"9204156.50000000000","Rotation":0,"NAMOBJ":"Deketagung","WADMKC":"Sugio","WADMKK":"Lamongan"},"geometry":{"type":"Point","coordinates":[112.3,-7.2]}},{"type":"Feature","properties":{"Line":"R124","Tr":2983,"X":"641300.50000000000","Y":"9204144.00000000000","Rotation":0,"NAMOBJ":"Deketagung","WADMKC":"Sugio","WADMKK":"Lamongan"},"geometry":{"type":"Point","coordinates":[112.3,-7.2]}},{"type":"Feature","properties":{"Line":"R124","Tr":2984,"X":"641300.50000000000","Y":"9204131.50000000000","Rotation":0,"NAMOBJ":"Deketagung","WADMKC":"Sugio","WADMKK":"Lamongan"},"geometry":{"type":"Point","coordinates":[112.3,-7.2]}},{"type":"Feature","properties":{"Line":"R124","Tr":2985,"X":"641300.50000000000","Y":"9204119.00000000000","Rotation":0,"NAMOBJ":"Deketagung","WADMKC":"Sugio","WADMKK":"Lamongan"},"geometry":{"type":"Point","coordinates":[112.3,-7.2]}},{"type":"Feature","properties":{"Line":"R124","Tr":2986,"X":"641300.50000000000","Y":"9204106.50000000000","Rotation":0,"NAMOBJ":"Deketagung","WADMKC":"Sugio","WADMKK":"Lamongan"},"geometry":{"type":"Point","coordinates":[112.3,-7.2]}},{"type":"Feature","properties":{"Line":"R124","Tr":2987,"X":"641300.50000000000","Y":"9204094.00000000000","Rotation":0,"NAMOBJ":"Deketagung","WADMKC":"Sugio","WADMKK":"Lamongan"},"geometry":{"type":"Point","coordinates":[112.3,-7.2]}},{"type":"Feature","properties":{"Line":"R124","Tr":2988,"X":"641300.50000000000","Y":"9204081.50000000000","Rotation":0,"NAMOBJ":"Deketagung","WADMKC":"Sugio","WADMKK":"Lamongan"},"geometry":{"type":"Point","coordinates":[112.3,-7.2]}},{"type":"Feature","properties":{"Line":"R124","Tr":2989,"X":"641300.50000000000","Y":"9204069.00000000000","Rotation":0,"NAMOBJ":"Deketagung","WADMKC":"Sugio","WADMKK":"Lamongan"},"geometry":{"type":"Point","coordinates":[112.3,-7.2]}},{"type":"Feature","properties":{"Line":"R124","Tr":2990,"X":"641300.50000000000","Y":"9204056.50000000000","Rotation":0,"NAMOBJ":"Deketagung","WADMKC":"Sugio","WADMKK":"Lamongan"},"geometry":{"type":"Point","coordinates":[112.3,-7.2]}},{"type":"Feature","properties":{"Line":"R124","Tr":2991,"X":"641300.50000000000","Y":"9204044.00000000000","Rotation":0,"NAMOBJ":"Deketagung","WADMKC":"Sugio","WADMKK":"Lamongan"},"geometry":{"type":"Point","coordinates":[112.3,-7.2]}},{"type":"Feature","properties":{"Line":"R124","Tr":2992,"X":"641300.50000000000","Y":"9204031.50000000000","Rotation":0,"NAMOBJ":"Deketagung","WADMKC":"Sugio","WADMKK":"Lamongan"},"geometry":{"type":"Point","coordinates":[112.3,-7.2]}},{"type":"Feature","properties":{"Line":"R124","Tr":2993,"X":"641300.50000000000","Y":"9204019.00000000000","Rotation":0,"NAMOBJ":"Deketagung","WADMKC":"Sugio","WADMKK":"Lamongan"},"geometry":{"type":"Point","coordinates":[112.3,-7.2]}},{"type":"Feature","properties":{"Line":"R124","Tr":2994,"X":"641300.50000000000","Y":"9204006.50000000000","Rotation":0,"NAMOBJ":"Deketagung","WADMKC":"Sugio","WADMKK":"Lamongan"},"geometry":{"type":"Point","coordinates":[112.3,-7.2]}},{"type":"Feature","properties":{"Line":"R124","Tr":2995,"X":"641300.50000000000","Y":"9203994.00000000000","Rotation":0,"NAMOBJ":"Deketagung","WADMKC":"Sugio","WADMKK":"Lamongan"},"geometry":{"type":"Point","coordinates":[112.3,-7.2]}},{"type":"Feature","properties":{"Line":"R124","Tr":2996,"X":"641300.50000000000","Y":"9203981.50000000000","Rotation":0,"NAMOBJ":"Deketagung","WADMKC":"Sugio","WADMKK":"Lamongan"},"geometry":{"type":"Point","coordinates":[112.3,-7.2]}},{"type":"Feature","properties":{"Line":"R124","Tr":2997,"X":"641300.50000000000","Y":"9203969.00000000000","Rotation":0,"NAMOBJ":"Deketagung","WADMKC":"Sugio","WADMKK":"Lamongan"},"geometry":{"type":"Point","coordinates":[112.3,-7.2]}},{"type":"Feature","properties":{"Line":"R124","Tr":2998,"X":"641300.50000000000","Y":"9203956.50000000000","Rotation":0,"NAMOBJ":"Deketagung","WADMKC":"Sugio","WADMKK":"Lamongan"},"geometry":{"type":"Point","coordinates":[112.3,-7.2]}},{"type":"Feature","properties":{"Line":"R124","Tr":2999,"X":"641300.50000000000","Y":"9203944.00000000000","Rotation":0,"NAMOBJ":"Deketagung","WADMKC":"Sugio","WADMKK":"Lamongan"},"geometry":{"type":"Point","coordinates":[112.3,-7.2]}},{"type":"Feature","properties":{"Line":"R124","Tr":3000,"X":"641300.50000000000","Y":"9203931.50000000000","Rotation":0,"NAMOBJ":"Deketagung","WADMKC":"Sugio","WADMKK":"Lamongan"},"geometry":{"type":"Point","coordinates":[112.3,-7.2]}},{"type":"Feature","properties":{"Line":"R124","Tr":3001,"X":"641300.50000000000","Y":"9203919.00000000000","Rotation":0,"NAMOBJ":"Deketagung","WADMKC":"Sugio","WADMKK":"Lamongan"},"geometry":{"type":"Point","coordinates":[112.3,-7.2]}},{"type":"Feature","properties":{"Line":"R124","Tr":3002,"X":"641300.50000000000","Y":"9203906.50000000000","Rotation":0,"NAMOBJ":"Deketagung","WADMKC":"Sugio","WADMKK":"Lamongan"},"geometry":{"type":"Point","coordinates":[112.3,-7.2]}},{"type":"Feature","properties":{"Line":"R124","Tr":3003,"X":"641300.50000000000","Y":"9203894.00000000000","Rotation":0,"NAMOBJ":"Deketagung","WADMKC":"Sugio","WADMKK":"Lamongan"},"geometry":{"type":"Point","coordinates":[112.3,-7.2]}},{"type":"Feature","properties":{"Line":"R124","Tr":3004,"X":"641300.50000000000","Y":"9203881.50000000000","Rotation":0,"NAMOBJ":"Deketagung","WADMKC":"Sugio","WADMKK":"Lamongan"},"geometry":{"type":"Point","coordinates":[112.3,-7.2]}},{"type":"Feature","properties":{"Line":"R124","Tr":3005,"X":"641300.50000000000","Y":"9203869.00000000000","Rotation":0,"NAMOBJ":"Deketagung","WADMKC":"Sugio","WADMKK":"Lamongan"},"geometry":{"type":"Point","coordinates":[112.3,-7.2]}},{"type":"Feature","properties":{"Line":"R124","Tr":3006,"X":"641300.50000000000","Y":"9203856.50000000000","Rotation":0,"NAMOBJ":"Deketagung","WADMKC":"Sugio","WADMKK":"Lamongan"},"geometry":{"type":"Point","coordinates":[112.3,-7.2]}},{"type":"Feature","properties":{"Line":"R124","Tr":3007,"X":"641300.50000000000","Y":"9203844.00000000000","Rotation":0,"NAMOBJ":"Deketagung","WADMKC":"Sugio","WADMKK":"Lamongan"},"geometry":{"type":"Point","coordinates":[112.3,-7.2]}},{"type":"Feature","properties":{"Line":"R124","Tr":3008,"X":"641300.50000000000","Y":"9203831.50000000000","Rotation":0,"NAMOBJ":"Deketagung","WADMKC":"Sugio","WADMKK":"Lamongan"},"geometry":{"type":"Point","coordinates":[112.3,-7.2]}},{"type":"Feature","properties":{"Line":"R124","Tr":3009,"X":"641300.50000000000","Y":"9203819.00000000000","Rotation":0,"NAMOBJ":"Deketagung","WADMKC":"Sugio","WADMKK":"Lamongan"},"geometry":{"type":"Point","coordinates":[112.3,-7.2]}},{"type":"Feature","properties":{"Line":"R124","Tr":3010,"X":"641300.50000000000","Y":"9203806.50000000000","Rotation":0,"NAMOBJ":"Deketagung","WADMKC":"Sugio","WADMKK":"Lamongan"},"geometry":{"type":"Point","coordinates":[112.3,-7.2]}},{"type":"Feature","properties":{"Line":"R124","Tr":3011,"X":"641300.50000000000","Y":"9203794.00000000000","Rotation":0,"NAMOBJ":"Deketagung","WADMKC":"Sugio","WADMKK":"Lamongan"},"geometry":{"type":"Point","coordinates":[112.3,-7.2]}},{"type":"Feature","properties":{"Line":"R124","Tr":3012,"X":"641300.50000000000","Y":"9203781.50000000000","Rotation":0,"NAMOBJ":"Deketagung","WADMKC":"Sugio","WADMKK":"Lamongan"},"geometry":{"type":"Point","coordinates":[112.3,-7.2]}},{"type":"Feature","properties":{"Line":"R124","Tr":3013,"X":"641300.50000000000","Y":"9203769.00000000000","Rotation":0,"NAMOBJ":"Deketagung","WADMKC":"Sugio","WADMKK":"Lamongan"},"geometry":{"type":"Point","coordinates":[112.3,-7.2]}},{"type":"Feature","properties":{"Line":"R124","Tr":3014,"X":"641300.50000000000","Y":"9203756.50000000000","Rotation":0,"NAMOBJ":"Deketagung","WADMKC":"Sugio","WADMKK":"Lamongan"},"geometry":{"type":"Point","coordinates":[112.3,-7.2]}},{"type":"Feature","properties":{"Line":"R124","Tr":3015,"X":"641300.50000000000","Y":"9203744.00000000000","Rotation":0,"NAMOBJ":"Deketagung","WADMKC":"Sugio","WADMKK":"Lamongan"},"geometry":{"type":"Point","coordinates":[112.3,-7.2]}},{"type":"Feature","properties":{"Line":"R124","Tr":3016,"X":"641300.50000000000","Y":"9203731.50000000000","Rotation":0,"NAMOBJ":"Deketagung","WADMKC":"Sugio","WADMKK":"Lamongan"},"geometry":{"type":"Point","coordinates":[112.3,-7.2]}},{"type":"Feature","properties":{"Line":"R124","Tr":3017,"X":"641300.50000000000","Y":"9203719.00000000000","Rotation":0,"NAMOBJ":"Deketagung","WADMKC":"Sugio","WADMKK":"Lamongan"},"geometry":{"type":"Point","coordinates":[112.3,-7.2]}},{"type":"Feature","properties":{"Line":"R124","Tr":3018,"X":"641300.50000000000","Y":"9203706.50000000000","Rotation":0,"NAMOBJ":"Deketagung","WADMKC":"Sugio","WADMKK":"Lamongan"},"geometry":{"type":"Point","coordinates":[112.3,-7.2]}},{"type":"Feature","properties":{"Line":"R124","Tr":3019,"X":"641300.50000000000","Y":"9203694.00000000000","Rotation":0,"NAMOBJ":"Deketagung","WADMKC":"Sugio","WADMKK":"Lamongan"},"geometry":{"type":"Point","coordinates":[112.3,-7.2]}},{"type":"Feature","properties":{"Line":"R124","Tr":3020,"X":"641300.50000000000","Y":"9203681.50000000000","Rotation":0,"NAMOBJ":"Deketagung","WADMKC":"Sugio","WADMKK":"Lamongan"},"geometry":{"type":"Point","coordinates":[112.3,-7.2]}},{"type":"Feature","properties":{"Line":"R124","Tr":3021,"X":"641300.50000000000","Y":"9203669.00000000000","Rotation":0,"NAMOBJ":"Deketagung","WADMKC":"Sugio","WADMKK":"Lamongan"},"geometry":{"type":"Point","coordinates":[112.3,-7.2]}},{"type":"Feature","properties":{"Line":"R124","Tr":3022,"X":"641300.50000000000","Y":"9203656.50000000000","Rotation":0,"NAMOBJ":"Deketagung","WADMKC":"Sugio","WADMKK":"Lamongan"},"geometry":{"type":"Point","coordinates":[112.3,-7.2]}},{"type":"Feature","properties":{"Line":"R124","Tr":3023,"X":"641300.50000000000","Y":"9203644.00000000000","Rotation":0,"NAMOBJ":"Deketagung","WADMKC":"Sugio","WADMKK":"Lamongan"},"geometry":{"type":"Point","coordinates":[112.3,-7.2]}},{"type":"Feature","properties":{"Line":"R124","Tr":3024,"X":"641300.50000000000","Y":"9203631.50000000000","Rotation":0,"NAMOBJ":"Deketagung","WADMKC":"Sugio","WADMKK":"Lamongan"},"geometry":{"type":"Point","coordinates":[112.3,-7.2]}},{"type":"Feature","properties":{"Line":"R124","Tr":3025,"X":"641300.50000000000","Y":"9203619.00000000000","Rotation":0,"NAMOBJ":"Deketagung","WADMKC":"Sugio","WADMKK":"Lamongan"},"geometry":{"type":"Point","coordinates":[112.3,-7.2]}},{"type":"Feature","properties":{"Line":"R124","Tr":3026,"X":"641300.50000000000","Y":"9203606.50000000000","Rotation":0,"NAMOBJ":"Deketagung","WADMKC":"Sugio","WADMKK":"Lamongan"},"geometry":{"type":"Point","coordinates":[112.3,-7.2]}},{"type":"Feature","properties":{"Line":"R124","Tr":3027,"X":"641300.50000000000","Y":"9203594.00000000000","Rotation":0,"NAMOBJ":"Deketagung","WADMKC":"Sugio","WADMKK":"Lamongan"},"geometry":{"type":"Point","coordinates":[112.3,-7.2]}},{"type":"Feature","properties":{"Line":"R124","Tr":3028,"X":"641300.50000000000","Y":"9203581.50000000000","Rotation":0,"NAMOBJ":"Deketagung","WADMKC":"Sugio","WADMKK":"Lamongan"},"geometry":{"type":"Point","coordinates":[112.3,-7.2]}},{"type":"Feature","properties":{"Line":"R124","Tr":3029,"X":"641300.50000000000","Y":"9203569.00000000000","Rotation":0,"NAMOBJ":"Deketagung","WADMKC":"Sugio","WADMKK":"Lamongan"},"geometry":{"type":"Point","coordinates":[112.3,-7.2]}},{"type":"Feature","properties":{"Line":"R124","Tr":3030,"X":"641300.50000000000","Y":"9203556.50000000000","Rotation":0,"NAMOBJ":"Deketagung","WADMKC":"Sugio","WADMKK":"Lamongan"},"geometry":{"type":"Point","coordinates":[112.3,-7.2]}},{"type":"Feature","properties":{"Line":"R124","Tr":3031,"X":"641300.50000000000","Y":"9203544.00000000000","Rotation":0,"NAMOBJ":"Deketagung","WADMKC":"Sugio","WADMKK":"Lamongan"},"geometry":{"type":"Point","coordinates":[112.3,-7.2]}},{"type":"Feature","properties":{"Line":"R124","Tr":3032,"X":"641300.50000000000","Y":"9203531.50000000000","Rotation":0,"NAMOBJ":"Deketagung","WADMKC":"Sugio","WADMKK":"Lamongan"},"geometry":{"type":"Point","coordinates":[112.3,-7.2]}},{"type":"Feature","properties":{"Line":"R124","Tr":3033,"X":"641300.50000000000","Y":"9203519.00000000000","Rotation":0,"NAMOBJ":"Deketagung","WADMKC":"Sugio","WADMKK":"Lamongan"},"geometry":{"type":"Point","coordinates":[112.3,-7.2]}},{"type":"Feature","properties":{"Line":"R124","Tr":3034,"X":"641300.50000000000","Y":"9203506.50000000000","Rotation":0,"NAMOBJ":"Deketagung","WADMKC":"Sugio","WADMKK":"Lamongan"},"geometry":{"type":"Point","coordinates":[112.3,-7.2]}},{"type":"Feature","properties":{"Line":"R124","Tr":3035,"X":"641300.50000000000","Y":"9203494.00000000000","Rotation":0,"NAMOBJ":"Deketagung","WADMKC":"Sugio","WADMKK":"Lamongan"},"geometry":{"type":"Point","coordinates":[112.3,-7.2]}},{"type":"Feature","properties":{"Line":"R124","Tr":3036,"X":"641300.50000000000","Y":"9203481.50000000000","Rotation":0,"NAMOBJ":"Deketagung","WADMKC":"Sugio","WADMKK":"Lamongan"},"geometry":{"type":"Point","coordinates":[112.3,-7.2]}},{"type":"Feature","properties":{"Line":"R124","Tr":3037,"X":"641300.50000000000","Y":"9203469.00000000000","Rotation":0,"NAMOBJ":"Deketagung","WADMKC":"Sugio","WADMKK":"Lamongan"},"geometry":{"type":"Point","coordinates":[112.3,-7.2]}},{"type":"Feature","properties":{"Line":"R124","Tr":3038,"X":"641300.50000000000","Y":"9203456.50000000000","Rotation":0,"NAMOBJ":"Deketagung","WADMKC":"Sugio","WADMKK":"Lamongan"},"geometry":{"type":"Point","coordinates":[112.3,-7.2]}},{"type":"Feature","properties":{"Line":"R124","Tr":3039,"X":"641300.50000000000","Y":"9203444.00000000000","Rotation":0,"NAMOBJ":"Deketagung","WADMKC":"Sugio","WADMKK":"Lamongan"},"geometry":{"type":"Point","coordinates":[112.3,-7.2]}},{"type":"Feature","properties":{"Line":"R124","Tr":3040,"X":"641300.50000000000","Y":"9203431.50000000000","Rotation":0,"NAMOBJ":"Deketagung","WADMKC":"Sugio","WADMKK":"Lamongan"},"geometry":{"type":"Point","coordinates":[112.3,-7.2]}},{"type":"Feature","properties":{"Line":"R124","Tr":3041,"X":"641300.50000000000","Y":"9203419.00000000000","Rotation":0,"NAMOBJ":"Deketagung","WADMKC":"Sugio","WADMKK":"Lamongan"},"geometry":{"type":"Point","coordinates":[112.3,-7.2]}},{"type":"Feature","properties":{"Line":"R124","Tr":3042,"X":"641300.50000000000","Y":"9203406.50000000000","Rotation":0,"NAMOBJ":"Deketagung","WADMKC":"Sugio","WADMKK":"Lamongan"},"geometry":{"type":"Point","coordinates":[112.3,-7.2]}},{"type":"Feature","properties":{"Line":"R124","Tr":3043,"X":"641300.50000000000","Y":"9203394.00000000000","Rotation":0,"NAMOBJ":"Deketagung","WADMKC":"Sugio","WADMKK":"Lamongan"},"geometry":{"type":"Point","coordinates":[112.3,-7.2]}},{"type":"Feature","properties":{"Line":"R124","Tr":3044,"X":"641300.50000000000","Y":"9203381.50000000000","Rotation":0,"NAMOBJ":"Deketagung","WADMKC":"Sugio","WADMKK":"Lamongan"},"geometry":{"type":"Point","coordinates":[112.3,-7.2]}},{"type":"Feature","properties":{"Line":"R124","Tr":3045,"X":"641300.50000000000","Y":"9203369.00000000000","Rotation":0,"NAMOBJ":"Deketagung","WADMKC":"Sugio","WADMKK":"Lamongan"},"geometry":{"type":"Point","coordinates":[112.3,-7.2]}},{"type":"Feature","properties":{"Line":"R124","Tr":3046,"X":"641300.50000000000","Y":"9203356.50000000000","Rotation":0,"NAMOBJ":"Deketagung","WADMKC":"Sugio","WADMKK":"Lamongan"},"geometry":{"type":"Point","coordinates":[112.3,-7.2]}},{"type":"Feature","properties":{"Line":"R124","Tr":3047,"X":"641300.50000000000","Y":"9203344.00000000000","Rotation":0,"NAMOBJ":"Deketagung","WADMKC":"Sugio","WADMKK":"Lamongan"},"geometry":{"type":"Point","coordinates":[112.3,-7.2]}},{"type":"Feature","properties":{"Line":"R124","Tr":3048,"X":"641300.50000000000","Y":"9203331.50000000000","Rotation":0,"NAMOBJ":"Deketagung","WADMKC":"Sugio","WADMKK":"Lamongan"},"geometry":{"type":"Point","coordinates":[112.3,-7.2]}},{"type":"Feature","properties":{"Line":"R124","Tr":3049,"X":"641300.50000000000","Y":"9203319.00000000000","Rotation":0,"NAMOBJ":"Deketagung","WADMKC":"Sugio","WADMKK":"Lamongan"},"geometry":{"type":"Point","coordinates":[112.3,-7.2]}},{"type":"Feature","properties":{"Line":"R124","Tr":3050,"X":"641300.50000000000","Y":"9203306.50000000000","Rotation":0,"NAMOBJ":"Deketagung","WADMKC":"Sugio","WADMKK":"Lamongan"},"geometry":{"type":"Point","coordinates":[112.3,-7.2]}},{"type":"Feature","properties":{"Line":"R124","Tr":3051,"X":"641300.50000000000","Y":"9203294.00000000000","Rotation":0,"NAMOBJ":"Deketagung","WADMKC":"Sugio","WADMKK":"Lamongan"},"geometry":{"type":"Point","coordinates":[112.3,-7.2]}},{"type":"Feature","properties":{"Line":"R124","Tr":3052,"X":"641300.50000000000","Y":"9203281.50000000000","Rotation":0,"NAMOBJ":"Deketagung","WADMKC":"Sugio","WADMKK":"Lamongan"},"geometry":{"type":"Point","coordinates":[112.3,-7.2]}},{"type":"Feature","properties":{"Line":"R124","Tr":3053,"X":"641300.50000000000","Y":"9203269.00000000000","Rotation":0,"NAMOBJ":"Deketagung","WADMKC":"Sugio","WADMKK":"Lamongan"},"geometry":{"type":"Point","coordinates":[112.3,-7.2]}},{"type":"Feature","properties":{"Line":"R124","Tr":3054,"X":"641300.50000000000","Y":"9203256.50000000000","Rotation":0,"NAMOBJ":"Deketagung","WADMKC":"Sugio","WADMKK":"Lamongan"},"geometry":{"type":"Point","coordinates":[112.3,-7.2]}},{"type":"Feature","properties":{"Line":"R124","Tr":3055,"X":"641300.50000000000","Y":"9203244.00000000000","Rotation":0,"NAMOBJ":"Deketagung","WADMKC":"Sugio","WADMKK":"Lamongan"},"geometry":{"type":"Point","coordinates":[112.3,-7.2]}},{"type":"Feature","properties":{"Line":"R124","Tr":3056,"X":"641300.50000000000","Y":"9203231.50000000000","Rotation":0,"NAMOBJ":"Deketagung","WADMKC":"Sugio","WADMKK":"Lamongan"},"geometry":{"type":"Point","coordinates":[112.3,-7.2]}},{"type":"Feature","properties":{"Line":"R124","Tr":3057,"X":"641300.50000000000","Y":"9203219.00000000000","Rotation":0,"NAMOBJ":"Deketagung","WADMKC":"Sugio","WADMKK":"Lamongan"},"geometry":{"type":"Point","coordinates":[112.3,-7.2]}},{"type":"Feature","properties":{"Line":"R124","Tr":3058,"X":"641300.50000000000","Y":"9203206.50000000000","Rotation":0,"NAMOBJ":"Deketagung","WADMKC":"Sugio","WADMKK":"Lamongan"},"geometry":{"type":"Point","coordinates":[112.3,-7.2]}},{"type":"Feature","properties":{"Line":"R124","Tr":3059,"X":"641300.50000000000","Y":"9203194.00000000000","Rotation":0,"NAMOBJ":"Deketagung","WADMKC":"Sugio","WADMKK":"Lamongan"},"geometry":{"type":"Point","coordinates":[112.3,-7.2]}},{"type":"Feature","properties":{"Line":"R124","Tr":3060,"X":"641300.50000000000","Y":"9203181.50000000000","Rotation":0,"NAMOBJ":"Deketagung","WADMKC":"Sugio","WADMKK":"Lamongan"},"geometry":{"type":"Point","coordinates":[112.3,-7.2]}},{"type":"Feature","properties":{"Line":"R124","Tr":3061,"X":"641300.50000000000","Y":"9203169.00000000000","Rotation":0,"NAMOBJ":"Deketagung","WADMKC":"Sugio","WADMKK":"Lamongan"},"geometry":{"type":"Point","coordinates":[112.3,-7.2]}},{"type":"Feature","properties":{"Line":"R124","Tr":3062,"X":"641300.50000000000","Y":"9203156.50000000000","Rotation":0,"NAMOBJ":"Deketagung","WADMKC":"Sugio","WADMKK":"Lamongan"},"geometry":{"type":"Point","coordinates":[112.3,-7.2]}},{"type":"Feature","properties":{"Line":"R124","Tr":3063,"X":"641300.50000000000","Y":"9203144.00000000000","Rotation":0,"NAMOBJ":"Deketagung","WADMKC":"Sugio","WADMKK":"Lamongan"},"geometry":{"type":"Point","coordinates":[112.3,-7.2]}},{"type":"Feature","properties":{"Line":"R124","Tr":3064,"X":"641300.50000000000","Y":"9203131.50000000000","Rotation":0,"NAMOBJ":"Deketagung","WADMKC":"Sugio","WADMKK":"Lamongan"},"geometry":{"type":"Point","coordinates":[112.3,-7.2]}},{"type":"Feature","properties":{"Line":"R124","Tr":3065,"X":"641300.50000000000","Y":"9203119.00000000000","Rotation":0,"NAMOBJ":"Deketagung","WADMKC":"Sugio","WADMKK":"Lamongan"},"geometry":{"type":"Point","coordinates":[112.3,-7.2]}},{"type":"Feature","properties":{"Line":"R124","Tr":3066,"X":"641300.50000000000","Y":"9203106.50000000000","Rotation":0,"NAMOBJ":"Deketagung","WADMKC":"Sugio","WADMKK":"Lamongan"},"geometry":{"type":"Point","coordinates":[112.3,-7.2]}},{"type":"Feature","properties":{"Line":"R124","Tr":3067,"X":"641300.50000000000","Y":"9203094.00000000000","Rotation":0,"NAMOBJ":"Deketagung","WADMKC":"Sugio","WADMKK":"Lamongan"},"geometry":{"type":"Point","coordinates":[112.3,-7.2]}},{"type":"Feature","properties":{"Line":"R124","Tr":3068,"X":"641300.50000000000","Y":"9203081.50000000000","Rotation":0,"NAMOBJ":"Deketagung","WADMKC":"Sugio","WADMKK":"Lamongan"},"geometry":{"type":"Point","coordinates":[112.3,-7.2]}},{"type":"Feature","properties":{"Line":"R124","Tr":3069,"X":"641300.50000000000","Y":"9203069.00000000000","Rotation":0,"NAMOBJ":"Deketagung","WADMKC":"Sugio","WADMKK":"Lamongan"},"geometry":{"type":"Point","coordinates":[112.3,-7.2]}},{"type":"Feature","properties":{"Line":"R124","Tr":3070,"X":"641300.50000000000","Y":"9203056.50000000000","Rotation":0,"NAMOBJ":"Deketagung","WADMKC":"Sugio","WADMKK":"Lamongan"},"geometry":{"type":"Point","coordinates":[112.3,-7.2]}},{"type":"Feature","properties":{"Line":"R124","Tr":3071,"X":"641300.50000000000","Y":"9203044.00000000000","Rotation":0,"NAMOBJ":"Deketagung","WADMKC":"Sugio","WADMKK":"Lamongan"},"geometry":{"type":"Point","coordinates":[112.3,-7.2]}},{"type":"Feature","properties":{"Line":"R124","Tr":3072,"X":"641300.50000000000","Y":"9203031.50000000000","Rotation":0,"NAMOBJ":"Deketagung","WADMKC":"Sugio","WADMKK":"Lamongan"},"geometry":{"type":"Point","coordinates":[112.3,-7.2]}},{"type":"Feature","properties":{"Line":"R124","Tr":3073,"X":"641300.50000000000","Y":"9203019.00000000000","Rotation":0,"NAMOBJ":"Deketagung","WADMKC":"Sugio","WADMKK":"Lamongan"},"geometry":{"type":"Point","coordinates":[112.3,-7.2]}},{"type":"Feature","properties":{"Line":"R124","Tr":3074,"X":"641300.50000000000","Y":"9203006.50000000000","Rotation":0,"NAMOBJ":"Deketagung","WADMKC":"Sugio","WADMKK":"Lamongan"},"geometry":{"type":"Point","coordinates":[112.3,-7.2]}},{"type":"Feature","properties":{"Line":"R124","Tr":3075,"X":"641300.50000000000","Y":"9202994.00000000000","Rotation":0,"NAMOBJ":"Deketagung","WADMKC":"Sugio","WADMKK":"Lamongan"},"geometry":{"type":"Point","coordinates":[112.3,-7.2]}},{"type":"Feature","properties":{"Line":"R124","Tr":3076,"X":"641300.50000000000","Y":"9202981.50000000000","Rotation":0,"NAMOBJ":"Deketagung","WADMKC":"Sugio","WADMKK":"Lamongan"},"geometry":{"type":"Point","coordinates":[112.3,-7.2]}},{"type":"Feature","properties":{"Line":"R124","Tr":3077,"X":"641300.50000000000","Y":"9202969.00000000000","Rotation":0,"NAMOBJ":"Deketagung","WADMKC":"Sugio","WADMKK":"Lamongan"},"geometry":{"type":"Point","coordinates":[112.3,-7.2]}},{"type":"Feature","properties":{"Line":"R124","Tr":3078,"X":"641300.50000000000","Y":"9202956.50000000000","Rotation":0,"NAMOBJ":"Deketagung","WADMKC":"Sugio","WADMKK":"Lamongan"},"geometry":{"type":"Point","coordinates":[112.3,-7.2]}},{"type":"Feature","properties":{"Line":"R124","Tr":3079,"X":"641300.50000000000","Y":"9202944.00000000000","Rotation":0,"NAMOBJ":"Deketagung","WADMKC":"Sugio","WADMKK":"Lamongan"},"geometry":{"type":"Point","coordinates":[112.3,-7.2]}},{"type":"Feature","properties":{"Line":"R124","Tr":3080,"X":"641300.50000000000","Y":"9202931.50000000000","Rotation":0,"NAMOBJ":"Deketagung","WADMKC":"Sugio","WADMKK":"Lamongan"},"geometry":{"type":"Point","coordinates":[112.3,-7.2]}},{"type":"Feature","properties":{"Line":"R124","Tr":3081,"X":"641300.50000000000","Y":"9202919.00000000000","Rotation":0,"NAMOBJ":"Deketagung","WADMKC":"Sugio","WADMKK":"Lamongan"},"geometry":{"type":"Point","coordinates":[112.3,-7.2]}},{"type":"Feature","properties":{"Line":"R124","Tr":3082,"X":"641300.50000000000","Y":"9202906.50000000000","Rotation":0,"NAMOBJ":"Deketagung","WADMKC":"Sugio","WADMKK":"Lamongan"},"geometry":{"type":"Point","coordinates":[112.3,-7.2]}},{"type":"Feature","properties":{"Line":"R124","Tr":3083,"X":"641300.50000000000","Y":"9202894.00000000000","Rotation":0,"NAMOBJ":"Deketagung","WADMKC":"Sugio","WADMKK":"Lamongan"},"geometry":{"type":"Point","coordinates":[112.3,-7.2]}},{"type":"Feature","properties":{"Line":"R124","Tr":3084,"X":"641300.50000000000","Y":"9202881.50000000000","Rotation":0,"NAMOBJ":"Deketagung","WADMKC":"Sugio","WADMKK":"Lamongan"},"geometry":{"type":"Point","coordinates":[112.3,-7.2]}},{"type":"Feature","properties":{"Line":"R124","Tr":3085,"X":"641300.50000000000","Y":"9202869.00000000000","Rotation":0,"NAMOBJ":"Deketagung","WADMKC":"Sugio","WADMKK":"Lamongan"},"geometry":{"type":"Point","coordinates":[112.3,-7.2]}},{"type":"Feature","properties":{"Line":"R124","Tr":3086,"X":"641300.50000000000","Y":"9202856.50000000000","Rotation":0,"NAMOBJ":"Deketagung","WADMKC":"Sugio","WADMKK":"Lamongan"},"geometry":{"type":"Point","coordinates":[112.3,-7.2]}},{"type":"Feature","properties":{"Line":"R124","Tr":3087,"X":"641300.50000000000","Y":"9202844.00000000000","Rotation":0,"NAMOBJ":"Deketagung","WADMKC":"Sugio","WADMKK":"Lamongan"},"geometry":{"type":"Point","coordinates":[112.3,-7.2]}},{"type":"Feature","properties":{"Line":"R124","Tr":3088,"X":"641300.50000000000","Y":"9202831.50000000000","Rotation":0,"NAMOBJ":"Deketagung","WADMKC":"Sugio","WADMKK":"Lamongan"},"geometry":{"type":"Point","coordinates":[112.3,-7.2]}},{"type":"Feature","properties":{"Line":"R124","Tr":3089,"X":"641300.50000000000","Y":"9202819.00000000000","Rotation":0,"NAMOBJ":"Deketagung","WADMKC":"Sugio","WADMKK":"Lamongan"},"geometry":{"type":"Point","coordinates":[112.3,-7.2]}},{"type":"Feature","properties":{"Line":"R124","Tr":3090,"X":"641300.50000000000","Y":"9202806.50000000000","Rotation":0,"NAMOBJ":"Deketagung","WADMKC":"Sugio","WADMKK":"Lamongan"},"geometry":{"type":"Point","coordinates":[112.3,-7.2]}},{"type":"Feature","properties":{"Line":"R124","Tr":3091,"X":"641300.50000000000","Y":"9202794.00000000000","Rotation":0,"NAMOBJ":"Deketagung","WADMKC":"Sugio","WADMKK":"Lamongan"},"geometry":{"type":"Point","coordinates":[112.3,-7.2]}},{"type":"Feature","properties":{"Line":"R124","Tr":3092,"X":"641300.50000000000","Y":"9202781.50000000000","Rotation":0,"NAMOBJ":"Deketagung","WADMKC":"Sugio","WADMKK":"Lamongan"},"geometry":{"type":"Point","coordinates":[112.3,-7.2]}},{"type":"Feature","properties":{"Line":"R124","Tr":3093,"X":"641300.50000000000","Y":"9202769.00000000000","Rotation":0,"NAMOBJ":"Deketagung","WADMKC":"Sugio","WADMKK":"Lamongan"},"geometry":{"type":"Point","coordinates":[112.3,-7.2]}},{"type":"Feature","properties":{"Line":"R124","Tr":3094,"X":"641300.50000000000","Y":"9202756.50000000000","Rotation":0,"NAMOBJ":"Deketagung","WADMKC":"Sugio","WADMKK":"Lamongan"},"geometry":{"type":"Point","coordinates":[112.3,-7.2]}},{"type":"Feature","properties":{"Line":"R124","Tr":3095,"X":"641300.50000000000","Y":"9202744.00000000000","Rotation":0,"NAMOBJ":"Deketagung","WADMKC":"Sugio","WADMKK":"Lamongan"},"geometry":{"type":"Point","coordinates":[112.3,-7.2]}},{"type":"Feature","properties":{"Line":"R124","Tr":3096,"X":"641300.50000000000","Y":"9202731.50000000000","Rotation":0,"NAMOBJ":"Deketagung","WADMKC":"Sugio","WADMKK":"Lamongan"},"geometry":{"type":"Point","coordinates":[112.3,-7.2]}},{"type":"Feature","properties":{"Line":"R124","Tr":3097,"X":"641300.50000000000","Y":"9202719.00000000000","Rotation":0,"NAMOBJ":"Deketagung","WADMKC":"Sugio","WADMKK":"Lamongan"},"geometry":{"type":"Point","coordinates":[112.3,-7.2]}},{"type":"Feature","properties":{"Line":"R124","Tr":3098,"X":"641300.50000000000","Y":"9202706.50000000000","Rotation":0,"NAMOBJ":"Deketagung","WADMKC":"Sugio","WADMKK":"Lamongan"},"geometry":{"type":"Point","coordinates":[112.3,-7.2]}},{"type":"Feature","properties":{"Line":"R124","Tr":3099,"X":"641300.50000000000","Y":"9202694.00000000000","Rotation":0,"NAMOBJ":"Deketagung","WADMKC":"Sugio","WADMKK":"Lamongan"},"geometry":{"type":"Point","coordinates":[112.3,-7.2]}},{"type":"Feature","properties":{"Line":"R124","Tr":3100,"X":"641300.50000000000","Y":"9202681.50000000000","Rotation":0,"NAMOBJ":"Deketagung","WADMKC":"Sugio","WADMKK":"Lamongan"},"geometry":{"type":"Point","coordinates":[112.3,-7.2]}},{"type":"Feature","properties":{"Line":"R124","Tr":3101,"X":"641300.50000000000","Y":"9202669.00000000000","Rotation":0,"NAMOBJ":"Deketagung","WADMKC":"Sugio","WADMKK":"Lamongan"},"geometry":{"type":"Point","coordinates":[112.3,-7.2]}},{"type":"Feature","properties":{"Line":"R124","Tr":3102,"X":"641300.50000000000","Y":"9202656.50000000000","Rotation":0,"NAMOBJ":"Deketagung","WADMKC":"Sugio","WADMKK":"Lamongan"},"geometry":{"type":"Point","coordinates":[112.3,-7.2]}},{"type":"Feature","properties":{"Line":"R124","Tr":3103,"X":"641300.50000000000","Y":"9202644.00000000000","Rotation":0,"NAMOBJ":"Deketagung","WADMKC":"Sugio","WADMKK":"Lamongan"},"geometry":{"type":"Point","coordinates":[112.3,-7.2]}},{"type":"Feature","properties":{"Line":"R124","Tr":3104,"X":"641300.50000000000","Y":"9202631.50000000000","Rotation":0,"NAMOBJ":"Deketagung","WADMKC":"Sugio","WADMKK":"Lamongan"},"geometry":{"type":"Point","coordinates":[112.3,-7.2]}},{"type":"Feature","properties":{"Line":"R124","Tr":3105,"X":"641300.50000000000","Y":"9202619.00000000000","Rotation":0,"NAMOBJ":"Deketagung","WADMKC":"Sugio","WADMKK":"Lamongan"},"geometry":{"type":"Point","coordinates":[112.3,-7.2]}},{"type":"Feature","properties":{"Line":"R124","Tr":3106,"X":"641300.50000000000","Y":"9202606.50000000000","Rotation":0,"NAMOBJ":"Deketagung","WADMKC":"Sugio","WADMKK":"Lamongan"},"geometry":{"type":"Point","coordinates":[112.3,-7.2]}},{"type":"Feature","properties":{"Line":"R124","Tr":3107,"X":"641300.50000000000","Y":"9202594.00000000000","Rotation":0,"NAMOBJ":"Deketagung","WADMKC":"Sugio","WADMKK":"Lamongan"},"geometry":{"type":"Point","coordinates":[112.3,-7.2]}},{"type":"Feature","properties":{"Line":"R124","Tr":3108,"X":"641300.50000000000","Y":"9202581.50000000000","Rotation":0,"NAMOBJ":"Deketagung","WADMKC":"Sugio","WADMKK":"Lamongan"},"geometry":{"type":"Point","coordinates":[112.3,-7.2]}},{"type":"Feature","properties":{"Line":"R124","Tr":3109,"X":"641300.50000000000","Y":"9202569.00000000000","Rotation":0,"NAMOBJ":"Deketagung","WADMKC":"Sugio","WADMKK":"Lamongan"},"geometry":{"type":"Point","coordinates":[112.3,-7.2]}},{"type":"Feature","properties":{"Line":"R124","Tr":3110,"X":"641300.50000000000","Y":"9202556.50000000000","Rotation":0,"NAMOBJ":"Deketagung","WADMKC":"Sugio","WADMKK":"Lamongan"},"geometry":{"type":"Point","coordinates":[112.3,-7.2]}},{"type":"Feature","properties":{"Line":"R124","Tr":3111,"X":"641300.50000000000","Y":"9202544.00000000000","Rotation":0,"NAMOBJ":"Deketagung","WADMKC":"Sugio","WADMKK":"Lamongan"},"geometry":{"type":"Point","coordinates":[112.3,-7.2]}},{"type":"Feature","properties":{"Line":"R124","Tr":3112,"X":"641300.50000000000","Y":"9202531.50000000000","Rotation":0,"NAMOBJ":"Deketagung","WADMKC":"Sugio","WADMKK":"Lamongan"},"geometry":{"type":"Point","coordinates":[112.3,-7.2]}},{"type":"Feature","properties":{"Line":"R124","Tr":3113,"X":"641300.50000000000","Y":"9202519.00000000000","Rotation":0,"NAMOBJ":"Deketagung","WADMKC":"Sugio","WADMKK":"Lamongan"},"geometry":{"type":"Point","coordinates":[112.3,-7.2]}},{"type":"Feature","properties":{"Line":"R124","Tr":3114,"X":"641300.50000000000","Y":"9202506.50000000000","Rotation":0,"NAMOBJ":"Deketagung","WADMKC":"Sugio","WADMKK":"Lamongan"},"geometry":{"type":"Point","coordinates":[112.3,-7.2]}},{"type":"Feature","properties":{"Line":"R124","Tr":3115,"X":"641300.50000000000","Y":"9202494.00000000000","Rotation":0,"NAMOBJ":"Deketagung","WADMKC":"Sugio","WADMKK":"Lamongan"},"geometry":{"type":"Point","coordinates":[112.3,-7.2]}},{"type":"Feature","properties":{"Line":"R124","Tr":3116,"X":"641300.50000000000","Y":"9202481.50000000000","Rotation":0,"NAMOBJ":"Deketagung","WADMKC":"Sugio","WADMKK":"Lamongan"},"geometry":{"type":"Point","coordinates":[112.3,-7.2]}},{"type":"Feature","properties":{"Line":"R118","Tr":2836,"X":"638300.50000000000","Y":"9204931.50000000000","Rotation":0,"NAMOBJ":"Gondanglor","WADMKC":"Sugio","WADMKK":"Lamongan"},"geometry":{"type":"Point","coordinates":[112.3,-7.2]}},{"type":"Feature","properties":{"Line":"R118","Tr":2837,"X":"638300.50000000000","Y":"9204919.00000000000","Rotation":0,"NAMOBJ":"Gondanglor","WADMKC":"Sugio","WADMKK":"Lamongan"},"geometry":{"type":"Point","coordinates":[112.3,-7.2]}},{"type":"Feature","properties":{"Line":"R118","Tr":2838,"X":"638300.50000000000","Y":"9204906.50000000000","Rotation":0,"NAMOBJ":"Gondanglor","WADMKC":"Sugio","WADMKK":"Lamongan"},"geometry":{"type":"Point","coordinates":[112.3,-7.2]}},{"type":"Feature","properties":{"Line":"R118","Tr":2839,"X":"638300.50000000000","Y":"9204894.00000000000","Rotation":0,"NAMOBJ":"Gondanglor","WADMKC":"Sugio","WADMKK":"Lamongan"},"geometry":{"type":"Point","coordinates":[112.3,-7.2]}},{"type":"Feature","properties":{"Line":"R118","Tr":2840,"X":"638300.50000000000","Y":"9204881.50000000000","Rotation":0,"NAMOBJ":"Gondanglor","WADMKC":"Sugio","WADMKK":"Lamongan"},"geometry":{"type":"Point","coordinates":[112.3,-7.2]}},{"type":"Feature","properties":{"Line":"R118","Tr":2841,"X":"638300.50000000000","Y":"9204869.00000000000","Rotation":0,"NAMOBJ":"Gondanglor","WADMKC":"Sugio","WADMKK":"Lamongan"},"geometry":{"type":"Point","coordinates":[112.3,-7.2]}},{"type":"Feature","properties":{"Line":"R118","Tr":2842,"X":"638300.50000000000","Y":"9204856.50000000000","Rotation":0,"NAMOBJ":"Gondanglor","WADMKC":"Sugio","WADMKK":"Lamongan"},"geometry":{"type":"Point","coordinates":[112.3,-7.2]}},{"type":"Feature","properties":{"Line":"R118","Tr":2843,"X":"638300.50000000000","Y":"9204844.00000000000","Rotation":0,"NAMOBJ":"Gondanglor","WADMKC":"Sugio","WADMKK":"Lamongan"},"geometry":{"type":"Point","coordinates":[112.3,-7.2]}},{"type":"Feature","properties":{"Line":"R118","Tr":2844,"X":"638300.50000000000","Y":"9204831.50000000000","Rotation":0,"NAMOBJ":"Gondanglor","WADMKC":"Sugio","WADMKK":"Lamongan"},"geometry":{"type":"Point","coordinates":[112.3,-7.2]}},{"type":"Feature","properties":{"Line":"R118","Tr":2845,"X":"638300.50000000000","Y":"9204819.00000000000","Rotation":0,"NAMOBJ":"Gondanglor","WADMKC":"Sugio","WADMKK":"Lamongan"},"geometry":{"type":"Point","coordinates":[112.3,-7.2]}},{"type":"Feature","properties":{"Line":"R118","Tr":2846,"X":"638300.50000000000","Y":"9204806.50000000000","Rotation":0,"NAMOBJ":"Gondanglor","WADMKC":"Sugio","WADMKK":"Lamongan"},"geometry":{"type":"Point","coordinates":[112.3,-7.2]}},{"type":"Feature","properties":{"Line":"R118","Tr":2847,"X":"638300.50000000000","Y":"9204794.00000000000","Rotation":0,"NAMOBJ":"Gondanglor","WADMKC":"Sugio","WADMKK":"Lamongan"},"geometry":{"type":"Point","coordinates":[112.3,-7.2]}},{"type":"Feature","properties":{"Line":"R118","Tr":2848,"X":"638300.50000000000","Y":"9204781.50000000000","Rotation":0,"NAMOBJ":"Gondanglor","WADMKC":"Sugio","WADMKK":"Lamongan"},"geometry":{"type":"Point","coordinates":[112.3,-7.2]}},{"type":"Feature","properties":{"Line":"R118","Tr":2849,"X":"638300.50000000000","Y":"9204769.00000000000","Rotation":0,"NAMOBJ":"Gondanglor","WADMKC":"Sugio","WADMKK":"Lamongan"},"geometry":{"type":"Point","coordinates":[112.3,-7.2]}},{"type":"Feature","properties":{"Line":"R118","Tr":2924,"X":"638300.50000000000","Y":"9203831.50000000000","Rotation":0,"NAMOBJ":"Gondanglor","WADMKC":"Sugio","WADMKK":"Lamongan"},"geometry":{"type":"Point","coordinates":[112.3,-7.2]}},{"type":"Feature","properties":{"Line":"R118","Tr":2925,"X":"638300.50000000000","Y":"9203819.00000000000","Rotation":0,"NAMOBJ":"Gondanglor","WADMKC":"Sugio","WADMKK":"Lamongan"},"geometry":{"type":"Point","coordinates":[112.3,-7.2]}},{"type":"Feature","properties":{"Line":"R118","Tr":2926,"X":"638300.50000000000","Y":"9203806.50000000000","Rotation":0,"NAMOBJ":"Gondanglor","WADMKC":"Sugio","WADMKK":"Lamongan"},"geometry":{"type":"Point","coordinates":[112.3,-7.2]}},{"type":"Feature","properties":{"Line":"R118","Tr":2927,"X":"638300.50000000000","Y":"9203794.00000000000","Rotation":0,"NAMOBJ":"Gondanglor","WADMKC":"Sugio","WADMKK":"Lamongan"},"geometry":{"type":"Point","coordinates":[112.3,-7.2]}},{"type":"Feature","properties":{"Line":"R118","Tr":2928,"X":"638300.50000000000","Y":"9203781.50000000000","Rotation":0,"NAMOBJ":"Gondanglor","WADMKC":"Sugio","WADMKK":"Lamongan"},"geometry":{"type":"Point","coordinates":[112.3,-7.2]}},{"type":"Feature","properties":{"Line":"R118","Tr":2929,"X":"638300.50000000000","Y":"9203769.00000000000","Rotation":0,"NAMOBJ":"Gondanglor","WADMKC":"Sugio","WADMKK":"Lamongan"},"geometry":{"type":"Point","coordinates":[112.3,-7.2]}},{"type":"Feature","properties":{"Line":"R118","Tr":2930,"X":"638300.50000000000","Y":"9203756.50000000000","Rotation":0,"NAMOBJ":"Gondanglor","WADMKC":"Sugio","WADMKK":"Lamongan"},"geometry":{"type":"Point","coordinates":[112.3,-7.2]}},{"type":"Feature","properties":{"Line":"R118","Tr":2931,"X":"638300.50000000000","Y":"9203744.00000000000","Rotation":0,"NAMOBJ":"Gondanglor","WADMKC":"Sugio","WADMKK":"Lamongan"},"geometry":{"type":"Point","coordinates":[112.3,-7.2]}},{"type":"Feature","properties":{"Line":"R118","Tr":2932,"X":"638300.50000000000","Y":"9203731.50000000000","Rotation":0,"NAMOBJ":"Gondanglor","WADMKC":"Sugio","WADMKK":"Lamongan"},"geometry":{"type":"Point","coordinates":[112.3,-7.2]}},{"type":"Feature","properties":{"Line":"R118","Tr":2933,"X":"638300.50000000000","Y":"9203719.00000000000","Rotation":0,"NAMOBJ":"Gondanglor","WADMKC":"Sugio","WADMKK":"Lamongan"},"geometry":{"type":"Point","coordinates":[112.3,-7.2]}},{"type":"Feature","properties":{"Line":"R118","Tr":2934,"X":"638300.50000000000","Y":"9203706.50000000000","Rotation":0,"NAMOBJ":"Gondanglor","WADMKC":"Sugio","WADMKK":"Lamongan"},"geometry":{"type":"Point","coordinates":[112.3,-7.2]}},{"type":"Feature","properties":{"Line":"R118","Tr":2935,"X":"638300.50000000000","Y":"9203694.00000000000","Rotation":0,"NAMOBJ":"Gondanglor","WADMKC":"Sugio","WADMKK":"Lamongan"},"geometry":{"type":"Point","coordinates":[112.3,-7.2]}},{"type":"Feature","properties":{"Line":"R118","Tr":2936,"X":"638300.50000000000","Y":"9203681.50000000000","Rotation":0,"NAMOBJ":"Gondanglor","WADMKC":"Sugio","WADMKK":"Lamongan"},"geometry":{"type":"Point","coordinates":[112.3,-7.2]}},{"type":"Feature","properties":{"Line":"R118","Tr":2937,"X":"638300.50000000000","Y":"9203669.00000000000","Rotation":0,"NAMOBJ":"Gondanglor","WADMKC":"Sugio","WADMKK":"Lamongan"},"geometry":{"type":"Point","coordinates":[112.3,-7.2]}},{"type":"Feature","properties":{"Line":"R118","Tr":2938,"X":"638300.50000000000","Y":"9203656.50000000000","Rotation":0,"NAMOBJ":"Gondanglor","WADMKC":"Sugio","WADMKK":"Lamongan"},"geometry":{"type":"Point","coordinates":[112.3,-7.2]}},{"type":"Feature","properties":{"Line":"R118","Tr":2939,"X":"638300.50000000000","Y":"9203644.00000000000","Rotation":0,"NAMOBJ":"Gondanglor","WADMKC":"Sugio","WADMKK":"Lamongan"},"geometry":{"type":"Point","coordinates":[112.3,-7.2]}},{"type":"Feature","properties":{"Line":"R118","Tr":2940,"X":"638300.50000000000","Y":"9203631.50000000000","Rotation":0,"NAMOBJ":"Gondanglor","WADMKC":"Sugio","WADMKK":"Lamongan"},"geometry":{"type":"Point","coordinates":[112.3,-7.2]}},{"type":"Feature","properties":{"Line":"R118","Tr":2941,"X":"638300.50000000000","Y":"9203619.00000000000","Rotation":0,"NAMOBJ":"Gondanglor","WADMKC":"Sugio","WADMKK":"Lamongan"},"geometry":{"type":"Point","coordinates":[112.3,-7.2]}},{"type":"Feature","properties":{"Line":"R118","Tr":2942,"X":"638300.50000000000","Y":"9203606.50000000000","Rotation":0,"NAMOBJ":"Gondanglor","WADMKC":"Sugio","WADMKK":"Lamongan"},"geometry":{"type":"Point","coordinates":[112.3,-7.2]}},{"type":"Feature","properties":{"Line":"R118","Tr":2943,"X":"638300.50000000000","Y":"9203594.00000000000","Rotation":0,"NAMOBJ":"Gondanglor","WADMKC":"Sugio","WADMKK":"Lamongan"},"geometry":{"type":"Point","coordinates":[112.3,-7.2]}},{"type":"Feature","properties":{"Line":"R118","Tr":2944,"X":"638300.50000000000","Y":"9203581.50000000000","Rotation":0,"NAMOBJ":"Gondanglor","WADMKC":"Sugio","WADMKK":"Lamongan"},"geometry":{"type":"Point","coordinates":[112.3,-7.2]}},{"type":"Feature","properties":{"Line":"R118","Tr":2945,"X":"638300.50000000000","Y":"9203569.00000000000","Rotation":0,"NAMOBJ":"Gondanglor","WADMKC":"Sugio","WADMKK":"Lamongan"},"geometry":{"type":"Point","coordinates":[112.3,-7.2]}},{"type":"Feature","properties":{"Line":"R118","Tr":2946,"X":"638300.50000000000","Y":"9203556.50000000000","Rotation":0,"NAMOBJ":"Gondanglor","WADMKC":"Sugio","WADMKK":"Lamongan"},"geometry":{"type":"Point","coordinates":[112.3,-7.2]}},{"type":"Feature","properties":{"Line":"R118","Tr":2947,"X":"638300.50000000000","Y":"9203544.00000000000","Rotation":0,"NAMOBJ":"Gondanglor","WADMKC":"Sugio","WADMKK":"Lamongan"},"geometry":{"type":"Point","coordinates":[112.3,-7.2]}},{"type":"Feature","properties":{"Line":"R118","Tr":2948,"X":"638300.50000000000","Y":"9203531.50000000000","Rotation":0,"NAMOBJ":"Gondanglor","WADMKC":"Sugio","WADMKK":"Lamongan"},"geometry":{"type":"Point","coordinates":[112.3,-7.2]}},{"type":"Feature","properties":{"Line":"R118","Tr":2949,"X":"638300.50000000000","Y":"9203519.00000000000","Rotation":0,"NAMOBJ":"Gondanglor","WADMKC":"Sugio","WADMKK":"Lamongan"},"geometry":{"type":"Point","coordinates":[112.3,-7.2]}},{"type":"Feature","properties":{"Line":"R118","Tr":2950,"X":"638300.50000000000","Y":"9203506.50000000000","Rotation":0,"NAMOBJ":"Gondanglor","WADMKC":"Sugio","WADMKK":"Lamongan"},"geometry":{"type":"Point","coordinates":[112.3,-7.2]}},{"type":"Feature","properties":{"Line":"R118","Tr":2951,"X":"638300.50000000000","Y":"9203494.00000000000","Rotation":0,"NAMOBJ":"Gondanglor","WADMKC":"Sugio","WADMKK":"Lamongan"},"geometry":{"type":"Point","coordinates":[112.3,-7.2]}},{"type":"Feature","properties":{"Line":"R118","Tr":2952,"X":"638300.50000000000","Y":"9203481.50000000000","Rotation":0,"NAMOBJ":"Gondanglor","WADMKC":"Sugio","WADMKK":"Lamongan"},"geometry":{"type":"Point","coordinates":[112.3,-7.2]}},{"type":"Feature","properties":{"Line":"R118","Tr":2953,"X":"638300.50000000000","Y":"9203469.00000000000","Rotation":0,"NAMOBJ":"Gondanglor","WADMKC":"Sugio","WADMKK":"Lamongan"},"geometry":{"type":"Point","coordinates":[112.3,-7.2]}},{"type":"Feature","properties":{"Line":"R118","Tr":2954,"X":"638300.50000000000","Y":"9203456.50000000000","Rotation":0,"NAMOBJ":"Gondanglor","WADMKC":"Sugio","WADMKK":"Lamongan"},"geometry":{"type":"Point","coordinates":[112.3,-7.2]}},{"type":"Feature","properties":{"Line":"R118","Tr":2955,"X":"638300.50000000000","Y":"9203444.00000000000","Rotation":0,"NAMOBJ":"Gondanglor","WADMKC":"Sugio","WADMKK":"Lamongan"},"geometry":{"type":"Point","coordinates":[112.3,-7.2]}},{"type":"Feature","properties":{"Line":"R118","Tr":2956,"X":"638300.50000000000","Y":"9203431.50000000000","Rotation":0,"NAMOBJ":"Gondanglor","WADMKC":"Sugio","WADMKK":"Lamongan"},"geometry":{"type":"Point","coordinates":[112.3,-7.2]}},{"type":"Feature","properties":{"Line":"R118","Tr":2957,"X":"638300.50000000000","Y":"9203419.00000000000","Rotation":0,"NAMOBJ":"Gondanglor","WADMKC":"Sugio","WADMKK":"Lamongan"},"geometry":{"type":"Point","coordinates":[112.3,-7.2]}},{"type":"Feature","properties":{"Line":"R118","Tr":2958,"X":"638300.50000000000","Y":"9203406.50000000000","Rotation":0,"NAMOBJ":"Gondanglor","WADMKC":"Sugio","WADMKK":"Lamongan"},"geometry":{"type":"Point","coordinates":[112.3,-7.2]}},{"type":"Feature","properties":{"Line":"R118","Tr":2959,"X":"638300.50000000000","Y":"9203394.00000000000","Rotation":0,"NAMOBJ":"Gondanglor","WADMKC":"Sugio","WADMKK":"Lamongan"},"geometry":{"type":"Point","coordinates":[112.3,-7.2]}},{"type":"Feature","properties":{"Line":"R118","Tr":2960,"X":"638300.50000000000","Y":"9203381.50000000000","Rotation":0,"NAMOBJ":"Gondanglor","WADMKC":"Sugio","WADMKK":"Lamongan"},"geometry":{"type":"Point","coordinates":[112.3,-7.2]}},{"type":"Feature","properties":{"Line":"R118","Tr":2961,"X":"638300.50000000000","Y":"9203369.00000000000","Rotation":0,"NAMOBJ":"Gondanglor","WADMKC":"Sugio","WADMKK":"Lamongan"},"geometry":{"type":"Point","coordinates":[112.3,-7.2]}},{"type":"Feature","properties":{"Line":"R118","Tr":2962,"X":"638300.50000000000","Y":"9203356.50000000000","Rotation":0,"NAMOBJ":"Gondanglor","WADMKC":"Sugio","WADMKK":"Lamongan"},"geometry":{"type":"Point","coordinates":[112.3,-7.2]}},{"type":"Feature","properties":{"Line":"R118","Tr":2963,"X":"638300.50000000000","Y":"9203344.00000000000","Rotation":0,"NAMOBJ":"Gondanglor","WADMKC":"Sugio","WADMKK":"Lamongan"},"geometry":{"type":"Point","coordinates":[112.3,-7.2]}},{"type":"Feature","properties":{"Line":"R118","Tr":2964,"X":"638300.50000000000","Y":"9203331.50000000000","Rotation":0,"NAMOBJ":"Gondanglor","WADMKC":"Sugio","WADMKK":"Lamongan"},"geometry":{"type":"Point","coordinates":[112.3,-7.2]}},{"type":"Feature","properties":{"Line":"R118","Tr":2965,"X":"638300.50000000000","Y":"9203319.00000000000","Rotation":0,"NAMOBJ":"Gondanglor","WADMKC":"Sugio","WADMKK":"Lamongan"},"geometry":{"type":"Point","coordinates":[112.3,-7.2]}},{"type":"Feature","properties":{"Line":"R118","Tr":2966,"X":"638300.50000000000","Y":"9203306.50000000000","Rotation":0,"NAMOBJ":"Gondanglor","WADMKC":"Sugio","WADMKK":"Lamongan"},"geometry":{"type":"Point","coordinates":[112.3,-7.2]}},{"type":"Feature","properties":{"Line":"R118","Tr":2967,"X":"638300.50000000000","Y":"9203294.00000000000","Rotation":0,"NAMOBJ":"Gondanglor","WADMKC":"Sugio","WADMKK":"Lamongan"},"geometry":{"type":"Point","coordinates":[112.3,-7.2]}},{"type":"Feature","properties":{"Line":"R118","Tr":2968,"X":"638300.50000000000","Y":"9203281.50000000000","Rotation":0,"NAMOBJ":"Gondanglor","WADMKC":"Sugio","WADMKK":"Lamongan"},"geometry":{"type":"Point","coordinates":[112.3,-7.2]}},{"type":"Feature","properties":{"Line":"R118","Tr":2969,"X":"638300.50000000000","Y":"9203269.00000000000","Rotation":0,"NAMOBJ":"Gondanglor","WADMKC":"Sugio","WADMKK":"Lamongan"},"geometry":{"type":"Point","coordinates":[112.3,-7.2]}},{"type":"Feature","properties":{"Line":"R118","Tr":2970,"X":"638300.50000000000","Y":"9203256.50000000000","Rotation":0,"NAMOBJ":"Gondanglor","WADMKC":"Sugio","WADMKK":"Lamongan"},"geometry":{"type":"Point","coordinates":[112.3,-7.2]}},{"type":"Feature","properties":{"Line":"R118","Tr":2971,"X":"638300.50000000000","Y":"9203244.00000000000","Rotation":0,"NAMOBJ":"Gondanglor","WADMKC":"Sugio","WADMKK":"Lamongan"},"geometry":{"type":"Point","coordinates":[112.3,-7.2]}},{"type":"Feature","properties":{"Line":"R118","Tr":2972,"X":"638300.50000000000","Y":"9203231.50000000000","Rotation":0,"NAMOBJ":"Gondanglor","WADMKC":"Sugio","WADMKK":"Lamongan"},"geometry":{"type":"Point","coordinates":[112.3,-7.2]}},{"type":"Feature","properties":{"Line":"R118","Tr":2973,"X":"638300.50000000000","Y":"9203219.00000000000","Rotation":0,"NAMOBJ":"Gondanglor","WADMKC":"Sugio","WADMKK":"Lamongan"},"geometry":{"type":"Point","coordinates":[112.3,-7.2]}},{"type":"Feature","properties":{"Line":"R118","Tr":2974,"X":"638300.50000000000","Y":"9203206.50000000000","Rotation":0,"NAMOBJ":"Gondanglor","WADMKC":"Sugio","WADMKK":"Lamongan"},"geometry":{"type":"Point","coordinates":[112.3,-7.2]}},{"type":"Feature","properties":{"Line":"R118","Tr":2975,"X":"638300.50000000000","Y":"9203194.00000000000","Rotation":0,"NAMOBJ":"Gondanglor","WADMKC":"Sugio","WADMKK":"Lamongan"},"geometry":{"type":"Point","coordinates":[112.3,-7.2]}},{"type":"Feature","properties":{"Line":"R118","Tr":2976,"X":"638300.50000000000","Y":"9203181.50000000000","Rotation":0,"NAMOBJ":"Gondanglor","WADMKC":"Sugio","WADMKK":"Lamongan"},"geometry":{"type":"Point","coordinates":[112.3,-7.2]}},{"type":"Feature","properties":{"Line":"R118","Tr":2977,"X":"638300.50000000000","Y":"9203169.00000000000","Rotation":0,"NAMOBJ":"Gondanglor","WADMKC":"Sugio","WADMKK":"Lamongan"},"geometry":{"type":"Point","coordinates":[112.3,-7.2]}},{"type":"Feature","properties":{"Line":"R118","Tr":2978,"X":"638300.50000000000","Y":"9203156.50000000000","Rotation":0,"NAMOBJ":"Gondanglor","WADMKC":"Sugio","WADMKK":"Lamongan"},"geometry":{"type":"Point","coordinates":[112.3,-7.2]}},{"type":"Feature","properties":{"Line":"R118","Tr":2979,"X":"638300.50000000000","Y":"9203144.00000000000","Rotation":0,"NAMOBJ":"Gondanglor","WADMKC":"Sugio","WADMKK":"Lamongan"},"geometry":{"type":"Point","coordinates":[112.3,-7.2]}},{"type":"Feature","properties":{"Line":"R118","Tr":2980,"X":"638300.50000000000","Y":"9203131.50000000000","Rotation":0,"NAMOBJ":"Gondanglor","WADMKC":"Sugio","WADMKK":"Lamongan"},"geometry":{"type":"Point","coordinates":[112.3,-7.2]}},{"type":"Feature","properties":{"Line":"R118","Tr":2981,"X":"638300.50000000000","Y":"9203119.00000000000","Rotation":0,"NAMOBJ":"Gondanglor","WADMKC":"Sugio","WADMKK":"Lamongan"},"geometry":{"type":"Point","coordinates":[112.3,-7.2]}},{"type":"Feature","properties":{"Line":"R118","Tr":2982,"X":"638300.50000000000","Y":"9203106.50000000000","Rotation":0,"NAMOBJ":"Gondanglor","WADMKC":"Sugio","WADMKK":"Lamongan"},"geometry":{"type":"Point","coordinates":[112.3,-7.2]}},{"type":"Feature","properties":{"Line":"R118","Tr":2983,"X":"638300.50000000000","Y":"9203094.00000000000","Rotation":0,"NAMOBJ":"Gondanglor","WADMKC":"Sugio","WADMKK":"Lamongan"},"geometry":{"type":"Point","coordinates":[112.3,-7.2]}},{"type":"Feature","properties":{"Line":"R118","Tr":2984,"X":"638300.50000000000","Y":"9203081.50000000000","Rotation":0,"NAMOBJ":"Gondanglor","WADMKC":"Sugio","WADMKK":"Lamongan"},"geometry":{"type":"Point","coordinates":[112.3,-7.2]}},{"type":"Feature","properties":{"Line":"R118","Tr":2985,"X":"638300.50000000000","Y":"9203069.00000000000","Rotation":0,"NAMOBJ":"Gondanglor","WADMKC":"Sugio","WADMKK":"Lamongan"},"geometry":{"type":"Point","coordinates":[112.3,-7.2]}},{"type":"Feature","properties":{"Line":"R118","Tr":2986,"X":"638300.50000000000","Y":"9203056.50000000000","Rotation":0,"NAMOBJ":"Gondanglor","WADMKC":"Sugio","WADMKK":"Lamongan"},"geometry":{"type":"Point","coordinates":[112.3,-7.2]}},{"type":"Feature","properties":{"Line":"R118","Tr":2987,"X":"638300.50000000000","Y":"9203044.00000000000","Rotation":0,"NAMOBJ":"Gondanglor","WADMKC":"Sugio","WADMKK":"Lamongan"},"geometry":{"type":"Point","coordinates":[112.3,-7.2]}},{"type":"Feature","properties":{"Line":"R118","Tr":2988,"X":"638300.50000000000","Y":"9203031.50000000000","Rotation":0,"NAMOBJ":"Gondanglor","WADMKC":"Sugio","WADMKK":"Lamongan"},"geometry":{"type":"Point","coordinates":[112.3,-7.2]}},{"type":"Feature","properties":{"Line":"R118","Tr":2989,"X":"638300.50000000000","Y":"9203019.00000000000","Rotation":0,"NAMOBJ":"Gondanglor","WADMKC":"Sugio","WADMKK":"Lamongan"},"geometry":{"type":"Point","coordinates":[112.3,-7.2]}},{"type":"Feature","properties":{"Line":"R118","Tr":2990,"X":"638300.50000000000","Y":"9203006.50000000000","Rotation":0,"NAMOBJ":"Gondanglor","WADMKC":"Sugio","WADMKK":"Lamongan"},"geometry":{"type":"Point","coordinates":[112.3,-7.2]}},{"type":"Feature","properties":{"Line":"R118","Tr":2991,"X":"638300.50000000000","Y":"9202994.00000000000","Rotation":0,"NAMOBJ":"Gondanglor","WADMKC":"Sugio","WADMKK":"Lamongan"},"geometry":{"type":"Point","coordinates":[112.3,-7.2]}},{"type":"Feature","properties":{"Line":"R118","Tr":2992,"X":"638300.50000000000","Y":"9202981.50000000000","Rotation":0,"NAMOBJ":"Gondanglor","WADMKC":"Sugio","WADMKK":"Lamongan"},"geometry":{"type":"Point","coordinates":[112.3,-7.2]}},{"type":"Feature","properties":{"Line":"R118","Tr":2993,"X":"638300.50000000000","Y":"9202969.00000000000","Rotation":0,"NAMOBJ":"Gondanglor","WADMKC":"Sugio","WADMKK":"Lamongan"},"geometry":{"type":"Point","coordinates":[112.3,-7.2]}},{"type":"Feature","properties":{"Line":"R118","Tr":2994,"X":"638300.50000000000","Y":"9202956.50000000000","Rotation":0,"NAMOBJ":"Gondanglor","WADMKC":"Sugio","WADMKK":"Lamongan"},"geometry":{"type":"Point","coordinates":[112.3,-7.2]}},{"type":"Feature","properties":{"Line":"R118","Tr":2995,"X":"638300.50000000000","Y":"9202944.00000000000","Rotation":0,"NAMOBJ":"Gondanglor","WADMKC":"Sugio","WADMKK":"Lamongan"},"geometry":{"type":"Point","coordinates":[112.3,-7.2]}},{"type":"Feature","properties":{"Line":"R118","Tr":2996,"X":"638300.50000000000","Y":"9202931.50000000000","Rotation":0,"NAMOBJ":"Gondanglor","WADMKC":"Sugio","WADMKK":"Lamongan"},"geometry":{"type":"Point","coordinates":[112.3,-7.2]}},{"type":"Feature","properties":{"Line":"R118","Tr":2997,"X":"638300.50000000000","Y":"9202919.00000000000","Rotation":0,"NAMOBJ":"Gondanglor","WADMKC":"Sugio","WADMKK":"Lamongan"},"geometry":{"type":"Point","coordinates":[112.3,-7.2]}},{"type":"Feature","properties":{"Line":"R118","Tr":2998,"X":"638300.50000000000","Y":"9202906.50000000000","Rotation":0,"NAMOBJ":"Gondanglor","WADMKC":"Sugio","WADMKK":"Lamongan"},"geometry":{"type":"Point","coordinates":[112.3,-7.2]}},{"type":"Feature","properties":{"Line":"R118","Tr":2999,"X":"638300.50000000000","Y":"9202894.00000000000","Rotation":0,"NAMOBJ":"Gondanglor","WADMKC":"Sugio","WADMKK":"Lamongan"},"geometry":{"type":"Point","coordinates":[112.3,-7.2]}},{"type":"Feature","properties":{"Line":"R118","Tr":3000,"X":"638300.50000000000","Y":"9202881.50000000000","Rotation":0,"NAMOBJ":"Gondanglor","WADMKC":"Sugio","WADMKK":"Lamongan"},"geometry":{"type":"Point","coordinates":[112.3,-7.2]}},{"type":"Feature","properties":{"Line":"R118","Tr":3001,"X":"638300.50000000000","Y":"9202869.00000000000","Rotation":0,"NAMOBJ":"Gondanglor","WADMKC":"Sugio","WADMKK":"Lamongan"},"geometry":{"type":"Point","coordinates":[112.3,-7.2]}},{"type":"Feature","properties":{"Line":"R118","Tr":3002,"X":"638300.50000000000","Y":"9202856.50000000000","Rotation":0,"NAMOBJ":"Gondanglor","WADMKC":"Sugio","WADMKK":"Lamongan"},"geometry":{"type":"Point","coordinates":[112.3,-7.2]}},{"type":"Feature","properties":{"Line":"R118","Tr":3003,"X":"638300.50000000000","Y":"9202844.00000000000","Rotation":0,"NAMOBJ":"Gondanglor","WADMKC":"Sugio","WADMKK":"Lamongan"},"geometry":{"type":"Point","coordinates":[112.3,-7.2]}},{"type":"Feature","properties":{"Line":"R118","Tr":3004,"X":"638300.50000000000","Y":"9202831.50000000000","Rotation":0,"NAMOBJ":"Gondanglor","WADMKC":"Sugio","WADMKK":"Lamongan"},"geometry":{"type":"Point","coordinates":[112.3,-7.2]}},{"type":"Feature","properties":{"Line":"R118","Tr":3005,"X":"638300.50000000000","Y":"9202819.00000000000","Rotation":0,"NAMOBJ":"Gondanglor","WADMKC":"Sugio","WADMKK":"Lamongan"},"geometry":{"type":"Point","coordinates":[112.3,-7.2]}},{"type":"Feature","properties":{"Line":"R118","Tr":3006,"X":"638300.50000000000","Y":"9202806.50000000000","Rotation":0,"NAMOBJ":"Gondanglor","WADMKC":"Sugio","WADMKK":"Lamongan"},"geometry":{"type":"Point","coordinates":[112.3,-7.2]}},{"type":"Feature","properties":{"Line":"R118","Tr":3007,"X":"638300.50000000000","Y":"9202794.00000000000","Rotation":0,"NAMOBJ":"Gondanglor","WADMKC":"Sugio","WADMKK":"Lamongan"},"geometry":{"type":"Point","coordinates":[112.3,-7.2]}},{"type":"Feature","properties":{"Line":"R118","Tr":3008,"X":"638300.50000000000","Y":"9202781.50000000000","Rotation":0,"NAMOBJ":"Gondanglor","WADMKC":"Sugio","WADMKK":"Lamongan"},"geometry":{"type":"Point","coordinates":[112.3,-7.2]}},{"type":"Feature","properties":{"Line":"R118","Tr":3009,"X":"638300.50000000000","Y":"9202769.00000000000","Rotation":0,"NAMOBJ":"Gondanglor","WADMKC":"Sugio","WADMKK":"Lamongan"},"geometry":{"type":"Point","coordinates":[112.3,-7.2]}},{"type":"Feature","properties":{"Line":"R118","Tr":3010,"X":"638300.50000000000","Y":"9202756.50000000000","Rotation":0,"NAMOBJ":"Gondanglor","WADMKC":"Sugio","WADMKK":"Lamongan"},"geometry":{"type":"Point","coordinates":[112.3,-7.2]}},{"type":"Feature","properties":{"Line":"R118","Tr":3011,"X":"638300.50000000000","Y":"9202744.00000000000","Rotation":0,"NAMOBJ":"Gondanglor","WADMKC":"Sugio","WADMKK":"Lamongan"},"geometry":{"type":"Point","coordinates":[112.3,-7.2]}},{"type":"Feature","properties":{"Line":"R118","Tr":3012,"X":"638300.50000000000","Y":"9202731.50000000000","Rotation":0,"NAMOBJ":"Gondanglor","WADMKC":"Sugio","WADMKK":"Lamongan"},"geometry":{"type":"Point","coordinates":[112.3,-7.2]}},{"type":"Feature","properties":{"Line":"R118","Tr":3013,"X":"638300.50000000000","Y":"9202719.00000000000","Rotation":0,"NAMOBJ":"Gondanglor","WADMKC":"Sugio","WADMKK":"Lamongan"},"geometry":{"type":"Point","coordinates":[112.3,-7.2]}},{"type":"Feature","properties":{"Line":"R118","Tr":3014,"X":"638300.50000000000","Y":"9202706.50000000000","Rotation":0,"NAMOBJ":"Gondanglor","WADMKC":"Sugio","WADMKK":"Lamongan"},"geometry":{"type":"Point","coordinates":[112.3,-7.2]}},{"type":"Feature","properties":{"Line":"R118","Tr":3015,"X":"638300.50000000000","Y":"9202694.00000000000","Rotation":0,"NAMOBJ":"Gondanglor","WADMKC":"Sugio","WADMKK":"Lamongan"},"geometry":{"type":"Point","coordinates":[112.3,-7.2]}},{"type":"Feature","properties":{"Line":"R118","Tr":3016,"X":"638300.50000000000","Y":"9202681.50000000000","Rotation":0,"NAMOBJ":"Gondanglor","WADMKC":"Sugio","WADMKK":"Lamongan"},"geometry":{"type":"Point","coordinates":[112.3,-7.2]}},{"type":"Feature","properties":{"Line":"R118","Tr":3017,"X":"638300.50000000000","Y":"9202669.00000000000","Rotation":0,"NAMOBJ":"Gondanglor","WADMKC":"Sugio","WADMKK":"Lamongan"},"geometry":{"type":"Point","coordinates":[112.3,-7.2]}},{"type":"Feature","properties":{"Line":"R118","Tr":3018,"X":"638300.50000000000","Y":"9202656.50000000000","Rotation":0,"NAMOBJ":"Gondanglor","WADMKC":"Sugio","WADMKK":"Lamongan"},"geometry":{"type":"Point","coordinates":[112.3,-7.2]}},{"type":"Feature","properties":{"Line":"R118","Tr":3019,"X":"638300.50000000000","Y":"9202644.00000000000","Rotation":0,"NAMOBJ":"Gondanglor","WADMKC":"Sugio","WADMKK":"Lamongan"},"geometry":{"type":"Point","coordinates":[112.3,-7.2]}},{"type":"Feature","properties":{"Line":"R118","Tr":3020,"X":"638300.50000000000","Y":"9202631.50000000000","Rotation":0,"NAMOBJ":"Gondanglor","WADMKC":"Sugio","WADMKK":"Lamongan"},"geometry":{"type":"Point","coordinates":[112.3,-7.2]}},{"type":"Feature","properties":{"Line":"R118","Tr":3021,"X":"638300.50000000000","Y":"9202619.00000000000","Rotation":0,"NAMOBJ":"Gondanglor","WADMKC":"Sugio","WADMKK":"Lamongan"},"geometry":{"type":"Point","coordinates":[112.3,-7.2]}},{"type":"Feature","properties":{"Line":"R118","Tr":3022,"X":"638300.50000000000","Y":"9202606.50000000000","Rotation":0,"NAMOBJ":"Gondanglor","WADMKC":"Sugio","WADMKK":"Lamongan"},"geometry":{"type":"Point","coordinates":[112.3,-7.2]}},{"type":"Feature","properties":{"Line":"R118","Tr":3023,"X":"638300.50000000000","Y":"9202594.00000000000","Rotation":0,"NAMOBJ":"Gondanglor","WADMKC":"Sugio","WADMKK":"Lamongan"},"geometry":{"type":"Point","coordinates":[112.3,-7.2]}},{"type":"Feature","properties":{"Line":"R118","Tr":3024,"X":"638300.50000000000","Y":"9202581.50000000000","Rotation":0,"NAMOBJ":"Gondanglor","WADMKC":"Sugio","WADMKK":"Lamongan"},"geometry":{"type":"Point","coordinates":[112.3,-7.2]}},{"type":"Feature","properties":{"Line":"R118","Tr":3025,"X":"638300.50000000000","Y":"9202569.00000000000","Rotation":0,"NAMOBJ":"Gondanglor","WADMKC":"Sugio","WADMKK":"Lamongan"},"geometry":{"type":"Point","coordinates":[112.3,-7.2]}},{"type":"Feature","properties":{"Line":"R118","Tr":3026,"X":"638300.50000000000","Y":"9202556.50000000000","Rotation":0,"NAMOBJ":"Gondanglor","WADMKC":"Sugio","WADMKK":"Lamongan"},"geometry":{"type":"Point","coordinates":[112.3,-7.2]}},{"type":"Feature","properties":{"Line":"R118","Tr":3027,"X":"638300.50000000000","Y":"9202544.00000000000","Rotation":0,"NAMOBJ":"Gondanglor","WADMKC":"Sugio","WADMKK":"Lamongan"},"geometry":{"type":"Point","coordinates":[112.3,-7.2]}},{"type":"Feature","properties":{"Line":"R118","Tr":3028,"X":"638300.50000000000","Y":"9202531.50000000000","Rotation":0,"NAMOBJ":"Gondanglor","WADMKC":"Sugio","WADMKK":"Lamongan"},"geometry":{"type":"Point","coordinates":[112.3,-7.2]}},{"type":"Feature","properties":{"Line":"R118","Tr":3029,"X":"638300.50000000000","Y":"9202519.00000000000","Rotation":0,"NAMOBJ":"Gondanglor","WADMKC":"Sugio","WADMKK":"Lamongan"},"geometry":{"type":"Point","coordinates":[112.3,-7.2]}},{"type":"Feature","properties":{"Line":"R118","Tr":3030,"X":"638300.50000000000","Y":"9202506.50000000000","Rotation":0,"NAMOBJ":"Gondanglor","WADMKC":"Sugio","WADMKK":"Lamongan"},"geometry":{"type":"Point","coordinates":[112.3,-7.2]}},{"type":"Feature","properties":{"Line":"R118","Tr":3031,"X":"638300.50000000000","Y":"9202494.00000000000","Rotation":0,"NAMOBJ":"Gondanglor","WADMKC":"Sugio","WADMKK":"Lamongan"},"geometry":{"type":"Point","coordinates":[112.3,-7.2]}},{"type":"Feature","properties":{"Line":"R118","Tr":3032,"X":"638300.50000000000","Y":"9202481.50000000000","Rotation":0,"NAMOBJ":"Gondanglor","WADMKC":"Sugio","WADMKK":"Lamongan"},"geometry":{"type":"Point","coordinates":[112.3,-7.2]}},{"type":"Feature","properties":{"Line":"R118","Tr":3033,"X":"638300.50000000000","Y":"9202469.00000000000","Rotation":0,"NAMOBJ":"Gondanglor","WADMKC":"Sugio","WADMKK":"Lamongan"},"geometry":{"type":"Point","coordinates":[112.3,-7.2]}},{"type":"Feature","properties":{"Line":"R118","Tr":3034,"X":"638300.50000000000","Y":"9202456.50000000000","Rotation":0,"NAMOBJ":"Gondanglor","WADMKC":"Sugio","WADMKK":"Lamongan"},"geometry":{"type":"Point","coordinates":[112.3,-7.2]}},{"type":"Feature","properties":{"Line":"R120","Tr":2752,"X":"639300.50000000000","Y":"9205931.50000000000","Rotation":0,"NAMOBJ":"Gondanglor","WADMKC":"Sugio","WADMKK":"Lamongan"},"geometry":{"type":"Point","coordinates":[112.3,-7.2]}},{"type":"Feature","properties":{"Line":"R120","Tr":2753,"X":"639300.50000000000","Y":"9205919.00000000000","Rotation":0,"NAMOBJ":"Gondanglor","WADMKC":"Sugio","WADMKK":"Lamongan"},"geometry":{"type":"Point","coordinates":[112.3,-7.2]}},{"type":"Feature","properties":{"Line":"R120","Tr":2754,"X":"639300.50000000000","Y":"9205906.50000000000","Rotation":0,"NAMOBJ":"Gondanglor","WADMKC":"Sugio","WADMKK":"Lamongan"},"geometry":{"type":"Point","coordinates":[112.3,-7.2]}},{"type":"Feature","properties":{"Line":"R120","Tr":2755,"X":"639300.50000000000","Y":"9205894.00000000000","Rotation":0,"NAMOBJ":"Gondanglor","WADMKC":"Sugio","WADMKK":"Lamongan"},"geometry":{"type":"Point","coordinates":[112.3,-7.2]}},{"type":"Feature","properties":{"Line":"R120","Tr":2756,"X":"639300.50000000000","Y":"9205881.50000000000","Rotation":0,"NAMOBJ":"Gondanglor","WADMKC":"Sugio","WADMKK":"Lamongan"},"geometry":{"type":"Point","coordinates":[112.3,-7.2]}},{"type":"Feature","properties":{"Line":"R120","Tr":2757,"X":"639300.50000000000","Y":"9205869.00000000000","Rotation":0,"NAMOBJ":"Gondanglor","WADMKC":"Sugio","WADMKK":"Lamongan"},"geometry":{"type":"Point","coordinates":[112.3,-7.2]}},{"type":"Feature","properties":{"Line":"R120","Tr":2758,"X":"639300.50000000000","Y":"9205856.50000000000","Rotation":0,"NAMOBJ":"Gondanglor","WADMKC":"Sugio","WADMKK":"Lamongan"},"geometry":{"type":"Point","coordinates":[112.3,-7.2]}},{"type":"Feature","properties":{"Line":"R120","Tr":2759,"X":"639300.50000000000","Y":"9205844.00000000000","Rotation":0,"NAMOBJ":"Gondanglor","WADMKC":"Sugio","WADMKK":"Lamongan"},"geometry":{"type":"Point","coordinates":[112.3,-7.2]}},{"type":"Feature","properties":{"Line":"R120","Tr":2760,"X":"639300.50000000000","Y":"9205831.50000000000","Rotation":0,"NAMOBJ":"Gondanglor","WADMKC":"Sugio","WADMKK":"Lamongan"},"geometry":{"type":"Point","coordinates":[112.3,-7.2]}},{"type":"Feature","properties":{"Line":"R120","Tr":2761,"X":"639300.50000000000","Y":"9205819.00000000000","Rotation":0,"NAMOBJ":"Gondanglor","WADMKC":"Sugio","WADMKK":"Lamongan"},"geometry":{"type":"Point","coordinates":[112.3,-7.2]}},{"type":"Feature","properties":{"Line":"R120","Tr":2762,"X":"639300.50000000000","Y":"9205806.50000000000","Rotation":0,"NAMOBJ":"Gondanglor","WADMKC":"Sugio","WADMKK":"Lamongan"},"geometry":{"type":"Point","coordinates":[112.3,-7.2]}},{"type":"Feature","properties":{"Line":"R120","Tr":2763,"X":"639300.50000000000","Y":"9205794.00000000000","Rotation":0,"NAMOBJ":"Gondanglor","WADMKC":"Sugio","WADMKK":"Lamongan"},"geometry":{"type":"Point","coordinates":[112.3,-7.2]}},{"type":"Feature","properties":{"Line":"R120","Tr":2764,"X":"639300.50000000000","Y":"9205781.50000000000","Rotation":0,"NAMOBJ":"Gondanglor","WADMKC":"Sugio","WADMKK":"Lamongan"},"geometry":{"type":"Point","coordinates":[112.3,-7.2]}},{"type":"Feature","properties":{"Line":"R120","Tr":2765,"X":"639300.50000000000","Y":"9205769.00000000000","Rotation":0,"NAMOBJ":"Gondanglor","WADMKC":"Sugio","WADMKK":"Lamongan"},"geometry":{"type":"Point","coordinates":[112.3,-7.2]}},{"type":"Feature","properties":{"Line":"R120","Tr":2766,"X":"639300.50000000000","Y":"9205756.50000000000","Rotation":0,"NAMOBJ":"Gondanglor","WADMKC":"Sugio","WADMKK":"Lamongan"},"geometry":{"type":"Point","coordinates":[112.3,-7.2]}},{"type":"Feature","properties":{"Line":"R120","Tr":2767,"X":"639300.50000000000","Y":"9205744.00000000000","Rotation":0,"NAMOBJ":"Gondanglor","WADMKC":"Sugio","WADMKK":"Lamongan"},"geometry":{"type":"Point","coordinates":[112.3,-7.2]}},{"type":"Feature","properties":{"Line":"R120","Tr":2768,"X":"639300.50000000000","Y":"9205731.50000000000","Rotation":0,"NAMOBJ":"Gondanglor","WADMKC":"Sugio","WADMKK":"Lamongan"},"geometry":{"type":"Point","coordinates":[112.3,-7.2]}},{"type":"Feature","properties":{"Line":"R120","Tr":2769,"X":"639300.50000000000","Y":"9205719.00000000000","Rotation":0,"NAMOBJ":"Gondanglor","WADMKC":"Sugio","WADMKK":"Lamongan"},"geometry":{"type":"Point","coordinates":[112.3,-7.2]}},{"type":"Feature","properties":{"Line":"R120","Tr":2770,"X":"639300.50000000000","Y":"9205706.50000000000","Rotation":0,"NAMOBJ":"Gondanglor","WADMKC":"Sugio","WADMKK":"Lamongan"},"geometry":{"type":"Point","coordinates":[112.3,-7.2]}},{"type":"Feature","properties":{"Line":"R120","Tr":2771,"X":"639300.50000000000","Y":"9205694.00000000000","Rotation":0,"NAMOBJ":"Gondanglor","WADMKC":"Sugio","WADMKK":"Lamongan"},"geometry":{"type":"Point","coordinates":[112.3,-7.2]}},{"type":"Feature","properties":{"Line":"R120","Tr":2772,"X":"639300.50000000000","Y":"9205681.50000000000","Rotation":0,"NAMOBJ":"Gondanglor","WADMKC":"Sugio","WADMKK":"Lamongan"},"geometry":{"type":"Point","coordinates":[112.3,-7.2]}},{"type":"Feature","properties":{"Line":"R120","Tr":2773,"X":"639300.50000000000","Y":"9205669.00000000000","Rotation":0,"NAMOBJ":"Gondanglor","WADMKC":"Sugio","WADMKK":"Lamongan"},"geometry":{"type":"Point","coordinates":[112.3,-7.2]}},{"type":"Feature","properties":{"Line":"R120","Tr":2774,"X":"639300.50000000000","Y":"9205656.50000000000","Rotation":0,"NAMOBJ":"Gondanglor","WADMKC":"Sugio","WADMKK":"Lamongan"},"geometry":{"type":"Point","coordinates":[112.3,-7.2]}},{"type":"Feature","properties":{"Line":"R120","Tr":2775,"X":"639300.50000000000","Y":"9205644.00000000000","Rotation":0,"NAMOBJ":"Gondanglor","WADMKC":"Sugio","WADMKK":"Lamongan"},"geometry":{"type":"Point","coordinates":[112.3,-7.2]}},{"type":"Feature","properties":{"Line":"R120","Tr":2776,"X":"639300.50000000000","Y":"9205631.50000000000","Rotation":0,"NAMOBJ":"Gondanglor","WADMKC":"Sugio","WADMKK":"Lamongan"},"geometry":{"type":"Point","coordinates":[112.3,-7.2]}},{"type":"Feature","properties":{"Line":"R120","Tr":2777,"X":"639300.50000000000","Y":"9205619.00000000000","Rotation":0,"NAMOBJ":"Gondanglor","WADMKC":"Sugio","WADMKK":"Lamongan"},"geometry":{"type":"Point","coordinates":[112.3,-7.2]}},{"type":"Feature","properties":{"Line":"R120","Tr":2778,"X":"639300.50000000000","Y":"9205606.50000000000","Rotation":0,"NAMOBJ":"Gondanglor","WADMKC":"Sugio","WADMKK":"Lamongan"},"geometry":{"type":"Point","coordinates":[112.3,-7.2]}},{"type":"Feature","properties":{"Line":"R120","Tr":2779,"X":"639300.50000000000","Y":"9205594.00000000000","Rotation":0,"NAMOBJ":"Gondanglor","WADMKC":"Sugio","WADMKK":"Lamongan"},"geometry":{"type":"Point","coordinates":[112.3,-7.2]}},{"type":"Feature","properties":{"Line":"R120","Tr":2780,"X":"639300.50000000000","Y":"9205581.50000000000","Rotation":0,"NAMOBJ":"Gondanglor","WADMKC":"Sugio","WADMKK":"Lamongan"},"geometry":{"type":"Point","coordinates":[112.3,-7.2]}},{"type":"Feature","properties":{"Line":"R120","Tr":2781,"X":"639300.50000000000","Y":"9205569.00000000000","Rotation":0,"NAMOBJ":"Gondanglor","WADMKC":"Sugio","WADMKK":"Lamongan"},"geometry":{"type":"Point","coordinates":[112.3,-7.2]}},{"type":"Feature","properties":{"Line":"R120","Tr":2782,"X":"639300.50000000000","Y":"9205556.50000000000","Rotation":0,"NAMOBJ":"Gondanglor","WADMKC":"Sugio","WADMKK":"Lamongan"},"geometry":{"type":"Point","coordinates":[112.3,-7.2]}},{"type":"Feature","properties":{"Line":"R120","Tr":2783,"X":"639300.50000000000","Y":"9205544.00000000000","Rotation":0,"NAMOBJ":"Gondanglor","WADMKC":"Sugio","WADMKK":"Lamongan"},"geometry":{"type":"Point","coordinates":[112.3,-7.2]}},{"type":"Feature","properties":{"Line":"R120","Tr":2784,"X":"639300.50000000000","Y":"9205531.50000000000","Rotation":0,"NAMOBJ":"Gondanglor","WADMKC":"Sugio","WADMKK":"Lamongan"},"geometry":{"type":"Point","coordinates":[112.3,-7.2]}},{"type":"Feature","properties":{"Line":"R120","Tr":2785,"X":"639300.50000000000","Y":"9205519.00000000000","Rotation":0,"NAMOBJ":"Gondanglor","WADMKC":"Sugio","WADMKK":"Lamongan"},"geometry":{"type":"Point","coordinates":[112.3,-7.2]}},{"type":"Feature","properties":{"Line":"R120","Tr":2786,"X":"639300.50000000000","Y":"9205506.50000000000","Rotation":0,"NAMOBJ":"Gondanglor","WADMKC":"Sugio","WADMKK":"Lamongan"},"geometry":{"type":"Point","coordinates":[112.3,-7.2]}},{"type":"Feature","properties":{"Line":"R120","Tr":2787,"X":"639300.50000000000","Y":"9205494.00000000000","Rotation":0,"NAMOBJ":"Gondanglor","WADMKC":"Sugio","WADMKK":"Lamongan"},"geometry":{"type":"Point","coordinates":[112.3,-7.2]}},{"type":"Feature","properties":{"Line":"R120","Tr":2788,"X":"639300.50000000000","Y":"9205481.50000000000","Rotation":0,"NAMOBJ":"Gondanglor","WADMKC":"Sugio","WADMKK":"Lamongan"},"geometry":{"type":"Point","coordinates":[112.3,-7.2]}},{"type":"Feature","properties":{"Line":"R120","Tr":2789,"X":"639300.50000000000","Y":"9205469.00000000000","Rotation":0,"NAMOBJ":"Gondanglor","WADMKC":"Sugio","WADMKK":"Lamongan"},"geometry":{"type":"Point","coordinates":[112.3,-7.2]}},{"type":"Feature","properties":{"Line":"R120","Tr":2790,"X":"639300.50000000000","Y":"9205456.50000000000","Rotation":0,"NAMOBJ":"Gondanglor","WADMKC":"Sugio","WADMKK":"Lamongan"},"geometry":{"type":"Point","coordinates":[112.3,-7.2]}},{"type":"Feature","properties":{"Line":"R120","Tr":2791,"X":"639300.50000000000","Y":"9205444.00000000000","Rotation":0,"NAMOBJ":"Gondanglor","WADMKC":"Sugio","WADMKK":"Lamongan"},"geometry":{"type":"Point","coordinates":[112.3,-7.2]}},{"type":"Feature","properties":{"Line":"R120","Tr":2792,"X":"639300.50000000000","Y":"9205431.50000000000","Rotation":0,"NAMOBJ":"Gondanglor","WADMKC":"Sugio","WADMKK":"Lamongan"},"geometry":{"type":"Point","coordinates":[112.3,-7.2]}},{"type":"Feature","properties":{"Line":"R120","Tr":2793,"X":"639300.50000000000","Y":"9205419.00000000000","Rotation":0,"NAMOBJ":"Gondanglor","WADMKC":"Sugio","WADMKK":"Lamongan"},"geometry":{"type":"Point","coordinates":[112.3,-7.2]}},{"type":"Feature","properties":{"Line":"R120","Tr":2794,"X":"639300.50000000000","Y":"9205406.50000000000","Rotation":0,"NAMOBJ":"Gondanglor","WADMKC":"Sugio","WADMKK":"Lamongan"},"geometry":{"type":"Point","coordinates":[112.3,-7.2]}},{"type":"Feature","properties":{"Line":"R120","Tr":2795,"X":"639300.50000000000","Y":"9205394.00000000000","Rotation":0,"NAMOBJ":"Gondanglor","WADMKC":"Sugio","WADMKK":"Lamongan"},"geometry":{"type":"Point","coordinates":[112.3,-7.2]}},{"type":"Feature","properties":{"Line":"R120","Tr":2796,"X":"639300.50000000000","Y":"9205381.50000000000","Rotation":0,"NAMOBJ":"Gondanglor","WADMKC":"Sugio","WADMKK":"Lamongan"},"geometry":{"type":"Point","coordinates":[112.3,-7.2]}},{"type":"Feature","properties":{"Line":"R120","Tr":2797,"X":"639300.50000000000","Y":"9205369.00000000000","Rotation":0,"NAMOBJ":"Gondanglor","WADMKC":"Sugio","WADMKK":"Lamongan"},"geometry":{"type":"Point","coordinates":[112.3,-7.2]}},{"type":"Feature","properties":{"Line":"R120","Tr":2798,"X":"639300.50000000000","Y":"9205356.50000000000","Rotation":0,"NAMOBJ":"Gondanglor","WADMKC":"Sugio","WADMKK":"Lamongan"},"geometry":{"type":"Point","coordinates":[112.3,-7.2]}},{"type":"Feature","properties":{"Line":"R120","Tr":2799,"X":"639300.50000000000","Y":"9205344.00000000000","Rotation":0,"NAMOBJ":"Gondanglor","WADMKC":"Sugio","WADMKK":"Lamongan"},"geometry":{"type":"Point","coordinates":[112.3,-7.2]}},{"type":"Feature","properties":{"Line":"R120","Tr":2800,"X":"639300.50000000000","Y":"9205331.50000000000","Rotation":0,"NAMOBJ":"Gondanglor","WADMKC":"Sugio","WADMKK":"Lamongan"},"geometry":{"type":"Point","coordinates":[112.3,-7.2]}},{"type":"Feature","properties":{"Line":"R120","Tr":2801,"X":"639300.50000000000","Y":"9205319.00000000000","Rotation":0,"NAMOBJ":"Gondanglor","WADMKC":"Sugio","WADMKK":"Lamongan"},"geometry":{"type":"Point","coordinates":[112.3,-7.2]}},{"type":"Feature","properties":{"Line":"R120","Tr":2802,"X":"639300.50000000000","Y":"9205306.50000000000","Rotation":0,"NAMOBJ":"Gondanglor","WADMKC":"Sugio","WADMKK":"Lamongan"},"geometry":{"type":"Point","coordinates":[112.3,-7.2]}},{"type":"Feature","properties":{"Line":"R120","Tr":2803,"X":"639300.50000000000","Y":"9205294.00000000000","Rotation":0,"NAMOBJ":"Gondanglor","WADMKC":"Sugio","WADMKK":"Lamongan"},"geometry":{"type":"Point","coordinates":[112.3,-7.2]}},{"type":"Feature","properties":{"Line":"R120","Tr":2804,"X":"639300.50000000000","Y":"9205281.50000000000","Rotation":0,"NAMOBJ":"Gondanglor","WADMKC":"Sugio","WADMKK":"Lamongan"},"geometry":{"type":"Point","coordinates":[112.3,-7.2]}},{"type":"Feature","properties":{"Line":"R120","Tr":2805,"X":"639300.50000000000","Y":"9205269.00000000000","Rotation":0,"NAMOBJ":"Gondanglor","WADMKC":"Sugio","WADMKK":"Lamongan"},"geometry":{"type":"Point","coordinates":[112.3,-7.2]}},{"type":"Feature","properties":{"Line":"R120","Tr":2806,"X":"639300.50000000000","Y":"9205256.50000000000","Rotation":0,"NAMOBJ":"Gondanglor","WADMKC":"Sugio","WADMKK":"Lamongan"},"geometry":{"type":"Point","coordinates":[112.3,-7.2]}},{"type":"Feature","properties":{"Line":"R120","Tr":2807,"X":"639300.50000000000","Y":"9205244.00000000000","Rotation":0,"NAMOBJ":"Gondanglor","WADMKC":"Sugio","WADMKK":"Lamongan"},"geometry":{"type":"Point","coordinates":[112.3,-7.2]}},{"type":"Feature","properties":{"Line":"R120","Tr":2808,"X":"639300.50000000000","Y":"9205231.50000000000","Rotation":0,"NAMOBJ":"Gondanglor","WADMKC":"Sugio","WADMKK":"Lamongan"},"geometry":{"type":"Point","coordinates":[112.3,-7.2]}},{"type":"Feature","properties":{"Line":"R120","Tr":2809,"X":"639300.50000000000","Y":"9205219.00000000000","Rotation":0,"NAMOBJ":"Gondanglor","WADMKC":"Sugio","WADMKK":"Lamongan"},"geometry":{"type":"Point","coordinates":[112.3,-7.2]}},{"type":"Feature","properties":{"Line":"R120","Tr":2810,"X":"639300.50000000000","Y":"9205206.50000000000","Rotation":0,"NAMOBJ":"Gondanglor","WADMKC":"Sugio","WADMKK":"Lamongan"},"geometry":{"type":"Point","coordinates":[112.3,-7.2]}},{"type":"Feature","properties":{"Line":"R120","Tr":2811,"X":"639300.50000000000","Y":"9205194.00000000000","Rotation":0,"NAMOBJ":"Gondanglor","WADMKC":"Sugio","WADMKK":"Lamongan"},"geometry":{"type":"Point","coordinates":[112.3,-7.2]}},{"type":"Feature","properties":{"Line":"R120","Tr":2812,"X":"639300.50000000000","Y":"9205181.50000000000","Rotation":0,"NAMOBJ":"Gondanglor","WADMKC":"Sugio","WADMKK":"Lamongan"},"geometry":{"type":"Point","coordinates":[112.3,-7.2]}},{"type":"Feature","properties":{"Line":"R120","Tr":2813,"X":"639300.50000000000","Y":"9205169.00000000000","Rotation":0,"NAMOBJ":"Gondanglor","WADMKC":"Sugio","WADMKK":"Lamongan"},"geometry":{"type":"Point","coordinates":[112.3,-7.2]}},{"type":"Feature","properties":{"Line":"R120","Tr":2814,"X":"639300.50000000000","Y":"9205156.50000000000","Rotation":0,"NAMOBJ":"Gondanglor","WADMKC":"Sugio","WADMKK":"Lamongan"},"geometry":{"type":"Point","coordinates":[112.3,-7.2]}},{"type":"Feature","properties":{"Line":"R120","Tr":2815,"X":"639300.50000000000","Y":"9205144.00000000000","Rotation":0,"NAMOBJ":"Gondanglor","WADMKC":"Sugio","WADMKK":"Lamongan"},"geometry":{"type":"Point","coordinates":[112.3,-7.2]}},{"type":"Feature","properties":{"Line":"R120","Tr":2816,"X":"639300.50000000000","Y":"9205131.50000000000","Rotation":0,"NAMOBJ":"Gondanglor","WADMKC":"Sugio","WADMKK":"Lamongan"},"geometry":{"type":"Point","coordinates":[112.3,-7.2]}},{"type":"Feature","properties":{"Line":"R120","Tr":2817,"X":"639300.50000000000","Y":"9205119.00000000000","Rotation":0,"NAMOBJ":"Gondanglor","WADMKC":"Sugio","WADMKK":"Lamongan"},"geometry":{"type":"Point","coordinates":[112.3,-7.2]}},{"type":"Feature","properties":{"Line":"R120","Tr":2818,"X":"639300.50000000000","Y":"9205106.50000000000","Rotation":0,"NAMOBJ":"Gondanglor","WADMKC":"Sugio","WADMKK":"Lamongan"},"geometry":{"type":"Point","coordinates":[112.3,-7.2]}},{"type":"Feature","properties":{"Line":"R120","Tr":2819,"X":"639300.50000000000","Y":"9205094.00000000000","Rotation":0,"NAMOBJ":"Gondanglor","WADMKC":"Sugio","WADMKK":"Lamongan"},"geometry":{"type":"Point","coordinates":[112.3,-7.2]}},{"type":"Feature","properties":{"Line":"R120","Tr":2820,"X":"639300.50000000000","Y":"9205081.50000000000","Rotation":0,"NAMOBJ":"Gondanglor","WADMKC":"Sugio","WADMKK":"Lamongan"},"geometry":{"type":"Point","coordinates":[112.3,-7.2]}},{"type":"Feature","properties":{"Line":"R120","Tr":2821,"X":"639300.50000000000","Y":"9205069.00000000000","Rotation":0,"NAMOBJ":"Gondanglor","WADMKC":"Sugio","WADMKK":"Lamongan"},"geometry":{"type":"Point","coordinates":[112.3,-7.2]}},{"type":"Feature","properties":{"Line":"R120","Tr":2822,"X":"639300.50000000000","Y":"9205056.50000000000","Rotation":0,"NAMOBJ":"Gondanglor","WADMKC":"Sugio","WADMKK":"Lamongan"},"geometry":{"type":"Point","coordinates":[112.3,-7.2]}},{"type":"Feature","properties":{"Line":"R120","Tr":2823,"X":"639300.50000000000","Y":"9205044.00000000000","Rotation":0,"NAMOBJ":"Gondanglor","WADMKC":"Sugio","WADMKK":"Lamongan"},"geometry":{"type":"Point","coordinates":[112.3,-7.2]}},{"type":"Feature","properties":{"Line":"R120","Tr":2824,"X":"639300.50000000000","Y":"9205031.50000000000","Rotation":0,"NAMOBJ":"Gondanglor","WADMKC":"Sugio","WADMKK":"Lamongan"},"geometry":{"type":"Point","coordinates":[112.3,-7.2]}},{"type":"Feature","properties":{"Line":"R120","Tr":2825,"X":"639300.50000000000","Y":"9205019.00000000000","Rotation":0,"NAMOBJ":"Gondanglor","WADMKC":"Sugio","WADMKK":"Lamongan"},"geometry":{"type":"Point","coordinates":[112.3,-7.2]}},{"type":"Feature","properties":{"Line":"R120","Tr":2826,"X":"639300.50000000000","Y":"9205006.50000000000","Rotation":0,"NAMOBJ":"Gondanglor","WADMKC":"Sugio","WADMKK":"Lamongan"},"geometry":{"type":"Point","coordinates":[112.3,-7.2]}},{"type":"Feature","properties":{"Line":"R120","Tr":2827,"X":"639300.50000000000","Y":"9204994.00000000000","Rotation":0,"NAMOBJ":"Gondanglor","WADMKC":"Sugio","WADMKK":"Lamongan"},"geometry":{"type":"Point","coordinates":[112.3,-7.2]}},{"type":"Feature","properties":{"Line":"R120","Tr":2828,"X":"639300.50000000000","Y":"9204981.50000000000","Rotation":0,"NAMOBJ":"Gondanglor","WADMKC":"Sugio","WADMKK":"Lamongan"},"geometry":{"type":"Point","coordinates":[112.3,-7.2]}},{"type":"Feature","properties":{"Line":"R120","Tr":2829,"X":"639300.50000000000","Y":"9204969.00000000000","Rotation":0,"NAMOBJ":"Gondanglor","WADMKC":"Sugio","WADMKK":"Lamongan"},"geometry":{"type":"Point","coordinates":[112.3,-7.2]}},{"type":"Feature","properties":{"Line":"R120","Tr":2830,"X":"639300.50000000000","Y":"9204956.50000000000","Rotation":0,"NAMOBJ":"Gondanglor","WADMKC":"Sugio","WADMKK":"Lamongan"},"geometry":{"type":"Point","coordinates":[112.3,-7.2]}},{"type":"Feature","properties":{"Line":"R120","Tr":2831,"X":"639300.50000000000","Y":"9204944.00000000000","Rotation":0,"NAMOBJ":"Gondanglor","WADMKC":"Sugio","WADMKK":"Lamongan"},"geometry":{"type":"Point","coordinates":[112.3,-7.2]}},{"type":"Feature","properties":{"Line":"R120","Tr":2832,"X":"639300.50000000000","Y":"9204931.50000000000","Rotation":0,"NAMOBJ":"Gondanglor","WADMKC":"Sugio","WADMKK":"Lamongan"},"geometry":{"type":"Point","coordinates":[112.3,-7.2]}},{"type":"Feature","properties":{"Line":"R120","Tr":2833,"X":"639300.50000000000","Y":"9204919.00000000000","Rotation":0,"NAMOBJ":"Gondanglor","WADMKC":"Sugio","WADMKK":"Lamongan"},"geometry":{"type":"Point","coordinates":[112.3,-7.2]}},{"type":"Feature","properties":{"Line":"R120","Tr":2834,"X":"639300.50000000000","Y":"9204906.50000000000","Rotation":0,"NAMOBJ":"Gondanglor","WADMKC":"Sugio","WADMKK":"Lamongan"},"geometry":{"type":"Point","coordinates":[112.3,-7.2]}},{"type":"Feature","properties":{"Line":"R120","Tr":2835,"X":"639300.50000000000","Y":"9204894.00000000000","Rotation":0,"NAMOBJ":"Gondanglor","WADMKC":"Sugio","WADMKK":"Lamongan"},"geometry":{"type":"Point","coordinates":[112.3,-7.2]}},{"type":"Feature","properties":{"Line":"R120","Tr":2836,"X":"639300.50000000000","Y":"9204881.50000000000","Rotation":0,"NAMOBJ":"Gondanglor","WADMKC":"Sugio","WADMKK":"Lamongan"},"geometry":{"type":"Point","coordinates":[112.3,-7.2]}},{"type":"Feature","properties":{"Line":"R120","Tr":2837,"X":"639300.50000000000","Y":"9204869.00000000000","Rotation":0,"NAMOBJ":"Gondanglor","WADMKC":"Sugio","WADMKK":"Lamongan"},"geometry":{"type":"Point","coordinates":[112.3,-7.2]}},{"type":"Feature","properties":{"Line":"R120","Tr":2838,"X":"639300.50000000000","Y":"9204856.50000000000","Rotation":0,"NAMOBJ":"Gondanglor","WADMKC":"Sugio","WADMKK":"Lamongan"},"geometry":{"type":"Point","coordinates":[112.3,-7.2]}},{"type":"Feature","properties":{"Line":"R120","Tr":2839,"X":"639300.50000000000","Y":"9204844.00000000000","Rotation":0,"NAMOBJ":"Gondanglor","WADMKC":"Sugio","WADMKK":"Lamongan"},"geometry":{"type":"Point","coordinates":[112.3,-7.2]}},{"type":"Feature","properties":{"Line":"R120","Tr":2840,"X":"639300.50000000000","Y":"9204831.50000000000","Rotation":0,"NAMOBJ":"Gondanglor","WADMKC":"Sugio","WADMKK":"Lamongan"},"geometry":{"type":"Point","coordinates":[112.3,-7.2]}},{"type":"Feature","properties":{"Line":"R120","Tr":2841,"X":"639300.50000000000","Y":"9204819.00000000000","Rotation":0,"NAMOBJ":"Gondanglor","WADMKC":"Sugio","WADMKK":"Lamongan"},"geometry":{"type":"Point","coordinates":[112.3,-7.2]}},{"type":"Feature","properties":{"Line":"R120","Tr":2842,"X":"639300.50000000000","Y":"9204806.50000000000","Rotation":0,"NAMOBJ":"Gondanglor","WADMKC":"Sugio","WADMKK":"Lamongan"},"geometry":{"type":"Point","coordinates":[112.3,-7.2]}},{"type":"Feature","properties":{"Line":"R120","Tr":2843,"X":"639300.50000000000","Y":"9204794.00000000000","Rotation":0,"NAMOBJ":"Gondanglor","WADMKC":"Sugio","WADMKK":"Lamongan"},"geometry":{"type":"Point","coordinates":[112.3,-7.2]}},{"type":"Feature","properties":{"Line":"R120","Tr":2844,"X":"639300.50000000000","Y":"9204781.50000000000","Rotation":0,"NAMOBJ":"Gondanglor","WADMKC":"Sugio","WADMKK":"Lamongan"},"geometry":{"type":"Point","coordinates":[112.3,-7.2]}},{"type":"Feature","properties":{"Line":"R120","Tr":2845,"X":"639300.50000000000","Y":"9204769.00000000000","Rotation":0,"NAMOBJ":"Gondanglor","WADMKC":"Sugio","WADMKK":"Lamongan"},"geometry":{"type":"Point","coordinates":[112.3,-7.2]}},{"type":"Feature","properties":{"Line":"R120","Tr":2846,"X":"639300.50000000000","Y":"9204756.50000000000","Rotation":0,"NAMOBJ":"Gondanglor","WADMKC":"Sugio","WADMKK":"Lamongan"},"geometry":{"type":"Point","coordinates":[112.3,-7.2]}},{"type":"Feature","properties":{"Line":"R120","Tr":2847,"X":"639300.50000000000","Y":"9204744.00000000000","Rotation":0,"NAMOBJ":"Gondanglor","WADMKC":"Sugio","WADMKK":"Lamongan"},"geometry":{"type":"Point","coordinates":[112.3,-7.2]}},{"type":"Feature","properties":{"Line":"R120","Tr":2848,"X":"639300.50000000000","Y":"9204731.50000000000","Rotation":0,"NAMOBJ":"Gondanglor","WADMKC":"Sugio","WADMKK":"Lamongan"},"geometry":{"type":"Point","coordinates":[112.3,-7.2]}},{"type":"Feature","properties":{"Line":"R120","Tr":2849,"X":"639300.50000000000","Y":"9204719.00000000000","Rotation":0,"NAMOBJ":"Gondanglor","WADMKC":"Sugio","WADMKK":"Lamongan"},"geometry":{"type":"Point","coordinates":[112.3,-7.2]}},{"type":"Feature","properties":{"Line":"R120","Tr":2850,"X":"639300.50000000000","Y":"9204706.50000000000","Rotation":0,"NAMOBJ":"Gondanglor","WADMKC":"Sugio","WADMKK":"Lamongan"},"geometry":{"type":"Point","coordinates":[112.3,-7.2]}},{"type":"Feature","properties":{"Line":"R120","Tr":2851,"X":"639300.50000000000","Y":"9204694.00000000000","Rotation":0,"NAMOBJ":"Gondanglor","WADMKC":"Sugio","WADMKK":"Lamongan"},"geometry":{"type":"Point","coordinates":[112.3,-7.2]}},{"type":"Feature","properties":{"Line":"R120","Tr":2852,"X":"639300.50000000000","Y":"9204681.50000000000","Rotation":0,"NAMOBJ":"Gondanglor","WADMKC":"Sugio","WADMKK":"Lamongan"},"geometry":{"type":"Point","coordinates":[112.3,-7.2]}},{"type":"Feature","properties":{"Line":"R120","Tr":2853,"X":"639300.50000000000","Y":"9204669.00000000000","Rotation":0,"NAMOBJ":"Gondanglor","WADMKC":"Sugio","WADMKK":"Lamongan"},"geometry":{"type":"Point","coordinates":[112.3,-7.2]}},{"type":"Feature","properties":{"Line":"R120","Tr":2854,"X":"639300.50000000000","Y":"9204656.50000000000","Rotation":0,"NAMOBJ":"Gondanglor","WADMKC":"Sugio","WADMKK":"Lamongan"},"geometry":{"type":"Point","coordinates":[112.3,-7.2]}},{"type":"Feature","properties":{"Line":"R120","Tr":2855,"X":"639300.50000000000","Y":"9204644.00000000000","Rotation":0,"NAMOBJ":"Gondanglor","WADMKC":"Sugio","WADMKK":"Lamongan"},"geometry":{"type":"Point","coordinates":[112.3,-7.2]}},{"type":"Feature","properties":{"Line":"R120","Tr":2856,"X":"639300.50000000000","Y":"9204631.50000000000","Rotation":0,"NAMOBJ":"Gondanglor","WADMKC":"Sugio","WADMKK":"Lamongan"},"geometry":{"type":"Point","coordinates":[112.3,-7.2]}},{"type":"Feature","properties":{"Line":"R120","Tr":2857,"X":"639300.50000000000","Y":"9204619.00000000000","Rotation":0,"NAMOBJ":"Gondanglor","WADMKC":"Sugio","WADMKK":"Lamongan"},"geometry":{"type":"Point","coordinates":[112.3,-7.2]}},{"type":"Feature","properties":{"Line":"R120","Tr":2858,"X":"639300.50000000000","Y":"9204606.50000000000","Rotation":0,"NAMOBJ":"Gondanglor","WADMKC":"Sugio","WADMKK":"Lamongan"},"geometry":{"type":"Point","coordinates":[112.3,-7.2]}},{"type":"Feature","properties":{"Line":"R120","Tr":2859,"X":"639300.50000000000","Y":"9204594.00000000000","Rotation":0,"NAMOBJ":"Gondanglor","WADMKC":"Sugio","WADMKK":"Lamongan"},"geometry":{"type":"Point","coordinates":[112.3,-7.2]}},{"type":"Feature","properties":{"Line":"R120","Tr":2860,"X":"639300.50000000000","Y":"9204581.50000000000","Rotation":0,"NAMOBJ":"Gondanglor","WADMKC":"Sugio","WADMKK":"Lamongan"},"geometry":{"type":"Point","coordinates":[112.3,-7.2]}},{"type":"Feature","properties":{"Line":"R120","Tr":2861,"X":"639300.50000000000","Y":"9204569.00000000000","Rotation":0,"NAMOBJ":"Gondanglor","WADMKC":"Sugio","WADMKK":"Lamongan"},"geometry":{"type":"Point","coordinates":[112.3,-7.2]}},{"type":"Feature","properties":{"Line":"R120","Tr":2862,"X":"639300.50000000000","Y":"9204556.50000000000","Rotation":0,"NAMOBJ":"Gondanglor","WADMKC":"Sugio","WADMKK":"Lamongan"},"geometry":{"type":"Point","coordinates":[112.3,-7.2]}},{"type":"Feature","properties":{"Line":"R120","Tr":2863,"X":"639300.50000000000","Y":"9204544.00000000000","Rotation":0,"NAMOBJ":"Gondanglor","WADMKC":"Sugio","WADMKK":"Lamongan"},"geometry":{"type":"Point","coordinates":[112.3,-7.2]}},{"type":"Feature","properties":{"Line":"R120","Tr":2864,"X":"639300.50000000000","Y":"9204531.50000000000","Rotation":0,"NAMOBJ":"Gondanglor","WADMKC":"Sugio","WADMKK":"Lamongan"},"geometry":{"type":"Point","coordinates":[112.3,-7.2]}},{"type":"Feature","properties":{"Line":"R120","Tr":2865,"X":"639300.50000000000","Y":"9204519.00000000000","Rotation":0,"NAMOBJ":"Gondanglor","WADMKC":"Sugio","WADMKK":"Lamongan"},"geometry":{"type":"Point","coordinates":[112.3,-7.2]}},{"type":"Feature","properties":{"Line":"R120","Tr":2866,"X":"639300.50000000000","Y":"9204506.50000000000","Rotation":0,"NAMOBJ":"Gondanglor","WADMKC":"Sugio","WADMKK":"Lamongan"},"geometry":{"type":"Point","coordinates":[112.3,-7.2]}},{"type":"Feature","properties":{"Line":"R120","Tr":2867,"X":"639300.50000000000","Y":"9204494.00000000000","Rotation":0,"NAMOBJ":"Gondanglor","WADMKC":"Sugio","WADMKK":"Lamongan"},"geometry":{"type":"Point","coordinates":[112.3,-7.2]}},{"type":"Feature","properties":{"Line":"R120","Tr":2868,"X":"639300.50000000000","Y":"9204481.50000000000","Rotation":0,"NAMOBJ":"Gondanglor","WADMKC":"Sugio","WADMKK":"Lamongan"},"geometry":{"type":"Point","coordinates":[112.3,-7.2]}},{"type":"Feature","properties":{"Line":"R120","Tr":2869,"X":"639300.50000000000","Y":"9204469.00000000000","Rotation":0,"NAMOBJ":"Gondanglor","WADMKC":"Sugio","WADMKK":"Lamongan"},"geometry":{"type":"Point","coordinates":[112.3,-7.2]}},{"type":"Feature","properties":{"Line":"R120","Tr":2870,"X":"639300.50000000000","Y":"9204456.50000000000","Rotation":0,"NAMOBJ":"Gondanglor","WADMKC":"Sugio","WADMKK":"Lamongan"},"geometry":{"type":"Point","coordinates":[112.3,-7.2]}},{"type":"Feature","properties":{"Line":"R120","Tr":2871,"X":"639300.50000000000","Y":"9204444.00000000000","Rotation":0,"NAMOBJ":"Gondanglor","WADMKC":"Sugio","WADMKK":"Lamongan"},"geometry":{"type":"Point","coordinates":[112.3,-7.2]}},{"type":"Feature","properties":{"Line":"R120","Tr":2872,"X":"639300.50000000000","Y":"9204431.50000000000","Rotation":0,"NAMOBJ":"Gondanglor","WADMKC":"Sugio","WADMKK":"Lamongan"},"geometry":{"type":"Point","coordinates":[112.3,-7.2]}},{"type":"Feature","properties":{"Line":"R120","Tr":2873,"X":"639300.50000000000","Y":"9204419.00000000000","Rotation":0,"NAMOBJ":"Gondanglor","WADMKC":"Sugio","WADMKK":"Lamongan"},"geometry":{"type":"Point","coordinates":[112.3,-7.2]}},{"type":"Feature","properties":{"Line":"R120","Tr":2874,"X":"639300.50000000000","Y":"9204406.50000000000","Rotation":0,"NAMOBJ":"Gondanglor","WADMKC":"Sugio","WADMKK":"Lamongan"},"geometry":{"type":"Point","coordinates":[112.3,-7.2]}},{"type":"Feature","properties":{"Line":"R120","Tr":2875,"X":"639300.50000000000","Y":"9204394.00000000000","Rotation":0,"NAMOBJ":"Gondanglor","WADMKC":"Sugio","WADMKK":"Lamongan"},"geometry":{"type":"Point","coordinates":[112.3,-7.2]}},{"type":"Feature","properties":{"Line":"R120","Tr":2876,"X":"639300.50000000000","Y":"9204381.50000000000","Rotation":0,"NAMOBJ":"Gondanglor","WADMKC":"Sugio","WADMKK":"Lamongan"},"geometry":{"type":"Point","coordinates":[112.3,-7.2]}},{"type":"Feature","properties":{"Line":"R120","Tr":2877,"X":"639300.50000000000","Y":"9204369.00000000000","Rotation":0,"NAMOBJ":"Gondanglor","WADMKC":"Sugio","WADMKK":"Lamongan"},"geometry":{"type":"Point","coordinates":[112.3,-7.2]}},{"type":"Feature","properties":{"Line":"R120","Tr":2878,"X":"639300.50000000000","Y":"9204356.50000000000","Rotation":0,"NAMOBJ":"Gondanglor","WADMKC":"Sugio","WADMKK":"Lamongan"},"geometry":{"type":"Point","coordinates":[112.3,-7.2]}},{"type":"Feature","properties":{"Line":"R120","Tr":2879,"X":"639300.50000000000","Y":"9204344.00000000000","Rotation":0,"NAMOBJ":"Gondanglor","WADMKC":"Sugio","WADMKK":"Lamongan"},"geometry":{"type":"Point","coordinates":[112.3,-7.2]}},{"type":"Feature","properties":{"Line":"R120","Tr":2880,"X":"639300.50000000000","Y":"9204331.50000000000","Rotation":0,"NAMOBJ":"Gondanglor","WADMKC":"Sugio","WADMKK":"Lamongan"},"geometry":{"type":"Point","coordinates":[112.3,-7.2]}},{"type":"Feature","properties":{"Line":"R120","Tr":2881,"X":"639300.50000000000","Y":"9204319.00000000000","Rotation":0,"NAMOBJ":"Gondanglor","WADMKC":"Sugio","WADMKK":"Lamongan"},"geometry":{"type":"Point","coordinates":[112.3,-7.2]}},{"type":"Feature","properties":{"Line":"R120","Tr":2882,"X":"639300.50000000000","Y":"9204306.50000000000","Rotation":0,"NAMOBJ":"Gondanglor","WADMKC":"Sugio","WADMKK":"Lamongan"},"geometry":{"type":"Point","coordinates":[112.3,-7.2]}},{"type":"Feature","properties":{"Line":"R120","Tr":2883,"X":"639300.50000000000","Y":"9204294.00000000000","Rotation":0,"NAMOBJ":"Gondanglor","WADMKC":"Sugio","WADMKK":"Lamongan"},"geometry":{"type":"Point","coordinates":[112.3,-7.2]}},{"type":"Feature","properties":{"Line":"R120","Tr":2884,"X":"639300.50000000000","Y":"9204281.50000000000","Rotation":0,"NAMOBJ":"Gondanglor","WADMKC":"Sugio","WADMKK":"Lamongan"},"geometry":{"type":"Point","coordinates":[112.3,-7.2]}},{"type":"Feature","properties":{"Line":"R120","Tr":2885,"X":"639300.50000000000","Y":"9204269.00000000000","Rotation":0,"NAMOBJ":"Gondanglor","WADMKC":"Sugio","WADMKK":"Lamongan"},"geometry":{"type":"Point","coordinates":[112.3,-7.2]}},{"type":"Feature","properties":{"Line":"R120","Tr":2886,"X":"639300.50000000000","Y":"9204256.50000000000","Rotation":0,"NAMOBJ":"Gondanglor","WADMKC":"Sugio","WADMKK":"Lamongan"},"geometry":{"type":"Point","coordinates":[112.3,-7.2]}},{"type":"Feature","properties":{"Line":"R120","Tr":2887,"X":"639300.50000000000","Y":"9204244.00000000000","Rotation":0,"NAMOBJ":"Gondanglor","WADMKC":"Sugio","WADMKK":"Lamongan"},"geometry":{"type":"Point","coordinates":[112.3,-7.2]}},{"type":"Feature","properties":{"Line":"R120","Tr":2888,"X":"639300.50000000000","Y":"9204231.50000000000","Rotation":0,"NAMOBJ":"Gondanglor","WADMKC":"Sugio","WADMKK":"Lamongan"},"geometry":{"type":"Point","coordinates":[112.3,-7.2]}},{"type":"Feature","properties":{"Line":"R120","Tr":2889,"X":"639300.50000000000","Y":"9204219.00000000000","Rotation":0,"NAMOBJ":"Gondanglor","WADMKC":"Sugio","WADMKK":"Lamongan"},"geometry":{"type":"Point","coordinates":[112.3,-7.2]}},{"type":"Feature","properties":{"Line":"R120","Tr":2890,"X":"639300.50000000000","Y":"9204206.50000000000","Rotation":0,"NAMOBJ":"Gondanglor","WADMKC":"Sugio","WADMKK":"Lamongan"},"geometry":{"type":"Point","coordinates":[112.3,-7.2]}},{"type":"Feature","properties":{"Line":"R120","Tr":2891,"X":"639300.50000000000","Y":"9204194.00000000000","Rotation":0,"NAMOBJ":"Gondanglor","WADMKC":"Sugio","WADMKK":"Lamongan"},"geometry":{"type":"Point","coordinates":[112.3,-7.2]}},{"type":"Feature","properties":{"Line":"R120","Tr":2892,"X":"639300.50000000000","Y":"9204181.50000000000","Rotation":0,"NAMOBJ":"Gondanglor","WADMKC":"Sugio","WADMKK":"Lamongan"},"geometry":{"type":"Point","coordinates":[112.3,-7.2]}},{"type":"Feature","properties":{"Line":"R120","Tr":2893,"X":"639300.50000000000","Y":"9204169.00000000000","Rotation":0,"NAMOBJ":"Gondanglor","WADMKC":"Sugio","WADMKK":"Lamongan"},"geometry":{"type":"Point","coordinates":[112.3,-7.2]}},{"type":"Feature","properties":{"Line":"R120","Tr":2894,"X":"639300.50000000000","Y":"9204156.50000000000","Rotation":0,"NAMOBJ":"Gondanglor","WADMKC":"Sugio","WADMKK":"Lamongan"},"geometry":{"type":"Point","coordinates":[112.3,-7.2]}},{"type":"Feature","properties":{"Line":"R120","Tr":2895,"X":"639300.50000000000","Y":"9204144.00000000000","Rotation":0,"NAMOBJ":"Gondanglor","WADMKC":"Sugio","WADMKK":"Lamongan"},"geometry":{"type":"Point","coordinates":[112.3,-7.2]}},{"type":"Feature","properties":{"Line":"R120","Tr":2896,"X":"639300.50000000000","Y":"9204131.50000000000","Rotation":0,"NAMOBJ":"Gondanglor","WADMKC":"Sugio","WADMKK":"Lamongan"},"geometry":{"type":"Point","coordinates":[112.3,-7.2]}},{"type":"Feature","properties":{"Line":"R120","Tr":2897,"X":"639300.50000000000","Y":"9204119.00000000000","Rotation":0,"NAMOBJ":"Gondanglor","WADMKC":"Sugio","WADMKK":"Lamongan"},"geometry":{"type":"Point","coordinates":[112.3,-7.2]}},{"type":"Feature","properties":{"Line":"R120","Tr":2898,"X":"639300.50000000000","Y":"9204106.50000000000","Rotation":0,"NAMOBJ":"Gondanglor","WADMKC":"Sugio","WADMKK":"Lamongan"},"geometry":{"type":"Point","coordinates":[112.3,-7.2]}},{"type":"Feature","properties":{"Line":"R120","Tr":2899,"X":"639300.50000000000","Y":"9204094.00000000000","Rotation":0,"NAMOBJ":"Gondanglor","WADMKC":"Sugio","WADMKK":"Lamongan"},"geometry":{"type":"Point","coordinates":[112.3,-7.2]}},{"type":"Feature","properties":{"Line":"R120","Tr":2900,"X":"639300.50000000000","Y":"9204081.50000000000","Rotation":0,"NAMOBJ":"Gondanglor","WADMKC":"Sugio","WADMKK":"Lamongan"},"geometry":{"type":"Point","coordinates":[112.3,-7.2]}},{"type":"Feature","properties":{"Line":"R120","Tr":2901,"X":"639300.50000000000","Y":"9204069.00000000000","Rotation":0,"NAMOBJ":"Gondanglor","WADMKC":"Sugio","WADMKK":"Lamongan"},"geometry":{"type":"Point","coordinates":[112.3,-7.2]}},{"type":"Feature","properties":{"Line":"R120","Tr":2902,"X":"639300.50000000000","Y":"9204056.50000000000","Rotation":0,"NAMOBJ":"Gondanglor","WADMKC":"Sugio","WADMKK":"Lamongan"},"geometry":{"type":"Point","coordinates":[112.3,-7.2]}},{"type":"Feature","properties":{"Line":"R120","Tr":2903,"X":"639300.50000000000","Y":"9204044.00000000000","Rotation":0,"NAMOBJ":"Gondanglor","WADMKC":"Sugio","WADMKK":"Lamongan"},"geometry":{"type":"Point","coordinates":[112.3,-7.2]}},{"type":"Feature","properties":{"Line":"R120","Tr":2904,"X":"639300.50000000000","Y":"9204031.50000000000","Rotation":0,"NAMOBJ":"Gondanglor","WADMKC":"Sugio","WADMKK":"Lamongan"},"geometry":{"type":"Point","coordinates":[112.3,-7.2]}},{"type":"Feature","properties":{"Line":"R120","Tr":2905,"X":"639300.50000000000","Y":"9204019.00000000000","Rotation":0,"NAMOBJ":"Gondanglor","WADMKC":"Sugio","WADMKK":"Lamongan"},"geometry":{"type":"Point","coordinates":[112.3,-7.2]}},{"type":"Feature","properties":{"Line":"R120","Tr":2906,"X":"639300.50000000000","Y":"9204006.50000000000","Rotation":0,"NAMOBJ":"Gondanglor","WADMKC":"Sugio","WADMKK":"Lamongan"},"geometry":{"type":"Point","coordinates":[112.3,-7.2]}},{"type":"Feature","properties":{"Line":"R120","Tr":2907,"X":"639300.50000000000","Y":"9203994.00000000000","Rotation":0,"NAMOBJ":"Gondanglor","WADMKC":"Sugio","WADMKK":"Lamongan"},"geometry":{"type":"Point","coordinates":[112.3,-7.2]}},{"type":"Feature","properties":{"Line":"R120","Tr":2908,"X":"639300.50000000000","Y":"9203981.50000000000","Rotation":0,"NAMOBJ":"Gondanglor","WADMKC":"Sugio","WADMKK":"Lamongan"},"geometry":{"type":"Point","coordinates":[112.3,-7.2]}},{"type":"Feature","properties":{"Line":"R120","Tr":2909,"X":"639300.50000000000","Y":"9203969.00000000000","Rotation":0,"NAMOBJ":"Gondanglor","WADMKC":"Sugio","WADMKK":"Lamongan"},"geometry":{"type":"Point","coordinates":[112.3,-7.2]}},{"type":"Feature","properties":{"Line":"R120","Tr":2910,"X":"639300.50000000000","Y":"9203956.50000000000","Rotation":0,"NAMOBJ":"Gondanglor","WADMKC":"Sugio","WADMKK":"Lamongan"},"geometry":{"type":"Point","coordinates":[112.3,-7.2]}},{"type":"Feature","properties":{"Line":"R120","Tr":2911,"X":"639300.50000000000","Y":"9203944.00000000000","Rotation":0,"NAMOBJ":"Gondanglor","WADMKC":"Sugio","WADMKK":"Lamongan"},"geometry":{"type":"Point","coordinates":[112.3,-7.2]}},{"type":"Feature","properties":{"Line":"R120","Tr":2912,"X":"639300.50000000000","Y":"9203931.50000000000","Rotation":0,"NAMOBJ":"Gondanglor","WADMKC":"Sugio","WADMKK":"Lamongan"},"geometry":{"type":"Point","coordinates":[112.3,-7.2]}},{"type":"Feature","properties":{"Line":"R120","Tr":2913,"X":"639300.50000000000","Y":"9203919.00000000000","Rotation":0,"NAMOBJ":"Gondanglor","WADMKC":"Sugio","WADMKK":"Lamongan"},"geometry":{"type":"Point","coordinates":[112.3,-7.2]}},{"type":"Feature","properties":{"Line":"R120","Tr":2914,"X":"639300.50000000000","Y":"9203906.50000000000","Rotation":0,"NAMOBJ":"Gondanglor","WADMKC":"Sugio","WADMKK":"Lamongan"},"geometry":{"type":"Point","coordinates":[112.3,-7.2]}},{"type":"Feature","properties":{"Line":"R120","Tr":2915,"X":"639300.50000000000","Y":"9203894.00000000000","Rotation":0,"NAMOBJ":"Gondanglor","WADMKC":"Sugio","WADMKK":"Lamongan"},"geometry":{"type":"Point","coordinates":[112.3,-7.2]}},{"type":"Feature","properties":{"Line":"R120","Tr":2916,"X":"639300.50000000000","Y":"9203881.50000000000","Rotation":0,"NAMOBJ":"Gondanglor","WADMKC":"Sugio","WADMKK":"Lamongan"},"geometry":{"type":"Point","coordinates":[112.3,-7.2]}},{"type":"Feature","properties":{"Line":"R120","Tr":2917,"X":"639300.50000000000","Y":"9203869.00000000000","Rotation":0,"NAMOBJ":"Gondanglor","WADMKC":"Sugio","WADMKK":"Lamongan"},"geometry":{"type":"Point","coordinates":[112.3,-7.2]}},{"type":"Feature","properties":{"Line":"R120","Tr":2918,"X":"639300.50000000000","Y":"9203856.50000000000","Rotation":0,"NAMOBJ":"Gondanglor","WADMKC":"Sugio","WADMKK":"Lamongan"},"geometry":{"type":"Point","coordinates":[112.3,-7.2]}},{"type":"Feature","properties":{"Line":"R120","Tr":2919,"X":"639300.50000000000","Y":"9203844.00000000000","Rotation":0,"NAMOBJ":"Gondanglor","WADMKC":"Sugio","WADMKK":"Lamongan"},"geometry":{"type":"Point","coordinates":[112.3,-7.2]}},{"type":"Feature","properties":{"Line":"R120","Tr":2920,"X":"639300.50000000000","Y":"9203831.50000000000","Rotation":0,"NAMOBJ":"Gondanglor","WADMKC":"Sugio","WADMKK":"Lamongan"},"geometry":{"type":"Point","coordinates":[112.3,-7.2]}},{"type":"Feature","properties":{"Line":"R120","Tr":2921,"X":"639300.50000000000","Y":"9203819.00000000000","Rotation":0,"NAMOBJ":"Gondanglor","WADMKC":"Sugio","WADMKK":"Lamongan"},"geometry":{"type":"Point","coordinates":[112.3,-7.2]}},{"type":"Feature","properties":{"Line":"R120","Tr":2922,"X":"639300.50000000000","Y":"9203806.50000000000","Rotation":0,"NAMOBJ":"Gondanglor","WADMKC":"Sugio","WADMKK":"Lamongan"},"geometry":{"type":"Point","coordinates":[112.3,-7.2]}},{"type":"Feature","properties":{"Line":"R120","Tr":2923,"X":"639300.50000000000","Y":"9203794.00000000000","Rotation":0,"NAMOBJ":"Gondanglor","WADMKC":"Sugio","WADMKK":"Lamongan"},"geometry":{"type":"Point","coordinates":[112.3,-7.2]}},{"type":"Feature","properties":{"Line":"R120","Tr":2924,"X":"639300.50000000000","Y":"9203781.50000000000","Rotation":0,"NAMOBJ":"Gondanglor","WADMKC":"Sugio","WADMKK":"Lamongan"},"geometry":{"type":"Point","coordinates":[112.3,-7.2]}},{"type":"Feature","properties":{"Line":"R120","Tr":2925,"X":"639300.50000000000","Y":"9203769.00000000000","Rotation":0,"NAMOBJ":"Gondanglor","WADMKC":"Sugio","WADMKK":"Lamongan"},"geometry":{"type":"Point","coordinates":[112.3,-7.2]}},{"type":"Feature","properties":{"Line":"R120","Tr":2926,"X":"639300.50000000000","Y":"9203756.50000000000","Rotation":0,"NAMOBJ":"Gondanglor","WADMKC":"Sugio","WADMKK":"Lamongan"},"geometry":{"type":"Point","coordinates":[112.3,-7.2]}},{"type":"Feature","properties":{"Line":"R120","Tr":2927,"X":"639300.50000000000","Y":"9203744.00000000000","Rotation":0,"NAMOBJ":"Gondanglor","WADMKC":"Sugio","WADMKK":"Lamongan"},"geometry":{"type":"Point","coordinates":[112.3,-7.2]}},{"type":"Feature","properties":{"Line":"R120","Tr":2928,"X":"639300.50000000000","Y":"9203731.50000000000","Rotation":0,"NAMOBJ":"Gondanglor","WADMKC":"Sugio","WADMKK":"Lamongan"},"geometry":{"type":"Point","coordinates":[112.3,-7.2]}},{"type":"Feature","properties":{"Line":"R120","Tr":2929,"X":"639300.50000000000","Y":"9203719.00000000000","Rotation":0,"NAMOBJ":"Gondanglor","WADMKC":"Sugio","WADMKK":"Lamongan"},"geometry":{"type":"Point","coordinates":[112.3,-7.2]}},{"type":"Feature","properties":{"Line":"R120","Tr":2930,"X":"639300.50000000000","Y":"9203706.50000000000","Rotation":0,"NAMOBJ":"Gondanglor","WADMKC":"Sugio","WADMKK":"Lamongan"},"geometry":{"type":"Point","coordinates":[112.3,-7.2]}},{"type":"Feature","properties":{"Line":"R120","Tr":2931,"X":"639300.50000000000","Y":"9203694.00000000000","Rotation":0,"NAMOBJ":"Gondanglor","WADMKC":"Sugio","WADMKK":"Lamongan"},"geometry":{"type":"Point","coordinates":[112.3,-7.2]}},{"type":"Feature","properties":{"Line":"R120","Tr":2932,"X":"639300.50000000000","Y":"9203681.50000000000","Rotation":0,"NAMOBJ":"Gondanglor","WADMKC":"Sugio","WADMKK":"Lamongan"},"geometry":{"type":"Point","coordinates":[112.3,-7.2]}},{"type":"Feature","properties":{"Line":"R120","Tr":2933,"X":"639300.50000000000","Y":"9203669.00000000000","Rotation":0,"NAMOBJ":"Gondanglor","WADMKC":"Sugio","WADMKK":"Lamongan"},"geometry":{"type":"Point","coordinates":[112.3,-7.2]}},{"type":"Feature","properties":{"Line":"R120","Tr":2934,"X":"639300.50000000000","Y":"9203656.50000000000","Rotation":0,"NAMOBJ":"Gondanglor","WADMKC":"Sugio","WADMKK":"Lamongan"},"geometry":{"type":"Point","coordinates":[112.3,-7.2]}},{"type":"Feature","properties":{"Line":"R120","Tr":2935,"X":"639300.50000000000","Y":"9203644.00000000000","Rotation":0,"NAMOBJ":"Gondanglor","WADMKC":"Sugio","WADMKK":"Lamongan"},"geometry":{"type":"Point","coordinates":[112.3,-7.2]}},{"type":"Feature","properties":{"Line":"R120","Tr":2936,"X":"639300.50000000000","Y":"9203631.50000000000","Rotation":0,"NAMOBJ":"Gondanglor","WADMKC":"Sugio","WADMKK":"Lamongan"},"geometry":{"type":"Point","coordinates":[112.3,-7.2]}},{"type":"Feature","properties":{"Line":"R120","Tr":2937,"X":"639300.50000000000","Y":"9203619.00000000000","Rotation":0,"NAMOBJ":"Gondanglor","WADMKC":"Sugio","WADMKK":"Lamongan"},"geometry":{"type":"Point","coordinates":[112.3,-7.2]}},{"type":"Feature","properties":{"Line":"R120","Tr":2938,"X":"639300.50000000000","Y":"9203606.50000000000","Rotation":0,"NAMOBJ":"Gondanglor","WADMKC":"Sugio","WADMKK":"Lamongan"},"geometry":{"type":"Point","coordinates":[112.3,-7.2]}},{"type":"Feature","properties":{"Line":"R120","Tr":2939,"X":"639300.50000000000","Y":"9203594.00000000000","Rotation":0,"NAMOBJ":"Gondanglor","WADMKC":"Sugio","WADMKK":"Lamongan"},"geometry":{"type":"Point","coordinates":[112.3,-7.2]}},{"type":"Feature","properties":{"Line":"R120","Tr":2940,"X":"639300.50000000000","Y":"9203581.50000000000","Rotation":0,"NAMOBJ":"Gondanglor","WADMKC":"Sugio","WADMKK":"Lamongan"},"geometry":{"type":"Point","coordinates":[112.3,-7.2]}},{"type":"Feature","properties":{"Line":"R120","Tr":2941,"X":"639300.50000000000","Y":"9203569.00000000000","Rotation":0,"NAMOBJ":"Gondanglor","WADMKC":"Sugio","WADMKK":"Lamongan"},"geometry":{"type":"Point","coordinates":[112.3,-7.2]}},{"type":"Feature","properties":{"Line":"R120","Tr":2942,"X":"639300.50000000000","Y":"9203556.50000000000","Rotation":0,"NAMOBJ":"Gondanglor","WADMKC":"Sugio","WADMKK":"Lamongan"},"geometry":{"type":"Point","coordinates":[112.3,-7.2]}},{"type":"Feature","properties":{"Line":"R120","Tr":2943,"X":"639300.50000000000","Y":"9203544.00000000000","Rotation":0,"NAMOBJ":"Gondanglor","WADMKC":"Sugio","WADMKK":"Lamongan"},"geometry":{"type":"Point","coordinates":[112.3,-7.2]}},{"type":"Feature","properties":{"Line":"R120","Tr":2944,"X":"639300.50000000000","Y":"9203531.50000000000","Rotation":0,"NAMOBJ":"Gondanglor","WADMKC":"Sugio","WADMKK":"Lamongan"},"geometry":{"type":"Point","coordinates":[112.3,-7.2]}},{"type":"Feature","properties":{"Line":"R120","Tr":2945,"X":"639300.50000000000","Y":"9203519.00000000000","Rotation":0,"NAMOBJ":"Gondanglor","WADMKC":"Sugio","WADMKK":"Lamongan"},"geometry":{"type":"Point","coordinates":[112.3,-7.2]}},{"type":"Feature","properties":{"Line":"R120","Tr":2946,"X":"639300.50000000000","Y":"9203506.50000000000","Rotation":0,"NAMOBJ":"Gondanglor","WADMKC":"Sugio","WADMKK":"Lamongan"},"geometry":{"type":"Point","coordinates":[112.3,-7.2]}},{"type":"Feature","properties":{"Line":"R120","Tr":2947,"X":"639300.50000000000","Y":"9203494.00000000000","Rotation":0,"NAMOBJ":"Gondanglor","WADMKC":"Sugio","WADMKK":"Lamongan"},"geometry":{"type":"Point","coordinates":[112.3,-7.2]}},{"type":"Feature","properties":{"Line":"R120","Tr":2948,"X":"639300.50000000000","Y":"9203481.50000000000","Rotation":0,"NAMOBJ":"Gondanglor","WADMKC":"Sugio","WADMKK":"Lamongan"},"geometry":{"type":"Point","coordinates":[112.3,-7.2]}},{"type":"Feature","properties":{"Line":"R120","Tr":2949,"X":"639300.50000000000","Y":"9203469.00000000000","Rotation":0,"NAMOBJ":"Gondanglor","WADMKC":"Sugio","WADMKK":"Lamongan"},"geometry":{"type":"Point","coordinates":[112.3,-7.2]}},{"type":"Feature","properties":{"Line":"R120","Tr":2950,"X":"639300.50000000000","Y":"9203456.50000000000","Rotation":0,"NAMOBJ":"Gondanglor","WADMKC":"Sugio","WADMKK":"Lamongan"},"geometry":{"type":"Point","coordinates":[112.3,-7.2]}},{"type":"Feature","properties":{"Line":"R120","Tr":2951,"X":"639300.50000000000","Y":"9203444.00000000000","Rotation":0,"NAMOBJ":"Gondanglor","WADMKC":"Sugio","WADMKK":"Lamongan"},"geometry":{"type":"Point","coordinates":[112.3,-7.2]}},{"type":"Feature","properties":{"Line":"R120","Tr":2952,"X":"639300.50000000000","Y":"9203431.50000000000","Rotation":0,"NAMOBJ":"Gondanglor","WADMKC":"Sugio","WADMKK":"Lamongan"},"geometry":{"type":"Point","coordinates":[112.3,-7.2]}},{"type":"Feature","properties":{"Line":"R120","Tr":2953,"X":"639300.50000000000","Y":"9203419.00000000000","Rotation":0,"NAMOBJ":"Gondanglor","WADMKC":"Sugio","WADMKK":"Lamongan"},"geometry":{"type":"Point","coordinates":[112.3,-7.2]}},{"type":"Feature","properties":{"Line":"R120","Tr":2954,"X":"639300.50000000000","Y":"9203406.50000000000","Rotation":0,"NAMOBJ":"Gondanglor","WADMKC":"Sugio","WADMKK":"Lamongan"},"geometry":{"type":"Point","coordinates":[112.3,-7.2]}},{"type":"Feature","properties":{"Line":"R120","Tr":2955,"X":"639300.50000000000","Y":"9203394.00000000000","Rotation":0,"NAMOBJ":"Gondanglor","WADMKC":"Sugio","WADMKK":"Lamongan"},"geometry":{"type":"Point","coordinates":[112.3,-7.2]}},{"type":"Feature","properties":{"Line":"R120","Tr":2956,"X":"639300.50000000000","Y":"9203381.50000000000","Rotation":0,"NAMOBJ":"Gondanglor","WADMKC":"Sugio","WADMKK":"Lamongan"},"geometry":{"type":"Point","coordinates":[112.3,-7.2]}},{"type":"Feature","properties":{"Line":"R120","Tr":2957,"X":"639300.50000000000","Y":"9203369.00000000000","Rotation":0,"NAMOBJ":"Gondanglor","WADMKC":"Sugio","WADMKK":"Lamongan"},"geometry":{"type":"Point","coordinates":[112.3,-7.2]}},{"type":"Feature","properties":{"Line":"R120","Tr":2958,"X":"639300.50000000000","Y":"9203356.50000000000","Rotation":0,"NAMOBJ":"Gondanglor","WADMKC":"Sugio","WADMKK":"Lamongan"},"geometry":{"type":"Point","coordinates":[112.3,-7.2]}},{"type":"Feature","properties":{"Line":"R120","Tr":2959,"X":"639300.50000000000","Y":"9203344.00000000000","Rotation":0,"NAMOBJ":"Gondanglor","WADMKC":"Sugio","WADMKK":"Lamongan"},"geometry":{"type":"Point","coordinates":[112.3,-7.2]}},{"type":"Feature","properties":{"Line":"R120","Tr":2960,"X":"639300.50000000000","Y":"9203331.50000000000","Rotation":0,"NAMOBJ":"Gondanglor","WADMKC":"Sugio","WADMKK":"Lamongan"},"geometry":{"type":"Point","coordinates":[112.3,-7.2]}},{"type":"Feature","properties":{"Line":"R120","Tr":2961,"X":"639300.50000000000","Y":"9203319.00000000000","Rotation":0,"NAMOBJ":"Gondanglor","WADMKC":"Sugio","WADMKK":"Lamongan"},"geometry":{"type":"Point","coordinates":[112.3,-7.2]}},{"type":"Feature","properties":{"Line":"R120","Tr":2962,"X":"639300.50000000000","Y":"9203306.50000000000","Rotation":0,"NAMOBJ":"Gondanglor","WADMKC":"Sugio","WADMKK":"Lamongan"},"geometry":{"type":"Point","coordinates":[112.3,-7.2]}},{"type":"Feature","properties":{"Line":"R120","Tr":2963,"X":"639300.50000000000","Y":"9203294.00000000000","Rotation":0,"NAMOBJ":"Gondanglor","WADMKC":"Sugio","WADMKK":"Lamongan"},"geometry":{"type":"Point","coordinates":[112.3,-7.2]}},{"type":"Feature","properties":{"Line":"R120","Tr":2964,"X":"639300.50000000000","Y":"9203281.50000000000","Rotation":0,"NAMOBJ":"Gondanglor","WADMKC":"Sugio","WADMKK":"Lamongan"},"geometry":{"type":"Point","coordinates":[112.3,-7.2]}},{"type":"Feature","properties":{"Line":"R120","Tr":2965,"X":"639300.50000000000","Y":"9203269.00000000000","Rotation":0,"NAMOBJ":"Gondanglor","WADMKC":"Sugio","WADMKK":"Lamongan"},"geometry":{"type":"Point","coordinates":[112.3,-7.2]}},{"type":"Feature","properties":{"Line":"R120","Tr":2966,"X":"639300.50000000000","Y":"9203256.50000000000","Rotation":0,"NAMOBJ":"Gondanglor","WADMKC":"Sugio","WADMKK":"Lamongan"},"geometry":{"type":"Point","coordinates":[112.3,-7.2]}},{"type":"Feature","properties":{"Line":"R120","Tr":2967,"X":"639300.50000000000","Y":"9203244.00000000000","Rotation":0,"NAMOBJ":"Gondanglor","WADMKC":"Sugio","WADMKK":"Lamongan"},"geometry":{"type":"Point","coordinates":[112.3,-7.2]}},{"type":"Feature","properties":{"Line":"R120","Tr":2968,"X":"639300.50000000000","Y":"9203231.50000000000","Rotation":0,"NAMOBJ":"Gondanglor","WADMKC":"Sugio","WADMKK":"Lamongan"},"geometry":{"type":"Point","coordinates":[112.3,-7.2]}},{"type":"Feature","properties":{"Line":"R120","Tr":2969,"X":"639300.50000000000","Y":"9203219.00000000000","Rotation":0,"NAMOBJ":"Gondanglor","WADMKC":"Sugio","WADMKK":"Lamongan"},"geometry":{"type":"Point","coordinates":[112.3,-7.2]}},{"type":"Feature","properties":{"Line":"R120","Tr":2970,"X":"639300.50000000000","Y":"9203206.50000000000","Rotation":0,"NAMOBJ":"Gondanglor","WADMKC":"Sugio","WADMKK":"Lamongan"},"geometry":{"type":"Point","coordinates":[112.3,-7.2]}},{"type":"Feature","properties":{"Line":"R120","Tr":2971,"X":"639300.50000000000","Y":"9203194.00000000000","Rotation":0,"NAMOBJ":"Gondanglor","WADMKC":"Sugio","WADMKK":"Lamongan"},"geometry":{"type":"Point","coordinates":[112.3,-7.2]}},{"type":"Feature","properties":{"Line":"R120","Tr":2972,"X":"639300.50000000000","Y":"9203181.50000000000","Rotation":0,"NAMOBJ":"Gondanglor","WADMKC":"Sugio","WADMKK":"Lamongan"},"geometry":{"type":"Point","coordinates":[112.3,-7.2]}},{"type":"Feature","properties":{"Line":"R120","Tr":2973,"X":"639300.50000000000","Y":"9203169.00000000000","Rotation":0,"NAMOBJ":"Gondanglor","WADMKC":"Sugio","WADMKK":"Lamongan"},"geometry":{"type":"Point","coordinates":[112.3,-7.2]}},{"type":"Feature","properties":{"Line":"R120","Tr":2974,"X":"639300.50000000000","Y":"9203156.50000000000","Rotation":0,"NAMOBJ":"Gondanglor","WADMKC":"Sugio","WADMKK":"Lamongan"},"geometry":{"type":"Point","coordinates":[112.3,-7.2]}},{"type":"Feature","properties":{"Line":"R120","Tr":2975,"X":"639300.50000000000","Y":"9203144.00000000000","Rotation":0,"NAMOBJ":"Gondanglor","WADMKC":"Sugio","WADMKK":"Lamongan"},"geometry":{"type":"Point","coordinates":[112.3,-7.2]}},{"type":"Feature","properties":{"Line":"R120","Tr":2976,"X":"639300.50000000000","Y":"9203131.50000000000","Rotation":0,"NAMOBJ":"Gondanglor","WADMKC":"Sugio","WADMKK":"Lamongan"},"geometry":{"type":"Point","coordinates":[112.3,-7.2]}},{"type":"Feature","properties":{"Line":"R120","Tr":2977,"X":"639300.50000000000","Y":"9203119.00000000000","Rotation":0,"NAMOBJ":"Gondanglor","WADMKC":"Sugio","WADMKK":"Lamongan"},"geometry":{"type":"Point","coordinates":[112.3,-7.2]}},{"type":"Feature","properties":{"Line":"R120","Tr":2978,"X":"639300.50000000000","Y":"9203106.50000000000","Rotation":0,"NAMOBJ":"Gondanglor","WADMKC":"Sugio","WADMKK":"Lamongan"},"geometry":{"type":"Point","coordinates":[112.3,-7.2]}},{"type":"Feature","properties":{"Line":"R120","Tr":2979,"X":"639300.50000000000","Y":"9203094.00000000000","Rotation":0,"NAMOBJ":"Gondanglor","WADMKC":"Sugio","WADMKK":"Lamongan"},"geometry":{"type":"Point","coordinates":[112.3,-7.2]}},{"type":"Feature","properties":{"Line":"R120","Tr":2980,"X":"639300.50000000000","Y":"9203081.50000000000","Rotation":0,"NAMOBJ":"Gondanglor","WADMKC":"Sugio","WADMKK":"Lamongan"},"geometry":{"type":"Point","coordinates":[112.3,-7.2]}},{"type":"Feature","properties":{"Line":"R120","Tr":2981,"X":"639300.50000000000","Y":"9203069.00000000000","Rotation":0,"NAMOBJ":"Gondanglor","WADMKC":"Sugio","WADMKK":"Lamongan"},"geometry":{"type":"Point","coordinates":[112.3,-7.2]}},{"type":"Feature","properties":{"Line":"R120","Tr":2982,"X":"639300.50000000000","Y":"9203056.50000000000","Rotation":0,"NAMOBJ":"Gondanglor","WADMKC":"Sugio","WADMKK":"Lamongan"},"geometry":{"type":"Point","coordinates":[112.3,-7.2]}},{"type":"Feature","properties":{"Line":"R120","Tr":2983,"X":"639300.50000000000","Y":"9203044.00000000000","Rotation":0,"NAMOBJ":"Gondanglor","WADMKC":"Sugio","WADMKK":"Lamongan"},"geometry":{"type":"Point","coordinates":[112.3,-7.2]}},{"type":"Feature","properties":{"Line":"R120","Tr":2984,"X":"639300.50000000000","Y":"9203031.50000000000","Rotation":0,"NAMOBJ":"Gondanglor","WADMKC":"Sugio","WADMKK":"Lamongan"},"geometry":{"type":"Point","coordinates":[112.3,-7.2]}},{"type":"Feature","properties":{"Line":"R120","Tr":2985,"X":"639300.50000000000","Y":"9203019.00000000000","Rotation":0,"NAMOBJ":"Gondanglor","WADMKC":"Sugio","WADMKK":"Lamongan"},"geometry":{"type":"Point","coordinates":[112.3,-7.2]}},{"type":"Feature","properties":{"Line":"R120","Tr":2986,"X":"639300.50000000000","Y":"9203006.50000000000","Rotation":0,"NAMOBJ":"Gondanglor","WADMKC":"Sugio","WADMKK":"Lamongan"},"geometry":{"type":"Point","coordinates":[112.3,-7.2]}},{"type":"Feature","properties":{"Line":"R120","Tr":2987,"X":"639300.50000000000","Y":"9202994.00000000000","Rotation":0,"NAMOBJ":"Gondanglor","WADMKC":"Sugio","WADMKK":"Lamongan"},"geometry":{"type":"Point","coordinates":[112.3,-7.2]}},{"type":"Feature","properties":{"Line":"R120","Tr":2988,"X":"639300.50000000000","Y":"9202981.50000000000","Rotation":0,"NAMOBJ":"Gondanglor","WADMKC":"Sugio","WADMKK":"Lamongan"},"geometry":{"type":"Point","coordinates":[112.3,-7.2]}},{"type":"Feature","properties":{"Line":"R120","Tr":2989,"X":"639300.50000000000","Y":"9202969.00000000000","Rotation":0,"NAMOBJ":"Gondanglor","WADMKC":"Sugio","WADMKK":"Lamongan"},"geometry":{"type":"Point","coordinates":[112.3,-7.2]}},{"type":"Feature","properties":{"Line":"R120","Tr":2990,"X":"639300.50000000000","Y":"9202956.50000000000","Rotation":0,"NAMOBJ":"Gondanglor","WADMKC":"Sugio","WADMKK":"Lamongan"},"geometry":{"type":"Point","coordinates":[112.3,-7.2]}},{"type":"Feature","properties":{"Line":"R120","Tr":2991,"X":"639300.50000000000","Y":"9202944.00000000000","Rotation":0,"NAMOBJ":"Gondanglor","WADMKC":"Sugio","WADMKK":"Lamongan"},"geometry":{"type":"Point","coordinates":[112.3,-7.2]}},{"type":"Feature","properties":{"Line":"R120","Tr":2992,"X":"639300.50000000000","Y":"9202931.50000000000","Rotation":0,"NAMOBJ":"Gondanglor","WADMKC":"Sugio","WADMKK":"Lamongan"},"geometry":{"type":"Point","coordinates":[112.3,-7.2]}},{"type":"Feature","properties":{"Line":"R120","Tr":2993,"X":"639300.50000000000","Y":"9202919.00000000000","Rotation":0,"NAMOBJ":"Gondanglor","WADMKC":"Sugio","WADMKK":"Lamongan"},"geometry":{"type":"Point","coordinates":[112.3,-7.2]}},{"type":"Feature","properties":{"Line":"R120","Tr":2994,"X":"639300.50000000000","Y":"9202906.50000000000","Rotation":0,"NAMOBJ":"Gondanglor","WADMKC":"Sugio","WADMKK":"Lamongan"},"geometry":{"type":"Point","coordinates":[112.3,-7.2]}},{"type":"Feature","properties":{"Line":"R120","Tr":2995,"X":"639300.50000000000","Y":"9202894.00000000000","Rotation":0,"NAMOBJ":"Gondanglor","WADMKC":"Sugio","WADMKK":"Lamongan"},"geometry":{"type":"Point","coordinates":[112.3,-7.2]}},{"type":"Feature","properties":{"Line":"R120","Tr":2996,"X":"639300.50000000000","Y":"9202881.50000000000","Rotation":0,"NAMOBJ":"Gondanglor","WADMKC":"Sugio","WADMKK":"Lamongan"},"geometry":{"type":"Point","coordinates":[112.3,-7.2]}},{"type":"Feature","properties":{"Line":"R120","Tr":2997,"X":"639300.50000000000","Y":"9202869.00000000000","Rotation":0,"NAMOBJ":"Gondanglor","WADMKC":"Sugio","WADMKK":"Lamongan"},"geometry":{"type":"Point","coordinates":[112.3,-7.2]}},{"type":"Feature","properties":{"Line":"R120","Tr":2998,"X":"639300.50000000000","Y":"9202856.50000000000","Rotation":0,"NAMOBJ":"Gondanglor","WADMKC":"Sugio","WADMKK":"Lamongan"},"geometry":{"type":"Point","coordinates":[112.3,-7.2]}},{"type":"Feature","properties":{"Line":"R120","Tr":2999,"X":"639300.50000000000","Y":"9202844.00000000000","Rotation":0,"NAMOBJ":"Gondanglor","WADMKC":"Sugio","WADMKK":"Lamongan"},"geometry":{"type":"Point","coordinates":[112.3,-7.2]}},{"type":"Feature","properties":{"Line":"R120","Tr":3000,"X":"639300.50000000000","Y":"9202831.50000000000","Rotation":0,"NAMOBJ":"Gondanglor","WADMKC":"Sugio","WADMKK":"Lamongan"},"geometry":{"type":"Point","coordinates":[112.3,-7.2]}},{"type":"Feature","properties":{"Line":"R120","Tr":3001,"X":"639300.50000000000","Y":"9202819.00000000000","Rotation":0,"NAMOBJ":"Gondanglor","WADMKC":"Sugio","WADMKK":"Lamongan"},"geometry":{"type":"Point","coordinates":[112.3,-7.2]}},{"type":"Feature","properties":{"Line":"R120","Tr":3002,"X":"639300.50000000000","Y":"9202806.50000000000","Rotation":0,"NAMOBJ":"Gondanglor","WADMKC":"Sugio","WADMKK":"Lamongan"},"geometry":{"type":"Point","coordinates":[112.3,-7.2]}},{"type":"Feature","properties":{"Line":"R120","Tr":3003,"X":"639300.50000000000","Y":"9202794.00000000000","Rotation":0,"NAMOBJ":"Gondanglor","WADMKC":"Sugio","WADMKK":"Lamongan"},"geometry":{"type":"Point","coordinates":[112.3,-7.2]}},{"type":"Feature","properties":{"Line":"R120","Tr":3004,"X":"639300.50000000000","Y":"9202781.50000000000","Rotation":0,"NAMOBJ":"Gondanglor","WADMKC":"Sugio","WADMKK":"Lamongan"},"geometry":{"type":"Point","coordinates":[112.3,-7.2]}},{"type":"Feature","properties":{"Line":"R120","Tr":3005,"X":"639300.50000000000","Y":"9202769.00000000000","Rotation":0,"NAMOBJ":"Gondanglor","WADMKC":"Sugio","WADMKK":"Lamongan"},"geometry":{"type":"Point","coordinates":[112.3,-7.2]}},{"type":"Feature","properties":{"Line":"R120","Tr":3006,"X":"639300.50000000000","Y":"9202756.50000000000","Rotation":0,"NAMOBJ":"Gondanglor","WADMKC":"Sugio","WADMKK":"Lamongan"},"geometry":{"type":"Point","coordinates":[112.3,-7.2]}},{"type":"Feature","properties":{"Line":"R120","Tr":3007,"X":"639300.50000000000","Y":"9202744.00000000000","Rotation":0,"NAMOBJ":"Gondanglor","WADMKC":"Sugio","WADMKK":"Lamongan"},"geometry":{"type":"Point","coordinates":[112.3,-7.2]}},{"type":"Feature","properties":{"Line":"R120","Tr":3008,"X":"639300.50000000000","Y":"9202731.50000000000","Rotation":0,"NAMOBJ":"Gondanglor","WADMKC":"Sugio","WADMKK":"Lamongan"},"geometry":{"type":"Point","coordinates":[112.3,-7.2]}},{"type":"Feature","properties":{"Line":"R120","Tr":3009,"X":"639300.50000000000","Y":"9202719.00000000000","Rotation":0,"NAMOBJ":"Gondanglor","WADMKC":"Sugio","WADMKK":"Lamongan"},"geometry":{"type":"Point","coordinates":[112.3,-7.2]}},{"type":"Feature","properties":{"Line":"R120","Tr":3010,"X":"639300.50000000000","Y":"9202706.50000000000","Rotation":0,"NAMOBJ":"Gondanglor","WADMKC":"Sugio","WADMKK":"Lamongan"},"geometry":{"type":"Point","coordinates":[112.3,-7.2]}},{"type":"Feature","properties":{"Line":"R120","Tr":3011,"X":"639300.50000000000","Y":"9202694.00000000000","Rotation":0,"NAMOBJ":"Gondanglor","WADMKC":"Sugio","WADMKK":"Lamongan"},"geometry":{"type":"Point","coordinates":[112.3,-7.2]}},{"type":"Feature","properties":{"Line":"R120","Tr":3012,"X":"639300.50000000000","Y":"9202681.50000000000","Rotation":0,"NAMOBJ":"Gondanglor","WADMKC":"Sugio","WADMKK":"Lamongan"},"geometry":{"type":"Point","coordinates":[112.3,-7.2]}},{"type":"Feature","properties":{"Line":"R120","Tr":3013,"X":"639300.50000000000","Y":"9202669.00000000000","Rotation":0,"NAMOBJ":"Gondanglor","WADMKC":"Sugio","WADMKK":"Lamongan"},"geometry":{"type":"Point","coordinates":[112.3,-7.2]}},{"type":"Feature","properties":{"Line":"R120","Tr":3014,"X":"639300.50000000000","Y":"9202656.50000000000","Rotation":0,"NAMOBJ":"Gondanglor","WADMKC":"Sugio","WADMKK":"Lamongan"},"geometry":{"type":"Point","coordinates":[112.3,-7.2]}},{"type":"Feature","properties":{"Line":"R120","Tr":3015,"X":"639300.50000000000","Y":"9202644.00000000000","Rotation":0,"NAMOBJ":"Gondanglor","WADMKC":"Sugio","WADMKK":"Lamongan"},"geometry":{"type":"Point","coordinates":[112.3,-7.2]}},{"type":"Feature","properties":{"Line":"R120","Tr":3016,"X":"639300.50000000000","Y":"9202631.50000000000","Rotation":0,"NAMOBJ":"Gondanglor","WADMKC":"Sugio","WADMKK":"Lamongan"},"geometry":{"type":"Point","coordinates":[112.3,-7.2]}},{"type":"Feature","properties":{"Line":"R120","Tr":3017,"X":"639300.50000000000","Y":"9202619.00000000000","Rotation":0,"NAMOBJ":"Gondanglor","WADMKC":"Sugio","WADMKK":"Lamongan"},"geometry":{"type":"Point","coordinates":[112.3,-7.2]}},{"type":"Feature","properties":{"Line":"R120","Tr":3018,"X":"639300.50000000000","Y":"9202606.50000000000","Rotation":0,"NAMOBJ":"Gondanglor","WADMKC":"Sugio","WADMKK":"Lamongan"},"geometry":{"type":"Point","coordinates":[112.3,-7.2]}},{"type":"Feature","properties":{"Line":"R120","Tr":3019,"X":"639300.50000000000","Y":"9202594.00000000000","Rotation":0,"NAMOBJ":"Gondanglor","WADMKC":"Sugio","WADMKK":"Lamongan"},"geometry":{"type":"Point","coordinates":[112.3,-7.2]}},{"type":"Feature","properties":{"Line":"R120","Tr":3020,"X":"639300.50000000000","Y":"9202581.50000000000","Rotation":0,"NAMOBJ":"Gondanglor","WADMKC":"Sugio","WADMKK":"Lamongan"},"geometry":{"type":"Point","coordinates":[112.3,-7.2]}},{"type":"Feature","properties":{"Line":"R120","Tr":3021,"X":"639300.50000000000","Y":"9202569.00000000000","Rotation":0,"NAMOBJ":"Gondanglor","WADMKC":"Sugio","WADMKK":"Lamongan"},"geometry":{"type":"Point","coordinates":[112.3,-7.2]}},{"type":"Feature","properties":{"Line":"R120","Tr":3022,"X":"639300.50000000000","Y":"9202556.50000000000","Rotation":0,"NAMOBJ":"Gondanglor","WADMKC":"Sugio","WADMKK":"Lamongan"},"geometry":{"type":"Point","coordinates":[112.3,-7.2]}},{"type":"Feature","properties":{"Line":"R120","Tr":3023,"X":"639300.50000000000","Y":"9202544.00000000000","Rotation":0,"NAMOBJ":"Gondanglor","WADMKC":"Sugio","WADMKK":"Lamongan"},"geometry":{"type":"Point","coordinates":[112.3,-7.2]}},{"type":"Feature","properties":{"Line":"R120","Tr":3024,"X":"639300.50000000000","Y":"9202531.50000000000","Rotation":0,"NAMOBJ":"Gondanglor","WADMKC":"Sugio","WADMKK":"Lamongan"},"geometry":{"type":"Point","coordinates":[112.3,-7.2]}},{"type":"Feature","properties":{"Line":"R120","Tr":3025,"X":"639300.50000000000","Y":"9202519.00000000000","Rotation":0,"NAMOBJ":"Gondanglor","WADMKC":"Sugio","WADMKK":"Lamongan"},"geometry":{"type":"Point","coordinates":[112.3,-7.2]}},{"type":"Feature","properties":{"Line":"R120","Tr":3026,"X":"639300.50000000000","Y":"9202506.50000000000","Rotation":0,"NAMOBJ":"Gondanglor","WADMKC":"Sugio","WADMKK":"Lamongan"},"geometry":{"type":"Point","coordinates":[112.3,-7.2]}},{"type":"Feature","properties":{"Line":"R120","Tr":3027,"X":"639300.50000000000","Y":"9202494.00000000000","Rotation":0,"NAMOBJ":"Gondanglor","WADMKC":"Sugio","WADMKK":"Lamongan"},"geometry":{"type":"Point","coordinates":[112.3,-7.2]}},{"type":"Feature","properties":{"Line":"R120","Tr":3028,"X":"639300.50000000000","Y":"9202481.50000000000","Rotation":0,"NAMOBJ":"Gondanglor","WADMKC":"Sugio","WADMKK":"Lamongan"},"geometry":{"type":"Point","coordinates":[112.3,-7.2]}},{"type":"Feature","properties":{"Line":"R120","Tr":3029,"X":"639300.50000000000","Y":"9202469.00000000000","Rotation":0,"NAMOBJ":"Gondanglor","WADMKC":"Sugio","WADMKK":"Lamongan"},"geometry":{"type":"Point","coordinates":[112.3,-7.2]}},{"type":"Feature","properties":{"Line":"R120","Tr":3030,"X":"639300.50000000000","Y":"9202456.50000000000","Rotation":0,"NAMOBJ":"Gondanglor","WADMKC":"Sugio","WADMKK":"Lamongan"},"geometry":{"type":"Point","coordinates":[112.3,-7.2]}},{"type":"Feature","properties":{"Line":"R120","Tr":3031,"X":"639300.50000000000","Y":"9202444.00000000000","Rotation":0,"NAMOBJ":"Gondanglor","WADMKC":"Sugio","WADMKK":"Lamongan"},"geometry":{"type":"Point","coordinates":[112.3,-7.2]}},{"type":"Feature","properties":{"Line":"R120","Tr":3032,"X":"639300.50000000000","Y":"9202431.50000000000","Rotation":0,"NAMOBJ":"Gondanglor","WADMKC":"Sugio","WADMKK":"Lamongan"},"geometry":{"type":"Point","coordinates":[112.3,-7.2]}},{"type":"Feature","properties":{"Line":"R120","Tr":3033,"X":"639300.50000000000","Y":"9202419.00000000000","Rotation":0,"NAMOBJ":"Gondanglor","WADMKC":"Sugio","WADMKK":"Lamongan"},"geometry":{"type":"Point","coordinates":[112.3,-7.2]}},{"type":"Feature","properties":{"Line":"R120","Tr":3034,"X":"639300.50000000000","Y":"9202406.50000000000","Rotation":0,"NAMOBJ":"Gondanglor","WADMKC":"Sugio","WADMKK":"Lamongan"},"geometry":{"type":"Point","coordinates":[112.3,-7.2]}},{"type":"Feature","properties":{"Line":"R120","Tr":3035,"X":"639300.50000000000","Y":"9202394.00000000000","Rotation":0,"NAMOBJ":"Gondanglor","WADMKC":"Sugio","WADMKK":"Lamongan"},"geometry":{"type":"Point","coordinates":[112.3,-7.2]}},{"type":"Feature","properties":{"Line":"R120","Tr":3036,"X":"639300.50000000000","Y":"9202381.50000000000","Rotation":0,"NAMOBJ":"Gondanglor","WADMKC":"Sugio","WADMKK":"Lamongan"},"geometry":{"type":"Point","coordinates":[112.3,-7.2]}},{"type":"Feature","properties":{"Line":"R120","Tr":3037,"X":"639300.50000000000","Y":"9202369.00000000000","Rotation":0,"NAMOBJ":"Gondanglor","WADMKC":"Sugio","WADMKK":"Lamongan"},"geometry":{"type":"Point","coordinates":[112.3,-7.2]}},{"type":"Feature","properties":{"Line":"R120","Tr":3038,"X":"639300.50000000000","Y":"9202356.50000000000","Rotation":0,"NAMOBJ":"Gondanglor","WADMKC":"Sugio","WADMKK":"Lamongan"},"geometry":{"type":"Point","coordinates":[112.3,-7.2]}},{"type":"Feature","properties":{"Line":"R120","Tr":3039,"X":"639300.50000000000","Y":"9202344.00000000000","Rotation":0,"NAMOBJ":"Gondanglor","WADMKC":"Sugio","WADMKK":"Lamongan"},"geometry":{"type":"Point","coordinates":[112.3,-7.2]}},{"type":"Feature","properties":{"Line":"R120","Tr":3040,"X":"639300.50000000000","Y":"9202331.50000000000","Rotation":0,"NAMOBJ":"Gondanglor","WADMKC":"Sugio","WADMKK":"Lamongan"},"geometry":{"type":"Point","coordinates":[112.3,-7.2]}},{"type":"Feature","properties":{"Line":"R120","Tr":3041,"X":"639300.50000000000","Y":"9202319.00000000000","Rotation":0,"NAMOBJ":"Gondanglor","WADMKC":"Sugio","WADMKK":"Lamongan"},"geometry":{"type":"Point","coordinates":[112.3,-7.2]}},{"type":"Feature","properties":{"Line":"R120","Tr":3042,"X":"639300.50000000000","Y":"9202306.50000000000","Rotation":0,"NAMOBJ":"Gondanglor","WADMKC":"Sugio","WADMKK":"Lamongan"},"geometry":{"type":"Point","coordinates":[112.3,-7.2]}},{"type":"Feature","properties":{"Line":"R120","Tr":3043,"X":"639300.50000000000","Y":"9202294.00000000000","Rotation":0,"NAMOBJ":"Gondanglor","WADMKC":"Sugio","WADMKK":"Lamongan"},"geometry":{"type":"Point","coordinates":[112.3,-7.2]}},{"type":"Feature","properties":{"Line":"R120","Tr":3044,"X":"639300.50000000000","Y":"9202281.50000000000","Rotation":0,"NAMOBJ":"Gondanglor","WADMKC":"Sugio","WADMKK":"Lamongan"},"geometry":{"type":"Point","coordinates":[112.3,-7.2]}},{"type":"Feature","properties":{"Line":"R120","Tr":3045,"X":"639300.50000000000","Y":"9202269.00000000000","Rotation":0,"NAMOBJ":"Gondanglor","WADMKC":"Sugio","WADMKK":"Lamongan"},"geometry":{"type":"Point","coordinates":[112.3,-7.2]}},{"type":"Feature","properties":{"Line":"R120","Tr":3046,"X":"639300.50000000000","Y":"9202256.50000000000","Rotation":0,"NAMOBJ":"Gondanglor","WADMKC":"Sugio","WADMKK":"Lamongan"},"geometry":{"type":"Point","coordinates":[112.3,-7.2]}},{"type":"Feature","properties":{"Line":"R120","Tr":3047,"X":"639300.50000000000","Y":"9202244.00000000000","Rotation":0,"NAMOBJ":"Gondanglor","WADMKC":"Sugio","WADMKK":"Lamongan"},"geometry":{"type":"Point","coordinates":[112.3,-7.2]}},{"type":"Feature","properties":{"Line":"R120","Tr":3048,"X":"639300.50000000000","Y":"9202231.50000000000","Rotation":0,"NAMOBJ":"Gondanglor","WADMKC":"Sugio","WADMKK":"Lamongan"},"geometry":{"type":"Point","coordinates":[112.3,-7.2]}},{"type":"Feature","properties":{"Line":"R120","Tr":3049,"X":"639300.50000000000","Y":"9202219.00000000000","Rotation":0,"NAMOBJ":"Gondanglor","WADMKC":"Sugio","WADMKK":"Lamongan"},"geometry":{"type":"Point","coordinates":[112.3,-7.2]}},{"type":"Feature","properties":{"Line":"R120","Tr":3050,"X":"639300.50000000000","Y":"9202206.50000000000","Rotation":0,"NAMOBJ":"Gondanglor","WADMKC":"Sugio","WADMKK":"Lamongan"},"geometry":{"type":"Point","coordinates":[112.3,-7.2]}},{"type":"Feature","properties":{"Line":"R120","Tr":3051,"X":"639300.50000000000","Y":"9202194.00000000000","Rotation":0,"NAMOBJ":"Gondanglor","WADMKC":"Sugio","WADMKK":"Lamongan"},"geometry":{"type":"Point","coordinates":[112.3,-7.2]}},{"type":"Feature","properties":{"Line":"R120","Tr":3052,"X":"639300.50000000000","Y":"9202181.50000000000","Rotation":0,"NAMOBJ":"Gondanglor","WADMKC":"Sugio","WADMKK":"Lamongan"},"geometry":{"type":"Point","coordinates":[112.3,-7.2]}},{"type":"Feature","properties":{"Line":"R120","Tr":3053,"X":"639300.50000000000","Y":"9202169.00000000000","Rotation":0,"NAMOBJ":"Gondanglor","WADMKC":"Sugio","WADMKK":"Lamongan"},"geometry":{"type":"Point","coordinates":[112.3,-7.2]}},{"type":"Feature","properties":{"Line":"R120","Tr":3054,"X":"639300.50000000000","Y":"9202156.50000000000","Rotation":0,"NAMOBJ":"Gondanglor","WADMKC":"Sugio","WADMKK":"Lamongan"},"geometry":{"type":"Point","coordinates":[112.3,-7.2]}},{"type":"Feature","properties":{"Line":"R120","Tr":3055,"X":"639300.50000000000","Y":"9202144.00000000000","Rotation":0,"NAMOBJ":"Gondanglor","WADMKC":"Sugio","WADMKK":"Lamongan"},"geometry":{"type":"Point","coordinates":[112.3,-7.2]}},{"type":"Feature","properties":{"Line":"R120","Tr":3056,"X":"639300.50000000000","Y":"9202131.50000000000","Rotation":0,"NAMOBJ":"Gondanglor","WADMKC":"Sugio","WADMKK":"Lamongan"},"geometry":{"type":"Point","coordinates":[112.3,-7.2]}},{"type":"Feature","properties":{"Line":"R122","Tr":2793,"X":"640300.50000000000","Y":"9205969.00000000000","Rotation":0,"NAMOBJ":"Gondanglor","WADMKC":"Sugio","WADMKK":"Lamongan"},"geometry":{"type":"Point","coordinates":[112.3,-7.2]}},{"type":"Feature","properties":{"Line":"R122","Tr":2794,"X":"640300.50000000000","Y":"9205956.50000000000","Rotation":0,"NAMOBJ":"Gondanglor","WADMKC":"Sugio","WADMKK":"Lamongan"},"geometry":{"type":"Point","coordinates":[112.3,-7.2]}},{"type":"Feature","properties":{"Line":"R122","Tr":2795,"X":"640300.50000000000","Y":"9205944.00000000000","Rotation":0,"NAMOBJ":"Gondanglor","WADMKC":"Sugio","WADMKK":"Lamongan"},"geometry":{"type":"Point","coordinates":[112.3,-7.2]}},{"type":"Feature","properties":{"Line":"R122","Tr":2796,"X":"640300.50000000000","Y":"9205931.50000000000","Rotation":0,"NAMOBJ":"Gondanglor","WADMKC":"Sugio","WADMKK":"Lamongan"},"geometry":{"type":"Point","coordinates":[112.3,-7.2]}},{"type":"Feature","properties":{"Line":"R122","Tr":2797,"X":"640300.50000000000","Y":"9205919.00000000000","Rotation":0,"NAMOBJ":"Gondanglor","WADMKC":"Sugio","WADMKK":"Lamongan"},"geometry":{"type":"Point","coordinates":[112.3,-7.2]}},{"type":"Feature","properties":{"Line":"R122","Tr":2798,"X":"640300.50000000000","Y":"9205906.50000000000","Rotation":0,"NAMOBJ":"Gondanglor","WADMKC":"Sugio","WADMKK":"Lamongan"},"geometry":{"type":"Point","coordinates":[112.3,-7.2]}},{"type":"Feature","properties":{"Line":"R122","Tr":2799,"X":"640300.50000000000","Y":"9205894.00000000000","Rotation":0,"NAMOBJ":"Gondanglor","WADMKC":"Sugio","WADMKK":"Lamongan"},"geometry":{"type":"Point","coordinates":[112.3,-7.2]}},{"type":"Feature","properties":{"Line":"R122","Tr":2800,"X":"640300.50000000000","Y":"9205881.50000000000","Rotation":0,"NAMOBJ":"Gondanglor","WADMKC":"Sugio","WADMKK":"Lamongan"},"geometry":{"type":"Point","coordinates":[112.3,-7.2]}},{"type":"Feature","properties":{"Line":"R122","Tr":2801,"X":"640300.50000000000","Y":"9205869.00000000000","Rotation":0,"NAMOBJ":"Gondanglor","WADMKC":"Sugio","WADMKK":"Lamongan"},"geometry":{"type":"Point","coordinates":[112.3,-7.2]}},{"type":"Feature","properties":{"Line":"R122","Tr":2802,"X":"640300.50000000000","Y":"9205856.50000000000","Rotation":0,"NAMOBJ":"Gondanglor","WADMKC":"Sugio","WADMKK":"Lamongan"},"geometry":{"type":"Point","coordinates":[112.3,-7.2]}},{"type":"Feature","properties":{"Line":"R122","Tr":2803,"X":"640300.50000000000","Y":"9205844.00000000000","Rotation":0,"NAMOBJ":"Gondanglor","WADMKC":"Sugio","WADMKK":"Lamongan"},"geometry":{"type":"Point","coordinates":[112.3,-7.2]}},{"type":"Feature","properties":{"Line":"R122","Tr":2804,"X":"640300.50000000000","Y":"9205831.50000000000","Rotation":0,"NAMOBJ":"Gondanglor","WADMKC":"Sugio","WADMKK":"Lamongan"},"geometry":{"type":"Point","coordinates":[112.3,-7.2]}},{"type":"Feature","properties":{"Line":"R122","Tr":2805,"X":"640300.50000000000","Y":"9205819.00000000000","Rotation":0,"NAMOBJ":"Gondanglor","WADMKC":"Sugio","WADMKK":"Lamongan"},"geometry":{"type":"Point","coordinates":[112.3,-7.2]}},{"type":"Feature","properties":{"Line":"R122","Tr":2806,"X":"640300.50000000000","Y":"9205806.50000000000","Rotation":0,"NAMOBJ":"Gondanglor","WADMKC":"Sugio","WADMKK":"Lamongan"},"geometry":{"type":"Point","coordinates":[112.3,-7.2]}},{"type":"Feature","properties":{"Line":"R122","Tr":2807,"X":"640300.50000000000","Y":"9205794.00000000000","Rotation":0,"NAMOBJ":"Gondanglor","WADMKC":"Sugio","WADMKK":"Lamongan"},"geometry":{"type":"Point","coordinates":[112.3,-7.2]}},{"type":"Feature","properties":{"Line":"R122","Tr":2808,"X":"640300.50000000000","Y":"9205781.50000000000","Rotation":0,"NAMOBJ":"Gondanglor","WADMKC":"Sugio","WADMKK":"Lamongan"},"geometry":{"type":"Point","coordinates":[112.3,-7.2]}},{"type":"Feature","properties":{"Line":"R122","Tr":2809,"X":"640300.50000000000","Y":"9205769.00000000000","Rotation":0,"NAMOBJ":"Gondanglor","WADMKC":"Sugio","WADMKK":"Lamongan"},"geometry":{"type":"Point","coordinates":[112.3,-7.2]}},{"type":"Feature","properties":{"Line":"R122","Tr":2810,"X":"640300.50000000000","Y":"9205756.50000000000","Rotation":0,"NAMOBJ":"Gondanglor","WADMKC":"Sugio","WADMKK":"Lamongan"},"geometry":{"type":"Point","coordinates":[112.3,-7.2]}},{"type":"Feature","properties":{"Line":"R122","Tr":2811,"X":"640300.50000000000","Y":"9205744.00000000000","Rotation":0,"NAMOBJ":"Gondanglor","WADMKC":"Sugio","WADMKK":"Lamongan"},"geometry":{"type":"Point","coordinates":[112.3,-7.2]}},{"type":"Feature","properties":{"Line":"R122","Tr":2812,"X":"640300.50000000000","Y":"9205731.50000000000","Rotation":0,"NAMOBJ":"Gondanglor","WADMKC":"Sugio","WADMKK":"Lamongan"},"geometry":{"type":"Point","coordinates":[112.3,-7.2]}},{"type":"Feature","properties":{"Line":"R122","Tr":2813,"X":"640300.50000000000","Y":"9205719.00000000000","Rotation":0,"NAMOBJ":"Gondanglor","WADMKC":"Sugio","WADMKK":"Lamongan"},"geometry":{"type":"Point","coordinates":[112.3,-7.2]}},{"type":"Feature","properties":{"Line":"R122","Tr":2814,"X":"640300.50000000000","Y":"9205706.50000000000","Rotation":0,"NAMOBJ":"Gondanglor","WADMKC":"Sugio","WADMKK":"Lamongan"},"geometry":{"type":"Point","coordinates":[112.3,-7.2]}},{"type":"Feature","properties":{"Line":"R122","Tr":2815,"X":"640300.50000000000","Y":"9205694.00000000000","Rotation":0,"NAMOBJ":"Gondanglor","WADMKC":"Sugio","WADMKK":"Lamongan"},"geometry":{"type":"Point","coordinates":[112.3,-7.2]}},{"type":"Feature","properties":{"Line":"R122","Tr":2816,"X":"640300.50000000000","Y":"9205681.50000000000","Rotation":0,"NAMOBJ":"Gondanglor","WADMKC":"Sugio","WADMKK":"Lamongan"},"geometry":{"type":"Point","coordinates":[112.3,-7.2]}},{"type":"Feature","properties":{"Line":"R122","Tr":2817,"X":"640300.50000000000","Y":"9205669.00000000000","Rotation":0,"NAMOBJ":"Gondanglor","WADMKC":"Sugio","WADMKK":"Lamongan"},"geometry":{"type":"Point","coordinates":[112.3,-7.2]}},{"type":"Feature","properties":{"Line":"R122","Tr":2818,"X":"640300.50000000000","Y":"9205656.50000000000","Rotation":0,"NAMOBJ":"Gondanglor","WADMKC":"Sugio","WADMKK":"Lamongan"},"geometry":{"type":"Point","coordinates":[112.3,-7.2]}},{"type":"Feature","properties":{"Line":"R122","Tr":2819,"X":"640300.50000000000","Y":"9205644.00000000000","Rotation":0,"NAMOBJ":"Gondanglor","WADMKC":"Sugio","WADMKK":"Lamongan"},"geometry":{"type":"Point","coordinates":[112.3,-7.2]}},{"type":"Feature","properties":{"Line":"R122","Tr":2820,"X":"640300.50000000000","Y":"9205631.50000000000","Rotation":0,"NAMOBJ":"Gondanglor","WADMKC":"Sugio","WADMKK":"Lamongan"},"geometry":{"type":"Point","coordinates":[112.3,-7.2]}},{"type":"Feature","properties":{"Line":"R122","Tr":2821,"X":"640300.50000000000","Y":"9205619.00000000000","Rotation":0,"NAMOBJ":"Gondanglor","WADMKC":"Sugio","WADMKK":"Lamongan"},"geometry":{"type":"Point","coordinates":[112.3,-7.2]}},{"type":"Feature","properties":{"Line":"R122","Tr":2822,"X":"640300.50000000000","Y":"9205606.50000000000","Rotation":0,"NAMOBJ":"Gondanglor","WADMKC":"Sugio","WADMKK":"Lamongan"},"geometry":{"type":"Point","coordinates":[112.3,-7.2]}},{"type":"Feature","properties":{"Line":"R122","Tr":2823,"X":"640300.50000000000","Y":"9205594.00000000000","Rotation":0,"NAMOBJ":"Gondanglor","WADMKC":"Sugio","WADMKK":"Lamongan"},"geometry":{"type":"Point","coordinates":[112.3,-7.2]}},{"type":"Feature","properties":{"Line":"R122","Tr":2824,"X":"640300.50000000000","Y":"9205581.50000000000","Rotation":0,"NAMOBJ":"Gondanglor","WADMKC":"Sugio","WADMKK":"Lamongan"},"geometry":{"type":"Point","coordinates":[112.3,-7.2]}},{"type":"Feature","properties":{"Line":"R122","Tr":2825,"X":"640300.50000000000","Y":"9205569.00000000000","Rotation":0,"NAMOBJ":"Gondanglor","WADMKC":"Sugio","WADMKK":"Lamongan"},"geometry":{"type":"Point","coordinates":[112.3,-7.2]}},{"type":"Feature","properties":{"Line":"R122","Tr":2826,"X":"640300.50000000000","Y":"9205556.50000000000","Rotation":0,"NAMOBJ":"Gondanglor","WADMKC":"Sugio","WADMKK":"Lamongan"},"geometry":{"type":"Point","coordinates":[112.3,-7.2]}},{"type":"Feature","properties":{"Line":"R122","Tr":2827,"X":"640300.50000000000","Y":"9205544.00000000000","Rotation":0,"NAMOBJ":"Gondanglor","WADMKC":"Sugio","WADMKK":"Lamongan"},"geometry":{"type":"Point","coordinates":[112.3,-7.2]}},{"type":"Feature","properties":{"Line":"R122","Tr":2828,"X":"640300.50000000000","Y":"9205531.50000000000","Rotation":0,"NAMOBJ":"Gondanglor","WADMKC":"Sugio","WADMKK":"Lamongan"},"geometry":{"type":"Point","coordinates":[112.3,-7.2]}},{"type":"Feature","properties":{"Line":"R122","Tr":2829,"X":"640300.50000000000","Y":"9205519.00000000000","Rotation":0,"NAMOBJ":"Gondanglor","WADMKC":"Sugio","WADMKK":"Lamongan"},"geometry":{"type":"Point","coordinates":[112.3,-7.2]}},{"type":"Feature","properties":{"Line":"R122","Tr":2830,"X":"640300.50000000000","Y":"9205506.50000000000","Rotation":0,"NAMOBJ":"Gondanglor","WADMKC":"Sugio","WADMKK":"Lamongan"},"geometry":{"type":"Point","coordinates":[112.3,-7.2]}},{"type":"Feature","properties":{"Line":"R122","Tr":2831,"X":"640300.50000000000","Y":"9205494.00000000000","Rotation":0,"NAMOBJ":"Gondanglor","WADMKC":"Sugio","WADMKK":"Lamongan"},"geometry":{"type":"Point","coordinates":[112.3,-7.2]}},{"type":"Feature","properties":{"Line":"R122","Tr":2832,"X":"640300.50000000000","Y":"9205481.50000000000","Rotation":0,"NAMOBJ":"Gondanglor","WADMKC":"Sugio","WADMKK":"Lamongan"},"geometry":{"type":"Point","coordinates":[112.3,-7.2]}},{"type":"Feature","properties":{"Line":"R122","Tr":2833,"X":"640300.50000000000","Y":"9205469.00000000000","Rotation":0,"NAMOBJ":"Gondanglor","WADMKC":"Sugio","WADMKK":"Lamongan"},"geometry":{"type":"Point","coordinates":[112.3,-7.2]}},{"type":"Feature","properties":{"Line":"R122","Tr":2834,"X":"640300.50000000000","Y":"9205456.50000000000","Rotation":0,"NAMOBJ":"Gondanglor","WADMKC":"Sugio","WADMKK":"Lamongan"},"geometry":{"type":"Point","coordinates":[112.3,-7.2]}},{"type":"Feature","properties":{"Line":"R122","Tr":2835,"X":"640300.50000000000","Y":"9205444.00000000000","Rotation":0,"NAMOBJ":"Gondanglor","WADMKC":"Sugio","WADMKK":"Lamongan"},"geometry":{"type":"Point","coordinates":[112.3,-7.2]}},{"type":"Feature","properties":{"Line":"R122","Tr":2836,"X":"640300.50000000000","Y":"9205431.50000000000","Rotation":0,"NAMOBJ":"Gondanglor","WADMKC":"Sugio","WADMKK":"Lamongan"},"geometry":{"type":"Point","coordinates":[112.3,-7.2]}},{"type":"Feature","properties":{"Line":"R122","Tr":2837,"X":"640300.50000000000","Y":"9205419.00000000000","Rotation":0,"NAMOBJ":"Gondanglor","WADMKC":"Sugio","WADMKK":"Lamongan"},"geometry":{"type":"Point","coordinates":[112.3,-7.2]}},{"type":"Feature","properties":{"Line":"R122","Tr":2838,"X":"640300.50000000000","Y":"9205406.50000000000","Rotation":0,"NAMOBJ":"Gondanglor","WADMKC":"Sugio","WADMKK":"Lamongan"},"geometry":{"type":"Point","coordinates":[112.3,-7.2]}},{"type":"Feature","properties":{"Line":"R122","Tr":2839,"X":"640300.50000000000","Y":"9205394.00000000000","Rotation":0,"NAMOBJ":"Gondanglor","WADMKC":"Sugio","WADMKK":"Lamongan"},"geometry":{"type":"Point","coordinates":[112.3,-7.2]}},{"type":"Feature","properties":{"Line":"R122","Tr":2840,"X":"640300.50000000000","Y":"9205381.50000000000","Rotation":0,"NAMOBJ":"Gondanglor","WADMKC":"Sugio","WADMKK":"Lamongan"},"geometry":{"type":"Point","coordinates":[112.3,-7.2]}},{"type":"Feature","properties":{"Line":"R122","Tr":2841,"X":"640300.50000000000","Y":"9205369.00000000000","Rotation":0,"NAMOBJ":"Gondanglor","WADMKC":"Sugio","WADMKK":"Lamongan"},"geometry":{"type":"Point","coordinates":[112.3,-7.2]}},{"type":"Feature","properties":{"Line":"R122","Tr":2842,"X":"640300.50000000000","Y":"9205356.50000000000","Rotation":0,"NAMOBJ":"Gondanglor","WADMKC":"Sugio","WADMKK":"Lamongan"},"geometry":{"type":"Point","coordinates":[112.3,-7.2]}},{"type":"Feature","properties":{"Line":"R122","Tr":2843,"X":"640300.50000000000","Y":"9205344.00000000000","Rotation":0,"NAMOBJ":"Gondanglor","WADMKC":"Sugio","WADMKK":"Lamongan"},"geometry":{"type":"Point","coordinates":[112.3,-7.2]}},{"type":"Feature","properties":{"Line":"R122","Tr":2844,"X":"640300.50000000000","Y":"9205331.50000000000","Rotation":0,"NAMOBJ":"Gondanglor","WADMKC":"Sugio","WADMKK":"Lamongan"},"geometry":{"type":"Point","coordinates":[112.3,-7.2]}},{"type":"Feature","properties":{"Line":"R122","Tr":2845,"X":"640300.50000000000","Y":"9205319.00000000000","Rotation":0,"NAMOBJ":"Gondanglor","WADMKC":"Sugio","WADMKK":"Lamongan"},"geometry":{"type":"Point","coordinates":[112.3,-7.2]}},{"type":"Feature","properties":{"Line":"R122","Tr":2846,"X":"640300.50000000000","Y":"9205306.50000000000","Rotation":0,"NAMOBJ":"Gondanglor","WADMKC":"Sugio","WADMKK":"Lamongan"},"geometry":{"type":"Point","coordinates":[112.3,-7.2]}},{"type":"Feature","properties":{"Line":"R122","Tr":2847,"X":"640300.50000000000","Y":"9205294.00000000000","Rotation":0,"NAMOBJ":"Gondanglor","WADMKC":"Sugio","WADMKK":"Lamongan"},"geometry":{"type":"Point","coordinates":[112.3,-7.2]}},{"type":"Feature","properties":{"Line":"R122","Tr":2848,"X":"640300.50000000000","Y":"9205281.50000000000","Rotation":0,"NAMOBJ":"Gondanglor","WADMKC":"Sugio","WADMKK":"Lamongan"},"geometry":{"type":"Point","coordinates":[112.3,-7.2]}},{"type":"Feature","properties":{"Line":"R122","Tr":2849,"X":"640300.50000000000","Y":"9205269.00000000000","Rotation":0,"NAMOBJ":"Gondanglor","WADMKC":"Sugio","WADMKK":"Lamongan"},"geometry":{"type":"Point","coordinates":[112.3,-7.2]}},{"type":"Feature","properties":{"Line":"R122","Tr":2850,"X":"640300.50000000000","Y":"9205256.50000000000","Rotation":0,"NAMOBJ":"Gondanglor","WADMKC":"Sugio","WADMKK":"Lamongan"},"geometry":{"type":"Point","coordinates":[112.3,-7.2]}},{"type":"Feature","properties":{"Line":"R122","Tr":2851,"X":"640300.50000000000","Y":"9205244.00000000000","Rotation":0,"NAMOBJ":"Gondanglor","WADMKC":"Sugio","WADMKK":"Lamongan"},"geometry":{"type":"Point","coordinates":[112.3,-7.2]}},{"type":"Feature","properties":{"Line":"R122","Tr":2852,"X":"640300.50000000000","Y":"9205231.50000000000","Rotation":0,"NAMOBJ":"Gondanglor","WADMKC":"Sugio","WADMKK":"Lamongan"},"geometry":{"type":"Point","coordinates":[112.3,-7.2]}},{"type":"Feature","properties":{"Line":"R122","Tr":2853,"X":"640300.50000000000","Y":"9205219.00000000000","Rotation":0,"NAMOBJ":"Gondanglor","WADMKC":"Sugio","WADMKK":"Lamongan"},"geometry":{"type":"Point","coordinates":[112.3,-7.2]}},{"type":"Feature","properties":{"Line":"R122","Tr":2854,"X":"640300.50000000000","Y":"9205206.50000000000","Rotation":0,"NAMOBJ":"Gondanglor","WADMKC":"Sugio","WADMKK":"Lamongan"},"geometry":{"type":"Point","coordinates":[112.3,-7.2]}},{"type":"Feature","properties":{"Line":"R122","Tr":2855,"X":"640300.50000000000","Y":"9205194.00000000000","Rotation":0,"NAMOBJ":"Gondanglor","WADMKC":"Sugio","WADMKK":"Lamongan"},"geometry":{"type":"Point","coordinates":[112.3,-7.2]}},{"type":"Feature","properties":{"Line":"R122","Tr":2859,"X":"640300.50000000000","Y":"9205144.00000000000","Rotation":0,"NAMOBJ":"Gondanglor","WADMKC":"Sugio","WADMKK":"Lamongan"},"geometry":{"type":"Point","coordinates":[112.3,-7.2]}},{"type":"Feature","properties":{"Line":"R122","Tr":2860,"X":"640300.50000000000","Y":"9205131.50000000000","Rotation":0,"NAMOBJ":"Gondanglor","WADMKC":"Sugio","WADMKK":"Lamongan"},"geometry":{"type":"Point","coordinates":[112.3,-7.2]}},{"type":"Feature","properties":{"Line":"R122","Tr":2861,"X":"640300.50000000000","Y":"9205119.00000000000","Rotation":0,"NAMOBJ":"Gondanglor","WADMKC":"Sugio","WADMKK":"Lamongan"},"geometry":{"type":"Point","coordinates":[112.3,-7.2]}},{"type":"Feature","properties":{"Line":"R122","Tr":2862,"X":"640300.50000000000","Y":"9205106.50000000000","Rotation":0,"NAMOBJ":"Gondanglor","WADMKC":"Sugio","WADMKK":"Lamongan"},"geometry":{"type":"Point","coordinates":[112.3,-7.2]}},{"type":"Feature","properties":{"Line":"R122","Tr":2863,"X":"640300.50000000000","Y":"9205094.00000000000","Rotation":0,"NAMOBJ":"Gondanglor","WADMKC":"Sugio","WADMKK":"Lamongan"},"geometry":{"type":"Point","coordinates":[112.3,-7.2]}},{"type":"Feature","properties":{"Line":"R122","Tr":2864,"X":"640300.50000000000","Y":"9205081.50000000000","Rotation":0,"NAMOBJ":"Gondanglor","WADMKC":"Sugio","WADMKK":"Lamongan"},"geometry":{"type":"Point","coordinates":[112.3,-7.2]}},{"type":"Feature","properties":{"Line":"R122","Tr":2865,"X":"640300.50000000000","Y":"9205069.00000000000","Rotation":0,"NAMOBJ":"Gondanglor","WADMKC":"Sugio","WADMKK":"Lamongan"},"geometry":{"type":"Point","coordinates":[112.3,-7.2]}},{"type":"Feature","properties":{"Line":"R122","Tr":2866,"X":"640300.50000000000","Y":"9205056.50000000000","Rotation":0,"NAMOBJ":"Gondanglor","WADMKC":"Sugio","WADMKK":"Lamongan"},"geometry":{"type":"Point","coordinates":[112.3,-7.2]}},{"type":"Feature","properties":{"Line":"R122","Tr":2867,"X":"640300.50000000000","Y":"9205044.00000000000","Rotation":0,"NAMOBJ":"Gondanglor","WADMKC":"Sugio","WADMKK":"Lamongan"},"geometry":{"type":"Point","coordinates":[112.3,-7.2]}},{"type":"Feature","properties":{"Line":"R122","Tr":2868,"X":"640300.50000000000","Y":"9205031.50000000000","Rotation":0,"NAMOBJ":"Gondanglor","WADMKC":"Sugio","WADMKK":"Lamongan"},"geometry":{"type":"Point","coordinates":[112.3,-7.2]}},{"type":"Feature","properties":{"Line":"R122","Tr":2869,"X":"640300.50000000000","Y":"9205019.00000000000","Rotation":0,"NAMOBJ":"Gondanglor","WADMKC":"Sugio","WADMKK":"Lamongan"},"geometry":{"type":"Point","coordinates":[112.3,-7.2]}},{"type":"Feature","properties":{"Line":"R122","Tr":2870,"X":"640300.50000000000","Y":"9205006.50000000000","Rotation":0,"NAMOBJ":"Gondanglor","WADMKC":"Sugio","WADMKK":"Lamongan"},"geometry":{"type":"Point","coordinates":[112.3,-7.2]}},{"type":"Feature","properties":{"Line":"R122","Tr":2871,"X":"640300.50000000000","Y":"9204994.00000000000","Rotation":0,"NAMOBJ":"Gondanglor","WADMKC":"Sugio","WADMKK":"Lamongan"},"geometry":{"type":"Point","coordinates":[112.3,-7.2]}},{"type":"Feature","properties":{"Line":"R122","Tr":2872,"X":"640300.50000000000","Y":"9204981.50000000000","Rotation":0,"NAMOBJ":"Gondanglor","WADMKC":"Sugio","WADMKK":"Lamongan"},"geometry":{"type":"Point","coordinates":[112.3,-7.2]}},{"type":"Feature","properties":{"Line":"R122","Tr":2873,"X":"640300.50000000000","Y":"9204969.00000000000","Rotation":0,"NAMOBJ":"Gondanglor","WADMKC":"Sugio","WADMKK":"Lamongan"},"geometry":{"type":"Point","coordinates":[112.3,-7.2]}},{"type":"Feature","properties":{"Line":"R122","Tr":2874,"X":"640300.50000000000","Y":"9204956.50000000000","Rotation":0,"NAMOBJ":"Gondanglor","WADMKC":"Sugio","WADMKK":"Lamongan"},"geometry":{"type":"Point","coordinates":[112.3,-7.2]}},{"type":"Feature","properties":{"Line":"R122","Tr":2875,"X":"640300.50000000000","Y":"9204944.00000000000","Rotation":0,"NAMOBJ":"Gondanglor","WADMKC":"Sugio","WADMKK":"Lamongan"},"geometry":{"type":"Point","coordinates":[112.3,-7.2]}},{"type":"Feature","properties":{"Line":"R122","Tr":2876,"X":"640300.50000000000","Y":"9204931.50000000000","Rotation":0,"NAMOBJ":"Gondanglor","WADMKC":"Sugio","WADMKK":"Lamongan"},"geometry":{"type":"Point","coordinates":[112.3,-7.2]}},{"type":"Feature","properties":{"Line":"R122","Tr":2877,"X":"640300.50000000000","Y":"9204919.00000000000","Rotation":0,"NAMOBJ":"Gondanglor","WADMKC":"Sugio","WADMKK":"Lamongan"},"geometry":{"type":"Point","coordinates":[112.3,-7.2]}},{"type":"Feature","properties":{"Line":"R122","Tr":2878,"X":"640300.50000000000","Y":"9204906.50000000000","Rotation":0,"NAMOBJ":"Gondanglor","WADMKC":"Sugio","WADMKK":"Lamongan"},"geometry":{"type":"Point","coordinates":[112.3,-7.2]}},{"type":"Feature","properties":{"Line":"R122","Tr":2879,"X":"640300.50000000000","Y":"9204894.00000000000","Rotation":0,"NAMOBJ":"Gondanglor","WADMKC":"Sugio","WADMKK":"Lamongan"},"geometry":{"type":"Point","coordinates":[112.3,-7.2]}},{"type":"Feature","properties":{"Line":"R118","Tr":3035,"X":"638300.50000000000","Y":"9202444.00000000000","Rotation":0,"NAMOBJ":"Kalitengah","WADMKC":"Sugio","WADMKK":"Lamongan"},"geometry":{"type":"Point","coordinates":[112.3,-7.2]}},{"type":"Feature","properties":{"Line":"R118","Tr":3036,"X":"638300.50000000000","Y":"9202431.50000000000","Rotation":0,"NAMOBJ":"Kalitengah","WADMKC":"Sugio","WADMKK":"Lamongan"},"geometry":{"type":"Point","coordinates":[112.3,-7.2]}},{"type":"Feature","properties":{"Line":"R118","Tr":3037,"X":"638300.50000000000","Y":"9202419.00000000000","Rotation":0,"NAMOBJ":"Kalitengah","WADMKC":"Sugio","WADMKK":"Lamongan"},"geometry":{"type":"Point","coordinates":[112.3,-7.2]}},{"type":"Feature","properties":{"Line":"R118","Tr":3038,"X":"638300.50000000000","Y":"9202406.50000000000","Rotation":0,"NAMOBJ":"Kalitengah","WADMKC":"Sugio","WADMKK":"Lamongan"},"geometry":{"type":"Point","coordinates":[112.3,-7.2]}},{"type":"Feature","properties":{"Line":"R118","Tr":3039,"X":"638300.50000000000","Y":"9202394.00000000000","Rotation":0,"NAMOBJ":"Kalitengah","WADMKC":"Sugio","WADMKK":"Lamongan"},"geometry":{"type":"Point","coordinates":[112.3,-7.2]}},{"type":"Feature","properties":{"Line":"R118","Tr":3040,"X":"638300.50000000000","Y":"9202381.50000000000","Rotation":0,"NAMOBJ":"Kalitengah","WADMKC":"Sugio","WADMKK":"Lamongan"},"geometry":{"type":"Point","coordinates":[112.3,-7.2]}},{"type":"Feature","properties":{"Line":"R118","Tr":3041,"X":"638300.50000000000","Y":"9202369.00000000000","Rotation":0,"NAMOBJ":"Kalitengah","WADMKC":"Sugio","WADMKK":"Lamongan"},"geometry":{"type":"Point","coordinates":[112.3,-7.2]}},{"type":"Feature","properties":{"Line":"R118","Tr":3042,"X":"638300.50000000000","Y":"9202356.50000000000","Rotation":0,"NAMOBJ":"Kalitengah","WADMKC":"Sugio","WADMKK":"Lamongan"},"geometry":{"type":"Point","coordinates":[112.3,-7.2]}},{"type":"Feature","properties":{"Line":"R118","Tr":3043,"X":"638300.50000000000","Y":"9202344.00000000000","Rotation":0,"NAMOBJ":"Kalitengah","WADMKC":"Sugio","WADMKK":"Lamongan"},"geometry":{"type":"Point","coordinates":[112.3,-7.2]}},{"type":"Feature","properties":{"Line":"R118","Tr":3044,"X":"638300.50000000000","Y":"9202331.50000000000","Rotation":0,"NAMOBJ":"Kalitengah","WADMKC":"Sugio","WADMKK":"Lamongan"},"geometry":{"type":"Point","coordinates":[112.3,-7.2]}},{"type":"Feature","properties":{"Line":"R118","Tr":3045,"X":"638300.50000000000","Y":"9202319.00000000000","Rotation":0,"NAMOBJ":"Kalitengah","WADMKC":"Sugio","WADMKK":"Lamongan"},"geometry":{"type":"Point","coordinates":[112.3,-7.2]}},{"type":"Feature","properties":{"Line":"R118","Tr":3046,"X":"638300.50000000000","Y":"9202306.50000000000","Rotation":0,"NAMOBJ":"Kalitengah","WADMKC":"Sugio","WADMKK":"Lamongan"},"geometry":{"type":"Point","coordinates":[112.3,-7.2]}},{"type":"Feature","properties":{"Line":"R118","Tr":3047,"X":"638300.50000000000","Y":"9202294.00000000000","Rotation":0,"NAMOBJ":"Kalitengah","WADMKC":"Sugio","WADMKK":"Lamongan"},"geometry":{"type":"Point","coordinates":[112.3,-7.2]}},{"type":"Feature","properties":{"Line":"R118","Tr":3048,"X":"638300.50000000000","Y":"9202281.50000000000","Rotation":0,"NAMOBJ":"Kalitengah","WADMKC":"Sugio","WADMKK":"Lamongan"},"geometry":{"type":"Point","coordinates":[112.3,-7.2]}},{"type":"Feature","properties":{"Line":"R118","Tr":3049,"X":"638300.50000000000","Y":"9202269.00000000000","Rotation":0,"NAMOBJ":"Kalitengah","WADMKC":"Sugio","WADMKK":"Lamongan"},"geometry":{"type":"Point","coordinates":[112.3,-7.2]}},{"type":"Feature","properties":{"Line":"R118","Tr":3050,"X":"638300.50000000000","Y":"9202256.50000000000","Rotation":0,"NAMOBJ":"Kalitengah","WADMKC":"Sugio","WADMKK":"Lamongan"},"geometry":{"type":"Point","coordinates":[112.3,-7.2]}},{"type":"Feature","properties":{"Line":"R118","Tr":3051,"X":"638300.50000000000","Y":"9202244.00000000000","Rotation":0,"NAMOBJ":"Kalitengah","WADMKC":"Sugio","WADMKK":"Lamongan"},"geometry":{"type":"Point","coordinates":[112.3,-7.2]}},{"type":"Feature","properties":{"Line":"R118","Tr":3052,"X":"638300.50000000000","Y":"9202231.50000000000","Rotation":0,"NAMOBJ":"Kalitengah","WADMKC":"Sugio","WADMKK":"Lamongan"},"geometry":{"type":"Point","coordinates":[112.3,-7.2]}},{"type":"Feature","properties":{"Line":"R118","Tr":3053,"X":"638300.50000000000","Y":"9202219.00000000000","Rotation":0,"NAMOBJ":"Kalitengah","WADMKC":"Sugio","WADMKK":"Lamongan"},"geometry":{"type":"Point","coordinates":[112.3,-7.2]}},{"type":"Feature","properties":{"Line":"R118","Tr":3054,"X":"638300.50000000000","Y":"9202206.50000000000","Rotation":0,"NAMOBJ":"Kalitengah","WADMKC":"Sugio","WADMKK":"Lamongan"},"geometry":{"type":"Point","coordinates":[112.3,-7.2]}},{"type":"Feature","properties":{"Line":"R118","Tr":3055,"X":"638300.50000000000","Y":"9202194.00000000000","Rotation":0,"NAMOBJ":"Kalitengah","WADMKC":"Sugio","WADMKK":"Lamongan"},"geometry":{"type":"Point","coordinates":[112.3,-7.2]}},{"type":"Feature","properties":{"Line":"R118","Tr":3056,"X":"638300.50000000000","Y":"9202181.50000000000","Rotation":0,"NAMOBJ":"Kalitengah","WADMKC":"Sugio","WADMKK":"Lamongan"},"geometry":{"type":"Point","coordinates":[112.3,-7.2]}},{"type":"Feature","properties":{"Line":"R118","Tr":3057,"X":"638300.50000000000","Y":"9202169.00000000000","Rotation":0,"NAMOBJ":"Kalitengah","WADMKC":"Sugio","WADMKK":"Lamongan"},"geometry":{"type":"Point","coordinates":[112.3,-7.2]}},{"type":"Feature","properties":{"Line":"R118","Tr":3058,"X":"638300.50000000000","Y":"9202156.50000000000","Rotation":0,"NAMOBJ":"Kalitengah","WADMKC":"Sugio","WADMKK":"Lamongan"},"geometry":{"type":"Point","coordinates":[112.3,-7.2]}},{"type":"Feature","properties":{"Line":"R118","Tr":3059,"X":"638300.50000000000","Y":"9202144.00000000000","Rotation":0,"NAMOBJ":"Kalitengah","WADMKC":"Sugio","WADMKK":"Lamongan"},"geometry":{"type":"Point","coordinates":[112.3,-7.2]}},{"type":"Feature","properties":{"Line":"R118","Tr":3060,"X":"638300.50000000000","Y":"9202131.50000000000","Rotation":0,"NAMOBJ":"Kalitengah","WADMKC":"Sugio","WADMKK":"Lamongan"},"geometry":{"type":"Point","coordinates":[112.3,-7.2]}},{"type":"Feature","properties":{"Line":"R118","Tr":3061,"X":"638300.50000000000","Y":"9202119.00000000000","Rotation":0,"NAMOBJ":"Kalitengah","WADMKC":"Sugio","WADMKK":"Lamongan"},"geometry":{"type":"Point","coordinates":[112.3,-7.2]}},{"type":"Feature","properties":{"Line":"R118","Tr":3062,"X":"638300.50000000000","Y":"9202106.50000000000","Rotation":0,"NAMOBJ":"Kalitengah","WADMKC":"Sugio","WADMKK":"Lamongan"},"geometry":{"type":"Point","coordinates":[112.3,-7.2]}},{"type":"Feature","properties":{"Line":"R118","Tr":3063,"X":"638300.50000000000","Y":"9202094.00000000000","Rotation":0,"NAMOBJ":"Kalitengah","WADMKC":"Sugio","WADMKK":"Lamongan"},"geometry":{"type":"Point","coordinates":[112.3,-7.2]}},{"type":"Feature","properties":{"Line":"R118","Tr":3064,"X":"638300.50000000000","Y":"9202081.50000000000","Rotation":0,"NAMOBJ":"Kalitengah","WADMKC":"Sugio","WADMKK":"Lamongan"},"geometry":{"type":"Point","coordinates":[112.3,-7.2]}},{"type":"Feature","properties":{"Line":"R120","Tr":3057,"X":"639300.50000000000","Y":"9202119.00000000000","Rotation":0,"NAMOBJ":"Kalitengah","WADMKC":"Sugio","WADMKK":"Lamongan"},"geometry":{"type":"Point","coordinates":[112.3,-7.2]}},{"type":"Feature","properties":{"Line":"R120","Tr":3058,"X":"639300.50000000000","Y":"9202106.50000000000","Rotation":0,"NAMOBJ":"Kalitengah","WADMKC":"Sugio","WADMKK":"Lamongan"},"geometry":{"type":"Point","coordinates":[112.3,-7.2]}},{"type":"Feature","properties":{"Line":"R120","Tr":3059,"X":"639300.50000000000","Y":"9202094.00000000000","Rotation":0,"NAMOBJ":"Kalitengah","WADMKC":"Sugio","WADMKK":"Lamongan"},"geometry":{"type":"Point","coordinates":[112.3,-7.2]}},{"type":"Feature","properties":{"Line":"R120","Tr":3060,"X":"639300.50000000000","Y":"9202081.50000000000","Rotation":0,"NAMOBJ":"Kalitengah","WADMKC":"Sugio","WADMKK":"Lamongan"},"geometry":{"type":"Point","coordinates":[112.3,-7.2]}},{"type":"Feature","properties":{"Line":"R120","Tr":3061,"X":"639300.50000000000","Y":"9202069.00000000000","Rotation":0,"NAMOBJ":"Kalitengah","WADMKC":"Sugio","WADMKK":"Lamongan"},"geometry":{"type":"Point","coordinates":[112.3,-7.2]}},{"type":"Feature","properties":{"Line":"R120","Tr":3062,"X":"639300.50000000000","Y":"9202056.50000000000","Rotation":0,"NAMOBJ":"Kalitengah","WADMKC":"Sugio","WADMKK":"Lamongan"},"geometry":{"type":"Point","coordinates":[112.3,-7.2]}},{"type":"Feature","properties":{"Line":"R120","Tr":3063,"X":"639300.50000000000","Y":"9202044.00000000000","Rotation":0,"NAMOBJ":"Kalitengah","WADMKC":"Sugio","WADMKK":"Lamongan"},"geometry":{"type":"Point","coordinates":[112.3,-7.2]}},{"type":"Feature","properties":{"Line":"R120","Tr":3064,"X":"639300.50000000000","Y":"9202031.50000000000","Rotation":0,"NAMOBJ":"Kalitengah","WADMKC":"Sugio","WADMKK":"Lamongan"},"geometry":{"type":"Point","coordinates":[112.3,-7.2]}},{"type":"Feature","properties":{"Line":"R120","Tr":3065,"X":"639300.50000000000","Y":"9202019.00000000000","Rotation":0,"NAMOBJ":"Kalitengah","WADMKC":"Sugio","WADMKK":"Lamongan"},"geometry":{"type":"Point","coordinates":[112.3,-7.2]}},{"type":"Feature","properties":{"Line":"R120","Tr":3066,"X":"639300.50000000000","Y":"9202006.50000000000","Rotation":0,"NAMOBJ":"Kalitengah","WADMKC":"Sugio","WADMKK":"Lamongan"},"geometry":{"type":"Point","coordinates":[112.3,-7.2]}},{"type":"Feature","properties":{"Line":"R120","Tr":3067,"X":"639300.50000000000","Y":"9201994.00000000000","Rotation":0,"NAMOBJ":"Kalitengah","WADMKC":"Sugio","WADMKK":"Lamongan"},"geometry":{"type":"Point","coordinates":[112.3,-7.2]}},{"type":"Feature","properties":{"Line":"R120","Tr":3068,"X":"639300.50000000000","Y":"9201981.50000000000","Rotation":0,"NAMOBJ":"Kalitengah","WADMKC":"Sugio","WADMKK":"Lamongan"},"geometry":{"type":"Point","coordinates":[112.3,-7.2]}},{"type":"Feature","properties":{"Line":"R120","Tr":2667,"X":"639300.50000000000","Y":"9206994.00000000000","Rotation":0,"NAMOBJ":"Karangsambigalih","WADMKC":"Sugio","WADMKK":"Lamongan"},"geometry":{"type":"Point","coordinates":[112.3,-7.2]}},{"type":"Feature","properties":{"Line":"R120","Tr":2668,"X":"639300.50000000000","Y":"9206981.50000000000","Rotation":0,"NAMOBJ":"Karangsambigalih","WADMKC":"Sugio","WADMKK":"Lamongan"},"geometry":{"type":"Point","coordinates":[112.3,-7.2]}},{"type":"Feature","properties":{"Line":"R120","Tr":2669,"X":"639300.50000000000","Y":"9206969.00000000000","Rotation":0,"NAMOBJ":"Karangsambigalih","WADMKC":"Sugio","WADMKK":"Lamongan"},"geometry":{"type":"Point","coordinates":[112.3,-7.2]}},{"type":"Feature","properties":{"Line":"R120","Tr":2670,"X":"639300.50000000000","Y":"9206956.50000000000","Rotation":0,"NAMOBJ":"Karangsambigalih","WADMKC":"Sugio","WADMKK":"Lamongan"},"geometry":{"type":"Point","coordinates":[112.3,-7.2]}},{"type":"Feature","properties":{"Line":"R120","Tr":2671,"X":"639300.50000000000","Y":"9206944.00000000000","Rotation":0,"NAMOBJ":"Karangsambigalih","WADMKC":"Sugio","WADMKK":"Lamongan"},"geometry":{"type":"Point","coordinates":[112.3,-7.2]}},{"type":"Feature","properties":{"Line":"R120","Tr":2672,"X":"639300.50000000000","Y":"9206931.50000000000","Rotation":0,"NAMOBJ":"Karangsambigalih","WADMKC":"Sugio","WADMKK":"Lamongan"},"geometry":{"type":"Point","coordinates":[112.3,-7.2]}},{"type":"Feature","properties":{"Line":"R120","Tr":2673,"X":"639300.50000000000","Y":"9206919.00000000000","Rotation":0,"NAMOBJ":"Karangsambigalih","WADMKC":"Sugio","WADMKK":"Lamongan"},"geometry":{"type":"Point","coordinates":[112.3,-7.2]}},{"type":"Feature","properties":{"Line":"R120","Tr":2674,"X":"639300.50000000000","Y":"9206906.50000000000","Rotation":0,"NAMOBJ":"Karangsambigalih","WADMKC":"Sugio","WADMKK":"Lamongan"},"geometry":{"type":"Point","coordinates":[112.3,-7.2]}},{"type":"Feature","properties":{"Line":"R120","Tr":2675,"X":"639300.50000000000","Y":"9206894.00000000000","Rotation":0,"NAMOBJ":"Karangsambigalih","WADMKC":"Sugio","WADMKK":"Lamongan"},"geometry":{"type":"Point","coordinates":[112.3,-7.2]}},{"type":"Feature","properties":{"Line":"R120","Tr":2676,"X":"639300.50000000000","Y":"9206881.50000000000","Rotation":0,"NAMOBJ":"Karangsambigalih","WADMKC":"Sugio","WADMKK":"Lamongan"},"geometry":{"type":"Point","coordinates":[112.3,-7.2]}},{"type":"Feature","properties":{"Line":"R120","Tr":2677,"X":"639300.50000000000","Y":"9206869.00000000000","Rotation":0,"NAMOBJ":"Karangsambigalih","WADMKC":"Sugio","WADMKK":"Lamongan"},"geometry":{"type":"Point","coordinates":[112.3,-7.2]}},{"type":"Feature","properties":{"Line":"R120","Tr":2678,"X":"639300.50000000000","Y":"9206856.50000000000","Rotation":0,"NAMOBJ":"Karangsambigalih","WADMKC":"Sugio","WADMKK":"Lamongan"},"geometry":{"type":"Point","coordinates":[112.3,-7.2]}},{"type":"Feature","properties":{"Line":"R120","Tr":2679,"X":"639300.50000000000","Y":"9206844.00000000000","Rotation":0,"NAMOBJ":"Karangsambigalih","WADMKC":"Sugio","WADMKK":"Lamongan"},"geometry":{"type":"Point","coordinates":[112.3,-7.2]}},{"type":"Feature","properties":{"Line":"R120","Tr":2680,"X":"639300.50000000000","Y":"9206831.50000000000","Rotation":0,"NAMOBJ":"Karangsambigalih","WADMKC":"Sugio","WADMKK":"Lamongan"},"geometry":{"type":"Point","coordinates":[112.3,-7.2]}},{"type":"Feature","properties":{"Line":"R120","Tr":2681,"X":"639300.50000000000","Y":"9206819.00000000000","Rotation":0,"NAMOBJ":"Karangsambigalih","WADMKC":"Sugio","WADMKK":"Lamongan"},"geometry":{"type":"Point","coordinates":[112.3,-7.2]}},{"type":"Feature","properties":{"Line":"R120","Tr":2682,"X":"639300.50000000000","Y":"9206806.50000000000","Rotation":0,"NAMOBJ":"Karangsambigalih","WADMKC":"Sugio","WADMKK":"Lamongan"},"geometry":{"type":"Point","coordinates":[112.3,-7.2]}},{"type":"Feature","properties":{"Line":"R120","Tr":2683,"X":"639300.50000000000","Y":"9206794.00000000000","Rotation":0,"NAMOBJ":"Karangsambigalih","WADMKC":"Sugio","WADMKK":"Lamongan"},"geometry":{"type":"Point","coordinates":[112.3,-7.2]}},{"type":"Feature","properties":{"Line":"R120","Tr":2684,"X":"639300.50000000000","Y":"9206781.50000000000","Rotation":0,"NAMOBJ":"Karangsambigalih","WADMKC":"Sugio","WADMKK":"Lamongan"},"geometry":{"type":"Point","coordinates":[112.3,-7.2]}},{"type":"Feature","properties":{"Line":"R120","Tr":2685,"X":"639300.50000000000","Y":"9206769.00000000000","Rotation":0,"NAMOBJ":"Karangsambigalih","WADMKC":"Sugio","WADMKK":"Lamongan"},"geometry":{"type":"Point","coordinates":[112.3,-7.2]}},{"type":"Feature","properties":{"Line":"R120","Tr":2686,"X":"639300.50000000000","Y":"9206756.50000000000","Rotation":0,"NAMOBJ":"Karangsambigalih","WADMKC":"Sugio","WADMKK":"Lamongan"},"geometry":{"type":"Point","coordinates":[112.3,-7.2]}},{"type":"Feature","properties":{"Line":"R120","Tr":2687,"X":"639300.50000000000","Y":"9206744.00000000000","Rotation":0,"NAMOBJ":"Karangsambigalih","WADMKC":"Sugio","WADMKK":"Lamongan"},"geometry":{"type":"Point","coordinates":[112.3,-7.2]}},{"type":"Feature","properties":{"Line":"R120","Tr":2688,"X":"639300.50000000000","Y":"9206731.50000000000","Rotation":0,"NAMOBJ":"Karangsambigalih","WADMKC":"Sugio","WADMKK":"Lamongan"},"geometry":{"type":"Point","coordinates":[112.3,-7.2]}},{"type":"Feature","properties":{"Line":"R120","Tr":2689,"X":"639300.50000000000","Y":"9206719.00000000000","Rotation":0,"NAMOBJ":"Karangsambigalih","WADMKC":"Sugio","WADMKK":"Lamongan"},"geometry":{"type":"Point","coordinates":[112.3,-7.2]}},{"type":"Feature","properties":{"Line":"R120","Tr":2690,"X":"639300.50000000000","Y":"9206706.50000000000","Rotation":0,"NAMOBJ":"Karangsambigalih","WADMKC":"Sugio","WADMKK":"Lamongan"},"geometry":{"type":"Point","coordinates":[112.3,-7.2]}},{"type":"Feature","properties":{"Line":"R120","Tr":2691,"X":"639300.50000000000","Y":"9206694.00000000000","Rotation":0,"NAMOBJ":"Karangsambigalih","WADMKC":"Sugio","WADMKK":"Lamongan"},"geometry":{"type":"Point","coordinates":[112.3,-7.2]}},{"type":"Feature","properties":{"Line":"R120","Tr":2692,"X":"639300.50000000000","Y":"9206681.50000000000","Rotation":0,"NAMOBJ":"Karangsambigalih","WADMKC":"Sugio","WADMKK":"Lamongan"},"geometry":{"type":"Point","coordinates":[112.3,-7.2]}},{"type":"Feature","properties":{"Line":"R120","Tr":2693,"X":"639300.50000000000","Y":"9206669.00000000000","Rotation":0,"NAMOBJ":"Karangsambigalih","WADMKC":"Sugio","WADMKK":"Lamongan"},"geometry":{"type":"Point","coordinates":[112.3,-7.2]}},{"type":"Feature","properties":{"Line":"R120","Tr":2694,"X":"639300.50000000000","Y":"9206656.50000000000","Rotation":0,"NAMOBJ":"Karangsambigalih","WADMKC":"Sugio","WADMKK":"Lamongan"},"geometry":{"type":"Point","coordinates":[112.3,-7.2]}},{"type":"Feature","properties":{"Line":"R120","Tr":2695,"X":"639300.50000000000","Y":"9206644.00000000000","Rotation":0,"NAMOBJ":"Karangsambigalih","WADMKC":"Sugio","WADMKK":"Lamongan"},"geometry":{"type":"Point","coordinates":[112.3,-7.2]}},{"type":"Feature","properties":{"Line":"R120","Tr":2696,"X":"639300.50000000000","Y":"9206631.50000000000","Rotation":0,"NAMOBJ":"Karangsambigalih","WADMKC":"Sugio","WADMKK":"Lamongan"},"geometry":{"type":"Point","coordinates":[112.3,-7.2]}},{"type":"Feature","properties":{"Line":"R120","Tr":2697,"X":"639300.50000000000","Y":"9206619.00000000000","Rotation":0,"NAMOBJ":"Karangsambigalih","WADMKC":"Sugio","WADMKK":"Lamongan"},"geometry":{"type":"Point","coordinates":[112.3,-7.2]}},{"type":"Feature","properties":{"Line":"R120","Tr":2698,"X":"639300.50000000000","Y":"9206606.50000000000","Rotation":0,"NAMOBJ":"Karangsambigalih","WADMKC":"Sugio","WADMKK":"Lamongan"},"geometry":{"type":"Point","coordinates":[112.3,-7.2]}},{"type":"Feature","properties":{"Line":"R120","Tr":2699,"X":"639300.50000000000","Y":"9206594.00000000000","Rotation":0,"NAMOBJ":"Karangsambigalih","WADMKC":"Sugio","WADMKK":"Lamongan"},"geometry":{"type":"Point","coordinates":[112.3,-7.2]}},{"type":"Feature","properties":{"Line":"R120","Tr":2700,"X":"639300.50000000000","Y":"9206581.50000000000","Rotation":0,"NAMOBJ":"Karangsambigalih","WADMKC":"Sugio","WADMKK":"Lamongan"},"geometry":{"type":"Point","coordinates":[112.3,-7.2]}},{"type":"Feature","properties":{"Line":"R120","Tr":2701,"X":"639300.50000000000","Y":"9206569.00000000000","Rotation":0,"NAMOBJ":"Karangsambigalih","WADMKC":"Sugio","WADMKK":"Lamongan"},"geometry":{"type":"Point","coordinates":[112.3,-7.2]}},{"type":"Feature","properties":{"Line":"R120","Tr":2702,"X":"639300.50000000000","Y":"9206556.50000000000","Rotation":0,"NAMOBJ":"Karangsambigalih","WADMKC":"Sugio","WADMKK":"Lamongan"},"geometry":{"type":"Point","coordinates":[112.3,-7.2]}},{"type":"Feature","properties":{"Line":"R120","Tr":2703,"X":"639300.50000000000","Y":"9206544.00000000000","Rotation":0,"NAMOBJ":"Karangsambigalih","WADMKC":"Sugio","WADMKK":"Lamongan"},"geometry":{"type":"Point","coordinates":[112.3,-7.2]}},{"type":"Feature","properties":{"Line":"R120","Tr":2704,"X":"639300.50000000000","Y":"9206531.50000000000","Rotation":0,"NAMOBJ":"Karangsambigalih","WADMKC":"Sugio","WADMKK":"Lamongan"},"geometry":{"type":"Point","coordinates":[112.3,-7.2]}},{"type":"Feature","properties":{"Line":"R120","Tr":2705,"X":"639300.50000000000","Y":"9206519.00000000000","Rotation":0,"NAMOBJ":"Karangsambigalih","WADMKC":"Sugio","WADMKK":"Lamongan"},"geometry":{"type":"Point","coordinates":[112.3,-7.2]}},{"type":"Feature","properties":{"Line":"R120","Tr":2706,"X":"639300.50000000000","Y":"9206506.50000000000","Rotation":0,"NAMOBJ":"Karangsambigalih","WADMKC":"Sugio","WADMKK":"Lamongan"},"geometry":{"type":"Point","coordinates":[112.3,-7.2]}},{"type":"Feature","properties":{"Line":"R120","Tr":2707,"X":"639300.50000000000","Y":"9206494.00000000000","Rotation":0,"NAMOBJ":"Karangsambigalih","WADMKC":"Sugio","WADMKK":"Lamongan"},"geometry":{"type":"Point","coordinates":[112.3,-7.2]}},{"type":"Feature","properties":{"Line":"R120","Tr":2708,"X":"639300.50000000000","Y":"9206481.50000000000","Rotation":0,"NAMOBJ":"Karangsambigalih","WADMKC":"Sugio","WADMKK":"Lamongan"},"geometry":{"type":"Point","coordinates":[112.3,-7.2]}},{"type":"Feature","properties":{"Line":"R120","Tr":2709,"X":"639300.50000000000","Y":"9206469.00000000000","Rotation":0,"NAMOBJ":"Karangsambigalih","WADMKC":"Sugio","WADMKK":"Lamongan"},"geometry":{"type":"Point","coordinates":[112.3,-7.2]}},{"type":"Feature","properties":{"Line":"R120","Tr":2710,"X":"639300.50000000000","Y":"9206456.50000000000","Rotation":0,"NAMOBJ":"Karangsambigalih","WADMKC":"Sugio","WADMKK":"Lamongan"},"geometry":{"type":"Point","coordinates":[112.3,-7.2]}},{"type":"Feature","properties":{"Line":"R120","Tr":2711,"X":"639300.50000000000","Y":"9206444.00000000000","Rotation":0,"NAMOBJ":"Karangsambigalih","WADMKC":"Sugio","WADMKK":"Lamongan"},"geometry":{"type":"Point","coordinates":[112.3,-7.2]}},{"type":"Feature","properties":{"Line":"R120","Tr":2712,"X":"639300.50000000000","Y":"9206431.50000000000","Rotation":0,"NAMOBJ":"Karangsambigalih","WADMKC":"Sugio","WADMKK":"Lamongan"},"geometry":{"type":"Point","coordinates":[112.3,-7.2]}},{"type":"Feature","properties":{"Line":"R120","Tr":2713,"X":"639300.50000000000","Y":"9206419.00000000000","Rotation":0,"NAMOBJ":"Karangsambigalih","WADMKC":"Sugio","WADMKK":"Lamongan"},"geometry":{"type":"Point","coordinates":[112.3,-7.2]}},{"type":"Feature","properties":{"Line":"R120","Tr":2714,"X":"639300.50000000000","Y":"9206406.50000000000","Rotation":0,"NAMOBJ":"Karangsambigalih","WADMKC":"Sugio","WADMKK":"Lamongan"},"geometry":{"type":"Point","coordinates":[112.3,-7.2]}},{"type":"Feature","properties":{"Line":"R120","Tr":2715,"X":"639300.50000000000","Y":"9206394.00000000000","Rotation":0,"NAMOBJ":"Karangsambigalih","WADMKC":"Sugio","WADMKK":"Lamongan"},"geometry":{"type":"Point","coordinates":[112.3,-7.2]}},{"type":"Feature","properties":{"Line":"R120","Tr":2716,"X":"639300.50000000000","Y":"9206381.50000000000","Rotation":0,"NAMOBJ":"Karangsambigalih","WADMKC":"Sugio","WADMKK":"Lamongan"},"geometry":{"type":"Point","coordinates":[112.3,-7.2]}},{"type":"Feature","properties":{"Line":"R120","Tr":2717,"X":"639300.50000000000","Y":"9206369.00000000000","Rotation":0,"NAMOBJ":"Karangsambigalih","WADMKC":"Sugio","WADMKK":"Lamongan"},"geometry":{"type":"Point","coordinates":[112.3,-7.2]}},{"type":"Feature","properties":{"Line":"R120","Tr":2718,"X":"639300.50000000000","Y":"9206356.50000000000","Rotation":0,"NAMOBJ":"Karangsambigalih","WADMKC":"Sugio","WADMKK":"Lamongan"},"geometry":{"type":"Point","coordinates":[112.3,-7.2]}},{"type":"Feature","properties":{"Line":"R120","Tr":2719,"X":"639300.50000000000","Y":"9206344.00000000000","Rotation":0,"NAMOBJ":"Karangsambigalih","WADMKC":"Sugio","WADMKK":"Lamongan"},"geometry":{"type":"Point","coordinates":[112.3,-7.2]}},{"type":"Feature","properties":{"Line":"R120","Tr":2720,"X":"639300.50000000000","Y":"9206331.50000000000","Rotation":0,"NAMOBJ":"Karangsambigalih","WADMKC":"Sugio","WADMKK":"Lamongan"},"geometry":{"type":"Point","coordinates":[112.3,-7.2]}},{"type":"Feature","properties":{"Line":"R120","Tr":2721,"X":"639300.50000000000","Y":"9206319.00000000000","Rotation":0,"NAMOBJ":"Karangsambigalih","WADMKC":"Sugio","WADMKK":"Lamongan"},"geometry":{"type":"Point","coordinates":[112.3,-7.2]}},{"type":"Feature","properties":{"Line":"R120","Tr":2722,"X":"639300.50000000000","Y":"9206306.50000000000","Rotation":0,"NAMOBJ":"Karangsambigalih","WADMKC":"Sugio","WADMKK":"Lamongan"},"geometry":{"type":"Point","coordinates":[112.3,-7.2]}},{"type":"Feature","properties":{"Line":"R120","Tr":2723,"X":"639300.50000000000","Y":"9206294.00000000000","Rotation":0,"NAMOBJ":"Karangsambigalih","WADMKC":"Sugio","WADMKK":"Lamongan"},"geometry":{"type":"Point","coordinates":[112.3,-7.2]}},{"type":"Feature","properties":{"Line":"R120","Tr":2724,"X":"639300.50000000000","Y":"9206281.50000000000","Rotation":0,"NAMOBJ":"Karangsambigalih","WADMKC":"Sugio","WADMKK":"Lamongan"},"geometry":{"type":"Point","coordinates":[112.3,-7.2]}},{"type":"Feature","properties":{"Line":"R120","Tr":2725,"X":"639300.50000000000","Y":"9206269.00000000000","Rotation":0,"NAMOBJ":"Karangsambigalih","WADMKC":"Sugio","WADMKK":"Lamongan"},"geometry":{"type":"Point","coordinates":[112.3,-7.2]}},{"type":"Feature","properties":{"Line":"R120","Tr":2726,"X":"639300.50000000000","Y":"9206256.50000000000","Rotation":0,"NAMOBJ":"Karangsambigalih","WADMKC":"Sugio","WADMKK":"Lamongan"},"geometry":{"type":"Point","coordinates":[112.3,-7.2]}},{"type":"Feature","properties":{"Line":"R120","Tr":2727,"X":"639300.50000000000","Y":"9206244.00000000000","Rotation":0,"NAMOBJ":"Karangsambigalih","WADMKC":"Sugio","WADMKK":"Lamongan"},"geometry":{"type":"Point","coordinates":[112.3,-7.2]}},{"type":"Feature","properties":{"Line":"R120","Tr":2728,"X":"639300.50000000000","Y":"9206231.50000000000","Rotation":0,"NAMOBJ":"Karangsambigalih","WADMKC":"Sugio","WADMKK":"Lamongan"},"geometry":{"type":"Point","coordinates":[112.3,-7.2]}},{"type":"Feature","properties":{"Line":"R120","Tr":2729,"X":"639300.50000000000","Y":"9206219.00000000000","Rotation":0,"NAMOBJ":"Karangsambigalih","WADMKC":"Sugio","WADMKK":"Lamongan"},"geometry":{"type":"Point","coordinates":[112.3,-7.2]}},{"type":"Feature","properties":{"Line":"R120","Tr":2730,"X":"639300.50000000000","Y":"9206206.50000000000","Rotation":0,"NAMOBJ":"Karangsambigalih","WADMKC":"Sugio","WADMKK":"Lamongan"},"geometry":{"type":"Point","coordinates":[112.3,-7.2]}},{"type":"Feature","properties":{"Line":"R120","Tr":2731,"X":"639300.50000000000","Y":"9206194.00000000000","Rotation":0,"NAMOBJ":"Karangsambigalih","WADMKC":"Sugio","WADMKK":"Lamongan"},"geometry":{"type":"Point","coordinates":[112.3,-7.2]}},{"type":"Feature","properties":{"Line":"R120","Tr":2732,"X":"639300.50000000000","Y":"9206181.50000000000","Rotation":0,"NAMOBJ":"Karangsambigalih","WADMKC":"Sugio","WADMKK":"Lamongan"},"geometry":{"type":"Point","coordinates":[112.3,-7.2]}},{"type":"Feature","properties":{"Line":"R120","Tr":2733,"X":"639300.50000000000","Y":"9206169.00000000000","Rotation":0,"NAMOBJ":"Karangsambigalih","WADMKC":"Sugio","WADMKK":"Lamongan"},"geometry":{"type":"Point","coordinates":[112.3,-7.2]}},{"type":"Feature","properties":{"Line":"R120","Tr":2734,"X":"639300.50000000000","Y":"9206156.50000000000","Rotation":0,"NAMOBJ":"Karangsambigalih","WADMKC":"Sugio","WADMKK":"Lamongan"},"geometry":{"type":"Point","coordinates":[112.3,-7.2]}},{"type":"Feature","properties":{"Line":"R120","Tr":2735,"X":"639300.50000000000","Y":"9206144.00000000000","Rotation":0,"NAMOBJ":"Karangsambigalih","WADMKC":"Sugio","WADMKK":"Lamongan"},"geometry":{"type":"Point","coordinates":[112.3,-7.2]}},{"type":"Feature","properties":{"Line":"R120","Tr":2736,"X":"639300.50000000000","Y":"9206131.50000000000","Rotation":0,"NAMOBJ":"Karangsambigalih","WADMKC":"Sugio","WADMKK":"Lamongan"},"geometry":{"type":"Point","coordinates":[112.3,-7.2]}},{"type":"Feature","properties":{"Line":"R120","Tr":2737,"X":"639300.50000000000","Y":"9206119.00000000000","Rotation":0,"NAMOBJ":"Karangsambigalih","WADMKC":"Sugio","WADMKK":"Lamongan"},"geometry":{"type":"Point","coordinates":[112.3,-7.2]}},{"type":"Feature","properties":{"Line":"R120","Tr":2738,"X":"639300.50000000000","Y":"9206106.50000000000","Rotation":0,"NAMOBJ":"Karangsambigalih","WADMKC":"Sugio","WADMKK":"Lamongan"},"geometry":{"type":"Point","coordinates":[112.3,-7.2]}},{"type":"Feature","properties":{"Line":"R120","Tr":2739,"X":"639300.50000000000","Y":"9206094.00000000000","Rotation":0,"NAMOBJ":"Karangsambigalih","WADMKC":"Sugio","WADMKK":"Lamongan"},"geometry":{"type":"Point","coordinates":[112.3,-7.2]}},{"type":"Feature","properties":{"Line":"R120","Tr":2740,"X":"639300.50000000000","Y":"9206081.50000000000","Rotation":0,"NAMOBJ":"Karangsambigalih","WADMKC":"Sugio","WADMKK":"Lamongan"},"geometry":{"type":"Point","coordinates":[112.3,-7.2]}},{"type":"Feature","properties":{"Line":"R120","Tr":2741,"X":"639300.50000000000","Y":"9206069.00000000000","Rotation":0,"NAMOBJ":"Karangsambigalih","WADMKC":"Sugio","WADMKK":"Lamongan"},"geometry":{"type":"Point","coordinates":[112.3,-7.2]}},{"type":"Feature","properties":{"Line":"R120","Tr":2742,"X":"639300.50000000000","Y":"9206056.50000000000","Rotation":0,"NAMOBJ":"Karangsambigalih","WADMKC":"Sugio","WADMKK":"Lamongan"},"geometry":{"type":"Point","coordinates":[112.3,-7.2]}},{"type":"Feature","properties":{"Line":"R120","Tr":2743,"X":"639300.50000000000","Y":"9206044.00000000000","Rotation":0,"NAMOBJ":"Karangsambigalih","WADMKC":"Sugio","WADMKK":"Lamongan"},"geometry":{"type":"Point","coordinates":[112.3,-7.2]}},{"type":"Feature","properties":{"Line":"R120","Tr":2744,"X":"639300.50000000000","Y":"9206031.50000000000","Rotation":0,"NAMOBJ":"Karangsambigalih","WADMKC":"Sugio","WADMKK":"Lamongan"},"geometry":{"type":"Point","coordinates":[112.3,-7.2]}},{"type":"Feature","properties":{"Line":"R120","Tr":2745,"X":"639300.50000000000","Y":"9206019.00000000000","Rotation":0,"NAMOBJ":"Karangsambigalih","WADMKC":"Sugio","WADMKK":"Lamongan"},"geometry":{"type":"Point","coordinates":[112.3,-7.2]}},{"type":"Feature","properties":{"Line":"R120","Tr":2746,"X":"639300.50000000000","Y":"9206006.50000000000","Rotation":0,"NAMOBJ":"Karangsambigalih","WADMKC":"Sugio","WADMKK":"Lamongan"},"geometry":{"type":"Point","coordinates":[112.3,-7.2]}},{"type":"Feature","properties":{"Line":"R120","Tr":2747,"X":"639300.50000000000","Y":"9205994.00000000000","Rotation":0,"NAMOBJ":"Karangsambigalih","WADMKC":"Sugio","WADMKK":"Lamongan"},"geometry":{"type":"Point","coordinates":[112.3,-7.2]}},{"type":"Feature","properties":{"Line":"R120","Tr":2748,"X":"639300.50000000000","Y":"9205981.50000000000","Rotation":0,"NAMOBJ":"Karangsambigalih","WADMKC":"Sugio","WADMKK":"Lamongan"},"geometry":{"type":"Point","coordinates":[112.3,-7.2]}},{"type":"Feature","properties":{"Line":"R120","Tr":2749,"X":"639300.50000000000","Y":"9205969.00000000000","Rotation":0,"NAMOBJ":"Karangsambigalih","WADMKC":"Sugio","WADMKK":"Lamongan"},"geometry":{"type":"Point","coordinates":[112.3,-7.2]}},{"type":"Feature","properties":{"Line":"R120","Tr":2750,"X":"639300.50000000000","Y":"9205956.50000000000","Rotation":0,"NAMOBJ":"Karangsambigalih","WADMKC":"Sugio","WADMKK":"Lamongan"},"geometry":{"type":"Point","coordinates":[112.3,-7.2]}},{"type":"Feature","properties":{"Line":"R120","Tr":2751,"X":"639300.50000000000","Y":"9205944.00000000000","Rotation":0,"NAMOBJ":"Karangsambigalih","WADMKC":"Sugio","WADMKK":"Lamongan"},"geometry":{"type":"Point","coordinates":[112.3,-7.2]}},{"type":"Feature","properties":{"Line":"R122","Tr":2726,"X":"640300.50000000000","Y":"9206806.50000000000","Rotation":0,"NAMOBJ":"Karangsambigalih","WADMKC":"Sugio","WADMKK":"Lamongan"},"geometry":{"type":"Point","coordinates":[112.3,-7.2]}},{"type":"Feature","properties":{"Line":"R122","Tr":2727,"X":"640300.50000000000","Y":"9206794.00000000000","Rotation":0,"NAMOBJ":"Karangsambigalih","WADMKC":"Sugio","WADMKK":"Lamongan"},"geometry":{"type":"Point","coordinates":[112.3,-7.2]}},{"type":"Feature","properties":{"Line":"R122","Tr":2728,"X":"640300.50000000000","Y":"9206781.50000000000","Rotation":0,"NAMOBJ":"Karangsambigalih","WADMKC":"Sugio","WADMKK":"Lamongan"},"geometry":{"type":"Point","coordinates":[112.3,-7.2]}},{"type":"Feature","properties":{"Line":"R122","Tr":2729,"X":"640300.50000000000","Y":"9206769.00000000000","Rotation":0,"NAMOBJ":"Karangsambigalih","WADMKC":"Sugio","WADMKK":"Lamongan"},"geometry":{"type":"Point","coordinates":[112.3,-7.2]}},{"type":"Feature","properties":{"Line":"R122","Tr":2730,"X":"640300.50000000000","Y":"9206756.50000000000","Rotation":0,"NAMOBJ":"Karangsambigalih","WADMKC":"Sugio","WADMKK":"Lamongan"},"geometry":{"type":"Point","coordinates":[112.3,-7.2]}},{"type":"Feature","properties":{"Line":"R122","Tr":2731,"X":"640300.50000000000","Y":"9206744.00000000000","Rotation":0,"NAMOBJ":"Karangsambigalih","WADMKC":"Sugio","WADMKK":"Lamongan"},"geometry":{"type":"Point","coordinates":[112.3,-7.2]}},{"type":"Feature","properties":{"Line":"R122","Tr":2732,"X":"640300.50000000000","Y":"9206731.50000000000","Rotation":0,"NAMOBJ":"Karangsambigalih","WADMKC":"Sugio","WADMKK":"Lamongan"},"geometry":{"type":"Point","coordinates":[112.3,-7.2]}},{"type":"Feature","properties":{"Line":"R122","Tr":2733,"X":"640300.50000000000","Y":"9206719.00000000000","Rotation":0,"NAMOBJ":"Karangsambigalih","WADMKC":"Sugio","WADMKK":"Lamongan"},"geometry":{"type":"Point","coordinates":[112.3,-7.2]}},{"type":"Feature","properties":{"Line":"R122","Tr":2734,"X":"640300.50000000000","Y":"9206706.50000000000","Rotation":0,"NAMOBJ":"Karangsambigalih","WADMKC":"Sugio","WADMKK":"Lamongan"},"geometry":{"type":"Point","coordinates":[112.3,-7.2]}},{"type":"Feature","properties":{"Line":"R122","Tr":2735,"X":"640300.50000000000","Y":"9206694.00000000000","Rotation":0,"NAMOBJ":"Karangsambigalih","WADMKC":"Sugio","WADMKK":"Lamongan"},"geometry":{"type":"Point","coordinates":[112.3,-7.2]}},{"type":"Feature","properties":{"Line":"R122","Tr":2736,"X":"640300.50000000000","Y":"9206681.50000000000","Rotation":0,"NAMOBJ":"Karangsambigalih","WADMKC":"Sugio","WADMKK":"Lamongan"},"geometry":{"type":"Point","coordinates":[112.3,-7.2]}},{"type":"Feature","properties":{"Line":"R122","Tr":2737,"X":"640300.50000000000","Y":"9206669.00000000000","Rotation":0,"NAMOBJ":"Karangsambigalih","WADMKC":"Sugio","WADMKK":"Lamongan"},"geometry":{"type":"Point","coordinates":[112.3,-7.2]}},{"type":"Feature","properties":{"Line":"R122","Tr":2738,"X":"640300.50000000000","Y":"9206656.50000000000","Rotation":0,"NAMOBJ":"Karangsambigalih","WADMKC":"Sugio","WADMKK":"Lamongan"},"geometry":{"type":"Point","coordinates":[112.3,-7.2]}},{"type":"Feature","properties":{"Line":"R122","Tr":2739,"X":"640300.50000000000","Y":"9206644.00000000000","Rotation":0,"NAMOBJ":"Karangsambigalih","WADMKC":"Sugio","WADMKK":"Lamongan"},"geometry":{"type":"Point","coordinates":[112.3,-7.2]}},{"type":"Feature","properties":{"Line":"R122","Tr":2740,"X":"640300.50000000000","Y":"9206631.50000000000","Rotation":0,"NAMOBJ":"Karangsambigalih","WADMKC":"Sugio","WADMKK":"Lamongan"},"geometry":{"type":"Point","coordinates":[112.3,-7.2]}},{"type":"Feature","properties":{"Line":"R122","Tr":2741,"X":"640300.50000000000","Y":"9206619.00000000000","Rotation":0,"NAMOBJ":"Karangsambigalih","WADMKC":"Sugio","WADMKK":"Lamongan"},"geometry":{"type":"Point","coordinates":[112.3,-7.2]}},{"type":"Feature","properties":{"Line":"R122","Tr":2742,"X":"640300.50000000000","Y":"9206606.50000000000","Rotation":0,"NAMOBJ":"Karangsambigalih","WADMKC":"Sugio","WADMKK":"Lamongan"},"geometry":{"type":"Point","coordinates":[112.3,-7.2]}},{"type":"Feature","properties":{"Line":"R122","Tr":2743,"X":"640300.50000000000","Y":"9206594.00000000000","Rotation":0,"NAMOBJ":"Karangsambigalih","WADMKC":"Sugio","WADMKK":"Lamongan"},"geometry":{"type":"Point","coordinates":[112.3,-7.2]}},{"type":"Feature","properties":{"Line":"R122","Tr":2744,"X":"640300.50000000000","Y":"9206581.50000000000","Rotation":0,"NAMOBJ":"Karangsambigalih","WADMKC":"Sugio","WADMKK":"Lamongan"},"geometry":{"type":"Point","coordinates":[112.3,-7.2]}},{"type":"Feature","properties":{"Line":"R122","Tr":2745,"X":"640300.50000000000","Y":"9206569.00000000000","Rotation":0,"NAMOBJ":"Karangsambigalih","WADMKC":"Sugio","WADMKK":"Lamongan"},"geometry":{"type":"Point","coordinates":[112.3,-7.2]}},{"type":"Feature","properties":{"Line":"R122","Tr":2746,"X":"640300.50000000000","Y":"9206556.50000000000","Rotation":0,"NAMOBJ":"Karangsambigalih","WADMKC":"Sugio","WADMKK":"Lamongan"},"geometry":{"type":"Point","coordinates":[112.3,-7.2]}},{"type":"Feature","properties":{"Line":"R122","Tr":2747,"X":"640300.50000000000","Y":"9206544.00000000000","Rotation":0,"NAMOBJ":"Karangsambigalih","WADMKC":"Sugio","WADMKK":"Lamongan"},"geometry":{"type":"Point","coordinates":[112.3,-7.2]}},{"type":"Feature","properties":{"Line":"R122","Tr":2748,"X":"640300.50000000000","Y":"9206531.50000000000","Rotation":0,"NAMOBJ":"Karangsambigalih","WADMKC":"Sugio","WADMKK":"Lamongan"},"geometry":{"type":"Point","coordinates":[112.3,-7.2]}},{"type":"Feature","properties":{"Line":"R122","Tr":2749,"X":"640300.50000000000","Y":"9206519.00000000000","Rotation":0,"NAMOBJ":"Karangsambigalih","WADMKC":"Sugio","WADMKK":"Lamongan"},"geometry":{"type":"Point","coordinates":[112.3,-7.2]}},{"type":"Feature","properties":{"Line":"R122","Tr":2750,"X":"640300.50000000000","Y":"9206506.50000000000","Rotation":0,"NAMOBJ":"Karangsambigalih","WADMKC":"Sugio","WADMKK":"Lamongan"},"geometry":{"type":"Point","coordinates":[112.3,-7.2]}},{"type":"Feature","properties":{"Line":"R122","Tr":2751,"X":"640300.50000000000","Y":"9206494.00000000000","Rotation":0,"NAMOBJ":"Karangsambigalih","WADMKC":"Sugio","WADMKK":"Lamongan"},"geometry":{"type":"Point","coordinates":[112.3,-7.2]}},{"type":"Feature","properties":{"Line":"R122","Tr":2752,"X":"640300.50000000000","Y":"9206481.50000000000","Rotation":0,"NAMOBJ":"Karangsambigalih","WADMKC":"Sugio","WADMKK":"Lamongan"},"geometry":{"type":"Point","coordinates":[112.3,-7.2]}},{"type":"Feature","properties":{"Line":"R122","Tr":2753,"X":"640300.50000000000","Y":"9206469.00000000000","Rotation":0,"NAMOBJ":"Karangsambigalih","WADMKC":"Sugio","WADMKK":"Lamongan"},"geometry":{"type":"Point","coordinates":[112.3,-7.2]}},{"type":"Feature","properties":{"Line":"R122","Tr":2754,"X":"640300.50000000000","Y":"9206456.50000000000","Rotation":0,"NAMOBJ":"Karangsambigalih","WADMKC":"Sugio","WADMKK":"Lamongan"},"geometry":{"type":"Point","coordinates":[112.3,-7.2]}},{"type":"Feature","properties":{"Line":"R122","Tr":2755,"X":"640300.50000000000","Y":"9206444.00000000000","Rotation":0,"NAMOBJ":"Karangsambigalih","WADMKC":"Sugio","WADMKK":"Lamongan"},"geometry":{"type":"Point","coordinates":[112.3,-7.2]}},{"type":"Feature","properties":{"Line":"R122","Tr":2756,"X":"640300.50000000000","Y":"9206431.50000000000","Rotation":0,"NAMOBJ":"Karangsambigalih","WADMKC":"Sugio","WADMKK":"Lamongan"},"geometry":{"type":"Point","coordinates":[112.3,-7.2]}},{"type":"Feature","properties":{"Line":"R122","Tr":2757,"X":"640300.50000000000","Y":"9206419.00000000000","Rotation":0,"NAMOBJ":"Karangsambigalih","WADMKC":"Sugio","WADMKK":"Lamongan"},"geometry":{"type":"Point","coordinates":[112.3,-7.2]}},{"type":"Feature","properties":{"Line":"R122","Tr":2758,"X":"640300.50000000000","Y":"9206406.50000000000","Rotation":0,"NAMOBJ":"Karangsambigalih","WADMKC":"Sugio","WADMKK":"Lamongan"},"geometry":{"type":"Point","coordinates":[112.3,-7.2]}},{"type":"Feature","properties":{"Line":"R122","Tr":2759,"X":"640300.50000000000","Y":"9206394.00000000000","Rotation":0,"NAMOBJ":"Karangsambigalih","WADMKC":"Sugio","WADMKK":"Lamongan"},"geometry":{"type":"Point","coordinates":[112.3,-7.2]}},{"type":"Feature","properties":{"Line":"R122","Tr":2760,"X":"640300.50000000000","Y":"9206381.50000000000","Rotation":0,"NAMOBJ":"Karangsambigalih","WADMKC":"Sugio","WADMKK":"Lamongan"},"geometry":{"type":"Point","coordinates":[112.3,-7.2]}},{"type":"Feature","properties":{"Line":"R122","Tr":2761,"X":"640300.50000000000","Y":"9206369.00000000000","Rotation":0,"NAMOBJ":"Karangsambigalih","WADMKC":"Sugio","WADMKK":"Lamongan"},"geometry":{"type":"Point","coordinates":[112.3,-7.2]}},{"type":"Feature","properties":{"Line":"R122","Tr":2762,"X":"640300.50000000000","Y":"9206356.50000000000","Rotation":0,"NAMOBJ":"Karangsambigalih","WADMKC":"Sugio","WADMKK":"Lamongan"},"geometry":{"type":"Point","coordinates":[112.3,-7.2]}},{"type":"Feature","properties":{"Line":"R122","Tr":2763,"X":"640300.50000000000","Y":"9206344.00000000000","Rotation":0,"NAMOBJ":"Karangsambigalih","WADMKC":"Sugio","WADMKK":"Lamongan"},"geometry":{"type":"Point","coordinates":[112.3,-7.2]}},{"type":"Feature","properties":{"Line":"R122","Tr":2764,"X":"640300.50000000000","Y":"9206331.50000000000","Rotation":0,"NAMOBJ":"Karangsambigalih","WADMKC":"Sugio","WADMKK":"Lamongan"},"geometry":{"type":"Point","coordinates":[112.3,-7.2]}},{"type":"Feature","properties":{"Line":"R122","Tr":2765,"X":"640300.50000000000","Y":"9206319.00000000000","Rotation":0,"NAMOBJ":"Karangsambigalih","WADMKC":"Sugio","WADMKK":"Lamongan"},"geometry":{"type":"Point","coordinates":[112.3,-7.2]}},{"type":"Feature","properties":{"Line":"R122","Tr":2766,"X":"640300.50000000000","Y":"9206306.50000000000","Rotation":0,"NAMOBJ":"Karangsambigalih","WADMKC":"Sugio","WADMKK":"Lamongan"},"geometry":{"type":"Point","coordinates":[112.3,-7.2]}},{"type":"Feature","properties":{"Line":"R122","Tr":2767,"X":"640300.50000000000","Y":"9206294.00000000000","Rotation":0,"NAMOBJ":"Karangsambigalih","WADMKC":"Sugio","WADMKK":"Lamongan"},"geometry":{"type":"Point","coordinates":[112.3,-7.2]}},{"type":"Feature","properties":{"Line":"R122","Tr":2768,"X":"640300.50000000000","Y":"9206281.50000000000","Rotation":0,"NAMOBJ":"Karangsambigalih","WADMKC":"Sugio","WADMKK":"Lamongan"},"geometry":{"type":"Point","coordinates":[112.3,-7.2]}},{"type":"Feature","properties":{"Line":"R122","Tr":2769,"X":"640300.50000000000","Y":"9206269.00000000000","Rotation":0,"NAMOBJ":"Karangsambigalih","WADMKC":"Sugio","WADMKK":"Lamongan"},"geometry":{"type":"Point","coordinates":[112.3,-7.2]}},{"type":"Feature","properties":{"Line":"R122","Tr":2770,"X":"640300.50000000000","Y":"9206256.50000000000","Rotation":0,"NAMOBJ":"Karangsambigalih","WADMKC":"Sugio","WADMKK":"Lamongan"},"geometry":{"type":"Point","coordinates":[112.3,-7.2]}},{"type":"Feature","properties":{"Line":"R122","Tr":2771,"X":"640300.50000000000","Y":"9206244.00000000000","Rotation":0,"NAMOBJ":"Karangsambigalih","WADMKC":"Sugio","WADMKK":"Lamongan"},"geometry":{"type":"Point","coordinates":[112.3,-7.2]}},{"type":"Feature","properties":{"Line":"R122","Tr":2772,"X":"640300.50000000000","Y":"9206231.50000000000","Rotation":0,"NAMOBJ":"Karangsambigalih","WADMKC":"Sugio","WADMKK":"Lamongan"},"geometry":{"type":"Point","coordinates":[112.3,-7.2]}},{"type":"Feature","properties":{"Line":"R122","Tr":2773,"X":"640300.50000000000","Y":"9206219.00000000000","Rotation":0,"NAMOBJ":"Karangsambigalih","WADMKC":"Sugio","WADMKK":"Lamongan"},"geometry":{"type":"Point","coordinates":[112.3,-7.2]}},{"type":"Feature","properties":{"Line":"R122","Tr":2774,"X":"640300.50000000000","Y":"9206206.50000000000","Rotation":0,"NAMOBJ":"Karangsambigalih","WADMKC":"Sugio","WADMKK":"Lamongan"},"geometry":{"type":"Point","coordinates":[112.3,-7.2]}},{"type":"Feature","properties":{"Line":"R122","Tr":2775,"X":"640300.50000000000","Y":"9206194.00000000000","Rotation":0,"NAMOBJ":"Karangsambigalih","WADMKC":"Sugio","WADMKK":"Lamongan"},"geometry":{"type":"Point","coordinates":[112.3,-7.2]}},{"type":"Feature","properties":{"Line":"R122","Tr":2776,"X":"640300.50000000000","Y":"9206181.50000000000","Rotation":0,"NAMOBJ":"Karangsambigalih","WADMKC":"Sugio","WADMKK":"Lamongan"},"geometry":{"type":"Point","coordinates":[112.3,-7.2]}},{"type":"Feature","properties":{"Line":"R122","Tr":2777,"X":"640300.50000000000","Y":"9206169.00000000000","Rotation":0,"NAMOBJ":"Karangsambigalih","WADMKC":"Sugio","WADMKK":"Lamongan"},"geometry":{"type":"Point","coordinates":[112.3,-7.2]}},{"type":"Feature","properties":{"Line":"R122","Tr":2778,"X":"640300.50000000000","Y":"9206156.50000000000","Rotation":0,"NAMOBJ":"Karangsambigalih","WADMKC":"Sugio","WADMKK":"Lamongan"},"geometry":{"type":"Point","coordinates":[112.3,-7.2]}},{"type":"Feature","properties":{"Line":"R122","Tr":2779,"X":"640300.50000000000","Y":"9206144.00000000000","Rotation":0,"NAMOBJ":"Karangsambigalih","WADMKC":"Sugio","WADMKK":"Lamongan"},"geometry":{"type":"Point","coordinates":[112.3,-7.2]}},{"type":"Feature","properties":{"Line":"R122","Tr":2780,"X":"640300.50000000000","Y":"9206131.50000000000","Rotation":0,"NAMOBJ":"Karangsambigalih","WADMKC":"Sugio","WADMKK":"Lamongan"},"geometry":{"type":"Point","coordinates":[112.3,-7.2]}},{"type":"Feature","properties":{"Line":"R122","Tr":2781,"X":"640300.50000000000","Y":"9206119.00000000000","Rotation":0,"NAMOBJ":"Karangsambigalih","WADMKC":"Sugio","WADMKK":"Lamongan"},"geometry":{"type":"Point","coordinates":[112.3,-7.2]}},{"type":"Feature","properties":{"Line":"R122","Tr":2782,"X":"640300.50000000000","Y":"9206106.50000000000","Rotation":0,"NAMOBJ":"Karangsambigalih","WADMKC":"Sugio","WADMKK":"Lamongan"},"geometry":{"type":"Point","coordinates":[112.3,-7.2]}},{"type":"Feature","properties":{"Line":"R122","Tr":2783,"X":"640300.50000000000","Y":"9206094.00000000000","Rotation":0,"NAMOBJ":"Karangsambigalih","WADMKC":"Sugio","WADMKK":"Lamongan"},"geometry":{"type":"Point","coordinates":[112.3,-7.2]}},{"type":"Feature","properties":{"Line":"R122","Tr":2784,"X":"640300.50000000000","Y":"9206081.50000000000","Rotation":0,"NAMOBJ":"Karangsambigalih","WADMKC":"Sugio","WADMKK":"Lamongan"},"geometry":{"type":"Point","coordinates":[112.3,-7.2]}},{"type":"Feature","properties":{"Line":"R122","Tr":2785,"X":"640300.50000000000","Y":"9206069.00000000000","Rotation":0,"NAMOBJ":"Karangsambigalih","WADMKC":"Sugio","WADMKK":"Lamongan"},"geometry":{"type":"Point","coordinates":[112.3,-7.2]}},{"type":"Feature","properties":{"Line":"R122","Tr":2786,"X":"640300.50000000000","Y":"9206056.50000000000","Rotation":0,"NAMOBJ":"Karangsambigalih","WADMKC":"Sugio","WADMKK":"Lamongan"},"geometry":{"type":"Point","coordinates":[112.3,-7.2]}},{"type":"Feature","properties":{"Line":"R122","Tr":2787,"X":"640300.50000000000","Y":"9206044.00000000000","Rotation":0,"NAMOBJ":"Karangsambigalih","WADMKC":"Sugio","WADMKK":"Lamongan"},"geometry":{"type":"Point","coordinates":[112.3,-7.2]}},{"type":"Feature","properties":{"Line":"R122","Tr":2788,"X":"640300.50000000000","Y":"9206031.50000000000","Rotation":0,"NAMOBJ":"Karangsambigalih","WADMKC":"Sugio","WADMKK":"Lamongan"},"geometry":{"type":"Point","coordinates":[112.3,-7.2]}},{"type":"Feature","properties":{"Line":"R122","Tr":2789,"X":"640300.50000000000","Y":"9206019.00000000000","Rotation":0,"NAMOBJ":"Karangsambigalih","WADMKC":"Sugio","WADMKK":"Lamongan"},"geometry":{"type":"Point","coordinates":[112.3,-7.2]}},{"type":"Feature","properties":{"Line":"R122","Tr":2790,"X":"640300.50000000000","Y":"9206006.50000000000","Rotation":0,"NAMOBJ":"Karangsambigalih","WADMKC":"Sugio","WADMKK":"Lamongan"},"geometry":{"type":"Point","coordinates":[112.3,-7.2]}},{"type":"Feature","properties":{"Line":"R122","Tr":2791,"X":"640300.50000000000","Y":"9205994.00000000000","Rotation":0,"NAMOBJ":"Karangsambigalih","WADMKC":"Sugio","WADMKK":"Lamongan"},"geometry":{"type":"Point","coordinates":[112.3,-7.2]}},{"type":"Feature","properties":{"Line":"R122","Tr":2792,"X":"640300.50000000000","Y":"9205981.50000000000","Rotation":0,"NAMOBJ":"Karangsambigalih","WADMKC":"Sugio","WADMKK":"Lamongan"},"geometry":{"type":"Point","coordinates":[112.3,-7.2]}},{"type":"Feature","properties":{"Line":"R124","Tr":2624,"X":"641300.50000000000","Y":"9208631.50000000000","Rotation":0,"NAMOBJ":"Karangsambigalih","WADMKC":"Sugio","WADMKK":"Lamongan"},"geometry":{"type":"Point","coordinates":[112.3,-7.2]}},{"type":"Feature","properties":{"Line":"R124","Tr":2625,"X":"641300.50000000000","Y":"9208619.00000000000","Rotation":0,"NAMOBJ":"Karangsambigalih","WADMKC":"Sugio","WADMKK":"Lamongan"},"geometry":{"type":"Point","coordinates":[112.3,-7.2]}},{"type":"Feature","properties":{"Line":"R124","Tr":2626,"X":"641300.50000000000","Y":"9208606.50000000000","Rotation":0,"NAMOBJ":"Karangsambigalih","WADMKC":"Sugio","WADMKK":"Lamongan"},"geometry":{"type":"Point","coordinates":[112.3,-7.2]}},{"type":"Feature","properties":{"Line":"R124","Tr":2627,"X":"641300.50000000000","Y":"9208594.00000000000","Rotation":0,"NAMOBJ":"Karangsambigalih","WADMKC":"Sugio","WADMKK":"Lamongan"},"geometry":{"type":"Point","coordinates":[112.3,-7.2]}},{"type":"Feature","properties":{"Line":"R124","Tr":2628,"X":"641300.50000000000","Y":"9208581.50000000000","Rotation":0,"NAMOBJ":"Karangsambigalih","WADMKC":"Sugio","WADMKK":"Lamongan"},"geometry":{"type":"Point","coordinates":[112.3,-7.2]}},{"type":"Feature","properties":{"Line":"R124","Tr":2629,"X":"641300.50000000000","Y":"9208569.00000000000","Rotation":0,"NAMOBJ":"Karangsambigalih","WADMKC":"Sugio","WADMKK":"Lamongan"},"geometry":{"type":"Point","coordinates":[112.3,-7.2]}},{"type":"Feature","properties":{"Line":"R124","Tr":2630,"X":"641300.50000000000","Y":"9208556.50000000000","Rotation":0,"NAMOBJ":"Karangsambigalih","WADMKC":"Sugio","WADMKK":"Lamongan"},"geometry":{"type":"Point","coordinates":[112.3,-7.2]}},{"type":"Feature","properties":{"Line":"R124","Tr":2631,"X":"641300.50000000000","Y":"9208544.00000000000","Rotation":0,"NAMOBJ":"Karangsambigalih","WADMKC":"Sugio","WADMKK":"Lamongan"},"geometry":{"type":"Point","coordinates":[112.3,-7.2]}},{"type":"Feature","properties":{"Line":"R124","Tr":2632,"X":"641300.50000000000","Y":"9208531.50000000000","Rotation":0,"NAMOBJ":"Karangsambigalih","WADMKC":"Sugio","WADMKK":"Lamongan"},"geometry":{"type":"Point","coordinates":[112.3,-7.2]}},{"type":"Feature","properties":{"Line":"R124","Tr":2633,"X":"641300.50000000000","Y":"9208519.00000000000","Rotation":0,"NAMOBJ":"Karangsambigalih","WADMKC":"Sugio","WADMKK":"Lamongan"},"geometry":{"type":"Point","coordinates":[112.3,-7.2]}},{"type":"Feature","properties":{"Line":"R124","Tr":2634,"X":"641300.50000000000","Y":"9208506.50000000000","Rotation":0,"NAMOBJ":"Karangsambigalih","WADMKC":"Sugio","WADMKK":"Lamongan"},"geometry":{"type":"Point","coordinates":[112.3,-7.2]}},{"type":"Feature","properties":{"Line":"R124","Tr":2635,"X":"641300.50000000000","Y":"9208494.00000000000","Rotation":0,"NAMOBJ":"Karangsambigalih","WADMKC":"Sugio","WADMKK":"Lamongan"},"geometry":{"type":"Point","coordinates":[112.3,-7.2]}},{"type":"Feature","properties":{"Line":"R124","Tr":2636,"X":"641300.50000000000","Y":"9208481.50000000000","Rotation":0,"NAMOBJ":"Karangsambigalih","WADMKC":"Sugio","WADMKK":"Lamongan"},"geometry":{"type":"Point","coordinates":[112.3,-7.2]}},{"type":"Feature","properties":{"Line":"R124","Tr":2637,"X":"641300.50000000000","Y":"9208469.00000000000","Rotation":0,"NAMOBJ":"Karangsambigalih","WADMKC":"Sugio","WADMKK":"Lamongan"},"geometry":{"type":"Point","coordinates":[112.3,-7.2]}},{"type":"Feature","properties":{"Line":"R124","Tr":2638,"X":"641300.50000000000","Y":"9208456.50000000000","Rotation":0,"NAMOBJ":"Karangsambigalih","WADMKC":"Sugio","WADMKK":"Lamongan"},"geometry":{"type":"Point","coordinates":[112.3,-7.2]}},{"type":"Feature","properties":{"Line":"R124","Tr":2639,"X":"641300.50000000000","Y":"9208444.00000000000","Rotation":0,"NAMOBJ":"Karangsambigalih","WADMKC":"Sugio","WADMKK":"Lamongan"},"geometry":{"type":"Point","coordinates":[112.3,-7.2]}},{"type":"Feature","properties":{"Line":"R124","Tr":2640,"X":"641300.50000000000","Y":"9208431.50000000000","Rotation":0,"NAMOBJ":"Karangsambigalih","WADMKC":"Sugio","WADMKK":"Lamongan"},"geometry":{"type":"Point","coordinates":[112.3,-7.2]}},{"type":"Feature","properties":{"Line":"R124","Tr":2641,"X":"641300.50000000000","Y":"9208419.00000000000","Rotation":0,"NAMOBJ":"Karangsambigalih","WADMKC":"Sugio","WADMKK":"Lamongan"},"geometry":{"type":"Point","coordinates":[112.3,-7.2]}},{"type":"Feature","properties":{"Line":"R124","Tr":2642,"X":"641300.50000000000","Y":"9208406.50000000000","Rotation":0,"NAMOBJ":"Karangsambigalih","WADMKC":"Sugio","WADMKK":"Lamongan"},"geometry":{"type":"Point","coordinates":[112.3,-7.2]}},{"type":"Feature","properties":{"Line":"R124","Tr":2643,"X":"641300.50000000000","Y":"9208394.00000000000","Rotation":0,"NAMOBJ":"Karangsambigalih","WADMKC":"Sugio","WADMKK":"Lamongan"},"geometry":{"type":"Point","coordinates":[112.3,-7.2]}},{"type":"Feature","properties":{"Line":"R124","Tr":2644,"X":"641300.50000000000","Y":"9208381.50000000000","Rotation":0,"NAMOBJ":"Karangsambigalih","WADMKC":"Sugio","WADMKK":"Lamongan"},"geometry":{"type":"Point","coordinates":[112.3,-7.2]}},{"type":"Feature","properties":{"Line":"R124","Tr":2645,"X":"641300.50000000000","Y":"9208369.00000000000","Rotation":0,"NAMOBJ":"Karangsambigalih","WADMKC":"Sugio","WADMKK":"Lamongan"},"geometry":{"type":"Point","coordinates":[112.3,-7.2]}},{"type":"Feature","properties":{"Line":"R124","Tr":2646,"X":"641300.50000000000","Y":"9208356.50000000000","Rotation":0,"NAMOBJ":"Karangsambigalih","WADMKC":"Sugio","WADMKK":"Lamongan"},"geometry":{"type":"Point","coordinates":[112.3,-7.2]}},{"type":"Feature","properties":{"Line":"R124","Tr":2647,"X":"641300.50000000000","Y":"9208344.00000000000","Rotation":0,"NAMOBJ":"Karangsambigalih","WADMKC":"Sugio","WADMKK":"Lamongan"},"geometry":{"type":"Point","coordinates":[112.3,-7.2]}},{"type":"Feature","properties":{"Line":"R124","Tr":2648,"X":"641300.50000000000","Y":"9208331.50000000000","Rotation":0,"NAMOBJ":"Karangsambigalih","WADMKC":"Sugio","WADMKK":"Lamongan"},"geometry":{"type":"Point","coordinates":[112.3,-7.2]}},{"type":"Feature","properties":{"Line":"R124","Tr":2651,"X":"641300.50000000000","Y":"9208294.00000000000","Rotation":0,"NAMOBJ":"Karangsambigalih","WADMKC":"Sugio","WADMKK":"Lamongan"},"geometry":{"type":"Point","coordinates":[112.3,-7.2]}},{"type":"Feature","properties":{"Line":"R124","Tr":2652,"X":"641300.50000000000","Y":"9208281.50000000000","Rotation":0,"NAMOBJ":"Karangsambigalih","WADMKC":"Sugio","WADMKK":"Lamongan"},"geometry":{"type":"Point","coordinates":[112.3,-7.2]}},{"type":"Feature","properties":{"Line":"R124","Tr":2653,"X":"641300.50000000000","Y":"9208269.00000000000","Rotation":0,"NAMOBJ":"Karangsambigalih","WADMKC":"Sugio","WADMKK":"Lamongan"},"geometry":{"type":"Point","coordinates":[112.3,-7.2]}},{"type":"Feature","properties":{"Line":"R124","Tr":2654,"X":"641300.50000000000","Y":"9208256.50000000000","Rotation":0,"NAMOBJ":"Karangsambigalih","WADMKC":"Sugio","WADMKK":"Lamongan"},"geometry":{"type":"Point","coordinates":[112.3,-7.2]}},{"type":"Feature","properties":{"Line":"R124","Tr":2655,"X":"641300.50000000000","Y":"9208244.00000000000","Rotation":0,"NAMOBJ":"Karangsambigalih","WADMKC":"Sugio","WADMKK":"Lamongan"},"geometry":{"type":"Point","coordinates":[112.3,-7.2]}},{"type":"Feature","properties":{"Line":"R124","Tr":2656,"X":"641300.50000000000","Y":"9208231.50000000000","Rotation":0,"NAMOBJ":"Karangsambigalih","WADMKC":"Sugio","WADMKK":"Lamongan"},"geometry":{"type":"Point","coordinates":[112.3,-7.2]}},{"type":"Feature","properties":{"Line":"R124","Tr":2657,"X":"641300.50000000000","Y":"9208219.00000000000","Rotation":0,"NAMOBJ":"Karangsambigalih","WADMKC":"Sugio","WADMKK":"Lamongan"},"geometry":{"type":"Point","coordinates":[112.3,-7.2]}},{"type":"Feature","properties":{"Line":"R124","Tr":2757,"X":"641300.50000000000","Y":"9206969.00000000000","Rotation":0,"NAMOBJ":"Karangsambigalih","WADMKC":"Sugio","WADMKK":"Lamongan"},"geometry":{"type":"Point","coordinates":[112.3,-7.2]}},{"type":"Feature","properties":{"Line":"R124","Tr":2758,"X":"641300.50000000000","Y":"9206956.50000000000","Rotation":0,"NAMOBJ":"Karangsambigalih","WADMKC":"Sugio","WADMKK":"Lamongan"},"geometry":{"type":"Point","coordinates":[112.3,-7.2]}},{"type":"Feature","properties":{"Line":"R124","Tr":2759,"X":"641300.50000000000","Y":"9206944.00000000000","Rotation":0,"NAMOBJ":"Karangsambigalih","WADMKC":"Sugio","WADMKK":"Lamongan"},"geometry":{"type":"Point","coordinates":[112.3,-7.2]}},{"type":"Feature","properties":{"Line":"R124","Tr":2760,"X":"641300.50000000000","Y":"9206931.50000000000","Rotation":0,"NAMOBJ":"Karangsambigalih","WADMKC":"Sugio","WADMKK":"Lamongan"},"geometry":{"type":"Point","coordinates":[112.3,-7.2]}},{"type":"Feature","properties":{"Line":"R124","Tr":2761,"X":"641300.50000000000","Y":"9206919.00000000000","Rotation":0,"NAMOBJ":"Karangsambigalih","WADMKC":"Sugio","WADMKK":"Lamongan"},"geometry":{"type":"Point","coordinates":[112.3,-7.2]}},{"type":"Feature","properties":{"Line":"R124","Tr":2762,"X":"641300.50000000000","Y":"9206906.50000000000","Rotation":0,"NAMOBJ":"Karangsambigalih","WADMKC":"Sugio","WADMKK":"Lamongan"},"geometry":{"type":"Point","coordinates":[112.3,-7.2]}},{"type":"Feature","properties":{"Line":"R124","Tr":2763,"X":"641300.50000000000","Y":"9206894.00000000000","Rotation":0,"NAMOBJ":"Karangsambigalih","WADMKC":"Sugio","WADMKK":"Lamongan"},"geometry":{"type":"Point","coordinates":[112.3,-7.2]}},{"type":"Feature","properties":{"Line":"R124","Tr":2764,"X":"641300.50000000000","Y":"9206881.50000000000","Rotation":0,"NAMOBJ":"Karangsambigalih","WADMKC":"Sugio","WADMKK":"Lamongan"},"geometry":{"type":"Point","coordinates":[112.3,-7.2]}},{"type":"Feature","properties":{"Line":"R124","Tr":2765,"X":"641300.50000000000","Y":"9206869.00000000000","Rotation":0,"NAMOBJ":"Karangsambigalih","WADMKC":"Sugio","WADMKK":"Lamongan"},"geometry":{"type":"Point","coordinates":[112.3,-7.2]}},{"type":"Feature","properties":{"Line":"R124","Tr":2766,"X":"641300.50000000000","Y":"9206856.50000000000","Rotation":0,"NAMOBJ":"Karangsambigalih","WADMKC":"Sugio","WADMKK":"Lamongan"},"geometry":{"type":"Point","coordinates":[112.3,-7.2]}},{"type":"Feature","properties":{"Line":"R124","Tr":2767,"X":"641300.50000000000","Y":"9206844.00000000000","Rotation":0,"NAMOBJ":"Karangsambigalih","WADMKC":"Sugio","WADMKK":"Lamongan"},"geometry":{"type":"Point","coordinates":[112.3,-7.2]}},{"type":"Feature","properties":{"Line":"R124","Tr":2768,"X":"641300.50000000000","Y":"9206831.50000000000","Rotation":0,"NAMOBJ":"Karangsambigalih","WADMKC":"Sugio","WADMKK":"Lamongan"},"geometry":{"type":"Point","coordinates":[112.3,-7.2]}},{"type":"Feature","properties":{"Line":"R124","Tr":2769,"X":"641300.50000000000","Y":"9206819.00000000000","Rotation":0,"NAMOBJ":"Karangsambigalih","WADMKC":"Sugio","WADMKK":"Lamongan"},"geometry":{"type":"Point","coordinates":[112.3,-7.2]}},{"type":"Feature","properties":{"Line":"R124","Tr":2770,"X":"641300.50000000000","Y":"9206806.50000000000","Rotation":0,"NAMOBJ":"Karangsambigalih","WADMKC":"Sugio","WADMKK":"Lamongan"},"geometry":{"type":"Point","coordinates":[112.3,-7.2]}},{"type":"Feature","properties":{"Line":"R124","Tr":2771,"X":"641300.50000000000","Y":"9206794.00000000000","Rotation":0,"NAMOBJ":"Karangsambigalih","WADMKC":"Sugio","WADMKK":"Lamongan"},"geometry":{"type":"Point","coordinates":[112.3,-7.2]}},{"type":"Feature","properties":{"Line":"R124","Tr":2772,"X":"641300.50000000000","Y":"9206781.50000000000","Rotation":0,"NAMOBJ":"Karangsambigalih","WADMKC":"Sugio","WADMKK":"Lamongan"},"geometry":{"type":"Point","coordinates":[112.3,-7.2]}},{"type":"Feature","properties":{"Line":"R124","Tr":2773,"X":"641300.50000000000","Y":"9206769.00000000000","Rotation":0,"NAMOBJ":"Karangsambigalih","WADMKC":"Sugio","WADMKK":"Lamongan"},"geometry":{"type":"Point","coordinates":[112.3,-7.2]}},{"type":"Feature","properties":{"Line":"R124","Tr":2774,"X":"641300.50000000000","Y":"9206756.50000000000","Rotation":0,"NAMOBJ":"Karangsambigalih","WADMKC":"Sugio","WADMKK":"Lamongan"},"geometry":{"type":"Point","coordinates":[112.3,-7.2]}},{"type":"Feature","properties":{"Line":"R124","Tr":2775,"X":"641300.50000000000","Y":"9206744.00000000000","Rotation":0,"NAMOBJ":"Karangsambigalih","WADMKC":"Sugio","WADMKK":"Lamongan"},"geometry":{"type":"Point","coordinates":[112.3,-7.2]}},{"type":"Feature","properties":{"Line":"R124","Tr":2776,"X":"641300.50000000000","Y":"9206731.50000000000","Rotation":0,"NAMOBJ":"Karangsambigalih","WADMKC":"Sugio","WADMKK":"Lamongan"},"geometry":{"type":"Point","coordinates":[112.3,-7.2]}},{"type":"Feature","properties":{"Line":"R124","Tr":2777,"X":"641300.50000000000","Y":"9206719.00000000000","Rotation":0,"NAMOBJ":"Karangsambigalih","WADMKC":"Sugio","WADMKK":"Lamongan"},"geometry":{"type":"Point","coordinates":[112.3,-7.2]}},{"type":"Feature","properties":{"Line":"R124","Tr":2778,"X":"641300.50000000000","Y":"9206706.50000000000","Rotation":0,"NAMOBJ":"Karangsambigalih","WADMKC":"Sugio","WADMKK":"Lamongan"},"geometry":{"type":"Point","coordinates":[112.3,-7.2]}},{"type":"Feature","properties":{"Line":"R124","Tr":2779,"X":"641300.50000000000","Y":"9206694.00000000000","Rotation":0,"NAMOBJ":"Karangsambigalih","WADMKC":"Sugio","WADMKK":"Lamongan"},"geometry":{"type":"Point","coordinates":[112.3,-7.2]}},{"type":"Feature","properties":{"Line":"R124","Tr":2780,"X":"641300.50000000000","Y":"9206681.50000000000","Rotation":0,"NAMOBJ":"Karangsambigalih","WADMKC":"Sugio","WADMKK":"Lamongan"},"geometry":{"type":"Point","coordinates":[112.3,-7.2]}},{"type":"Feature","properties":{"Line":"R124","Tr":2781,"X":"641300.50000000000","Y":"9206669.00000000000","Rotation":0,"NAMOBJ":"Karangsambigalih","WADMKC":"Sugio","WADMKK":"Lamongan"},"geometry":{"type":"Point","coordinates":[112.3,-7.2]}},{"type":"Feature","properties":{"Line":"R124","Tr":2782,"X":"641300.50000000000","Y":"9206656.50000000000","Rotation":0,"NAMOBJ":"Karangsambigalih","WADMKC":"Sugio","WADMKK":"Lamongan"},"geometry":{"type":"Point","coordinates":[112.3,-7.2]}},{"type":"Feature","properties":{"Line":"R124","Tr":2783,"X":"641300.50000000000","Y":"9206644.00000000000","Rotation":0,"NAMOBJ":"Karangsambigalih","WADMKC":"Sugio","WADMKK":"Lamongan"},"geometry":{"type":"Point","coordinates":[112.3,-7.2]}},{"type":"Feature","properties":{"Line":"R124","Tr":2784,"X":"641300.50000000000","Y":"9206631.50000000000","Rotation":0,"NAMOBJ":"Karangsambigalih","WADMKC":"Sugio","WADMKK":"Lamongan"},"geometry":{"type":"Point","coordinates":[112.3,-7.2]}},{"type":"Feature","properties":{"Line":"R124","Tr":2785,"X":"641300.50000000000","Y":"9206619.00000000000","Rotation":0,"NAMOBJ":"Karangsambigalih","WADMKC":"Sugio","WADMKK":"Lamongan"},"geometry":{"type":"Point","coordinates":[112.3,-7.2]}},{"type":"Feature","properties":{"Line":"R124","Tr":2786,"X":"641300.50000000000","Y":"9206606.50000000000","Rotation":0,"NAMOBJ":"Karangsambigalih","WADMKC":"Sugio","WADMKK":"Lamongan"},"geometry":{"type":"Point","coordinates":[112.3,-7.2]}},{"type":"Feature","properties":{"Line":"R124","Tr":2787,"X":"641300.50000000000","Y":"9206594.00000000000","Rotation":0,"NAMOBJ":"Karangsambigalih","WADMKC":"Sugio","WADMKK":"Lamongan"},"geometry":{"type":"Point","coordinates":[112.3,-7.2]}},{"type":"Feature","properties":{"Line":"R124","Tr":2788,"X":"641300.50000000000","Y":"9206581.50000000000","Rotation":0,"NAMOBJ":"Karangsambigalih","WADMKC":"Sugio","WADMKK":"Lamongan"},"geometry":{"type":"Point","coordinates":[112.3,-7.2]}},{"type":"Feature","properties":{"Line":"R124","Tr":2789,"X":"641300.50000000000","Y":"9206569.00000000000","Rotation":0,"NAMOBJ":"Karangsambigalih","WADMKC":"Sugio","WADMKK":"Lamongan"},"geometry":{"type":"Point","coordinates":[112.3,-7.2]}},{"type":"Feature","properties":{"Line":"R124","Tr":2790,"X":"641300.50000000000","Y":"9206556.50000000000","Rotation":0,"NAMOBJ":"Karangsambigalih","WADMKC":"Sugio","WADMKK":"Lamongan"},"geometry":{"type":"Point","coordinates":[112.3,-7.2]}},{"type":"Feature","properties":{"Line":"R124","Tr":2791,"X":"641300.50000000000","Y":"9206544.00000000000","Rotation":0,"NAMOBJ":"Karangsambigalih","WADMKC":"Sugio","WADMKK":"Lamongan"},"geometry":{"type":"Point","coordinates":[112.3,-7.2]}},{"type":"Feature","properties":{"Line":"R124","Tr":2792,"X":"641300.50000000000","Y":"9206531.50000000000","Rotation":0,"NAMOBJ":"Karangsambigalih","WADMKC":"Sugio","WADMKK":"Lamongan"},"geometry":{"type":"Point","coordinates":[112.3,-7.2]}},{"type":"Feature","properties":{"Line":"R124","Tr":2793,"X":"641300.50000000000","Y":"9206519.00000000000","Rotation":0,"NAMOBJ":"Karangsambigalih","WADMKC":"Sugio","WADMKK":"Lamongan"},"geometry":{"type":"Point","coordinates":[112.3,-7.2]}},{"type":"Feature","properties":{"Line":"R124","Tr":2794,"X":"641300.50000000000","Y":"9206506.50000000000","Rotation":0,"NAMOBJ":"Karangsambigalih","WADMKC":"Sugio","WADMKK":"Lamongan"},"geometry":{"type":"Point","coordinates":[112.3,-7.2]}},{"type":"Feature","properties":{"Line":"R124","Tr":2795,"X":"641300.50000000000","Y":"9206494.00000000000","Rotation":0,"NAMOBJ":"Karangsambigalih","WADMKC":"Sugio","WADMKK":"Lamongan"},"geometry":{"type":"Point","coordinates":[112.3,-7.2]}},{"type":"Feature","properties":{"Line":"R124","Tr":2796,"X":"641300.50000000000","Y":"9206481.50000000000","Rotation":0,"NAMOBJ":"Karangsambigalih","WADMKC":"Sugio","WADMKK":"Lamongan"},"geometry":{"type":"Point","coordinates":[112.3,-7.2]}},{"type":"Feature","properties":{"Line":"R124","Tr":2797,"X":"641300.50000000000","Y":"9206469.00000000000","Rotation":0,"NAMOBJ":"Karangsambigalih","WADMKC":"Sugio","WADMKK":"Lamongan"},"geometry":{"type":"Point","coordinates":[112.3,-7.2]}},{"type":"Feature","properties":{"Line":"R124","Tr":2798,"X":"641300.50000000000","Y":"9206456.50000000000","Rotation":0,"NAMOBJ":"Karangsambigalih","WADMKC":"Sugio","WADMKK":"Lamongan"},"geometry":{"type":"Point","coordinates":[112.3,-7.2]}},{"type":"Feature","properties":{"Line":"R124","Tr":2799,"X":"641300.50000000000","Y":"9206444.00000000000","Rotation":0,"NAMOBJ":"Karangsambigalih","WADMKC":"Sugio","WADMKK":"Lamongan"},"geometry":{"type":"Point","coordinates":[112.3,-7.2]}},{"type":"Feature","properties":{"Line":"R124","Tr":2800,"X":"641300.50000000000","Y":"9206431.50000000000","Rotation":0,"NAMOBJ":"Karangsambigalih","WADMKC":"Sugio","WADMKK":"Lamongan"},"geometry":{"type":"Point","coordinates":[112.3,-7.2]}},{"type":"Feature","properties":{"Line":"R124","Tr":2801,"X":"641300.50000000000","Y":"9206419.00000000000","Rotation":0,"NAMOBJ":"Karangsambigalih","WADMKC":"Sugio","WADMKK":"Lamongan"},"geometry":{"type":"Point","coordinates":[112.3,-7.2]}},{"type":"Feature","properties":{"Line":"R124","Tr":2802,"X":"641300.50000000000","Y":"9206406.50000000000","Rotation":0,"NAMOBJ":"Karangsambigalih","WADMKC":"Sugio","WADMKK":"Lamongan"},"geometry":{"type":"Point","coordinates":[112.3,-7.2]}},{"type":"Feature","properties":{"Line":"R124","Tr":2803,"X":"641300.50000000000","Y":"9206394.00000000000","Rotation":0,"NAMOBJ":"Karangsambigalih","WADMKC":"Sugio","WADMKK":"Lamongan"},"geometry":{"type":"Point","coordinates":[112.3,-7.2]}},{"type":"Feature","properties":{"Line":"R124","Tr":2804,"X":"641300.50000000000","Y":"9206381.50000000000","Rotation":0,"NAMOBJ":"Karangsambigalih","WADMKC":"Sugio","WADMKK":"Lamongan"},"geometry":{"type":"Point","coordinates":[112.3,-7.2]}},{"type":"Feature","properties":{"Line":"R124","Tr":2805,"X":"641300.50000000000","Y":"9206369.00000000000","Rotation":0,"NAMOBJ":"Karangsambigalih","WADMKC":"Sugio","WADMKK":"Lamongan"},"geometry":{"type":"Point","coordinates":[112.3,-7.2]}},{"type":"Feature","properties":{"Line":"R124","Tr":2806,"X":"641300.50000000000","Y":"9206356.50000000000","Rotation":0,"NAMOBJ":"Karangsambigalih","WADMKC":"Sugio","WADMKK":"Lamongan"},"geometry":{"type":"Point","coordinates":[112.3,-7.2]}},{"type":"Feature","properties":{"Line":"R124","Tr":2807,"X":"641300.50000000000","Y":"9206344.00000000000","Rotation":0,"NAMOBJ":"Karangsambigalih","WADMKC":"Sugio","WADMKK":"Lamongan"},"geometry":{"type":"Point","coordinates":[112.3,-7.2]}},{"type":"Feature","properties":{"Line":"R124","Tr":2808,"X":"641300.50000000000","Y":"9206331.50000000000","Rotation":0,"NAMOBJ":"Karangsambigalih","WADMKC":"Sugio","WADMKK":"Lamongan"},"geometry":{"type":"Point","coordinates":[112.3,-7.2]}},{"type":"Feature","properties":{"Line":"R124","Tr":2809,"X":"641300.50000000000","Y":"9206319.00000000000","Rotation":0,"NAMOBJ":"Karangsambigalih","WADMKC":"Sugio","WADMKK":"Lamongan"},"geometry":{"type":"Point","coordinates":[112.3,-7.2]}},{"type":"Feature","properties":{"Line":"R124","Tr":2810,"X":"641300.50000000000","Y":"9206306.50000000000","Rotation":0,"NAMOBJ":"Karangsambigalih","WADMKC":"Sugio","WADMKK":"Lamongan"},"geometry":{"type":"Point","coordinates":[112.3,-7.2]}},{"type":"Feature","properties":{"Line":"R124","Tr":2811,"X":"641300.50000000000","Y":"9206294.00000000000","Rotation":0,"NAMOBJ":"Karangsambigalih","WADMKC":"Sugio","WADMKK":"Lamongan"},"geometry":{"type":"Point","coordinates":[112.3,-7.2]}},{"type":"Feature","properties":{"Line":"R124","Tr":2812,"X":"641300.50000000000","Y":"9206281.50000000000","Rotation":0,"NAMOBJ":"Karangsambigalih","WADMKC":"Sugio","WADMKK":"Lamongan"},"geometry":{"type":"Point","coordinates":[112.3,-7.2]}},{"type":"Feature","properties":{"Line":"R124","Tr":2813,"X":"641300.50000000000","Y":"9206269.00000000000","Rotation":0,"NAMOBJ":"Karangsambigalih","WADMKC":"Sugio","WADMKK":"Lamongan"},"geometry":{"type":"Point","coordinates":[112.3,-7.2]}},{"type":"Feature","properties":{"Line":"R124","Tr":2814,"X":"641300.50000000000","Y":"9206256.50000000000","Rotation":0,"NAMOBJ":"Karangsambigalih","WADMKC":"Sugio","WADMKK":"Lamongan"},"geometry":{"type":"Point","coordinates":[112.3,-7.2]}},{"type":"Feature","properties":{"Line":"R124","Tr":2815,"X":"641300.50000000000","Y":"9206244.00000000000","Rotation":0,"NAMOBJ":"Karangsambigalih","WADMKC":"Sugio","WADMKK":"Lamongan"},"geometry":{"type":"Point","coordinates":[112.3,-7.2]}},{"type":"Feature","properties":{"Line":"R124","Tr":2816,"X":"641300.50000000000","Y":"9206231.50000000000","Rotation":0,"NAMOBJ":"Karangsambigalih","WADMKC":"Sugio","WADMKK":"Lamongan"},"geometry":{"type":"Point","coordinates":[112.3,-7.2]}},{"type":"Feature","properties":{"Line":"R124","Tr":2817,"X":"641300.50000000000","Y":"9206219.00000000000","Rotation":0,"NAMOBJ":"Karangsambigalih","WADMKC":"Sugio","WADMKK":"Lamongan"},"geometry":{"type":"Point","coordinates":[112.3,-7.2]}},{"type":"Feature","properties":{"Line":"R124","Tr":2818,"X":"641300.50000000000","Y":"9206206.50000000000","Rotation":0,"NAMOBJ":"Karangsambigalih","WADMKC":"Sugio","WADMKK":"Lamongan"},"geometry":{"type":"Point","coordinates":[112.3,-7.2]}},{"type":"Feature","properties":{"Line":"R124","Tr":2819,"X":"641300.50000000000","Y":"9206194.00000000000","Rotation":0,"NAMOBJ":"Karangsambigalih","WADMKC":"Sugio","WADMKK":"Lamongan"},"geometry":{"type":"Point","coordinates":[112.3,-7.2]}},{"type":"Feature","properties":{"Line":"R124","Tr":2820,"X":"641300.50000000000","Y":"9206181.50000000000","Rotation":0,"NAMOBJ":"Karangsambigalih","WADMKC":"Sugio","WADMKK":"Lamongan"},"geometry":{"type":"Point","coordinates":[112.3,-7.2]}},{"type":"Feature","properties":{"Line":"R124","Tr":2821,"X":"641300.50000000000","Y":"9206169.00000000000","Rotation":0,"NAMOBJ":"Karangsambigalih","WADMKC":"Sugio","WADMKK":"Lamongan"},"geometry":{"type":"Point","coordinates":[112.3,-7.2]}},{"type":"Feature","properties":{"Line":"R124","Tr":2822,"X":"641300.50000000000","Y":"9206156.50000000000","Rotation":0,"NAMOBJ":"Karangsambigalih","WADMKC":"Sugio","WADMKK":"Lamongan"},"geometry":{"type":"Point","coordinates":[112.3,-7.2]}},{"type":"Feature","properties":{"Line":"R124","Tr":2823,"X":"641300.50000000000","Y":"9206144.00000000000","Rotation":0,"NAMOBJ":"Karangsambigalih","WADMKC":"Sugio","WADMKK":"Lamongan"},"geometry":{"type":"Point","coordinates":[112.3,-7.2]}},{"type":"Feature","properties":{"Line":"R124","Tr":2824,"X":"641300.50000000000","Y":"9206131.50000000000","Rotation":0,"NAMOBJ":"Karangsambigalih","WADMKC":"Sugio","WADMKK":"Lamongan"},"geometry":{"type":"Point","coordinates":[112.3,-7.2]}},{"type":"Feature","properties":{"Line":"R124","Tr":2825,"X":"641300.50000000000","Y":"9206119.00000000000","Rotation":0,"NAMOBJ":"Karangsambigalih","WADMKC":"Sugio","WADMKK":"Lamongan"},"geometry":{"type":"Point","coordinates":[112.3,-7.2]}},{"type":"Feature","properties":{"Line":"R124","Tr":2826,"X":"641300.50000000000","Y":"9206106.50000000000","Rotation":0,"NAMOBJ":"Karangsambigalih","WADMKC":"Sugio","WADMKK":"Lamongan"},"geometry":{"type":"Point","coordinates":[112.3,-7.2]}},{"type":"Feature","properties":{"Line":"R124","Tr":2827,"X":"641300.50000000000","Y":"9206094.00000000000","Rotation":0,"NAMOBJ":"Karangsambigalih","WADMKC":"Sugio","WADMKK":"Lamongan"},"geometry":{"type":"Point","coordinates":[112.3,-7.2]}},{"type":"Feature","properties":{"Line":"R124","Tr":2828,"X":"641300.50000000000","Y":"9206081.50000000000","Rotation":0,"NAMOBJ":"Karangsambigalih","WADMKC":"Sugio","WADMKK":"Lamongan"},"geometry":{"type":"Point","coordinates":[112.3,-7.2]}},{"type":"Feature","properties":{"Line":"R124","Tr":2829,"X":"641300.50000000000","Y":"9206069.00000000000","Rotation":0,"NAMOBJ":"Karangsambigalih","WADMKC":"Sugio","WADMKK":"Lamongan"},"geometry":{"type":"Point","coordinates":[112.3,-7.2]}},{"type":"Feature","properties":{"Line":"R124","Tr":2830,"X":"641300.50000000000","Y":"9206056.50000000000","Rotation":0,"NAMOBJ":"Karangsambigalih","WADMKC":"Sugio","WADMKK":"Lamongan"},"geometry":{"type":"Point","coordinates":[112.3,-7.2]}},{"type":"Feature","properties":{"Line":"R124","Tr":2831,"X":"641300.50000000000","Y":"9206044.00000000000","Rotation":0,"NAMOBJ":"Karangsambigalih","WADMKC":"Sugio","WADMKK":"Lamongan"},"geometry":{"type":"Point","coordinates":[112.3,-7.2]}},{"type":"Feature","properties":{"Line":"R124","Tr":2832,"X":"641300.50000000000","Y":"9206031.50000000000","Rotation":0,"NAMOBJ":"Karangsambigalih","WADMKC":"Sugio","WADMKK":"Lamongan"},"geometry":{"type":"Point","coordinates":[112.3,-7.2]}},{"type":"Feature","properties":{"Line":"R124","Tr":2833,"X":"641300.50000000000","Y":"9206019.00000000000","Rotation":0,"NAMOBJ":"Karangsambigalih","WADMKC":"Sugio","WADMKK":"Lamongan"},"geometry":{"type":"Point","coordinates":[112.3,-7.2]}},{"type":"Feature","properties":{"Line":"R124","Tr":2834,"X":"641300.50000000000","Y":"9206006.50000000000","Rotation":0,"NAMOBJ":"Karangsambigalih","WADMKC":"Sugio","WADMKK":"Lamongan"},"geometry":{"type":"Point","coordinates":[112.3,-7.2]}},{"type":"Feature","properties":{"Line":"R124","Tr":2835,"X":"641300.50000000000","Y":"9205994.00000000000","Rotation":0,"NAMOBJ":"Karangsambigalih","WADMKC":"Sugio","WADMKK":"Lamongan"},"geometry":{"type":"Point","coordinates":[112.3,-7.2]}},{"type":"Feature","properties":{"Line":"R124","Tr":2836,"X":"641300.50000000000","Y":"9205981.50000000000","Rotation":0,"NAMOBJ":"Karangsambigalih","WADMKC":"Sugio","WADMKK":"Lamongan"},"geometry":{"type":"Point","coordinates":[112.3,-7.2]}},{"type":"Feature","properties":{"Line":"R124","Tr":2837,"X":"641300.50000000000","Y":"9205969.00000000000","Rotation":0,"NAMOBJ":"Karangsambigalih","WADMKC":"Sugio","WADMKK":"Lamongan"},"geometry":{"type":"Point","coordinates":[112.3,-7.2]}},{"type":"Feature","properties":{"Line":"R124","Tr":2838,"X":"641300.50000000000","Y":"9205956.50000000000","Rotation":0,"NAMOBJ":"Karangsambigalih","WADMKC":"Sugio","WADMKK":"Lamongan"},"geometry":{"type":"Point","coordinates":[112.3,-7.2]}},{"type":"Feature","properties":{"Line":"R118","Tr":2612,"X":"638300.50000000000","Y":"9207731.50000000000","Rotation":0,"NAMOBJ":"Kedungbanjar","WADMKC":"Sugio","WADMKK":"Lamongan"},"geometry":{"type":"Point","coordinates":[112.3,-7.2]}},{"type":"Feature","properties":{"Line":"R118","Tr":2613,"X":"638300.50000000000","Y":"9207719.00000000000","Rotation":0,"NAMOBJ":"Kedungbanjar","WADMKC":"Sugio","WADMKK":"Lamongan"},"geometry":{"type":"Point","coordinates":[112.3,-7.2]}},{"type":"Feature","properties":{"Line":"R118","Tr":2614,"X":"638300.50000000000","Y":"9207706.50000000000","Rotation":0,"NAMOBJ":"Kedungbanjar","WADMKC":"Sugio","WADMKK":"Lamongan"},"geometry":{"type":"Point","coordinates":[112.3,-7.2]}},{"type":"Feature","properties":{"Line":"R118","Tr":2615,"X":"638300.50000000000","Y":"9207694.00000000000","Rotation":0,"NAMOBJ":"Kedungbanjar","WADMKC":"Sugio","WADMKK":"Lamongan"},"geometry":{"type":"Point","coordinates":[112.3,-7.2]}},{"type":"Feature","properties":{"Line":"R118","Tr":2616,"X":"638300.50000000000","Y":"9207681.50000000000","Rotation":0,"NAMOBJ":"Kedungbanjar","WADMKC":"Sugio","WADMKK":"Lamongan"},"geometry":{"type":"Point","coordinates":[112.3,-7.2]}},{"type":"Feature","properties":{"Line":"R118","Tr":2617,"X":"638300.50000000000","Y":"9207669.00000000000","Rotation":0,"NAMOBJ":"Kedungbanjar","WADMKC":"Sugio","WADMKK":"Lamongan"},"geometry":{"type":"Point","coordinates":[112.3,-7.2]}},{"type":"Feature","properties":{"Line":"R118","Tr":2618,"X":"638300.50000000000","Y":"9207656.50000000000","Rotation":0,"NAMOBJ":"Kedungbanjar","WADMKC":"Sugio","WADMKK":"Lamongan"},"geometry":{"type":"Point","coordinates":[112.3,-7.2]}},{"type":"Feature","properties":{"Line":"R118","Tr":2619,"X":"638300.50000000000","Y":"9207644.00000000000","Rotation":0,"NAMOBJ":"Kedungbanjar","WADMKC":"Sugio","WADMKK":"Lamongan"},"geometry":{"type":"Point","coordinates":[112.3,-7.2]}},{"type":"Feature","properties":{"Line":"R118","Tr":2620,"X":"638300.50000000000","Y":"9207631.50000000000","Rotation":0,"NAMOBJ":"Kedungbanjar","WADMKC":"Sugio","WADMKK":"Lamongan"},"geometry":{"type":"Point","coordinates":[112.3,-7.2]}},{"type":"Feature","properties":{"Line":"R118","Tr":2621,"X":"638300.50000000000","Y":"9207619.00000000000","Rotation":0,"NAMOBJ":"Kedungbanjar","WADMKC":"Sugio","WADMKK":"Lamongan"},"geometry":{"type":"Point","coordinates":[112.3,-7.2]}},{"type":"Feature","properties":{"Line":"R118","Tr":2622,"X":"638300.50000000000","Y":"9207606.50000000000","Rotation":0,"NAMOBJ":"Kedungbanjar","WADMKC":"Sugio","WADMKK":"Lamongan"},"geometry":{"type":"Point","coordinates":[112.3,-7.2]}},{"type":"Feature","properties":{"Line":"R118","Tr":2623,"X":"638300.50000000000","Y":"9207594.00000000000","Rotation":0,"NAMOBJ":"Kedungbanjar","WADMKC":"Sugio","WADMKK":"Lamongan"},"geometry":{"type":"Point","coordinates":[112.3,-7.2]}},{"type":"Feature","properties":{"Line":"R118","Tr":2624,"X":"638300.50000000000","Y":"9207581.50000000000","Rotation":0,"NAMOBJ":"Kedungbanjar","WADMKC":"Sugio","WADMKK":"Lamongan"},"geometry":{"type":"Point","coordinates":[112.3,-7.2]}},{"type":"Feature","properties":{"Line":"R118","Tr":2625,"X":"638300.50000000000","Y":"9207569.00000000000","Rotation":0,"NAMOBJ":"Kedungbanjar","WADMKC":"Sugio","WADMKK":"Lamongan"},"geometry":{"type":"Point","coordinates":[112.3,-7.2]}},{"type":"Feature","properties":{"Line":"R118","Tr":2626,"X":"638300.50000000000","Y":"9207556.50000000000","Rotation":0,"NAMOBJ":"Kedungbanjar","WADMKC":"Sugio","WADMKK":"Lamongan"},"geometry":{"type":"Point","coordinates":[112.3,-7.2]}},{"type":"Feature","properties":{"Line":"R118","Tr":2627,"X":"638300.50000000000","Y":"9207544.00000000000","Rotation":0,"NAMOBJ":"Kedungbanjar","WADMKC":"Sugio","WADMKK":"Lamongan"},"geometry":{"type":"Point","coordinates":[112.3,-7.2]}},{"type":"Feature","properties":{"Line":"R118","Tr":2628,"X":"638300.50000000000","Y":"9207531.50000000000","Rotation":0,"NAMOBJ":"Kedungbanjar","WADMKC":"Sugio","WADMKK":"Lamongan"},"geometry":{"type":"Point","coordinates":[112.3,-7.2]}},{"type":"Feature","properties":{"Line":"R118","Tr":2629,"X":"638300.50000000000","Y":"9207519.00000000000","Rotation":0,"NAMOBJ":"Kedungbanjar","WADMKC":"Sugio","WADMKK":"Lamongan"},"geometry":{"type":"Point","coordinates":[112.3,-7.2]}},{"type":"Feature","properties":{"Line":"R118","Tr":2630,"X":"638300.50000000000","Y":"9207506.50000000000","Rotation":0,"NAMOBJ":"Kedungbanjar","WADMKC":"Sugio","WADMKK":"Lamongan"},"geometry":{"type":"Point","coordinates":[112.3,-7.2]}},{"type":"Feature","properties":{"Line":"R118","Tr":2631,"X":"638300.50000000000","Y":"9207494.00000000000","Rotation":0,"NAMOBJ":"Kedungbanjar","WADMKC":"Sugio","WADMKK":"Lamongan"},"geometry":{"type":"Point","coordinates":[112.3,-7.2]}},{"type":"Feature","properties":{"Line":"R118","Tr":2632,"X":"638300.50000000000","Y":"9207481.50000000000","Rotation":0,"NAMOBJ":"Kedungbanjar","WADMKC":"Sugio","WADMKK":"Lamongan"},"geometry":{"type":"Point","coordinates":[112.3,-7.2]}},{"type":"Feature","properties":{"Line":"R118","Tr":2633,"X":"638300.50000000000","Y":"9207469.00000000000","Rotation":0,"NAMOBJ":"Kedungbanjar","WADMKC":"Sugio","WADMKK":"Lamongan"},"geometry":{"type":"Point","coordinates":[112.3,-7.2]}},{"type":"Feature","properties":{"Line":"R118","Tr":2634,"X":"638300.50000000000","Y":"9207456.50000000000","Rotation":0,"NAMOBJ":"Kedungbanjar","WADMKC":"Sugio","WADMKK":"Lamongan"},"geometry":{"type":"Point","coordinates":[112.3,-7.2]}},{"type":"Feature","properties":{"Line":"R118","Tr":2635,"X":"638300.50000000000","Y":"9207444.00000000000","Rotation":0,"NAMOBJ":"Kedungbanjar","WADMKC":"Sugio","WADMKK":"Lamongan"},"geometry":{"type":"Point","coordinates":[112.3,-7.2]}},{"type":"Feature","properties":{"Line":"R118","Tr":2636,"X":"638300.50000000000","Y":"9207431.50000000000","Rotation":0,"NAMOBJ":"Kedungbanjar","WADMKC":"Sugio","WADMKK":"Lamongan"},"geometry":{"type":"Point","coordinates":[112.3,-7.2]}},{"type":"Feature","properties":{"Line":"R118","Tr":2637,"X":"638300.50000000000","Y":"9207419.00000000000","Rotation":0,"NAMOBJ":"Kedungbanjar","WADMKC":"Sugio","WADMKK":"Lamongan"},"geometry":{"type":"Point","coordinates":[112.3,-7.2]}},{"type":"Feature","properties":{"Line":"R118","Tr":2638,"X":"638300.50000000000","Y":"9207406.50000000000","Rotation":0,"NAMOBJ":"Kedungbanjar","WADMKC":"Sugio","WADMKK":"Lamongan"},"geometry":{"type":"Point","coordinates":[112.3,-7.2]}},{"type":"Feature","properties":{"Line":"R118","Tr":2639,"X":"638300.50000000000","Y":"9207394.00000000000","Rotation":0,"NAMOBJ":"Kedungbanjar","WADMKC":"Sugio","WADMKK":"Lamongan"},"geometry":{"type":"Point","coordinates":[112.3,-7.2]}},{"type":"Feature","properties":{"Line":"R118","Tr":2640,"X":"638300.50000000000","Y":"9207381.50000000000","Rotation":0,"NAMOBJ":"Kedungbanjar","WADMKC":"Sugio","WADMKK":"Lamongan"},"geometry":{"type":"Point","coordinates":[112.3,-7.2]}},{"type":"Feature","properties":{"Line":"R118","Tr":2641,"X":"638300.50000000000","Y":"9207369.00000000000","Rotation":0,"NAMOBJ":"Kedungbanjar","WADMKC":"Sugio","WADMKK":"Lamongan"},"geometry":{"type":"Point","coordinates":[112.3,-7.2]}},{"type":"Feature","properties":{"Line":"R118","Tr":2642,"X":"638300.50000000000","Y":"9207356.50000000000","Rotation":0,"NAMOBJ":"Kedungbanjar","WADMKC":"Sugio","WADMKK":"Lamongan"},"geometry":{"type":"Point","coordinates":[112.3,-7.2]}},{"type":"Feature","properties":{"Line":"R118","Tr":2643,"X":"638300.50000000000","Y":"9207344.00000000000","Rotation":0,"NAMOBJ":"Kedungbanjar","WADMKC":"Sugio","WADMKK":"Lamongan"},"geometry":{"type":"Point","coordinates":[112.3,-7.2]}},{"type":"Feature","properties":{"Line":"R118","Tr":2644,"X":"638300.50000000000","Y":"9207331.50000000000","Rotation":0,"NAMOBJ":"Kedungbanjar","WADMKC":"Sugio","WADMKK":"Lamongan"},"geometry":{"type":"Point","coordinates":[112.3,-7.2]}},{"type":"Feature","properties":{"Line":"R118","Tr":2645,"X":"638300.50000000000","Y":"9207319.00000000000","Rotation":0,"NAMOBJ":"Kedungbanjar","WADMKC":"Sugio","WADMKK":"Lamongan"},"geometry":{"type":"Point","coordinates":[112.3,-7.2]}},{"type":"Feature","properties":{"Line":"R118","Tr":2646,"X":"638300.50000000000","Y":"9207306.50000000000","Rotation":0,"NAMOBJ":"Kedungbanjar","WADMKC":"Sugio","WADMKK":"Lamongan"},"geometry":{"type":"Point","coordinates":[112.3,-7.2]}},{"type":"Feature","properties":{"Line":"R118","Tr":2647,"X":"638300.50000000000","Y":"9207294.00000000000","Rotation":0,"NAMOBJ":"Kedungbanjar","WADMKC":"Sugio","WADMKK":"Lamongan"},"geometry":{"type":"Point","coordinates":[112.3,-7.2]}},{"type":"Feature","properties":{"Line":"R118","Tr":2648,"X":"638300.50000000000","Y":"9207281.50000000000","Rotation":0,"NAMOBJ":"Kedungbanjar","WADMKC":"Sugio","WADMKK":"Lamongan"},"geometry":{"type":"Point","coordinates":[112.3,-7.2]}},{"type":"Feature","properties":{"Line":"R118","Tr":2649,"X":"638300.50000000000","Y":"9207269.00000000000","Rotation":0,"NAMOBJ":"Kedungbanjar","WADMKC":"Sugio","WADMKK":"Lamongan"},"geometry":{"type":"Point","coordinates":[112.3,-7.2]}},{"type":"Feature","properties":{"Line":"R118","Tr":2650,"X":"638300.50000000000","Y":"9207256.50000000000","Rotation":0,"NAMOBJ":"Kedungbanjar","WADMKC":"Sugio","WADMKK":"Lamongan"},"geometry":{"type":"Point","coordinates":[112.3,-7.2]}},{"type":"Feature","properties":{"Line":"R118","Tr":2651,"X":"638300.50000000000","Y":"9207244.00000000000","Rotation":0,"NAMOBJ":"Kedungbanjar","WADMKC":"Sugio","WADMKK":"Lamongan"},"geometry":{"type":"Point","coordinates":[112.3,-7.2]}},{"type":"Feature","properties":{"Line":"R118","Tr":2652,"X":"638300.50000000000","Y":"9207231.50000000000","Rotation":0,"NAMOBJ":"Kedungbanjar","WADMKC":"Sugio","WADMKK":"Lamongan"},"geometry":{"type":"Point","coordinates":[112.3,-7.2]}},{"type":"Feature","properties":{"Line":"R118","Tr":2653,"X":"638300.50000000000","Y":"9207219.00000000000","Rotation":0,"NAMOBJ":"Kedungbanjar","WADMKC":"Sugio","WADMKK":"Lamongan"},"geometry":{"type":"Point","coordinates":[112.3,-7.2]}},{"type":"Feature","properties":{"Line":"R118","Tr":2654,"X":"638300.50000000000","Y":"9207206.50000000000","Rotation":0,"NAMOBJ":"Kedungbanjar","WADMKC":"Sugio","WADMKK":"Lamongan"},"geometry":{"type":"Point","coordinates":[112.3,-7.2]}},{"type":"Feature","properties":{"Line":"R118","Tr":2655,"X":"638300.50000000000","Y":"9207194.00000000000","Rotation":0,"NAMOBJ":"Kedungbanjar","WADMKC":"Sugio","WADMKK":"Lamongan"},"geometry":{"type":"Point","coordinates":[112.3,-7.2]}},{"type":"Feature","properties":{"Line":"R118","Tr":2656,"X":"638300.50000000000","Y":"9207181.50000000000","Rotation":0,"NAMOBJ":"Kedungbanjar","WADMKC":"Sugio","WADMKK":"Lamongan"},"geometry":{"type":"Point","coordinates":[112.3,-7.2]}},{"type":"Feature","properties":{"Line":"R118","Tr":2657,"X":"638300.50000000000","Y":"9207169.00000000000","Rotation":0,"NAMOBJ":"Kedungbanjar","WADMKC":"Sugio","WADMKK":"Lamongan"},"geometry":{"type":"Point","coordinates":[112.3,-7.2]}},{"type":"Feature","properties":{"Line":"R118","Tr":2658,"X":"638300.50000000000","Y":"9207156.50000000000","Rotation":0,"NAMOBJ":"Kedungbanjar","WADMKC":"Sugio","WADMKK":"Lamongan"},"geometry":{"type":"Point","coordinates":[112.3,-7.2]}},{"type":"Feature","properties":{"Line":"R118","Tr":2659,"X":"638300.50000000000","Y":"9207144.00000000000","Rotation":0,"NAMOBJ":"Kedungbanjar","WADMKC":"Sugio","WADMKK":"Lamongan"},"geometry":{"type":"Point","coordinates":[112.3,-7.2]}},{"type":"Feature","properties":{"Line":"R118","Tr":2660,"X":"638300.50000000000","Y":"9207131.50000000000","Rotation":0,"NAMOBJ":"Kedungbanjar","WADMKC":"Sugio","WADMKK":"Lamongan"},"geometry":{"type":"Point","coordinates":[112.3,-7.2]}},{"type":"Feature","properties":{"Line":"R118","Tr":2661,"X":"638300.50000000000","Y":"9207119.00000000000","Rotation":0,"NAMOBJ":"Kedungbanjar","WADMKC":"Sugio","WADMKK":"Lamongan"},"geometry":{"type":"Point","coordinates":[112.3,-7.2]}},{"type":"Feature","properties":{"Line":"R118","Tr":2662,"X":"638300.50000000000","Y":"9207106.50000000000","Rotation":0,"NAMOBJ":"Kedungbanjar","WADMKC":"Sugio","WADMKK":"Lamongan"},"geometry":{"type":"Point","coordinates":[112.3,-7.2]}},{"type":"Feature","properties":{"Line":"R118","Tr":2663,"X":"638300.50000000000","Y":"9207094.00000000000","Rotation":0,"NAMOBJ":"Kedungbanjar","WADMKC":"Sugio","WADMKK":"Lamongan"},"geometry":{"type":"Point","coordinates":[112.3,-7.2]}},{"type":"Feature","properties":{"Line":"R118","Tr":2664,"X":"638300.50000000000","Y":"9207081.50000000000","Rotation":0,"NAMOBJ":"Kedungbanjar","WADMKC":"Sugio","WADMKK":"Lamongan"},"geometry":{"type":"Point","coordinates":[112.3,-7.2]}},{"type":"Feature","properties":{"Line":"R118","Tr":2665,"X":"638300.50000000000","Y":"9207069.00000000000","Rotation":0,"NAMOBJ":"Kedungbanjar","WADMKC":"Sugio","WADMKK":"Lamongan"},"geometry":{"type":"Point","coordinates":[112.3,-7.2]}},{"type":"Feature","properties":{"Line":"R118","Tr":2666,"X":"638300.50000000000","Y":"9207056.50000000000","Rotation":0,"NAMOBJ":"Kedungbanjar","WADMKC":"Sugio","WADMKK":"Lamongan"},"geometry":{"type":"Point","coordinates":[112.3,-7.2]}},{"type":"Feature","properties":{"Line":"R118","Tr":2667,"X":"638300.50000000000","Y":"9207044.00000000000","Rotation":0,"NAMOBJ":"Kedungbanjar","WADMKC":"Sugio","WADMKK":"Lamongan"},"geometry":{"type":"Point","coordinates":[112.3,-7.2]}},{"type":"Feature","properties":{"Line":"R118","Tr":2668,"X":"638300.50000000000","Y":"9207031.50000000000","Rotation":0,"NAMOBJ":"Kedungbanjar","WADMKC":"Sugio","WADMKK":"Lamongan"},"geometry":{"type":"Point","coordinates":[112.3,-7.2]}},{"type":"Feature","properties":{"Line":"R118","Tr":2669,"X":"638300.50000000000","Y":"9207019.00000000000","Rotation":0,"NAMOBJ":"Kedungbanjar","WADMKC":"Sugio","WADMKK":"Lamongan"},"geometry":{"type":"Point","coordinates":[112.3,-7.2]}},{"type":"Feature","properties":{"Line":"R118","Tr":2670,"X":"638300.50000000000","Y":"9207006.50000000000","Rotation":0,"NAMOBJ":"Kedungbanjar","WADMKC":"Sugio","WADMKK":"Lamongan"},"geometry":{"type":"Point","coordinates":[112.3,-7.2]}},{"type":"Feature","properties":{"Line":"R118","Tr":2671,"X":"638300.50000000000","Y":"9206994.00000000000","Rotation":0,"NAMOBJ":"Kedungbanjar","WADMKC":"Sugio","WADMKK":"Lamongan"},"geometry":{"type":"Point","coordinates":[112.3,-7.2]}},{"type":"Feature","properties":{"Line":"R118","Tr":2672,"X":"638300.50000000000","Y":"9206981.50000000000","Rotation":0,"NAMOBJ":"Kedungbanjar","WADMKC":"Sugio","WADMKK":"Lamongan"},"geometry":{"type":"Point","coordinates":[112.3,-7.2]}},{"type":"Feature","properties":{"Line":"R118","Tr":2673,"X":"638300.50000000000","Y":"9206969.00000000000","Rotation":0,"NAMOBJ":"Kedungbanjar","WADMKC":"Sugio","WADMKK":"Lamongan"},"geometry":{"type":"Point","coordinates":[112.3,-7.2]}},{"type":"Feature","properties":{"Line":"R118","Tr":2674,"X":"638300.50000000000","Y":"9206956.50000000000","Rotation":0,"NAMOBJ":"Kedungbanjar","WADMKC":"Sugio","WADMKK":"Lamongan"},"geometry":{"type":"Point","coordinates":[112.3,-7.2]}},{"type":"Feature","properties":{"Line":"R118","Tr":2675,"X":"638300.50000000000","Y":"9206944.00000000000","Rotation":0,"NAMOBJ":"Kedungbanjar","WADMKC":"Sugio","WADMKK":"Lamongan"},"geometry":{"type":"Point","coordinates":[112.3,-7.2]}},{"type":"Feature","properties":{"Line":"R118","Tr":2676,"X":"638300.50000000000","Y":"9206931.50000000000","Rotation":0,"NAMOBJ":"Kedungbanjar","WADMKC":"Sugio","WADMKK":"Lamongan"},"geometry":{"type":"Point","coordinates":[112.3,-7.2]}},{"type":"Feature","properties":{"Line":"R118","Tr":2677,"X":"638300.50000000000","Y":"9206919.00000000000","Rotation":0,"NAMOBJ":"Kedungbanjar","WADMKC":"Sugio","WADMKK":"Lamongan"},"geometry":{"type":"Point","coordinates":[112.3,-7.2]}},{"type":"Feature","properties":{"Line":"R118","Tr":2678,"X":"638300.50000000000","Y":"9206906.50000000000","Rotation":0,"NAMOBJ":"Kedungbanjar","WADMKC":"Sugio","WADMKK":"Lamongan"},"geometry":{"type":"Point","coordinates":[112.3,-7.2]}},{"type":"Feature","properties":{"Line":"R118","Tr":2679,"X":"638300.50000000000","Y":"9206894.00000000000","Rotation":0,"NAMOBJ":"Kedungbanjar","WADMKC":"Sugio","WADMKK":"Lamongan"},"geometry":{"type":"Point","coordinates":[112.3,-7.2]}},{"type":"Feature","properties":{"Line":"R118","Tr":2680,"X":"638300.50000000000","Y":"9206881.50000000000","Rotation":0,"NAMOBJ":"Kedungbanjar","WADMKC":"Sugio","WADMKK":"Lamongan"},"geometry":{"type":"Point","coordinates":[112.3,-7.2]}},{"type":"Feature","properties":{"Line":"R118","Tr":2681,"X":"638300.50000000000","Y":"9206869.00000000000","Rotation":0,"NAMOBJ":"Kedungbanjar","WADMKC":"Sugio","WADMKK":"Lamongan"},"geometry":{"type":"Point","coordinates":[112.3,-7.2]}},{"type":"Feature","properties":{"Line":"R118","Tr":2682,"X":"638300.50000000000","Y":"9206856.50000000000","Rotation":0,"NAMOBJ":"Kedungbanjar","WADMKC":"Sugio","WADMKK":"Lamongan"},"geometry":{"type":"Point","coordinates":[112.3,-7.2]}},{"type":"Feature","properties":{"Line":"R118","Tr":2683,"X":"638300.50000000000","Y":"9206844.00000000000","Rotation":0,"NAMOBJ":"Kedungbanjar","WADMKC":"Sugio","WADMKK":"Lamongan"},"geometry":{"type":"Point","coordinates":[112.3,-7.2]}},{"type":"Feature","properties":{"Line":"R118","Tr":2684,"X":"638300.50000000000","Y":"9206831.50000000000","Rotation":0,"NAMOBJ":"Kedungbanjar","WADMKC":"Sugio","WADMKK":"Lamongan"},"geometry":{"type":"Point","coordinates":[112.3,-7.2]}},{"type":"Feature","properties":{"Line":"R118","Tr":2685,"X":"638300.50000000000","Y":"9206819.00000000000","Rotation":0,"NAMOBJ":"Kedungbanjar","WADMKC":"Sugio","WADMKK":"Lamongan"},"geometry":{"type":"Point","coordinates":[112.3,-7.2]}},{"type":"Feature","properties":{"Line":"R118","Tr":2686,"X":"638300.50000000000","Y":"9206806.50000000000","Rotation":0,"NAMOBJ":"Kedungbanjar","WADMKC":"Sugio","WADMKK":"Lamongan"},"geometry":{"type":"Point","coordinates":[112.3,-7.2]}},{"type":"Feature","properties":{"Line":"R118","Tr":2687,"X":"638300.50000000000","Y":"9206794.00000000000","Rotation":0,"NAMOBJ":"Kedungbanjar","WADMKC":"Sugio","WADMKK":"Lamongan"},"geometry":{"type":"Point","coordinates":[112.3,-7.2]}},{"type":"Feature","properties":{"Line":"R118","Tr":2688,"X":"638300.50000000000","Y":"9206781.50000000000","Rotation":0,"NAMOBJ":"Kedungbanjar","WADMKC":"Sugio","WADMKK":"Lamongan"},"geometry":{"type":"Point","coordinates":[112.3,-7.2]}},{"type":"Feature","properties":{"Line":"R118","Tr":2689,"X":"638300.50000000000","Y":"9206769.00000000000","Rotation":0,"NAMOBJ":"Kedungbanjar","WADMKC":"Sugio","WADMKK":"Lamongan"},"geometry":{"type":"Point","coordinates":[112.3,-7.2]}},{"type":"Feature","properties":{"Line":"R118","Tr":2690,"X":"638300.50000000000","Y":"9206756.50000000000","Rotation":0,"NAMOBJ":"Kedungbanjar","WADMKC":"Sugio","WADMKK":"Lamongan"},"geometry":{"type":"Point","coordinates":[112.3,-7.2]}},{"type":"Feature","properties":{"Line":"R118","Tr":2691,"X":"638300.50000000000","Y":"9206744.00000000000","Rotation":0,"NAMOBJ":"Kedungbanjar","WADMKC":"Sugio","WADMKK":"Lamongan"},"geometry":{"type":"Point","coordinates":[112.3,-7.2]}},{"type":"Feature","properties":{"Line":"R118","Tr":2692,"X":"638300.50000000000","Y":"9206731.50000000000","Rotation":0,"NAMOBJ":"Kedungbanjar","WADMKC":"Sugio","WADMKK":"Lamongan"},"geometry":{"type":"Point","coordinates":[112.3,-7.2]}},{"type":"Feature","properties":{"Line":"R118","Tr":2693,"X":"638300.50000000000","Y":"9206719.00000000000","Rotation":0,"NAMOBJ":"Kedungbanjar","WADMKC":"Sugio","WADMKK":"Lamongan"},"geometry":{"type":"Point","coordinates":[112.3,-7.2]}},{"type":"Feature","properties":{"Line":"R118","Tr":2694,"X":"638300.50000000000","Y":"9206706.50000000000","Rotation":0,"NAMOBJ":"Kedungbanjar","WADMKC":"Sugio","WADMKK":"Lamongan"},"geometry":{"type":"Point","coordinates":[112.3,-7.2]}},{"type":"Feature","properties":{"Line":"R118","Tr":2695,"X":"638300.50000000000","Y":"9206694.00000000000","Rotation":0,"NAMOBJ":"Kedungbanjar","WADMKC":"Sugio","WADMKK":"Lamongan"},"geometry":{"type":"Point","coordinates":[112.3,-7.2]}},{"type":"Feature","properties":{"Line":"R118","Tr":2696,"X":"638300.50000000000","Y":"9206681.50000000000","Rotation":0,"NAMOBJ":"Kedungbanjar","WADMKC":"Sugio","WADMKK":"Lamongan"},"geometry":{"type":"Point","coordinates":[112.3,-7.2]}},{"type":"Feature","properties":{"Line":"R118","Tr":2697,"X":"638300.50000000000","Y":"9206669.00000000000","Rotation":0,"NAMOBJ":"Kedungbanjar","WADMKC":"Sugio","WADMKK":"Lamongan"},"geometry":{"type":"Point","coordinates":[112.3,-7.2]}},{"type":"Feature","properties":{"Line":"R118","Tr":2698,"X":"638300.50000000000","Y":"9206656.50000000000","Rotation":0,"NAMOBJ":"Kedungbanjar","WADMKC":"Sugio","WADMKK":"Lamongan"},"geometry":{"type":"Point","coordinates":[112.3,-7.2]}},{"type":"Feature","properties":{"Line":"R118","Tr":2699,"X":"638300.50000000000","Y":"9206644.00000000000","Rotation":0,"NAMOBJ":"Kedungbanjar","WADMKC":"Sugio","WADMKK":"Lamongan"},"geometry":{"type":"Point","coordinates":[112.3,-7.2]}},{"type":"Feature","properties":{"Line":"R118","Tr":2700,"X":"638300.50000000000","Y":"9206631.50000000000","Rotation":0,"NAMOBJ":"Kedungbanjar","WADMKC":"Sugio","WADMKK":"Lamongan"},"geometry":{"type":"Point","coordinates":[112.3,-7.2]}},{"type":"Feature","properties":{"Line":"R118","Tr":2701,"X":"638300.50000000000","Y":"9206619.00000000000","Rotation":0,"NAMOBJ":"Kedungbanjar","WADMKC":"Sugio","WADMKK":"Lamongan"},"geometry":{"type":"Point","coordinates":[112.3,-7.2]}},{"type":"Feature","properties":{"Line":"R118","Tr":2702,"X":"638300.50000000000","Y":"9206606.50000000000","Rotation":0,"NAMOBJ":"Kedungbanjar","WADMKC":"Sugio","WADMKK":"Lamongan"},"geometry":{"type":"Point","coordinates":[112.3,-7.2]}},{"type":"Feature","properties":{"Line":"R118","Tr":2703,"X":"638300.50000000000","Y":"9206594.00000000000","Rotation":0,"NAMOBJ":"Kedungbanjar","WADMKC":"Sugio","WADMKK":"Lamongan"},"geometry":{"type":"Point","coordinates":[112.3,-7.2]}},{"type":"Feature","properties":{"Line":"R118","Tr":2704,"X":"638300.50000000000","Y":"9206581.50000000000","Rotation":0,"NAMOBJ":"Kedungbanjar","WADMKC":"Sugio","WADMKK":"Lamongan"},"geometry":{"type":"Point","coordinates":[112.3,-7.2]}},{"type":"Feature","properties":{"Line":"R118","Tr":2705,"X":"638300.50000000000","Y":"9206569.00000000000","Rotation":0,"NAMOBJ":"Kedungbanjar","WADMKC":"Sugio","WADMKK":"Lamongan"},"geometry":{"type":"Point","coordinates":[112.3,-7.2]}},{"type":"Feature","properties":{"Line":"R118","Tr":2706,"X":"638300.50000000000","Y":"9206556.50000000000","Rotation":0,"NAMOBJ":"Kedungbanjar","WADMKC":"Sugio","WADMKK":"Lamongan"},"geometry":{"type":"Point","coordinates":[112.3,-7.2]}},{"type":"Feature","properties":{"Line":"R118","Tr":2707,"X":"638300.50000000000","Y":"9206544.00000000000","Rotation":0,"NAMOBJ":"Kedungbanjar","WADMKC":"Sugio","WADMKK":"Lamongan"},"geometry":{"type":"Point","coordinates":[112.3,-7.2]}},{"type":"Feature","properties":{"Line":"R118","Tr":2708,"X":"638300.50000000000","Y":"9206531.50000000000","Rotation":0,"NAMOBJ":"Kedungbanjar","WADMKC":"Sugio","WADMKK":"Lamongan"},"geometry":{"type":"Point","coordinates":[112.3,-7.2]}},{"type":"Feature","properties":{"Line":"R118","Tr":2709,"X":"638300.50000000000","Y":"9206519.00000000000","Rotation":0,"NAMOBJ":"Kedungbanjar","WADMKC":"Sugio","WADMKK":"Lamongan"},"geometry":{"type":"Point","coordinates":[112.3,-7.2]}},{"type":"Feature","properties":{"Line":"R118","Tr":2710,"X":"638300.50000000000","Y":"9206506.50000000000","Rotation":0,"NAMOBJ":"Kedungbanjar","WADMKC":"Sugio","WADMKK":"Lamongan"},"geometry":{"type":"Point","coordinates":[112.3,-7.2]}},{"type":"Feature","properties":{"Line":"R118","Tr":2711,"X":"638300.50000000000","Y":"9206494.00000000000","Rotation":0,"NAMOBJ":"Kedungbanjar","WADMKC":"Sugio","WADMKK":"Lamongan"},"geometry":{"type":"Point","coordinates":[112.3,-7.2]}},{"type":"Feature","properties":{"Line":"R118","Tr":2712,"X":"638300.50000000000","Y":"9206481.50000000000","Rotation":0,"NAMOBJ":"Kedungbanjar","WADMKC":"Sugio","WADMKK":"Lamongan"},"geometry":{"type":"Point","coordinates":[112.3,-7.2]}},{"type":"Feature","properties":{"Line":"R118","Tr":2713,"X":"638300.50000000000","Y":"9206469.00000000000","Rotation":0,"NAMOBJ":"Kedungbanjar","WADMKC":"Sugio","WADMKK":"Lamongan"},"geometry":{"type":"Point","coordinates":[112.3,-7.2]}},{"type":"Feature","properties":{"Line":"R118","Tr":2714,"X":"638300.50000000000","Y":"9206456.50000000000","Rotation":0,"NAMOBJ":"Kedungbanjar","WADMKC":"Sugio","WADMKK":"Lamongan"},"geometry":{"type":"Point","coordinates":[112.3,-7.2]}},{"type":"Feature","properties":{"Line":"R118","Tr":2715,"X":"638300.50000000000","Y":"9206444.00000000000","Rotation":0,"NAMOBJ":"Kedungbanjar","WADMKC":"Sugio","WADMKK":"Lamongan"},"geometry":{"type":"Point","coordinates":[112.3,-7.2]}},{"type":"Feature","properties":{"Line":"R118","Tr":2716,"X":"638300.50000000000","Y":"9206431.50000000000","Rotation":0,"NAMOBJ":"Kedungbanjar","WADMKC":"Sugio","WADMKK":"Lamongan"},"geometry":{"type":"Point","coordinates":[112.3,-7.2]}},{"type":"Feature","properties":{"Line":"R118","Tr":2717,"X":"638300.50000000000","Y":"9206419.00000000000","Rotation":0,"NAMOBJ":"Kedungbanjar","WADMKC":"Sugio","WADMKK":"Lamongan"},"geometry":{"type":"Point","coordinates":[112.3,-7.2]}},{"type":"Feature","properties":{"Line":"R118","Tr":2718,"X":"638300.50000000000","Y":"9206406.50000000000","Rotation":0,"NAMOBJ":"Kedungbanjar","WADMKC":"Sugio","WADMKK":"Lamongan"},"geometry":{"type":"Point","coordinates":[112.3,-7.2]}},{"type":"Feature","properties":{"Line":"R118","Tr":2719,"X":"638300.50000000000","Y":"9206394.00000000000","Rotation":0,"NAMOBJ":"Kedungbanjar","WADMKC":"Sugio","WADMKK":"Lamongan"},"geometry":{"type":"Point","coordinates":[112.3,-7.2]}},{"type":"Feature","properties":{"Line":"R118","Tr":2720,"X":"638300.50000000000","Y":"9206381.50000000000","Rotation":0,"NAMOBJ":"Kedungbanjar","WADMKC":"Sugio","WADMKK":"Lamongan"},"geometry":{"type":"Point","coordinates":[112.3,-7.2]}},{"type":"Feature","properties":{"Line":"R118","Tr":2721,"X":"638300.50000000000","Y":"9206369.00000000000","Rotation":0,"NAMOBJ":"Kedungbanjar","WADMKC":"Sugio","WADMKK":"Lamongan"},"geometry":{"type":"Point","coordinates":[112.3,-7.2]}},{"type":"Feature","properties":{"Line":"R118","Tr":2722,"X":"638300.50000000000","Y":"9206356.50000000000","Rotation":0,"NAMOBJ":"Kedungbanjar","WADMKC":"Sugio","WADMKK":"Lamongan"},"geometry":{"type":"Point","coordinates":[112.3,-7.2]}},{"type":"Feature","properties":{"Line":"R118","Tr":2723,"X":"638300.50000000000","Y":"9206344.00000000000","Rotation":0,"NAMOBJ":"Kedungbanjar","WADMKC":"Sugio","WADMKK":"Lamongan"},"geometry":{"type":"Point","coordinates":[112.3,-7.2]}},{"type":"Feature","properties":{"Line":"R118","Tr":2724,"X":"638300.50000000000","Y":"9206331.50000000000","Rotation":0,"NAMOBJ":"Kedungbanjar","WADMKC":"Sugio","WADMKK":"Lamongan"},"geometry":{"type":"Point","coordinates":[112.3,-7.2]}},{"type":"Feature","properties":{"Line":"R118","Tr":2725,"X":"638300.50000000000","Y":"9206319.00000000000","Rotation":0,"NAMOBJ":"Kedungbanjar","WADMKC":"Sugio","WADMKK":"Lamongan"},"geometry":{"type":"Point","coordinates":[112.3,-7.2]}},{"type":"Feature","properties":{"Line":"R118","Tr":2726,"X":"638300.50000000000","Y":"9206306.50000000000","Rotation":0,"NAMOBJ":"Kedungbanjar","WADMKC":"Sugio","WADMKK":"Lamongan"},"geometry":{"type":"Point","coordinates":[112.3,-7.2]}},{"type":"Feature","properties":{"Line":"R118","Tr":2727,"X":"638300.50000000000","Y":"9206294.00000000000","Rotation":0,"NAMOBJ":"Kedungbanjar","WADMKC":"Sugio","WADMKK":"Lamongan"},"geometry":{"type":"Point","coordinates":[112.3,-7.2]}},{"type":"Feature","properties":{"Line":"R118","Tr":2728,"X":"638300.50000000000","Y":"9206281.50000000000","Rotation":0,"NAMOBJ":"Kedungbanjar","WADMKC":"Sugio","WADMKK":"Lamongan"},"geometry":{"type":"Point","coordinates":[112.3,-7.2]}},{"type":"Feature","properties":{"Line":"R118","Tr":2729,"X":"638300.50000000000","Y":"9206269.00000000000","Rotation":0,"NAMOBJ":"Kedungbanjar","WADMKC":"Sugio","WADMKK":"Lamongan"},"geometry":{"type":"Point","coordinates":[112.3,-7.2]}},{"type":"Feature","properties":{"Line":"R118","Tr":2730,"X":"638300.50000000000","Y":"9206256.50000000000","Rotation":0,"NAMOBJ":"Kedungbanjar","WADMKC":"Sugio","WADMKK":"Lamongan"},"geometry":{"type":"Point","coordinates":[112.3,-7.2]}},{"type":"Feature","properties":{"Line":"R118","Tr":2731,"X":"638300.50000000000","Y":"9206244.00000000000","Rotation":0,"NAMOBJ":"Kedungbanjar","WADMKC":"Sugio","WADMKK":"Lamongan"},"geometry":{"type":"Point","coordinates":[112.3,-7.2]}},{"type":"Feature","properties":{"Line":"R118","Tr":2732,"X":"638300.50000000000","Y":"9206231.50000000000","Rotation":0,"NAMOBJ":"Kedungbanjar","WADMKC":"Sugio","WADMKK":"Lamongan"},"geometry":{"type":"Point","coordinates":[112.3,-7.2]}},{"type":"Feature","properties":{"Line":"R118","Tr":2733,"X":"638300.50000000000","Y":"9206219.00000000000","Rotation":0,"NAMOBJ":"Kedungbanjar","WADMKC":"Sugio","WADMKK":"Lamongan"},"geometry":{"type":"Point","coordinates":[112.3,-7.2]}},{"type":"Feature","properties":{"Line":"R118","Tr":2734,"X":"638300.50000000000","Y":"9206206.50000000000","Rotation":0,"NAMOBJ":"Kedungbanjar","WADMKC":"Sugio","WADMKK":"Lamongan"},"geometry":{"type":"Point","coordinates":[112.3,-7.2]}},{"type":"Feature","properties":{"Line":"R118","Tr":2735,"X":"638300.50000000000","Y":"9206194.00000000000","Rotation":0,"NAMOBJ":"Kedungbanjar","WADMKC":"Sugio","WADMKK":"Lamongan"},"geometry":{"type":"Point","coordinates":[112.3,-7.2]}},{"type":"Feature","properties":{"Line":"R118","Tr":2736,"X":"638300.50000000000","Y":"9206181.50000000000","Rotation":0,"NAMOBJ":"Kedungbanjar","WADMKC":"Sugio","WADMKK":"Lamongan"},"geometry":{"type":"Point","coordinates":[112.3,-7.2]}},{"type":"Feature","properties":{"Line":"R118","Tr":2737,"X":"638300.50000000000","Y":"9206169.00000000000","Rotation":0,"NAMOBJ":"Kedungbanjar","WADMKC":"Sugio","WADMKK":"Lamongan"},"geometry":{"type":"Point","coordinates":[112.3,-7.2]}},{"type":"Feature","properties":{"Line":"R118","Tr":2738,"X":"638300.50000000000","Y":"9206156.50000000000","Rotation":0,"NAMOBJ":"Kedungbanjar","WADMKC":"Sugio","WADMKK":"Lamongan"},"geometry":{"type":"Point","coordinates":[112.3,-7.2]}},{"type":"Feature","properties":{"Line":"R118","Tr":2739,"X":"638300.50000000000","Y":"9206144.00000000000","Rotation":0,"NAMOBJ":"Kedungbanjar","WADMKC":"Sugio","WADMKK":"Lamongan"},"geometry":{"type":"Point","coordinates":[112.3,-7.2]}},{"type":"Feature","properties":{"Line":"R118","Tr":2740,"X":"638300.50000000000","Y":"9206131.50000000000","Rotation":0,"NAMOBJ":"Kedungbanjar","WADMKC":"Sugio","WADMKK":"Lamongan"},"geometry":{"type":"Point","coordinates":[112.3,-7.2]}},{"type":"Feature","properties":{"Line":"R118","Tr":2741,"X":"638300.50000000000","Y":"9206119.00000000000","Rotation":0,"NAMOBJ":"Kedungbanjar","WADMKC":"Sugio","WADMKK":"Lamongan"},"geometry":{"type":"Point","coordinates":[112.3,-7.2]}},{"type":"Feature","properties":{"Line":"R118","Tr":2742,"X":"638300.50000000000","Y":"9206106.50000000000","Rotation":0,"NAMOBJ":"Kedungbanjar","WADMKC":"Sugio","WADMKK":"Lamongan"},"geometry":{"type":"Point","coordinates":[112.3,-7.2]}},{"type":"Feature","properties":{"Line":"R118","Tr":2743,"X":"638300.50000000000","Y":"9206094.00000000000","Rotation":0,"NAMOBJ":"Kedungbanjar","WADMKC":"Sugio","WADMKK":"Lamongan"},"geometry":{"type":"Point","coordinates":[112.3,-7.2]}},{"type":"Feature","properties":{"Line":"R118","Tr":2744,"X":"638300.50000000000","Y":"9206081.50000000000","Rotation":0,"NAMOBJ":"Kedungbanjar","WADMKC":"Sugio","WADMKK":"Lamongan"},"geometry":{"type":"Point","coordinates":[112.3,-7.2]}},{"type":"Feature","properties":{"Line":"R118","Tr":2745,"X":"638300.50000000000","Y":"9206069.00000000000","Rotation":0,"NAMOBJ":"Kedungbanjar","WADMKC":"Sugio","WADMKK":"Lamongan"},"geometry":{"type":"Point","coordinates":[112.3,-7.2]}},{"type":"Feature","properties":{"Line":"R118","Tr":2746,"X":"638300.50000000000","Y":"9206056.50000000000","Rotation":0,"NAMOBJ":"Kedungbanjar","WADMKC":"Sugio","WADMKK":"Lamongan"},"geometry":{"type":"Point","coordinates":[112.3,-7.2]}},{"type":"Feature","properties":{"Line":"R118","Tr":2747,"X":"638300.50000000000","Y":"9206044.00000000000","Rotation":0,"NAMOBJ":"Kedungbanjar","WADMKC":"Sugio","WADMKK":"Lamongan"},"geometry":{"type":"Point","coordinates":[112.3,-7.2]}},{"type":"Feature","properties":{"Line":"R118","Tr":2748,"X":"638300.50000000000","Y":"9206031.50000000000","Rotation":0,"NAMOBJ":"Kedungbanjar","WADMKC":"Sugio","WADMKK":"Lamongan"},"geometry":{"type":"Point","coordinates":[112.3,-7.2]}},{"type":"Feature","properties":{"Line":"R118","Tr":2749,"X":"638300.50000000000","Y":"9206019.00000000000","Rotation":0,"NAMOBJ":"Kedungbanjar","WADMKC":"Sugio","WADMKK":"Lamongan"},"geometry":{"type":"Point","coordinates":[112.3,-7.2]}},{"type":"Feature","properties":{"Line":"R118","Tr":2750,"X":"638300.50000000000","Y":"9206006.50000000000","Rotation":0,"NAMOBJ":"Kedungbanjar","WADMKC":"Sugio","WADMKK":"Lamongan"},"geometry":{"type":"Point","coordinates":[112.3,-7.2]}},{"type":"Feature","properties":{"Line":"R118","Tr":2751,"X":"638300.50000000000","Y":"9205994.00000000000","Rotation":0,"NAMOBJ":"Kedungbanjar","WADMKC":"Sugio","WADMKK":"Lamongan"},"geometry":{"type":"Point","coordinates":[112.3,-7.2]}},{"type":"Feature","properties":{"Line":"R118","Tr":2752,"X":"638300.50000000000","Y":"9205981.50000000000","Rotation":0,"NAMOBJ":"Kedungbanjar","WADMKC":"Sugio","WADMKK":"Lamongan"},"geometry":{"type":"Point","coordinates":[112.3,-7.2]}},{"type":"Feature","properties":{"Line":"R118","Tr":2753,"X":"638300.50000000000","Y":"9205969.00000000000","Rotation":0,"NAMOBJ":"Kedungbanjar","WADMKC":"Sugio","WADMKK":"Lamongan"},"geometry":{"type":"Point","coordinates":[112.3,-7.2]}},{"type":"Feature","properties":{"Line":"R118","Tr":2754,"X":"638300.50000000000","Y":"9205956.50000000000","Rotation":0,"NAMOBJ":"Kedungbanjar","WADMKC":"Sugio","WADMKK":"Lamongan"},"geometry":{"type":"Point","coordinates":[112.3,-7.2]}},{"type":"Feature","properties":{"Line":"R118","Tr":2755,"X":"638300.50000000000","Y":"9205944.00000000000","Rotation":0,"NAMOBJ":"Kedungbanjar","WADMKC":"Sugio","WADMKK":"Lamongan"},"geometry":{"type":"Point","coordinates":[112.3,-7.2]}},{"type":"Feature","properties":{"Line":"R118","Tr":2756,"X":"638300.50000000000","Y":"9205931.50000000000","Rotation":0,"NAMOBJ":"Kedungbanjar","WADMKC":"Sugio","WADMKK":"Lamongan"},"geometry":{"type":"Point","coordinates":[112.3,-7.2]}},{"type":"Feature","properties":{"Line":"R118","Tr":2757,"X":"638300.50000000000","Y":"9205919.00000000000","Rotation":0,"NAMOBJ":"Kedungbanjar","WADMKC":"Sugio","WADMKK":"Lamongan"},"geometry":{"type":"Point","coordinates":[112.3,-7.2]}},{"type":"Feature","properties":{"Line":"R118","Tr":2758,"X":"638300.50000000000","Y":"9205906.50000000000","Rotation":0,"NAMOBJ":"Kedungbanjar","WADMKC":"Sugio","WADMKK":"Lamongan"},"geometry":{"type":"Point","coordinates":[112.3,-7.2]}},{"type":"Feature","properties":{"Line":"R118","Tr":2759,"X":"638300.50000000000","Y":"9205894.00000000000","Rotation":0,"NAMOBJ":"Kedungbanjar","WADMKC":"Sugio","WADMKK":"Lamongan"},"geometry":{"type":"Point","coordinates":[112.3,-7.2]}},{"type":"Feature","properties":{"Line":"R118","Tr":2760,"X":"638300.50000000000","Y":"9205881.50000000000","Rotation":0,"NAMOBJ":"Kedungbanjar","WADMKC":"Sugio","WADMKK":"Lamongan"},"geometry":{"type":"Point","coordinates":[112.3,-7.2]}},{"type":"Feature","properties":{"Line":"R118","Tr":2761,"X":"638300.50000000000","Y":"9205869.00000000000","Rotation":0,"NAMOBJ":"Kedungbanjar","WADMKC":"Sugio","WADMKK":"Lamongan"},"geometry":{"type":"Point","coordinates":[112.3,-7.2]}},{"type":"Feature","properties":{"Line":"R118","Tr":2762,"X":"638300.50000000000","Y":"9205856.50000000000","Rotation":0,"NAMOBJ":"Kedungbanjar","WADMKC":"Sugio","WADMKK":"Lamongan"},"geometry":{"type":"Point","coordinates":[112.3,-7.2]}},{"type":"Feature","properties":{"Line":"R118","Tr":2763,"X":"638300.50000000000","Y":"9205844.00000000000","Rotation":0,"NAMOBJ":"Kedungbanjar","WADMKC":"Sugio","WADMKK":"Lamongan"},"geometry":{"type":"Point","coordinates":[112.3,-7.2]}},{"type":"Feature","properties":{"Line":"R118","Tr":2764,"X":"638300.50000000000","Y":"9205831.50000000000","Rotation":0,"NAMOBJ":"Kedungbanjar","WADMKC":"Sugio","WADMKK":"Lamongan"},"geometry":{"type":"Point","coordinates":[112.3,-7.2]}},{"type":"Feature","properties":{"Line":"R118","Tr":2765,"X":"638300.50000000000","Y":"9205819.00000000000","Rotation":0,"NAMOBJ":"Kedungbanjar","WADMKC":"Sugio","WADMKK":"Lamongan"},"geometry":{"type":"Point","coordinates":[112.3,-7.2]}},{"type":"Feature","properties":{"Line":"R118","Tr":2766,"X":"638300.50000000000","Y":"9205806.50000000000","Rotation":0,"NAMOBJ":"Kedungbanjar","WADMKC":"Sugio","WADMKK":"Lamongan"},"geometry":{"type":"Point","coordinates":[112.3,-7.2]}},{"type":"Feature","properties":{"Line":"R118","Tr":2767,"X":"638300.50000000000","Y":"9205794.00000000000","Rotation":0,"NAMOBJ":"Kedungbanjar","WADMKC":"Sugio","WADMKK":"Lamongan"},"geometry":{"type":"Point","coordinates":[112.3,-7.2]}},{"type":"Feature","properties":{"Line":"R118","Tr":2768,"X":"638300.50000000000","Y":"9205781.50000000000","Rotation":0,"NAMOBJ":"Kedungbanjar","WADMKC":"Sugio","WADMKK":"Lamongan"},"geometry":{"type":"Point","coordinates":[112.3,-7.2]}},{"type":"Feature","properties":{"Line":"R118","Tr":2769,"X":"638300.50000000000","Y":"9205769.00000000000","Rotation":0,"NAMOBJ":"Kedungbanjar","WADMKC":"Sugio","WADMKK":"Lamongan"},"geometry":{"type":"Point","coordinates":[112.3,-7.2]}},{"type":"Feature","properties":{"Line":"R118","Tr":2770,"X":"638300.50000000000","Y":"9205756.50000000000","Rotation":0,"NAMOBJ":"Kedungbanjar","WADMKC":"Sugio","WADMKK":"Lamongan"},"geometry":{"type":"Point","coordinates":[112.3,-7.2]}},{"type":"Feature","properties":{"Line":"R118","Tr":2771,"X":"638300.50000000000","Y":"9205744.00000000000","Rotation":0,"NAMOBJ":"Kedungbanjar","WADMKC":"Sugio","WADMKK":"Lamongan"},"geometry":{"type":"Point","coordinates":[112.3,-7.2]}},{"type":"Feature","properties":{"Line":"R118","Tr":2772,"X":"638300.50000000000","Y":"9205731.50000000000","Rotation":0,"NAMOBJ":"Kedungbanjar","WADMKC":"Sugio","WADMKK":"Lamongan"},"geometry":{"type":"Point","coordinates":[112.3,-7.2]}},{"type":"Feature","properties":{"Line":"R118","Tr":2773,"X":"638300.50000000000","Y":"9205719.00000000000","Rotation":0,"NAMOBJ":"Kedungbanjar","WADMKC":"Sugio","WADMKK":"Lamongan"},"geometry":{"type":"Point","coordinates":[112.3,-7.2]}},{"type":"Feature","properties":{"Line":"R118","Tr":2774,"X":"638300.50000000000","Y":"9205706.50000000000","Rotation":0,"NAMOBJ":"Kedungbanjar","WADMKC":"Sugio","WADMKK":"Lamongan"},"geometry":{"type":"Point","coordinates":[112.3,-7.2]}},{"type":"Feature","properties":{"Line":"R118","Tr":2775,"X":"638300.50000000000","Y":"9205694.00000000000","Rotation":0,"NAMOBJ":"Kedungbanjar","WADMKC":"Sugio","WADMKK":"Lamongan"},"geometry":{"type":"Point","coordinates":[112.3,-7.2]}},{"type":"Feature","properties":{"Line":"R118","Tr":2776,"X":"638300.50000000000","Y":"9205681.50000000000","Rotation":0,"NAMOBJ":"Kedungbanjar","WADMKC":"Sugio","WADMKK":"Lamongan"},"geometry":{"type":"Point","coordinates":[112.3,-7.2]}},{"type":"Feature","properties":{"Line":"R118","Tr":2777,"X":"638300.50000000000","Y":"9205669.00000000000","Rotation":0,"NAMOBJ":"Kedungbanjar","WADMKC":"Sugio","WADMKK":"Lamongan"},"geometry":{"type":"Point","coordinates":[112.3,-7.2]}},{"type":"Feature","properties":{"Line":"R118","Tr":2778,"X":"638300.50000000000","Y":"9205656.50000000000","Rotation":0,"NAMOBJ":"Kedungbanjar","WADMKC":"Sugio","WADMKK":"Lamongan"},"geometry":{"type":"Point","coordinates":[112.3,-7.2]}},{"type":"Feature","properties":{"Line":"R118","Tr":2779,"X":"638300.50000000000","Y":"9205644.00000000000","Rotation":0,"NAMOBJ":"Kedungbanjar","WADMKC":"Sugio","WADMKK":"Lamongan"},"geometry":{"type":"Point","coordinates":[112.3,-7.2]}},{"type":"Feature","properties":{"Line":"R118","Tr":2780,"X":"638300.50000000000","Y":"9205631.50000000000","Rotation":0,"NAMOBJ":"Kedungbanjar","WADMKC":"Sugio","WADMKK":"Lamongan"},"geometry":{"type":"Point","coordinates":[112.3,-7.2]}},{"type":"Feature","properties":{"Line":"R118","Tr":2781,"X":"638300.50000000000","Y":"9205619.00000000000","Rotation":0,"NAMOBJ":"Kedungbanjar","WADMKC":"Sugio","WADMKK":"Lamongan"},"geometry":{"type":"Point","coordinates":[112.3,-7.2]}},{"type":"Feature","properties":{"Line":"R118","Tr":2782,"X":"638300.50000000000","Y":"9205606.50000000000","Rotation":0,"NAMOBJ":"Kedungbanjar","WADMKC":"Sugio","WADMKK":"Lamongan"},"geometry":{"type":"Point","coordinates":[112.3,-7.2]}},{"type":"Feature","properties":{"Line":"R118","Tr":2783,"X":"638300.50000000000","Y":"9205594.00000000000","Rotation":0,"NAMOBJ":"Kedungbanjar","WADMKC":"Sugio","WADMKK":"Lamongan"},"geometry":{"type":"Point","coordinates":[112.3,-7.2]}},{"type":"Feature","properties":{"Line":"R118","Tr":2784,"X":"638300.50000000000","Y":"9205581.50000000000","Rotation":0,"NAMOBJ":"Kedungbanjar","WADMKC":"Sugio","WADMKK":"Lamongan"},"geometry":{"type":"Point","coordinates":[112.3,-7.2]}},{"type":"Feature","properties":{"Line":"R118","Tr":2785,"X":"638300.50000000000","Y":"9205569.00000000000","Rotation":0,"NAMOBJ":"Kedungbanjar","WADMKC":"Sugio","WADMKK":"Lamongan"},"geometry":{"type":"Point","coordinates":[112.3,-7.2]}},{"type":"Feature","properties":{"Line":"R118","Tr":2786,"X":"638300.50000000000","Y":"9205556.50000000000","Rotation":0,"NAMOBJ":"Kedungbanjar","WADMKC":"Sugio","WADMKK":"Lamongan"},"geometry":{"type":"Point","coordinates":[112.3,-7.2]}},{"type":"Feature","properties":{"Line":"R118","Tr":2787,"X":"638300.50000000000","Y":"9205544.00000000000","Rotation":0,"NAMOBJ":"Kedungbanjar","WADMKC":"Sugio","WADMKK":"Lamongan"},"geometry":{"type":"Point","coordinates":[112.3,-7.2]}},{"type":"Feature","properties":{"Line":"R118","Tr":2788,"X":"638300.50000000000","Y":"9205531.50000000000","Rotation":0,"NAMOBJ":"Kedungbanjar","WADMKC":"Sugio","WADMKK":"Lamongan"},"geometry":{"type":"Point","coordinates":[112.3,-7.2]}},{"type":"Feature","properties":{"Line":"R118","Tr":2789,"X":"638300.50000000000","Y":"9205519.00000000000","Rotation":0,"NAMOBJ":"Kedungbanjar","WADMKC":"Sugio","WADMKK":"Lamongan"},"geometry":{"type":"Point","coordinates":[112.3,-7.2]}},{"type":"Feature","properties":{"Line":"R118","Tr":2790,"X":"638300.50000000000","Y":"9205506.50000000000","Rotation":0,"NAMOBJ":"Kedungbanjar","WADMKC":"Sugio","WADMKK":"Lamongan"},"geometry":{"type":"Point","coordinates":[112.3,-7.2]}},{"type":"Feature","properties":{"Line":"R101","Tr":2105,"X":"638031.80000000005","Y":"9208800.30000000075","Rotation":90,"NAMOBJ":"Kedungdadi","WADMKC":"Sugio","WADMKK":"Lamongan"},"geometry":{"type":"Point","coordinates":[112.3,-7.2]}},{"type":"Feature","properties":{"Line":"R101","Tr":2106,"X":"638044.30000000005","Y":"9208800.39000000060","Rotation":90,"NAMOBJ":"Kedungdadi","WADMKC":"Sugio","WADMKK":"Lamongan"},"geometry":{"type":"Point","coordinates":[112.3,-7.2]}},{"type":"Feature","properties":{"Line":"R101","Tr":2107,"X":"638056.80000000005","Y":"9208800.30000000075","Rotation":90,"NAMOBJ":"Kedungdadi","WADMKC":"Sugio","WADMKK":"Lamongan"},"geometry":{"type":"Point","coordinates":[112.3,-7.2]}},{"type":"Feature","properties":{"Line":"R101","Tr":2108,"X":"638069.30000000005","Y":"9208800.39000000060","Rotation":90,"NAMOBJ":"Kedungdadi","WADMKC":"Sugio","WADMKK":"Lamongan"},"geometry":{"type":"Point","coordinates":[112.3,-7.2]}},{"type":"Feature","properties":{"Line":"R101","Tr":2109,"X":"638081.80000000005","Y":"9208800.30000000075","Rotation":90,"NAMOBJ":"Kedungdadi","WADMKC":"Sugio","WADMKK":"Lamongan"},"geometry":{"type":"Point","coordinates":[112.3,-7.2]}},{"type":"Feature","properties":{"Line":"R101","Tr":2110,"X":"638094.30000000005","Y":"9208800.39000000060","Rotation":90,"NAMOBJ":"Kedungdadi","WADMKC":"Sugio","WADMKK":"Lamongan"},"geometry":{"type":"Point","coordinates":[112.3,-7.2]}},{"type":"Feature","properties":{"Line":"R101","Tr":2111,"X":"638106.80000000005","Y":"9208800.30000000075","Rotation":90,"NAMOBJ":"Kedungdadi","WADMKC":"Sugio","WADMKK":"Lamongan"},"geometry":{"type":"Point","coordinates":[112.3,-7.2]}},{"type":"Feature","properties":{"Line":"R101","Tr":2112,"X":"638119.30000000005","Y":"9208800.39000000060","Rotation":90,"NAMOBJ":"Kedungdadi","WADMKC":"Sugio","WADMKK":"Lamongan"},"geometry":{"type":"Point","coordinates":[112.3,-7.2]}},{"type":"Feature","properties":{"Line":"R101","Tr":2113,"X":"638131.80000000005","Y":"9208800.30000000075","Rotation":90,"NAMOBJ":"Kedungdadi","WADMKC":"Sugio","WADMKK":"Lamongan"},"geometry":{"type":"Point","coordinates":[112.3,-7.2]}},{"type":"Feature","properties":{"Line":"R101","Tr":2114,"X":"638144.30000000005","Y":"9208800.39000000060","Rotation":90,"NAMOBJ":"Kedungdadi","WADMKC":"Sugio","WADMKK":"Lamongan"},"geometry":{"type":"Point","coordinates":[112.3,-7.2]}},{"type":"Feature","properties":{"Line":"R101","Tr":2115,"X":"638156.80000000005","Y":"9208800.30000000075","Rotation":90,"NAMOBJ":"Kedungdadi","WADMKC":"Sugio","WADMKK":"Lamongan"},"geometry":{"type":"Point","coordinates":[112.3,-7.2]}},{"type":"Feature","properties":{"Line":"R101","Tr":2116,"X":"638169.30000000005","Y":"9208800.39000000060","Rotation":90,"NAMOBJ":"Kedungdadi","WADMKC":"Sugio","WADMKK":"Lamongan"},"geometry":{"type":"Point","coordinates":[112.3,-7.2]}},{"type":"Feature","properties":{"Line":"R101","Tr":2117,"X":"638181.80000000005","Y":"9208800.30000000075","Rotation":90,"NAMOBJ":"Kedungdadi","WADMKC":"Sugio","WADMKK":"Lamongan"},"geometry":{"type":"Point","coordinates":[112.3,-7.2]}},{"type":"Feature","properties":{"Line":"R101","Tr":2118,"X":"638194.30000000005","Y":"9208800.39000000060","Rotation":90,"NAMOBJ":"Kedungdadi","WADMKC":"Sugio","WADMKK":"Lamongan"},"geometry":{"type":"Point","coordinates":[112.3,-7.2]}},{"type":"Feature","properties":{"Line":"R101","Tr":2119,"X":"638206.80000000005","Y":"9208800.30000000075","Rotation":90,"NAMOBJ":"Kedungdadi","WADMKC":"Sugio","WADMKK":"Lamongan"},"geometry":{"type":"Point","coordinates":[112.3,-7.2]}},{"type":"Feature","properties":{"Line":"R101","Tr":2120,"X":"638219.30000000005","Y":"9208800.39000000060","Rotation":90,"NAMOBJ":"Kedungdadi","WADMKC":"Sugio","WADMKK":"Lamongan"},"geometry":{"type":"Point","coordinates":[112.3,-7.2]}},{"type":"Feature","properties":{"Line":"R101","Tr":2121,"X":"638231.80000000005","Y":"9208800.30000000075","Rotation":90,"NAMOBJ":"Kedungdadi","WADMKC":"Sugio","WADMKK":"Lamongan"},"geometry":{"type":"Point","coordinates":[112.3,-7.2]}},{"type":"Feature","properties":{"Line":"R101","Tr":2122,"X":"638244.30000000005","Y":"9208800.39000000060","Rotation":90,"NAMOBJ":"Kedungdadi","WADMKC":"Sugio","WADMKK":"Lamongan"},"geometry":{"type":"Point","coordinates":[112.3,-7.2]}},{"type":"Feature","properties":{"Line":"R101","Tr":2123,"X":"638256.80000000005","Y":"9208800.30000000075","Rotation":90,"NAMOBJ":"Kedungdadi","WADMKC":"Sugio","WADMKK":"Lamongan"},"geometry":{"type":"Point","coordinates":[112.3,-7.2]}},{"type":"Feature","properties":{"Line":"R101","Tr":2124,"X":"638269.30000000005","Y":"9208800.39000000060","Rotation":90,"NAMOBJ":"Kedungdadi","WADMKC":"Sugio","WADMKK":"Lamongan"},"geometry":{"type":"Point","coordinates":[112.3,-7.2]}},{"type":"Feature","properties":{"Line":"R118","Tr":2482,"X":"638300.50000000000","Y":"9209356.58999999985","Rotation":0,"NAMOBJ":"Kedungdadi","WADMKC":"Sugio","WADMKK":"Lamongan"},"geometry":{"type":"Point","coordinates":[112.3,-7.2]}},{"type":"Feature","properties":{"Line":"R118","Tr":2483,"X":"638300.50000000000","Y":"9209344.00000000000","Rotation":0,"NAMOBJ":"Kedungdadi","WADMKC":"Sugio","WADMKK":"Lamongan"},"geometry":{"type":"Point","coordinates":[112.3,-7.2]}},{"type":"Feature","properties":{"Line":"R118","Tr":2484,"X":"638300.50000000000","Y":"9209331.58999999985","Rotation":0,"NAMOBJ":"Kedungdadi","WADMKC":"Sugio","WADMKK":"Lamongan"},"geometry":{"type":"Point","coordinates":[112.3,-7.2]}},{"type":"Feature","properties":{"Line":"R118","Tr":2485,"X":"638300.50000000000","Y":"9209319.00000000000","Rotation":0,"NAMOBJ":"Kedungdadi","WADMKC":"Sugio","WADMKK":"Lamongan"},"geometry":{"type":"Point","coordinates":[112.3,-7.2]}},{"type":"Feature","properties":{"Line":"R118","Tr":2486,"X":"638300.50000000000","Y":"9209306.58999999985","Rotation":0,"NAMOBJ":"Kedungdadi","WADMKC":"Sugio","WADMKK":"Lamongan"},"geometry":{"type":"Point","coordinates":[112.3,-7.2]}},{"type":"Feature","properties":{"Line":"R118","Tr":2487,"X":"638300.50000000000","Y":"9209294.00000000000","Rotation":0,"NAMOBJ":"Kedungdadi","WADMKC":"Sugio","WADMKK":"Lamongan"},"geometry":{"type":"Point","coordinates":[112.3,-7.2]}},{"type":"Feature","properties":{"Line":"R118","Tr":2488,"X":"638300.50000000000","Y":"9209281.58999999985","Rotation":0,"NAMOBJ":"Kedungdadi","WADMKC":"Sugio","WADMKK":"Lamongan"},"geometry":{"type":"Point","coordinates":[112.3,-7.2]}},{"type":"Feature","properties":{"Line":"R118","Tr":2489,"X":"638300.50000000000","Y":"9209269.00000000000","Rotation":0,"NAMOBJ":"Kedungdadi","WADMKC":"Sugio","WADMKK":"Lamongan"},"geometry":{"type":"Point","coordinates":[112.3,-7.2]}},{"type":"Feature","properties":{"Line":"R118","Tr":2490,"X":"638300.50000000000","Y":"9209256.58999999985","Rotation":0,"NAMOBJ":"Kedungdadi","WADMKC":"Sugio","WADMKK":"Lamongan"},"geometry":{"type":"Point","coordinates":[112.3,-7.2]}},{"type":"Feature","properties":{"Line":"R118","Tr":2491,"X":"638300.50000000000","Y":"9209244.00000000000","Rotation":0,"NAMOBJ":"Kedungdadi","WADMKC":"Sugio","WADMKK":"Lamongan"},"geometry":{"type":"Point","coordinates":[112.3,-7.2]}},{"type":"Feature","properties":{"Line":"R118","Tr":2492,"X":"638300.50000000000","Y":"9209231.58999999985","Rotation":0,"NAMOBJ":"Kedungdadi","WADMKC":"Sugio","WADMKK":"Lamongan"},"geometry":{"type":"Point","coordinates":[112.3,-7.2]}},{"type":"Feature","properties":{"Line":"R118","Tr":2493,"X":"638300.50000000000","Y":"9209219.00000000000","Rotation":0,"NAMOBJ":"Kedungdadi","WADMKC":"Sugio","WADMKK":"Lamongan"},"geometry":{"type":"Point","coordinates":[112.3,-7.2]}},{"type":"Feature","properties":{"Line":"R118","Tr":2494,"X":"638300.50000000000","Y":"9209206.58999999985","Rotation":0,"NAMOBJ":"Kedungdadi","WADMKC":"Sugio","WADMKK":"Lamongan"},"geometry":{"type":"Point","coordinates":[112.3,-7.2]}},{"type":"Feature","properties":{"Line":"R118","Tr":2495,"X":"638300.50000000000","Y":"9209194.00000000000","Rotation":0,"NAMOBJ":"Kedungdadi","WADMKC":"Sugio","WADMKK":"Lamongan"},"geometry":{"type":"Point","coordinates":[112.3,-7.2]}},{"type":"Feature","properties":{"Line":"R118","Tr":2496,"X":"638300.50000000000","Y":"9209181.58999999985","Rotation":0,"NAMOBJ":"Kedungdadi","WADMKC":"Sugio","WADMKK":"Lamongan"},"geometry":{"type":"Point","coordinates":[112.3,-7.2]}},{"type":"Feature","properties":{"Line":"R118","Tr":2497,"X":"638300.50000000000","Y":"9209169.00000000000","Rotation":0,"NAMOBJ":"Kedungdadi","WADMKC":"Sugio","WADMKK":"Lamongan"},"geometry":{"type":"Point","coordinates":[112.3,-7.2]}},{"type":"Feature","properties":{"Line":"R118","Tr":2498,"X":"638300.50000000000","Y":"9209156.58999999985","Rotation":0,"NAMOBJ":"Kedungdadi","WADMKC":"Sugio","WADMKK":"Lamongan"},"geometry":{"type":"Point","coordinates":[112.3,-7.2]}},{"type":"Feature","properties":{"Line":"R118","Tr":2499,"X":"638300.50000000000","Y":"9209144.00000000000","Rotation":0,"NAMOBJ":"Kedungdadi","WADMKC":"Sugio","WADMKK":"Lamongan"},"geometry":{"type":"Point","coordinates":[112.3,-7.2]}},{"type":"Feature","properties":{"Line":"R118","Tr":2500,"X":"638300.50000000000","Y":"9209131.58999999985","Rotation":0,"NAMOBJ":"Kedungdadi","WADMKC":"Sugio","WADMKK":"Lamongan"},"geometry":{"type":"Point","coordinates":[112.3,-7.2]}},{"type":"Feature","properties":{"Line":"R118","Tr":2501,"X":"638300.50000000000","Y":"9209119.00000000000","Rotation":0,"NAMOBJ":"Kedungdadi","WADMKC":"Sugio","WADMKK":"Lamongan"},"geometry":{"type":"Point","coordinates":[112.3,-7.2]}},{"type":"Feature","properties":{"Line":"R118","Tr":2502,"X":"638300.50000000000","Y":"9209106.58999999985","Rotation":0,"NAMOBJ":"Kedungdadi","WADMKC":"Sugio","WADMKK":"Lamongan"},"geometry":{"type":"Point","coordinates":[112.3,-7.2]}},{"type":"Feature","properties":{"Line":"R118","Tr":2503,"X":"638300.50000000000","Y":"9209094.00000000000","Rotation":0,"NAMOBJ":"Kedungdadi","WADMKC":"Sugio","WADMKK":"Lamongan"},"geometry":{"type":"Point","coordinates":[112.3,-7.2]}},{"type":"Feature","properties":{"Line":"R118","Tr":2504,"X":"638300.50000000000","Y":"9209081.58999999985","Rotation":0,"NAMOBJ":"Kedungdadi","WADMKC":"Sugio","WADMKK":"Lamongan"},"geometry":{"type":"Point","coordinates":[112.3,-7.2]}},{"type":"Feature","properties":{"Line":"R118","Tr":2505,"X":"638300.50000000000","Y":"9209069.00000000000","Rotation":0,"NAMOBJ":"Kedungdadi","WADMKC":"Sugio","WADMKK":"Lamongan"},"geometry":{"type":"Point","coordinates":[112.3,-7.2]}},{"type":"Feature","properties":{"Line":"R118","Tr":2506,"X":"638300.50000000000","Y":"9209056.58999999985","Rotation":0,"NAMOBJ":"Kedungdadi","WADMKC":"Sugio","WADMKK":"Lamongan"},"geometry":{"type":"Point","coordinates":[112.3,-7.2]}},{"type":"Feature","properties":{"Line":"R118","Tr":2507,"X":"638300.50000000000","Y":"9209044.00000000000","Rotation":0,"NAMOBJ":"Kedungdadi","WADMKC":"Sugio","WADMKK":"Lamongan"},"geometry":{"type":"Point","coordinates":[112.3,-7.2]}},{"type":"Feature","properties":{"Line":"R118","Tr":2508,"X":"638300.50000000000","Y":"9209031.58999999985","Rotation":0,"NAMOBJ":"Kedungdadi","WADMKC":"Sugio","WADMKK":"Lamongan"},"geometry":{"type":"Point","coordinates":[112.3,-7.2]}},{"type":"Feature","properties":{"Line":"R101","Tr":2296,"X":"640419.30000000005","Y":"9208800.39000000060","Rotation":90,"NAMOBJ":"Lebakadi","WADMKC":"Sugio","WADMKK":"Lamongan"},"geometry":{"type":"Point","coordinates":[112.3,-7.2]}},{"type":"Feature","properties":{"Line":"R101","Tr":2297,"X":"640431.80000000005","Y":"9208800.30000000075","Rotation":90,"NAMOBJ":"Lebakadi","WADMKC":"Sugio","WADMKK":"Lamongan"},"geometry":{"type":"Point","coordinates":[112.3,-7.2]}},{"type":"Feature","properties":{"Line":"R101","Tr":2298,"X":"640444.30000000005","Y":"9208800.39000000060","Rotation":90,"NAMOBJ":"Lebakadi","WADMKC":"Sugio","WADMKK":"Lamongan"},"geometry":{"type":"Point","coordinates":[112.3,-7.2]}},{"type":"Feature","properties":{"Line":"R101","Tr":2299,"X":"640456.80000000005","Y":"9208800.30000000075","Rotation":90,"NAMOBJ":"Lebakadi","WADMKC":"Sugio","WADMKK":"Lamongan"},"geometry":{"type":"Point","coordinates":[112.3,-7.2]}},{"type":"Feature","properties":{"Line":"R101","Tr":2300,"X":"640469.30000000005","Y":"9208800.39000000060","Rotation":90,"NAMOBJ":"Lebakadi","WADMKC":"Sugio","WADMKK":"Lamongan"},"geometry":{"type":"Point","coordinates":[112.3,-7.2]}},{"type":"Feature","properties":{"Line":"R101","Tr":2301,"X":"640481.80000000005","Y":"9208800.30000000075","Rotation":90,"NAMOBJ":"Lebakadi","WADMKC":"Sugio","WADMKK":"Lamongan"},"geometry":{"type":"Point","coordinates":[112.3,-7.2]}},{"type":"Feature","properties":{"Line":"R101","Tr":2302,"X":"640494.30000000005","Y":"9208800.39000000060","Rotation":90,"NAMOBJ":"Lebakadi","WADMKC":"Sugio","WADMKK":"Lamongan"},"geometry":{"type":"Point","coordinates":[112.3,-7.2]}},{"type":"Feature","properties":{"Line":"R101","Tr":2303,"X":"640506.80000000005","Y":"9208800.30000000075","Rotation":90,"NAMOBJ":"Lebakadi","WADMKC":"Sugio","WADMKK":"Lamongan"},"geometry":{"type":"Point","coordinates":[112.3,-7.2]}},{"type":"Feature","properties":{"Line":"R101","Tr":2304,"X":"640519.30000000005","Y":"9208800.39000000060","Rotation":90,"NAMOBJ":"Lebakadi","WADMKC":"Sugio","WADMKK":"Lamongan"},"geometry":{"type":"Point","coordinates":[112.3,-7.2]}},{"type":"Feature","properties":{"Line":"R101","Tr":2305,"X":"640531.80000000005","Y":"9208800.30000000075","Rotation":90,"NAMOBJ":"Lebakadi","WADMKC":"Sugio","WADMKK":"Lamongan"},"geometry":{"type":"Point","coordinates":[112.3,-7.2]}},{"type":"Feature","properties":{"Line":"R101","Tr":2306,"X":"640544.30000000005","Y":"9208800.39000000060","Rotation":90,"NAMOBJ":"Lebakadi","WADMKC":"Sugio","WADMKK":"Lamongan"},"geometry":{"type":"Point","coordinates":[112.3,-7.2]}},{"type":"Feature","properties":{"Line":"R101","Tr":2307,"X":"640556.80000000005","Y":"9208800.30000000075","Rotation":90,"NAMOBJ":"Lebakadi","WADMKC":"Sugio","WADMKK":"Lamongan"},"geometry":{"type":"Point","coordinates":[112.3,-7.2]}},{"type":"Feature","properties":{"Line":"R101","Tr":2308,"X":"640569.30000000005","Y":"9208800.39000000060","Rotation":90,"NAMOBJ":"Lebakadi","WADMKC":"Sugio","WADMKK":"Lamongan"},"geometry":{"type":"Point","coordinates":[112.3,-7.2]}},{"type":"Feature","properties":{"Line":"R101","Tr":2309,"X":"640581.80000000005","Y":"9208800.30000000075","Rotation":90,"NAMOBJ":"Lebakadi","WADMKC":"Sugio","WADMKK":"Lamongan"},"geometry":{"type":"Point","coordinates":[112.3,-7.2]}},{"type":"Feature","properties":{"Line":"R101","Tr":2310,"X":"640594.30000000005","Y":"9208800.39000000060","Rotation":90,"NAMOBJ":"Lebakadi","WADMKC":"Sugio","WADMKK":"Lamongan"},"geometry":{"type":"Point","coordinates":[112.3,-7.2]}},{"type":"Feature","properties":{"Line":"R101","Tr":2311,"X":"640606.80000000005","Y":"9208800.30000000075","Rotation":90,"NAMOBJ":"Lebakadi","WADMKC":"Sugio","WADMKK":"Lamongan"},"geometry":{"type":"Point","coordinates":[112.3,-7.2]}},{"type":"Feature","properties":{"Line":"R101","Tr":2312,"X":"640619.30000000005","Y":"9208800.39000000060","Rotation":90,"NAMOBJ":"Lebakadi","WADMKC":"Sugio","WADMKK":"Lamongan"},"geometry":{"type":"Point","coordinates":[112.3,-7.2]}},{"type":"Feature","properties":{"Line":"R101","Tr":2313,"X":"640631.80000000005","Y":"9208800.30000000075","Rotation":90,"NAMOBJ":"Lebakadi","WADMKC":"Sugio","WADMKK":"Lamongan"},"geometry":{"type":"Point","coordinates":[112.3,-7.2]}},{"type":"Feature","properties":{"Line":"R101","Tr":2314,"X":"640644.30000000005","Y":"9208800.39000000060","Rotation":90,"NAMOBJ":"Lebakadi","WADMKC":"Sugio","WADMKK":"Lamongan"},"geometry":{"type":"Point","coordinates":[112.3,-7.2]}},{"type":"Feature","properties":{"Line":"R101","Tr":2315,"X":"640656.80000000005","Y":"9208800.30000000075","Rotation":90,"NAMOBJ":"Lebakadi","WADMKC":"Sugio","WADMKK":"Lamongan"},"geometry":{"type":"Point","coordinates":[112.3,-7.2]}},{"type":"Feature","properties":{"Line":"R101","Tr":2316,"X":"640669.30000000005","Y":"9208800.39000000060","Rotation":90,"NAMOBJ":"Lebakadi","WADMKC":"Sugio","WADMKK":"Lamongan"},"geometry":{"type":"Point","coordinates":[112.3,-7.2]}},{"type":"Feature","properties":{"Line":"R101","Tr":2317,"X":"640681.80000000005","Y":"9208800.30000000075","Rotation":90,"NAMOBJ":"Lebakadi","WADMKC":"Sugio","WADMKK":"Lamongan"},"geometry":{"type":"Point","coordinates":[112.3,-7.2]}},{"type":"Feature","properties":{"Line":"R101","Tr":2318,"X":"640694.30000000005","Y":"9208800.39000000060","Rotation":90,"NAMOBJ":"Lebakadi","WADMKC":"Sugio","WADMKK":"Lamongan"},"geometry":{"type":"Point","coordinates":[112.3,-7.2]}},{"type":"Feature","properties":{"Line":"R101","Tr":2319,"X":"640706.80000000005","Y":"9208800.30000000075","Rotation":90,"NAMOBJ":"Lebakadi","WADMKC":"Sugio","WADMKK":"Lamongan"},"geometry":{"type":"Point","coordinates":[112.3,-7.2]}},{"type":"Feature","properties":{"Line":"R101","Tr":2320,"X":"640719.30000000005","Y":"9208800.39000000060","Rotation":90,"NAMOBJ":"Lebakadi","WADMKC":"Sugio","WADMKK":"Lamongan"},"geometry":{"type":"Point","coordinates":[112.3,-7.2]}},{"type":"Feature","properties":{"Line":"R101","Tr":2321,"X":"640731.80000000005","Y":"9208800.30000000075","Rotation":90,"NAMOBJ":"Lebakadi","WADMKC":"Sugio","WADMKK":"Lamongan"},"geometry":{"type":"Point","coordinates":[112.3,-7.2]}},{"type":"Feature","properties":{"Line":"R101","Tr":2322,"X":"640744.30000000005","Y":"9208800.39000000060","Rotation":90,"NAMOBJ":"Lebakadi","WADMKC":"Sugio","WADMKK":"Lamongan"},"geometry":{"type":"Point","coordinates":[112.3,-7.2]}},{"type":"Feature","properties":{"Line":"R101","Tr":2323,"X":"640756.80000000005","Y":"9208800.30000000075","Rotation":90,"NAMOBJ":"Lebakadi","WADMKC":"Sugio","WADMKK":"Lamongan"},"geometry":{"type":"Point","coordinates":[112.3,-7.2]}},{"type":"Feature","properties":{"Line":"R101","Tr":2324,"X":"640769.30000000005","Y":"9208800.39000000060","Rotation":90,"NAMOBJ":"Lebakadi","WADMKC":"Sugio","WADMKK":"Lamongan"},"geometry":{"type":"Point","coordinates":[112.3,-7.2]}},{"type":"Feature","properties":{"Line":"R101","Tr":2325,"X":"640781.80000000005","Y":"9208800.30000000075","Rotation":90,"NAMOBJ":"Lebakadi","WADMKC":"Sugio","WADMKK":"Lamongan"},"geometry":{"type":"Point","coordinates":[112.3,-7.2]}},{"type":"Feature","properties":{"Line":"R101","Tr":2326,"X":"640794.30000000005","Y":"9208800.39000000060","Rotation":90,"NAMOBJ":"Lebakadi","WADMKC":"Sugio","WADMKK":"Lamongan"},"geometry":{"type":"Point","coordinates":[112.3,-7.2]}},{"type":"Feature","properties":{"Line":"R101","Tr":2327,"X":"640806.80000000005","Y":"9208800.30000000075","Rotation":90,"NAMOBJ":"Lebakadi","WADMKC":"Sugio","WADMKK":"Lamongan"},"geometry":{"type":"Point","coordinates":[112.3,-7.2]}},{"type":"Feature","properties":{"Line":"R101","Tr":2328,"X":"640819.30000000005","Y":"9208800.39000000060","Rotation":90,"NAMOBJ":"Lebakadi","WADMKC":"Sugio","WADMKK":"Lamongan"},"geometry":{"type":"Point","coordinates":[112.3,-7.2]}},{"type":"Feature","properties":{"Line":"R101","Tr":2329,"X":"640831.80000000005","Y":"9208800.30000000075","Rotation":90,"NAMOBJ":"Lebakadi","WADMKC":"Sugio","WADMKK":"Lamongan"},"geometry":{"type":"Point","coordinates":[112.3,-7.2]}},{"type":"Feature","properties":{"Line":"R101","Tr":2330,"X":"640844.30000000005","Y":"9208800.39000000060","Rotation":90,"NAMOBJ":"Lebakadi","WADMKC":"Sugio","WADMKK":"Lamongan"},"geometry":{"type":"Point","coordinates":[112.3,-7.2]}},{"type":"Feature","properties":{"Line":"R101","Tr":2331,"X":"640856.80000000005","Y":"9208800.30000000075","Rotation":90,"NAMOBJ":"Lebakadi","WADMKC":"Sugio","WADMKK":"Lamongan"},"geometry":{"type":"Point","coordinates":[112.3,-7.2]}},{"type":"Feature","properties":{"Line":"R101","Tr":2332,"X":"640869.30000000005","Y":"9208800.39000000060","Rotation":90,"NAMOBJ":"Lebakadi","WADMKC":"Sugio","WADMKK":"Lamongan"},"geometry":{"type":"Point","coordinates":[112.3,-7.2]}},{"type":"Feature","properties":{"Line":"R101","Tr":2333,"X":"640881.80000000005","Y":"9208800.30000000075","Rotation":90,"NAMOBJ":"Lebakadi","WADMKC":"Sugio","WADMKK":"Lamongan"},"geometry":{"type":"Point","coordinates":[112.3,-7.2]}},{"type":"Feature","properties":{"Line":"R101","Tr":2334,"X":"640894.30000000005","Y":"9208800.39000000060","Rotation":90,"NAMOBJ":"Lebakadi","WADMKC":"Sugio","WADMKK":"Lamongan"},"geometry":{"type":"Point","coordinates":[112.3,-7.2]}},{"type":"Feature","properties":{"Line":"R101","Tr":2335,"X":"640906.80000000005","Y":"9208800.30000000075","Rotation":90,"NAMOBJ":"Lebakadi","WADMKC":"Sugio","WADMKK":"Lamongan"},"geometry":{"type":"Point","coordinates":[112.3,-7.2]}},{"type":"Feature","properties":{"Line":"R101","Tr":2336,"X":"640919.30000000005","Y":"9208800.39000000060","Rotation":90,"NAMOBJ":"Lebakadi","WADMKC":"Sugio","WADMKK":"Lamongan"},"geometry":{"type":"Point","coordinates":[112.3,-7.2]}},{"type":"Feature","properties":{"Line":"R101","Tr":2337,"X":"640931.80000000005","Y":"9208800.30000000075","Rotation":90,"NAMOBJ":"Lebakadi","WADMKC":"Sugio","WADMKK":"Lamongan"},"geometry":{"type":"Point","coordinates":[112.3,-7.2]}},{"type":"Feature","properties":{"Line":"R101","Tr":2338,"X":"640944.30000000005","Y":"9208800.39000000060","Rotation":90,"NAMOBJ":"Lebakadi","WADMKC":"Sugio","WADMKK":"Lamongan"},"geometry":{"type":"Point","coordinates":[112.3,-7.2]}},{"type":"Feature","properties":{"Line":"R101","Tr":2339,"X":"640956.80000000005","Y":"9208800.30000000075","Rotation":90,"NAMOBJ":"Lebakadi","WADMKC":"Sugio","WADMKK":"Lamongan"},"geometry":{"type":"Point","coordinates":[112.3,-7.2]}},{"type":"Feature","properties":{"Line":"R101","Tr":2340,"X":"640969.30000000005","Y":"9208800.39000000060","Rotation":90,"NAMOBJ":"Lebakadi","WADMKC":"Sugio","WADMKK":"Lamongan"},"geometry":{"type":"Point","coordinates":[112.3,-7.2]}},{"type":"Feature","properties":{"Line":"R101","Tr":2341,"X":"640981.80000000005","Y":"9208800.30000000075","Rotation":90,"NAMOBJ":"Lebakadi","WADMKC":"Sugio","WADMKK":"Lamongan"},"geometry":{"type":"Point","coordinates":[112.3,-7.2]}},{"type":"Feature","properties":{"Line":"R101","Tr":2342,"X":"640994.30000000005","Y":"9208800.39000000060","Rotation":90,"NAMOBJ":"Lebakadi","WADMKC":"Sugio","WADMKK":"Lamongan"},"geometry":{"type":"Point","coordinates":[112.3,-7.2]}},{"type":"Feature","properties":{"Line":"R101","Tr":2343,"X":"641006.80000000005","Y":"9208800.30000000075","Rotation":90,"NAMOBJ":"Lebakadi","WADMKC":"Sugio","WADMKK":"Lamongan"},"geometry":{"type":"Point","coordinates":[112.3,-7.2]}},{"type":"Feature","properties":{"Line":"R101","Tr":2344,"X":"641019.30000000005","Y":"9208800.39000000060","Rotation":90,"NAMOBJ":"Lebakadi","WADMKC":"Sugio","WADMKK":"Lamongan"},"geometry":{"type":"Point","coordinates":[112.3,-7.2]}},{"type":"Feature","properties":{"Line":"R101","Tr":2345,"X":"641031.80000000005","Y":"9208800.30000000075","Rotation":90,"NAMOBJ":"Lebakadi","WADMKC":"Sugio","WADMKK":"Lamongan"},"geometry":{"type":"Point","coordinates":[112.3,-7.2]}},{"type":"Feature","properties":{"Line":"R101","Tr":2346,"X":"641044.30000000005","Y":"9208800.39000000060","Rotation":90,"NAMOBJ":"Lebakadi","WADMKC":"Sugio","WADMKK":"Lamongan"},"geometry":{"type":"Point","coordinates":[112.3,-7.2]}},{"type":"Feature","properties":{"Line":"R101","Tr":2347,"X":"641056.80000000005","Y":"9208800.30000000075","Rotation":90,"NAMOBJ":"Lebakadi","WADMKC":"Sugio","WADMKK":"Lamongan"},"geometry":{"type":"Point","coordinates":[112.3,-7.2]}},{"type":"Feature","properties":{"Line":"R101","Tr":2348,"X":"641069.30000000005","Y":"9208800.39000000060","Rotation":90,"NAMOBJ":"Lebakadi","WADMKC":"Sugio","WADMKK":"Lamongan"},"geometry":{"type":"Point","coordinates":[112.3,-7.2]}},{"type":"Feature","properties":{"Line":"R101","Tr":2349,"X":"641081.80000000005","Y":"9208800.30000000075","Rotation":90,"NAMOBJ":"Lebakadi","WADMKC":"Sugio","WADMKK":"Lamongan"},"geometry":{"type":"Point","coordinates":[112.3,-7.2]}},{"type":"Feature","properties":{"Line":"R101","Tr":2350,"X":"641094.30000000005","Y":"9208800.39000000060","Rotation":90,"NAMOBJ":"Lebakadi","WADMKC":"Sugio","WADMKK":"Lamongan"},"geometry":{"type":"Point","coordinates":[112.3,-7.2]}},{"type":"Feature","properties":{"Line":"R101","Tr":2351,"X":"641106.80000000005","Y":"9208800.30000000075","Rotation":90,"NAMOBJ":"Lebakadi","WADMKC":"Sugio","WADMKK":"Lamongan"},"geometry":{"type":"Point","coordinates":[112.3,-7.2]}},{"type":"Feature","properties":{"Line":"R101","Tr":2352,"X":"641119.30000000005","Y":"9208800.39000000060","Rotation":90,"NAMOBJ":"Lebakadi","WADMKC":"Sugio","WADMKK":"Lamongan"},"geometry":{"type":"Point","coordinates":[112.3,-7.2]}},{"type":"Feature","properties":{"Line":"R101","Tr":2353,"X":"641131.80000000005","Y":"9208800.30000000075","Rotation":90,"NAMOBJ":"Lebakadi","WADMKC":"Sugio","WADMKK":"Lamongan"},"geometry":{"type":"Point","coordinates":[112.3,-7.2]}},{"type":"Feature","properties":{"Line":"R101","Tr":2354,"X":"641144.30000000005","Y":"9208800.39000000060","Rotation":90,"NAMOBJ":"Lebakadi","WADMKC":"Sugio","WADMKK":"Lamongan"},"geometry":{"type":"Point","coordinates":[112.3,-7.2]}},{"type":"Feature","properties":{"Line":"R101","Tr":2355,"X":"641156.80000000005","Y":"9208800.30000000075","Rotation":90,"NAMOBJ":"Lebakadi","WADMKC":"Sugio","WADMKK":"Lamongan"},"geometry":{"type":"Point","coordinates":[112.3,-7.2]}},{"type":"Feature","properties":{"Line":"R101","Tr":2356,"X":"641169.30000000005","Y":"9208800.39000000060","Rotation":90,"NAMOBJ":"Lebakadi","WADMKC":"Sugio","WADMKK":"Lamongan"},"geometry":{"type":"Point","coordinates":[112.3,-7.2]}},{"type":"Feature","properties":{"Line":"R101","Tr":2357,"X":"641181.80000000005","Y":"9208800.30000000075","Rotation":90,"NAMOBJ":"Lebakadi","WADMKC":"Sugio","WADMKK":"Lamongan"},"geometry":{"type":"Point","coordinates":[112.3,-7.2]}},{"type":"Feature","properties":{"Line":"R101","Tr":2358,"X":"641194.30000000005","Y":"9208800.39000000060","Rotation":90,"NAMOBJ":"Lebakadi","WADMKC":"Sugio","WADMKK":"Lamongan"},"geometry":{"type":"Point","coordinates":[112.3,-7.2]}},{"type":"Feature","properties":{"Line":"R101","Tr":2359,"X":"641206.80000000005","Y":"9208800.30000000075","Rotation":90,"NAMOBJ":"Lebakadi","WADMKC":"Sugio","WADMKK":"Lamongan"},"geometry":{"type":"Point","coordinates":[112.3,-7.2]}},{"type":"Feature","properties":{"Line":"R101","Tr":2360,"X":"641219.30000000005","Y":"9208800.39000000060","Rotation":90,"NAMOBJ":"Lebakadi","WADMKC":"Sugio","WADMKK":"Lamongan"},"geometry":{"type":"Point","coordinates":[112.3,-7.2]}},{"type":"Feature","properties":{"Line":"R101","Tr":2361,"X":"641231.80000000005","Y":"9208800.30000000075","Rotation":90,"NAMOBJ":"Lebakadi","WADMKC":"Sugio","WADMKK":"Lamongan"},"geometry":{"type":"Point","coordinates":[112.3,-7.2]}},{"type":"Feature","properties":{"Line":"R101","Tr":2362,"X":"641244.30000000005","Y":"9208800.39000000060","Rotation":90,"NAMOBJ":"Lebakadi","WADMKC":"Sugio","WADMKK":"Lamongan"},"geometry":{"type":"Point","coordinates":[112.3,-7.2]}},{"type":"Feature","properties":{"Line":"R101","Tr":2363,"X":"641256.80000000005","Y":"9208800.30000000075","Rotation":90,"NAMOBJ":"Lebakadi","WADMKC":"Sugio","WADMKK":"Lamongan"},"geometry":{"type":"Point","coordinates":[112.3,-7.2]}},{"type":"Feature","properties":{"Line":"R101","Tr":2364,"X":"641269.30000000005","Y":"9208800.39000000060","Rotation":90,"NAMOBJ":"Lebakadi","WADMKC":"Sugio","WADMKK":"Lamongan"},"geometry":{"type":"Point","coordinates":[112.3,-7.2]}},{"type":"Feature","properties":{"Line":"R101","Tr":2365,"X":"641281.80000000005","Y":"9208800.30000000075","Rotation":90,"NAMOBJ":"Lebakadi","WADMKC":"Sugio","WADMKK":"Lamongan"},"geometry":{"type":"Point","coordinates":[112.3,-7.2]}},{"type":"Feature","properties":{"Line":"R101","Tr":2366,"X":"641294.30000000005","Y":"9208800.39000000060","Rotation":90,"NAMOBJ":"Lebakadi","WADMKC":"Sugio","WADMKK":"Lamongan"},"geometry":{"type":"Point","coordinates":[112.3,-7.2]}},{"type":"Feature","properties":{"Line":"R101","Tr":2367,"X":"641306.80000000005","Y":"9208800.30000000075","Rotation":90,"NAMOBJ":"Lebakadi","WADMKC":"Sugio","WADMKK":"Lamongan"},"geometry":{"type":"Point","coordinates":[112.3,-7.2]}},{"type":"Feature","properties":{"Line":"R101","Tr":2368,"X":"641319.30000000005","Y":"9208800.39000000060","Rotation":90,"NAMOBJ":"Lebakadi","WADMKC":"Sugio","WADMKK":"Lamongan"},"geometry":{"type":"Point","coordinates":[112.3,-7.2]}},{"type":"Feature","properties":{"Line":"R101","Tr":2369,"X":"641331.80000000005","Y":"9208800.30000000075","Rotation":90,"NAMOBJ":"Lebakadi","WADMKC":"Sugio","WADMKK":"Lamongan"},"geometry":{"type":"Point","coordinates":[112.3,-7.2]}},{"type":"Feature","properties":{"Line":"R101","Tr":2370,"X":"641344.30000000005","Y":"9208800.39000000060","Rotation":90,"NAMOBJ":"Lebakadi","WADMKC":"Sugio","WADMKK":"Lamongan"},"geometry":{"type":"Point","coordinates":[112.3,-7.2]}},{"type":"Feature","properties":{"Line":"R101","Tr":2371,"X":"641356.80000000005","Y":"9208800.30000000075","Rotation":90,"NAMOBJ":"Lebakadi","WADMKC":"Sugio","WADMKK":"Lamongan"},"geometry":{"type":"Point","coordinates":[112.3,-7.2]}},{"type":"Feature","properties":{"Line":"R101","Tr":2372,"X":"641369.30000000005","Y":"9208800.39000000060","Rotation":90,"NAMOBJ":"Lebakadi","WADMKC":"Sugio","WADMKK":"Lamongan"},"geometry":{"type":"Point","coordinates":[112.3,-7.2]}},{"type":"Feature","properties":{"Line":"R101","Tr":2373,"X":"641381.80000000005","Y":"9208800.30000000075","Rotation":90,"NAMOBJ":"Lebakadi","WADMKC":"Sugio","WADMKK":"Lamongan"},"geometry":{"type":"Point","coordinates":[112.3,-7.2]}},{"type":"Feature","properties":{"Line":"R101","Tr":2374,"X":"641394.30000000005","Y":"9208800.39000000060","Rotation":90,"NAMOBJ":"Lebakadi","WADMKC":"Sugio","WADMKK":"Lamongan"},"geometry":{"type":"Point","coordinates":[112.3,-7.2]}},{"type":"Feature","properties":{"Line":"R122","Tr":2513,"X":"640300.50000000000","Y":"9209469.00000000000","Rotation":0,"NAMOBJ":"Lebakadi","WADMKC":"Sugio","WADMKK":"Lamongan"},"geometry":{"type":"Point","coordinates":[112.3,-7.2]}},{"type":"Feature","properties":{"Line":"R122","Tr":2514,"X":"640300.50000000000","Y":"9209456.58999999985","Rotation":0,"NAMOBJ":"Lebakadi","WADMKC":"Sugio","WADMKK":"Lamongan"},"geometry":{"type":"Point","coordinates":[112.3,-7.2]}},{"type":"Feature","properties":{"Line":"R122","Tr":2515,"X":"640300.50000000000","Y":"9209444.00000000000","Rotation":0,"NAMOBJ":"Lebakadi","WADMKC":"Sugio","WADMKK":"Lamongan"},"geometry":{"type":"Point","coordinates":[112.3,-7.2]}},{"type":"Feature","properties":{"Line":"R122","Tr":2516,"X":"640300.50000000000","Y":"9209431.58999999985","Rotation":0,"NAMOBJ":"Lebakadi","WADMKC":"Sugio","WADMKK":"Lamongan"},"geometry":{"type":"Point","coordinates":[112.3,-7.2]}},{"type":"Feature","properties":{"Line":"R122","Tr":2517,"X":"640300.50000000000","Y":"9209419.00000000000","Rotation":0,"NAMOBJ":"Lebakadi","WADMKC":"Sugio","WADMKK":"Lamongan"},"geometry":{"type":"Point","coordinates":[112.3,-7.2]}},{"type":"Feature","properties":{"Line":"R122","Tr":2518,"X":"640300.50000000000","Y":"9209406.58999999985","Rotation":0,"NAMOBJ":"Lebakadi","WADMKC":"Sugio","WADMKK":"Lamongan"},"geometry":{"type":"Point","coordinates":[112.3,-7.2]}},{"type":"Feature","properties":{"Line":"R122","Tr":2519,"X":"640300.50000000000","Y":"9209394.00000000000","Rotation":0,"NAMOBJ":"Lebakadi","WADMKC":"Sugio","WADMKK":"Lamongan"},"geometry":{"type":"Point","coordinates":[112.3,-7.2]}},{"type":"Feature","properties":{"Line":"R122","Tr":2520,"X":"640300.50000000000","Y":"9209381.58999999985","Rotation":0,"NAMOBJ":"Lebakadi","WADMKC":"Sugio","WADMKK":"Lamongan"},"geometry":{"type":"Point","coordinates":[112.3,-7.2]}},{"type":"Feature","properties":{"Line":"R122","Tr":2521,"X":"640300.50000000000","Y":"9209369.00000000000","Rotation":0,"NAMOBJ":"Lebakadi","WADMKC":"Sugio","WADMKK":"Lamongan"},"geometry":{"type":"Point","coordinates":[112.3,-7.2]}},{"type":"Feature","properties":{"Line":"R122","Tr":2522,"X":"640300.50000000000","Y":"9209356.58999999985","Rotation":0,"NAMOBJ":"Lebakadi","WADMKC":"Sugio","WADMKK":"Lamongan"},"geometry":{"type":"Point","coordinates":[112.3,-7.2]}},{"type":"Feature","properties":{"Line":"R122","Tr":2523,"X":"640300.50000000000","Y":"9209344.00000000000","Rotation":0,"NAMOBJ":"Lebakadi","WADMKC":"Sugio","WADMKK":"Lamongan"},"geometry":{"type":"Point","coordinates":[112.3,-7.2]}},{"type":"Feature","properties":{"Line":"R122","Tr":2524,"X":"640300.50000000000","Y":"9209331.58999999985","Rotation":0,"NAMOBJ":"Lebakadi","WADMKC":"Sugio","WADMKK":"Lamongan"},"geometry":{"type":"Point","coordinates":[112.3,-7.2]}},{"type":"Feature","properties":{"Line":"R122","Tr":2525,"X":"640300.50000000000","Y":"9209319.00000000000","Rotation":0,"NAMOBJ":"Lebakadi","WADMKC":"Sugio","WADMKK":"Lamongan"},"geometry":{"type":"Point","coordinates":[112.3,-7.2]}},{"type":"Feature","properties":{"Line":"R122","Tr":2526,"X":"640300.50000000000","Y":"9209306.58999999985","Rotation":0,"NAMOBJ":"Lebakadi","WADMKC":"Sugio","WADMKK":"Lamongan"},"geometry":{"type":"Point","coordinates":[112.3,-7.2]}},{"type":"Feature","properties":{"Line":"R122","Tr":2527,"X":"640300.50000000000","Y":"9209294.00000000000","Rotation":0,"NAMOBJ":"Lebakadi","WADMKC":"Sugio","WADMKK":"Lamongan"},"geometry":{"type":"Point","coordinates":[112.3,-7.2]}},{"type":"Feature","properties":{"Line":"R124","Tr":2557,"X":"641300.50000000000","Y":"9209469.00000000000","Rotation":0,"NAMOBJ":"Lebakadi","WADMKC":"Sugio","WADMKK":"Lamongan"},"geometry":{"type":"Point","coordinates":[112.3,-7.2]}},{"type":"Feature","properties":{"Line":"R124","Tr":2558,"X":"641300.50000000000","Y":"9209456.58999999985","Rotation":0,"NAMOBJ":"Lebakadi","WADMKC":"Sugio","WADMKK":"Lamongan"},"geometry":{"type":"Point","coordinates":[112.3,-7.2]}},{"type":"Feature","properties":{"Line":"R124","Tr":2559,"X":"641300.50000000000","Y":"9209444.00000000000","Rotation":0,"NAMOBJ":"Lebakadi","WADMKC":"Sugio","WADMKK":"Lamongan"},"geometry":{"type":"Point","coordinates":[112.3,-7.2]}},{"type":"Feature","properties":{"Line":"R124","Tr":2560,"X":"641300.50000000000","Y":"9209431.58999999985","Rotation":0,"NAMOBJ":"Lebakadi","WADMKC":"Sugio","WADMKK":"Lamongan"},"geometry":{"type":"Point","coordinates":[112.3,-7.2]}},{"type":"Feature","properties":{"Line":"R124","Tr":2561,"X":"641300.50000000000","Y":"9209419.00000000000","Rotation":0,"NAMOBJ":"Lebakadi","WADMKC":"Sugio","WADMKK":"Lamongan"},"geometry":{"type":"Point","coordinates":[112.3,-7.2]}},{"type":"Feature","properties":{"Line":"R124","Tr":2562,"X":"641300.50000000000","Y":"9209406.58999999985","Rotation":0,"NAMOBJ":"Lebakadi","WADMKC":"Sugio","WADMKK":"Lamongan"},"geometry":{"type":"Point","coordinates":[112.3,-7.2]}},{"type":"Feature","properties":{"Line":"R124","Tr":2563,"X":"641300.50000000000","Y":"9209394.00000000000","Rotation":0,"NAMOBJ":"Lebakadi","WADMKC":"Sugio","WADMKK":"Lamongan"},"geometry":{"type":"Point","coordinates":[112.3,-7.2]}},{"type":"Feature","properties":{"Line":"R124","Tr":2564,"X":"641300.50000000000","Y":"9209381.58999999985","Rotation":0,"NAMOBJ":"Lebakadi","WADMKC":"Sugio","WADMKK":"Lamongan"},"geometry":{"type":"Point","coordinates":[112.3,-7.2]}},{"type":"Feature","properties":{"Line":"R124","Tr":2565,"X":"641300.50000000000","Y":"9209369.00000000000","Rotation":0,"NAMOBJ":"Lebakadi","WADMKC":"Sugio","WADMKK":"Lamongan"},"geometry":{"type":"Point","coordinates":[112.3,-7.2]}},{"type":"Feature","properties":{"Line":"R124","Tr":2566,"X":"641300.50000000000","Y":"9209356.58999999985","Rotation":0,"NAMOBJ":"Lebakadi","WADMKC":"Sugio","WADMKK":"Lamongan"},"geometry":{"type":"Point","coordinates":[112.3,-7.2]}},{"type":"Feature","properties":{"Line":"R124","Tr":2567,"X":"641300.50000000000","Y":"9209344.00000000000","Rotation":0,"NAMOBJ":"Lebakadi","WADMKC":"Sugio","WADMKK":"Lamongan"},"geometry":{"type":"Point","coordinates":[112.3,-7.2]}},{"type":"Feature","properties":{"Line":"R124","Tr":2568,"X":"641300.50000000000","Y":"9209331.58999999985","Rotation":0,"NAMOBJ":"Lebakadi","WADMKC":"Sugio","WADMKK":"Lamongan"},"geometry":{"type":"Point","coordinates":[112.3,-7.2]}},{"type":"Feature","properties":{"Line":"R124","Tr":2569,"X":"641300.50000000000","Y":"9209319.00000000000","Rotation":0,"NAMOBJ":"Lebakadi","WADMKC":"Sugio","WADMKK":"Lamongan"},"geometry":{"type":"Point","coordinates":[112.3,-7.2]}},{"type":"Feature","properties":{"Line":"R124","Tr":2570,"X":"641300.50000000000","Y":"9209306.58999999985","Rotation":0,"NAMOBJ":"Lebakadi","WADMKC":"Sugio","WADMKK":"Lamongan"},"geometry":{"type":"Point","coordinates":[112.3,-7.2]}},{"type":"Feature","properties":{"Line":"R124","Tr":2571,"X":"641300.50000000000","Y":"9209294.00000000000","Rotation":0,"NAMOBJ":"Lebakadi","WADMKC":"Sugio","WADMKK":"Lamongan"},"geometry":{"type":"Point","coordinates":[112.3,-7.2]}},{"type":"Feature","properties":{"Line":"R124","Tr":2572,"X":"641300.50000000000","Y":"9209281.58999999985","Rotation":0,"NAMOBJ":"Lebakadi","WADMKC":"Sugio","WADMKK":"Lamongan"},"geometry":{"type":"Point","coordinates":[112.3,-7.2]}},{"type":"Feature","properties":{"Line":"R124","Tr":2573,"X":"641300.50000000000","Y":"9209269.00000000000","Rotation":0,"NAMOBJ":"Lebakadi","WADMKC":"Sugio","WADMKK":"Lamongan"},"geometry":{"type":"Point","coordinates":[112.3,-7.2]}},{"type":"Feature","properties":{"Line":"R124","Tr":2574,"X":"641300.50000000000","Y":"9209256.58999999985","Rotation":0,"NAMOBJ":"Lebakadi","WADMKC":"Sugio","WADMKK":"Lamongan"},"geometry":{"type":"Point","coordinates":[112.3,-7.2]}},{"type":"Feature","properties":{"Line":"R124","Tr":2575,"X":"641300.50000000000","Y":"9209244.00000000000","Rotation":0,"NAMOBJ":"Lebakadi","WADMKC":"Sugio","WADMKK":"Lamongan"},"geometry":{"type":"Point","coordinates":[112.3,-7.2]}},{"type":"Feature","properties":{"Line":"R124","Tr":2576,"X":"641300.50000000000","Y":"9209231.58999999985","Rotation":0,"NAMOBJ":"Lebakadi","WADMKC":"Sugio","WADMKK":"Lamongan"},"geometry":{"type":"Point","coordinates":[112.3,-7.2]}},{"type":"Feature","properties":{"Line":"R124","Tr":2577,"X":"641300.50000000000","Y":"9209219.00000000000","Rotation":0,"NAMOBJ":"Lebakadi","WADMKC":"Sugio","WADMKK":"Lamongan"},"geometry":{"type":"Point","coordinates":[112.3,-7.2]}},{"type":"Feature","properties":{"Line":"R124","Tr":2578,"X":"641300.50000000000","Y":"9209206.58999999985","Rotation":0,"NAMOBJ":"Lebakadi","WADMKC":"Sugio","WADMKK":"Lamongan"},"geometry":{"type":"Point","coordinates":[112.3,-7.2]}},{"type":"Feature","properties":{"Line":"R124","Tr":2579,"X":"641300.50000000000","Y":"9209194.00000000000","Rotation":0,"NAMOBJ":"Lebakadi","WADMKC":"Sugio","WADMKK":"Lamongan"},"geometry":{"type":"Point","coordinates":[112.3,-7.2]}},{"type":"Feature","properties":{"Line":"R124","Tr":2580,"X":"641300.50000000000","Y":"9209181.58999999985","Rotation":0,"NAMOBJ":"Lebakadi","WADMKC":"Sugio","WADMKK":"Lamongan"},"geometry":{"type":"Point","coordinates":[112.3,-7.2]}},{"type":"Feature","properties":{"Line":"R124","Tr":2581,"X":"641300.50000000000","Y":"9209169.00000000000","Rotation":0,"NAMOBJ":"Lebakadi","WADMKC":"Sugio","WADMKK":"Lamongan"},"geometry":{"type":"Point","coordinates":[112.3,-7.2]}},{"type":"Feature","properties":{"Line":"R124","Tr":2582,"X":"641300.50000000000","Y":"9209156.58999999985","Rotation":0,"NAMOBJ":"Lebakadi","WADMKC":"Sugio","WADMKK":"Lamongan"},"geometry":{"type":"Point","coordinates":[112.3,-7.2]}},{"type":"Feature","properties":{"Line":"R124","Tr":2583,"X":"641300.50000000000","Y":"9209144.00000000000","Rotation":0,"NAMOBJ":"Lebakadi","WADMKC":"Sugio","WADMKK":"Lamongan"},"geometry":{"type":"Point","coordinates":[112.3,-7.2]}},{"type":"Feature","properties":{"Line":"R124","Tr":2584,"X":"641300.50000000000","Y":"9209131.58999999985","Rotation":0,"NAMOBJ":"Lebakadi","WADMKC":"Sugio","WADMKK":"Lamongan"},"geometry":{"type":"Point","coordinates":[112.3,-7.2]}},{"type":"Feature","properties":{"Line":"R124","Tr":2585,"X":"641300.50000000000","Y":"9209119.00000000000","Rotation":0,"NAMOBJ":"Lebakadi","WADMKC":"Sugio","WADMKK":"Lamongan"},"geometry":{"type":"Point","coordinates":[112.3,-7.2]}},{"type":"Feature","properties":{"Line":"R124","Tr":2586,"X":"641300.50000000000","Y":"9209106.58999999985","Rotation":0,"NAMOBJ":"Lebakadi","WADMKC":"Sugio","WADMKK":"Lamongan"},"geometry":{"type":"Point","coordinates":[112.3,-7.2]}},{"type":"Feature","properties":{"Line":"R124","Tr":2587,"X":"641300.50000000000","Y":"9209094.00000000000","Rotation":0,"NAMOBJ":"Lebakadi","WADMKC":"Sugio","WADMKK":"Lamongan"},"geometry":{"type":"Point","coordinates":[112.3,-7.2]}},{"type":"Feature","properties":{"Line":"R124","Tr":2588,"X":"641300.50000000000","Y":"9209081.58999999985","Rotation":0,"NAMOBJ":"Lebakadi","WADMKC":"Sugio","WADMKK":"Lamongan"},"geometry":{"type":"Point","coordinates":[112.3,-7.2]}},{"type":"Feature","properties":{"Line":"R124","Tr":2589,"X":"641300.50000000000","Y":"9209069.00000000000","Rotation":0,"NAMOBJ":"Lebakadi","WADMKC":"Sugio","WADMKK":"Lamongan"},"geometry":{"type":"Point","coordinates":[112.3,-7.2]}},{"type":"Feature","properties":{"Line":"R124","Tr":2590,"X":"641300.50000000000","Y":"9209056.58999999985","Rotation":0,"NAMOBJ":"Lebakadi","WADMKC":"Sugio","WADMKK":"Lamongan"},"geometry":{"type":"Point","coordinates":[112.3,-7.2]}},{"type":"Feature","properties":{"Line":"R124","Tr":2591,"X":"641300.50000000000","Y":"9209044.00000000000","Rotation":0,"NAMOBJ":"Lebakadi","WADMKC":"Sugio","WADMKK":"Lamongan"},"geometry":{"type":"Point","coordinates":[112.3,-7.2]}},{"type":"Feature","properties":{"Line":"R124","Tr":2592,"X":"641300.50000000000","Y":"9209031.58999999985","Rotation":0,"NAMOBJ":"Lebakadi","WADMKC":"Sugio","WADMKK":"Lamongan"},"geometry":{"type":"Point","coordinates":[112.3,-7.2]}},{"type":"Feature","properties":{"Line":"R124","Tr":2593,"X":"641300.50000000000","Y":"9209019.00000000000","Rotation":0,"NAMOBJ":"Lebakadi","WADMKC":"Sugio","WADMKK":"Lamongan"},"geometry":{"type":"Point","coordinates":[112.3,-7.2]}},{"type":"Feature","properties":{"Line":"R124","Tr":2594,"X":"641300.50000000000","Y":"9209006.58999999985","Rotation":0,"NAMOBJ":"Lebakadi","WADMKC":"Sugio","WADMKK":"Lamongan"},"geometry":{"type":"Point","coordinates":[112.3,-7.2]}},{"type":"Feature","properties":{"Line":"R124","Tr":2595,"X":"641300.50000000000","Y":"9208994.00000000000","Rotation":0,"NAMOBJ":"Lebakadi","WADMKC":"Sugio","WADMKK":"Lamongan"},"geometry":{"type":"Point","coordinates":[112.3,-7.2]}},{"type":"Feature","properties":{"Line":"R124","Tr":2596,"X":"641300.50000000000","Y":"9208981.58999999985","Rotation":0,"NAMOBJ":"Lebakadi","WADMKC":"Sugio","WADMKK":"Lamongan"},"geometry":{"type":"Point","coordinates":[112.3,-7.2]}},{"type":"Feature","properties":{"Line":"R124","Tr":2597,"X":"641300.50000000000","Y":"9208969.00000000000","Rotation":0,"NAMOBJ":"Lebakadi","WADMKC":"Sugio","WADMKK":"Lamongan"},"geometry":{"type":"Point","coordinates":[112.3,-7.2]}},{"type":"Feature","properties":{"Line":"R124","Tr":2598,"X":"641300.50000000000","Y":"9208956.58999999985","Rotation":0,"NAMOBJ":"Lebakadi","WADMKC":"Sugio","WADMKK":"Lamongan"},"geometry":{"type":"Point","coordinates":[112.3,-7.2]}},{"type":"Feature","properties":{"Line":"R124","Tr":2599,"X":"641300.50000000000","Y":"9208944.00000000000","Rotation":0,"NAMOBJ":"Lebakadi","WADMKC":"Sugio","WADMKK":"Lamongan"},"geometry":{"type":"Point","coordinates":[112.3,-7.2]}},{"type":"Feature","properties":{"Line":"R124","Tr":2600,"X":"641300.50000000000","Y":"9208931.58999999985","Rotation":0,"NAMOBJ":"Lebakadi","WADMKC":"Sugio","WADMKK":"Lamongan"},"geometry":{"type":"Point","coordinates":[112.3,-7.2]}},{"type":"Feature","properties":{"Line":"R124","Tr":2601,"X":"641300.50000000000","Y":"9208919.00000000000","Rotation":0,"NAMOBJ":"Lebakadi","WADMKC":"Sugio","WADMKK":"Lamongan"},"geometry":{"type":"Point","coordinates":[112.3,-7.2]}},{"type":"Feature","properties":{"Line":"R124","Tr":2602,"X":"641300.50000000000","Y":"9208906.58999999985","Rotation":0,"NAMOBJ":"Lebakadi","WADMKC":"Sugio","WADMKK":"Lamongan"},"geometry":{"type":"Point","coordinates":[112.3,-7.2]}},{"type":"Feature","properties":{"Line":"R124","Tr":2603,"X":"641300.50000000000","Y":"9208894.00000000000","Rotation":0,"NAMOBJ":"Lebakadi","WADMKC":"Sugio","WADMKK":"Lamongan"},"geometry":{"type":"Point","coordinates":[112.3,-7.2]}},{"type":"Feature","properties":{"Line":"R124","Tr":2604,"X":"641300.50000000000","Y":"9208881.58999999985","Rotation":0,"NAMOBJ":"Lebakadi","WADMKC":"Sugio","WADMKK":"Lamongan"},"geometry":{"type":"Point","coordinates":[112.3,-7.2]}},{"type":"Feature","properties":{"Line":"R124","Tr":2605,"X":"641300.50000000000","Y":"9208869.00000000000","Rotation":0,"NAMOBJ":"Lebakadi","WADMKC":"Sugio","WADMKK":"Lamongan"},"geometry":{"type":"Point","coordinates":[112.3,-7.2]}},{"type":"Feature","properties":{"Line":"R124","Tr":2606,"X":"641300.50000000000","Y":"9208856.58999999985","Rotation":0,"NAMOBJ":"Lebakadi","WADMKC":"Sugio","WADMKK":"Lamongan"},"geometry":{"type":"Point","coordinates":[112.3,-7.2]}},{"type":"Feature","properties":{"Line":"R124","Tr":2607,"X":"641300.50000000000","Y":"9208844.00000000000","Rotation":0,"NAMOBJ":"Lebakadi","WADMKC":"Sugio","WADMKK":"Lamongan"},"geometry":{"type":"Point","coordinates":[112.3,-7.2]}},{"type":"Feature","properties":{"Line":"R124","Tr":2608,"X":"641300.50000000000","Y":"9208831.58999999985","Rotation":0,"NAMOBJ":"Lebakadi","WADMKC":"Sugio","WADMKK":"Lamongan"},"geometry":{"type":"Point","coordinates":[112.3,-7.2]}},{"type":"Feature","properties":{"Line":"R124","Tr":2609,"X":"641300.50000000000","Y":"9208819.00000000000","Rotation":0,"NAMOBJ":"Lebakadi","WADMKC":"Sugio","WADMKK":"Lamongan"},"geometry":{"type":"Point","coordinates":[112.3,-7.2]}},{"type":"Feature","properties":{"Line":"R124","Tr":2610,"X":"641300.50000000000","Y":"9208806.58999999985","Rotation":0,"NAMOBJ":"Lebakadi","WADMKC":"Sugio","WADMKK":"Lamongan"},"geometry":{"type":"Point","coordinates":[112.3,-7.2]}},{"type":"Feature","properties":{"Line":"R124","Tr":2611,"X":"641300.50000000000","Y":"9208794.00000000000","Rotation":0,"NAMOBJ":"Lebakadi","WADMKC":"Sugio","WADMKK":"Lamongan"},"geometry":{"type":"Point","coordinates":[112.3,-7.2]}},{"type":"Feature","properties":{"Line":"R124","Tr":2612,"X":"641300.50000000000","Y":"9208781.50000000000","Rotation":0,"NAMOBJ":"Lebakadi","WADMKC":"Sugio","WADMKK":"Lamongan"},"geometry":{"type":"Point","coordinates":[112.3,-7.2]}},{"type":"Feature","properties":{"Line":"R124","Tr":2613,"X":"641300.50000000000","Y":"9208769.00000000000","Rotation":0,"NAMOBJ":"Lebakadi","WADMKC":"Sugio","WADMKK":"Lamongan"},"geometry":{"type":"Point","coordinates":[112.3,-7.2]}},{"type":"Feature","properties":{"Line":"R124","Tr":2614,"X":"641300.50000000000","Y":"9208756.50000000000","Rotation":0,"NAMOBJ":"Lebakadi","WADMKC":"Sugio","WADMKK":"Lamongan"},"geometry":{"type":"Point","coordinates":[112.3,-7.2]}},{"type":"Feature","properties":{"Line":"R124","Tr":2615,"X":"641300.50000000000","Y":"9208744.00000000000","Rotation":0,"NAMOBJ":"Lebakadi","WADMKC":"Sugio","WADMKK":"Lamongan"},"geometry":{"type":"Point","coordinates":[112.3,-7.2]}},{"type":"Feature","properties":{"Line":"R124","Tr":2616,"X":"641300.50000000000","Y":"9208731.50000000000","Rotation":0,"NAMOBJ":"Lebakadi","WADMKC":"Sugio","WADMKK":"Lamongan"},"geometry":{"type":"Point","coordinates":[112.3,-7.2]}},{"type":"Feature","properties":{"Line":"R124","Tr":2617,"X":"641300.50000000000","Y":"9208719.00000000000","Rotation":0,"NAMOBJ":"Lebakadi","WADMKC":"Sugio","WADMKK":"Lamongan"},"geometry":{"type":"Point","coordinates":[112.3,-7.2]}},{"type":"Feature","properties":{"Line":"R124","Tr":2618,"X":"641300.50000000000","Y":"9208706.50000000000","Rotation":0,"NAMOBJ":"Lebakadi","WADMKC":"Sugio","WADMKK":"Lamongan"},"geometry":{"type":"Point","coordinates":[112.3,-7.2]}},{"type":"Feature","properties":{"Line":"R124","Tr":2619,"X":"641300.50000000000","Y":"9208694.00000000000","Rotation":0,"NAMOBJ":"Lebakadi","WADMKC":"Sugio","WADMKK":"Lamongan"},"geometry":{"type":"Point","coordinates":[112.3,-7.2]}},{"type":"Feature","properties":{"Line":"R124","Tr":2620,"X":"641300.50000000000","Y":"9208681.50000000000","Rotation":0,"NAMOBJ":"Lebakadi","WADMKC":"Sugio","WADMKK":"Lamongan"},"geometry":{"type":"Point","coordinates":[112.3,-7.2]}},{"type":"Feature","properties":{"Line":"R124","Tr":2621,"X":"641300.50000000000","Y":"9208669.00000000000","Rotation":0,"NAMOBJ":"Lebakadi","WADMKC":"Sugio","WADMKK":"Lamongan"},"geometry":{"type":"Point","coordinates":[112.3,-7.2]}},{"type":"Feature","properties":{"Line":"R124","Tr":2622,"X":"641300.50000000000","Y":"9208656.50000000000","Rotation":0,"NAMOBJ":"Lebakadi","WADMKC":"Sugio","WADMKK":"Lamongan"},"geometry":{"type":"Point","coordinates":[112.3,-7.2]}},{"type":"Feature","properties":{"Line":"R124","Tr":2623,"X":"641300.50000000000","Y":"9208644.00000000000","Rotation":0,"NAMOBJ":"Lebakadi","WADMKC":"Sugio","WADMKK":"Lamongan"},"geometry":{"type":"Point","coordinates":[112.3,-7.2]}},{"type":"Feature","properties":{"Line":"R101","Tr":2140,"X":"638469.30000000005","Y":"9208800.39000000060","Rotation":90,"NAMOBJ":"Pangkatrejo","WADMKC":"Sugio","WADMKK":"Lamongan"},"geometry":{"type":"Point","coordinates":[112.3,-7.2]}},{"type":"Feature","properties":{"Line":"R101","Tr":2141,"X":"638481.80000000005","Y":"9208800.30000000075","Rotation":90,"NAMOBJ":"Pangkatrejo","WADMKC":"Sugio","WADMKK":"Lamongan"},"geometry":{"type":"Point","coordinates":[112.3,-7.2]}},{"type":"Feature","properties":{"Line":"R101","Tr":2142,"X":"638494.30000000005","Y":"9208800.39000000060","Rotation":90,"NAMOBJ":"Pangkatrejo","WADMKC":"Sugio","WADMKK":"Lamongan"},"geometry":{"type":"Point","coordinates":[112.3,-7.2]}},{"type":"Feature","properties":{"Line":"R101","Tr":2143,"X":"638506.80000000005","Y":"9208800.30000000075","Rotation":90,"NAMOBJ":"Pangkatrejo","WADMKC":"Sugio","WADMKK":"Lamongan"},"geometry":{"type":"Point","coordinates":[112.3,-7.2]}},{"type":"Feature","properties":{"Line":"R101","Tr":2144,"X":"638519.30000000005","Y":"9208800.39000000060","Rotation":90,"NAMOBJ":"Pangkatrejo","WADMKC":"Sugio","WADMKK":"Lamongan"},"geometry":{"type":"Point","coordinates":[112.3,-7.2]}},{"type":"Feature","properties":{"Line":"R101","Tr":2145,"X":"638531.80000000005","Y":"9208800.30000000075","Rotation":90,"NAMOBJ":"Pangkatrejo","WADMKC":"Sugio","WADMKK":"Lamongan"},"geometry":{"type":"Point","coordinates":[112.3,-7.2]}},{"type":"Feature","properties":{"Line":"R101","Tr":2146,"X":"638544.30000000005","Y":"9208800.39000000060","Rotation":90,"NAMOBJ":"Pangkatrejo","WADMKC":"Sugio","WADMKK":"Lamongan"},"geometry":{"type":"Point","coordinates":[112.3,-7.2]}},{"type":"Feature","properties":{"Line":"R101","Tr":2147,"X":"638556.80000000005","Y":"9208800.30000000075","Rotation":90,"NAMOBJ":"Pangkatrejo","WADMKC":"Sugio","WADMKK":"Lamongan"},"geometry":{"type":"Point","coordinates":[112.3,-7.2]}},{"type":"Feature","properties":{"Line":"R101","Tr":2148,"X":"638569.30000000005","Y":"9208800.39000000060","Rotation":90,"NAMOBJ":"Pangkatrejo","WADMKC":"Sugio","WADMKK":"Lamongan"},"geometry":{"type":"Point","coordinates":[112.3,-7.2]}},{"type":"Feature","properties":{"Line":"R101","Tr":2149,"X":"638581.80000000005","Y":"9208800.30000000075","Rotation":90,"NAMOBJ":"Pangkatrejo","WADMKC":"Sugio","WADMKK":"Lamongan"},"geometry":{"type":"Point","coordinates":[112.3,-7.2]}},{"type":"Feature","properties":{"Line":"R101","Tr":2150,"X":"638594.30000000005","Y":"9208800.39000000060","Rotation":90,"NAMOBJ":"Pangkatrejo","WADMKC":"Sugio","WADMKK":"Lamongan"},"geometry":{"type":"Point","coordinates":[112.3,-7.2]}},{"type":"Feature","properties":{"Line":"R101","Tr":2151,"X":"638606.80000000005","Y":"9208800.30000000075","Rotation":90,"NAMOBJ":"Pangkatrejo","WADMKC":"Sugio","WADMKK":"Lamongan"},"geometry":{"type":"Point","coordinates":[112.3,-7.2]}},{"type":"Feature","properties":{"Line":"R101","Tr":2152,"X":"638619.30000000005","Y":"9208800.39000000060","Rotation":90,"NAMOBJ":"Pangkatrejo","WADMKC":"Sugio","WADMKK":"Lamongan"},"geometry":{"type":"Point","coordinates":[112.3,-7.2]}},{"type":"Feature","properties":{"Line":"R101","Tr":2153,"X":"638631.80000000005","Y":"9208800.30000000075","Rotation":90,"NAMOBJ":"Pangkatrejo","WADMKC":"Sugio","WADMKK":"Lamongan"},"geometry":{"type":"Point","coordinates":[112.3,-7.2]}},{"type":"Feature","properties":{"Line":"R101","Tr":2154,"X":"638644.30000000005","Y":"9208800.39000000060","Rotation":90,"NAMOBJ":"Pangkatrejo","WADMKC":"Sugio","WADMKK":"Lamongan"},"geometry":{"type":"Point","coordinates":[112.3,-7.2]}},{"type":"Feature","properties":{"Line":"R101","Tr":2155,"X":"638656.80000000005","Y":"9208800.30000000075","Rotation":90,"NAMOBJ":"Pangkatrejo","WADMKC":"Sugio","WADMKK":"Lamongan"},"geometry":{"type":"Point","coordinates":[112.3,-7.2]}},{"type":"Feature","properties":{"Line":"R101","Tr":2156,"X":"638669.30000000005","Y":"9208800.39000000060","Rotation":90,"NAMOBJ":"Pangkatrejo","WADMKC":"Sugio","WADMKK":"Lamongan"},"geometry":{"type":"Point","coordinates":[112.3,-7.2]}},{"type":"Feature","properties":{"Line":"R101","Tr":2157,"X":"638681.80000000005","Y":"9208800.30000000075","Rotation":90,"NAMOBJ":"Pangkatrejo","WADMKC":"Sugio","WADMKK":"Lamongan"},"geometry":{"type":"Point","coordinates":[112.3,-7.2]}},{"type":"Feature","properties":{"Line":"R101","Tr":2158,"X":"638694.30000000005","Y":"9208800.39000000060","Rotation":90,"NAMOBJ":"Pangkatrejo","WADMKC":"Sugio","WADMKK":"Lamongan"},"geometry":{"type":"Point","coordinates":[112.3,-7.2]}},{"type":"Feature","properties":{"Line":"R101","Tr":2159,"X":"638706.80000000005","Y":"9208800.30000000075","Rotation":90,"NAMOBJ":"Pangkatrejo","WADMKC":"Sugio","WADMKK":"Lamongan"},"geometry":{"type":"Point","coordinates":[112.3,-7.2]}},{"type":"Feature","properties":{"Line":"R101","Tr":2160,"X":"638719.30000000005","Y":"9208800.39000000060","Rotation":90,"NAMOBJ":"Pangkatrejo","WADMKC":"Sugio","WADMKK":"Lamongan"},"geometry":{"type":"Point","coordinates":[112.3,-7.2]}},{"type":"Feature","properties":{"Line":"R101","Tr":2161,"X":"638731.80000000005","Y":"9208800.30000000075","Rotation":90,"NAMOBJ":"Pangkatrejo","WADMKC":"Sugio","WADMKK":"Lamongan"},"geometry":{"type":"Point","coordinates":[112.3,-7.2]}},{"type":"Feature","properties":{"Line":"R101","Tr":2162,"X":"638744.30000000005","Y":"9208800.39000000060","Rotation":90,"NAMOBJ":"Pangkatrejo","WADMKC":"Sugio","WADMKK":"Lamongan"},"geometry":{"type":"Point","coordinates":[112.3,-7.2]}},{"type":"Feature","properties":{"Line":"R101","Tr":2163,"X":"638756.80000000005","Y":"9208800.30000000075","Rotation":90,"NAMOBJ":"Pangkatrejo","WADMKC":"Sugio","WADMKK":"Lamongan"},"geometry":{"type":"Point","coordinates":[112.3,-7.2]}},{"type":"Feature","properties":{"Line":"R101","Tr":2164,"X":"638769.30000000005","Y":"9208800.39000000060","Rotation":90,"NAMOBJ":"Pangkatrejo","WADMKC":"Sugio","WADMKK":"Lamongan"},"geometry":{"type":"Point","coordinates":[112.3,-7.2]}},{"type":"Feature","properties":{"Line":"R101","Tr":2165,"X":"638781.80000000005","Y":"9208800.30000000075","Rotation":90,"NAMOBJ":"Pangkatrejo","WADMKC":"Sugio","WADMKK":"Lamongan"},"geometry":{"type":"Point","coordinates":[112.3,-7.2]}},{"type":"Feature","properties":{"Line":"R101","Tr":2166,"X":"638794.30000000005","Y":"9208800.39000000060","Rotation":90,"NAMOBJ":"Pangkatrejo","WADMKC":"Sugio","WADMKK":"Lamongan"},"geometry":{"type":"Point","coordinates":[112.3,-7.2]}},{"type":"Feature","properties":{"Line":"R101","Tr":2167,"X":"638806.80000000005","Y":"9208800.30000000075","Rotation":90,"NAMOBJ":"Pangkatrejo","WADMKC":"Sugio","WADMKK":"Lamongan"},"geometry":{"type":"Point","coordinates":[112.3,-7.2]}},{"type":"Feature","properties":{"Line":"R101","Tr":2168,"X":"638819.30000000005","Y":"9208800.39000000060","Rotation":90,"NAMOBJ":"Pangkatrejo","WADMKC":"Sugio","WADMKK":"Lamongan"},"geometry":{"type":"Point","coordinates":[112.3,-7.2]}},{"type":"Feature","properties":{"Line":"R101","Tr":2169,"X":"638831.80000000005","Y":"9208800.30000000075","Rotation":90,"NAMOBJ":"Pangkatrejo","WADMKC":"Sugio","WADMKK":"Lamongan"},"geometry":{"type":"Point","coordinates":[112.3,-7.2]}},{"type":"Feature","properties":{"Line":"R101","Tr":2170,"X":"638844.30000000005","Y":"9208800.39000000060","Rotation":90,"NAMOBJ":"Pangkatrejo","WADMKC":"Sugio","WADMKK":"Lamongan"},"geometry":{"type":"Point","coordinates":[112.3,-7.2]}},{"type":"Feature","properties":{"Line":"R101","Tr":2171,"X":"638856.80000000005","Y":"9208800.30000000075","Rotation":90,"NAMOBJ":"Pangkatrejo","WADMKC":"Sugio","WADMKK":"Lamongan"},"geometry":{"type":"Point","coordinates":[112.3,-7.2]}},{"type":"Feature","properties":{"Line":"R101","Tr":2172,"X":"638869.30000000005","Y":"9208800.39000000060","Rotation":90,"NAMOBJ":"Pangkatrejo","WADMKC":"Sugio","WADMKK":"Lamongan"},"geometry":{"type":"Point","coordinates":[112.3,-7.2]}},{"type":"Feature","properties":{"Line":"R101","Tr":2173,"X":"638881.80000000005","Y":"9208800.30000000075","Rotation":90,"NAMOBJ":"Pangkatrejo","WADMKC":"Sugio","WADMKK":"Lamongan"},"geometry":{"type":"Point","coordinates":[112.3,-7.2]}},{"type":"Feature","properties":{"Line":"R101","Tr":2174,"X":"638894.30000000005","Y":"9208800.39000000060","Rotation":90,"NAMOBJ":"Pangkatrejo","WADMKC":"Sugio","WADMKK":"Lamongan"},"geometry":{"type":"Point","coordinates":[112.3,-7.2]}},{"type":"Feature","properties":{"Line":"R101","Tr":2175,"X":"638906.80000000005","Y":"9208800.30000000075","Rotation":90,"NAMOBJ":"Pangkatrejo","WADMKC":"Sugio","WADMKK":"Lamongan"},"geometry":{"type":"Point","coordinates":[112.3,-7.2]}},{"type":"Feature","properties":{"Line":"R101","Tr":2176,"X":"638919.30000000005","Y":"9208800.39000000060","Rotation":90,"NAMOBJ":"Pangkatrejo","WADMKC":"Sugio","WADMKK":"Lamongan"},"geometry":{"type":"Point","coordinates":[112.3,-7.2]}},{"type":"Feature","properties":{"Line":"R101","Tr":2177,"X":"638931.80000000005","Y":"9208800.30000000075","Rotation":90,"NAMOBJ":"Pangkatrejo","WADMKC":"Sugio","WADMKK":"Lamongan"},"geometry":{"type":"Point","coordinates":[112.3,-7.2]}},{"type":"Feature","properties":{"Line":"R101","Tr":2178,"X":"638944.30000000005","Y":"9208800.39000000060","Rotation":90,"NAMOBJ":"Pangkatrejo","WADMKC":"Sugio","WADMKK":"Lamongan"},"geometry":{"type":"Point","coordinates":[112.3,-7.2]}},{"type":"Feature","properties":{"Line":"R101","Tr":2179,"X":"638956.80000000005","Y":"9208800.30000000075","Rotation":90,"NAMOBJ":"Pangkatrejo","WADMKC":"Sugio","WADMKK":"Lamongan"},"geometry":{"type":"Point","coordinates":[112.3,-7.2]}},{"type":"Feature","properties":{"Line":"R101","Tr":2180,"X":"638969.30000000005","Y":"9208800.39000000060","Rotation":90,"NAMOBJ":"Pangkatrejo","WADMKC":"Sugio","WADMKK":"Lamongan"},"geometry":{"type":"Point","coordinates":[112.3,-7.2]}},{"type":"Feature","properties":{"Line":"R101","Tr":2181,"X":"638981.80000000005","Y":"9208800.30000000075","Rotation":90,"NAMOBJ":"Pangkatrejo","WADMKC":"Sugio","WADMKK":"Lamongan"},"geometry":{"type":"Point","coordinates":[112.3,-7.2]}},{"type":"Feature","properties":{"Line":"R101","Tr":2182,"X":"638994.30000000005","Y":"9208800.39000000060","Rotation":90,"NAMOBJ":"Pangkatrejo","WADMKC":"Sugio","WADMKK":"Lamongan"},"geometry":{"type":"Point","coordinates":[112.3,-7.2]}},{"type":"Feature","properties":{"Line":"R101","Tr":2183,"X":"639006.80000000005","Y":"9208800.30000000075","Rotation":90,"NAMOBJ":"Pangkatrejo","WADMKC":"Sugio","WADMKK":"Lamongan"},"geometry":{"type":"Point","coordinates":[112.3,-7.2]}},{"type":"Feature","properties":{"Line":"R101","Tr":2184,"X":"639019.30000000005","Y":"9208800.39000000060","Rotation":90,"NAMOBJ":"Pangkatrejo","WADMKC":"Sugio","WADMKK":"Lamongan"},"geometry":{"type":"Point","coordinates":[112.3,-7.2]}},{"type":"Feature","properties":{"Line":"R101","Tr":2185,"X":"639031.80000000005","Y":"9208800.30000000075","Rotation":90,"NAMOBJ":"Pangkatrejo","WADMKC":"Sugio","WADMKK":"Lamongan"},"geometry":{"type":"Point","coordinates":[112.3,-7.2]}},{"type":"Feature","properties":{"Line":"R101","Tr":2186,"X":"639044.30000000005","Y":"9208800.39000000060","Rotation":90,"NAMOBJ":"Pangkatrejo","WADMKC":"Sugio","WADMKK":"Lamongan"},"geometry":{"type":"Point","coordinates":[112.3,-7.2]}},{"type":"Feature","properties":{"Line":"R101","Tr":2187,"X":"639056.80000000005","Y":"9208800.30000000075","Rotation":90,"NAMOBJ":"Pangkatrejo","WADMKC":"Sugio","WADMKK":"Lamongan"},"geometry":{"type":"Point","coordinates":[112.3,-7.2]}},{"type":"Feature","properties":{"Line":"R101","Tr":2188,"X":"639069.30000000005","Y":"9208800.39000000060","Rotation":90,"NAMOBJ":"Pangkatrejo","WADMKC":"Sugio","WADMKK":"Lamongan"},"geometry":{"type":"Point","coordinates":[112.3,-7.2]}},{"type":"Feature","properties":{"Line":"R101","Tr":2189,"X":"639081.80000000005","Y":"9208800.30000000075","Rotation":90,"NAMOBJ":"Pangkatrejo","WADMKC":"Sugio","WADMKK":"Lamongan"},"geometry":{"type":"Point","coordinates":[112.3,-7.2]}},{"type":"Feature","properties":{"Line":"R101","Tr":2190,"X":"639094.30000000005","Y":"9208800.39000000060","Rotation":90,"NAMOBJ":"Pangkatrejo","WADMKC":"Sugio","WADMKK":"Lamongan"},"geometry":{"type":"Point","coordinates":[112.3,-7.2]}},{"type":"Feature","properties":{"Line":"R101","Tr":2191,"X":"639106.80000000005","Y":"9208800.30000000075","Rotation":90,"NAMOBJ":"Pangkatrejo","WADMKC":"Sugio","WADMKK":"Lamongan"},"geometry":{"type":"Point","coordinates":[112.3,-7.2]}},{"type":"Feature","properties":{"Line":"R101","Tr":2192,"X":"639119.30000000005","Y":"9208800.39000000060","Rotation":90,"NAMOBJ":"Pangkatrejo","WADMKC":"Sugio","WADMKK":"Lamongan"},"geometry":{"type":"Point","coordinates":[112.3,-7.2]}},{"type":"Feature","properties":{"Line":"R101","Tr":2193,"X":"639131.80000000005","Y":"9208800.30000000075","Rotation":90,"NAMOBJ":"Pangkatrejo","WADMKC":"Sugio","WADMKK":"Lamongan"},"geometry":{"type":"Point","coordinates":[112.3,-7.2]}},{"type":"Feature","properties":{"Line":"R101","Tr":2194,"X":"639144.30000000005","Y":"9208800.39000000060","Rotation":90,"NAMOBJ":"Pangkatrejo","WADMKC":"Sugio","WADMKK":"Lamongan"},"geometry":{"type":"Point","coordinates":[112.3,-7.2]}},{"type":"Feature","properties":{"Line":"R101","Tr":2195,"X":"639156.80000000005","Y":"9208800.30000000075","Rotation":90,"NAMOBJ":"Pangkatrejo","WADMKC":"Sugio","WADMKK":"Lamongan"},"geometry":{"type":"Point","coordinates":[112.3,-7.2]}},{"type":"Feature","properties":{"Line":"R101","Tr":2196,"X":"639169.30000000005","Y":"9208800.39000000060","Rotation":90,"NAMOBJ":"Pangkatrejo","WADMKC":"Sugio","WADMKK":"Lamongan"},"geometry":{"type":"Point","coordinates":[112.3,-7.2]}},{"type":"Feature","properties":{"Line":"R101","Tr":2197,"X":"639181.80000000005","Y":"9208800.30000000075","Rotation":90,"NAMOBJ":"Pangkatrejo","WADMKC":"Sugio","WADMKK":"Lamongan"},"geometry":{"type":"Point","coordinates":[112.3,-7.2]}},{"type":"Feature","properties":{"Line":"R101","Tr":2198,"X":"639194.30000000005","Y":"9208800.39000000060","Rotation":90,"NAMOBJ":"Pangkatrejo","WADMKC":"Sugio","WADMKK":"Lamongan"},"geometry":{"type":"Point","coordinates":[112.3,-7.2]}},{"type":"Feature","properties":{"Line":"R101","Tr":2199,"X":"639206.80000000005","Y":"9208800.30000000075","Rotation":90,"NAMOBJ":"Pangkatrejo","WADMKC":"Sugio","WADMKK":"Lamongan"},"geometry":{"type":"Point","coordinates":[112.3,-7.2]}},{"type":"Feature","properties":{"Line":"R101","Tr":2200,"X":"639219.30000000005","Y":"9208800.39000000060","Rotation":90,"NAMOBJ":"Pangkatrejo","WADMKC":"Sugio","WADMKK":"Lamongan"},"geometry":{"type":"Point","coordinates":[112.3,-7.2]}},{"type":"Feature","properties":{"Line":"R101","Tr":2201,"X":"639231.80000000005","Y":"9208800.30000000075","Rotation":90,"NAMOBJ":"Pangkatrejo","WADMKC":"Sugio","WADMKK":"Lamongan"},"geometry":{"type":"Point","coordinates":[112.3,-7.2]}},{"type":"Feature","properties":{"Line":"R101","Tr":2202,"X":"639244.30000000005","Y":"9208800.39000000060","Rotation":90,"NAMOBJ":"Pangkatrejo","WADMKC":"Sugio","WADMKK":"Lamongan"},"geometry":{"type":"Point","coordinates":[112.3,-7.2]}},{"type":"Feature","properties":{"Line":"R101","Tr":2203,"X":"639256.80000000005","Y":"9208800.30000000075","Rotation":90,"NAMOBJ":"Pangkatrejo","WADMKC":"Sugio","WADMKK":"Lamongan"},"geometry":{"type":"Point","coordinates":[112.3,-7.2]}},{"type":"Feature","properties":{"Line":"R101","Tr":2204,"X":"639269.30000000005","Y":"9208800.39000000060","Rotation":90,"NAMOBJ":"Pangkatrejo","WADMKC":"Sugio","WADMKK":"Lamongan"},"geometry":{"type":"Point","coordinates":[112.3,-7.2]}},{"type":"Feature","properties":{"Line":"R101","Tr":2205,"X":"639281.80000000005","Y":"9208800.30000000075","Rotation":90,"NAMOBJ":"Pangkatrejo","WADMKC":"Sugio","WADMKK":"Lamongan"},"geometry":{"type":"Point","coordinates":[112.3,-7.2]}},{"type":"Feature","properties":{"Line":"R101","Tr":2206,"X":"639294.30000000005","Y":"9208800.39000000060","Rotation":90,"NAMOBJ":"Pangkatrejo","WADMKC":"Sugio","WADMKK":"Lamongan"},"geometry":{"type":"Point","coordinates":[112.3,-7.2]}},{"type":"Feature","properties":{"Line":"R101","Tr":2207,"X":"639306.80000000005","Y":"9208800.30000000075","Rotation":90,"NAMOBJ":"Pangkatrejo","WADMKC":"Sugio","WADMKK":"Lamongan"},"geometry":{"type":"Point","coordinates":[112.3,-7.2]}},{"type":"Feature","properties":{"Line":"R101","Tr":2208,"X":"639319.30000000005","Y":"9208800.39000000060","Rotation":90,"NAMOBJ":"Pangkatrejo","WADMKC":"Sugio","WADMKK":"Lamongan"},"geometry":{"type":"Point","coordinates":[112.3,-7.2]}},{"type":"Feature","properties":{"Line":"R101","Tr":2209,"X":"639331.80000000005","Y":"9208800.30000000075","Rotation":90,"NAMOBJ":"Pangkatrejo","WADMKC":"Sugio","WADMKK":"Lamongan"},"geometry":{"type":"Point","coordinates":[112.3,-7.2]}},{"type":"Feature","properties":{"Line":"R101","Tr":2210,"X":"639344.30000000005","Y":"9208800.39000000060","Rotation":90,"NAMOBJ":"Pangkatrejo","WADMKC":"Sugio","WADMKK":"Lamongan"},"geometry":{"type":"Point","coordinates":[112.3,-7.2]}},{"type":"Feature","properties":{"Line":"R101","Tr":2211,"X":"639356.80000000005","Y":"9208800.30000000075","Rotation":90,"NAMOBJ":"Pangkatrejo","WADMKC":"Sugio","WADMKK":"Lamongan"},"geometry":{"type":"Point","coordinates":[112.3,-7.2]}},{"type":"Feature","properties":{"Line":"R101","Tr":2212,"X":"639369.30000000005","Y":"9208800.39000000060","Rotation":90,"NAMOBJ":"Pangkatrejo","WADMKC":"Sugio","WADMKK":"Lamongan"},"geometry":{"type":"Point","coordinates":[112.3,-7.2]}},{"type":"Feature","properties":{"Line":"R101","Tr":2213,"X":"639381.80000000005","Y":"9208800.30000000075","Rotation":90,"NAMOBJ":"Pangkatrejo","WADMKC":"Sugio","WADMKK":"Lamongan"},"geometry":{"type":"Point","coordinates":[112.3,-7.2]}},{"type":"Feature","properties":{"Line":"R101","Tr":2214,"X":"639394.30000000005","Y":"9208800.39000000060","Rotation":90,"NAMOBJ":"Pangkatrejo","WADMKC":"Sugio","WADMKK":"Lamongan"},"geometry":{"type":"Point","coordinates":[112.3,-7.2]}},{"type":"Feature","properties":{"Line":"R101","Tr":2215,"X":"639406.80000000005","Y":"9208800.30000000075","Rotation":90,"NAMOBJ":"Pangkatrejo","WADMKC":"Sugio","WADMKK":"Lamongan"},"geometry":{"type":"Point","coordinates":[112.3,-7.2]}},{"type":"Feature","properties":{"Line":"R101","Tr":2216,"X":"639419.30000000005","Y":"9208800.39000000060","Rotation":90,"NAMOBJ":"Pangkatrejo","WADMKC":"Sugio","WADMKK":"Lamongan"},"geometry":{"type":"Point","coordinates":[112.3,-7.2]}},{"type":"Feature","properties":{"Line":"R101","Tr":2217,"X":"639431.80000000005","Y":"9208800.30000000075","Rotation":90,"NAMOBJ":"Pangkatrejo","WADMKC":"Sugio","WADMKK":"Lamongan"},"geometry":{"type":"Point","coordinates":[112.3,-7.2]}},{"type":"Feature","properties":{"Line":"R101","Tr":2218,"X":"639444.30000000005","Y":"9208800.39000000060","Rotation":90,"NAMOBJ":"Pangkatrejo","WADMKC":"Sugio","WADMKK":"Lamongan"},"geometry":{"type":"Point","coordinates":[112.3,-7.2]}},{"type":"Feature","properties":{"Line":"R101","Tr":2219,"X":"639456.80000000005","Y":"9208800.30000000075","Rotation":90,"NAMOBJ":"Pangkatrejo","WADMKC":"Sugio","WADMKK":"Lamongan"},"geometry":{"type":"Point","coordinates":[112.3,-7.2]}},{"type":"Feature","properties":{"Line":"R101","Tr":2220,"X":"639469.30000000005","Y":"9208800.39000000060","Rotation":90,"NAMOBJ":"Pangkatrejo","WADMKC":"Sugio","WADMKK":"Lamongan"},"geometry":{"type":"Point","coordinates":[112.3,-7.2]}},{"type":"Feature","properties":{"Line":"R101","Tr":2221,"X":"639481.80000000005","Y":"9208800.30000000075","Rotation":90,"NAMOBJ":"Pangkatrejo","WADMKC":"Sugio","WADMKK":"Lamongan"},"geometry":{"type":"Point","coordinates":[112.3,-7.2]}},{"type":"Feature","properties":{"Line":"R101","Tr":2222,"X":"639494.30000000005","Y":"9208800.39000000060","Rotation":90,"NAMOBJ":"Pangkatrejo","WADMKC":"Sugio","WADMKK":"Lamongan"},"geometry":{"type":"Point","coordinates":[112.3,-7.2]}},{"type":"Feature","properties":{"Line":"R101","Tr":2223,"X":"639506.80000000005","Y":"9208800.30000000075","Rotation":90,"NAMOBJ":"Pangkatrejo","WADMKC":"Sugio","WADMKK":"Lamongan"},"geometry":{"type":"Point","coordinates":[112.3,-7.2]}},{"type":"Feature","properties":{"Line":"R101","Tr":2224,"X":"639519.30000000005","Y":"9208800.39000000060","Rotation":90,"NAMOBJ":"Pangkatrejo","WADMKC":"Sugio","WADMKK":"Lamongan"},"geometry":{"type":"Point","coordinates":[112.3,-7.2]}},{"type":"Feature","properties":{"Line":"R101","Tr":2225,"X":"639531.80000000005","Y":"9208800.30000000075","Rotation":90,"NAMOBJ":"Pangkatrejo","WADMKC":"Sugio","WADMKK":"Lamongan"},"geometry":{"type":"Point","coordinates":[112.3,-7.2]}},{"type":"Feature","properties":{"Line":"R101","Tr":2226,"X":"639544.30000000005","Y":"9208800.39000000060","Rotation":90,"NAMOBJ":"Pangkatrejo","WADMKC":"Sugio","WADMKK":"Lamongan"},"geometry":{"type":"Point","coordinates":[112.3,-7.2]}},{"type":"Feature","properties":{"Line":"R101","Tr":2227,"X":"639556.80000000005","Y":"9208800.30000000075","Rotation":90,"NAMOBJ":"Pangkatrejo","WADMKC":"Sugio","WADMKK":"Lamongan"},"geometry":{"type":"Point","coordinates":[112.3,-7.2]}},{"type":"Feature","properties":{"Line":"R101","Tr":2228,"X":"639569.30000000005","Y":"9208800.39000000060","Rotation":90,"NAMOBJ":"Pangkatrejo","WADMKC":"Sugio","WADMKK":"Lamongan"},"geometry":{"type":"Point","coordinates":[112.3,-7.2]}},{"type":"Feature","properties":{"Line":"R101","Tr":2229,"X":"639581.80000000005","Y":"9208800.30000000075","Rotation":90,"NAMOBJ":"Pangkatrejo","WADMKC":"Sugio","WADMKK":"Lamongan"},"geometry":{"type":"Point","coordinates":[112.3,-7.2]}},{"type":"Feature","properties":{"Line":"R101","Tr":2230,"X":"639594.30000000005","Y":"9208800.39000000060","Rotation":90,"NAMOBJ":"Pangkatrejo","WADMKC":"Sugio","WADMKK":"Lamongan"},"geometry":{"type":"Point","coordinates":[112.3,-7.2]}},{"type":"Feature","properties":{"Line":"R101","Tr":2231,"X":"639606.80000000005","Y":"9208800.30000000075","Rotation":90,"NAMOBJ":"Pangkatrejo","WADMKC":"Sugio","WADMKK":"Lamongan"},"geometry":{"type":"Point","coordinates":[112.3,-7.2]}},{"type":"Feature","properties":{"Line":"R101","Tr":2232,"X":"639619.30000000005","Y":"9208800.39000000060","Rotation":90,"NAMOBJ":"Pangkatrejo","WADMKC":"Sugio","WADMKK":"Lamongan"},"geometry":{"type":"Point","coordinates":[112.3,-7.2]}},{"type":"Feature","properties":{"Line":"R101","Tr":2233,"X":"639631.80000000005","Y":"9208800.30000000075","Rotation":90,"NAMOBJ":"Pangkatrejo","WADMKC":"Sugio","WADMKK":"Lamongan"},"geometry":{"type":"Point","coordinates":[112.3,-7.2]}},{"type":"Feature","properties":{"Line":"R101","Tr":2234,"X":"639644.30000000005","Y":"9208800.39000000060","Rotation":90,"NAMOBJ":"Pangkatrejo","WADMKC":"Sugio","WADMKK":"Lamongan"},"geometry":{"type":"Point","coordinates":[112.3,-7.2]}},{"type":"Feature","properties":{"Line":"R101","Tr":2235,"X":"639656.80000000005","Y":"9208800.30000000075","Rotation":90,"NAMOBJ":"Pangkatrejo","WADMKC":"Sugio","WADMKK":"Lamongan"},"geometry":{"type":"Point","coordinates":[112.3,-7.2]}},{"type":"Feature","properties":{"Line":"R101","Tr":2236,"X":"639669.30000000005","Y":"9208800.39000000060","Rotation":90,"NAMOBJ":"Pangkatrejo","WADMKC":"Sugio","WADMKK":"Lamongan"},"geometry":{"type":"Point","coordinates":[112.3,-7.2]}},{"type":"Feature","properties":{"Line":"R101","Tr":2237,"X":"639681.80000000005","Y":"9208800.30000000075","Rotation":90,"NAMOBJ":"Pangkatrejo","WADMKC":"Sugio","WADMKK":"Lamongan"},"geometry":{"type":"Point","coordinates":[112.3,-7.2]}},{"type":"Feature","properties":{"Line":"R101","Tr":2238,"X":"639694.30000000005","Y":"9208800.39000000060","Rotation":90,"NAMOBJ":"Pangkatrejo","WADMKC":"Sugio","WADMKK":"Lamongan"},"geometry":{"type":"Point","coordinates":[112.3,-7.2]}},{"type":"Feature","properties":{"Line":"R101","Tr":2239,"X":"639706.80000000005","Y":"9208800.30000000075","Rotation":90,"NAMOBJ":"Pangkatrejo","WADMKC":"Sugio","WADMKK":"Lamongan"},"geometry":{"type":"Point","coordinates":[112.3,-7.2]}},{"type":"Feature","properties":{"Line":"R101","Tr":2240,"X":"639719.30000000005","Y":"9208800.39000000060","Rotation":90,"NAMOBJ":"Pangkatrejo","WADMKC":"Sugio","WADMKK":"Lamongan"},"geometry":{"type":"Point","coordinates":[112.3,-7.2]}},{"type":"Feature","properties":{"Line":"R101","Tr":2241,"X":"639731.80000000005","Y":"9208800.30000000075","Rotation":90,"NAMOBJ":"Pangkatrejo","WADMKC":"Sugio","WADMKK":"Lamongan"},"geometry":{"type":"Point","coordinates":[112.3,-7.2]}},{"type":"Feature","properties":{"Line":"R101","Tr":2242,"X":"639744.30000000005","Y":"9208800.39000000060","Rotation":90,"NAMOBJ":"Pangkatrejo","WADMKC":"Sugio","WADMKK":"Lamongan"},"geometry":{"type":"Point","coordinates":[112.3,-7.2]}},{"type":"Feature","properties":{"Line":"R101","Tr":2243,"X":"639756.80000000005","Y":"9208800.30000000075","Rotation":90,"NAMOBJ":"Pangkatrejo","WADMKC":"Sugio","WADMKK":"Lamongan"},"geometry":{"type":"Point","coordinates":[112.3,-7.2]}},{"type":"Feature","properties":{"Line":"R101","Tr":2244,"X":"639769.30000000005","Y":"9208800.39000000060","Rotation":90,"NAMOBJ":"Pangkatrejo","WADMKC":"Sugio","WADMKK":"Lamongan"},"geometry":{"type":"Point","coordinates":[112.3,-7.2]}},{"type":"Feature","properties":{"Line":"R101","Tr":2245,"X":"639781.80000000005","Y":"9208800.30000000075","Rotation":90,"NAMOBJ":"Pangkatrejo","WADMKC":"Sugio","WADMKK":"Lamongan"},"geometry":{"type":"Point","coordinates":[112.3,-7.2]}},{"type":"Feature","properties":{"Line":"R101","Tr":2246,"X":"639794.30000000005","Y":"9208800.39000000060","Rotation":90,"NAMOBJ":"Pangkatrejo","WADMKC":"Sugio","WADMKK":"Lamongan"},"geometry":{"type":"Point","coordinates":[112.3,-7.2]}},{"type":"Feature","properties":{"Line":"R101","Tr":2247,"X":"639806.80000000005","Y":"9208800.30000000075","Rotation":90,"NAMOBJ":"Pangkatrejo","WADMKC":"Sugio","WADMKK":"Lamongan"},"geometry":{"type":"Point","coordinates":[112.3,-7.2]}},{"type":"Feature","properties":{"Line":"R101","Tr":2248,"X":"639819.30000000005","Y":"9208800.39000000060","Rotation":90,"NAMOBJ":"Pangkatrejo","WADMKC":"Sugio","WADMKK":"Lamongan"},"geometry":{"type":"Point","coordinates":[112.3,-7.2]}},{"type":"Feature","properties":{"Line":"R101","Tr":2249,"X":"639831.80000000005","Y":"9208800.30000000075","Rotation":90,"NAMOBJ":"Pangkatrejo","WADMKC":"Sugio","WADMKK":"Lamongan"},"geometry":{"type":"Point","coordinates":[112.3,-7.2]}},{"type":"Feature","properties":{"Line":"R101","Tr":2250,"X":"639844.30000000005","Y":"9208800.39000000060","Rotation":90,"NAMOBJ":"Pangkatrejo","WADMKC":"Sugio","WADMKK":"Lamongan"},"geometry":{"type":"Point","coordinates":[112.3,-7.2]}},{"type":"Feature","properties":{"Line":"R101","Tr":2251,"X":"639856.80000000005","Y":"9208800.30000000075","Rotation":90,"NAMOBJ":"Pangkatrejo","WADMKC":"Sugio","WADMKK":"Lamongan"},"geometry":{"type":"Point","coordinates":[112.3,-7.2]}},{"type":"Feature","properties":{"Line":"R101","Tr":2252,"X":"639869.30000000005","Y":"9208800.39000000060","Rotation":90,"NAMOBJ":"Pangkatrejo","WADMKC":"Sugio","WADMKK":"Lamongan"},"geometry":{"type":"Point","coordinates":[112.3,-7.2]}},{"type":"Feature","properties":{"Line":"R101","Tr":2253,"X":"639881.80000000005","Y":"9208800.30000000075","Rotation":90,"NAMOBJ":"Pangkatrejo","WADMKC":"Sugio","WADMKK":"Lamongan"},"geometry":{"type":"Point","coordinates":[112.3,-7.2]}},{"type":"Feature","properties":{"Line":"R101","Tr":2254,"X":"639894.30000000005","Y":"9208800.39000000060","Rotation":90,"NAMOBJ":"Pangkatrejo","WADMKC":"Sugio","WADMKK":"Lamongan"},"geometry":{"type":"Point","coordinates":[112.3,-7.2]}},{"type":"Feature","properties":{"Line":"R101","Tr":2255,"X":"639906.80000000005","Y":"9208800.30000000075","Rotation":90,"NAMOBJ":"Pangkatrejo","WADMKC":"Sugio","WADMKK":"Lamongan"},"geometry":{"type":"Point","coordinates":[112.3,-7.2]}},{"type":"Feature","properties":{"Line":"R101","Tr":2256,"X":"639919.30000000005","Y":"9208800.39000000060","Rotation":90,"NAMOBJ":"Pangkatrejo","WADMKC":"Sugio","WADMKK":"Lamongan"},"geometry":{"type":"Point","coordinates":[112.3,-7.2]}},{"type":"Feature","properties":{"Line":"R101","Tr":2257,"X":"639931.80000000005","Y":"9208800.30000000075","Rotation":90,"NAMOBJ":"Pangkatrejo","WADMKC":"Sugio","WADMKK":"Lamongan"},"geometry":{"type":"Point","coordinates":[112.3,-7.2]}},{"type":"Feature","properties":{"Line":"R101","Tr":2258,"X":"639944.30000000005","Y":"9208800.39000000060","Rotation":90,"NAMOBJ":"Pangkatrejo","WADMKC":"Sugio","WADMKK":"Lamongan"},"geometry":{"type":"Point","coordinates":[112.3,-7.2]}},{"type":"Feature","properties":{"Line":"R101","Tr":2259,"X":"639956.80000000005","Y":"9208800.30000000075","Rotation":90,"NAMOBJ":"Pangkatrejo","WADMKC":"Sugio","WADMKK":"Lamongan"},"geometry":{"type":"Point","coordinates":[112.3,-7.2]}},{"type":"Feature","properties":{"Line":"R101","Tr":2260,"X":"639969.30000000005","Y":"9208800.39000000060","Rotation":90,"NAMOBJ":"Pangkatrejo","WADMKC":"Sugio","WADMKK":"Lamongan"},"geometry":{"type":"Point","coordinates":[112.3,-7.2]}},{"type":"Feature","properties":{"Line":"R101","Tr":2261,"X":"639981.80000000005","Y":"9208800.30000000075","Rotation":90,"NAMOBJ":"Pangkatrejo","WADMKC":"Sugio","WADMKK":"Lamongan"},"geometry":{"type":"Point","coordinates":[112.3,-7.2]}},{"type":"Feature","properties":{"Line":"R101","Tr":2262,"X":"639994.30000000005","Y":"9208800.39000000060","Rotation":90,"NAMOBJ":"Pangkatrejo","WADMKC":"Sugio","WADMKK":"Lamongan"},"geometry":{"type":"Point","coordinates":[112.3,-7.2]}},{"type":"Feature","properties":{"Line":"R101","Tr":2263,"X":"640006.80000000005","Y":"9208800.30000000075","Rotation":90,"NAMOBJ":"Pangkatrejo","WADMKC":"Sugio","WADMKK":"Lamongan"},"geometry":{"type":"Point","coordinates":[112.3,-7.2]}},{"type":"Feature","properties":{"Line":"R101","Tr":2264,"X":"640019.30000000005","Y":"9208800.39000000060","Rotation":90,"NAMOBJ":"Pangkatrejo","WADMKC":"Sugio","WADMKK":"Lamongan"},"geometry":{"type":"Point","coordinates":[112.3,-7.2]}},{"type":"Feature","properties":{"Line":"R101","Tr":2265,"X":"640031.80000000005","Y":"9208800.30000000075","Rotation":90,"NAMOBJ":"Pangkatrejo","WADMKC":"Sugio","WADMKK":"Lamongan"},"geometry":{"type":"Point","coordinates":[112.3,-7.2]}},{"type":"Feature","properties":{"Line":"R101","Tr":2266,"X":"640044.30000000005","Y":"9208800.39000000060","Rotation":90,"NAMOBJ":"Pangkatrejo","WADMKC":"Sugio","WADMKK":"Lamongan"},"geometry":{"type":"Point","coordinates":[112.3,-7.2]}},{"type":"Feature","properties":{"Line":"R101","Tr":2267,"X":"640056.80000000005","Y":"9208800.30000000075","Rotation":90,"NAMOBJ":"Pangkatrejo","WADMKC":"Sugio","WADMKK":"Lamongan"},"geometry":{"type":"Point","coordinates":[112.3,-7.2]}},{"type":"Feature","properties":{"Line":"R101","Tr":2268,"X":"640069.30000000005","Y":"9208800.39000000060","Rotation":90,"NAMOBJ":"Pangkatrejo","WADMKC":"Sugio","WADMKK":"Lamongan"},"geometry":{"type":"Point","coordinates":[112.3,-7.2]}},{"type":"Feature","properties":{"Line":"R101","Tr":2269,"X":"640081.80000000005","Y":"9208800.30000000075","Rotation":90,"NAMOBJ":"Pangkatrejo","WADMKC":"Sugio","WADMKK":"Lamongan"},"geometry":{"type":"Point","coordinates":[112.3,-7.2]}},{"type":"Feature","properties":{"Line":"R101","Tr":2270,"X":"640094.30000000005","Y":"9208800.39000000060","Rotation":90,"NAMOBJ":"Pangkatrejo","WADMKC":"Sugio","WADMKK":"Lamongan"},"geometry":{"type":"Point","coordinates":[112.3,-7.2]}},{"type":"Feature","properties":{"Line":"R101","Tr":2271,"X":"640106.80000000005","Y":"9208800.30000000075","Rotation":90,"NAMOBJ":"Pangkatrejo","WADMKC":"Sugio","WADMKK":"Lamongan"},"geometry":{"type":"Point","coordinates":[112.3,-7.2]}},{"type":"Feature","properties":{"Line":"R101","Tr":2272,"X":"640119.30000000005","Y":"9208800.39000000060","Rotation":90,"NAMOBJ":"Pangkatrejo","WADMKC":"Sugio","WADMKK":"Lamongan"},"geometry":{"type":"Point","coordinates":[112.3,-7.2]}},{"type":"Feature","properties":{"Line":"R101","Tr":2273,"X":"640131.80000000005","Y":"9208800.30000000075","Rotation":90,"NAMOBJ":"Pangkatrejo","WADMKC":"Sugio","WADMKK":"Lamongan"},"geometry":{"type":"Point","coordinates":[112.3,-7.2]}},{"type":"Feature","properties":{"Line":"R101","Tr":2274,"X":"640144.30000000005","Y":"9208800.39000000060","Rotation":90,"NAMOBJ":"Pangkatrejo","WADMKC":"Sugio","WADMKK":"Lamongan"},"geometry":{"type":"Point","coordinates":[112.3,-7.2]}},{"type":"Feature","properties":{"Line":"R101","Tr":2275,"X":"640156.80000000005","Y":"9208800.30000000075","Rotation":90,"NAMOBJ":"Pangkatrejo","WADMKC":"Sugio","WADMKK":"Lamongan"},"geometry":{"type":"Point","coordinates":[112.3,-7.2]}},{"type":"Feature","properties":{"Line":"R101","Tr":2276,"X":"640169.30000000005","Y":"9208800.39000000060","Rotation":90,"NAMOBJ":"Pangkatrejo","WADMKC":"Sugio","WADMKK":"Lamongan"},"geometry":{"type":"Point","coordinates":[112.3,-7.2]}},{"type":"Feature","properties":{"Line":"R101","Tr":2277,"X":"640181.80000000005","Y":"9208800.30000000075","Rotation":90,"NAMOBJ":"Pangkatrejo","WADMKC":"Sugio","WADMKK":"Lamongan"},"geometry":{"type":"Point","coordinates":[112.3,-7.2]}},{"type":"Feature","properties":{"Line":"R101","Tr":2278,"X":"640194.30000000005","Y":"9208800.39000000060","Rotation":90,"NAMOBJ":"Pangkatrejo","WADMKC":"Sugio","WADMKK":"Lamongan"},"geometry":{"type":"Point","coordinates":[112.3,-7.2]}},{"type":"Feature","properties":{"Line":"R101","Tr":2279,"X":"640206.80000000005","Y":"9208800.30000000075","Rotation":90,"NAMOBJ":"Pangkatrejo","WADMKC":"Sugio","WADMKK":"Lamongan"},"geometry":{"type":"Point","coordinates":[112.3,-7.2]}},{"type":"Feature","properties":{"Line":"R101","Tr":2280,"X":"640219.30000000005","Y":"9208800.39000000060","Rotation":90,"NAMOBJ":"Pangkatrejo","WADMKC":"Sugio","WADMKK":"Lamongan"},"geometry":{"type":"Point","coordinates":[112.3,-7.2]}},{"type":"Feature","properties":{"Line":"R101","Tr":2281,"X":"640231.80000000005","Y":"9208800.30000000075","Rotation":90,"NAMOBJ":"Pangkatrejo","WADMKC":"Sugio","WADMKK":"Lamongan"},"geometry":{"type":"Point","coordinates":[112.3,-7.2]}},{"type":"Feature","properties":{"Line":"R101","Tr":2282,"X":"640244.30000000005","Y":"9208800.39000000060","Rotation":90,"NAMOBJ":"Pangkatrejo","WADMKC":"Sugio","WADMKK":"Lamongan"},"geometry":{"type":"Point","coordinates":[112.3,-7.2]}},{"type":"Feature","properties":{"Line":"R101","Tr":2283,"X":"640256.80000000005","Y":"9208800.30000000075","Rotation":90,"NAMOBJ":"Pangkatrejo","WADMKC":"Sugio","WADMKK":"Lamongan"},"geometry":{"type":"Point","coordinates":[112.3,-7.2]}},{"type":"Feature","properties":{"Line":"R101","Tr":2284,"X":"640269.30000000005","Y":"9208800.39000000060","Rotation":90,"NAMOBJ":"Pangkatrejo","WADMKC":"Sugio","WADMKK":"Lamongan"},"geometry":{"type":"Point","coordinates":[112.3,-7.2]}},{"type":"Feature","properties":{"Line":"R101","Tr":2285,"X":"640281.80000000005","Y":"9208800.30000000075","Rotation":90,"NAMOBJ":"Pangkatrejo","WADMKC":"Sugio","WADMKK":"Lamongan"},"geometry":{"type":"Point","coordinates":[112.3,-7.2]}},{"type":"Feature","properties":{"Line":"R101","Tr":2286,"X":"640294.30000000005","Y":"9208800.39000000060","Rotation":90,"NAMOBJ":"Pangkatrejo","WADMKC":"Sugio","WADMKK":"Lamongan"},"geometry":{"type":"Point","coordinates":[112.3,-7.2]}},{"type":"Feature","properties":{"Line":"R101","Tr":2287,"X":"640306.80000000005","Y":"9208800.30000000075","Rotation":90,"NAMOBJ":"Pangkatrejo","WADMKC":"Sugio","WADMKK":"Lamongan"},"geometry":{"type":"Point","coordinates":[112.3,-7.2]}},{"type":"Feature","properties":{"Line":"R101","Tr":2288,"X":"640319.30000000005","Y":"9208800.39000000060","Rotation":90,"NAMOBJ":"Pangkatrejo","WADMKC":"Sugio","WADMKK":"Lamongan"},"geometry":{"type":"Point","coordinates":[112.3,-7.2]}},{"type":"Feature","properties":{"Line":"R101","Tr":2289,"X":"640331.80000000005","Y":"9208800.30000000075","Rotation":90,"NAMOBJ":"Pangkatrejo","WADMKC":"Sugio","WADMKK":"Lamongan"},"geometry":{"type":"Point","coordinates":[112.3,-7.2]}},{"type":"Feature","properties":{"Line":"R101","Tr":2290,"X":"640344.30000000005","Y":"9208800.39000000060","Rotation":90,"NAMOBJ":"Pangkatrejo","WADMKC":"Sugio","WADMKK":"Lamongan"},"geometry":{"type":"Point","coordinates":[112.3,-7.2]}},{"type":"Feature","properties":{"Line":"R101","Tr":2291,"X":"640356.80000000005","Y":"9208800.30000000075","Rotation":90,"NAMOBJ":"Pangkatrejo","WADMKC":"Sugio","WADMKK":"Lamongan"},"geometry":{"type":"Point","coordinates":[112.3,-7.2]}},{"type":"Feature","properties":{"Line":"R101","Tr":2292,"X":"640369.30000000005","Y":"9208800.39000000060","Rotation":90,"NAMOBJ":"Pangkatrejo","WADMKC":"Sugio","WADMKK":"Lamongan"},"geometry":{"type":"Point","coordinates":[112.3,-7.2]}},{"type":"Feature","properties":{"Line":"R101","Tr":2293,"X":"640381.80000000005","Y":"9208800.30000000075","Rotation":90,"NAMOBJ":"Pangkatrejo","WADMKC":"Sugio","WADMKK":"Lamongan"},"geometry":{"type":"Point","coordinates":[112.3,-7.2]}},{"type":"Feature","properties":{"Line":"R101","Tr":2294,"X":"640394.30000000005","Y":"9208800.39000000060","Rotation":90,"NAMOBJ":"Pangkatrejo","WADMKC":"Sugio","WADMKK":"Lamongan"},"geometry":{"type":"Point","coordinates":[112.3,-7.2]}},{"type":"Feature","properties":{"Line":"R101","Tr":2295,"X":"640406.80000000005","Y":"9208800.30000000075","Rotation":90,"NAMOBJ":"Pangkatrejo","WADMKC":"Sugio","WADMKK":"Lamongan"},"geometry":{"type":"Point","coordinates":[112.3,-7.2]}},{"type":"Feature","properties":{"Line":"R118","Tr":2476,"X":"638300.50000000000","Y":"9209431.58999999985","Rotation":0,"NAMOBJ":"Pangkatrejo","WADMKC":"Sugio","WADMKK":"Lamongan"},"geometry":{"type":"Point","coordinates":[112.3,-7.2]}},{"type":"Feature","properties":{"Line":"R118","Tr":2477,"X":"638300.50000000000","Y":"9209419.00000000000","Rotation":0,"NAMOBJ":"Pangkatrejo","WADMKC":"Sugio","WADMKK":"Lamongan"},"geometry":{"type":"Point","coordinates":[112.3,-7.2]}},{"type":"Feature","properties":{"Line":"R118","Tr":2478,"X":"638300.50000000000","Y":"9209406.58999999985","Rotation":0,"NAMOBJ":"Pangkatrejo","WADMKC":"Sugio","WADMKK":"Lamongan"},"geometry":{"type":"Point","coordinates":[112.3,-7.2]}},{"type":"Feature","properties":{"Line":"R118","Tr":2479,"X":"638300.50000000000","Y":"9209394.00000000000","Rotation":0,"NAMOBJ":"Pangkatrejo","WADMKC":"Sugio","WADMKK":"Lamongan"},"geometry":{"type":"Point","coordinates":[112.3,-7.2]}},{"type":"Feature","properties":{"Line":"R118","Tr":2480,"X":"638300.50000000000","Y":"9209381.58999999985","Rotation":0,"NAMOBJ":"Pangkatrejo","WADMKC":"Sugio","WADMKK":"Lamongan"},"geometry":{"type":"Point","coordinates":[112.3,-7.2]}},{"type":"Feature","properties":{"Line":"R118","Tr":2481,"X":"638300.50000000000","Y":"9209369.00000000000","Rotation":0,"NAMOBJ":"Pangkatrejo","WADMKC":"Sugio","WADMKK":"Lamongan"},"geometry":{"type":"Point","coordinates":[112.3,-7.2]}},{"type":"Feature","properties":{"Line":"R118","Tr":2536,"X":"638300.50000000000","Y":"9208681.50000000000","Rotation":0,"NAMOBJ":"Pangkatrejo","WADMKC":"Sugio","WADMKK":"Lamongan"},"geometry":{"type":"Point","coordinates":[112.3,-7.2]}},{"type":"Feature","properties":{"Line":"R118","Tr":2537,"X":"638300.50000000000","Y":"9208669.00000000000","Rotation":0,"NAMOBJ":"Pangkatrejo","WADMKC":"Sugio","WADMKK":"Lamongan"},"geometry":{"type":"Point","coordinates":[112.3,-7.2]}},{"type":"Feature","properties":{"Line":"R118","Tr":2538,"X":"638300.50000000000","Y":"9208656.50000000000","Rotation":0,"NAMOBJ":"Pangkatrejo","WADMKC":"Sugio","WADMKK":"Lamongan"},"geometry":{"type":"Point","coordinates":[112.3,-7.2]}},{"type":"Feature","properties":{"Line":"R118","Tr":2539,"X":"638300.50000000000","Y":"9208644.00000000000","Rotation":0,"NAMOBJ":"Pangkatrejo","WADMKC":"Sugio","WADMKK":"Lamongan"},"geometry":{"type":"Point","coordinates":[112.3,-7.2]}},{"type":"Feature","properties":{"Line":"R118","Tr":2540,"X":"638300.50000000000","Y":"9208631.50000000000","Rotation":0,"NAMOBJ":"Pangkatrejo","WADMKC":"Sugio","WADMKK":"Lamongan"},"geometry":{"type":"Point","coordinates":[112.3,-7.2]}},{"type":"Feature","properties":{"Line":"R118","Tr":2541,"X":"638300.50000000000","Y":"9208619.00000000000","Rotation":0,"NAMOBJ":"Pangkatrejo","WADMKC":"Sugio","WADMKK":"Lamongan"},"geometry":{"type":"Point","coordinates":[112.3,-7.2]}},{"type":"Feature","properties":{"Line":"R118","Tr":2542,"X":"638300.50000000000","Y":"9208606.50000000000","Rotation":0,"NAMOBJ":"Pangkatrejo","WADMKC":"Sugio","WADMKK":"Lamongan"},"geometry":{"type":"Point","coordinates":[112.3,-7.2]}},{"type":"Feature","properties":{"Line":"R118","Tr":2543,"X":"638300.50000000000","Y":"9208594.00000000000","Rotation":0,"NAMOBJ":"Pangkatrejo","WADMKC":"Sugio","WADMKK":"Lamongan"},"geometry":{"type":"Point","coordinates":[112.3,-7.2]}},{"type":"Feature","properties":{"Line":"R118","Tr":2544,"X":"638300.50000000000","Y":"9208581.50000000000","Rotation":0,"NAMOBJ":"Pangkatrejo","WADMKC":"Sugio","WADMKK":"Lamongan"},"geometry":{"type":"Point","coordinates":[112.3,-7.2]}},{"type":"Feature","properties":{"Line":"R118","Tr":2545,"X":"638300.50000000000","Y":"9208569.00000000000","Rotation":0,"NAMOBJ":"Pangkatrejo","WADMKC":"Sugio","WADMKK":"Lamongan"},"geometry":{"type":"Point","coordinates":[112.3,-7.2]}},{"type":"Feature","properties":{"Line":"R118","Tr":2546,"X":"638300.50000000000","Y":"9208556.50000000000","Rotation":0,"NAMOBJ":"Pangkatrejo","WADMKC":"Sugio","WADMKK":"Lamongan"},"geometry":{"type":"Point","coordinates":[112.3,-7.2]}},{"type":"Feature","properties":{"Line":"R118","Tr":2547,"X":"638300.50000000000","Y":"9208544.00000000000","Rotation":0,"NAMOBJ":"Pangkatrejo","WADMKC":"Sugio","WADMKK":"Lamongan"},"geometry":{"type":"Point","coordinates":[112.3,-7.2]}},{"type":"Feature","properties":{"Line":"R118","Tr":2548,"X":"638300.50000000000","Y":"9208531.50000000000","Rotation":0,"NAMOBJ":"Pangkatrejo","WADMKC":"Sugio","WADMKK":"Lamongan"},"geometry":{"type":"Point","coordinates":[112.3,-7.2]}},{"type":"Feature","properties":{"Line":"R118","Tr":2549,"X":"638300.50000000000","Y":"9208519.00000000000","Rotation":0,"NAMOBJ":"Pangkatrejo","WADMKC":"Sugio","WADMKK":"Lamongan"},"geometry":{"type":"Point","coordinates":[112.3,-7.2]}},{"type":"Feature","properties":{"Line":"R118","Tr":2550,"X":"638300.50000000000","Y":"9208506.50000000000","Rotation":0,"NAMOBJ":"Pangkatrejo","WADMKC":"Sugio","WADMKK":"Lamongan"},"geometry":{"type":"Point","coordinates":[112.3,-7.2]}},{"type":"Feature","properties":{"Line":"R118","Tr":2551,"X":"638300.50000000000","Y":"9208494.00000000000","Rotation":0,"NAMOBJ":"Pangkatrejo","WADMKC":"Sugio","WADMKK":"Lamongan"},"geometry":{"type":"Point","coordinates":[112.3,-7.2]}},{"type":"Feature","properties":{"Line":"R118","Tr":2552,"X":"638300.50000000000","Y":"9208481.50000000000","Rotation":0,"NAMOBJ":"Pangkatrejo","WADMKC":"Sugio","WADMKK":"Lamongan"},"geometry":{"type":"Point","coordinates":[112.3,-7.2]}},{"type":"Feature","properties":{"Line":"R118","Tr":2553,"X":"638300.50000000000","Y":"9208469.00000000000","Rotation":0,"NAMOBJ":"Pangkatrejo","WADMKC":"Sugio","WADMKK":"Lamongan"},"geometry":{"type":"Point","coordinates":[112.3,-7.2]}},{"type":"Feature","properties":{"Line":"R118","Tr":2554,"X":"638300.50000000000","Y":"9208456.50000000000","Rotation":0,"NAMOBJ":"Pangkatrejo","WADMKC":"Sugio","WADMKK":"Lamongan"},"geometry":{"type":"Point","coordinates":[112.3,-7.2]}},{"type":"Feature","properties":{"Line":"R118","Tr":2555,"X":"638300.50000000000","Y":"9208444.00000000000","Rotation":0,"NAMOBJ":"Pangkatrejo","WADMKC":"Sugio","WADMKK":"Lamongan"},"geometry":{"type":"Point","coordinates":[112.3,-7.2]}},{"type":"Feature","properties":{"Line":"R118","Tr":2556,"X":"638300.50000000000","Y":"9208431.50000000000","Rotation":0,"NAMOBJ":"Pangkatrejo","WADMKC":"Sugio","WADMKK":"Lamongan"},"geometry":{"type":"Point","coordinates":[112.3,-7.2]}},{"type":"Feature","properties":{"Line":"R118","Tr":2557,"X":"638300.50000000000","Y":"9208419.00000000000","Rotation":0,"NAMOBJ":"Pangkatrejo","WADMKC":"Sugio","WADMKK":"Lamongan"},"geometry":{"type":"Point","coordinates":[112.3,-7.2]}},{"type":"Feature","properties":{"Line":"R118","Tr":2558,"X":"638300.50000000000","Y":"9208406.50000000000","Rotation":0,"NAMOBJ":"Pangkatrejo","WADMKC":"Sugio","WADMKK":"Lamongan"},"geometry":{"type":"Point","coordinates":[112.3,-7.2]}},{"type":"Feature","properties":{"Line":"R118","Tr":2559,"X":"638300.50000000000","Y":"9208394.00000000000","Rotation":0,"NAMOBJ":"Pangkatrejo","WADMKC":"Sugio","WADMKK":"Lamongan"},"geometry":{"type":"Point","coordinates":[112.3,-7.2]}},{"type":"Feature","properties":{"Line":"R118","Tr":2560,"X":"638300.50000000000","Y":"9208381.50000000000","Rotation":0,"NAMOBJ":"Pangkatrejo","WADMKC":"Sugio","WADMKK":"Lamongan"},"geometry":{"type":"Point","coordinates":[112.3,-7.2]}},{"type":"Feature","properties":{"Line":"R118","Tr":2561,"X":"638300.50000000000","Y":"9208369.00000000000","Rotation":0,"NAMOBJ":"Pangkatrejo","WADMKC":"Sugio","WADMKK":"Lamongan"},"geometry":{"type":"Point","coordinates":[112.3,-7.2]}},{"type":"Feature","properties":{"Line":"R118","Tr":2562,"X":"638300.50000000000","Y":"9208356.50000000000","Rotation":0,"NAMOBJ":"Pangkatrejo","WADMKC":"Sugio","WADMKK":"Lamongan"},"geometry":{"type":"Point","coordinates":[112.3,-7.2]}},{"type":"Feature","properties":{"Line":"R118","Tr":2563,"X":"638300.50000000000","Y":"9208344.00000000000","Rotation":0,"NAMOBJ":"Pangkatrejo","WADMKC":"Sugio","WADMKK":"Lamongan"},"geometry":{"type":"Point","coordinates":[112.3,-7.2]}},{"type":"Feature","properties":{"Line":"R118","Tr":2564,"X":"638300.50000000000","Y":"9208331.50000000000","Rotation":0,"NAMOBJ":"Pangkatrejo","WADMKC":"Sugio","WADMKK":"Lamongan"},"geometry":{"type":"Point","coordinates":[112.3,-7.2]}},{"type":"Feature","properties":{"Line":"R118","Tr":2565,"X":"638300.50000000000","Y":"9208319.00000000000","Rotation":0,"NAMOBJ":"Pangkatrejo","WADMKC":"Sugio","WADMKK":"Lamongan"},"geometry":{"type":"Point","coordinates":[112.3,-7.2]}},{"type":"Feature","properties":{"Line":"R118","Tr":2566,"X":"638300.50000000000","Y":"9208306.50000000000","Rotation":0,"NAMOBJ":"Pangkatrejo","WADMKC":"Sugio","WADMKK":"Lamongan"},"geometry":{"type":"Point","coordinates":[112.3,-7.2]}},{"type":"Feature","properties":{"Line":"R118","Tr":2567,"X":"638300.50000000000","Y":"9208294.00000000000","Rotation":0,"NAMOBJ":"Pangkatrejo","WADMKC":"Sugio","WADMKK":"Lamongan"},"geometry":{"type":"Point","coordinates":[112.3,-7.2]}},{"type":"Feature","properties":{"Line":"R118","Tr":2568,"X":"638300.50000000000","Y":"9208281.50000000000","Rotation":0,"NAMOBJ":"Pangkatrejo","WADMKC":"Sugio","WADMKK":"Lamongan"},"geometry":{"type":"Point","coordinates":[112.3,-7.2]}},{"type":"Feature","properties":{"Line":"R118","Tr":2569,"X":"638300.50000000000","Y":"9208269.00000000000","Rotation":0,"NAMOBJ":"Pangkatrejo","WADMKC":"Sugio","WADMKK":"Lamongan"},"geometry":{"type":"Point","coordinates":[112.3,-7.2]}},{"type":"Feature","properties":{"Line":"R118","Tr":2570,"X":"638300.50000000000","Y":"9208256.50000000000","Rotation":0,"NAMOBJ":"Pangkatrejo","WADMKC":"Sugio","WADMKK":"Lamongan"},"geometry":{"type":"Point","coordinates":[112.3,-7.2]}},{"type":"Feature","properties":{"Line":"R118","Tr":2571,"X":"638300.50000000000","Y":"9208244.00000000000","Rotation":0,"NAMOBJ":"Pangkatrejo","WADMKC":"Sugio","WADMKK":"Lamongan"},"geometry":{"type":"Point","coordinates":[112.3,-7.2]}},{"type":"Feature","properties":{"Line":"R118","Tr":2572,"X":"638300.50000000000","Y":"9208231.50000000000","Rotation":0,"NAMOBJ":"Pangkatrejo","WADMKC":"Sugio","WADMKK":"Lamongan"},"geometry":{"type":"Point","coordinates":[112.3,-7.2]}},{"type":"Feature","properties":{"Line":"R118","Tr":2573,"X":"638300.50000000000","Y":"9208219.00000000000","Rotation":0,"NAMOBJ":"Pangkatrejo","WADMKC":"Sugio","WADMKK":"Lamongan"},"geometry":{"type":"Point","coordinates":[112.3,-7.2]}},{"type":"Feature","properties":{"Line":"R118","Tr":2574,"X":"638300.50000000000","Y":"9208206.50000000000","Rotation":0,"NAMOBJ":"Pangkatrejo","WADMKC":"Sugio","WADMKK":"Lamongan"},"geometry":{"type":"Point","coordinates":[112.3,-7.2]}},{"type":"Feature","properties":{"Line":"R120","Tr":2469,"X":"639300.50000000000","Y":"9209469.00000000000","Rotation":0,"NAMOBJ":"Pangkatrejo","WADMKC":"Sugio","WADMKK":"Lamongan"},"geometry":{"type":"Point","coordinates":[112.3,-7.2]}},{"type":"Feature","properties":{"Line":"R120","Tr":2470,"X":"639300.50000000000","Y":"9209456.58999999985","Rotation":0,"NAMOBJ":"Pangkatrejo","WADMKC":"Sugio","WADMKK":"Lamongan"},"geometry":{"type":"Point","coordinates":[112.3,-7.2]}},{"type":"Feature","properties":{"Line":"R120","Tr":2471,"X":"639300.50000000000","Y":"9209444.00000000000","Rotation":0,"NAMOBJ":"Pangkatrejo","WADMKC":"Sugio","WADMKK":"Lamongan"},"geometry":{"type":"Point","coordinates":[112.3,-7.2]}},{"type":"Feature","properties":{"Line":"R120","Tr":2472,"X":"639300.50000000000","Y":"9209431.58999999985","Rotation":0,"NAMOBJ":"Pangkatrejo","WADMKC":"Sugio","WADMKK":"Lamongan"},"geometry":{"type":"Point","coordinates":[112.3,-7.2]}},{"type":"Feature","properties":{"Line":"R120","Tr":2473,"X":"639300.50000000000","Y":"9209419.00000000000","Rotation":0,"NAMOBJ":"Pangkatrejo","WADMKC":"Sugio","WADMKK":"Lamongan"},"geometry":{"type":"Point","coordinates":[112.3,-7.2]}},{"type":"Feature","properties":{"Line":"R120","Tr":2474,"X":"639300.50000000000","Y":"9209406.58999999985","Rotation":0,"NAMOBJ":"Pangkatrejo","WADMKC":"Sugio","WADMKK":"Lamongan"},"geometry":{"type":"Point","coordinates":[112.3,-7.2]}},{"type":"Feature","properties":{"Line":"R120","Tr":2475,"X":"639300.50000000000","Y":"9209394.00000000000","Rotation":0,"NAMOBJ":"Pangkatrejo","WADMKC":"Sugio","WADMKK":"Lamongan"},"geometry":{"type":"Point","coordinates":[112.3,-7.2]}},{"type":"Feature","properties":{"Line":"R120","Tr":2476,"X":"639300.50000000000","Y":"9209381.58999999985","Rotation":0,"NAMOBJ":"Pangkatrejo","WADMKC":"Sugio","WADMKK":"Lamongan"},"geometry":{"type":"Point","coordinates":[112.3,-7.2]}},{"type":"Feature","properties":{"Line":"R120","Tr":2477,"X":"639300.50000000000","Y":"9209369.00000000000","Rotation":0,"NAMOBJ":"Pangkatrejo","WADMKC":"Sugio","WADMKK":"Lamongan"},"geometry":{"type":"Point","coordinates":[112.3,-7.2]}},{"type":"Feature","properties":{"Line":"R120","Tr":2478,"X":"639300.50000000000","Y":"9209356.58999999985","Rotation":0,"NAMOBJ":"Pangkatrejo","WADMKC":"Sugio","WADMKK":"Lamongan"},"geometry":{"type":"Point","coordinates":[112.3,-7.2]}},{"type":"Feature","properties":{"Line":"R120","Tr":2479,"X":"639300.50000000000","Y":"9209344.00000000000","Rotation":0,"NAMOBJ":"Pangkatrejo","WADMKC":"Sugio","WADMKK":"Lamongan"},"geometry":{"type":"Point","coordinates":[112.3,-7.2]}},{"type":"Feature","properties":{"Line":"R120","Tr":2480,"X":"639300.50000000000","Y":"9209331.58999999985","Rotation":0,"NAMOBJ":"Pangkatrejo","WADMKC":"Sugio","WADMKK":"Lamongan"},"geometry":{"type":"Point","coordinates":[112.3,-7.2]}},{"type":"Feature","properties":{"Line":"R120","Tr":2481,"X":"639300.50000000000","Y":"9209319.00000000000","Rotation":0,"NAMOBJ":"Pangkatrejo","WADMKC":"Sugio","WADMKK":"Lamongan"},"geometry":{"type":"Point","coordinates":[112.3,-7.2]}},{"type":"Feature","properties":{"Line":"R120","Tr":2482,"X":"639300.50000000000","Y":"9209306.58999999985","Rotation":0,"NAMOBJ":"Pangkatrejo","WADMKC":"Sugio","WADMKK":"Lamongan"},"geometry":{"type":"Point","coordinates":[112.3,-7.2]}},{"type":"Feature","properties":{"Line":"R120","Tr":2483,"X":"639300.50000000000","Y":"9209294.00000000000","Rotation":0,"NAMOBJ":"Pangkatrejo","WADMKC":"Sugio","WADMKK":"Lamongan"},"geometry":{"type":"Point","coordinates":[112.3,-7.2]}},{"type":"Feature","properties":{"Line":"R120","Tr":2484,"X":"639300.50000000000","Y":"9209281.58999999985","Rotation":0,"NAMOBJ":"Pangkatrejo","WADMKC":"Sugio","WADMKK":"Lamongan"},"geometry":{"type":"Point","coordinates":[112.3,-7.2]}},{"type":"Feature","properties":{"Line":"R120","Tr":2485,"X":"639300.50000000000","Y":"9209269.00000000000","Rotation":0,"NAMOBJ":"Pangkatrejo","WADMKC":"Sugio","WADMKK":"Lamongan"},"geometry":{"type":"Point","coordinates":[112.3,-7.2]}},{"type":"Feature","properties":{"Line":"R120","Tr":2486,"X":"639300.50000000000","Y":"9209256.58999999985","Rotation":0,"NAMOBJ":"Pangkatrejo","WADMKC":"Sugio","WADMKK":"Lamongan"},"geometry":{"type":"Point","coordinates":[112.3,-7.2]}},{"type":"Feature","properties":{"Line":"R120","Tr":2487,"X":"639300.50000000000","Y":"9209244.00000000000","Rotation":0,"NAMOBJ":"Pangkatrejo","WADMKC":"Sugio","WADMKK":"Lamongan"},"geometry":{"type":"Point","coordinates":[112.3,-7.2]}},{"type":"Feature","properties":{"Line":"R120","Tr":2488,"X":"639300.50000000000","Y":"9209231.58999999985","Rotation":0,"NAMOBJ":"Pangkatrejo","WADMKC":"Sugio","WADMKK":"Lamongan"},"geometry":{"type":"Point","coordinates":[112.3,-7.2]}},{"type":"Feature","properties":{"Line":"R120","Tr":2489,"X":"639300.50000000000","Y":"9209219.00000000000","Rotation":0,"NAMOBJ":"Pangkatrejo","WADMKC":"Sugio","WADMKK":"Lamongan"},"geometry":{"type":"Point","coordinates":[112.3,-7.2]}},{"type":"Feature","properties":{"Line":"R120","Tr":2490,"X":"639300.50000000000","Y":"9209206.58999999985","Rotation":0,"NAMOBJ":"Pangkatrejo","WADMKC":"Sugio","WADMKK":"Lamongan"},"geometry":{"type":"Point","coordinates":[112.3,-7.2]}},{"type":"Feature","properties":{"Line":"R120","Tr":2491,"X":"639300.50000000000","Y":"9209194.00000000000","Rotation":0,"NAMOBJ":"Pangkatrejo","WADMKC":"Sugio","WADMKK":"Lamongan"},"geometry":{"type":"Point","coordinates":[112.3,-7.2]}},{"type":"Feature","properties":{"Line":"R120","Tr":2492,"X":"639300.50000000000","Y":"9209181.58999999985","Rotation":0,"NAMOBJ":"Pangkatrejo","WADMKC":"Sugio","WADMKK":"Lamongan"},"geometry":{"type":"Point","coordinates":[112.3,-7.2]}},{"type":"Feature","properties":{"Line":"R120","Tr":2493,"X":"639300.50000000000","Y":"9209169.00000000000","Rotation":0,"NAMOBJ":"Pangkatrejo","WADMKC":"Sugio","WADMKK":"Lamongan"},"geometry":{"type":"Point","coordinates":[112.3,-7.2]}},{"type":"Feature","properties":{"Line":"R120","Tr":2494,"X":"639300.50000000000","Y":"9209156.58999999985","Rotation":0,"NAMOBJ":"Pangkatrejo","WADMKC":"Sugio","WADMKK":"Lamongan"},"geometry":{"type":"Point","coordinates":[112.3,-7.2]}},{"type":"Feature","properties":{"Line":"R120","Tr":2495,"X":"639300.50000000000","Y":"9209144.00000000000","Rotation":0,"NAMOBJ":"Pangkatrejo","WADMKC":"Sugio","WADMKK":"Lamongan"},"geometry":{"type":"Point","coordinates":[112.3,-7.2]}},{"type":"Feature","properties":{"Line":"R120","Tr":2496,"X":"639300.50000000000","Y":"9209131.58999999985","Rotation":0,"NAMOBJ":"Pangkatrejo","WADMKC":"Sugio","WADMKK":"Lamongan"},"geometry":{"type":"Point","coordinates":[112.3,-7.2]}},{"type":"Feature","properties":{"Line":"R120","Tr":2497,"X":"639300.50000000000","Y":"9209119.00000000000","Rotation":0,"NAMOBJ":"Pangkatrejo","WADMKC":"Sugio","WADMKK":"Lamongan"},"geometry":{"type":"Point","coordinates":[112.3,-7.2]}},{"type":"Feature","properties":{"Line":"R120","Tr":2498,"X":"639300.50000000000","Y":"9209106.58999999985","Rotation":0,"NAMOBJ":"Pangkatrejo","WADMKC":"Sugio","WADMKK":"Lamongan"},"geometry":{"type":"Point","coordinates":[112.3,-7.2]}},{"type":"Feature","properties":{"Line":"R120","Tr":2499,"X":"639300.50000000000","Y":"9209094.00000000000","Rotation":0,"NAMOBJ":"Pangkatrejo","WADMKC":"Sugio","WADMKK":"Lamongan"},"geometry":{"type":"Point","coordinates":[112.3,-7.2]}},{"type":"Feature","properties":{"Line":"R120","Tr":2500,"X":"639300.50000000000","Y":"9209081.58999999985","Rotation":0,"NAMOBJ":"Pangkatrejo","WADMKC":"Sugio","WADMKK":"Lamongan"},"geometry":{"type":"Point","coordinates":[112.3,-7.2]}},{"type":"Feature","properties":{"Line":"R120","Tr":2501,"X":"639300.50000000000","Y":"9209069.00000000000","Rotation":0,"NAMOBJ":"Pangkatrejo","WADMKC":"Sugio","WADMKK":"Lamongan"},"geometry":{"type":"Point","coordinates":[112.3,-7.2]}},{"type":"Feature","properties":{"Line":"R120","Tr":2502,"X":"639300.50000000000","Y":"9209056.58999999985","Rotation":0,"NAMOBJ":"Pangkatrejo","WADMKC":"Sugio","WADMKK":"Lamongan"},"geometry":{"type":"Point","coordinates":[112.3,-7.2]}},{"type":"Feature","properties":{"Line":"R120","Tr":2503,"X":"639300.50000000000","Y":"9209044.00000000000","Rotation":0,"NAMOBJ":"Pangkatrejo","WADMKC":"Sugio","WADMKK":"Lamongan"},"geometry":{"type":"Point","coordinates":[112.3,-7.2]}},{"type":"Feature","properties":{"Line":"R120","Tr":2504,"X":"639300.50000000000","Y":"9209031.58999999985","Rotation":0,"NAMOBJ":"Pangkatrejo","WADMKC":"Sugio","WADMKK":"Lamongan"},"geometry":{"type":"Point","coordinates":[112.3,-7.2]}},{"type":"Feature","properties":{"Line":"R120","Tr":2505,"X":"639300.50000000000","Y":"9209019.00000000000","Rotation":0,"NAMOBJ":"Pangkatrejo","WADMKC":"Sugio","WADMKK":"Lamongan"},"geometry":{"type":"Point","coordinates":[112.3,-7.2]}},{"type":"Feature","properties":{"Line":"R120","Tr":2506,"X":"639300.50000000000","Y":"9209006.58999999985","Rotation":0,"NAMOBJ":"Pangkatrejo","WADMKC":"Sugio","WADMKK":"Lamongan"},"geometry":{"type":"Point","coordinates":[112.3,-7.2]}},{"type":"Feature","properties":{"Line":"R120","Tr":2507,"X":"639300.50000000000","Y":"9208994.00000000000","Rotation":0,"NAMOBJ":"Pangkatrejo","WADMKC":"Sugio","WADMKK":"Lamongan"},"geometry":{"type":"Point","coordinates":[112.3,-7.2]}},{"type":"Feature","properties":{"Line":"R120","Tr":2508,"X":"639300.50000000000","Y":"9208981.58999999985","Rotation":0,"NAMOBJ":"Pangkatrejo","WADMKC":"Sugio","WADMKK":"Lamongan"},"geometry":{"type":"Point","coordinates":[112.3,-7.2]}},{"type":"Feature","properties":{"Line":"R120","Tr":2509,"X":"639300.50000000000","Y":"9208969.00000000000","Rotation":0,"NAMOBJ":"Pangkatrejo","WADMKC":"Sugio","WADMKK":"Lamongan"},"geometry":{"type":"Point","coordinates":[112.3,-7.2]}},{"type":"Feature","properties":{"Line":"R120","Tr":2510,"X":"639300.50000000000","Y":"9208956.58999999985","Rotation":0,"NAMOBJ":"Pangkatrejo","WADMKC":"Sugio","WADMKK":"Lamongan"},"geometry":{"type":"Point","coordinates":[112.3,-7.2]}},{"type":"Feature","properties":{"Line":"R120","Tr":2511,"X":"639300.50000000000","Y":"9208944.00000000000","Rotation":0,"NAMOBJ":"Pangkatrejo","WADMKC":"Sugio","WADMKK":"Lamongan"},"geometry":{"type":"Point","coordinates":[112.3,-7.2]}},{"type":"Feature","properties":{"Line":"R120","Tr":2512,"X":"639300.50000000000","Y":"9208931.58999999985","Rotation":0,"NAMOBJ":"Pangkatrejo","WADMKC":"Sugio","WADMKK":"Lamongan"},"geometry":{"type":"Point","coordinates":[112.3,-7.2]}},{"type":"Feature","properties":{"Line":"R120","Tr":2513,"X":"639300.50000000000","Y":"9208919.00000000000","Rotation":0,"NAMOBJ":"Pangkatrejo","WADMKC":"Sugio","WADMKK":"Lamongan"},"geometry":{"type":"Point","coordinates":[112.3,-7.2]}},{"type":"Feature","properties":{"Line":"R120","Tr":2514,"X":"639300.50000000000","Y":"9208906.58999999985","Rotation":0,"NAMOBJ":"Pangkatrejo","WADMKC":"Sugio","WADMKK":"Lamongan"},"geometry":{"type":"Point","coordinates":[112.3,-7.2]}},{"type":"Feature","properties":{"Line":"R120","Tr":2515,"X":"639300.50000000000","Y":"9208894.00000000000","Rotation":0,"NAMOBJ":"Pangkatrejo","WADMKC":"Sugio","WADMKK":"Lamongan"},"geometry":{"type":"Point","coordinates":[112.3,-7.2]}},{"type":"Feature","properties":{"Line":"R120","Tr":2516,"X":"639300.50000000000","Y":"9208881.58999999985","Rotation":0,"NAMOBJ":"Pangkatrejo","WADMKC":"Sugio","WADMKK":"Lamongan"},"geometry":{"type":"Point","coordinates":[112.3,-7.2]}},{"type":"Feature","properties":{"Line":"R120","Tr":2517,"X":"639300.50000000000","Y":"9208869.00000000000","Rotation":0,"NAMOBJ":"Pangkatrejo","WADMKC":"Sugio","WADMKK":"Lamongan"},"geometry":{"type":"Point","coordinates":[112.3,-7.2]}},{"type":"Feature","properties":{"Line":"R120","Tr":2518,"X":"639300.50000000000","Y":"9208856.58999999985","Rotation":0,"NAMOBJ":"Pangkatrejo","WADMKC":"Sugio","WADMKK":"Lamongan"},"geometry":{"type":"Point","coordinates":[112.3,-7.2]}},{"type":"Feature","properties":{"Line":"R120","Tr":2519,"X":"639300.50000000000","Y":"9208844.00000000000","Rotation":0,"NAMOBJ":"Pangkatrejo","WADMKC":"Sugio","WADMKK":"Lamongan"},"geometry":{"type":"Point","coordinates":[112.3,-7.2]}},{"type":"Feature","properties":{"Line":"R120","Tr":2520,"X":"639300.50000000000","Y":"9208831.58999999985","Rotation":0,"NAMOBJ":"Pangkatrejo","WADMKC":"Sugio","WADMKK":"Lamongan"},"geometry":{"type":"Point","coordinates":[112.3,-7.2]}},{"type":"Feature","properties":{"Line":"R120","Tr":2521,"X":"639300.50000000000","Y":"9208819.00000000000","Rotation":0,"NAMOBJ":"Pangkatrejo","WADMKC":"Sugio","WADMKK":"Lamongan"},"geometry":{"type":"Point","coordinates":[112.3,-7.2]}},{"type":"Feature","properties":{"Line":"R120","Tr":2522,"X":"639300.50000000000","Y":"9208806.58999999985","Rotation":0,"NAMOBJ":"Pangkatrejo","WADMKC":"Sugio","WADMKK":"Lamongan"},"geometry":{"type":"Point","coordinates":[112.3,-7.2]}},{"type":"Feature","properties":{"Line":"R120","Tr":2523,"X":"639300.50000000000","Y":"9208794.00000000000","Rotation":0,"NAMOBJ":"Pangkatrejo","WADMKC":"Sugio","WADMKK":"Lamongan"},"geometry":{"type":"Point","coordinates":[112.3,-7.2]}},{"type":"Feature","properties":{"Line":"R120","Tr":2524,"X":"639300.50000000000","Y":"9208781.50000000000","Rotation":0,"NAMOBJ":"Pangkatrejo","WADMKC":"Sugio","WADMKK":"Lamongan"},"geometry":{"type":"Point","coordinates":[112.3,-7.2]}},{"type":"Feature","properties":{"Line":"R120","Tr":2525,"X":"639300.50000000000","Y":"9208769.00000000000","Rotation":0,"NAMOBJ":"Pangkatrejo","WADMKC":"Sugio","WADMKK":"Lamongan"},"geometry":{"type":"Point","coordinates":[112.3,-7.2]}},{"type":"Feature","properties":{"Line":"R120","Tr":2526,"X":"639300.50000000000","Y":"9208756.50000000000","Rotation":0,"NAMOBJ":"Pangkatrejo","WADMKC":"Sugio","WADMKK":"Lamongan"},"geometry":{"type":"Point","coordinates":[112.3,-7.2]}},{"type":"Feature","properties":{"Line":"R120","Tr":2527,"X":"639300.50000000000","Y":"9208744.00000000000","Rotation":0,"NAMOBJ":"Pangkatrejo","WADMKC":"Sugio","WADMKK":"Lamongan"},"geometry":{"type":"Point","coordinates":[112.3,-7.2]}},{"type":"Feature","properties":{"Line":"R120","Tr":2528,"X":"639300.50000000000","Y":"9208731.50000000000","Rotation":0,"NAMOBJ":"Pangkatrejo","WADMKC":"Sugio","WADMKK":"Lamongan"},"geometry":{"type":"Point","coordinates":[112.3,-7.2]}},{"type":"Feature","properties":{"Line":"R120","Tr":2529,"X":"639300.50000000000","Y":"9208719.00000000000","Rotation":0,"NAMOBJ":"Pangkatrejo","WADMKC":"Sugio","WADMKK":"Lamongan"},"geometry":{"type":"Point","coordinates":[112.3,-7.2]}},{"type":"Feature","properties":{"Line":"R120","Tr":2530,"X":"639300.50000000000","Y":"9208706.50000000000","Rotation":0,"NAMOBJ":"Pangkatrejo","WADMKC":"Sugio","WADMKK":"Lamongan"},"geometry":{"type":"Point","coordinates":[112.3,-7.2]}},{"type":"Feature","properties":{"Line":"R120","Tr":2531,"X":"639300.50000000000","Y":"9208694.00000000000","Rotation":0,"NAMOBJ":"Pangkatrejo","WADMKC":"Sugio","WADMKK":"Lamongan"},"geometry":{"type":"Point","coordinates":[112.3,-7.2]}},{"type":"Feature","properties":{"Line":"R120","Tr":2532,"X":"639300.50000000000","Y":"9208681.50000000000","Rotation":0,"NAMOBJ":"Pangkatrejo","WADMKC":"Sugio","WADMKK":"Lamongan"},"geometry":{"type":"Point","coordinates":[112.3,-7.2]}},{"type":"Feature","properties":{"Line":"R120","Tr":2533,"X":"639300.50000000000","Y":"9208669.00000000000","Rotation":0,"NAMOBJ":"Pangkatrejo","WADMKC":"Sugio","WADMKK":"Lamongan"},"geometry":{"type":"Point","coordinates":[112.3,-7.2]}},{"type":"Feature","properties":{"Line":"R120","Tr":2534,"X":"639300.50000000000","Y":"9208656.50000000000","Rotation":0,"NAMOBJ":"Pangkatrejo","WADMKC":"Sugio","WADMKK":"Lamongan"},"geometry":{"type":"Point","coordinates":[112.3,-7.2]}},{"type":"Feature","properties":{"Line":"R120","Tr":2535,"X":"639300.50000000000","Y":"9208644.00000000000","Rotation":0,"NAMOBJ":"Pangkatrejo","WADMKC":"Sugio","WADMKK":"Lamongan"},"geometry":{"type":"Point","coordinates":[112.3,-7.2]}},{"type":"Feature","properties":{"Line":"R120","Tr":2536,"X":"639300.50000000000","Y":"9208631.50000000000","Rotation":0,"NAMOBJ":"Pangkatrejo","WADMKC":"Sugio","WADMKK":"Lamongan"},"geometry":{"type":"Point","coordinates":[112.3,-7.2]}},{"type":"Feature","properties":{"Line":"R120","Tr":2537,"X":"639300.50000000000","Y":"9208619.00000000000","Rotation":0,"NAMOBJ":"Pangkatrejo","WADMKC":"Sugio","WADMKK":"Lamongan"},"geometry":{"type":"Point","coordinates":[112.3,-7.2]}},{"type":"Feature","properties":{"Line":"R120","Tr":2538,"X":"639300.50000000000","Y":"9208606.50000000000","Rotation":0,"NAMOBJ":"Pangkatrejo","WADMKC":"Sugio","WADMKK":"Lamongan"},"geometry":{"type":"Point","coordinates":[112.3,-7.2]}},{"type":"Feature","properties":{"Line":"R120","Tr":2539,"X":"639300.50000000000","Y":"9208594.00000000000","Rotation":0,"NAMOBJ":"Pangkatrejo","WADMKC":"Sugio","WADMKK":"Lamongan"},"geometry":{"type":"Point","coordinates":[112.3,-7.2]}},{"type":"Feature","properties":{"Line":"R120","Tr":2540,"X":"639300.50000000000","Y":"9208581.50000000000","Rotation":0,"NAMOBJ":"Pangkatrejo","WADMKC":"Sugio","WADMKK":"Lamongan"},"geometry":{"type":"Point","coordinates":[112.3,-7.2]}},{"type":"Feature","properties":{"Line":"R120","Tr":2541,"X":"639300.50000000000","Y":"9208569.00000000000","Rotation":0,"NAMOBJ":"Pangkatrejo","WADMKC":"Sugio","WADMKK":"Lamongan"},"geometry":{"type":"Point","coordinates":[112.3,-7.2]}},{"type":"Feature","properties":{"Line":"R120","Tr":2542,"X":"639300.50000000000","Y":"9208556.50000000000","Rotation":0,"NAMOBJ":"Pangkatrejo","WADMKC":"Sugio","WADMKK":"Lamongan"},"geometry":{"type":"Point","coordinates":[112.3,-7.2]}},{"type":"Feature","properties":{"Line":"R120","Tr":2543,"X":"639300.50000000000","Y":"9208544.00000000000","Rotation":0,"NAMOBJ":"Pangkatrejo","WADMKC":"Sugio","WADMKK":"Lamongan"},"geometry":{"type":"Point","coordinates":[112.3,-7.2]}},{"type":"Feature","properties":{"Line":"R120","Tr":2544,"X":"639300.50000000000","Y":"9208531.50000000000","Rotation":0,"NAMOBJ":"Pangkatrejo","WADMKC":"Sugio","WADMKK":"Lamongan"},"geometry":{"type":"Point","coordinates":[112.3,-7.2]}},{"type":"Feature","properties":{"Line":"R120","Tr":2545,"X":"639300.50000000000","Y":"9208519.00000000000","Rotation":0,"NAMOBJ":"Pangkatrejo","WADMKC":"Sugio","WADMKK":"Lamongan"},"geometry":{"type":"Point","coordinates":[112.3,-7.2]}},{"type":"Feature","properties":{"Line":"R120","Tr":2546,"X":"639300.50000000000","Y":"9208506.50000000000","Rotation":0,"NAMOBJ":"Pangkatrejo","WADMKC":"Sugio","WADMKK":"Lamongan"},"geometry":{"type":"Point","coordinates":[112.3,-7.2]}},{"type":"Feature","properties":{"Line":"R120","Tr":2547,"X":"639300.50000000000","Y":"9208494.00000000000","Rotation":0,"NAMOBJ":"Pangkatrejo","WADMKC":"Sugio","WADMKK":"Lamongan"},"geometry":{"type":"Point","coordinates":[112.3,-7.2]}},{"type":"Feature","properties":{"Line":"R120","Tr":2548,"X":"639300.50000000000","Y":"9208481.50000000000","Rotation":0,"NAMOBJ":"Pangkatrejo","WADMKC":"Sugio","WADMKK":"Lamongan"},"geometry":{"type":"Point","coordinates":[112.3,-7.2]}},{"type":"Feature","properties":{"Line":"R120","Tr":2549,"X":"639300.50000000000","Y":"9208469.00000000000","Rotation":0,"NAMOBJ":"Pangkatrejo","WADMKC":"Sugio","WADMKK":"Lamongan"},"geometry":{"type":"Point","coordinates":[112.3,-7.2]}},{"type":"Feature","properties":{"Line":"R120","Tr":2550,"X":"639300.50000000000","Y":"9208456.50000000000","Rotation":0,"NAMOBJ":"Pangkatrejo","WADMKC":"Sugio","WADMKK":"Lamongan"},"geometry":{"type":"Point","coordinates":[112.3,-7.2]}},{"type":"Feature","properties":{"Line":"R120","Tr":2551,"X":"639300.50000000000","Y":"9208444.00000000000","Rotation":0,"NAMOBJ":"Pangkatrejo","WADMKC":"Sugio","WADMKK":"Lamongan"},"geometry":{"type":"Point","coordinates":[112.3,-7.2]}},{"type":"Feature","properties":{"Line":"R120","Tr":2552,"X":"639300.50000000000","Y":"9208431.50000000000","Rotation":0,"NAMOBJ":"Pangkatrejo","WADMKC":"Sugio","WADMKK":"Lamongan"},"geometry":{"type":"Point","coordinates":[112.3,-7.2]}},{"type":"Feature","properties":{"Line":"R120","Tr":2553,"X":"639300.50000000000","Y":"9208419.00000000000","Rotation":0,"NAMOBJ":"Pangkatrejo","WADMKC":"Sugio","WADMKK":"Lamongan"},"geometry":{"type":"Point","coordinates":[112.3,-7.2]}},{"type":"Feature","properties":{"Line":"R120","Tr":2554,"X":"639300.50000000000","Y":"9208406.50000000000","Rotation":0,"NAMOBJ":"Pangkatrejo","WADMKC":"Sugio","WADMKK":"Lamongan"},"geometry":{"type":"Point","coordinates":[112.3,-7.2]}},{"type":"Feature","properties":{"Line":"R120","Tr":2555,"X":"639300.50000000000","Y":"9208394.00000000000","Rotation":0,"NAMOBJ":"Pangkatrejo","WADMKC":"Sugio","WADMKK":"Lamongan"},"geometry":{"type":"Point","coordinates":[112.3,-7.2]}},{"type":"Feature","properties":{"Line":"R120","Tr":2556,"X":"639300.50000000000","Y":"9208381.50000000000","Rotation":0,"NAMOBJ":"Pangkatrejo","WADMKC":"Sugio","WADMKK":"Lamongan"},"geometry":{"type":"Point","coordinates":[112.3,-7.2]}},{"type":"Feature","properties":{"Line":"R120","Tr":2557,"X":"639300.50000000000","Y":"9208369.00000000000","Rotation":0,"NAMOBJ":"Pangkatrejo","WADMKC":"Sugio","WADMKK":"Lamongan"},"geometry":{"type":"Point","coordinates":[112.3,-7.2]}},{"type":"Feature","properties":{"Line":"R120","Tr":2558,"X":"639300.50000000000","Y":"9208356.50000000000","Rotation":0,"NAMOBJ":"Pangkatrejo","WADMKC":"Sugio","WADMKK":"Lamongan"},"geometry":{"type":"Point","coordinates":[112.3,-7.2]}},{"type":"Feature","properties":{"Line":"R120","Tr":2559,"X":"639300.50000000000","Y":"9208344.00000000000","Rotation":0,"NAMOBJ":"Pangkatrejo","WADMKC":"Sugio","WADMKK":"Lamongan"},"geometry":{"type":"Point","coordinates":[112.3,-7.2]}},{"type":"Feature","properties":{"Line":"R120","Tr":2560,"X":"639300.50000000000","Y":"9208331.50000000000","Rotation":0,"NAMOBJ":"Pangkatrejo","WADMKC":"Sugio","WADMKK":"Lamongan"},"geometry":{"type":"Point","coordinates":[112.3,-7.2]}},{"type":"Feature","properties":{"Line":"R120","Tr":2561,"X":"639300.50000000000","Y":"9208319.00000000000","Rotation":0,"NAMOBJ":"Pangkatrejo","WADMKC":"Sugio","WADMKK":"Lamongan"},"geometry":{"type":"Point","coordinates":[112.3,-7.2]}},{"type":"Feature","properties":{"Line":"R120","Tr":2562,"X":"639300.50000000000","Y":"9208306.50000000000","Rotation":0,"NAMOBJ":"Pangkatrejo","WADMKC":"Sugio","WADMKK":"Lamongan"},"geometry":{"type":"Point","coordinates":[112.3,-7.2]}},{"type":"Feature","properties":{"Line":"R120","Tr":2563,"X":"639300.50000000000","Y":"9208294.00000000000","Rotation":0,"NAMOBJ":"Pangkatrejo","WADMKC":"Sugio","WADMKK":"Lamongan"},"geometry":{"type":"Point","coordinates":[112.3,-7.2]}},{"type":"Feature","properties":{"Line":"R120","Tr":2564,"X":"639300.50000000000","Y":"9208281.50000000000","Rotation":0,"NAMOBJ":"Pangkatrejo","WADMKC":"Sugio","WADMKK":"Lamongan"},"geometry":{"type":"Point","coordinates":[112.3,-7.2]}},{"type":"Feature","properties":{"Line":"R120","Tr":2565,"X":"639300.50000000000","Y":"9208269.00000000000","Rotation":0,"NAMOBJ":"Pangkatrejo","WADMKC":"Sugio","WADMKK":"Lamongan"},"geometry":{"type":"Point","coordinates":[112.3,-7.2]}},{"type":"Feature","properties":{"Line":"R120","Tr":2566,"X":"639300.50000000000","Y":"9208256.50000000000","Rotation":0,"NAMOBJ":"Pangkatrejo","WADMKC":"Sugio","WADMKK":"Lamongan"},"geometry":{"type":"Point","coordinates":[112.3,-7.2]}},{"type":"Feature","properties":{"Line":"R120","Tr":2567,"X":"639300.50000000000","Y":"9208244.00000000000","Rotation":0,"NAMOBJ":"Pangkatrejo","WADMKC":"Sugio","WADMKK":"Lamongan"},"geometry":{"type":"Point","coordinates":[112.3,-7.2]}},{"type":"Feature","properties":{"Line":"R120","Tr":2568,"X":"639300.50000000000","Y":"9208231.50000000000","Rotation":0,"NAMOBJ":"Pangkatrejo","WADMKC":"Sugio","WADMKK":"Lamongan"},"geometry":{"type":"Point","coordinates":[112.3,-7.2]}},{"type":"Feature","properties":{"Line":"R120","Tr":2569,"X":"639300.50000000000","Y":"9208219.00000000000","Rotation":0,"NAMOBJ":"Pangkatrejo","WADMKC":"Sugio","WADMKK":"Lamongan"},"geometry":{"type":"Point","coordinates":[112.3,-7.2]}},{"type":"Feature","properties":{"Line":"R120","Tr":2570,"X":"639300.50000000000","Y":"9208206.50000000000","Rotation":0,"NAMOBJ":"Pangkatrejo","WADMKC":"Sugio","WADMKK":"Lamongan"},"geometry":{"type":"Point","coordinates":[112.3,-7.2]}},{"type":"Feature","properties":{"Line":"R120","Tr":2571,"X":"639300.50000000000","Y":"9208194.00000000000","Rotation":0,"NAMOBJ":"Pangkatrejo","WADMKC":"Sugio","WADMKK":"Lamongan"},"geometry":{"type":"Point","coordinates":[112.3,-7.2]}},{"type":"Feature","properties":{"Line":"R120","Tr":2572,"X":"639300.50000000000","Y":"9208181.50000000000","Rotation":0,"NAMOBJ":"Pangkatrejo","WADMKC":"Sugio","WADMKK":"Lamongan"},"geometry":{"type":"Point","coordinates":[112.3,-7.2]}},{"type":"Feature","properties":{"Line":"R120","Tr":2573,"X":"639300.50000000000","Y":"9208169.00000000000","Rotation":0,"NAMOBJ":"Pangkatrejo","WADMKC":"Sugio","WADMKK":"Lamongan"},"geometry":{"type":"Point","coordinates":[112.3,-7.2]}},{"type":"Feature","properties":{"Line":"R120","Tr":2574,"X":"639300.50000000000","Y":"9208156.50000000000","Rotation":0,"NAMOBJ":"Pangkatrejo","WADMKC":"Sugio","WADMKK":"Lamongan"},"geometry":{"type":"Point","coordinates":[112.3,-7.2]}},{"type":"Feature","properties":{"Line":"R120","Tr":2575,"X":"639300.50000000000","Y":"9208144.00000000000","Rotation":0,"NAMOBJ":"Pangkatrejo","WADMKC":"Sugio","WADMKK":"Lamongan"},"geometry":{"type":"Point","coordinates":[112.3,-7.2]}},{"type":"Feature","properties":{"Line":"R120","Tr":2576,"X":"639300.50000000000","Y":"9208131.50000000000","Rotation":0,"NAMOBJ":"Pangkatrejo","WADMKC":"Sugio","WADMKK":"Lamongan"},"geometry":{"type":"Point","coordinates":[112.3,-7.2]}},{"type":"Feature","properties":{"Line":"R120","Tr":2577,"X":"639300.50000000000","Y":"9208119.00000000000","Rotation":0,"NAMOBJ":"Pangkatrejo","WADMKC":"Sugio","WADMKK":"Lamongan"},"geometry":{"type":"Point","coordinates":[112.3,-7.2]}},{"type":"Feature","properties":{"Line":"R120","Tr":2578,"X":"639300.50000000000","Y":"9208106.50000000000","Rotation":0,"NAMOBJ":"Pangkatrejo","WADMKC":"Sugio","WADMKK":"Lamongan"},"geometry":{"type":"Point","coordinates":[112.3,-7.2]}},{"type":"Feature","properties":{"Line":"R120","Tr":2579,"X":"639300.50000000000","Y":"9208094.00000000000","Rotation":0,"NAMOBJ":"Pangkatrejo","WADMKC":"Sugio","WADMKK":"Lamongan"},"geometry":{"type":"Point","coordinates":[112.3,-7.2]}},{"type":"Feature","properties":{"Line":"R120","Tr":2580,"X":"639300.50000000000","Y":"9208081.50000000000","Rotation":0,"NAMOBJ":"Pangkatrejo","WADMKC":"Sugio","WADMKK":"Lamongan"},"geometry":{"type":"Point","coordinates":[112.3,-7.2]}},{"type":"Feature","properties":{"Line":"R120","Tr":2581,"X":"639300.50000000000","Y":"9208069.00000000000","Rotation":0,"NAMOBJ":"Pangkatrejo","WADMKC":"Sugio","WADMKK":"Lamongan"},"geometry":{"type":"Point","coordinates":[112.3,-7.2]}},{"type":"Feature","properties":{"Line":"R120","Tr":2582,"X":"639300.50000000000","Y":"9208056.50000000000","Rotation":0,"NAMOBJ":"Pangkatrejo","WADMKC":"Sugio","WADMKK":"Lamongan"},"geometry":{"type":"Point","coordinates":[112.3,-7.2]}},{"type":"Feature","properties":{"Line":"R120","Tr":2583,"X":"639300.50000000000","Y":"9208044.00000000000","Rotation":0,"NAMOBJ":"Pangkatrejo","WADMKC":"Sugio","WADMKK":"Lamongan"},"geometry":{"type":"Point","coordinates":[112.3,-7.2]}},{"type":"Feature","properties":{"Line":"R120","Tr":2584,"X":"639300.50000000000","Y":"9208031.50000000000","Rotation":0,"NAMOBJ":"Pangkatrejo","WADMKC":"Sugio","WADMKK":"Lamongan"},"geometry":{"type":"Point","coordinates":[112.3,-7.2]}},{"type":"Feature","properties":{"Line":"R122","Tr":2528,"X":"640300.50000000000","Y":"9209281.58999999985","Rotation":0,"NAMOBJ":"Pangkatrejo","WADMKC":"Sugio","WADMKK":"Lamongan"},"geometry":{"type":"Point","coordinates":[112.3,-7.2]}},{"type":"Feature","properties":{"Line":"R122","Tr":2529,"X":"640300.50000000000","Y":"9209269.00000000000","Rotation":0,"NAMOBJ":"Pangkatrejo","WADMKC":"Sugio","WADMKK":"Lamongan"},"geometry":{"type":"Point","coordinates":[112.3,-7.2]}},{"type":"Feature","properties":{"Line":"R122","Tr":2530,"X":"640300.50000000000","Y":"9209256.58999999985","Rotation":0,"NAMOBJ":"Pangkatrejo","WADMKC":"Sugio","WADMKK":"Lamongan"},"geometry":{"type":"Point","coordinates":[112.3,-7.2]}},{"type":"Feature","properties":{"Line":"R122","Tr":2531,"X":"640300.50000000000","Y":"9209244.00000000000","Rotation":0,"NAMOBJ":"Pangkatrejo","WADMKC":"Sugio","WADMKK":"Lamongan"},"geometry":{"type":"Point","coordinates":[112.3,-7.2]}},{"type":"Feature","properties":{"Line":"R122","Tr":2532,"X":"640300.50000000000","Y":"9209231.58999999985","Rotation":0,"NAMOBJ":"Pangkatrejo","WADMKC":"Sugio","WADMKK":"Lamongan"},"geometry":{"type":"Point","coordinates":[112.3,-7.2]}},{"type":"Feature","properties":{"Line":"R122","Tr":2533,"X":"640300.50000000000","Y":"9209219.00000000000","Rotation":0,"NAMOBJ":"Pangkatrejo","WADMKC":"Sugio","WADMKK":"Lamongan"},"geometry":{"type":"Point","coordinates":[112.3,-7.2]}},{"type":"Feature","properties":{"Line":"R122","Tr":2534,"X":"640300.50000000000","Y":"9209206.58999999985","Rotation":0,"NAMOBJ":"Pangkatrejo","WADMKC":"Sugio","WADMKK":"Lamongan"},"geometry":{"type":"Point","coordinates":[112.3,-7.2]}},{"type":"Feature","properties":{"Line":"R122","Tr":2535,"X":"640300.50000000000","Y":"9209194.00000000000","Rotation":0,"NAMOBJ":"Pangkatrejo","WADMKC":"Sugio","WADMKK":"Lamongan"},"geometry":{"type":"Point","coordinates":[112.3,-7.2]}},{"type":"Feature","properties":{"Line":"R122","Tr":2536,"X":"640300.50000000000","Y":"9209181.58999999985","Rotation":0,"NAMOBJ":"Pangkatrejo","WADMKC":"Sugio","WADMKK":"Lamongan"},"geometry":{"type":"Point","coordinates":[112.3,-7.2]}},{"type":"Feature","properties":{"Line":"R122","Tr":2537,"X":"640300.50000000000","Y":"9209169.00000000000","Rotation":0,"NAMOBJ":"Pangkatrejo","WADMKC":"Sugio","WADMKK":"Lamongan"},"geometry":{"type":"Point","coordinates":[112.3,-7.2]}},{"type":"Feature","properties":{"Line":"R122","Tr":2538,"X":"640300.50000000000","Y":"9209156.58999999985","Rotation":0,"NAMOBJ":"Pangkatrejo","WADMKC":"Sugio","WADMKK":"Lamongan"},"geometry":{"type":"Point","coordinates":[112.3,-7.2]}},{"type":"Feature","properties":{"Line":"R122","Tr":2539,"X":"640300.50000000000","Y":"9209144.00000000000","Rotation":0,"NAMOBJ":"Pangkatrejo","WADMKC":"Sugio","WADMKK":"Lamongan"},"geometry":{"type":"Point","coordinates":[112.3,-7.2]}},{"type":"Feature","properties":{"Line":"R122","Tr":2540,"X":"640300.50000000000","Y":"9209131.58999999985","Rotation":0,"NAMOBJ":"Pangkatrejo","WADMKC":"Sugio","WADMKK":"Lamongan"},"geometry":{"type":"Point","coordinates":[112.3,-7.2]}},{"type":"Feature","properties":{"Line":"R122","Tr":2541,"X":"640300.50000000000","Y":"9209119.00000000000","Rotation":0,"NAMOBJ":"Pangkatrejo","WADMKC":"Sugio","WADMKK":"Lamongan"},"geometry":{"type":"Point","coordinates":[112.3,-7.2]}},{"type":"Feature","properties":{"Line":"R122","Tr":2542,"X":"640300.50000000000","Y":"9209106.58999999985","Rotation":0,"NAMOBJ":"Pangkatrejo","WADMKC":"Sugio","WADMKK":"Lamongan"},"geometry":{"type":"Point","coordinates":[112.3,-7.2]}},{"type":"Feature","properties":{"Line":"R122","Tr":2543,"X":"640300.50000000000","Y":"9209094.00000000000","Rotation":0,"NAMOBJ":"Pangkatrejo","WADMKC":"Sugio","WADMKK":"Lamongan"},"geometry":{"type":"Point","coordinates":[112.3,-7.2]}},{"type":"Feature","properties":{"Line":"R122","Tr":2544,"X":"640300.50000000000","Y":"9209081.58999999985","Rotation":0,"NAMOBJ":"Pangkatrejo","WADMKC":"Sugio","WADMKK":"Lamongan"},"geometry":{"type":"Point","coordinates":[112.3,-7.2]}},{"type":"Feature","properties":{"Line":"R122","Tr":2545,"X":"640300.50000000000","Y":"9209069.00000000000","Rotation":0,"NAMOBJ":"Pangkatrejo","WADMKC":"Sugio","WADMKK":"Lamongan"},"geometry":{"type":"Point","coordinates":[112.3,-7.2]}},{"type":"Feature","properties":{"Line":"R122","Tr":2546,"X":"640300.50000000000","Y":"9209056.58999999985","Rotation":0,"NAMOBJ":"Pangkatrejo","WADMKC":"Sugio","WADMKK":"Lamongan"},"geometry":{"type":"Point","coordinates":[112.3,-7.2]}},{"type":"Feature","properties":{"Line":"R122","Tr":2547,"X":"640300.50000000000","Y":"9209044.00000000000","Rotation":0,"NAMOBJ":"Pangkatrejo","WADMKC":"Sugio","WADMKK":"Lamongan"},"geometry":{"type":"Point","coordinates":[112.3,-7.2]}},{"type":"Feature","properties":{"Line":"R122","Tr":2548,"X":"640300.50000000000","Y":"9209031.58999999985","Rotation":0,"NAMOBJ":"Pangkatrejo","WADMKC":"Sugio","WADMKK":"Lamongan"},"geometry":{"type":"Point","coordinates":[112.3,-7.2]}},{"type":"Feature","properties":{"Line":"R122","Tr":2549,"X":"640300.50000000000","Y":"9209019.00000000000","Rotation":0,"NAMOBJ":"Pangkatrejo","WADMKC":"Sugio","WADMKK":"Lamongan"},"geometry":{"type":"Point","coordinates":[112.3,-7.2]}},{"type":"Feature","properties":{"Line":"R122","Tr":2550,"X":"640300.50000000000","Y":"9209006.58999999985","Rotation":0,"NAMOBJ":"Pangkatrejo","WADMKC":"Sugio","WADMKK":"Lamongan"},"geometry":{"type":"Point","coordinates":[112.3,-7.2]}},{"type":"Feature","properties":{"Line":"R122","Tr":2551,"X":"640300.50000000000","Y":"9208994.00000000000","Rotation":0,"NAMOBJ":"Pangkatrejo","WADMKC":"Sugio","WADMKK":"Lamongan"},"geometry":{"type":"Point","coordinates":[112.3,-7.2]}},{"type":"Feature","properties":{"Line":"R122","Tr":2552,"X":"640300.50000000000","Y":"9208981.58999999985","Rotation":0,"NAMOBJ":"Pangkatrejo","WADMKC":"Sugio","WADMKK":"Lamongan"},"geometry":{"type":"Point","coordinates":[112.3,-7.2]}},{"type":"Feature","properties":{"Line":"R122","Tr":2553,"X":"640300.50000000000","Y":"9208969.00000000000","Rotation":0,"NAMOBJ":"Pangkatrejo","WADMKC":"Sugio","WADMKK":"Lamongan"},"geometry":{"type":"Point","coordinates":[112.3,-7.2]}},{"type":"Feature","properties":{"Line":"R122","Tr":2554,"X":"640300.50000000000","Y":"9208956.58999999985","Rotation":0,"NAMOBJ":"Pangkatrejo","WADMKC":"Sugio","WADMKK":"Lamongan"},"geometry":{"type":"Point","coordinates":[112.3,-7.2]}},{"type":"Feature","properties":{"Line":"R122","Tr":2555,"X":"640300.50000000000","Y":"9208944.00000000000","Rotation":0,"NAMOBJ":"Pangkatrejo","WADMKC":"Sugio","WADMKK":"Lamongan"},"geometry":{"type":"Point","coordinates":[112.3,-7.2]}},{"type":"Feature","properties":{"Line":"R122","Tr":2556,"X":"640300.50000000000","Y":"9208931.58999999985","Rotation":0,"NAMOBJ":"Pangkatrejo","WADMKC":"Sugio","WADMKK":"Lamongan"},"geometry":{"type":"Point","coordinates":[112.3,-7.2]}},{"type":"Feature","properties":{"Line":"R122","Tr":2557,"X":"640300.50000000000","Y":"9208919.00000000000","Rotation":0,"NAMOBJ":"Pangkatrejo","WADMKC":"Sugio","WADMKK":"Lamongan"},"geometry":{"type":"Point","coordinates":[112.3,-7.2]}},{"type":"Feature","properties":{"Line":"R122","Tr":2558,"X":"640300.50000000000","Y":"9208906.58999999985","Rotation":0,"NAMOBJ":"Pangkatrejo","WADMKC":"Sugio","WADMKK":"Lamongan"},"geometry":{"type":"Point","coordinates":[112.3,-7.2]}},{"type":"Feature","properties":{"Line":"R122","Tr":2559,"X":"640300.50000000000","Y":"9208894.00000000000","Rotation":0,"NAMOBJ":"Pangkatrejo","WADMKC":"Sugio","WADMKK":"Lamongan"},"geometry":{"type":"Point","coordinates":[112.3,-7.2]}},{"type":"Feature","properties":{"Line":"R122","Tr":2560,"X":"640300.50000000000","Y":"9208881.58999999985","Rotation":0,"NAMOBJ":"Pangkatrejo","WADMKC":"Sugio","WADMKK":"Lamongan"},"geometry":{"type":"Point","coordinates":[112.3,-7.2]}},{"type":"Feature","properties":{"Line":"R122","Tr":2561,"X":"640300.50000000000","Y":"9208869.00000000000","Rotation":0,"NAMOBJ":"Pangkatrejo","WADMKC":"Sugio","WADMKK":"Lamongan"},"geometry":{"type":"Point","coordinates":[112.3,-7.2]}},{"type":"Feature","properties":{"Line":"R122","Tr":2562,"X":"640300.50000000000","Y":"9208856.58999999985","Rotation":0,"NAMOBJ":"Pangkatrejo","WADMKC":"Sugio","WADMKK":"Lamongan"},"geometry":{"type":"Point","coordinates":[112.3,-7.2]}},{"type":"Feature","properties":{"Line":"R122","Tr":2563,"X":"640300.50000000000","Y":"9208844.00000000000","Rotation":0,"NAMOBJ":"Pangkatrejo","WADMKC":"Sugio","WADMKK":"Lamongan"},"geometry":{"type":"Point","coordinates":[112.3,-7.2]}},{"type":"Feature","properties":{"Line":"R122","Tr":2564,"X":"640300.50000000000","Y":"9208831.58999999985","Rotation":0,"NAMOBJ":"Pangkatrejo","WADMKC":"Sugio","WADMKK":"Lamongan"},"geometry":{"type":"Point","coordinates":[112.3,-7.2]}},{"type":"Feature","properties":{"Line":"R122","Tr":2565,"X":"640300.50000000000","Y":"9208819.00000000000","Rotation":0,"NAMOBJ":"Pangkatrejo","WADMKC":"Sugio","WADMKK":"Lamongan"},"geometry":{"type":"Point","coordinates":[112.3,-7.2]}},{"type":"Feature","properties":{"Line":"R122","Tr":2566,"X":"640300.50000000000","Y":"9208806.58999999985","Rotation":0,"NAMOBJ":"Pangkatrejo","WADMKC":"Sugio","WADMKK":"Lamongan"},"geometry":{"type":"Point","coordinates":[112.3,-7.2]}},{"type":"Feature","properties":{"Line":"R122","Tr":2567,"X":"640300.50000000000","Y":"9208794.00000000000","Rotation":0,"NAMOBJ":"Pangkatrejo","WADMKC":"Sugio","WADMKK":"Lamongan"},"geometry":{"type":"Point","coordinates":[112.3,-7.2]}},{"type":"Feature","properties":{"Line":"R122","Tr":2568,"X":"640300.50000000000","Y":"9208781.50000000000","Rotation":0,"NAMOBJ":"Pangkatrejo","WADMKC":"Sugio","WADMKK":"Lamongan"},"geometry":{"type":"Point","coordinates":[112.3,-7.2]}},{"type":"Feature","properties":{"Line":"R122","Tr":2569,"X":"640300.50000000000","Y":"9208769.00000000000","Rotation":0,"NAMOBJ":"Pangkatrejo","WADMKC":"Sugio","WADMKK":"Lamongan"},"geometry":{"type":"Point","coordinates":[112.3,-7.2]}},{"type":"Feature","properties":{"Line":"R122","Tr":2570,"X":"640300.50000000000","Y":"9208756.50000000000","Rotation":0,"NAMOBJ":"Pangkatrejo","WADMKC":"Sugio","WADMKK":"Lamongan"},"geometry":{"type":"Point","coordinates":[112.3,-7.2]}},{"type":"Feature","properties":{"Line":"R122","Tr":2571,"X":"640300.50000000000","Y":"9208744.00000000000","Rotation":0,"NAMOBJ":"Pangkatrejo","WADMKC":"Sugio","WADMKK":"Lamongan"},"geometry":{"type":"Point","coordinates":[112.3,-7.2]}},{"type":"Feature","properties":{"Line":"R122","Tr":2572,"X":"640300.50000000000","Y":"9208731.50000000000","Rotation":0,"NAMOBJ":"Pangkatrejo","WADMKC":"Sugio","WADMKK":"Lamongan"},"geometry":{"type":"Point","coordinates":[112.3,-7.2]}},{"type":"Feature","properties":{"Line":"R122","Tr":2573,"X":"640300.50000000000","Y":"9208719.00000000000","Rotation":0,"NAMOBJ":"Pangkatrejo","WADMKC":"Sugio","WADMKK":"Lamongan"},"geometry":{"type":"Point","coordinates":[112.3,-7.2]}},{"type":"Feature","properties":{"Line":"R122","Tr":2574,"X":"640300.50000000000","Y":"9208706.50000000000","Rotation":0,"NAMOBJ":"Pangkatrejo","WADMKC":"Sugio","WADMKK":"Lamongan"},"geometry":{"type":"Point","coordinates":[112.3,-7.2]}},{"type":"Feature","properties":{"Line":"R122","Tr":2575,"X":"640300.50000000000","Y":"9208694.00000000000","Rotation":0,"NAMOBJ":"Pangkatrejo","WADMKC":"Sugio","WADMKK":"Lamongan"},"geometry":{"type":"Point","coordinates":[112.3,-7.2]}},{"type":"Feature","properties":{"Line":"R122","Tr":2576,"X":"640300.50000000000","Y":"9208681.50000000000","Rotation":0,"NAMOBJ":"Pangkatrejo","WADMKC":"Sugio","WADMKK":"Lamongan"},"geometry":{"type":"Point","coordinates":[112.3,-7.2]}},{"type":"Feature","properties":{"Line":"R122","Tr":2577,"X":"640300.50000000000","Y":"9208669.00000000000","Rotation":0,"NAMOBJ":"Pangkatrejo","WADMKC":"Sugio","WADMKK":"Lamongan"},"geometry":{"type":"Point","coordinates":[112.3,-7.2]}},{"type":"Feature","properties":{"Line":"R122","Tr":2578,"X":"640300.50000000000","Y":"9208656.50000000000","Rotation":0,"NAMOBJ":"Pangkatrejo","WADMKC":"Sugio","WADMKK":"Lamongan"},"geometry":{"type":"Point","coordinates":[112.3,-7.2]}},{"type":"Feature","properties":{"Line":"R122","Tr":2579,"X":"640300.50000000000","Y":"9208644.00000000000","Rotation":0,"NAMOBJ":"Pangkatrejo","WADMKC":"Sugio","WADMKK":"Lamongan"},"geometry":{"type":"Point","coordinates":[112.3,-7.2]}},{"type":"Feature","properties":{"Line":"R122","Tr":2580,"X":"640300.50000000000","Y":"9208631.50000000000","Rotation":0,"NAMOBJ":"Pangkatrejo","WADMKC":"Sugio","WADMKK":"Lamongan"},"geometry":{"type":"Point","coordinates":[112.3,-7.2]}},{"type":"Feature","properties":{"Line":"R122","Tr":2581,"X":"640300.50000000000","Y":"9208619.00000000000","Rotation":0,"NAMOBJ":"Pangkatrejo","WADMKC":"Sugio","WADMKK":"Lamongan"},"geometry":{"type":"Point","coordinates":[112.3,-7.2]}},{"type":"Feature","properties":{"Line":"R122","Tr":2582,"X":"640300.50000000000","Y":"9208606.50000000000","Rotation":0,"NAMOBJ":"Pangkatrejo","WADMKC":"Sugio","WADMKK":"Lamongan"},"geometry":{"type":"Point","coordinates":[112.3,-7.2]}},{"type":"Feature","properties":{"Line":"R122","Tr":2583,"X":"640300.50000000000","Y":"9208594.00000000000","Rotation":0,"NAMOBJ":"Pangkatrejo","WADMKC":"Sugio","WADMKK":"Lamongan"},"geometry":{"type":"Point","coordinates":[112.3,-7.2]}},{"type":"Feature","properties":{"Line":"R122","Tr":2584,"X":"640300.50000000000","Y":"9208581.50000000000","Rotation":0,"NAMOBJ":"Pangkatrejo","WADMKC":"Sugio","WADMKK":"Lamongan"},"geometry":{"type":"Point","coordinates":[112.3,-7.2]}},{"type":"Feature","properties":{"Line":"R122","Tr":2585,"X":"640300.50000000000","Y":"9208569.00000000000","Rotation":0,"NAMOBJ":"Pangkatrejo","WADMKC":"Sugio","WADMKK":"Lamongan"},"geometry":{"type":"Point","coordinates":[112.3,-7.2]}},{"type":"Feature","properties":{"Line":"R122","Tr":2586,"X":"640300.50000000000","Y":"9208556.50000000000","Rotation":0,"NAMOBJ":"Pangkatrejo","WADMKC":"Sugio","WADMKK":"Lamongan"},"geometry":{"type":"Point","coordinates":[112.3,-7.2]}},{"type":"Feature","properties":{"Line":"R122","Tr":2587,"X":"640300.50000000000","Y":"9208544.00000000000","Rotation":0,"NAMOBJ":"Pangkatrejo","WADMKC":"Sugio","WADMKK":"Lamongan"},"geometry":{"type":"Point","coordinates":[112.3,-7.2]}},{"type":"Feature","properties":{"Line":"R122","Tr":2588,"X":"640300.50000000000","Y":"9208531.50000000000","Rotation":0,"NAMOBJ":"Pangkatrejo","WADMKC":"Sugio","WADMKK":"Lamongan"},"geometry":{"type":"Point","coordinates":[112.3,-7.2]}},{"type":"Feature","properties":{"Line":"R122","Tr":2589,"X":"640300.50000000000","Y":"9208519.00000000000","Rotation":0,"NAMOBJ":"Pangkatrejo","WADMKC":"Sugio","WADMKK":"Lamongan"},"geometry":{"type":"Point","coordinates":[112.3,-7.2]}},{"type":"Feature","properties":{"Line":"R122","Tr":2590,"X":"640300.50000000000","Y":"9208506.50000000000","Rotation":0,"NAMOBJ":"Pangkatrejo","WADMKC":"Sugio","WADMKK":"Lamongan"},"geometry":{"type":"Point","coordinates":[112.3,-7.2]}},{"type":"Feature","properties":{"Line":"R122","Tr":2591,"X":"640300.50000000000","Y":"9208494.00000000000","Rotation":0,"NAMOBJ":"Pangkatrejo","WADMKC":"Sugio","WADMKK":"Lamongan"},"geometry":{"type":"Point","coordinates":[112.3,-7.2]}},{"type":"Feature","properties":{"Line":"R122","Tr":2592,"X":"640300.50000000000","Y":"9208481.50000000000","Rotation":0,"NAMOBJ":"Pangkatrejo","WADMKC":"Sugio","WADMKK":"Lamongan"},"geometry":{"type":"Point","coordinates":[112.3,-7.2]}},{"type":"Feature","properties":{"Line":"R122","Tr":2593,"X":"640300.50000000000","Y":"9208469.00000000000","Rotation":0,"NAMOBJ":"Pangkatrejo","WADMKC":"Sugio","WADMKK":"Lamongan"},"geometry":{"type":"Point","coordinates":[112.3,-7.2]}},{"type":"Feature","properties":{"Line":"R122","Tr":2594,"X":"640300.50000000000","Y":"9208456.50000000000","Rotation":0,"NAMOBJ":"Pangkatrejo","WADMKC":"Sugio","WADMKK":"Lamongan"},"geometry":{"type":"Point","coordinates":[112.3,-7.2]}},{"type":"Feature","properties":{"Line":"R122","Tr":2595,"X":"640300.50000000000","Y":"9208444.00000000000","Rotation":0,"NAMOBJ":"Pangkatrejo","WADMKC":"Sugio","WADMKK":"Lamongan"},"geometry":{"type":"Point","coordinates":[112.3,-7.2]}},{"type":"Feature","properties":{"Line":"R122","Tr":2596,"X":"640300.50000000000","Y":"9208431.50000000000","Rotation":0,"NAMOBJ":"Pangkatrejo","WADMKC":"Sugio","WADMKK":"Lamongan"},"geometry":{"type":"Point","coordinates":[112.3,-7.2]}},{"type":"Feature","properties":{"Line":"R122","Tr":2597,"X":"640300.50000000000","Y":"9208419.00000000000","Rotation":0,"NAMOBJ":"Pangkatrejo","WADMKC":"Sugio","WADMKK":"Lamongan"},"geometry":{"type":"Point","coordinates":[112.3,-7.2]}},{"type":"Feature","properties":{"Line":"R122","Tr":2598,"X":"640300.50000000000","Y":"9208406.50000000000","Rotation":0,"NAMOBJ":"Pangkatrejo","WADMKC":"Sugio","WADMKK":"Lamongan"},"geometry":{"type":"Point","coordinates":[112.3,-7.2]}},{"type":"Feature","properties":{"Line":"R122","Tr":2599,"X":"640300.50000000000","Y":"9208394.00000000000","Rotation":0,"NAMOBJ":"Pangkatrejo","WADMKC":"Sugio","WADMKK":"Lamongan"},"geometry":{"type":"Point","coordinates":[112.3,-7.2]}},{"type":"Feature","properties":{"Line":"R122","Tr":2600,"X":"640300.50000000000","Y":"9208381.50000000000","Rotation":0,"NAMOBJ":"Pangkatrejo","WADMKC":"Sugio","WADMKK":"Lamongan"},"geometry":{"type":"Point","coordinates":[112.3,-7.2]}},{"type":"Feature","properties":{"Line":"R122","Tr":2601,"X":"640300.50000000000","Y":"9208369.00000000000","Rotation":0,"NAMOBJ":"Pangkatrejo","WADMKC":"Sugio","WADMKK":"Lamongan"},"geometry":{"type":"Point","coordinates":[112.3,-7.2]}},{"type":"Feature","properties":{"Line":"R122","Tr":2602,"X":"640300.50000000000","Y":"9208356.50000000000","Rotation":0,"NAMOBJ":"Pangkatrejo","WADMKC":"Sugio","WADMKK":"Lamongan"},"geometry":{"type":"Point","coordinates":[112.3,-7.2]}},{"type":"Feature","properties":{"Line":"R122","Tr":2603,"X":"640300.50000000000","Y":"9208344.00000000000","Rotation":0,"NAMOBJ":"Pangkatrejo","WADMKC":"Sugio","WADMKK":"Lamongan"},"geometry":{"type":"Point","coordinates":[112.3,-7.2]}},{"type":"Feature","properties":{"Line":"R122","Tr":2604,"X":"640300.50000000000","Y":"9208331.50000000000","Rotation":0,"NAMOBJ":"Pangkatrejo","WADMKC":"Sugio","WADMKK":"Lamongan"},"geometry":{"type":"Point","coordinates":[112.3,-7.2]}},{"type":"Feature","properties":{"Line":"R122","Tr":2605,"X":"640300.50000000000","Y":"9208319.00000000000","Rotation":0,"NAMOBJ":"Pangkatrejo","WADMKC":"Sugio","WADMKK":"Lamongan"},"geometry":{"type":"Point","coordinates":[112.3,-7.2]}},{"type":"Feature","properties":{"Line":"R122","Tr":2606,"X":"640300.50000000000","Y":"9208306.50000000000","Rotation":0,"NAMOBJ":"Pangkatrejo","WADMKC":"Sugio","WADMKK":"Lamongan"},"geometry":{"type":"Point","coordinates":[112.3,-7.2]}},{"type":"Feature","properties":{"Line":"R122","Tr":2607,"X":"640300.50000000000","Y":"9208294.00000000000","Rotation":0,"NAMOBJ":"Pangkatrejo","WADMKC":"Sugio","WADMKK":"Lamongan"},"geometry":{"type":"Point","coordinates":[112.3,-7.2]}},{"type":"Feature","properties":{"Line":"R122","Tr":2608,"X":"640300.50000000000","Y":"9208281.50000000000","Rotation":0,"NAMOBJ":"Pangkatrejo","WADMKC":"Sugio","WADMKK":"Lamongan"},"geometry":{"type":"Point","coordinates":[112.3,-7.2]}},{"type":"Feature","properties":{"Line":"R122","Tr":2609,"X":"640300.50000000000","Y":"9208269.00000000000","Rotation":0,"NAMOBJ":"Pangkatrejo","WADMKC":"Sugio","WADMKK":"Lamongan"},"geometry":{"type":"Point","coordinates":[112.3,-7.2]}},{"type":"Feature","properties":{"Line":"R122","Tr":2610,"X":"640300.50000000000","Y":"9208256.50000000000","Rotation":0,"NAMOBJ":"Pangkatrejo","WADMKC":"Sugio","WADMKK":"Lamongan"},"geometry":{"type":"Point","coordinates":[112.3,-7.2]}},{"type":"Feature","properties":{"Line":"R122","Tr":2611,"X":"640300.50000000000","Y":"9208244.00000000000","Rotation":0,"NAMOBJ":"Pangkatrejo","WADMKC":"Sugio","WADMKK":"Lamongan"},"geometry":{"type":"Point","coordinates":[112.3,-7.2]}},{"type":"Feature","properties":{"Line":"R122","Tr":2612,"X":"640300.50000000000","Y":"9208231.50000000000","Rotation":0,"NAMOBJ":"Pangkatrejo","WADMKC":"Sugio","WADMKK":"Lamongan"},"geometry":{"type":"Point","coordinates":[112.3,-7.2]}},{"type":"Feature","properties":{"Line":"R122","Tr":2613,"X":"640300.50000000000","Y":"9208219.00000000000","Rotation":0,"NAMOBJ":"Pangkatrejo","WADMKC":"Sugio","WADMKK":"Lamongan"},"geometry":{"type":"Point","coordinates":[112.3,-7.2]}},{"type":"Feature","properties":{"Line":"R122","Tr":2614,"X":"640300.50000000000","Y":"9208206.50000000000","Rotation":0,"NAMOBJ":"Pangkatrejo","WADMKC":"Sugio","WADMKK":"Lamongan"},"geometry":{"type":"Point","coordinates":[112.3,-7.2]}},{"type":"Feature","properties":{"Line":"R122","Tr":2615,"X":"640300.50000000000","Y":"9208194.00000000000","Rotation":0,"NAMOBJ":"Pangkatrejo","WADMKC":"Sugio","WADMKK":"Lamongan"},"geometry":{"type":"Point","coordinates":[112.3,-7.2]}},{"type":"Feature","properties":{"Line":"R122","Tr":2616,"X":"640300.50000000000","Y":"9208181.50000000000","Rotation":0,"NAMOBJ":"Pangkatrejo","WADMKC":"Sugio","WADMKK":"Lamongan"},"geometry":{"type":"Point","coordinates":[112.3,-7.2]}},{"type":"Feature","properties":{"Line":"R122","Tr":2617,"X":"640300.50000000000","Y":"9208169.00000000000","Rotation":0,"NAMOBJ":"Pangkatrejo","WADMKC":"Sugio","WADMKK":"Lamongan"},"geometry":{"type":"Point","coordinates":[112.3,-7.2]}},{"type":"Feature","properties":{"Line":"R122","Tr":2618,"X":"640300.50000000000","Y":"9208156.50000000000","Rotation":0,"NAMOBJ":"Pangkatrejo","WADMKC":"Sugio","WADMKK":"Lamongan"},"geometry":{"type":"Point","coordinates":[112.3,-7.2]}},{"type":"Feature","properties":{"Line":"R122","Tr":2619,"X":"640300.50000000000","Y":"9208144.00000000000","Rotation":0,"NAMOBJ":"Pangkatrejo","WADMKC":"Sugio","WADMKK":"Lamongan"},"geometry":{"type":"Point","coordinates":[112.3,-7.2]}},{"type":"Feature","properties":{"Line":"R122","Tr":2620,"X":"640300.50000000000","Y":"9208131.50000000000","Rotation":0,"NAMOBJ":"Pangkatrejo","WADMKC":"Sugio","WADMKK":"Lamongan"},"geometry":{"type":"Point","coordinates":[112.3,-7.2]}},{"type":"Feature","properties":{"Line":"R122","Tr":2621,"X":"640300.50000000000","Y":"9208119.00000000000","Rotation":0,"NAMOBJ":"Pangkatrejo","WADMKC":"Sugio","WADMKK":"Lamongan"},"geometry":{"type":"Point","coordinates":[112.3,-7.2]}},{"type":"Feature","properties":{"Line":"R122","Tr":2622,"X":"640300.50000000000","Y":"9208106.50000000000","Rotation":0,"NAMOBJ":"Pangkatrejo","WADMKC":"Sugio","WADMKK":"Lamongan"},"geometry":{"type":"Point","coordinates":[112.3,-7.2]}},{"type":"Feature","properties":{"Line":"R122","Tr":2623,"X":"640300.50000000000","Y":"9208094.00000000000","Rotation":0,"NAMOBJ":"Pangkatrejo","WADMKC":"Sugio","WADMKK":"Lamongan"},"geometry":{"type":"Point","coordinates":[112.3,-7.2]}},{"type":"Feature","properties":{"Line":"R122","Tr":2624,"X":"640300.50000000000","Y":"9208081.50000000000","Rotation":0,"NAMOBJ":"Pangkatrejo","WADMKC":"Sugio","WADMKK":"Lamongan"},"geometry":{"type":"Point","coordinates":[112.3,-7.2]}},{"type":"Feature","properties":{"Line":"R122","Tr":2625,"X":"640300.50000000000","Y":"9208069.00000000000","Rotation":0,"NAMOBJ":"Pangkatrejo","WADMKC":"Sugio","WADMKK":"Lamongan"},"geometry":{"type":"Point","coordinates":[112.3,-7.2]}},{"type":"Feature","properties":{"Line":"R122","Tr":2626,"X":"640300.50000000000","Y":"9208056.50000000000","Rotation":0,"NAMOBJ":"Pangkatrejo","WADMKC":"Sugio","WADMKK":"Lamongan"},"geometry":{"type":"Point","coordinates":[112.3,-7.2]}},{"type":"Feature","properties":{"Line":"R122","Tr":2627,"X":"640300.50000000000","Y":"9208044.00000000000","Rotation":0,"NAMOBJ":"Pangkatrejo","WADMKC":"Sugio","WADMKK":"Lamongan"},"geometry":{"type":"Point","coordinates":[112.3,-7.2]}},{"type":"Feature","properties":{"Line":"R122","Tr":2628,"X":"640300.50000000000","Y":"9208031.50000000000","Rotation":0,"NAMOBJ":"Pangkatrejo","WADMKC":"Sugio","WADMKK":"Lamongan"},"geometry":{"type":"Point","coordinates":[112.3,-7.2]}},{"type":"Feature","properties":{"Line":"R122","Tr":2629,"X":"640300.50000000000","Y":"9208019.00000000000","Rotation":0,"NAMOBJ":"Pangkatrejo","WADMKC":"Sugio","WADMKK":"Lamongan"},"geometry":{"type":"Point","coordinates":[112.3,-7.2]}},{"type":"Feature","properties":{"Line":"R122","Tr":2630,"X":"640300.50000000000","Y":"9208006.50000000000","Rotation":0,"NAMOBJ":"Pangkatrejo","WADMKC":"Sugio","WADMKK":"Lamongan"},"geometry":{"type":"Point","coordinates":[112.3,-7.2]}},{"type":"Feature","properties":{"Line":"R122","Tr":2631,"X":"640300.50000000000","Y":"9207994.00000000000","Rotation":0,"NAMOBJ":"Pangkatrejo","WADMKC":"Sugio","WADMKK":"Lamongan"},"geometry":{"type":"Point","coordinates":[112.3,-7.2]}},{"type":"Feature","properties":{"Line":"R118","Tr":2791,"X":"638300.50000000000","Y":"9205494.00000000000","Rotation":0,"NAMOBJ":"Sidorejo","WADMKC":"Sugio","WADMKK":"Lamongan"},"geometry":{"type":"Point","coordinates":[112.3,-7.2]}},{"type":"Feature","properties":{"Line":"R118","Tr":2792,"X":"638300.50000000000","Y":"9205481.50000000000","Rotation":0,"NAMOBJ":"Sidorejo","WADMKC":"Sugio","WADMKK":"Lamongan"},"geometry":{"type":"Point","coordinates":[112.3,-7.2]}},{"type":"Feature","properties":{"Line":"R118","Tr":2793,"X":"638300.50000000000","Y":"9205469.00000000000","Rotation":0,"NAMOBJ":"Sidorejo","WADMKC":"Sugio","WADMKK":"Lamongan"},"geometry":{"type":"Point","coordinates":[112.3,-7.2]}},{"type":"Feature","properties":{"Line":"R118","Tr":2794,"X":"638300.50000000000","Y":"9205456.50000000000","Rotation":0,"NAMOBJ":"Sidorejo","WADMKC":"Sugio","WADMKK":"Lamongan"},"geometry":{"type":"Point","coordinates":[112.3,-7.2]}},{"type":"Feature","properties":{"Line":"R118","Tr":2795,"X":"638300.50000000000","Y":"9205444.00000000000","Rotation":0,"NAMOBJ":"Sidorejo","WADMKC":"Sugio","WADMKK":"Lamongan"},"geometry":{"type":"Point","coordinates":[112.3,-7.2]}},{"type":"Feature","properties":{"Line":"R118","Tr":2796,"X":"638300.50000000000","Y":"9205431.50000000000","Rotation":0,"NAMOBJ":"Sidorejo","WADMKC":"Sugio","WADMKK":"Lamongan"},"geometry":{"type":"Point","coordinates":[112.3,-7.2]}},{"type":"Feature","properties":{"Line":"R118","Tr":2797,"X":"638300.50000000000","Y":"9205419.00000000000","Rotation":0,"NAMOBJ":"Sidorejo","WADMKC":"Sugio","WADMKK":"Lamongan"},"geometry":{"type":"Point","coordinates":[112.3,-7.2]}},{"type":"Feature","properties":{"Line":"R118","Tr":2798,"X":"638300.50000000000","Y":"9205406.50000000000","Rotation":0,"NAMOBJ":"Sidorejo","WADMKC":"Sugio","WADMKK":"Lamongan"},"geometry":{"type":"Point","coordinates":[112.3,-7.2]}},{"type":"Feature","properties":{"Line":"R118","Tr":2799,"X":"638300.50000000000","Y":"9205394.00000000000","Rotation":0,"NAMOBJ":"Sidorejo","WADMKC":"Sugio","WADMKK":"Lamongan"},"geometry":{"type":"Point","coordinates":[112.3,-7.2]}},{"type":"Feature","properties":{"Line":"R118","Tr":2800,"X":"638300.50000000000","Y":"9205381.50000000000","Rotation":0,"NAMOBJ":"Sidorejo","WADMKC":"Sugio","WADMKK":"Lamongan"},"geometry":{"type":"Point","coordinates":[112.3,-7.2]}},{"type":"Feature","properties":{"Line":"R118","Tr":2801,"X":"638300.50000000000","Y":"9205369.00000000000","Rotation":0,"NAMOBJ":"Sidorejo","WADMKC":"Sugio","WADMKK":"Lamongan"},"geometry":{"type":"Point","coordinates":[112.3,-7.2]}},{"type":"Feature","properties":{"Line":"R118","Tr":2802,"X":"638300.50000000000","Y":"9205356.50000000000","Rotation":0,"NAMOBJ":"Sidorejo","WADMKC":"Sugio","WADMKK":"Lamongan"},"geometry":{"type":"Point","coordinates":[112.3,-7.2]}},{"type":"Feature","properties":{"Line":"R118","Tr":2803,"X":"638300.50000000000","Y":"9205344.00000000000","Rotation":0,"NAMOBJ":"Sidorejo","WADMKC":"Sugio","WADMKK":"Lamongan"},"geometry":{"type":"Point","coordinates":[112.3,-7.2]}},{"type":"Feature","properties":{"Line":"R118","Tr":2804,"X":"638300.50000000000","Y":"9205331.50000000000","Rotation":0,"NAMOBJ":"Sidorejo","WADMKC":"Sugio","WADMKK":"Lamongan"},"geometry":{"type":"Point","coordinates":[112.3,-7.2]}},{"type":"Feature","properties":{"Line":"R118","Tr":2805,"X":"638300.50000000000","Y":"9205319.00000000000","Rotation":0,"NAMOBJ":"Sidorejo","WADMKC":"Sugio","WADMKK":"Lamongan"},"geometry":{"type":"Point","coordinates":[112.3,-7.2]}},{"type":"Feature","properties":{"Line":"R118","Tr":2806,"X":"638300.50000000000","Y":"9205306.50000000000","Rotation":0,"NAMOBJ":"Sidorejo","WADMKC":"Sugio","WADMKK":"Lamongan"},"geometry":{"type":"Point","coordinates":[112.3,-7.2]}},{"type":"Feature","properties":{"Line":"R118","Tr":2807,"X":"638300.50000000000","Y":"9205294.00000000000","Rotation":0,"NAMOBJ":"Sidorejo","WADMKC":"Sugio","WADMKK":"Lamongan"},"geometry":{"type":"Point","coordinates":[112.3,-7.2]}},{"type":"Feature","properties":{"Line":"R118","Tr":2808,"X":"638300.50000000000","Y":"9205281.50000000000","Rotation":0,"NAMOBJ":"Sidorejo","WADMKC":"Sugio","WADMKK":"Lamongan"},"geometry":{"type":"Point","coordinates":[112.3,-7.2]}},{"type":"Feature","properties":{"Line":"R118","Tr":2809,"X":"638300.50000000000","Y":"9205269.00000000000","Rotation":0,"NAMOBJ":"Sidorejo","WADMKC":"Sugio","WADMKK":"Lamongan"},"geometry":{"type":"Point","coordinates":[112.3,-7.2]}},{"type":"Feature","properties":{"Line":"R118","Tr":2810,"X":"638300.50000000000","Y":"9205256.50000000000","Rotation":0,"NAMOBJ":"Sidorejo","WADMKC":"Sugio","WADMKK":"Lamongan"},"geometry":{"type":"Point","coordinates":[112.3,-7.2]}},{"type":"Feature","properties":{"Line":"R118","Tr":2811,"X":"638300.50000000000","Y":"9205244.00000000000","Rotation":0,"NAMOBJ":"Sidorejo","WADMKC":"Sugio","WADMKK":"Lamongan"},"geometry":{"type":"Point","coordinates":[112.3,-7.2]}},{"type":"Feature","properties":{"Line":"R118","Tr":2812,"X":"638300.50000000000","Y":"9205231.50000000000","Rotation":0,"NAMOBJ":"Sidorejo","WADMKC":"Sugio","WADMKK":"Lamongan"},"geometry":{"type":"Point","coordinates":[112.3,-7.2]}},{"type":"Feature","properties":{"Line":"R118","Tr":2813,"X":"638300.50000000000","Y":"9205219.00000000000","Rotation":0,"NAMOBJ":"Sidorejo","WADMKC":"Sugio","WADMKK":"Lamongan"},"geometry":{"type":"Point","coordinates":[112.3,-7.2]}},{"type":"Feature","properties":{"Line":"R118","Tr":2814,"X":"638300.50000000000","Y":"9205206.50000000000","Rotation":0,"NAMOBJ":"Sidorejo","WADMKC":"Sugio","WADMKK":"Lamongan"},"geometry":{"type":"Point","coordinates":[112.3,-7.2]}},{"type":"Feature","properties":{"Line":"R118","Tr":2815,"X":"638300.50000000000","Y":"9205194.00000000000","Rotation":0,"NAMOBJ":"Sidorejo","WADMKC":"Sugio","WADMKK":"Lamongan"},"geometry":{"type":"Point","coordinates":[112.3,-7.2]}},{"type":"Feature","properties":{"Line":"R118","Tr":2816,"X":"638300.50000000000","Y":"9205181.50000000000","Rotation":0,"NAMOBJ":"Sidorejo","WADMKC":"Sugio","WADMKK":"Lamongan"},"geometry":{"type":"Point","coordinates":[112.3,-7.2]}},{"type":"Feature","properties":{"Line":"R118","Tr":2817,"X":"638300.50000000000","Y":"9205169.00000000000","Rotation":0,"NAMOBJ":"Sidorejo","WADMKC":"Sugio","WADMKK":"Lamongan"},"geometry":{"type":"Point","coordinates":[112.3,-7.2]}},{"type":"Feature","properties":{"Line":"R118","Tr":2818,"X":"638300.50000000000","Y":"9205156.50000000000","Rotation":0,"NAMOBJ":"Sidorejo","WADMKC":"Sugio","WADMKK":"Lamongan"},"geometry":{"type":"Point","coordinates":[112.3,-7.2]}},{"type":"Feature","properties":{"Line":"R118","Tr":2819,"X":"638300.50000000000","Y":"9205144.00000000000","Rotation":0,"NAMOBJ":"Sidorejo","WADMKC":"Sugio","WADMKK":"Lamongan"},"geometry":{"type":"Point","coordinates":[112.3,-7.2]}},{"type":"Feature","properties":{"Line":"R118","Tr":2820,"X":"638300.50000000000","Y":"9205131.50000000000","Rotation":0,"NAMOBJ":"Sidorejo","WADMKC":"Sugio","WADMKK":"Lamongan"},"geometry":{"type":"Point","coordinates":[112.3,-7.2]}},{"type":"Feature","properties":{"Line":"R118","Tr":2821,"X":"638300.50000000000","Y":"9205119.00000000000","Rotation":0,"NAMOBJ":"Sidorejo","WADMKC":"Sugio","WADMKK":"Lamongan"},"geometry":{"type":"Point","coordinates":[112.3,-7.2]}},{"type":"Feature","properties":{"Line":"R118","Tr":2822,"X":"638300.50000000000","Y":"9205106.50000000000","Rotation":0,"NAMOBJ":"Sidorejo","WADMKC":"Sugio","WADMKK":"Lamongan"},"geometry":{"type":"Point","coordinates":[112.3,-7.2]}},{"type":"Feature","properties":{"Line":"R118","Tr":2823,"X":"638300.50000000000","Y":"9205094.00000000000","Rotation":0,"NAMOBJ":"Sidorejo","WADMKC":"Sugio","WADMKK":"Lamongan"},"geometry":{"type":"Point","coordinates":[112.3,-7.2]}},{"type":"Feature","properties":{"Line":"R118","Tr":2824,"X":"638300.50000000000","Y":"9205081.50000000000","Rotation":0,"NAMOBJ":"Sidorejo","WADMKC":"Sugio","WADMKK":"Lamongan"},"geometry":{"type":"Point","coordinates":[112.3,-7.2]}},{"type":"Feature","properties":{"Line":"R118","Tr":2825,"X":"638300.50000000000","Y":"9205069.00000000000","Rotation":0,"NAMOBJ":"Sidorejo","WADMKC":"Sugio","WADMKK":"Lamongan"},"geometry":{"type":"Point","coordinates":[112.3,-7.2]}},{"type":"Feature","properties":{"Line":"R118","Tr":2826,"X":"638300.50000000000","Y":"9205056.50000000000","Rotation":0,"NAMOBJ":"Sidorejo","WADMKC":"Sugio","WADMKK":"Lamongan"},"geometry":{"type":"Point","coordinates":[112.3,-7.2]}},{"type":"Feature","properties":{"Line":"R118","Tr":2827,"X":"638300.50000000000","Y":"9205044.00000000000","Rotation":0,"NAMOBJ":"Sidorejo","WADMKC":"Sugio","WADMKK":"Lamongan"},"geometry":{"type":"Point","coordinates":[112.3,-7.2]}},{"type":"Feature","properties":{"Line":"R118","Tr":2828,"X":"638300.50000000000","Y":"9205031.50000000000","Rotation":0,"NAMOBJ":"Sidorejo","WADMKC":"Sugio","WADMKK":"Lamongan"},"geometry":{"type":"Point","coordinates":[112.3,-7.2]}},{"type":"Feature","properties":{"Line":"R118","Tr":2829,"X":"638300.50000000000","Y":"9205019.00000000000","Rotation":0,"NAMOBJ":"Sidorejo","WADMKC":"Sugio","WADMKK":"Lamongan"},"geometry":{"type":"Point","coordinates":[112.3,-7.2]}},{"type":"Feature","properties":{"Line":"R118","Tr":2830,"X":"638300.50000000000","Y":"9205006.50000000000","Rotation":0,"NAMOBJ":"Sidorejo","WADMKC":"Sugio","WADMKK":"Lamongan"},"geometry":{"type":"Point","coordinates":[112.3,-7.2]}},{"type":"Feature","properties":{"Line":"R118","Tr":2831,"X":"638300.50000000000","Y":"9204994.00000000000","Rotation":0,"NAMOBJ":"Sidorejo","WADMKC":"Sugio","WADMKK":"Lamongan"},"geometry":{"type":"Point","coordinates":[112.3,-7.2]}},{"type":"Feature","properties":{"Line":"R118","Tr":2832,"X":"638300.50000000000","Y":"9204981.50000000000","Rotation":0,"NAMOBJ":"Sidorejo","WADMKC":"Sugio","WADMKK":"Lamongan"},"geometry":{"type":"Point","coordinates":[112.3,-7.2]}},{"type":"Feature","properties":{"Line":"R118","Tr":2833,"X":"638300.50000000000","Y":"9204969.00000000000","Rotation":0,"NAMOBJ":"Sidorejo","WADMKC":"Sugio","WADMKK":"Lamongan"},"geometry":{"type":"Point","coordinates":[112.3,-7.2]}},{"type":"Feature","properties":{"Line":"R118","Tr":2834,"X":"638300.50000000000","Y":"9204956.50000000000","Rotation":0,"NAMOBJ":"Sidorejo","WADMKC":"Sugio","WADMKK":"Lamongan"},"geometry":{"type":"Point","coordinates":[112.3,-7.2]}},{"type":"Feature","properties":{"Line":"R118","Tr":2835,"X":"638300.50000000000","Y":"9204944.00000000000","Rotation":0,"NAMOBJ":"Sidorejo","WADMKC":"Sugio","WADMKK":"Lamongan"},"geometry":{"type":"Point","coordinates":[112.3,-7.2]}},{"type":"Feature","properties":{"Line":"R118","Tr":2850,"X":"638300.50000000000","Y":"9204756.50000000000","Rotation":0,"NAMOBJ":"Sidorejo","WADMKC":"Sugio","WADMKK":"Lamongan"},"geometry":{"type":"Point","coordinates":[112.3,-7.2]}},{"type":"Feature","properties":{"Line":"R118","Tr":2851,"X":"638300.50000000000","Y":"9204744.00000000000","Rotation":0,"NAMOBJ":"Sidorejo","WADMKC":"Sugio","WADMKK":"Lamongan"},"geometry":{"type":"Point","coordinates":[112.3,-7.2]}},{"type":"Feature","properties":{"Line":"R118","Tr":2852,"X":"638300.50000000000","Y":"9204731.50000000000","Rotation":0,"NAMOBJ":"Sidorejo","WADMKC":"Sugio","WADMKK":"Lamongan"},"geometry":{"type":"Point","coordinates":[112.3,-7.2]}},{"type":"Feature","properties":{"Line":"R118","Tr":2853,"X":"638300.50000000000","Y":"9204719.00000000000","Rotation":0,"NAMOBJ":"Sidorejo","WADMKC":"Sugio","WADMKK":"Lamongan"},"geometry":{"type":"Point","coordinates":[112.3,-7.2]}},{"type":"Feature","properties":{"Line":"R118","Tr":2854,"X":"638300.50000000000","Y":"9204706.50000000000","Rotation":0,"NAMOBJ":"Sidorejo","WADMKC":"Sugio","WADMKK":"Lamongan"},"geometry":{"type":"Point","coordinates":[112.3,-7.2]}},{"type":"Feature","properties":{"Line":"R118","Tr":2855,"X":"638300.50000000000","Y":"9204694.00000000000","Rotation":0,"NAMOBJ":"Sidorejo","WADMKC":"Sugio","WADMKK":"Lamongan"},"geometry":{"type":"Point","coordinates":[112.3,-7.2]}},{"type":"Feature","properties":{"Line":"R118","Tr":2856,"X":"638300.50000000000","Y":"9204681.50000000000","Rotation":0,"NAMOBJ":"Sidorejo","WADMKC":"Sugio","WADMKK":"Lamongan"},"geometry":{"type":"Point","coordinates":[112.3,-7.2]}},{"type":"Feature","properties":{"Line":"R118","Tr":2857,"X":"638300.50000000000","Y":"9204669.00000000000","Rotation":0,"NAMOBJ":"Sidorejo","WADMKC":"Sugio","WADMKK":"Lamongan"},"geometry":{"type":"Point","coordinates":[112.3,-7.2]}},{"type":"Feature","properties":{"Line":"R118","Tr":2858,"X":"638300.50000000000","Y":"9204656.50000000000","Rotation":0,"NAMOBJ":"Sidorejo","WADMKC":"Sugio","WADMKK":"Lamongan"},"geometry":{"type":"Point","coordinates":[112.3,-7.2]}},{"type":"Feature","properties":{"Line":"R118","Tr":2859,"X":"638300.50000000000","Y":"9204644.00000000000","Rotation":0,"NAMOBJ":"Sidorejo","WADMKC":"Sugio","WADMKK":"Lamongan"},"geometry":{"type":"Point","coordinates":[112.3,-7.2]}},{"type":"Feature","properties":{"Line":"R118","Tr":2860,"X":"638300.50000000000","Y":"9204631.50000000000","Rotation":0,"NAMOBJ":"Sidorejo","WADMKC":"Sugio","WADMKK":"Lamongan"},"geometry":{"type":"Point","coordinates":[112.3,-7.2]}},{"type":"Feature","properties":{"Line":"R118","Tr":2861,"X":"638300.50000000000","Y":"9204619.00000000000","Rotation":0,"NAMOBJ":"Sidorejo","WADMKC":"Sugio","WADMKK":"Lamongan"},"geometry":{"type":"Point","coordinates":[112.3,-7.2]}},{"type":"Feature","properties":{"Line":"R118","Tr":2862,"X":"638300.50000000000","Y":"9204606.50000000000","Rotation":0,"NAMOBJ":"Sidorejo","WADMKC":"Sugio","WADMKK":"Lamongan"},"geometry":{"type":"Point","coordinates":[112.3,-7.2]}},{"type":"Feature","properties":{"Line":"R118","Tr":2863,"X":"638300.50000000000","Y":"9204594.00000000000","Rotation":0,"NAMOBJ":"Sidorejo","WADMKC":"Sugio","WADMKK":"Lamongan"},"geometry":{"type":"Point","coordinates":[112.3,-7.2]}},{"type":"Feature","properties":{"Line":"R118","Tr":2864,"X":"638300.50000000000","Y":"9204581.50000000000","Rotation":0,"NAMOBJ":"Sidorejo","WADMKC":"Sugio","WADMKK":"Lamongan"},"geometry":{"type":"Point","coordinates":[112.3,-7.2]}},{"type":"Feature","properties":{"Line":"R118","Tr":2865,"X":"638300.50000000000","Y":"9204569.00000000000","Rotation":0,"NAMOBJ":"Sidorejo","WADMKC":"Sugio","WADMKK":"Lamongan"},"geometry":{"type":"Point","coordinates":[112.3,-7.2]}},{"type":"Feature","properties":{"Line":"R118","Tr":2866,"X":"638300.50000000000","Y":"9204556.50000000000","Rotation":0,"NAMOBJ":"Sidorejo","WADMKC":"Sugio","WADMKK":"Lamongan"},"geometry":{"type":"Point","coordinates":[112.3,-7.2]}},{"type":"Feature","properties":{"Line":"R118","Tr":2867,"X":"638300.50000000000","Y":"9204544.00000000000","Rotation":0,"NAMOBJ":"Sidorejo","WADMKC":"Sugio","WADMKK":"Lamongan"},"geometry":{"type":"Point","coordinates":[112.3,-7.2]}},{"type":"Feature","properties":{"Line":"R118","Tr":2868,"X":"638300.50000000000","Y":"9204531.50000000000","Rotation":0,"NAMOBJ":"Sidorejo","WADMKC":"Sugio","WADMKK":"Lamongan"},"geometry":{"type":"Point","coordinates":[112.3,-7.2]}},{"type":"Feature","properties":{"Line":"R118","Tr":2869,"X":"638300.50000000000","Y":"9204519.00000000000","Rotation":0,"NAMOBJ":"Sidorejo","WADMKC":"Sugio","WADMKK":"Lamongan"},"geometry":{"type":"Point","coordinates":[112.3,-7.2]}},{"type":"Feature","properties":{"Line":"R118","Tr":2870,"X":"638300.50000000000","Y":"9204506.50000000000","Rotation":0,"NAMOBJ":"Sidorejo","WADMKC":"Sugio","WADMKK":"Lamongan"},"geometry":{"type":"Point","coordinates":[112.3,-7.2]}},{"type":"Feature","properties":{"Line":"R118","Tr":2871,"X":"638300.50000000000","Y":"9204494.00000000000","Rotation":0,"NAMOBJ":"Sidorejo","WADMKC":"Sugio","WADMKK":"Lamongan"},"geometry":{"type":"Point","coordinates":[112.3,-7.2]}},{"type":"Feature","properties":{"Line":"R118","Tr":2872,"X":"638300.50000000000","Y":"9204481.50000000000","Rotation":0,"NAMOBJ":"Sidorejo","WADMKC":"Sugio","WADMKK":"Lamongan"},"geometry":{"type":"Point","coordinates":[112.3,-7.2]}},{"type":"Feature","properties":{"Line":"R118","Tr":2873,"X":"638300.50000000000","Y":"9204469.00000000000","Rotation":0,"NAMOBJ":"Sidorejo","WADMKC":"Sugio","WADMKK":"Lamongan"},"geometry":{"type":"Point","coordinates":[112.3,-7.2]}},{"type":"Feature","properties":{"Line":"R118","Tr":2874,"X":"638300.50000000000","Y":"9204456.50000000000","Rotation":0,"NAMOBJ":"Sidorejo","WADMKC":"Sugio","WADMKK":"Lamongan"},"geometry":{"type":"Point","coordinates":[112.3,-7.2]}},{"type":"Feature","properties":{"Line":"R118","Tr":2875,"X":"638300.50000000000","Y":"9204444.00000000000","Rotation":0,"NAMOBJ":"Sidorejo","WADMKC":"Sugio","WADMKK":"Lamongan"},"geometry":{"type":"Point","coordinates":[112.3,-7.2]}},{"type":"Feature","properties":{"Line":"R118","Tr":2876,"X":"638300.50000000000","Y":"9204431.50000000000","Rotation":0,"NAMOBJ":"Sidorejo","WADMKC":"Sugio","WADMKK":"Lamongan"},"geometry":{"type":"Point","coordinates":[112.3,-7.2]}},{"type":"Feature","properties":{"Line":"R118","Tr":2877,"X":"638300.50000000000","Y":"9204419.00000000000","Rotation":0,"NAMOBJ":"Sidorejo","WADMKC":"Sugio","WADMKK":"Lamongan"},"geometry":{"type":"Point","coordinates":[112.3,-7.2]}},{"type":"Feature","properties":{"Line":"R118","Tr":2878,"X":"638300.50000000000","Y":"9204406.50000000000","Rotation":0,"NAMOBJ":"Sidorejo","WADMKC":"Sugio","WADMKK":"Lamongan"},"geometry":{"type":"Point","coordinates":[112.3,-7.2]}},{"type":"Feature","properties":{"Line":"R118","Tr":2879,"X":"638300.50000000000","Y":"9204394.00000000000","Rotation":0,"NAMOBJ":"Sidorejo","WADMKC":"Sugio","WADMKK":"Lamongan"},"geometry":{"type":"Point","coordinates":[112.3,-7.2]}},{"type":"Feature","properties":{"Line":"R118","Tr":2880,"X":"638300.50000000000","Y":"9204381.50000000000","Rotation":0,"NAMOBJ":"Sidorejo","WADMKC":"Sugio","WADMKK":"Lamongan"},"geometry":{"type":"Point","coordinates":[112.3,-7.2]}},{"type":"Feature","properties":{"Line":"R118","Tr":2881,"X":"638300.50000000000","Y":"9204369.00000000000","Rotation":0,"NAMOBJ":"Sidorejo","WADMKC":"Sugio","WADMKK":"Lamongan"},"geometry":{"type":"Point","coordinates":[112.3,-7.2]}},{"type":"Feature","properties":{"Line":"R118","Tr":2882,"X":"638300.50000000000","Y":"9204356.50000000000","Rotation":0,"NAMOBJ":"Sidorejo","WADMKC":"Sugio","WADMKK":"Lamongan"},"geometry":{"type":"Point","coordinates":[112.3,-7.2]}},{"type":"Feature","properties":{"Line":"R118","Tr":2883,"X":"638300.50000000000","Y":"9204344.00000000000","Rotation":0,"NAMOBJ":"Sidorejo","WADMKC":"Sugio","WADMKK":"Lamongan"},"geometry":{"type":"Point","coordinates":[112.3,-7.2]}},{"type":"Feature","properties":{"Line":"R118","Tr":2884,"X":"638300.50000000000","Y":"9204331.50000000000","Rotation":0,"NAMOBJ":"Sidorejo","WADMKC":"Sugio","WADMKK":"Lamongan"},"geometry":{"type":"Point","coordinates":[112.3,-7.2]}},{"type":"Feature","properties":{"Line":"R118","Tr":2885,"X":"638300.50000000000","Y":"9204319.00000000000","Rotation":0,"NAMOBJ":"Sidorejo","WADMKC":"Sugio","WADMKK":"Lamongan"},"geometry":{"type":"Point","coordinates":[112.3,-7.2]}},{"type":"Feature","properties":{"Line":"R118","Tr":2886,"X":"638300.50000000000","Y":"9204306.50000000000","Rotation":0,"NAMOBJ":"Sidorejo","WADMKC":"Sugio","WADMKK":"Lamongan"},"geometry":{"type":"Point","coordinates":[112.3,-7.2]}},{"type":"Feature","properties":{"Line":"R118","Tr":2887,"X":"638300.50000000000","Y":"9204294.00000000000","Rotation":0,"NAMOBJ":"Sidorejo","WADMKC":"Sugio","WADMKK":"Lamongan"},"geometry":{"type":"Point","coordinates":[112.3,-7.2]}},{"type":"Feature","properties":{"Line":"R118","Tr":2888,"X":"638300.50000000000","Y":"9204281.50000000000","Rotation":0,"NAMOBJ":"Sidorejo","WADMKC":"Sugio","WADMKK":"Lamongan"},"geometry":{"type":"Point","coordinates":[112.3,-7.2]}},{"type":"Feature","properties":{"Line":"R118","Tr":2889,"X":"638300.50000000000","Y":"9204269.00000000000","Rotation":0,"NAMOBJ":"Sidorejo","WADMKC":"Sugio","WADMKK":"Lamongan"},"geometry":{"type":"Point","coordinates":[112.3,-7.2]}},{"type":"Feature","properties":{"Line":"R118","Tr":2890,"X":"638300.50000000000","Y":"9204256.50000000000","Rotation":0,"NAMOBJ":"Sidorejo","WADMKC":"Sugio","WADMKK":"Lamongan"},"geometry":{"type":"Point","coordinates":[112.3,-7.2]}},{"type":"Feature","properties":{"Line":"R118","Tr":2891,"X":"638300.50000000000","Y":"9204244.00000000000","Rotation":0,"NAMOBJ":"Sidorejo","WADMKC":"Sugio","WADMKK":"Lamongan"},"geometry":{"type":"Point","coordinates":[112.3,-7.2]}},{"type":"Feature","properties":{"Line":"R118","Tr":2892,"X":"638300.50000000000","Y":"9204231.50000000000","Rotation":0,"NAMOBJ":"Sidorejo","WADMKC":"Sugio","WADMKK":"Lamongan"},"geometry":{"type":"Point","coordinates":[112.3,-7.2]}},{"type":"Feature","properties":{"Line":"R118","Tr":2893,"X":"638300.50000000000","Y":"9204219.00000000000","Rotation":0,"NAMOBJ":"Sidorejo","WADMKC":"Sugio","WADMKK":"Lamongan"},"geometry":{"type":"Point","coordinates":[112.3,-7.2]}},{"type":"Feature","properties":{"Line":"R118","Tr":2894,"X":"638300.50000000000","Y":"9204206.50000000000","Rotation":0,"NAMOBJ":"Sidorejo","WADMKC":"Sugio","WADMKK":"Lamongan"},"geometry":{"type":"Point","coordinates":[112.3,-7.2]}},{"type":"Feature","properties":{"Line":"R118","Tr":2895,"X":"638300.50000000000","Y":"9204194.00000000000","Rotation":0,"NAMOBJ":"Sidorejo","WADMKC":"Sugio","WADMKK":"Lamongan"},"geometry":{"type":"Point","coordinates":[112.3,-7.2]}},{"type":"Feature","properties":{"Line":"R118","Tr":2896,"X":"638300.50000000000","Y":"9204181.50000000000","Rotation":0,"NAMOBJ":"Sidorejo","WADMKC":"Sugio","WADMKK":"Lamongan"},"geometry":{"type":"Point","coordinates":[112.3,-7.2]}},{"type":"Feature","properties":{"Line":"R118","Tr":2897,"X":"638300.50000000000","Y":"9204169.00000000000","Rotation":0,"NAMOBJ":"Sidorejo","WADMKC":"Sugio","WADMKK":"Lamongan"},"geometry":{"type":"Point","coordinates":[112.3,-7.2]}},{"type":"Feature","properties":{"Line":"R118","Tr":2898,"X":"638300.50000000000","Y":"9204156.50000000000","Rotation":0,"NAMOBJ":"Sidorejo","WADMKC":"Sugio","WADMKK":"Lamongan"},"geometry":{"type":"Point","coordinates":[112.3,-7.2]}},{"type":"Feature","properties":{"Line":"R118","Tr":2899,"X":"638300.50000000000","Y":"9204144.00000000000","Rotation":0,"NAMOBJ":"Sidorejo","WADMKC":"Sugio","WADMKK":"Lamongan"},"geometry":{"type":"Point","coordinates":[112.3,-7.2]}},{"type":"Feature","properties":{"Line":"R118","Tr":2900,"X":"638300.50000000000","Y":"9204131.50000000000","Rotation":0,"NAMOBJ":"Sidorejo","WADMKC":"Sugio","WADMKK":"Lamongan"},"geometry":{"type":"Point","coordinates":[112.3,-7.2]}},{"type":"Feature","properties":{"Line":"R118","Tr":2901,"X":"638300.50000000000","Y":"9204119.00000000000","Rotation":0,"NAMOBJ":"Sidorejo","WADMKC":"Sugio","WADMKK":"Lamongan"},"geometry":{"type":"Point","coordinates":[112.3,-7.2]}},{"type":"Feature","properties":{"Line":"R118","Tr":2902,"X":"638300.50000000000","Y":"9204106.50000000000","Rotation":0,"NAMOBJ":"Sidorejo","WADMKC":"Sugio","WADMKK":"Lamongan"},"geometry":{"type":"Point","coordinates":[112.3,-7.2]}},{"type":"Feature","properties":{"Line":"R118","Tr":2903,"X":"638300.50000000000","Y":"9204094.00000000000","Rotation":0,"NAMOBJ":"Sidorejo","WADMKC":"Sugio","WADMKK":"Lamongan"},"geometry":{"type":"Point","coordinates":[112.3,-7.2]}},{"type":"Feature","properties":{"Line":"R118","Tr":2904,"X":"638300.50000000000","Y":"9204081.50000000000","Rotation":0,"NAMOBJ":"Sidorejo","WADMKC":"Sugio","WADMKK":"Lamongan"},"geometry":{"type":"Point","coordinates":[112.3,-7.2]}},{"type":"Feature","properties":{"Line":"R118","Tr":2905,"X":"638300.50000000000","Y":"9204069.00000000000","Rotation":0,"NAMOBJ":"Sidorejo","WADMKC":"Sugio","WADMKK":"Lamongan"},"geometry":{"type":"Point","coordinates":[112.3,-7.2]}},{"type":"Feature","properties":{"Line":"R118","Tr":2906,"X":"638300.50000000000","Y":"9204056.50000000000","Rotation":0,"NAMOBJ":"Sidorejo","WADMKC":"Sugio","WADMKK":"Lamongan"},"geometry":{"type":"Point","coordinates":[112.3,-7.2]}},{"type":"Feature","properties":{"Line":"R118","Tr":2907,"X":"638300.50000000000","Y":"9204044.00000000000","Rotation":0,"NAMOBJ":"Sidorejo","WADMKC":"Sugio","WADMKK":"Lamongan"},"geometry":{"type":"Point","coordinates":[112.3,-7.2]}},{"type":"Feature","properties":{"Line":"R118","Tr":2908,"X":"638300.50000000000","Y":"9204031.50000000000","Rotation":0,"NAMOBJ":"Sidorejo","WADMKC":"Sugio","WADMKK":"Lamongan"},"geometry":{"type":"Point","coordinates":[112.3,-7.2]}},{"type":"Feature","properties":{"Line":"R118","Tr":2909,"X":"638300.50000000000","Y":"9204019.00000000000","Rotation":0,"NAMOBJ":"Sidorejo","WADMKC":"Sugio","WADMKK":"Lamongan"},"geometry":{"type":"Point","coordinates":[112.3,-7.2]}},{"type":"Feature","properties":{"Line":"R118","Tr":2910,"X":"638300.50000000000","Y":"9204006.50000000000","Rotation":0,"NAMOBJ":"Sidorejo","WADMKC":"Sugio","WADMKK":"Lamongan"},"geometry":{"type":"Point","coordinates":[112.3,-7.2]}},{"type":"Feature","properties":{"Line":"R118","Tr":2911,"X":"638300.50000000000","Y":"9203994.00000000000","Rotation":0,"NAMOBJ":"Sidorejo","WADMKC":"Sugio","WADMKK":"Lamongan"},"geometry":{"type":"Point","coordinates":[112.3,-7.2]}},{"type":"Feature","properties":{"Line":"R118","Tr":2912,"X":"638300.50000000000","Y":"9203981.50000000000","Rotation":0,"NAMOBJ":"Sidorejo","WADMKC":"Sugio","WADMKK":"Lamongan"},"geometry":{"type":"Point","coordinates":[112.3,-7.2]}},{"type":"Feature","properties":{"Line":"R118","Tr":2913,"X":"638300.50000000000","Y":"9203969.00000000000","Rotation":0,"NAMOBJ":"Sidorejo","WADMKC":"Sugio","WADMKK":"Lamongan"},"geometry":{"type":"Point","coordinates":[112.3,-7.2]}},{"type":"Feature","properties":{"Line":"R118","Tr":2914,"X":"638300.50000000000","Y":"9203956.50000000000","Rotation":0,"NAMOBJ":"Sidorejo","WADMKC":"Sugio","WADMKK":"Lamongan"},"geometry":{"type":"Point","coordinates":[112.3,-7.2]}},{"type":"Feature","properties":{"Line":"R118","Tr":2915,"X":"638300.50000000000","Y":"9203944.00000000000","Rotation":0,"NAMOBJ":"Sidorejo","WADMKC":"Sugio","WADMKK":"Lamongan"},"geometry":{"type":"Point","coordinates":[112.3,-7.2]}},{"type":"Feature","properties":{"Line":"R118","Tr":2916,"X":"638300.50000000000","Y":"9203931.50000000000","Rotation":0,"NAMOBJ":"Sidorejo","WADMKC":"Sugio","WADMKK":"Lamongan"},"geometry":{"type":"Point","coordinates":[112.3,-7.2]}},{"type":"Feature","properties":{"Line":"R118","Tr":2917,"X":"638300.50000000000","Y":"9203919.00000000000","Rotation":0,"NAMOBJ":"Sidorejo","WADMKC":"Sugio","WADMKK":"Lamongan"},"geometry":{"type":"Point","coordinates":[112.3,-7.2]}},{"type":"Feature","properties":{"Line":"R118","Tr":2918,"X":"638300.50000000000","Y":"9203906.50000000000","Rotation":0,"NAMOBJ":"Sidorejo","WADMKC":"Sugio","WADMKK":"Lamongan"},"geometry":{"type":"Point","coordinates":[112.3,-7.2]}},{"type":"Feature","properties":{"Line":"R118","Tr":2919,"X":"638300.50000000000","Y":"9203894.00000000000","Rotation":0,"NAMOBJ":"Sidorejo","WADMKC":"Sugio","WADMKK":"Lamongan"},"geometry":{"type":"Point","coordinates":[112.3,-7.2]}},{"type":"Feature","properties":{"Line":"R118","Tr":2920,"X":"638300.50000000000","Y":"9203881.50000000000","Rotation":0,"NAMOBJ":"Sidorejo","WADMKC":"Sugio","WADMKK":"Lamongan"},"geometry":{"type":"Point","coordinates":[112.3,-7.2]}},{"type":"Feature","properties":{"Line":"R118","Tr":2921,"X":"638300.50000000000","Y":"9203869.00000000000","Rotation":0,"NAMOBJ":"Sidorejo","WADMKC":"Sugio","WADMKK":"Lamongan"},"geometry":{"type":"Point","coordinates":[112.3,-7.2]}},{"type":"Feature","properties":{"Line":"R118","Tr":2922,"X":"638300.50000000000","Y":"9203856.50000000000","Rotation":0,"NAMOBJ":"Sidorejo","WADMKC":"Sugio","WADMKK":"Lamongan"},"geometry":{"type":"Point","coordinates":[112.3,-7.2]}},{"type":"Feature","properties":{"Line":"R118","Tr":2923,"X":"638300.50000000000","Y":"9203844.00000000000","Rotation":0,"NAMOBJ":"Sidorejo","WADMKC":"Sugio","WADMKK":"Lamongan"},"geometry":{"type":"Point","coordinates":[112.3,-7.2]}},{"type":"Feature","properties":{"Line":"R124","Tr":2649,"X":"641300.50000000000","Y":"9208319.00000000000","Rotation":0,"NAMOBJ":"Supenuh","WADMKC":"Sugio","WADMKK":"Lamongan"},"geometry":{"type":"Point","coordinates":[112.3,-7.2]}},{"type":"Feature","properties":{"Line":"R124","Tr":2650,"X":"641300.50000000000","Y":"9208306.50000000000","Rotation":0,"NAMOBJ":"Supenuh","WADMKC":"Sugio","WADMKK":"Lamongan"},"geometry":{"type":"Point","coordinates":[112.3,-7.2]}},{"type":"Feature","properties":{"Line":"R124","Tr":2658,"X":"641300.50000000000","Y":"9208206.50000000000","Rotation":0,"NAMOBJ":"Supenuh","WADMKC":"Sugio","WADMKK":"Lamongan"},"geometry":{"type":"Point","coordinates":[112.3,-7.2]}},{"type":"Feature","properties":{"Line":"R124","Tr":2659,"X":"641300.50000000000","Y":"9208194.00000000000","Rotation":0,"NAMOBJ":"Supenuh","WADMKC":"Sugio","WADMKK":"Lamongan"},"geometry":{"type":"Point","coordinates":[112.3,-7.2]}},{"type":"Feature","properties":{"Line":"R124","Tr":2660,"X":"641300.50000000000","Y":"9208181.50000000000","Rotation":0,"NAMOBJ":"Supenuh","WADMKC":"Sugio","WADMKK":"Lamongan"},"geometry":{"type":"Point","coordinates":[112.3,-7.2]}},{"type":"Feature","properties":{"Line":"R124","Tr":2661,"X":"641300.50000000000","Y":"9208169.00000000000","Rotation":0,"NAMOBJ":"Supenuh","WADMKC":"Sugio","WADMKK":"Lamongan"},"geometry":{"type":"Point","coordinates":[112.3,-7.2]}},{"type":"Feature","properties":{"Line":"R124","Tr":2662,"X":"641300.50000000000","Y":"9208156.50000000000","Rotation":0,"NAMOBJ":"Supenuh","WADMKC":"Sugio","WADMKK":"Lamongan"},"geometry":{"type":"Point","coordinates":[112.3,-7.2]}},{"type":"Feature","properties":{"Line":"R124","Tr":2663,"X":"641300.50000000000","Y":"9208144.00000000000","Rotation":0,"NAMOBJ":"Supenuh","WADMKC":"Sugio","WADMKK":"Lamongan"},"geometry":{"type":"Point","coordinates":[112.3,-7.2]}},{"type":"Feature","properties":{"Line":"R124","Tr":2664,"X":"641300.50000000000","Y":"9208131.50000000000","Rotation":0,"NAMOBJ":"Supenuh","WADMKC":"Sugio","WADMKK":"Lamongan"},"geometry":{"type":"Point","coordinates":[112.3,-7.2]}},{"type":"Feature","properties":{"Line":"R124","Tr":2665,"X":"641300.50000000000","Y":"9208119.00000000000","Rotation":0,"NAMOBJ":"Supenuh","WADMKC":"Sugio","WADMKK":"Lamongan"},"geometry":{"type":"Point","coordinates":[112.3,-7.2]}},{"type":"Feature","properties":{"Line":"R124","Tr":2666,"X":"641300.50000000000","Y":"9208106.50000000000","Rotation":0,"NAMOBJ":"Supenuh","WADMKC":"Sugio","WADMKK":"Lamongan"},"geometry":{"type":"Point","coordinates":[112.3,-7.2]}},{"type":"Feature","properties":{"Line":"R124","Tr":2667,"X":"641300.50000000000","Y":"9208094.00000000000","Rotation":0,"NAMOBJ":"Supenuh","WADMKC":"Sugio","WADMKK":"Lamongan"},"geometry":{"type":"Point","coordinates":[112.3,-7.2]}},{"type":"Feature","properties":{"Line":"R124","Tr":2668,"X":"641300.50000000000","Y":"9208081.50000000000","Rotation":0,"NAMOBJ":"Supenuh","WADMKC":"Sugio","WADMKK":"Lamongan"},"geometry":{"type":"Point","coordinates":[112.3,-7.2]}},{"type":"Feature","properties":{"Line":"R124","Tr":2669,"X":"641300.50000000000","Y":"9208069.00000000000","Rotation":0,"NAMOBJ":"Supenuh","WADMKC":"Sugio","WADMKK":"Lamongan"},"geometry":{"type":"Point","coordinates":[112.3,-7.2]}},{"type":"Feature","properties":{"Line":"R124","Tr":2670,"X":"641300.50000000000","Y":"9208056.50000000000","Rotation":0,"NAMOBJ":"Supenuh","WADMKC":"Sugio","WADMKK":"Lamongan"},"geometry":{"type":"Point","coordinates":[112.3,-7.2]}},{"type":"Feature","properties":{"Line":"R124","Tr":2671,"X":"641300.50000000000","Y":"9208044.00000000000","Rotation":0,"NAMOBJ":"Supenuh","WADMKC":"Sugio","WADMKK":"Lamongan"},"geometry":{"type":"Point","coordinates":[112.3,-7.2]}},{"type":"Feature","properties":{"Line":"R124","Tr":2672,"X":"641300.50000000000","Y":"9208031.50000000000","Rotation":0,"NAMOBJ":"Supenuh","WADMKC":"Sugio","WADMKK":"Lamongan"},"geometry":{"type":"Point","coordinates":[112.3,-7.2]}},{"type":"Feature","properties":{"Line":"R124","Tr":2673,"X":"641300.50000000000","Y":"9208019.00000000000","Rotation":0,"NAMOBJ":"Supenuh","WADMKC":"Sugio","WADMKK":"Lamongan"},"geometry":{"type":"Point","coordinates":[112.3,-7.2]}},{"type":"Feature","properties":{"Line":"R124","Tr":2674,"X":"641300.50000000000","Y":"9208006.50000000000","Rotation":0,"NAMOBJ":"Supenuh","WADMKC":"Sugio","WADMKK":"Lamongan"},"geometry":{"type":"Point","coordinates":[112.3,-7.2]}},{"type":"Feature","properties":{"Line":"R124","Tr":2675,"X":"641300.50000000000","Y":"9207994.00000000000","Rotation":0,"NAMOBJ":"Supenuh","WADMKC":"Sugio","WADMKK":"Lamongan"},"geometry":{"type":"Point","coordinates":[112.3,-7.2]}},{"type":"Feature","properties":{"Line":"R124","Tr":2676,"X":"641300.50000000000","Y":"9207981.50000000000","Rotation":0,"NAMOBJ":"Supenuh","WADMKC":"Sugio","WADMKK":"Lamongan"},"geometry":{"type":"Point","coordinates":[112.3,-7.2]}},{"type":"Feature","properties":{"Line":"R124","Tr":2677,"X":"641300.50000000000","Y":"9207969.00000000000","Rotation":0,"NAMOBJ":"Supenuh","WADMKC":"Sugio","WADMKK":"Lamongan"},"geometry":{"type":"Point","coordinates":[112.3,-7.2]}},{"type":"Feature","properties":{"Line":"R124","Tr":2678,"X":"641300.50000000000","Y":"9207956.50000000000","Rotation":0,"NAMOBJ":"Supenuh","WADMKC":"Sugio","WADMKK":"Lamongan"},"geometry":{"type":"Point","coordinates":[112.3,-7.2]}},{"type":"Feature","properties":{"Line":"R124","Tr":2679,"X":"641300.50000000000","Y":"9207944.00000000000","Rotation":0,"NAMOBJ":"Supenuh","WADMKC":"Sugio","WADMKK":"Lamongan"},"geometry":{"type":"Point","coordinates":[112.3,-7.2]}},{"type":"Feature","properties":{"Line":"R124","Tr":2680,"X":"641300.50000000000","Y":"9207931.50000000000","Rotation":0,"NAMOBJ":"Supenuh","WADMKC":"Sugio","WADMKK":"Lamongan"},"geometry":{"type":"Point","coordinates":[112.3,-7.2]}},{"type":"Feature","properties":{"Line":"R124","Tr":2681,"X":"641300.50000000000","Y":"9207919.00000000000","Rotation":0,"NAMOBJ":"Supenuh","WADMKC":"Sugio","WADMKK":"Lamongan"},"geometry":{"type":"Point","coordinates":[112.3,-7.2]}},{"type":"Feature","properties":{"Line":"R124","Tr":2682,"X":"641300.50000000000","Y":"9207906.50000000000","Rotation":0,"NAMOBJ":"Supenuh","WADMKC":"Sugio","WADMKK":"Lamongan"},"geometry":{"type":"Point","coordinates":[112.3,-7.2]}},{"type":"Feature","properties":{"Line":"R124","Tr":2683,"X":"641300.50000000000","Y":"9207894.00000000000","Rotation":0,"NAMOBJ":"Supenuh","WADMKC":"Sugio","WADMKK":"Lamongan"},"geometry":{"type":"Point","coordinates":[112.3,-7.2]}},{"type":"Feature","properties":{"Line":"R124","Tr":2684,"X":"641300.50000000000","Y":"9207881.50000000000","Rotation":0,"NAMOBJ":"Supenuh","WADMKC":"Sugio","WADMKK":"Lamongan"},"geometry":{"type":"Point","coordinates":[112.3,-7.2]}},{"type":"Feature","properties":{"Line":"R124","Tr":2685,"X":"641300.50000000000","Y":"9207869.00000000000","Rotation":0,"NAMOBJ":"Supenuh","WADMKC":"Sugio","WADMKK":"Lamongan"},"geometry":{"type":"Point","coordinates":[112.3,-7.2]}},{"type":"Feature","properties":{"Line":"R124","Tr":2686,"X":"641300.50000000000","Y":"9207856.50000000000","Rotation":0,"NAMOBJ":"Supenuh","WADMKC":"Sugio","WADMKK":"Lamongan"},"geometry":{"type":"Point","coordinates":[112.3,-7.2]}},{"type":"Feature","properties":{"Line":"R124","Tr":2687,"X":"641300.50000000000","Y":"9207844.00000000000","Rotation":0,"NAMOBJ":"Supenuh","WADMKC":"Sugio","WADMKK":"Lamongan"},"geometry":{"type":"Point","coordinates":[112.3,-7.2]}},{"type":"Feature","properties":{"Line":"R124","Tr":2688,"X":"641300.50000000000","Y":"9207831.50000000000","Rotation":0,"NAMOBJ":"Supenuh","WADMKC":"Sugio","WADMKK":"Lamongan"},"geometry":{"type":"Point","coordinates":[112.3,-7.2]}},{"type":"Feature","properties":{"Line":"R124","Tr":2689,"X":"641300.50000000000","Y":"9207819.00000000000","Rotation":0,"NAMOBJ":"Supenuh","WADMKC":"Sugio","WADMKK":"Lamongan"},"geometry":{"type":"Point","coordinates":[112.3,-7.2]}},{"type":"Feature","properties":{"Line":"R124","Tr":2690,"X":"641300.50000000000","Y":"9207806.50000000000","Rotation":0,"NAMOBJ":"Supenuh","WADMKC":"Sugio","WADMKK":"Lamongan"},"geometry":{"type":"Point","coordinates":[112.3,-7.2]}},{"type":"Feature","properties":{"Line":"R124","Tr":2691,"X":"641300.50000000000","Y":"9207794.00000000000","Rotation":0,"NAMOBJ":"Supenuh","WADMKC":"Sugio","WADMKK":"Lamongan"},"geometry":{"type":"Point","coordinates":[112.3,-7.2]}},{"type":"Feature","properties":{"Line":"R124","Tr":2692,"X":"641300.50000000000","Y":"9207781.50000000000","Rotation":0,"NAMOBJ":"Supenuh","WADMKC":"Sugio","WADMKK":"Lamongan"},"geometry":{"type":"Point","coordinates":[112.3,-7.2]}},{"type":"Feature","properties":{"Line":"R124","Tr":2693,"X":"641300.50000000000","Y":"9207769.00000000000","Rotation":0,"NAMOBJ":"Supenuh","WADMKC":"Sugio","WADMKK":"Lamongan"},"geometry":{"type":"Point","coordinates":[112.3,-7.2]}},{"type":"Feature","properties":{"Line":"R124","Tr":2694,"X":"641300.50000000000","Y":"9207756.50000000000","Rotation":0,"NAMOBJ":"Supenuh","WADMKC":"Sugio","WADMKK":"Lamongan"},"geometry":{"type":"Point","coordinates":[112.3,-7.2]}},{"type":"Feature","properties":{"Line":"R124","Tr":2695,"X":"641300.50000000000","Y":"9207744.00000000000","Rotation":0,"NAMOBJ":"Supenuh","WADMKC":"Sugio","WADMKK":"Lamongan"},"geometry":{"type":"Point","coordinates":[112.3,-7.2]}},{"type":"Feature","properties":{"Line":"R124","Tr":2696,"X":"641300.50000000000","Y":"9207731.50000000000","Rotation":0,"NAMOBJ":"Supenuh","WADMKC":"Sugio","WADMKK":"Lamongan"},"geometry":{"type":"Point","coordinates":[112.3,-7.2]}},{"type":"Feature","properties":{"Line":"R124","Tr":2697,"X":"641300.50000000000","Y":"9207719.00000000000","Rotation":0,"NAMOBJ":"Supenuh","WADMKC":"Sugio","WADMKK":"Lamongan"},"geometry":{"type":"Point","coordinates":[112.3,-7.2]}},{"type":"Feature","properties":{"Line":"R124","Tr":2698,"X":"641300.50000000000","Y":"9207706.50000000000","Rotation":0,"NAMOBJ":"Supenuh","WADMKC":"Sugio","WADMKK":"Lamongan"},"geometry":{"type":"Point","coordinates":[112.3,-7.2]}},{"type":"Feature","properties":{"Line":"R124","Tr":2699,"X":"641300.50000000000","Y":"9207694.00000000000","Rotation":0,"NAMOBJ":"Supenuh","WADMKC":"Sugio","WADMKK":"Lamongan"},"geometry":{"type":"Point","coordinates":[112.3,-7.2]}},{"type":"Feature","properties":{"Line":"R124","Tr":2700,"X":"641300.50000000000","Y":"9207681.50000000000","Rotation":0,"NAMOBJ":"Supenuh","WADMKC":"Sugio","WADMKK":"Lamongan"},"geometry":{"type":"Point","coordinates":[112.3,-7.2]}},{"type":"Feature","properties":{"Line":"R124","Tr":2701,"X":"641300.50000000000","Y":"9207669.00000000000","Rotation":0,"NAMOBJ":"Supenuh","WADMKC":"Sugio","WADMKK":"Lamongan"},"geometry":{"type":"Point","coordinates":[112.3,-7.2]}},{"type":"Feature","properties":{"Line":"R124","Tr":2702,"X":"641300.50000000000","Y":"9207656.50000000000","Rotation":0,"NAMOBJ":"Supenuh","WADMKC":"Sugio","WADMKK":"Lamongan"},"geometry":{"type":"Point","coordinates":[112.3,-7.2]}},{"type":"Feature","properties":{"Line":"R124","Tr":2703,"X":"641300.50000000000","Y":"9207644.00000000000","Rotation":0,"NAMOBJ":"Supenuh","WADMKC":"Sugio","WADMKK":"Lamongan"},"geometry":{"type":"Point","coordinates":[112.3,-7.2]}},{"type":"Feature","properties":{"Line":"R124","Tr":2704,"X":"641300.50000000000","Y":"9207631.50000000000","Rotation":0,"NAMOBJ":"Supenuh","WADMKC":"Sugio","WADMKK":"Lamongan"},"geometry":{"type":"Point","coordinates":[112.3,-7.2]}},{"type":"Feature","properties":{"Line":"R124","Tr":2705,"X":"641300.50000000000","Y":"9207619.00000000000","Rotation":0,"NAMOBJ":"Supenuh","WADMKC":"Sugio","WADMKK":"Lamongan"},"geometry":{"type":"Point","coordinates":[112.3,-7.2]}},{"type":"Feature","properties":{"Line":"R124","Tr":2706,"X":"641300.50000000000","Y":"9207606.50000000000","Rotation":0,"NAMOBJ":"Supenuh","WADMKC":"Sugio","WADMKK":"Lamongan"},"geometry":{"type":"Point","coordinates":[112.3,-7.2]}},{"type":"Feature","properties":{"Line":"R124","Tr":2707,"X":"641300.50000000000","Y":"9207594.00000000000","Rotation":0,"NAMOBJ":"Supenuh","WADMKC":"Sugio","WADMKK":"Lamongan"},"geometry":{"type":"Point","coordinates":[112.3,-7.2]}},{"type":"Feature","properties":{"Line":"R124","Tr":2708,"X":"641300.50000000000","Y":"9207581.50000000000","Rotation":0,"NAMOBJ":"Supenuh","WADMKC":"Sugio","WADMKK":"Lamongan"},"geometry":{"type":"Point","coordinates":[112.3,-7.2]}},{"type":"Feature","properties":{"Line":"R124","Tr":2738,"X":"641300.50000000000","Y":"9207206.50000000000","Rotation":0,"NAMOBJ":"Supenuh","WADMKC":"Sugio","WADMKK":"Lamongan"},"geometry":{"type":"Point","coordinates":[112.3,-7.2]}},{"type":"Feature","properties":{"Line":"R124","Tr":2739,"X":"641300.50000000000","Y":"9207194.00000000000","Rotation":0,"NAMOBJ":"Supenuh","WADMKC":"Sugio","WADMKK":"Lamongan"},"geometry":{"type":"Point","coordinates":[112.3,-7.2]}},{"type":"Feature","properties":{"Line":"R124","Tr":2740,"X":"641300.50000000000","Y":"9207181.50000000000","Rotation":0,"NAMOBJ":"Supenuh","WADMKC":"Sugio","WADMKK":"Lamongan"},"geometry":{"type":"Point","coordinates":[112.3,-7.2]}},{"type":"Feature","properties":{"Line":"R124","Tr":2741,"X":"641300.50000000000","Y":"9207169.00000000000","Rotation":0,"NAMOBJ":"Supenuh","WADMKC":"Sugio","WADMKK":"Lamongan"},"geometry":{"type":"Point","coordinates":[112.3,-7.2]}},{"type":"Feature","properties":{"Line":"R124","Tr":2742,"X":"641300.50000000000","Y":"9207156.50000000000","Rotation":0,"NAMOBJ":"Supenuh","WADMKC":"Sugio","WADMKK":"Lamongan"},"geometry":{"type":"Point","coordinates":[112.3,-7.2]}},{"type":"Feature","properties":{"Line":"R124","Tr":2743,"X":"641300.50000000000","Y":"9207144.00000000000","Rotation":0,"NAMOBJ":"Supenuh","WADMKC":"Sugio","WADMKK":"Lamongan"},"geometry":{"type":"Point","coordinates":[112.3,-7.2]}},{"type":"Feature","properties":{"Line":"R124","Tr":2744,"X":"641300.50000000000","Y":"9207131.50000000000","Rotation":0,"NAMOBJ":"Supenuh","WADMKC":"Sugio","WADMKK":"Lamongan"},"geometry":{"type":"Point","coordinates":[112.3,-7.2]}},{"type":"Feature","properties":{"Line":"R124","Tr":2745,"X":"641300.50000000000","Y":"9207119.00000000000","Rotation":0,"NAMOBJ":"Supenuh","WADMKC":"Sugio","WADMKK":"Lamongan"},"geometry":{"type":"Point","coordinates":[112.3,-7.2]}},{"type":"Feature","properties":{"Line":"R124","Tr":2746,"X":"641300.50000000000","Y":"9207106.50000000000","Rotation":0,"NAMOBJ":"Supenuh","WADMKC":"Sugio","WADMKK":"Lamongan"},"geometry":{"type":"Point","coordinates":[112.3,-7.2]}},{"type":"Feature","properties":{"Line":"R124","Tr":2747,"X":"641300.50000000000","Y":"9207094.00000000000","Rotation":0,"NAMOBJ":"Supenuh","WADMKC":"Sugio","WADMKK":"Lamongan"},"geometry":{"type":"Point","coordinates":[112.3,-7.2]}},{"type":"Feature","properties":{"Line":"R124","Tr":2748,"X":"641300.50000000000","Y":"9207081.50000000000","Rotation":0,"NAMOBJ":"Supenuh","WADMKC":"Sugio","WADMKK":"Lamongan"},"geometry":{"type":"Point","coordinates":[112.3,-7.2]}},{"type":"Feature","properties":{"Line":"R124","Tr":2749,"X":"641300.50000000000","Y":"9207069.00000000000","Rotation":0,"NAMOBJ":"Supenuh","WADMKC":"Sugio","WADMKK":"Lamongan"},"geometry":{"type":"Point","coordinates":[112.3,-7.2]}},{"type":"Feature","properties":{"Line":"R124","Tr":2750,"X":"641300.50000000000","Y":"9207056.50000000000","Rotation":0,"NAMOBJ":"Supenuh","WADMKC":"Sugio","WADMKK":"Lamongan"},"geometry":{"type":"Point","coordinates":[112.3,-7.2]}},{"type":"Feature","properties":{"Line":"R124","Tr":2751,"X":"641300.50000000000","Y":"9207044.00000000000","Rotation":0,"NAMOBJ":"Supenuh","WADMKC":"Sugio","WADMKK":"Lamongan"},"geometry":{"type":"Point","coordinates":[112.3,-7.2]}},{"type":"Feature","properties":{"Line":"R124","Tr":2752,"X":"641300.50000000000","Y":"9207031.50000000000","Rotation":0,"NAMOBJ":"Supenuh","WADMKC":"Sugio","WADMKK":"Lamongan"},"geometry":{"type":"Point","coordinates":[112.3,-7.2]}},{"type":"Feature","properties":{"Line":"R124","Tr":2753,"X":"641300.50000000000","Y":"9207019.00000000000","Rotation":0,"NAMOBJ":"Supenuh","WADMKC":"Sugio","WADMKK":"Lamongan"},"geometry":{"type":"Point","coordinates":[112.3,-7.2]}},{"type":"Feature","properties":{"Line":"R124","Tr":2754,"X":"641300.50000000000","Y":"9207006.50000000000","Rotation":0,"NAMOBJ":"Supenuh","WADMKC":"Sugio","WADMKK":"Lamongan"},"geometry":{"type":"Point","coordinates":[112.3,-7.2]}},{"type":"Feature","properties":{"Line":"R124","Tr":2755,"X":"641300.50000000000","Y":"9206994.00000000000","Rotation":0,"NAMOBJ":"Supenuh","WADMKC":"Sugio","WADMKK":"Lamongan"},"geometry":{"type":"Point","coordinates":[112.3,-7.2]}},{"type":"Feature","properties":{"Line":"R124","Tr":2756,"X":"641300.50000000000","Y":"9206981.50000000000","Rotation":0,"NAMOBJ":"Supenuh","WADMKC":"Sugio","WADMKK":"Lamongan"},"geometry":{"type":"Point","coordinates":[112.3,-7.2]}}]}