{"type":"FeatureCollection","features":[{"type":"Feature","properties":{"Line":"R126","Tr":2846,"X":"642300.5","Y":"9204556.5","Rotation":0,"NAMOBJ":"Daliwangun","WADMKC":"Sugio","WADMKK":"Lamongan"},"geometry":{"type":"Point","coordinates":[112.3,-7.2]}},{"type":"Feature","properties":{"Line":"R126","Tr":2847,"X":"642300.5","Y":"9204544.0","Rotation":0,"NAMOBJ":"Daliwangun","WADMKC":"Sugio","WADMKK":"Lamongan"},"geometry":{"type":"Point","coordinates":[112.3,-7.2]}},{"type":"Feature","properties":{"Line":"R126","Tr":2848,"X":"642300.5","Y":"9204531.5","Rotation":0,"NAMOBJ":"Daliwangun","WADMKC":"Sugio","WADMKK":"Lamongan"},"geometry":{"type":"Point","coordinates":[112.3,-7.2]}},{"type":"Feature","properties":{"Line":"R126","Tr":2849,"X":"642300.5","Y":"9204519.0","Rotation":0,"NAMOBJ":"Daliwangun","WADMKC":"Sugio","WADMKK":"Lamongan"},"geometry":{"type":"Point","coordinates":[112.3,-7.2]}},{"type":"Feature","properties":{"Line":"R126","Tr":2850,"X":"642300.5","Y":"9204506.5","Rotation":0,"NAMOBJ":"Daliwangun","WADMKC":"Sugio","WADMKK":"Lamongan"},"geometry":{"type":"Point","coordinates":[112.3,-7.2]}},{"type":"Feature","properties":{"Line":"R126","Tr":2851,"X":"642300.5","Y":"9204494.0","Rotation":0,"NAMOBJ":"Daliwangun","WADMKC":"Sugio","WADMKK":"Lamongan"},"geometry":{"type":"Point","coordinates":[112.3,-7.2]}},{"type":"Feature","properties":{"Line":"R126","Tr":2852,"X":"642300.5","Y":"9204481.5","Rotation":0,"NAMOBJ":"Daliwangun","WADMKC":"Sugio","WADMKK":"Lamongan"},"geometry":{"type":"Point","coordinates":[112.3,-7.2]}},{"type":"Feature","properties":{"Line":"R126","Tr":2853,"X":"642300.5","Y":"9204469.0","Rotation":0,"NAMOBJ":"Daliwangun","WADMKC":"Sugio","WADMKK":"Lamongan"},"geometry":{"type":"Point","coordinates":[112.3,-7.2]}},{"type":"Feature","properties":{"Line":"R126","Tr":2854,"X":"642300.5","Y":"9204456.5","Rotation":0,"NAMOBJ":"Daliwangun","WADMKC":"Sugio","WADMKK":"Lamongan"},"geometry":{"type":"Point","coordinates":[112.3,-7.2]}},{"type":"Feature","properties":{"Line":"R126","Tr":2855,"X":"642300.5","Y":"9204444.0","Rotation":0,"NAMOBJ":"Daliwangun","WADMKC":"Sugio","WADMKK":"Lamongan"},"geometry":{"type":"Point","coordinates":[112.3,-7.2]}},{"type":"Feature","properties":{"Line":"R126","Tr":2856,"X":"642300.5","Y":"9204431.5","Rotation":0,"NAMOBJ":"Daliwangun","WADMKC":"Sugio","WADMKK":"Lamongan"},"geometry":{"type":"Point","coordinates":[112.3,-7.2]}},{"type":"Feature","properties":{"Line":"R126","Tr":2857,"X":"642300.5","Y":"9204419.0","Rotation":0,"NAMOBJ":"Daliwangun","WADMKC":"Sugio","WADMKK":"Lamongan"},"geometry":{"type":"Point","coordinates":[112.3,-7.2]}},{"type":"Feature","properties":{"Line":"R126","Tr":2858,"X":"642300.5","Y":"9204406.5","Rotation":0,"NAMOBJ":"Daliwangun","WADMKC":"Sugio","WADMKK":"Lamongan"},"geometry":{"type":"Point","coordinates":[112.3,-7.2]}},{"type":"Feature","properties":{"Line":"R126","Tr":2859,"X":"642300.5","Y":"9204394.0","Rotation":0,"NAMOBJ":"Daliwangun","WADMKC":"Sugio","WADMKK":"Lamongan"},"geometry":{"type":"Point","coordinates":[112.3,-7.2]}},{"type":"Feature","properties":{"Line":"R126","Tr":2860,"X":"642300.5","Y":"9204381.5","Rotation":0,"NAMOBJ":"Daliwangun","WADMKC":"Sugio","WADMKK":"Lamongan"},"geometry":{"type":"Point","coordinates":[112.3,-7.2]}},{"type":"Feature","properties":{"Line":"R126","Tr":2861,"X":"642300.5","Y":"9204369.0","Rotation":0,"NAMOBJ":"Daliwangun","WADMKC":"Sugio","WADMKK":"Lamongan"},"geometry":{"type":"Point","coordinates":[112.3,-7.2]}},{"type":"Feature","properties":{"Line":"R126","Tr":2862,"X":"642300.5","Y":"9204356.5","Rotation":0,"NAMOBJ":"Daliwangun","WADMKC":"Sugio","WADMKK":"Lamongan"},"geometry":{"type":"Point","coordinates":[112.3,-7.2]}},{"type":"Feature","properties":{"Line":"R126","Tr":2863,"X":"642300.5","Y":"9204344.0","Rotation":0,"NAMOBJ":"Daliwangun","WADMKC":"Sugio","WADMKK":"Lamongan"},"geometry":{"type":"Point","coordinates":[112.3,-7.2]}},{"type":"Feature","properties":{"Line":"R126","Tr":2864,"X":"642300.5","Y":"9204331.5","Rotation":0,"NAMOBJ":"Daliwangun","WADMKC":"Sugio","WADMKK":"Lamongan"},"geometry":{"type":"Point","coordinates":[112.3,-7.2]}},{"type":"Feature","properties":{"Line":"R126","Tr":2865,"X":"642300.5","Y":"9204319.0","Rotation":0,"NAMOBJ":"Daliwangun","WADMKC":"Sugio","WADMKK":"Lamongan"},"geometry":{"type":"Point","coordinates":[112.3,-7.2]}},{"type":"Feature","properties":{"Line":"R126","Tr":2866,"X":"642300.5","Y":"9204306.5","Rotation":0,"NAMOBJ":"Daliwangun","WADMKC":"Sugio","WADMKK":"Lamongan"},"geometry":{"type":"Point","coordinates":[112.3,-7.2]}},{"type":"Feature","properties":{"Line":"R126","Tr":2867,"X":"642300.5","Y":"9204294.0","Rotation":0,"NAMOBJ":"Daliwangun","WADMKC":"Sugio","WADMKK":"Lamongan"},"geometry":{"type":"Point","coordinates":[112.3,-7.2]}},{"type":"Feature","properties":{"Line":"R126","Tr":2868,"X":"642300.5","Y":"9204281.5","Rotation":0,"NAMOBJ":"Daliwangun","WADMKC":"Sugio","WADMKK":"Lamongan"},"geometry":{"type":"Point","coordinates":[112.3,-7.2]}},{"type":"Feature","properties":{"Line":"R126","Tr":2869,"X":"642300.5","Y":"9204269.0","Rotation":0,"NAMOBJ":"Daliwangun","WADMKC":"Sugio","WADMKK":"Lamongan"},"geometry":{"type":"Point","coordinates":[112.3,-7.2]}},{"type":"Feature","properties":{"Line":"R126","Tr":2870,"X":"642300.5","Y":"9204256.5","Rotation":0,"NAMOBJ":"Daliwangun","WADMKC":"Sugio","WADMKK":"Lamongan"},"geometry":{"type":"Point","coordinates":[112.3,-7.2]}},{"type":"Feature","properties":{"Line":"R126","Tr":2871,"X":"642300.5","Y":"9204244.0","Rotation":0,"NAMOBJ":"Daliwangun","WADMKC":"Sugio","WADMKK":"Lamongan"},"geometry":{"type":"Point","coordinates":[112.3,-7.2]}},{"type":"Feature","properties":{"Line":"R126","Tr":2872,"X":"642300.5","Y":"9204231.5","Rotation":0,"NAMOBJ":"Daliwangun","WADMKC":"Sugio","WADMKK":"Lamongan"},"geometry":{"type":"Point","coordinates":[112.3,-7.2]}},{"type":"Feature","properties":{"Line":"R126","Tr":2873,"X":"642300.5","Y":"9204219.0","Rotation":0,"NAMOBJ":"Daliwangun","WADMKC":"Sugio","WADMKK":"Lamongan"},"geometry":{"type":"Point","coordinates":[112.3,-7.2]}},{"type":"Feature","properties":{"Line":"R126","Tr":2874,"X":"642300.5","Y":"9204206.5","Rotation":0,"NAMOBJ":"Daliwangun","WADMKC":"Sugio","WADMKK":"Lamongan"},"geometry":{"type":"Point","coordinates":[112.3,-7.2]}},{"type":"Feature","properties":{"Line":"R126","Tr":2875,"X":"642300.5","Y":"9204194.0","Rotation":0,"NAMOBJ":"Daliwangun","WADMKC":"Sugio","WADMKK":"Lamongan"},"geometry":{"type":"Point","coordinates":[112.3,-7.2]}},{"type":"Feature","properties":{"Line":"R126","Tr":2876,"X":"642300.5","Y":"9204181.5","Rotation":0,"NAMOBJ":"Daliwangun","WADMKC":"Sugio","WADMKK":"Lamongan"},"geometry":{"type":"Point","coordinates":[112.3,-7.2]}},{"type":"Feature","properties":{"Line":"R126","Tr":2877,"X":"642300.5","Y":"9204169.0","Rotation":0,"NAMOBJ":"Daliwangun","WADMKC":"Sugio","WADMKK":"Lamongan"},"geometry":{"type":"Point","coordinates":[112.3,-7.2]}},{"type":"Feature","properties":{"Line":"R126","Tr":2878,"X":"642300.5","Y":"9204156.5","Rotation":0,"NAMOBJ":"Daliwangun","WADMKC":"Sugio","WADMKK":"Lamongan"},"geometry":{"type":"Point","coordinates":[112.3,-7.2]}},{"type":"Feature","properties":{"Line":"R126","Tr":2879,"X":"642300.5","Y":"9204144.0","Rotation":0,"NAMOBJ":"Daliwangun","WADMKC":"Sugio","WADMKK":"Lamongan"},"geometry":{"type":"Point","coordinates":[112.3,-7.2]}},{"type":"Feature","properties":{"Line":"R126","Tr":2880,"X":"642300.5","Y":"9204131.5","Rotation":0,"NAMOBJ":"Daliwangun","WADMKC":"Sugio","WADMKK":"Lamongan"},"geometry":{"type":"Point","coordinates":[112.3,-7.2]}},{"type":"Feature","properties":{"Line":"R126","Tr":2881,"X":"642300.5","Y":"9204119.0","Rotation":0,"NAMOBJ":"Daliwangun","WADMKC":"Sugio","WADMKK":"Lamongan"},"geometry":{"type":"Point","coordinates":[112.3,-7.2]}},{"type":"Feature","properties":{"Line":"R126","Tr":2882,"X":"642300.5","Y":"9204106.5","Rotation":0,"NAMOBJ":"Daliwangun","WADMKC":"Sugio","WADMKK":"Lamongan"},"geometry":{"type":"Point","coordinates":[112.3,-7.2]}},{"type":"Feature","properties":{"Line":"R126","Tr":2883,"X":"642300.5","Y":"9204094.0","Rotation":0,"NAMOBJ":"Daliwangun","WADMKC":"Sugio","WADMKK":"Lamongan"},"geometry":{"type":"Point","coordinates":[112.3,-7.2]}},{"type":"Feature","properties":{"Line":"R126","Tr":2884,"X":"642300.5","Y":"9204081.5","Rotation":0,"NAMOBJ":"Daliwangun","WADMKC":"Sugio","WADMKK":"Lamongan"},"geometry":{"type":"Point","coordinates":[112.3,-7.2]}},{"type":"Feature","properties":{"Line":"R126","Tr":2885,"X":"642300.5","Y":"9204069.0","Rotation":0,"NAMOBJ":"Daliwangun","WADMKC":"Sugio","WADMKK":"Lamongan"},"geometry":{"type":"Point","coordinates":[112.3,-7.2]}},{"type":"Feature","properties":{"Line":"R126","Tr":2886,"X":"642300.5","Y":"9204056.5","Rotation":0,"NAMOBJ":"Daliwangun","WADMKC":"Sugio","WADMKK":"Lamongan"},"geometry":{"type":"Point","coordinates":[112.3,-7.2]}},{"type":"Feature","properties":{"Line":"R126","Tr":2887,"X":"642300.5","Y":"9204044.0","Rotation":0,"NAMOBJ":"Daliwangun","WADMKC":"Sugio","WADMKK":"Lamongan"},"geometry":{"type":"Point","coordinates":[112.3,-7.2]}},{"type":"Feature","properties":{"Line":"R126","Tr":2888,"X":"642300.5","Y":"9204031.5","Rotation":0,"NAMOBJ":"Daliwangun","WADMKC":"Sugio","WADMKK":"Lamongan"},"geometry":{"type":"Point","coordinates":[112.3,-7.2]}},{"type":"Feature","properties":{"Line":"R126","Tr":2889,"X":"642300.5","Y":"9204019.0","Rotation":0,"NAMOBJ":"Daliwangun","WADMKC":"Sugio","WADMKK":"Lamongan"},"geometry":{"type":"Point","coordinates":[112.3,-7.2]}},{"type":"Feature","properties":{"Line":"R126","Tr":2890,"X":"642300.5","Y":"9204006.5","Rotation":0,"NAMOBJ":"Daliwangun","WADMKC":"Sugio","WADMKK":"Lamongan"},"geometry":{"type":"Point","coordinates":[112.3,-7.2]}},{"type":"Feature","properties":{"Line":"R126","Tr":2891,"X":"642300.5","Y":"9203994.0","Rotation":0,"NAMOBJ":"Daliwangun","WADMKC":"Sugio","WADMKK":"Lamongan"},"geometry":{"type":"Point","coordinates":[112.3,-7.2]}},{"type":"Feature","properties":{"Line":"R126","Tr":2892,"X":"642300.5","Y":"9203981.5","Rotation":0,"NAMOBJ":"Daliwangun","WADMKC":"Sugio","WADMKK":"Lamongan"},"geometry":{"type":"Point","coordinates":[112.3,-7.2]}},{"type":"Feature","properties":{"Line":"R126","Tr":2893,"X":"642300.5","Y":"9203969.0","Rotation":0,"NAMOBJ":"Daliwangun","WADMKC":"Sugio","WADMKK":"Lamongan"},"geometry":{"type":"Point","coordinates":[112.3,-7.2]}},{"type":"Feature","properties":{"Line":"R126","Tr":2894,"X":"642300.5","Y":"9203956.5","Rotation":0,"NAMOBJ":"Daliwangun","WADMKC":"Sugio","WADMKK":"Lamongan"},"geometry":{"type":"Point","coordinates":[112.3,-7.2]}},{"type":"Feature","properties":{"Line":"R126","Tr":2895,"X":"642300.5","Y":"9203944.0","Rotation":0,"NAMOBJ":"Daliwangun","WADMKC":"Sugio","WADMKK":"Lamongan"},"geometry":{"type":"Point","coordinates":[112.3,-7.2]}},{"type":"Feature","properties":{"Line":"R126","Tr":2896,"X":"642300.5","Y":"9203931.5","Rotation":0,"NAMOBJ":"Daliwangun","WADMKC":"Sugio","WADMKK":"Lamongan"},"geometry":{"type":"Point","coordinates":[112.3,-7.2]}},{"type":"Feature","properties":{"Line":"R126","Tr":2897,"X":"642300.5","Y":"9203919.0","Rotation":0,"NAMOBJ":"Daliwangun","WADMKC":"Sugio","WADMKK":"Lamongan"},"geometry":{"type":"Point","coordinates":[112.3,-7.2]}},{"type":"Feature","properties":{"Line":"R126","Tr":2898,"X":"642300.5","Y":"9203906.5","Rotation":0,"NAMOBJ":"Daliwangun","WADMKC":"Sugio","WADMKK":"Lamongan"},"geometry":{"type":"Point","coordinates":[112.3,-7.2]}},{"type":"Feature","properties":{"Line":"R126","Tr":2899,"X":"642300.5","Y":"9203894.0","Rotation":0,"NAMOBJ":"Daliwangun","WADMKC":"Sugio","WADMKK":"Lamongan"},"geometry":{"type":"Point","coordinates":[112.3,-7.2]}},{"type":"Feature","properties":{"Line":"R126","Tr":2900,"X":"642300.5","Y":"9203881.5","Rotation":0,"NAMOBJ":"Daliwangun","WADMKC":"Sugio","WADMKK":"Lamongan"},"geometry":{"type":"Point","coordinates":[112.3,-7.2]}},{"type":"Feature","properties":{"Line":"R126","Tr":2901,"X":"642300.5","Y":"9203869.0","Rotation":0,"NAMOBJ":"Daliwangun","WADMKC":"Sugio","WADMKK":"Lamongan"},"geometry":{"type":"Point","coordinates":[112.3,-7.2]}},{"type":"Feature","properties":{"Line":"R126","Tr":2902,"X":"642300.5","Y":"9203856.5","Rotation":0,"NAMOBJ":"Daliwangun","WADMKC":"Sugio","WADMKK":"Lamongan"},"geometry":{"type":"Point","coordinates":[112.3,-7.2]}},{"type":"Feature","properties":{"Line":"R126","Tr":2903,"X":"642300.5","Y":"9203844.0","Rotation":0,"NAMOBJ":"Daliwangun","WADMKC":"Sugio","WADMKK":"Lamongan"},"geometry":{"type":"Point","coordinates":[112.3,-7.2]}},{"type":"Feature","properties":{"Line":"R126","Tr":2904,"X":"642300.5","Y":"9203831.5","Rotation":0,"NAMOBJ":"Daliwangun","WADMKC":"Sugio","WADMKK":"Lamongan"},"geometry":{"type":"Point","coordinates":[112.3,-7.2]}},{"type":"Feature","properties":{"Line":"R126","Tr":2905,"X":"642300.5","Y":"9203819.0","Rotation":0,"NAMOBJ":"Daliwangun","WADMKC":"Sugio","WADMKK":"Lamongan"},"geometry":{"type":"Point","coordinates":[112.3,-7.2]}},{"type":"Feature","properties":{"Line":"R126","Tr":2906,"X":"642300.5","Y":"9203806.5","Rotation":0,"NAMOBJ":"Daliwangun","WADMKC":"Sugio","WADMKK":"Lamongan"},"geometry":{"type":"Point","coordinates":[112.3,-7.2]}},{"type":"Feature","properties":{"Line":"R126","Tr":2907,"X":"642300.5","Y":"9203794.0","Rotation":0,"NAMOBJ":"Daliwangun","WADMKC":"Sugio","WADMKK":"Lamongan"},"geometry":{"type":"Point","coordinates":[112.3,-7.2]}},{"type":"Feature","properties":{"Line":"R126","Tr":2908,"X":"642300.5","Y":"9203781.5","Rotation":0,"NAMOBJ":"Daliwangun","WADMKC":"Sugio","WADMKK":"Lamongan"},"geometry":{"type":"Point","coordinates":[112.3,-7.2]}},{"type":"Feature","properties":{"Line":"R126","Tr":2909,"X":"642300.5","Y":"9203769.0","Rotation":0,"NAMOBJ":"Daliwangun","WADMKC":"Sugio","WADMKK":"Lamongan"},"geometry":{"type":"Point","coordinates":[112.3,-7.2]}},{"type":"Feature","properties":{"Line":"R126","Tr":2910,"X":"642300.5","Y":"9203756.5","Rotation":0,"NAMOBJ":"Daliwangun","WADMKC":"Sugio","WADMKK":"Lamongan"},"geometry":{"type":"Point","coordinates":[112.3,-7.2]}},{"type":"Feature","properties":{"Line":"R126","Tr":2911,"X":"642300.5","Y":"9203744.0","Rotation":0,"NAMOBJ":"Daliwangun","WADMKC":"Sugio","WADMKK":"Lamongan"},"geometry":{"type":"Point","coordinates":[112.3,-7.2]}},{"type":"Feature","properties":{"Line":"R126","Tr":2912,"X":"642300.5","Y":"9203731.5","Rotation":0,"NAMOBJ":"Daliwangun","WADMKC":"Sugio","WADMKK":"Lamongan"},"geometry":{"type":"Point","coordinates":[112.3,-7.2]}},{"type":"Feature","properties":{"Line":"R126","Tr":2913,"X":"642300.5","Y":"9203719.0","Rotation":0,"NAMOBJ":"Daliwangun","WADMKC":"Sugio","WADMKK":"Lamongan"},"geometry":{"type":"Point","coordinates":[112.3,-7.2]}},{"type":"Feature","properties":{"Line":"R126","Tr":2914,"X":"642300.5","Y":"9203706.5","Rotation":0,"NAMOBJ":"Daliwangun","WADMKC":"Sugio","WADMKK":"Lamongan"},"geometry":{"type":"Point","coordinates":[112.3,-7.2]}},{"type":"Feature","properties":{"Line":"R126","Tr":2915,"X":"642300.5","Y":"9203694.0","Rotation":0,"NAMOBJ":"Daliwangun","WADMKC":"Sugio","WADMKK":"Lamongan"},"geometry":{"type":"Point","coordinates":[112.3,-7.2]}},{"type":"Feature","properties":{"Line":"R126","Tr":2916,"X":"642300.5","Y":"9203681.5","Rotation":0,"NAMOBJ":"Daliwangun","WADMKC":"Sugio","WADMKK":"Lamongan"},"geometry":{"type":"Point","coordinates":[112.3,-7.2]}},{"type":"Feature","properties":{"Line":"R126","Tr":2917,"X":"642300.5","Y":"9203669.0","Rotation":0,"NAMOBJ":"Daliwangun","WADMKC":"Sugio","WADMKK":"Lamongan"},"geometry":{"type":"Point","coordinates":[112.3,-7.2]}},{"type":"Feature","properties":{"Line":"R126","Tr":2918,"X":"642300.5","Y":"9203656.5","Rotation":0,"NAMOBJ":"Daliwangun","WADMKC":"Sugio","WADMKK":"Lamongan"},"geometry":{"type":"Point","coordinates":[112.3,-7.2]}},{"type":"Feature","properties":{"Line":"R126","Tr":2919,"X":"642300.5","Y":"9203644.0","Rotation":0,"NAMOBJ":"Daliwangun","WADMKC":"Sugio","WADMKK":"Lamongan"},"geometry":{"type":"Point","coordinates":[112.3,-7.2]}},{"type":"Feature","properties":{"Line":"R126","Tr":2920,"X":"642300.5","Y":"9203631.5","Rotation":0,"NAMOBJ":"Daliwangun","WADMKC":"Sugio","WADMKK":"Lamongan"},"geometry":{"type":"Point","coordinates":[112.3,-7.2]}},{"type":"Feature","properties":{"Line":"R126","Tr":2921,"X":"642300.5","Y":"9203619.0","Rotation":0,"NAMOBJ":"Daliwangun","WADMKC":"Sugio","WADMKK":"Lamongan"},"geometry":{"type":"Point","coordinates":[112.3,-7.2]}},{"type":"Feature","properties":{"Line":"R126","Tr":2922,"X":"642300.5","Y":"9203606.5","Rotation":0,"NAMOBJ":"Daliwangun","WADMKC":"Sugio","WADMKK":"Lamongan"},"geometry":{"type":"Point","coordinates":[112.3,-7.2]}},{"type":"Feature","properties":{"Line":"R126","Tr":2923,"X":"642300.5","Y":"9203594.0","Rotation":0,"NAMOBJ":"Daliwangun","WADMKC":"Sugio","WADMKK":"Lamongan"},"geometry":{"type":"Point","coordinates":[112.3,-7.2]}},{"type":"Feature","properties":{"Line":"R126","Tr":2924,"X":"642300.5","Y":"9203581.5","Rotation":0,"NAMOBJ":"Daliwangun","WADMKC":"Sugio","WADMKK":"Lamongan"},"geometry":{"type":"Point","coordinates":[112.3,-7.2]}},{"type":"Feature","properties":{"Line":"R126","Tr":2925,"X":"642300.5","Y":"9203569.0","Rotation":0,"NAMOBJ":"Daliwangun","WADMKC":"Sugio","WADMKK":"Lamongan"},"geometry":{"type":"Point","coordinates":[112.3,-7.2]}},{"type":"Feature","properties":{"Line":"R126","Tr":2926,"X":"642300.5","Y":"9203556.5","Rotation":0,"NAMOBJ":"Daliwangun","WADMKC":"Sugio","WADMKK":"Lamongan"},"geometry":{"type":"Point","coordinates":[112.3,-7.2]}},{"type":"Feature","properties":{"Line":"R126","Tr":2927,"X":"642300.5","Y":"9203544.0","Rotation":0,"NAMOBJ":"Daliwangun","WADMKC":"Sugio","WADMKK":"Lamongan"},"geometry":{"type":"Point","coordinates":[112.3,-7.2]}},{"type":"Feature","properties":{"Line":"R126","Tr":2928,"X":"642300.5","Y":"9203531.5","Rotation":0,"NAMOBJ":"Daliwangun","WADMKC":"Sugio","WADMKK":"Lamongan"},"geometry":{"type":"Point","coordinates":[112.3,-7.2]}},{"type":"Feature","properties":{"Line":"R126","Tr":2929,"X":"642300.5","Y":"9203519.0","Rotation":0,"NAMOBJ":"Daliwangun","WADMKC":"Sugio","WADMKK":"Lamongan"},"geometry":{"type":"Point","coordinates":[112.3,-7.2]}},{"type":"Feature","properties":{"Line":"R126","Tr":2930,"X":"642300.5","Y":"9203506.5","Rotation":0,"NAMOBJ":"Daliwangun","WADMKC":"Sugio","WADMKK":"Lamongan"},"geometry":{"type":"Point","coordinates":[112.3,-7.2]}},{"type":"Feature","properties":{"Line":"R126","Tr":2931,"X":"642300.5","Y":"9203494.0","Rotation":0,"NAMOBJ":"Daliwangun","WADMKC":"Sugio","WADMKK":"Lamongan"},"geometry":{"type":"Point","coordinates":[112.3,-7.2]}},{"type":"Feature","properties":{"Line":"R126","Tr":2932,"X":"642300.5","Y":"9203481.5","Rotation":0,"NAMOBJ":"Daliwangun","WADMKC":"Sugio","WADMKK":"Lamongan"},"geometry":{"type":"Point","coordinates":[112.3,-7.2]}},{"type":"Feature","properties":{"Line":"R126","Tr":2933,"X":"642300.5","Y":"9203469.0","Rotation":0,"NAMOBJ":"Daliwangun","WADMKC":"Sugio","WADMKK":"Lamongan"},"geometry":{"type":"Point","coordinates":[112.3,-7.2]}},{"type":"Feature","properties":{"Line":"R126","Tr":2934,"X":"642300.5","Y":"9203456.5","Rotation":0,"NAMOBJ":"Daliwangun","WADMKC":"Sugio","WADMKK":"Lamongan"},"geometry":{"type":"Point","coordinates":[112.3,-7.2]}},{"type":"Feature","properties":{"Line":"R126","Tr":2935,"X":"642300.5","Y":"9203444.0","Rotation":0,"NAMOBJ":"Daliwangun","WADMKC":"Sugio","WADMKK":"Lamongan"},"geometry":{"type":"Point","coordinates":[112.3,-7.2]}},{"type":"Feature","properties":{"Line":"R126","Tr":2936,"X":"642300.5","Y":"9203431.5","Rotation":0,"NAMOBJ":"Daliwangun","WADMKC":"Sugio","WADMKK":"Lamongan"},"geometry":{"type":"Point","coordinates":[112.3,-7.2]}},{"type":"Feature","properties":{"Line":"R126","Tr":2937,"X":"642300.5","Y":"9203419.0","Rotation":0,"NAMOBJ":"Daliwangun","WADMKC":"Sugio","WADMKK":"Lamongan"},"geometry":{"type":"Point","coordinates":[112.3,-7.2]}},{"type":"Feature","properties":{"Line":"R126","Tr":2938,"X":"642300.5","Y":"9203406.5","Rotation":0,"NAMOBJ":"Daliwangun","WADMKC":"Sugio","WADMKK":"Lamongan"},"geometry":{"type":"Point","coordinates":[112.3,-7.2]}},{"type":"Feature","properties":{"Line":"R126","Tr":2939,"X":"642300.5","Y":"9203394.0","Rotation":0,"NAMOBJ":"Daliwangun","WADMKC":"Sugio","WADMKK":"Lamongan"},"geometry":{"type":"Point","coordinates":[112.3,-7.2]}},{"type":"Feature","properties":{"Line":"R126","Tr":2940,"X":"642300.5","Y":"9203381.5","Rotation":0,"NAMOBJ":"Daliwangun","WADMKC":"Sugio","WADMKK":"Lamongan"},"geometry":{"type":"Point","coordinates":[112.3,-7.2]}},{"type":"Feature","properties":{"Line":"R126","Tr":2941,"X":"642300.5","Y":"9203369.0","Rotation":0,"NAMOBJ":"Daliwangun","WADMKC":"Sugio","WADMKK":"Lamongan"},"geometry":{"type":"Point","coordinates":[112.3,-7.2]}},{"type":"Feature","properties":{"Line":"R126","Tr":2942,"X":"642300.5","Y":"9203356.5","Rotation":0,"NAMOBJ":"Daliwangun","WADMKC":"Sugio","WADMKK":"Lamongan"},"geometry":{"type":"Point","coordinates":[112.3,-7.2]}},{"type":"Feature","properties":{"Line":"R126","Tr":2943,"X":"642300.5","Y":"9203344.0","Rotation":0,"NAMOBJ":"Daliwangun","WADMKC":"Sugio","WADMKK":"Lamongan"},"geometry":{"type":"Point","coordinates":[112.3,-7.2]}},{"type":"Feature","properties":{"Line":"R126","Tr":2944,"X":"642300.5","Y":"9203331.5","Rotation":0,"NAMOBJ":"Daliwangun","WADMKC":"Sugio","WADMKK":"Lamongan"},"geometry":{"type":"Point","coordinates":[112.3,-7.2]}},{"type":"Feature","properties":{"Line":"R126","Tr":2945,"X":"642300.5","Y":"9203319.0","Rotation":0,"NAMOBJ":"Daliwangun","WADMKC":"Sugio","WADMKK":"Lamongan"},"geometry":{"type":"Point","coordinates":[112.3,-7.2]}},{"type":"Feature","properties":{"Line":"R126","Tr":2946,"X":"642300.5","Y":"9203306.5","Rotation":0,"NAMOBJ":"Daliwangun","WADMKC":"Sugio","WADMKK":"Lamongan"},"geometry":{"type":"Point","coordinates":[112.3,-7.2]}},{"type":"Feature","properties":{"Line":"R126","Tr":2947,"X":"642300.5","Y":"9203294.0","Rotation":0,"NAMOBJ":"Daliwangun","WADMKC":"Sugio","WADMKK":"Lamongan"},"geometry":{"type":"Point","coordinates":[112.3,-7.2]}},{"type":"Feature","properties":{"Line":"R126","Tr":2948,"X":"642300.5","Y":"9203281.5","Rotation":0,"NAMOBJ":"Daliwangun","WADMKC":"Sugio","WADMKK":"Lamongan"},"geometry":{"type":"Point","coordinates":[112.3,-7.2]}},{"type":"Feature","properties":{"Line":"R126","Tr":2949,"X":"642300.5","Y":"9203269.0","Rotation":0,"NAMOBJ":"Daliwangun","WADMKC":"Sugio","WADMKK":"Lamongan"},"geometry":{"type":"Point","coordinates":[112.3,-7.2]}},{"type":"Feature","properties":{"Line":"R126","Tr":2950,"X":"642300.5","Y":"9203256.5","Rotation":0,"NAMOBJ":"Daliwangun","WADMKC":"Sugio","WADMKK":"Lamongan"},"geometry":{"type":"Point","coordinates":[112.3,-7.2]}},{"type":"Feature","properties":{"Line":"R126","Tr":2951,"X":"642300.5","Y":"9203244.0","Rotation":0,"NAMOBJ":"Daliwangun","WADMKC":"Sugio","WADMKK":"Lamongan"},"geometry":{"type":"Point","coordinates":[112.3,-7.2]}},{"type":"Feature","properties":{"Line":"R126","Tr":2952,"X":"642300.5","Y":"9203231.5","Rotation":0,"NAMOBJ":"Daliwangun","WADMKC":"Sugio","WADMKK":"Lamongan"},"geometry":{"type":"Point","coordinates":[112.3,-7.2]}},{"type":"Feature","properties":{"Line":"R126","Tr":2953,"X":"642300.5","Y":"9203219.0","Rotation":0,"NAMOBJ":"Daliwangun","WADMKC":"Sugio","WADMKK":"Lamongan"},"geometry":{"type":"Point","coordinates":[112.3,-7.2]}},{"type":"Feature","properties":{"Line":"R126","Tr":2954,"X":"642300.5","Y":"9203206.5","Rotation":0,"NAMOBJ":"Daliwangun","WADMKC":"Sugio","WADMKK":"Lamongan"},"geometry":{"type":"Point","coordinates":[112.3,-7.2]}},{"type":"Feature","properties":{"Line":"R126","Tr":2955,"X":"642300.5","Y":"9203194.0","Rotation":0,"NAMOBJ":"Daliwangun","WADMKC":"Sugio","WADMKK":"Lamongan"},"geometry":{"type":"Point","coordinates":[112.3,-7.2]}},{"type":"Feature","properties":{"Line":"R126","Tr":2956,"X":"642300.5","Y":"9203181.5","Rotation":0,"NAMOBJ":"Daliwangun","WADMKC":"Sugio","WADMKK":"Lamongan"},"geometry":{"type":"Point","coordinates":[112.3,-7.2]}},{"type":"Feature","properties":{"Line":"R126","Tr":2957,"X":"642300.5","Y":"9203169.0","Rotation":0,"NAMOBJ":"Daliwangun","WADMKC":"Sugio","WADMKK":"Lamongan"},"geometry":{"type":"Point","coordinates":[112.3,-7.2]}},{"type":"Feature","properties":{"Line":"R126","Tr":2958,"X":"642300.5","Y":"9203156.5","Rotation":0,"NAMOBJ":"Daliwangun","WADMKC":"Sugio","WADMKK":"Lamongan"},"geometry":{"type":"Point","coordinates":[112.3,-7.2]}},{"type":"Feature","properties":{"Line":"R126","Tr":2959,"X":"642300.5","Y":"9203144.0","Rotation":0,"NAMOBJ":"Daliwangun","WADMKC":"Sugio","WADMKK":"Lamongan"},"geometry":{"type":"Point","coordinates":[112.3,-7.2]}},{"type":"Feature","properties":{"Line":"R126","Tr":2960,"X":"642300.5","Y":"9203131.5","Rotation":0,"NAMOBJ":"Daliwangun","WADMKC":"Sugio","WADMKK":"Lamongan"},"geometry":{"type":"Point","coordinates":[112.3,-7.2]}},{"type":"Feature","properties":{"Line":"R126","Tr":2961,"X":"642300.5","Y":"9203119.0","Rotation":0,"NAMOBJ":"Daliwangun","WADMKC":"Sugio","WADMKK":"Lamongan"},"geometry":{"type":"Point","coordinates":[112.3,-7.2]}},{"type":"Feature","properties":{"Line":"R126","Tr":2962,"X":"642300.5","Y":"9203106.5","Rotation":0,"NAMOBJ":"Daliwangun","WADMKC":"Sugio","WADMKK":"Lamongan"},"geometry":{"type":"Point","coordinates":[112.3,-7.2]}},{"type":"Feature","properties":{"Line":"R126","Tr":2963,"X":"642300.5","Y":"9203094.0","Rotation":0,"NAMOBJ":"Daliwangun","WADMKC":"Sugio","WADMKK":"Lamongan"},"geometry":{"type":"Point","coordinates":[112.3,-7.2]}},{"type":"Feature","properties":{"Line":"R126","Tr":2964,"X":"642300.5","Y":"9203081.5","Rotation":0,"NAMOBJ":"Daliwangun","WADMKC":"Sugio","WADMKK":"Lamongan"},"geometry":{"type":"Point","coordinates":[112.3,-7.2]}},{"type":"Feature","properties":{"Line":"R126","Tr":2965,"X":"642300.5","Y":"9203069.0","Rotation":0,"NAMOBJ":"Daliwangun","WADMKC":"Sugio","WADMKK":"Lamongan"},"geometry":{"type":"Point","coordinates":[112.3,-7.2]}},{"type":"Feature","properties":{"Line":"R126","Tr":2966,"X":"642300.5","Y":"9203056.5","Rotation":0,"NAMOBJ":"Daliwangun","WADMKC":"Sugio","WADMKK":"Lamongan"},"geometry":{"type":"Point","coordinates":[112.3,-7.2]}},{"type":"Feature","properties":{"Line":"R126","Tr":2967,"X":"642300.5","Y":"9203044.0","Rotation":0,"NAMOBJ":"Daliwangun","WADMKC":"Sugio","WADMKK":"Lamongan"},"geometry":{"type":"Point","coordinates":[112.3,-7.2]}},{"type":"Feature","properties":{"Line":"R126","Tr":2968,"X":"642300.5","Y":"9203031.5","Rotation":0,"NAMOBJ":"Daliwangun","WADMKC":"Sugio","WADMKK":"Lamongan"},"geometry":{"type":"Point","coordinates":[112.3,-7.2]}},{"type":"Feature","properties":{"Line":"R126","Tr":2969,"X":"642300.5","Y":"9203019.0","Rotation":0,"NAMOBJ":"Daliwangun","WADMKC":"Sugio","WADMKK":"Lamongan"},"geometry":{"type":"Point","coordinates":[112.3,-7.2]}},{"type":"Feature","properties":{"Line":"R126","Tr":2970,"X":"642300.5","Y":"9203006.5","Rotation":0,"NAMOBJ":"Daliwangun","WADMKC":"Sugio","WADMKK":"Lamongan"},"geometry":{"type":"Point","coordinates":[112.3,-7.2]}},{"type":"Feature","properties":{"Line":"R126","Tr":2971,"X":"642300.5","Y":"9202994.0","Rotation":0,"NAMOBJ":"Daliwangun","WADMKC":"Sugio","WADMKK":"Lamongan"},"geometry":{"type":"Point","coordinates":[112.3,-7.2]}},{"type":"Feature","properties":{"Line":"R126","Tr":2972,"X":"642300.5","Y":"9202981.5","Rotation":0,"NAMOBJ":"Daliwangun","WADMKC":"Sugio","WADMKK":"Lamongan"},"geometry":{"type":"Point","coordinates":[112.3,-7.2]}},{"type":"Feature","properties":{"Line":"R126","Tr":2973,"X":"642300.5","Y":"9202969.0","Rotation":0,"NAMOBJ":"Daliwangun","WADMKC":"Sugio","WADMKK":"Lamongan"},"geometry":{"type":"Point","coordinates":[112.3,-7.2]}},{"type":"Feature","properties":{"Line":"R126","Tr":2974,"X":"642300.5","Y":"9202956.5","Rotation":0,"NAMOBJ":"Daliwangun","WADMKC":"Sugio","WADMKK":"Lamongan"},"geometry":{"type":"Point","coordinates":[112.3,-7.2]}},{"type":"Feature","properties":{"Line":"R126","Tr":2975,"X":"642300.5","Y":"9202944.0","Rotation":0,"NAMOBJ":"Daliwangun","WADMKC":"Sugio","WADMKK":"Lamongan"},"geometry":{"type":"Point","coordinates":[112.3,-7.2]}},{"type":"Feature","properties":{"Line":"R126","Tr":2976,"X":"642300.5","Y":"9202931.5","Rotation":0,"NAMOBJ":"Daliwangun","WADMKC":"Sugio","WADMKK":"Lamongan"},"geometry":{"type":"Point","coordinates":[112.3,-7.2]}},{"type":"Feature","properties":{"Line":"R126","Tr":2977,"X":"642300.5","Y":"9202919.0","Rotation":0,"NAMOBJ":"Daliwangun","WADMKC":"Sugio","WADMKK":"Lamongan"},"geometry":{"type":"Point","coordinates":[112.3,-7.2]}},{"type":"Feature","properties":{"Line":"R126","Tr":2978,"X":"642300.5","Y":"9202906.5","Rotation":0,"NAMOBJ":"Daliwangun","WADMKC":"Sugio","WADMKK":"Lamongan"},"geometry":{"type":"Point","coordinates":[112.3,-7.2]}},{"type":"Feature","properties":{"Line":"R126","Tr":2979,"X":"642300.5","Y":"9202894.0","Rotation":0,"NAMOBJ":"Daliwangun","WADMKC":"Sugio","WADMKK":"Lamongan"},"geometry":{"type":"Point","coordinates":[112.3,-7.2]}},{"type":"Feature","properties":{"Line":"R126","Tr":2980,"X":"642300.5","Y":"9202881.5","Rotation":0,"NAMOBJ":"Daliwangun","WADMKC":"Sugio","WADMKK":"Lamongan"},"geometry":{"type":"Point","coordinates":[112.3,-7.2]}},{"type":"Feature","properties":{"Line":"R126","Tr":2981,"X":"642300.5","Y":"9202869.0","Rotation":0,"NAMOBJ":"Daliwangun","WADMKC":"Sugio","WADMKK":"Lamongan"},"geometry":{"type":"Point","coordinates":[112.3,-7.2]}},{"type":"Feature","properties":{"Line":"R126","Tr":2982,"X":"642300.5","Y":"9202856.5","Rotation":0,"NAMOBJ":"Daliwangun","WADMKC":"Sugio","WADMKK":"Lamongan"},"geometry":{"type":"Point","coordinates":[112.3,-7.2]}},{"type":"Feature","properties":{"Line":"R126","Tr":2983,"X":"642300.5","Y":"9202844.0","Rotation":0,"NAMOBJ":"Daliwangun","WADMKC":"Sugio","WADMKK":"Lamongan"},"geometry":{"type":"Point","coordinates":[112.3,-7.2]}},{"type":"Feature","properties":{"Line":"R126","Tr":2984,"X":"642300.5","Y":"9202831.5","Rotation":0,"NAMOBJ":"Daliwangun","WADMKC":"Sugio","WADMKK":"Lamongan"},"geometry":{"type":"Point","coordinates":[112.3,-7.2]}},{"type":"Feature","properties":{"Line":"R126","Tr":2985,"X":"642300.5","Y":"9202819.0","Rotation":0,"NAMOBJ":"Daliwangun","WADMKC":"Sugio","WADMKK":"Lamongan"},"geometry":{"type":"Point","coordinates":[112.3,-7.2]}},{"type":"Feature","properties":{"Line":"R126","Tr":2986,"X":"642300.5","Y":"9202806.5","Rotation":0,"NAMOBJ":"Daliwangun","WADMKC":"Sugio","WADMKK":"Lamongan"},"geometry":{"type":"Point","coordinates":[112.3,-7.2]}},{"type":"Feature","properties":{"Line":"R126","Tr":2987,"X":"642300.5","Y":"9202794.0","Rotation":0,"NAMOBJ":"Daliwangun","WADMKC":"Sugio","WADMKK":"Lamongan"},"geometry":{"type":"Point","coordinates":[112.3,-7.2]}},{"type":"Feature","properties":{"Line":"R126","Tr":2988,"X":"642300.5","Y":"9202781.5","Rotation":0,"NAMOBJ":"Daliwangun","WADMKC":"Sugio","WADMKK":"Lamongan"},"geometry":{"type":"Point","coordinates":[112.3,-7.2]}},{"type":"Feature","properties":{"Line":"R126","Tr":2989,"X":"642300.5","Y":"9202769.0","Rotation":0,"NAMOBJ":"Daliwangun","WADMKC":"Sugio","WADMKK":"Lamongan"},"geometry":{"type":"Point","coordinates":[112.3,-7.2]}},{"type":"Feature","properties":{"Line":"R126","Tr":2990,"X":"642300.5","Y":"9202756.5","Rotation":0,"NAMOBJ":"Daliwangun","WADMKC":"Sugio","WADMKK":"Lamongan"},"geometry":{"type":"Point","coordinates":[112.3,-7.2]}},{"type":"Feature","properties":{"Line":"R126","Tr":2991,"X":"642300.5","Y":"9202744.0","Rotation":0,"NAMOBJ":"Daliwangun","WADMKC":"Sugio","WADMKK":"Lamongan"},"geometry":{"type":"Point","coordinates":[112.3,-7.2]}},{"type":"Feature","properties":{"Line":"R126","Tr":2992,"X":"642300.5","Y":"9202731.5","Rotation":0,"NAMOBJ":"Daliwangun","WADMKC":"Sugio","WADMKK":"Lamongan"},"geometry":{"type":"Point","coordinates":[112.3,-7.2]}},{"type":"Feature","properties":{"Line":"R126","Tr":2993,"X":"642300.5","Y":"9202719.0","Rotation":0,"NAMOBJ":"Daliwangun","WADMKC":"Sugio","WADMKK":"Lamongan"},"geometry":{"type":"Point","coordinates":[112.3,-7.2]}},{"type":"Feature","properties":{"Line":"R126","Tr":2994,"X":"642300.5","Y":"9202706.5","Rotation":0,"NAMOBJ":"Daliwangun","WADMKC":"Sugio","WADMKK":"Lamongan"},"geometry":{"type":"Point","coordinates":[112.3,-7.2]}},{"type":"Feature","properties":{"Line":"R126","Tr":2995,"X":"642300.5","Y":"9202694.0","Rotation":0,"NAMOBJ":"Daliwangun","WADMKC":"Sugio","WADMKK":"Lamongan"},"geometry":{"type":"Point","coordinates":[112.3,-7.2]}},{"type":"Feature","properties":{"Line":"R126","Tr":2996,"X":"642300.5","Y":"9202681.5","Rotation":0,"NAMOBJ":"Daliwangun","WADMKC":"Sugio","WADMKK":"Lamongan"},"geometry":{"type":"Point","coordinates":[112.3,-7.2]}},{"type":"Feature","properties":{"Line":"R126","Tr":2997,"X":"642300.5","Y":"9202669.0","Rotation":0,"NAMOBJ":"Daliwangun","WADMKC":"Sugio","WADMKK":"Lamongan"},"geometry":{"type":"Point","coordinates":[112.3,-7.2]}},{"type":"Feature","properties":{"Line":"R126","Tr":2998,"X":"642300.5","Y":"9202656.5","Rotation":0,"NAMOBJ":"Daliwangun","WADMKC":"Sugio","WADMKK":"Lamongan"},"geometry":{"type":"Point","coordinates":[112.3,-7.2]}},{"type":"Feature","properties":{"Line":"R126","Tr":2999,"X":"642300.5","Y":"9202644.0","Rotation":0,"NAMOBJ":"Daliwangun","WADMKC":"Sugio","WADMKK":"Lamongan"},"geometry":{"type":"Point","coordinates":[112.3,-7.2]}},{"type":"Feature","properties":{"Line":"R126","Tr":3000,"X":"642300.5","Y":"9202631.5","Rotation":0,"NAMOBJ":"Daliwangun","WADMKC":"Sugio","WADMKK":"Lamongan"},"geometry":{"type":"Point","coordinates":[112.3,-7.2]}},{"type":"Feature","properties":{"Line":"R126","Tr":3001,"X":"642300.5","Y":"9202619.0","Rotation":0,"NAMOBJ":"Daliwangun","WADMKC":"Sugio","WADMKK":"Lamongan"},"geometry":{"type":"Point","coordinates":[112.3,-7.2]}},{"type":"Feature","properties":{"Line":"R126","Tr":3002,"X":"642300.5","Y":"9202606.5","Rotation":0,"NAMOBJ":"Daliwangun","WADMKC":"Sugio","WADMKK":"Lamongan"},"geometry":{"type":"Point","coordinates":[112.3,-7.2]}},{"type":"Feature","properties":{"Line":"R126","Tr":3003,"X":"642300.5","Y":"9202594.0","Rotation":0,"NAMOBJ":"Daliwangun","WADMKC":"Sugio","WADMKK":"Lamongan"},"geometry":{"type":"Point","coordinates":[112.3,-7.2]}},{"type":"Feature","properties":{"Line":"R126","Tr":3004,"X":"642300.5","Y":"9202581.5","Rotation":0,"NAMOBJ":"Daliwangun","WADMKC":"Sugio","WADMKK":"Lamongan"},"geometry":{"type":"Point","coordinates":[112.3,-7.2]}},{"type":"Feature","properties":{"Line":"R126","Tr":3005,"X":"642300.5","Y":"9202569.0","Rotation":0,"NAMOBJ":"Daliwangun","WADMKC":"Sugio","WADMKK":"Lamongan"},"geometry":{"type":"Point","coordinates":[112.3,-7.2]}},{"type":"Feature","properties":{"Line":"R126","Tr":3006,"X":"642300.5","Y":"9202556.5","Rotation":0,"NAMOBJ":"Daliwangun","WADMKC":"Sugio","WADMKK":"Lamongan"},"geometry":{"type":"Point","coordinates":[112.3,-7.2]}},{"type":"Feature","properties":{"Line":"R126","Tr":3007,"X":"642300.5","Y":"9202544.0","Rotation":0,"NAMOBJ":"Daliwangun","WADMKC":"Sugio","WADMKK":"Lamongan"},"geometry":{"type":"Point","coordinates":[112.3,-7.2]}},{"type":"Feature","properties":{"Line":"R126","Tr":3008,"X":"642300.5","Y":"9202531.5","Rotation":0,"NAMOBJ":"Daliwangun","WADMKC":"Sugio","WADMKK":"Lamongan"},"geometry":{"type":"Point","coordinates":[112.3,-7.2]}},{"type":"Feature","properties":{"Line":"R126","Tr":3009,"X":"642300.5","Y":"9202519.0","Rotation":0,"NAMOBJ":"Daliwangun","WADMKC":"Sugio","WADMKK":"Lamongan"},"geometry":{"type":"Point","coordinates":[112.3,-7.2]}},{"type":"Feature","properties":{"Line":"R126","Tr":3010,"X":"642300.5","Y":"9202506.5","Rotation":0,"NAMOBJ":"Daliwangun","WADMKC":"Sugio","WADMKK":"Lamongan"},"geometry":{"type":"Point","coordinates":[112.3,-7.2]}},{"type":"Feature","properties":{"Line":"R126","Tr":3011,"X":"642300.5","Y":"9202494.0","Rotation":0,"NAMOBJ":"Daliwangun","WADMKC":"Sugio","WADMKK":"Lamongan"},"geometry":{"type":"Point","coordinates":[112.3,-7.2]}},{"type":"Feature","properties":{"Line":"R126","Tr":3012,"X":"642300.5","Y":"9202481.5","Rotation":0,"NAMOBJ":"Daliwangun","WADMKC":"Sugio","WADMKK":"Lamongan"},"geometry":{"type":"Point","coordinates":[112.3,-7.2]}},{"type":"Feature","properties":{"Line":"R126","Tr":3013,"X":"642300.5","Y":"9202469.0","Rotation":0,"NAMOBJ":"Daliwangun","WADMKC":"Sugio","WADMKK":"Lamongan"},"geometry":{"type":"Point","coordinates":[112.3,-7.2]}},{"type":"Feature","properties":{"Line":"R126","Tr":3014,"X":"642300.5","Y":"9202456.5","Rotation":0,"NAMOBJ":"Daliwangun","WADMKC":"Sugio","WADMKK":"Lamongan"},"geometry":{"type":"Point","coordinates":[112.3,-7.2]}},{"type":"Feature","properties":{"Line":"R126","Tr":3015,"X":"642300.5","Y":"9202444.0","Rotation":0,"NAMOBJ":"Daliwangun","WADMKC":"Sugio","WADMKK":"Lamongan"},"geometry":{"type":"Point","coordinates":[112.3,-7.2]}},{"type":"Feature","properties":{"Line":"R126","Tr":3016,"X":"642300.5","Y":"9202431.5","Rotation":0,"NAMOBJ":"Daliwangun","WADMKC":"Sugio","WADMKK":"Lamongan"},"geometry":{"type":"Point","coordinates":[112.3,-7.2]}},{"type":"Feature","properties":{"Line":"R126","Tr":3017,"X":"642300.5","Y":"9202419.0","Rotation":0,"NAMOBJ":"Daliwangun","WADMKC":"Sugio","WADMKK":"Lamongan"},"geometry":{"type":"Point","coordinates":[112.3,-7.2]}},{"type":"Feature","properties":{"Line":"R126","Tr":3018,"X":"642300.5","Y":"9202406.5","Rotation":0,"NAMOBJ":"Daliwangun","WADMKC":"Sugio","WADMKK":"Lamongan"},"geometry":{"type":"Point","coordinates":[112.3,-7.2]}},{"type":"Feature","properties":{"Line":"R126","Tr":3019,"X":"642300.5","Y":"9202394.0","Rotation":0,"NAMOBJ":"Daliwangun","WADMKC":"Sugio","WADMKK":"Lamongan"},"geometry":{"type":"Point","coordinates":[112.3,-7.2]}},{"type":"Feature","properties":{"Line":"R126","Tr":3020,"X":"642300.5","Y":"9202381.5","Rotation":0,"NAMOBJ":"Daliwangun","WADMKC":"Sugio","WADMKK":"Lamongan"},"geometry":{"type":"Point","coordinates":[112.3,-7.2]}},{"type":"Feature","properties":{"Line":"R126","Tr":3021,"X":"642300.5","Y":"9202369.0","Rotation":0,"NAMOBJ":"Daliwangun","WADMKC":"Sugio","WADMKK":"Lamongan"},"geometry":{"type":"Point","coordinates":[112.3,-7.2]}},{"type":"Feature","properties":{"Line":"R126","Tr":3022,"X":"642300.5","Y":"9202356.5","Rotation":0,"NAMOBJ":"Daliwangun","WADMKC":"Sugio","WADMKK":"Lamongan"},"geometry":{"type":"Point","coordinates":[112.3,-7.2]}},{"type":"Feature","properties":{"Line":"R126","Tr":3023,"X":"642300.5","Y":"9202344.0","Rotation":0,"NAMOBJ":"Daliwangun","WADMKC":"Sugio","WADMKK":"Lamongan"},"geometry":{"type":"Point","coordinates":[112.3,-7.2]}},{"type":"Feature","properties":{"Line":"R126","Tr":3024,"X":"642300.5","Y":"9202331.5","Rotation":0,"NAMOBJ":"Daliwangun","WADMKC":"Sugio","WADMKK":"Lamongan"},"geometry":{"type":"Point","coordinates":[112.3,-7.2]}},{"type":"Feature","properties":{"Line":"R126","Tr":3025,"X":"642300.5","Y":"9202319.0","Rotation":0,"NAMOBJ":"Daliwangun","WADMKC":"Sugio","WADMKK":"Lamongan"},"geometry":{"type":"Point","coordinates":[112.3,-7.2]}},{"type":"Feature","properties":{"Line":"R126","Tr":3026,"X":"642300.5","Y":"9202306.5","Rotation":0,"NAMOBJ":"Daliwangun","WADMKC":"Sugio","WADMKK":"Lamongan"},"geometry":{"type":"Point","coordinates":[112.3,-7.2]}},{"type":"Feature","properties":{"Line":"R126","Tr":3027,"X":"642300.5","Y":"9202294.0","Rotation":0,"NAMOBJ":"Daliwangun","WADMKC":"Sugio","WADMKK":"Lamongan"},"geometry":{"type":"Point","coordinates":[112.3,-7.2]}},{"type":"Feature","properties":{"Line":"R126","Tr":3028,"X":"642300.5","Y":"9202281.5","Rotation":0,"NAMOBJ":"Daliwangun","WADMKC":"Sugio","WADMKK":"Lamongan"},"geometry":{"type":"Point","coordinates":[112.3,-7.2]}},{"type":"Feature","properties":{"Line":"R126","Tr":3029,"X":"642300.5","Y":"9202269.0","Rotation":0,"NAMOBJ":"Daliwangun","WADMKC":"Sugio","WADMKK":"Lamongan"},"geometry":{"type":"Point","coordinates":[112.3,-7.2]}},{"type":"Feature","properties":{"Line":"R126","Tr":3030,"X":"642300.5","Y":"9202256.5","Rotation":0,"NAMOBJ":"Daliwangun","WADMKC":"Sugio","WADMKK":"Lamongan"},"geometry":{"type":"Point","coordinates":[112.3,-7.2]}},{"type":"Feature","properties":{"Line":"R126","Tr":3031,"X":"642300.5","Y":"9202244.0","Rotation":0,"NAMOBJ":"Daliwangun","WADMKC":"Sugio","WADMKK":"Lamongan"},"geometry":{"type":"Point","coordinates":[112.3,-7.2]}},{"type":"Feature","properties":{"Line":"R126","Tr":3032,"X":"642300.5","Y":"9202231.5","Rotation":0,"NAMOBJ":"Daliwangun","WADMKC":"Sugio","WADMKK":"Lamongan"},"geometry":{"type":"Point","coordinates":[112.3,-7.2]}},{"type":"Feature","properties":{"Line":"R126","Tr":3033,"X":"642300.5","Y":"9202219.0","Rotation":0,"NAMOBJ":"Daliwangun","WADMKC":"Sugio","WADMKK":"Lamongan"},"geometry":{"type":"Point","coordinates":[112.3,-7.2]}},{"type":"Feature","properties":{"Line":"R126","Tr":3034,"X":"642300.5","Y":"9202206.5","Rotation":0,"NAMOBJ":"Daliwangun","WADMKC":"Sugio","WADMKK":"Lamongan"},"geometry":{"type":"Point","coordinates":[112.3,-7.2]}},{"type":"Feature","properties":{"Line":"R126","Tr":3035,"X":"642300.5","Y":"9202194.0","Rotation":0,"NAMOBJ":"Daliwangun","WADMKC":"Sugio","WADMKK":"Lamongan"},"geometry":{"type":"Point","coordinates":[112.3,-7.2]}},{"type":"Feature","properties":{"Line":"R126","Tr":3036,"X":"642300.5","Y":"9202181.5","Rotation":0,"NAMOBJ":"Daliwangun","WADMKC":"Sugio","WADMKK":"Lamongan"},"geometry":{"type":"Point","coordinates":[112.3,-7.2]}},{"type":"Feature","properties":{"Line":"R126","Tr":3037,"X":"642300.5","Y":"9202169.0","Rotation":0,"NAMOBJ":"Daliwangun","WADMKC":"Sugio","WADMKK":"Lamongan"},"geometry":{"type":"Point","coordinates":[112.3,-7.2]}},{"type":"Feature","properties":{"Line":"R126","Tr":3038,"X":"642300.5","Y":"9202156.5","Rotation":0,"NAMOBJ":"Daliwangun","WADMKC":"Sugio","WADMKK":"Lamongan"},"geometry":{"type":"Point","coordinates":[112.3,-7.2]}},{"type":"Feature","properties":{"Line":"R126","Tr":3039,"X":"642300.5","Y":"9202144.0","Rotation":0,"NAMOBJ":"Daliwangun","WADMKC":"Sugio","WADMKK":"Lamongan"},"geometry":{"type":"Point","coordinates":[112.3,-7.2]}},{"type":"Feature","properties":{"Line":"R126","Tr":3040,"X":"642300.5","Y":"9202131.5","Rotation":0,"NAMOBJ":"Daliwangun","WADMKC":"Sugio","WADMKK":"Lamongan"},"geometry":{"type":"Point","coordinates":[112.3,-7.2]}},{"type":"Feature","properties":{"Line":"R126","Tr":3041,"X":"642300.5","Y":"9202119.0","Rotation":0,"NAMOBJ":"Daliwangun","WADMKC":"Sugio","WADMKK":"Lamongan"},"geometry":{"type":"Point","coordinates":[112.3,-7.2]}},{"type":"Feature","properties":{"Line":"R126","Tr":3042,"X":"642300.5","Y":"9202106.5","Rotation":0,"NAMOBJ":"Daliwangun","WADMKC":"Sugio","WADMKK":"Lamongan"},"geometry":{"type":"Point","coordinates":[112.3,-7.2]}},{"type":"Feature","properties":{"Line":"R126","Tr":3043,"X":"642300.5","Y":"9202094.0","Rotation":0,"NAMOBJ":"Daliwangun","WADMKC":"Sugio","WADMKK":"Lamongan"},"geometry":{"type":"Point","coordinates":[112.3,-7.2]}},{"type":"Feature","properties":{"Line":"R126","Tr":3044,"X":"642300.5","Y":"9202081.5","Rotation":0,"NAMOBJ":"Daliwangun","WADMKC":"Sugio","WADMKK":"Lamongan"},"geometry":{"type":"Point","coordinates":[112.3,-7.2]}},{"type":"Feature","properties":{"Line":"R126","Tr":3045,"X":"642300.5","Y":"9202069.0","Rotation":0,"NAMOBJ":"Daliwangun","WADMKC":"Sugio","WADMKK":"Lamongan"},"geometry":{"type":"Point","coordinates":[112.3,-7.2]}},{"type":"Feature","properties":{"Line":"R126","Tr":3046,"X":"642300.5","Y":"9202056.5","Rotation":0,"NAMOBJ":"Daliwangun","WADMKC":"Sugio","WADMKK":"Lamongan"},"geometry":{"type":"Point","coordinates":[112.3,-7.2]}},{"type":"Feature","properties":{"Line":"R126","Tr":3047,"X":"642300.5","Y":"9202044.0","Rotation":0,"NAMOBJ":"Daliwangun","WADMKC":"Sugio","WADMKK":"Lamongan"},"geometry":{"type":"Point","coordinates":[112.3,-7.2]}},{"type":"Feature","properties":{"Line":"R126","Tr":3048,"X":"642300.5","Y":"9202031.5","Rotation":0,"NAMOBJ":"Daliwangun","WADMKC":"Sugio","WADMKK":"Lamongan"},"geometry":{"type":"Point","coordinates":[112.3,-7.2]}},{"type":"Feature","properties":{"Line":"R126","Tr":3049,"X":"642300.5","Y":"9202019.0","Rotation":0,"NAMOBJ":"Daliwangun","WADMKC":"Sugio","WADMKK":"Lamongan"},"geometry":{"type":"Point","coordinates":[112.3,-7.2]}},{"type":"Feature","properties":{"Line":"R126","Tr":3050,"X":"642300.5","Y":"9202006.5","Rotation":0,"NAMOBJ":"Daliwangun","WADMKC":"Sugio","WADMKK":"Lamongan"},"geometry":{"type":"Point","coordinates":[112.3,-7.2]}},{"type":"Feature","properties":{"Line":"R126","Tr":3051,"X":"642300.5","Y":"9201994.0","Rotation":0,"NAMOBJ":"Daliwangun","WADMKC":"Sugio","WADMKK":"Lamongan"},"geometry":{"type":"Point","coordinates":[112.3,-7.2]}},{"type":"Feature","properties":{"Line":"R126","Tr":3052,"X":"642300.5","Y":"9201981.5","Rotation":0,"NAMOBJ":"Daliwangun","WADMKC":"Sugio","WADMKK":"Lamongan"},"geometry":{"type":"Point","coordinates":[112.3,-7.2]}},{"type":"Feature","properties":{"Line":"R126","Tr":3053,"X":"642300.5","Y":"9201969.0","Rotation":0,"NAMOBJ":"Daliwangun","WADMKC":"Sugio","WADMKK":"Lamongan"},"geometry":{"type":"Point","coordinates":[112.3,-7.2]}},{"type":"Feature","properties":{"Line":"R126","Tr":3054,"X":"642300.5","Y":"9201956.5","Rotation":0,"NAMOBJ":"Daliwangun","WADMKC":"Sugio","WADMKK":"Lamongan"},"geometry":{"type":"Point","coordinates":[112.3,-7.2]}},{"type":"Feature","properties":{"Line":"R126","Tr":3055,"X":"642300.5","Y":"9201944.0","Rotation":0,"NAMOBJ":"Daliwangun","WADMKC":"Sugio","WADMKK":"Lamongan"},"geometry":{"type":"Point","coordinates":[112.3,-7.2]}},{"type":"Feature","properties":{"Line":"R126","Tr":3056,"X":"642300.5","Y":"9201931.5","Rotation":0,"NAMOBJ":"Daliwangun","WADMKC":"Sugio","WADMKK":"Lamongan"},"geometry":{"type":"Point","coordinates":[112.3,-7.2]}},{"type":"Feature","properties":{"Line":"R126","Tr":3057,"X":"642300.5","Y":"9201919.0","Rotation":0,"NAMOBJ":"Daliwangun","WADMKC":"Sugio","WADMKK":"Lamongan"},"geometry":{"type":"Point","coordinates":[112.3,-7.2]}},{"type":"Feature","properties":{"Line":"R126","Tr":3058,"X":"642300.5","Y":"9201906.5","Rotation":0,"NAMOBJ":"Daliwangun","WADMKC":"Sugio","WADMKK":"Lamongan"},"geometry":{"type":"Point","coordinates":[112.3,-7.2]}},{"type":"Feature","properties":{"Line":"R126","Tr":3059,"X":"642300.5","Y":"9201894.0","Rotation":0,"NAMOBJ":"Daliwangun","WADMKC":"Sugio","WADMKK":"Lamongan"},"geometry":{"type":"Point","coordinates":[112.3,-7.2]}},{"type":"Feature","properties":{"Line":"R126","Tr":3060,"X":"642300.5","Y":"9201881.5","Rotation":0,"NAMOBJ":"Daliwangun","WADMKC":"Sugio","WADMKK":"Lamongan"},"geometry":{"type":"Point","coordinates":[112.3,-7.2]}},{"type":"Feature","properties":{"Line":"R126","Tr":3061,"X":"642300.5","Y":"9201869.0","Rotation":0,"NAMOBJ":"Daliwangun","WADMKC":"Sugio","WADMKK":"Lamongan"},"geometry":{"type":"Point","coordinates":[112.3,-7.2]}},{"type":"Feature","properties":{"Line":"R126","Tr":3062,"X":"642300.5","Y":"9201856.5","Rotation":0,"NAMOBJ":"Daliwangun","WADMKC":"Sugio","WADMKK":"Lamongan"},"geometry":{"type":"Point","coordinates":[112.3,-7.2]}},{"type":"Feature","properties":{"Line":"R126","Tr":3063,"X":"642300.5","Y":"9201844.0","Rotation":0,"NAMOBJ":"Daliwangun","WADMKC":"Sugio","WADMKK":"Lamongan"},"geometry":{"type":"Point","coordinates":[112.3,-7.2]}},{"type":"Feature","properties":{"Line":"R126","Tr":3064,"X":"642300.5","Y":"9201831.5","Rotation":0,"NAMOBJ":"Daliwangun","WADMKC":"Sugio","WADMKK":"Lamongan"},"geometry":{"type":"Point","coordinates":[112.3,-7.2]}},{"type":"Feature","properties":{"Line":"R126","Tr":3065,"X":"642300.5","Y":"9201819.0","Rotation":0,"NAMOBJ":"Daliwangun","WADMKC":"Sugio","WADMKK":"Lamongan"},"geometry":{"type":"Point","coordinates":[112.3,-7.2]}},{"type":"Feature","properties":{"Line":"R126","Tr":3066,"X":"642300.5","Y":"9201806.5","Rotation":0,"NAMOBJ":"Daliwangun","WADMKC":"Sugio","WADMKK":"Lamongan"},"geometry":{"type":"Point","coordinates":[112.3,-7.2]}},{"type":"Feature","properties":{"Line":"R126","Tr":3067,"X":"642300.5","Y":"9201794.0","Rotation":0,"NAMOBJ":"Daliwangun","WADMKC":"Sugio","WADMKK":"Lamongan"},"geometry":{"type":"Point","coordinates":[112.3,-7.2]}},{"type":"Feature","properties":{"Line":"R126","Tr":3068,"X":"642300.5","Y":"9201781.5","Rotation":0,"NAMOBJ":"Daliwangun","WADMKC":"Sugio","WADMKK":"Lamongan"},"geometry":{"type":"Point","coordinates":[112.3,-7.2]}},{"type":"Feature","properties":{"Line":"R126","Tr":3069,"X":"642300.5","Y":"9201769.0","Rotation":0,"NAMOBJ":"Daliwangun","WADMKC":"Sugio","WADMKK":"Lamongan"},"geometry":{"type":"Point","coordinates":[112.3,-7.2]}},{"type":"Feature","properties":{"Line":"R126","Tr":3070,"X":"642300.5","Y":"9201756.5","Rotation":0,"NAMOBJ":"Daliwangun","WADMKC":"Sugio","WADMKK":"Lamongan"},"geometry":{"type":"Point","coordinates":[112.3,-7.2]}},{"type":"Feature","properties":{"Line":"R136","Tr":2652,"X":"647300.5","Y":"9206231.5","Rotation":0,"NAMOBJ":"Doyomulyo","WADMKC":"Kembangbahu","WADMKK":"Lamongan"},"geometry":{"type":"Point","coordinates":[112.3,-7.2]}},{"type":"Feature","properties":{"Line":"R136","Tr":2653,"X":"647300.5","Y":"9206219.0","Rotation":0,"NAMOBJ":"Doyomulyo","WADMKC":"Kembangbahu","WADMKK":"Lamongan"},"geometry":{"type":"Point","coordinates":[112.3,-7.2]}},{"type":"Feature","properties":{"Line":"R136","Tr":2654,"X":"647300.5","Y":"9206206.5","Rotation":0,"NAMOBJ":"Doyomulyo","WADMKC":"Kembangbahu","WADMKK":"Lamongan"},"geometry":{"type":"Point","coordinates":[112.3,-7.2]}},{"type":"Feature","properties":{"Line":"R136","Tr":2655,"X":"647300.5","Y":"9206194.0","Rotation":0,"NAMOBJ":"Doyomulyo","WADMKC":"Kembangbahu","WADMKK":"Lamongan"},"geometry":{"type":"Point","coordinates":[112.3,-7.2]}},{"type":"Feature","properties":{"Line":"R136","Tr":2656,"X":"647300.5","Y":"9206181.5","Rotation":0,"NAMOBJ":"Doyomulyo","WADMKC":"Kembangbahu","WADMKK":"Lamongan"},"geometry":{"type":"Point","coordinates":[112.3,-7.2]}},{"type":"Feature","properties":{"Line":"R136","Tr":2657,"X":"647300.5","Y":"9206169.0","Rotation":0,"NAMOBJ":"Doyomulyo","WADMKC":"Kembangbahu","WADMKK":"Lamongan"},"geometry":{"type":"Point","coordinates":[112.3,-7.2]}},{"type":"Feature","properties":{"Line":"R136","Tr":2658,"X":"647300.5","Y":"9206156.5","Rotation":0,"NAMOBJ":"Doyomulyo","WADMKC":"Kembangbahu","WADMKK":"Lamongan"},"geometry":{"type":"Point","coordinates":[112.3,-7.2]}},{"type":"Feature","properties":{"Line":"R138","Tr":2518,"X":"648300.5","Y":"9207906.5","Rotation":0,"NAMOBJ":"Doyomulyo","WADMKC":"Kembangbahu","WADMKK":"Lamongan"},"geometry":{"type":"Point","coordinates":[112.3,-7.2]}},{"type":"Feature","properties":{"Line":"R138","Tr":2519,"X":"648300.5","Y":"9207894.0","Rotation":0,"NAMOBJ":"Doyomulyo","WADMKC":"Kembangbahu","WADMKK":"Lamongan"},"geometry":{"type":"Point","coordinates":[112.3,-7.2]}},{"type":"Feature","properties":{"Line":"R138","Tr":2520,"X":"648300.5","Y":"9207881.5","Rotation":0,"NAMOBJ":"Doyomulyo","WADMKC":"Kembangbahu","WADMKK":"Lamongan"},"geometry":{"type":"Point","coordinates":[112.3,-7.2]}},{"type":"Feature","properties":{"Line":"R138","Tr":2521,"X":"648300.5","Y":"9207869.0","Rotation":0,"NAMOBJ":"Doyomulyo","WADMKC":"Kembangbahu","WADMKK":"Lamongan"},"geometry":{"type":"Point","coordinates":[112.3,-7.2]}},{"type":"Feature","properties":{"Line":"R138","Tr":2522,"X":"648300.5","Y":"9207856.5","Rotation":0,"NAMOBJ":"Doyomulyo","WADMKC":"Kembangbahu","WADMKK":"Lamongan"},"geometry":{"type":"Point","coordinates":[112.3,-7.2]}},{"type":"Feature","properties":{"Line":"R138","Tr":2523,"X":"648300.5","Y":"9207844.0","Rotation":0,"NAMOBJ":"Doyomulyo","WADMKC":"Kembangbahu","WADMKK":"Lamongan"},"geometry":{"type":"Point","coordinates":[112.3,-7.2]}},{"type":"Feature","properties":{"Line":"R138","Tr":2524,"X":"648300.5","Y":"9207831.5","Rotation":0,"NAMOBJ":"Doyomulyo","WADMKC":"Kembangbahu","WADMKK":"Lamongan"},"geometry":{"type":"Point","coordinates":[112.3,-7.2]}},{"type":"Feature","properties":{"Line":"R138","Tr":2525,"X":"648300.5","Y":"9207819.0","Rotation":0,"NAMOBJ":"Doyomulyo","WADMKC":"Kembangbahu","WADMKK":"Lamongan"},"geometry":{"type":"Point","coordinates":[112.3,-7.2]}},{"type":"Feature","properties":{"Line":"R138","Tr":2526,"X":"648300.5","Y":"9207806.5","Rotation":0,"NAMOBJ":"Doyomulyo","WADMKC":"Kembangbahu","WADMKK":"Lamongan"},"geometry":{"type":"Point","coordinates":[112.3,-7.2]}},{"type":"Feature","properties":{"Line":"R138","Tr":2527,"X":"648300.5","Y":"9207794.0","Rotation":0,"NAMOBJ":"Doyomulyo","WADMKC":"Kembangbahu","WADMKK":"Lamongan"},"geometry":{"type":"Point","coordinates":[112.3,-7.2]}},{"type":"Feature","properties":{"Line":"R138","Tr":2528,"X":"648300.5","Y":"9207781.5","Rotation":0,"NAMOBJ":"Doyomulyo","WADMKC":"Kembangbahu","WADMKK":"Lamongan"},"geometry":{"type":"Point","coordinates":[112.3,-7.2]}},{"type":"Feature","properties":{"Line":"R138","Tr":2529,"X":"648300.5","Y":"9207769.0","Rotation":0,"NAMOBJ":"Doyomulyo","WADMKC":"Kembangbahu","WADMKK":"Lamongan"},"geometry":{"type":"Point","coordinates":[112.3,-7.2]}},{"type":"Feature","properties":{"Line":"R138","Tr":2530,"X":"648300.5","Y":"9207756.5","Rotation":0,"NAMOBJ":"Doyomulyo","WADMKC":"Kembangbahu","WADMKK":"Lamongan"},"geometry":{"type":"Point","coordinates":[112.3,-7.2]}},{"type":"Feature","properties":{"Line":"R138","Tr":2531,"X":"648300.5","Y":"9207744.0","Rotation":0,"NAMOBJ":"Doyomulyo","WADMKC":"Kembangbahu","WADMKK":"Lamongan"},"geometry":{"type":"Point","coordinates":[112.3,-7.2]}},{"type":"Feature","properties":{"Line":"R138","Tr":2532,"X":"648300.5","Y":"9207731.5","Rotation":0,"NAMOBJ":"Doyomulyo","WADMKC":"Kembangbahu","WADMKK":"Lamongan"},"geometry":{"type":"Point","coordinates":[112.3,-7.2]}},{"type":"Feature","properties":{"Line":"R138","Tr":2533,"X":"648300.5","Y":"9207719.0","Rotation":0,"NAMOBJ":"Doyomulyo","WADMKC":"Kembangbahu","WADMKK":"Lamongan"},"geometry":{"type":"Point","coordinates":[112.3,-7.2]}},{"type":"Feature","properties":{"Line":"R138","Tr":2534,"X":"648300.5","Y":"9207706.5","Rotation":0,"NAMOBJ":"Doyomulyo","WADMKC":"Kembangbahu","WADMKK":"Lamongan"},"geometry":{"type":"Point","coordinates":[112.3,-7.2]}},{"type":"Feature","properties":{"Line":"R138","Tr":2535,"X":"648300.5","Y":"9207694.0","Rotation":0,"NAMOBJ":"Doyomulyo","WADMKC":"Kembangbahu","WADMKK":"Lamongan"},"geometry":{"type":"Point","coordinates":[112.3,-7.2]}},{"type":"Feature","properties":{"Line":"R138","Tr":2536,"X":"648300.5","Y":"9207681.5","Rotation":0,"NAMOBJ":"Doyomulyo","WADMKC":"Kembangbahu","WADMKK":"Lamongan"},"geometry":{"type":"Point","coordinates":[112.3,-7.2]}},{"type":"Feature","properties":{"Line":"R138","Tr":2537,"X":"648300.5","Y":"9207669.0","Rotation":0,"NAMOBJ":"Doyomulyo","WADMKC":"Kembangbahu","WADMKK":"Lamongan"},"geometry":{"type":"Point","coordinates":[112.3,-7.2]}},{"type":"Feature","properties":{"Line":"R138","Tr":2538,"X":"648300.5","Y":"9207656.5","Rotation":0,"NAMOBJ":"Doyomulyo","WADMKC":"Kembangbahu","WADMKK":"Lamongan"},"geometry":{"type":"Point","coordinates":[112.3,-7.2]}},{"type":"Feature","properties":{"Line":"R138","Tr":2539,"X":"648300.5","Y":"9207644.0","Rotation":0,"NAMOBJ":"Doyomulyo","WADMKC":"Kembangbahu","WADMKK":"Lamongan"},"geometry":{"type":"Point","coordinates":[112.3,-7.2]}},{"type":"Feature","properties":{"Line":"R138","Tr":2540,"X":"648300.5","Y":"9207631.5","Rotation":0,"NAMOBJ":"Doyomulyo","WADMKC":"Kembangbahu","WADMKK":"Lamongan"},"geometry":{"type":"Point","coordinates":[112.3,-7.2]}},{"type":"Feature","properties":{"Line":"R138","Tr":2541,"X":"648300.5","Y":"9207619.0","Rotation":0,"NAMOBJ":"Doyomulyo","WADMKC":"Kembangbahu","WADMKK":"Lamongan"},"geometry":{"type":"Point","coordinates":[112.3,-7.2]}},{"type":"Feature","properties":{"Line":"R138","Tr":2542,"X":"648300.5","Y":"9207606.5","Rotation":0,"NAMOBJ":"Doyomulyo","WADMKC":"Kembangbahu","WADMKK":"Lamongan"},"geometry":{"type":"Point","coordinates":[112.3,-7.2]}},{"type":"Feature","properties":{"Line":"R138","Tr":2543,"X":"648300.5","Y":"9207594.0","Rotation":0,"NAMOBJ":"Doyomulyo","WADMKC":"Kembangbahu","WADMKK":"Lamongan"},"geometry":{"type":"Point","coordinates":[112.3,-7.2]}},{"type":"Feature","properties":{"Line":"R138","Tr":2544,"X":"648300.5","Y":"9207581.5","Rotation":0,"NAMOBJ":"Doyomulyo","WADMKC":"Kembangbahu","WADMKK":"Lamongan"},"geometry":{"type":"Point","coordinates":[112.3,-7.2]}},{"type":"Feature","properties":{"Line":"R138","Tr":2545,"X":"648300.5","Y":"9207569.0","Rotation":0,"NAMOBJ":"Doyomulyo","WADMKC":"Kembangbahu","WADMKK":"Lamongan"},"geometry":{"type":"Point","coordinates":[112.3,-7.2]}},{"type":"Feature","properties":{"Line":"R138","Tr":2546,"X":"648300.5","Y":"9207556.5","Rotation":0,"NAMOBJ":"Doyomulyo","WADMKC":"Kembangbahu","WADMKK":"Lamongan"},"geometry":{"type":"Point","coordinates":[112.3,-7.2]}},{"type":"Feature","properties":{"Line":"R138","Tr":2547,"X":"648300.5","Y":"9207544.0","Rotation":0,"NAMOBJ":"Doyomulyo","WADMKC":"Kembangbahu","WADMKK":"Lamongan"},"geometry":{"type":"Point","coordinates":[112.3,-7.2]}},{"type":"Feature","properties":{"Line":"R138","Tr":2548,"X":"648300.5","Y":"9207531.5","Rotation":0,"NAMOBJ":"Doyomulyo","WADMKC":"Kembangbahu","WADMKK":"Lamongan"},"geometry":{"type":"Point","coordinates":[112.3,-7.2]}},{"type":"Feature","properties":{"Line":"R138","Tr":2549,"X":"648300.5","Y":"9207519.0","Rotation":0,"NAMOBJ":"Doyomulyo","WADMKC":"Kembangbahu","WADMKK":"Lamongan"},"geometry":{"type":"Point","coordinates":[112.3,-7.2]}},{"type":"Feature","properties":{"Line":"R138","Tr":2550,"X":"648300.5","Y":"9207506.5","Rotation":0,"NAMOBJ":"Doyomulyo","WADMKC":"Kembangbahu","WADMKK":"Lamongan"},"geometry":{"type":"Point","coordinates":[112.3,-7.2]}},{"type":"Feature","properties":{"Line":"R138","Tr":2551,"X":"648300.5","Y":"9207494.0","Rotation":0,"NAMOBJ":"Doyomulyo","WADMKC":"Kembangbahu","WADMKK":"Lamongan"},"geometry":{"type":"Point","coordinates":[112.3,-7.2]}},{"type":"Feature","properties":{"Line":"R138","Tr":2552,"X":"648300.5","Y":"9207481.5","Rotation":0,"NAMOBJ":"Doyomulyo","WADMKC":"Kembangbahu","WADMKK":"Lamongan"},"geometry":{"type":"Point","coordinates":[112.3,-7.2]}},{"type":"Feature","properties":{"Line":"R138","Tr":2553,"X":"648300.5","Y":"9207469.0","Rotation":0,"NAMOBJ":"Doyomulyo","WADMKC":"Kembangbahu","WADMKK":"Lamongan"},"geometry":{"type":"Point","coordinates":[112.3,-7.2]}},{"type":"Feature","properties":{"Line":"R138","Tr":2554,"X":"648300.5","Y":"9207456.5","Rotation":0,"NAMOBJ":"Doyomulyo","WADMKC":"Kembangbahu","WADMKK":"Lamongan"},"geometry":{"type":"Point","coordinates":[112.3,-7.2]}},{"type":"Feature","properties":{"Line":"R138","Tr":2555,"X":"648300.5","Y":"9207444.0","Rotation":0,"NAMOBJ":"Doyomulyo","WADMKC":"Kembangbahu","WADMKK":"Lamongan"},"geometry":{"type":"Point","coordinates":[112.3,-7.2]}},{"type":"Feature","properties":{"Line":"R138","Tr":2556,"X":"648300.5","Y":"9207431.5","Rotation":0,"NAMOBJ":"Doyomulyo","WADMKC":"Kembangbahu","WADMKK":"Lamongan"},"geometry":{"type":"Point","coordinates":[112.3,-7.2]}},{"type":"Feature","properties":{"Line":"R138","Tr":2557,"X":"648300.5","Y":"9207419.0","Rotation":0,"NAMOBJ":"Doyomulyo","WADMKC":"Kembangbahu","WADMKK":"Lamongan"},"geometry":{"type":"Point","coordinates":[112.3,-7.2]}},{"type":"Feature","properties":{"Line":"R138","Tr":2558,"X":"648300.5","Y":"9207406.5","Rotation":0,"NAMOBJ":"Doyomulyo","WADMKC":"Kembangbahu","WADMKK":"Lamongan"},"geometry":{"type":"Point","coordinates":[112.3,-7.2]}},{"type":"Feature","properties":{"Line":"R138","Tr":2559,"X":"648300.5","Y":"9207394.0","Rotation":0,"NAMOBJ":"Doyomulyo","WADMKC":"Kembangbahu","WADMKK":"Lamongan"},"geometry":{"type":"Point","coordinates":[112.3,-7.2]}},{"type":"Feature","properties":{"Line":"R138","Tr":2560,"X":"648300.5","Y":"9207381.5","Rotation":0,"NAMOBJ":"Doyomulyo","WADMKC":"Kembangbahu","WADMKK":"Lamongan"},"geometry":{"type":"Point","coordinates":[112.3,-7.2]}},{"type":"Feature","properties":{"Line":"R138","Tr":2561,"X":"648300.5","Y":"9207369.0","Rotation":0,"NAMOBJ":"Doyomulyo","WADMKC":"Kembangbahu","WADMKK":"Lamongan"},"geometry":{"type":"Point","coordinates":[112.3,-7.2]}},{"type":"Feature","properties":{"Line":"R138","Tr":2562,"X":"648300.5","Y":"9207356.5","Rotation":0,"NAMOBJ":"Doyomulyo","WADMKC":"Kembangbahu","WADMKK":"Lamongan"},"geometry":{"type":"Point","coordinates":[112.3,-7.2]}},{"type":"Feature","properties":{"Line":"R138","Tr":2563,"X":"648300.5","Y":"9207344.0","Rotation":0,"NAMOBJ":"Doyomulyo","WADMKC":"Kembangbahu","WADMKK":"Lamongan"},"geometry":{"type":"Point","coordinates":[112.3,-7.2]}},{"type":"Feature","properties":{"Line":"R138","Tr":2564,"X":"648300.5","Y":"9207331.5","Rotation":0,"NAMOBJ":"Doyomulyo","WADMKC":"Kembangbahu","WADMKK":"Lamongan"},"geometry":{"type":"Point","coordinates":[112.3,-7.2]}},{"type":"Feature","properties":{"Line":"R138","Tr":2565,"X":"648300.5","Y":"9207319.0","Rotation":0,"NAMOBJ":"Doyomulyo","WADMKC":"Kembangbahu","WADMKK":"Lamongan"},"geometry":{"type":"Point","coordinates":[112.3,-7.2]}},{"type":"Feature","properties":{"Line":"R138","Tr":2566,"X":"648300.5","Y":"9207306.5","Rotation":0,"NAMOBJ":"Doyomulyo","WADMKC":"Kembangbahu","WADMKK":"Lamongan"},"geometry":{"type":"Point","coordinates":[112.3,-7.2]}},{"type":"Feature","properties":{"Line":"R138","Tr":2567,"X":"648300.5","Y":"9207294.0","Rotation":0,"NAMOBJ":"Doyomulyo","WADMKC":"Kembangbahu","WADMKK":"Lamongan"},"geometry":{"type":"Point","coordinates":[112.3,-7.2]}},{"type":"Feature","properties":{"Line":"R138","Tr":2568,"X":"648300.5","Y":"9207281.5","Rotation":0,"NAMOBJ":"Doyomulyo","WADMKC":"Kembangbahu","WADMKK":"Lamongan"},"geometry":{"type":"Point","coordinates":[112.3,-7.2]}},{"type":"Feature","properties":{"Line":"R138","Tr":2569,"X":"648300.5","Y":"9207269.0","Rotation":0,"NAMOBJ":"Doyomulyo","WADMKC":"Kembangbahu","WADMKK":"Lamongan"},"geometry":{"type":"Point","coordinates":[112.3,-7.2]}},{"type":"Feature","properties":{"Line":"R138","Tr":2570,"X":"648300.5","Y":"9207256.5","Rotation":0,"NAMOBJ":"Doyomulyo","WADMKC":"Kembangbahu","WADMKK":"Lamongan"},"geometry":{"type":"Point","coordinates":[112.3,-7.2]}},{"type":"Feature","properties":{"Line":"R138","Tr":2571,"X":"648300.5","Y":"9207244.0","Rotation":0,"NAMOBJ":"Doyomulyo","WADMKC":"Kembangbahu","WADMKK":"Lamongan"},"geometry":{"type":"Point","coordinates":[112.3,-7.2]}},{"type":"Feature","properties":{"Line":"R138","Tr":2572,"X":"648300.5","Y":"9207231.5","Rotation":0,"NAMOBJ":"Doyomulyo","WADMKC":"Kembangbahu","WADMKK":"Lamongan"},"geometry":{"type":"Point","coordinates":[112.3,-7.2]}},{"type":"Feature","properties":{"Line":"R138","Tr":2573,"X":"648300.5","Y":"9207219.0","Rotation":0,"NAMOBJ":"Doyomulyo","WADMKC":"Kembangbahu","WADMKK":"Lamongan"},"geometry":{"type":"Point","coordinates":[112.3,-7.2]}},{"type":"Feature","properties":{"Line":"R138","Tr":2574,"X":"648300.5","Y":"9207206.5","Rotation":0,"NAMOBJ":"Doyomulyo","WADMKC":"Kembangbahu","WADMKK":"Lamongan"},"geometry":{"type":"Point","coordinates":[112.3,-7.2]}},{"type":"Feature","properties":{"Line":"R138","Tr":2575,"X":"648300.5","Y":"9207194.0","Rotation":0,"NAMOBJ":"Doyomulyo","WADMKC":"Kembangbahu","WADMKK":"Lamongan"},"geometry":{"type":"Point","coordinates":[112.3,-7.2]}},{"type":"Feature","properties":{"Line":"R138","Tr":2576,"X":"648300.5","Y":"9207181.5","Rotation":0,"NAMOBJ":"Doyomulyo","WADMKC":"Kembangbahu","WADMKK":"Lamongan"},"geometry":{"type":"Point","coordinates":[112.3,-7.2]}},{"type":"Feature","properties":{"Line":"R138","Tr":2577,"X":"648300.5","Y":"9207169.0","Rotation":0,"NAMOBJ":"Doyomulyo","WADMKC":"Kembangbahu","WADMKK":"Lamongan"},"geometry":{"type":"Point","coordinates":[112.3,-7.2]}},{"type":"Feature","properties":{"Line":"R138","Tr":2578,"X":"648300.5","Y":"9207156.5","Rotation":0,"NAMOBJ":"Doyomulyo","WADMKC":"Kembangbahu","WADMKK":"Lamongan"},"geometry":{"type":"Point","coordinates":[112.3,-7.2]}},{"type":"Feature","properties":{"Line":"R138","Tr":2579,"X":"648300.5","Y":"9207144.0","Rotation":0,"NAMOBJ":"Doyomulyo","WADMKC":"Kembangbahu","WADMKK":"Lamongan"},"geometry":{"type":"Point","coordinates":[112.3,-7.2]}},{"type":"Feature","properties":{"Line":"R138","Tr":2580,"X":"648300.5","Y":"9207131.5","Rotation":0,"NAMOBJ":"Doyomulyo","WADMKC":"Kembangbahu","WADMKK":"Lamongan"},"geometry":{"type":"Point","coordinates":[112.3,-7.2]}},{"type":"Feature","properties":{"Line":"R138","Tr":2581,"X":"648300.5","Y":"9207119.0","Rotation":0,"NAMOBJ":"Doyomulyo","WADMKC":"Kembangbahu","WADMKK":"Lamongan"},"geometry":{"type":"Point","coordinates":[112.3,-7.2]}},{"type":"Feature","properties":{"Line":"R138","Tr":2582,"X":"648300.5","Y":"9207106.5","Rotation":0,"NAMOBJ":"Doyomulyo","WADMKC":"Kembangbahu","WADMKK":"Lamongan"},"geometry":{"type":"Point","coordinates":[112.3,-7.2]}},{"type":"Feature","properties":{"Line":"R138","Tr":2583,"X":"648300.5","Y":"9207094.0","Rotation":0,"NAMOBJ":"Doyomulyo","WADMKC":"Kembangbahu","WADMKK":"Lamongan"},"geometry":{"type":"Point","coordinates":[112.3,-7.2]}},{"type":"Feature","properties":{"Line":"R138","Tr":2584,"X":"648300.5","Y":"9207081.5","Rotation":0,"NAMOBJ":"Doyomulyo","WADMKC":"Kembangbahu","WADMKK":"Lamongan"},"geometry":{"type":"Point","coordinates":[112.3,-7.2]}},{"type":"Feature","properties":{"Line":"R138","Tr":2585,"X":"648300.5","Y":"9207069.0","Rotation":0,"NAMOBJ":"Doyomulyo","WADMKC":"Kembangbahu","WADMKK":"Lamongan"},"geometry":{"type":"Point","coordinates":[112.3,-7.2]}},{"type":"Feature","properties":{"Line":"R138","Tr":2586,"X":"648300.5","Y":"9207056.5","Rotation":0,"NAMOBJ":"Doyomulyo","WADMKC":"Kembangbahu","WADMKK":"Lamongan"},"geometry":{"type":"Point","coordinates":[112.3,-7.2]}},{"type":"Feature","properties":{"Line":"R138","Tr":2587,"X":"648300.5","Y":"9207044.0","Rotation":0,"NAMOBJ":"Doyomulyo","WADMKC":"Kembangbahu","WADMKK":"Lamongan"},"geometry":{"type":"Point","coordinates":[112.3,-7.2]}},{"type":"Feature","properties":{"Line":"R138","Tr":2588,"X":"648300.5","Y":"9207031.5","Rotation":0,"NAMOBJ":"Doyomulyo","WADMKC":"Kembangbahu","WADMKK":"Lamongan"},"geometry":{"type":"Point","coordinates":[112.3,-7.2]}},{"type":"Feature","properties":{"Line":"R138","Tr":2589,"X":"648300.5","Y":"9207019.0","Rotation":0,"NAMOBJ":"Doyomulyo","WADMKC":"Kembangbahu","WADMKK":"Lamongan"},"geometry":{"type":"Point","coordinates":[112.3,-7.2]}},{"type":"Feature","properties":{"Line":"R138","Tr":2590,"X":"648300.5","Y":"9207006.5","Rotation":0,"NAMOBJ":"Doyomulyo","WADMKC":"Kembangbahu","WADMKK":"Lamongan"},"geometry":{"type":"Point","coordinates":[112.3,-7.2]}},{"type":"Feature","properties":{"Line":"R138","Tr":2591,"X":"648300.5","Y":"9206994.0","Rotation":0,"NAMOBJ":"Doyomulyo","WADMKC":"Kembangbahu","WADMKK":"Lamongan"},"geometry":{"type":"Point","coordinates":[112.3,-7.2]}},{"type":"Feature","properties":{"Line":"R138","Tr":2592,"X":"648300.5","Y":"9206981.5","Rotation":0,"NAMOBJ":"Doyomulyo","WADMKC":"Kembangbahu","WADMKK":"Lamongan"},"geometry":{"type":"Point","coordinates":[112.3,-7.2]}},{"type":"Feature","properties":{"Line":"R138","Tr":2593,"X":"648300.5","Y":"9206969.0","Rotation":0,"NAMOBJ":"Doyomulyo","WADMKC":"Kembangbahu","WADMKK":"Lamongan"},"geometry":{"type":"Point","coordinates":[112.3,-7.2]}},{"type":"Feature","properties":{"Line":"R138","Tr":2594,"X":"648300.5","Y":"9206956.5","Rotation":0,"NAMOBJ":"Doyomulyo","WADMKC":"Kembangbahu","WADMKK":"Lamongan"},"geometry":{"type":"Point","coordinates":[112.3,-7.2]}},{"type":"Feature","properties":{"Line":"R138","Tr":2595,"X":"648300.5","Y":"9206944.0","Rotation":0,"NAMOBJ":"Doyomulyo","WADMKC":"Kembangbahu","WADMKK":"Lamongan"},"geometry":{"type":"Point","coordinates":[112.3,-7.2]}},{"type":"Feature","properties":{"Line":"R138","Tr":2596,"X":"648300.5","Y":"9206931.5","Rotation":0,"NAMOBJ":"Doyomulyo","WADMKC":"Kembangbahu","WADMKK":"Lamongan"},"geometry":{"type":"Point","coordinates":[112.3,-7.2]}},{"type":"Feature","properties":{"Line":"R138","Tr":2597,"X":"648300.5","Y":"9206919.0","Rotation":0,"NAMOBJ":"Doyomulyo","WADMKC":"Kembangbahu","WADMKK":"Lamongan"},"geometry":{"type":"Point","coordinates":[112.3,-7.2]}},{"type":"Feature","properties":{"Line":"R138","Tr":2598,"X":"648300.5","Y":"9206906.5","Rotation":0,"NAMOBJ":"Doyomulyo","WADMKC":"Kembangbahu","WADMKK":"Lamongan"},"geometry":{"type":"Point","coordinates":[112.3,-7.2]}},{"type":"Feature","properties":{"Line":"R138","Tr":2599,"X":"648300.5","Y":"9206894.0","Rotation":0,"NAMOBJ":"Doyomulyo","WADMKC":"Kembangbahu","WADMKK":"Lamongan"},"geometry":{"type":"Point","coordinates":[112.3,-7.2]}},{"type":"Feature","properties":{"Line":"R138","Tr":2600,"X":"648300.5","Y":"9206881.5","Rotation":0,"NAMOBJ":"Doyomulyo","WADMKC":"Kembangbahu","WADMKK":"Lamongan"},"geometry":{"type":"Point","coordinates":[112.3,-7.2]}},{"type":"Feature","properties":{"Line":"R138","Tr":2601,"X":"648300.5","Y":"9206869.0","Rotation":0,"NAMOBJ":"Doyomulyo","WADMKC":"Kembangbahu","WADMKK":"Lamongan"},"geometry":{"type":"Point","coordinates":[112.3,-7.2]}},{"type":"Feature","properties":{"Line":"R138","Tr":2602,"X":"648300.5","Y":"9206856.5","Rotation":0,"NAMOBJ":"Doyomulyo","WADMKC":"Kembangbahu","WADMKK":"Lamongan"},"geometry":{"type":"Point","coordinates":[112.3,-7.2]}},{"type":"Feature","properties":{"Line":"R138","Tr":2603,"X":"648300.5","Y":"9206844.0","Rotation":0,"NAMOBJ":"Doyomulyo","WADMKC":"Kembangbahu","WADMKK":"Lamongan"},"geometry":{"type":"Point","coordinates":[112.3,-7.2]}},{"type":"Feature","properties":{"Line":"R138","Tr":2604,"X":"648300.5","Y":"9206831.5","Rotation":0,"NAMOBJ":"Doyomulyo","WADMKC":"Kembangbahu","WADMKK":"Lamongan"},"geometry":{"type":"Point","coordinates":[112.3,-7.2]}},{"type":"Feature","properties":{"Line":"R138","Tr":2605,"X":"648300.5","Y":"9206819.0","Rotation":0,"NAMOBJ":"Doyomulyo","WADMKC":"Kembangbahu","WADMKK":"Lamongan"},"geometry":{"type":"Point","coordinates":[112.3,-7.2]}},{"type":"Feature","properties":{"Line":"R138","Tr":2606,"X":"648300.5","Y":"9206806.5","Rotation":0,"NAMOBJ":"Doyomulyo","WADMKC":"Kembangbahu","WADMKK":"Lamongan"},"geometry":{"type":"Point","coordinates":[112.3,-7.2]}},{"type":"Feature","properties":{"Line":"R138","Tr":2607,"X":"648300.5","Y":"9206794.0","Rotation":0,"NAMOBJ":"Doyomulyo","WADMKC":"Kembangbahu","WADMKK":"Lamongan"},"geometry":{"type":"Point","coordinates":[112.3,-7.2]}},{"type":"Feature","properties":{"Line":"R138","Tr":2608,"X":"648300.5","Y":"9206781.5","Rotation":0,"NAMOBJ":"Doyomulyo","WADMKC":"Kembangbahu","WADMKK":"Lamongan"},"geometry":{"type":"Point","coordinates":[112.3,-7.2]}},{"type":"Feature","properties":{"Line":"R138","Tr":2609,"X":"648300.5","Y":"9206769.0","Rotation":0,"NAMOBJ":"Doyomulyo","WADMKC":"Kembangbahu","WADMKK":"Lamongan"},"geometry":{"type":"Point","coordinates":[112.3,-7.2]}},{"type":"Feature","properties":{"Line":"R138","Tr":2610,"X":"648300.5","Y":"9206756.5","Rotation":0,"NAMOBJ":"Doyomulyo","WADMKC":"Kembangbahu","WADMKK":"Lamongan"},"geometry":{"type":"Point","coordinates":[112.3,-7.2]}},{"type":"Feature","properties":{"Line":"R138","Tr":2611,"X":"648300.5","Y":"9206744.0","Rotation":0,"NAMOBJ":"Doyomulyo","WADMKC":"Kembangbahu","WADMKK":"Lamongan"},"geometry":{"type":"Point","coordinates":[112.3,-7.2]}},{"type":"Feature","properties":{"Line":"R138","Tr":2612,"X":"648300.5","Y":"9206731.5","Rotation":0,"NAMOBJ":"Doyomulyo","WADMKC":"Kembangbahu","WADMKK":"Lamongan"},"geometry":{"type":"Point","coordinates":[112.3,-7.2]}},{"type":"Feature","properties":{"Line":"R138","Tr":2613,"X":"648300.5","Y":"9206719.0","Rotation":0,"NAMOBJ":"Doyomulyo","WADMKC":"Kembangbahu","WADMKK":"Lamongan"},"geometry":{"type":"Point","coordinates":[112.3,-7.2]}},{"type":"Feature","properties":{"Line":"R138","Tr":2614,"X":"648300.5","Y":"9206706.5","Rotation":0,"NAMOBJ":"Doyomulyo","WADMKC":"Kembangbahu","WADMKK":"Lamongan"},"geometry":{"type":"Point","coordinates":[112.3,-7.2]}},{"type":"Feature","properties":{"Line":"R138","Tr":2615,"X":"648300.5","Y":"9206694.0","Rotation":0,"NAMOBJ":"Doyomulyo","WADMKC":"Kembangbahu","WADMKK":"Lamongan"},"geometry":{"type":"Point","coordinates":[112.3,-7.2]}},{"type":"Feature","properties":{"Line":"R138","Tr":2616,"X":"648300.5","Y":"9206681.5","Rotation":0,"NAMOBJ":"Doyomulyo","WADMKC":"Kembangbahu","WADMKK":"Lamongan"},"geometry":{"type":"Point","coordinates":[112.3,-7.2]}},{"type":"Feature","properties":{"Line":"R138","Tr":2617,"X":"648300.5","Y":"9206669.0","Rotation":0,"NAMOBJ":"Doyomulyo","WADMKC":"Kembangbahu","WADMKK":"Lamongan"},"geometry":{"type":"Point","coordinates":[112.3,-7.2]}},{"type":"Feature","properties":{"Line":"R138","Tr":2618,"X":"648300.5","Y":"9206656.5","Rotation":0,"NAMOBJ":"Doyomulyo","WADMKC":"Kembangbahu","WADMKK":"Lamongan"},"geometry":{"type":"Point","coordinates":[112.3,-7.2]}},{"type":"Feature","properties":{"Line":"R138","Tr":2619,"X":"648300.5","Y":"9206644.0","Rotation":0,"NAMOBJ":"Doyomulyo","WADMKC":"Kembangbahu","WADMKK":"Lamongan"},"geometry":{"type":"Point","coordinates":[112.3,-7.2]}},{"type":"Feature","properties":{"Line":"R138","Tr":2620,"X":"648300.5","Y":"9206631.5","Rotation":0,"NAMOBJ":"Doyomulyo","WADMKC":"Kembangbahu","WADMKK":"Lamongan"},"geometry":{"type":"Point","coordinates":[112.3,-7.2]}},{"type":"Feature","properties":{"Line":"R138","Tr":2621,"X":"648300.5","Y":"9206619.0","Rotation":0,"NAMOBJ":"Doyomulyo","WADMKC":"Kembangbahu","WADMKK":"Lamongan"},"geometry":{"type":"Point","coordinates":[112.3,-7.2]}},{"type":"Feature","properties":{"Line":"R138","Tr":2622,"X":"648300.5","Y":"9206606.5","Rotation":0,"NAMOBJ":"Doyomulyo","WADMKC":"Kembangbahu","WADMKK":"Lamongan"},"geometry":{"type":"Point","coordinates":[112.3,-7.2]}},{"type":"Feature","properties":{"Line":"R138","Tr":2623,"X":"648300.5","Y":"9206594.0","Rotation":0,"NAMOBJ":"Doyomulyo","WADMKC":"Kembangbahu","WADMKK":"Lamongan"},"geometry":{"type":"Point","coordinates":[112.3,-7.2]}},{"type":"Feature","properties":{"Line":"R138","Tr":2624,"X":"648300.5","Y":"9206581.5","Rotation":0,"NAMOBJ":"Doyomulyo","WADMKC":"Kembangbahu","WADMKK":"Lamongan"},"geometry":{"type":"Point","coordinates":[112.3,-7.2]}},{"type":"Feature","properties":{"Line":"R138","Tr":2625,"X":"648300.5","Y":"9206569.0","Rotation":0,"NAMOBJ":"Doyomulyo","WADMKC":"Kembangbahu","WADMKK":"Lamongan"},"geometry":{"type":"Point","coordinates":[112.3,-7.2]}},{"type":"Feature","properties":{"Line":"R138","Tr":2626,"X":"648300.5","Y":"9206556.5","Rotation":0,"NAMOBJ":"Doyomulyo","WADMKC":"Kembangbahu","WADMKK":"Lamongan"},"geometry":{"type":"Point","coordinates":[112.3,-7.2]}},{"type":"Feature","properties":{"Line":"R138","Tr":2627,"X":"648300.5","Y":"9206544.0","Rotation":0,"NAMOBJ":"Doyomulyo","WADMKC":"Kembangbahu","WADMKK":"Lamongan"},"geometry":{"type":"Point","coordinates":[112.3,-7.2]}},{"type":"Feature","properties":{"Line":"R138","Tr":2628,"X":"648300.5","Y":"9206531.5","Rotation":0,"NAMOBJ":"Doyomulyo","WADMKC":"Kembangbahu","WADMKK":"Lamongan"},"geometry":{"type":"Point","coordinates":[112.3,-7.2]}},{"type":"Feature","properties":{"Line":"R138","Tr":2629,"X":"648300.5","Y":"9206519.0","Rotation":0,"NAMOBJ":"Doyomulyo","WADMKC":"Kembangbahu","WADMKK":"Lamongan"},"geometry":{"type":"Point","coordinates":[112.3,-7.2]}},{"type":"Feature","properties":{"Line":"R138","Tr":2630,"X":"648300.5","Y":"9206506.5","Rotation":0,"NAMOBJ":"Doyomulyo","WADMKC":"Kembangbahu","WADMKK":"Lamongan"},"geometry":{"type":"Point","coordinates":[112.3,-7.2]}},{"type":"Feature","properties":{"Line":"R138","Tr":2631,"X":"648300.5","Y":"9206494.0","Rotation":0,"NAMOBJ":"Doyomulyo","WADMKC":"Kembangbahu","WADMKK":"Lamongan"},"geometry":{"type":"Point","coordinates":[112.3,-7.2]}},{"type":"Feature","properties":{"Line":"R138","Tr":2632,"X":"648300.5","Y":"9206481.5","Rotation":0,"NAMOBJ":"Doyomulyo","WADMKC":"Kembangbahu","WADMKK":"Lamongan"},"geometry":{"type":"Point","coordinates":[112.3,-7.2]}},{"type":"Feature","properties":{"Line":"R138","Tr":2633,"X":"648300.5","Y":"9206469.0","Rotation":0,"NAMOBJ":"Doyomulyo","WADMKC":"Kembangbahu","WADMKK":"Lamongan"},"geometry":{"type":"Point","coordinates":[112.3,-7.2]}},{"type":"Feature","properties":{"Line":"R138","Tr":2634,"X":"648300.5","Y":"9206456.5","Rotation":0,"NAMOBJ":"Doyomulyo","WADMKC":"Kembangbahu","WADMKK":"Lamongan"},"geometry":{"type":"Point","coordinates":[112.3,-7.2]}},{"type":"Feature","properties":{"Line":"R138","Tr":2635,"X":"648300.5","Y":"9206444.0","Rotation":0,"NAMOBJ":"Doyomulyo","WADMKC":"Kembangbahu","WADMKK":"Lamongan"},"geometry":{"type":"Point","coordinates":[112.3,-7.2]}},{"type":"Feature","properties":{"Line":"R138","Tr":2636,"X":"648300.5","Y":"9206431.5","Rotation":0,"NAMOBJ":"Doyomulyo","WADMKC":"Kembangbahu","WADMKK":"Lamongan"},"geometry":{"type":"Point","coordinates":[112.3,-7.2]}},{"type":"Feature","properties":{"Line":"R138","Tr":2637,"X":"648300.5","Y":"9206419.0","Rotation":0,"NAMOBJ":"Doyomulyo","WADMKC":"Kembangbahu","WADMKK":"Lamongan"},"geometry":{"type":"Point","coordinates":[112.3,-7.2]}},{"type":"Feature","properties":{"Line":"R138","Tr":2638,"X":"648300.5","Y":"9206406.5","Rotation":0,"NAMOBJ":"Doyomulyo","WADMKC":"Kembangbahu","WADMKK":"Lamongan"},"geometry":{"type":"Point","coordinates":[112.3,-7.2]}},{"type":"Feature","properties":{"Line":"R138","Tr":2639,"X":"648300.5","Y":"9206394.0","Rotation":0,"NAMOBJ":"Doyomulyo","WADMKC":"Kembangbahu","WADMKK":"Lamongan"},"geometry":{"type":"Point","coordinates":[112.3,-7.2]}},{"type":"Feature","properties":{"Line":"R138","Tr":2640,"X":"648300.5","Y":"9206381.5","Rotation":0,"NAMOBJ":"Doyomulyo","WADMKC":"Kembangbahu","WADMKK":"Lamongan"},"geometry":{"type":"Point","coordinates":[112.3,-7.2]}},{"type":"Feature","properties":{"Line":"R138","Tr":2641,"X":"648300.5","Y":"9206369.0","Rotation":0,"NAMOBJ":"Doyomulyo","WADMKC":"Kembangbahu","WADMKK":"Lamongan"},"geometry":{"type":"Point","coordinates":[112.3,-7.2]}},{"type":"Feature","properties":{"Line":"R138","Tr":2642,"X":"648300.5","Y":"9206356.5","Rotation":0,"NAMOBJ":"Doyomulyo","WADMKC":"Kembangbahu","WADMKK":"Lamongan"},"geometry":{"type":"Point","coordinates":[112.3,-7.2]}},{"type":"Feature","properties":{"Line":"R138","Tr":2643,"X":"648300.5","Y":"9206344.0","Rotation":0,"NAMOBJ":"Doyomulyo","WADMKC":"Kembangbahu","WADMKK":"Lamongan"},"geometry":{"type":"Point","coordinates":[112.3,-7.2]}},{"type":"Feature","properties":{"Line":"R138","Tr":2644,"X":"648300.5","Y":"9206331.5","Rotation":0,"NAMOBJ":"Doyomulyo","WADMKC":"Kembangbahu","WADMKK":"Lamongan"},"geometry":{"type":"Point","coordinates":[112.3,-7.2]}},{"type":"Feature","properties":{"Line":"R138","Tr":2645,"X":"648300.5","Y":"9206319.0","Rotation":0,"NAMOBJ":"Doyomulyo","WADMKC":"Kembangbahu","WADMKK":"Lamongan"},"geometry":{"type":"Point","coordinates":[112.3,-7.2]}},{"type":"Feature","properties":{"Line":"R138","Tr":2646,"X":"648300.5","Y":"9206306.5","Rotation":0,"NAMOBJ":"Doyomulyo","WADMKC":"Kembangbahu","WADMKK":"Lamongan"},"geometry":{"type":"Point","coordinates":[112.3,-7.2]}},{"type":"Feature","properties":{"Line":"R138","Tr":2647,"X":"648300.5","Y":"9206294.0","Rotation":0,"NAMOBJ":"Doyomulyo","WADMKC":"Kembangbahu","WADMKK":"Lamongan"},"geometry":{"type":"Point","coordinates":[112.3,-7.2]}},{"type":"Feature","properties":{"Line":"R138","Tr":2648,"X":"648300.5","Y":"9206281.5","Rotation":0,"NAMOBJ":"Doyomulyo","WADMKC":"Kembangbahu","WADMKK":"Lamongan"},"geometry":{"type":"Point","coordinates":[112.3,-7.2]}},{"type":"Feature","properties":{"Line":"R138","Tr":2649,"X":"648300.5","Y":"9206269.0","Rotation":0,"NAMOBJ":"Doyomulyo","WADMKC":"Kembangbahu","WADMKK":"Lamongan"},"geometry":{"type":"Point","coordinates":[112.3,-7.2]}},{"type":"Feature","properties":{"Line":"R138","Tr":2650,"X":"648300.5","Y":"9206256.5","Rotation":0,"NAMOBJ":"Doyomulyo","WADMKC":"Kembangbahu","WADMKK":"Lamongan"},"geometry":{"type":"Point","coordinates":[112.3,-7.2]}},{"type":"Feature","properties":{"Line":"R138","Tr":2651,"X":"648300.5","Y":"9206244.0","Rotation":0,"NAMOBJ":"Doyomulyo","WADMKC":"Kembangbahu","WADMKK":"Lamongan"},"geometry":{"type":"Point","coordinates":[112.3,-7.2]}},{"type":"Feature","properties":{"Line":"R138","Tr":2652,"X":"648300.5","Y":"9206231.5","Rotation":0,"NAMOBJ":"Doyomulyo","WADMKC":"Kembangbahu","WADMKK":"Lamongan"},"geometry":{"type":"Point","coordinates":[112.3,-7.2]}},{"type":"Feature","properties":{"Line":"R138","Tr":2653,"X":"648300.5","Y":"9206219.0","Rotation":0,"NAMOBJ":"Doyomulyo","WADMKC":"Kembangbahu","WADMKK":"Lamongan"},"geometry":{"type":"Point","coordinates":[112.3,-7.2]}},{"type":"Feature","properties":{"Line":"R138","Tr":2654,"X":"648300.5","Y":"9206206.5","Rotation":0,"NAMOBJ":"Doyomulyo","WADMKC":"Kembangbahu","WADMKK":"Lamongan"},"geometry":{"type":"Point","coordinates":[112.3,-7.2]}},{"type":"Feature","properties":{"Line":"R138","Tr":2655,"X":"648300.5","Y":"9206194.0","Rotation":0,"NAMOBJ":"Doyomulyo","WADMKC":"Kembangbahu","WADMKK":"Lamongan"},"geometry":{"type":"Point","coordinates":[112.3,-7.2]}},{"type":"Feature","properties":{"Line":"R138","Tr":2656,"X":"648300.5","Y":"9206181.5","Rotation":0,"NAMOBJ":"Doyomulyo","WADMKC":"Kembangbahu","WADMKK":"Lamongan"},"geometry":{"type":"Point","coordinates":[112.3,-7.2]}},{"type":"Feature","properties":{"Line":"R138","Tr":2657,"X":"648300.5","Y":"9206169.0","Rotation":0,"NAMOBJ":"Doyomulyo","WADMKC":"Kembangbahu","WADMKK":"Lamongan"},"geometry":{"type":"Point","coordinates":[112.3,-7.2]}},{"type":"Feature","properties":{"Line":"R138","Tr":2658,"X":"648300.5","Y":"9206156.5","Rotation":0,"NAMOBJ":"Doyomulyo","WADMKC":"Kembangbahu","WADMKK":"Lamongan"},"geometry":{"type":"Point","coordinates":[112.3,-7.2]}},{"type":"Feature","properties":{"Line":"R138","Tr":2659,"X":"648300.5","Y":"9206144.0","Rotation":0,"NAMOBJ":"Doyomulyo","WADMKC":"Kembangbahu","WADMKK":"Lamongan"},"geometry":{"type":"Point","coordinates":[112.3,-7.2]}},{"type":"Feature","properties":{"Line":"R138","Tr":2660,"X":"648300.5","Y":"9206131.5","Rotation":0,"NAMOBJ":"Doyomulyo","WADMKC":"Kembangbahu","WADMKK":"Lamongan"},"geometry":{"type":"Point","coordinates":[112.3,-7.2]}},{"type":"Feature","properties":{"Line":"R138","Tr":2661,"X":"648300.5","Y":"9206119.0","Rotation":0,"NAMOBJ":"Doyomulyo","WADMKC":"Kembangbahu","WADMKK":"Lamongan"},"geometry":{"type":"Point","coordinates":[112.3,-7.2]}},{"type":"Feature","properties":{"Line":"R138","Tr":2662,"X":"648300.5","Y":"9206106.5","Rotation":0,"NAMOBJ":"Doyomulyo","WADMKC":"Kembangbahu","WADMKK":"Lamongan"},"geometry":{"type":"Point","coordinates":[112.3,-7.2]}},{"type":"Feature","properties":{"Line":"R138","Tr":2663,"X":"648300.5","Y":"9206094.0","Rotation":0,"NAMOBJ":"Doyomulyo","WADMKC":"Kembangbahu","WADMKK":"Lamongan"},"geometry":{"type":"Point","coordinates":[112.3,-7.2]}},{"type":"Feature","properties":{"Line":"R138","Tr":2664,"X":"648300.5","Y":"9206081.5","Rotation":0,"NAMOBJ":"Doyomulyo","WADMKC":"Kembangbahu","WADMKK":"Lamongan"},"geometry":{"type":"Point","coordinates":[112.3,-7.2]}},{"type":"Feature","properties":{"Line":"R138","Tr":2665,"X":"648300.5","Y":"9206069.0","Rotation":0,"NAMOBJ":"Doyomulyo","WADMKC":"Kembangbahu","WADMKK":"Lamongan"},"geometry":{"type":"Point","coordinates":[112.3,-7.2]}},{"type":"Feature","properties":{"Line":"R138","Tr":2666,"X":"648300.5","Y":"9206056.5","Rotation":0,"NAMOBJ":"Doyomulyo","WADMKC":"Kembangbahu","WADMKK":"Lamongan"},"geometry":{"type":"Point","coordinates":[112.3,-7.2]}},{"type":"Feature","properties":{"Line":"R138","Tr":2667,"X":"648300.5","Y":"9206044.0","Rotation":0,"NAMOBJ":"Doyomulyo","WADMKC":"Kembangbahu","WADMKK":"Lamongan"},"geometry":{"type":"Point","coordinates":[112.3,-7.2]}},{"type":"Feature","properties":{"Line":"R138","Tr":2668,"X":"648300.5","Y":"9206031.5","Rotation":0,"NAMOBJ":"Doyomulyo","WADMKC":"Kembangbahu","WADMKK":"Lamongan"},"geometry":{"type":"Point","coordinates":[112.3,-7.2]}},{"type":"Feature","properties":{"Line":"R138","Tr":2669,"X":"648300.5","Y":"9206019.0","Rotation":0,"NAMOBJ":"Doyomulyo","WADMKC":"Kembangbahu","WADMKK":"Lamongan"},"geometry":{"type":"Point","coordinates":[112.3,-7.2]}},{"type":"Feature","properties":{"Line":"R101","Tr":2980,"X":"648969.3","Y":"9208800.4","Rotation":90,"NAMOBJ":"Gedangan","WADMKC":"Sukodadi","WADMKK":"Lamongan"},"geometry":{"type":"Point","coordinates":[112.3,-7.2]}},{"type":"Feature","properties":{"Line":"R101","Tr":2981,"X":"648981.8","Y":"9208800.3","Rotation":90,"NAMOBJ":"Gedangan","WADMKC":"Sukodadi","WADMKK":"Lamongan"},"geometry":{"type":"Point","coordinates":[112.3,-7.2]}},{"type":"Feature","properties":{"Line":"R101","Tr":2982,"X":"648994.3","Y":"9208800.4","Rotation":90,"NAMOBJ":"Gedangan","WADMKC":"Sukodadi","WADMKK":"Lamongan"},"geometry":{"type":"Point","coordinates":[112.3,-7.2]}},{"type":"Feature","properties":{"Line":"R101","Tr":2983,"X":"649006.8","Y":"9208800.3","Rotation":90,"NAMOBJ":"Gedangan","WADMKC":"Sukodadi","WADMKK":"Lamongan"},"geometry":{"type":"Point","coordinates":[112.3,-7.2]}},{"type":"Feature","properties":{"Line":"R101","Tr":2984,"X":"649019.3","Y":"9208800.4","Rotation":90,"NAMOBJ":"Gedangan","WADMKC":"Sukodadi","WADMKK":"Lamongan"},"geometry":{"type":"Point","coordinates":[112.3,-7.2]}},{"type":"Feature","properties":{"Line":"R101","Tr":2985,"X":"649031.8","Y":"9208800.3","Rotation":90,"NAMOBJ":"Gedangan","WADMKC":"Sukodadi","WADMKK":"Lamongan"},"geometry":{"type":"Point","coordinates":[112.3,-7.2]}},{"type":"Feature","properties":{"Line":"R101","Tr":2986,"X":"649044.3","Y":"9208800.4","Rotation":90,"NAMOBJ":"Gedangan","WADMKC":"Sukodadi","WADMKK":"Lamongan"},"geometry":{"type":"Point","coordinates":[112.3,-7.2]}},{"type":"Feature","properties":{"Line":"R101","Tr":2987,"X":"649056.8","Y":"9208800.3","Rotation":90,"NAMOBJ":"Gedangan","WADMKC":"Sukodadi","WADMKK":"Lamongan"},"geometry":{"type":"Point","coordinates":[112.3,-7.2]}},{"type":"Feature","properties":{"Line":"R101","Tr":2988,"X":"649069.3","Y":"9208800.4","Rotation":90,"NAMOBJ":"Gedangan","WADMKC":"Sukodadi","WADMKK":"Lamongan"},"geometry":{"type":"Point","coordinates":[112.3,-7.2]}},{"type":"Feature","properties":{"Line":"R128","Tr":2762,"X":"643300.5","Y":"9205406.5","Rotation":0,"NAMOBJ":"German","WADMKC":"Sugio","WADMKK":"Lamongan"},"geometry":{"type":"Point","coordinates":[112.3,-7.2]}},{"type":"Feature","properties":{"Line":"R128","Tr":2763,"X":"643300.5","Y":"9205394.0","Rotation":0,"NAMOBJ":"German","WADMKC":"Sugio","WADMKK":"Lamongan"},"geometry":{"type":"Point","coordinates":[112.3,-7.2]}},{"type":"Feature","properties":{"Line":"R128","Tr":2764,"X":"643300.5","Y":"9205381.5","Rotation":0,"NAMOBJ":"German","WADMKC":"Sugio","WADMKK":"Lamongan"},"geometry":{"type":"Point","coordinates":[112.3,-7.2]}},{"type":"Feature","properties":{"Line":"R128","Tr":2765,"X":"643300.5","Y":"9205369.0","Rotation":0,"NAMOBJ":"German","WADMKC":"Sugio","WADMKK":"Lamongan"},"geometry":{"type":"Point","coordinates":[112.3,-7.2]}},{"type":"Feature","properties":{"Line":"R128","Tr":2766,"X":"643300.5","Y":"9205356.5","Rotation":0,"NAMOBJ":"German","WADMKC":"Sugio","WADMKK":"Lamongan"},"geometry":{"type":"Point","coordinates":[112.3,-7.2]}},{"type":"Feature","properties":{"Line":"R128","Tr":2767,"X":"643300.5","Y":"9205344.0","Rotation":0,"NAMOBJ":"German","WADMKC":"Sugio","WADMKK":"Lamongan"},"geometry":{"type":"Point","coordinates":[112.3,-7.2]}},{"type":"Feature","properties":{"Line":"R128","Tr":2768,"X":"643300.5","Y":"9205331.5","Rotation":0,"NAMOBJ":"German","WADMKC":"Sugio","WADMKK":"Lamongan"},"geometry":{"type":"Point","coordinates":[112.3,-7.2]}},{"type":"Feature","properties":{"Line":"R128","Tr":2769,"X":"643300.5","Y":"9205319.0","Rotation":0,"NAMOBJ":"German","WADMKC":"Sugio","WADMKK":"Lamongan"},"geometry":{"type":"Point","coordinates":[112.3,-7.2]}},{"type":"Feature","properties":{"Line":"R128","Tr":2770,"X":"643300.5","Y":"9205306.5","Rotation":0,"NAMOBJ":"German","WADMKC":"Sugio","WADMKK":"Lamongan"},"geometry":{"type":"Point","coordinates":[112.3,-7.2]}},{"type":"Feature","properties":{"Line":"R128","Tr":2771,"X":"643300.5","Y":"9205294.0","Rotation":0,"NAMOBJ":"German","WADMKC":"Sugio","WADMKK":"Lamongan"},"geometry":{"type":"Point","coordinates":[112.3,-7.2]}},{"type":"Feature","properties":{"Line":"R128","Tr":2772,"X":"643300.5","Y":"9205281.5","Rotation":0,"NAMOBJ":"German","WADMKC":"Sugio","WADMKK":"Lamongan"},"geometry":{"type":"Point","coordinates":[112.3,-7.2]}},{"type":"Feature","properties":{"Line":"R128","Tr":2773,"X":"643300.5","Y":"9205269.0","Rotation":0,"NAMOBJ":"German","WADMKC":"Sugio","WADMKK":"Lamongan"},"geometry":{"type":"Point","coordinates":[112.3,-7.2]}},{"type":"Feature","properties":{"Line":"R130","Tr":2557,"X":"644300.5","Y":"9207819.0","Rotation":0,"NAMOBJ":"German","WADMKC":"Sugio","WADMKK":"Lamongan"},"geometry":{"type":"Point","coordinates":[112.3,-7.2]}},{"type":"Feature","properties":{"Line":"R130","Tr":2558,"X":"644300.5","Y":"9207806.5","Rotation":0,"NAMOBJ":"German","WADMKC":"Sugio","WADMKK":"Lamongan"},"geometry":{"type":"Point","coordinates":[112.3,-7.2]}},{"type":"Feature","properties":{"Line":"R130","Tr":2559,"X":"644300.5","Y":"9207794.0","Rotation":0,"NAMOBJ":"German","WADMKC":"Sugio","WADMKK":"Lamongan"},"geometry":{"type":"Point","coordinates":[112.3,-7.2]}},{"type":"Feature","properties":{"Line":"R130","Tr":2560,"X":"644300.5","Y":"9207781.5","Rotation":0,"NAMOBJ":"German","WADMKC":"Sugio","WADMKK":"Lamongan"},"geometry":{"type":"Point","coordinates":[112.3,-7.2]}},{"type":"Feature","properties":{"Line":"R130","Tr":2561,"X":"644300.5","Y":"9207769.0","Rotation":0,"NAMOBJ":"German","WADMKC":"Sugio","WADMKK":"Lamongan"},"geometry":{"type":"Point","coordinates":[112.3,-7.2]}},{"type":"Feature","properties":{"Line":"R130","Tr":2562,"X":"644300.5","Y":"9207756.5","Rotation":0,"NAMOBJ":"German","WADMKC":"Sugio","WADMKK":"Lamongan"},"geometry":{"type":"Point","coordinates":[112.3,-7.2]}},{"type":"Feature","properties":{"Line":"R130","Tr":2563,"X":"644300.5","Y":"9207744.0","Rotation":0,"NAMOBJ":"German","WADMKC":"Sugio","WADMKK":"Lamongan"},"geometry":{"type":"Point","coordinates":[112.3,-7.2]}},{"type":"Feature","properties":{"Line":"R130","Tr":2564,"X":"644300.5","Y":"9207731.5","Rotation":0,"NAMOBJ":"German","WADMKC":"Sugio","WADMKK":"Lamongan"},"geometry":{"type":"Point","coordinates":[112.3,-7.2]}},{"type":"Feature","properties":{"Line":"R130","Tr":2565,"X":"644300.5","Y":"9207719.0","Rotation":0,"NAMOBJ":"German","WADMKC":"Sugio","WADMKK":"Lamongan"},"geometry":{"type":"Point","coordinates":[112.3,-7.2]}},{"type":"Feature","properties":{"Line":"R130","Tr":2566,"X":"644300.5","Y":"9207706.5","Rotation":0,"NAMOBJ":"German","WADMKC":"Sugio","WADMKK":"Lamongan"},"geometry":{"type":"Point","coordinates":[112.3,-7.2]}},{"type":"Feature","properties":{"Line":"R130","Tr":2567,"X":"644300.5","Y":"9207694.0","Rotation":0,"NAMOBJ":"German","WADMKC":"Sugio","WADMKK":"Lamongan"},"geometry":{"type":"Point","coordinates":[112.3,-7.2]}},{"type":"Feature","properties":{"Line":"R130","Tr":2568,"X":"644300.5","Y":"9207681.5","Rotation":0,"NAMOBJ":"German","WADMKC":"Sugio","WADMKK":"Lamongan"},"geometry":{"type":"Point","coordinates":[112.3,-7.2]}},{"type":"Feature","properties":{"Line":"R130","Tr":2569,"X":"644300.5","Y":"9207669.0","Rotation":0,"NAMOBJ":"German","WADMKC":"Sugio","WADMKK":"Lamongan"},"geometry":{"type":"Point","coordinates":[112.3,-7.2]}},{"type":"Feature","properties":{"Line":"R130","Tr":2570,"X":"644300.5","Y":"9207656.5","Rotation":0,"NAMOBJ":"German","WADMKC":"Sugio","WADMKK":"Lamongan"},"geometry":{"type":"Point","coordinates":[112.3,-7.2]}},{"type":"Feature","properties":{"Line":"R130","Tr":2571,"X":"644300.5","Y":"9207644.0","Rotation":0,"NAMOBJ":"German","WADMKC":"Sugio","WADMKK":"Lamongan"},"geometry":{"type":"Point","coordinates":[112.3,-7.2]}},{"type":"Feature","properties":{"Line":"R130","Tr":2572,"X":"644300.5","Y":"9207631.5","Rotation":0,"NAMOBJ":"German","WADMKC":"Sugio","WADMKK":"Lamongan"},"geometry":{"type":"Point","coordinates":[112.3,-7.2]}},{"type":"Feature","properties":{"Line":"R130","Tr":2573,"X":"644300.5","Y":"9207619.0","Rotation":0,"NAMOBJ":"German","WADMKC":"Sugio","WADMKK":"Lamongan"},"geometry":{"type":"Point","coordinates":[112.3,-7.2]}},{"type":"Feature","properties":{"Line":"R130","Tr":2574,"X":"644300.5","Y":"9207606.5","Rotation":0,"NAMOBJ":"German","WADMKC":"Sugio","WADMKK":"Lamongan"},"geometry":{"type":"Point","coordinates":[112.3,-7.2]}},{"type":"Feature","properties":{"Line":"R130","Tr":2575,"X":"644300.5","Y":"9207594.0","Rotation":0,"NAMOBJ":"German","WADMKC":"Sugio","WADMKK":"Lamongan"},"geometry":{"type":"Point","coordinates":[112.3,-7.2]}},{"type":"Feature","properties":{"Line":"R130","Tr":2576,"X":"644300.5","Y":"9207581.5","Rotation":0,"NAMOBJ":"German","WADMKC":"Sugio","WADMKK":"Lamongan"},"geometry":{"type":"Point","coordinates":[112.3,-7.2]}},{"type":"Feature","properties":{"Line":"R130","Tr":2577,"X":"644300.5","Y":"9207569.0","Rotation":0,"NAMOBJ":"German","WADMKC":"Sugio","WADMKK":"Lamongan"},"geometry":{"type":"Point","coordinates":[112.3,-7.2]}},{"type":"Feature","properties":{"Line":"R130","Tr":2578,"X":"644300.5","Y":"9207556.5","Rotation":0,"NAMOBJ":"German","WADMKC":"Sugio","WADMKK":"Lamongan"},"geometry":{"type":"Point","coordinates":[112.3,-7.2]}},{"type":"Feature","properties":{"Line":"R130","Tr":2579,"X":"644300.5","Y":"9207544.0","Rotation":0,"NAMOBJ":"German","WADMKC":"Sugio","WADMKK":"Lamongan"},"geometry":{"type":"Point","coordinates":[112.3,-7.2]}},{"type":"Feature","properties":{"Line":"R130","Tr":2580,"X":"644300.5","Y":"9207531.5","Rotation":0,"NAMOBJ":"German","WADMKC":"Sugio","WADMKK":"Lamongan"},"geometry":{"type":"Point","coordinates":[112.3,-7.2]}},{"type":"Feature","properties":{"Line":"R130","Tr":2581,"X":"644300.5","Y":"9207519.0","Rotation":0,"NAMOBJ":"German","WADMKC":"Sugio","WADMKK":"Lamongan"},"geometry":{"type":"Point","coordinates":[112.3,-7.2]}},{"type":"Feature","properties":{"Line":"R130","Tr":2582,"X":"644300.5","Y":"9207506.5","Rotation":0,"NAMOBJ":"German","WADMKC":"Sugio","WADMKK":"Lamongan"},"geometry":{"type":"Point","coordinates":[112.3,-7.2]}},{"type":"Feature","properties":{"Line":"R130","Tr":2583,"X":"644300.5","Y":"9207494.0","Rotation":0,"NAMOBJ":"German","WADMKC":"Sugio","WADMKK":"Lamongan"},"geometry":{"type":"Point","coordinates":[112.3,-7.2]}},{"type":"Feature","properties":{"Line":"R130","Tr":2584,"X":"644300.5","Y":"9207481.5","Rotation":0,"NAMOBJ":"German","WADMKC":"Sugio","WADMKK":"Lamongan"},"geometry":{"type":"Point","coordinates":[112.3,-7.2]}},{"type":"Feature","properties":{"Line":"R130","Tr":2585,"X":"644300.5","Y":"9207469.0","Rotation":0,"NAMOBJ":"German","WADMKC":"Sugio","WADMKK":"Lamongan"},"geometry":{"type":"Point","coordinates":[112.3,-7.2]}},{"type":"Feature","properties":{"Line":"R130","Tr":2586,"X":"644300.5","Y":"9207456.5","Rotation":0,"NAMOBJ":"German","WADMKC":"Sugio","WADMKK":"Lamongan"},"geometry":{"type":"Point","coordinates":[112.3,-7.2]}},{"type":"Feature","properties":{"Line":"R130","Tr":2587,"X":"644300.5","Y":"9207444.0","Rotation":0,"NAMOBJ":"German","WADMKC":"Sugio","WADMKK":"Lamongan"},"geometry":{"type":"Point","coordinates":[112.3,-7.2]}},{"type":"Feature","properties":{"Line":"R130","Tr":2588,"X":"644300.5","Y":"9207431.5","Rotation":0,"NAMOBJ":"German","WADMKC":"Sugio","WADMKK":"Lamongan"},"geometry":{"type":"Point","coordinates":[112.3,-7.2]}},{"type":"Feature","properties":{"Line":"R130","Tr":2589,"X":"644300.5","Y":"9207419.0","Rotation":0,"NAMOBJ":"German","WADMKC":"Sugio","WADMKK":"Lamongan"},"geometry":{"type":"Point","coordinates":[112.3,-7.2]}},{"type":"Feature","properties":{"Line":"R130","Tr":2590,"X":"644300.5","Y":"9207406.5","Rotation":0,"NAMOBJ":"German","WADMKC":"Sugio","WADMKK":"Lamongan"},"geometry":{"type":"Point","coordinates":[112.3,-7.2]}},{"type":"Feature","properties":{"Line":"R130","Tr":2591,"X":"644300.5","Y":"9207394.0","Rotation":0,"NAMOBJ":"German","WADMKC":"Sugio","WADMKK":"Lamongan"},"geometry":{"type":"Point","coordinates":[112.3,-7.2]}},{"type":"Feature","properties":{"Line":"R130","Tr":2592,"X":"644300.5","Y":"9207381.5","Rotation":0,"NAMOBJ":"German","WADMKC":"Sugio","WADMKK":"Lamongan"},"geometry":{"type":"Point","coordinates":[112.3,-7.2]}},{"type":"Feature","properties":{"Line":"R130","Tr":2593,"X":"644300.5","Y":"9207369.0","Rotation":0,"NAMOBJ":"German","WADMKC":"Sugio","WADMKK":"Lamongan"},"geometry":{"type":"Point","coordinates":[112.3,-7.2]}},{"type":"Feature","properties":{"Line":"R130","Tr":2594,"X":"644300.5","Y":"9207356.5","Rotation":0,"NAMOBJ":"German","WADMKC":"Sugio","WADMKK":"Lamongan"},"geometry":{"type":"Point","coordinates":[112.3,-7.2]}},{"type":"Feature","properties":{"Line":"R130","Tr":2595,"X":"644300.5","Y":"9207344.0","Rotation":0,"NAMOBJ":"German","WADMKC":"Sugio","WADMKK":"Lamongan"},"geometry":{"type":"Point","coordinates":[112.3,-7.2]}},{"type":"Feature","properties":{"Line":"R130","Tr":2596,"X":"644300.5","Y":"9207331.5","Rotation":0,"NAMOBJ":"German","WADMKC":"Sugio","WADMKK":"Lamongan"},"geometry":{"type":"Point","coordinates":[112.3,-7.2]}},{"type":"Feature","properties":{"Line":"R130","Tr":2597,"X":"644300.5","Y":"9207319.0","Rotation":0,"NAMOBJ":"German","WADMKC":"Sugio","WADMKK":"Lamongan"},"geometry":{"type":"Point","coordinates":[112.3,-7.2]}},{"type":"Feature","properties":{"Line":"R130","Tr":2598,"X":"644300.5","Y":"9207306.5","Rotation":0,"NAMOBJ":"German","WADMKC":"Sugio","WADMKK":"Lamongan"},"geometry":{"type":"Point","coordinates":[112.3,-7.2]}},{"type":"Feature","properties":{"Line":"R130","Tr":2599,"X":"644300.5","Y":"9207294.0","Rotation":0,"NAMOBJ":"German","WADMKC":"Sugio","WADMKK":"Lamongan"},"geometry":{"type":"Point","coordinates":[112.3,-7.2]}},{"type":"Feature","properties":{"Line":"R130","Tr":2600,"X":"644300.5","Y":"9207281.5","Rotation":0,"NAMOBJ":"German","WADMKC":"Sugio","WADMKK":"Lamongan"},"geometry":{"type":"Point","coordinates":[112.3,-7.2]}},{"type":"Feature","properties":{"Line":"R130","Tr":2601,"X":"644300.5","Y":"9207269.0","Rotation":0,"NAMOBJ":"German","WADMKC":"Sugio","WADMKK":"Lamongan"},"geometry":{"type":"Point","coordinates":[112.3,-7.2]}},{"type":"Feature","properties":{"Line":"R130","Tr":2602,"X":"644300.5","Y":"9207256.5","Rotation":0,"NAMOBJ":"German","WADMKC":"Sugio","WADMKK":"Lamongan"},"geometry":{"type":"Point","coordinates":[112.3,-7.2]}},{"type":"Feature","properties":{"Line":"R130","Tr":2603,"X":"644300.5","Y":"9207244.0","Rotation":0,"NAMOBJ":"German","WADMKC":"Sugio","WADMKK":"Lamongan"},"geometry":{"type":"Point","coordinates":[112.3,-7.2]}},{"type":"Feature","properties":{"Line":"R130","Tr":2604,"X":"644300.5","Y":"9207231.5","Rotation":0,"NAMOBJ":"German","WADMKC":"Sugio","WADMKK":"Lamongan"},"geometry":{"type":"Point","coordinates":[112.3,-7.2]}},{"type":"Feature","properties":{"Line":"R130","Tr":2605,"X":"644300.5","Y":"9207219.0","Rotation":0,"NAMOBJ":"German","WADMKC":"Sugio","WADMKK":"Lamongan"},"geometry":{"type":"Point","coordinates":[112.3,-7.2]}},{"type":"Feature","properties":{"Line":"R130","Tr":2606,"X":"644300.5","Y":"9207206.5","Rotation":0,"NAMOBJ":"German","WADMKC":"Sugio","WADMKK":"Lamongan"},"geometry":{"type":"Point","coordinates":[112.3,-7.2]}},{"type":"Feature","properties":{"Line":"R130","Tr":2607,"X":"644300.5","Y":"9207194.0","Rotation":0,"NAMOBJ":"German","WADMKC":"Sugio","WADMKK":"Lamongan"},"geometry":{"type":"Point","coordinates":[112.3,-7.2]}},{"type":"Feature","properties":{"Line":"R130","Tr":2608,"X":"644300.5","Y":"9207181.5","Rotation":0,"NAMOBJ":"German","WADMKC":"Sugio","WADMKK":"Lamongan"},"geometry":{"type":"Point","coordinates":[112.3,-7.2]}},{"type":"Feature","properties":{"Line":"R130","Tr":2609,"X":"644300.5","Y":"9207169.0","Rotation":0,"NAMOBJ":"German","WADMKC":"Sugio","WADMKK":"Lamongan"},"geometry":{"type":"Point","coordinates":[112.3,-7.2]}},{"type":"Feature","properties":{"Line":"R130","Tr":2610,"X":"644300.5","Y":"9207156.5","Rotation":0,"NAMOBJ":"German","WADMKC":"Sugio","WADMKK":"Lamongan"},"geometry":{"type":"Point","coordinates":[112.3,-7.2]}},{"type":"Feature","properties":{"Line":"R130","Tr":2611,"X":"644300.5","Y":"9207144.0","Rotation":0,"NAMOBJ":"German","WADMKC":"Sugio","WADMKK":"Lamongan"},"geometry":{"type":"Point","coordinates":[112.3,-7.2]}},{"type":"Feature","properties":{"Line":"R130","Tr":2612,"X":"644300.5","Y":"9207131.5","Rotation":0,"NAMOBJ":"German","WADMKC":"Sugio","WADMKK":"Lamongan"},"geometry":{"type":"Point","coordinates":[112.3,-7.2]}},{"type":"Feature","properties":{"Line":"R130","Tr":2613,"X":"644300.5","Y":"9207119.0","Rotation":0,"NAMOBJ":"German","WADMKC":"Sugio","WADMKK":"Lamongan"},"geometry":{"type":"Point","coordinates":[112.3,-7.2]}},{"type":"Feature","properties":{"Line":"R130","Tr":2614,"X":"644300.5","Y":"9207106.5","Rotation":0,"NAMOBJ":"German","WADMKC":"Sugio","WADMKK":"Lamongan"},"geometry":{"type":"Point","coordinates":[112.3,-7.2]}},{"type":"Feature","properties":{"Line":"R130","Tr":2615,"X":"644300.5","Y":"9207094.0","Rotation":0,"NAMOBJ":"German","WADMKC":"Sugio","WADMKK":"Lamongan"},"geometry":{"type":"Point","coordinates":[112.3,-7.2]}},{"type":"Feature","properties":{"Line":"R130","Tr":2616,"X":"644300.5","Y":"9207081.5","Rotation":0,"NAMOBJ":"German","WADMKC":"Sugio","WADMKK":"Lamongan"},"geometry":{"type":"Point","coordinates":[112.3,-7.2]}},{"type":"Feature","properties":{"Line":"R130","Tr":2617,"X":"644300.5","Y":"9207069.0","Rotation":0,"NAMOBJ":"German","WADMKC":"Sugio","WADMKK":"Lamongan"},"geometry":{"type":"Point","coordinates":[112.3,-7.2]}},{"type":"Feature","properties":{"Line":"R130","Tr":2618,"X":"644300.5","Y":"9207056.5","Rotation":0,"NAMOBJ":"German","WADMKC":"Sugio","WADMKK":"Lamongan"},"geometry":{"type":"Point","coordinates":[112.3,-7.2]}},{"type":"Feature","properties":{"Line":"R130","Tr":2619,"X":"644300.5","Y":"9207044.0","Rotation":0,"NAMOBJ":"German","WADMKC":"Sugio","WADMKK":"Lamongan"},"geometry":{"type":"Point","coordinates":[112.3,-7.2]}},{"type":"Feature","properties":{"Line":"R130","Tr":2620,"X":"644300.5","Y":"9207031.5","Rotation":0,"NAMOBJ":"German","WADMKC":"Sugio","WADMKK":"Lamongan"},"geometry":{"type":"Point","coordinates":[112.3,-7.2]}},{"type":"Feature","properties":{"Line":"R130","Tr":2621,"X":"644300.5","Y":"9207019.0","Rotation":0,"NAMOBJ":"German","WADMKC":"Sugio","WADMKK":"Lamongan"},"geometry":{"type":"Point","coordinates":[112.3,-7.2]}},{"type":"Feature","properties":{"Line":"R130","Tr":2622,"X":"644300.5","Y":"9207006.5","Rotation":0,"NAMOBJ":"German","WADMKC":"Sugio","WADMKK":"Lamongan"},"geometry":{"type":"Point","coordinates":[112.3,-7.2]}},{"type":"Feature","properties":{"Line":"R130","Tr":2623,"X":"644300.5","Y":"9206994.0","Rotation":0,"NAMOBJ":"German","WADMKC":"Sugio","WADMKK":"Lamongan"},"geometry":{"type":"Point","coordinates":[112.3,-7.2]}},{"type":"Feature","properties":{"Line":"R130","Tr":2624,"X":"644300.5","Y":"9206981.5","Rotation":0,"NAMOBJ":"German","WADMKC":"Sugio","WADMKK":"Lamongan"},"geometry":{"type":"Point","coordinates":[112.3,-7.2]}},{"type":"Feature","properties":{"Line":"R130","Tr":2625,"X":"644300.5","Y":"9206969.0","Rotation":0,"NAMOBJ":"German","WADMKC":"Sugio","WADMKK":"Lamongan"},"geometry":{"type":"Point","coordinates":[112.3,-7.2]}},{"type":"Feature","properties":{"Line":"R130","Tr":2626,"X":"644300.5","Y":"9206956.5","Rotation":0,"NAMOBJ":"German","WADMKC":"Sugio","WADMKK":"Lamongan"},"geometry":{"type":"Point","coordinates":[112.3,-7.2]}},{"type":"Feature","properties":{"Line":"R130","Tr":2627,"X":"644300.5","Y":"9206944.0","Rotation":0,"NAMOBJ":"German","WADMKC":"Sugio","WADMKK":"Lamongan"},"geometry":{"type":"Point","coordinates":[112.3,-7.2]}},{"type":"Feature","properties":{"Line":"R130","Tr":2628,"X":"644300.5","Y":"9206931.5","Rotation":0,"NAMOBJ":"German","WADMKC":"Sugio","WADMKK":"Lamongan"},"geometry":{"type":"Point","coordinates":[112.3,-7.2]}},{"type":"Feature","properties":{"Line":"R130","Tr":2629,"X":"644300.5","Y":"9206919.0","Rotation":0,"NAMOBJ":"German","WADMKC":"Sugio","WADMKK":"Lamongan"},"geometry":{"type":"Point","coordinates":[112.3,-7.2]}},{"type":"Feature","properties":{"Line":"R130","Tr":2630,"X":"644300.5","Y":"9206906.5","Rotation":0,"NAMOBJ":"German","WADMKC":"Sugio","WADMKK":"Lamongan"},"geometry":{"type":"Point","coordinates":[112.3,-7.2]}},{"type":"Feature","properties":{"Line":"R130","Tr":2631,"X":"644300.5","Y":"9206894.0","Rotation":0,"NAMOBJ":"German","WADMKC":"Sugio","WADMKK":"Lamongan"},"geometry":{"type":"Point","coordinates":[112.3,-7.2]}},{"type":"Feature","properties":{"Line":"R130","Tr":2632,"X":"644300.5","Y":"9206881.5","Rotation":0,"NAMOBJ":"German","WADMKC":"Sugio","WADMKK":"Lamongan"},"geometry":{"type":"Point","coordinates":[112.3,-7.2]}},{"type":"Feature","properties":{"Line":"R130","Tr":2633,"X":"644300.5","Y":"9206869.0","Rotation":0,"NAMOBJ":"German","WADMKC":"Sugio","WADMKK":"Lamongan"},"geometry":{"type":"Point","coordinates":[112.3,-7.2]}},{"type":"Feature","properties":{"Line":"R130","Tr":2634,"X":"644300.5","Y":"9206856.5","Rotation":0,"NAMOBJ":"German","WADMKC":"Sugio","WADMKK":"Lamongan"},"geometry":{"type":"Point","coordinates":[112.3,-7.2]}},{"type":"Feature","properties":{"Line":"R130","Tr":2635,"X":"644300.5","Y":"9206844.0","Rotation":0,"NAMOBJ":"German","WADMKC":"Sugio","WADMKK":"Lamongan"},"geometry":{"type":"Point","coordinates":[112.3,-7.2]}},{"type":"Feature","properties":{"Line":"R130","Tr":2636,"X":"644300.5","Y":"9206831.5","Rotation":0,"NAMOBJ":"German","WADMKC":"Sugio","WADMKK":"Lamongan"},"geometry":{"type":"Point","coordinates":[112.3,-7.2]}},{"type":"Feature","properties":{"Line":"R130","Tr":2637,"X":"644300.5","Y":"9206819.0","Rotation":0,"NAMOBJ":"German","WADMKC":"Sugio","WADMKK":"Lamongan"},"geometry":{"type":"Point","coordinates":[112.3,-7.2]}},{"type":"Feature","properties":{"Line":"R130","Tr":2638,"X":"644300.5","Y":"9206806.5","Rotation":0,"NAMOBJ":"German","WADMKC":"Sugio","WADMKK":"Lamongan"},"geometry":{"type":"Point","coordinates":[112.3,-7.2]}},{"type":"Feature","properties":{"Line":"R130","Tr":2639,"X":"644300.5","Y":"9206794.0","Rotation":0,"NAMOBJ":"German","WADMKC":"Sugio","WADMKK":"Lamongan"},"geometry":{"type":"Point","coordinates":[112.3,-7.2]}},{"type":"Feature","properties":{"Line":"R130","Tr":2640,"X":"644300.5","Y":"9206781.5","Rotation":0,"NAMOBJ":"German","WADMKC":"Sugio","WADMKK":"Lamongan"},"geometry":{"type":"Point","coordinates":[112.3,-7.2]}},{"type":"Feature","properties":{"Line":"R130","Tr":2641,"X":"644300.5","Y":"9206769.0","Rotation":0,"NAMOBJ":"German","WADMKC":"Sugio","WADMKK":"Lamongan"},"geometry":{"type":"Point","coordinates":[112.3,-7.2]}},{"type":"Feature","properties":{"Line":"R130","Tr":2642,"X":"644300.5","Y":"9206756.5","Rotation":0,"NAMOBJ":"German","WADMKC":"Sugio","WADMKK":"Lamongan"},"geometry":{"type":"Point","coordinates":[112.3,-7.2]}},{"type":"Feature","properties":{"Line":"R130","Tr":2643,"X":"644300.5","Y":"9206744.0","Rotation":0,"NAMOBJ":"German","WADMKC":"Sugio","WADMKK":"Lamongan"},"geometry":{"type":"Point","coordinates":[112.3,-7.2]}},{"type":"Feature","properties":{"Line":"R130","Tr":2644,"X":"644300.5","Y":"9206731.5","Rotation":0,"NAMOBJ":"German","WADMKC":"Sugio","WADMKK":"Lamongan"},"geometry":{"type":"Point","coordinates":[112.3,-7.2]}},{"type":"Feature","properties":{"Line":"R130","Tr":2645,"X":"644300.5","Y":"9206719.0","Rotation":0,"NAMOBJ":"German","WADMKC":"Sugio","WADMKK":"Lamongan"},"geometry":{"type":"Point","coordinates":[112.3,-7.2]}},{"type":"Feature","properties":{"Line":"R130","Tr":2646,"X":"644300.5","Y":"9206706.5","Rotation":0,"NAMOBJ":"German","WADMKC":"Sugio","WADMKK":"Lamongan"},"geometry":{"type":"Point","coordinates":[112.3,-7.2]}},{"type":"Feature","properties":{"Line":"R130","Tr":2647,"X":"644300.5","Y":"9206694.0","Rotation":0,"NAMOBJ":"German","WADMKC":"Sugio","WADMKK":"Lamongan"},"geometry":{"type":"Point","coordinates":[112.3,-7.2]}},{"type":"Feature","properties":{"Line":"R130","Tr":2648,"X":"644300.5","Y":"9206681.5","Rotation":0,"NAMOBJ":"German","WADMKC":"Sugio","WADMKK":"Lamongan"},"geometry":{"type":"Point","coordinates":[112.3,-7.2]}},{"type":"Feature","properties":{"Line":"R130","Tr":2649,"X":"644300.5","Y":"9206669.0","Rotation":0,"NAMOBJ":"German","WADMKC":"Sugio","WADMKK":"Lamongan"},"geometry":{"type":"Point","coordinates":[112.3,-7.2]}},{"type":"Feature","properties":{"Line":"R130","Tr":2650,"X":"644300.5","Y":"9206656.5","Rotation":0,"NAMOBJ":"German","WADMKC":"Sugio","WADMKK":"Lamongan"},"geometry":{"type":"Point","coordinates":[112.3,-7.2]}},{"type":"Feature","properties":{"Line":"R130","Tr":2651,"X":"644300.5","Y":"9206644.0","Rotation":0,"NAMOBJ":"German","WADMKC":"Sugio","WADMKK":"Lamongan"},"geometry":{"type":"Point","coordinates":[112.3,-7.2]}},{"type":"Feature","properties":{"Line":"R130","Tr":2652,"X":"644300.5","Y":"9206631.5","Rotation":0,"NAMOBJ":"German","WADMKC":"Sugio","WADMKK":"Lamongan"},"geometry":{"type":"Point","coordinates":[112.3,-7.2]}},{"type":"Feature","properties":{"Line":"R130","Tr":2653,"X":"644300.5","Y":"9206619.0","Rotation":0,"NAMOBJ":"German","WADMKC":"Sugio","WADMKK":"Lamongan"},"geometry":{"type":"Point","coordinates":[112.3,-7.2]}},{"type":"Feature","properties":{"Line":"R130","Tr":2654,"X":"644300.5","Y":"9206606.5","Rotation":0,"NAMOBJ":"German","WADMKC":"Sugio","WADMKK":"Lamongan"},"geometry":{"type":"Point","coordinates":[112.3,-7.2]}},{"type":"Feature","properties":{"Line":"R130","Tr":2655,"X":"644300.5","Y":"9206594.0","Rotation":0,"NAMOBJ":"German","WADMKC":"Sugio","WADMKK":"Lamongan"},"geometry":{"type":"Point","coordinates":[112.3,-7.2]}},{"type":"Feature","properties":{"Line":"R130","Tr":2656,"X":"644300.5","Y":"9206581.5","Rotation":0,"NAMOBJ":"German","WADMKC":"Sugio","WADMKK":"Lamongan"},"geometry":{"type":"Point","coordinates":[112.3,-7.2]}},{"type":"Feature","properties":{"Line":"R130","Tr":2657,"X":"644300.5","Y":"9206569.0","Rotation":0,"NAMOBJ":"German","WADMKC":"Sugio","WADMKK":"Lamongan"},"geometry":{"type":"Point","coordinates":[112.3,-7.2]}},{"type":"Feature","properties":{"Line":"R130","Tr":2658,"X":"644300.5","Y":"9206556.5","Rotation":0,"NAMOBJ":"German","WADMKC":"Sugio","WADMKK":"Lamongan"},"geometry":{"type":"Point","coordinates":[112.3,-7.2]}},{"type":"Feature","properties":{"Line":"R130","Tr":2659,"X":"644300.5","Y":"9206544.0","Rotation":0,"NAMOBJ":"German","WADMKC":"Sugio","WADMKK":"Lamongan"},"geometry":{"type":"Point","coordinates":[112.3,-7.2]}},{"type":"Feature","properties":{"Line":"R130","Tr":2660,"X":"644300.5","Y":"9206531.5","Rotation":0,"NAMOBJ":"German","WADMKC":"Sugio","WADMKK":"Lamongan"},"geometry":{"type":"Point","coordinates":[112.3,-7.2]}},{"type":"Feature","properties":{"Line":"R130","Tr":2661,"X":"644300.5","Y":"9206519.0","Rotation":0,"NAMOBJ":"German","WADMKC":"Sugio","WADMKK":"Lamongan"},"geometry":{"type":"Point","coordinates":[112.3,-7.2]}},{"type":"Feature","properties":{"Line":"R130","Tr":2662,"X":"644300.5","Y":"9206506.5","Rotation":0,"NAMOBJ":"German","WADMKC":"Sugio","WADMKK":"Lamongan"},"geometry":{"type":"Point","coordinates":[112.3,-7.2]}},{"type":"Feature","properties":{"Line":"R130","Tr":2663,"X":"644300.5","Y":"9206494.0","Rotation":0,"NAMOBJ":"German","WADMKC":"Sugio","WADMKK":"Lamongan"},"geometry":{"type":"Point","coordinates":[112.3,-7.2]}},{"type":"Feature","properties":{"Line":"R130","Tr":2664,"X":"644300.5","Y":"9206481.5","Rotation":0,"NAMOBJ":"German","WADMKC":"Sugio","WADMKK":"Lamongan"},"geometry":{"type":"Point","coordinates":[112.3,-7.2]}},{"type":"Feature","properties":{"Line":"R130","Tr":2665,"X":"644300.5","Y":"9206469.0","Rotation":0,"NAMOBJ":"German","WADMKC":"Sugio","WADMKK":"Lamongan"},"geometry":{"type":"Point","coordinates":[112.3,-7.2]}},{"type":"Feature","properties":{"Line":"R130","Tr":2666,"X":"644300.5","Y":"9206456.5","Rotation":0,"NAMOBJ":"German","WADMKC":"Sugio","WADMKK":"Lamongan"},"geometry":{"type":"Point","coordinates":[112.3,-7.2]}},{"type":"Feature","properties":{"Line":"R130","Tr":2667,"X":"644300.5","Y":"9206444.0","Rotation":0,"NAMOBJ":"German","WADMKC":"Sugio","WADMKK":"Lamongan"},"geometry":{"type":"Point","coordinates":[112.3,-7.2]}},{"type":"Feature","properties":{"Line":"R130","Tr":2668,"X":"644300.5","Y":"9206431.5","Rotation":0,"NAMOBJ":"German","WADMKC":"Sugio","WADMKK":"Lamongan"},"geometry":{"type":"Point","coordinates":[112.3,-7.2]}},{"type":"Feature","properties":{"Line":"R130","Tr":2669,"X":"644300.5","Y":"9206419.0","Rotation":0,"NAMOBJ":"German","WADMKC":"Sugio","WADMKK":"Lamongan"},"geometry":{"type":"Point","coordinates":[112.3,-7.2]}},{"type":"Feature","properties":{"Line":"R130","Tr":2670,"X":"644300.5","Y":"9206406.5","Rotation":0,"NAMOBJ":"German","WADMKC":"Sugio","WADMKK":"Lamongan"},"geometry":{"type":"Point","coordinates":[112.3,-7.2]}},{"type":"Feature","properties":{"Line":"R130","Tr":2671,"X":"644300.5","Y":"9206394.0","Rotation":0,"NAMOBJ":"German","WADMKC":"Sugio","WADMKK":"Lamongan"},"geometry":{"type":"Point","coordinates":[112.3,-7.2]}},{"type":"Feature","properties":{"Line":"R130","Tr":2672,"X":"644300.5","Y":"9206381.5","Rotation":0,"NAMOBJ":"German","WADMKC":"Sugio","WADMKK":"Lamongan"},"geometry":{"type":"Point","coordinates":[112.3,-7.2]}},{"type":"Feature","properties":{"Line":"R130","Tr":2673,"X":"644300.5","Y":"9206369.0","Rotation":0,"NAMOBJ":"German","WADMKC":"Sugio","WADMKK":"Lamongan"},"geometry":{"type":"Point","coordinates":[112.3,-7.2]}},{"type":"Feature","properties":{"Line":"R130","Tr":2674,"X":"644300.5","Y":"9206356.5","Rotation":0,"NAMOBJ":"German","WADMKC":"Sugio","WADMKK":"Lamongan"},"geometry":{"type":"Point","coordinates":[112.3,-7.2]}},{"type":"Feature","properties":{"Line":"R130","Tr":2675,"X":"644300.5","Y":"9206344.0","Rotation":0,"NAMOBJ":"German","WADMKC":"Sugio","WADMKK":"Lamongan"},"geometry":{"type":"Point","coordinates":[112.3,-7.2]}},{"type":"Feature","properties":{"Line":"R130","Tr":2676,"X":"644300.5","Y":"9206331.5","Rotation":0,"NAMOBJ":"German","WADMKC":"Sugio","WADMKK":"Lamongan"},"geometry":{"type":"Point","coordinates":[112.3,-7.2]}},{"type":"Feature","properties":{"Line":"R130","Tr":2677,"X":"644300.5","Y":"9206319.0","Rotation":0,"NAMOBJ":"German","WADMKC":"Sugio","WADMKK":"Lamongan"},"geometry":{"type":"Point","coordinates":[112.3,-7.2]}},{"type":"Feature","properties":{"Line":"R130","Tr":2678,"X":"644300.5","Y":"9206306.5","Rotation":0,"NAMOBJ":"German","WADMKC":"Sugio","WADMKK":"Lamongan"},"geometry":{"type":"Point","coordinates":[112.3,-7.2]}},{"type":"Feature","properties":{"Line":"R130","Tr":2679,"X":"644300.5","Y":"9206294.0","Rotation":0,"NAMOBJ":"German","WADMKC":"Sugio","WADMKK":"Lamongan"},"geometry":{"type":"Point","coordinates":[112.3,-7.2]}},{"type":"Feature","properties":{"Line":"R130","Tr":2680,"X":"644300.5","Y":"9206281.5","Rotation":0,"NAMOBJ":"German","WADMKC":"Sugio","WADMKK":"Lamongan"},"geometry":{"type":"Point","coordinates":[112.3,-7.2]}},{"type":"Feature","properties":{"Line":"R130","Tr":2681,"X":"644300.5","Y":"9206269.0","Rotation":0,"NAMOBJ":"German","WADMKC":"Sugio","WADMKK":"Lamongan"},"geometry":{"type":"Point","coordinates":[112.3,-7.2]}},{"type":"Feature","properties":{"Line":"R130","Tr":2682,"X":"644300.5","Y":"9206256.5","Rotation":0,"NAMOBJ":"German","WADMKC":"Sugio","WADMKK":"Lamongan"},"geometry":{"type":"Point","coordinates":[112.3,-7.2]}},{"type":"Feature","properties":{"Line":"R130","Tr":2683,"X":"644300.5","Y":"9206244.0","Rotation":0,"NAMOBJ":"German","WADMKC":"Sugio","WADMKK":"Lamongan"},"geometry":{"type":"Point","coordinates":[112.3,-7.2]}},{"type":"Feature","properties":{"Line":"R130","Tr":2684,"X":"644300.5","Y":"9206231.5","Rotation":0,"NAMOBJ":"German","WADMKC":"Sugio","WADMKK":"Lamongan"},"geometry":{"type":"Point","coordinates":[112.3,-7.2]}},{"type":"Feature","properties":{"Line":"R130","Tr":2685,"X":"644300.5","Y":"9206219.0","Rotation":0,"NAMOBJ":"German","WADMKC":"Sugio","WADMKK":"Lamongan"},"geometry":{"type":"Point","coordinates":[112.3,-7.2]}},{"type":"Feature","properties":{"Line":"R130","Tr":2686,"X":"644300.5","Y":"9206206.5","Rotation":0,"NAMOBJ":"German","WADMKC":"Sugio","WADMKK":"Lamongan"},"geometry":{"type":"Point","coordinates":[112.3,-7.2]}},{"type":"Feature","properties":{"Line":"R130","Tr":2687,"X":"644300.5","Y":"9206194.0","Rotation":0,"NAMOBJ":"German","WADMKC":"Sugio","WADMKK":"Lamongan"},"geometry":{"type":"Point","coordinates":[112.3,-7.2]}},{"type":"Feature","properties":{"Line":"R130","Tr":2688,"X":"644300.5","Y":"9206181.5","Rotation":0,"NAMOBJ":"German","WADMKC":"Sugio","WADMKK":"Lamongan"},"geometry":{"type":"Point","coordinates":[112.3,-7.2]}},{"type":"Feature","properties":{"Line":"R130","Tr":2689,"X":"644300.5","Y":"9206169.0","Rotation":0,"NAMOBJ":"German","WADMKC":"Sugio","WADMKK":"Lamongan"},"geometry":{"type":"Point","coordinates":[112.3,-7.2]}},{"type":"Feature","properties":{"Line":"R130","Tr":2690,"X":"644300.5","Y":"9206156.5","Rotation":0,"NAMOBJ":"German","WADMKC":"Sugio","WADMKK":"Lamongan"},"geometry":{"type":"Point","coordinates":[112.3,-7.2]}},{"type":"Feature","properties":{"Line":"R130","Tr":2691,"X":"644300.5","Y":"9206144.0","Rotation":0,"NAMOBJ":"German","WADMKC":"Sugio","WADMKK":"Lamongan"},"geometry":{"type":"Point","coordinates":[112.3,-7.2]}},{"type":"Feature","properties":{"Line":"R130","Tr":2692,"X":"644300.5","Y":"9206131.5","Rotation":0,"NAMOBJ":"German","WADMKC":"Sugio","WADMKK":"Lamongan"},"geometry":{"type":"Point","coordinates":[112.3,-7.2]}},{"type":"Feature","properties":{"Line":"R130","Tr":2693,"X":"644300.5","Y":"9206119.0","Rotation":0,"NAMOBJ":"German","WADMKC":"Sugio","WADMKK":"Lamongan"},"geometry":{"type":"Point","coordinates":[112.3,-7.2]}},{"type":"Feature","properties":{"Line":"R130","Tr":2694,"X":"644300.5","Y":"9206106.5","Rotation":0,"NAMOBJ":"German","WADMKC":"Sugio","WADMKK":"Lamongan"},"geometry":{"type":"Point","coordinates":[112.3,-7.2]}},{"type":"Feature","properties":{"Line":"R130","Tr":2695,"X":"644300.5","Y":"9206094.0","Rotation":0,"NAMOBJ":"German","WADMKC":"Sugio","WADMKK":"Lamongan"},"geometry":{"type":"Point","coordinates":[112.3,-7.2]}},{"type":"Feature","properties":{"Line":"R130","Tr":2696,"X":"644300.5","Y":"9206081.5","Rotation":0,"NAMOBJ":"German","WADMKC":"Sugio","WADMKK":"Lamongan"},"geometry":{"type":"Point","coordinates":[112.3,-7.2]}},{"type":"Feature","properties":{"Line":"R130","Tr":2697,"X":"644300.5","Y":"9206069.0","Rotation":0,"NAMOBJ":"German","WADMKC":"Sugio","WADMKK":"Lamongan"},"geometry":{"type":"Point","coordinates":[112.3,-7.2]}},{"type":"Feature","properties":{"Line":"R130","Tr":2698,"X":"644300.5","Y":"9206056.5","Rotation":0,"NAMOBJ":"German","WADMKC":"Sugio","WADMKK":"Lamongan"},"geometry":{"type":"Point","coordinates":[112.3,-7.2]}},{"type":"Feature","properties":{"Line":"R130","Tr":2699,"X":"644300.5","Y":"9206044.0","Rotation":0,"NAMOBJ":"German","WADMKC":"Sugio","WADMKK":"Lamongan"},"geometry":{"type":"Point","coordinates":[112.3,-7.2]}},{"type":"Feature","properties":{"Line":"R130","Tr":2700,"X":"644300.5","Y":"9206031.5","Rotation":0,"NAMOBJ":"German","WADMKC":"Sugio","WADMKK":"Lamongan"},"geometry":{"type":"Point","coordinates":[112.3,-7.2]}},{"type":"Feature","properties":{"Line":"R130","Tr":2701,"X":"644300.5","Y":"9206019.0","Rotation":0,"NAMOBJ":"German","WADMKC":"Sugio","WADMKK":"Lamongan"},"geometry":{"type":"Point","coordinates":[112.3,-7.2]}},{"type":"Feature","properties":{"Line":"R130","Tr":2702,"X":"644300.5","Y":"9206006.5","Rotation":0,"NAMOBJ":"German","WADMKC":"Sugio","WADMKK":"Lamongan"},"geometry":{"type":"Point","coordinates":[112.3,-7.2]}},{"type":"Feature","properties":{"Line":"R130","Tr":2703,"X":"644300.5","Y":"9205994.0","Rotation":0,"NAMOBJ":"German","WADMKC":"Sugio","WADMKK":"Lamongan"},"geometry":{"type":"Point","coordinates":[112.3,-7.2]}},{"type":"Feature","properties":{"Line":"R130","Tr":2704,"X":"644300.5","Y":"9205981.5","Rotation":0,"NAMOBJ":"German","WADMKC":"Sugio","WADMKK":"Lamongan"},"geometry":{"type":"Point","coordinates":[112.3,-7.2]}},{"type":"Feature","properties":{"Line":"R130","Tr":2705,"X":"644300.5","Y":"9205969.0","Rotation":0,"NAMOBJ":"German","WADMKC":"Sugio","WADMKK":"Lamongan"},"geometry":{"type":"Point","coordinates":[112.3,-7.2]}},{"type":"Feature","properties":{"Line":"R130","Tr":2706,"X":"644300.5","Y":"9205956.5","Rotation":0,"NAMOBJ":"German","WADMKC":"Sugio","WADMKK":"Lamongan"},"geometry":{"type":"Point","coordinates":[112.3,-7.2]}},{"type":"Feature","properties":{"Line":"R130","Tr":2707,"X":"644300.5","Y":"9205944.0","Rotation":0,"NAMOBJ":"German","WADMKC":"Sugio","WADMKK":"Lamongan"},"geometry":{"type":"Point","coordinates":[112.3,-7.2]}},{"type":"Feature","properties":{"Line":"R130","Tr":2708,"X":"644300.5","Y":"9205931.5","Rotation":0,"NAMOBJ":"German","WADMKC":"Sugio","WADMKK":"Lamongan"},"geometry":{"type":"Point","coordinates":[112.3,-7.2]}},{"type":"Feature","properties":{"Line":"R130","Tr":2709,"X":"644300.5","Y":"9205919.0","Rotation":0,"NAMOBJ":"German","WADMKC":"Sugio","WADMKK":"Lamongan"},"geometry":{"type":"Point","coordinates":[112.3,-7.2]}},{"type":"Feature","properties":{"Line":"R130","Tr":2710,"X":"644300.5","Y":"9205906.5","Rotation":0,"NAMOBJ":"German","WADMKC":"Sugio","WADMKK":"Lamongan"},"geometry":{"type":"Point","coordinates":[112.3,-7.2]}},{"type":"Feature","properties":{"Line":"R130","Tr":2711,"X":"644300.5","Y":"9205894.0","Rotation":0,"NAMOBJ":"German","WADMKC":"Sugio","WADMKK":"Lamongan"},"geometry":{"type":"Point","coordinates":[112.3,-7.2]}},{"type":"Feature","properties":{"Line":"R130","Tr":2712,"X":"644300.5","Y":"9205881.5","Rotation":0,"NAMOBJ":"German","WADMKC":"Sugio","WADMKK":"Lamongan"},"geometry":{"type":"Point","coordinates":[112.3,-7.2]}},{"type":"Feature","properties":{"Line":"R130","Tr":2713,"X":"644300.5","Y":"9205869.0","Rotation":0,"NAMOBJ":"German","WADMKC":"Sugio","WADMKK":"Lamongan"},"geometry":{"type":"Point","coordinates":[112.3,-7.2]}},{"type":"Feature","properties":{"Line":"R130","Tr":2714,"X":"644300.5","Y":"9205856.5","Rotation":0,"NAMOBJ":"German","WADMKC":"Sugio","WADMKK":"Lamongan"},"geometry":{"type":"Point","coordinates":[112.3,-7.2]}},{"type":"Feature","properties":{"Line":"R130","Tr":2715,"X":"644300.5","Y":"9205844.0","Rotation":0,"NAMOBJ":"German","WADMKC":"Sugio","WADMKK":"Lamongan"},"geometry":{"type":"Point","coordinates":[112.3,-7.2]}},{"type":"Feature","properties":{"Line":"R130","Tr":2716,"X":"644300.5","Y":"9205831.5","Rotation":0,"NAMOBJ":"German","WADMKC":"Sugio","WADMKK":"Lamongan"},"geometry":{"type":"Point","coordinates":[112.3,-7.2]}},{"type":"Feature","properties":{"Line":"R130","Tr":2717,"X":"644300.5","Y":"9205819.0","Rotation":0,"NAMOBJ":"German","WADMKC":"Sugio","WADMKK":"Lamongan"},"geometry":{"type":"Point","coordinates":[112.3,-7.2]}},{"type":"Feature","properties":{"Line":"R130","Tr":2718,"X":"644300.5","Y":"9205806.5","Rotation":0,"NAMOBJ":"German","WADMKC":"Sugio","WADMKK":"Lamongan"},"geometry":{"type":"Point","coordinates":[112.3,-7.2]}},{"type":"Feature","properties":{"Line":"R130","Tr":2719,"X":"644300.5","Y":"9205794.0","Rotation":0,"NAMOBJ":"German","WADMKC":"Sugio","WADMKK":"Lamongan"},"geometry":{"type":"Point","coordinates":[112.3,-7.2]}},{"type":"Feature","properties":{"Line":"R130","Tr":2720,"X":"644300.5","Y":"9205781.5","Rotation":0,"NAMOBJ":"German","WADMKC":"Sugio","WADMKK":"Lamongan"},"geometry":{"type":"Point","coordinates":[112.3,-7.2]}},{"type":"Feature","properties":{"Line":"R130","Tr":2721,"X":"644300.5","Y":"9205769.0","Rotation":0,"NAMOBJ":"German","WADMKC":"Sugio","WADMKK":"Lamongan"},"geometry":{"type":"Point","coordinates":[112.3,-7.2]}},{"type":"Feature","properties":{"Line":"R130","Tr":2722,"X":"644300.5","Y":"9205756.5","Rotation":0,"NAMOBJ":"German","WADMKC":"Sugio","WADMKK":"Lamongan"},"geometry":{"type":"Point","coordinates":[112.3,-7.2]}},{"type":"Feature","properties":{"Line":"R130","Tr":2723,"X":"644300.5","Y":"9205744.0","Rotation":0,"NAMOBJ":"German","WADMKC":"Sugio","WADMKK":"Lamongan"},"geometry":{"type":"Point","coordinates":[112.3,-7.2]}},{"type":"Feature","properties":{"Line":"R130","Tr":2724,"X":"644300.5","Y":"9205731.5","Rotation":0,"NAMOBJ":"German","WADMKC":"Sugio","WADMKK":"Lamongan"},"geometry":{"type":"Point","coordinates":[112.3,-7.2]}},{"type":"Feature","properties":{"Line":"R130","Tr":2725,"X":"644300.5","Y":"9205719.0","Rotation":0,"NAMOBJ":"German","WADMKC":"Sugio","WADMKK":"Lamongan"},"geometry":{"type":"Point","coordinates":[112.3,-7.2]}},{"type":"Feature","properties":{"Line":"R130","Tr":2726,"X":"644300.5","Y":"9205706.5","Rotation":0,"NAMOBJ":"German","WADMKC":"Sugio","WADMKK":"Lamongan"},"geometry":{"type":"Point","coordinates":[112.3,-7.2]}},{"type":"Feature","properties":{"Line":"R130","Tr":2727,"X":"644300.5","Y":"9205694.0","Rotation":0,"NAMOBJ":"German","WADMKC":"Sugio","WADMKK":"Lamongan"},"geometry":{"type":"Point","coordinates":[112.3,-7.2]}},{"type":"Feature","properties":{"Line":"R130","Tr":2728,"X":"644300.5","Y":"9205681.5","Rotation":0,"NAMOBJ":"German","WADMKC":"Sugio","WADMKK":"Lamongan"},"geometry":{"type":"Point","coordinates":[112.3,-7.2]}},{"type":"Feature","properties":{"Line":"R130","Tr":2729,"X":"644300.5","Y":"9205669.0","Rotation":0,"NAMOBJ":"German","WADMKC":"Sugio","WADMKK":"Lamongan"},"geometry":{"type":"Point","coordinates":[112.3,-7.2]}},{"type":"Feature","properties":{"Line":"R130","Tr":2730,"X":"644300.5","Y":"9205656.5","Rotation":0,"NAMOBJ":"German","WADMKC":"Sugio","WADMKK":"Lamongan"},"geometry":{"type":"Point","coordinates":[112.3,-7.2]}},{"type":"Feature","properties":{"Line":"R130","Tr":2731,"X":"644300.5","Y":"9205644.0","Rotation":0,"NAMOBJ":"German","WADMKC":"Sugio","WADMKK":"Lamongan"},"geometry":{"type":"Point","coordinates":[112.3,-7.2]}},{"type":"Feature","properties":{"Line":"R130","Tr":2732,"X":"644300.5","Y":"9205631.5","Rotation":0,"NAMOBJ":"German","WADMKC":"Sugio","WADMKK":"Lamongan"},"geometry":{"type":"Point","coordinates":[112.3,-7.2]}},{"type":"Feature","properties":{"Line":"R130","Tr":2733,"X":"644300.5","Y":"9205619.0","Rotation":0,"NAMOBJ":"German","WADMKC":"Sugio","WADMKK":"Lamongan"},"geometry":{"type":"Point","coordinates":[112.3,-7.2]}},{"type":"Feature","properties":{"Line":"R130","Tr":2734,"X":"644300.5","Y":"9205606.5","Rotation":0,"NAMOBJ":"German","WADMKC":"Sugio","WADMKK":"Lamongan"},"geometry":{"type":"Point","coordinates":[112.3,-7.2]}},{"type":"Feature","properties":{"Line":"R130","Tr":2735,"X":"644300.5","Y":"9205594.0","Rotation":0,"NAMOBJ":"German","WADMKC":"Sugio","WADMKK":"Lamongan"},"geometry":{"type":"Point","coordinates":[112.3,-7.2]}},{"type":"Feature","properties":{"Line":"R130","Tr":2736,"X":"644300.5","Y":"9205581.5","Rotation":0,"NAMOBJ":"German","WADMKC":"Sugio","WADMKK":"Lamongan"},"geometry":{"type":"Point","coordinates":[112.3,-7.2]}},{"type":"Feature","properties":{"Line":"R130","Tr":2737,"X":"644300.5","Y":"9205569.0","Rotation":0,"NAMOBJ":"German","WADMKC":"Sugio","WADMKK":"Lamongan"},"geometry":{"type":"Point","coordinates":[112.3,-7.2]}},{"type":"Feature","properties":{"Line":"R130","Tr":2738,"X":"644300.5","Y":"9205556.5","Rotation":0,"NAMOBJ":"German","WADMKC":"Sugio","WADMKK":"Lamongan"},"geometry":{"type":"Point","coordinates":[112.3,-7.2]}},{"type":"Feature","properties":{"Line":"R130","Tr":2739,"X":"644300.5","Y":"9205544.0","Rotation":0,"NAMOBJ":"German","WADMKC":"Sugio","WADMKK":"Lamongan"},"geometry":{"type":"Point","coordinates":[112.3,-7.2]}},{"type":"Feature","properties":{"Line":"R130","Tr":2740,"X":"644300.5","Y":"9205531.5","Rotation":0,"NAMOBJ":"German","WADMKC":"Sugio","WADMKK":"Lamongan"},"geometry":{"type":"Point","coordinates":[112.3,-7.2]}},{"type":"Feature","properties":{"Line":"R130","Tr":2741,"X":"644300.5","Y":"9205519.0","Rotation":0,"NAMOBJ":"German","WADMKC":"Sugio","WADMKK":"Lamongan"},"geometry":{"type":"Point","coordinates":[112.3,-7.2]}},{"type":"Feature","properties":{"Line":"R130","Tr":2742,"X":"644300.5","Y":"9205506.5","Rotation":0,"NAMOBJ":"German","WADMKC":"Sugio","WADMKK":"Lamongan"},"geometry":{"type":"Point","coordinates":[112.3,-7.2]}},{"type":"Feature","properties":{"Line":"R130","Tr":2743,"X":"644300.5","Y":"9205494.0","Rotation":0,"NAMOBJ":"German","WADMKC":"Sugio","WADMKK":"Lamongan"},"geometry":{"type":"Point","coordinates":[112.3,-7.2]}},{"type":"Feature","properties":{"Line":"R130","Tr":2744,"X":"644300.5","Y":"9205481.5","Rotation":0,"NAMOBJ":"German","WADMKC":"Sugio","WADMKK":"Lamongan"},"geometry":{"type":"Point","coordinates":[112.3,-7.2]}},{"type":"Feature","properties":{"Line":"R130","Tr":2745,"X":"644300.5","Y":"9205469.0","Rotation":0,"NAMOBJ":"German","WADMKC":"Sugio","WADMKK":"Lamongan"},"geometry":{"type":"Point","coordinates":[112.3,-7.2]}},{"type":"Feature","properties":{"Line":"R130","Tr":2746,"X":"644300.5","Y":"9205456.5","Rotation":0,"NAMOBJ":"German","WADMKC":"Sugio","WADMKK":"Lamongan"},"geometry":{"type":"Point","coordinates":[112.3,-7.2]}},{"type":"Feature","properties":{"Line":"R130","Tr":2747,"X":"644300.5","Y":"9205444.0","Rotation":0,"NAMOBJ":"German","WADMKC":"Sugio","WADMKK":"Lamongan"},"geometry":{"type":"Point","coordinates":[112.3,-7.2]}},{"type":"Feature","properties":{"Line":"R130","Tr":2748,"X":"644300.5","Y":"9205431.5","Rotation":0,"NAMOBJ":"German","WADMKC":"Sugio","WADMKK":"Lamongan"},"geometry":{"type":"Point","coordinates":[112.3,-7.2]}},{"type":"Feature","properties":{"Line":"R130","Tr":2749,"X":"644300.5","Y":"9205419.0","Rotation":0,"NAMOBJ":"German","WADMKC":"Sugio","WADMKK":"Lamongan"},"geometry":{"type":"Point","coordinates":[112.3,-7.2]}},{"type":"Feature","properties":{"Line":"R130","Tr":2750,"X":"644300.5","Y":"9205406.5","Rotation":0,"NAMOBJ":"German","WADMKC":"Sugio","WADMKK":"Lamongan"},"geometry":{"type":"Point","coordinates":[112.3,-7.2]}},{"type":"Feature","properties":{"Line":"R130","Tr":2751,"X":"644300.5","Y":"9205394.0","Rotation":0,"NAMOBJ":"German","WADMKC":"Sugio","WADMKK":"Lamongan"},"geometry":{"type":"Point","coordinates":[112.3,-7.2]}},{"type":"Feature","properties":{"Line":"R130","Tr":2752,"X":"644300.5","Y":"9205381.5","Rotation":0,"NAMOBJ":"German","WADMKC":"Sugio","WADMKK":"Lamongan"},"geometry":{"type":"Point","coordinates":[112.3,-7.2]}},{"type":"Feature","properties":{"Line":"R130","Tr":2753,"X":"644300.5","Y":"9205369.0","Rotation":0,"NAMOBJ":"German","WADMKC":"Sugio","WADMKK":"Lamongan"},"geometry":{"type":"Point","coordinates":[112.3,-7.2]}},{"type":"Feature","properties":{"Line":"R130","Tr":2754,"X":"644300.5","Y":"9205356.5","Rotation":0,"NAMOBJ":"German","WADMKC":"Sugio","WADMKK":"Lamongan"},"geometry":{"type":"Point","coordinates":[112.3,-7.2]}},{"type":"Feature","properties":{"Line":"R130","Tr":2755,"X":"644300.5","Y":"9205344.0","Rotation":0,"NAMOBJ":"German","WADMKC":"Sugio","WADMKK":"Lamongan"},"geometry":{"type":"Point","coordinates":[112.3,-7.2]}},{"type":"Feature","properties":{"Line":"R130","Tr":2756,"X":"644300.5","Y":"9205331.5","Rotation":0,"NAMOBJ":"German","WADMKC":"Sugio","WADMKK":"Lamongan"},"geometry":{"type":"Point","coordinates":[112.3,-7.2]}},{"type":"Feature","properties":{"Line":"R130","Tr":2757,"X":"644300.5","Y":"9205319.0","Rotation":0,"NAMOBJ":"German","WADMKC":"Sugio","WADMKK":"Lamongan"},"geometry":{"type":"Point","coordinates":[112.3,-7.2]}},{"type":"Feature","properties":{"Line":"R130","Tr":2758,"X":"644300.5","Y":"9205306.5","Rotation":0,"NAMOBJ":"German","WADMKC":"Sugio","WADMKK":"Lamongan"},"geometry":{"type":"Point","coordinates":[112.3,-7.2]}},{"type":"Feature","properties":{"Line":"R130","Tr":2759,"X":"644300.5","Y":"9205294.0","Rotation":0,"NAMOBJ":"German","WADMKC":"Sugio","WADMKK":"Lamongan"},"geometry":{"type":"Point","coordinates":[112.3,-7.2]}},{"type":"Feature","properties":{"Line":"R130","Tr":2760,"X":"644300.5","Y":"9205281.5","Rotation":0,"NAMOBJ":"German","WADMKC":"Sugio","WADMKK":"Lamongan"},"geometry":{"type":"Point","coordinates":[112.3,-7.2]}},{"type":"Feature","properties":{"Line":"R130","Tr":2761,"X":"644300.5","Y":"9205269.0","Rotation":0,"NAMOBJ":"German","WADMKC":"Sugio","WADMKK":"Lamongan"},"geometry":{"type":"Point","coordinates":[112.3,-7.2]}},{"type":"Feature","properties":{"Line":"R130","Tr":2762,"X":"644300.5","Y":"9205256.5","Rotation":0,"NAMOBJ":"German","WADMKC":"Sugio","WADMKK":"Lamongan"},"geometry":{"type":"Point","coordinates":[112.3,-7.2]}},{"type":"Feature","properties":{"Line":"R130","Tr":2763,"X":"644300.5","Y":"9205244.0","Rotation":0,"NAMOBJ":"German","WADMKC":"Sugio","WADMKK":"Lamongan"},"geometry":{"type":"Point","coordinates":[112.3,-7.2]}},{"type":"Feature","properties":{"Line":"R130","Tr":2764,"X":"644300.5","Y":"9205231.5","Rotation":0,"NAMOBJ":"German","WADMKC":"Sugio","WADMKK":"Lamongan"},"geometry":{"type":"Point","coordinates":[112.3,-7.2]}},{"type":"Feature","properties":{"Line":"R130","Tr":2765,"X":"644300.5","Y":"9205219.0","Rotation":0,"NAMOBJ":"German","WADMKC":"Sugio","WADMKK":"Lamongan"},"geometry":{"type":"Point","coordinates":[112.3,-7.2]}},{"type":"Feature","properties":{"Line":"R130","Tr":2766,"X":"644300.5","Y":"9205206.5","Rotation":0,"NAMOBJ":"German","WADMKC":"Sugio","WADMKK":"Lamongan"},"geometry":{"type":"Point","coordinates":[112.3,-7.2]}},{"type":"Feature","properties":{"Line":"R130","Tr":2767,"X":"644300.5","Y":"9205194.0","Rotation":0,"NAMOBJ":"German","WADMKC":"Sugio","WADMKK":"Lamongan"},"geometry":{"type":"Point","coordinates":[112.3,-7.2]}},{"type":"Feature","properties":{"Line":"R130","Tr":2768,"X":"644300.5","Y":"9205181.5","Rotation":0,"NAMOBJ":"German","WADMKC":"Sugio","WADMKK":"Lamongan"},"geometry":{"type":"Point","coordinates":[112.3,-7.2]}},{"type":"Feature","properties":{"Line":"R130","Tr":2769,"X":"644300.5","Y":"9205169.0","Rotation":0,"NAMOBJ":"German","WADMKC":"Sugio","WADMKK":"Lamongan"},"geometry":{"type":"Point","coordinates":[112.3,-7.2]}},{"type":"Feature","properties":{"Line":"R130","Tr":2770,"X":"644300.5","Y":"9205156.5","Rotation":0,"NAMOBJ":"German","WADMKC":"Sugio","WADMKK":"Lamongan"},"geometry":{"type":"Point","coordinates":[112.3,-7.2]}},{"type":"Feature","properties":{"Line":"R130","Tr":2771,"X":"644300.5","Y":"9205144.0","Rotation":0,"NAMOBJ":"German","WADMKC":"Sugio","WADMKK":"Lamongan"},"geometry":{"type":"Point","coordinates":[112.3,-7.2]}},{"type":"Feature","properties":{"Line":"R130","Tr":2772,"X":"644300.5","Y":"9205131.5","Rotation":0,"NAMOBJ":"German","WADMKC":"Sugio","WADMKK":"Lamongan"},"geometry":{"type":"Point","coordinates":[112.3,-7.2]}},{"type":"Feature","properties":{"Line":"R130","Tr":2773,"X":"644300.5","Y":"9205119.0","Rotation":0,"NAMOBJ":"German","WADMKC":"Sugio","WADMKK":"Lamongan"},"geometry":{"type":"Point","coordinates":[112.3,-7.2]}},{"type":"Feature","properties":{"Line":"R130","Tr":2774,"X":"644300.5","Y":"9205106.5","Rotation":0,"NAMOBJ":"German","WADMKC":"Sugio","WADMKK":"Lamongan"},"geometry":{"type":"Point","coordinates":[112.3,-7.2]}},{"type":"Feature","properties":{"Line":"R130","Tr":2775,"X":"644300.5","Y":"9205094.0","Rotation":0,"NAMOBJ":"German","WADMKC":"Sugio","WADMKK":"Lamongan"},"geometry":{"type":"Point","coordinates":[112.3,-7.2]}},{"type":"Feature","properties":{"Line":"R130","Tr":2776,"X":"644300.5","Y":"9205081.5","Rotation":0,"NAMOBJ":"German","WADMKC":"Sugio","WADMKK":"Lamongan"},"geometry":{"type":"Point","coordinates":[112.3,-7.2]}},{"type":"Feature","properties":{"Line":"R130","Tr":2777,"X":"644300.5","Y":"9205069.0","Rotation":0,"NAMOBJ":"German","WADMKC":"Sugio","WADMKK":"Lamongan"},"geometry":{"type":"Point","coordinates":[112.3,-7.2]}},{"type":"Feature","properties":{"Line":"R130","Tr":2778,"X":"644300.5","Y":"9205056.5","Rotation":0,"NAMOBJ":"German","WADMKC":"Sugio","WADMKK":"Lamongan"},"geometry":{"type":"Point","coordinates":[112.3,-7.2]}},{"type":"Feature","properties":{"Line":"R130","Tr":2779,"X":"644300.5","Y":"9205044.0","Rotation":0,"NAMOBJ":"German","WADMKC":"Sugio","WADMKK":"Lamongan"},"geometry":{"type":"Point","coordinates":[112.3,-7.2]}},{"type":"Feature","properties":{"Line":"R130","Tr":2780,"X":"644300.5","Y":"9205031.5","Rotation":0,"NAMOBJ":"German","WADMKC":"Sugio","WADMKK":"Lamongan"},"geometry":{"type":"Point","coordinates":[112.3,-7.2]}},{"type":"Feature","properties":{"Line":"R130","Tr":2781,"X":"644300.5","Y":"9205019.0","Rotation":0,"NAMOBJ":"German","WADMKC":"Sugio","WADMKK":"Lamongan"},"geometry":{"type":"Point","coordinates":[112.3,-7.2]}},{"type":"Feature","properties":{"Line":"R130","Tr":2782,"X":"644300.5","Y":"9205006.5","Rotation":0,"NAMOBJ":"German","WADMKC":"Sugio","WADMKK":"Lamongan"},"geometry":{"type":"Point","coordinates":[112.3,-7.2]}},{"type":"Feature","properties":{"Line":"R132","Tr":2499,"X":"645300.5","Y":"9208144.0","Rotation":0,"NAMOBJ":"German","WADMKC":"Sugio","WADMKK":"Lamongan"},"geometry":{"type":"Point","coordinates":[112.3,-7.2]}},{"type":"Feature","properties":{"Line":"R132","Tr":2500,"X":"645300.5","Y":"9208131.5","Rotation":0,"NAMOBJ":"German","WADMKC":"Sugio","WADMKK":"Lamongan"},"geometry":{"type":"Point","coordinates":[112.3,-7.2]}},{"type":"Feature","properties":{"Line":"R132","Tr":2501,"X":"645300.5","Y":"9208119.0","Rotation":0,"NAMOBJ":"German","WADMKC":"Sugio","WADMKK":"Lamongan"},"geometry":{"type":"Point","coordinates":[112.3,-7.2]}},{"type":"Feature","properties":{"Line":"R132","Tr":2502,"X":"645300.5","Y":"9208106.5","Rotation":0,"NAMOBJ":"German","WADMKC":"Sugio","WADMKK":"Lamongan"},"geometry":{"type":"Point","coordinates":[112.3,-7.2]}},{"type":"Feature","properties":{"Line":"R132","Tr":2503,"X":"645300.5","Y":"9208094.0","Rotation":0,"NAMOBJ":"German","WADMKC":"Sugio","WADMKK":"Lamongan"},"geometry":{"type":"Point","coordinates":[112.3,-7.2]}},{"type":"Feature","properties":{"Line":"R132","Tr":2504,"X":"645300.5","Y":"9208081.5","Rotation":0,"NAMOBJ":"German","WADMKC":"Sugio","WADMKK":"Lamongan"},"geometry":{"type":"Point","coordinates":[112.3,-7.2]}},{"type":"Feature","properties":{"Line":"R132","Tr":2505,"X":"645300.5","Y":"9208069.0","Rotation":0,"NAMOBJ":"German","WADMKC":"Sugio","WADMKK":"Lamongan"},"geometry":{"type":"Point","coordinates":[112.3,-7.2]}},{"type":"Feature","properties":{"Line":"R132","Tr":2506,"X":"645300.5","Y":"9208056.5","Rotation":0,"NAMOBJ":"German","WADMKC":"Sugio","WADMKK":"Lamongan"},"geometry":{"type":"Point","coordinates":[112.3,-7.2]}},{"type":"Feature","properties":{"Line":"R132","Tr":2507,"X":"645300.5","Y":"9208044.0","Rotation":0,"NAMOBJ":"German","WADMKC":"Sugio","WADMKK":"Lamongan"},"geometry":{"type":"Point","coordinates":[112.3,-7.2]}},{"type":"Feature","properties":{"Line":"R132","Tr":2508,"X":"645300.5","Y":"9208031.5","Rotation":0,"NAMOBJ":"German","WADMKC":"Sugio","WADMKK":"Lamongan"},"geometry":{"type":"Point","coordinates":[112.3,-7.2]}},{"type":"Feature","properties":{"Line":"R132","Tr":2588,"X":"645300.5","Y":"9207031.5","Rotation":0,"NAMOBJ":"German","WADMKC":"Sugio","WADMKK":"Lamongan"},"geometry":{"type":"Point","coordinates":[112.3,-7.2]}},{"type":"Feature","properties":{"Line":"R132","Tr":2589,"X":"645300.5","Y":"9207019.0","Rotation":0,"NAMOBJ":"German","WADMKC":"Sugio","WADMKK":"Lamongan"},"geometry":{"type":"Point","coordinates":[112.3,-7.2]}},{"type":"Feature","properties":{"Line":"R132","Tr":2590,"X":"645300.5","Y":"9207006.5","Rotation":0,"NAMOBJ":"German","WADMKC":"Sugio","WADMKK":"Lamongan"},"geometry":{"type":"Point","coordinates":[112.3,-7.2]}},{"type":"Feature","properties":{"Line":"R132","Tr":2591,"X":"645300.5","Y":"9206994.0","Rotation":0,"NAMOBJ":"German","WADMKC":"Sugio","WADMKK":"Lamongan"},"geometry":{"type":"Point","coordinates":[112.3,-7.2]}},{"type":"Feature","properties":{"Line":"R132","Tr":2592,"X":"645300.5","Y":"9206981.5","Rotation":0,"NAMOBJ":"German","WADMKC":"Sugio","WADMKK":"Lamongan"},"geometry":{"type":"Point","coordinates":[112.3,-7.2]}},{"type":"Feature","properties":{"Line":"R132","Tr":2593,"X":"645300.5","Y":"9206969.0","Rotation":0,"NAMOBJ":"German","WADMKC":"Sugio","WADMKK":"Lamongan"},"geometry":{"type":"Point","coordinates":[112.3,-7.2]}},{"type":"Feature","properties":{"Line":"R132","Tr":2594,"X":"645300.5","Y":"9206956.5","Rotation":0,"NAMOBJ":"German","WADMKC":"Sugio","WADMKK":"Lamongan"},"geometry":{"type":"Point","coordinates":[112.3,-7.2]}},{"type":"Feature","properties":{"Line":"R132","Tr":2595,"X":"645300.5","Y":"9206944.0","Rotation":0,"NAMOBJ":"German","WADMKC":"Sugio","WADMKK":"Lamongan"},"geometry":{"type":"Point","coordinates":[112.3,-7.2]}},{"type":"Feature","properties":{"Line":"R132","Tr":2596,"X":"645300.5","Y":"9206931.5","Rotation":0,"NAMOBJ":"German","WADMKC":"Sugio","WADMKK":"Lamongan"},"geometry":{"type":"Point","coordinates":[112.3,-7.2]}},{"type":"Feature","properties":{"Line":"R132","Tr":2597,"X":"645300.5","Y":"9206919.0","Rotation":0,"NAMOBJ":"German","WADMKC":"Sugio","WADMKK":"Lamongan"},"geometry":{"type":"Point","coordinates":[112.3,-7.2]}},{"type":"Feature","properties":{"Line":"R132","Tr":2598,"X":"645300.5","Y":"9206906.5","Rotation":0,"NAMOBJ":"German","WADMKC":"Sugio","WADMKK":"Lamongan"},"geometry":{"type":"Point","coordinates":[112.3,-7.2]}},{"type":"Feature","properties":{"Line":"R132","Tr":2599,"X":"645300.5","Y":"9206894.0","Rotation":0,"NAMOBJ":"German","WADMKC":"Sugio","WADMKK":"Lamongan"},"geometry":{"type":"Point","coordinates":[112.3,-7.2]}},{"type":"Feature","properties":{"Line":"R132","Tr":2600,"X":"645300.5","Y":"9206881.5","Rotation":0,"NAMOBJ":"German","WADMKC":"Sugio","WADMKK":"Lamongan"},"geometry":{"type":"Point","coordinates":[112.3,-7.2]}},{"type":"Feature","properties":{"Line":"R132","Tr":2601,"X":"645300.5","Y":"9206869.0","Rotation":0,"NAMOBJ":"German","WADMKC":"Sugio","WADMKK":"Lamongan"},"geometry":{"type":"Point","coordinates":[112.3,-7.2]}},{"type":"Feature","properties":{"Line":"R132","Tr":2602,"X":"645300.5","Y":"9206856.5","Rotation":0,"NAMOBJ":"German","WADMKC":"Sugio","WADMKK":"Lamongan"},"geometry":{"type":"Point","coordinates":[112.3,-7.2]}},{"type":"Feature","properties":{"Line":"R132","Tr":2603,"X":"645300.5","Y":"9206844.0","Rotation":0,"NAMOBJ":"German","WADMKC":"Sugio","WADMKK":"Lamongan"},"geometry":{"type":"Point","coordinates":[112.3,-7.2]}},{"type":"Feature","properties":{"Line":"R132","Tr":2604,"X":"645300.5","Y":"9206831.5","Rotation":0,"NAMOBJ":"German","WADMKC":"Sugio","WADMKK":"Lamongan"},"geometry":{"type":"Point","coordinates":[112.3,-7.2]}},{"type":"Feature","properties":{"Line":"R132","Tr":2605,"X":"645300.5","Y":"9206819.0","Rotation":0,"NAMOBJ":"German","WADMKC":"Sugio","WADMKK":"Lamongan"},"geometry":{"type":"Point","coordinates":[112.3,-7.2]}},{"type":"Feature","properties":{"Line":"R132","Tr":2606,"X":"645300.5","Y":"9206806.5","Rotation":0,"NAMOBJ":"German","WADMKC":"Sugio","WADMKK":"Lamongan"},"geometry":{"type":"Point","coordinates":[112.3,-7.2]}},{"type":"Feature","properties":{"Line":"R132","Tr":2607,"X":"645300.5","Y":"9206794.0","Rotation":0,"NAMOBJ":"German","WADMKC":"Sugio","WADMKK":"Lamongan"},"geometry":{"type":"Point","coordinates":[112.3,-7.2]}},{"type":"Feature","properties":{"Line":"R132","Tr":2608,"X":"645300.5","Y":"9206781.5","Rotation":0,"NAMOBJ":"German","WADMKC":"Sugio","WADMKK":"Lamongan"},"geometry":{"type":"Point","coordinates":[112.3,-7.2]}},{"type":"Feature","properties":{"Line":"R132","Tr":2609,"X":"645300.5","Y":"9206769.0","Rotation":0,"NAMOBJ":"German","WADMKC":"Sugio","WADMKK":"Lamongan"},"geometry":{"type":"Point","coordinates":[112.3,-7.2]}},{"type":"Feature","properties":{"Line":"R132","Tr":2610,"X":"645300.5","Y":"9206756.5","Rotation":0,"NAMOBJ":"German","WADMKC":"Sugio","WADMKK":"Lamongan"},"geometry":{"type":"Point","coordinates":[112.3,-7.2]}},{"type":"Feature","properties":{"Line":"R132","Tr":2611,"X":"645300.5","Y":"9206744.0","Rotation":0,"NAMOBJ":"German","WADMKC":"Sugio","WADMKK":"Lamongan"},"geometry":{"type":"Point","coordinates":[112.3,-7.2]}},{"type":"Feature","properties":{"Line":"R132","Tr":2612,"X":"645300.5","Y":"9206731.5","Rotation":0,"NAMOBJ":"German","WADMKC":"Sugio","WADMKK":"Lamongan"},"geometry":{"type":"Point","coordinates":[112.3,-7.2]}},{"type":"Feature","properties":{"Line":"R132","Tr":2613,"X":"645300.5","Y":"9206719.0","Rotation":0,"NAMOBJ":"German","WADMKC":"Sugio","WADMKK":"Lamongan"},"geometry":{"type":"Point","coordinates":[112.3,-7.2]}},{"type":"Feature","properties":{"Line":"R132","Tr":2614,"X":"645300.5","Y":"9206706.5","Rotation":0,"NAMOBJ":"German","WADMKC":"Sugio","WADMKK":"Lamongan"},"geometry":{"type":"Point","coordinates":[112.3,-7.2]}},{"type":"Feature","properties":{"Line":"R132","Tr":2615,"X":"645300.5","Y":"9206694.0","Rotation":0,"NAMOBJ":"German","WADMKC":"Sugio","WADMKK":"Lamongan"},"geometry":{"type":"Point","coordinates":[112.3,-7.2]}},{"type":"Feature","properties":{"Line":"R132","Tr":2616,"X":"645300.5","Y":"9206681.5","Rotation":0,"NAMOBJ":"German","WADMKC":"Sugio","WADMKK":"Lamongan"},"geometry":{"type":"Point","coordinates":[112.3,-7.2]}},{"type":"Feature","properties":{"Line":"R132","Tr":2617,"X":"645300.5","Y":"9206669.0","Rotation":0,"NAMOBJ":"German","WADMKC":"Sugio","WADMKK":"Lamongan"},"geometry":{"type":"Point","coordinates":[112.3,-7.2]}},{"type":"Feature","properties":{"Line":"R132","Tr":2618,"X":"645300.5","Y":"9206656.5","Rotation":0,"NAMOBJ":"German","WADMKC":"Sugio","WADMKK":"Lamongan"},"geometry":{"type":"Point","coordinates":[112.3,-7.2]}},{"type":"Feature","properties":{"Line":"R132","Tr":2619,"X":"645300.5","Y":"9206644.0","Rotation":0,"NAMOBJ":"German","WADMKC":"Sugio","WADMKK":"Lamongan"},"geometry":{"type":"Point","coordinates":[112.3,-7.2]}},{"type":"Feature","properties":{"Line":"R132","Tr":2620,"X":"645300.5","Y":"9206631.5","Rotation":0,"NAMOBJ":"German","WADMKC":"Sugio","WADMKK":"Lamongan"},"geometry":{"type":"Point","coordinates":[112.3,-7.2]}},{"type":"Feature","properties":{"Line":"R132","Tr":2621,"X":"645300.5","Y":"9206619.0","Rotation":0,"NAMOBJ":"German","WADMKC":"Sugio","WADMKK":"Lamongan"},"geometry":{"type":"Point","coordinates":[112.3,-7.2]}},{"type":"Feature","properties":{"Line":"R132","Tr":2622,"X":"645300.5","Y":"9206606.5","Rotation":0,"NAMOBJ":"German","WADMKC":"Sugio","WADMKK":"Lamongan"},"geometry":{"type":"Point","coordinates":[112.3,-7.2]}},{"type":"Feature","properties":{"Line":"R132","Tr":2623,"X":"645300.5","Y":"9206594.0","Rotation":0,"NAMOBJ":"German","WADMKC":"Sugio","WADMKK":"Lamongan"},"geometry":{"type":"Point","coordinates":[112.3,-7.2]}},{"type":"Feature","properties":{"Line":"R132","Tr":2624,"X":"645300.5","Y":"9206581.5","Rotation":0,"NAMOBJ":"German","WADMKC":"Sugio","WADMKK":"Lamongan"},"geometry":{"type":"Point","coordinates":[112.3,-7.2]}},{"type":"Feature","properties":{"Line":"R132","Tr":2625,"X":"645300.5","Y":"9206569.0","Rotation":0,"NAMOBJ":"German","WADMKC":"Sugio","WADMKK":"Lamongan"},"geometry":{"type":"Point","coordinates":[112.3,-7.2]}},{"type":"Feature","properties":{"Line":"R132","Tr":2626,"X":"645300.5","Y":"9206556.5","Rotation":0,"NAMOBJ":"German","WADMKC":"Sugio","WADMKK":"Lamongan"},"geometry":{"type":"Point","coordinates":[112.3,-7.2]}},{"type":"Feature","properties":{"Line":"R132","Tr":2627,"X":"645300.5","Y":"9206544.0","Rotation":0,"NAMOBJ":"German","WADMKC":"Sugio","WADMKK":"Lamongan"},"geometry":{"type":"Point","coordinates":[112.3,-7.2]}},{"type":"Feature","properties":{"Line":"R132","Tr":2628,"X":"645300.5","Y":"9206531.5","Rotation":0,"NAMOBJ":"German","WADMKC":"Sugio","WADMKK":"Lamongan"},"geometry":{"type":"Point","coordinates":[112.3,-7.2]}},{"type":"Feature","properties":{"Line":"R132","Tr":2629,"X":"645300.5","Y":"9206519.0","Rotation":0,"NAMOBJ":"German","WADMKC":"Sugio","WADMKK":"Lamongan"},"geometry":{"type":"Point","coordinates":[112.3,-7.2]}},{"type":"Feature","properties":{"Line":"R132","Tr":2630,"X":"645300.5","Y":"9206506.5","Rotation":0,"NAMOBJ":"German","WADMKC":"Sugio","WADMKK":"Lamongan"},"geometry":{"type":"Point","coordinates":[112.3,-7.2]}},{"type":"Feature","properties":{"Line":"R132","Tr":2631,"X":"645300.5","Y":"9206494.0","Rotation":0,"NAMOBJ":"German","WADMKC":"Sugio","WADMKK":"Lamongan"},"geometry":{"type":"Point","coordinates":[112.3,-7.2]}},{"type":"Feature","properties":{"Line":"R132","Tr":2632,"X":"645300.5","Y":"9206481.5","Rotation":0,"NAMOBJ":"German","WADMKC":"Sugio","WADMKK":"Lamongan"},"geometry":{"type":"Point","coordinates":[112.3,-7.2]}},{"type":"Feature","properties":{"Line":"R132","Tr":2633,"X":"645300.5","Y":"9206469.0","Rotation":0,"NAMOBJ":"German","WADMKC":"Sugio","WADMKK":"Lamongan"},"geometry":{"type":"Point","coordinates":[112.3,-7.2]}},{"type":"Feature","properties":{"Line":"R132","Tr":2634,"X":"645300.5","Y":"9206456.5","Rotation":0,"NAMOBJ":"German","WADMKC":"Sugio","WADMKK":"Lamongan"},"geometry":{"type":"Point","coordinates":[112.3,-7.2]}},{"type":"Feature","properties":{"Line":"R132","Tr":2635,"X":"645300.5","Y":"9206444.0","Rotation":0,"NAMOBJ":"German","WADMKC":"Sugio","WADMKK":"Lamongan"},"geometry":{"type":"Point","coordinates":[112.3,-7.2]}},{"type":"Feature","properties":{"Line":"R132","Tr":2636,"X":"645300.5","Y":"9206431.5","Rotation":0,"NAMOBJ":"German","WADMKC":"Sugio","WADMKK":"Lamongan"},"geometry":{"type":"Point","coordinates":[112.3,-7.2]}},{"type":"Feature","properties":{"Line":"R132","Tr":2637,"X":"645300.5","Y":"9206419.0","Rotation":0,"NAMOBJ":"German","WADMKC":"Sugio","WADMKK":"Lamongan"},"geometry":{"type":"Point","coordinates":[112.3,-7.2]}},{"type":"Feature","properties":{"Line":"R132","Tr":2638,"X":"645300.5","Y":"9206406.5","Rotation":0,"NAMOBJ":"German","WADMKC":"Sugio","WADMKK":"Lamongan"},"geometry":{"type":"Point","coordinates":[112.3,-7.2]}},{"type":"Feature","properties":{"Line":"R132","Tr":2639,"X":"645300.5","Y":"9206394.0","Rotation":0,"NAMOBJ":"German","WADMKC":"Sugio","WADMKK":"Lamongan"},"geometry":{"type":"Point","coordinates":[112.3,-7.2]}},{"type":"Feature","properties":{"Line":"R132","Tr":2640,"X":"645300.5","Y":"9206381.5","Rotation":0,"NAMOBJ":"German","WADMKC":"Sugio","WADMKK":"Lamongan"},"geometry":{"type":"Point","coordinates":[112.3,-7.2]}},{"type":"Feature","properties":{"Line":"R132","Tr":2641,"X":"645300.5","Y":"9206369.0","Rotation":0,"NAMOBJ":"German","WADMKC":"Sugio","WADMKK":"Lamongan"},"geometry":{"type":"Point","coordinates":[112.3,-7.2]}},{"type":"Feature","properties":{"Line":"R132","Tr":2642,"X":"645300.5","Y":"9206356.5","Rotation":0,"NAMOBJ":"German","WADMKC":"Sugio","WADMKK":"Lamongan"},"geometry":{"type":"Point","coordinates":[112.3,-7.2]}},{"type":"Feature","properties":{"Line":"R132","Tr":2643,"X":"645300.5","Y":"9206344.0","Rotation":0,"NAMOBJ":"German","WADMKC":"Sugio","WADMKK":"Lamongan"},"geometry":{"type":"Point","coordinates":[112.3,-7.2]}},{"type":"Feature","properties":{"Line":"R132","Tr":2644,"X":"645300.5","Y":"9206331.5","Rotation":0,"NAMOBJ":"German","WADMKC":"Sugio","WADMKK":"Lamongan"},"geometry":{"type":"Point","coordinates":[112.3,-7.2]}},{"type":"Feature","properties":{"Line":"R132","Tr":2645,"X":"645300.5","Y":"9206319.0","Rotation":0,"NAMOBJ":"German","WADMKC":"Sugio","WADMKK":"Lamongan"},"geometry":{"type":"Point","coordinates":[112.3,-7.2]}},{"type":"Feature","properties":{"Line":"R132","Tr":2646,"X":"645300.5","Y":"9206306.5","Rotation":0,"NAMOBJ":"German","WADMKC":"Sugio","WADMKK":"Lamongan"},"geometry":{"type":"Point","coordinates":[112.3,-7.2]}},{"type":"Feature","properties":{"Line":"R132","Tr":2647,"X":"645300.5","Y":"9206294.0","Rotation":0,"NAMOBJ":"German","WADMKC":"Sugio","WADMKK":"Lamongan"},"geometry":{"type":"Point","coordinates":[112.3,-7.2]}},{"type":"Feature","properties":{"Line":"R132","Tr":2648,"X":"645300.5","Y":"9206281.5","Rotation":0,"NAMOBJ":"German","WADMKC":"Sugio","WADMKK":"Lamongan"},"geometry":{"type":"Point","coordinates":[112.3,-7.2]}},{"type":"Feature","properties":{"Line":"R132","Tr":2649,"X":"645300.5","Y":"9206269.0","Rotation":0,"NAMOBJ":"German","WADMKC":"Sugio","WADMKK":"Lamongan"},"geometry":{"type":"Point","coordinates":[112.3,-7.2]}},{"type":"Feature","properties":{"Line":"R132","Tr":2650,"X":"645300.5","Y":"9206256.5","Rotation":0,"NAMOBJ":"German","WADMKC":"Sugio","WADMKK":"Lamongan"},"geometry":{"type":"Point","coordinates":[112.3,-7.2]}},{"type":"Feature","properties":{"Line":"R132","Tr":2651,"X":"645300.5","Y":"9206244.0","Rotation":0,"NAMOBJ":"German","WADMKC":"Sugio","WADMKK":"Lamongan"},"geometry":{"type":"Point","coordinates":[112.3,-7.2]}},{"type":"Feature","properties":{"Line":"R132","Tr":2652,"X":"645300.5","Y":"9206231.5","Rotation":0,"NAMOBJ":"German","WADMKC":"Sugio","WADMKK":"Lamongan"},"geometry":{"type":"Point","coordinates":[112.3,-7.2]}},{"type":"Feature","properties":{"Line":"R132","Tr":2653,"X":"645300.5","Y":"9206219.0","Rotation":0,"NAMOBJ":"German","WADMKC":"Sugio","WADMKK":"Lamongan"},"geometry":{"type":"Point","coordinates":[112.3,-7.2]}},{"type":"Feature","properties":{"Line":"R132","Tr":2654,"X":"645300.5","Y":"9206206.5","Rotation":0,"NAMOBJ":"German","WADMKC":"Sugio","WADMKK":"Lamongan"},"geometry":{"type":"Point","coordinates":[112.3,-7.2]}},{"type":"Feature","properties":{"Line":"R132","Tr":2655,"X":"645300.5","Y":"9206194.0","Rotation":0,"NAMOBJ":"German","WADMKC":"Sugio","WADMKK":"Lamongan"},"geometry":{"type":"Point","coordinates":[112.3,-7.2]}},{"type":"Feature","properties":{"Line":"R132","Tr":2656,"X":"645300.5","Y":"9206181.5","Rotation":0,"NAMOBJ":"German","WADMKC":"Sugio","WADMKK":"Lamongan"},"geometry":{"type":"Point","coordinates":[112.3,-7.2]}},{"type":"Feature","properties":{"Line":"R132","Tr":2657,"X":"645300.5","Y":"9206169.0","Rotation":0,"NAMOBJ":"German","WADMKC":"Sugio","WADMKK":"Lamongan"},"geometry":{"type":"Point","coordinates":[112.3,-7.2]}},{"type":"Feature","properties":{"Line":"R132","Tr":2658,"X":"645300.5","Y":"9206156.5","Rotation":0,"NAMOBJ":"German","WADMKC":"Sugio","WADMKK":"Lamongan"},"geometry":{"type":"Point","coordinates":[112.3,-7.2]}},{"type":"Feature","properties":{"Line":"R132","Tr":2659,"X":"645300.5","Y":"9206144.0","Rotation":0,"NAMOBJ":"German","WADMKC":"Sugio","WADMKK":"Lamongan"},"geometry":{"type":"Point","coordinates":[112.3,-7.2]}},{"type":"Feature","properties":{"Line":"R132","Tr":2660,"X":"645300.5","Y":"9206131.5","Rotation":0,"NAMOBJ":"German","WADMKC":"Sugio","WADMKK":"Lamongan"},"geometry":{"type":"Point","coordinates":[112.3,-7.2]}},{"type":"Feature","properties":{"Line":"R132","Tr":2661,"X":"645300.5","Y":"9206119.0","Rotation":0,"NAMOBJ":"German","WADMKC":"Sugio","WADMKK":"Lamongan"},"geometry":{"type":"Point","coordinates":[112.3,-7.2]}},{"type":"Feature","properties":{"Line":"R132","Tr":2662,"X":"645300.5","Y":"9206106.5","Rotation":0,"NAMOBJ":"German","WADMKC":"Sugio","WADMKK":"Lamongan"},"geometry":{"type":"Point","coordinates":[112.3,-7.2]}},{"type":"Feature","properties":{"Line":"R132","Tr":2663,"X":"645300.5","Y":"9206094.0","Rotation":0,"NAMOBJ":"German","WADMKC":"Sugio","WADMKK":"Lamongan"},"geometry":{"type":"Point","coordinates":[112.3,-7.2]}},{"type":"Feature","properties":{"Line":"R132","Tr":2664,"X":"645300.5","Y":"9206081.5","Rotation":0,"NAMOBJ":"German","WADMKC":"Sugio","WADMKK":"Lamongan"},"geometry":{"type":"Point","coordinates":[112.3,-7.2]}},{"type":"Feature","properties":{"Line":"R128","Tr":2438,"X":"643300.5","Y":"9209456.6","Rotation":0,"NAMOBJ":"Jubelkidul","WADMKC":"Sugio","WADMKK":"Lamongan"},"geometry":{"type":"Point","coordinates":[112.3,-7.2]}},{"type":"Feature","properties":{"Line":"R128","Tr":2439,"X":"643300.5","Y":"9209444.0","Rotation":0,"NAMOBJ":"Jubelkidul","WADMKC":"Sugio","WADMKK":"Lamongan"},"geometry":{"type":"Point","coordinates":[112.3,-7.2]}},{"type":"Feature","properties":{"Line":"R128","Tr":2440,"X":"643300.5","Y":"9209431.6","Rotation":0,"NAMOBJ":"Jubelkidul","WADMKC":"Sugio","WADMKK":"Lamongan"},"geometry":{"type":"Point","coordinates":[112.3,-7.2]}},{"type":"Feature","properties":{"Line":"R128","Tr":2441,"X":"643300.5","Y":"9209419.0","Rotation":0,"NAMOBJ":"Jubelkidul","WADMKC":"Sugio","WADMKK":"Lamongan"},"geometry":{"type":"Point","coordinates":[112.3,-7.2]}},{"type":"Feature","properties":{"Line":"R128","Tr":2442,"X":"643300.5","Y":"9209406.6","Rotation":0,"NAMOBJ":"Jubelkidul","WADMKC":"Sugio","WADMKK":"Lamongan"},"geometry":{"type":"Point","coordinates":[112.3,-7.2]}},{"type":"Feature","properties":{"Line":"R128","Tr":2443,"X":"643300.5","Y":"9209394.0","Rotation":0,"NAMOBJ":"Jubelkidul","WADMKC":"Sugio","WADMKK":"Lamongan"},"geometry":{"type":"Point","coordinates":[112.3,-7.2]}},{"type":"Feature","properties":{"Line":"R128","Tr":2444,"X":"643300.5","Y":"9209381.6","Rotation":0,"NAMOBJ":"Jubelkidul","WADMKC":"Sugio","WADMKK":"Lamongan"},"geometry":{"type":"Point","coordinates":[112.3,-7.2]}},{"type":"Feature","properties":{"Line":"R128","Tr":2445,"X":"643300.5","Y":"9209369.0","Rotation":0,"NAMOBJ":"Jubelkidul","WADMKC":"Sugio","WADMKK":"Lamongan"},"geometry":{"type":"Point","coordinates":[112.3,-7.2]}},{"type":"Feature","properties":{"Line":"R128","Tr":2446,"X":"643300.5","Y":"9209356.6","Rotation":0,"NAMOBJ":"Jubelkidul","WADMKC":"Sugio","WADMKK":"Lamongan"},"geometry":{"type":"Point","coordinates":[112.3,-7.2]}},{"type":"Feature","properties":{"Line":"R128","Tr":2447,"X":"643300.5","Y":"9209344.0","Rotation":0,"NAMOBJ":"Jubelkidul","WADMKC":"Sugio","WADMKK":"Lamongan"},"geometry":{"type":"Point","coordinates":[112.3,-7.2]}},{"type":"Feature","properties":{"Line":"R128","Tr":2448,"X":"643300.5","Y":"9209331.6","Rotation":0,"NAMOBJ":"Jubelkidul","WADMKC":"Sugio","WADMKK":"Lamongan"},"geometry":{"type":"Point","coordinates":[112.3,-7.2]}},{"type":"Feature","properties":{"Line":"R128","Tr":2449,"X":"643300.5","Y":"9209319.0","Rotation":0,"NAMOBJ":"Jubelkidul","WADMKC":"Sugio","WADMKK":"Lamongan"},"geometry":{"type":"Point","coordinates":[112.3,-7.2]}},{"type":"Feature","properties":{"Line":"R128","Tr":2450,"X":"643300.5","Y":"9209306.6","Rotation":0,"NAMOBJ":"Jubelkidul","WADMKC":"Sugio","WADMKK":"Lamongan"},"geometry":{"type":"Point","coordinates":[112.3,-7.2]}},{"type":"Feature","properties":{"Line":"R128","Tr":2451,"X":"643300.5","Y":"9209294.0","Rotation":0,"NAMOBJ":"Jubelkidul","WADMKC":"Sugio","WADMKK":"Lamongan"},"geometry":{"type":"Point","coordinates":[112.3,-7.2]}},{"type":"Feature","properties":{"Line":"R128","Tr":2452,"X":"643300.5","Y":"9209281.6","Rotation":0,"NAMOBJ":"Jubelkidul","WADMKC":"Sugio","WADMKK":"Lamongan"},"geometry":{"type":"Point","coordinates":[112.3,-7.2]}},{"type":"Feature","properties":{"Line":"R128","Tr":2458,"X":"643300.5","Y":"9209206.6","Rotation":0,"NAMOBJ":"Jubelkidul","WADMKC":"Sugio","WADMKK":"Lamongan"},"geometry":{"type":"Point","coordinates":[112.3,-7.2]}},{"type":"Feature","properties":{"Line":"R128","Tr":2459,"X":"643300.5","Y":"9209194.0","Rotation":0,"NAMOBJ":"Jubelkidul","WADMKC":"Sugio","WADMKK":"Lamongan"},"geometry":{"type":"Point","coordinates":[112.3,-7.2]}},{"type":"Feature","properties":{"Line":"R128","Tr":2460,"X":"643300.5","Y":"9209181.6","Rotation":0,"NAMOBJ":"Jubelkidul","WADMKC":"Sugio","WADMKK":"Lamongan"},"geometry":{"type":"Point","coordinates":[112.3,-7.2]}},{"type":"Feature","properties":{"Line":"R128","Tr":2461,"X":"643300.5","Y":"9209169.0","Rotation":0,"NAMOBJ":"Jubelkidul","WADMKC":"Sugio","WADMKK":"Lamongan"},"geometry":{"type":"Point","coordinates":[112.3,-7.2]}},{"type":"Feature","properties":{"Line":"R128","Tr":2462,"X":"643300.5","Y":"9209156.6","Rotation":0,"NAMOBJ":"Jubelkidul","WADMKC":"Sugio","WADMKK":"Lamongan"},"geometry":{"type":"Point","coordinates":[112.3,-7.2]}},{"type":"Feature","properties":{"Line":"R128","Tr":2463,"X":"643300.5","Y":"9209144.0","Rotation":0,"NAMOBJ":"Jubelkidul","WADMKC":"Sugio","WADMKK":"Lamongan"},"geometry":{"type":"Point","coordinates":[112.3,-7.2]}},{"type":"Feature","properties":{"Line":"R128","Tr":2464,"X":"643300.5","Y":"9209131.6","Rotation":0,"NAMOBJ":"Jubelkidul","WADMKC":"Sugio","WADMKK":"Lamongan"},"geometry":{"type":"Point","coordinates":[112.3,-7.2]}},{"type":"Feature","properties":{"Line":"R128","Tr":2465,"X":"643300.5","Y":"9209119.0","Rotation":0,"NAMOBJ":"Jubelkidul","WADMKC":"Sugio","WADMKK":"Lamongan"},"geometry":{"type":"Point","coordinates":[112.3,-7.2]}},{"type":"Feature","properties":{"Line":"R128","Tr":2466,"X":"643300.5","Y":"9209106.6","Rotation":0,"NAMOBJ":"Jubelkidul","WADMKC":"Sugio","WADMKK":"Lamongan"},"geometry":{"type":"Point","coordinates":[112.3,-7.2]}},{"type":"Feature","properties":{"Line":"R128","Tr":2467,"X":"643300.5","Y":"9209094.0","Rotation":0,"NAMOBJ":"Jubelkidul","WADMKC":"Sugio","WADMKK":"Lamongan"},"geometry":{"type":"Point","coordinates":[112.3,-7.2]}},{"type":"Feature","properties":{"Line":"R128","Tr":2468,"X":"643300.5","Y":"9209081.6","Rotation":0,"NAMOBJ":"Jubelkidul","WADMKC":"Sugio","WADMKK":"Lamongan"},"geometry":{"type":"Point","coordinates":[112.3,-7.2]}},{"type":"Feature","properties":{"Line":"R128","Tr":2469,"X":"643300.5","Y":"9209069.0","Rotation":0,"NAMOBJ":"Jubelkidul","WADMKC":"Sugio","WADMKK":"Lamongan"},"geometry":{"type":"Point","coordinates":[112.3,-7.2]}},{"type":"Feature","properties":{"Line":"R128","Tr":2470,"X":"643300.5","Y":"9209056.6","Rotation":0,"NAMOBJ":"Jubelkidul","WADMKC":"Sugio","WADMKK":"Lamongan"},"geometry":{"type":"Point","coordinates":[112.3,-7.2]}},{"type":"Feature","properties":{"Line":"R130","Tr":2426,"X":"644300.5","Y":"9209456.6","Rotation":0,"NAMOBJ":"Jubelkidul","WADMKC":"Sugio","WADMKK":"Lamongan"},"geometry":{"type":"Point","coordinates":[112.3,-7.2]}},{"type":"Feature","properties":{"Line":"R130","Tr":2427,"X":"644300.5","Y":"9209444.0","Rotation":0,"NAMOBJ":"Jubelkidul","WADMKC":"Sugio","WADMKK":"Lamongan"},"geometry":{"type":"Point","coordinates":[112.3,-7.2]}},{"type":"Feature","properties":{"Line":"R130","Tr":2428,"X":"644300.5","Y":"9209431.6","Rotation":0,"NAMOBJ":"Jubelkidul","WADMKC":"Sugio","WADMKK":"Lamongan"},"geometry":{"type":"Point","coordinates":[112.3,-7.2]}},{"type":"Feature","properties":{"Line":"R130","Tr":2429,"X":"644300.5","Y":"9209419.0","Rotation":0,"NAMOBJ":"Jubelkidul","WADMKC":"Sugio","WADMKK":"Lamongan"},"geometry":{"type":"Point","coordinates":[112.3,-7.2]}},{"type":"Feature","properties":{"Line":"R130","Tr":2430,"X":"644300.5","Y":"9209406.6","Rotation":0,"NAMOBJ":"Jubelkidul","WADMKC":"Sugio","WADMKK":"Lamongan"},"geometry":{"type":"Point","coordinates":[112.3,-7.2]}},{"type":"Feature","properties":{"Line":"R130","Tr":2431,"X":"644300.5","Y":"9209394.0","Rotation":0,"NAMOBJ":"Jubelkidul","WADMKC":"Sugio","WADMKK":"Lamongan"},"geometry":{"type":"Point","coordinates":[112.3,-7.2]}},{"type":"Feature","properties":{"Line":"R130","Tr":2432,"X":"644300.5","Y":"9209381.6","Rotation":0,"NAMOBJ":"Jubelkidul","WADMKC":"Sugio","WADMKK":"Lamongan"},"geometry":{"type":"Point","coordinates":[112.3,-7.2]}},{"type":"Feature","properties":{"Line":"R130","Tr":2433,"X":"644300.5","Y":"9209369.0","Rotation":0,"NAMOBJ":"Jubelkidul","WADMKC":"Sugio","WADMKK":"Lamongan"},"geometry":{"type":"Point","coordinates":[112.3,-7.2]}},{"type":"Feature","properties":{"Line":"R130","Tr":2434,"X":"644300.5","Y":"9209356.6","Rotation":0,"NAMOBJ":"Jubelkidul","WADMKC":"Sugio","WADMKK":"Lamongan"},"geometry":{"type":"Point","coordinates":[112.3,-7.2]}},{"type":"Feature","properties":{"Line":"R130","Tr":2435,"X":"644300.5","Y":"9209344.0","Rotation":0,"NAMOBJ":"Jubelkidul","WADMKC":"Sugio","WADMKK":"Lamongan"},"geometry":{"type":"Point","coordinates":[112.3,-7.2]}},{"type":"Feature","properties":{"Line":"R130","Tr":2436,"X":"644300.5","Y":"9209331.6","Rotation":0,"NAMOBJ":"Jubelkidul","WADMKC":"Sugio","WADMKK":"Lamongan"},"geometry":{"type":"Point","coordinates":[112.3,-7.2]}},{"type":"Feature","properties":{"Line":"R130","Tr":2437,"X":"644300.5","Y":"9209319.0","Rotation":0,"NAMOBJ":"Jubelkidul","WADMKC":"Sugio","WADMKK":"Lamongan"},"geometry":{"type":"Point","coordinates":[112.3,-7.2]}},{"type":"Feature","properties":{"Line":"R130","Tr":2438,"X":"644300.5","Y":"9209306.6","Rotation":0,"NAMOBJ":"Jubelkidul","WADMKC":"Sugio","WADMKK":"Lamongan"},"geometry":{"type":"Point","coordinates":[112.3,-7.2]}},{"type":"Feature","properties":{"Line":"R130","Tr":2439,"X":"644300.5","Y":"9209294.0","Rotation":0,"NAMOBJ":"Jubelkidul","WADMKC":"Sugio","WADMKK":"Lamongan"},"geometry":{"type":"Point","coordinates":[112.3,-7.2]}},{"type":"Feature","properties":{"Line":"R130","Tr":2440,"X":"644300.5","Y":"9209281.6","Rotation":0,"NAMOBJ":"Jubelkidul","WADMKC":"Sugio","WADMKK":"Lamongan"},"geometry":{"type":"Point","coordinates":[112.3,-7.2]}},{"type":"Feature","properties":{"Line":"R130","Tr":2441,"X":"644300.5","Y":"9209269.0","Rotation":0,"NAMOBJ":"Jubelkidul","WADMKC":"Sugio","WADMKK":"Lamongan"},"geometry":{"type":"Point","coordinates":[112.3,-7.2]}},{"type":"Feature","properties":{"Line":"R130","Tr":2442,"X":"644300.5","Y":"9209256.6","Rotation":0,"NAMOBJ":"Jubelkidul","WADMKC":"Sugio","WADMKK":"Lamongan"},"geometry":{"type":"Point","coordinates":[112.3,-7.2]}},{"type":"Feature","properties":{"Line":"R130","Tr":2443,"X":"644300.5","Y":"9209244.0","Rotation":0,"NAMOBJ":"Jubelkidul","WADMKC":"Sugio","WADMKK":"Lamongan"},"geometry":{"type":"Point","coordinates":[112.3,-7.2]}},{"type":"Feature","properties":{"Line":"R130","Tr":2444,"X":"644300.5","Y":"9209231.6","Rotation":0,"NAMOBJ":"Jubelkidul","WADMKC":"Sugio","WADMKK":"Lamongan"},"geometry":{"type":"Point","coordinates":[112.3,-7.2]}},{"type":"Feature","properties":{"Line":"R130","Tr":2445,"X":"644300.5","Y":"9209219.0","Rotation":0,"NAMOBJ":"Jubelkidul","WADMKC":"Sugio","WADMKK":"Lamongan"},"geometry":{"type":"Point","coordinates":[112.3,-7.2]}},{"type":"Feature","properties":{"Line":"R128","Tr":2576,"X":"643300.5","Y":"9207731.5","Rotation":0,"NAMOBJ":"Kalipang","WADMKC":"Sugio","WADMKK":"Lamongan"},"geometry":{"type":"Point","coordinates":[112.3,-7.2]}},{"type":"Feature","properties":{"Line":"R128","Tr":2577,"X":"643300.5","Y":"9207719.0","Rotation":0,"NAMOBJ":"Kalipang","WADMKC":"Sugio","WADMKK":"Lamongan"},"geometry":{"type":"Point","coordinates":[112.3,-7.2]}},{"type":"Feature","properties":{"Line":"R128","Tr":2578,"X":"643300.5","Y":"9207706.5","Rotation":0,"NAMOBJ":"Kalipang","WADMKC":"Sugio","WADMKK":"Lamongan"},"geometry":{"type":"Point","coordinates":[112.3,-7.2]}},{"type":"Feature","properties":{"Line":"R128","Tr":2579,"X":"643300.5","Y":"9207694.0","Rotation":0,"NAMOBJ":"Kalipang","WADMKC":"Sugio","WADMKK":"Lamongan"},"geometry":{"type":"Point","coordinates":[112.3,-7.2]}},{"type":"Feature","properties":{"Line":"R128","Tr":2580,"X":"643300.5","Y":"9207681.5","Rotation":0,"NAMOBJ":"Kalipang","WADMKC":"Sugio","WADMKK":"Lamongan"},"geometry":{"type":"Point","coordinates":[112.3,-7.2]}},{"type":"Feature","properties":{"Line":"R128","Tr":2581,"X":"643300.5","Y":"9207669.0","Rotation":0,"NAMOBJ":"Kalipang","WADMKC":"Sugio","WADMKK":"Lamongan"},"geometry":{"type":"Point","coordinates":[112.3,-7.2]}},{"type":"Feature","properties":{"Line":"R128","Tr":2582,"X":"643300.5","Y":"9207656.5","Rotation":0,"NAMOBJ":"Kalipang","WADMKC":"Sugio","WADMKK":"Lamongan"},"geometry":{"type":"Point","coordinates":[112.3,-7.2]}},{"type":"Feature","properties":{"Line":"R128","Tr":2583,"X":"643300.5","Y":"9207644.0","Rotation":0,"NAMOBJ":"Kalipang","WADMKC":"Sugio","WADMKK":"Lamongan"},"geometry":{"type":"Point","coordinates":[112.3,-7.2]}},{"type":"Feature","properties":{"Line":"R128","Tr":2584,"X":"643300.5","Y":"9207631.5","Rotation":0,"NAMOBJ":"Kalipang","WADMKC":"Sugio","WADMKK":"Lamongan"},"geometry":{"type":"Point","coordinates":[112.3,-7.2]}},{"type":"Feature","properties":{"Line":"R128","Tr":2585,"X":"643300.5","Y":"9207619.0","Rotation":0,"NAMOBJ":"Kalipang","WADMKC":"Sugio","WADMKK":"Lamongan"},"geometry":{"type":"Point","coordinates":[112.3,-7.2]}},{"type":"Feature","properties":{"Line":"R128","Tr":2586,"X":"643300.5","Y":"9207606.5","Rotation":0,"NAMOBJ":"Kalipang","WADMKC":"Sugio","WADMKK":"Lamongan"},"geometry":{"type":"Point","coordinates":[112.3,-7.2]}},{"type":"Feature","properties":{"Line":"R128","Tr":2587,"X":"643300.5","Y":"9207594.0","Rotation":0,"NAMOBJ":"Kalipang","WADMKC":"Sugio","WADMKK":"Lamongan"},"geometry":{"type":"Point","coordinates":[112.3,-7.2]}},{"type":"Feature","properties":{"Line":"R128","Tr":2588,"X":"643300.5","Y":"9207581.5","Rotation":0,"NAMOBJ":"Kalipang","WADMKC":"Sugio","WADMKK":"Lamongan"},"geometry":{"type":"Point","coordinates":[112.3,-7.2]}},{"type":"Feature","properties":{"Line":"R128","Tr":2589,"X":"643300.5","Y":"9207569.0","Rotation":0,"NAMOBJ":"Kalipang","WADMKC":"Sugio","WADMKK":"Lamongan"},"geometry":{"type":"Point","coordinates":[112.3,-7.2]}},{"type":"Feature","properties":{"Line":"R128","Tr":2590,"X":"643300.5","Y":"9207556.5","Rotation":0,"NAMOBJ":"Kalipang","WADMKC":"Sugio","WADMKK":"Lamongan"},"geometry":{"type":"Point","coordinates":[112.3,-7.2]}},{"type":"Feature","properties":{"Line":"R128","Tr":2591,"X":"643300.5","Y":"9207544.0","Rotation":0,"NAMOBJ":"Kalipang","WADMKC":"Sugio","WADMKK":"Lamongan"},"geometry":{"type":"Point","coordinates":[112.3,-7.2]}},{"type":"Feature","properties":{"Line":"R128","Tr":2592,"X":"643300.5","Y":"9207531.5","Rotation":0,"NAMOBJ":"Kalipang","WADMKC":"Sugio","WADMKK":"Lamongan"},"geometry":{"type":"Point","coordinates":[112.3,-7.2]}},{"type":"Feature","properties":{"Line":"R128","Tr":2593,"X":"643300.5","Y":"9207519.0","Rotation":0,"NAMOBJ":"Kalipang","WADMKC":"Sugio","WADMKK":"Lamongan"},"geometry":{"type":"Point","coordinates":[112.3,-7.2]}},{"type":"Feature","properties":{"Line":"R128","Tr":2594,"X":"643300.5","Y":"9207506.5","Rotation":0,"NAMOBJ":"Kalipang","WADMKC":"Sugio","WADMKK":"Lamongan"},"geometry":{"type":"Point","coordinates":[112.3,-7.2]}},{"type":"Feature","properties":{"Line":"R128","Tr":2595,"X":"643300.5","Y":"9207494.0","Rotation":0,"NAMOBJ":"Kalipang","WADMKC":"Sugio","WADMKK":"Lamongan"},"geometry":{"type":"Point","coordinates":[112.3,-7.2]}},{"type":"Feature","properties":{"Line":"R128","Tr":2596,"X":"643300.5","Y":"9207481.5","Rotation":0,"NAMOBJ":"Kalipang","WADMKC":"Sugio","WADMKK":"Lamongan"},"geometry":{"type":"Point","coordinates":[112.3,-7.2]}},{"type":"Feature","properties":{"Line":"R128","Tr":2597,"X":"643300.5","Y":"9207469.0","Rotation":0,"NAMOBJ":"Kalipang","WADMKC":"Sugio","WADMKK":"Lamongan"},"geometry":{"type":"Point","coordinates":[112.3,-7.2]}},{"type":"Feature","properties":{"Line":"R128","Tr":2598,"X":"643300.5","Y":"9207456.5","Rotation":0,"NAMOBJ":"Kalipang","WADMKC":"Sugio","WADMKK":"Lamongan"},"geometry":{"type":"Point","coordinates":[112.3,-7.2]}},{"type":"Feature","properties":{"Line":"R128","Tr":2599,"X":"643300.5","Y":"9207444.0","Rotation":0,"NAMOBJ":"Kalipang","WADMKC":"Sugio","WADMKK":"Lamongan"},"geometry":{"type":"Point","coordinates":[112.3,-7.2]}},{"type":"Feature","properties":{"Line":"R128","Tr":2600,"X":"643300.5","Y":"9207431.5","Rotation":0,"NAMOBJ":"Kalipang","WADMKC":"Sugio","WADMKK":"Lamongan"},"geometry":{"type":"Point","coordinates":[112.3,-7.2]}},{"type":"Feature","properties":{"Line":"R128","Tr":2601,"X":"643300.5","Y":"9207419.0","Rotation":0,"NAMOBJ":"Kalipang","WADMKC":"Sugio","WADMKK":"Lamongan"},"geometry":{"type":"Point","coordinates":[112.3,-7.2]}},{"type":"Feature","properties":{"Line":"R128","Tr":2602,"X":"643300.5","Y":"9207406.5","Rotation":0,"NAMOBJ":"Kalipang","WADMKC":"Sugio","WADMKK":"Lamongan"},"geometry":{"type":"Point","coordinates":[112.3,-7.2]}},{"type":"Feature","properties":{"Line":"R128","Tr":2603,"X":"643300.5","Y":"9207394.0","Rotation":0,"NAMOBJ":"Kalipang","WADMKC":"Sugio","WADMKK":"Lamongan"},"geometry":{"type":"Point","coordinates":[112.3,-7.2]}},{"type":"Feature","properties":{"Line":"R128","Tr":2604,"X":"643300.5","Y":"9207381.5","Rotation":0,"NAMOBJ":"Kalipang","WADMKC":"Sugio","WADMKK":"Lamongan"},"geometry":{"type":"Point","coordinates":[112.3,-7.2]}},{"type":"Feature","properties":{"Line":"R128","Tr":2605,"X":"643300.5","Y":"9207369.0","Rotation":0,"NAMOBJ":"Kalipang","WADMKC":"Sugio","WADMKK":"Lamongan"},"geometry":{"type":"Point","coordinates":[112.3,-7.2]}},{"type":"Feature","properties":{"Line":"R128","Tr":2606,"X":"643300.5","Y":"9207356.5","Rotation":0,"NAMOBJ":"Kalipang","WADMKC":"Sugio","WADMKK":"Lamongan"},"geometry":{"type":"Point","coordinates":[112.3,-7.2]}},{"type":"Feature","properties":{"Line":"R128","Tr":2607,"X":"643300.5","Y":"9207344.0","Rotation":0,"NAMOBJ":"Kalipang","WADMKC":"Sugio","WADMKK":"Lamongan"},"geometry":{"type":"Point","coordinates":[112.3,-7.2]}},{"type":"Feature","properties":{"Line":"R128","Tr":2608,"X":"643300.5","Y":"9207331.5","Rotation":0,"NAMOBJ":"Kalipang","WADMKC":"Sugio","WADMKK":"Lamongan"},"geometry":{"type":"Point","coordinates":[112.3,-7.2]}},{"type":"Feature","properties":{"Line":"R128","Tr":2609,"X":"643300.5","Y":"9207319.0","Rotation":0,"NAMOBJ":"Kalipang","WADMKC":"Sugio","WADMKK":"Lamongan"},"geometry":{"type":"Point","coordinates":[112.3,-7.2]}},{"type":"Feature","properties":{"Line":"R128","Tr":2610,"X":"643300.5","Y":"9207306.5","Rotation":0,"NAMOBJ":"Kalipang","WADMKC":"Sugio","WADMKK":"Lamongan"},"geometry":{"type":"Point","coordinates":[112.3,-7.2]}},{"type":"Feature","properties":{"Line":"R128","Tr":2611,"X":"643300.5","Y":"9207294.0","Rotation":0,"NAMOBJ":"Kalipang","WADMKC":"Sugio","WADMKK":"Lamongan"},"geometry":{"type":"Point","coordinates":[112.3,-7.2]}},{"type":"Feature","properties":{"Line":"R128","Tr":2612,"X":"643300.5","Y":"9207281.5","Rotation":0,"NAMOBJ":"Kalipang","WADMKC":"Sugio","WADMKK":"Lamongan"},"geometry":{"type":"Point","coordinates":[112.3,-7.2]}},{"type":"Feature","properties":{"Line":"R128","Tr":2613,"X":"643300.5","Y":"9207269.0","Rotation":0,"NAMOBJ":"Kalipang","WADMKC":"Sugio","WADMKK":"Lamongan"},"geometry":{"type":"Point","coordinates":[112.3,-7.2]}},{"type":"Feature","properties":{"Line":"R128","Tr":2614,"X":"643300.5","Y":"9207256.5","Rotation":0,"NAMOBJ":"Kalipang","WADMKC":"Sugio","WADMKK":"Lamongan"},"geometry":{"type":"Point","coordinates":[112.3,-7.2]}},{"type":"Feature","properties":{"Line":"R128","Tr":2615,"X":"643300.5","Y":"9207244.0","Rotation":0,"NAMOBJ":"Kalipang","WADMKC":"Sugio","WADMKK":"Lamongan"},"geometry":{"type":"Point","coordinates":[112.3,-7.2]}},{"type":"Feature","properties":{"Line":"R128","Tr":2616,"X":"643300.5","Y":"9207231.5","Rotation":0,"NAMOBJ":"Kalipang","WADMKC":"Sugio","WADMKK":"Lamongan"},"geometry":{"type":"Point","coordinates":[112.3,-7.2]}},{"type":"Feature","properties":{"Line":"R128","Tr":2617,"X":"643300.5","Y":"9207219.0","Rotation":0,"NAMOBJ":"Kalipang","WADMKC":"Sugio","WADMKK":"Lamongan"},"geometry":{"type":"Point","coordinates":[112.3,-7.2]}},{"type":"Feature","properties":{"Line":"R128","Tr":2618,"X":"643300.5","Y":"9207206.5","Rotation":0,"NAMOBJ":"Kalipang","WADMKC":"Sugio","WADMKK":"Lamongan"},"geometry":{"type":"Point","coordinates":[112.3,-7.2]}},{"type":"Feature","properties":{"Line":"R128","Tr":2619,"X":"643300.5","Y":"9207194.0","Rotation":0,"NAMOBJ":"Kalipang","WADMKC":"Sugio","WADMKK":"Lamongan"},"geometry":{"type":"Point","coordinates":[112.3,-7.2]}},{"type":"Feature","properties":{"Line":"R128","Tr":2620,"X":"643300.5","Y":"9207181.5","Rotation":0,"NAMOBJ":"Kalipang","WADMKC":"Sugio","WADMKK":"Lamongan"},"geometry":{"type":"Point","coordinates":[112.3,-7.2]}},{"type":"Feature","properties":{"Line":"R128","Tr":2621,"X":"643300.5","Y":"9207169.0","Rotation":0,"NAMOBJ":"Kalipang","WADMKC":"Sugio","WADMKK":"Lamongan"},"geometry":{"type":"Point","coordinates":[112.3,-7.2]}},{"type":"Feature","properties":{"Line":"R128","Tr":2622,"X":"643300.5","Y":"9207156.5","Rotation":0,"NAMOBJ":"Kalipang","WADMKC":"Sugio","WADMKK":"Lamongan"},"geometry":{"type":"Point","coordinates":[112.3,-7.2]}},{"type":"Feature","properties":{"Line":"R128","Tr":2623,"X":"643300.5","Y":"9207144.0","Rotation":0,"NAMOBJ":"Kalipang","WADMKC":"Sugio","WADMKK":"Lamongan"},"geometry":{"type":"Point","coordinates":[112.3,-7.2]}},{"type":"Feature","properties":{"Line":"R128","Tr":2624,"X":"643300.5","Y":"9207131.5","Rotation":0,"NAMOBJ":"Kalipang","WADMKC":"Sugio","WADMKK":"Lamongan"},"geometry":{"type":"Point","coordinates":[112.3,-7.2]}},{"type":"Feature","properties":{"Line":"R128","Tr":2625,"X":"643300.5","Y":"9207119.0","Rotation":0,"NAMOBJ":"Kalipang","WADMKC":"Sugio","WADMKK":"Lamongan"},"geometry":{"type":"Point","coordinates":[112.3,-7.2]}},{"type":"Feature","properties":{"Line":"R128","Tr":2626,"X":"643300.5","Y":"9207106.5","Rotation":0,"NAMOBJ":"Kalipang","WADMKC":"Sugio","WADMKK":"Lamongan"},"geometry":{"type":"Point","coordinates":[112.3,-7.2]}},{"type":"Feature","properties":{"Line":"R128","Tr":2627,"X":"643300.5","Y":"9207094.0","Rotation":0,"NAMOBJ":"Kalipang","WADMKC":"Sugio","WADMKK":"Lamongan"},"geometry":{"type":"Point","coordinates":[112.3,-7.2]}},{"type":"Feature","properties":{"Line":"R128","Tr":2628,"X":"643300.5","Y":"9207081.5","Rotation":0,"NAMOBJ":"Kalipang","WADMKC":"Sugio","WADMKK":"Lamongan"},"geometry":{"type":"Point","coordinates":[112.3,-7.2]}},{"type":"Feature","properties":{"Line":"R128","Tr":2629,"X":"643300.5","Y":"9207069.0","Rotation":0,"NAMOBJ":"Kalipang","WADMKC":"Sugio","WADMKK":"Lamongan"},"geometry":{"type":"Point","coordinates":[112.3,-7.2]}},{"type":"Feature","properties":{"Line":"R128","Tr":2630,"X":"643300.5","Y":"9207056.5","Rotation":0,"NAMOBJ":"Kalipang","WADMKC":"Sugio","WADMKK":"Lamongan"},"geometry":{"type":"Point","coordinates":[112.3,-7.2]}},{"type":"Feature","properties":{"Line":"R128","Tr":2631,"X":"643300.5","Y":"9207044.0","Rotation":0,"NAMOBJ":"Kalipang","WADMKC":"Sugio","WADMKK":"Lamongan"},"geometry":{"type":"Point","coordinates":[112.3,-7.2]}},{"type":"Feature","properties":{"Line":"R128","Tr":2632,"X":"643300.5","Y":"9207031.5","Rotation":0,"NAMOBJ":"Kalipang","WADMKC":"Sugio","WADMKK":"Lamongan"},"geometry":{"type":"Point","coordinates":[112.3,-7.2]}},{"type":"Feature","properties":{"Line":"R128","Tr":2633,"X":"643300.5","Y":"9207019.0","Rotation":0,"NAMOBJ":"Kalipang","WADMKC":"Sugio","WADMKK":"Lamongan"},"geometry":{"type":"Point","coordinates":[112.3,-7.2]}},{"type":"Feature","properties":{"Line":"R128","Tr":2634,"X":"643300.5","Y":"9207006.5","Rotation":0,"NAMOBJ":"Kalipang","WADMKC":"Sugio","WADMKK":"Lamongan"},"geometry":{"type":"Point","coordinates":[112.3,-7.2]}},{"type":"Feature","properties":{"Line":"R128","Tr":2635,"X":"643300.5","Y":"9206994.0","Rotation":0,"NAMOBJ":"Kalipang","WADMKC":"Sugio","WADMKK":"Lamongan"},"geometry":{"type":"Point","coordinates":[112.3,-7.2]}},{"type":"Feature","properties":{"Line":"R128","Tr":2636,"X":"643300.5","Y":"9206981.5","Rotation":0,"NAMOBJ":"Kalipang","WADMKC":"Sugio","WADMKK":"Lamongan"},"geometry":{"type":"Point","coordinates":[112.3,-7.2]}},{"type":"Feature","properties":{"Line":"R128","Tr":2637,"X":"643300.5","Y":"9206969.0","Rotation":0,"NAMOBJ":"Kalipang","WADMKC":"Sugio","WADMKK":"Lamongan"},"geometry":{"type":"Point","coordinates":[112.3,-7.2]}},{"type":"Feature","properties":{"Line":"R128","Tr":2638,"X":"643300.5","Y":"9206956.5","Rotation":0,"NAMOBJ":"Kalipang","WADMKC":"Sugio","WADMKK":"Lamongan"},"geometry":{"type":"Point","coordinates":[112.3,-7.2]}},{"type":"Feature","properties":{"Line":"R128","Tr":2639,"X":"643300.5","Y":"9206944.0","Rotation":0,"NAMOBJ":"Kalipang","WADMKC":"Sugio","WADMKK":"Lamongan"},"geometry":{"type":"Point","coordinates":[112.3,-7.2]}},{"type":"Feature","properties":{"Line":"R128","Tr":2640,"X":"643300.5","Y":"9206931.5","Rotation":0,"NAMOBJ":"Kalipang","WADMKC":"Sugio","WADMKK":"Lamongan"},"geometry":{"type":"Point","coordinates":[112.3,-7.2]}},{"type":"Feature","properties":{"Line":"R128","Tr":2641,"X":"643300.5","Y":"9206919.0","Rotation":0,"NAMOBJ":"Kalipang","WADMKC":"Sugio","WADMKK":"Lamongan"},"geometry":{"type":"Point","coordinates":[112.3,-7.2]}},{"type":"Feature","properties":{"Line":"R128","Tr":2642,"X":"643300.5","Y":"9206906.5","Rotation":0,"NAMOBJ":"Kalipang","WADMKC":"Sugio","WADMKK":"Lamongan"},"geometry":{"type":"Point","coordinates":[112.3,-7.2]}},{"type":"Feature","properties":{"Line":"R128","Tr":2643,"X":"643300.5","Y":"9206894.0","Rotation":0,"NAMOBJ":"Kalipang","WADMKC":"Sugio","WADMKK":"Lamongan"},"geometry":{"type":"Point","coordinates":[112.3,-7.2]}},{"type":"Feature","properties":{"Line":"R128","Tr":2644,"X":"643300.5","Y":"9206881.5","Rotation":0,"NAMOBJ":"Kalipang","WADMKC":"Sugio","WADMKK":"Lamongan"},"geometry":{"type":"Point","coordinates":[112.3,-7.2]}},{"type":"Feature","properties":{"Line":"R128","Tr":2645,"X":"643300.5","Y":"9206869.0","Rotation":0,"NAMOBJ":"Kalipang","WADMKC":"Sugio","WADMKK":"Lamongan"},"geometry":{"type":"Point","coordinates":[112.3,-7.2]}},{"type":"Feature","properties":{"Line":"R128","Tr":2646,"X":"643300.5","Y":"9206856.5","Rotation":0,"NAMOBJ":"Kalipang","WADMKC":"Sugio","WADMKK":"Lamongan"},"geometry":{"type":"Point","coordinates":[112.3,-7.2]}},{"type":"Feature","properties":{"Line":"R128","Tr":2647,"X":"643300.5","Y":"9206844.0","Rotation":0,"NAMOBJ":"Kalipang","WADMKC":"Sugio","WADMKK":"Lamongan"},"geometry":{"type":"Point","coordinates":[112.3,-7.2]}},{"type":"Feature","properties":{"Line":"R128","Tr":2648,"X":"643300.5","Y":"9206831.5","Rotation":0,"NAMOBJ":"Kalipang","WADMKC":"Sugio","WADMKK":"Lamongan"},"geometry":{"type":"Point","coordinates":[112.3,-7.2]}},{"type":"Feature","properties":{"Line":"R128","Tr":2649,"X":"643300.5","Y":"9206819.0","Rotation":0,"NAMOBJ":"Kalipang","WADMKC":"Sugio","WADMKK":"Lamongan"},"geometry":{"type":"Point","coordinates":[112.3,-7.2]}},{"type":"Feature","properties":{"Line":"R128","Tr":2650,"X":"643300.5","Y":"9206806.5","Rotation":0,"NAMOBJ":"Kalipang","WADMKC":"Sugio","WADMKK":"Lamongan"},"geometry":{"type":"Point","coordinates":[112.3,-7.2]}},{"type":"Feature","properties":{"Line":"R128","Tr":2651,"X":"643300.5","Y":"9206794.0","Rotation":0,"NAMOBJ":"Kalipang","WADMKC":"Sugio","WADMKK":"Lamongan"},"geometry":{"type":"Point","coordinates":[112.3,-7.2]}},{"type":"Feature","properties":{"Line":"R128","Tr":2652,"X":"643300.5","Y":"9206781.5","Rotation":0,"NAMOBJ":"Kalipang","WADMKC":"Sugio","WADMKK":"Lamongan"},"geometry":{"type":"Point","coordinates":[112.3,-7.2]}},{"type":"Feature","properties":{"Line":"R128","Tr":2653,"X":"643300.5","Y":"9206769.0","Rotation":0,"NAMOBJ":"Kalipang","WADMKC":"Sugio","WADMKK":"Lamongan"},"geometry":{"type":"Point","coordinates":[112.3,-7.2]}},{"type":"Feature","properties":{"Line":"R128","Tr":2654,"X":"643300.5","Y":"9206756.5","Rotation":0,"NAMOBJ":"Kalipang","WADMKC":"Sugio","WADMKK":"Lamongan"},"geometry":{"type":"Point","coordinates":[112.3,-7.2]}},{"type":"Feature","properties":{"Line":"R128","Tr":2655,"X":"643300.5","Y":"9206744.0","Rotation":0,"NAMOBJ":"Kalipang","WADMKC":"Sugio","WADMKK":"Lamongan"},"geometry":{"type":"Point","coordinates":[112.3,-7.2]}},{"type":"Feature","properties":{"Line":"R128","Tr":2656,"X":"643300.5","Y":"9206731.5","Rotation":0,"NAMOBJ":"Kalipang","WADMKC":"Sugio","WADMKK":"Lamongan"},"geometry":{"type":"Point","coordinates":[112.3,-7.2]}},{"type":"Feature","properties":{"Line":"R128","Tr":2657,"X":"643300.5","Y":"9206719.0","Rotation":0,"NAMOBJ":"Kalipang","WADMKC":"Sugio","WADMKK":"Lamongan"},"geometry":{"type":"Point","coordinates":[112.3,-7.2]}},{"type":"Feature","properties":{"Line":"R128","Tr":2658,"X":"643300.5","Y":"9206706.5","Rotation":0,"NAMOBJ":"Kalipang","WADMKC":"Sugio","WADMKK":"Lamongan"},"geometry":{"type":"Point","coordinates":[112.3,-7.2]}},{"type":"Feature","properties":{"Line":"R128","Tr":2659,"X":"643300.5","Y":"9206694.0","Rotation":0,"NAMOBJ":"Kalipang","WADMKC":"Sugio","WADMKK":"Lamongan"},"geometry":{"type":"Point","coordinates":[112.3,-7.2]}},{"type":"Feature","properties":{"Line":"R128","Tr":2660,"X":"643300.5","Y":"9206681.5","Rotation":0,"NAMOBJ":"Kalipang","WADMKC":"Sugio","WADMKK":"Lamongan"},"geometry":{"type":"Point","coordinates":[112.3,-7.2]}},{"type":"Feature","properties":{"Line":"R128","Tr":2661,"X":"643300.5","Y":"9206669.0","Rotation":0,"NAMOBJ":"Kalipang","WADMKC":"Sugio","WADMKK":"Lamongan"},"geometry":{"type":"Point","coordinates":[112.3,-7.2]}},{"type":"Feature","properties":{"Line":"R128","Tr":2662,"X":"643300.5","Y":"9206656.5","Rotation":0,"NAMOBJ":"Kalipang","WADMKC":"Sugio","WADMKK":"Lamongan"},"geometry":{"type":"Point","coordinates":[112.3,-7.2]}},{"type":"Feature","properties":{"Line":"R128","Tr":2663,"X":"643300.5","Y":"9206644.0","Rotation":0,"NAMOBJ":"Kalipang","WADMKC":"Sugio","WADMKK":"Lamongan"},"geometry":{"type":"Point","coordinates":[112.3,-7.2]}},{"type":"Feature","properties":{"Line":"R128","Tr":2664,"X":"643300.5","Y":"9206631.5","Rotation":0,"NAMOBJ":"Kalipang","WADMKC":"Sugio","WADMKK":"Lamongan"},"geometry":{"type":"Point","coordinates":[112.3,-7.2]}},{"type":"Feature","properties":{"Line":"R128","Tr":2665,"X":"643300.5","Y":"9206619.0","Rotation":0,"NAMOBJ":"Kalipang","WADMKC":"Sugio","WADMKK":"Lamongan"},"geometry":{"type":"Point","coordinates":[112.3,-7.2]}},{"type":"Feature","properties":{"Line":"R128","Tr":2666,"X":"643300.5","Y":"9206606.5","Rotation":0,"NAMOBJ":"Kalipang","WADMKC":"Sugio","WADMKK":"Lamongan"},"geometry":{"type":"Point","coordinates":[112.3,-7.2]}},{"type":"Feature","properties":{"Line":"R128","Tr":2667,"X":"643300.5","Y":"9206594.0","Rotation":0,"NAMOBJ":"Kalipang","WADMKC":"Sugio","WADMKK":"Lamongan"},"geometry":{"type":"Point","coordinates":[112.3,-7.2]}},{"type":"Feature","properties":{"Line":"R128","Tr":2668,"X":"643300.5","Y":"9206581.5","Rotation":0,"NAMOBJ":"Kalipang","WADMKC":"Sugio","WADMKK":"Lamongan"},"geometry":{"type":"Point","coordinates":[112.3,-7.2]}},{"type":"Feature","properties":{"Line":"R128","Tr":2669,"X":"643300.5","Y":"9206569.0","Rotation":0,"NAMOBJ":"Kalipang","WADMKC":"Sugio","WADMKK":"Lamongan"},"geometry":{"type":"Point","coordinates":[112.3,-7.2]}},{"type":"Feature","properties":{"Line":"R128","Tr":2670,"X":"643300.5","Y":"9206556.5","Rotation":0,"NAMOBJ":"Kalipang","WADMKC":"Sugio","WADMKK":"Lamongan"},"geometry":{"type":"Point","coordinates":[112.3,-7.2]}},{"type":"Feature","properties":{"Line":"R128","Tr":2671,"X":"643300.5","Y":"9206544.0","Rotation":0,"NAMOBJ":"Kalipang","WADMKC":"Sugio","WADMKK":"Lamongan"},"geometry":{"type":"Point","coordinates":[112.3,-7.2]}},{"type":"Feature","properties":{"Line":"R128","Tr":2672,"X":"643300.5","Y":"9206531.5","Rotation":0,"NAMOBJ":"Kalipang","WADMKC":"Sugio","WADMKK":"Lamongan"},"geometry":{"type":"Point","coordinates":[112.3,-7.2]}},{"type":"Feature","properties":{"Line":"R128","Tr":2673,"X":"643300.5","Y":"9206519.0","Rotation":0,"NAMOBJ":"Kalipang","WADMKC":"Sugio","WADMKK":"Lamongan"},"geometry":{"type":"Point","coordinates":[112.3,-7.2]}},{"type":"Feature","properties":{"Line":"R128","Tr":2674,"X":"643300.5","Y":"9206506.5","Rotation":0,"NAMOBJ":"Kalipang","WADMKC":"Sugio","WADMKK":"Lamongan"},"geometry":{"type":"Point","coordinates":[112.3,-7.2]}},{"type":"Feature","properties":{"Line":"R128","Tr":2675,"X":"643300.5","Y":"9206494.0","Rotation":0,"NAMOBJ":"Kalipang","WADMKC":"Sugio","WADMKK":"Lamongan"},"geometry":{"type":"Point","coordinates":[112.3,-7.2]}},{"type":"Feature","properties":{"Line":"R128","Tr":2676,"X":"643300.5","Y":"9206481.5","Rotation":0,"NAMOBJ":"Kalipang","WADMKC":"Sugio","WADMKK":"Lamongan"},"geometry":{"type":"Point","coordinates":[112.3,-7.2]}},{"type":"Feature","properties":{"Line":"R128","Tr":2677,"X":"643300.5","Y":"9206469.0","Rotation":0,"NAMOBJ":"Kalipang","WADMKC":"Sugio","WADMKK":"Lamongan"},"geometry":{"type":"Point","coordinates":[112.3,-7.2]}},{"type":"Feature","properties":{"Line":"R128","Tr":2678,"X":"643300.5","Y":"9206456.5","Rotation":0,"NAMOBJ":"Kalipang","WADMKC":"Sugio","WADMKK":"Lamongan"},"geometry":{"type":"Point","coordinates":[112.3,-7.2]}},{"type":"Feature","properties":{"Line":"R128","Tr":2679,"X":"643300.5","Y":"9206444.0","Rotation":0,"NAMOBJ":"Kalipang","WADMKC":"Sugio","WADMKK":"Lamongan"},"geometry":{"type":"Point","coordinates":[112.3,-7.2]}},{"type":"Feature","properties":{"Line":"R128","Tr":2680,"X":"643300.5","Y":"9206431.5","Rotation":0,"NAMOBJ":"Kalipang","WADMKC":"Sugio","WADMKK":"Lamongan"},"geometry":{"type":"Point","coordinates":[112.3,-7.2]}},{"type":"Feature","properties":{"Line":"R128","Tr":2681,"X":"643300.5","Y":"9206419.0","Rotation":0,"NAMOBJ":"Kalipang","WADMKC":"Sugio","WADMKK":"Lamongan"},"geometry":{"type":"Point","coordinates":[112.3,-7.2]}},{"type":"Feature","properties":{"Line":"R128","Tr":2682,"X":"643300.5","Y":"9206406.5","Rotation":0,"NAMOBJ":"Kalipang","WADMKC":"Sugio","WADMKK":"Lamongan"},"geometry":{"type":"Point","coordinates":[112.3,-7.2]}},{"type":"Feature","properties":{"Line":"R128","Tr":2683,"X":"643300.5","Y":"9206394.0","Rotation":0,"NAMOBJ":"Kalipang","WADMKC":"Sugio","WADMKK":"Lamongan"},"geometry":{"type":"Point","coordinates":[112.3,-7.2]}},{"type":"Feature","properties":{"Line":"R128","Tr":2684,"X":"643300.5","Y":"9206381.5","Rotation":0,"NAMOBJ":"Kalipang","WADMKC":"Sugio","WADMKK":"Lamongan"},"geometry":{"type":"Point","coordinates":[112.3,-7.2]}},{"type":"Feature","properties":{"Line":"R128","Tr":2685,"X":"643300.5","Y":"9206369.0","Rotation":0,"NAMOBJ":"Kalipang","WADMKC":"Sugio","WADMKK":"Lamongan"},"geometry":{"type":"Point","coordinates":[112.3,-7.2]}},{"type":"Feature","properties":{"Line":"R128","Tr":2686,"X":"643300.5","Y":"9206356.5","Rotation":0,"NAMOBJ":"Kalipang","WADMKC":"Sugio","WADMKK":"Lamongan"},"geometry":{"type":"Point","coordinates":[112.3,-7.2]}},{"type":"Feature","properties":{"Line":"R128","Tr":2687,"X":"643300.5","Y":"9206344.0","Rotation":0,"NAMOBJ":"Kalipang","WADMKC":"Sugio","WADMKK":"Lamongan"},"geometry":{"type":"Point","coordinates":[112.3,-7.2]}},{"type":"Feature","properties":{"Line":"R128","Tr":2688,"X":"643300.5","Y":"9206331.5","Rotation":0,"NAMOBJ":"Kalipang","WADMKC":"Sugio","WADMKK":"Lamongan"},"geometry":{"type":"Point","coordinates":[112.3,-7.2]}},{"type":"Feature","properties":{"Line":"R128","Tr":2689,"X":"643300.5","Y":"9206319.0","Rotation":0,"NAMOBJ":"Kalipang","WADMKC":"Sugio","WADMKK":"Lamongan"},"geometry":{"type":"Point","coordinates":[112.3,-7.2]}},{"type":"Feature","properties":{"Line":"R128","Tr":2690,"X":"643300.5","Y":"9206306.5","Rotation":0,"NAMOBJ":"Kalipang","WADMKC":"Sugio","WADMKK":"Lamongan"},"geometry":{"type":"Point","coordinates":[112.3,-7.2]}},{"type":"Feature","properties":{"Line":"R128","Tr":2691,"X":"643300.5","Y":"9206294.0","Rotation":0,"NAMOBJ":"Kalipang","WADMKC":"Sugio","WADMKK":"Lamongan"},"geometry":{"type":"Point","coordinates":[112.3,-7.2]}},{"type":"Feature","properties":{"Line":"R128","Tr":2692,"X":"643300.5","Y":"9206281.5","Rotation":0,"NAMOBJ":"Kalipang","WADMKC":"Sugio","WADMKK":"Lamongan"},"geometry":{"type":"Point","coordinates":[112.3,-7.2]}},{"type":"Feature","properties":{"Line":"R128","Tr":2693,"X":"643300.5","Y":"9206269.0","Rotation":0,"NAMOBJ":"Kalipang","WADMKC":"Sugio","WADMKK":"Lamongan"},"geometry":{"type":"Point","coordinates":[112.3,-7.2]}},{"type":"Feature","properties":{"Line":"R128","Tr":2694,"X":"643300.5","Y":"9206256.5","Rotation":0,"NAMOBJ":"Kalipang","WADMKC":"Sugio","WADMKK":"Lamongan"},"geometry":{"type":"Point","coordinates":[112.3,-7.2]}},{"type":"Feature","properties":{"Line":"R128","Tr":2695,"X":"643300.5","Y":"9206244.0","Rotation":0,"NAMOBJ":"Kalipang","WADMKC":"Sugio","WADMKK":"Lamongan"},"geometry":{"type":"Point","coordinates":[112.3,-7.2]}},{"type":"Feature","properties":{"Line":"R128","Tr":2696,"X":"643300.5","Y":"9206231.5","Rotation":0,"NAMOBJ":"Kalipang","WADMKC":"Sugio","WADMKK":"Lamongan"},"geometry":{"type":"Point","coordinates":[112.3,-7.2]}},{"type":"Feature","properties":{"Line":"R128","Tr":2697,"X":"643300.5","Y":"9206219.0","Rotation":0,"NAMOBJ":"Kalipang","WADMKC":"Sugio","WADMKK":"Lamongan"},"geometry":{"type":"Point","coordinates":[112.3,-7.2]}},{"type":"Feature","properties":{"Line":"R128","Tr":2698,"X":"643300.5","Y":"9206206.5","Rotation":0,"NAMOBJ":"Kalipang","WADMKC":"Sugio","WADMKK":"Lamongan"},"geometry":{"type":"Point","coordinates":[112.3,-7.2]}},{"type":"Feature","properties":{"Line":"R128","Tr":2699,"X":"643300.5","Y":"9206194.0","Rotation":0,"NAMOBJ":"Kalipang","WADMKC":"Sugio","WADMKK":"Lamongan"},"geometry":{"type":"Point","coordinates":[112.3,-7.2]}},{"type":"Feature","properties":{"Line":"R128","Tr":2700,"X":"643300.5","Y":"9206181.5","Rotation":0,"NAMOBJ":"Kalipang","WADMKC":"Sugio","WADMKK":"Lamongan"},"geometry":{"type":"Point","coordinates":[112.3,-7.2]}},{"type":"Feature","properties":{"Line":"R128","Tr":2701,"X":"643300.5","Y":"9206169.0","Rotation":0,"NAMOBJ":"Kalipang","WADMKC":"Sugio","WADMKK":"Lamongan"},"geometry":{"type":"Point","coordinates":[112.3,-7.2]}},{"type":"Feature","properties":{"Line":"R128","Tr":2702,"X":"643300.5","Y":"9206156.5","Rotation":0,"NAMOBJ":"Kalipang","WADMKC":"Sugio","WADMKK":"Lamongan"},"geometry":{"type":"Point","coordinates":[112.3,-7.2]}},{"type":"Feature","properties":{"Line":"R128","Tr":2703,"X":"643300.5","Y":"9206144.0","Rotation":0,"NAMOBJ":"Kalipang","WADMKC":"Sugio","WADMKK":"Lamongan"},"geometry":{"type":"Point","coordinates":[112.3,-7.2]}},{"type":"Feature","properties":{"Line":"R128","Tr":2704,"X":"643300.5","Y":"9206131.5","Rotation":0,"NAMOBJ":"Kalipang","WADMKC":"Sugio","WADMKK":"Lamongan"},"geometry":{"type":"Point","coordinates":[112.3,-7.2]}},{"type":"Feature","properties":{"Line":"R128","Tr":2705,"X":"643300.5","Y":"9206119.0","Rotation":0,"NAMOBJ":"Kalipang","WADMKC":"Sugio","WADMKK":"Lamongan"},"geometry":{"type":"Point","coordinates":[112.3,-7.2]}},{"type":"Feature","properties":{"Line":"R128","Tr":2706,"X":"643300.5","Y":"9206106.5","Rotation":0,"NAMOBJ":"Kalipang","WADMKC":"Sugio","WADMKK":"Lamongan"},"geometry":{"type":"Point","coordinates":[112.3,-7.2]}},{"type":"Feature","properties":{"Line":"R128","Tr":2707,"X":"643300.5","Y":"9206094.0","Rotation":0,"NAMOBJ":"Kalipang","WADMKC":"Sugio","WADMKK":"Lamongan"},"geometry":{"type":"Point","coordinates":[112.3,-7.2]}},{"type":"Feature","properties":{"Line":"R128","Tr":2708,"X":"643300.5","Y":"9206081.5","Rotation":0,"NAMOBJ":"Kalipang","WADMKC":"Sugio","WADMKK":"Lamongan"},"geometry":{"type":"Point","coordinates":[112.3,-7.2]}},{"type":"Feature","properties":{"Line":"R128","Tr":2709,"X":"643300.5","Y":"9206069.0","Rotation":0,"NAMOBJ":"Kalipang","WADMKC":"Sugio","WADMKK":"Lamongan"},"geometry":{"type":"Point","coordinates":[112.3,-7.2]}},{"type":"Feature","properties":{"Line":"R128","Tr":2710,"X":"643300.5","Y":"9206056.5","Rotation":0,"NAMOBJ":"Kalipang","WADMKC":"Sugio","WADMKK":"Lamongan"},"geometry":{"type":"Point","coordinates":[112.3,-7.2]}},{"type":"Feature","properties":{"Line":"R128","Tr":2711,"X":"643300.5","Y":"9206044.0","Rotation":0,"NAMOBJ":"Kalipang","WADMKC":"Sugio","WADMKK":"Lamongan"},"geometry":{"type":"Point","coordinates":[112.3,-7.2]}},{"type":"Feature","properties":{"Line":"R128","Tr":2712,"X":"643300.5","Y":"9206031.5","Rotation":0,"NAMOBJ":"Kalipang","WADMKC":"Sugio","WADMKK":"Lamongan"},"geometry":{"type":"Point","coordinates":[112.3,-7.2]}},{"type":"Feature","properties":{"Line":"R128","Tr":2713,"X":"643300.5","Y":"9206019.0","Rotation":0,"NAMOBJ":"Kalipang","WADMKC":"Sugio","WADMKK":"Lamongan"},"geometry":{"type":"Point","coordinates":[112.3,-7.2]}},{"type":"Feature","properties":{"Line":"R128","Tr":2714,"X":"643300.5","Y":"9206006.5","Rotation":0,"NAMOBJ":"Kalipang","WADMKC":"Sugio","WADMKK":"Lamongan"},"geometry":{"type":"Point","coordinates":[112.3,-7.2]}},{"type":"Feature","properties":{"Line":"R128","Tr":2715,"X":"643300.5","Y":"9205994.0","Rotation":0,"NAMOBJ":"Kalipang","WADMKC":"Sugio","WADMKK":"Lamongan"},"geometry":{"type":"Point","coordinates":[112.3,-7.2]}},{"type":"Feature","properties":{"Line":"R128","Tr":2716,"X":"643300.5","Y":"9205981.5","Rotation":0,"NAMOBJ":"Kalipang","WADMKC":"Sugio","WADMKK":"Lamongan"},"geometry":{"type":"Point","coordinates":[112.3,-7.2]}},{"type":"Feature","properties":{"Line":"R128","Tr":2717,"X":"643300.5","Y":"9205969.0","Rotation":0,"NAMOBJ":"Kalipang","WADMKC":"Sugio","WADMKK":"Lamongan"},"geometry":{"type":"Point","coordinates":[112.3,-7.2]}},{"type":"Feature","properties":{"Line":"R128","Tr":2718,"X":"643300.5","Y":"9205956.5","Rotation":0,"NAMOBJ":"Kalipang","WADMKC":"Sugio","WADMKK":"Lamongan"},"geometry":{"type":"Point","coordinates":[112.3,-7.2]}},{"type":"Feature","properties":{"Line":"R128","Tr":2719,"X":"643300.5","Y":"9205944.0","Rotation":0,"NAMOBJ":"Kalipang","WADMKC":"Sugio","WADMKK":"Lamongan"},"geometry":{"type":"Point","coordinates":[112.3,-7.2]}},{"type":"Feature","properties":{"Line":"R128","Tr":2720,"X":"643300.5","Y":"9205931.5","Rotation":0,"NAMOBJ":"Kalipang","WADMKC":"Sugio","WADMKK":"Lamongan"},"geometry":{"type":"Point","coordinates":[112.3,-7.2]}},{"type":"Feature","properties":{"Line":"R128","Tr":2721,"X":"643300.5","Y":"9205919.0","Rotation":0,"NAMOBJ":"Kalipang","WADMKC":"Sugio","WADMKK":"Lamongan"},"geometry":{"type":"Point","coordinates":[112.3,-7.2]}},{"type":"Feature","properties":{"Line":"R128","Tr":2722,"X":"643300.5","Y":"9205906.5","Rotation":0,"NAMOBJ":"Kalipang","WADMKC":"Sugio","WADMKK":"Lamongan"},"geometry":{"type":"Point","coordinates":[112.3,-7.2]}},{"type":"Feature","properties":{"Line":"R128","Tr":2723,"X":"643300.5","Y":"9205894.0","Rotation":0,"NAMOBJ":"Kalipang","WADMKC":"Sugio","WADMKK":"Lamongan"},"geometry":{"type":"Point","coordinates":[112.3,-7.2]}},{"type":"Feature","properties":{"Line":"R128","Tr":2724,"X":"643300.5","Y":"9205881.5","Rotation":0,"NAMOBJ":"Kalipang","WADMKC":"Sugio","WADMKK":"Lamongan"},"geometry":{"type":"Point","coordinates":[112.3,-7.2]}},{"type":"Feature","properties":{"Line":"R128","Tr":2725,"X":"643300.5","Y":"9205869.0","Rotation":0,"NAMOBJ":"Kalipang","WADMKC":"Sugio","WADMKK":"Lamongan"},"geometry":{"type":"Point","coordinates":[112.3,-7.2]}},{"type":"Feature","properties":{"Line":"R128","Tr":2726,"X":"643300.5","Y":"9205856.5","Rotation":0,"NAMOBJ":"Kalipang","WADMKC":"Sugio","WADMKK":"Lamongan"},"geometry":{"type":"Point","coordinates":[112.3,-7.2]}},{"type":"Feature","properties":{"Line":"R128","Tr":2727,"X":"643300.5","Y":"9205844.0","Rotation":0,"NAMOBJ":"Kalipang","WADMKC":"Sugio","WADMKK":"Lamongan"},"geometry":{"type":"Point","coordinates":[112.3,-7.2]}},{"type":"Feature","properties":{"Line":"R128","Tr":2728,"X":"643300.5","Y":"9205831.5","Rotation":0,"NAMOBJ":"Kalipang","WADMKC":"Sugio","WADMKK":"Lamongan"},"geometry":{"type":"Point","coordinates":[112.3,-7.2]}},{"type":"Feature","properties":{"Line":"R128","Tr":2729,"X":"643300.5","Y":"9205819.0","Rotation":0,"NAMOBJ":"Kalipang","WADMKC":"Sugio","WADMKK":"Lamongan"},"geometry":{"type":"Point","coordinates":[112.3,-7.2]}},{"type":"Feature","properties":{"Line":"R128","Tr":2730,"X":"643300.5","Y":"9205806.5","Rotation":0,"NAMOBJ":"Kalipang","WADMKC":"Sugio","WADMKK":"Lamongan"},"geometry":{"type":"Point","coordinates":[112.3,-7.2]}},{"type":"Feature","properties":{"Line":"R128","Tr":2731,"X":"643300.5","Y":"9205794.0","Rotation":0,"NAMOBJ":"Kalipang","WADMKC":"Sugio","WADMKK":"Lamongan"},"geometry":{"type":"Point","coordinates":[112.3,-7.2]}},{"type":"Feature","properties":{"Line":"R128","Tr":2732,"X":"643300.5","Y":"9205781.5","Rotation":0,"NAMOBJ":"Kalipang","WADMKC":"Sugio","WADMKK":"Lamongan"},"geometry":{"type":"Point","coordinates":[112.3,-7.2]}},{"type":"Feature","properties":{"Line":"R128","Tr":2733,"X":"643300.5","Y":"9205769.0","Rotation":0,"NAMOBJ":"Kalipang","WADMKC":"Sugio","WADMKK":"Lamongan"},"geometry":{"type":"Point","coordinates":[112.3,-7.2]}},{"type":"Feature","properties":{"Line":"R128","Tr":2734,"X":"643300.5","Y":"9205756.5","Rotation":0,"NAMOBJ":"Kalipang","WADMKC":"Sugio","WADMKK":"Lamongan"},"geometry":{"type":"Point","coordinates":[112.3,-7.2]}},{"type":"Feature","properties":{"Line":"R128","Tr":2735,"X":"643300.5","Y":"9205744.0","Rotation":0,"NAMOBJ":"Kalipang","WADMKC":"Sugio","WADMKK":"Lamongan"},"geometry":{"type":"Point","coordinates":[112.3,-7.2]}},{"type":"Feature","properties":{"Line":"R128","Tr":2736,"X":"643300.5","Y":"9205731.5","Rotation":0,"NAMOBJ":"Kalipang","WADMKC":"Sugio","WADMKK":"Lamongan"},"geometry":{"type":"Point","coordinates":[112.3,-7.2]}},{"type":"Feature","properties":{"Line":"R128","Tr":2737,"X":"643300.5","Y":"9205719.0","Rotation":0,"NAMOBJ":"Kalipang","WADMKC":"Sugio","WADMKK":"Lamongan"},"geometry":{"type":"Point","coordinates":[112.3,-7.2]}},{"type":"Feature","properties":{"Line":"R128","Tr":2738,"X":"643300.5","Y":"9205706.5","Rotation":0,"NAMOBJ":"Kalipang","WADMKC":"Sugio","WADMKK":"Lamongan"},"geometry":{"type":"Point","coordinates":[112.3,-7.2]}},{"type":"Feature","properties":{"Line":"R128","Tr":2739,"X":"643300.5","Y":"9205694.0","Rotation":0,"NAMOBJ":"Kalipang","WADMKC":"Sugio","WADMKK":"Lamongan"},"geometry":{"type":"Point","coordinates":[112.3,-7.2]}},{"type":"Feature","properties":{"Line":"R128","Tr":2740,"X":"643300.5","Y":"9205681.5","Rotation":0,"NAMOBJ":"Kalipang","WADMKC":"Sugio","WADMKK":"Lamongan"},"geometry":{"type":"Point","coordinates":[112.3,-7.2]}},{"type":"Feature","properties":{"Line":"R128","Tr":2741,"X":"643300.5","Y":"9205669.0","Rotation":0,"NAMOBJ":"Kalipang","WADMKC":"Sugio","WADMKK":"Lamongan"},"geometry":{"type":"Point","coordinates":[112.3,-7.2]}},{"type":"Feature","properties":{"Line":"R128","Tr":2742,"X":"643300.5","Y":"9205656.5","Rotation":0,"NAMOBJ":"Kalipang","WADMKC":"Sugio","WADMKK":"Lamongan"},"geometry":{"type":"Point","coordinates":[112.3,-7.2]}},{"type":"Feature","properties":{"Line":"R136","Tr":2747,"X":"647300.5","Y":"9205044.0","Rotation":0,"NAMOBJ":"Kaliwates","WADMKC":"Kembangbahu","WADMKK":"Lamongan"},"geometry":{"type":"Point","coordinates":[112.3,-7.2]}},{"type":"Feature","properties":{"Line":"R136","Tr":2748,"X":"647300.5","Y":"9205031.5","Rotation":0,"NAMOBJ":"Kaliwates","WADMKC":"Kembangbahu","WADMKK":"Lamongan"},"geometry":{"type":"Point","coordinates":[112.3,-7.2]}},{"type":"Feature","properties":{"Line":"R136","Tr":2749,"X":"647300.5","Y":"9205019.0","Rotation":0,"NAMOBJ":"Kaliwates","WADMKC":"Kembangbahu","WADMKK":"Lamongan"},"geometry":{"type":"Point","coordinates":[112.3,-7.2]}},{"type":"Feature","properties":{"Line":"R136","Tr":2750,"X":"647300.5","Y":"9205006.5","Rotation":0,"NAMOBJ":"Kaliwates","WADMKC":"Kembangbahu","WADMKK":"Lamongan"},"geometry":{"type":"Point","coordinates":[112.3,-7.2]}},{"type":"Feature","properties":{"Line":"R136","Tr":2751,"X":"647300.5","Y":"9204994.0","Rotation":0,"NAMOBJ":"Kaliwates","WADMKC":"Kembangbahu","WADMKK":"Lamongan"},"geometry":{"type":"Point","coordinates":[112.3,-7.2]}},{"type":"Feature","properties":{"Line":"R136","Tr":2752,"X":"647300.5","Y":"9204981.5","Rotation":0,"NAMOBJ":"Kaliwates","WADMKC":"Kembangbahu","WADMKK":"Lamongan"},"geometry":{"type":"Point","coordinates":[112.3,-7.2]}},{"type":"Feature","properties":{"Line":"R136","Tr":2753,"X":"647300.5","Y":"9204969.0","Rotation":0,"NAMOBJ":"Kaliwates","WADMKC":"Kembangbahu","WADMKK":"Lamongan"},"geometry":{"type":"Point","coordinates":[112.3,-7.2]}},{"type":"Feature","properties":{"Line":"R136","Tr":2754,"X":"647300.5","Y":"9204956.5","Rotation":0,"NAMOBJ":"Kaliwates","WADMKC":"Kembangbahu","WADMKK":"Lamongan"},"geometry":{"type":"Point","coordinates":[112.3,-7.2]}},{"type":"Feature","properties":{"Line":"R136","Tr":2755,"X":"647300.5","Y":"9204944.0","Rotation":0,"NAMOBJ":"Kaliwates","WADMKC":"Kembangbahu","WADMKK":"Lamongan"},"geometry":{"type":"Point","coordinates":[112.3,-7.2]}},{"type":"Feature","properties":{"Line":"R136","Tr":2756,"X":"647300.5","Y":"9204931.5","Rotation":0,"NAMOBJ":"Kaliwates","WADMKC":"Kembangbahu","WADMKK":"Lamongan"},"geometry":{"type":"Point","coordinates":[112.3,-7.2]}},{"type":"Feature","properties":{"Line":"R136","Tr":2757,"X":"647300.5","Y":"9204919.0","Rotation":0,"NAMOBJ":"Kaliwates","WADMKC":"Kembangbahu","WADMKK":"Lamongan"},"geometry":{"type":"Point","coordinates":[112.3,-7.2]}},{"type":"Feature","properties":{"Line":"R136","Tr":2758,"X":"647300.5","Y":"9204906.5","Rotation":0,"NAMOBJ":"Kaliwates","WADMKC":"Kembangbahu","WADMKK":"Lamongan"},"geometry":{"type":"Point","coordinates":[112.3,-7.2]}},{"type":"Feature","properties":{"Line":"R136","Tr":2759,"X":"647300.5","Y":"9204894.0","Rotation":0,"NAMOBJ":"Kaliwates","WADMKC":"Kembangbahu","WADMKK":"Lamongan"},"geometry":{"type":"Point","coordinates":[112.3,-7.2]}},{"type":"Feature","properties":{"Line":"R136","Tr":2760,"X":"647300.5","Y":"9204881.5","Rotation":0,"NAMOBJ":"Kaliwates","WADMKC":"Kembangbahu","WADMKK":"Lamongan"},"geometry":{"type":"Point","coordinates":[112.3,-7.2]}},{"type":"Feature","properties":{"Line":"R136","Tr":2761,"X":"647300.5","Y":"9204869.0","Rotation":0,"NAMOBJ":"Kaliwates","WADMKC":"Kembangbahu","WADMKK":"Lamongan"},"geometry":{"type":"Point","coordinates":[112.3,-7.2]}},{"type":"Feature","properties":{"Line":"R136","Tr":2762,"X":"647300.5","Y":"9204856.5","Rotation":0,"NAMOBJ":"Kaliwates","WADMKC":"Kembangbahu","WADMKK":"Lamongan"},"geometry":{"type":"Point","coordinates":[112.3,-7.2]}},{"type":"Feature","properties":{"Line":"R136","Tr":2763,"X":"647300.5","Y":"9204844.0","Rotation":0,"NAMOBJ":"Kaliwates","WADMKC":"Kembangbahu","WADMKK":"Lamongan"},"geometry":{"type":"Point","coordinates":[112.3,-7.2]}},{"type":"Feature","properties":{"Line":"R136","Tr":2764,"X":"647300.5","Y":"9204831.5","Rotation":0,"NAMOBJ":"Kaliwates","WADMKC":"Kembangbahu","WADMKK":"Lamongan"},"geometry":{"type":"Point","coordinates":[112.3,-7.2]}},{"type":"Feature","properties":{"Line":"R136","Tr":2765,"X":"647300.5","Y":"9204819.0","Rotation":0,"NAMOBJ":"Kaliwates","WADMKC":"Kembangbahu","WADMKK":"Lamongan"},"geometry":{"type":"Point","coordinates":[112.3,-7.2]}},{"type":"Feature","properties":{"Line":"R136","Tr":2766,"X":"647300.5","Y":"9204806.5","Rotation":0,"NAMOBJ":"Kaliwates","WADMKC":"Kembangbahu","WADMKK":"Lamongan"},"geometry":{"type":"Point","coordinates":[112.3,-7.2]}},{"type":"Feature","properties":{"Line":"R136","Tr":2767,"X":"647300.5","Y":"9204794.0","Rotation":0,"NAMOBJ":"Kaliwates","WADMKC":"Kembangbahu","WADMKK":"Lamongan"},"geometry":{"type":"Point","coordinates":[112.3,-7.2]}},{"type":"Feature","properties":{"Line":"R136","Tr":2768,"X":"647300.5","Y":"9204781.5","Rotation":0,"NAMOBJ":"Kaliwates","WADMKC":"Kembangbahu","WADMKK":"Lamongan"},"geometry":{"type":"Point","coordinates":[112.3,-7.2]}},{"type":"Feature","properties":{"Line":"R136","Tr":2769,"X":"647300.5","Y":"9204769.0","Rotation":0,"NAMOBJ":"Kaliwates","WADMKC":"Kembangbahu","WADMKK":"Lamongan"},"geometry":{"type":"Point","coordinates":[112.3,-7.2]}},{"type":"Feature","properties":{"Line":"R136","Tr":2770,"X":"647300.5","Y":"9204756.5","Rotation":0,"NAMOBJ":"Kaliwates","WADMKC":"Kembangbahu","WADMKK":"Lamongan"},"geometry":{"type":"Point","coordinates":[112.3,-7.2]}},{"type":"Feature","properties":{"Line":"R136","Tr":2771,"X":"647300.5","Y":"9204744.0","Rotation":0,"NAMOBJ":"Kaliwates","WADMKC":"Kembangbahu","WADMKK":"Lamongan"},"geometry":{"type":"Point","coordinates":[112.3,-7.2]}},{"type":"Feature","properties":{"Line":"R136","Tr":2772,"X":"647300.5","Y":"9204731.5","Rotation":0,"NAMOBJ":"Kaliwates","WADMKC":"Kembangbahu","WADMKK":"Lamongan"},"geometry":{"type":"Point","coordinates":[112.3,-7.2]}},{"type":"Feature","properties":{"Line":"R136","Tr":2773,"X":"647300.5","Y":"9204719.0","Rotation":0,"NAMOBJ":"Kaliwates","WADMKC":"Kembangbahu","WADMKK":"Lamongan"},"geometry":{"type":"Point","coordinates":[112.3,-7.2]}},{"type":"Feature","properties":{"Line":"R136","Tr":2774,"X":"647300.5","Y":"9204706.5","Rotation":0,"NAMOBJ":"Kaliwates","WADMKC":"Kembangbahu","WADMKK":"Lamongan"},"geometry":{"type":"Point","coordinates":[112.3,-7.2]}},{"type":"Feature","properties":{"Line":"R136","Tr":2775,"X":"647300.5","Y":"9204694.0","Rotation":0,"NAMOBJ":"Kaliwates","WADMKC":"Kembangbahu","WADMKK":"Lamongan"},"geometry":{"type":"Point","coordinates":[112.3,-7.2]}},{"type":"Feature","properties":{"Line":"R136","Tr":2776,"X":"647300.5","Y":"9204681.5","Rotation":0,"NAMOBJ":"Kaliwates","WADMKC":"Kembangbahu","WADMKK":"Lamongan"},"geometry":{"type":"Point","coordinates":[112.3,-7.2]}},{"type":"Feature","properties":{"Line":"R136","Tr":2777,"X":"647300.5","Y":"9204669.0","Rotation":0,"NAMOBJ":"Kaliwates","WADMKC":"Kembangbahu","WADMKK":"Lamongan"},"geometry":{"type":"Point","coordinates":[112.3,-7.2]}},{"type":"Feature","properties":{"Line":"R136","Tr":2778,"X":"647300.5","Y":"9204656.5","Rotation":0,"NAMOBJ":"Kaliwates","WADMKC":"Kembangbahu","WADMKK":"Lamongan"},"geometry":{"type":"Point","coordinates":[112.3,-7.2]}},{"type":"Feature","properties":{"Line":"R136","Tr":2779,"X":"647300.5","Y":"9204644.0","Rotation":0,"NAMOBJ":"Kaliwates","WADMKC":"Kembangbahu","WADMKK":"Lamongan"},"geometry":{"type":"Point","coordinates":[112.3,-7.2]}},{"type":"Feature","properties":{"Line":"R136","Tr":2780,"X":"647300.5","Y":"9204631.5","Rotation":0,"NAMOBJ":"Kaliwates","WADMKC":"Kembangbahu","WADMKK":"Lamongan"},"geometry":{"type":"Point","coordinates":[112.3,-7.2]}},{"type":"Feature","properties":{"Line":"R136","Tr":2781,"X":"647300.5","Y":"9204619.0","Rotation":0,"NAMOBJ":"Kaliwates","WADMKC":"Kembangbahu","WADMKK":"Lamongan"},"geometry":{"type":"Point","coordinates":[112.3,-7.2]}},{"type":"Feature","properties":{"Line":"R136","Tr":2782,"X":"647300.5","Y":"9204606.5","Rotation":0,"NAMOBJ":"Kaliwates","WADMKC":"Kembangbahu","WADMKK":"Lamongan"},"geometry":{"type":"Point","coordinates":[112.3,-7.2]}},{"type":"Feature","properties":{"Line":"R136","Tr":2783,"X":"647300.5","Y":"9204594.0","Rotation":0,"NAMOBJ":"Kaliwates","WADMKC":"Kembangbahu","WADMKK":"Lamongan"},"geometry":{"type":"Point","coordinates":[112.3,-7.2]}},{"type":"Feature","properties":{"Line":"R136","Tr":2784,"X":"647300.5","Y":"9204581.5","Rotation":0,"NAMOBJ":"Kaliwates","WADMKC":"Kembangbahu","WADMKK":"Lamongan"},"geometry":{"type":"Point","coordinates":[112.3,-7.2]}},{"type":"Feature","properties":{"Line":"R136","Tr":2785,"X":"647300.5","Y":"9204569.0","Rotation":0,"NAMOBJ":"Kaliwates","WADMKC":"Kembangbahu","WADMKK":"Lamongan"},"geometry":{"type":"Point","coordinates":[112.3,-7.2]}},{"type":"Feature","properties":{"Line":"R138","Tr":2730,"X":"648300.5","Y":"9205256.5","Rotation":0,"NAMOBJ":"Kaliwates","WADMKC":"Kembangbahu","WADMKK":"Lamongan"},"geometry":{"type":"Point","coordinates":[112.3,-7.2]}},{"type":"Feature","properties":{"Line":"R138","Tr":2731,"X":"648300.5","Y":"9205244.0","Rotation":0,"NAMOBJ":"Kaliwates","WADMKC":"Kembangbahu","WADMKK":"Lamongan"},"geometry":{"type":"Point","coordinates":[112.3,-7.2]}},{"type":"Feature","properties":{"Line":"R138","Tr":2732,"X":"648300.5","Y":"9205231.5","Rotation":0,"NAMOBJ":"Kaliwates","WADMKC":"Kembangbahu","WADMKK":"Lamongan"},"geometry":{"type":"Point","coordinates":[112.3,-7.2]}},{"type":"Feature","properties":{"Line":"R138","Tr":2733,"X":"648300.5","Y":"9205219.0","Rotation":0,"NAMOBJ":"Kaliwates","WADMKC":"Kembangbahu","WADMKK":"Lamongan"},"geometry":{"type":"Point","coordinates":[112.3,-7.2]}},{"type":"Feature","properties":{"Line":"R138","Tr":2734,"X":"648300.5","Y":"9205206.5","Rotation":0,"NAMOBJ":"Kaliwates","WADMKC":"Kembangbahu","WADMKK":"Lamongan"},"geometry":{"type":"Point","coordinates":[112.3,-7.2]}},{"type":"Feature","properties":{"Line":"R138","Tr":2735,"X":"648300.5","Y":"9205194.0","Rotation":0,"NAMOBJ":"Kaliwates","WADMKC":"Kembangbahu","WADMKK":"Lamongan"},"geometry":{"type":"Point","coordinates":[112.3,-7.2]}},{"type":"Feature","properties":{"Line":"R138","Tr":2736,"X":"648300.5","Y":"9205181.5","Rotation":0,"NAMOBJ":"Kaliwates","WADMKC":"Kembangbahu","WADMKK":"Lamongan"},"geometry":{"type":"Point","coordinates":[112.3,-7.2]}},{"type":"Feature","properties":{"Line":"R138","Tr":2737,"X":"648300.5","Y":"9205169.0","Rotation":0,"NAMOBJ":"Kaliwates","WADMKC":"Kembangbahu","WADMKK":"Lamongan"},"geometry":{"type":"Point","coordinates":[112.3,-7.2]}},{"type":"Feature","properties":{"Line":"R138","Tr":2738,"X":"648300.5","Y":"9205156.5","Rotation":0,"NAMOBJ":"Kaliwates","WADMKC":"Kembangbahu","WADMKK":"Lamongan"},"geometry":{"type":"Point","coordinates":[112.3,-7.2]}},{"type":"Feature","properties":{"Line":"R138","Tr":2739,"X":"648300.5","Y":"9205144.0","Rotation":0,"NAMOBJ":"Kaliwates","WADMKC":"Kembangbahu","WADMKK":"Lamongan"},"geometry":{"type":"Point","coordinates":[112.3,-7.2]}},{"type":"Feature","properties":{"Line":"R138","Tr":2740,"X":"648300.5","Y":"9205131.5","Rotation":0,"NAMOBJ":"Kaliwates","WADMKC":"Kembangbahu","WADMKK":"Lamongan"},"geometry":{"type":"Point","coordinates":[112.3,-7.2]}},{"type":"Feature","properties":{"Line":"R138","Tr":2741,"X":"648300.5","Y":"9205119.0","Rotation":0,"NAMOBJ":"Kaliwates","WADMKC":"Kembangbahu","WADMKK":"Lamongan"},"geometry":{"type":"Point","coordinates":[112.3,-7.2]}},{"type":"Feature","properties":{"Line":"R138","Tr":2742,"X":"648300.5","Y":"9205106.5","Rotation":0,"NAMOBJ":"Kaliwates","WADMKC":"Kembangbahu","WADMKK":"Lamongan"},"geometry":{"type":"Point","coordinates":[112.3,-7.2]}},{"type":"Feature","properties":{"Line":"R138","Tr":2743,"X":"648300.5","Y":"9205094.0","Rotation":0,"NAMOBJ":"Kaliwates","WADMKC":"Kembangbahu","WADMKK":"Lamongan"},"geometry":{"type":"Point","coordinates":[112.3,-7.2]}},{"type":"Feature","properties":{"Line":"R138","Tr":2744,"X":"648300.5","Y":"9205081.5","Rotation":0,"NAMOBJ":"Kaliwates","WADMKC":"Kembangbahu","WADMKK":"Lamongan"},"geometry":{"type":"Point","coordinates":[112.3,-7.2]}},{"type":"Feature","properties":{"Line":"R138","Tr":2745,"X":"648300.5","Y":"9205069.0","Rotation":0,"NAMOBJ":"Kaliwates","WADMKC":"Kembangbahu","WADMKK":"Lamongan"},"geometry":{"type":"Point","coordinates":[112.3,-7.2]}},{"type":"Feature","properties":{"Line":"R138","Tr":2746,"X":"648300.5","Y":"9205056.5","Rotation":0,"NAMOBJ":"Kaliwates","WADMKC":"Kembangbahu","WADMKK":"Lamongan"},"geometry":{"type":"Point","coordinates":[112.3,-7.2]}},{"type":"Feature","properties":{"Line":"R138","Tr":2747,"X":"648300.5","Y":"9205044.0","Rotation":0,"NAMOBJ":"Kaliwates","WADMKC":"Kembangbahu","WADMKK":"Lamongan"},"geometry":{"type":"Point","coordinates":[112.3,-7.2]}},{"type":"Feature","properties":{"Line":"R138","Tr":2748,"X":"648300.5","Y":"9205031.5","Rotation":0,"NAMOBJ":"Kaliwates","WADMKC":"Kembangbahu","WADMKK":"Lamongan"},"geometry":{"type":"Point","coordinates":[112.3,-7.2]}},{"type":"Feature","properties":{"Line":"R138","Tr":2749,"X":"648300.5","Y":"9205019.0","Rotation":0,"NAMOBJ":"Kaliwates","WADMKC":"Kembangbahu","WADMKK":"Lamongan"},"geometry":{"type":"Point","coordinates":[112.3,-7.2]}},{"type":"Feature","properties":{"Line":"R138","Tr":2750,"X":"648300.5","Y":"9205006.5","Rotation":0,"NAMOBJ":"Kaliwates","WADMKC":"Kembangbahu","WADMKK":"Lamongan"},"geometry":{"type":"Point","coordinates":[112.3,-7.2]}},{"type":"Feature","properties":{"Line":"R138","Tr":2751,"X":"648300.5","Y":"9204994.0","Rotation":0,"NAMOBJ":"Kaliwates","WADMKC":"Kembangbahu","WADMKK":"Lamongan"},"geometry":{"type":"Point","coordinates":[112.3,-7.2]}},{"type":"Feature","properties":{"Line":"R138","Tr":2752,"X":"648300.5","Y":"9204981.5","Rotation":0,"NAMOBJ":"Kaliwates","WADMKC":"Kembangbahu","WADMKK":"Lamongan"},"geometry":{"type":"Point","coordinates":[112.3,-7.2]}},{"type":"Feature","properties":{"Line":"R138","Tr":2753,"X":"648300.5","Y":"9204969.0","Rotation":0,"NAMOBJ":"Kaliwates","WADMKC":"Kembangbahu","WADMKK":"Lamongan"},"geometry":{"type":"Point","coordinates":[112.3,-7.2]}},{"type":"Feature","properties":{"Line":"R138","Tr":2754,"X":"648300.5","Y":"9204956.5","Rotation":0,"NAMOBJ":"Kaliwates","WADMKC":"Kembangbahu","WADMKK":"Lamongan"},"geometry":{"type":"Point","coordinates":[112.3,-7.2]}},{"type":"Feature","properties":{"Line":"R138","Tr":2755,"X":"648300.5","Y":"9204944.0","Rotation":0,"NAMOBJ":"Kaliwates","WADMKC":"Kembangbahu","WADMKK":"Lamongan"},"geometry":{"type":"Point","coordinates":[112.3,-7.2]}},{"type":"Feature","properties":{"Line":"R138","Tr":2756,"X":"648300.5","Y":"9204931.5","Rotation":0,"NAMOBJ":"Kaliwates","WADMKC":"Kembangbahu","WADMKK":"Lamongan"},"geometry":{"type":"Point","coordinates":[112.3,-7.2]}},{"type":"Feature","properties":{"Line":"R138","Tr":2757,"X":"648300.5","Y":"9204919.0","Rotation":0,"NAMOBJ":"Kaliwates","WADMKC":"Kembangbahu","WADMKK":"Lamongan"},"geometry":{"type":"Point","coordinates":[112.3,-7.2]}},{"type":"Feature","properties":{"Line":"R138","Tr":2758,"X":"648300.5","Y":"9204906.5","Rotation":0,"NAMOBJ":"Kaliwates","WADMKC":"Kembangbahu","WADMKK":"Lamongan"},"geometry":{"type":"Point","coordinates":[112.3,-7.2]}},{"type":"Feature","properties":{"Line":"R138","Tr":2759,"X":"648300.5","Y":"9204894.0","Rotation":0,"NAMOBJ":"Kaliwates","WADMKC":"Kembangbahu","WADMKK":"Lamongan"},"geometry":{"type":"Point","coordinates":[112.3,-7.2]}},{"type":"Feature","properties":{"Line":"R138","Tr":2760,"X":"648300.5","Y":"9204881.5","Rotation":0,"NAMOBJ":"Kaliwates","WADMKC":"Kembangbahu","WADMKK":"Lamongan"},"geometry":{"type":"Point","coordinates":[112.3,-7.2]}},{"type":"Feature","properties":{"Line":"R138","Tr":2761,"X":"648300.5","Y":"9204869.0","Rotation":0,"NAMOBJ":"Kaliwates","WADMKC":"Kembangbahu","WADMKK":"Lamongan"},"geometry":{"type":"Point","coordinates":[112.3,-7.2]}},{"type":"Feature","properties":{"Line":"R138","Tr":2762,"X":"648300.5","Y":"9204856.5","Rotation":0,"NAMOBJ":"Kaliwates","WADMKC":"Kembangbahu","WADMKK":"Lamongan"},"geometry":{"type":"Point","coordinates":[112.3,-7.2]}},{"type":"Feature","properties":{"Line":"R138","Tr":2763,"X":"648300.5","Y":"9204844.0","Rotation":0,"NAMOBJ":"Kaliwates","WADMKC":"Kembangbahu","WADMKK":"Lamongan"},"geometry":{"type":"Point","coordinates":[112.3,-7.2]}},{"type":"Feature","properties":{"Line":"R138","Tr":2764,"X":"648300.5","Y":"9204831.5","Rotation":0,"NAMOBJ":"Kaliwates","WADMKC":"Kembangbahu","WADMKK":"Lamongan"},"geometry":{"type":"Point","coordinates":[112.3,-7.2]}},{"type":"Feature","properties":{"Line":"R138","Tr":2765,"X":"648300.5","Y":"9204819.0","Rotation":0,"NAMOBJ":"Kaliwates","WADMKC":"Kembangbahu","WADMKK":"Lamongan"},"geometry":{"type":"Point","coordinates":[112.3,-7.2]}},{"type":"Feature","properties":{"Line":"R138","Tr":2766,"X":"648300.5","Y":"9204806.5","Rotation":0,"NAMOBJ":"Kaliwates","WADMKC":"Kembangbahu","WADMKK":"Lamongan"},"geometry":{"type":"Point","coordinates":[112.3,-7.2]}},{"type":"Feature","properties":{"Line":"R138","Tr":2767,"X":"648300.5","Y":"9204794.0","Rotation":0,"NAMOBJ":"Kaliwates","WADMKC":"Kembangbahu","WADMKK":"Lamongan"},"geometry":{"type":"Point","coordinates":[112.3,-7.2]}},{"type":"Feature","properties":{"Line":"R138","Tr":2768,"X":"648300.5","Y":"9204781.5","Rotation":0,"NAMOBJ":"Kaliwates","WADMKC":"Kembangbahu","WADMKK":"Lamongan"},"geometry":{"type":"Point","coordinates":[112.3,-7.2]}},{"type":"Feature","properties":{"Line":"R138","Tr":2769,"X":"648300.5","Y":"9204769.0","Rotation":0,"NAMOBJ":"Kaliwates","WADMKC":"Kembangbahu","WADMKK":"Lamongan"},"geometry":{"type":"Point","coordinates":[112.3,-7.2]}},{"type":"Feature","properties":{"Line":"R138","Tr":2770,"X":"648300.5","Y":"9204756.5","Rotation":0,"NAMOBJ":"Kaliwates","WADMKC":"Kembangbahu","WADMKK":"Lamongan"},"geometry":{"type":"Point","coordinates":[112.3,-7.2]}},{"type":"Feature","properties":{"Line":"R138","Tr":2771,"X":"648300.5","Y":"9204744.0","Rotation":0,"NAMOBJ":"Kaliwates","WADMKC":"Kembangbahu","WADMKK":"Lamongan"},"geometry":{"type":"Point","coordinates":[112.3,-7.2]}},{"type":"Feature","properties":{"Line":"R138","Tr":2772,"X":"648300.5","Y":"9204731.5","Rotation":0,"NAMOBJ":"Kaliwates","WADMKC":"Kembangbahu","WADMKK":"Lamongan"},"geometry":{"type":"Point","coordinates":[112.3,-7.2]}},{"type":"Feature","properties":{"Line":"R138","Tr":2773,"X":"648300.5","Y":"9204719.0","Rotation":0,"NAMOBJ":"Kaliwates","WADMKC":"Kembangbahu","WADMKK":"Lamongan"},"geometry":{"type":"Point","coordinates":[112.3,-7.2]}},{"type":"Feature","properties":{"Line":"R138","Tr":2774,"X":"648300.5","Y":"9204706.5","Rotation":0,"NAMOBJ":"Kaliwates","WADMKC":"Kembangbahu","WADMKK":"Lamongan"},"geometry":{"type":"Point","coordinates":[112.3,-7.2]}},{"type":"Feature","properties":{"Line":"R138","Tr":2775,"X":"648300.5","Y":"9204694.0","Rotation":0,"NAMOBJ":"Kaliwates","WADMKC":"Kembangbahu","WADMKK":"Lamongan"},"geometry":{"type":"Point","coordinates":[112.3,-7.2]}},{"type":"Feature","properties":{"Line":"R138","Tr":2776,"X":"648300.5","Y":"9204681.5","Rotation":0,"NAMOBJ":"Kaliwates","WADMKC":"Kembangbahu","WADMKK":"Lamongan"},"geometry":{"type":"Point","coordinates":[112.3,-7.2]}},{"type":"Feature","properties":{"Line":"R138","Tr":2777,"X":"648300.5","Y":"9204669.0","Rotation":0,"NAMOBJ":"Kaliwates","WADMKC":"Kembangbahu","WADMKK":"Lamongan"},"geometry":{"type":"Point","coordinates":[112.3,-7.2]}},{"type":"Feature","properties":{"Line":"R138","Tr":2778,"X":"648300.5","Y":"9204656.5","Rotation":0,"NAMOBJ":"Kaliwates","WADMKC":"Kembangbahu","WADMKK":"Lamongan"},"geometry":{"type":"Point","coordinates":[112.3,-7.2]}},{"type":"Feature","properties":{"Line":"R138","Tr":2779,"X":"648300.5","Y":"9204644.0","Rotation":0,"NAMOBJ":"Kaliwates","WADMKC":"Kembangbahu","WADMKK":"Lamongan"},"geometry":{"type":"Point","coordinates":[112.3,-7.2]}},{"type":"Feature","properties":{"Line":"R138","Tr":2780,"X":"648300.5","Y":"9204631.5","Rotation":0,"NAMOBJ":"Kaliwates","WADMKC":"Kembangbahu","WADMKK":"Lamongan"},"geometry":{"type":"Point","coordinates":[112.3,-7.2]}},{"type":"Feature","properties":{"Line":"R138","Tr":2781,"X":"648300.5","Y":"9204619.0","Rotation":0,"NAMOBJ":"Kaliwates","WADMKC":"Kembangbahu","WADMKK":"Lamongan"},"geometry":{"type":"Point","coordinates":[112.3,-7.2]}},{"type":"Feature","properties":{"Line":"R138","Tr":2782,"X":"648300.5","Y":"9204606.5","Rotation":0,"NAMOBJ":"Kaliwates","WADMKC":"Kembangbahu","WADMKK":"Lamongan"},"geometry":{"type":"Point","coordinates":[112.3,-7.2]}},{"type":"Feature","properties":{"Line":"R138","Tr":2783,"X":"648300.5","Y":"9204594.0","Rotation":0,"NAMOBJ":"Kaliwates","WADMKC":"Kembangbahu","WADMKK":"Lamongan"},"geometry":{"type":"Point","coordinates":[112.3,-7.2]}},{"type":"Feature","properties":{"Line":"R138","Tr":2784,"X":"648300.5","Y":"9204581.5","Rotation":0,"NAMOBJ":"Kaliwates","WADMKC":"Kembangbahu","WADMKK":"Lamongan"},"geometry":{"type":"Point","coordinates":[112.3,-7.2]}},{"type":"Feature","properties":{"Line":"R138","Tr":2785,"X":"648300.5","Y":"9204569.0","Rotation":0,"NAMOBJ":"Kaliwates","WADMKC":"Kembangbahu","WADMKK":"Lamongan"},"geometry":{"type":"Point","coordinates":[112.3,-7.2]}},{"type":"Feature","properties":{"Line":"R138","Tr":2786,"X":"648300.5","Y":"9204556.5","Rotation":0,"NAMOBJ":"Kaliwates","WADMKC":"Kembangbahu","WADMKK":"Lamongan"},"geometry":{"type":"Point","coordinates":[112.3,-7.2]}},{"type":"Feature","properties":{"Line":"R138","Tr":2787,"X":"648300.5","Y":"9204544.0","Rotation":0,"NAMOBJ":"Kaliwates","WADMKC":"Kembangbahu","WADMKK":"Lamongan"},"geometry":{"type":"Point","coordinates":[112.3,-7.2]}},{"type":"Feature","properties":{"Line":"R138","Tr":2788,"X":"648300.5","Y":"9204531.5","Rotation":0,"NAMOBJ":"Kaliwates","WADMKC":"Kembangbahu","WADMKK":"Lamongan"},"geometry":{"type":"Point","coordinates":[112.3,-7.2]}},{"type":"Feature","properties":{"Line":"R138","Tr":2789,"X":"648300.5","Y":"9204519.0","Rotation":0,"NAMOBJ":"Kaliwates","WADMKC":"Kembangbahu","WADMKK":"Lamongan"},"geometry":{"type":"Point","coordinates":[112.3,-7.2]}},{"type":"Feature","properties":{"Line":"R138","Tr":2790,"X":"648300.5","Y":"9204506.5","Rotation":0,"NAMOBJ":"Kaliwates","WADMKC":"Kembangbahu","WADMKK":"Lamongan"},"geometry":{"type":"Point","coordinates":[112.3,-7.2]}},{"type":"Feature","properties":{"Line":"R138","Tr":2791,"X":"648300.5","Y":"9204494.0","Rotation":0,"NAMOBJ":"Kaliwates","WADMKC":"Kembangbahu","WADMKK":"Lamongan"},"geometry":{"type":"Point","coordinates":[112.3,-7.2]}},{"type":"Feature","properties":{"Line":"R138","Tr":2792,"X":"648300.5","Y":"9204481.5","Rotation":0,"NAMOBJ":"Kaliwates","WADMKC":"Kembangbahu","WADMKK":"Lamongan"},"geometry":{"type":"Point","coordinates":[112.3,-7.2]}},{"type":"Feature","properties":{"Line":"R138","Tr":2793,"X":"648300.5","Y":"9204469.0","Rotation":0,"NAMOBJ":"Kaliwates","WADMKC":"Kembangbahu","WADMKK":"Lamongan"},"geometry":{"type":"Point","coordinates":[112.3,-7.2]}},{"type":"Feature","properties":{"Line":"R138","Tr":2794,"X":"648300.5","Y":"9204456.5","Rotation":0,"NAMOBJ":"Kaliwates","WADMKC":"Kembangbahu","WADMKK":"Lamongan"},"geometry":{"type":"Point","coordinates":[112.3,-7.2]}},{"type":"Feature","properties":{"Line":"R138","Tr":2795,"X":"648300.5","Y":"9204444.0","Rotation":0,"NAMOBJ":"Kaliwates","WADMKC":"Kembangbahu","WADMKK":"Lamongan"},"geometry":{"type":"Point","coordinates":[112.3,-7.2]}},{"type":"Feature","properties":{"Line":"R138","Tr":2796,"X":"648300.5","Y":"9204431.5","Rotation":0,"NAMOBJ":"Kaliwates","WADMKC":"Kembangbahu","WADMKK":"Lamongan"},"geometry":{"type":"Point","coordinates":[112.3,-7.2]}},{"type":"Feature","properties":{"Line":"R101","Tr":2849,"X":"647331.8","Y":"9208800.3","Rotation":90,"NAMOBJ":"Kedungasri","WADMKC":"Kembangbahu","WADMKK":"Lamongan"},"geometry":{"type":"Point","coordinates":[112.3,-7.2]}},{"type":"Feature","properties":{"Line":"R101","Tr":2850,"X":"647344.3","Y":"9208800.4","Rotation":90,"NAMOBJ":"Kedungasri","WADMKC":"Kembangbahu","WADMKK":"Lamongan"},"geometry":{"type":"Point","coordinates":[112.3,-7.2]}},{"type":"Feature","properties":{"Line":"R101","Tr":2851,"X":"647356.8","Y":"9208800.3","Rotation":90,"NAMOBJ":"Kedungasri","WADMKC":"Kembangbahu","WADMKK":"Lamongan"},"geometry":{"type":"Point","coordinates":[112.3,-7.2]}},{"type":"Feature","properties":{"Line":"R101","Tr":2852,"X":"647369.3","Y":"9208800.4","Rotation":90,"NAMOBJ":"Kedungasri","WADMKC":"Kembangbahu","WADMKK":"Lamongan"},"geometry":{"type":"Point","coordinates":[112.3,-7.2]}},{"type":"Feature","properties":{"Line":"R101","Tr":2853,"X":"647381.8","Y":"9208800.3","Rotation":90,"NAMOBJ":"Kedungasri","WADMKC":"Kembangbahu","WADMKK":"Lamongan"},"geometry":{"type":"Point","coordinates":[112.3,-7.2]}},{"type":"Feature","properties":{"Line":"R101","Tr":2854,"X":"647394.3","Y":"9208800.4","Rotation":90,"NAMOBJ":"Kedungasri","WADMKC":"Kembangbahu","WADMKK":"Lamongan"},"geometry":{"type":"Point","coordinates":[112.3,-7.2]}},{"type":"Feature","properties":{"Line":"R101","Tr":2855,"X":"647406.8","Y":"9208800.3","Rotation":90,"NAMOBJ":"Kedungasri","WADMKC":"Kembangbahu","WADMKK":"Lamongan"},"geometry":{"type":"Point","coordinates":[112.3,-7.2]}},{"type":"Feature","properties":{"Line":"R101","Tr":2856,"X":"647419.3","Y":"9208800.4","Rotation":90,"NAMOBJ":"Kedungasri","WADMKC":"Kembangbahu","WADMKK":"Lamongan"},"geometry":{"type":"Point","coordinates":[112.3,-7.2]}},{"type":"Feature","properties":{"Line":"R101","Tr":2857,"X":"647431.8","Y":"9208800.3","Rotation":90,"NAMOBJ":"Kedungasri","WADMKC":"Kembangbahu","WADMKK":"Lamongan"},"geometry":{"type":"Point","coordinates":[112.3,-7.2]}},{"type":"Feature","properties":{"Line":"R101","Tr":2858,"X":"647444.3","Y":"9208800.4","Rotation":90,"NAMOBJ":"Kedungasri","WADMKC":"Kembangbahu","WADMKK":"Lamongan"},"geometry":{"type":"Point","coordinates":[112.3,-7.2]}},{"type":"Feature","properties":{"Line":"R101","Tr":2859,"X":"647456.8","Y":"9208800.3","Rotation":90,"NAMOBJ":"Kedungasri","WADMKC":"Kembangbahu","WADMKK":"Lamongan"},"geometry":{"type":"Point","coordinates":[112.3,-7.2]}},{"type":"Feature","properties":{"Line":"R101","Tr":2860,"X":"647469.3","Y":"9208800.4","Rotation":90,"NAMOBJ":"Kedungasri","WADMKC":"Kembangbahu","WADMKK":"Lamongan"},"geometry":{"type":"Point","coordinates":[112.3,-7.2]}},{"type":"Feature","properties":{"Line":"R101","Tr":2861,"X":"647481.8","Y":"9208800.3","Rotation":90,"NAMOBJ":"Kedungasri","WADMKC":"Kembangbahu","WADMKK":"Lamongan"},"geometry":{"type":"Point","coordinates":[112.3,-7.2]}},{"type":"Feature","properties":{"Line":"R101","Tr":2862,"X":"647494.3","Y":"9208800.4","Rotation":90,"NAMOBJ":"Kedungasri","WADMKC":"Kembangbahu","WADMKK":"Lamongan"},"geometry":{"type":"Point","coordinates":[112.3,-7.2]}},{"type":"Feature","properties":{"Line":"R101","Tr":2863,"X":"647506.8","Y":"9208800.3","Rotation":90,"NAMOBJ":"Kedungasri","WADMKC":"Kembangbahu","WADMKK":"Lamongan"},"geometry":{"type":"Point","coordinates":[112.3,-7.2]}},{"type":"Feature","properties":{"Line":"R101","Tr":2864,"X":"647519.3","Y":"9208800.4","Rotation":90,"NAMOBJ":"Kedungasri","WADMKC":"Kembangbahu","WADMKK":"Lamongan"},"geometry":{"type":"Point","coordinates":[112.3,-7.2]}},{"type":"Feature","properties":{"Line":"R101","Tr":2865,"X":"647531.8","Y":"9208800.3","Rotation":90,"NAMOBJ":"Kedungasri","WADMKC":"Kembangbahu","WADMKK":"Lamongan"},"geometry":{"type":"Point","coordinates":[112.3,-7.2]}},{"type":"Feature","properties":{"Line":"R101","Tr":2866,"X":"647544.3","Y":"9208800.4","Rotation":90,"NAMOBJ":"Kedungasri","WADMKC":"Kembangbahu","WADMKK":"Lamongan"},"geometry":{"type":"Point","coordinates":[112.3,-7.2]}},{"type":"Feature","properties":{"Line":"R101","Tr":2867,"X":"647556.8","Y":"9208800.3","Rotation":90,"NAMOBJ":"Kedungasri","WADMKC":"Kembangbahu","WADMKK":"Lamongan"},"geometry":{"type":"Point","coordinates":[112.3,-7.2]}},{"type":"Feature","properties":{"Line":"R101","Tr":2868,"X":"647569.3","Y":"9208800.4","Rotation":90,"NAMOBJ":"Kedungasri","WADMKC":"Kembangbahu","WADMKK":"Lamongan"},"geometry":{"type":"Point","coordinates":[112.3,-7.2]}},{"type":"Feature","properties":{"Line":"R101","Tr":2869,"X":"647581.8","Y":"9208800.3","Rotation":90,"NAMOBJ":"Kedungasri","WADMKC":"Kembangbahu","WADMKK":"Lamongan"},"geometry":{"type":"Point","coordinates":[112.3,-7.2]}},{"type":"Feature","properties":{"Line":"R101","Tr":2870,"X":"647594.3","Y":"9208800.4","Rotation":90,"NAMOBJ":"Kedungasri","WADMKC":"Kembangbahu","WADMKK":"Lamongan"},"geometry":{"type":"Point","coordinates":[112.3,-7.2]}},{"type":"Feature","properties":{"Line":"R101","Tr":2871,"X":"647606.8","Y":"9208800.3","Rotation":90,"NAMOBJ":"Kedungasri","WADMKC":"Kembangbahu","WADMKK":"Lamongan"},"geometry":{"type":"Point","coordinates":[112.3,-7.2]}},{"type":"Feature","properties":{"Line":"R101","Tr":2872,"X":"647619.3","Y":"9208800.4","Rotation":90,"NAMOBJ":"Kedungasri","WADMKC":"Kembangbahu","WADMKK":"Lamongan"},"geometry":{"type":"Point","coordinates":[112.3,-7.2]}},{"type":"Feature","properties":{"Line":"R101","Tr":2873,"X":"647631.8","Y":"9208800.3","Rotation":90,"NAMOBJ":"Kedungasri","WADMKC":"Kembangbahu","WADMKK":"Lamongan"},"geometry":{"type":"Point","coordinates":[112.3,-7.2]}},{"type":"Feature","properties":{"Line":"R101","Tr":2874,"X":"647644.3","Y":"9208800.4","Rotation":90,"NAMOBJ":"Kedungasri","WADMKC":"Kembangbahu","WADMKK":"Lamongan"},"geometry":{"type":"Point","coordinates":[112.3,-7.2]}},{"type":"Feature","properties":{"Line":"R101","Tr":2875,"X":"647656.8","Y":"9208800.3","Rotation":90,"NAMOBJ":"Kedungasri","WADMKC":"Kembangbahu","WADMKK":"Lamongan"},"geometry":{"type":"Point","coordinates":[112.3,-7.2]}},{"type":"Feature","properties":{"Line":"R101","Tr":2876,"X":"647669.3","Y":"9208800.4","Rotation":90,"NAMOBJ":"Kedungasri","WADMKC":"Kembangbahu","WADMKK":"Lamongan"},"geometry":{"type":"Point","coordinates":[112.3,-7.2]}},{"type":"Feature","properties":{"Line":"R101","Tr":2877,"X":"647681.8","Y":"9208800.3","Rotation":90,"NAMOBJ":"Kedungasri","WADMKC":"Kembangbahu","WADMKK":"Lamongan"},"geometry":{"type":"Point","coordinates":[112.3,-7.2]}},{"type":"Feature","properties":{"Line":"R101","Tr":2878,"X":"647694.3","Y":"9208800.4","Rotation":90,"NAMOBJ":"Kedungasri","WADMKC":"Kembangbahu","WADMKK":"Lamongan"},"geometry":{"type":"Point","coordinates":[112.3,-7.2]}},{"type":"Feature","properties":{"Line":"R101","Tr":2879,"X":"647706.8","Y":"9208800.3","Rotation":90,"NAMOBJ":"Kedungasri","WADMKC":"Kembangbahu","WADMKK":"Lamongan"},"geometry":{"type":"Point","coordinates":[112.3,-7.2]}},{"type":"Feature","properties":{"Line":"R101","Tr":2880,"X":"647719.3","Y":"9208800.4","Rotation":90,"NAMOBJ":"Kedungasri","WADMKC":"Kembangbahu","WADMKK":"Lamongan"},"geometry":{"type":"Point","coordinates":[112.3,-7.2]}},{"type":"Feature","properties":{"Line":"R101","Tr":2881,"X":"647731.8","Y":"9208800.3","Rotation":90,"NAMOBJ":"Kedungasri","WADMKC":"Kembangbahu","WADMKK":"Lamongan"},"geometry":{"type":"Point","coordinates":[112.3,-7.2]}},{"type":"Feature","properties":{"Line":"R101","Tr":2882,"X":"647744.3","Y":"9208800.4","Rotation":90,"NAMOBJ":"Kedungasri","WADMKC":"Kembangbahu","WADMKK":"Lamongan"},"geometry":{"type":"Point","coordinates":[112.3,-7.2]}},{"type":"Feature","properties":{"Line":"R101","Tr":2883,"X":"647756.8","Y":"9208800.3","Rotation":90,"NAMOBJ":"Kedungasri","WADMKC":"Kembangbahu","WADMKK":"Lamongan"},"geometry":{"type":"Point","coordinates":[112.3,-7.2]}},{"type":"Feature","properties":{"Line":"R101","Tr":2884,"X":"647769.3","Y":"9208800.4","Rotation":90,"NAMOBJ":"Kedungasri","WADMKC":"Kembangbahu","WADMKK":"Lamongan"},"geometry":{"type":"Point","coordinates":[112.3,-7.2]}},{"type":"Feature","properties":{"Line":"R101","Tr":2885,"X":"647781.8","Y":"9208800.3","Rotation":90,"NAMOBJ":"Kedungasri","WADMKC":"Kembangbahu","WADMKK":"Lamongan"},"geometry":{"type":"Point","coordinates":[112.3,-7.2]}},{"type":"Feature","properties":{"Line":"R101","Tr":2886,"X":"647794.3","Y":"9208800.4","Rotation":90,"NAMOBJ":"Kedungasri","WADMKC":"Kembangbahu","WADMKK":"Lamongan"},"geometry":{"type":"Point","coordinates":[112.3,-7.2]}},{"type":"Feature","properties":{"Line":"R101","Tr":2887,"X":"647806.8","Y":"9208800.3","Rotation":90,"NAMOBJ":"Kedungasri","WADMKC":"Kembangbahu","WADMKK":"Lamongan"},"geometry":{"type":"Point","coordinates":[112.3,-7.2]}},{"type":"Feature","properties":{"Line":"R101","Tr":2888,"X":"647819.3","Y":"9208800.4","Rotation":90,"NAMOBJ":"Kedungasri","WADMKC":"Kembangbahu","WADMKK":"Lamongan"},"geometry":{"type":"Point","coordinates":[112.3,-7.2]}},{"type":"Feature","properties":{"Line":"R101","Tr":2889,"X":"647831.8","Y":"9208800.3","Rotation":90,"NAMOBJ":"Kedungasri","WADMKC":"Kembangbahu","WADMKK":"Lamongan"},"geometry":{"type":"Point","coordinates":[112.3,-7.2]}},{"type":"Feature","properties":{"Line":"R101","Tr":2890,"X":"647844.3","Y":"9208800.4","Rotation":90,"NAMOBJ":"Kedungasri","WADMKC":"Kembangbahu","WADMKK":"Lamongan"},"geometry":{"type":"Point","coordinates":[112.3,-7.2]}},{"type":"Feature","properties":{"Line":"R101","Tr":2891,"X":"647856.8","Y":"9208800.3","Rotation":90,"NAMOBJ":"Kedungasri","WADMKC":"Kembangbahu","WADMKK":"Lamongan"},"geometry":{"type":"Point","coordinates":[112.3,-7.2]}},{"type":"Feature","properties":{"Line":"R101","Tr":2892,"X":"647869.3","Y":"9208800.4","Rotation":90,"NAMOBJ":"Kedungasri","WADMKC":"Kembangbahu","WADMKK":"Lamongan"},"geometry":{"type":"Point","coordinates":[112.3,-7.2]}},{"type":"Feature","properties":{"Line":"R101","Tr":2893,"X":"647881.8","Y":"9208800.3","Rotation":90,"NAMOBJ":"Kedungasri","WADMKC":"Kembangbahu","WADMKK":"Lamongan"},"geometry":{"type":"Point","coordinates":[112.3,-7.2]}},{"type":"Feature","properties":{"Line":"R101","Tr":2894,"X":"647894.3","Y":"9208800.4","Rotation":90,"NAMOBJ":"Kedungasri","WADMKC":"Kembangbahu","WADMKK":"Lamongan"},"geometry":{"type":"Point","coordinates":[112.3,-7.2]}},{"type":"Feature","properties":{"Line":"R101","Tr":2895,"X":"647906.8","Y":"9208800.3","Rotation":90,"NAMOBJ":"Kedungasri","WADMKC":"Kembangbahu","WADMKK":"Lamongan"},"geometry":{"type":"Point","coordinates":[112.3,-7.2]}},{"type":"Feature","properties":{"Line":"R101","Tr":2896,"X":"647919.3","Y":"9208800.4","Rotation":90,"NAMOBJ":"Kedungasri","WADMKC":"Kembangbahu","WADMKK":"Lamongan"},"geometry":{"type":"Point","coordinates":[112.3,-7.2]}},{"type":"Feature","properties":{"Line":"R101","Tr":2897,"X":"647931.8","Y":"9208800.3","Rotation":90,"NAMOBJ":"Kedungasri","WADMKC":"Kembangbahu","WADMKK":"Lamongan"},"geometry":{"type":"Point","coordinates":[112.3,-7.2]}},{"type":"Feature","properties":{"Line":"R101","Tr":2898,"X":"647944.3","Y":"9208800.4","Rotation":90,"NAMOBJ":"Kedungasri","WADMKC":"Kembangbahu","WADMKK":"Lamongan"},"geometry":{"type":"Point","coordinates":[112.3,-7.2]}},{"type":"Feature","properties":{"Line":"R101","Tr":2899,"X":"647956.8","Y":"9208800.3","Rotation":90,"NAMOBJ":"Kedungasri","WADMKC":"Kembangbahu","WADMKK":"Lamongan"},"geometry":{"type":"Point","coordinates":[112.3,-7.2]}},{"type":"Feature","properties":{"Line":"R101","Tr":2900,"X":"647969.3","Y":"9208800.4","Rotation":90,"NAMOBJ":"Kedungasri","WADMKC":"Kembangbahu","WADMKK":"Lamongan"},"geometry":{"type":"Point","coordinates":[112.3,-7.2]}},{"type":"Feature","properties":{"Line":"R101","Tr":2901,"X":"647981.8","Y":"9208800.3","Rotation":90,"NAMOBJ":"Kedungasri","WADMKC":"Kembangbahu","WADMKK":"Lamongan"},"geometry":{"type":"Point","coordinates":[112.3,-7.2]}},{"type":"Feature","properties":{"Line":"R101","Tr":2902,"X":"647994.3","Y":"9208800.4","Rotation":90,"NAMOBJ":"Kedungasri","WADMKC":"Kembangbahu","WADMKK":"Lamongan"},"geometry":{"type":"Point","coordinates":[112.3,-7.2]}},{"type":"Feature","properties":{"Line":"R101","Tr":2903,"X":"648006.8","Y":"9208800.3","Rotation":90,"NAMOBJ":"Kedungasri","WADMKC":"Kembangbahu","WADMKK":"Lamongan"},"geometry":{"type":"Point","coordinates":[112.3,-7.2]}},{"type":"Feature","properties":{"Line":"R101","Tr":2904,"X":"648019.3","Y":"9208800.4","Rotation":90,"NAMOBJ":"Kedungasri","WADMKC":"Kembangbahu","WADMKK":"Lamongan"},"geometry":{"type":"Point","coordinates":[112.3,-7.2]}},{"type":"Feature","properties":{"Line":"R101","Tr":2905,"X":"648031.8","Y":"9208800.3","Rotation":90,"NAMOBJ":"Kedungasri","WADMKC":"Kembangbahu","WADMKK":"Lamongan"},"geometry":{"type":"Point","coordinates":[112.3,-7.2]}},{"type":"Feature","properties":{"Line":"R101","Tr":2906,"X":"648044.3","Y":"9208800.4","Rotation":90,"NAMOBJ":"Kedungasri","WADMKC":"Kembangbahu","WADMKK":"Lamongan"},"geometry":{"type":"Point","coordinates":[112.3,-7.2]}},{"type":"Feature","properties":{"Line":"R101","Tr":2907,"X":"648056.8","Y":"9208800.3","Rotation":90,"NAMOBJ":"Kedungasri","WADMKC":"Kembangbahu","WADMKK":"Lamongan"},"geometry":{"type":"Point","coordinates":[112.3,-7.2]}},{"type":"Feature","properties":{"Line":"R101","Tr":2908,"X":"648069.3","Y":"9208800.4","Rotation":90,"NAMOBJ":"Kedungasri","WADMKC":"Kembangbahu","WADMKK":"Lamongan"},"geometry":{"type":"Point","coordinates":[112.3,-7.2]}},{"type":"Feature","properties":{"Line":"R101","Tr":2909,"X":"648081.8","Y":"9208800.3","Rotation":90,"NAMOBJ":"Kedungasri","WADMKC":"Kembangbahu","WADMKK":"Lamongan"},"geometry":{"type":"Point","coordinates":[112.3,-7.2]}},{"type":"Feature","properties":{"Line":"R101","Tr":2910,"X":"648094.3","Y":"9208800.4","Rotation":90,"NAMOBJ":"Kedungasri","WADMKC":"Kembangbahu","WADMKK":"Lamongan"},"geometry":{"type":"Point","coordinates":[112.3,-7.2]}},{"type":"Feature","properties":{"Line":"R101","Tr":2911,"X":"648106.8","Y":"9208800.3","Rotation":90,"NAMOBJ":"Kedungasri","WADMKC":"Kembangbahu","WADMKK":"Lamongan"},"geometry":{"type":"Point","coordinates":[112.3,-7.2]}},{"type":"Feature","properties":{"Line":"R101","Tr":2912,"X":"648119.3","Y":"9208800.4","Rotation":90,"NAMOBJ":"Kedungasri","WADMKC":"Kembangbahu","WADMKK":"Lamongan"},"geometry":{"type":"Point","coordinates":[112.3,-7.2]}},{"type":"Feature","properties":{"Line":"R101","Tr":2913,"X":"648131.8","Y":"9208800.3","Rotation":90,"NAMOBJ":"Kedungasri","WADMKC":"Kembangbahu","WADMKK":"Lamongan"},"geometry":{"type":"Point","coordinates":[112.3,-7.2]}},{"type":"Feature","properties":{"Line":"R101","Tr":2914,"X":"648144.3","Y":"9208800.4","Rotation":90,"NAMOBJ":"Kedungasri","WADMKC":"Kembangbahu","WADMKK":"Lamongan"},"geometry":{"type":"Point","coordinates":[112.3,-7.2]}},{"type":"Feature","properties":{"Line":"R101","Tr":2915,"X":"648156.8","Y":"9208800.3","Rotation":90,"NAMOBJ":"Kedungasri","WADMKC":"Kembangbahu","WADMKK":"Lamongan"},"geometry":{"type":"Point","coordinates":[112.3,-7.2]}},{"type":"Feature","properties":{"Line":"R101","Tr":2916,"X":"648169.3","Y":"9208800.4","Rotation":90,"NAMOBJ":"Kedungasri","WADMKC":"Kembangbahu","WADMKK":"Lamongan"},"geometry":{"type":"Point","coordinates":[112.3,-7.2]}},{"type":"Feature","properties":{"Line":"R101","Tr":2917,"X":"648181.8","Y":"9208800.3","Rotation":90,"NAMOBJ":"Kedungasri","WADMKC":"Kembangbahu","WADMKK":"Lamongan"},"geometry":{"type":"Point","coordinates":[112.3,-7.2]}},{"type":"Feature","properties":{"Line":"R101","Tr":2918,"X":"648194.3","Y":"9208800.4","Rotation":90,"NAMOBJ":"Kedungasri","WADMKC":"Kembangbahu","WADMKK":"Lamongan"},"geometry":{"type":"Point","coordinates":[112.3,-7.2]}},{"type":"Feature","properties":{"Line":"R101","Tr":2919,"X":"648206.8","Y":"9208800.3","Rotation":90,"NAMOBJ":"Kedungasri","WADMKC":"Kembangbahu","WADMKK":"Lamongan"},"geometry":{"type":"Point","coordinates":[112.3,-7.2]}},{"type":"Feature","properties":{"Line":"R101","Tr":2920,"X":"648219.3","Y":"9208800.4","Rotation":90,"NAMOBJ":"Kedungasri","WADMKC":"Kembangbahu","WADMKK":"Lamongan"},"geometry":{"type":"Point","coordinates":[112.3,-7.2]}},{"type":"Feature","properties":{"Line":"R101","Tr":2921,"X":"648231.8","Y":"9208800.3","Rotation":90,"NAMOBJ":"Kedungasri","WADMKC":"Kembangbahu","WADMKK":"Lamongan"},"geometry":{"type":"Point","coordinates":[112.3,-7.2]}},{"type":"Feature","properties":{"Line":"R101","Tr":2922,"X":"648244.3","Y":"9208800.4","Rotation":90,"NAMOBJ":"Kedungasri","WADMKC":"Kembangbahu","WADMKK":"Lamongan"},"geometry":{"type":"Point","coordinates":[112.3,-7.2]}},{"type":"Feature","properties":{"Line":"R101","Tr":2923,"X":"648256.8","Y":"9208800.3","Rotation":90,"NAMOBJ":"Kedungasri","WADMKC":"Kembangbahu","WADMKK":"Lamongan"},"geometry":{"type":"Point","coordinates":[112.3,-7.2]}},{"type":"Feature","properties":{"Line":"R101","Tr":2924,"X":"648269.3","Y":"9208800.4","Rotation":90,"NAMOBJ":"Kedungasri","WADMKC":"Kembangbahu","WADMKK":"Lamongan"},"geometry":{"type":"Point","coordinates":[112.3,-7.2]}},{"type":"Feature","properties":{"Line":"R101","Tr":2925,"X":"648281.8","Y":"9208800.3","Rotation":90,"NAMOBJ":"Kedungasri","WADMKC":"Kembangbahu","WADMKK":"Lamongan"},"geometry":{"type":"Point","coordinates":[112.3,-7.2]}},{"type":"Feature","properties":{"Line":"R101","Tr":2926,"X":"648294.3","Y":"9208800.4","Rotation":90,"NAMOBJ":"Kedungasri","WADMKC":"Kembangbahu","WADMKK":"Lamongan"},"geometry":{"type":"Point","coordinates":[112.3,-7.2]}},{"type":"Feature","properties":{"Line":"R101","Tr":2927,"X":"648306.8","Y":"9208800.3","Rotation":90,"NAMOBJ":"Kedungasri","WADMKC":"Kembangbahu","WADMKK":"Lamongan"},"geometry":{"type":"Point","coordinates":[112.3,-7.2]}},{"type":"Feature","properties":{"Line":"R101","Tr":2928,"X":"648319.3","Y":"9208800.4","Rotation":90,"NAMOBJ":"Kedungasri","WADMKC":"Kembangbahu","WADMKK":"Lamongan"},"geometry":{"type":"Point","coordinates":[112.3,-7.2]}},{"type":"Feature","properties":{"Line":"R101","Tr":2929,"X":"648331.8","Y":"9208800.3","Rotation":90,"NAMOBJ":"Kedungasri","WADMKC":"Kembangbahu","WADMKK":"Lamongan"},"geometry":{"type":"Point","coordinates":[112.3,-7.2]}},{"type":"Feature","properties":{"Line":"R101","Tr":2930,"X":"648344.3","Y":"9208800.4","Rotation":90,"NAMOBJ":"Kedungasri","WADMKC":"Kembangbahu","WADMKK":"Lamongan"},"geometry":{"type":"Point","coordinates":[112.3,-7.2]}},{"type":"Feature","properties":{"Line":"R101","Tr":2931,"X":"648356.8","Y":"9208800.3","Rotation":90,"NAMOBJ":"Kedungasri","WADMKC":"Kembangbahu","WADMKK":"Lamongan"},"geometry":{"type":"Point","coordinates":[112.3,-7.2]}},{"type":"Feature","properties":{"Line":"R101","Tr":2932,"X":"648369.3","Y":"9208800.4","Rotation":90,"NAMOBJ":"Kedungasri","WADMKC":"Kembangbahu","WADMKK":"Lamongan"},"geometry":{"type":"Point","coordinates":[112.3,-7.2]}},{"type":"Feature","properties":{"Line":"R101","Tr":2933,"X":"648381.8","Y":"9208800.3","Rotation":90,"NAMOBJ":"Kedungasri","WADMKC":"Kembangbahu","WADMKK":"Lamongan"},"geometry":{"type":"Point","coordinates":[112.3,-7.2]}},{"type":"Feature","properties":{"Line":"R101","Tr":2934,"X":"648394.3","Y":"9208800.4","Rotation":90,"NAMOBJ":"Kedungasri","WADMKC":"Kembangbahu","WADMKK":"Lamongan"},"geometry":{"type":"Point","coordinates":[112.3,-7.2]}},{"type":"Feature","properties":{"Line":"R101","Tr":2935,"X":"648406.8","Y":"9208800.3","Rotation":90,"NAMOBJ":"Kedungasri","WADMKC":"Kembangbahu","WADMKK":"Lamongan"},"geometry":{"type":"Point","coordinates":[112.3,-7.2]}},{"type":"Feature","properties":{"Line":"R101","Tr":2936,"X":"648419.3","Y":"9208800.4","Rotation":90,"NAMOBJ":"Kedungasri","WADMKC":"Kembangbahu","WADMKK":"Lamongan"},"geometry":{"type":"Point","coordinates":[112.3,-7.2]}},{"type":"Feature","properties":{"Line":"R101","Tr":2937,"X":"648431.8","Y":"9208800.3","Rotation":90,"NAMOBJ":"Kedungasri","WADMKC":"Kembangbahu","WADMKK":"Lamongan"},"geometry":{"type":"Point","coordinates":[112.3,-7.2]}},{"type":"Feature","properties":{"Line":"R101","Tr":2938,"X":"648444.3","Y":"9208800.4","Rotation":90,"NAMOBJ":"Kedungasri","WADMKC":"Kembangbahu","WADMKK":"Lamongan"},"geometry":{"type":"Point","coordinates":[112.3,-7.2]}},{"type":"Feature","properties":{"Line":"R101","Tr":2939,"X":"648456.8","Y":"9208800.3","Rotation":90,"NAMOBJ":"Kedungasri","WADMKC":"Kembangbahu","WADMKK":"Lamongan"},"geometry":{"type":"Point","coordinates":[112.3,-7.2]}},{"type":"Feature","properties":{"Line":"R101","Tr":2940,"X":"648469.3","Y":"9208800.4","Rotation":90,"NAMOBJ":"Kedungasri","WADMKC":"Kembangbahu","WADMKK":"Lamongan"},"geometry":{"type":"Point","coordinates":[112.3,-7.2]}},{"type":"Feature","properties":{"Line":"R101","Tr":2941,"X":"648481.8","Y":"9208800.3","Rotation":90,"NAMOBJ":"Kedungasri","WADMKC":"Kembangbahu","WADMKK":"Lamongan"},"geometry":{"type":"Point","coordinates":[112.3,-7.2]}},{"type":"Feature","properties":{"Line":"R101","Tr":2942,"X":"648494.3","Y":"9208800.4","Rotation":90,"NAMOBJ":"Kedungasri","WADMKC":"Kembangbahu","WADMKK":"Lamongan"},"geometry":{"type":"Point","coordinates":[112.3,-7.2]}},{"type":"Feature","properties":{"Line":"R101","Tr":2943,"X":"648506.8","Y":"9208800.3","Rotation":90,"NAMOBJ":"Kedungasri","WADMKC":"Kembangbahu","WADMKK":"Lamongan"},"geometry":{"type":"Point","coordinates":[112.3,-7.2]}},{"type":"Feature","properties":{"Line":"R101","Tr":2944,"X":"648519.3","Y":"9208800.4","Rotation":90,"NAMOBJ":"Kedungasri","WADMKC":"Kembangbahu","WADMKK":"Lamongan"},"geometry":{"type":"Point","coordinates":[112.3,-7.2]}},{"type":"Feature","properties":{"Line":"R101","Tr":2945,"X":"648531.8","Y":"9208800.3","Rotation":90,"NAMOBJ":"Kedungasri","WADMKC":"Kembangbahu","WADMKK":"Lamongan"},"geometry":{"type":"Point","coordinates":[112.3,-7.2]}},{"type":"Feature","properties":{"Line":"R101","Tr":2946,"X":"648544.3","Y":"9208800.4","Rotation":90,"NAMOBJ":"Kedungasri","WADMKC":"Kembangbahu","WADMKK":"Lamongan"},"geometry":{"type":"Point","coordinates":[112.3,-7.2]}},{"type":"Feature","properties":{"Line":"R101","Tr":2947,"X":"648556.8","Y":"9208800.3","Rotation":90,"NAMOBJ":"Kedungasri","WADMKC":"Kembangbahu","WADMKK":"Lamongan"},"geometry":{"type":"Point","coordinates":[112.3,-7.2]}},{"type":"Feature","properties":{"Line":"R101","Tr":2948,"X":"648569.3","Y":"9208800.4","Rotation":90,"NAMOBJ":"Kedungasri","WADMKC":"Kembangbahu","WADMKK":"Lamongan"},"geometry":{"type":"Point","coordinates":[112.3,-7.2]}},{"type":"Feature","properties":{"Line":"R101","Tr":2949,"X":"648581.8","Y":"9208800.3","Rotation":90,"NAMOBJ":"Kedungasri","WADMKC":"Kembangbahu","WADMKK":"Lamongan"},"geometry":{"type":"Point","coordinates":[112.3,-7.2]}},{"type":"Feature","properties":{"Line":"R101","Tr":2950,"X":"648594.3","Y":"9208800.4","Rotation":90,"NAMOBJ":"Kedungasri","WADMKC":"Kembangbahu","WADMKK":"Lamongan"},"geometry":{"type":"Point","coordinates":[112.3,-7.2]}},{"type":"Feature","properties":{"Line":"R101","Tr":2951,"X":"648606.8","Y":"9208800.3","Rotation":90,"NAMOBJ":"Kedungasri","WADMKC":"Kembangbahu","WADMKK":"Lamongan"},"geometry":{"type":"Point","coordinates":[112.3,-7.2]}},{"type":"Feature","properties":{"Line":"R101","Tr":2952,"X":"648619.3","Y":"9208800.4","Rotation":90,"NAMOBJ":"Kedungasri","WADMKC":"Kembangbahu","WADMKK":"Lamongan"},"geometry":{"type":"Point","coordinates":[112.3,-7.2]}},{"type":"Feature","properties":{"Line":"R101","Tr":2953,"X":"648631.8","Y":"9208800.3","Rotation":90,"NAMOBJ":"Kedungasri","WADMKC":"Kembangbahu","WADMKK":"Lamongan"},"geometry":{"type":"Point","coordinates":[112.3,-7.2]}},{"type":"Feature","properties":{"Line":"R101","Tr":2954,"X":"648644.3","Y":"9208800.4","Rotation":90,"NAMOBJ":"Kedungasri","WADMKC":"Kembangbahu","WADMKK":"Lamongan"},"geometry":{"type":"Point","coordinates":[112.3,-7.2]}},{"type":"Feature","properties":{"Line":"R101","Tr":2955,"X":"648656.8","Y":"9208800.3","Rotation":90,"NAMOBJ":"Kedungasri","WADMKC":"Kembangbahu","WADMKK":"Lamongan"},"geometry":{"type":"Point","coordinates":[112.3,-7.2]}},{"type":"Feature","properties":{"Line":"R101","Tr":2956,"X":"648669.3","Y":"9208800.4","Rotation":90,"NAMOBJ":"Kedungasri","WADMKC":"Kembangbahu","WADMKK":"Lamongan"},"geometry":{"type":"Point","coordinates":[112.3,-7.2]}},{"type":"Feature","properties":{"Line":"R101","Tr":2957,"X":"648681.8","Y":"9208800.3","Rotation":90,"NAMOBJ":"Kedungasri","WADMKC":"Kembangbahu","WADMKK":"Lamongan"},"geometry":{"type":"Point","coordinates":[112.3,-7.2]}},{"type":"Feature","properties":{"Line":"R101","Tr":2958,"X":"648694.3","Y":"9208800.4","Rotation":90,"NAMOBJ":"Kedungasri","WADMKC":"Kembangbahu","WADMKK":"Lamongan"},"geometry":{"type":"Point","coordinates":[112.3,-7.2]}},{"type":"Feature","properties":{"Line":"R101","Tr":2959,"X":"648706.8","Y":"9208800.3","Rotation":90,"NAMOBJ":"Kedungasri","WADMKC":"Kembangbahu","WADMKK":"Lamongan"},"geometry":{"type":"Point","coordinates":[112.3,-7.2]}},{"type":"Feature","properties":{"Line":"R101","Tr":2960,"X":"648719.3","Y":"9208800.4","Rotation":90,"NAMOBJ":"Kedungasri","WADMKC":"Kembangbahu","WADMKK":"Lamongan"},"geometry":{"type":"Point","coordinates":[112.3,-7.2]}},{"type":"Feature","properties":{"Line":"R101","Tr":2961,"X":"648731.8","Y":"9208800.3","Rotation":90,"NAMOBJ":"Kedungasri","WADMKC":"Kembangbahu","WADMKK":"Lamongan"},"geometry":{"type":"Point","coordinates":[112.3,-7.2]}},{"type":"Feature","properties":{"Line":"R101","Tr":2962,"X":"648744.3","Y":"9208800.4","Rotation":90,"NAMOBJ":"Kedungasri","WADMKC":"Kembangbahu","WADMKK":"Lamongan"},"geometry":{"type":"Point","coordinates":[112.3,-7.2]}},{"type":"Feature","properties":{"Line":"R101","Tr":2963,"X":"648756.8","Y":"9208800.3","Rotation":90,"NAMOBJ":"Kedungasri","WADMKC":"Kembangbahu","WADMKK":"Lamongan"},"geometry":{"type":"Point","coordinates":[112.3,-7.2]}},{"type":"Feature","properties":{"Line":"R101","Tr":2964,"X":"648769.3","Y":"9208800.4","Rotation":90,"NAMOBJ":"Kedungasri","WADMKC":"Kembangbahu","WADMKK":"Lamongan"},"geometry":{"type":"Point","coordinates":[112.3,-7.2]}},{"type":"Feature","properties":{"Line":"R101","Tr":2965,"X":"648781.8","Y":"9208800.3","Rotation":90,"NAMOBJ":"Kedungasri","WADMKC":"Kembangbahu","WADMKK":"Lamongan"},"geometry":{"type":"Point","coordinates":[112.3,-7.2]}},{"type":"Feature","properties":{"Line":"R101","Tr":2966,"X":"648794.3","Y":"9208800.4","Rotation":90,"NAMOBJ":"Kedungasri","WADMKC":"Kembangbahu","WADMKK":"Lamongan"},"geometry":{"type":"Point","coordinates":[112.3,-7.2]}},{"type":"Feature","properties":{"Line":"R101","Tr":2967,"X":"648806.8","Y":"9208800.3","Rotation":90,"NAMOBJ":"Kedungasri","WADMKC":"Kembangbahu","WADMKK":"Lamongan"},"geometry":{"type":"Point","coordinates":[112.3,-7.2]}},{"type":"Feature","properties":{"Line":"R101","Tr":2968,"X":"648819.3","Y":"9208800.4","Rotation":90,"NAMOBJ":"Kedungasri","WADMKC":"Kembangbahu","WADMKK":"Lamongan"},"geometry":{"type":"Point","coordinates":[112.3,-7.2]}},{"type":"Feature","properties":{"Line":"R101","Tr":2969,"X":"648831.8","Y":"9208800.3","Rotation":90,"NAMOBJ":"Kedungasri","WADMKC":"Kembangbahu","WADMKK":"Lamongan"},"geometry":{"type":"Point","coordinates":[112.3,-7.2]}},{"type":"Feature","properties":{"Line":"R101","Tr":2970,"X":"648844.3","Y":"9208800.4","Rotation":90,"NAMOBJ":"Kedungasri","WADMKC":"Kembangbahu","WADMKK":"Lamongan"},"geometry":{"type":"Point","coordinates":[112.3,-7.2]}},{"type":"Feature","properties":{"Line":"R101","Tr":2971,"X":"648856.8","Y":"9208800.3","Rotation":90,"NAMOBJ":"Kedungasri","WADMKC":"Kembangbahu","WADMKK":"Lamongan"},"geometry":{"type":"Point","coordinates":[112.3,-7.2]}},{"type":"Feature","properties":{"Line":"R101","Tr":2972,"X":"648869.3","Y":"9208800.4","Rotation":90,"NAMOBJ":"Kedungasri","WADMKC":"Kembangbahu","WADMKK":"Lamongan"},"geometry":{"type":"Point","coordinates":[112.3,-7.2]}},{"type":"Feature","properties":{"Line":"R101","Tr":2973,"X":"648881.8","Y":"9208800.3","Rotation":90,"NAMOBJ":"Kedungasri","WADMKC":"Kembangbahu","WADMKK":"Lamongan"},"geometry":{"type":"Point","coordinates":[112.3,-7.2]}},{"type":"Feature","properties":{"Line":"R101","Tr":2974,"X":"648894.3","Y":"9208800.4","Rotation":90,"NAMOBJ":"Kedungasri","WADMKC":"Kembangbahu","WADMKK":"Lamongan"},"geometry":{"type":"Point","coordinates":[112.3,-7.2]}},{"type":"Feature","properties":{"Line":"R101","Tr":2975,"X":"648906.8","Y":"9208800.3","Rotation":90,"NAMOBJ":"Kedungasri","WADMKC":"Kembangbahu","WADMKK":"Lamongan"},"geometry":{"type":"Point","coordinates":[112.3,-7.2]}},{"type":"Feature","properties":{"Line":"R101","Tr":2976,"X":"648919.3","Y":"9208800.4","Rotation":90,"NAMOBJ":"Kedungasri","WADMKC":"Kembangbahu","WADMKK":"Lamongan"},"geometry":{"type":"Point","coordinates":[112.3,-7.2]}},{"type":"Feature","properties":{"Line":"R101","Tr":2977,"X":"648931.8","Y":"9208800.3","Rotation":90,"NAMOBJ":"Kedungasri","WADMKC":"Kembangbahu","WADMKK":"Lamongan"},"geometry":{"type":"Point","coordinates":[112.3,-7.2]}},{"type":"Feature","properties":{"Line":"R101","Tr":2978,"X":"648944.3","Y":"9208800.4","Rotation":90,"NAMOBJ":"Kedungasri","WADMKC":"Kembangbahu","WADMKK":"Lamongan"},"geometry":{"type":"Point","coordinates":[112.3,-7.2]}},{"type":"Feature","properties":{"Line":"R101","Tr":2979,"X":"648956.8","Y":"9208800.3","Rotation":90,"NAMOBJ":"Kedungasri","WADMKC":"Kembangbahu","WADMKK":"Lamongan"},"geometry":{"type":"Point","coordinates":[112.3,-7.2]}},{"type":"Feature","properties":{"Line":"R138","Tr":2421,"X":"648300.5","Y":"9209119.0","Rotation":0,"NAMOBJ":"Kedungasri","WADMKC":"Kembangbahu","WADMKK":"Lamongan"},"geometry":{"type":"Point","coordinates":[112.3,-7.2]}},{"type":"Feature","properties":{"Line":"R138","Tr":2422,"X":"648300.5","Y":"9209106.6","Rotation":0,"NAMOBJ":"Kedungasri","WADMKC":"Kembangbahu","WADMKK":"Lamongan"},"geometry":{"type":"Point","coordinates":[112.3,-7.2]}},{"type":"Feature","properties":{"Line":"R138","Tr":2423,"X":"648300.5","Y":"9209094.0","Rotation":0,"NAMOBJ":"Kedungasri","WADMKC":"Kembangbahu","WADMKK":"Lamongan"},"geometry":{"type":"Point","coordinates":[112.3,-7.2]}},{"type":"Feature","properties":{"Line":"R138","Tr":2424,"X":"648300.5","Y":"9209081.6","Rotation":0,"NAMOBJ":"Kedungasri","WADMKC":"Kembangbahu","WADMKK":"Lamongan"},"geometry":{"type":"Point","coordinates":[112.3,-7.2]}},{"type":"Feature","properties":{"Line":"R138","Tr":2425,"X":"648300.5","Y":"9209069.0","Rotation":0,"NAMOBJ":"Kedungasri","WADMKC":"Kembangbahu","WADMKK":"Lamongan"},"geometry":{"type":"Point","coordinates":[112.3,-7.2]}},{"type":"Feature","properties":{"Line":"R138","Tr":2426,"X":"648300.5","Y":"9209056.6","Rotation":0,"NAMOBJ":"Kedungasri","WADMKC":"Kembangbahu","WADMKK":"Lamongan"},"geometry":{"type":"Point","coordinates":[112.3,-7.2]}},{"type":"Feature","properties":{"Line":"R138","Tr":2427,"X":"648300.5","Y":"9209044.0","Rotation":0,"NAMOBJ":"Kedungasri","WADMKC":"Kembangbahu","WADMKK":"Lamongan"},"geometry":{"type":"Point","coordinates":[112.3,-7.2]}},{"type":"Feature","properties":{"Line":"R138","Tr":2428,"X":"648300.5","Y":"9209031.6","Rotation":0,"NAMOBJ":"Kedungasri","WADMKC":"Kembangbahu","WADMKK":"Lamongan"},"geometry":{"type":"Point","coordinates":[112.3,-7.2]}},{"type":"Feature","properties":{"Line":"R138","Tr":2429,"X":"648300.5","Y":"9209019.0","Rotation":0,"NAMOBJ":"Kedungasri","WADMKC":"Kembangbahu","WADMKK":"Lamongan"},"geometry":{"type":"Point","coordinates":[112.3,-7.2]}},{"type":"Feature","properties":{"Line":"R138","Tr":2430,"X":"648300.5","Y":"9209006.6","Rotation":0,"NAMOBJ":"Kedungasri","WADMKC":"Kembangbahu","WADMKK":"Lamongan"},"geometry":{"type":"Point","coordinates":[112.3,-7.2]}},{"type":"Feature","properties":{"Line":"R138","Tr":2431,"X":"648300.5","Y":"9208994.0","Rotation":0,"NAMOBJ":"Kedungasri","WADMKC":"Kembangbahu","WADMKK":"Lamongan"},"geometry":{"type":"Point","coordinates":[112.3,-7.2]}},{"type":"Feature","properties":{"Line":"R138","Tr":2432,"X":"648300.5","Y":"9208981.6","Rotation":0,"NAMOBJ":"Kedungasri","WADMKC":"Kembangbahu","WADMKK":"Lamongan"},"geometry":{"type":"Point","coordinates":[112.3,-7.2]}},{"type":"Feature","properties":{"Line":"R138","Tr":2433,"X":"648300.5","Y":"9208969.0","Rotation":0,"NAMOBJ":"Kedungasri","WADMKC":"Kembangbahu","WADMKK":"Lamongan"},"geometry":{"type":"Point","coordinates":[112.3,-7.2]}},{"type":"Feature","properties":{"Line":"R138","Tr":2434,"X":"648300.5","Y":"9208956.6","Rotation":0,"NAMOBJ":"Kedungasri","WADMKC":"Kembangbahu","WADMKK":"Lamongan"},"geometry":{"type":"Point","coordinates":[112.3,-7.2]}},{"type":"Feature","properties":{"Line":"R138","Tr":2435,"X":"648300.5","Y":"9208944.0","Rotation":0,"NAMOBJ":"Kedungasri","WADMKC":"Kembangbahu","WADMKK":"Lamongan"},"geometry":{"type":"Point","coordinates":[112.3,-7.2]}},{"type":"Feature","properties":{"Line":"R138","Tr":2436,"X":"648300.5","Y":"9208931.6","Rotation":0,"NAMOBJ":"Kedungasri","WADMKC":"Kembangbahu","WADMKK":"Lamongan"},"geometry":{"type":"Point","coordinates":[112.3,-7.2]}},{"type":"Feature","properties":{"Line":"R138","Tr":2437,"X":"648300.5","Y":"9208919.0","Rotation":0,"NAMOBJ":"Kedungasri","WADMKC":"Kembangbahu","WADMKK":"Lamongan"},"geometry":{"type":"Point","coordinates":[112.3,-7.2]}},{"type":"Feature","properties":{"Line":"R138","Tr":2438,"X":"648300.5","Y":"9208906.6","Rotation":0,"NAMOBJ":"Kedungasri","WADMKC":"Kembangbahu","WADMKK":"Lamongan"},"geometry":{"type":"Point","coordinates":[112.3,-7.2]}},{"type":"Feature","properties":{"Line":"R138","Tr":2439,"X":"648300.5","Y":"9208894.0","Rotation":0,"NAMOBJ":"Kedungasri","WADMKC":"Kembangbahu","WADMKK":"Lamongan"},"geometry":{"type":"Point","coordinates":[112.3,-7.2]}},{"type":"Feature","properties":{"Line":"R138","Tr":2440,"X":"648300.5","Y":"9208881.6","Rotation":0,"NAMOBJ":"Kedungasri","WADMKC":"Kembangbahu","WADMKK":"Lamongan"},"geometry":{"type":"Point","coordinates":[112.3,-7.2]}},{"type":"Feature","properties":{"Line":"R138","Tr":2441,"X":"648300.5","Y":"9208869.0","Rotation":0,"NAMOBJ":"Kedungasri","WADMKC":"Kembangbahu","WADMKK":"Lamongan"},"geometry":{"type":"Point","coordinates":[112.3,-7.2]}},{"type":"Feature","properties":{"Line":"R138","Tr":2442,"X":"648300.5","Y":"9208856.6","Rotation":0,"NAMOBJ":"Kedungasri","WADMKC":"Kembangbahu","WADMKK":"Lamongan"},"geometry":{"type":"Point","coordinates":[112.3,-7.2]}},{"type":"Feature","properties":{"Line":"R138","Tr":2443,"X":"648300.5","Y":"9208844.0","Rotation":0,"NAMOBJ":"Kedungasri","WADMKC":"Kembangbahu","WADMKK":"Lamongan"},"geometry":{"type":"Point","coordinates":[112.3,-7.2]}},{"type":"Feature","properties":{"Line":"R138","Tr":2444,"X":"648300.5","Y":"9208831.6","Rotation":0,"NAMOBJ":"Kedungasri","WADMKC":"Kembangbahu","WADMKK":"Lamongan"},"geometry":{"type":"Point","coordinates":[112.3,-7.2]}},{"type":"Feature","properties":{"Line":"R138","Tr":2445,"X":"648300.5","Y":"9208819.0","Rotation":0,"NAMOBJ":"Kedungasri","WADMKC":"Kembangbahu","WADMKK":"Lamongan"},"geometry":{"type":"Point","coordinates":[112.3,-7.2]}},{"type":"Feature","properties":{"Line":"R138","Tr":2446,"X":"648300.5","Y":"9208806.6","Rotation":0,"NAMOBJ":"Kedungasri","WADMKC":"Kembangbahu","WADMKK":"Lamongan"},"geometry":{"type":"Point","coordinates":[112.3,-7.2]}},{"type":"Feature","properties":{"Line":"R138","Tr":2447,"X":"648300.5","Y":"9208794.0","Rotation":0,"NAMOBJ":"Kedungasri","WADMKC":"Kembangbahu","WADMKK":"Lamongan"},"geometry":{"type":"Point","coordinates":[112.3,-7.2]}},{"type":"Feature","properties":{"Line":"R138","Tr":2448,"X":"648300.5","Y":"9208781.5","Rotation":0,"NAMOBJ":"Kedungasri","WADMKC":"Kembangbahu","WADMKK":"Lamongan"},"geometry":{"type":"Point","coordinates":[112.3,-7.2]}},{"type":"Feature","properties":{"Line":"R138","Tr":2449,"X":"648300.5","Y":"9208769.0","Rotation":0,"NAMOBJ":"Kedungasri","WADMKC":"Kembangbahu","WADMKK":"Lamongan"},"geometry":{"type":"Point","coordinates":[112.3,-7.2]}},{"type":"Feature","properties":{"Line":"R138","Tr":2450,"X":"648300.5","Y":"9208756.5","Rotation":0,"NAMOBJ":"Kedungasri","WADMKC":"Kembangbahu","WADMKK":"Lamongan"},"geometry":{"type":"Point","coordinates":[112.3,-7.2]}},{"type":"Feature","properties":{"Line":"R138","Tr":2451,"X":"648300.5","Y":"9208744.0","Rotation":0,"NAMOBJ":"Kedungasri","WADMKC":"Kembangbahu","WADMKK":"Lamongan"},"geometry":{"type":"Point","coordinates":[112.3,-7.2]}},{"type":"Feature","properties":{"Line":"R138","Tr":2452,"X":"648300.5","Y":"9208731.5","Rotation":0,"NAMOBJ":"Kedungasri","WADMKC":"Kembangbahu","WADMKK":"Lamongan"},"geometry":{"type":"Point","coordinates":[112.3,-7.2]}},{"type":"Feature","properties":{"Line":"R138","Tr":2453,"X":"648300.5","Y":"9208719.0","Rotation":0,"NAMOBJ":"Kedungasri","WADMKC":"Kembangbahu","WADMKK":"Lamongan"},"geometry":{"type":"Point","coordinates":[112.3,-7.2]}},{"type":"Feature","properties":{"Line":"R138","Tr":2454,"X":"648300.5","Y":"9208706.5","Rotation":0,"NAMOBJ":"Kedungasri","WADMKC":"Kembangbahu","WADMKK":"Lamongan"},"geometry":{"type":"Point","coordinates":[112.3,-7.2]}},{"type":"Feature","properties":{"Line":"R138","Tr":2455,"X":"648300.5","Y":"9208694.0","Rotation":0,"NAMOBJ":"Kedungasri","WADMKC":"Kembangbahu","WADMKK":"Lamongan"},"geometry":{"type":"Point","coordinates":[112.3,-7.2]}},{"type":"Feature","properties":{"Line":"R138","Tr":2456,"X":"648300.5","Y":"9208681.5","Rotation":0,"NAMOBJ":"Kedungasri","WADMKC":"Kembangbahu","WADMKK":"Lamongan"},"geometry":{"type":"Point","coordinates":[112.3,-7.2]}},{"type":"Feature","properties":{"Line":"R138","Tr":2457,"X":"648300.5","Y":"9208669.0","Rotation":0,"NAMOBJ":"Kedungasri","WADMKC":"Kembangbahu","WADMKK":"Lamongan"},"geometry":{"type":"Point","coordinates":[112.3,-7.2]}},{"type":"Feature","properties":{"Line":"R138","Tr":2458,"X":"648300.5","Y":"9208656.5","Rotation":0,"NAMOBJ":"Kedungasri","WADMKC":"Kembangbahu","WADMKK":"Lamongan"},"geometry":{"type":"Point","coordinates":[112.3,-7.2]}},{"type":"Feature","properties":{"Line":"R138","Tr":2459,"X":"648300.5","Y":"9208644.0","Rotation":0,"NAMOBJ":"Kedungasri","WADMKC":"Kembangbahu","WADMKK":"Lamongan"},"geometry":{"type":"Point","coordinates":[112.3,-7.2]}},{"type":"Feature","properties":{"Line":"R138","Tr":2460,"X":"648300.5","Y":"9208631.5","Rotation":0,"NAMOBJ":"Kedungasri","WADMKC":"Kembangbahu","WADMKK":"Lamongan"},"geometry":{"type":"Point","coordinates":[112.3,-7.2]}},{"type":"Feature","properties":{"Line":"R138","Tr":2461,"X":"648300.5","Y":"9208619.0","Rotation":0,"NAMOBJ":"Kedungasri","WADMKC":"Kembangbahu","WADMKK":"Lamongan"},"geometry":{"type":"Point","coordinates":[112.3,-7.2]}},{"type":"Feature","properties":{"Line":"R138","Tr":2462,"X":"648300.5","Y":"9208606.5","Rotation":0,"NAMOBJ":"Kedungasri","WADMKC":"Kembangbahu","WADMKK":"Lamongan"},"geometry":{"type":"Point","coordinates":[112.3,-7.2]}},{"type":"Feature","properties":{"Line":"R138","Tr":2463,"X":"648300.5","Y":"9208594.0","Rotation":0,"NAMOBJ":"Kedungasri","WADMKC":"Kembangbahu","WADMKK":"Lamongan"},"geometry":{"type":"Point","coordinates":[112.3,-7.2]}},{"type":"Feature","properties":{"Line":"R138","Tr":2464,"X":"648300.5","Y":"9208581.5","Rotation":0,"NAMOBJ":"Kedungasri","WADMKC":"Kembangbahu","WADMKK":"Lamongan"},"geometry":{"type":"Point","coordinates":[112.3,-7.2]}},{"type":"Feature","properties":{"Line":"R138","Tr":2465,"X":"648300.5","Y":"9208569.0","Rotation":0,"NAMOBJ":"Kedungasri","WADMKC":"Kembangbahu","WADMKK":"Lamongan"},"geometry":{"type":"Point","coordinates":[112.3,-7.2]}},{"type":"Feature","properties":{"Line":"R138","Tr":2466,"X":"648300.5","Y":"9208556.5","Rotation":0,"NAMOBJ":"Kedungasri","WADMKC":"Kembangbahu","WADMKK":"Lamongan"},"geometry":{"type":"Point","coordinates":[112.3,-7.2]}},{"type":"Feature","properties":{"Line":"R138","Tr":2467,"X":"648300.5","Y":"9208544.0","Rotation":0,"NAMOBJ":"Kedungasri","WADMKC":"Kembangbahu","WADMKK":"Lamongan"},"geometry":{"type":"Point","coordinates":[112.3,-7.2]}},{"type":"Feature","properties":{"Line":"R138","Tr":2468,"X":"648300.5","Y":"9208531.5","Rotation":0,"NAMOBJ":"Kedungasri","WADMKC":"Kembangbahu","WADMKK":"Lamongan"},"geometry":{"type":"Point","coordinates":[112.3,-7.2]}},{"type":"Feature","properties":{"Line":"R138","Tr":2469,"X":"648300.5","Y":"9208519.0","Rotation":0,"NAMOBJ":"Kedungasri","WADMKC":"Kembangbahu","WADMKK":"Lamongan"},"geometry":{"type":"Point","coordinates":[112.3,-7.2]}},{"type":"Feature","properties":{"Line":"R138","Tr":2470,"X":"648300.5","Y":"9208506.5","Rotation":0,"NAMOBJ":"Kedungasri","WADMKC":"Kembangbahu","WADMKK":"Lamongan"},"geometry":{"type":"Point","coordinates":[112.3,-7.2]}},{"type":"Feature","properties":{"Line":"R138","Tr":2471,"X":"648300.5","Y":"9208494.0","Rotation":0,"NAMOBJ":"Kedungasri","WADMKC":"Kembangbahu","WADMKK":"Lamongan"},"geometry":{"type":"Point","coordinates":[112.3,-7.2]}},{"type":"Feature","properties":{"Line":"R138","Tr":2472,"X":"648300.5","Y":"9208481.5","Rotation":0,"NAMOBJ":"Kedungasri","WADMKC":"Kembangbahu","WADMKK":"Lamongan"},"geometry":{"type":"Point","coordinates":[112.3,-7.2]}},{"type":"Feature","properties":{"Line":"R138","Tr":2473,"X":"648300.5","Y":"9208469.0","Rotation":0,"NAMOBJ":"Kedungasri","WADMKC":"Kembangbahu","WADMKK":"Lamongan"},"geometry":{"type":"Point","coordinates":[112.3,-7.2]}},{"type":"Feature","properties":{"Line":"R138","Tr":2474,"X":"648300.5","Y":"9208456.5","Rotation":0,"NAMOBJ":"Kedungasri","WADMKC":"Kembangbahu","WADMKK":"Lamongan"},"geometry":{"type":"Point","coordinates":[112.3,-7.2]}},{"type":"Feature","properties":{"Line":"R138","Tr":2475,"X":"648300.5","Y":"9208444.0","Rotation":0,"NAMOBJ":"Kedungasri","WADMKC":"Kembangbahu","WADMKK":"Lamongan"},"geometry":{"type":"Point","coordinates":[112.3,-7.2]}},{"type":"Feature","properties":{"Line":"R138","Tr":2476,"X":"648300.5","Y":"9208431.5","Rotation":0,"NAMOBJ":"Kedungasri","WADMKC":"Kembangbahu","WADMKK":"Lamongan"},"geometry":{"type":"Point","coordinates":[112.3,-7.2]}},{"type":"Feature","properties":{"Line":"R138","Tr":2477,"X":"648300.5","Y":"9208419.0","Rotation":0,"NAMOBJ":"Kedungasri","WADMKC":"Kembangbahu","WADMKK":"Lamongan"},"geometry":{"type":"Point","coordinates":[112.3,-7.2]}},{"type":"Feature","properties":{"Line":"R138","Tr":2478,"X":"648300.5","Y":"9208406.5","Rotation":0,"NAMOBJ":"Kedungasri","WADMKC":"Kembangbahu","WADMKK":"Lamongan"},"geometry":{"type":"Point","coordinates":[112.3,-7.2]}},{"type":"Feature","properties":{"Line":"R138","Tr":2479,"X":"648300.5","Y":"9208394.0","Rotation":0,"NAMOBJ":"Kedungasri","WADMKC":"Kembangbahu","WADMKK":"Lamongan"},"geometry":{"type":"Point","coordinates":[112.3,-7.2]}},{"type":"Feature","properties":{"Line":"R138","Tr":2480,"X":"648300.5","Y":"9208381.5","Rotation":0,"NAMOBJ":"Kedungasri","WADMKC":"Kembangbahu","WADMKK":"Lamongan"},"geometry":{"type":"Point","coordinates":[112.3,-7.2]}},{"type":"Feature","properties":{"Line":"R138","Tr":2481,"X":"648300.5","Y":"9208369.0","Rotation":0,"NAMOBJ":"Kedungasri","WADMKC":"Kembangbahu","WADMKK":"Lamongan"},"geometry":{"type":"Point","coordinates":[112.3,-7.2]}},{"type":"Feature","properties":{"Line":"R138","Tr":2482,"X":"648300.5","Y":"9208356.5","Rotation":0,"NAMOBJ":"Kedungasri","WADMKC":"Kembangbahu","WADMKK":"Lamongan"},"geometry":{"type":"Point","coordinates":[112.3,-7.2]}},{"type":"Feature","properties":{"Line":"R138","Tr":2483,"X":"648300.5","Y":"9208344.0","Rotation":0,"NAMOBJ":"Kedungasri","WADMKC":"Kembangbahu","WADMKK":"Lamongan"},"geometry":{"type":"Point","coordinates":[112.3,-7.2]}},{"type":"Feature","properties":{"Line":"R138","Tr":2484,"X":"648300.5","Y":"9208331.5","Rotation":0,"NAMOBJ":"Kedungasri","WADMKC":"Kembangbahu","WADMKK":"Lamongan"},"geometry":{"type":"Point","coordinates":[112.3,-7.2]}},{"type":"Feature","properties":{"Line":"R138","Tr":2485,"X":"648300.5","Y":"9208319.0","Rotation":0,"NAMOBJ":"Kedungasri","WADMKC":"Kembangbahu","WADMKK":"Lamongan"},"geometry":{"type":"Point","coordinates":[112.3,-7.2]}},{"type":"Feature","properties":{"Line":"R138","Tr":2486,"X":"648300.5","Y":"9208306.5","Rotation":0,"NAMOBJ":"Kedungasri","WADMKC":"Kembangbahu","WADMKK":"Lamongan"},"geometry":{"type":"Point","coordinates":[112.3,-7.2]}},{"type":"Feature","properties":{"Line":"R138","Tr":2487,"X":"648300.5","Y":"9208294.0","Rotation":0,"NAMOBJ":"Kedungasri","WADMKC":"Kembangbahu","WADMKK":"Lamongan"},"geometry":{"type":"Point","coordinates":[112.3,-7.2]}},{"type":"Feature","properties":{"Line":"R138","Tr":2488,"X":"648300.5","Y":"9208281.5","Rotation":0,"NAMOBJ":"Kedungasri","WADMKC":"Kembangbahu","WADMKK":"Lamongan"},"geometry":{"type":"Point","coordinates":[112.3,-7.2]}},{"type":"Feature","properties":{"Line":"R138","Tr":2489,"X":"648300.5","Y":"9208269.0","Rotation":0,"NAMOBJ":"Kedungasri","WADMKC":"Kembangbahu","WADMKK":"Lamongan"},"geometry":{"type":"Point","coordinates":[112.3,-7.2]}},{"type":"Feature","properties":{"Line":"R138","Tr":2490,"X":"648300.5","Y":"9208256.5","Rotation":0,"NAMOBJ":"Kedungasri","WADMKC":"Kembangbahu","WADMKK":"Lamongan"},"geometry":{"type":"Point","coordinates":[112.3,-7.2]}},{"type":"Feature","properties":{"Line":"R138","Tr":2491,"X":"648300.5","Y":"9208244.0","Rotation":0,"NAMOBJ":"Kedungasri","WADMKC":"Kembangbahu","WADMKK":"Lamongan"},"geometry":{"type":"Point","coordinates":[112.3,-7.2]}},{"type":"Feature","properties":{"Line":"R138","Tr":2492,"X":"648300.5","Y":"9208231.5","Rotation":0,"NAMOBJ":"Kedungasri","WADMKC":"Kembangbahu","WADMKK":"Lamongan"},"geometry":{"type":"Point","coordinates":[112.3,-7.2]}},{"type":"Feature","properties":{"Line":"R138","Tr":2493,"X":"648300.5","Y":"9208219.0","Rotation":0,"NAMOBJ":"Kedungasri","WADMKC":"Kembangbahu","WADMKK":"Lamongan"},"geometry":{"type":"Point","coordinates":[112.3,-7.2]}},{"type":"Feature","properties":{"Line":"R138","Tr":2494,"X":"648300.5","Y":"9208206.5","Rotation":0,"NAMOBJ":"Kedungasri","WADMKC":"Kembangbahu","WADMKK":"Lamongan"},"geometry":{"type":"Point","coordinates":[112.3,-7.2]}},{"type":"Feature","properties":{"Line":"R138","Tr":2495,"X":"648300.5","Y":"9208194.0","Rotation":0,"NAMOBJ":"Kedungasri","WADMKC":"Kembangbahu","WADMKK":"Lamongan"},"geometry":{"type":"Point","coordinates":[112.3,-7.2]}},{"type":"Feature","properties":{"Line":"R138","Tr":2496,"X":"648300.5","Y":"9208181.5","Rotation":0,"NAMOBJ":"Kedungasri","WADMKC":"Kembangbahu","WADMKK":"Lamongan"},"geometry":{"type":"Point","coordinates":[112.3,-7.2]}},{"type":"Feature","properties":{"Line":"R138","Tr":2497,"X":"648300.5","Y":"9208169.0","Rotation":0,"NAMOBJ":"Kedungasri","WADMKC":"Kembangbahu","WADMKK":"Lamongan"},"geometry":{"type":"Point","coordinates":[112.3,-7.2]}},{"type":"Feature","properties":{"Line":"R138","Tr":2498,"X":"648300.5","Y":"9208156.5","Rotation":0,"NAMOBJ":"Kedungasri","WADMKC":"Kembangbahu","WADMKK":"Lamongan"},"geometry":{"type":"Point","coordinates":[112.3,-7.2]}},{"type":"Feature","properties":{"Line":"R138","Tr":2499,"X":"648300.5","Y":"9208144.0","Rotation":0,"NAMOBJ":"Kedungasri","WADMKC":"Kembangbahu","WADMKK":"Lamongan"},"geometry":{"type":"Point","coordinates":[112.3,-7.2]}},{"type":"Feature","properties":{"Line":"R138","Tr":2500,"X":"648300.5","Y":"9208131.5","Rotation":0,"NAMOBJ":"Kedungasri","WADMKC":"Kembangbahu","WADMKK":"Lamongan"},"geometry":{"type":"Point","coordinates":[112.3,-7.2]}},{"type":"Feature","properties":{"Line":"R138","Tr":2501,"X":"648300.5","Y":"9208119.0","Rotation":0,"NAMOBJ":"Kedungasri","WADMKC":"Kembangbahu","WADMKK":"Lamongan"},"geometry":{"type":"Point","coordinates":[112.3,-7.2]}},{"type":"Feature","properties":{"Line":"R138","Tr":2502,"X":"648300.5","Y":"9208106.5","Rotation":0,"NAMOBJ":"Kedungasri","WADMKC":"Kembangbahu","WADMKK":"Lamongan"},"geometry":{"type":"Point","coordinates":[112.3,-7.2]}},{"type":"Feature","properties":{"Line":"R138","Tr":2503,"X":"648300.5","Y":"9208094.0","Rotation":0,"NAMOBJ":"Kedungasri","WADMKC":"Kembangbahu","WADMKK":"Lamongan"},"geometry":{"type":"Point","coordinates":[112.3,-7.2]}},{"type":"Feature","properties":{"Line":"R138","Tr":2504,"X":"648300.5","Y":"9208081.5","Rotation":0,"NAMOBJ":"Kedungasri","WADMKC":"Kembangbahu","WADMKK":"Lamongan"},"geometry":{"type":"Point","coordinates":[112.3,-7.2]}},{"type":"Feature","properties":{"Line":"R138","Tr":2505,"X":"648300.5","Y":"9208069.0","Rotation":0,"NAMOBJ":"Kedungasri","WADMKC":"Kembangbahu","WADMKK":"Lamongan"},"geometry":{"type":"Point","coordinates":[112.3,-7.2]}},{"type":"Feature","properties":{"Line":"R138","Tr":2506,"X":"648300.5","Y":"9208056.5","Rotation":0,"NAMOBJ":"Kedungasri","WADMKC":"Kembangbahu","WADMKK":"Lamongan"},"geometry":{"type":"Point","coordinates":[112.3,-7.2]}},{"type":"Feature","properties":{"Line":"R138","Tr":2507,"X":"648300.5","Y":"9208044.0","Rotation":0,"NAMOBJ":"Kedungasri","WADMKC":"Kembangbahu","WADMKK":"Lamongan"},"geometry":{"type":"Point","coordinates":[112.3,-7.2]}},{"type":"Feature","properties":{"Line":"R138","Tr":2508,"X":"648300.5","Y":"9208031.5","Rotation":0,"NAMOBJ":"Kedungasri","WADMKC":"Kembangbahu","WADMKK":"Lamongan"},"geometry":{"type":"Point","coordinates":[112.3,-7.2]}},{"type":"Feature","properties":{"Line":"R138","Tr":2509,"X":"648300.5","Y":"9208019.0","Rotation":0,"NAMOBJ":"Kedungasri","WADMKC":"Kembangbahu","WADMKK":"Lamongan"},"geometry":{"type":"Point","coordinates":[112.3,-7.2]}},{"type":"Feature","properties":{"Line":"R138","Tr":2510,"X":"648300.5","Y":"9208006.5","Rotation":0,"NAMOBJ":"Kedungasri","WADMKC":"Kembangbahu","WADMKK":"Lamongan"},"geometry":{"type":"Point","coordinates":[112.3,-7.2]}},{"type":"Feature","properties":{"Line":"R138","Tr":2511,"X":"648300.5","Y":"9207994.0","Rotation":0,"NAMOBJ":"Kedungasri","WADMKC":"Kembangbahu","WADMKK":"Lamongan"},"geometry":{"type":"Point","coordinates":[112.3,-7.2]}},{"type":"Feature","properties":{"Line":"R138","Tr":2512,"X":"648300.5","Y":"9207981.5","Rotation":0,"NAMOBJ":"Kedungasri","WADMKC":"Kembangbahu","WADMKK":"Lamongan"},"geometry":{"type":"Point","coordinates":[112.3,-7.2]}},{"type":"Feature","properties":{"Line":"R138","Tr":2513,"X":"648300.5","Y":"9207969.0","Rotation":0,"NAMOBJ":"Kedungasri","WADMKC":"Kembangbahu","WADMKK":"Lamongan"},"geometry":{"type":"Point","coordinates":[112.3,-7.2]}},{"type":"Feature","properties":{"Line":"R138","Tr":2514,"X":"648300.5","Y":"9207956.5","Rotation":0,"NAMOBJ":"Kedungasri","WADMKC":"Kembangbahu","WADMKK":"Lamongan"},"geometry":{"type":"Point","coordinates":[112.3,-7.2]}},{"type":"Feature","properties":{"Line":"R138","Tr":2515,"X":"648300.5","Y":"9207944.0","Rotation":0,"NAMOBJ":"Kedungasri","WADMKC":"Kembangbahu","WADMKK":"Lamongan"},"geometry":{"type":"Point","coordinates":[112.3,-7.2]}},{"type":"Feature","properties":{"Line":"R138","Tr":2516,"X":"648300.5","Y":"9207931.5","Rotation":0,"NAMOBJ":"Kedungasri","WADMKC":"Kembangbahu","WADMKK":"Lamongan"},"geometry":{"type":"Point","coordinates":[112.3,-7.2]}},{"type":"Feature","properties":{"Line":"R138","Tr":2517,"X":"648300.5","Y":"9207919.0","Rotation":0,"NAMOBJ":"Kedungasri","WADMKC":"Kembangbahu","WADMKK":"Lamongan"},"geometry":{"type":"Point","coordinates":[112.3,-7.2]}},{"type":"Feature","properties":{"Line":"R134","Tr":2590,"X":"646300.5","Y":"9207006.5","Rotation":0,"NAMOBJ":"Kedungmegarih","WADMKC":"Kembangbahu","WADMKK":"Lamongan"},"geometry":{"type":"Point","coordinates":[112.3,-7.2]}},{"type":"Feature","properties":{"Line":"R134","Tr":2591,"X":"646300.5","Y":"9206994.0","Rotation":0,"NAMOBJ":"Kedungmegarih","WADMKC":"Kembangbahu","WADMKK":"Lamongan"},"geometry":{"type":"Point","coordinates":[112.3,-7.2]}},{"type":"Feature","properties":{"Line":"R134","Tr":2592,"X":"646300.5","Y":"9206981.5","Rotation":0,"NAMOBJ":"Kedungmegarih","WADMKC":"Kembangbahu","WADMKK":"Lamongan"},"geometry":{"type":"Point","coordinates":[112.3,-7.2]}},{"type":"Feature","properties":{"Line":"R134","Tr":2593,"X":"646300.5","Y":"9206969.0","Rotation":0,"NAMOBJ":"Kedungmegarih","WADMKC":"Kembangbahu","WADMKK":"Lamongan"},"geometry":{"type":"Point","coordinates":[112.3,-7.2]}},{"type":"Feature","properties":{"Line":"R134","Tr":2594,"X":"646300.5","Y":"9206956.5","Rotation":0,"NAMOBJ":"Kedungmegarih","WADMKC":"Kembangbahu","WADMKK":"Lamongan"},"geometry":{"type":"Point","coordinates":[112.3,-7.2]}},{"type":"Feature","properties":{"Line":"R134","Tr":2595,"X":"646300.5","Y":"9206944.0","Rotation":0,"NAMOBJ":"Kedungmegarih","WADMKC":"Kembangbahu","WADMKK":"Lamongan"},"geometry":{"type":"Point","coordinates":[112.3,-7.2]}},{"type":"Feature","properties":{"Line":"R134","Tr":2596,"X":"646300.5","Y":"9206931.5","Rotation":0,"NAMOBJ":"Kedungmegarih","WADMKC":"Kembangbahu","WADMKK":"Lamongan"},"geometry":{"type":"Point","coordinates":[112.3,-7.2]}},{"type":"Feature","properties":{"Line":"R134","Tr":2597,"X":"646300.5","Y":"9206919.0","Rotation":0,"NAMOBJ":"Kedungmegarih","WADMKC":"Kembangbahu","WADMKK":"Lamongan"},"geometry":{"type":"Point","coordinates":[112.3,-7.2]}},{"type":"Feature","properties":{"Line":"R134","Tr":2598,"X":"646300.5","Y":"9206906.5","Rotation":0,"NAMOBJ":"Kedungmegarih","WADMKC":"Kembangbahu","WADMKK":"Lamongan"},"geometry":{"type":"Point","coordinates":[112.3,-7.2]}},{"type":"Feature","properties":{"Line":"R134","Tr":2599,"X":"646300.5","Y":"9206894.0","Rotation":0,"NAMOBJ":"Kedungmegarih","WADMKC":"Kembangbahu","WADMKK":"Lamongan"},"geometry":{"type":"Point","coordinates":[112.3,-7.2]}},{"type":"Feature","properties":{"Line":"R134","Tr":2600,"X":"646300.5","Y":"9206881.5","Rotation":0,"NAMOBJ":"Kedungmegarih","WADMKC":"Kembangbahu","WADMKK":"Lamongan"},"geometry":{"type":"Point","coordinates":[112.3,-7.2]}},{"type":"Feature","properties":{"Line":"R134","Tr":2601,"X":"646300.5","Y":"9206869.0","Rotation":0,"NAMOBJ":"Kedungmegarih","WADMKC":"Kembangbahu","WADMKK":"Lamongan"},"geometry":{"type":"Point","coordinates":[112.3,-7.2]}},{"type":"Feature","properties":{"Line":"R134","Tr":2602,"X":"646300.5","Y":"9206856.5","Rotation":0,"NAMOBJ":"Kedungmegarih","WADMKC":"Kembangbahu","WADMKK":"Lamongan"},"geometry":{"type":"Point","coordinates":[112.3,-7.2]}},{"type":"Feature","properties":{"Line":"R134","Tr":2603,"X":"646300.5","Y":"9206844.0","Rotation":0,"NAMOBJ":"Kedungmegarih","WADMKC":"Kembangbahu","WADMKK":"Lamongan"},"geometry":{"type":"Point","coordinates":[112.3,-7.2]}},{"type":"Feature","properties":{"Line":"R134","Tr":2604,"X":"646300.5","Y":"9206831.5","Rotation":0,"NAMOBJ":"Kedungmegarih","WADMKC":"Kembangbahu","WADMKK":"Lamongan"},"geometry":{"type":"Point","coordinates":[112.3,-7.2]}},{"type":"Feature","properties":{"Line":"R134","Tr":2605,"X":"646300.5","Y":"9206819.0","Rotation":0,"NAMOBJ":"Kedungmegarih","WADMKC":"Kembangbahu","WADMKK":"Lamongan"},"geometry":{"type":"Point","coordinates":[112.3,-7.2]}},{"type":"Feature","properties":{"Line":"R134","Tr":2606,"X":"646300.5","Y":"9206806.5","Rotation":0,"NAMOBJ":"Kedungmegarih","WADMKC":"Kembangbahu","WADMKK":"Lamongan"},"geometry":{"type":"Point","coordinates":[112.3,-7.2]}},{"type":"Feature","properties":{"Line":"R134","Tr":2607,"X":"646300.5","Y":"9206794.0","Rotation":0,"NAMOBJ":"Kedungmegarih","WADMKC":"Kembangbahu","WADMKK":"Lamongan"},"geometry":{"type":"Point","coordinates":[112.3,-7.2]}},{"type":"Feature","properties":{"Line":"R134","Tr":2608,"X":"646300.5","Y":"9206781.5","Rotation":0,"NAMOBJ":"Kedungmegarih","WADMKC":"Kembangbahu","WADMKK":"Lamongan"},"geometry":{"type":"Point","coordinates":[112.3,-7.2]}},{"type":"Feature","properties":{"Line":"R134","Tr":2609,"X":"646300.5","Y":"9206769.0","Rotation":0,"NAMOBJ":"Kedungmegarih","WADMKC":"Kembangbahu","WADMKK":"Lamongan"},"geometry":{"type":"Point","coordinates":[112.3,-7.2]}},{"type":"Feature","properties":{"Line":"R134","Tr":2610,"X":"646300.5","Y":"9206756.5","Rotation":0,"NAMOBJ":"Kedungmegarih","WADMKC":"Kembangbahu","WADMKK":"Lamongan"},"geometry":{"type":"Point","coordinates":[112.3,-7.2]}},{"type":"Feature","properties":{"Line":"R134","Tr":2611,"X":"646300.5","Y":"9206744.0","Rotation":0,"NAMOBJ":"Kedungmegarih","WADMKC":"Kembangbahu","WADMKK":"Lamongan"},"geometry":{"type":"Point","coordinates":[112.3,-7.2]}},{"type":"Feature","properties":{"Line":"R134","Tr":2612,"X":"646300.5","Y":"9206731.5","Rotation":0,"NAMOBJ":"Kedungmegarih","WADMKC":"Kembangbahu","WADMKK":"Lamongan"},"geometry":{"type":"Point","coordinates":[112.3,-7.2]}},{"type":"Feature","properties":{"Line":"R134","Tr":2613,"X":"646300.5","Y":"9206719.0","Rotation":0,"NAMOBJ":"Kedungmegarih","WADMKC":"Kembangbahu","WADMKK":"Lamongan"},"geometry":{"type":"Point","coordinates":[112.3,-7.2]}},{"type":"Feature","properties":{"Line":"R134","Tr":2614,"X":"646300.5","Y":"9206706.5","Rotation":0,"NAMOBJ":"Kedungmegarih","WADMKC":"Kembangbahu","WADMKK":"Lamongan"},"geometry":{"type":"Point","coordinates":[112.3,-7.2]}},{"type":"Feature","properties":{"Line":"R134","Tr":2615,"X":"646300.5","Y":"9206694.0","Rotation":0,"NAMOBJ":"Kedungmegarih","WADMKC":"Kembangbahu","WADMKK":"Lamongan"},"geometry":{"type":"Point","coordinates":[112.3,-7.2]}},{"type":"Feature","properties":{"Line":"R134","Tr":2616,"X":"646300.5","Y":"9206681.5","Rotation":0,"NAMOBJ":"Kedungmegarih","WADMKC":"Kembangbahu","WADMKK":"Lamongan"},"geometry":{"type":"Point","coordinates":[112.3,-7.2]}},{"type":"Feature","properties":{"Line":"R134","Tr":2617,"X":"646300.5","Y":"9206669.0","Rotation":0,"NAMOBJ":"Kedungmegarih","WADMKC":"Kembangbahu","WADMKK":"Lamongan"},"geometry":{"type":"Point","coordinates":[112.3,-7.2]}},{"type":"Feature","properties":{"Line":"R134","Tr":2618,"X":"646300.5","Y":"9206656.5","Rotation":0,"NAMOBJ":"Kedungmegarih","WADMKC":"Kembangbahu","WADMKK":"Lamongan"},"geometry":{"type":"Point","coordinates":[112.3,-7.2]}},{"type":"Feature","properties":{"Line":"R134","Tr":2619,"X":"646300.5","Y":"9206644.0","Rotation":0,"NAMOBJ":"Kedungmegarih","WADMKC":"Kembangbahu","WADMKK":"Lamongan"},"geometry":{"type":"Point","coordinates":[112.3,-7.2]}},{"type":"Feature","properties":{"Line":"R134","Tr":2620,"X":"646300.5","Y":"9206631.5","Rotation":0,"NAMOBJ":"Kedungmegarih","WADMKC":"Kembangbahu","WADMKK":"Lamongan"},"geometry":{"type":"Point","coordinates":[112.3,-7.2]}},{"type":"Feature","properties":{"Line":"R134","Tr":2621,"X":"646300.5","Y":"9206619.0","Rotation":0,"NAMOBJ":"Kedungmegarih","WADMKC":"Kembangbahu","WADMKK":"Lamongan"},"geometry":{"type":"Point","coordinates":[112.3,-7.2]}},{"type":"Feature","properties":{"Line":"R134","Tr":2622,"X":"646300.5","Y":"9206606.5","Rotation":0,"NAMOBJ":"Kedungmegarih","WADMKC":"Kembangbahu","WADMKK":"Lamongan"},"geometry":{"type":"Point","coordinates":[112.3,-7.2]}},{"type":"Feature","properties":{"Line":"R134","Tr":2623,"X":"646300.5","Y":"9206594.0","Rotation":0,"NAMOBJ":"Kedungmegarih","WADMKC":"Kembangbahu","WADMKK":"Lamongan"},"geometry":{"type":"Point","coordinates":[112.3,-7.2]}},{"type":"Feature","properties":{"Line":"R134","Tr":2624,"X":"646300.5","Y":"9206581.5","Rotation":0,"NAMOBJ":"Kedungmegarih","WADMKC":"Kembangbahu","WADMKK":"Lamongan"},"geometry":{"type":"Point","coordinates":[112.3,-7.2]}},{"type":"Feature","properties":{"Line":"R134","Tr":2625,"X":"646300.5","Y":"9206569.0","Rotation":0,"NAMOBJ":"Kedungmegarih","WADMKC":"Kembangbahu","WADMKK":"Lamongan"},"geometry":{"type":"Point","coordinates":[112.3,-7.2]}},{"type":"Feature","properties":{"Line":"R134","Tr":2626,"X":"646300.5","Y":"9206556.5","Rotation":0,"NAMOBJ":"Kedungmegarih","WADMKC":"Kembangbahu","WADMKK":"Lamongan"},"geometry":{"type":"Point","coordinates":[112.3,-7.2]}},{"type":"Feature","properties":{"Line":"R134","Tr":2627,"X":"646300.5","Y":"9206544.0","Rotation":0,"NAMOBJ":"Kedungmegarih","WADMKC":"Kembangbahu","WADMKK":"Lamongan"},"geometry":{"type":"Point","coordinates":[112.3,-7.2]}},{"type":"Feature","properties":{"Line":"R134","Tr":2628,"X":"646300.5","Y":"9206531.5","Rotation":0,"NAMOBJ":"Kedungmegarih","WADMKC":"Kembangbahu","WADMKK":"Lamongan"},"geometry":{"type":"Point","coordinates":[112.3,-7.2]}},{"type":"Feature","properties":{"Line":"R134","Tr":2629,"X":"646300.5","Y":"9206519.0","Rotation":0,"NAMOBJ":"Kedungmegarih","WADMKC":"Kembangbahu","WADMKK":"Lamongan"},"geometry":{"type":"Point","coordinates":[112.3,-7.2]}},{"type":"Feature","properties":{"Line":"R136","Tr":2540,"X":"647300.5","Y":"9207631.5","Rotation":0,"NAMOBJ":"Kedungmegarih","WADMKC":"Kembangbahu","WADMKK":"Lamongan"},"geometry":{"type":"Point","coordinates":[112.3,-7.2]}},{"type":"Feature","properties":{"Line":"R136","Tr":2541,"X":"647300.5","Y":"9207619.0","Rotation":0,"NAMOBJ":"Kedungmegarih","WADMKC":"Kembangbahu","WADMKK":"Lamongan"},"geometry":{"type":"Point","coordinates":[112.3,-7.2]}},{"type":"Feature","properties":{"Line":"R136","Tr":2542,"X":"647300.5","Y":"9207606.5","Rotation":0,"NAMOBJ":"Kedungmegarih","WADMKC":"Kembangbahu","WADMKK":"Lamongan"},"geometry":{"type":"Point","coordinates":[112.3,-7.2]}},{"type":"Feature","properties":{"Line":"R136","Tr":2543,"X":"647300.5","Y":"9207594.0","Rotation":0,"NAMOBJ":"Kedungmegarih","WADMKC":"Kembangbahu","WADMKK":"Lamongan"},"geometry":{"type":"Point","coordinates":[112.3,-7.2]}},{"type":"Feature","properties":{"Line":"R136","Tr":2544,"X":"647300.5","Y":"9207581.5","Rotation":0,"NAMOBJ":"Kedungmegarih","WADMKC":"Kembangbahu","WADMKK":"Lamongan"},"geometry":{"type":"Point","coordinates":[112.3,-7.2]}},{"type":"Feature","properties":{"Line":"R136","Tr":2545,"X":"647300.5","Y":"9207569.0","Rotation":0,"NAMOBJ":"Kedungmegarih","WADMKC":"Kembangbahu","WADMKK":"Lamongan"},"geometry":{"type":"Point","coordinates":[112.3,-7.2]}},{"type":"Feature","properties":{"Line":"R136","Tr":2546,"X":"647300.5","Y":"9207556.5","Rotation":0,"NAMOBJ":"Kedungmegarih","WADMKC":"Kembangbahu","WADMKK":"Lamongan"},"geometry":{"type":"Point","coordinates":[112.3,-7.2]}},{"type":"Feature","properties":{"Line":"R136","Tr":2547,"X":"647300.5","Y":"9207544.0","Rotation":0,"NAMOBJ":"Kedungmegarih","WADMKC":"Kembangbahu","WADMKK":"Lamongan"},"geometry":{"type":"Point","coordinates":[112.3,-7.2]}},{"type":"Feature","properties":{"Line":"R136","Tr":2548,"X":"647300.5","Y":"9207531.5","Rotation":0,"NAMOBJ":"Kedungmegarih","WADMKC":"Kembangbahu","WADMKK":"Lamongan"},"geometry":{"type":"Point","coordinates":[112.3,-7.2]}},{"type":"Feature","properties":{"Line":"R136","Tr":2549,"X":"647300.5","Y":"9207519.0","Rotation":0,"NAMOBJ":"Kedungmegarih","WADMKC":"Kembangbahu","WADMKK":"Lamongan"},"geometry":{"type":"Point","coordinates":[112.3,-7.2]}},{"type":"Feature","properties":{"Line":"R136","Tr":2550,"X":"647300.5","Y":"9207506.5","Rotation":0,"NAMOBJ":"Kedungmegarih","WADMKC":"Kembangbahu","WADMKK":"Lamongan"},"geometry":{"type":"Point","coordinates":[112.3,-7.2]}},{"type":"Feature","properties":{"Line":"R136","Tr":2551,"X":"647300.5","Y":"9207494.0","Rotation":0,"NAMOBJ":"Kedungmegarih","WADMKC":"Kembangbahu","WADMKK":"Lamongan"},"geometry":{"type":"Point","coordinates":[112.3,-7.2]}},{"type":"Feature","properties":{"Line":"R136","Tr":2552,"X":"647300.5","Y":"9207481.5","Rotation":0,"NAMOBJ":"Kedungmegarih","WADMKC":"Kembangbahu","WADMKK":"Lamongan"},"geometry":{"type":"Point","coordinates":[112.3,-7.2]}},{"type":"Feature","properties":{"Line":"R136","Tr":2553,"X":"647300.5","Y":"9207469.0","Rotation":0,"NAMOBJ":"Kedungmegarih","WADMKC":"Kembangbahu","WADMKK":"Lamongan"},"geometry":{"type":"Point","coordinates":[112.3,-7.2]}},{"type":"Feature","properties":{"Line":"R136","Tr":2554,"X":"647300.5","Y":"9207456.5","Rotation":0,"NAMOBJ":"Kedungmegarih","WADMKC":"Kembangbahu","WADMKK":"Lamongan"},"geometry":{"type":"Point","coordinates":[112.3,-7.2]}},{"type":"Feature","properties":{"Line":"R136","Tr":2555,"X":"647300.5","Y":"9207444.0","Rotation":0,"NAMOBJ":"Kedungmegarih","WADMKC":"Kembangbahu","WADMKK":"Lamongan"},"geometry":{"type":"Point","coordinates":[112.3,-7.2]}},{"type":"Feature","properties":{"Line":"R136","Tr":2556,"X":"647300.5","Y":"9207431.5","Rotation":0,"NAMOBJ":"Kedungmegarih","WADMKC":"Kembangbahu","WADMKK":"Lamongan"},"geometry":{"type":"Point","coordinates":[112.3,-7.2]}},{"type":"Feature","properties":{"Line":"R136","Tr":2557,"X":"647300.5","Y":"9207419.0","Rotation":0,"NAMOBJ":"Kedungmegarih","WADMKC":"Kembangbahu","WADMKK":"Lamongan"},"geometry":{"type":"Point","coordinates":[112.3,-7.2]}},{"type":"Feature","properties":{"Line":"R136","Tr":2558,"X":"647300.5","Y":"9207406.5","Rotation":0,"NAMOBJ":"Kedungmegarih","WADMKC":"Kembangbahu","WADMKK":"Lamongan"},"geometry":{"type":"Point","coordinates":[112.3,-7.2]}},{"type":"Feature","properties":{"Line":"R136","Tr":2559,"X":"647300.5","Y":"9207394.0","Rotation":0,"NAMOBJ":"Kedungmegarih","WADMKC":"Kembangbahu","WADMKK":"Lamongan"},"geometry":{"type":"Point","coordinates":[112.3,-7.2]}},{"type":"Feature","properties":{"Line":"R136","Tr":2560,"X":"647300.5","Y":"9207381.5","Rotation":0,"NAMOBJ":"Kedungmegarih","WADMKC":"Kembangbahu","WADMKK":"Lamongan"},"geometry":{"type":"Point","coordinates":[112.3,-7.2]}},{"type":"Feature","properties":{"Line":"R136","Tr":2561,"X":"647300.5","Y":"9207369.0","Rotation":0,"NAMOBJ":"Kedungmegarih","WADMKC":"Kembangbahu","WADMKK":"Lamongan"},"geometry":{"type":"Point","coordinates":[112.3,-7.2]}},{"type":"Feature","properties":{"Line":"R136","Tr":2562,"X":"647300.5","Y":"9207356.5","Rotation":0,"NAMOBJ":"Kedungmegarih","WADMKC":"Kembangbahu","WADMKK":"Lamongan"},"geometry":{"type":"Point","coordinates":[112.3,-7.2]}},{"type":"Feature","properties":{"Line":"R136","Tr":2563,"X":"647300.5","Y":"9207344.0","Rotation":0,"NAMOBJ":"Kedungmegarih","WADMKC":"Kembangbahu","WADMKK":"Lamongan"},"geometry":{"type":"Point","coordinates":[112.3,-7.2]}},{"type":"Feature","properties":{"Line":"R136","Tr":2564,"X":"647300.5","Y":"9207331.5","Rotation":0,"NAMOBJ":"Kedungmegarih","WADMKC":"Kembangbahu","WADMKK":"Lamongan"},"geometry":{"type":"Point","coordinates":[112.3,-7.2]}},{"type":"Feature","properties":{"Line":"R136","Tr":2565,"X":"647300.5","Y":"9207319.0","Rotation":0,"NAMOBJ":"Kedungmegarih","WADMKC":"Kembangbahu","WADMKK":"Lamongan"},"geometry":{"type":"Point","coordinates":[112.3,-7.2]}},{"type":"Feature","properties":{"Line":"R136","Tr":2566,"X":"647300.5","Y":"9207306.5","Rotation":0,"NAMOBJ":"Kedungmegarih","WADMKC":"Kembangbahu","WADMKK":"Lamongan"},"geometry":{"type":"Point","coordinates":[112.3,-7.2]}},{"type":"Feature","properties":{"Line":"R136","Tr":2567,"X":"647300.5","Y":"9207294.0","Rotation":0,"NAMOBJ":"Kedungmegarih","WADMKC":"Kembangbahu","WADMKK":"Lamongan"},"geometry":{"type":"Point","coordinates":[112.3,-7.2]}},{"type":"Feature","properties":{"Line":"R136","Tr":2568,"X":"647300.5","Y":"9207281.5","Rotation":0,"NAMOBJ":"Kedungmegarih","WADMKC":"Kembangbahu","WADMKK":"Lamongan"},"geometry":{"type":"Point","coordinates":[112.3,-7.2]}},{"type":"Feature","properties":{"Line":"R136","Tr":2569,"X":"647300.5","Y":"9207269.0","Rotation":0,"NAMOBJ":"Kedungmegarih","WADMKC":"Kembangbahu","WADMKK":"Lamongan"},"geometry":{"type":"Point","coordinates":[112.3,-7.2]}},{"type":"Feature","properties":{"Line":"R136","Tr":2570,"X":"647300.5","Y":"9207256.5","Rotation":0,"NAMOBJ":"Kedungmegarih","WADMKC":"Kembangbahu","WADMKK":"Lamongan"},"geometry":{"type":"Point","coordinates":[112.3,-7.2]}},{"type":"Feature","properties":{"Line":"R136","Tr":2571,"X":"647300.5","Y":"9207244.0","Rotation":0,"NAMOBJ":"Kedungmegarih","WADMKC":"Kembangbahu","WADMKK":"Lamongan"},"geometry":{"type":"Point","coordinates":[112.3,-7.2]}},{"type":"Feature","properties":{"Line":"R136","Tr":2572,"X":"647300.5","Y":"9207231.5","Rotation":0,"NAMOBJ":"Kedungmegarih","WADMKC":"Kembangbahu","WADMKK":"Lamongan"},"geometry":{"type":"Point","coordinates":[112.3,-7.2]}},{"type":"Feature","properties":{"Line":"R136","Tr":2573,"X":"647300.5","Y":"9207219.0","Rotation":0,"NAMOBJ":"Kedungmegarih","WADMKC":"Kembangbahu","WADMKK":"Lamongan"},"geometry":{"type":"Point","coordinates":[112.3,-7.2]}},{"type":"Feature","properties":{"Line":"R136","Tr":2574,"X":"647300.5","Y":"9207206.5","Rotation":0,"NAMOBJ":"Kedungmegarih","WADMKC":"Kembangbahu","WADMKK":"Lamongan"},"geometry":{"type":"Point","coordinates":[112.3,-7.2]}},{"type":"Feature","properties":{"Line":"R136","Tr":2575,"X":"647300.5","Y":"9207194.0","Rotation":0,"NAMOBJ":"Kedungmegarih","WADMKC":"Kembangbahu","WADMKK":"Lamongan"},"geometry":{"type":"Point","coordinates":[112.3,-7.2]}},{"type":"Feature","properties":{"Line":"R136","Tr":2576,"X":"647300.5","Y":"9207181.5","Rotation":0,"NAMOBJ":"Kedungmegarih","WADMKC":"Kembangbahu","WADMKK":"Lamongan"},"geometry":{"type":"Point","coordinates":[112.3,-7.2]}},{"type":"Feature","properties":{"Line":"R136","Tr":2577,"X":"647300.5","Y":"9207169.0","Rotation":0,"NAMOBJ":"Kedungmegarih","WADMKC":"Kembangbahu","WADMKK":"Lamongan"},"geometry":{"type":"Point","coordinates":[112.3,-7.2]}},{"type":"Feature","properties":{"Line":"R136","Tr":2578,"X":"647300.5","Y":"9207156.5","Rotation":0,"NAMOBJ":"Kedungmegarih","WADMKC":"Kembangbahu","WADMKK":"Lamongan"},"geometry":{"type":"Point","coordinates":[112.3,-7.2]}},{"type":"Feature","properties":{"Line":"R136","Tr":2579,"X":"647300.5","Y":"9207144.0","Rotation":0,"NAMOBJ":"Kedungmegarih","WADMKC":"Kembangbahu","WADMKK":"Lamongan"},"geometry":{"type":"Point","coordinates":[112.3,-7.2]}},{"type":"Feature","properties":{"Line":"R136","Tr":2580,"X":"647300.5","Y":"9207131.5","Rotation":0,"NAMOBJ":"Kedungmegarih","WADMKC":"Kembangbahu","WADMKK":"Lamongan"},"geometry":{"type":"Point","coordinates":[112.3,-7.2]}},{"type":"Feature","properties":{"Line":"R136","Tr":2581,"X":"647300.5","Y":"9207119.0","Rotation":0,"NAMOBJ":"Kedungmegarih","WADMKC":"Kembangbahu","WADMKK":"Lamongan"},"geometry":{"type":"Point","coordinates":[112.3,-7.2]}},{"type":"Feature","properties":{"Line":"R136","Tr":2582,"X":"647300.5","Y":"9207106.5","Rotation":0,"NAMOBJ":"Kedungmegarih","WADMKC":"Kembangbahu","WADMKK":"Lamongan"},"geometry":{"type":"Point","coordinates":[112.3,-7.2]}},{"type":"Feature","properties":{"Line":"R136","Tr":2583,"X":"647300.5","Y":"9207094.0","Rotation":0,"NAMOBJ":"Kedungmegarih","WADMKC":"Kembangbahu","WADMKK":"Lamongan"},"geometry":{"type":"Point","coordinates":[112.3,-7.2]}},{"type":"Feature","properties":{"Line":"R136","Tr":2584,"X":"647300.5","Y":"9207081.5","Rotation":0,"NAMOBJ":"Kedungmegarih","WADMKC":"Kembangbahu","WADMKK":"Lamongan"},"geometry":{"type":"Point","coordinates":[112.3,-7.2]}},{"type":"Feature","properties":{"Line":"R136","Tr":2585,"X":"647300.5","Y":"9207069.0","Rotation":0,"NAMOBJ":"Kedungmegarih","WADMKC":"Kembangbahu","WADMKK":"Lamongan"},"geometry":{"type":"Point","coordinates":[112.3,-7.2]}},{"type":"Feature","properties":{"Line":"R136","Tr":2586,"X":"647300.5","Y":"9207056.5","Rotation":0,"NAMOBJ":"Kedungmegarih","WADMKC":"Kembangbahu","WADMKK":"Lamongan"},"geometry":{"type":"Point","coordinates":[112.3,-7.2]}},{"type":"Feature","properties":{"Line":"R136","Tr":2587,"X":"647300.5","Y":"9207044.0","Rotation":0,"NAMOBJ":"Kedungmegarih","WADMKC":"Kembangbahu","WADMKK":"Lamongan"},"geometry":{"type":"Point","coordinates":[112.3,-7.2]}},{"type":"Feature","properties":{"Line":"R136","Tr":2588,"X":"647300.5","Y":"9207031.5","Rotation":0,"NAMOBJ":"Kedungmegarih","WADMKC":"Kembangbahu","WADMKK":"Lamongan"},"geometry":{"type":"Point","coordinates":[112.3,-7.2]}},{"type":"Feature","properties":{"Line":"R136","Tr":2589,"X":"647300.5","Y":"9207019.0","Rotation":0,"NAMOBJ":"Kedungmegarih","WADMKC":"Kembangbahu","WADMKK":"Lamongan"},"geometry":{"type":"Point","coordinates":[112.3,-7.2]}},{"type":"Feature","properties":{"Line":"R136","Tr":2590,"X":"647300.5","Y":"9207006.5","Rotation":0,"NAMOBJ":"Kedungmegarih","WADMKC":"Kembangbahu","WADMKK":"Lamongan"},"geometry":{"type":"Point","coordinates":[112.3,-7.2]}},{"type":"Feature","properties":{"Line":"R136","Tr":2591,"X":"647300.5","Y":"9206994.0","Rotation":0,"NAMOBJ":"Kedungmegarih","WADMKC":"Kembangbahu","WADMKK":"Lamongan"},"geometry":{"type":"Point","coordinates":[112.3,-7.2]}},{"type":"Feature","properties":{"Line":"R136","Tr":2592,"X":"647300.5","Y":"9206981.5","Rotation":0,"NAMOBJ":"Kedungmegarih","WADMKC":"Kembangbahu","WADMKK":"Lamongan"},"geometry":{"type":"Point","coordinates":[112.3,-7.2]}},{"type":"Feature","properties":{"Line":"R136","Tr":2593,"X":"647300.5","Y":"9206969.0","Rotation":0,"NAMOBJ":"Kedungmegarih","WADMKC":"Kembangbahu","WADMKK":"Lamongan"},"geometry":{"type":"Point","coordinates":[112.3,-7.2]}},{"type":"Feature","properties":{"Line":"R136","Tr":2594,"X":"647300.5","Y":"9206956.5","Rotation":0,"NAMOBJ":"Kedungmegarih","WADMKC":"Kembangbahu","WADMKK":"Lamongan"},"geometry":{"type":"Point","coordinates":[112.3,-7.2]}},{"type":"Feature","properties":{"Line":"R136","Tr":2595,"X":"647300.5","Y":"9206944.0","Rotation":0,"NAMOBJ":"Kedungmegarih","WADMKC":"Kembangbahu","WADMKK":"Lamongan"},"geometry":{"type":"Point","coordinates":[112.3,-7.2]}},{"type":"Feature","properties":{"Line":"R136","Tr":2596,"X":"647300.5","Y":"9206931.5","Rotation":0,"NAMOBJ":"Kedungmegarih","WADMKC":"Kembangbahu","WADMKK":"Lamongan"},"geometry":{"type":"Point","coordinates":[112.3,-7.2]}},{"type":"Feature","properties":{"Line":"R136","Tr":2597,"X":"647300.5","Y":"9206919.0","Rotation":0,"NAMOBJ":"Kedungmegarih","WADMKC":"Kembangbahu","WADMKK":"Lamongan"},"geometry":{"type":"Point","coordinates":[112.3,-7.2]}},{"type":"Feature","properties":{"Line":"R136","Tr":2598,"X":"647300.5","Y":"9206906.5","Rotation":0,"NAMOBJ":"Kedungmegarih","WADMKC":"Kembangbahu","WADMKK":"Lamongan"},"geometry":{"type":"Point","coordinates":[112.3,-7.2]}},{"type":"Feature","properties":{"Line":"R136","Tr":2599,"X":"647300.5","Y":"9206894.0","Rotation":0,"NAMOBJ":"Kedungmegarih","WADMKC":"Kembangbahu","WADMKK":"Lamongan"},"geometry":{"type":"Point","coordinates":[112.3,-7.2]}},{"type":"Feature","properties":{"Line":"R136","Tr":2600,"X":"647300.5","Y":"9206881.5","Rotation":0,"NAMOBJ":"Kedungmegarih","WADMKC":"Kembangbahu","WADMKK":"Lamongan"},"geometry":{"type":"Point","coordinates":[112.3,-7.2]}},{"type":"Feature","properties":{"Line":"R136","Tr":2601,"X":"647300.5","Y":"9206869.0","Rotation":0,"NAMOBJ":"Kedungmegarih","WADMKC":"Kembangbahu","WADMKK":"Lamongan"},"geometry":{"type":"Point","coordinates":[112.3,-7.2]}},{"type":"Feature","properties":{"Line":"R136","Tr":2602,"X":"647300.5","Y":"9206856.5","Rotation":0,"NAMOBJ":"Kedungmegarih","WADMKC":"Kembangbahu","WADMKK":"Lamongan"},"geometry":{"type":"Point","coordinates":[112.3,-7.2]}},{"type":"Feature","properties":{"Line":"R136","Tr":2603,"X":"647300.5","Y":"9206844.0","Rotation":0,"NAMOBJ":"Kedungmegarih","WADMKC":"Kembangbahu","WADMKK":"Lamongan"},"geometry":{"type":"Point","coordinates":[112.3,-7.2]}},{"type":"Feature","properties":{"Line":"R136","Tr":2604,"X":"647300.5","Y":"9206831.5","Rotation":0,"NAMOBJ":"Kedungmegarih","WADMKC":"Kembangbahu","WADMKK":"Lamongan"},"geometry":{"type":"Point","coordinates":[112.3,-7.2]}},{"type":"Feature","properties":{"Line":"R136","Tr":2605,"X":"647300.5","Y":"9206819.0","Rotation":0,"NAMOBJ":"Kedungmegarih","WADMKC":"Kembangbahu","WADMKK":"Lamongan"},"geometry":{"type":"Point","coordinates":[112.3,-7.2]}},{"type":"Feature","properties":{"Line":"R136","Tr":2606,"X":"647300.5","Y":"9206806.5","Rotation":0,"NAMOBJ":"Kedungmegarih","WADMKC":"Kembangbahu","WADMKK":"Lamongan"},"geometry":{"type":"Point","coordinates":[112.3,-7.2]}},{"type":"Feature","properties":{"Line":"R136","Tr":2607,"X":"647300.5","Y":"9206794.0","Rotation":0,"NAMOBJ":"Kedungmegarih","WADMKC":"Kembangbahu","WADMKK":"Lamongan"},"geometry":{"type":"Point","coordinates":[112.3,-7.2]}},{"type":"Feature","properties":{"Line":"R136","Tr":2608,"X":"647300.5","Y":"9206781.5","Rotation":0,"NAMOBJ":"Kedungmegarih","WADMKC":"Kembangbahu","WADMKK":"Lamongan"},"geometry":{"type":"Point","coordinates":[112.3,-7.2]}},{"type":"Feature","properties":{"Line":"R136","Tr":2609,"X":"647300.5","Y":"9206769.0","Rotation":0,"NAMOBJ":"Kedungmegarih","WADMKC":"Kembangbahu","WADMKK":"Lamongan"},"geometry":{"type":"Point","coordinates":[112.3,-7.2]}},{"type":"Feature","properties":{"Line":"R136","Tr":2610,"X":"647300.5","Y":"9206756.5","Rotation":0,"NAMOBJ":"Kedungmegarih","WADMKC":"Kembangbahu","WADMKK":"Lamongan"},"geometry":{"type":"Point","coordinates":[112.3,-7.2]}},{"type":"Feature","properties":{"Line":"R136","Tr":2611,"X":"647300.5","Y":"9206744.0","Rotation":0,"NAMOBJ":"Kedungmegarih","WADMKC":"Kembangbahu","WADMKK":"Lamongan"},"geometry":{"type":"Point","coordinates":[112.3,-7.2]}},{"type":"Feature","properties":{"Line":"R136","Tr":2612,"X":"647300.5","Y":"9206731.5","Rotation":0,"NAMOBJ":"Kedungmegarih","WADMKC":"Kembangbahu","WADMKK":"Lamongan"},"geometry":{"type":"Point","coordinates":[112.3,-7.2]}},{"type":"Feature","properties":{"Line":"R136","Tr":2613,"X":"647300.5","Y":"9206719.0","Rotation":0,"NAMOBJ":"Kedungmegarih","WADMKC":"Kembangbahu","WADMKK":"Lamongan"},"geometry":{"type":"Point","coordinates":[112.3,-7.2]}},{"type":"Feature","properties":{"Line":"R136","Tr":2614,"X":"647300.5","Y":"9206706.5","Rotation":0,"NAMOBJ":"Kedungmegarih","WADMKC":"Kembangbahu","WADMKK":"Lamongan"},"geometry":{"type":"Point","coordinates":[112.3,-7.2]}},{"type":"Feature","properties":{"Line":"R136","Tr":2615,"X":"647300.5","Y":"9206694.0","Rotation":0,"NAMOBJ":"Kedungmegarih","WADMKC":"Kembangbahu","WADMKK":"Lamongan"},"geometry":{"type":"Point","coordinates":[112.3,-7.2]}},{"type":"Feature","properties":{"Line":"R136","Tr":2616,"X":"647300.5","Y":"9206681.5","Rotation":0,"NAMOBJ":"Kedungmegarih","WADMKC":"Kembangbahu","WADMKK":"Lamongan"},"geometry":{"type":"Point","coordinates":[112.3,-7.2]}},{"type":"Feature","properties":{"Line":"R136","Tr":2617,"X":"647300.5","Y":"9206669.0","Rotation":0,"NAMOBJ":"Kedungmegarih","WADMKC":"Kembangbahu","WADMKK":"Lamongan"},"geometry":{"type":"Point","coordinates":[112.3,-7.2]}},{"type":"Feature","properties":{"Line":"R136","Tr":2618,"X":"647300.5","Y":"9206656.5","Rotation":0,"NAMOBJ":"Kedungmegarih","WADMKC":"Kembangbahu","WADMKK":"Lamongan"},"geometry":{"type":"Point","coordinates":[112.3,-7.2]}},{"type":"Feature","properties":{"Line":"R136","Tr":2619,"X":"647300.5","Y":"9206644.0","Rotation":0,"NAMOBJ":"Kedungmegarih","WADMKC":"Kembangbahu","WADMKK":"Lamongan"},"geometry":{"type":"Point","coordinates":[112.3,-7.2]}},{"type":"Feature","properties":{"Line":"R136","Tr":2620,"X":"647300.5","Y":"9206631.5","Rotation":0,"NAMOBJ":"Kedungmegarih","WADMKC":"Kembangbahu","WADMKK":"Lamongan"},"geometry":{"type":"Point","coordinates":[112.3,-7.2]}},{"type":"Feature","properties":{"Line":"R136","Tr":2621,"X":"647300.5","Y":"9206619.0","Rotation":0,"NAMOBJ":"Kedungmegarih","WADMKC":"Kembangbahu","WADMKK":"Lamongan"},"geometry":{"type":"Point","coordinates":[112.3,-7.2]}},{"type":"Feature","properties":{"Line":"R136","Tr":2622,"X":"647300.5","Y":"9206606.5","Rotation":0,"NAMOBJ":"Kedungmegarih","WADMKC":"Kembangbahu","WADMKK":"Lamongan"},"geometry":{"type":"Point","coordinates":[112.3,-7.2]}},{"type":"Feature","properties":{"Line":"R136","Tr":2623,"X":"647300.5","Y":"9206594.0","Rotation":0,"NAMOBJ":"Kedungmegarih","WADMKC":"Kembangbahu","WADMKK":"Lamongan"},"geometry":{"type":"Point","coordinates":[112.3,-7.2]}},{"type":"Feature","properties":{"Line":"R136","Tr":2624,"X":"647300.5","Y":"9206581.5","Rotation":0,"NAMOBJ":"Kedungmegarih","WADMKC":"Kembangbahu","WADMKK":"Lamongan"},"geometry":{"type":"Point","coordinates":[112.3,-7.2]}},{"type":"Feature","properties":{"Line":"R136","Tr":2625,"X":"647300.5","Y":"9206569.0","Rotation":0,"NAMOBJ":"Kedungmegarih","WADMKC":"Kembangbahu","WADMKK":"Lamongan"},"geometry":{"type":"Point","coordinates":[112.3,-7.2]}},{"type":"Feature","properties":{"Line":"R136","Tr":2626,"X":"647300.5","Y":"9206556.5","Rotation":0,"NAMOBJ":"Kedungmegarih","WADMKC":"Kembangbahu","WADMKK":"Lamongan"},"geometry":{"type":"Point","coordinates":[112.3,-7.2]}},{"type":"Feature","properties":{"Line":"R136","Tr":2627,"X":"647300.5","Y":"9206544.0","Rotation":0,"NAMOBJ":"Kedungmegarih","WADMKC":"Kembangbahu","WADMKK":"Lamongan"},"geometry":{"type":"Point","coordinates":[112.3,-7.2]}},{"type":"Feature","properties":{"Line":"R136","Tr":2628,"X":"647300.5","Y":"9206531.5","Rotation":0,"NAMOBJ":"Kedungmegarih","WADMKC":"Kembangbahu","WADMKK":"Lamongan"},"geometry":{"type":"Point","coordinates":[112.3,-7.2]}},{"type":"Feature","properties":{"Line":"R136","Tr":2629,"X":"647300.5","Y":"9206519.0","Rotation":0,"NAMOBJ":"Kedungmegarih","WADMKC":"Kembangbahu","WADMKK":"Lamongan"},"geometry":{"type":"Point","coordinates":[112.3,-7.2]}},{"type":"Feature","properties":{"Line":"R136","Tr":2630,"X":"647300.5","Y":"9206506.5","Rotation":0,"NAMOBJ":"Kedungmegarih","WADMKC":"Kembangbahu","WADMKK":"Lamongan"},"geometry":{"type":"Point","coordinates":[112.3,-7.2]}},{"type":"Feature","properties":{"Line":"R136","Tr":2631,"X":"647300.5","Y":"9206494.0","Rotation":0,"NAMOBJ":"Kedungmegarih","WADMKC":"Kembangbahu","WADMKK":"Lamongan"},"geometry":{"type":"Point","coordinates":[112.3,-7.2]}},{"type":"Feature","properties":{"Line":"R136","Tr":2632,"X":"647300.5","Y":"9206481.5","Rotation":0,"NAMOBJ":"Kedungmegarih","WADMKC":"Kembangbahu","WADMKK":"Lamongan"},"geometry":{"type":"Point","coordinates":[112.3,-7.2]}},{"type":"Feature","properties":{"Line":"R136","Tr":2633,"X":"647300.5","Y":"9206469.0","Rotation":0,"NAMOBJ":"Kedungmegarih","WADMKC":"Kembangbahu","WADMKK":"Lamongan"},"geometry":{"type":"Point","coordinates":[112.3,-7.2]}},{"type":"Feature","properties":{"Line":"R136","Tr":2634,"X":"647300.5","Y":"9206456.5","Rotation":0,"NAMOBJ":"Kedungmegarih","WADMKC":"Kembangbahu","WADMKK":"Lamongan"},"geometry":{"type":"Point","coordinates":[112.3,-7.2]}},{"type":"Feature","properties":{"Line":"R136","Tr":2635,"X":"647300.5","Y":"9206444.0","Rotation":0,"NAMOBJ":"Kedungmegarih","WADMKC":"Kembangbahu","WADMKK":"Lamongan"},"geometry":{"type":"Point","coordinates":[112.3,-7.2]}},{"type":"Feature","properties":{"Line":"R136","Tr":2636,"X":"647300.5","Y":"9206431.5","Rotation":0,"NAMOBJ":"Kedungmegarih","WADMKC":"Kembangbahu","WADMKK":"Lamongan"},"geometry":{"type":"Point","coordinates":[112.3,-7.2]}},{"type":"Feature","properties":{"Line":"R136","Tr":2637,"X":"647300.5","Y":"9206419.0","Rotation":0,"NAMOBJ":"Kedungmegarih","WADMKC":"Kembangbahu","WADMKK":"Lamongan"},"geometry":{"type":"Point","coordinates":[112.3,-7.2]}},{"type":"Feature","properties":{"Line":"R136","Tr":2638,"X":"647300.5","Y":"9206406.5","Rotation":0,"NAMOBJ":"Kedungmegarih","WADMKC":"Kembangbahu","WADMKK":"Lamongan"},"geometry":{"type":"Point","coordinates":[112.3,-7.2]}},{"type":"Feature","properties":{"Line":"R136","Tr":2639,"X":"647300.5","Y":"9206394.0","Rotation":0,"NAMOBJ":"Kedungmegarih","WADMKC":"Kembangbahu","WADMKK":"Lamongan"},"geometry":{"type":"Point","coordinates":[112.3,-7.2]}},{"type":"Feature","properties":{"Line":"R136","Tr":2640,"X":"647300.5","Y":"9206381.5","Rotation":0,"NAMOBJ":"Kedungmegarih","WADMKC":"Kembangbahu","WADMKK":"Lamongan"},"geometry":{"type":"Point","coordinates":[112.3,-7.2]}},{"type":"Feature","properties":{"Line":"R136","Tr":2641,"X":"647300.5","Y":"9206369.0","Rotation":0,"NAMOBJ":"Kedungmegarih","WADMKC":"Kembangbahu","WADMKK":"Lamongan"},"geometry":{"type":"Point","coordinates":[112.3,-7.2]}},{"type":"Feature","properties":{"Line":"R136","Tr":2642,"X":"647300.5","Y":"9206356.5","Rotation":0,"NAMOBJ":"Kedungmegarih","WADMKC":"Kembangbahu","WADMKK":"Lamongan"},"geometry":{"type":"Point","coordinates":[112.3,-7.2]}},{"type":"Feature","properties":{"Line":"R136","Tr":2643,"X":"647300.5","Y":"9206344.0","Rotation":0,"NAMOBJ":"Kedungmegarih","WADMKC":"Kembangbahu","WADMKK":"Lamongan"},"geometry":{"type":"Point","coordinates":[112.3,-7.2]}},{"type":"Feature","properties":{"Line":"R136","Tr":2644,"X":"647300.5","Y":"9206331.5","Rotation":0,"NAMOBJ":"Kedungmegarih","WADMKC":"Kembangbahu","WADMKK":"Lamongan"},"geometry":{"type":"Point","coordinates":[112.3,-7.2]}},{"type":"Feature","properties":{"Line":"R136","Tr":2645,"X":"647300.5","Y":"9206319.0","Rotation":0,"NAMOBJ":"Kedungmegarih","WADMKC":"Kembangbahu","WADMKK":"Lamongan"},"geometry":{"type":"Point","coordinates":[112.3,-7.2]}},{"type":"Feature","properties":{"Line":"R136","Tr":2646,"X":"647300.5","Y":"9206306.5","Rotation":0,"NAMOBJ":"Kedungmegarih","WADMKC":"Kembangbahu","WADMKK":"Lamongan"},"geometry":{"type":"Point","coordinates":[112.3,-7.2]}},{"type":"Feature","properties":{"Line":"R136","Tr":2647,"X":"647300.5","Y":"9206294.0","Rotation":0,"NAMOBJ":"Kedungmegarih","WADMKC":"Kembangbahu","WADMKK":"Lamongan"},"geometry":{"type":"Point","coordinates":[112.3,-7.2]}},{"type":"Feature","properties":{"Line":"R136","Tr":2648,"X":"647300.5","Y":"9206281.5","Rotation":0,"NAMOBJ":"Kedungmegarih","WADMKC":"Kembangbahu","WADMKK":"Lamongan"},"geometry":{"type":"Point","coordinates":[112.3,-7.2]}},{"type":"Feature","properties":{"Line":"R136","Tr":2649,"X":"647300.5","Y":"9206269.0","Rotation":0,"NAMOBJ":"Kedungmegarih","WADMKC":"Kembangbahu","WADMKK":"Lamongan"},"geometry":{"type":"Point","coordinates":[112.3,-7.2]}},{"type":"Feature","properties":{"Line":"R136","Tr":2650,"X":"647300.5","Y":"9206256.5","Rotation":0,"NAMOBJ":"Kedungmegarih","WADMKC":"Kembangbahu","WADMKK":"Lamongan"},"geometry":{"type":"Point","coordinates":[112.3,-7.2]}},{"type":"Feature","properties":{"Line":"R136","Tr":2651,"X":"647300.5","Y":"9206244.0","Rotation":0,"NAMOBJ":"Kedungmegarih","WADMKC":"Kembangbahu","WADMKK":"Lamongan"},"geometry":{"type":"Point","coordinates":[112.3,-7.2]}},{"type":"Feature","properties":{"Line":"R136","Tr":2659,"X":"647300.5","Y":"9206144.0","Rotation":0,"NAMOBJ":"Kedungmegarih","WADMKC":"Kembangbahu","WADMKK":"Lamongan"},"geometry":{"type":"Point","coordinates":[112.3,-7.2]}},{"type":"Feature","properties":{"Line":"R136","Tr":2660,"X":"647300.5","Y":"9206131.5","Rotation":0,"NAMOBJ":"Kedungmegarih","WADMKC":"Kembangbahu","WADMKK":"Lamongan"},"geometry":{"type":"Point","coordinates":[112.3,-7.2]}},{"type":"Feature","properties":{"Line":"R136","Tr":2661,"X":"647300.5","Y":"9206119.0","Rotation":0,"NAMOBJ":"Kedungmegarih","WADMKC":"Kembangbahu","WADMKK":"Lamongan"},"geometry":{"type":"Point","coordinates":[112.3,-7.2]}},{"type":"Feature","properties":{"Line":"R136","Tr":2662,"X":"647300.5","Y":"9206106.5","Rotation":0,"NAMOBJ":"Kedungmegarih","WADMKC":"Kembangbahu","WADMKK":"Lamongan"},"geometry":{"type":"Point","coordinates":[112.3,-7.2]}},{"type":"Feature","properties":{"Line":"R136","Tr":2663,"X":"647300.5","Y":"9206094.0","Rotation":0,"NAMOBJ":"Kedungmegarih","WADMKC":"Kembangbahu","WADMKK":"Lamongan"},"geometry":{"type":"Point","coordinates":[112.3,-7.2]}},{"type":"Feature","properties":{"Line":"R136","Tr":2664,"X":"647300.5","Y":"9206081.5","Rotation":0,"NAMOBJ":"Kedungmegarih","WADMKC":"Kembangbahu","WADMKK":"Lamongan"},"geometry":{"type":"Point","coordinates":[112.3,-7.2]}},{"type":"Feature","properties":{"Line":"R136","Tr":2665,"X":"647300.5","Y":"9206069.0","Rotation":0,"NAMOBJ":"Kedungmegarih","WADMKC":"Kembangbahu","WADMKK":"Lamongan"},"geometry":{"type":"Point","coordinates":[112.3,-7.2]}},{"type":"Feature","properties":{"Line":"R136","Tr":2666,"X":"647300.5","Y":"9206056.5","Rotation":0,"NAMOBJ":"Kedungmegarih","WADMKC":"Kembangbahu","WADMKK":"Lamongan"},"geometry":{"type":"Point","coordinates":[112.3,-7.2]}},{"type":"Feature","properties":{"Line":"R136","Tr":2667,"X":"647300.5","Y":"9206044.0","Rotation":0,"NAMOBJ":"Kedungmegarih","WADMKC":"Kembangbahu","WADMKK":"Lamongan"},"geometry":{"type":"Point","coordinates":[112.3,-7.2]}},{"type":"Feature","properties":{"Line":"R136","Tr":2668,"X":"647300.5","Y":"9206031.5","Rotation":0,"NAMOBJ":"Kedungmegarih","WADMKC":"Kembangbahu","WADMKK":"Lamongan"},"geometry":{"type":"Point","coordinates":[112.3,-7.2]}},{"type":"Feature","properties":{"Line":"R136","Tr":2669,"X":"647300.5","Y":"9206019.0","Rotation":0,"NAMOBJ":"Kedungmegarih","WADMKC":"Kembangbahu","WADMKK":"Lamongan"},"geometry":{"type":"Point","coordinates":[112.3,-7.2]}},{"type":"Feature","properties":{"Line":"R136","Tr":2670,"X":"647300.5","Y":"9206006.5","Rotation":0,"NAMOBJ":"Kedungmegarih","WADMKC":"Kembangbahu","WADMKK":"Lamongan"},"geometry":{"type":"Point","coordinates":[112.3,-7.2]}},{"type":"Feature","properties":{"Line":"R136","Tr":2671,"X":"647300.5","Y":"9205994.0","Rotation":0,"NAMOBJ":"Kedungmegarih","WADMKC":"Kembangbahu","WADMKK":"Lamongan"},"geometry":{"type":"Point","coordinates":[112.3,-7.2]}},{"type":"Feature","properties":{"Line":"R136","Tr":2672,"X":"647300.5","Y":"9205981.5","Rotation":0,"NAMOBJ":"Kedungmegarih","WADMKC":"Kembangbahu","WADMKK":"Lamongan"},"geometry":{"type":"Point","coordinates":[112.3,-7.2]}},{"type":"Feature","properties":{"Line":"R136","Tr":2673,"X":"647300.5","Y":"9205969.0","Rotation":0,"NAMOBJ":"Kembangbahu","WADMKC":"Kembangbahu","WADMKK":"Lamongan"},"geometry":{"type":"Point","coordinates":[112.3,-7.2]}},{"type":"Feature","properties":{"Line":"R136","Tr":2674,"X":"647300.5","Y":"9205956.5","Rotation":0,"NAMOBJ":"Kembangbahu","WADMKC":"Kembangbahu","WADMKK":"Lamongan"},"geometry":{"type":"Point","coordinates":[112.3,-7.2]}},{"type":"Feature","properties":{"Line":"R136","Tr":2675,"X":"647300.5","Y":"9205944.0","Rotation":0,"NAMOBJ":"Kembangbahu","WADMKC":"Kembangbahu","WADMKK":"Lamongan"},"geometry":{"type":"Point","coordinates":[112.3,-7.2]}},{"type":"Feature","properties":{"Line":"R136","Tr":2676,"X":"647300.5","Y":"9205931.5","Rotation":0,"NAMOBJ":"Kembangbahu","WADMKC":"Kembangbahu","WADMKK":"Lamongan"},"geometry":{"type":"Point","coordinates":[112.3,-7.2]}},{"type":"Feature","properties":{"Line":"R136","Tr":2677,"X":"647300.5","Y":"9205919.0","Rotation":0,"NAMOBJ":"Kembangbahu","WADMKC":"Kembangbahu","WADMKK":"Lamongan"},"geometry":{"type":"Point","coordinates":[112.3,-7.2]}},{"type":"Feature","properties":{"Line":"R136","Tr":2678,"X":"647300.5","Y":"9205906.5","Rotation":0,"NAMOBJ":"Kembangbahu","WADMKC":"Kembangbahu","WADMKK":"Lamongan"},"geometry":{"type":"Point","coordinates":[112.3,-7.2]}},{"type":"Feature","properties":{"Line":"R136","Tr":2679,"X":"647300.5","Y":"9205894.0","Rotation":0,"NAMOBJ":"Kembangbahu","WADMKC":"Kembangbahu","WADMKK":"Lamongan"},"geometry":{"type":"Point","coordinates":[112.3,-7.2]}},{"type":"Feature","properties":{"Line":"R136","Tr":2680,"X":"647300.5","Y":"9205881.5","Rotation":0,"NAMOBJ":"Kembangbahu","WADMKC":"Kembangbahu","WADMKK":"Lamongan"},"geometry":{"type":"Point","coordinates":[112.3,-7.2]}},{"type":"Feature","properties":{"Line":"R136","Tr":2681,"X":"647300.5","Y":"9205869.0","Rotation":0,"NAMOBJ":"Kembangbahu","WADMKC":"Kembangbahu","WADMKK":"Lamongan"},"geometry":{"type":"Point","coordinates":[112.3,-7.2]}},{"type":"Feature","properties":{"Line":"R136","Tr":2682,"X":"647300.5","Y":"9205856.5","Rotation":0,"NAMOBJ":"Kembangbahu","WADMKC":"Kembangbahu","WADMKK":"Lamongan"},"geometry":{"type":"Point","coordinates":[112.3,-7.2]}},{"type":"Feature","properties":{"Line":"R136","Tr":2683,"X":"647300.5","Y":"9205844.0","Rotation":0,"NAMOBJ":"Kembangbahu","WADMKC":"Kembangbahu","WADMKK":"Lamongan"},"geometry":{"type":"Point","coordinates":[112.3,-7.2]}},{"type":"Feature","properties":{"Line":"R136","Tr":2684,"X":"647300.5","Y":"9205831.5","Rotation":0,"NAMOBJ":"Kembangbahu","WADMKC":"Kembangbahu","WADMKK":"Lamongan"},"geometry":{"type":"Point","coordinates":[112.3,-7.2]}},{"type":"Feature","properties":{"Line":"R136","Tr":2685,"X":"647300.5","Y":"9205819.0","Rotation":0,"NAMOBJ":"Kembangbahu","WADMKC":"Kembangbahu","WADMKK":"Lamongan"},"geometry":{"type":"Point","coordinates":[112.3,-7.2]}},{"type":"Feature","properties":{"Line":"R136","Tr":2686,"X":"647300.5","Y":"9205806.5","Rotation":0,"NAMOBJ":"Kembangbahu","WADMKC":"Kembangbahu","WADMKK":"Lamongan"},"geometry":{"type":"Point","coordinates":[112.3,-7.2]}},{"type":"Feature","properties":{"Line":"R136","Tr":2687,"X":"647300.5","Y":"9205794.0","Rotation":0,"NAMOBJ":"Kembangbahu","WADMKC":"Kembangbahu","WADMKK":"Lamongan"},"geometry":{"type":"Point","coordinates":[112.3,-7.2]}},{"type":"Feature","properties":{"Line":"R136","Tr":2688,"X":"647300.5","Y":"9205781.5","Rotation":0,"NAMOBJ":"Kembangbahu","WADMKC":"Kembangbahu","WADMKK":"Lamongan"},"geometry":{"type":"Point","coordinates":[112.3,-7.2]}},{"type":"Feature","properties":{"Line":"R138","Tr":2670,"X":"648300.5","Y":"9206006.5","Rotation":0,"NAMOBJ":"Kembangbahu","WADMKC":"Kembangbahu","WADMKK":"Lamongan"},"geometry":{"type":"Point","coordinates":[112.3,-7.2]}},{"type":"Feature","properties":{"Line":"R138","Tr":2671,"X":"648300.5","Y":"9205994.0","Rotation":0,"NAMOBJ":"Kembangbahu","WADMKC":"Kembangbahu","WADMKK":"Lamongan"},"geometry":{"type":"Point","coordinates":[112.3,-7.2]}},{"type":"Feature","properties":{"Line":"R138","Tr":2672,"X":"648300.5","Y":"9205981.5","Rotation":0,"NAMOBJ":"Kembangbahu","WADMKC":"Kembangbahu","WADMKK":"Lamongan"},"geometry":{"type":"Point","coordinates":[112.3,-7.2]}},{"type":"Feature","properties":{"Line":"R138","Tr":2673,"X":"648300.5","Y":"9205969.0","Rotation":0,"NAMOBJ":"Kembangbahu","WADMKC":"Kembangbahu","WADMKK":"Lamongan"},"geometry":{"type":"Point","coordinates":[112.3,-7.2]}},{"type":"Feature","properties":{"Line":"R138","Tr":2674,"X":"648300.5","Y":"9205956.5","Rotation":0,"NAMOBJ":"Kembangbahu","WADMKC":"Kembangbahu","WADMKK":"Lamongan"},"geometry":{"type":"Point","coordinates":[112.3,-7.2]}},{"type":"Feature","properties":{"Line":"R138","Tr":2675,"X":"648300.5","Y":"9205944.0","Rotation":0,"NAMOBJ":"Kembangbahu","WADMKC":"Kembangbahu","WADMKK":"Lamongan"},"geometry":{"type":"Point","coordinates":[112.3,-7.2]}},{"type":"Feature","properties":{"Line":"R138","Tr":2676,"X":"648300.5","Y":"9205931.5","Rotation":0,"NAMOBJ":"Kembangbahu","WADMKC":"Kembangbahu","WADMKK":"Lamongan"},"geometry":{"type":"Point","coordinates":[112.3,-7.2]}},{"type":"Feature","properties":{"Line":"R138","Tr":2677,"X":"648300.5","Y":"9205919.0","Rotation":0,"NAMOBJ":"Kembangbahu","WADMKC":"Kembangbahu","WADMKK":"Lamongan"},"geometry":{"type":"Point","coordinates":[112.3,-7.2]}},{"type":"Feature","properties":{"Line":"R138","Tr":2678,"X":"648300.5","Y":"9205906.5","Rotation":0,"NAMOBJ":"Kembangbahu","WADMKC":"Kembangbahu","WADMKK":"Lamongan"},"geometry":{"type":"Point","coordinates":[112.3,-7.2]}},{"type":"Feature","properties":{"Line":"R138","Tr":2679,"X":"648300.5","Y":"9205894.0","Rotation":0,"NAMOBJ":"Kembangbahu","WADMKC":"Kembangbahu","WADMKK":"Lamongan"},"geometry":{"type":"Point","coordinates":[112.3,-7.2]}},{"type":"Feature","properties":{"Line":"R138","Tr":2680,"X":"648300.5","Y":"9205881.5","Rotation":0,"NAMOBJ":"Kembangbahu","WADMKC":"Kembangbahu","WADMKK":"Lamongan"},"geometry":{"type":"Point","coordinates":[112.3,-7.2]}},{"type":"Feature","properties":{"Line":"R138","Tr":2681,"X":"648300.5","Y":"9205869.0","Rotation":0,"NAMOBJ":"Kembangbahu","WADMKC":"Kembangbahu","WADMKK":"Lamongan"},"geometry":{"type":"Point","coordinates":[112.3,-7.2]}},{"type":"Feature","properties":{"Line":"R138","Tr":2682,"X":"648300.5","Y":"9205856.5","Rotation":0,"NAMOBJ":"Kembangbahu","WADMKC":"Kembangbahu","WADMKK":"Lamongan"},"geometry":{"type":"Point","coordinates":[112.3,-7.2]}},{"type":"Feature","properties":{"Line":"R138","Tr":2683,"X":"648300.5","Y":"9205844.0","Rotation":0,"NAMOBJ":"Kembangbahu","WADMKC":"Kembangbahu","WADMKK":"Lamongan"},"geometry":{"type":"Point","coordinates":[112.3,-7.2]}},{"type":"Feature","properties":{"Line":"R138","Tr":2684,"X":"648300.5","Y":"9205831.5","Rotation":0,"NAMOBJ":"Kembangbahu","WADMKC":"Kembangbahu","WADMKK":"Lamongan"},"geometry":{"type":"Point","coordinates":[112.3,-7.2]}},{"type":"Feature","properties":{"Line":"R138","Tr":2685,"X":"648300.5","Y":"9205819.0","Rotation":0,"NAMOBJ":"Kembangbahu","WADMKC":"Kembangbahu","WADMKK":"Lamongan"},"geometry":{"type":"Point","coordinates":[112.3,-7.2]}},{"type":"Feature","properties":{"Line":"R138","Tr":2686,"X":"648300.5","Y":"9205806.5","Rotation":0,"NAMOBJ":"Kembangbahu","WADMKC":"Kembangbahu","WADMKK":"Lamongan"},"geometry":{"type":"Point","coordinates":[112.3,-7.2]}},{"type":"Feature","properties":{"Line":"R138","Tr":2687,"X":"648300.5","Y":"9205794.0","Rotation":0,"NAMOBJ":"Kembangbahu","WADMKC":"Kembangbahu","WADMKK":"Lamongan"},"geometry":{"type":"Point","coordinates":[112.3,-7.2]}},{"type":"Feature","properties":{"Line":"R138","Tr":2688,"X":"648300.5","Y":"9205781.5","Rotation":0,"NAMOBJ":"Kembangbahu","WADMKC":"Kembangbahu","WADMKK":"Lamongan"},"geometry":{"type":"Point","coordinates":[112.3,-7.2]}},{"type":"Feature","properties":{"Line":"R138","Tr":2689,"X":"648300.5","Y":"9205769.0","Rotation":0,"NAMOBJ":"Kembangbahu","WADMKC":"Kembangbahu","WADMKK":"Lamongan"},"geometry":{"type":"Point","coordinates":[112.3,-7.2]}},{"type":"Feature","properties":{"Line":"R138","Tr":2690,"X":"648300.5","Y":"9205756.5","Rotation":0,"NAMOBJ":"Kembangbahu","WADMKC":"Kembangbahu","WADMKK":"Lamongan"},"geometry":{"type":"Point","coordinates":[112.3,-7.2]}},{"type":"Feature","properties":{"Line":"R138","Tr":2691,"X":"648300.5","Y":"9205744.0","Rotation":0,"NAMOBJ":"Kembangbahu","WADMKC":"Kembangbahu","WADMKK":"Lamongan"},"geometry":{"type":"Point","coordinates":[112.3,-7.2]}},{"type":"Feature","properties":{"Line":"R138","Tr":2692,"X":"648300.5","Y":"9205731.5","Rotation":0,"NAMOBJ":"Kembangbahu","WADMKC":"Kembangbahu","WADMKK":"Lamongan"},"geometry":{"type":"Point","coordinates":[112.3,-7.2]}},{"type":"Feature","properties":{"Line":"R138","Tr":2693,"X":"648300.5","Y":"9205719.0","Rotation":0,"NAMOBJ":"Kembangbahu","WADMKC":"Kembangbahu","WADMKK":"Lamongan"},"geometry":{"type":"Point","coordinates":[112.3,-7.2]}},{"type":"Feature","properties":{"Line":"R138","Tr":2694,"X":"648300.5","Y":"9205706.5","Rotation":0,"NAMOBJ":"Kembangbahu","WADMKC":"Kembangbahu","WADMKK":"Lamongan"},"geometry":{"type":"Point","coordinates":[112.3,-7.2]}},{"type":"Feature","properties":{"Line":"R138","Tr":2695,"X":"648300.5","Y":"9205694.0","Rotation":0,"NAMOBJ":"Kembangbahu","WADMKC":"Kembangbahu","WADMKK":"Lamongan"},"geometry":{"type":"Point","coordinates":[112.3,-7.2]}},{"type":"Feature","properties":{"Line":"R138","Tr":2696,"X":"648300.5","Y":"9205681.5","Rotation":0,"NAMOBJ":"Kembangbahu","WADMKC":"Kembangbahu","WADMKK":"Lamongan"},"geometry":{"type":"Point","coordinates":[112.3,-7.2]}},{"type":"Feature","properties":{"Line":"R138","Tr":2697,"X":"648300.5","Y":"9205669.0","Rotation":0,"NAMOBJ":"Kembangbahu","WADMKC":"Kembangbahu","WADMKK":"Lamongan"},"geometry":{"type":"Point","coordinates":[112.3,-7.2]}},{"type":"Feature","properties":{"Line":"R138","Tr":2698,"X":"648300.5","Y":"9205656.5","Rotation":0,"NAMOBJ":"Kembangbahu","WADMKC":"Kembangbahu","WADMKK":"Lamongan"},"geometry":{"type":"Point","coordinates":[112.3,-7.2]}},{"type":"Feature","properties":{"Line":"R138","Tr":2699,"X":"648300.5","Y":"9205644.0","Rotation":0,"NAMOBJ":"Kembangbahu","WADMKC":"Kembangbahu","WADMKK":"Lamongan"},"geometry":{"type":"Point","coordinates":[112.3,-7.2]}},{"type":"Feature","properties":{"Line":"R138","Tr":2700,"X":"648300.5","Y":"9205631.5","Rotation":0,"NAMOBJ":"Kembangbahu","WADMKC":"Kembangbahu","WADMKK":"Lamongan"},"geometry":{"type":"Point","coordinates":[112.3,-7.2]}},{"type":"Feature","properties":{"Line":"R138","Tr":2701,"X":"648300.5","Y":"9205619.0","Rotation":0,"NAMOBJ":"Kembangbahu","WADMKC":"Kembangbahu","WADMKK":"Lamongan"},"geometry":{"type":"Point","coordinates":[112.3,-7.2]}},{"type":"Feature","properties":{"Line":"R138","Tr":2702,"X":"648300.5","Y":"9205606.5","Rotation":0,"NAMOBJ":"Kembangbahu","WADMKC":"Kembangbahu","WADMKK":"Lamongan"},"geometry":{"type":"Point","coordinates":[112.3,-7.2]}},{"type":"Feature","properties":{"Line":"R138","Tr":2703,"X":"648300.5","Y":"9205594.0","Rotation":0,"NAMOBJ":"Kembangbahu","WADMKC":"Kembangbahu","WADMKK":"Lamongan"},"geometry":{"type":"Point","coordinates":[112.3,-7.2]}},{"type":"Feature","properties":{"Line":"R138","Tr":2704,"X":"648300.5","Y":"9205581.5","Rotation":0,"NAMOBJ":"Kembangbahu","WADMKC":"Kembangbahu","WADMKK":"Lamongan"},"geometry":{"type":"Point","coordinates":[112.3,-7.2]}},{"type":"Feature","properties":{"Line":"R138","Tr":2705,"X":"648300.5","Y":"9205569.0","Rotation":0,"NAMOBJ":"Kembangbahu","WADMKC":"Kembangbahu","WADMKK":"Lamongan"},"geometry":{"type":"Point","coordinates":[112.3,-7.2]}},{"type":"Feature","properties":{"Line":"R138","Tr":2706,"X":"648300.5","Y":"9205556.5","Rotation":0,"NAMOBJ":"Kembangbahu","WADMKC":"Kembangbahu","WADMKK":"Lamongan"},"geometry":{"type":"Point","coordinates":[112.3,-7.2]}},{"type":"Feature","properties":{"Line":"R138","Tr":2707,"X":"648300.5","Y":"9205544.0","Rotation":0,"NAMOBJ":"Kembangbahu","WADMKC":"Kembangbahu","WADMKK":"Lamongan"},"geometry":{"type":"Point","coordinates":[112.3,-7.2]}},{"type":"Feature","properties":{"Line":"R138","Tr":2708,"X":"648300.5","Y":"9205531.5","Rotation":0,"NAMOBJ":"Kembangbahu","WADMKC":"Kembangbahu","WADMKK":"Lamongan"},"geometry":{"type":"Point","coordinates":[112.3,-7.2]}},{"type":"Feature","properties":{"Line":"R138","Tr":2709,"X":"648300.5","Y":"9205519.0","Rotation":0,"NAMOBJ":"Kembangbahu","WADMKC":"Kembangbahu","WADMKK":"Lamongan"},"geometry":{"type":"Point","coordinates":[112.3,-7.2]}},{"type":"Feature","properties":{"Line":"R138","Tr":2710,"X":"648300.5","Y":"9205506.5","Rotation":0,"NAMOBJ":"Kembangbahu","WADMKC":"Kembangbahu","WADMKK":"Lamongan"},"geometry":{"type":"Point","coordinates":[112.3,-7.2]}},{"type":"Feature","properties":{"Line":"R138","Tr":2711,"X":"648300.5","Y":"9205494.0","Rotation":0,"NAMOBJ":"Kembangbahu","WADMKC":"Kembangbahu","WADMKK":"Lamongan"},"geometry":{"type":"Point","coordinates":[112.3,-7.2]}},{"type":"Feature","properties":{"Line":"R138","Tr":2712,"X":"648300.5","Y":"9205481.5","Rotation":0,"NAMOBJ":"Kembangbahu","WADMKC":"Kembangbahu","WADMKK":"Lamongan"},"geometry":{"type":"Point","coordinates":[112.3,-7.2]}},{"type":"Feature","properties":{"Line":"R138","Tr":2713,"X":"648300.5","Y":"9205469.0","Rotation":0,"NAMOBJ":"Kembangbahu","WADMKC":"Kembangbahu","WADMKK":"Lamongan"},"geometry":{"type":"Point","coordinates":[112.3,-7.2]}},{"type":"Feature","properties":{"Line":"R138","Tr":2714,"X":"648300.5","Y":"9205456.5","Rotation":0,"NAMOBJ":"Kembangbahu","WADMKC":"Kembangbahu","WADMKK":"Lamongan"},"geometry":{"type":"Point","coordinates":[112.3,-7.2]}},{"type":"Feature","properties":{"Line":"R138","Tr":2715,"X":"648300.5","Y":"9205444.0","Rotation":0,"NAMOBJ":"Kembangbahu","WADMKC":"Kembangbahu","WADMKK":"Lamongan"},"geometry":{"type":"Point","coordinates":[112.3,-7.2]}},{"type":"Feature","properties":{"Line":"R138","Tr":2716,"X":"648300.5","Y":"9205431.5","Rotation":0,"NAMOBJ":"Kembangbahu","WADMKC":"Kembangbahu","WADMKK":"Lamongan"},"geometry":{"type":"Point","coordinates":[112.3,-7.2]}},{"type":"Feature","properties":{"Line":"R138","Tr":2717,"X":"648300.5","Y":"9205419.0","Rotation":0,"NAMOBJ":"Kembangbahu","WADMKC":"Kembangbahu","WADMKK":"Lamongan"},"geometry":{"type":"Point","coordinates":[112.3,-7.2]}},{"type":"Feature","properties":{"Line":"R138","Tr":2718,"X":"648300.5","Y":"9205406.5","Rotation":0,"NAMOBJ":"Kembangbahu","WADMKC":"Kembangbahu","WADMKK":"Lamongan"},"geometry":{"type":"Point","coordinates":[112.3,-7.2]}},{"type":"Feature","properties":{"Line":"R138","Tr":2719,"X":"648300.5","Y":"9205394.0","Rotation":0,"NAMOBJ":"Kembangbahu","WADMKC":"Kembangbahu","WADMKK":"Lamongan"},"geometry":{"type":"Point","coordinates":[112.3,-7.2]}},{"type":"Feature","properties":{"Line":"R138","Tr":2720,"X":"648300.5","Y":"9205381.5","Rotation":0,"NAMOBJ":"Kembangbahu","WADMKC":"Kembangbahu","WADMKK":"Lamongan"},"geometry":{"type":"Point","coordinates":[112.3,-7.2]}},{"type":"Feature","properties":{"Line":"R138","Tr":2721,"X":"648300.5","Y":"9205369.0","Rotation":0,"NAMOBJ":"Kembangbahu","WADMKC":"Kembangbahu","WADMKK":"Lamongan"},"geometry":{"type":"Point","coordinates":[112.3,-7.2]}},{"type":"Feature","properties":{"Line":"R138","Tr":2722,"X":"648300.5","Y":"9205356.5","Rotation":0,"NAMOBJ":"Kembangbahu","WADMKC":"Kembangbahu","WADMKK":"Lamongan"},"geometry":{"type":"Point","coordinates":[112.3,-7.2]}},{"type":"Feature","properties":{"Line":"R138","Tr":2723,"X":"648300.5","Y":"9205344.0","Rotation":0,"NAMOBJ":"Kembangbahu","WADMKC":"Kembangbahu","WADMKK":"Lamongan"},"geometry":{"type":"Point","coordinates":[112.3,-7.2]}},{"type":"Feature","properties":{"Line":"R138","Tr":2724,"X":"648300.5","Y":"9205331.5","Rotation":0,"NAMOBJ":"Kembangbahu","WADMKC":"Kembangbahu","WADMKK":"Lamongan"},"geometry":{"type":"Point","coordinates":[112.3,-7.2]}},{"type":"Feature","properties":{"Line":"R138","Tr":2725,"X":"648300.5","Y":"9205319.0","Rotation":0,"NAMOBJ":"Kembangbahu","WADMKC":"Kembangbahu","WADMKK":"Lamongan"},"geometry":{"type":"Point","coordinates":[112.3,-7.2]}},{"type":"Feature","properties":{"Line":"R138","Tr":2726,"X":"648300.5","Y":"9205306.5","Rotation":0,"NAMOBJ":"Kembangbahu","WADMKC":"Kembangbahu","WADMKK":"Lamongan"},"geometry":{"type":"Point","coordinates":[112.3,-7.2]}},{"type":"Feature","properties":{"Line":"R138","Tr":2727,"X":"648300.5","Y":"9205294.0","Rotation":0,"NAMOBJ":"Kembangbahu","WADMKC":"Kembangbahu","WADMKK":"Lamongan"},"geometry":{"type":"Point","coordinates":[112.3,-7.2]}},{"type":"Feature","properties":{"Line":"R138","Tr":2728,"X":"648300.5","Y":"9205281.5","Rotation":0,"NAMOBJ":"Kembangbahu","WADMKC":"Kembangbahu","WADMKK":"Lamongan"},"geometry":{"type":"Point","coordinates":[112.3,-7.2]}},{"type":"Feature","properties":{"Line":"R138","Tr":2729,"X":"648300.5","Y":"9205269.0","Rotation":0,"NAMOBJ":"Kembangbahu","WADMKC":"Kembangbahu","WADMKK":"Lamongan"},"geometry":{"type":"Point","coordinates":[112.3,-7.2]}},{"type":"Feature","properties":{"Line":"R126","Tr":2719,"X":"642300.5","Y":"9206144.0","Rotation":0,"NAMOBJ":"Lawanganagung","WADMKC":"Sugio","WADMKK":"Lamongan"},"geometry":{"type":"Point","coordinates":[112.3,-7.2]}},{"type":"Feature","properties":{"Line":"R126","Tr":2720,"X":"642300.5","Y":"9206131.5","Rotation":0,"NAMOBJ":"Lawanganagung","WADMKC":"Sugio","WADMKK":"Lamongan"},"geometry":{"type":"Point","coordinates":[112.3,-7.2]}},{"type":"Feature","properties":{"Line":"R126","Tr":2721,"X":"642300.5","Y":"9206119.0","Rotation":0,"NAMOBJ":"Lawanganagung","WADMKC":"Sugio","WADMKK":"Lamongan"},"geometry":{"type":"Point","coordinates":[112.3,-7.2]}},{"type":"Feature","properties":{"Line":"R126","Tr":2722,"X":"642300.5","Y":"9206106.5","Rotation":0,"NAMOBJ":"Lawanganagung","WADMKC":"Sugio","WADMKK":"Lamongan"},"geometry":{"type":"Point","coordinates":[112.3,-7.2]}},{"type":"Feature","properties":{"Line":"R126","Tr":2723,"X":"642300.5","Y":"9206094.0","Rotation":0,"NAMOBJ":"Lawanganagung","WADMKC":"Sugio","WADMKK":"Lamongan"},"geometry":{"type":"Point","coordinates":[112.3,-7.2]}},{"type":"Feature","properties":{"Line":"R126","Tr":2724,"X":"642300.5","Y":"9206081.5","Rotation":0,"NAMOBJ":"Lawanganagung","WADMKC":"Sugio","WADMKK":"Lamongan"},"geometry":{"type":"Point","coordinates":[112.3,-7.2]}},{"type":"Feature","properties":{"Line":"R126","Tr":2725,"X":"642300.5","Y":"9206069.0","Rotation":0,"NAMOBJ":"Lawanganagung","WADMKC":"Sugio","WADMKK":"Lamongan"},"geometry":{"type":"Point","coordinates":[112.3,-7.2]}},{"type":"Feature","properties":{"Line":"R126","Tr":2726,"X":"642300.5","Y":"9206056.5","Rotation":0,"NAMOBJ":"Lawanganagung","WADMKC":"Sugio","WADMKK":"Lamongan"},"geometry":{"type":"Point","coordinates":[112.3,-7.2]}},{"type":"Feature","properties":{"Line":"R126","Tr":2727,"X":"642300.5","Y":"9206044.0","Rotation":0,"NAMOBJ":"Lawanganagung","WADMKC":"Sugio","WADMKK":"Lamongan"},"geometry":{"type":"Point","coordinates":[112.3,-7.2]}},{"type":"Feature","properties":{"Line":"R126","Tr":2728,"X":"642300.5","Y":"9206031.5","Rotation":0,"NAMOBJ":"Lawanganagung","WADMKC":"Sugio","WADMKK":"Lamongan"},"geometry":{"type":"Point","coordinates":[112.3,-7.2]}},{"type":"Feature","properties":{"Line":"R126","Tr":2729,"X":"642300.5","Y":"9206019.0","Rotation":0,"NAMOBJ":"Lawanganagung","WADMKC":"Sugio","WADMKK":"Lamongan"},"geometry":{"type":"Point","coordinates":[112.3,-7.2]}},{"type":"Feature","properties":{"Line":"R126","Tr":2730,"X":"642300.5","Y":"9206006.5","Rotation":0,"NAMOBJ":"Lawanganagung","WADMKC":"Sugio","WADMKK":"Lamongan"},"geometry":{"type":"Point","coordinates":[112.3,-7.2]}},{"type":"Feature","properties":{"Line":"R126","Tr":2731,"X":"642300.5","Y":"9205994.0","Rotation":0,"NAMOBJ":"Lawanganagung","WADMKC":"Sugio","WADMKK":"Lamongan"},"geometry":{"type":"Point","coordinates":[112.3,-7.2]}},{"type":"Feature","properties":{"Line":"R126","Tr":2732,"X":"642300.5","Y":"9205981.5","Rotation":0,"NAMOBJ":"Lawanganagung","WADMKC":"Sugio","WADMKK":"Lamongan"},"geometry":{"type":"Point","coordinates":[112.3,-7.2]}},{"type":"Feature","properties":{"Line":"R126","Tr":2733,"X":"642300.5","Y":"9205969.0","Rotation":0,"NAMOBJ":"Lawanganagung","WADMKC":"Sugio","WADMKK":"Lamongan"},"geometry":{"type":"Point","coordinates":[112.3,-7.2]}},{"type":"Feature","properties":{"Line":"R126","Tr":2734,"X":"642300.5","Y":"9205956.5","Rotation":0,"NAMOBJ":"Lawanganagung","WADMKC":"Sugio","WADMKK":"Lamongan"},"geometry":{"type":"Point","coordinates":[112.3,-7.2]}},{"type":"Feature","properties":{"Line":"R126","Tr":2735,"X":"642300.5","Y":"9205944.0","Rotation":0,"NAMOBJ":"Lawanganagung","WADMKC":"Sugio","WADMKK":"Lamongan"},"geometry":{"type":"Point","coordinates":[112.3,-7.2]}},{"type":"Feature","properties":{"Line":"R126","Tr":2736,"X":"642300.5","Y":"9205931.5","Rotation":0,"NAMOBJ":"Lawanganagung","WADMKC":"Sugio","WADMKK":"Lamongan"},"geometry":{"type":"Point","coordinates":[112.3,-7.2]}},{"type":"Feature","properties":{"Line":"R126","Tr":2737,"X":"642300.5","Y":"9205919.0","Rotation":0,"NAMOBJ":"Lawanganagung","WADMKC":"Sugio","WADMKK":"Lamongan"},"geometry":{"type":"Point","coordinates":[112.3,-7.2]}},{"type":"Feature","properties":{"Line":"R126","Tr":2738,"X":"642300.5","Y":"9205906.5","Rotation":0,"NAMOBJ":"Lawanganagung","WADMKC":"Sugio","WADMKK":"Lamongan"},"geometry":{"type":"Point","coordinates":[112.3,-7.2]}},{"type":"Feature","properties":{"Line":"R126","Tr":2739,"X":"642300.5","Y":"9205894.0","Rotation":0,"NAMOBJ":"Lawanganagung","WADMKC":"Sugio","WADMKK":"Lamongan"},"geometry":{"type":"Point","coordinates":[112.3,-7.2]}},{"type":"Feature","properties":{"Line":"R126","Tr":2740,"X":"642300.5","Y":"9205881.5","Rotation":0,"NAMOBJ":"Lawanganagung","WADMKC":"Sugio","WADMKK":"Lamongan"},"geometry":{"type":"Point","coordinates":[112.3,-7.2]}},{"type":"Feature","properties":{"Line":"R126","Tr":2741,"X":"642300.5","Y":"9205869.0","Rotation":0,"NAMOBJ":"Lawanganagung","WADMKC":"Sugio","WADMKK":"Lamongan"},"geometry":{"type":"Point","coordinates":[112.3,-7.2]}},{"type":"Feature","properties":{"Line":"R126","Tr":2742,"X":"642300.5","Y":"9205856.5","Rotation":0,"NAMOBJ":"Lawanganagung","WADMKC":"Sugio","WADMKK":"Lamongan"},"geometry":{"type":"Point","coordinates":[112.3,-7.2]}},{"type":"Feature","properties":{"Line":"R126","Tr":2743,"X":"642300.5","Y":"9205844.0","Rotation":0,"NAMOBJ":"Lawanganagung","WADMKC":"Sugio","WADMKK":"Lamongan"},"geometry":{"type":"Point","coordinates":[112.3,-7.2]}},{"type":"Feature","properties":{"Line":"R126","Tr":2744,"X":"642300.5","Y":"9205831.5","Rotation":0,"NAMOBJ":"Lawanganagung","WADMKC":"Sugio","WADMKK":"Lamongan"},"geometry":{"type":"Point","coordinates":[112.3,-7.2]}},{"type":"Feature","properties":{"Line":"R126","Tr":2745,"X":"642300.5","Y":"9205819.0","Rotation":0,"NAMOBJ":"Lawanganagung","WADMKC":"Sugio","WADMKK":"Lamongan"},"geometry":{"type":"Point","coordinates":[112.3,-7.2]}},{"type":"Feature","properties":{"Line":"R126","Tr":2746,"X":"642300.5","Y":"9205806.5","Rotation":0,"NAMOBJ":"Lawanganagung","WADMKC":"Sugio","WADMKK":"Lamongan"},"geometry":{"type":"Point","coordinates":[112.3,-7.2]}},{"type":"Feature","properties":{"Line":"R126","Tr":2747,"X":"642300.5","Y":"9205794.0","Rotation":0,"NAMOBJ":"Lawanganagung","WADMKC":"Sugio","WADMKK":"Lamongan"},"geometry":{"type":"Point","coordinates":[112.3,-7.2]}},{"type":"Feature","properties":{"Line":"R126","Tr":2748,"X":"642300.5","Y":"9205781.5","Rotation":0,"NAMOBJ":"Lawanganagung","WADMKC":"Sugio","WADMKK":"Lamongan"},"geometry":{"type":"Point","coordinates":[112.3,-7.2]}},{"type":"Feature","properties":{"Line":"R126","Tr":2749,"X":"642300.5","Y":"9205769.0","Rotation":0,"NAMOBJ":"Lawanganagung","WADMKC":"Sugio","WADMKK":"Lamongan"},"geometry":{"type":"Point","coordinates":[112.3,-7.2]}},{"type":"Feature","properties":{"Line":"R126","Tr":2750,"X":"642300.5","Y":"9205756.5","Rotation":0,"NAMOBJ":"Lawanganagung","WADMKC":"Sugio","WADMKK":"Lamongan"},"geometry":{"type":"Point","coordinates":[112.3,-7.2]}},{"type":"Feature","properties":{"Line":"R126","Tr":2751,"X":"642300.5","Y":"9205744.0","Rotation":0,"NAMOBJ":"Lawanganagung","WADMKC":"Sugio","WADMKK":"Lamongan"},"geometry":{"type":"Point","coordinates":[112.3,-7.2]}},{"type":"Feature","properties":{"Line":"R126","Tr":2752,"X":"642300.5","Y":"9205731.5","Rotation":0,"NAMOBJ":"Lawanganagung","WADMKC":"Sugio","WADMKK":"Lamongan"},"geometry":{"type":"Point","coordinates":[112.3,-7.2]}},{"type":"Feature","properties":{"Line":"R126","Tr":2753,"X":"642300.5","Y":"9205719.0","Rotation":0,"NAMOBJ":"Lawanganagung","WADMKC":"Sugio","WADMKK":"Lamongan"},"geometry":{"type":"Point","coordinates":[112.3,-7.2]}},{"type":"Feature","properties":{"Line":"R126","Tr":2754,"X":"642300.5","Y":"9205706.5","Rotation":0,"NAMOBJ":"Lawanganagung","WADMKC":"Sugio","WADMKK":"Lamongan"},"geometry":{"type":"Point","coordinates":[112.3,-7.2]}},{"type":"Feature","properties":{"Line":"R126","Tr":2755,"X":"642300.5","Y":"9205694.0","Rotation":0,"NAMOBJ":"Lawanganagung","WADMKC":"Sugio","WADMKK":"Lamongan"},"geometry":{"type":"Point","coordinates":[112.3,-7.2]}},{"type":"Feature","properties":{"Line":"R126","Tr":2756,"X":"642300.5","Y":"9205681.5","Rotation":0,"NAMOBJ":"Lawanganagung","WADMKC":"Sugio","WADMKK":"Lamongan"},"geometry":{"type":"Point","coordinates":[112.3,-7.2]}},{"type":"Feature","properties":{"Line":"R126","Tr":2757,"X":"642300.5","Y":"9205669.0","Rotation":0,"NAMOBJ":"Lawanganagung","WADMKC":"Sugio","WADMKK":"Lamongan"},"geometry":{"type":"Point","coordinates":[112.3,-7.2]}},{"type":"Feature","properties":{"Line":"R126","Tr":2758,"X":"642300.5","Y":"9205656.5","Rotation":0,"NAMOBJ":"Lawanganagung","WADMKC":"Sugio","WADMKK":"Lamongan"},"geometry":{"type":"Point","coordinates":[112.3,-7.2]}},{"type":"Feature","properties":{"Line":"R126","Tr":2759,"X":"642300.5","Y":"9205644.0","Rotation":0,"NAMOBJ":"Lawanganagung","WADMKC":"Sugio","WADMKK":"Lamongan"},"geometry":{"type":"Point","coordinates":[112.3,-7.2]}},{"type":"Feature","properties":{"Line":"R126","Tr":2760,"X":"642300.5","Y":"9205631.5","Rotation":0,"NAMOBJ":"Lawanganagung","WADMKC":"Sugio","WADMKK":"Lamongan"},"geometry":{"type":"Point","coordinates":[112.3,-7.2]}},{"type":"Feature","properties":{"Line":"R126","Tr":2761,"X":"642300.5","Y":"9205619.0","Rotation":0,"NAMOBJ":"Lawanganagung","WADMKC":"Sugio","WADMKK":"Lamongan"},"geometry":{"type":"Point","coordinates":[112.3,-7.2]}},{"type":"Feature","properties":{"Line":"R126","Tr":2762,"X":"642300.5","Y":"9205606.5","Rotation":0,"NAMOBJ":"Lawanganagung","WADMKC":"Sugio","WADMKK":"Lamongan"},"geometry":{"type":"Point","coordinates":[112.3,-7.2]}},{"type":"Feature","properties":{"Line":"R126","Tr":2763,"X":"642300.5","Y":"9205594.0","Rotation":0,"NAMOBJ":"Lawanganagung","WADMKC":"Sugio","WADMKK":"Lamongan"},"geometry":{"type":"Point","coordinates":[112.3,-7.2]}},{"type":"Feature","properties":{"Line":"R126","Tr":2764,"X":"642300.5","Y":"9205581.5","Rotation":0,"NAMOBJ":"Lawanganagung","WADMKC":"Sugio","WADMKK":"Lamongan"},"geometry":{"type":"Point","coordinates":[112.3,-7.2]}},{"type":"Feature","properties":{"Line":"R126","Tr":2765,"X":"642300.5","Y":"9205569.0","Rotation":0,"NAMOBJ":"Lawanganagung","WADMKC":"Sugio","WADMKK":"Lamongan"},"geometry":{"type":"Point","coordinates":[112.3,-7.2]}},{"type":"Feature","properties":{"Line":"R126","Tr":2766,"X":"642300.5","Y":"9205556.5","Rotation":0,"NAMOBJ":"Lawanganagung","WADMKC":"Sugio","WADMKK":"Lamongan"},"geometry":{"type":"Point","coordinates":[112.3,-7.2]}},{"type":"Feature","properties":{"Line":"R126","Tr":2767,"X":"642300.5","Y":"9205544.0","Rotation":0,"NAMOBJ":"Lawanganagung","WADMKC":"Sugio","WADMKK":"Lamongan"},"geometry":{"type":"Point","coordinates":[112.3,-7.2]}},{"type":"Feature","properties":{"Line":"R126","Tr":2768,"X":"642300.5","Y":"9205531.5","Rotation":0,"NAMOBJ":"Lawanganagung","WADMKC":"Sugio","WADMKK":"Lamongan"},"geometry":{"type":"Point","coordinates":[112.3,-7.2]}},{"type":"Feature","properties":{"Line":"R126","Tr":2769,"X":"642300.5","Y":"9205519.0","Rotation":0,"NAMOBJ":"Lawanganagung","WADMKC":"Sugio","WADMKK":"Lamongan"},"geometry":{"type":"Point","coordinates":[112.3,-7.2]}},{"type":"Feature","properties":{"Line":"R126","Tr":2770,"X":"642300.5","Y":"9205506.5","Rotation":0,"NAMOBJ":"Lawanganagung","WADMKC":"Sugio","WADMKK":"Lamongan"},"geometry":{"type":"Point","coordinates":[112.3,-7.2]}},{"type":"Feature","properties":{"Line":"R126","Tr":2771,"X":"642300.5","Y":"9205494.0","Rotation":0,"NAMOBJ":"Lawanganagung","WADMKC":"Sugio","WADMKK":"Lamongan"},"geometry":{"type":"Point","coordinates":[112.3,-7.2]}},{"type":"Feature","properties":{"Line":"R126","Tr":2772,"X":"642300.5","Y":"9205481.5","Rotation":0,"NAMOBJ":"Lawanganagung","WADMKC":"Sugio","WADMKK":"Lamongan"},"geometry":{"type":"Point","coordinates":[112.3,-7.2]}},{"type":"Feature","properties":{"Line":"R126","Tr":2773,"X":"642300.5","Y":"9205469.0","Rotation":0,"NAMOBJ":"Lawanganagung","WADMKC":"Sugio","WADMKK":"Lamongan"},"geometry":{"type":"Point","coordinates":[112.3,-7.2]}},{"type":"Feature","properties":{"Line":"R126","Tr":2774,"X":"642300.5","Y":"9205456.5","Rotation":0,"NAMOBJ":"Lawanganagung","WADMKC":"Sugio","WADMKK":"Lamongan"},"geometry":{"type":"Point","coordinates":[112.3,-7.2]}},{"type":"Feature","properties":{"Line":"R126","Tr":2775,"X":"642300.5","Y":"9205444.0","Rotation":0,"NAMOBJ":"Lawanganagung","WADMKC":"Sugio","WADMKK":"Lamongan"},"geometry":{"type":"Point","coordinates":[112.3,-7.2]}},{"type":"Feature","properties":{"Line":"R126","Tr":2776,"X":"642300.5","Y":"9205431.5","Rotation":0,"NAMOBJ":"Lawanganagung","WADMKC":"Sugio","WADMKK":"Lamongan"},"geometry":{"type":"Point","coordinates":[112.3,-7.2]}},{"type":"Feature","properties":{"Line":"R126","Tr":2777,"X":"642300.5","Y":"9205419.0","Rotation":0,"NAMOBJ":"Lawanganagung","WADMKC":"Sugio","WADMKK":"Lamongan"},"geometry":{"type":"Point","coordinates":[112.3,-7.2]}},{"type":"Feature","properties":{"Line":"R126","Tr":2778,"X":"642300.5","Y":"9205406.5","Rotation":0,"NAMOBJ":"Lawanganagung","WADMKC":"Sugio","WADMKK":"Lamongan"},"geometry":{"type":"Point","coordinates":[112.3,-7.2]}},{"type":"Feature","properties":{"Line":"R126","Tr":2779,"X":"642300.5","Y":"9205394.0","Rotation":0,"NAMOBJ":"Lawanganagung","WADMKC":"Sugio","WADMKK":"Lamongan"},"geometry":{"type":"Point","coordinates":[112.3,-7.2]}},{"type":"Feature","properties":{"Line":"R126","Tr":2780,"X":"642300.5","Y":"9205381.5","Rotation":0,"NAMOBJ":"Lawanganagung","WADMKC":"Sugio","WADMKK":"Lamongan"},"geometry":{"type":"Point","coordinates":[112.3,-7.2]}},{"type":"Feature","properties":{"Line":"R126","Tr":2781,"X":"642300.5","Y":"9205369.0","Rotation":0,"NAMOBJ":"Lawanganagung","WADMKC":"Sugio","WADMKK":"Lamongan"},"geometry":{"type":"Point","coordinates":[112.3,-7.2]}},{"type":"Feature","properties":{"Line":"R126","Tr":2782,"X":"642300.5","Y":"9205356.5","Rotation":0,"NAMOBJ":"Lawanganagung","WADMKC":"Sugio","WADMKK":"Lamongan"},"geometry":{"type":"Point","coordinates":[112.3,-7.2]}},{"type":"Feature","properties":{"Line":"R126","Tr":2783,"X":"642300.5","Y":"9205344.0","Rotation":0,"NAMOBJ":"Lawanganagung","WADMKC":"Sugio","WADMKK":"Lamongan"},"geometry":{"type":"Point","coordinates":[112.3,-7.2]}},{"type":"Feature","properties":{"Line":"R126","Tr":2784,"X":"642300.5","Y":"9205331.5","Rotation":0,"NAMOBJ":"Lawanganagung","WADMKC":"Sugio","WADMKK":"Lamongan"},"geometry":{"type":"Point","coordinates":[112.3,-7.2]}},{"type":"Feature","properties":{"Line":"R126","Tr":2785,"X":"642300.5","Y":"9205319.0","Rotation":0,"NAMOBJ":"Lawanganagung","WADMKC":"Sugio","WADMKK":"Lamongan"},"geometry":{"type":"Point","coordinates":[112.3,-7.2]}},{"type":"Feature","properties":{"Line":"R126","Tr":2786,"X":"642300.5","Y":"9205306.5","Rotation":0,"NAMOBJ":"Lawanganagung","WADMKC":"Sugio","WADMKK":"Lamongan"},"geometry":{"type":"Point","coordinates":[112.3,-7.2]}},{"type":"Feature","properties":{"Line":"R126","Tr":2787,"X":"642300.5","Y":"9205294.0","Rotation":0,"NAMOBJ":"Lawanganagung","WADMKC":"Sugio","WADMKK":"Lamongan"},"geometry":{"type":"Point","coordinates":[112.3,-7.2]}},{"type":"Feature","properties":{"Line":"R126","Tr":2788,"X":"642300.5","Y":"9205281.5","Rotation":0,"NAMOBJ":"Lawanganagung","WADMKC":"Sugio","WADMKK":"Lamongan"},"geometry":{"type":"Point","coordinates":[112.3,-7.2]}},{"type":"Feature","properties":{"Line":"R126","Tr":2789,"X":"642300.5","Y":"9205269.0","Rotation":0,"NAMOBJ":"Lawanganagung","WADMKC":"Sugio","WADMKK":"Lamongan"},"geometry":{"type":"Point","coordinates":[112.3,-7.2]}},{"type":"Feature","properties":{"Line":"R126","Tr":2790,"X":"642300.5","Y":"9205256.5","Rotation":0,"NAMOBJ":"Lawanganagung","WADMKC":"Sugio","WADMKK":"Lamongan"},"geometry":{"type":"Point","coordinates":[112.3,-7.2]}},{"type":"Feature","properties":{"Line":"R126","Tr":2791,"X":"642300.5","Y":"9205244.0","Rotation":0,"NAMOBJ":"Lawanganagung","WADMKC":"Sugio","WADMKK":"Lamongan"},"geometry":{"type":"Point","coordinates":[112.3,-7.2]}},{"type":"Feature","properties":{"Line":"R126","Tr":2792,"X":"642300.5","Y":"9205231.5","Rotation":0,"NAMOBJ":"Lawanganagung","WADMKC":"Sugio","WADMKK":"Lamongan"},"geometry":{"type":"Point","coordinates":[112.3,-7.2]}},{"type":"Feature","properties":{"Line":"R126","Tr":2793,"X":"642300.5","Y":"9205219.0","Rotation":0,"NAMOBJ":"Lawanganagung","WADMKC":"Sugio","WADMKK":"Lamongan"},"geometry":{"type":"Point","coordinates":[112.3,-7.2]}},{"type":"Feature","properties":{"Line":"R126","Tr":2794,"X":"642300.5","Y":"9205206.5","Rotation":0,"NAMOBJ":"Lawanganagung","WADMKC":"Sugio","WADMKK":"Lamongan"},"geometry":{"type":"Point","coordinates":[112.3,-7.2]}},{"type":"Feature","properties":{"Line":"R126","Tr":2795,"X":"642300.5","Y":"9205194.0","Rotation":0,"NAMOBJ":"Lawanganagung","WADMKC":"Sugio","WADMKK":"Lamongan"},"geometry":{"type":"Point","coordinates":[112.3,-7.2]}},{"type":"Feature","properties":{"Line":"R126","Tr":2796,"X":"642300.5","Y":"9205181.5","Rotation":0,"NAMOBJ":"Lawanganagung","WADMKC":"Sugio","WADMKK":"Lamongan"},"geometry":{"type":"Point","coordinates":[112.3,-7.2]}},{"type":"Feature","properties":{"Line":"R126","Tr":2797,"X":"642300.5","Y":"9205169.0","Rotation":0,"NAMOBJ":"Lawanganagung","WADMKC":"Sugio","WADMKK":"Lamongan"},"geometry":{"type":"Point","coordinates":[112.3,-7.2]}},{"type":"Feature","properties":{"Line":"R126","Tr":2798,"X":"642300.5","Y":"9205156.5","Rotation":0,"NAMOBJ":"Lawanganagung","WADMKC":"Sugio","WADMKK":"Lamongan"},"geometry":{"type":"Point","coordinates":[112.3,-7.2]}},{"type":"Feature","properties":{"Line":"R126","Tr":2799,"X":"642300.5","Y":"9205144.0","Rotation":0,"NAMOBJ":"Lawanganagung","WADMKC":"Sugio","WADMKK":"Lamongan"},"geometry":{"type":"Point","coordinates":[112.3,-7.2]}},{"type":"Feature","properties":{"Line":"R126","Tr":2800,"X":"642300.5","Y":"9205131.5","Rotation":0,"NAMOBJ":"Lawanganagung","WADMKC":"Sugio","WADMKK":"Lamongan"},"geometry":{"type":"Point","coordinates":[112.3,-7.2]}},{"type":"Feature","properties":{"Line":"R126","Tr":2801,"X":"642300.5","Y":"9205119.0","Rotation":0,"NAMOBJ":"Lawanganagung","WADMKC":"Sugio","WADMKK":"Lamongan"},"geometry":{"type":"Point","coordinates":[112.3,-7.2]}},{"type":"Feature","properties":{"Line":"R126","Tr":2802,"X":"642300.5","Y":"9205106.5","Rotation":0,"NAMOBJ":"Lawanganagung","WADMKC":"Sugio","WADMKK":"Lamongan"},"geometry":{"type":"Point","coordinates":[112.3,-7.2]}},{"type":"Feature","properties":{"Line":"R126","Tr":2803,"X":"642300.5","Y":"9205094.0","Rotation":0,"NAMOBJ":"Lawanganagung","WADMKC":"Sugio","WADMKK":"Lamongan"},"geometry":{"type":"Point","coordinates":[112.3,-7.2]}},{"type":"Feature","properties":{"Line":"R126","Tr":2804,"X":"642300.5","Y":"9205081.5","Rotation":0,"NAMOBJ":"Lawanganagung","WADMKC":"Sugio","WADMKK":"Lamongan"},"geometry":{"type":"Point","coordinates":[112.3,-7.2]}},{"type":"Feature","properties":{"Line":"R126","Tr":2805,"X":"642300.5","Y":"9205069.0","Rotation":0,"NAMOBJ":"Lawanganagung","WADMKC":"Sugio","WADMKK":"Lamongan"},"geometry":{"type":"Point","coordinates":[112.3,-7.2]}},{"type":"Feature","properties":{"Line":"R126","Tr":2806,"X":"642300.5","Y":"9205056.5","Rotation":0,"NAMOBJ":"Lawanganagung","WADMKC":"Sugio","WADMKK":"Lamongan"},"geometry":{"type":"Point","coordinates":[112.3,-7.2]}},{"type":"Feature","properties":{"Line":"R126","Tr":2807,"X":"642300.5","Y":"9205044.0","Rotation":0,"NAMOBJ":"Lawanganagung","WADMKC":"Sugio","WADMKK":"Lamongan"},"geometry":{"type":"Point","coordinates":[112.3,-7.2]}},{"type":"Feature","properties":{"Line":"R126","Tr":2808,"X":"642300.5","Y":"9205031.5","Rotation":0,"NAMOBJ":"Lawanganagung","WADMKC":"Sugio","WADMKK":"Lamongan"},"geometry":{"type":"Point","coordinates":[112.3,-7.2]}},{"type":"Feature","properties":{"Line":"R126","Tr":2809,"X":"642300.5","Y":"9205019.0","Rotation":0,"NAMOBJ":"Lawanganagung","WADMKC":"Sugio","WADMKK":"Lamongan"},"geometry":{"type":"Point","coordinates":[112.3,-7.2]}},{"type":"Feature","properties":{"Line":"R126","Tr":2810,"X":"642300.5","Y":"9205006.5","Rotation":0,"NAMOBJ":"Lawanganagung","WADMKC":"Sugio","WADMKK":"Lamongan"},"geometry":{"type":"Point","coordinates":[112.3,-7.2]}},{"type":"Feature","properties":{"Line":"R126","Tr":2811,"X":"642300.5","Y":"9204994.0","Rotation":0,"NAMOBJ":"Lawanganagung","WADMKC":"Sugio","WADMKK":"Lamongan"},"geometry":{"type":"Point","coordinates":[112.3,-7.2]}},{"type":"Feature","properties":{"Line":"R126","Tr":2812,"X":"642300.5","Y":"9204981.5","Rotation":0,"NAMOBJ":"Lawanganagung","WADMKC":"Sugio","WADMKK":"Lamongan"},"geometry":{"type":"Point","coordinates":[112.3,-7.2]}},{"type":"Feature","properties":{"Line":"R126","Tr":2813,"X":"642300.5","Y":"9204969.0","Rotation":0,"NAMOBJ":"Lawanganagung","WADMKC":"Sugio","WADMKK":"Lamongan"},"geometry":{"type":"Point","coordinates":[112.3,-7.2]}},{"type":"Feature","properties":{"Line":"R126","Tr":2814,"X":"642300.5","Y":"9204956.5","Rotation":0,"NAMOBJ":"Lawanganagung","WADMKC":"Sugio","WADMKK":"Lamongan"},"geometry":{"type":"Point","coordinates":[112.3,-7.2]}},{"type":"Feature","properties":{"Line":"R126","Tr":2815,"X":"642300.5","Y":"9204944.0","Rotation":0,"NAMOBJ":"Lawanganagung","WADMKC":"Sugio","WADMKK":"Lamongan"},"geometry":{"type":"Point","coordinates":[112.3,-7.2]}},{"type":"Feature","properties":{"Line":"R126","Tr":2816,"X":"642300.5","Y":"9204931.5","Rotation":0,"NAMOBJ":"Lawanganagung","WADMKC":"Sugio","WADMKK":"Lamongan"},"geometry":{"type":"Point","coordinates":[112.3,-7.2]}},{"type":"Feature","properties":{"Line":"R126","Tr":2817,"X":"642300.5","Y":"9204919.0","Rotation":0,"NAMOBJ":"Lawanganagung","WADMKC":"Sugio","WADMKK":"Lamongan"},"geometry":{"type":"Point","coordinates":[112.3,-7.2]}},{"type":"Feature","properties":{"Line":"R126","Tr":2818,"X":"642300.5","Y":"9204906.5","Rotation":0,"NAMOBJ":"Lawanganagung","WADMKC":"Sugio","WADMKK":"Lamongan"},"geometry":{"type":"Point","coordinates":[112.3,-7.2]}},{"type":"Feature","properties":{"Line":"R126","Tr":2819,"X":"642300.5","Y":"9204894.0","Rotation":0,"NAMOBJ":"Lawanganagung","WADMKC":"Sugio","WADMKK":"Lamongan"},"geometry":{"type":"Point","coordinates":[112.3,-7.2]}},{"type":"Feature","properties":{"Line":"R126","Tr":2820,"X":"642300.5","Y":"9204881.5","Rotation":0,"NAMOBJ":"Lawanganagung","WADMKC":"Sugio","WADMKK":"Lamongan"},"geometry":{"type":"Point","coordinates":[112.3,-7.2]}},{"type":"Feature","properties":{"Line":"R126","Tr":2821,"X":"642300.5","Y":"9204869.0","Rotation":0,"NAMOBJ":"Lawanganagung","WADMKC":"Sugio","WADMKK":"Lamongan"},"geometry":{"type":"Point","coordinates":[112.3,-7.2]}},{"type":"Feature","properties":{"Line":"R126","Tr":2822,"X":"642300.5","Y":"9204856.5","Rotation":0,"NAMOBJ":"Lawanganagung","WADMKC":"Sugio","WADMKK":"Lamongan"},"geometry":{"type":"Point","coordinates":[112.3,-7.2]}},{"type":"Feature","properties":{"Line":"R126","Tr":2823,"X":"642300.5","Y":"9204844.0","Rotation":0,"NAMOBJ":"Lawanganagung","WADMKC":"Sugio","WADMKK":"Lamongan"},"geometry":{"type":"Point","coordinates":[112.3,-7.2]}},{"type":"Feature","properties":{"Line":"R126","Tr":2824,"X":"642300.5","Y":"9204831.5","Rotation":0,"NAMOBJ":"Lawanganagung","WADMKC":"Sugio","WADMKK":"Lamongan"},"geometry":{"type":"Point","coordinates":[112.3,-7.2]}},{"type":"Feature","properties":{"Line":"R126","Tr":2825,"X":"642300.5","Y":"9204819.0","Rotation":0,"NAMOBJ":"Lawanganagung","WADMKC":"Sugio","WADMKK":"Lamongan"},"geometry":{"type":"Point","coordinates":[112.3,-7.2]}},{"type":"Feature","properties":{"Line":"R126","Tr":2826,"X":"642300.5","Y":"9204806.5","Rotation":0,"NAMOBJ":"Lawanganagung","WADMKC":"Sugio","WADMKK":"Lamongan"},"geometry":{"type":"Point","coordinates":[112.3,-7.2]}},{"type":"Feature","properties":{"Line":"R126","Tr":2827,"X":"642300.5","Y":"9204794.0","Rotation":0,"NAMOBJ":"Lawanganagung","WADMKC":"Sugio","WADMKK":"Lamongan"},"geometry":{"type":"Point","coordinates":[112.3,-7.2]}},{"type":"Feature","properties":{"Line":"R126","Tr":2828,"X":"642300.5","Y":"9204781.5","Rotation":0,"NAMOBJ":"Lawanganagung","WADMKC":"Sugio","WADMKK":"Lamongan"},"geometry":{"type":"Point","coordinates":[112.3,-7.2]}},{"type":"Feature","properties":{"Line":"R126","Tr":2829,"X":"642300.5","Y":"9204769.0","Rotation":0,"NAMOBJ":"Lawanganagung","WADMKC":"Sugio","WADMKK":"Lamongan"},"geometry":{"type":"Point","coordinates":[112.3,-7.2]}},{"type":"Feature","properties":{"Line":"R126","Tr":2830,"X":"642300.5","Y":"9204756.5","Rotation":0,"NAMOBJ":"Lawanganagung","WADMKC":"Sugio","WADMKK":"Lamongan"},"geometry":{"type":"Point","coordinates":[112.3,-7.2]}},{"type":"Feature","properties":{"Line":"R126","Tr":2831,"X":"642300.5","Y":"9204744.0","Rotation":0,"NAMOBJ":"Lawanganagung","WADMKC":"Sugio","WADMKK":"Lamongan"},"geometry":{"type":"Point","coordinates":[112.3,-7.2]}},{"type":"Feature","properties":{"Line":"R126","Tr":2832,"X":"642300.5","Y":"9204731.5","Rotation":0,"NAMOBJ":"Lawanganagung","WADMKC":"Sugio","WADMKK":"Lamongan"},"geometry":{"type":"Point","coordinates":[112.3,-7.2]}},{"type":"Feature","properties":{"Line":"R126","Tr":2833,"X":"642300.5","Y":"9204719.0","Rotation":0,"NAMOBJ":"Lawanganagung","WADMKC":"Sugio","WADMKK":"Lamongan"},"geometry":{"type":"Point","coordinates":[112.3,-7.2]}},{"type":"Feature","properties":{"Line":"R126","Tr":2834,"X":"642300.5","Y":"9204706.5","Rotation":0,"NAMOBJ":"Lawanganagung","WADMKC":"Sugio","WADMKK":"Lamongan"},"geometry":{"type":"Point","coordinates":[112.3,-7.2]}},{"type":"Feature","properties":{"Line":"R126","Tr":2835,"X":"642300.5","Y":"9204694.0","Rotation":0,"NAMOBJ":"Lawanganagung","WADMKC":"Sugio","WADMKK":"Lamongan"},"geometry":{"type":"Point","coordinates":[112.3,-7.2]}},{"type":"Feature","properties":{"Line":"R126","Tr":2836,"X":"642300.5","Y":"9204681.5","Rotation":0,"NAMOBJ":"Lawanganagung","WADMKC":"Sugio","WADMKK":"Lamongan"},"geometry":{"type":"Point","coordinates":[112.3,-7.2]}},{"type":"Feature","properties":{"Line":"R126","Tr":2837,"X":"642300.5","Y":"9204669.0","Rotation":0,"NAMOBJ":"Lawanganagung","WADMKC":"Sugio","WADMKK":"Lamongan"},"geometry":{"type":"Point","coordinates":[112.3,-7.2]}},{"type":"Feature","properties":{"Line":"R126","Tr":2838,"X":"642300.5","Y":"9204656.5","Rotation":0,"NAMOBJ":"Lawanganagung","WADMKC":"Sugio","WADMKK":"Lamongan"},"geometry":{"type":"Point","coordinates":[112.3,-7.2]}},{"type":"Feature","properties":{"Line":"R126","Tr":2839,"X":"642300.5","Y":"9204644.0","Rotation":0,"NAMOBJ":"Lawanganagung","WADMKC":"Sugio","WADMKK":"Lamongan"},"geometry":{"type":"Point","coordinates":[112.3,-7.2]}},{"type":"Feature","properties":{"Line":"R126","Tr":2840,"X":"642300.5","Y":"9204631.5","Rotation":0,"NAMOBJ":"Lawanganagung","WADMKC":"Sugio","WADMKK":"Lamongan"},"geometry":{"type":"Point","coordinates":[112.3,-7.2]}},{"type":"Feature","properties":{"Line":"R126","Tr":2841,"X":"642300.5","Y":"9204619.0","Rotation":0,"NAMOBJ":"Lawanganagung","WADMKC":"Sugio","WADMKK":"Lamongan"},"geometry":{"type":"Point","coordinates":[112.3,-7.2]}},{"type":"Feature","properties":{"Line":"R126","Tr":2842,"X":"642300.5","Y":"9204606.5","Rotation":0,"NAMOBJ":"Lawanganagung","WADMKC":"Sugio","WADMKK":"Lamongan"},"geometry":{"type":"Point","coordinates":[112.3,-7.2]}},{"type":"Feature","properties":{"Line":"R126","Tr":2843,"X":"642300.5","Y":"9204594.0","Rotation":0,"NAMOBJ":"Lawanganagung","WADMKC":"Sugio","WADMKK":"Lamongan"},"geometry":{"type":"Point","coordinates":[112.3,-7.2]}},{"type":"Feature","properties":{"Line":"R126","Tr":2844,"X":"642300.5","Y":"9204581.5","Rotation":0,"NAMOBJ":"Lawanganagung","WADMKC":"Sugio","WADMKK":"Lamongan"},"geometry":{"type":"Point","coordinates":[112.3,-7.2]}},{"type":"Feature","properties":{"Line":"R126","Tr":2845,"X":"642300.5","Y":"9204569.0","Rotation":0,"NAMOBJ":"Lawanganagung","WADMKC":"Sugio","WADMKK":"Lamongan"},"geometry":{"type":"Point","coordinates":[112.3,-7.2]}},{"type":"Feature","properties":{"Line":"R128","Tr":2743,"X":"643300.5","Y":"9205644.0","Rotation":0,"NAMOBJ":"Lawanganagung","WADMKC":"Sugio","WADMKK":"Lamongan"},"geometry":{"type":"Point","coordinates":[112.3,-7.2]}},{"type":"Feature","properties":{"Line":"R128","Tr":2744,"X":"643300.5","Y":"9205631.5","Rotation":0,"NAMOBJ":"Lawanganagung","WADMKC":"Sugio","WADMKK":"Lamongan"},"geometry":{"type":"Point","coordinates":[112.3,-7.2]}},{"type":"Feature","properties":{"Line":"R128","Tr":2745,"X":"643300.5","Y":"9205619.0","Rotation":0,"NAMOBJ":"Lawanganagung","WADMKC":"Sugio","WADMKK":"Lamongan"},"geometry":{"type":"Point","coordinates":[112.3,-7.2]}},{"type":"Feature","properties":{"Line":"R128","Tr":2746,"X":"643300.5","Y":"9205606.5","Rotation":0,"NAMOBJ":"Lawanganagung","WADMKC":"Sugio","WADMKK":"Lamongan"},"geometry":{"type":"Point","coordinates":[112.3,-7.2]}},{"type":"Feature","properties":{"Line":"R128","Tr":2747,"X":"643300.5","Y":"9205594.0","Rotation":0,"NAMOBJ":"Lawanganagung","WADMKC":"Sugio","WADMKK":"Lamongan"},"geometry":{"type":"Point","coordinates":[112.3,-7.2]}},{"type":"Feature","properties":{"Line":"R128","Tr":2748,"X":"643300.5","Y":"9205581.5","Rotation":0,"NAMOBJ":"Lawanganagung","WADMKC":"Sugio","WADMKK":"Lamongan"},"geometry":{"type":"Point","coordinates":[112.3,-7.2]}},{"type":"Feature","properties":{"Line":"R128","Tr":2749,"X":"643300.5","Y":"9205569.0","Rotation":0,"NAMOBJ":"Lawanganagung","WADMKC":"Sugio","WADMKK":"Lamongan"},"geometry":{"type":"Point","coordinates":[112.3,-7.2]}},{"type":"Feature","properties":{"Line":"R128","Tr":2750,"X":"643300.5","Y":"9205556.5","Rotation":0,"NAMOBJ":"Lawanganagung","WADMKC":"Sugio","WADMKK":"Lamongan"},"geometry":{"type":"Point","coordinates":[112.3,-7.2]}},{"type":"Feature","properties":{"Line":"R128","Tr":2751,"X":"643300.5","Y":"9205544.0","Rotation":0,"NAMOBJ":"Lawanganagung","WADMKC":"Sugio","WADMKK":"Lamongan"},"geometry":{"type":"Point","coordinates":[112.3,-7.2]}},{"type":"Feature","properties":{"Line":"R128","Tr":2752,"X":"643300.5","Y":"9205531.5","Rotation":0,"NAMOBJ":"Lawanganagung","WADMKC":"Sugio","WADMKK":"Lamongan"},"geometry":{"type":"Point","coordinates":[112.3,-7.2]}},{"type":"Feature","properties":{"Line":"R128","Tr":2753,"X":"643300.5","Y":"9205519.0","Rotation":0,"NAMOBJ":"Lawanganagung","WADMKC":"Sugio","WADMKK":"Lamongan"},"geometry":{"type":"Point","coordinates":[112.3,-7.2]}},{"type":"Feature","properties":{"Line":"R128","Tr":2754,"X":"643300.5","Y":"9205506.5","Rotation":0,"NAMOBJ":"Lawanganagung","WADMKC":"Sugio","WADMKK":"Lamongan"},"geometry":{"type":"Point","coordinates":[112.3,-7.2]}},{"type":"Feature","properties":{"Line":"R128","Tr":2755,"X":"643300.5","Y":"9205494.0","Rotation":0,"NAMOBJ":"Lawanganagung","WADMKC":"Sugio","WADMKK":"Lamongan"},"geometry":{"type":"Point","coordinates":[112.3,-7.2]}},{"type":"Feature","properties":{"Line":"R128","Tr":2756,"X":"643300.5","Y":"9205481.5","Rotation":0,"NAMOBJ":"Lawanganagung","WADMKC":"Sugio","WADMKK":"Lamongan"},"geometry":{"type":"Point","coordinates":[112.3,-7.2]}},{"type":"Feature","properties":{"Line":"R128","Tr":2757,"X":"643300.5","Y":"9205469.0","Rotation":0,"NAMOBJ":"Lawanganagung","WADMKC":"Sugio","WADMKK":"Lamongan"},"geometry":{"type":"Point","coordinates":[112.3,-7.2]}},{"type":"Feature","properties":{"Line":"R128","Tr":2758,"X":"643300.5","Y":"9205456.5","Rotation":0,"NAMOBJ":"Lawanganagung","WADMKC":"Sugio","WADMKK":"Lamongan"},"geometry":{"type":"Point","coordinates":[112.3,-7.2]}},{"type":"Feature","properties":{"Line":"R128","Tr":2759,"X":"643300.5","Y":"9205444.0","Rotation":0,"NAMOBJ":"Lawanganagung","WADMKC":"Sugio","WADMKK":"Lamongan"},"geometry":{"type":"Point","coordinates":[112.3,-7.2]}},{"type":"Feature","properties":{"Line":"R128","Tr":2760,"X":"643300.5","Y":"9205431.5","Rotation":0,"NAMOBJ":"Lawanganagung","WADMKC":"Sugio","WADMKK":"Lamongan"},"geometry":{"type":"Point","coordinates":[112.3,-7.2]}},{"type":"Feature","properties":{"Line":"R128","Tr":2761,"X":"643300.5","Y":"9205419.0","Rotation":0,"NAMOBJ":"Lawanganagung","WADMKC":"Sugio","WADMKK":"Lamongan"},"geometry":{"type":"Point","coordinates":[112.3,-7.2]}},{"type":"Feature","properties":{"Line":"R128","Tr":2774,"X":"643300.5","Y":"9205256.5","Rotation":0,"NAMOBJ":"Lawanganagung","WADMKC":"Sugio","WADMKK":"Lamongan"},"geometry":{"type":"Point","coordinates":[112.3,-7.2]}},{"type":"Feature","properties":{"Line":"R128","Tr":2775,"X":"643300.5","Y":"9205244.0","Rotation":0,"NAMOBJ":"Lawanganagung","WADMKC":"Sugio","WADMKK":"Lamongan"},"geometry":{"type":"Point","coordinates":[112.3,-7.2]}},{"type":"Feature","properties":{"Line":"R128","Tr":2776,"X":"643300.5","Y":"9205231.5","Rotation":0,"NAMOBJ":"Lawanganagung","WADMKC":"Sugio","WADMKK":"Lamongan"},"geometry":{"type":"Point","coordinates":[112.3,-7.2]}},{"type":"Feature","properties":{"Line":"R128","Tr":2777,"X":"643300.5","Y":"9205219.0","Rotation":0,"NAMOBJ":"Lawanganagung","WADMKC":"Sugio","WADMKK":"Lamongan"},"geometry":{"type":"Point","coordinates":[112.3,-7.2]}},{"type":"Feature","properties":{"Line":"R128","Tr":2778,"X":"643300.5","Y":"9205206.5","Rotation":0,"NAMOBJ":"Lawanganagung","WADMKC":"Sugio","WADMKK":"Lamongan"},"geometry":{"type":"Point","coordinates":[112.3,-7.2]}},{"type":"Feature","properties":{"Line":"R128","Tr":2779,"X":"643300.5","Y":"9205194.0","Rotation":0,"NAMOBJ":"Lawanganagung","WADMKC":"Sugio","WADMKK":"Lamongan"},"geometry":{"type":"Point","coordinates":[112.3,-7.2]}},{"type":"Feature","properties":{"Line":"R128","Tr":2780,"X":"643300.5","Y":"9205181.5","Rotation":0,"NAMOBJ":"Lawanganagung","WADMKC":"Sugio","WADMKK":"Lamongan"},"geometry":{"type":"Point","coordinates":[112.3,-7.2]}},{"type":"Feature","properties":{"Line":"R128","Tr":2781,"X":"643300.5","Y":"9205169.0","Rotation":0,"NAMOBJ":"Lawanganagung","WADMKC":"Sugio","WADMKK":"Lamongan"},"geometry":{"type":"Point","coordinates":[112.3,-7.2]}},{"type":"Feature","properties":{"Line":"R128","Tr":2782,"X":"643300.5","Y":"9205156.5","Rotation":0,"NAMOBJ":"Lawanganagung","WADMKC":"Sugio","WADMKK":"Lamongan"},"geometry":{"type":"Point","coordinates":[112.3,-7.2]}},{"type":"Feature","properties":{"Line":"R128","Tr":2783,"X":"643300.5","Y":"9205144.0","Rotation":0,"NAMOBJ":"Lawanganagung","WADMKC":"Sugio","WADMKK":"Lamongan"},"geometry":{"type":"Point","coordinates":[112.3,-7.2]}},{"type":"Feature","properties":{"Line":"R128","Tr":2784,"X":"643300.5","Y":"9205131.5","Rotation":0,"NAMOBJ":"Lawanganagung","WADMKC":"Sugio","WADMKK":"Lamongan"},"geometry":{"type":"Point","coordinates":[112.3,-7.2]}},{"type":"Feature","properties":{"Line":"R128","Tr":2785,"X":"643300.5","Y":"9205119.0","Rotation":0,"NAMOBJ":"Lawanganagung","WADMKC":"Sugio","WADMKK":"Lamongan"},"geometry":{"type":"Point","coordinates":[112.3,-7.2]}},{"type":"Feature","properties":{"Line":"R128","Tr":2786,"X":"643300.5","Y":"9205106.5","Rotation":0,"NAMOBJ":"Lawanganagung","WADMKC":"Sugio","WADMKK":"Lamongan"},"geometry":{"type":"Point","coordinates":[112.3,-7.2]}},{"type":"Feature","properties":{"Line":"R128","Tr":2787,"X":"643300.5","Y":"9205094.0","Rotation":0,"NAMOBJ":"Lawanganagung","WADMKC":"Sugio","WADMKK":"Lamongan"},"geometry":{"type":"Point","coordinates":[112.3,-7.2]}},{"type":"Feature","properties":{"Line":"R128","Tr":2788,"X":"643300.5","Y":"9205081.5","Rotation":0,"NAMOBJ":"Lawanganagung","WADMKC":"Sugio","WADMKK":"Lamongan"},"geometry":{"type":"Point","coordinates":[112.3,-7.2]}},{"type":"Feature","properties":{"Line":"R128","Tr":2789,"X":"643300.5","Y":"9205069.0","Rotation":0,"NAMOBJ":"Lawanganagung","WADMKC":"Sugio","WADMKK":"Lamongan"},"geometry":{"type":"Point","coordinates":[112.3,-7.2]}},{"type":"Feature","properties":{"Line":"R128","Tr":2790,"X":"643300.5","Y":"9205056.5","Rotation":0,"NAMOBJ":"Lawanganagung","WADMKC":"Sugio","WADMKK":"Lamongan"},"geometry":{"type":"Point","coordinates":[112.3,-7.2]}},{"type":"Feature","properties":{"Line":"R128","Tr":2791,"X":"643300.5","Y":"9205044.0","Rotation":0,"NAMOBJ":"Lawanganagung","WADMKC":"Sugio","WADMKK":"Lamongan"},"geometry":{"type":"Point","coordinates":[112.3,-7.2]}},{"type":"Feature","properties":{"Line":"R128","Tr":2792,"X":"643300.5","Y":"9205031.5","Rotation":0,"NAMOBJ":"Lawanganagung","WADMKC":"Sugio","WADMKK":"Lamongan"},"geometry":{"type":"Point","coordinates":[112.3,-7.2]}},{"type":"Feature","properties":{"Line":"R128","Tr":2793,"X":"643300.5","Y":"9205019.0","Rotation":0,"NAMOBJ":"Lawanganagung","WADMKC":"Sugio","WADMKK":"Lamongan"},"geometry":{"type":"Point","coordinates":[112.3,-7.2]}},{"type":"Feature","properties":{"Line":"R128","Tr":2794,"X":"643300.5","Y":"9205006.5","Rotation":0,"NAMOBJ":"Lawanganagung","WADMKC":"Sugio","WADMKK":"Lamongan"},"geometry":{"type":"Point","coordinates":[112.3,-7.2]}},{"type":"Feature","properties":{"Line":"R128","Tr":2795,"X":"643300.5","Y":"9204994.0","Rotation":0,"NAMOBJ":"Lawanganagung","WADMKC":"Sugio","WADMKK":"Lamongan"},"geometry":{"type":"Point","coordinates":[112.3,-7.2]}},{"type":"Feature","properties":{"Line":"R128","Tr":2796,"X":"643300.5","Y":"9204981.5","Rotation":0,"NAMOBJ":"Lawanganagung","WADMKC":"Sugio","WADMKK":"Lamongan"},"geometry":{"type":"Point","coordinates":[112.3,-7.2]}},{"type":"Feature","properties":{"Line":"R128","Tr":2797,"X":"643300.5","Y":"9204969.0","Rotation":0,"NAMOBJ":"Lawanganagung","WADMKC":"Sugio","WADMKK":"Lamongan"},"geometry":{"type":"Point","coordinates":[112.3,-7.2]}},{"type":"Feature","properties":{"Line":"R128","Tr":2798,"X":"643300.5","Y":"9204956.5","Rotation":0,"NAMOBJ":"Lawanganagung","WADMKC":"Sugio","WADMKK":"Lamongan"},"geometry":{"type":"Point","coordinates":[112.3,-7.2]}},{"type":"Feature","properties":{"Line":"R128","Tr":2799,"X":"643300.5","Y":"9204944.0","Rotation":0,"NAMOBJ":"Lawanganagung","WADMKC":"Sugio","WADMKK":"Lamongan"},"geometry":{"type":"Point","coordinates":[112.3,-7.2]}},{"type":"Feature","properties":{"Line":"R128","Tr":2800,"X":"643300.5","Y":"9204931.5","Rotation":0,"NAMOBJ":"Lawanganagung","WADMKC":"Sugio","WADMKK":"Lamongan"},"geometry":{"type":"Point","coordinates":[112.3,-7.2]}},{"type":"Feature","properties":{"Line":"R128","Tr":2801,"X":"643300.5","Y":"9204919.0","Rotation":0,"NAMOBJ":"Lawanganagung","WADMKC":"Sugio","WADMKK":"Lamongan"},"geometry":{"type":"Point","coordinates":[112.3,-7.2]}},{"type":"Feature","properties":{"Line":"R128","Tr":2802,"X":"643300.5","Y":"9204906.5","Rotation":0,"NAMOBJ":"Lawanganagung","WADMKC":"Sugio","WADMKK":"Lamongan"},"geometry":{"type":"Point","coordinates":[112.3,-7.2]}},{"type":"Feature","properties":{"Line":"R128","Tr":2803,"X":"643300.5","Y":"9204894.0","Rotation":0,"NAMOBJ":"Lawanganagung","WADMKC":"Sugio","WADMKK":"Lamongan"},"geometry":{"type":"Point","coordinates":[112.3,-7.2]}},{"type":"Feature","properties":{"Line":"R128","Tr":2804,"X":"643300.5","Y":"9204881.5","Rotation":0,"NAMOBJ":"Lawanganagung","WADMKC":"Sugio","WADMKK":"Lamongan"},"geometry":{"type":"Point","coordinates":[112.3,-7.2]}},{"type":"Feature","properties":{"Line":"R128","Tr":2805,"X":"643300.5","Y":"9204869.0","Rotation":0,"NAMOBJ":"Lawanganagung","WADMKC":"Sugio","WADMKK":"Lamongan"},"geometry":{"type":"Point","coordinates":[112.3,-7.2]}},{"type":"Feature","properties":{"Line":"R128","Tr":2806,"X":"643300.5","Y":"9204856.5","Rotation":0,"NAMOBJ":"Lawanganagung","WADMKC":"Sugio","WADMKK":"Lamongan"},"geometry":{"type":"Point","coordinates":[112.3,-7.2]}},{"type":"Feature","properties":{"Line":"R128","Tr":2807,"X":"643300.5","Y":"9204844.0","Rotation":0,"NAMOBJ":"Lawanganagung","WADMKC":"Sugio","WADMKK":"Lamongan"},"geometry":{"type":"Point","coordinates":[112.3,-7.2]}},{"type":"Feature","properties":{"Line":"R128","Tr":2808,"X":"643300.5","Y":"9204831.5","Rotation":0,"NAMOBJ":"Lawanganagung","WADMKC":"Sugio","WADMKK":"Lamongan"},"geometry":{"type":"Point","coordinates":[112.3,-7.2]}},{"type":"Feature","properties":{"Line":"R128","Tr":2809,"X":"643300.5","Y":"9204819.0","Rotation":0,"NAMOBJ":"Lawanganagung","WADMKC":"Sugio","WADMKK":"Lamongan"},"geometry":{"type":"Point","coordinates":[112.3,-7.2]}},{"type":"Feature","properties":{"Line":"R128","Tr":2810,"X":"643300.5","Y":"9204806.5","Rotation":0,"NAMOBJ":"Lawanganagung","WADMKC":"Sugio","WADMKK":"Lamongan"},"geometry":{"type":"Point","coordinates":[112.3,-7.2]}},{"type":"Feature","properties":{"Line":"R128","Tr":2811,"X":"643300.5","Y":"9204794.0","Rotation":0,"NAMOBJ":"Lawanganagung","WADMKC":"Sugio","WADMKK":"Lamongan"},"geometry":{"type":"Point","coordinates":[112.3,-7.2]}},{"type":"Feature","properties":{"Line":"R128","Tr":2812,"X":"643300.5","Y":"9204781.5","Rotation":0,"NAMOBJ":"Lawanganagung","WADMKC":"Sugio","WADMKK":"Lamongan"},"geometry":{"type":"Point","coordinates":[112.3,-7.2]}},{"type":"Feature","properties":{"Line":"R128","Tr":2813,"X":"643300.5","Y":"9204769.0","Rotation":0,"NAMOBJ":"Lawanganagung","WADMKC":"Sugio","WADMKK":"Lamongan"},"geometry":{"type":"Point","coordinates":[112.3,-7.2]}},{"type":"Feature","properties":{"Line":"R128","Tr":2814,"X":"643300.5","Y":"9204756.5","Rotation":0,"NAMOBJ":"Lawanganagung","WADMKC":"Sugio","WADMKK":"Lamongan"},"geometry":{"type":"Point","coordinates":[112.3,-7.2]}},{"type":"Feature","properties":{"Line":"R128","Tr":2815,"X":"643300.5","Y":"9204744.0","Rotation":0,"NAMOBJ":"Lawanganagung","WADMKC":"Sugio","WADMKK":"Lamongan"},"geometry":{"type":"Point","coordinates":[112.3,-7.2]}},{"type":"Feature","properties":{"Line":"R128","Tr":2816,"X":"643300.5","Y":"9204731.5","Rotation":0,"NAMOBJ":"Lawanganagung","WADMKC":"Sugio","WADMKK":"Lamongan"},"geometry":{"type":"Point","coordinates":[112.3,-7.2]}},{"type":"Feature","properties":{"Line":"R128","Tr":2817,"X":"643300.5","Y":"9204719.0","Rotation":0,"NAMOBJ":"Lawanganagung","WADMKC":"Sugio","WADMKK":"Lamongan"},"geometry":{"type":"Point","coordinates":[112.3,-7.2]}},{"type":"Feature","properties":{"Line":"R128","Tr":2818,"X":"643300.5","Y":"9204706.5","Rotation":0,"NAMOBJ":"Lawanganagung","WADMKC":"Sugio","WADMKK":"Lamongan"},"geometry":{"type":"Point","coordinates":[112.3,-7.2]}},{"type":"Feature","properties":{"Line":"R128","Tr":2819,"X":"643300.5","Y":"9204694.0","Rotation":0,"NAMOBJ":"Lawanganagung","WADMKC":"Sugio","WADMKK":"Lamongan"},"geometry":{"type":"Point","coordinates":[112.3,-7.2]}},{"type":"Feature","properties":{"Line":"R128","Tr":2820,"X":"643300.5","Y":"9204681.5","Rotation":0,"NAMOBJ":"Lawanganagung","WADMKC":"Sugio","WADMKK":"Lamongan"},"geometry":{"type":"Point","coordinates":[112.3,-7.2]}},{"type":"Feature","properties":{"Line":"R128","Tr":2821,"X":"643300.5","Y":"9204669.0","Rotation":0,"NAMOBJ":"Lawanganagung","WADMKC":"Sugio","WADMKK":"Lamongan"},"geometry":{"type":"Point","coordinates":[112.3,-7.2]}},{"type":"Feature","properties":{"Line":"R128","Tr":2822,"X":"643300.5","Y":"9204656.5","Rotation":0,"NAMOBJ":"Lawanganagung","WADMKC":"Sugio","WADMKK":"Lamongan"},"geometry":{"type":"Point","coordinates":[112.3,-7.2]}},{"type":"Feature","properties":{"Line":"R128","Tr":2823,"X":"643300.5","Y":"9204644.0","Rotation":0,"NAMOBJ":"Lawanganagung","WADMKC":"Sugio","WADMKK":"Lamongan"},"geometry":{"type":"Point","coordinates":[112.3,-7.2]}},{"type":"Feature","properties":{"Line":"R128","Tr":2824,"X":"643300.5","Y":"9204631.5","Rotation":0,"NAMOBJ":"Lawanganagung","WADMKC":"Sugio","WADMKK":"Lamongan"},"geometry":{"type":"Point","coordinates":[112.3,-7.2]}},{"type":"Feature","properties":{"Line":"R128","Tr":2825,"X":"643300.5","Y":"9204619.0","Rotation":0,"NAMOBJ":"Lawanganagung","WADMKC":"Sugio","WADMKK":"Lamongan"},"geometry":{"type":"Point","coordinates":[112.3,-7.2]}},{"type":"Feature","properties":{"Line":"R128","Tr":2826,"X":"643300.5","Y":"9204606.5","Rotation":0,"NAMOBJ":"Lawanganagung","WADMKC":"Sugio","WADMKK":"Lamongan"},"geometry":{"type":"Point","coordinates":[112.3,-7.2]}},{"type":"Feature","properties":{"Line":"R128","Tr":2827,"X":"643300.5","Y":"9204594.0","Rotation":0,"NAMOBJ":"Lawanganagung","WADMKC":"Sugio","WADMKK":"Lamongan"},"geometry":{"type":"Point","coordinates":[112.3,-7.2]}},{"type":"Feature","properties":{"Line":"R128","Tr":2828,"X":"643300.5","Y":"9204581.5","Rotation":0,"NAMOBJ":"Lawanganagung","WADMKC":"Sugio","WADMKK":"Lamongan"},"geometry":{"type":"Point","coordinates":[112.3,-7.2]}},{"type":"Feature","properties":{"Line":"R128","Tr":2829,"X":"643300.5","Y":"9204569.0","Rotation":0,"NAMOBJ":"Lawanganagung","WADMKC":"Sugio","WADMKK":"Lamongan"},"geometry":{"type":"Point","coordinates":[112.3,-7.2]}},{"type":"Feature","properties":{"Line":"R128","Tr":2830,"X":"643300.5","Y":"9204556.5","Rotation":0,"NAMOBJ":"Lawanganagung","WADMKC":"Sugio","WADMKK":"Lamongan"},"geometry":{"type":"Point","coordinates":[112.3,-7.2]}},{"type":"Feature","properties":{"Line":"R128","Tr":2831,"X":"643300.5","Y":"9204544.0","Rotation":0,"NAMOBJ":"Lawanganagung","WADMKC":"Sugio","WADMKK":"Lamongan"},"geometry":{"type":"Point","coordinates":[112.3,-7.2]}},{"type":"Feature","properties":{"Line":"R128","Tr":2832,"X":"643300.5","Y":"9204531.5","Rotation":0,"NAMOBJ":"Lawanganagung","WADMKC":"Sugio","WADMKK":"Lamongan"},"geometry":{"type":"Point","coordinates":[112.3,-7.2]}},{"type":"Feature","properties":{"Line":"R128","Tr":2833,"X":"643300.5","Y":"9204519.0","Rotation":0,"NAMOBJ":"Lawanganagung","WADMKC":"Sugio","WADMKK":"Lamongan"},"geometry":{"type":"Point","coordinates":[112.3,-7.2]}},{"type":"Feature","properties":{"Line":"R128","Tr":2834,"X":"643300.5","Y":"9204506.5","Rotation":0,"NAMOBJ":"Lawanganagung","WADMKC":"Sugio","WADMKK":"Lamongan"},"geometry":{"type":"Point","coordinates":[112.3,-7.2]}},{"type":"Feature","properties":{"Line":"R128","Tr":2835,"X":"643300.5","Y":"9204494.0","Rotation":0,"NAMOBJ":"Lawanganagung","WADMKC":"Sugio","WADMKK":"Lamongan"},"geometry":{"type":"Point","coordinates":[112.3,-7.2]}},{"type":"Feature","properties":{"Line":"R128","Tr":2836,"X":"643300.5","Y":"9204481.5","Rotation":0,"NAMOBJ":"Lawanganagung","WADMKC":"Sugio","WADMKK":"Lamongan"},"geometry":{"type":"Point","coordinates":[112.3,-7.2]}},{"type":"Feature","properties":{"Line":"R128","Tr":2837,"X":"643300.5","Y":"9204469.0","Rotation":0,"NAMOBJ":"Lawanganagung","WADMKC":"Sugio","WADMKK":"Lamongan"},"geometry":{"type":"Point","coordinates":[112.3,-7.2]}},{"type":"Feature","properties":{"Line":"R128","Tr":2838,"X":"643300.5","Y":"9204456.5","Rotation":0,"NAMOBJ":"Lawanganagung","WADMKC":"Sugio","WADMKK":"Lamongan"},"geometry":{"type":"Point","coordinates":[112.3,-7.2]}},{"type":"Feature","properties":{"Line":"R128","Tr":2839,"X":"643300.5","Y":"9204444.0","Rotation":0,"NAMOBJ":"Lawanganagung","WADMKC":"Sugio","WADMKK":"Lamongan"},"geometry":{"type":"Point","coordinates":[112.3,-7.2]}},{"type":"Feature","properties":{"Line":"R128","Tr":2840,"X":"643300.5","Y":"9204431.5","Rotation":0,"NAMOBJ":"Lawanganagung","WADMKC":"Sugio","WADMKK":"Lamongan"},"geometry":{"type":"Point","coordinates":[112.3,-7.2]}},{"type":"Feature","properties":{"Line":"R128","Tr":2841,"X":"643300.5","Y":"9204419.0","Rotation":0,"NAMOBJ":"Lawanganagung","WADMKC":"Sugio","WADMKK":"Lamongan"},"geometry":{"type":"Point","coordinates":[112.3,-7.2]}},{"type":"Feature","properties":{"Line":"R128","Tr":2842,"X":"643300.5","Y":"9204406.5","Rotation":0,"NAMOBJ":"Lawanganagung","WADMKC":"Sugio","WADMKK":"Lamongan"},"geometry":{"type":"Point","coordinates":[112.3,-7.2]}},{"type":"Feature","properties":{"Line":"R128","Tr":2843,"X":"643300.5","Y":"9204394.0","Rotation":0,"NAMOBJ":"Lawanganagung","WADMKC":"Sugio","WADMKK":"Lamongan"},"geometry":{"type":"Point","coordinates":[112.3,-7.2]}},{"type":"Feature","properties":{"Line":"R128","Tr":2844,"X":"643300.5","Y":"9204381.5","Rotation":0,"NAMOBJ":"Lawanganagung","WADMKC":"Sugio","WADMKK":"Lamongan"},"geometry":{"type":"Point","coordinates":[112.3,-7.2]}},{"type":"Feature","properties":{"Line":"R128","Tr":2845,"X":"643300.5","Y":"9204369.0","Rotation":0,"NAMOBJ":"Lawanganagung","WADMKC":"Sugio","WADMKK":"Lamongan"},"geometry":{"type":"Point","coordinates":[112.3,-7.2]}},{"type":"Feature","properties":{"Line":"R128","Tr":2846,"X":"643300.5","Y":"9204356.5","Rotation":0,"NAMOBJ":"Lawanganagung","WADMKC":"Sugio","WADMKK":"Lamongan"},"geometry":{"type":"Point","coordinates":[112.3,-7.2]}},{"type":"Feature","properties":{"Line":"R128","Tr":2847,"X":"643300.5","Y":"9204344.0","Rotation":0,"NAMOBJ":"Lawanganagung","WADMKC":"Sugio","WADMKK":"Lamongan"},"geometry":{"type":"Point","coordinates":[112.3,-7.2]}},{"type":"Feature","properties":{"Line":"R128","Tr":2848,"X":"643300.5","Y":"9204331.5","Rotation":0,"NAMOBJ":"Lawanganagung","WADMKC":"Sugio","WADMKK":"Lamongan"},"geometry":{"type":"Point","coordinates":[112.3,-7.2]}},{"type":"Feature","properties":{"Line":"R128","Tr":2849,"X":"643300.5","Y":"9204319.0","Rotation":0,"NAMOBJ":"Lawanganagung","WADMKC":"Sugio","WADMKK":"Lamongan"},"geometry":{"type":"Point","coordinates":[112.3,-7.2]}},{"type":"Feature","properties":{"Line":"R128","Tr":2850,"X":"643300.5","Y":"9204306.5","Rotation":0,"NAMOBJ":"Lawanganagung","WADMKC":"Sugio","WADMKK":"Lamongan"},"geometry":{"type":"Point","coordinates":[112.3,-7.2]}},{"type":"Feature","properties":{"Line":"R128","Tr":2851,"X":"643300.5","Y":"9204294.0","Rotation":0,"NAMOBJ":"Lawanganagung","WADMKC":"Sugio","WADMKK":"Lamongan"},"geometry":{"type":"Point","coordinates":[112.3,-7.2]}},{"type":"Feature","properties":{"Line":"R128","Tr":2852,"X":"643300.5","Y":"9204281.5","Rotation":0,"NAMOBJ":"Lawanganagung","WADMKC":"Sugio","WADMKK":"Lamongan"},"geometry":{"type":"Point","coordinates":[112.3,-7.2]}},{"type":"Feature","properties":{"Line":"R128","Tr":2853,"X":"643300.5","Y":"9204269.0","Rotation":0,"NAMOBJ":"Lawanganagung","WADMKC":"Sugio","WADMKK":"Lamongan"},"geometry":{"type":"Point","coordinates":[112.3,-7.2]}},{"type":"Feature","properties":{"Line":"R128","Tr":2854,"X":"643300.5","Y":"9204256.5","Rotation":0,"NAMOBJ":"Lawanganagung","WADMKC":"Sugio","WADMKK":"Lamongan"},"geometry":{"type":"Point","coordinates":[112.3,-7.2]}},{"type":"Feature","properties":{"Line":"R128","Tr":2855,"X":"643300.5","Y":"9204244.0","Rotation":0,"NAMOBJ":"Lawanganagung","WADMKC":"Sugio","WADMKK":"Lamongan"},"geometry":{"type":"Point","coordinates":[112.3,-7.2]}},{"type":"Feature","properties":{"Line":"R128","Tr":2856,"X":"643300.5","Y":"9204231.5","Rotation":0,"NAMOBJ":"Lawanganagung","WADMKC":"Sugio","WADMKK":"Lamongan"},"geometry":{"type":"Point","coordinates":[112.3,-7.2]}},{"type":"Feature","properties":{"Line":"R128","Tr":2857,"X":"643300.5","Y":"9204219.0","Rotation":0,"NAMOBJ":"Lawanganagung","WADMKC":"Sugio","WADMKK":"Lamongan"},"geometry":{"type":"Point","coordinates":[112.3,-7.2]}},{"type":"Feature","properties":{"Line":"R128","Tr":2858,"X":"643300.5","Y":"9204206.5","Rotation":0,"NAMOBJ":"Lawanganagung","WADMKC":"Sugio","WADMKK":"Lamongan"},"geometry":{"type":"Point","coordinates":[112.3,-7.2]}},{"type":"Feature","properties":{"Line":"R128","Tr":2859,"X":"643300.5","Y":"9204194.0","Rotation":0,"NAMOBJ":"Lawanganagung","WADMKC":"Sugio","WADMKK":"Lamongan"},"geometry":{"type":"Point","coordinates":[112.3,-7.2]}},{"type":"Feature","properties":{"Line":"R128","Tr":2860,"X":"643300.5","Y":"9204181.5","Rotation":0,"NAMOBJ":"Lawanganagung","WADMKC":"Sugio","WADMKK":"Lamongan"},"geometry":{"type":"Point","coordinates":[112.3,-7.2]}},{"type":"Feature","properties":{"Line":"R128","Tr":2861,"X":"643300.5","Y":"9204169.0","Rotation":0,"NAMOBJ":"Lawanganagung","WADMKC":"Sugio","WADMKK":"Lamongan"},"geometry":{"type":"Point","coordinates":[112.3,-7.2]}},{"type":"Feature","properties":{"Line":"R128","Tr":2862,"X":"643300.5","Y":"9204156.5","Rotation":0,"NAMOBJ":"Lawanganagung","WADMKC":"Sugio","WADMKK":"Lamongan"},"geometry":{"type":"Point","coordinates":[112.3,-7.2]}},{"type":"Feature","properties":{"Line":"R128","Tr":2863,"X":"643300.5","Y":"9204144.0","Rotation":0,"NAMOBJ":"Lawanganagung","WADMKC":"Sugio","WADMKK":"Lamongan"},"geometry":{"type":"Point","coordinates":[112.3,-7.2]}},{"type":"Feature","properties":{"Line":"R128","Tr":2864,"X":"643300.5","Y":"9204131.5","Rotation":0,"NAMOBJ":"Lawanganagung","WADMKC":"Sugio","WADMKK":"Lamongan"},"geometry":{"type":"Point","coordinates":[112.3,-7.2]}},{"type":"Feature","properties":{"Line":"R128","Tr":2865,"X":"643300.5","Y":"9204119.0","Rotation":0,"NAMOBJ":"Lawanganagung","WADMKC":"Sugio","WADMKK":"Lamongan"},"geometry":{"type":"Point","coordinates":[112.3,-7.2]}},{"type":"Feature","properties":{"Line":"R128","Tr":2866,"X":"643300.5","Y":"9204106.5","Rotation":0,"NAMOBJ":"Lawanganagung","WADMKC":"Sugio","WADMKK":"Lamongan"},"geometry":{"type":"Point","coordinates":[112.3,-7.2]}},{"type":"Feature","properties":{"Line":"R128","Tr":2867,"X":"643300.5","Y":"9204094.0","Rotation":0,"NAMOBJ":"Lawanganagung","WADMKC":"Sugio","WADMKK":"Lamongan"},"geometry":{"type":"Point","coordinates":[112.3,-7.2]}},{"type":"Feature","properties":{"Line":"R128","Tr":2868,"X":"643300.5","Y":"9204081.5","Rotation":0,"NAMOBJ":"Lawanganagung","WADMKC":"Sugio","WADMKK":"Lamongan"},"geometry":{"type":"Point","coordinates":[112.3,-7.2]}},{"type":"Feature","properties":{"Line":"R128","Tr":2869,"X":"643300.5","Y":"9204069.0","Rotation":0,"NAMOBJ":"Lawanganagung","WADMKC":"Sugio","WADMKK":"Lamongan"},"geometry":{"type":"Point","coordinates":[112.3,-7.2]}},{"type":"Feature","properties":{"Line":"R128","Tr":2870,"X":"643300.5","Y":"9204056.5","Rotation":0,"NAMOBJ":"Lawanganagung","WADMKC":"Sugio","WADMKK":"Lamongan"},"geometry":{"type":"Point","coordinates":[112.3,-7.2]}},{"type":"Feature","properties":{"Line":"R128","Tr":2871,"X":"643300.5","Y":"9204044.0","Rotation":0,"NAMOBJ":"Lawanganagung","WADMKC":"Sugio","WADMKK":"Lamongan"},"geometry":{"type":"Point","coordinates":[112.3,-7.2]}},{"type":"Feature","properties":{"Line":"R128","Tr":2872,"X":"643300.5","Y":"9204031.5","Rotation":0,"NAMOBJ":"Lawanganagung","WADMKC":"Sugio","WADMKK":"Lamongan"},"geometry":{"type":"Point","coordinates":[112.3,-7.2]}},{"type":"Feature","properties":{"Line":"R128","Tr":2873,"X":"643300.5","Y":"9204019.0","Rotation":0,"NAMOBJ":"Lawanganagung","WADMKC":"Sugio","WADMKK":"Lamongan"},"geometry":{"type":"Point","coordinates":[112.3,-7.2]}},{"type":"Feature","properties":{"Line":"R128","Tr":2874,"X":"643300.5","Y":"9204006.5","Rotation":0,"NAMOBJ":"Lawanganagung","WADMKC":"Sugio","WADMKK":"Lamongan"},"geometry":{"type":"Point","coordinates":[112.3,-7.2]}},{"type":"Feature","properties":{"Line":"R128","Tr":2875,"X":"643300.5","Y":"9203994.0","Rotation":0,"NAMOBJ":"Lawanganagung","WADMKC":"Sugio","WADMKK":"Lamongan"},"geometry":{"type":"Point","coordinates":[112.3,-7.2]}},{"type":"Feature","properties":{"Line":"R128","Tr":2876,"X":"643300.5","Y":"9203981.5","Rotation":0,"NAMOBJ":"Lawanganagung","WADMKC":"Sugio","WADMKK":"Lamongan"},"geometry":{"type":"Point","coordinates":[112.3,-7.2]}},{"type":"Feature","properties":{"Line":"R128","Tr":2877,"X":"643300.5","Y":"9203969.0","Rotation":0,"NAMOBJ":"Lawanganagung","WADMKC":"Sugio","WADMKK":"Lamongan"},"geometry":{"type":"Point","coordinates":[112.3,-7.2]}},{"type":"Feature","properties":{"Line":"R128","Tr":2878,"X":"643300.5","Y":"9203956.5","Rotation":0,"NAMOBJ":"Lawanganagung","WADMKC":"Sugio","WADMKK":"Lamongan"},"geometry":{"type":"Point","coordinates":[112.3,-7.2]}},{"type":"Feature","properties":{"Line":"R128","Tr":2879,"X":"643300.5","Y":"9203944.0","Rotation":0,"NAMOBJ":"Lawanganagung","WADMKC":"Sugio","WADMKK":"Lamongan"},"geometry":{"type":"Point","coordinates":[112.3,-7.2]}},{"type":"Feature","properties":{"Line":"R128","Tr":2880,"X":"643300.5","Y":"9203931.5","Rotation":0,"NAMOBJ":"Lawanganagung","WADMKC":"Sugio","WADMKK":"Lamongan"},"geometry":{"type":"Point","coordinates":[112.3,-7.2]}},{"type":"Feature","properties":{"Line":"R128","Tr":2881,"X":"643300.5","Y":"9203919.0","Rotation":0,"NAMOBJ":"Lawanganagung","WADMKC":"Sugio","WADMKK":"Lamongan"},"geometry":{"type":"Point","coordinates":[112.3,-7.2]}},{"type":"Feature","properties":{"Line":"R128","Tr":2882,"X":"643300.5","Y":"9203906.5","Rotation":0,"NAMOBJ":"Lawanganagung","WADMKC":"Sugio","WADMKK":"Lamongan"},"geometry":{"type":"Point","coordinates":[112.3,-7.2]}},{"type":"Feature","properties":{"Line":"R128","Tr":2883,"X":"643300.5","Y":"9203894.0","Rotation":0,"NAMOBJ":"Lawanganagung","WADMKC":"Sugio","WADMKK":"Lamongan"},"geometry":{"type":"Point","coordinates":[112.3,-7.2]}},{"type":"Feature","properties":{"Line":"R128","Tr":2884,"X":"643300.5","Y":"9203881.5","Rotation":0,"NAMOBJ":"Lawanganagung","WADMKC":"Sugio","WADMKK":"Lamongan"},"geometry":{"type":"Point","coordinates":[112.3,-7.2]}},{"type":"Feature","properties":{"Line":"R128","Tr":2885,"X":"643300.5","Y":"9203869.0","Rotation":0,"NAMOBJ":"Lawanganagung","WADMKC":"Sugio","WADMKK":"Lamongan"},"geometry":{"type":"Point","coordinates":[112.3,-7.2]}},{"type":"Feature","properties":{"Line":"R128","Tr":2886,"X":"643300.5","Y":"9203856.5","Rotation":0,"NAMOBJ":"Lawanganagung","WADMKC":"Sugio","WADMKK":"Lamongan"},"geometry":{"type":"Point","coordinates":[112.3,-7.2]}},{"type":"Feature","properties":{"Line":"R128","Tr":2887,"X":"643300.5","Y":"9203844.0","Rotation":0,"NAMOBJ":"Lawanganagung","WADMKC":"Sugio","WADMKK":"Lamongan"},"geometry":{"type":"Point","coordinates":[112.3,-7.2]}},{"type":"Feature","properties":{"Line":"R128","Tr":2888,"X":"643300.5","Y":"9203831.5","Rotation":0,"NAMOBJ":"Lawanganagung","WADMKC":"Sugio","WADMKK":"Lamongan"},"geometry":{"type":"Point","coordinates":[112.3,-7.2]}},{"type":"Feature","properties":{"Line":"R128","Tr":2889,"X":"643300.5","Y":"9203819.0","Rotation":0,"NAMOBJ":"Lawanganagung","WADMKC":"Sugio","WADMKK":"Lamongan"},"geometry":{"type":"Point","coordinates":[112.3,-7.2]}},{"type":"Feature","properties":{"Line":"R128","Tr":2890,"X":"643300.5","Y":"9203806.5","Rotation":0,"NAMOBJ":"Lawanganagung","WADMKC":"Sugio","WADMKK":"Lamongan"},"geometry":{"type":"Point","coordinates":[112.3,-7.2]}},{"type":"Feature","properties":{"Line":"R128","Tr":2891,"X":"643300.5","Y":"9203794.0","Rotation":0,"NAMOBJ":"Lawanganagung","WADMKC":"Sugio","WADMKK":"Lamongan"},"geometry":{"type":"Point","coordinates":[112.3,-7.2]}},{"type":"Feature","properties":{"Line":"R128","Tr":2892,"X":"643300.5","Y":"9203781.5","Rotation":0,"NAMOBJ":"Lawanganagung","WADMKC":"Sugio","WADMKK":"Lamongan"},"geometry":{"type":"Point","coordinates":[112.3,-7.2]}},{"type":"Feature","properties":{"Line":"R128","Tr":2893,"X":"643300.5","Y":"9203769.0","Rotation":0,"NAMOBJ":"Lawanganagung","WADMKC":"Sugio","WADMKK":"Lamongan"},"geometry":{"type":"Point","coordinates":[112.3,-7.2]}},{"type":"Feature","properties":{"Line":"R128","Tr":2894,"X":"643300.5","Y":"9203756.5","Rotation":0,"NAMOBJ":"Lawanganagung","WADMKC":"Sugio","WADMKK":"Lamongan"},"geometry":{"type":"Point","coordinates":[112.3,-7.2]}},{"type":"Feature","properties":{"Line":"R128","Tr":2895,"X":"643300.5","Y":"9203744.0","Rotation":0,"NAMOBJ":"Lawanganagung","WADMKC":"Sugio","WADMKK":"Lamongan"},"geometry":{"type":"Point","coordinates":[112.3,-7.2]}},{"type":"Feature","properties":{"Line":"R128","Tr":2896,"X":"643300.5","Y":"9203731.5","Rotation":0,"NAMOBJ":"Lawanganagung","WADMKC":"Sugio","WADMKK":"Lamongan"},"geometry":{"type":"Point","coordinates":[112.3,-7.2]}},{"type":"Feature","properties":{"Line":"R128","Tr":2897,"X":"643300.5","Y":"9203719.0","Rotation":0,"NAMOBJ":"Lawanganagung","WADMKC":"Sugio","WADMKK":"Lamongan"},"geometry":{"type":"Point","coordinates":[112.3,-7.2]}},{"type":"Feature","properties":{"Line":"R128","Tr":2898,"X":"643300.5","Y":"9203706.5","Rotation":0,"NAMOBJ":"Lawanganagung","WADMKC":"Sugio","WADMKK":"Lamongan"},"geometry":{"type":"Point","coordinates":[112.3,-7.2]}},{"type":"Feature","properties":{"Line":"R128","Tr":2899,"X":"643300.5","Y":"9203694.0","Rotation":0,"NAMOBJ":"Lawanganagung","WADMKC":"Sugio","WADMKK":"Lamongan"},"geometry":{"type":"Point","coordinates":[112.3,-7.2]}},{"type":"Feature","properties":{"Line":"R128","Tr":2900,"X":"643300.5","Y":"9203681.5","Rotation":0,"NAMOBJ":"Lawanganagung","WADMKC":"Sugio","WADMKK":"Lamongan"},"geometry":{"type":"Point","coordinates":[112.3,-7.2]}},{"type":"Feature","properties":{"Line":"R128","Tr":2901,"X":"643300.5","Y":"9203669.0","Rotation":0,"NAMOBJ":"Lawanganagung","WADMKC":"Sugio","WADMKK":"Lamongan"},"geometry":{"type":"Point","coordinates":[112.3,-7.2]}},{"type":"Feature","properties":{"Line":"R128","Tr":2902,"X":"643300.5","Y":"9203656.5","Rotation":0,"NAMOBJ":"Lawanganagung","WADMKC":"Sugio","WADMKK":"Lamongan"},"geometry":{"type":"Point","coordinates":[112.3,-7.2]}},{"type":"Feature","properties":{"Line":"R128","Tr":2903,"X":"643300.5","Y":"9203644.0","Rotation":0,"NAMOBJ":"Lawanganagung","WADMKC":"Sugio","WADMKK":"Lamongan"},"geometry":{"type":"Point","coordinates":[112.3,-7.2]}},{"type":"Feature","properties":{"Line":"R128","Tr":2904,"X":"643300.5","Y":"9203631.5","Rotation":0,"NAMOBJ":"Lawanganagung","WADMKC":"Sugio","WADMKK":"Lamongan"},"geometry":{"type":"Point","coordinates":[112.3,-7.2]}},{"type":"Feature","properties":{"Line":"R128","Tr":2905,"X":"643300.5","Y":"9203619.0","Rotation":0,"NAMOBJ":"Lawanganagung","WADMKC":"Sugio","WADMKK":"Lamongan"},"geometry":{"type":"Point","coordinates":[112.3,-7.2]}},{"type":"Feature","properties":{"Line":"R128","Tr":2906,"X":"643300.5","Y":"9203606.5","Rotation":0,"NAMOBJ":"Lawanganagung","WADMKC":"Sugio","WADMKK":"Lamongan"},"geometry":{"type":"Point","coordinates":[112.3,-7.2]}},{"type":"Feature","properties":{"Line":"R128","Tr":2907,"X":"643300.5","Y":"9203594.0","Rotation":0,"NAMOBJ":"Lawanganagung","WADMKC":"Sugio","WADMKK":"Lamongan"},"geometry":{"type":"Point","coordinates":[112.3,-7.2]}},{"type":"Feature","properties":{"Line":"R128","Tr":2908,"X":"643300.5","Y":"9203581.5","Rotation":0,"NAMOBJ":"Lawanganagung","WADMKC":"Sugio","WADMKK":"Lamongan"},"geometry":{"type":"Point","coordinates":[112.3,-7.2]}},{"type":"Feature","properties":{"Line":"R128","Tr":2909,"X":"643300.5","Y":"9203569.0","Rotation":0,"NAMOBJ":"Lawanganagung","WADMKC":"Sugio","WADMKK":"Lamongan"},"geometry":{"type":"Point","coordinates":[112.3,-7.2]}},{"type":"Feature","properties":{"Line":"R128","Tr":2910,"X":"643300.5","Y":"9203556.5","Rotation":0,"NAMOBJ":"Lawanganagung","WADMKC":"Sugio","WADMKK":"Lamongan"},"geometry":{"type":"Point","coordinates":[112.3,-7.2]}},{"type":"Feature","properties":{"Line":"R128","Tr":2911,"X":"643300.5","Y":"9203544.0","Rotation":0,"NAMOBJ":"Lawanganagung","WADMKC":"Sugio","WADMKK":"Lamongan"},"geometry":{"type":"Point","coordinates":[112.3,-7.2]}},{"type":"Feature","properties":{"Line":"R128","Tr":2912,"X":"643300.5","Y":"9203531.5","Rotation":0,"NAMOBJ":"Lawanganagung","WADMKC":"Sugio","WADMKK":"Lamongan"},"geometry":{"type":"Point","coordinates":[112.3,-7.2]}},{"type":"Feature","properties":{"Line":"R128","Tr":2913,"X":"643300.5","Y":"9203519.0","Rotation":0,"NAMOBJ":"Lawanganagung","WADMKC":"Sugio","WADMKK":"Lamongan"},"geometry":{"type":"Point","coordinates":[112.3,-7.2]}},{"type":"Feature","properties":{"Line":"R128","Tr":2914,"X":"643300.5","Y":"9203506.5","Rotation":0,"NAMOBJ":"Lawanganagung","WADMKC":"Sugio","WADMKK":"Lamongan"},"geometry":{"type":"Point","coordinates":[112.3,-7.2]}},{"type":"Feature","properties":{"Line":"R128","Tr":2915,"X":"643300.5","Y":"9203494.0","Rotation":0,"NAMOBJ":"Lawanganagung","WADMKC":"Sugio","WADMKK":"Lamongan"},"geometry":{"type":"Point","coordinates":[112.3,-7.2]}},{"type":"Feature","properties":{"Line":"R128","Tr":2916,"X":"643300.5","Y":"9203481.5","Rotation":0,"NAMOBJ":"Lawanganagung","WADMKC":"Sugio","WADMKK":"Lamongan"},"geometry":{"type":"Point","coordinates":[112.3,-7.2]}},{"type":"Feature","properties":{"Line":"R128","Tr":2917,"X":"643300.5","Y":"9203469.0","Rotation":0,"NAMOBJ":"Lawanganagung","WADMKC":"Sugio","WADMKK":"Lamongan"},"geometry":{"type":"Point","coordinates":[112.3,-7.2]}},{"type":"Feature","properties":{"Line":"R128","Tr":2918,"X":"643300.5","Y":"9203456.5","Rotation":0,"NAMOBJ":"Lawanganagung","WADMKC":"Sugio","WADMKK":"Lamongan"},"geometry":{"type":"Point","coordinates":[112.3,-7.2]}},{"type":"Feature","properties":{"Line":"R128","Tr":2919,"X":"643300.5","Y":"9203444.0","Rotation":0,"NAMOBJ":"Lawanganagung","WADMKC":"Sugio","WADMKK":"Lamongan"},"geometry":{"type":"Point","coordinates":[112.3,-7.2]}},{"type":"Feature","properties":{"Line":"R128","Tr":2920,"X":"643300.5","Y":"9203431.5","Rotation":0,"NAMOBJ":"Lawanganagung","WADMKC":"Sugio","WADMKK":"Lamongan"},"geometry":{"type":"Point","coordinates":[112.3,-7.2]}},{"type":"Feature","properties":{"Line":"R128","Tr":2921,"X":"643300.5","Y":"9203419.0","Rotation":0,"NAMOBJ":"Lawanganagung","WADMKC":"Sugio","WADMKK":"Lamongan"},"geometry":{"type":"Point","coordinates":[112.3,-7.2]}},{"type":"Feature","properties":{"Line":"R128","Tr":2922,"X":"643300.5","Y":"9203406.5","Rotation":0,"NAMOBJ":"Lawanganagung","WADMKC":"Sugio","WADMKK":"Lamongan"},"geometry":{"type":"Point","coordinates":[112.3,-7.2]}},{"type":"Feature","properties":{"Line":"R128","Tr":2923,"X":"643300.5","Y":"9203394.0","Rotation":0,"NAMOBJ":"Lawanganagung","WADMKC":"Sugio","WADMKK":"Lamongan"},"geometry":{"type":"Point","coordinates":[112.3,-7.2]}},{"type":"Feature","properties":{"Line":"R128","Tr":2924,"X":"643300.5","Y":"9203381.5","Rotation":0,"NAMOBJ":"Lawanganagung","WADMKC":"Sugio","WADMKK":"Lamongan"},"geometry":{"type":"Point","coordinates":[112.3,-7.2]}},{"type":"Feature","properties":{"Line":"R128","Tr":2925,"X":"643300.5","Y":"9203369.0","Rotation":0,"NAMOBJ":"Lawanganagung","WADMKC":"Sugio","WADMKK":"Lamongan"},"geometry":{"type":"Point","coordinates":[112.3,-7.2]}},{"type":"Feature","properties":{"Line":"R128","Tr":2926,"X":"643300.5","Y":"9203356.5","Rotation":0,"NAMOBJ":"Lawanganagung","WADMKC":"Sugio","WADMKK":"Lamongan"},"geometry":{"type":"Point","coordinates":[112.3,-7.2]}},{"type":"Feature","properties":{"Line":"R128","Tr":2927,"X":"643300.5","Y":"9203344.0","Rotation":0,"NAMOBJ":"Lawanganagung","WADMKC":"Sugio","WADMKK":"Lamongan"},"geometry":{"type":"Point","coordinates":[112.3,-7.2]}},{"type":"Feature","properties":{"Line":"R128","Tr":2928,"X":"643300.5","Y":"9203331.5","Rotation":0,"NAMOBJ":"Lawanganagung","WADMKC":"Sugio","WADMKK":"Lamongan"},"geometry":{"type":"Point","coordinates":[112.3,-7.2]}},{"type":"Feature","properties":{"Line":"R128","Tr":2929,"X":"643300.5","Y":"9203319.0","Rotation":0,"NAMOBJ":"Lawanganagung","WADMKC":"Sugio","WADMKK":"Lamongan"},"geometry":{"type":"Point","coordinates":[112.3,-7.2]}},{"type":"Feature","properties":{"Line":"R128","Tr":2930,"X":"643300.5","Y":"9203306.5","Rotation":0,"NAMOBJ":"Lawanganagung","WADMKC":"Sugio","WADMKK":"Lamongan"},"geometry":{"type":"Point","coordinates":[112.3,-7.2]}},{"type":"Feature","properties":{"Line":"R128","Tr":2931,"X":"643300.5","Y":"9203294.0","Rotation":0,"NAMOBJ":"Lawanganagung","WADMKC":"Sugio","WADMKK":"Lamongan"},"geometry":{"type":"Point","coordinates":[112.3,-7.2]}},{"type":"Feature","properties":{"Line":"R128","Tr":2932,"X":"643300.5","Y":"9203281.5","Rotation":0,"NAMOBJ":"Lawanganagung","WADMKC":"Sugio","WADMKK":"Lamongan"},"geometry":{"type":"Point","coordinates":[112.3,-7.2]}},{"type":"Feature","properties":{"Line":"R128","Tr":2933,"X":"643300.5","Y":"9203269.0","Rotation":0,"NAMOBJ":"Lawanganagung","WADMKC":"Sugio","WADMKK":"Lamongan"},"geometry":{"type":"Point","coordinates":[112.3,-7.2]}},{"type":"Feature","properties":{"Line":"R128","Tr":2934,"X":"643300.5","Y":"9203256.5","Rotation":0,"NAMOBJ":"Lawanganagung","WADMKC":"Sugio","WADMKK":"Lamongan"},"geometry":{"type":"Point","coordinates":[112.3,-7.2]}},{"type":"Feature","properties":{"Line":"R128","Tr":2935,"X":"643300.5","Y":"9203244.0","Rotation":0,"NAMOBJ":"Lawanganagung","WADMKC":"Sugio","WADMKK":"Lamongan"},"geometry":{"type":"Point","coordinates":[112.3,-7.2]}},{"type":"Feature","properties":{"Line":"R128","Tr":2936,"X":"643300.5","Y":"9203231.5","Rotation":0,"NAMOBJ":"Lawanganagung","WADMKC":"Sugio","WADMKK":"Lamongan"},"geometry":{"type":"Point","coordinates":[112.3,-7.2]}},{"type":"Feature","properties":{"Line":"R128","Tr":2937,"X":"643300.5","Y":"9203219.0","Rotation":0,"NAMOBJ":"Lawanganagung","WADMKC":"Sugio","WADMKK":"Lamongan"},"geometry":{"type":"Point","coordinates":[112.3,-7.2]}},{"type":"Feature","properties":{"Line":"R128","Tr":2938,"X":"643300.5","Y":"9203206.5","Rotation":0,"NAMOBJ":"Lawanganagung","WADMKC":"Sugio","WADMKK":"Lamongan"},"geometry":{"type":"Point","coordinates":[112.3,-7.2]}},{"type":"Feature","properties":{"Line":"R128","Tr":2939,"X":"643300.5","Y":"9203194.0","Rotation":0,"NAMOBJ":"Lawanganagung","WADMKC":"Sugio","WADMKK":"Lamongan"},"geometry":{"type":"Point","coordinates":[112.3,-7.2]}},{"type":"Feature","properties":{"Line":"R128","Tr":2940,"X":"643300.5","Y":"9203181.5","Rotation":0,"NAMOBJ":"Lawanganagung","WADMKC":"Sugio","WADMKK":"Lamongan"},"geometry":{"type":"Point","coordinates":[112.3,-7.2]}},{"type":"Feature","properties":{"Line":"R128","Tr":2941,"X":"643300.5","Y":"9203169.0","Rotation":0,"NAMOBJ":"Lawanganagung","WADMKC":"Sugio","WADMKK":"Lamongan"},"geometry":{"type":"Point","coordinates":[112.3,-7.2]}},{"type":"Feature","properties":{"Line":"R128","Tr":2942,"X":"643300.5","Y":"9203156.5","Rotation":0,"NAMOBJ":"Lawanganagung","WADMKC":"Sugio","WADMKK":"Lamongan"},"geometry":{"type":"Point","coordinates":[112.3,-7.2]}},{"type":"Feature","properties":{"Line":"R128","Tr":2943,"X":"643300.5","Y":"9203144.0","Rotation":0,"NAMOBJ":"Lawanganagung","WADMKC":"Sugio","WADMKK":"Lamongan"},"geometry":{"type":"Point","coordinates":[112.3,-7.2]}},{"type":"Feature","properties":{"Line":"R128","Tr":2944,"X":"643300.5","Y":"9203131.5","Rotation":0,"NAMOBJ":"Lawanganagung","WADMKC":"Sugio","WADMKK":"Lamongan"},"geometry":{"type":"Point","coordinates":[112.3,-7.2]}},{"type":"Feature","properties":{"Line":"R128","Tr":2945,"X":"643300.5","Y":"9203119.0","Rotation":0,"NAMOBJ":"Lawanganagung","WADMKC":"Sugio","WADMKK":"Lamongan"},"geometry":{"type":"Point","coordinates":[112.3,-7.2]}},{"type":"Feature","properties":{"Line":"R128","Tr":2946,"X":"643300.5","Y":"9203106.5","Rotation":0,"NAMOBJ":"Lawanganagung","WADMKC":"Sugio","WADMKK":"Lamongan"},"geometry":{"type":"Point","coordinates":[112.3,-7.2]}},{"type":"Feature","properties":{"Line":"R128","Tr":2947,"X":"643300.5","Y":"9203094.0","Rotation":0,"NAMOBJ":"Lawanganagung","WADMKC":"Sugio","WADMKK":"Lamongan"},"geometry":{"type":"Point","coordinates":[112.3,-7.2]}},{"type":"Feature","properties":{"Line":"R128","Tr":2948,"X":"643300.5","Y":"9203081.5","Rotation":0,"NAMOBJ":"Lawanganagung","WADMKC":"Sugio","WADMKK":"Lamongan"},"geometry":{"type":"Point","coordinates":[112.3,-7.2]}},{"type":"Feature","properties":{"Line":"R128","Tr":2949,"X":"643300.5","Y":"9203069.0","Rotation":0,"NAMOBJ":"Lawanganagung","WADMKC":"Sugio","WADMKK":"Lamongan"},"geometry":{"type":"Point","coordinates":[112.3,-7.2]}},{"type":"Feature","properties":{"Line":"R128","Tr":2950,"X":"643300.5","Y":"9203056.5","Rotation":0,"NAMOBJ":"Lawanganagung","WADMKC":"Sugio","WADMKK":"Lamongan"},"geometry":{"type":"Point","coordinates":[112.3,-7.2]}},{"type":"Feature","properties":{"Line":"R128","Tr":2951,"X":"643300.5","Y":"9203044.0","Rotation":0,"NAMOBJ":"Lawanganagung","WADMKC":"Sugio","WADMKK":"Lamongan"},"geometry":{"type":"Point","coordinates":[112.3,-7.2]}},{"type":"Feature","properties":{"Line":"R128","Tr":2952,"X":"643300.5","Y":"9203031.5","Rotation":0,"NAMOBJ":"Lawanganagung","WADMKC":"Sugio","WADMKK":"Lamongan"},"geometry":{"type":"Point","coordinates":[112.3,-7.2]}},{"type":"Feature","properties":{"Line":"R128","Tr":2953,"X":"643300.5","Y":"9203019.0","Rotation":0,"NAMOBJ":"Lawanganagung","WADMKC":"Sugio","WADMKK":"Lamongan"},"geometry":{"type":"Point","coordinates":[112.3,-7.2]}},{"type":"Feature","properties":{"Line":"R128","Tr":2954,"X":"643300.5","Y":"9203006.5","Rotation":0,"NAMOBJ":"Lawanganagung","WADMKC":"Sugio","WADMKK":"Lamongan"},"geometry":{"type":"Point","coordinates":[112.3,-7.2]}},{"type":"Feature","properties":{"Line":"R128","Tr":2955,"X":"643300.5","Y":"9202994.0","Rotation":0,"NAMOBJ":"Lawanganagung","WADMKC":"Sugio","WADMKK":"Lamongan"},"geometry":{"type":"Point","coordinates":[112.3,-7.2]}},{"type":"Feature","properties":{"Line":"R128","Tr":2956,"X":"643300.5","Y":"9202981.5","Rotation":0,"NAMOBJ":"Lawanganagung","WADMKC":"Sugio","WADMKK":"Lamongan"},"geometry":{"type":"Point","coordinates":[112.3,-7.2]}},{"type":"Feature","properties":{"Line":"R128","Tr":2957,"X":"643300.5","Y":"9202969.0","Rotation":0,"NAMOBJ":"Lawanganagung","WADMKC":"Sugio","WADMKK":"Lamongan"},"geometry":{"type":"Point","coordinates":[112.3,-7.2]}},{"type":"Feature","properties":{"Line":"R128","Tr":2958,"X":"643300.5","Y":"9202956.5","Rotation":0,"NAMOBJ":"Lawanganagung","WADMKC":"Sugio","WADMKK":"Lamongan"},"geometry":{"type":"Point","coordinates":[112.3,-7.2]}},{"type":"Feature","properties":{"Line":"R128","Tr":2959,"X":"643300.5","Y":"9202944.0","Rotation":0,"NAMOBJ":"Lawanganagung","WADMKC":"Sugio","WADMKK":"Lamongan"},"geometry":{"type":"Point","coordinates":[112.3,-7.2]}},{"type":"Feature","properties":{"Line":"R128","Tr":2960,"X":"643300.5","Y":"9202931.5","Rotation":0,"NAMOBJ":"Lawanganagung","WADMKC":"Sugio","WADMKK":"Lamongan"},"geometry":{"type":"Point","coordinates":[112.3,-7.2]}},{"type":"Feature","properties":{"Line":"R128","Tr":2961,"X":"643300.5","Y":"9202919.0","Rotation":0,"NAMOBJ":"Lawanganagung","WADMKC":"Sugio","WADMKK":"Lamongan"},"geometry":{"type":"Point","coordinates":[112.3,-7.2]}},{"type":"Feature","properties":{"Line":"R128","Tr":2962,"X":"643300.5","Y":"9202906.5","Rotation":0,"NAMOBJ":"Lawanganagung","WADMKC":"Sugio","WADMKK":"Lamongan"},"geometry":{"type":"Point","coordinates":[112.3,-7.2]}},{"type":"Feature","properties":{"Line":"R128","Tr":2963,"X":"643300.5","Y":"9202894.0","Rotation":0,"NAMOBJ":"Lawanganagung","WADMKC":"Sugio","WADMKK":"Lamongan"},"geometry":{"type":"Point","coordinates":[112.3,-7.2]}},{"type":"Feature","properties":{"Line":"R128","Tr":2964,"X":"643300.5","Y":"9202881.5","Rotation":0,"NAMOBJ":"Lawanganagung","WADMKC":"Sugio","WADMKK":"Lamongan"},"geometry":{"type":"Point","coordinates":[112.3,-7.2]}},{"type":"Feature","properties":{"Line":"R128","Tr":2965,"X":"643300.5","Y":"9202869.0","Rotation":0,"NAMOBJ":"Lawanganagung","WADMKC":"Sugio","WADMKK":"Lamongan"},"geometry":{"type":"Point","coordinates":[112.3,-7.2]}},{"type":"Feature","properties":{"Line":"R128","Tr":2966,"X":"643300.5","Y":"9202856.5","Rotation":0,"NAMOBJ":"Lawanganagung","WADMKC":"Sugio","WADMKK":"Lamongan"},"geometry":{"type":"Point","coordinates":[112.3,-7.2]}},{"type":"Feature","properties":{"Line":"R128","Tr":2967,"X":"643300.5","Y":"9202844.0","Rotation":0,"NAMOBJ":"Lawanganagung","WADMKC":"Sugio","WADMKK":"Lamongan"},"geometry":{"type":"Point","coordinates":[112.3,-7.2]}},{"type":"Feature","properties":{"Line":"R128","Tr":2968,"X":"643300.5","Y":"9202831.5","Rotation":0,"NAMOBJ":"Lawanganagung","WADMKC":"Sugio","WADMKK":"Lamongan"},"geometry":{"type":"Point","coordinates":[112.3,-7.2]}},{"type":"Feature","properties":{"Line":"R128","Tr":2969,"X":"643300.5","Y":"9202819.0","Rotation":0,"NAMOBJ":"Lawanganagung","WADMKC":"Sugio","WADMKK":"Lamongan"},"geometry":{"type":"Point","coordinates":[112.3,-7.2]}},{"type":"Feature","properties":{"Line":"R128","Tr":2970,"X":"643300.5","Y":"9202806.5","Rotation":0,"NAMOBJ":"Lawanganagung","WADMKC":"Sugio","WADMKK":"Lamongan"},"geometry":{"type":"Point","coordinates":[112.3,-7.2]}},{"type":"Feature","properties":{"Line":"R128","Tr":2971,"X":"643300.5","Y":"9202794.0","Rotation":0,"NAMOBJ":"Lawanganagung","WADMKC":"Sugio","WADMKK":"Lamongan"},"geometry":{"type":"Point","coordinates":[112.3,-7.2]}},{"type":"Feature","properties":{"Line":"R128","Tr":2972,"X":"643300.5","Y":"9202781.5","Rotation":0,"NAMOBJ":"Lawanganagung","WADMKC":"Sugio","WADMKK":"Lamongan"},"geometry":{"type":"Point","coordinates":[112.3,-7.2]}},{"type":"Feature","properties":{"Line":"R128","Tr":2973,"X":"643300.5","Y":"9202769.0","Rotation":0,"NAMOBJ":"Lawanganagung","WADMKC":"Sugio","WADMKK":"Lamongan"},"geometry":{"type":"Point","coordinates":[112.3,-7.2]}},{"type":"Feature","properties":{"Line":"R128","Tr":2974,"X":"643300.5","Y":"9202756.5","Rotation":0,"NAMOBJ":"Lawanganagung","WADMKC":"Sugio","WADMKK":"Lamongan"},"geometry":{"type":"Point","coordinates":[112.3,-7.2]}},{"type":"Feature","properties":{"Line":"R128","Tr":2975,"X":"643300.5","Y":"9202744.0","Rotation":0,"NAMOBJ":"Lawanganagung","WADMKC":"Sugio","WADMKK":"Lamongan"},"geometry":{"type":"Point","coordinates":[112.3,-7.2]}},{"type":"Feature","properties":{"Line":"R128","Tr":2976,"X":"643300.5","Y":"9202731.5","Rotation":0,"NAMOBJ":"Lawanganagung","WADMKC":"Sugio","WADMKK":"Lamongan"},"geometry":{"type":"Point","coordinates":[112.3,-7.2]}},{"type":"Feature","properties":{"Line":"R128","Tr":2977,"X":"643300.5","Y":"9202719.0","Rotation":0,"NAMOBJ":"Lawanganagung","WADMKC":"Sugio","WADMKK":"Lamongan"},"geometry":{"type":"Point","coordinates":[112.3,-7.2]}},{"type":"Feature","properties":{"Line":"R128","Tr":2978,"X":"643300.5","Y":"9202706.5","Rotation":0,"NAMOBJ":"Lawanganagung","WADMKC":"Sugio","WADMKK":"Lamongan"},"geometry":{"type":"Point","coordinates":[112.3,-7.2]}},{"type":"Feature","properties":{"Line":"R128","Tr":2979,"X":"643300.5","Y":"9202694.0","Rotation":0,"NAMOBJ":"Lawanganagung","WADMKC":"Sugio","WADMKK":"Lamongan"},"geometry":{"type":"Point","coordinates":[112.3,-7.2]}},{"type":"Feature","properties":{"Line":"R128","Tr":2980,"X":"643300.5","Y":"9202681.5","Rotation":0,"NAMOBJ":"Lawanganagung","WADMKC":"Sugio","WADMKK":"Lamongan"},"geometry":{"type":"Point","coordinates":[112.3,-7.2]}},{"type":"Feature","properties":{"Line":"R128","Tr":2981,"X":"643300.5","Y":"9202669.0","Rotation":0,"NAMOBJ":"Lawanganagung","WADMKC":"Sugio","WADMKK":"Lamongan"},"geometry":{"type":"Point","coordinates":[112.3,-7.2]}},{"type":"Feature","properties":{"Line":"R128","Tr":2982,"X":"643300.5","Y":"9202656.5","Rotation":0,"NAMOBJ":"Lawanganagung","WADMKC":"Sugio","WADMKK":"Lamongan"},"geometry":{"type":"Point","coordinates":[112.3,-7.2]}},{"type":"Feature","properties":{"Line":"R128","Tr":2983,"X":"643300.5","Y":"9202644.0","Rotation":0,"NAMOBJ":"Lawanganagung","WADMKC":"Sugio","WADMKK":"Lamongan"},"geometry":{"type":"Point","coordinates":[112.3,-7.2]}},{"type":"Feature","properties":{"Line":"R128","Tr":2984,"X":"643300.5","Y":"9202631.5","Rotation":0,"NAMOBJ":"Lawanganagung","WADMKC":"Sugio","WADMKK":"Lamongan"},"geometry":{"type":"Point","coordinates":[112.3,-7.2]}},{"type":"Feature","properties":{"Line":"R128","Tr":2985,"X":"643300.5","Y":"9202619.0","Rotation":0,"NAMOBJ":"Lawanganagung","WADMKC":"Sugio","WADMKK":"Lamongan"},"geometry":{"type":"Point","coordinates":[112.3,-7.2]}},{"type":"Feature","properties":{"Line":"R128","Tr":2986,"X":"643300.5","Y":"9202606.5","Rotation":0,"NAMOBJ":"Lawanganagung","WADMKC":"Sugio","WADMKK":"Lamongan"},"geometry":{"type":"Point","coordinates":[112.3,-7.2]}},{"type":"Feature","properties":{"Line":"R128","Tr":2987,"X":"643300.5","Y":"9202594.0","Rotation":0,"NAMOBJ":"Lawanganagung","WADMKC":"Sugio","WADMKK":"Lamongan"},"geometry":{"type":"Point","coordinates":[112.3,-7.2]}},{"type":"Feature","properties":{"Line":"R128","Tr":2988,"X":"643300.5","Y":"9202581.5","Rotation":0,"NAMOBJ":"Lawanganagung","WADMKC":"Sugio","WADMKK":"Lamongan"},"geometry":{"type":"Point","coordinates":[112.3,-7.2]}},{"type":"Feature","properties":{"Line":"R128","Tr":2989,"X":"643300.5","Y":"9202569.0","Rotation":0,"NAMOBJ":"Lawanganagung","WADMKC":"Sugio","WADMKK":"Lamongan"},"geometry":{"type":"Point","coordinates":[112.3,-7.2]}},{"type":"Feature","properties":{"Line":"R128","Tr":2990,"X":"643300.5","Y":"9202556.5","Rotation":0,"NAMOBJ":"Lawanganagung","WADMKC":"Sugio","WADMKK":"Lamongan"},"geometry":{"type":"Point","coordinates":[112.3,-7.2]}},{"type":"Feature","properties":{"Line":"R128","Tr":2991,"X":"643300.5","Y":"9202544.0","Rotation":0,"NAMOBJ":"Lawanganagung","WADMKC":"Sugio","WADMKK":"Lamongan"},"geometry":{"type":"Point","coordinates":[112.3,-7.2]}},{"type":"Feature","properties":{"Line":"R128","Tr":2992,"X":"643300.5","Y":"9202531.5","Rotation":0,"NAMOBJ":"Lawanganagung","WADMKC":"Sugio","WADMKK":"Lamongan"},"geometry":{"type":"Point","coordinates":[112.3,-7.2]}},{"type":"Feature","properties":{"Line":"R128","Tr":2993,"X":"643300.5","Y":"9202519.0","Rotation":0,"NAMOBJ":"Lawanganagung","WADMKC":"Sugio","WADMKK":"Lamongan"},"geometry":{"type":"Point","coordinates":[112.3,-7.2]}},{"type":"Feature","properties":{"Line":"R128","Tr":2994,"X":"643300.5","Y":"9202506.5","Rotation":0,"NAMOBJ":"Lawanganagung","WADMKC":"Sugio","WADMKK":"Lamongan"},"geometry":{"type":"Point","coordinates":[112.3,-7.2]}},{"type":"Feature","properties":{"Line":"R128","Tr":2995,"X":"643300.5","Y":"9202494.0","Rotation":0,"NAMOBJ":"Lawanganagung","WADMKC":"Sugio","WADMKK":"Lamongan"},"geometry":{"type":"Point","coordinates":[112.3,-7.2]}},{"type":"Feature","properties":{"Line":"R128","Tr":2996,"X":"643300.5","Y":"9202481.5","Rotation":0,"NAMOBJ":"Lawanganagung","WADMKC":"Sugio","WADMKK":"Lamongan"},"geometry":{"type":"Point","coordinates":[112.3,-7.2]}},{"type":"Feature","properties":{"Line":"R128","Tr":2997,"X":"643300.5","Y":"9202469.0","Rotation":0,"NAMOBJ":"Lawanganagung","WADMKC":"Sugio","WADMKK":"Lamongan"},"geometry":{"type":"Point","coordinates":[112.3,-7.2]}},{"type":"Feature","properties":{"Line":"R128","Tr":2998,"X":"643300.5","Y":"9202456.5","Rotation":0,"NAMOBJ":"Lawanganagung","WADMKC":"Sugio","WADMKK":"Lamongan"},"geometry":{"type":"Point","coordinates":[112.3,-7.2]}},{"type":"Feature","properties":{"Line":"R128","Tr":2999,"X":"643300.5","Y":"9202444.0","Rotation":0,"NAMOBJ":"Lawanganagung","WADMKC":"Sugio","WADMKK":"Lamongan"},"geometry":{"type":"Point","coordinates":[112.3,-7.2]}},{"type":"Feature","properties":{"Line":"R128","Tr":3000,"X":"643300.5","Y":"9202431.5","Rotation":0,"NAMOBJ":"Lawanganagung","WADMKC":"Sugio","WADMKK":"Lamongan"},"geometry":{"type":"Point","coordinates":[112.3,-7.2]}},{"type":"Feature","properties":{"Line":"R128","Tr":3001,"X":"643300.5","Y":"9202419.0","Rotation":0,"NAMOBJ":"Lawanganagung","WADMKC":"Sugio","WADMKK":"Lamongan"},"geometry":{"type":"Point","coordinates":[112.3,-7.2]}},{"type":"Feature","properties":{"Line":"R128","Tr":3002,"X":"643300.5","Y":"9202406.5","Rotation":0,"NAMOBJ":"Lawanganagung","WADMKC":"Sugio","WADMKK":"Lamongan"},"geometry":{"type":"Point","coordinates":[112.3,-7.2]}},{"type":"Feature","properties":{"Line":"R128","Tr":3003,"X":"643300.5","Y":"9202394.0","Rotation":0,"NAMOBJ":"Lawanganagung","WADMKC":"Sugio","WADMKK":"Lamongan"},"geometry":{"type":"Point","coordinates":[112.3,-7.2]}},{"type":"Feature","properties":{"Line":"R128","Tr":3004,"X":"643300.5","Y":"9202381.5","Rotation":0,"NAMOBJ":"Lawanganagung","WADMKC":"Sugio","WADMKK":"Lamongan"},"geometry":{"type":"Point","coordinates":[112.3,-7.2]}},{"type":"Feature","properties":{"Line":"R128","Tr":3005,"X":"643300.5","Y":"9202369.0","Rotation":0,"NAMOBJ":"Lawanganagung","WADMKC":"Sugio","WADMKK":"Lamongan"},"geometry":{"type":"Point","coordinates":[112.3,-7.2]}},{"type":"Feature","properties":{"Line":"R128","Tr":3006,"X":"643300.5","Y":"9202356.5","Rotation":0,"NAMOBJ":"Lawanganagung","WADMKC":"Sugio","WADMKK":"Lamongan"},"geometry":{"type":"Point","coordinates":[112.3,-7.2]}},{"type":"Feature","properties":{"Line":"R128","Tr":3007,"X":"643300.5","Y":"9202344.0","Rotation":0,"NAMOBJ":"Lawanganagung","WADMKC":"Sugio","WADMKK":"Lamongan"},"geometry":{"type":"Point","coordinates":[112.3,-7.2]}},{"type":"Feature","properties":{"Line":"R128","Tr":3008,"X":"643300.5","Y":"9202331.5","Rotation":0,"NAMOBJ":"Lawanganagung","WADMKC":"Sugio","WADMKK":"Lamongan"},"geometry":{"type":"Point","coordinates":[112.3,-7.2]}},{"type":"Feature","properties":{"Line":"R128","Tr":3009,"X":"643300.5","Y":"9202319.0","Rotation":0,"NAMOBJ":"Lawanganagung","WADMKC":"Sugio","WADMKK":"Lamongan"},"geometry":{"type":"Point","coordinates":[112.3,-7.2]}},{"type":"Feature","properties":{"Line":"R128","Tr":3010,"X":"643300.5","Y":"9202306.5","Rotation":0,"NAMOBJ":"Lawanganagung","WADMKC":"Sugio","WADMKK":"Lamongan"},"geometry":{"type":"Point","coordinates":[112.3,-7.2]}},{"type":"Feature","properties":{"Line":"R128","Tr":3011,"X":"643300.5","Y":"9202294.0","Rotation":0,"NAMOBJ":"Lawanganagung","WADMKC":"Sugio","WADMKK":"Lamongan"},"geometry":{"type":"Point","coordinates":[112.3,-7.2]}},{"type":"Feature","properties":{"Line":"R128","Tr":3012,"X":"643300.5","Y":"9202281.5","Rotation":0,"NAMOBJ":"Lawanganagung","WADMKC":"Sugio","WADMKK":"Lamongan"},"geometry":{"type":"Point","coordinates":[112.3,-7.2]}},{"type":"Feature","properties":{"Line":"R128","Tr":3013,"X":"643300.5","Y":"9202269.0","Rotation":0,"NAMOBJ":"Lawanganagung","WADMKC":"Sugio","WADMKK":"Lamongan"},"geometry":{"type":"Point","coordinates":[112.3,-7.2]}},{"type":"Feature","properties":{"Line":"R128","Tr":3014,"X":"643300.5","Y":"9202256.5","Rotation":0,"NAMOBJ":"Lawanganagung","WADMKC":"Sugio","WADMKK":"Lamongan"},"geometry":{"type":"Point","coordinates":[112.3,-7.2]}},{"type":"Feature","properties":{"Line":"R128","Tr":3015,"X":"643300.5","Y":"9202244.0","Rotation":0,"NAMOBJ":"Lawanganagung","WADMKC":"Sugio","WADMKK":"Lamongan"},"geometry":{"type":"Point","coordinates":[112.3,-7.2]}},{"type":"Feature","properties":{"Line":"R128","Tr":3016,"X":"643300.5","Y":"9202231.5","Rotation":0,"NAMOBJ":"Lawanganagung","WADMKC":"Sugio","WADMKK":"Lamongan"},"geometry":{"type":"Point","coordinates":[112.3,-7.2]}},{"type":"Feature","properties":{"Line":"R128","Tr":3017,"X":"643300.5","Y":"9202219.0","Rotation":0,"NAMOBJ":"Lawanganagung","WADMKC":"Sugio","WADMKK":"Lamongan"},"geometry":{"type":"Point","coordinates":[112.3,-7.2]}},{"type":"Feature","properties":{"Line":"R128","Tr":3018,"X":"643300.5","Y":"9202206.5","Rotation":0,"NAMOBJ":"Lawanganagung","WADMKC":"Sugio","WADMKK":"Lamongan"},"geometry":{"type":"Point","coordinates":[112.3,-7.2]}},{"type":"Feature","properties":{"Line":"R128","Tr":3019,"X":"643300.5","Y":"9202194.0","Rotation":0,"NAMOBJ":"Lawanganagung","WADMKC":"Sugio","WADMKK":"Lamongan"},"geometry":{"type":"Point","coordinates":[112.3,-7.2]}},{"type":"Feature","properties":{"Line":"R128","Tr":3020,"X":"643300.5","Y":"9202181.5","Rotation":0,"NAMOBJ":"Lawanganagung","WADMKC":"Sugio","WADMKK":"Lamongan"},"geometry":{"type":"Point","coordinates":[112.3,-7.2]}},{"type":"Feature","properties":{"Line":"R128","Tr":3021,"X":"643300.5","Y":"9202169.0","Rotation":0,"NAMOBJ":"Lawanganagung","WADMKC":"Sugio","WADMKK":"Lamongan"},"geometry":{"type":"Point","coordinates":[112.3,-7.2]}},{"type":"Feature","properties":{"Line":"R128","Tr":3022,"X":"643300.5","Y":"9202156.5","Rotation":0,"NAMOBJ":"Lawanganagung","WADMKC":"Sugio","WADMKK":"Lamongan"},"geometry":{"type":"Point","coordinates":[112.3,-7.2]}},{"type":"Feature","properties":{"Line":"R128","Tr":3023,"X":"643300.5","Y":"9202144.0","Rotation":0,"NAMOBJ":"Lawanganagung","WADMKC":"Sugio","WADMKK":"Lamongan"},"geometry":{"type":"Point","coordinates":[112.3,-7.2]}},{"type":"Feature","properties":{"Line":"R128","Tr":3024,"X":"643300.5","Y":"9202131.5","Rotation":0,"NAMOBJ":"Lawanganagung","WADMKC":"Sugio","WADMKK":"Lamongan"},"geometry":{"type":"Point","coordinates":[112.3,-7.2]}},{"type":"Feature","properties":{"Line":"R128","Tr":3025,"X":"643300.5","Y":"9202119.0","Rotation":0,"NAMOBJ":"Lawanganagung","WADMKC":"Sugio","WADMKK":"Lamongan"},"geometry":{"type":"Point","coordinates":[112.3,-7.2]}},{"type":"Feature","properties":{"Line":"R128","Tr":3026,"X":"643300.5","Y":"9202106.5","Rotation":0,"NAMOBJ":"Lawanganagung","WADMKC":"Sugio","WADMKK":"Lamongan"},"geometry":{"type":"Point","coordinates":[112.3,-7.2]}},{"type":"Feature","properties":{"Line":"R128","Tr":3027,"X":"643300.5","Y":"9202094.0","Rotation":0,"NAMOBJ":"Lawanganagung","WADMKC":"Sugio","WADMKK":"Lamongan"},"geometry":{"type":"Point","coordinates":[112.3,-7.2]}},{"type":"Feature","properties":{"Line":"R128","Tr":3028,"X":"643300.5","Y":"9202081.5","Rotation":0,"NAMOBJ":"Lawanganagung","WADMKC":"Sugio","WADMKK":"Lamongan"},"geometry":{"type":"Point","coordinates":[112.3,-7.2]}},{"type":"Feature","properties":{"Line":"R128","Tr":3029,"X":"643300.5","Y":"9202069.0","Rotation":0,"NAMOBJ":"Lawanganagung","WADMKC":"Sugio","WADMKK":"Lamongan"},"geometry":{"type":"Point","coordinates":[112.3,-7.2]}},{"type":"Feature","properties":{"Line":"R128","Tr":3030,"X":"643300.5","Y":"9202056.5","Rotation":0,"NAMOBJ":"Lawanganagung","WADMKC":"Sugio","WADMKK":"Lamongan"},"geometry":{"type":"Point","coordinates":[112.3,-7.2]}},{"type":"Feature","properties":{"Line":"R128","Tr":3031,"X":"643300.5","Y":"9202044.0","Rotation":0,"NAMOBJ":"Lawanganagung","WADMKC":"Sugio","WADMKK":"Lamongan"},"geometry":{"type":"Point","coordinates":[112.3,-7.2]}},{"type":"Feature","properties":{"Line":"R128","Tr":3032,"X":"643300.5","Y":"9202031.5","Rotation":0,"NAMOBJ":"Lawanganagung","WADMKC":"Sugio","WADMKK":"Lamongan"},"geometry":{"type":"Point","coordinates":[112.3,-7.2]}},{"type":"Feature","properties":{"Line":"R128","Tr":3033,"X":"643300.5","Y":"9202019.0","Rotation":0,"NAMOBJ":"Lawanganagung","WADMKC":"Sugio","WADMKK":"Lamongan"},"geometry":{"type":"Point","coordinates":[112.3,-7.2]}},{"type":"Feature","properties":{"Line":"R128","Tr":3034,"X":"643300.5","Y":"9202006.5","Rotation":0,"NAMOBJ":"Lawanganagung","WADMKC":"Sugio","WADMKK":"Lamongan"},"geometry":{"type":"Point","coordinates":[112.3,-7.2]}},{"type":"Feature","properties":{"Line":"R128","Tr":3035,"X":"643300.5","Y":"9201994.0","Rotation":0,"NAMOBJ":"Lawanganagung","WADMKC":"Sugio","WADMKK":"Lamongan"},"geometry":{"type":"Point","coordinates":[112.3,-7.2]}},{"type":"Feature","properties":{"Line":"R128","Tr":3036,"X":"643300.5","Y":"9201981.5","Rotation":0,"NAMOBJ":"Lawanganagung","WADMKC":"Sugio","WADMKK":"Lamongan"},"geometry":{"type":"Point","coordinates":[112.3,-7.2]}},{"type":"Feature","properties":{"Line":"R128","Tr":3037,"X":"643300.5","Y":"9201969.0","Rotation":0,"NAMOBJ":"Lawanganagung","WADMKC":"Sugio","WADMKK":"Lamongan"},"geometry":{"type":"Point","coordinates":[112.3,-7.2]}},{"type":"Feature","properties":{"Line":"R128","Tr":3038,"X":"643300.5","Y":"9201956.5","Rotation":0,"NAMOBJ":"Lawanganagung","WADMKC":"Sugio","WADMKK":"Lamongan"},"geometry":{"type":"Point","coordinates":[112.3,-7.2]}},{"type":"Feature","properties":{"Line":"R128","Tr":3039,"X":"643300.5","Y":"9201944.0","Rotation":0,"NAMOBJ":"Lawanganagung","WADMKC":"Sugio","WADMKK":"Lamongan"},"geometry":{"type":"Point","coordinates":[112.3,-7.2]}},{"type":"Feature","properties":{"Line":"R128","Tr":3040,"X":"643300.5","Y":"9201931.5","Rotation":0,"NAMOBJ":"Lawanganagung","WADMKC":"Sugio","WADMKK":"Lamongan"},"geometry":{"type":"Point","coordinates":[112.3,-7.2]}},{"type":"Feature","properties":{"Line":"R130","Tr":2783,"X":"644300.5","Y":"9204994.0","Rotation":0,"NAMOBJ":"Lawanganagung","WADMKC":"Sugio","WADMKK":"Lamongan"},"geometry":{"type":"Point","coordinates":[112.3,-7.2]}},{"type":"Feature","properties":{"Line":"R130","Tr":2784,"X":"644300.5","Y":"9204981.5","Rotation":0,"NAMOBJ":"Lawanganagung","WADMKC":"Sugio","WADMKK":"Lamongan"},"geometry":{"type":"Point","coordinates":[112.3,-7.2]}},{"type":"Feature","properties":{"Line":"R130","Tr":2785,"X":"644300.5","Y":"9204969.0","Rotation":0,"NAMOBJ":"Lawanganagung","WADMKC":"Sugio","WADMKK":"Lamongan"},"geometry":{"type":"Point","coordinates":[112.3,-7.2]}},{"type":"Feature","properties":{"Line":"R130","Tr":2786,"X":"644300.5","Y":"9204956.5","Rotation":0,"NAMOBJ":"Lawanganagung","WADMKC":"Sugio","WADMKK":"Lamongan"},"geometry":{"type":"Point","coordinates":[112.3,-7.2]}},{"type":"Feature","properties":{"Line":"R130","Tr":2787,"X":"644300.5","Y":"9204944.0","Rotation":0,"NAMOBJ":"Lawanganagung","WADMKC":"Sugio","WADMKK":"Lamongan"},"geometry":{"type":"Point","coordinates":[112.3,-7.2]}},{"type":"Feature","properties":{"Line":"R130","Tr":2788,"X":"644300.5","Y":"9204931.5","Rotation":0,"NAMOBJ":"Lawanganagung","WADMKC":"Sugio","WADMKK":"Lamongan"},"geometry":{"type":"Point","coordinates":[112.3,-7.2]}},{"type":"Feature","properties":{"Line":"R130","Tr":2789,"X":"644300.5","Y":"9204919.0","Rotation":0,"NAMOBJ":"Lawanganagung","WADMKC":"Sugio","WADMKK":"Lamongan"},"geometry":{"type":"Point","coordinates":[112.3,-7.2]}},{"type":"Feature","properties":{"Line":"R130","Tr":2790,"X":"644300.5","Y":"9204906.5","Rotation":0,"NAMOBJ":"Lawanganagung","WADMKC":"Sugio","WADMKK":"Lamongan"},"geometry":{"type":"Point","coordinates":[112.3,-7.2]}},{"type":"Feature","properties":{"Line":"R130","Tr":2791,"X":"644300.5","Y":"9204894.0","Rotation":0,"NAMOBJ":"Lawanganagung","WADMKC":"Sugio","WADMKK":"Lamongan"},"geometry":{"type":"Point","coordinates":[112.3,-7.2]}},{"type":"Feature","properties":{"Line":"R130","Tr":2792,"X":"644300.5","Y":"9204881.5","Rotation":0,"NAMOBJ":"Lawanganagung","WADMKC":"Sugio","WADMKK":"Lamongan"},"geometry":{"type":"Point","coordinates":[112.3,-7.2]}},{"type":"Feature","properties":{"Line":"R130","Tr":2793,"X":"644300.5","Y":"9204869.0","Rotation":0,"NAMOBJ":"Lawanganagung","WADMKC":"Sugio","WADMKK":"Lamongan"},"geometry":{"type":"Point","coordinates":[112.3,-7.2]}},{"type":"Feature","properties":{"Line":"R130","Tr":2794,"X":"644300.5","Y":"9204856.5","Rotation":0,"NAMOBJ":"Lawanganagung","WADMKC":"Sugio","WADMKK":"Lamongan"},"geometry":{"type":"Point","coordinates":[112.3,-7.2]}},{"type":"Feature","properties":{"Line":"R130","Tr":2795,"X":"644300.5","Y":"9204844.0","Rotation":0,"NAMOBJ":"Lawanganagung","WADMKC":"Sugio","WADMKK":"Lamongan"},"geometry":{"type":"Point","coordinates":[112.3,-7.2]}},{"type":"Feature","properties":{"Line":"R130","Tr":2796,"X":"644300.5","Y":"9204831.5","Rotation":0,"NAMOBJ":"Lawanganagung","WADMKC":"Sugio","WADMKK":"Lamongan"},"geometry":{"type":"Point","coordinates":[112.3,-7.2]}},{"type":"Feature","properties":{"Line":"R130","Tr":2797,"X":"644300.5","Y":"9204819.0","Rotation":0,"NAMOBJ":"Lawanganagung","WADMKC":"Sugio","WADMKK":"Lamongan"},"geometry":{"type":"Point","coordinates":[112.3,-7.2]}},{"type":"Feature","properties":{"Line":"R130","Tr":2798,"X":"644300.5","Y":"9204806.5","Rotation":0,"NAMOBJ":"Lawanganagung","WADMKC":"Sugio","WADMKK":"Lamongan"},"geometry":{"type":"Point","coordinates":[112.3,-7.2]}},{"type":"Feature","properties":{"Line":"R130","Tr":2799,"X":"644300.5","Y":"9204794.0","Rotation":0,"NAMOBJ":"Lawanganagung","WADMKC":"Sugio","WADMKK":"Lamongan"},"geometry":{"type":"Point","coordinates":[112.3,-7.2]}},{"type":"Feature","properties":{"Line":"R130","Tr":2800,"X":"644300.5","Y":"9204781.5","Rotation":0,"NAMOBJ":"Lawanganagung","WADMKC":"Sugio","WADMKK":"Lamongan"},"geometry":{"type":"Point","coordinates":[112.3,-7.2]}},{"type":"Feature","properties":{"Line":"R130","Tr":2801,"X":"644300.5","Y":"9204769.0","Rotation":0,"NAMOBJ":"Lawanganagung","WADMKC":"Sugio","WADMKK":"Lamongan"},"geometry":{"type":"Point","coordinates":[112.3,-7.2]}},{"type":"Feature","properties":{"Line":"R130","Tr":2802,"X":"644300.5","Y":"9204756.5","Rotation":0,"NAMOBJ":"Lawanganagung","WADMKC":"Sugio","WADMKK":"Lamongan"},"geometry":{"type":"Point","coordinates":[112.3,-7.2]}},{"type":"Feature","properties":{"Line":"R130","Tr":2803,"X":"644300.5","Y":"9204744.0","Rotation":0,"NAMOBJ":"Lawanganagung","WADMKC":"Sugio","WADMKK":"Lamongan"},"geometry":{"type":"Point","coordinates":[112.3,-7.2]}},{"type":"Feature","properties":{"Line":"R130","Tr":2804,"X":"644300.5","Y":"9204731.5","Rotation":0,"NAMOBJ":"Lawanganagung","WADMKC":"Sugio","WADMKK":"Lamongan"},"geometry":{"type":"Point","coordinates":[112.3,-7.2]}},{"type":"Feature","properties":{"Line":"R130","Tr":2805,"X":"644300.5","Y":"9204719.0","Rotation":0,"NAMOBJ":"Lawanganagung","WADMKC":"Sugio","WADMKK":"Lamongan"},"geometry":{"type":"Point","coordinates":[112.3,-7.2]}},{"type":"Feature","properties":{"Line":"R130","Tr":2806,"X":"644300.5","Y":"9204706.5","Rotation":0,"NAMOBJ":"Lawanganagung","WADMKC":"Sugio","WADMKK":"Lamongan"},"geometry":{"type":"Point","coordinates":[112.3,-7.2]}},{"type":"Feature","properties":{"Line":"R130","Tr":2807,"X":"644300.5","Y":"9204694.0","Rotation":0,"NAMOBJ":"Lawanganagung","WADMKC":"Sugio","WADMKK":"Lamongan"},"geometry":{"type":"Point","coordinates":[112.3,-7.2]}},{"type":"Feature","properties":{"Line":"R130","Tr":2808,"X":"644300.5","Y":"9204681.5","Rotation":0,"NAMOBJ":"Lawanganagung","WADMKC":"Sugio","WADMKK":"Lamongan"},"geometry":{"type":"Point","coordinates":[112.3,-7.2]}},{"type":"Feature","properties":{"Line":"R130","Tr":2809,"X":"644300.5","Y":"9204669.0","Rotation":0,"NAMOBJ":"Lawanganagung","WADMKC":"Sugio","WADMKK":"Lamongan"},"geometry":{"type":"Point","coordinates":[112.3,-7.2]}},{"type":"Feature","properties":{"Line":"R130","Tr":2810,"X":"644300.5","Y":"9204656.5","Rotation":0,"NAMOBJ":"Lawanganagung","WADMKC":"Sugio","WADMKK":"Lamongan"},"geometry":{"type":"Point","coordinates":[112.3,-7.2]}},{"type":"Feature","properties":{"Line":"R130","Tr":2811,"X":"644300.5","Y":"9204644.0","Rotation":0,"NAMOBJ":"Lawanganagung","WADMKC":"Sugio","WADMKK":"Lamongan"},"geometry":{"type":"Point","coordinates":[112.3,-7.2]}},{"type":"Feature","properties":{"Line":"R130","Tr":2812,"X":"644300.5","Y":"9204631.5","Rotation":0,"NAMOBJ":"Lawanganagung","WADMKC":"Sugio","WADMKK":"Lamongan"},"geometry":{"type":"Point","coordinates":[112.3,-7.2]}},{"type":"Feature","properties":{"Line":"R130","Tr":2813,"X":"644300.5","Y":"9204619.0","Rotation":0,"NAMOBJ":"Lawanganagung","WADMKC":"Sugio","WADMKK":"Lamongan"},"geometry":{"type":"Point","coordinates":[112.3,-7.2]}},{"type":"Feature","properties":{"Line":"R130","Tr":2814,"X":"644300.5","Y":"9204606.5","Rotation":0,"NAMOBJ":"Lawanganagung","WADMKC":"Sugio","WADMKK":"Lamongan"},"geometry":{"type":"Point","coordinates":[112.3,-7.2]}},{"type":"Feature","properties":{"Line":"R130","Tr":2815,"X":"644300.5","Y":"9204594.0","Rotation":0,"NAMOBJ":"Lawanganagung","WADMKC":"Sugio","WADMKK":"Lamongan"},"geometry":{"type":"Point","coordinates":[112.3,-7.2]}},{"type":"Feature","properties":{"Line":"R130","Tr":2816,"X":"644300.5","Y":"9204581.5","Rotation":0,"NAMOBJ":"Lawanganagung","WADMKC":"Sugio","WADMKK":"Lamongan"},"geometry":{"type":"Point","coordinates":[112.3,-7.2]}},{"type":"Feature","properties":{"Line":"R130","Tr":2817,"X":"644300.5","Y":"9204569.0","Rotation":0,"NAMOBJ":"Lawanganagung","WADMKC":"Sugio","WADMKK":"Lamongan"},"geometry":{"type":"Point","coordinates":[112.3,-7.2]}},{"type":"Feature","properties":{"Line":"R130","Tr":2818,"X":"644300.5","Y":"9204556.5","Rotation":0,"NAMOBJ":"Lawanganagung","WADMKC":"Sugio","WADMKK":"Lamongan"},"geometry":{"type":"Point","coordinates":[112.3,-7.2]}},{"type":"Feature","properties":{"Line":"R130","Tr":2819,"X":"644300.5","Y":"9204544.0","Rotation":0,"NAMOBJ":"Lawanganagung","WADMKC":"Sugio","WADMKK":"Lamongan"},"geometry":{"type":"Point","coordinates":[112.3,-7.2]}},{"type":"Feature","properties":{"Line":"R130","Tr":2820,"X":"644300.5","Y":"9204531.5","Rotation":0,"NAMOBJ":"Lawanganagung","WADMKC":"Sugio","WADMKK":"Lamongan"},"geometry":{"type":"Point","coordinates":[112.3,-7.2]}},{"type":"Feature","properties":{"Line":"R130","Tr":2821,"X":"644300.5","Y":"9204519.0","Rotation":0,"NAMOBJ":"Lawanganagung","WADMKC":"Sugio","WADMKK":"Lamongan"},"geometry":{"type":"Point","coordinates":[112.3,-7.2]}},{"type":"Feature","properties":{"Line":"R130","Tr":2822,"X":"644300.5","Y":"9204506.5","Rotation":0,"NAMOBJ":"Lawanganagung","WADMKC":"Sugio","WADMKK":"Lamongan"},"geometry":{"type":"Point","coordinates":[112.3,-7.2]}},{"type":"Feature","properties":{"Line":"R130","Tr":2823,"X":"644300.5","Y":"9204494.0","Rotation":0,"NAMOBJ":"Lawanganagung","WADMKC":"Sugio","WADMKK":"Lamongan"},"geometry":{"type":"Point","coordinates":[112.3,-7.2]}},{"type":"Feature","properties":{"Line":"R130","Tr":2824,"X":"644300.5","Y":"9204481.5","Rotation":0,"NAMOBJ":"Lawanganagung","WADMKC":"Sugio","WADMKK":"Lamongan"},"geometry":{"type":"Point","coordinates":[112.3,-7.2]}},{"type":"Feature","properties":{"Line":"R130","Tr":2825,"X":"644300.5","Y":"9204469.0","Rotation":0,"NAMOBJ":"Lawanganagung","WADMKC":"Sugio","WADMKK":"Lamongan"},"geometry":{"type":"Point","coordinates":[112.3,-7.2]}},{"type":"Feature","properties":{"Line":"R130","Tr":2826,"X":"644300.5","Y":"9204456.5","Rotation":0,"NAMOBJ":"Lawanganagung","WADMKC":"Sugio","WADMKK":"Lamongan"},"geometry":{"type":"Point","coordinates":[112.3,-7.2]}},{"type":"Feature","properties":{"Line":"R130","Tr":2827,"X":"644300.5","Y":"9204444.0","Rotation":0,"NAMOBJ":"Lawanganagung","WADMKC":"Sugio","WADMKK":"Lamongan"},"geometry":{"type":"Point","coordinates":[112.3,-7.2]}},{"type":"Feature","properties":{"Line":"R130","Tr":2828,"X":"644300.5","Y":"9204431.5","Rotation":0,"NAMOBJ":"Lawanganagung","WADMKC":"Sugio","WADMKK":"Lamongan"},"geometry":{"type":"Point","coordinates":[112.3,-7.2]}},{"type":"Feature","properties":{"Line":"R130","Tr":2829,"X":"644300.5","Y":"9204419.0","Rotation":0,"NAMOBJ":"Lawanganagung","WADMKC":"Sugio","WADMKK":"Lamongan"},"geometry":{"type":"Point","coordinates":[112.3,-7.2]}},{"type":"Feature","properties":{"Line":"R130","Tr":2830,"X":"644300.5","Y":"9204406.5","Rotation":0,"NAMOBJ":"Lawanganagung","WADMKC":"Sugio","WADMKK":"Lamongan"},"geometry":{"type":"Point","coordinates":[112.3,-7.2]}},{"type":"Feature","properties":{"Line":"R130","Tr":2831,"X":"644300.5","Y":"9204394.0","Rotation":0,"NAMOBJ":"Lawanganagung","WADMKC":"Sugio","WADMKK":"Lamongan"},"geometry":{"type":"Point","coordinates":[112.3,-7.2]}},{"type":"Feature","properties":{"Line":"R130","Tr":2832,"X":"644300.5","Y":"9204381.5","Rotation":0,"NAMOBJ":"Lawanganagung","WADMKC":"Sugio","WADMKK":"Lamongan"},"geometry":{"type":"Point","coordinates":[112.3,-7.2]}},{"type":"Feature","properties":{"Line":"R130","Tr":2833,"X":"644300.5","Y":"9204369.0","Rotation":0,"NAMOBJ":"Lawanganagung","WADMKC":"Sugio","WADMKK":"Lamongan"},"geometry":{"type":"Point","coordinates":[112.3,-7.2]}},{"type":"Feature","properties":{"Line":"R130","Tr":2834,"X":"644300.5","Y":"9204356.5","Rotation":0,"NAMOBJ":"Lawanganagung","WADMKC":"Sugio","WADMKK":"Lamongan"},"geometry":{"type":"Point","coordinates":[112.3,-7.2]}},{"type":"Feature","properties":{"Line":"R130","Tr":2835,"X":"644300.5","Y":"9204344.0","Rotation":0,"NAMOBJ":"Lawanganagung","WADMKC":"Sugio","WADMKK":"Lamongan"},"geometry":{"type":"Point","coordinates":[112.3,-7.2]}},{"type":"Feature","properties":{"Line":"R130","Tr":2836,"X":"644300.5","Y":"9204331.5","Rotation":0,"NAMOBJ":"Lawanganagung","WADMKC":"Sugio","WADMKK":"Lamongan"},"geometry":{"type":"Point","coordinates":[112.3,-7.2]}},{"type":"Feature","properties":{"Line":"R130","Tr":2837,"X":"644300.5","Y":"9204319.0","Rotation":0,"NAMOBJ":"Lawanganagung","WADMKC":"Sugio","WADMKK":"Lamongan"},"geometry":{"type":"Point","coordinates":[112.3,-7.2]}},{"type":"Feature","properties":{"Line":"R130","Tr":2838,"X":"644300.5","Y":"9204306.5","Rotation":0,"NAMOBJ":"Lawanganagung","WADMKC":"Sugio","WADMKK":"Lamongan"},"geometry":{"type":"Point","coordinates":[112.3,-7.2]}},{"type":"Feature","properties":{"Line":"R130","Tr":2839,"X":"644300.5","Y":"9204294.0","Rotation":0,"NAMOBJ":"Lawanganagung","WADMKC":"Sugio","WADMKK":"Lamongan"},"geometry":{"type":"Point","coordinates":[112.3,-7.2]}},{"type":"Feature","properties":{"Line":"R130","Tr":2840,"X":"644300.5","Y":"9204281.5","Rotation":0,"NAMOBJ":"Lawanganagung","WADMKC":"Sugio","WADMKK":"Lamongan"},"geometry":{"type":"Point","coordinates":[112.3,-7.2]}},{"type":"Feature","properties":{"Line":"R130","Tr":2841,"X":"644300.5","Y":"9204269.0","Rotation":0,"NAMOBJ":"Lawanganagung","WADMKC":"Sugio","WADMKK":"Lamongan"},"geometry":{"type":"Point","coordinates":[112.3,-7.2]}},{"type":"Feature","properties":{"Line":"R130","Tr":2842,"X":"644300.5","Y":"9204256.5","Rotation":0,"NAMOBJ":"Lawanganagung","WADMKC":"Sugio","WADMKK":"Lamongan"},"geometry":{"type":"Point","coordinates":[112.3,-7.2]}},{"type":"Feature","properties":{"Line":"R130","Tr":2843,"X":"644300.5","Y":"9204244.0","Rotation":0,"NAMOBJ":"Lawanganagung","WADMKC":"Sugio","WADMKK":"Lamongan"},"geometry":{"type":"Point","coordinates":[112.3,-7.2]}},{"type":"Feature","properties":{"Line":"R130","Tr":2844,"X":"644300.5","Y":"9204231.5","Rotation":0,"NAMOBJ":"Lawanganagung","WADMKC":"Sugio","WADMKK":"Lamongan"},"geometry":{"type":"Point","coordinates":[112.3,-7.2]}},{"type":"Feature","properties":{"Line":"R130","Tr":2845,"X":"644300.5","Y":"9204219.0","Rotation":0,"NAMOBJ":"Lawanganagung","WADMKC":"Sugio","WADMKK":"Lamongan"},"geometry":{"type":"Point","coordinates":[112.3,-7.2]}},{"type":"Feature","properties":{"Line":"R130","Tr":2846,"X":"644300.5","Y":"9204206.5","Rotation":0,"NAMOBJ":"Lawanganagung","WADMKC":"Sugio","WADMKK":"Lamongan"},"geometry":{"type":"Point","coordinates":[112.3,-7.2]}},{"type":"Feature","properties":{"Line":"R130","Tr":2847,"X":"644300.5","Y":"9204194.0","Rotation":0,"NAMOBJ":"Lawanganagung","WADMKC":"Sugio","WADMKK":"Lamongan"},"geometry":{"type":"Point","coordinates":[112.3,-7.2]}},{"type":"Feature","properties":{"Line":"R130","Tr":2848,"X":"644300.5","Y":"9204181.5","Rotation":0,"NAMOBJ":"Lawanganagung","WADMKC":"Sugio","WADMKK":"Lamongan"},"geometry":{"type":"Point","coordinates":[112.3,-7.2]}},{"type":"Feature","properties":{"Line":"R130","Tr":2849,"X":"644300.5","Y":"9204169.0","Rotation":0,"NAMOBJ":"Lawanganagung","WADMKC":"Sugio","WADMKK":"Lamongan"},"geometry":{"type":"Point","coordinates":[112.3,-7.2]}},{"type":"Feature","properties":{"Line":"R130","Tr":2850,"X":"644300.5","Y":"9204156.5","Rotation":0,"NAMOBJ":"Lawanganagung","WADMKC":"Sugio","WADMKK":"Lamongan"},"geometry":{"type":"Point","coordinates":[112.3,-7.2]}},{"type":"Feature","properties":{"Line":"R130","Tr":2851,"X":"644300.5","Y":"9204144.0","Rotation":0,"NAMOBJ":"Lawanganagung","WADMKC":"Sugio","WADMKK":"Lamongan"},"geometry":{"type":"Point","coordinates":[112.3,-7.2]}},{"type":"Feature","properties":{"Line":"R130","Tr":2852,"X":"644300.5","Y":"9204131.5","Rotation":0,"NAMOBJ":"Lawanganagung","WADMKC":"Sugio","WADMKK":"Lamongan"},"geometry":{"type":"Point","coordinates":[112.3,-7.2]}},{"type":"Feature","properties":{"Line":"R130","Tr":2853,"X":"644300.5","Y":"9204119.0","Rotation":0,"NAMOBJ":"Lawanganagung","WADMKC":"Sugio","WADMKK":"Lamongan"},"geometry":{"type":"Point","coordinates":[112.3,-7.2]}},{"type":"Feature","properties":{"Line":"R130","Tr":2854,"X":"644300.5","Y":"9204106.5","Rotation":0,"NAMOBJ":"Lawanganagung","WADMKC":"Sugio","WADMKK":"Lamongan"},"geometry":{"type":"Point","coordinates":[112.3,-7.2]}},{"type":"Feature","properties":{"Line":"R130","Tr":2855,"X":"644300.5","Y":"9204094.0","Rotation":0,"NAMOBJ":"Lawanganagung","WADMKC":"Sugio","WADMKK":"Lamongan"},"geometry":{"type":"Point","coordinates":[112.3,-7.2]}},{"type":"Feature","properties":{"Line":"R130","Tr":2856,"X":"644300.5","Y":"9204081.5","Rotation":0,"NAMOBJ":"Lawanganagung","WADMKC":"Sugio","WADMKK":"Lamongan"},"geometry":{"type":"Point","coordinates":[112.3,-7.2]}},{"type":"Feature","properties":{"Line":"R130","Tr":2857,"X":"644300.5","Y":"9204069.0","Rotation":0,"NAMOBJ":"Lawanganagung","WADMKC":"Sugio","WADMKK":"Lamongan"},"geometry":{"type":"Point","coordinates":[112.3,-7.2]}},{"type":"Feature","properties":{"Line":"R130","Tr":2858,"X":"644300.5","Y":"9204056.5","Rotation":0,"NAMOBJ":"Lawanganagung","WADMKC":"Sugio","WADMKK":"Lamongan"},"geometry":{"type":"Point","coordinates":[112.3,-7.2]}},{"type":"Feature","properties":{"Line":"R130","Tr":2859,"X":"644300.5","Y":"9204044.0","Rotation":0,"NAMOBJ":"Lawanganagung","WADMKC":"Sugio","WADMKK":"Lamongan"},"geometry":{"type":"Point","coordinates":[112.3,-7.2]}},{"type":"Feature","properties":{"Line":"R130","Tr":2860,"X":"644300.5","Y":"9204031.5","Rotation":0,"NAMOBJ":"Lawanganagung","WADMKC":"Sugio","WADMKK":"Lamongan"},"geometry":{"type":"Point","coordinates":[112.3,-7.2]}},{"type":"Feature","properties":{"Line":"R130","Tr":2861,"X":"644300.5","Y":"9204019.0","Rotation":0,"NAMOBJ":"Lawanganagung","WADMKC":"Sugio","WADMKK":"Lamongan"},"geometry":{"type":"Point","coordinates":[112.3,-7.2]}},{"type":"Feature","properties":{"Line":"R130","Tr":2862,"X":"644300.5","Y":"9204006.5","Rotation":0,"NAMOBJ":"Lawanganagung","WADMKC":"Sugio","WADMKK":"Lamongan"},"geometry":{"type":"Point","coordinates":[112.3,-7.2]}},{"type":"Feature","properties":{"Line":"R130","Tr":2863,"X":"644300.5","Y":"9203994.0","Rotation":0,"NAMOBJ":"Lawanganagung","WADMKC":"Sugio","WADMKK":"Lamongan"},"geometry":{"type":"Point","coordinates":[112.3,-7.2]}},{"type":"Feature","properties":{"Line":"R130","Tr":2864,"X":"644300.5","Y":"9203981.5","Rotation":0,"NAMOBJ":"Lawanganagung","WADMKC":"Sugio","WADMKK":"Lamongan"},"geometry":{"type":"Point","coordinates":[112.3,-7.2]}},{"type":"Feature","properties":{"Line":"R130","Tr":2865,"X":"644300.5","Y":"9203969.0","Rotation":0,"NAMOBJ":"Lawanganagung","WADMKC":"Sugio","WADMKK":"Lamongan"},"geometry":{"type":"Point","coordinates":[112.3,-7.2]}},{"type":"Feature","properties":{"Line":"R130","Tr":2866,"X":"644300.5","Y":"9203956.5","Rotation":0,"NAMOBJ":"Lawanganagung","WADMKC":"Sugio","WADMKK":"Lamongan"},"geometry":{"type":"Point","coordinates":[112.3,-7.2]}},{"type":"Feature","properties":{"Line":"R130","Tr":2867,"X":"644300.5","Y":"9203944.0","Rotation":0,"NAMOBJ":"Lawanganagung","WADMKC":"Sugio","WADMKK":"Lamongan"},"geometry":{"type":"Point","coordinates":[112.3,-7.2]}},{"type":"Feature","properties":{"Line":"R130","Tr":2868,"X":"644300.5","Y":"9203931.5","Rotation":0,"NAMOBJ":"Lawanganagung","WADMKC":"Sugio","WADMKK":"Lamongan"},"geometry":{"type":"Point","coordinates":[112.3,-7.2]}},{"type":"Feature","properties":{"Line":"R130","Tr":2869,"X":"644300.5","Y":"9203919.0","Rotation":0,"NAMOBJ":"Lawanganagung","WADMKC":"Sugio","WADMKK":"Lamongan"},"geometry":{"type":"Point","coordinates":[112.3,-7.2]}},{"type":"Feature","properties":{"Line":"R130","Tr":2870,"X":"644300.5","Y":"9203906.5","Rotation":0,"NAMOBJ":"Lawanganagung","WADMKC":"Sugio","WADMKK":"Lamongan"},"geometry":{"type":"Point","coordinates":[112.3,-7.2]}},{"type":"Feature","properties":{"Line":"R130","Tr":2871,"X":"644300.5","Y":"9203894.0","Rotation":0,"NAMOBJ":"Lawanganagung","WADMKC":"Sugio","WADMKK":"Lamongan"},"geometry":{"type":"Point","coordinates":[112.3,-7.2]}},{"type":"Feature","properties":{"Line":"R130","Tr":2872,"X":"644300.5","Y":"9203881.5","Rotation":0,"NAMOBJ":"Lawanganagung","WADMKC":"Sugio","WADMKK":"Lamongan"},"geometry":{"type":"Point","coordinates":[112.3,-7.2]}},{"type":"Feature","properties":{"Line":"R130","Tr":2873,"X":"644300.5","Y":"9203869.0","Rotation":0,"NAMOBJ":"Lawanganagung","WADMKC":"Sugio","WADMKK":"Lamongan"},"geometry":{"type":"Point","coordinates":[112.3,-7.2]}},{"type":"Feature","properties":{"Line":"R130","Tr":2874,"X":"644300.5","Y":"9203856.5","Rotation":0,"NAMOBJ":"Lawanganagung","WADMKC":"Sugio","WADMKK":"Lamongan"},"geometry":{"type":"Point","coordinates":[112.3,-7.2]}},{"type":"Feature","properties":{"Line":"R130","Tr":2875,"X":"644300.5","Y":"9203844.0","Rotation":0,"NAMOBJ":"Lawanganagung","WADMKC":"Sugio","WADMKK":"Lamongan"},"geometry":{"type":"Point","coordinates":[112.3,-7.2]}},{"type":"Feature","properties":{"Line":"R130","Tr":2876,"X":"644300.5","Y":"9203831.5","Rotation":0,"NAMOBJ":"Lawanganagung","WADMKC":"Sugio","WADMKK":"Lamongan"},"geometry":{"type":"Point","coordinates":[112.3,-7.2]}},{"type":"Feature","properties":{"Line":"R130","Tr":2877,"X":"644300.5","Y":"9203819.0","Rotation":0,"NAMOBJ":"Lawanganagung","WADMKC":"Sugio","WADMKK":"Lamongan"},"geometry":{"type":"Point","coordinates":[112.3,-7.2]}},{"type":"Feature","properties":{"Line":"R130","Tr":2878,"X":"644300.5","Y":"9203806.5","Rotation":0,"NAMOBJ":"Lawanganagung","WADMKC":"Sugio","WADMKK":"Lamongan"},"geometry":{"type":"Point","coordinates":[112.3,-7.2]}},{"type":"Feature","properties":{"Line":"R130","Tr":2879,"X":"644300.5","Y":"9203794.0","Rotation":0,"NAMOBJ":"Lawanganagung","WADMKC":"Sugio","WADMKK":"Lamongan"},"geometry":{"type":"Point","coordinates":[112.3,-7.2]}},{"type":"Feature","properties":{"Line":"R130","Tr":2880,"X":"644300.5","Y":"9203781.5","Rotation":0,"NAMOBJ":"Lawanganagung","WADMKC":"Sugio","WADMKK":"Lamongan"},"geometry":{"type":"Point","coordinates":[112.3,-7.2]}},{"type":"Feature","properties":{"Line":"R130","Tr":2881,"X":"644300.5","Y":"9203769.0","Rotation":0,"NAMOBJ":"Lawanganagung","WADMKC":"Sugio","WADMKK":"Lamongan"},"geometry":{"type":"Point","coordinates":[112.3,-7.2]}},{"type":"Feature","properties":{"Line":"R130","Tr":2882,"X":"644300.5","Y":"9203756.5","Rotation":0,"NAMOBJ":"Lawanganagung","WADMKC":"Sugio","WADMKK":"Lamongan"},"geometry":{"type":"Point","coordinates":[112.3,-7.2]}},{"type":"Feature","properties":{"Line":"R130","Tr":2883,"X":"644300.5","Y":"9203744.0","Rotation":0,"NAMOBJ":"Lawanganagung","WADMKC":"Sugio","WADMKK":"Lamongan"},"geometry":{"type":"Point","coordinates":[112.3,-7.2]}},{"type":"Feature","properties":{"Line":"R130","Tr":2884,"X":"644300.5","Y":"9203731.5","Rotation":0,"NAMOBJ":"Lawanganagung","WADMKC":"Sugio","WADMKK":"Lamongan"},"geometry":{"type":"Point","coordinates":[112.3,-7.2]}},{"type":"Feature","properties":{"Line":"R130","Tr":2885,"X":"644300.5","Y":"9203719.0","Rotation":0,"NAMOBJ":"Lawanganagung","WADMKC":"Sugio","WADMKK":"Lamongan"},"geometry":{"type":"Point","coordinates":[112.3,-7.2]}},{"type":"Feature","properties":{"Line":"R130","Tr":2886,"X":"644300.5","Y":"9203706.5","Rotation":0,"NAMOBJ":"Lawanganagung","WADMKC":"Sugio","WADMKK":"Lamongan"},"geometry":{"type":"Point","coordinates":[112.3,-7.2]}},{"type":"Feature","properties":{"Line":"R130","Tr":2887,"X":"644300.5","Y":"9203694.0","Rotation":0,"NAMOBJ":"Lawanganagung","WADMKC":"Sugio","WADMKK":"Lamongan"},"geometry":{"type":"Point","coordinates":[112.3,-7.2]}},{"type":"Feature","properties":{"Line":"R130","Tr":2888,"X":"644300.5","Y":"9203681.5","Rotation":0,"NAMOBJ":"Lawanganagung","WADMKC":"Sugio","WADMKK":"Lamongan"},"geometry":{"type":"Point","coordinates":[112.3,-7.2]}},{"type":"Feature","properties":{"Line":"R130","Tr":2889,"X":"644300.5","Y":"9203669.0","Rotation":0,"NAMOBJ":"Lawanganagung","WADMKC":"Sugio","WADMKK":"Lamongan"},"geometry":{"type":"Point","coordinates":[112.3,-7.2]}},{"type":"Feature","properties":{"Line":"R130","Tr":2890,"X":"644300.5","Y":"9203656.5","Rotation":0,"NAMOBJ":"Lawanganagung","WADMKC":"Sugio","WADMKK":"Lamongan"},"geometry":{"type":"Point","coordinates":[112.3,-7.2]}},{"type":"Feature","properties":{"Line":"R130","Tr":2891,"X":"644300.5","Y":"9203644.0","Rotation":0,"NAMOBJ":"Lawanganagung","WADMKC":"Sugio","WADMKK":"Lamongan"},"geometry":{"type":"Point","coordinates":[112.3,-7.2]}},{"type":"Feature","properties":{"Line":"R130","Tr":2892,"X":"644300.5","Y":"9203631.5","Rotation":0,"NAMOBJ":"Lawanganagung","WADMKC":"Sugio","WADMKK":"Lamongan"},"geometry":{"type":"Point","coordinates":[112.3,-7.2]}},{"type":"Feature","properties":{"Line":"R130","Tr":2893,"X":"644300.5","Y":"9203619.0","Rotation":0,"NAMOBJ":"Lawanganagung","WADMKC":"Sugio","WADMKK":"Lamongan"},"geometry":{"type":"Point","coordinates":[112.3,-7.2]}},{"type":"Feature","properties":{"Line":"R130","Tr":2894,"X":"644300.5","Y":"9203606.5","Rotation":0,"NAMOBJ":"Lawanganagung","WADMKC":"Sugio","WADMKK":"Lamongan"},"geometry":{"type":"Point","coordinates":[112.3,-7.2]}},{"type":"Feature","properties":{"Line":"R130","Tr":2895,"X":"644300.5","Y":"9203594.0","Rotation":0,"NAMOBJ":"Lawanganagung","WADMKC":"Sugio","WADMKK":"Lamongan"},"geometry":{"type":"Point","coordinates":[112.3,-7.2]}},{"type":"Feature","properties":{"Line":"R130","Tr":2896,"X":"644300.5","Y":"9203581.5","Rotation":0,"NAMOBJ":"Lawanganagung","WADMKC":"Sugio","WADMKK":"Lamongan"},"geometry":{"type":"Point","coordinates":[112.3,-7.2]}},{"type":"Feature","properties":{"Line":"R130","Tr":2897,"X":"644300.5","Y":"9203569.0","Rotation":0,"NAMOBJ":"Lawanganagung","WADMKC":"Sugio","WADMKK":"Lamongan"},"geometry":{"type":"Point","coordinates":[112.3,-7.2]}},{"type":"Feature","properties":{"Line":"R130","Tr":2898,"X":"644300.5","Y":"9203556.5","Rotation":0,"NAMOBJ":"Lawanganagung","WADMKC":"Sugio","WADMKK":"Lamongan"},"geometry":{"type":"Point","coordinates":[112.3,-7.2]}},{"type":"Feature","properties":{"Line":"R130","Tr":2899,"X":"644300.5","Y":"9203544.0","Rotation":0,"NAMOBJ":"Lawanganagung","WADMKC":"Sugio","WADMKK":"Lamongan"},"geometry":{"type":"Point","coordinates":[112.3,-7.2]}},{"type":"Feature","properties":{"Line":"R130","Tr":2900,"X":"644300.5","Y":"9203531.5","Rotation":0,"NAMOBJ":"Lawanganagung","WADMKC":"Sugio","WADMKK":"Lamongan"},"geometry":{"type":"Point","coordinates":[112.3,-7.2]}},{"type":"Feature","properties":{"Line":"R130","Tr":2901,"X":"644300.5","Y":"9203519.0","Rotation":0,"NAMOBJ":"Lawanganagung","WADMKC":"Sugio","WADMKK":"Lamongan"},"geometry":{"type":"Point","coordinates":[112.3,-7.2]}},{"type":"Feature","properties":{"Line":"R130","Tr":2902,"X":"644300.5","Y":"9203506.5","Rotation":0,"NAMOBJ":"Lawanganagung","WADMKC":"Sugio","WADMKK":"Lamongan"},"geometry":{"type":"Point","coordinates":[112.3,-7.2]}},{"type":"Feature","properties":{"Line":"R130","Tr":2903,"X":"644300.5","Y":"9203494.0","Rotation":0,"NAMOBJ":"Lawanganagung","WADMKC":"Sugio","WADMKK":"Lamongan"},"geometry":{"type":"Point","coordinates":[112.3,-7.2]}},{"type":"Feature","properties":{"Line":"R130","Tr":2904,"X":"644300.5","Y":"9203481.5","Rotation":0,"NAMOBJ":"Lawanganagung","WADMKC":"Sugio","WADMKK":"Lamongan"},"geometry":{"type":"Point","coordinates":[112.3,-7.2]}},{"type":"Feature","properties":{"Line":"R130","Tr":2905,"X":"644300.5","Y":"9203469.0","Rotation":0,"NAMOBJ":"Lawanganagung","WADMKC":"Sugio","WADMKK":"Lamongan"},"geometry":{"type":"Point","coordinates":[112.3,-7.2]}},{"type":"Feature","properties":{"Line":"R130","Tr":2906,"X":"644300.5","Y":"9203456.5","Rotation":0,"NAMOBJ":"Lawanganagung","WADMKC":"Sugio","WADMKK":"Lamongan"},"geometry":{"type":"Point","coordinates":[112.3,-7.2]}},{"type":"Feature","properties":{"Line":"R130","Tr":2907,"X":"644300.5","Y":"9203444.0","Rotation":0,"NAMOBJ":"Lawanganagung","WADMKC":"Sugio","WADMKK":"Lamongan"},"geometry":{"type":"Point","coordinates":[112.3,-7.2]}},{"type":"Feature","properties":{"Line":"R130","Tr":2908,"X":"644300.5","Y":"9203431.5","Rotation":0,"NAMOBJ":"Lawanganagung","WADMKC":"Sugio","WADMKK":"Lamongan"},"geometry":{"type":"Point","coordinates":[112.3,-7.2]}},{"type":"Feature","properties":{"Line":"R130","Tr":2909,"X":"644300.5","Y":"9203419.0","Rotation":0,"NAMOBJ":"Lawanganagung","WADMKC":"Sugio","WADMKK":"Lamongan"},"geometry":{"type":"Point","coordinates":[112.3,-7.2]}},{"type":"Feature","properties":{"Line":"R130","Tr":2910,"X":"644300.5","Y":"9203406.5","Rotation":0,"NAMOBJ":"Lawanganagung","WADMKC":"Sugio","WADMKK":"Lamongan"},"geometry":{"type":"Point","coordinates":[112.3,-7.2]}},{"type":"Feature","properties":{"Line":"R130","Tr":2911,"X":"644300.5","Y":"9203394.0","Rotation":0,"NAMOBJ":"Lawanganagung","WADMKC":"Sugio","WADMKK":"Lamongan"},"geometry":{"type":"Point","coordinates":[112.3,-7.2]}},{"type":"Feature","properties":{"Line":"R130","Tr":2912,"X":"644300.5","Y":"9203381.5","Rotation":0,"NAMOBJ":"Lawanganagung","WADMKC":"Sugio","WADMKK":"Lamongan"},"geometry":{"type":"Point","coordinates":[112.3,-7.2]}},{"type":"Feature","properties":{"Line":"R130","Tr":2913,"X":"644300.5","Y":"9203369.0","Rotation":0,"NAMOBJ":"Lawanganagung","WADMKC":"Sugio","WADMKK":"Lamongan"},"geometry":{"type":"Point","coordinates":[112.3,-7.2]}},{"type":"Feature","properties":{"Line":"R130","Tr":2914,"X":"644300.5","Y":"9203356.5","Rotation":0,"NAMOBJ":"Lawanganagung","WADMKC":"Sugio","WADMKK":"Lamongan"},"geometry":{"type":"Point","coordinates":[112.3,-7.2]}},{"type":"Feature","properties":{"Line":"R130","Tr":2915,"X":"644300.5","Y":"9203344.0","Rotation":0,"NAMOBJ":"Lawanganagung","WADMKC":"Sugio","WADMKK":"Lamongan"},"geometry":{"type":"Point","coordinates":[112.3,-7.2]}},{"type":"Feature","properties":{"Line":"R130","Tr":2916,"X":"644300.5","Y":"9203331.5","Rotation":0,"NAMOBJ":"Lawanganagung","WADMKC":"Sugio","WADMKK":"Lamongan"},"geometry":{"type":"Point","coordinates":[112.3,-7.2]}},{"type":"Feature","properties":{"Line":"R130","Tr":2917,"X":"644300.5","Y":"9203319.0","Rotation":0,"NAMOBJ":"Lawanganagung","WADMKC":"Sugio","WADMKK":"Lamongan"},"geometry":{"type":"Point","coordinates":[112.3,-7.2]}},{"type":"Feature","properties":{"Line":"R130","Tr":2918,"X":"644300.5","Y":"9203306.5","Rotation":0,"NAMOBJ":"Lawanganagung","WADMKC":"Sugio","WADMKK":"Lamongan"},"geometry":{"type":"Point","coordinates":[112.3,-7.2]}},{"type":"Feature","properties":{"Line":"R130","Tr":2919,"X":"644300.5","Y":"9203294.0","Rotation":0,"NAMOBJ":"Lawanganagung","WADMKC":"Sugio","WADMKK":"Lamongan"},"geometry":{"type":"Point","coordinates":[112.3,-7.2]}},{"type":"Feature","properties":{"Line":"R130","Tr":2920,"X":"644300.5","Y":"9203281.5","Rotation":0,"NAMOBJ":"Lawanganagung","WADMKC":"Sugio","WADMKK":"Lamongan"},"geometry":{"type":"Point","coordinates":[112.3,-7.2]}},{"type":"Feature","properties":{"Line":"R130","Tr":2921,"X":"644300.5","Y":"9203269.0","Rotation":0,"NAMOBJ":"Lawanganagung","WADMKC":"Sugio","WADMKK":"Lamongan"},"geometry":{"type":"Point","coordinates":[112.3,-7.2]}},{"type":"Feature","properties":{"Line":"R130","Tr":2922,"X":"644300.5","Y":"9203256.5","Rotation":0,"NAMOBJ":"Lawanganagung","WADMKC":"Sugio","WADMKK":"Lamongan"},"geometry":{"type":"Point","coordinates":[112.3,-7.2]}},{"type":"Feature","properties":{"Line":"R130","Tr":2923,"X":"644300.5","Y":"9203244.0","Rotation":0,"NAMOBJ":"Lawanganagung","WADMKC":"Sugio","WADMKK":"Lamongan"},"geometry":{"type":"Point","coordinates":[112.3,-7.2]}},{"type":"Feature","properties":{"Line":"R130","Tr":2924,"X":"644300.5","Y":"9203231.5","Rotation":0,"NAMOBJ":"Lawanganagung","WADMKC":"Sugio","WADMKK":"Lamongan"},"geometry":{"type":"Point","coordinates":[112.3,-7.2]}},{"type":"Feature","properties":{"Line":"R130","Tr":2925,"X":"644300.5","Y":"9203219.0","Rotation":0,"NAMOBJ":"Lawanganagung","WADMKC":"Sugio","WADMKK":"Lamongan"},"geometry":{"type":"Point","coordinates":[112.3,-7.2]}},{"type":"Feature","properties":{"Line":"R130","Tr":2926,"X":"644300.5","Y":"9203206.5","Rotation":0,"NAMOBJ":"Lawanganagung","WADMKC":"Sugio","WADMKK":"Lamongan"},"geometry":{"type":"Point","coordinates":[112.3,-7.2]}},{"type":"Feature","properties":{"Line":"R130","Tr":2927,"X":"644300.5","Y":"9203194.0","Rotation":0,"NAMOBJ":"Lawanganagung","WADMKC":"Sugio","WADMKK":"Lamongan"},"geometry":{"type":"Point","coordinates":[112.3,-7.2]}},{"type":"Feature","properties":{"Line":"R130","Tr":2928,"X":"644300.5","Y":"9203181.5","Rotation":0,"NAMOBJ":"Lawanganagung","WADMKC":"Sugio","WADMKK":"Lamongan"},"geometry":{"type":"Point","coordinates":[112.3,-7.2]}},{"type":"Feature","properties":{"Line":"R130","Tr":2929,"X":"644300.5","Y":"9203169.0","Rotation":0,"NAMOBJ":"Lawanganagung","WADMKC":"Sugio","WADMKK":"Lamongan"},"geometry":{"type":"Point","coordinates":[112.3,-7.2]}},{"type":"Feature","properties":{"Line":"R130","Tr":2930,"X":"644300.5","Y":"9203156.5","Rotation":0,"NAMOBJ":"Lawanganagung","WADMKC":"Sugio","WADMKK":"Lamongan"},"geometry":{"type":"Point","coordinates":[112.3,-7.2]}},{"type":"Feature","properties":{"Line":"R130","Tr":2931,"X":"644300.5","Y":"9203144.0","Rotation":0,"NAMOBJ":"Lawanganagung","WADMKC":"Sugio","WADMKK":"Lamongan"},"geometry":{"type":"Point","coordinates":[112.3,-7.2]}},{"type":"Feature","properties":{"Line":"R130","Tr":2932,"X":"644300.5","Y":"9203131.5","Rotation":0,"NAMOBJ":"Lawanganagung","WADMKC":"Sugio","WADMKK":"Lamongan"},"geometry":{"type":"Point","coordinates":[112.3,-7.2]}},{"type":"Feature","properties":{"Line":"R130","Tr":2933,"X":"644300.5","Y":"9203119.0","Rotation":0,"NAMOBJ":"Lawanganagung","WADMKC":"Sugio","WADMKK":"Lamongan"},"geometry":{"type":"Point","coordinates":[112.3,-7.2]}},{"type":"Feature","properties":{"Line":"R101","Tr":2375,"X":"641406.8","Y":"9208800.3","Rotation":90,"NAMOBJ":"Lebakadi","WADMKC":"Sugio","WADMKK":"Lamongan"},"geometry":{"type":"Point","coordinates":[112.3,-7.2]}},{"type":"Feature","properties":{"Line":"R101","Tr":2376,"X":"641419.3","Y":"9208800.4","Rotation":90,"NAMOBJ":"Lebakadi","WADMKC":"Sugio","WADMKK":"Lamongan"},"geometry":{"type":"Point","coordinates":[112.3,-7.2]}},{"type":"Feature","properties":{"Line":"R101","Tr":2377,"X":"641431.8","Y":"9208800.3","Rotation":90,"NAMOBJ":"Lebakadi","WADMKC":"Sugio","WADMKK":"Lamongan"},"geometry":{"type":"Point","coordinates":[112.3,-7.2]}},{"type":"Feature","properties":{"Line":"R101","Tr":2378,"X":"641444.3","Y":"9208800.4","Rotation":90,"NAMOBJ":"Lebakadi","WADMKC":"Sugio","WADMKK":"Lamongan"},"geometry":{"type":"Point","coordinates":[112.3,-7.2]}},{"type":"Feature","properties":{"Line":"R101","Tr":2379,"X":"641456.8","Y":"9208800.3","Rotation":90,"NAMOBJ":"Lebakadi","WADMKC":"Sugio","WADMKK":"Lamongan"},"geometry":{"type":"Point","coordinates":[112.3,-7.2]}},{"type":"Feature","properties":{"Line":"R101","Tr":2380,"X":"641469.3","Y":"9208800.4","Rotation":90,"NAMOBJ":"Lebakadi","WADMKC":"Sugio","WADMKK":"Lamongan"},"geometry":{"type":"Point","coordinates":[112.3,-7.2]}},{"type":"Feature","properties":{"Line":"R101","Tr":2381,"X":"641481.8","Y":"9208800.3","Rotation":90,"NAMOBJ":"Lebakadi","WADMKC":"Sugio","WADMKK":"Lamongan"},"geometry":{"type":"Point","coordinates":[112.3,-7.2]}},{"type":"Feature","properties":{"Line":"R101","Tr":2382,"X":"641494.3","Y":"9208800.4","Rotation":90,"NAMOBJ":"Lebakadi","WADMKC":"Sugio","WADMKK":"Lamongan"},"geometry":{"type":"Point","coordinates":[112.3,-7.2]}},{"type":"Feature","properties":{"Line":"R101","Tr":2383,"X":"641506.8","Y":"9208800.3","Rotation":90,"NAMOBJ":"Lebakadi","WADMKC":"Sugio","WADMKK":"Lamongan"},"geometry":{"type":"Point","coordinates":[112.3,-7.2]}},{"type":"Feature","properties":{"Line":"R101","Tr":2384,"X":"641519.3","Y":"9208800.4","Rotation":90,"NAMOBJ":"Lebakadi","WADMKC":"Sugio","WADMKK":"Lamongan"},"geometry":{"type":"Point","coordinates":[112.3,-7.2]}},{"type":"Feature","properties":{"Line":"R101","Tr":2385,"X":"641531.8","Y":"9208800.3","Rotation":90,"NAMOBJ":"Lebakadi","WADMKC":"Sugio","WADMKK":"Lamongan"},"geometry":{"type":"Point","coordinates":[112.3,-7.2]}},{"type":"Feature","properties":{"Line":"R101","Tr":2386,"X":"641544.3","Y":"9208800.4","Rotation":90,"NAMOBJ":"Lebakadi","WADMKC":"Sugio","WADMKK":"Lamongan"},"geometry":{"type":"Point","coordinates":[112.3,-7.2]}},{"type":"Feature","properties":{"Line":"R101","Tr":2387,"X":"641556.8","Y":"9208800.3","Rotation":90,"NAMOBJ":"Lebakadi","WADMKC":"Sugio","WADMKK":"Lamongan"},"geometry":{"type":"Point","coordinates":[112.3,-7.2]}},{"type":"Feature","properties":{"Line":"R101","Tr":2388,"X":"641569.3","Y":"9208800.4","Rotation":90,"NAMOBJ":"Lebakadi","WADMKC":"Sugio","WADMKK":"Lamongan"},"geometry":{"type":"Point","coordinates":[112.3,-7.2]}},{"type":"Feature","properties":{"Line":"R101","Tr":2389,"X":"641581.8","Y":"9208800.3","Rotation":90,"NAMOBJ":"Lebakadi","WADMKC":"Sugio","WADMKK":"Lamongan"},"geometry":{"type":"Point","coordinates":[112.3,-7.2]}},{"type":"Feature","properties":{"Line":"R101","Tr":2390,"X":"641594.3","Y":"9208800.4","Rotation":90,"NAMOBJ":"Lebakadi","WADMKC":"Sugio","WADMKK":"Lamongan"},"geometry":{"type":"Point","coordinates":[112.3,-7.2]}},{"type":"Feature","properties":{"Line":"R101","Tr":2391,"X":"641606.8","Y":"9208800.3","Rotation":90,"NAMOBJ":"Lebakadi","WADMKC":"Sugio","WADMKK":"Lamongan"},"geometry":{"type":"Point","coordinates":[112.3,-7.2]}},{"type":"Feature","properties":{"Line":"R101","Tr":2392,"X":"641619.3","Y":"9208800.4","Rotation":90,"NAMOBJ":"Lebakadi","WADMKC":"Sugio","WADMKK":"Lamongan"},"geometry":{"type":"Point","coordinates":[112.3,-7.2]}},{"type":"Feature","properties":{"Line":"R101","Tr":2393,"X":"641631.8","Y":"9208800.3","Rotation":90,"NAMOBJ":"Lebakadi","WADMKC":"Sugio","WADMKK":"Lamongan"},"geometry":{"type":"Point","coordinates":[112.3,-7.2]}},{"type":"Feature","properties":{"Line":"R101","Tr":2394,"X":"641644.3","Y":"9208800.4","Rotation":90,"NAMOBJ":"Lebakadi","WADMKC":"Sugio","WADMKK":"Lamongan"},"geometry":{"type":"Point","coordinates":[112.3,-7.2]}},{"type":"Feature","properties":{"Line":"R101","Tr":2395,"X":"641656.8","Y":"9208800.3","Rotation":90,"NAMOBJ":"Lebakadi","WADMKC":"Sugio","WADMKK":"Lamongan"},"geometry":{"type":"Point","coordinates":[112.3,-7.2]}},{"type":"Feature","properties":{"Line":"R101","Tr":2396,"X":"641669.3","Y":"9208800.4","Rotation":90,"NAMOBJ":"Lebakadi","WADMKC":"Sugio","WADMKK":"Lamongan"},"geometry":{"type":"Point","coordinates":[112.3,-7.2]}},{"type":"Feature","properties":{"Line":"R101","Tr":2397,"X":"641681.8","Y":"9208800.3","Rotation":90,"NAMOBJ":"Lebakadi","WADMKC":"Sugio","WADMKK":"Lamongan"},"geometry":{"type":"Point","coordinates":[112.3,-7.2]}},{"type":"Feature","properties":{"Line":"R101","Tr":2398,"X":"641694.3","Y":"9208800.4","Rotation":90,"NAMOBJ":"Lebakadi","WADMKC":"Sugio","WADMKK":"Lamongan"},"geometry":{"type":"Point","coordinates":[112.3,-7.2]}},{"type":"Feature","properties":{"Line":"R101","Tr":2399,"X":"641706.8","Y":"9208800.3","Rotation":90,"NAMOBJ":"Lebakadi","WADMKC":"Sugio","WADMKK":"Lamongan"},"geometry":{"type":"Point","coordinates":[112.3,-7.2]}},{"type":"Feature","properties":{"Line":"R101","Tr":2400,"X":"641719.3","Y":"9208800.4","Rotation":90,"NAMOBJ":"Lebakadi","WADMKC":"Sugio","WADMKK":"Lamongan"},"geometry":{"type":"Point","coordinates":[112.3,-7.2]}},{"type":"Feature","properties":{"Line":"R101","Tr":2401,"X":"641731.8","Y":"9208800.3","Rotation":90,"NAMOBJ":"Lebakadi","WADMKC":"Sugio","WADMKK":"Lamongan"},"geometry":{"type":"Point","coordinates":[112.3,-7.2]}},{"type":"Feature","properties":{"Line":"R101","Tr":2402,"X":"641744.3","Y":"9208800.4","Rotation":90,"NAMOBJ":"Lebakadi","WADMKC":"Sugio","WADMKK":"Lamongan"},"geometry":{"type":"Point","coordinates":[112.3,-7.2]}},{"type":"Feature","properties":{"Line":"R101","Tr":2403,"X":"641756.8","Y":"9208800.3","Rotation":90,"NAMOBJ":"Lebakadi","WADMKC":"Sugio","WADMKK":"Lamongan"},"geometry":{"type":"Point","coordinates":[112.3,-7.2]}},{"type":"Feature","properties":{"Line":"R101","Tr":2404,"X":"641769.3","Y":"9208800.4","Rotation":90,"NAMOBJ":"Lebakadi","WADMKC":"Sugio","WADMKK":"Lamongan"},"geometry":{"type":"Point","coordinates":[112.3,-7.2]}},{"type":"Feature","properties":{"Line":"R101","Tr":2405,"X":"641781.8","Y":"9208800.3","Rotation":90,"NAMOBJ":"Lebakadi","WADMKC":"Sugio","WADMKK":"Lamongan"},"geometry":{"type":"Point","coordinates":[112.3,-7.2]}},{"type":"Feature","properties":{"Line":"R101","Tr":2406,"X":"641794.3","Y":"9208800.4","Rotation":90,"NAMOBJ":"Lebakadi","WADMKC":"Sugio","WADMKK":"Lamongan"},"geometry":{"type":"Point","coordinates":[112.3,-7.2]}},{"type":"Feature","properties":{"Line":"R101","Tr":2407,"X":"641806.8","Y":"9208800.3","Rotation":90,"NAMOBJ":"Lebakadi","WADMKC":"Sugio","WADMKK":"Lamongan"},"geometry":{"type":"Point","coordinates":[112.3,-7.2]}},{"type":"Feature","properties":{"Line":"R101","Tr":2408,"X":"641819.3","Y":"9208800.4","Rotation":90,"NAMOBJ":"Lebakadi","WADMKC":"Sugio","WADMKK":"Lamongan"},"geometry":{"type":"Point","coordinates":[112.3,-7.2]}},{"type":"Feature","properties":{"Line":"R101","Tr":2409,"X":"641831.8","Y":"9208800.3","Rotation":90,"NAMOBJ":"Lebakadi","WADMKC":"Sugio","WADMKK":"Lamongan"},"geometry":{"type":"Point","coordinates":[112.3,-7.2]}},{"type":"Feature","properties":{"Line":"R101","Tr":2410,"X":"641844.3","Y":"9208800.4","Rotation":90,"NAMOBJ":"Lebakadi","WADMKC":"Sugio","WADMKK":"Lamongan"},"geometry":{"type":"Point","coordinates":[112.3,-7.2]}},{"type":"Feature","properties":{"Line":"R101","Tr":2411,"X":"641856.8","Y":"9208800.3","Rotation":90,"NAMOBJ":"Lebakadi","WADMKC":"Sugio","WADMKK":"Lamongan"},"geometry":{"type":"Point","coordinates":[112.3,-7.2]}},{"type":"Feature","properties":{"Line":"R101","Tr":2412,"X":"641869.3","Y":"9208800.4","Rotation":90,"NAMOBJ":"Lebakadi","WADMKC":"Sugio","WADMKK":"Lamongan"},"geometry":{"type":"Point","coordinates":[112.3,-7.2]}},{"type":"Feature","properties":{"Line":"R101","Tr":2413,"X":"641881.8","Y":"9208800.3","Rotation":90,"NAMOBJ":"Lebakadi","WADMKC":"Sugio","WADMKK":"Lamongan"},"geometry":{"type":"Point","coordinates":[112.3,-7.2]}},{"type":"Feature","properties":{"Line":"R101","Tr":2414,"X":"641894.3","Y":"9208800.4","Rotation":90,"NAMOBJ":"Lebakadi","WADMKC":"Sugio","WADMKK":"Lamongan"},"geometry":{"type":"Point","coordinates":[112.3,-7.2]}},{"type":"Feature","properties":{"Line":"R101","Tr":2415,"X":"641906.8","Y":"9208800.3","Rotation":90,"NAMOBJ":"Lebakadi","WADMKC":"Sugio","WADMKK":"Lamongan"},"geometry":{"type":"Point","coordinates":[112.3,-7.2]}},{"type":"Feature","properties":{"Line":"R101","Tr":2416,"X":"641919.3","Y":"9208800.4","Rotation":90,"NAMOBJ":"Lebakadi","WADMKC":"Sugio","WADMKK":"Lamongan"},"geometry":{"type":"Point","coordinates":[112.3,-7.2]}},{"type":"Feature","properties":{"Line":"R101","Tr":2417,"X":"641931.8","Y":"9208800.3","Rotation":90,"NAMOBJ":"Lebakadi","WADMKC":"Sugio","WADMKK":"Lamongan"},"geometry":{"type":"Point","coordinates":[112.3,-7.2]}},{"type":"Feature","properties":{"Line":"R101","Tr":2418,"X":"641944.3","Y":"9208800.4","Rotation":90,"NAMOBJ":"Lebakadi","WADMKC":"Sugio","WADMKK":"Lamongan"},"geometry":{"type":"Point","coordinates":[112.3,-7.2]}},{"type":"Feature","properties":{"Line":"R101","Tr":2419,"X":"641956.8","Y":"9208800.3","Rotation":90,"NAMOBJ":"Lebakadi","WADMKC":"Sugio","WADMKK":"Lamongan"},"geometry":{"type":"Point","coordinates":[112.3,-7.2]}},{"type":"Feature","properties":{"Line":"R101","Tr":2420,"X":"641969.3","Y":"9208800.4","Rotation":90,"NAMOBJ":"Lebakadi","WADMKC":"Sugio","WADMKK":"Lamongan"},"geometry":{"type":"Point","coordinates":[112.3,-7.2]}},{"type":"Feature","properties":{"Line":"R101","Tr":2421,"X":"641981.8","Y":"9208800.3","Rotation":90,"NAMOBJ":"Lebakadi","WADMKC":"Sugio","WADMKK":"Lamongan"},"geometry":{"type":"Point","coordinates":[112.3,-7.2]}},{"type":"Feature","properties":{"Line":"R101","Tr":2422,"X":"641994.3","Y":"9208800.4","Rotation":90,"NAMOBJ":"Lebakadi","WADMKC":"Sugio","WADMKK":"Lamongan"},"geometry":{"type":"Point","coordinates":[112.3,-7.2]}},{"type":"Feature","properties":{"Line":"R101","Tr":2423,"X":"642006.8","Y":"9208800.3","Rotation":90,"NAMOBJ":"Lebakadi","WADMKC":"Sugio","WADMKK":"Lamongan"},"geometry":{"type":"Point","coordinates":[112.3,-7.2]}},{"type":"Feature","properties":{"Line":"R101","Tr":2424,"X":"642019.3","Y":"9208800.4","Rotation":90,"NAMOBJ":"Lebakadi","WADMKC":"Sugio","WADMKK":"Lamongan"},"geometry":{"type":"Point","coordinates":[112.3,-7.2]}},{"type":"Feature","properties":{"Line":"R101","Tr":2425,"X":"642031.8","Y":"9208800.3","Rotation":90,"NAMOBJ":"Lebakadi","WADMKC":"Sugio","WADMKK":"Lamongan"},"geometry":{"type":"Point","coordinates":[112.3,-7.2]}},{"type":"Feature","properties":{"Line":"R101","Tr":2426,"X":"642044.3","Y":"9208800.4","Rotation":90,"NAMOBJ":"Lebakadi","WADMKC":"Sugio","WADMKK":"Lamongan"},"geometry":{"type":"Point","coordinates":[112.3,-7.2]}},{"type":"Feature","properties":{"Line":"R101","Tr":2427,"X":"642056.8","Y":"9208800.3","Rotation":90,"NAMOBJ":"Lebakadi","WADMKC":"Sugio","WADMKK":"Lamongan"},"geometry":{"type":"Point","coordinates":[112.3,-7.2]}},{"type":"Feature","properties":{"Line":"R101","Tr":2428,"X":"642069.3","Y":"9208800.4","Rotation":90,"NAMOBJ":"Lebakadi","WADMKC":"Sugio","WADMKK":"Lamongan"},"geometry":{"type":"Point","coordinates":[112.3,-7.2]}},{"type":"Feature","properties":{"Line":"R101","Tr":2429,"X":"642081.8","Y":"9208800.3","Rotation":90,"NAMOBJ":"Lebakadi","WADMKC":"Sugio","WADMKK":"Lamongan"},"geometry":{"type":"Point","coordinates":[112.3,-7.2]}},{"type":"Feature","properties":{"Line":"R101","Tr":2430,"X":"642094.3","Y":"9208800.4","Rotation":90,"NAMOBJ":"Lebakadi","WADMKC":"Sugio","WADMKK":"Lamongan"},"geometry":{"type":"Point","coordinates":[112.3,-7.2]}},{"type":"Feature","properties":{"Line":"R101","Tr":2431,"X":"642106.8","Y":"9208800.3","Rotation":90,"NAMOBJ":"Lebakadi","WADMKC":"Sugio","WADMKK":"Lamongan"},"geometry":{"type":"Point","coordinates":[112.3,-7.2]}},{"type":"Feature","properties":{"Line":"R101","Tr":2432,"X":"642119.3","Y":"9208800.4","Rotation":90,"NAMOBJ":"Lebakadi","WADMKC":"Sugio","WADMKK":"Lamongan"},"geometry":{"type":"Point","coordinates":[112.3,-7.2]}},{"type":"Feature","properties":{"Line":"R101","Tr":2555,"X":"643656.8","Y":"9208800.3","Rotation":90,"NAMOBJ":"Sekarbagus","WADMKC":"Sugio","WADMKK":"Lamongan"},"geometry":{"type":"Point","coordinates":[112.3,-7.2]}},{"type":"Feature","properties":{"Line":"R101","Tr":2556,"X":"643669.3","Y":"9208800.4","Rotation":90,"NAMOBJ":"Sekarbagus","WADMKC":"Sugio","WADMKK":"Lamongan"},"geometry":{"type":"Point","coordinates":[112.3,-7.2]}},{"type":"Feature","properties":{"Line":"R101","Tr":2557,"X":"643681.8","Y":"9208800.3","Rotation":90,"NAMOBJ":"Sekarbagus","WADMKC":"Sugio","WADMKK":"Lamongan"},"geometry":{"type":"Point","coordinates":[112.3,-7.2]}},{"type":"Feature","properties":{"Line":"R101","Tr":2558,"X":"643694.3","Y":"9208800.4","Rotation":90,"NAMOBJ":"Sekarbagus","WADMKC":"Sugio","WADMKK":"Lamongan"},"geometry":{"type":"Point","coordinates":[112.3,-7.2]}},{"type":"Feature","properties":{"Line":"R101","Tr":2559,"X":"643706.8","Y":"9208800.3","Rotation":90,"NAMOBJ":"Sekarbagus","WADMKC":"Sugio","WADMKK":"Lamongan"},"geometry":{"type":"Point","coordinates":[112.3,-7.2]}},{"type":"Feature","properties":{"Line":"R101","Tr":2560,"X":"643719.3","Y":"9208800.4","Rotation":90,"NAMOBJ":"Sekarbagus","WADMKC":"Sugio","WADMKK":"Lamongan"},"geometry":{"type":"Point","coordinates":[112.3,-7.2]}},{"type":"Feature","properties":{"Line":"R101","Tr":2561,"X":"643731.8","Y":"9208800.3","Rotation":90,"NAMOBJ":"Sekarbagus","WADMKC":"Sugio","WADMKK":"Lamongan"},"geometry":{"type":"Point","coordinates":[112.3,-7.2]}},{"type":"Feature","properties":{"Line":"R101","Tr":2562,"X":"643744.3","Y":"9208800.4","Rotation":90,"NAMOBJ":"Sekarbagus","WADMKC":"Sugio","WADMKK":"Lamongan"},"geometry":{"type":"Point","coordinates":[112.3,-7.2]}},{"type":"Feature","properties":{"Line":"R101","Tr":2563,"X":"643756.8","Y":"9208800.3","Rotation":90,"NAMOBJ":"Sekarbagus","WADMKC":"Sugio","WADMKK":"Lamongan"},"geometry":{"type":"Point","coordinates":[112.3,-7.2]}},{"type":"Feature","properties":{"Line":"R101","Tr":2564,"X":"643769.3","Y":"9208800.4","Rotation":90,"NAMOBJ":"Sekarbagus","WADMKC":"Sugio","WADMKK":"Lamongan"},"geometry":{"type":"Point","coordinates":[112.3,-7.2]}},{"type":"Feature","properties":{"Line":"R101","Tr":2565,"X":"643781.8","Y":"9208800.3","Rotation":90,"NAMOBJ":"Sekarbagus","WADMKC":"Sugio","WADMKK":"Lamongan"},"geometry":{"type":"Point","coordinates":[112.3,-7.2]}},{"type":"Feature","properties":{"Line":"R101","Tr":2566,"X":"643794.3","Y":"9208800.4","Rotation":90,"NAMOBJ":"Sekarbagus","WADMKC":"Sugio","WADMKK":"Lamongan"},"geometry":{"type":"Point","coordinates":[112.3,-7.2]}},{"type":"Feature","properties":{"Line":"R101","Tr":2567,"X":"643806.8","Y":"9208800.3","Rotation":90,"NAMOBJ":"Sekarbagus","WADMKC":"Sugio","WADMKK":"Lamongan"},"geometry":{"type":"Point","coordinates":[112.3,-7.2]}},{"type":"Feature","properties":{"Line":"R101","Tr":2568,"X":"643819.3","Y":"9208800.4","Rotation":90,"NAMOBJ":"Sekarbagus","WADMKC":"Sugio","WADMKK":"Lamongan"},"geometry":{"type":"Point","coordinates":[112.3,-7.2]}},{"type":"Feature","properties":{"Line":"R101","Tr":2569,"X":"643831.8","Y":"9208800.3","Rotation":90,"NAMOBJ":"Sekarbagus","WADMKC":"Sugio","WADMKK":"Lamongan"},"geometry":{"type":"Point","coordinates":[112.3,-7.2]}},{"type":"Feature","properties":{"Line":"R101","Tr":2570,"X":"643844.3","Y":"9208800.4","Rotation":90,"NAMOBJ":"Sekarbagus","WADMKC":"Sugio","WADMKK":"Lamongan"},"geometry":{"type":"Point","coordinates":[112.3,-7.2]}},{"type":"Feature","properties":{"Line":"R101","Tr":2571,"X":"643856.8","Y":"9208800.3","Rotation":90,"NAMOBJ":"Sekarbagus","WADMKC":"Sugio","WADMKK":"Lamongan"},"geometry":{"type":"Point","coordinates":[112.3,-7.2]}},{"type":"Feature","properties":{"Line":"R101","Tr":2572,"X":"643869.3","Y":"9208800.4","Rotation":90,"NAMOBJ":"Sekarbagus","WADMKC":"Sugio","WADMKK":"Lamongan"},"geometry":{"type":"Point","coordinates":[112.3,-7.2]}},{"type":"Feature","properties":{"Line":"R101","Tr":2573,"X":"643881.8","Y":"9208800.3","Rotation":90,"NAMOBJ":"Sekarbagus","WADMKC":"Sugio","WADMKK":"Lamongan"},"geometry":{"type":"Point","coordinates":[112.3,-7.2]}},{"type":"Feature","properties":{"Line":"R101","Tr":2574,"X":"643894.3","Y":"9208800.4","Rotation":90,"NAMOBJ":"Sekarbagus","WADMKC":"Sugio","WADMKK":"Lamongan"},"geometry":{"type":"Point","coordinates":[112.3,-7.2]}},{"type":"Feature","properties":{"Line":"R101","Tr":2575,"X":"643906.8","Y":"9208800.3","Rotation":90,"NAMOBJ":"Sekarbagus","WADMKC":"Sugio","WADMKK":"Lamongan"},"geometry":{"type":"Point","coordinates":[112.3,-7.2]}},{"type":"Feature","properties":{"Line":"R101","Tr":2576,"X":"643919.3","Y":"9208800.4","Rotation":90,"NAMOBJ":"Sekarbagus","WADMKC":"Sugio","WADMKK":"Lamongan"},"geometry":{"type":"Point","coordinates":[112.3,-7.2]}},{"type":"Feature","properties":{"Line":"R101","Tr":2577,"X":"643931.8","Y":"9208800.3","Rotation":90,"NAMOBJ":"Sekarbagus","WADMKC":"Sugio","WADMKK":"Lamongan"},"geometry":{"type":"Point","coordinates":[112.3,-7.2]}},{"type":"Feature","properties":{"Line":"R101","Tr":2578,"X":"643944.3","Y":"9208800.4","Rotation":90,"NAMOBJ":"Sekarbagus","WADMKC":"Sugio","WADMKK":"Lamongan"},"geometry":{"type":"Point","coordinates":[112.3,-7.2]}},{"type":"Feature","properties":{"Line":"R101","Tr":2579,"X":"643956.8","Y":"9208800.3","Rotation":90,"NAMOBJ":"Sekarbagus","WADMKC":"Sugio","WADMKK":"Lamongan"},"geometry":{"type":"Point","coordinates":[112.3,-7.2]}},{"type":"Feature","properties":{"Line":"R101","Tr":2580,"X":"643969.3","Y":"9208800.4","Rotation":90,"NAMOBJ":"Sekarbagus","WADMKC":"Sugio","WADMKK":"Lamongan"},"geometry":{"type":"Point","coordinates":[112.3,-7.2]}},{"type":"Feature","properties":{"Line":"R101","Tr":2581,"X":"643981.8","Y":"9208800.3","Rotation":90,"NAMOBJ":"Sekarbagus","WADMKC":"Sugio","WADMKK":"Lamongan"},"geometry":{"type":"Point","coordinates":[112.3,-7.2]}},{"type":"Feature","properties":{"Line":"R101","Tr":2582,"X":"643994.3","Y":"9208800.4","Rotation":90,"NAMOBJ":"Sekarbagus","WADMKC":"Sugio","WADMKK":"Lamongan"},"geometry":{"type":"Point","coordinates":[112.3,-7.2]}},{"type":"Feature","properties":{"Line":"R101","Tr":2583,"X":"644006.8","Y":"9208800.3","Rotation":90,"NAMOBJ":"Sekarbagus","WADMKC":"Sugio","WADMKK":"Lamongan"},"geometry":{"type":"Point","coordinates":[112.3,-7.2]}},{"type":"Feature","properties":{"Line":"R101","Tr":2584,"X":"644019.3","Y":"9208800.4","Rotation":90,"NAMOBJ":"Sekarbagus","WADMKC":"Sugio","WADMKK":"Lamongan"},"geometry":{"type":"Point","coordinates":[112.3,-7.2]}},{"type":"Feature","properties":{"Line":"R101","Tr":2585,"X":"644031.8","Y":"9208800.3","Rotation":90,"NAMOBJ":"Sekarbagus","WADMKC":"Sugio","WADMKK":"Lamongan"},"geometry":{"type":"Point","coordinates":[112.3,-7.2]}},{"type":"Feature","properties":{"Line":"R101","Tr":2586,"X":"644044.3","Y":"9208800.4","Rotation":90,"NAMOBJ":"Sekarbagus","WADMKC":"Sugio","WADMKK":"Lamongan"},"geometry":{"type":"Point","coordinates":[112.3,-7.2]}},{"type":"Feature","properties":{"Line":"R101","Tr":2587,"X":"644056.8","Y":"9208800.3","Rotation":90,"NAMOBJ":"Sekarbagus","WADMKC":"Sugio","WADMKK":"Lamongan"},"geometry":{"type":"Point","coordinates":[112.3,-7.2]}},{"type":"Feature","properties":{"Line":"R101","Tr":2588,"X":"644069.3","Y":"9208800.4","Rotation":90,"NAMOBJ":"Sekarbagus","WADMKC":"Sugio","WADMKK":"Lamongan"},"geometry":{"type":"Point","coordinates":[112.3,-7.2]}},{"type":"Feature","properties":{"Line":"R101","Tr":2589,"X":"644081.8","Y":"9208800.3","Rotation":90,"NAMOBJ":"Sekarbagus","WADMKC":"Sugio","WADMKK":"Lamongan"},"geometry":{"type":"Point","coordinates":[112.3,-7.2]}},{"type":"Feature","properties":{"Line":"R101","Tr":2590,"X":"644094.3","Y":"9208800.4","Rotation":90,"NAMOBJ":"Sekarbagus","WADMKC":"Sugio","WADMKK":"Lamongan"},"geometry":{"type":"Point","coordinates":[112.3,-7.2]}},{"type":"Feature","properties":{"Line":"R101","Tr":2591,"X":"644106.8","Y":"9208800.3","Rotation":90,"NAMOBJ":"Sekarbagus","WADMKC":"Sugio","WADMKK":"Lamongan"},"geometry":{"type":"Point","coordinates":[112.3,-7.2]}},{"type":"Feature","properties":{"Line":"R101","Tr":2592,"X":"644119.3","Y":"9208800.4","Rotation":90,"NAMOBJ":"Sekarbagus","WADMKC":"Sugio","WADMKK":"Lamongan"},"geometry":{"type":"Point","coordinates":[112.3,-7.2]}},{"type":"Feature","properties":{"Line":"R101","Tr":2593,"X":"644131.8","Y":"9208800.3","Rotation":90,"NAMOBJ":"Sekarbagus","WADMKC":"Sugio","WADMKK":"Lamongan"},"geometry":{"type":"Point","coordinates":[112.3,-7.2]}},{"type":"Feature","properties":{"Line":"R101","Tr":2594,"X":"644144.3","Y":"9208800.4","Rotation":90,"NAMOBJ":"Sekarbagus","WADMKC":"Sugio","WADMKK":"Lamongan"},"geometry":{"type":"Point","coordinates":[112.3,-7.2]}},{"type":"Feature","properties":{"Line":"R101","Tr":2595,"X":"644156.8","Y":"9208800.3","Rotation":90,"NAMOBJ":"Sekarbagus","WADMKC":"Sugio","WADMKK":"Lamongan"},"geometry":{"type":"Point","coordinates":[112.3,-7.2]}},{"type":"Feature","properties":{"Line":"R101","Tr":2596,"X":"644169.3","Y":"9208800.4","Rotation":90,"NAMOBJ":"Sekarbagus","WADMKC":"Sugio","WADMKK":"Lamongan"},"geometry":{"type":"Point","coordinates":[112.3,-7.2]}},{"type":"Feature","properties":{"Line":"R101","Tr":2597,"X":"644181.8","Y":"9208800.3","Rotation":90,"NAMOBJ":"Sekarbagus","WADMKC":"Sugio","WADMKK":"Lamongan"},"geometry":{"type":"Point","coordinates":[112.3,-7.2]}},{"type":"Feature","properties":{"Line":"R101","Tr":2598,"X":"644194.3","Y":"9208800.4","Rotation":90,"NAMOBJ":"Sekarbagus","WADMKC":"Sugio","WADMKK":"Lamongan"},"geometry":{"type":"Point","coordinates":[112.3,-7.2]}},{"type":"Feature","properties":{"Line":"R101","Tr":2599,"X":"644206.8","Y":"9208800.3","Rotation":90,"NAMOBJ":"Sekarbagus","WADMKC":"Sugio","WADMKK":"Lamongan"},"geometry":{"type":"Point","coordinates":[112.3,-7.2]}},{"type":"Feature","properties":{"Line":"R101","Tr":2600,"X":"644219.3","Y":"9208800.4","Rotation":90,"NAMOBJ":"Sekarbagus","WADMKC":"Sugio","WADMKK":"Lamongan"},"geometry":{"type":"Point","coordinates":[112.3,-7.2]}},{"type":"Feature","properties":{"Line":"R101","Tr":2601,"X":"644231.8","Y":"9208800.3","Rotation":90,"NAMOBJ":"Sekarbagus","WADMKC":"Sugio","WADMKK":"Lamongan"},"geometry":{"type":"Point","coordinates":[112.3,-7.2]}},{"type":"Feature","properties":{"Line":"R101","Tr":2602,"X":"644244.3","Y":"9208800.4","Rotation":90,"NAMOBJ":"Sekarbagus","WADMKC":"Sugio","WADMKK":"Lamongan"},"geometry":{"type":"Point","coordinates":[112.3,-7.2]}},{"type":"Feature","properties":{"Line":"R101","Tr":2603,"X":"644256.8","Y":"9208800.3","Rotation":90,"NAMOBJ":"Sekarbagus","WADMKC":"Sugio","WADMKK":"Lamongan"},"geometry":{"type":"Point","coordinates":[112.3,-7.2]}},{"type":"Feature","properties":{"Line":"R101","Tr":2604,"X":"644269.3","Y":"9208800.4","Rotation":90,"NAMOBJ":"Sekarbagus","WADMKC":"Sugio","WADMKK":"Lamongan"},"geometry":{"type":"Point","coordinates":[112.3,-7.2]}},{"type":"Feature","properties":{"Line":"R101","Tr":2605,"X":"644281.8","Y":"9208800.3","Rotation":90,"NAMOBJ":"Sekarbagus","WADMKC":"Sugio","WADMKK":"Lamongan"},"geometry":{"type":"Point","coordinates":[112.3,-7.2]}},{"type":"Feature","properties":{"Line":"R101","Tr":2606,"X":"644294.3","Y":"9208800.4","Rotation":90,"NAMOBJ":"Sekarbagus","WADMKC":"Sugio","WADMKK":"Lamongan"},"geometry":{"type":"Point","coordinates":[112.3,-7.2]}},{"type":"Feature","properties":{"Line":"R101","Tr":2607,"X":"644306.8","Y":"9208800.3","Rotation":90,"NAMOBJ":"Sekarbagus","WADMKC":"Sugio","WADMKK":"Lamongan"},"geometry":{"type":"Point","coordinates":[112.3,-7.2]}},{"type":"Feature","properties":{"Line":"R101","Tr":2608,"X":"644319.3","Y":"9208800.4","Rotation":90,"NAMOBJ":"Sekarbagus","WADMKC":"Sugio","WADMKK":"Lamongan"},"geometry":{"type":"Point","coordinates":[112.3,-7.2]}},{"type":"Feature","properties":{"Line":"R101","Tr":2609,"X":"644331.8","Y":"9208800.3","Rotation":90,"NAMOBJ":"Sekarbagus","WADMKC":"Sugio","WADMKK":"Lamongan"},"geometry":{"type":"Point","coordinates":[112.3,-7.2]}},{"type":"Feature","properties":{"Line":"R101","Tr":2610,"X":"644344.3","Y":"9208800.4","Rotation":90,"NAMOBJ":"Sekarbagus","WADMKC":"Sugio","WADMKK":"Lamongan"},"geometry":{"type":"Point","coordinates":[112.3,-7.2]}},{"type":"Feature","properties":{"Line":"R101","Tr":2611,"X":"644356.8","Y":"9208800.3","Rotation":90,"NAMOBJ":"Sekarbagus","WADMKC":"Sugio","WADMKK":"Lamongan"},"geometry":{"type":"Point","coordinates":[112.3,-7.2]}},{"type":"Feature","properties":{"Line":"R101","Tr":2612,"X":"644369.3","Y":"9208800.4","Rotation":90,"NAMOBJ":"Sekarbagus","WADMKC":"Sugio","WADMKK":"Lamongan"},"geometry":{"type":"Point","coordinates":[112.3,-7.2]}},{"type":"Feature","properties":{"Line":"R101","Tr":2613,"X":"644381.8","Y":"9208800.3","Rotation":90,"NAMOBJ":"Sekarbagus","WADMKC":"Sugio","WADMKK":"Lamongan"},"geometry":{"type":"Point","coordinates":[112.3,-7.2]}},{"type":"Feature","properties":{"Line":"R101","Tr":2614,"X":"644394.3","Y":"9208800.4","Rotation":90,"NAMOBJ":"Sekarbagus","WADMKC":"Sugio","WADMKK":"Lamongan"},"geometry":{"type":"Point","coordinates":[112.3,-7.2]}},{"type":"Feature","properties":{"Line":"R101","Tr":2615,"X":"644406.8","Y":"9208800.3","Rotation":90,"NAMOBJ":"Sekarbagus","WADMKC":"Sugio","WADMKK":"Lamongan"},"geometry":{"type":"Point","coordinates":[112.3,-7.2]}},{"type":"Feature","properties":{"Line":"R101","Tr":2616,"X":"644419.3","Y":"9208800.4","Rotation":90,"NAMOBJ":"Sekarbagus","WADMKC":"Sugio","WADMKK":"Lamongan"},"geometry":{"type":"Point","coordinates":[112.3,-7.2]}},{"type":"Feature","properties":{"Line":"R101","Tr":2617,"X":"644431.8","Y":"9208800.3","Rotation":90,"NAMOBJ":"Sekarbagus","WADMKC":"Sugio","WADMKK":"Lamongan"},"geometry":{"type":"Point","coordinates":[112.3,-7.2]}},{"type":"Feature","properties":{"Line":"R101","Tr":2618,"X":"644444.3","Y":"9208800.4","Rotation":90,"NAMOBJ":"Sekarbagus","WADMKC":"Sugio","WADMKK":"Lamongan"},"geometry":{"type":"Point","coordinates":[112.3,-7.2]}},{"type":"Feature","properties":{"Line":"R101","Tr":2619,"X":"644456.8","Y":"9208800.3","Rotation":90,"NAMOBJ":"Sekarbagus","WADMKC":"Sugio","WADMKK":"Lamongan"},"geometry":{"type":"Point","coordinates":[112.3,-7.2]}},{"type":"Feature","properties":{"Line":"R101","Tr":2620,"X":"644469.3","Y":"9208800.4","Rotation":90,"NAMOBJ":"Sekarbagus","WADMKC":"Sugio","WADMKK":"Lamongan"},"geometry":{"type":"Point","coordinates":[112.3,-7.2]}},{"type":"Feature","properties":{"Line":"R101","Tr":2621,"X":"644481.8","Y":"9208800.3","Rotation":90,"NAMOBJ":"Sekarbagus","WADMKC":"Sugio","WADMKK":"Lamongan"},"geometry":{"type":"Point","coordinates":[112.3,-7.2]}},{"type":"Feature","properties":{"Line":"R101","Tr":2622,"X":"644494.3","Y":"9208800.4","Rotation":90,"NAMOBJ":"Sekarbagus","WADMKC":"Sugio","WADMKK":"Lamongan"},"geometry":{"type":"Point","coordinates":[112.3,-7.2]}},{"type":"Feature","properties":{"Line":"R101","Tr":2623,"X":"644506.8","Y":"9208800.3","Rotation":90,"NAMOBJ":"Sekarbagus","WADMKC":"Sugio","WADMKK":"Lamongan"},"geometry":{"type":"Point","coordinates":[112.3,-7.2]}},{"type":"Feature","properties":{"Line":"R101","Tr":2624,"X":"644519.3","Y":"9208800.4","Rotation":90,"NAMOBJ":"Sekarbagus","WADMKC":"Sugio","WADMKK":"Lamongan"},"geometry":{"type":"Point","coordinates":[112.3,-7.2]}},{"type":"Feature","properties":{"Line":"R101","Tr":2625,"X":"644531.8","Y":"9208800.3","Rotation":90,"NAMOBJ":"Sekarbagus","WADMKC":"Sugio","WADMKK":"Lamongan"},"geometry":{"type":"Point","coordinates":[112.3,-7.2]}},{"type":"Feature","properties":{"Line":"R101","Tr":2626,"X":"644544.3","Y":"9208800.4","Rotation":90,"NAMOBJ":"Sekarbagus","WADMKC":"Sugio","WADMKK":"Lamongan"},"geometry":{"type":"Point","coordinates":[112.3,-7.2]}},{"type":"Feature","properties":{"Line":"R101","Tr":2627,"X":"644556.8","Y":"9208800.3","Rotation":90,"NAMOBJ":"Sekarbagus","WADMKC":"Sugio","WADMKK":"Lamongan"},"geometry":{"type":"Point","coordinates":[112.3,-7.2]}},{"type":"Feature","properties":{"Line":"R101","Tr":2628,"X":"644569.3","Y":"9208800.4","Rotation":90,"NAMOBJ":"Sekarbagus","WADMKC":"Sugio","WADMKK":"Lamongan"},"geometry":{"type":"Point","coordinates":[112.3,-7.2]}},{"type":"Feature","properties":{"Line":"R101","Tr":2629,"X":"644581.8","Y":"9208800.3","Rotation":90,"NAMOBJ":"Sekarbagus","WADMKC":"Sugio","WADMKK":"Lamongan"},"geometry":{"type":"Point","coordinates":[112.3,-7.2]}},{"type":"Feature","properties":{"Line":"R101","Tr":2630,"X":"644594.3","Y":"9208800.4","Rotation":90,"NAMOBJ":"Sekarbagus","WADMKC":"Sugio","WADMKK":"Lamongan"},"geometry":{"type":"Point","coordinates":[112.3,-7.2]}},{"type":"Feature","properties":{"Line":"R101","Tr":2631,"X":"644606.8","Y":"9208800.3","Rotation":90,"NAMOBJ":"Sekarbagus","WADMKC":"Sugio","WADMKK":"Lamongan"},"geometry":{"type":"Point","coordinates":[112.3,-7.2]}},{"type":"Feature","properties":{"Line":"R101","Tr":2632,"X":"644619.3","Y":"9208800.4","Rotation":90,"NAMOBJ":"Sekarbagus","WADMKC":"Sugio","WADMKK":"Lamongan"},"geometry":{"type":"Point","coordinates":[112.3,-7.2]}},{"type":"Feature","properties":{"Line":"R101","Tr":2633,"X":"644631.8","Y":"9208800.3","Rotation":90,"NAMOBJ":"Sekarbagus","WADMKC":"Sugio","WADMKK":"Lamongan"},"geometry":{"type":"Point","coordinates":[112.3,-7.2]}},{"type":"Feature","properties":{"Line":"R101","Tr":2634,"X":"644644.3","Y":"9208800.4","Rotation":90,"NAMOBJ":"Sekarbagus","WADMKC":"Sugio","WADMKK":"Lamongan"},"geometry":{"type":"Point","coordinates":[112.3,-7.2]}},{"type":"Feature","properties":{"Line":"R101","Tr":2635,"X":"644656.8","Y":"9208800.3","Rotation":90,"NAMOBJ":"Sekarbagus","WADMKC":"Sugio","WADMKK":"Lamongan"},"geometry":{"type":"Point","coordinates":[112.3,-7.2]}},{"type":"Feature","properties":{"Line":"R101","Tr":2636,"X":"644669.3","Y":"9208800.4","Rotation":90,"NAMOBJ":"Sekarbagus","WADMKC":"Sugio","WADMKK":"Lamongan"},"geometry":{"type":"Point","coordinates":[112.3,-7.2]}},{"type":"Feature","properties":{"Line":"R101","Tr":2637,"X":"644681.8","Y":"9208800.3","Rotation":90,"NAMOBJ":"Sekarbagus","WADMKC":"Sugio","WADMKK":"Lamongan"},"geometry":{"type":"Point","coordinates":[112.3,-7.2]}},{"type":"Feature","properties":{"Line":"R101","Tr":2638,"X":"644694.3","Y":"9208800.4","Rotation":90,"NAMOBJ":"Sekarbagus","WADMKC":"Sugio","WADMKK":"Lamongan"},"geometry":{"type":"Point","coordinates":[112.3,-7.2]}},{"type":"Feature","properties":{"Line":"R101","Tr":2639,"X":"644706.8","Y":"9208800.3","Rotation":90,"NAMOBJ":"Sekarbagus","WADMKC":"Sugio","WADMKK":"Lamongan"},"geometry":{"type":"Point","coordinates":[112.3,-7.2]}},{"type":"Feature","properties":{"Line":"R101","Tr":2640,"X":"644719.3","Y":"9208800.4","Rotation":90,"NAMOBJ":"Sekarbagus","WADMKC":"Sugio","WADMKK":"Lamongan"},"geometry":{"type":"Point","coordinates":[112.3,-7.2]}},{"type":"Feature","properties":{"Line":"R101","Tr":2641,"X":"644731.8","Y":"9208800.3","Rotation":90,"NAMOBJ":"Sekarbagus","WADMKC":"Sugio","WADMKK":"Lamongan"},"geometry":{"type":"Point","coordinates":[112.3,-7.2]}},{"type":"Feature","properties":{"Line":"R101","Tr":2642,"X":"644744.3","Y":"9208800.4","Rotation":90,"NAMOBJ":"Sekarbagus","WADMKC":"Sugio","WADMKK":"Lamongan"},"geometry":{"type":"Point","coordinates":[112.3,-7.2]}},{"type":"Feature","properties":{"Line":"R101","Tr":2643,"X":"644756.8","Y":"9208800.3","Rotation":90,"NAMOBJ":"Sekarbagus","WADMKC":"Sugio","WADMKK":"Lamongan"},"geometry":{"type":"Point","coordinates":[112.3,-7.2]}},{"type":"Feature","properties":{"Line":"R101","Tr":2644,"X":"644769.3","Y":"9208800.4","Rotation":90,"NAMOBJ":"Sekarbagus","WADMKC":"Sugio","WADMKK":"Lamongan"},"geometry":{"type":"Point","coordinates":[112.3,-7.2]}},{"type":"Feature","properties":{"Line":"R101","Tr":2645,"X":"644781.8","Y":"9208800.3","Rotation":90,"NAMOBJ":"Sekarbagus","WADMKC":"Sugio","WADMKK":"Lamongan"},"geometry":{"type":"Point","coordinates":[112.3,-7.2]}},{"type":"Feature","properties":{"Line":"R101","Tr":2646,"X":"644794.3","Y":"9208800.4","Rotation":90,"NAMOBJ":"Sekarbagus","WADMKC":"Sugio","WADMKK":"Lamongan"},"geometry":{"type":"Point","coordinates":[112.3,-7.2]}},{"type":"Feature","properties":{"Line":"R101","Tr":2647,"X":"644806.8","Y":"9208800.3","Rotation":90,"NAMOBJ":"Sekarbagus","WADMKC":"Sugio","WADMKK":"Lamongan"},"geometry":{"type":"Point","coordinates":[112.3,-7.2]}},{"type":"Feature","properties":{"Line":"R101","Tr":2648,"X":"644819.3","Y":"9208800.4","Rotation":90,"NAMOBJ":"Sekarbagus","WADMKC":"Sugio","WADMKK":"Lamongan"},"geometry":{"type":"Point","coordinates":[112.3,-7.2]}},{"type":"Feature","properties":{"Line":"R101","Tr":2649,"X":"644831.8","Y":"9208800.3","Rotation":90,"NAMOBJ":"Sekarbagus","WADMKC":"Sugio","WADMKK":"Lamongan"},"geometry":{"type":"Point","coordinates":[112.3,-7.2]}},{"type":"Feature","properties":{"Line":"R101","Tr":2650,"X":"644844.3","Y":"9208800.4","Rotation":90,"NAMOBJ":"Sekarbagus","WADMKC":"Sugio","WADMKK":"Lamongan"},"geometry":{"type":"Point","coordinates":[112.3,-7.2]}},{"type":"Feature","properties":{"Line":"R101","Tr":2651,"X":"644856.8","Y":"9208800.3","Rotation":90,"NAMOBJ":"Sekarbagus","WADMKC":"Sugio","WADMKK":"Lamongan"},"geometry":{"type":"Point","coordinates":[112.3,-7.2]}},{"type":"Feature","properties":{"Line":"R101","Tr":2652,"X":"644869.3","Y":"9208800.4","Rotation":90,"NAMOBJ":"Sekarbagus","WADMKC":"Sugio","WADMKK":"Lamongan"},"geometry":{"type":"Point","coordinates":[112.3,-7.2]}},{"type":"Feature","properties":{"Line":"R101","Tr":2653,"X":"644881.8","Y":"9208800.3","Rotation":90,"NAMOBJ":"Sekarbagus","WADMKC":"Sugio","WADMKK":"Lamongan"},"geometry":{"type":"Point","coordinates":[112.3,-7.2]}},{"type":"Feature","properties":{"Line":"R101","Tr":2654,"X":"644894.3","Y":"9208800.4","Rotation":90,"NAMOBJ":"Sekarbagus","WADMKC":"Sugio","WADMKK":"Lamongan"},"geometry":{"type":"Point","coordinates":[112.3,-7.2]}},{"type":"Feature","properties":{"Line":"R101","Tr":2655,"X":"644906.8","Y":"9208800.3","Rotation":90,"NAMOBJ":"Sekarbagus","WADMKC":"Sugio","WADMKK":"Lamongan"},"geometry":{"type":"Point","coordinates":[112.3,-7.2]}},{"type":"Feature","properties":{"Line":"R101","Tr":2656,"X":"644919.3","Y":"9208800.4","Rotation":90,"NAMOBJ":"Sekarbagus","WADMKC":"Sugio","WADMKK":"Lamongan"},"geometry":{"type":"Point","coordinates":[112.3,-7.2]}},{"type":"Feature","properties":{"Line":"R101","Tr":2657,"X":"644931.8","Y":"9208800.3","Rotation":90,"NAMOBJ":"Sekarbagus","WADMKC":"Sugio","WADMKK":"Lamongan"},"geometry":{"type":"Point","coordinates":[112.3,-7.2]}},{"type":"Feature","properties":{"Line":"R101","Tr":2658,"X":"644944.3","Y":"9208800.4","Rotation":90,"NAMOBJ":"Sekarbagus","WADMKC":"Sugio","WADMKK":"Lamongan"},"geometry":{"type":"Point","coordinates":[112.3,-7.2]}},{"type":"Feature","properties":{"Line":"R101","Tr":2659,"X":"644956.8","Y":"9208800.3","Rotation":90,"NAMOBJ":"Sekarbagus","WADMKC":"Sugio","WADMKK":"Lamongan"},"geometry":{"type":"Point","coordinates":[112.3,-7.2]}},{"type":"Feature","properties":{"Line":"R101","Tr":2660,"X":"644969.3","Y":"9208800.4","Rotation":90,"NAMOBJ":"Sekarbagus","WADMKC":"Sugio","WADMKK":"Lamongan"},"geometry":{"type":"Point","coordinates":[112.3,-7.2]}},{"type":"Feature","properties":{"Line":"R101","Tr":2661,"X":"644981.8","Y":"9208800.3","Rotation":90,"NAMOBJ":"Sekarbagus","WADMKC":"Sugio","WADMKK":"Lamongan"},"geometry":{"type":"Point","coordinates":[112.3,-7.2]}},{"type":"Feature","properties":{"Line":"R101","Tr":2662,"X":"644994.3","Y":"9208800.4","Rotation":90,"NAMOBJ":"Sekarbagus","WADMKC":"Sugio","WADMKK":"Lamongan"},"geometry":{"type":"Point","coordinates":[112.3,-7.2]}},{"type":"Feature","properties":{"Line":"R101","Tr":2663,"X":"645006.8","Y":"9208800.3","Rotation":90,"NAMOBJ":"Sekarbagus","WADMKC":"Sugio","WADMKK":"Lamongan"},"geometry":{"type":"Point","coordinates":[112.3,-7.2]}},{"type":"Feature","properties":{"Line":"R101","Tr":2664,"X":"645019.3","Y":"9208800.4","Rotation":90,"NAMOBJ":"Sekarbagus","WADMKC":"Sugio","WADMKK":"Lamongan"},"geometry":{"type":"Point","coordinates":[112.3,-7.2]}},{"type":"Feature","properties":{"Line":"R101","Tr":2665,"X":"645031.8","Y":"9208800.3","Rotation":90,"NAMOBJ":"Sekarbagus","WADMKC":"Sugio","WADMKK":"Lamongan"},"geometry":{"type":"Point","coordinates":[112.3,-7.2]}},{"type":"Feature","properties":{"Line":"R101","Tr":2666,"X":"645044.3","Y":"9208800.4","Rotation":90,"NAMOBJ":"Sekarbagus","WADMKC":"Sugio","WADMKK":"Lamongan"},"geometry":{"type":"Point","coordinates":[112.3,-7.2]}},{"type":"Feature","properties":{"Line":"R101","Tr":2667,"X":"645056.8","Y":"9208800.3","Rotation":90,"NAMOBJ":"Sekarbagus","WADMKC":"Sugio","WADMKK":"Lamongan"},"geometry":{"type":"Point","coordinates":[112.3,-7.2]}},{"type":"Feature","properties":{"Line":"R101","Tr":2668,"X":"645069.3","Y":"9208800.4","Rotation":90,"NAMOBJ":"Sekarbagus","WADMKC":"Sugio","WADMKK":"Lamongan"},"geometry":{"type":"Point","coordinates":[112.3,-7.2]}},{"type":"Feature","properties":{"Line":"R101","Tr":2669,"X":"645081.8","Y":"9208800.3","Rotation":90,"NAMOBJ":"Sekarbagus","WADMKC":"Sugio","WADMKK":"Lamongan"},"geometry":{"type":"Point","coordinates":[112.3,-7.2]}},{"type":"Feature","properties":{"Line":"R101","Tr":2670,"X":"645094.3","Y":"9208800.4","Rotation":90,"NAMOBJ":"Sekarbagus","WADMKC":"Sugio","WADMKK":"Lamongan"},"geometry":{"type":"Point","coordinates":[112.3,-7.2]}},{"type":"Feature","properties":{"Line":"R101","Tr":2671,"X":"645106.8","Y":"9208800.3","Rotation":90,"NAMOBJ":"Sekarbagus","WADMKC":"Sugio","WADMKK":"Lamongan"},"geometry":{"type":"Point","coordinates":[112.3,-7.2]}},{"type":"Feature","properties":{"Line":"R101","Tr":2672,"X":"645119.3","Y":"9208800.4","Rotation":90,"NAMOBJ":"Sekarbagus","WADMKC":"Sugio","WADMKK":"Lamongan"},"geometry":{"type":"Point","coordinates":[112.3,-7.2]}},{"type":"Feature","properties":{"Line":"R101","Tr":2673,"X":"645131.8","Y":"9208800.3","Rotation":90,"NAMOBJ":"Sekarbagus","WADMKC":"Sugio","WADMKK":"Lamongan"},"geometry":{"type":"Point","coordinates":[112.3,-7.2]}},{"type":"Feature","properties":{"Line":"R101","Tr":2674,"X":"645144.3","Y":"9208800.4","Rotation":90,"NAMOBJ":"Sekarbagus","WADMKC":"Sugio","WADMKK":"Lamongan"},"geometry":{"type":"Point","coordinates":[112.3,-7.2]}},{"type":"Feature","properties":{"Line":"R101","Tr":2675,"X":"645156.8","Y":"9208800.3","Rotation":90,"NAMOBJ":"Sekarbagus","WADMKC":"Sugio","WADMKK":"Lamongan"},"geometry":{"type":"Point","coordinates":[112.3,-7.2]}},{"type":"Feature","properties":{"Line":"R101","Tr":2676,"X":"645169.3","Y":"9208800.4","Rotation":90,"NAMOBJ":"Sekarbagus","WADMKC":"Sugio","WADMKK":"Lamongan"},"geometry":{"type":"Point","coordinates":[112.3,-7.2]}},{"type":"Feature","properties":{"Line":"R101","Tr":2677,"X":"645181.8","Y":"9208800.3","Rotation":90,"NAMOBJ":"Sekarbagus","WADMKC":"Sugio","WADMKK":"Lamongan"},"geometry":{"type":"Point","coordinates":[112.3,-7.2]}},{"type":"Feature","properties":{"Line":"R101","Tr":2678,"X":"645194.3","Y":"9208800.4","Rotation":90,"NAMOBJ":"Sekarbagus","WADMKC":"Sugio","WADMKK":"Lamongan"},"geometry":{"type":"Point","coordinates":[112.3,-7.2]}},{"type":"Feature","properties":{"Line":"R101","Tr":2679,"X":"645206.8","Y":"9208800.3","Rotation":90,"NAMOBJ":"Sekarbagus","WADMKC":"Sugio","WADMKK":"Lamongan"},"geometry":{"type":"Point","coordinates":[112.3,-7.2]}},{"type":"Feature","properties":{"Line":"R101","Tr":2680,"X":"645219.3","Y":"9208800.4","Rotation":90,"NAMOBJ":"Sekarbagus","WADMKC":"Sugio","WADMKK":"Lamongan"},"geometry":{"type":"Point","coordinates":[112.3,-7.2]}},{"type":"Feature","properties":{"Line":"R101","Tr":2681,"X":"645231.8","Y":"9208800.3","Rotation":90,"NAMOBJ":"Sekarbagus","WADMKC":"Sugio","WADMKK":"Lamongan"},"geometry":{"type":"Point","coordinates":[112.3,-7.2]}},{"type":"Feature","properties":{"Line":"R101","Tr":2682,"X":"645244.3","Y":"9208800.4","Rotation":90,"NAMOBJ":"Sekarbagus","WADMKC":"Sugio","WADMKK":"Lamongan"},"geometry":{"type":"Point","coordinates":[112.3,-7.2]}},{"type":"Feature","properties":{"Line":"R101","Tr":2683,"X":"645256.8","Y":"9208800.3","Rotation":90,"NAMOBJ":"Sekarbagus","WADMKC":"Sugio","WADMKK":"Lamongan"},"geometry":{"type":"Point","coordinates":[112.3,-7.2]}},{"type":"Feature","properties":{"Line":"R101","Tr":2684,"X":"645269.3","Y":"9208800.4","Rotation":90,"NAMOBJ":"Sekarbagus","WADMKC":"Sugio","WADMKK":"Lamongan"},"geometry":{"type":"Point","coordinates":[112.3,-7.2]}},{"type":"Feature","properties":{"Line":"R101","Tr":2685,"X":"645281.8","Y":"9208800.3","Rotation":90,"NAMOBJ":"Sekarbagus","WADMKC":"Sugio","WADMKK":"Lamongan"},"geometry":{"type":"Point","coordinates":[112.3,-7.2]}},{"type":"Feature","properties":{"Line":"R101","Tr":2686,"X":"645294.3","Y":"9208800.4","Rotation":90,"NAMOBJ":"Sekarbagus","WADMKC":"Sugio","WADMKK":"Lamongan"},"geometry":{"type":"Point","coordinates":[112.3,-7.2]}},{"type":"Feature","properties":{"Line":"R101","Tr":2687,"X":"645306.8","Y":"9208800.3","Rotation":90,"NAMOBJ":"Sekarbagus","WADMKC":"Sugio","WADMKK":"Lamongan"},"geometry":{"type":"Point","coordinates":[112.3,-7.2]}},{"type":"Feature","properties":{"Line":"R101","Tr":2688,"X":"645319.3","Y":"9208800.4","Rotation":90,"NAMOBJ":"Sekarbagus","WADMKC":"Sugio","WADMKK":"Lamongan"},"geometry":{"type":"Point","coordinates":[112.3,-7.2]}},{"type":"Feature","properties":{"Line":"R101","Tr":2689,"X":"645331.8","Y":"9208800.3","Rotation":90,"NAMOBJ":"Sekarbagus","WADMKC":"Sugio","WADMKK":"Lamongan"},"geometry":{"type":"Point","coordinates":[112.3,-7.2]}},{"type":"Feature","properties":{"Line":"R101","Tr":2690,"X":"645344.3","Y":"9208800.4","Rotation":90,"NAMOBJ":"Sekarbagus","WADMKC":"Sugio","WADMKK":"Lamongan"},"geometry":{"type":"Point","coordinates":[112.3,-7.2]}},{"type":"Feature","properties":{"Line":"R101","Tr":2691,"X":"645356.8","Y":"9208800.3","Rotation":90,"NAMOBJ":"Sekarbagus","WADMKC":"Sugio","WADMKK":"Lamongan"},"geometry":{"type":"Point","coordinates":[112.3,-7.2]}},{"type":"Feature","properties":{"Line":"R101","Tr":2692,"X":"645369.3","Y":"9208800.4","Rotation":90,"NAMOBJ":"Sekarbagus","WADMKC":"Sugio","WADMKK":"Lamongan"},"geometry":{"type":"Point","coordinates":[112.3,-7.2]}},{"type":"Feature","properties":{"Line":"R101","Tr":2693,"X":"645381.8","Y":"9208800.3","Rotation":90,"NAMOBJ":"Sekarbagus","WADMKC":"Sugio","WADMKK":"Lamongan"},"geometry":{"type":"Point","coordinates":[112.3,-7.2]}},{"type":"Feature","properties":{"Line":"R101","Tr":2694,"X":"645394.3","Y":"9208800.4","Rotation":90,"NAMOBJ":"Sekarbagus","WADMKC":"Sugio","WADMKK":"Lamongan"},"geometry":{"type":"Point","coordinates":[112.3,-7.2]}},{"type":"Feature","properties":{"Line":"R101","Tr":2695,"X":"645406.8","Y":"9208800.3","Rotation":90,"NAMOBJ":"Sekarbagus","WADMKC":"Sugio","WADMKK":"Lamongan"},"geometry":{"type":"Point","coordinates":[112.3,-7.2]}},{"type":"Feature","properties":{"Line":"R101","Tr":2696,"X":"645419.3","Y":"9208800.4","Rotation":90,"NAMOBJ":"Sekarbagus","WADMKC":"Sugio","WADMKK":"Lamongan"},"geometry":{"type":"Point","coordinates":[112.3,-7.2]}},{"type":"Feature","properties":{"Line":"R101","Tr":2697,"X":"645431.8","Y":"9208800.3","Rotation":90,"NAMOBJ":"Sekarbagus","WADMKC":"Sugio","WADMKK":"Lamongan"},"geometry":{"type":"Point","coordinates":[112.3,-7.2]}},{"type":"Feature","properties":{"Line":"R101","Tr":2698,"X":"645444.3","Y":"9208800.4","Rotation":90,"NAMOBJ":"Sekarbagus","WADMKC":"Sugio","WADMKK":"Lamongan"},"geometry":{"type":"Point","coordinates":[112.3,-7.2]}},{"type":"Feature","properties":{"Line":"R101","Tr":2699,"X":"645456.8","Y":"9208800.3","Rotation":90,"NAMOBJ":"Sekarbagus","WADMKC":"Sugio","WADMKK":"Lamongan"},"geometry":{"type":"Point","coordinates":[112.3,-7.2]}},{"type":"Feature","properties":{"Line":"R101","Tr":2700,"X":"645469.3","Y":"9208800.4","Rotation":90,"NAMOBJ":"Sekarbagus","WADMKC":"Sugio","WADMKK":"Lamongan"},"geometry":{"type":"Point","coordinates":[112.3,-7.2]}},{"type":"Feature","properties":{"Line":"R101","Tr":2701,"X":"645481.8","Y":"9208800.3","Rotation":90,"NAMOBJ":"Sekarbagus","WADMKC":"Sugio","WADMKK":"Lamongan"},"geometry":{"type":"Point","coordinates":[112.3,-7.2]}},{"type":"Feature","properties":{"Line":"R101","Tr":2702,"X":"645494.3","Y":"9208800.4","Rotation":90,"NAMOBJ":"Sekarbagus","WADMKC":"Sugio","WADMKK":"Lamongan"},"geometry":{"type":"Point","coordinates":[112.3,-7.2]}},{"type":"Feature","properties":{"Line":"R101","Tr":2703,"X":"645506.8","Y":"9208800.3","Rotation":90,"NAMOBJ":"Sekarbagus","WADMKC":"Sugio","WADMKK":"Lamongan"},"geometry":{"type":"Point","coordinates":[112.3,-7.2]}},{"type":"Feature","properties":{"Line":"R101","Tr":2704,"X":"645519.3","Y":"9208800.4","Rotation":90,"NAMOBJ":"Sekarbagus","WADMKC":"Sugio","WADMKK":"Lamongan"},"geometry":{"type":"Point","coordinates":[112.3,-7.2]}},{"type":"Feature","properties":{"Line":"R130","Tr":2446,"X":"644300.5","Y":"9209206.6","Rotation":0,"NAMOBJ":"Sekarbagus","WADMKC":"Sugio","WADMKK":"Lamongan"},"geometry":{"type":"Point","coordinates":[112.3,-7.2]}},{"type":"Feature","properties":{"Line":"R130","Tr":2447,"X":"644300.5","Y":"9209194.0","Rotation":0,"NAMOBJ":"Sekarbagus","WADMKC":"Sugio","WADMKK":"Lamongan"},"geometry":{"type":"Point","coordinates":[112.3,-7.2]}},{"type":"Feature","properties":{"Line":"R130","Tr":2448,"X":"644300.5","Y":"9209181.6","Rotation":0,"NAMOBJ":"Sekarbagus","WADMKC":"Sugio","WADMKK":"Lamongan"},"geometry":{"type":"Point","coordinates":[112.3,-7.2]}},{"type":"Feature","properties":{"Line":"R130","Tr":2449,"X":"644300.5","Y":"9209169.0","Rotation":0,"NAMOBJ":"Sekarbagus","WADMKC":"Sugio","WADMKK":"Lamongan"},"geometry":{"type":"Point","coordinates":[112.3,-7.2]}},{"type":"Feature","properties":{"Line":"R130","Tr":2450,"X":"644300.5","Y":"9209156.6","Rotation":0,"NAMOBJ":"Sekarbagus","WADMKC":"Sugio","WADMKK":"Lamongan"},"geometry":{"type":"Point","coordinates":[112.3,-7.2]}},{"type":"Feature","properties":{"Line":"R130","Tr":2451,"X":"644300.5","Y":"9209144.0","Rotation":0,"NAMOBJ":"Sekarbagus","WADMKC":"Sugio","WADMKK":"Lamongan"},"geometry":{"type":"Point","coordinates":[112.3,-7.2]}},{"type":"Feature","properties":{"Line":"R130","Tr":2452,"X":"644300.5","Y":"9209131.6","Rotation":0,"NAMOBJ":"Sekarbagus","WADMKC":"Sugio","WADMKK":"Lamongan"},"geometry":{"type":"Point","coordinates":[112.3,-7.2]}},{"type":"Feature","properties":{"Line":"R130","Tr":2453,"X":"644300.5","Y":"9209119.0","Rotation":0,"NAMOBJ":"Sekarbagus","WADMKC":"Sugio","WADMKK":"Lamongan"},"geometry":{"type":"Point","coordinates":[112.3,-7.2]}},{"type":"Feature","properties":{"Line":"R130","Tr":2454,"X":"644300.5","Y":"9209106.6","Rotation":0,"NAMOBJ":"Sekarbagus","WADMKC":"Sugio","WADMKK":"Lamongan"},"geometry":{"type":"Point","coordinates":[112.3,-7.2]}},{"type":"Feature","properties":{"Line":"R130","Tr":2455,"X":"644300.5","Y":"9209094.0","Rotation":0,"NAMOBJ":"Sekarbagus","WADMKC":"Sugio","WADMKK":"Lamongan"},"geometry":{"type":"Point","coordinates":[112.3,-7.2]}},{"type":"Feature","properties":{"Line":"R130","Tr":2456,"X":"644300.5","Y":"9209081.6","Rotation":0,"NAMOBJ":"Sekarbagus","WADMKC":"Sugio","WADMKK":"Lamongan"},"geometry":{"type":"Point","coordinates":[112.3,-7.2]}},{"type":"Feature","properties":{"Line":"R130","Tr":2457,"X":"644300.5","Y":"9209069.0","Rotation":0,"NAMOBJ":"Sekarbagus","WADMKC":"Sugio","WADMKK":"Lamongan"},"geometry":{"type":"Point","coordinates":[112.3,-7.2]}},{"type":"Feature","properties":{"Line":"R130","Tr":2458,"X":"644300.5","Y":"9209056.6","Rotation":0,"NAMOBJ":"Sekarbagus","WADMKC":"Sugio","WADMKK":"Lamongan"},"geometry":{"type":"Point","coordinates":[112.3,-7.2]}},{"type":"Feature","properties":{"Line":"R130","Tr":2459,"X":"644300.5","Y":"9209044.0","Rotation":0,"NAMOBJ":"Sekarbagus","WADMKC":"Sugio","WADMKK":"Lamongan"},"geometry":{"type":"Point","coordinates":[112.3,-7.2]}},{"type":"Feature","properties":{"Line":"R130","Tr":2460,"X":"644300.5","Y":"9209031.6","Rotation":0,"NAMOBJ":"Sekarbagus","WADMKC":"Sugio","WADMKK":"Lamongan"},"geometry":{"type":"Point","coordinates":[112.3,-7.2]}},{"type":"Feature","properties":{"Line":"R130","Tr":2461,"X":"644300.5","Y":"9209019.0","Rotation":0,"NAMOBJ":"Sekarbagus","WADMKC":"Sugio","WADMKK":"Lamongan"},"geometry":{"type":"Point","coordinates":[112.3,-7.2]}},{"type":"Feature","properties":{"Line":"R130","Tr":2462,"X":"644300.5","Y":"9209006.6","Rotation":0,"NAMOBJ":"Sekarbagus","WADMKC":"Sugio","WADMKK":"Lamongan"},"geometry":{"type":"Point","coordinates":[112.3,-7.2]}},{"type":"Feature","properties":{"Line":"R130","Tr":2463,"X":"644300.5","Y":"9208994.0","Rotation":0,"NAMOBJ":"Sekarbagus","WADMKC":"Sugio","WADMKK":"Lamongan"},"geometry":{"type":"Point","coordinates":[112.3,-7.2]}},{"type":"Feature","properties":{"Line":"R130","Tr":2464,"X":"644300.5","Y":"9208981.6","Rotation":0,"NAMOBJ":"Sekarbagus","WADMKC":"Sugio","WADMKK":"Lamongan"},"geometry":{"type":"Point","coordinates":[112.3,-7.2]}},{"type":"Feature","properties":{"Line":"R130","Tr":2465,"X":"644300.5","Y":"9208969.0","Rotation":0,"NAMOBJ":"Sekarbagus","WADMKC":"Sugio","WADMKK":"Lamongan"},"geometry":{"type":"Point","coordinates":[112.3,-7.2]}},{"type":"Feature","properties":{"Line":"R130","Tr":2466,"X":"644300.5","Y":"9208956.6","Rotation":0,"NAMOBJ":"Sekarbagus","WADMKC":"Sugio","WADMKK":"Lamongan"},"geometry":{"type":"Point","coordinates":[112.3,-7.2]}},{"type":"Feature","properties":{"Line":"R130","Tr":2467,"X":"644300.5","Y":"9208944.0","Rotation":0,"NAMOBJ":"Sekarbagus","WADMKC":"Sugio","WADMKK":"Lamongan"},"geometry":{"type":"Point","coordinates":[112.3,-7.2]}},{"type":"Feature","properties":{"Line":"R130","Tr":2468,"X":"644300.5","Y":"9208931.6","Rotation":0,"NAMOBJ":"Sekarbagus","WADMKC":"Sugio","WADMKK":"Lamongan"},"geometry":{"type":"Point","coordinates":[112.3,-7.2]}},{"type":"Feature","properties":{"Line":"R130","Tr":2469,"X":"644300.5","Y":"9208919.0","Rotation":0,"NAMOBJ":"Sekarbagus","WADMKC":"Sugio","WADMKK":"Lamongan"},"geometry":{"type":"Point","coordinates":[112.3,-7.2]}},{"type":"Feature","properties":{"Line":"R130","Tr":2470,"X":"644300.5","Y":"9208906.6","Rotation":0,"NAMOBJ":"Sekarbagus","WADMKC":"Sugio","WADMKK":"Lamongan"},"geometry":{"type":"Point","coordinates":[112.3,-7.2]}},{"type":"Feature","properties":{"Line":"R130","Tr":2471,"X":"644300.5","Y":"9208894.0","Rotation":0,"NAMOBJ":"Sekarbagus","WADMKC":"Sugio","WADMKK":"Lamongan"},"geometry":{"type":"Point","coordinates":[112.3,-7.2]}},{"type":"Feature","properties":{"Line":"R130","Tr":2472,"X":"644300.5","Y":"9208881.6","Rotation":0,"NAMOBJ":"Sekarbagus","WADMKC":"Sugio","WADMKK":"Lamongan"},"geometry":{"type":"Point","coordinates":[112.3,-7.2]}},{"type":"Feature","properties":{"Line":"R130","Tr":2473,"X":"644300.5","Y":"9208869.0","Rotation":0,"NAMOBJ":"Sekarbagus","WADMKC":"Sugio","WADMKK":"Lamongan"},"geometry":{"type":"Point","coordinates":[112.3,-7.2]}},{"type":"Feature","properties":{"Line":"R130","Tr":2474,"X":"644300.5","Y":"9208856.6","Rotation":0,"NAMOBJ":"Sekarbagus","WADMKC":"Sugio","WADMKK":"Lamongan"},"geometry":{"type":"Point","coordinates":[112.3,-7.2]}},{"type":"Feature","properties":{"Line":"R130","Tr":2475,"X":"644300.5","Y":"9208844.0","Rotation":0,"NAMOBJ":"Sekarbagus","WADMKC":"Sugio","WADMKK":"Lamongan"},"geometry":{"type":"Point","coordinates":[112.3,-7.2]}},{"type":"Feature","properties":{"Line":"R130","Tr":2476,"X":"644300.5","Y":"9208831.6","Rotation":0,"NAMOBJ":"Sekarbagus","WADMKC":"Sugio","WADMKK":"Lamongan"},"geometry":{"type":"Point","coordinates":[112.3,-7.2]}},{"type":"Feature","properties":{"Line":"R130","Tr":2477,"X":"644300.5","Y":"9208819.0","Rotation":0,"NAMOBJ":"Sekarbagus","WADMKC":"Sugio","WADMKK":"Lamongan"},"geometry":{"type":"Point","coordinates":[112.3,-7.2]}},{"type":"Feature","properties":{"Line":"R130","Tr":2478,"X":"644300.5","Y":"9208806.6","Rotation":0,"NAMOBJ":"Sekarbagus","WADMKC":"Sugio","WADMKK":"Lamongan"},"geometry":{"type":"Point","coordinates":[112.3,-7.2]}},{"type":"Feature","properties":{"Line":"R130","Tr":2479,"X":"644300.5","Y":"9208794.0","Rotation":0,"NAMOBJ":"Sekarbagus","WADMKC":"Sugio","WADMKK":"Lamongan"},"geometry":{"type":"Point","coordinates":[112.3,-7.2]}},{"type":"Feature","properties":{"Line":"R130","Tr":2480,"X":"644300.5","Y":"9208781.5","Rotation":0,"NAMOBJ":"Sekarbagus","WADMKC":"Sugio","WADMKK":"Lamongan"},"geometry":{"type":"Point","coordinates":[112.3,-7.2]}},{"type":"Feature","properties":{"Line":"R130","Tr":2481,"X":"644300.5","Y":"9208769.0","Rotation":0,"NAMOBJ":"Sekarbagus","WADMKC":"Sugio","WADMKK":"Lamongan"},"geometry":{"type":"Point","coordinates":[112.3,-7.2]}},{"type":"Feature","properties":{"Line":"R130","Tr":2482,"X":"644300.5","Y":"9208756.5","Rotation":0,"NAMOBJ":"Sekarbagus","WADMKC":"Sugio","WADMKK":"Lamongan"},"geometry":{"type":"Point","coordinates":[112.3,-7.2]}},{"type":"Feature","properties":{"Line":"R130","Tr":2483,"X":"644300.5","Y":"9208744.0","Rotation":0,"NAMOBJ":"Sekarbagus","WADMKC":"Sugio","WADMKK":"Lamongan"},"geometry":{"type":"Point","coordinates":[112.3,-7.2]}},{"type":"Feature","properties":{"Line":"R130","Tr":2484,"X":"644300.5","Y":"9208731.5","Rotation":0,"NAMOBJ":"Sekarbagus","WADMKC":"Sugio","WADMKK":"Lamongan"},"geometry":{"type":"Point","coordinates":[112.3,-7.2]}},{"type":"Feature","properties":{"Line":"R130","Tr":2485,"X":"644300.5","Y":"9208719.0","Rotation":0,"NAMOBJ":"Sekarbagus","WADMKC":"Sugio","WADMKK":"Lamongan"},"geometry":{"type":"Point","coordinates":[112.3,-7.2]}},{"type":"Feature","properties":{"Line":"R130","Tr":2486,"X":"644300.5","Y":"9208706.5","Rotation":0,"NAMOBJ":"Sekarbagus","WADMKC":"Sugio","WADMKK":"Lamongan"},"geometry":{"type":"Point","coordinates":[112.3,-7.2]}},{"type":"Feature","properties":{"Line":"R130","Tr":2487,"X":"644300.5","Y":"9208694.0","Rotation":0,"NAMOBJ":"Sekarbagus","WADMKC":"Sugio","WADMKK":"Lamongan"},"geometry":{"type":"Point","coordinates":[112.3,-7.2]}},{"type":"Feature","properties":{"Line":"R130","Tr":2488,"X":"644300.5","Y":"9208681.5","Rotation":0,"NAMOBJ":"Sekarbagus","WADMKC":"Sugio","WADMKK":"Lamongan"},"geometry":{"type":"Point","coordinates":[112.3,-7.2]}},{"type":"Feature","properties":{"Line":"R130","Tr":2489,"X":"644300.5","Y":"9208669.0","Rotation":0,"NAMOBJ":"Sekarbagus","WADMKC":"Sugio","WADMKK":"Lamongan"},"geometry":{"type":"Point","coordinates":[112.3,-7.2]}},{"type":"Feature","properties":{"Line":"R130","Tr":2490,"X":"644300.5","Y":"9208656.5","Rotation":0,"NAMOBJ":"Sekarbagus","WADMKC":"Sugio","WADMKK":"Lamongan"},"geometry":{"type":"Point","coordinates":[112.3,-7.2]}},{"type":"Feature","properties":{"Line":"R130","Tr":2491,"X":"644300.5","Y":"9208644.0","Rotation":0,"NAMOBJ":"Sekarbagus","WADMKC":"Sugio","WADMKK":"Lamongan"},"geometry":{"type":"Point","coordinates":[112.3,-7.2]}},{"type":"Feature","properties":{"Line":"R130","Tr":2492,"X":"644300.5","Y":"9208631.5","Rotation":0,"NAMOBJ":"Sekarbagus","WADMKC":"Sugio","WADMKK":"Lamongan"},"geometry":{"type":"Point","coordinates":[112.3,-7.2]}},{"type":"Feature","properties":{"Line":"R130","Tr":2493,"X":"644300.5","Y":"9208619.0","Rotation":0,"NAMOBJ":"Sekarbagus","WADMKC":"Sugio","WADMKK":"Lamongan"},"geometry":{"type":"Point","coordinates":[112.3,-7.2]}},{"type":"Feature","properties":{"Line":"R130","Tr":2494,"X":"644300.5","Y":"9208606.5","Rotation":0,"NAMOBJ":"Sekarbagus","WADMKC":"Sugio","WADMKK":"Lamongan"},"geometry":{"type":"Point","coordinates":[112.3,-7.2]}},{"type":"Feature","properties":{"Line":"R130","Tr":2495,"X":"644300.5","Y":"9208594.0","Rotation":0,"NAMOBJ":"Sekarbagus","WADMKC":"Sugio","WADMKK":"Lamongan"},"geometry":{"type":"Point","coordinates":[112.3,-7.2]}},{"type":"Feature","properties":{"Line":"R130","Tr":2496,"X":"644300.5","Y":"9208581.5","Rotation":0,"NAMOBJ":"Sekarbagus","WADMKC":"Sugio","WADMKK":"Lamongan"},"geometry":{"type":"Point","coordinates":[112.3,-7.2]}},{"type":"Feature","properties":{"Line":"R130","Tr":2497,"X":"644300.5","Y":"9208569.0","Rotation":0,"NAMOBJ":"Sekarbagus","WADMKC":"Sugio","WADMKK":"Lamongan"},"geometry":{"type":"Point","coordinates":[112.3,-7.2]}},{"type":"Feature","properties":{"Line":"R130","Tr":2498,"X":"644300.5","Y":"9208556.5","Rotation":0,"NAMOBJ":"Sekarbagus","WADMKC":"Sugio","WADMKK":"Lamongan"},"geometry":{"type":"Point","coordinates":[112.3,-7.2]}},{"type":"Feature","properties":{"Line":"R130","Tr":2499,"X":"644300.5","Y":"9208544.0","Rotation":0,"NAMOBJ":"Sekarbagus","WADMKC":"Sugio","WADMKK":"Lamongan"},"geometry":{"type":"Point","coordinates":[112.3,-7.2]}},{"type":"Feature","properties":{"Line":"R130","Tr":2500,"X":"644300.5","Y":"9208531.5","Rotation":0,"NAMOBJ":"Sekarbagus","WADMKC":"Sugio","WADMKK":"Lamongan"},"geometry":{"type":"Point","coordinates":[112.3,-7.2]}},{"type":"Feature","properties":{"Line":"R130","Tr":2501,"X":"644300.5","Y":"9208519.0","Rotation":0,"NAMOBJ":"Sekarbagus","WADMKC":"Sugio","WADMKK":"Lamongan"},"geometry":{"type":"Point","coordinates":[112.3,-7.2]}},{"type":"Feature","properties":{"Line":"R130","Tr":2502,"X":"644300.5","Y":"9208506.5","Rotation":0,"NAMOBJ":"Sekarbagus","WADMKC":"Sugio","WADMKK":"Lamongan"},"geometry":{"type":"Point","coordinates":[112.3,-7.2]}},{"type":"Feature","properties":{"Line":"R130","Tr":2503,"X":"644300.5","Y":"9208494.0","Rotation":0,"NAMOBJ":"Sekarbagus","WADMKC":"Sugio","WADMKK":"Lamongan"},"geometry":{"type":"Point","coordinates":[112.3,-7.2]}},{"type":"Feature","properties":{"Line":"R130","Tr":2504,"X":"644300.5","Y":"9208481.5","Rotation":0,"NAMOBJ":"Sekarbagus","WADMKC":"Sugio","WADMKK":"Lamongan"},"geometry":{"type":"Point","coordinates":[112.3,-7.2]}},{"type":"Feature","properties":{"Line":"R130","Tr":2505,"X":"644300.5","Y":"9208469.0","Rotation":0,"NAMOBJ":"Sekarbagus","WADMKC":"Sugio","WADMKK":"Lamongan"},"geometry":{"type":"Point","coordinates":[112.3,-7.2]}},{"type":"Feature","properties":{"Line":"R130","Tr":2506,"X":"644300.5","Y":"9208456.5","Rotation":0,"NAMOBJ":"Sekarbagus","WADMKC":"Sugio","WADMKK":"Lamongan"},"geometry":{"type":"Point","coordinates":[112.3,-7.2]}},{"type":"Feature","properties":{"Line":"R130","Tr":2507,"X":"644300.5","Y":"9208444.0","Rotation":0,"NAMOBJ":"Sekarbagus","WADMKC":"Sugio","WADMKK":"Lamongan"},"geometry":{"type":"Point","coordinates":[112.3,-7.2]}},{"type":"Feature","properties":{"Line":"R130","Tr":2508,"X":"644300.5","Y":"9208431.5","Rotation":0,"NAMOBJ":"Sekarbagus","WADMKC":"Sugio","WADMKK":"Lamongan"},"geometry":{"type":"Point","coordinates":[112.3,-7.2]}},{"type":"Feature","properties":{"Line":"R130","Tr":2509,"X":"644300.5","Y":"9208419.0","Rotation":0,"NAMOBJ":"Sekarbagus","WADMKC":"Sugio","WADMKK":"Lamongan"},"geometry":{"type":"Point","coordinates":[112.3,-7.2]}},{"type":"Feature","properties":{"Line":"R130","Tr":2510,"X":"644300.5","Y":"9208406.5","Rotation":0,"NAMOBJ":"Sekarbagus","WADMKC":"Sugio","WADMKK":"Lamongan"},"geometry":{"type":"Point","coordinates":[112.3,-7.2]}},{"type":"Feature","properties":{"Line":"R130","Tr":2511,"X":"644300.5","Y":"9208394.0","Rotation":0,"NAMOBJ":"Sekarbagus","WADMKC":"Sugio","WADMKK":"Lamongan"},"geometry":{"type":"Point","coordinates":[112.3,-7.2]}},{"type":"Feature","properties":{"Line":"R130","Tr":2512,"X":"644300.5","Y":"9208381.5","Rotation":0,"NAMOBJ":"Sekarbagus","WADMKC":"Sugio","WADMKK":"Lamongan"},"geometry":{"type":"Point","coordinates":[112.3,-7.2]}},{"type":"Feature","properties":{"Line":"R130","Tr":2513,"X":"644300.5","Y":"9208369.0","Rotation":0,"NAMOBJ":"Sekarbagus","WADMKC":"Sugio","WADMKK":"Lamongan"},"geometry":{"type":"Point","coordinates":[112.3,-7.2]}},{"type":"Feature","properties":{"Line":"R130","Tr":2514,"X":"644300.5","Y":"9208356.5","Rotation":0,"NAMOBJ":"Sekarbagus","WADMKC":"Sugio","WADMKK":"Lamongan"},"geometry":{"type":"Point","coordinates":[112.3,-7.2]}},{"type":"Feature","properties":{"Line":"R130","Tr":2515,"X":"644300.5","Y":"9208344.0","Rotation":0,"NAMOBJ":"Sekarbagus","WADMKC":"Sugio","WADMKK":"Lamongan"},"geometry":{"type":"Point","coordinates":[112.3,-7.2]}},{"type":"Feature","properties":{"Line":"R130","Tr":2516,"X":"644300.5","Y":"9208331.5","Rotation":0,"NAMOBJ":"Sekarbagus","WADMKC":"Sugio","WADMKK":"Lamongan"},"geometry":{"type":"Point","coordinates":[112.3,-7.2]}},{"type":"Feature","properties":{"Line":"R130","Tr":2517,"X":"644300.5","Y":"9208319.0","Rotation":0,"NAMOBJ":"Sekarbagus","WADMKC":"Sugio","WADMKK":"Lamongan"},"geometry":{"type":"Point","coordinates":[112.3,-7.2]}},{"type":"Feature","properties":{"Line":"R130","Tr":2518,"X":"644300.5","Y":"9208306.5","Rotation":0,"NAMOBJ":"Sekarbagus","WADMKC":"Sugio","WADMKK":"Lamongan"},"geometry":{"type":"Point","coordinates":[112.3,-7.2]}},{"type":"Feature","properties":{"Line":"R130","Tr":2519,"X":"644300.5","Y":"9208294.0","Rotation":0,"NAMOBJ":"Sekarbagus","WADMKC":"Sugio","WADMKK":"Lamongan"},"geometry":{"type":"Point","coordinates":[112.3,-7.2]}},{"type":"Feature","properties":{"Line":"R130","Tr":2520,"X":"644300.5","Y":"9208281.5","Rotation":0,"NAMOBJ":"Sekarbagus","WADMKC":"Sugio","WADMKK":"Lamongan"},"geometry":{"type":"Point","coordinates":[112.3,-7.2]}},{"type":"Feature","properties":{"Line":"R130","Tr":2521,"X":"644300.5","Y":"9208269.0","Rotation":0,"NAMOBJ":"Sekarbagus","WADMKC":"Sugio","WADMKK":"Lamongan"},"geometry":{"type":"Point","coordinates":[112.3,-7.2]}},{"type":"Feature","properties":{"Line":"R130","Tr":2522,"X":"644300.5","Y":"9208256.5","Rotation":0,"NAMOBJ":"Sekarbagus","WADMKC":"Sugio","WADMKK":"Lamongan"},"geometry":{"type":"Point","coordinates":[112.3,-7.2]}},{"type":"Feature","properties":{"Line":"R130","Tr":2523,"X":"644300.5","Y":"9208244.0","Rotation":0,"NAMOBJ":"Sekarbagus","WADMKC":"Sugio","WADMKK":"Lamongan"},"geometry":{"type":"Point","coordinates":[112.3,-7.2]}},{"type":"Feature","properties":{"Line":"R130","Tr":2524,"X":"644300.5","Y":"9208231.5","Rotation":0,"NAMOBJ":"Sekarbagus","WADMKC":"Sugio","WADMKK":"Lamongan"},"geometry":{"type":"Point","coordinates":[112.3,-7.2]}},{"type":"Feature","properties":{"Line":"R130","Tr":2525,"X":"644300.5","Y":"9208219.0","Rotation":0,"NAMOBJ":"Sekarbagus","WADMKC":"Sugio","WADMKK":"Lamongan"},"geometry":{"type":"Point","coordinates":[112.3,-7.2]}},{"type":"Feature","properties":{"Line":"R130","Tr":2526,"X":"644300.5","Y":"9208206.5","Rotation":0,"NAMOBJ":"Sekarbagus","WADMKC":"Sugio","WADMKK":"Lamongan"},"geometry":{"type":"Point","coordinates":[112.3,-7.2]}},{"type":"Feature","properties":{"Line":"R130","Tr":2527,"X":"644300.5","Y":"9208194.0","Rotation":0,"NAMOBJ":"Sekarbagus","WADMKC":"Sugio","WADMKK":"Lamongan"},"geometry":{"type":"Point","coordinates":[112.3,-7.2]}},{"type":"Feature","properties":{"Line":"R130","Tr":2528,"X":"644300.5","Y":"9208181.5","Rotation":0,"NAMOBJ":"Sekarbagus","WADMKC":"Sugio","WADMKK":"Lamongan"},"geometry":{"type":"Point","coordinates":[112.3,-7.2]}},{"type":"Feature","properties":{"Line":"R130","Tr":2529,"X":"644300.5","Y":"9208169.0","Rotation":0,"NAMOBJ":"Sekarbagus","WADMKC":"Sugio","WADMKK":"Lamongan"},"geometry":{"type":"Point","coordinates":[112.3,-7.2]}},{"type":"Feature","properties":{"Line":"R130","Tr":2530,"X":"644300.5","Y":"9208156.5","Rotation":0,"NAMOBJ":"Sekarbagus","WADMKC":"Sugio","WADMKK":"Lamongan"},"geometry":{"type":"Point","coordinates":[112.3,-7.2]}},{"type":"Feature","properties":{"Line":"R130","Tr":2531,"X":"644300.5","Y":"9208144.0","Rotation":0,"NAMOBJ":"Sekarbagus","WADMKC":"Sugio","WADMKK":"Lamongan"},"geometry":{"type":"Point","coordinates":[112.3,-7.2]}},{"type":"Feature","properties":{"Line":"R130","Tr":2532,"X":"644300.5","Y":"9208131.5","Rotation":0,"NAMOBJ":"Sekarbagus","WADMKC":"Sugio","WADMKK":"Lamongan"},"geometry":{"type":"Point","coordinates":[112.3,-7.2]}},{"type":"Feature","properties":{"Line":"R130","Tr":2533,"X":"644300.5","Y":"9208119.0","Rotation":0,"NAMOBJ":"Sekarbagus","WADMKC":"Sugio","WADMKK":"Lamongan"},"geometry":{"type":"Point","coordinates":[112.3,-7.2]}},{"type":"Feature","properties":{"Line":"R130","Tr":2534,"X":"644300.5","Y":"9208106.5","Rotation":0,"NAMOBJ":"Sekarbagus","WADMKC":"Sugio","WADMKK":"Lamongan"},"geometry":{"type":"Point","coordinates":[112.3,-7.2]}},{"type":"Feature","properties":{"Line":"R130","Tr":2535,"X":"644300.5","Y":"9208094.0","Rotation":0,"NAMOBJ":"Sekarbagus","WADMKC":"Sugio","WADMKK":"Lamongan"},"geometry":{"type":"Point","coordinates":[112.3,-7.2]}},{"type":"Feature","properties":{"Line":"R130","Tr":2536,"X":"644300.5","Y":"9208081.5","Rotation":0,"NAMOBJ":"Sekarbagus","WADMKC":"Sugio","WADMKK":"Lamongan"},"geometry":{"type":"Point","coordinates":[112.3,-7.2]}},{"type":"Feature","properties":{"Line":"R130","Tr":2537,"X":"644300.5","Y":"9208069.0","Rotation":0,"NAMOBJ":"Sekarbagus","WADMKC":"Sugio","WADMKK":"Lamongan"},"geometry":{"type":"Point","coordinates":[112.3,-7.2]}},{"type":"Feature","properties":{"Line":"R130","Tr":2538,"X":"644300.5","Y":"9208056.5","Rotation":0,"NAMOBJ":"Sekarbagus","WADMKC":"Sugio","WADMKK":"Lamongan"},"geometry":{"type":"Point","coordinates":[112.3,-7.2]}},{"type":"Feature","properties":{"Line":"R130","Tr":2539,"X":"644300.5","Y":"9208044.0","Rotation":0,"NAMOBJ":"Sekarbagus","WADMKC":"Sugio","WADMKK":"Lamongan"},"geometry":{"type":"Point","coordinates":[112.3,-7.2]}},{"type":"Feature","properties":{"Line":"R130","Tr":2540,"X":"644300.5","Y":"9208031.5","Rotation":0,"NAMOBJ":"Sekarbagus","WADMKC":"Sugio","WADMKK":"Lamongan"},"geometry":{"type":"Point","coordinates":[112.3,-7.2]}},{"type":"Feature","properties":{"Line":"R130","Tr":2541,"X":"644300.5","Y":"9208019.0","Rotation":0,"NAMOBJ":"Sekarbagus","WADMKC":"Sugio","WADMKK":"Lamongan"},"geometry":{"type":"Point","coordinates":[112.3,-7.2]}},{"type":"Feature","properties":{"Line":"R130","Tr":2542,"X":"644300.5","Y":"9208006.5","Rotation":0,"NAMOBJ":"Sekarbagus","WADMKC":"Sugio","WADMKK":"Lamongan"},"geometry":{"type":"Point","coordinates":[112.3,-7.2]}},{"type":"Feature","properties":{"Line":"R130","Tr":2543,"X":"644300.5","Y":"9207994.0","Rotation":0,"NAMOBJ":"Sekarbagus","WADMKC":"Sugio","WADMKK":"Lamongan"},"geometry":{"type":"Point","coordinates":[112.3,-7.2]}},{"type":"Feature","properties":{"Line":"R130","Tr":2544,"X":"644300.5","Y":"9207981.5","Rotation":0,"NAMOBJ":"Sekarbagus","WADMKC":"Sugio","WADMKK":"Lamongan"},"geometry":{"type":"Point","coordinates":[112.3,-7.2]}},{"type":"Feature","properties":{"Line":"R130","Tr":2545,"X":"644300.5","Y":"9207969.0","Rotation":0,"NAMOBJ":"Sekarbagus","WADMKC":"Sugio","WADMKK":"Lamongan"},"geometry":{"type":"Point","coordinates":[112.3,-7.2]}},{"type":"Feature","properties":{"Line":"R130","Tr":2546,"X":"644300.5","Y":"9207956.5","Rotation":0,"NAMOBJ":"Sekarbagus","WADMKC":"Sugio","WADMKK":"Lamongan"},"geometry":{"type":"Point","coordinates":[112.3,-7.2]}},{"type":"Feature","properties":{"Line":"R130","Tr":2547,"X":"644300.5","Y":"9207944.0","Rotation":0,"NAMOBJ":"Sekarbagus","WADMKC":"Sugio","WADMKK":"Lamongan"},"geometry":{"type":"Point","coordinates":[112.3,-7.2]}},{"type":"Feature","properties":{"Line":"R130","Tr":2548,"X":"644300.5","Y":"9207931.5","Rotation":0,"NAMOBJ":"Sekarbagus","WADMKC":"Sugio","WADMKK":"Lamongan"},"geometry":{"type":"Point","coordinates":[112.3,-7.2]}},{"type":"Feature","properties":{"Line":"R130","Tr":2549,"X":"644300.5","Y":"9207919.0","Rotation":0,"NAMOBJ":"Sekarbagus","WADMKC":"Sugio","WADMKK":"Lamongan"},"geometry":{"type":"Point","coordinates":[112.3,-7.2]}},{"type":"Feature","properties":{"Line":"R130","Tr":2550,"X":"644300.5","Y":"9207906.5","Rotation":0,"NAMOBJ":"Sekarbagus","WADMKC":"Sugio","WADMKK":"Lamongan"},"geometry":{"type":"Point","coordinates":[112.3,-7.2]}},{"type":"Feature","properties":{"Line":"R130","Tr":2551,"X":"644300.5","Y":"9207894.0","Rotation":0,"NAMOBJ":"Sekarbagus","WADMKC":"Sugio","WADMKK":"Lamongan"},"geometry":{"type":"Point","coordinates":[112.3,-7.2]}},{"type":"Feature","properties":{"Line":"R130","Tr":2552,"X":"644300.5","Y":"9207881.5","Rotation":0,"NAMOBJ":"Sekarbagus","WADMKC":"Sugio","WADMKK":"Lamongan"},"geometry":{"type":"Point","coordinates":[112.3,-7.2]}},{"type":"Feature","properties":{"Line":"R130","Tr":2553,"X":"644300.5","Y":"9207869.0","Rotation":0,"NAMOBJ":"Sekarbagus","WADMKC":"Sugio","WADMKK":"Lamongan"},"geometry":{"type":"Point","coordinates":[112.3,-7.2]}},{"type":"Feature","properties":{"Line":"R130","Tr":2554,"X":"644300.5","Y":"9207856.5","Rotation":0,"NAMOBJ":"Sekarbagus","WADMKC":"Sugio","WADMKK":"Lamongan"},"geometry":{"type":"Point","coordinates":[112.3,-7.2]}},{"type":"Feature","properties":{"Line":"R130","Tr":2555,"X":"644300.5","Y":"9207844.0","Rotation":0,"NAMOBJ":"Sekarbagus","WADMKC":"Sugio","WADMKK":"Lamongan"},"geometry":{"type":"Point","coordinates":[112.3,-7.2]}},{"type":"Feature","properties":{"Line":"R130","Tr":2556,"X":"644300.5","Y":"9207831.5","Rotation":0,"NAMOBJ":"Sekarbagus","WADMKC":"Sugio","WADMKK":"Lamongan"},"geometry":{"type":"Point","coordinates":[112.3,-7.2]}},{"type":"Feature","properties":{"Line":"R132","Tr":2394,"X":"645300.5","Y":"9209456.6","Rotation":0,"NAMOBJ":"Sekarbagus","WADMKC":"Sugio","WADMKK":"Lamongan"},"geometry":{"type":"Point","coordinates":[112.3,-7.2]}},{"type":"Feature","properties":{"Line":"R132","Tr":2395,"X":"645300.5","Y":"9209444.0","Rotation":0,"NAMOBJ":"Sekarbagus","WADMKC":"Sugio","WADMKK":"Lamongan"},"geometry":{"type":"Point","coordinates":[112.3,-7.2]}},{"type":"Feature","properties":{"Line":"R132","Tr":2396,"X":"645300.5","Y":"9209431.6","Rotation":0,"NAMOBJ":"Sekarbagus","WADMKC":"Sugio","WADMKK":"Lamongan"},"geometry":{"type":"Point","coordinates":[112.3,-7.2]}},{"type":"Feature","properties":{"Line":"R132","Tr":2397,"X":"645300.5","Y":"9209419.0","Rotation":0,"NAMOBJ":"Sekarbagus","WADMKC":"Sugio","WADMKK":"Lamongan"},"geometry":{"type":"Point","coordinates":[112.3,-7.2]}},{"type":"Feature","properties":{"Line":"R132","Tr":2398,"X":"645300.5","Y":"9209406.6","Rotation":0,"NAMOBJ":"Sekarbagus","WADMKC":"Sugio","WADMKK":"Lamongan"},"geometry":{"type":"Point","coordinates":[112.3,-7.2]}},{"type":"Feature","properties":{"Line":"R132","Tr":2399,"X":"645300.5","Y":"9209394.0","Rotation":0,"NAMOBJ":"Sekarbagus","WADMKC":"Sugio","WADMKK":"Lamongan"},"geometry":{"type":"Point","coordinates":[112.3,-7.2]}},{"type":"Feature","properties":{"Line":"R132","Tr":2400,"X":"645300.5","Y":"9209381.6","Rotation":0,"NAMOBJ":"Sekarbagus","WADMKC":"Sugio","WADMKK":"Lamongan"},"geometry":{"type":"Point","coordinates":[112.3,-7.2]}},{"type":"Feature","properties":{"Line":"R132","Tr":2401,"X":"645300.5","Y":"9209369.0","Rotation":0,"NAMOBJ":"Sekarbagus","WADMKC":"Sugio","WADMKK":"Lamongan"},"geometry":{"type":"Point","coordinates":[112.3,-7.2]}},{"type":"Feature","properties":{"Line":"R132","Tr":2402,"X":"645300.5","Y":"9209356.6","Rotation":0,"NAMOBJ":"Sekarbagus","WADMKC":"Sugio","WADMKK":"Lamongan"},"geometry":{"type":"Point","coordinates":[112.3,-7.2]}},{"type":"Feature","properties":{"Line":"R132","Tr":2403,"X":"645300.5","Y":"9209344.0","Rotation":0,"NAMOBJ":"Sekarbagus","WADMKC":"Sugio","WADMKK":"Lamongan"},"geometry":{"type":"Point","coordinates":[112.3,-7.2]}},{"type":"Feature","properties":{"Line":"R132","Tr":2404,"X":"645300.5","Y":"9209331.6","Rotation":0,"NAMOBJ":"Sekarbagus","WADMKC":"Sugio","WADMKK":"Lamongan"},"geometry":{"type":"Point","coordinates":[112.3,-7.2]}},{"type":"Feature","properties":{"Line":"R132","Tr":2405,"X":"645300.5","Y":"9209319.0","Rotation":0,"NAMOBJ":"Sekarbagus","WADMKC":"Sugio","WADMKK":"Lamongan"},"geometry":{"type":"Point","coordinates":[112.3,-7.2]}},{"type":"Feature","properties":{"Line":"R132","Tr":2406,"X":"645300.5","Y":"9209306.6","Rotation":0,"NAMOBJ":"Sekarbagus","WADMKC":"Sugio","WADMKK":"Lamongan"},"geometry":{"type":"Point","coordinates":[112.3,-7.2]}},{"type":"Feature","properties":{"Line":"R132","Tr":2407,"X":"645300.5","Y":"9209294.0","Rotation":0,"NAMOBJ":"Sekarbagus","WADMKC":"Sugio","WADMKK":"Lamongan"},"geometry":{"type":"Point","coordinates":[112.3,-7.2]}},{"type":"Feature","properties":{"Line":"R132","Tr":2408,"X":"645300.5","Y":"9209281.6","Rotation":0,"NAMOBJ":"Sekarbagus","WADMKC":"Sugio","WADMKK":"Lamongan"},"geometry":{"type":"Point","coordinates":[112.3,-7.2]}},{"type":"Feature","properties":{"Line":"R132","Tr":2409,"X":"645300.5","Y":"9209269.0","Rotation":0,"NAMOBJ":"Sekarbagus","WADMKC":"Sugio","WADMKK":"Lamongan"},"geometry":{"type":"Point","coordinates":[112.3,-7.2]}},{"type":"Feature","properties":{"Line":"R132","Tr":2410,"X":"645300.5","Y":"9209256.6","Rotation":0,"NAMOBJ":"Sekarbagus","WADMKC":"Sugio","WADMKK":"Lamongan"},"geometry":{"type":"Point","coordinates":[112.3,-7.2]}},{"type":"Feature","properties":{"Line":"R132","Tr":2411,"X":"645300.5","Y":"9209244.0","Rotation":0,"NAMOBJ":"Sekarbagus","WADMKC":"Sugio","WADMKK":"Lamongan"},"geometry":{"type":"Point","coordinates":[112.3,-7.2]}},{"type":"Feature","properties":{"Line":"R132","Tr":2412,"X":"645300.5","Y":"9209231.6","Rotation":0,"NAMOBJ":"Sekarbagus","WADMKC":"Sugio","WADMKK":"Lamongan"},"geometry":{"type":"Point","coordinates":[112.3,-7.2]}},{"type":"Feature","properties":{"Line":"R132","Tr":2413,"X":"645300.5","Y":"9209219.0","Rotation":0,"NAMOBJ":"Sekarbagus","WADMKC":"Sugio","WADMKK":"Lamongan"},"geometry":{"type":"Point","coordinates":[112.3,-7.2]}},{"type":"Feature","properties":{"Line":"R132","Tr":2414,"X":"645300.5","Y":"9209206.6","Rotation":0,"NAMOBJ":"Sekarbagus","WADMKC":"Sugio","WADMKK":"Lamongan"},"geometry":{"type":"Point","coordinates":[112.3,-7.2]}},{"type":"Feature","properties":{"Line":"R132","Tr":2415,"X":"645300.5","Y":"9209194.0","Rotation":0,"NAMOBJ":"Sekarbagus","WADMKC":"Sugio","WADMKK":"Lamongan"},"geometry":{"type":"Point","coordinates":[112.3,-7.2]}},{"type":"Feature","properties":{"Line":"R132","Tr":2416,"X":"645300.5","Y":"9209181.6","Rotation":0,"NAMOBJ":"Sekarbagus","WADMKC":"Sugio","WADMKK":"Lamongan"},"geometry":{"type":"Point","coordinates":[112.3,-7.2]}},{"type":"Feature","properties":{"Line":"R132","Tr":2417,"X":"645300.5","Y":"9209169.0","Rotation":0,"NAMOBJ":"Sekarbagus","WADMKC":"Sugio","WADMKK":"Lamongan"},"geometry":{"type":"Point","coordinates":[112.3,-7.2]}},{"type":"Feature","properties":{"Line":"R132","Tr":2418,"X":"645300.5","Y":"9209156.6","Rotation":0,"NAMOBJ":"Sekarbagus","WADMKC":"Sugio","WADMKK":"Lamongan"},"geometry":{"type":"Point","coordinates":[112.3,-7.2]}},{"type":"Feature","properties":{"Line":"R132","Tr":2419,"X":"645300.5","Y":"9209144.0","Rotation":0,"NAMOBJ":"Sekarbagus","WADMKC":"Sugio","WADMKK":"Lamongan"},"geometry":{"type":"Point","coordinates":[112.3,-7.2]}},{"type":"Feature","properties":{"Line":"R132","Tr":2420,"X":"645300.5","Y":"9209131.6","Rotation":0,"NAMOBJ":"Sekarbagus","WADMKC":"Sugio","WADMKK":"Lamongan"},"geometry":{"type":"Point","coordinates":[112.3,-7.2]}},{"type":"Feature","properties":{"Line":"R132","Tr":2421,"X":"645300.5","Y":"9209119.0","Rotation":0,"NAMOBJ":"Sekarbagus","WADMKC":"Sugio","WADMKK":"Lamongan"},"geometry":{"type":"Point","coordinates":[112.3,-7.2]}},{"type":"Feature","properties":{"Line":"R132","Tr":2422,"X":"645300.5","Y":"9209106.6","Rotation":0,"NAMOBJ":"Sekarbagus","WADMKC":"Sugio","WADMKK":"Lamongan"},"geometry":{"type":"Point","coordinates":[112.3,-7.2]}},{"type":"Feature","properties":{"Line":"R132","Tr":2423,"X":"645300.5","Y":"9209094.0","Rotation":0,"NAMOBJ":"Sekarbagus","WADMKC":"Sugio","WADMKK":"Lamongan"},"geometry":{"type":"Point","coordinates":[112.3,-7.2]}},{"type":"Feature","properties":{"Line":"R132","Tr":2424,"X":"645300.5","Y":"9209081.6","Rotation":0,"NAMOBJ":"Sekarbagus","WADMKC":"Sugio","WADMKK":"Lamongan"},"geometry":{"type":"Point","coordinates":[112.3,-7.2]}},{"type":"Feature","properties":{"Line":"R132","Tr":2425,"X":"645300.5","Y":"9209069.0","Rotation":0,"NAMOBJ":"Sekarbagus","WADMKC":"Sugio","WADMKK":"Lamongan"},"geometry":{"type":"Point","coordinates":[112.3,-7.2]}},{"type":"Feature","properties":{"Line":"R132","Tr":2426,"X":"645300.5","Y":"9209056.6","Rotation":0,"NAMOBJ":"Sekarbagus","WADMKC":"Sugio","WADMKK":"Lamongan"},"geometry":{"type":"Point","coordinates":[112.3,-7.2]}},{"type":"Feature","properties":{"Line":"R132","Tr":2427,"X":"645300.5","Y":"9209044.0","Rotation":0,"NAMOBJ":"Sekarbagus","WADMKC":"Sugio","WADMKK":"Lamongan"},"geometry":{"type":"Point","coordinates":[112.3,-7.2]}},{"type":"Feature","properties":{"Line":"R132","Tr":2428,"X":"645300.5","Y":"9209031.6","Rotation":0,"NAMOBJ":"Sekarbagus","WADMKC":"Sugio","WADMKK":"Lamongan"},"geometry":{"type":"Point","coordinates":[112.3,-7.2]}},{"type":"Feature","properties":{"Line":"R132","Tr":2429,"X":"645300.5","Y":"9209019.0","Rotation":0,"NAMOBJ":"Sekarbagus","WADMKC":"Sugio","WADMKK":"Lamongan"},"geometry":{"type":"Point","coordinates":[112.3,-7.2]}},{"type":"Feature","properties":{"Line":"R132","Tr":2430,"X":"645300.5","Y":"9209006.6","Rotation":0,"NAMOBJ":"Sekarbagus","WADMKC":"Sugio","WADMKK":"Lamongan"},"geometry":{"type":"Point","coordinates":[112.3,-7.2]}},{"type":"Feature","properties":{"Line":"R132","Tr":2431,"X":"645300.5","Y":"9208994.0","Rotation":0,"NAMOBJ":"Sekarbagus","WADMKC":"Sugio","WADMKK":"Lamongan"},"geometry":{"type":"Point","coordinates":[112.3,-7.2]}},{"type":"Feature","properties":{"Line":"R132","Tr":2432,"X":"645300.5","Y":"9208981.6","Rotation":0,"NAMOBJ":"Sekarbagus","WADMKC":"Sugio","WADMKK":"Lamongan"},"geometry":{"type":"Point","coordinates":[112.3,-7.2]}},{"type":"Feature","properties":{"Line":"R132","Tr":2433,"X":"645300.5","Y":"9208969.0","Rotation":0,"NAMOBJ":"Sekarbagus","WADMKC":"Sugio","WADMKK":"Lamongan"},"geometry":{"type":"Point","coordinates":[112.3,-7.2]}},{"type":"Feature","properties":{"Line":"R132","Tr":2434,"X":"645300.5","Y":"9208956.6","Rotation":0,"NAMOBJ":"Sekarbagus","WADMKC":"Sugio","WADMKK":"Lamongan"},"geometry":{"type":"Point","coordinates":[112.3,-7.2]}},{"type":"Feature","properties":{"Line":"R132","Tr":2435,"X":"645300.5","Y":"9208944.0","Rotation":0,"NAMOBJ":"Sekarbagus","WADMKC":"Sugio","WADMKK":"Lamongan"},"geometry":{"type":"Point","coordinates":[112.3,-7.2]}},{"type":"Feature","properties":{"Line":"R132","Tr":2436,"X":"645300.5","Y":"9208931.6","Rotation":0,"NAMOBJ":"Sekarbagus","WADMKC":"Sugio","WADMKK":"Lamongan"},"geometry":{"type":"Point","coordinates":[112.3,-7.2]}},{"type":"Feature","properties":{"Line":"R132","Tr":2437,"X":"645300.5","Y":"9208919.0","Rotation":0,"NAMOBJ":"Sekarbagus","WADMKC":"Sugio","WADMKK":"Lamongan"},"geometry":{"type":"Point","coordinates":[112.3,-7.2]}},{"type":"Feature","properties":{"Line":"R132","Tr":2438,"X":"645300.5","Y":"9208906.6","Rotation":0,"NAMOBJ":"Sekarbagus","WADMKC":"Sugio","WADMKK":"Lamongan"},"geometry":{"type":"Point","coordinates":[112.3,-7.2]}},{"type":"Feature","properties":{"Line":"R132","Tr":2439,"X":"645300.5","Y":"9208894.0","Rotation":0,"NAMOBJ":"Sekarbagus","WADMKC":"Sugio","WADMKK":"Lamongan"},"geometry":{"type":"Point","coordinates":[112.3,-7.2]}},{"type":"Feature","properties":{"Line":"R132","Tr":2440,"X":"645300.5","Y":"9208881.6","Rotation":0,"NAMOBJ":"Sekarbagus","WADMKC":"Sugio","WADMKK":"Lamongan"},"geometry":{"type":"Point","coordinates":[112.3,-7.2]}},{"type":"Feature","properties":{"Line":"R132","Tr":2441,"X":"645300.5","Y":"9208869.0","Rotation":0,"NAMOBJ":"Sekarbagus","WADMKC":"Sugio","WADMKK":"Lamongan"},"geometry":{"type":"Point","coordinates":[112.3,-7.2]}},{"type":"Feature","properties":{"Line":"R132","Tr":2442,"X":"645300.5","Y":"9208856.6","Rotation":0,"NAMOBJ":"Sekarbagus","WADMKC":"Sugio","WADMKK":"Lamongan"},"geometry":{"type":"Point","coordinates":[112.3,-7.2]}},{"type":"Feature","properties":{"Line":"R132","Tr":2443,"X":"645300.5","Y":"9208844.0","Rotation":0,"NAMOBJ":"Sekarbagus","WADMKC":"Sugio","WADMKK":"Lamongan"},"geometry":{"type":"Point","coordinates":[112.3,-7.2]}},{"type":"Feature","properties":{"Line":"R132","Tr":2444,"X":"645300.5","Y":"9208831.6","Rotation":0,"NAMOBJ":"Sekarbagus","WADMKC":"Sugio","WADMKK":"Lamongan"},"geometry":{"type":"Point","coordinates":[112.3,-7.2]}},{"type":"Feature","properties":{"Line":"R132","Tr":2445,"X":"645300.5","Y":"9208819.0","Rotation":0,"NAMOBJ":"Sekarbagus","WADMKC":"Sugio","WADMKK":"Lamongan"},"geometry":{"type":"Point","coordinates":[112.3,-7.2]}},{"type":"Feature","properties":{"Line":"R132","Tr":2446,"X":"645300.5","Y":"9208806.6","Rotation":0,"NAMOBJ":"Sekarbagus","WADMKC":"Sugio","WADMKK":"Lamongan"},"geometry":{"type":"Point","coordinates":[112.3,-7.2]}},{"type":"Feature","properties":{"Line":"R132","Tr":2447,"X":"645300.5","Y":"9208794.0","Rotation":0,"NAMOBJ":"Sekarbagus","WADMKC":"Sugio","WADMKK":"Lamongan"},"geometry":{"type":"Point","coordinates":[112.3,-7.2]}},{"type":"Feature","properties":{"Line":"R132","Tr":2448,"X":"645300.5","Y":"9208781.5","Rotation":0,"NAMOBJ":"Sekarbagus","WADMKC":"Sugio","WADMKK":"Lamongan"},"geometry":{"type":"Point","coordinates":[112.3,-7.2]}},{"type":"Feature","properties":{"Line":"R132","Tr":2449,"X":"645300.5","Y":"9208769.0","Rotation":0,"NAMOBJ":"Sekarbagus","WADMKC":"Sugio","WADMKK":"Lamongan"},"geometry":{"type":"Point","coordinates":[112.3,-7.2]}},{"type":"Feature","properties":{"Line":"R132","Tr":2450,"X":"645300.5","Y":"9208756.5","Rotation":0,"NAMOBJ":"Sekarbagus","WADMKC":"Sugio","WADMKK":"Lamongan"},"geometry":{"type":"Point","coordinates":[112.3,-7.2]}},{"type":"Feature","properties":{"Line":"R132","Tr":2451,"X":"645300.5","Y":"9208744.0","Rotation":0,"NAMOBJ":"Sekarbagus","WADMKC":"Sugio","WADMKK":"Lamongan"},"geometry":{"type":"Point","coordinates":[112.3,-7.2]}},{"type":"Feature","properties":{"Line":"R132","Tr":2452,"X":"645300.5","Y":"9208731.5","Rotation":0,"NAMOBJ":"Sekarbagus","WADMKC":"Sugio","WADMKK":"Lamongan"},"geometry":{"type":"Point","coordinates":[112.3,-7.2]}},{"type":"Feature","properties":{"Line":"R132","Tr":2453,"X":"645300.5","Y":"9208719.0","Rotation":0,"NAMOBJ":"Sekarbagus","WADMKC":"Sugio","WADMKK":"Lamongan"},"geometry":{"type":"Point","coordinates":[112.3,-7.2]}},{"type":"Feature","properties":{"Line":"R132","Tr":2454,"X":"645300.5","Y":"9208706.5","Rotation":0,"NAMOBJ":"Sekarbagus","WADMKC":"Sugio","WADMKK":"Lamongan"},"geometry":{"type":"Point","coordinates":[112.3,-7.2]}},{"type":"Feature","properties":{"Line":"R132","Tr":2455,"X":"645300.5","Y":"9208694.0","Rotation":0,"NAMOBJ":"Sekarbagus","WADMKC":"Sugio","WADMKK":"Lamongan"},"geometry":{"type":"Point","coordinates":[112.3,-7.2]}},{"type":"Feature","properties":{"Line":"R132","Tr":2456,"X":"645300.5","Y":"9208681.5","Rotation":0,"NAMOBJ":"Sekarbagus","WADMKC":"Sugio","WADMKK":"Lamongan"},"geometry":{"type":"Point","coordinates":[112.3,-7.2]}},{"type":"Feature","properties":{"Line":"R132","Tr":2457,"X":"645300.5","Y":"9208669.0","Rotation":0,"NAMOBJ":"Sekarbagus","WADMKC":"Sugio","WADMKK":"Lamongan"},"geometry":{"type":"Point","coordinates":[112.3,-7.2]}},{"type":"Feature","properties":{"Line":"R132","Tr":2458,"X":"645300.5","Y":"9208656.5","Rotation":0,"NAMOBJ":"Sekarbagus","WADMKC":"Sugio","WADMKK":"Lamongan"},"geometry":{"type":"Point","coordinates":[112.3,-7.2]}},{"type":"Feature","properties":{"Line":"R132","Tr":2459,"X":"645300.5","Y":"9208644.0","Rotation":0,"NAMOBJ":"Sekarbagus","WADMKC":"Sugio","WADMKK":"Lamongan"},"geometry":{"type":"Point","coordinates":[112.3,-7.2]}},{"type":"Feature","properties":{"Line":"R132","Tr":2460,"X":"645300.5","Y":"9208631.5","Rotation":0,"NAMOBJ":"Sekarbagus","WADMKC":"Sugio","WADMKK":"Lamongan"},"geometry":{"type":"Point","coordinates":[112.3,-7.2]}},{"type":"Feature","properties":{"Line":"R132","Tr":2461,"X":"645300.5","Y":"9208619.0","Rotation":0,"NAMOBJ":"Sekarbagus","WADMKC":"Sugio","WADMKK":"Lamongan"},"geometry":{"type":"Point","coordinates":[112.3,-7.2]}},{"type":"Feature","properties":{"Line":"R132","Tr":2462,"X":"645300.5","Y":"9208606.5","Rotation":0,"NAMOBJ":"Sekarbagus","WADMKC":"Sugio","WADMKK":"Lamongan"},"geometry":{"type":"Point","coordinates":[112.3,-7.2]}},{"type":"Feature","properties":{"Line":"R132","Tr":2463,"X":"645300.5","Y":"9208594.0","Rotation":0,"NAMOBJ":"Sekarbagus","WADMKC":"Sugio","WADMKK":"Lamongan"},"geometry":{"type":"Point","coordinates":[112.3,-7.2]}},{"type":"Feature","properties":{"Line":"R132","Tr":2464,"X":"645300.5","Y":"9208581.5","Rotation":0,"NAMOBJ":"Sekarbagus","WADMKC":"Sugio","WADMKK":"Lamongan"},"geometry":{"type":"Point","coordinates":[112.3,-7.2]}},{"type":"Feature","properties":{"Line":"R132","Tr":2465,"X":"645300.5","Y":"9208569.0","Rotation":0,"NAMOBJ":"Sekarbagus","WADMKC":"Sugio","WADMKK":"Lamongan"},"geometry":{"type":"Point","coordinates":[112.3,-7.2]}},{"type":"Feature","properties":{"Line":"R132","Tr":2466,"X":"645300.5","Y":"9208556.5","Rotation":0,"NAMOBJ":"Sekarbagus","WADMKC":"Sugio","WADMKK":"Lamongan"},"geometry":{"type":"Point","coordinates":[112.3,-7.2]}},{"type":"Feature","properties":{"Line":"R132","Tr":2467,"X":"645300.5","Y":"9208544.0","Rotation":0,"NAMOBJ":"Sekarbagus","WADMKC":"Sugio","WADMKK":"Lamongan"},"geometry":{"type":"Point","coordinates":[112.3,-7.2]}},{"type":"Feature","properties":{"Line":"R132","Tr":2468,"X":"645300.5","Y":"9208531.5","Rotation":0,"NAMOBJ":"Sekarbagus","WADMKC":"Sugio","WADMKK":"Lamongan"},"geometry":{"type":"Point","coordinates":[112.3,-7.2]}},{"type":"Feature","properties":{"Line":"R132","Tr":2469,"X":"645300.5","Y":"9208519.0","Rotation":0,"NAMOBJ":"Sekarbagus","WADMKC":"Sugio","WADMKK":"Lamongan"},"geometry":{"type":"Point","coordinates":[112.3,-7.2]}},{"type":"Feature","properties":{"Line":"R132","Tr":2470,"X":"645300.5","Y":"9208506.5","Rotation":0,"NAMOBJ":"Sekarbagus","WADMKC":"Sugio","WADMKK":"Lamongan"},"geometry":{"type":"Point","coordinates":[112.3,-7.2]}},{"type":"Feature","properties":{"Line":"R132","Tr":2471,"X":"645300.5","Y":"9208494.0","Rotation":0,"NAMOBJ":"Sekarbagus","WADMKC":"Sugio","WADMKK":"Lamongan"},"geometry":{"type":"Point","coordinates":[112.3,-7.2]}},{"type":"Feature","properties":{"Line":"R132","Tr":2472,"X":"645300.5","Y":"9208481.5","Rotation":0,"NAMOBJ":"Sekarbagus","WADMKC":"Sugio","WADMKK":"Lamongan"},"geometry":{"type":"Point","coordinates":[112.3,-7.2]}},{"type":"Feature","properties":{"Line":"R132","Tr":2473,"X":"645300.5","Y":"9208469.0","Rotation":0,"NAMOBJ":"Sekarbagus","WADMKC":"Sugio","WADMKK":"Lamongan"},"geometry":{"type":"Point","coordinates":[112.3,-7.2]}},{"type":"Feature","properties":{"Line":"R132","Tr":2474,"X":"645300.5","Y":"9208456.5","Rotation":0,"NAMOBJ":"Sekarbagus","WADMKC":"Sugio","WADMKK":"Lamongan"},"geometry":{"type":"Point","coordinates":[112.3,-7.2]}},{"type":"Feature","properties":{"Line":"R132","Tr":2475,"X":"645300.5","Y":"9208444.0","Rotation":0,"NAMOBJ":"Sekarbagus","WADMKC":"Sugio","WADMKK":"Lamongan"},"geometry":{"type":"Point","coordinates":[112.3,-7.2]}},{"type":"Feature","properties":{"Line":"R132","Tr":2476,"X":"645300.5","Y":"9208431.5","Rotation":0,"NAMOBJ":"Sekarbagus","WADMKC":"Sugio","WADMKK":"Lamongan"},"geometry":{"type":"Point","coordinates":[112.3,-7.2]}},{"type":"Feature","properties":{"Line":"R132","Tr":2477,"X":"645300.5","Y":"9208419.0","Rotation":0,"NAMOBJ":"Sekarbagus","WADMKC":"Sugio","WADMKK":"Lamongan"},"geometry":{"type":"Point","coordinates":[112.3,-7.2]}},{"type":"Feature","properties":{"Line":"R132","Tr":2478,"X":"645300.5","Y":"9208406.5","Rotation":0,"NAMOBJ":"Sekarbagus","WADMKC":"Sugio","WADMKK":"Lamongan"},"geometry":{"type":"Point","coordinates":[112.3,-7.2]}},{"type":"Feature","properties":{"Line":"R132","Tr":2479,"X":"645300.5","Y":"9208394.0","Rotation":0,"NAMOBJ":"Sekarbagus","WADMKC":"Sugio","WADMKK":"Lamongan"},"geometry":{"type":"Point","coordinates":[112.3,-7.2]}},{"type":"Feature","properties":{"Line":"R132","Tr":2480,"X":"645300.5","Y":"9208381.5","Rotation":0,"NAMOBJ":"Sekarbagus","WADMKC":"Sugio","WADMKK":"Lamongan"},"geometry":{"type":"Point","coordinates":[112.3,-7.2]}},{"type":"Feature","properties":{"Line":"R132","Tr":2481,"X":"645300.5","Y":"9208369.0","Rotation":0,"NAMOBJ":"Sekarbagus","WADMKC":"Sugio","WADMKK":"Lamongan"},"geometry":{"type":"Point","coordinates":[112.3,-7.2]}},{"type":"Feature","properties":{"Line":"R132","Tr":2482,"X":"645300.5","Y":"9208356.5","Rotation":0,"NAMOBJ":"Sekarbagus","WADMKC":"Sugio","WADMKK":"Lamongan"},"geometry":{"type":"Point","coordinates":[112.3,-7.2]}},{"type":"Feature","properties":{"Line":"R132","Tr":2483,"X":"645300.5","Y":"9208344.0","Rotation":0,"NAMOBJ":"Sekarbagus","WADMKC":"Sugio","WADMKK":"Lamongan"},"geometry":{"type":"Point","coordinates":[112.3,-7.2]}},{"type":"Feature","properties":{"Line":"R132","Tr":2484,"X":"645300.5","Y":"9208331.5","Rotation":0,"NAMOBJ":"Sekarbagus","WADMKC":"Sugio","WADMKK":"Lamongan"},"geometry":{"type":"Point","coordinates":[112.3,-7.2]}},{"type":"Feature","properties":{"Line":"R132","Tr":2485,"X":"645300.5","Y":"9208319.0","Rotation":0,"NAMOBJ":"Sekarbagus","WADMKC":"Sugio","WADMKK":"Lamongan"},"geometry":{"type":"Point","coordinates":[112.3,-7.2]}},{"type":"Feature","properties":{"Line":"R132","Tr":2486,"X":"645300.5","Y":"9208306.5","Rotation":0,"NAMOBJ":"Sekarbagus","WADMKC":"Sugio","WADMKK":"Lamongan"},"geometry":{"type":"Point","coordinates":[112.3,-7.2]}},{"type":"Feature","properties":{"Line":"R132","Tr":2487,"X":"645300.5","Y":"9208294.0","Rotation":0,"NAMOBJ":"Sekarbagus","WADMKC":"Sugio","WADMKK":"Lamongan"},"geometry":{"type":"Point","coordinates":[112.3,-7.2]}},{"type":"Feature","properties":{"Line":"R132","Tr":2488,"X":"645300.5","Y":"9208281.5","Rotation":0,"NAMOBJ":"Sekarbagus","WADMKC":"Sugio","WADMKK":"Lamongan"},"geometry":{"type":"Point","coordinates":[112.3,-7.2]}},{"type":"Feature","properties":{"Line":"R132","Tr":2489,"X":"645300.5","Y":"9208269.0","Rotation":0,"NAMOBJ":"Sekarbagus","WADMKC":"Sugio","WADMKK":"Lamongan"},"geometry":{"type":"Point","coordinates":[112.3,-7.2]}},{"type":"Feature","properties":{"Line":"R132","Tr":2490,"X":"645300.5","Y":"9208256.5","Rotation":0,"NAMOBJ":"Sekarbagus","WADMKC":"Sugio","WADMKK":"Lamongan"},"geometry":{"type":"Point","coordinates":[112.3,-7.2]}},{"type":"Feature","properties":{"Line":"R132","Tr":2491,"X":"645300.5","Y":"9208244.0","Rotation":0,"NAMOBJ":"Sekarbagus","WADMKC":"Sugio","WADMKK":"Lamongan"},"geometry":{"type":"Point","coordinates":[112.3,-7.2]}},{"type":"Feature","properties":{"Line":"R132","Tr":2492,"X":"645300.5","Y":"9208231.5","Rotation":0,"NAMOBJ":"Sekarbagus","WADMKC":"Sugio","WADMKK":"Lamongan"},"geometry":{"type":"Point","coordinates":[112.3,-7.2]}},{"type":"Feature","properties":{"Line":"R132","Tr":2493,"X":"645300.5","Y":"9208219.0","Rotation":0,"NAMOBJ":"Sekarbagus","WADMKC":"Sugio","WADMKK":"Lamongan"},"geometry":{"type":"Point","coordinates":[112.3,-7.2]}},{"type":"Feature","properties":{"Line":"R132","Tr":2494,"X":"645300.5","Y":"9208206.5","Rotation":0,"NAMOBJ":"Sekarbagus","WADMKC":"Sugio","WADMKK":"Lamongan"},"geometry":{"type":"Point","coordinates":[112.3,-7.2]}},{"type":"Feature","properties":{"Line":"R132","Tr":2495,"X":"645300.5","Y":"9208194.0","Rotation":0,"NAMOBJ":"Sekarbagus","WADMKC":"Sugio","WADMKK":"Lamongan"},"geometry":{"type":"Point","coordinates":[112.3,-7.2]}},{"type":"Feature","properties":{"Line":"R132","Tr":2496,"X":"645300.5","Y":"9208181.5","Rotation":0,"NAMOBJ":"Sekarbagus","WADMKC":"Sugio","WADMKK":"Lamongan"},"geometry":{"type":"Point","coordinates":[112.3,-7.2]}},{"type":"Feature","properties":{"Line":"R132","Tr":2497,"X":"645300.5","Y":"9208169.0","Rotation":0,"NAMOBJ":"Sekarbagus","WADMKC":"Sugio","WADMKK":"Lamongan"},"geometry":{"type":"Point","coordinates":[112.3,-7.2]}},{"type":"Feature","properties":{"Line":"R132","Tr":2498,"X":"645300.5","Y":"9208156.5","Rotation":0,"NAMOBJ":"Sekarbagus","WADMKC":"Sugio","WADMKK":"Lamongan"},"geometry":{"type":"Point","coordinates":[112.3,-7.2]}},{"type":"Feature","properties":{"Line":"R132","Tr":2509,"X":"645300.5","Y":"9208019.0","Rotation":0,"NAMOBJ":"Sidomukti","WADMKC":"Kembangbahu","WADMKK":"Lamongan"},"geometry":{"type":"Point","coordinates":[112.3,-7.2]}},{"type":"Feature","properties":{"Line":"R132","Tr":2510,"X":"645300.5","Y":"9208006.5","Rotation":0,"NAMOBJ":"Sidomukti","WADMKC":"Kembangbahu","WADMKK":"Lamongan"},"geometry":{"type":"Point","coordinates":[112.3,-7.2]}},{"type":"Feature","properties":{"Line":"R132","Tr":2511,"X":"645300.5","Y":"9207994.0","Rotation":0,"NAMOBJ":"Sidomukti","WADMKC":"Kembangbahu","WADMKK":"Lamongan"},"geometry":{"type":"Point","coordinates":[112.3,-7.2]}},{"type":"Feature","properties":{"Line":"R132","Tr":2512,"X":"645300.5","Y":"9207981.5","Rotation":0,"NAMOBJ":"Sidomukti","WADMKC":"Kembangbahu","WADMKK":"Lamongan"},"geometry":{"type":"Point","coordinates":[112.3,-7.2]}},{"type":"Feature","properties":{"Line":"R132","Tr":2513,"X":"645300.5","Y":"9207969.0","Rotation":0,"NAMOBJ":"Sidomukti","WADMKC":"Kembangbahu","WADMKK":"Lamongan"},"geometry":{"type":"Point","coordinates":[112.3,-7.2]}},{"type":"Feature","properties":{"Line":"R132","Tr":2514,"X":"645300.5","Y":"9207956.5","Rotation":0,"NAMOBJ":"Sidomukti","WADMKC":"Kembangbahu","WADMKK":"Lamongan"},"geometry":{"type":"Point","coordinates":[112.3,-7.2]}},{"type":"Feature","properties":{"Line":"R132","Tr":2515,"X":"645300.5","Y":"9207944.0","Rotation":0,"NAMOBJ":"Sidomukti","WADMKC":"Kembangbahu","WADMKK":"Lamongan"},"geometry":{"type":"Point","coordinates":[112.3,-7.2]}},{"type":"Feature","properties":{"Line":"R132","Tr":2516,"X":"645300.5","Y":"9207931.5","Rotation":0,"NAMOBJ":"Sidomukti","WADMKC":"Kembangbahu","WADMKK":"Lamongan"},"geometry":{"type":"Point","coordinates":[112.3,-7.2]}},{"type":"Feature","properties":{"Line":"R132","Tr":2517,"X":"645300.5","Y":"9207919.0","Rotation":0,"NAMOBJ":"Sidomukti","WADMKC":"Kembangbahu","WADMKK":"Lamongan"},"geometry":{"type":"Point","coordinates":[112.3,-7.2]}},{"type":"Feature","properties":{"Line":"R132","Tr":2518,"X":"645300.5","Y":"9207906.5","Rotation":0,"NAMOBJ":"Sidomukti","WADMKC":"Kembangbahu","WADMKK":"Lamongan"},"geometry":{"type":"Point","coordinates":[112.3,-7.2]}},{"type":"Feature","properties":{"Line":"R132","Tr":2519,"X":"645300.5","Y":"9207894.0","Rotation":0,"NAMOBJ":"Sidomukti","WADMKC":"Kembangbahu","WADMKK":"Lamongan"},"geometry":{"type":"Point","coordinates":[112.3,-7.2]}},{"type":"Feature","properties":{"Line":"R132","Tr":2520,"X":"645300.5","Y":"9207881.5","Rotation":0,"NAMOBJ":"Sidomukti","WADMKC":"Kembangbahu","WADMKK":"Lamongan"},"geometry":{"type":"Point","coordinates":[112.3,-7.2]}},{"type":"Feature","properties":{"Line":"R132","Tr":2521,"X":"645300.5","Y":"9207869.0","Rotation":0,"NAMOBJ":"Sidomukti","WADMKC":"Kembangbahu","WADMKK":"Lamongan"},"geometry":{"type":"Point","coordinates":[112.3,-7.2]}},{"type":"Feature","properties":{"Line":"R132","Tr":2522,"X":"645300.5","Y":"9207856.5","Rotation":0,"NAMOBJ":"Sidomukti","WADMKC":"Kembangbahu","WADMKK":"Lamongan"},"geometry":{"type":"Point","coordinates":[112.3,-7.2]}},{"type":"Feature","properties":{"Line":"R132","Tr":2523,"X":"645300.5","Y":"9207844.0","Rotation":0,"NAMOBJ":"Sidomukti","WADMKC":"Kembangbahu","WADMKK":"Lamongan"},"geometry":{"type":"Point","coordinates":[112.3,-7.2]}},{"type":"Feature","properties":{"Line":"R132","Tr":2524,"X":"645300.5","Y":"9207831.5","Rotation":0,"NAMOBJ":"Sidomukti","WADMKC":"Kembangbahu","WADMKK":"Lamongan"},"geometry":{"type":"Point","coordinates":[112.3,-7.2]}},{"type":"Feature","properties":{"Line":"R132","Tr":2525,"X":"645300.5","Y":"9207819.0","Rotation":0,"NAMOBJ":"Sidomukti","WADMKC":"Kembangbahu","WADMKK":"Lamongan"},"geometry":{"type":"Point","coordinates":[112.3,-7.2]}},{"type":"Feature","properties":{"Line":"R132","Tr":2526,"X":"645300.5","Y":"9207806.5","Rotation":0,"NAMOBJ":"Sidomukti","WADMKC":"Kembangbahu","WADMKK":"Lamongan"},"geometry":{"type":"Point","coordinates":[112.3,-7.2]}},{"type":"Feature","properties":{"Line":"R132","Tr":2527,"X":"645300.5","Y":"9207794.0","Rotation":0,"NAMOBJ":"Sidomukti","WADMKC":"Kembangbahu","WADMKK":"Lamongan"},"geometry":{"type":"Point","coordinates":[112.3,-7.2]}},{"type":"Feature","properties":{"Line":"R132","Tr":2528,"X":"645300.5","Y":"9207781.5","Rotation":0,"NAMOBJ":"Sidomukti","WADMKC":"Kembangbahu","WADMKK":"Lamongan"},"geometry":{"type":"Point","coordinates":[112.3,-7.2]}},{"type":"Feature","properties":{"Line":"R132","Tr":2529,"X":"645300.5","Y":"9207769.0","Rotation":0,"NAMOBJ":"Sidomukti","WADMKC":"Kembangbahu","WADMKK":"Lamongan"},"geometry":{"type":"Point","coordinates":[112.3,-7.2]}},{"type":"Feature","properties":{"Line":"R132","Tr":2530,"X":"645300.5","Y":"9207756.5","Rotation":0,"NAMOBJ":"Sidomukti","WADMKC":"Kembangbahu","WADMKK":"Lamongan"},"geometry":{"type":"Point","coordinates":[112.3,-7.2]}},{"type":"Feature","properties":{"Line":"R132","Tr":2531,"X":"645300.5","Y":"9207744.0","Rotation":0,"NAMOBJ":"Sidomukti","WADMKC":"Kembangbahu","WADMKK":"Lamongan"},"geometry":{"type":"Point","coordinates":[112.3,-7.2]}},{"type":"Feature","properties":{"Line":"R132","Tr":2532,"X":"645300.5","Y":"9207731.5","Rotation":0,"NAMOBJ":"Sidomukti","WADMKC":"Kembangbahu","WADMKK":"Lamongan"},"geometry":{"type":"Point","coordinates":[112.3,-7.2]}},{"type":"Feature","properties":{"Line":"R132","Tr":2533,"X":"645300.5","Y":"9207719.0","Rotation":0,"NAMOBJ":"Sidomukti","WADMKC":"Kembangbahu","WADMKK":"Lamongan"},"geometry":{"type":"Point","coordinates":[112.3,-7.2]}},{"type":"Feature","properties":{"Line":"R132","Tr":2534,"X":"645300.5","Y":"9207706.5","Rotation":0,"NAMOBJ":"Sidomukti","WADMKC":"Kembangbahu","WADMKK":"Lamongan"},"geometry":{"type":"Point","coordinates":[112.3,-7.2]}},{"type":"Feature","properties":{"Line":"R132","Tr":2535,"X":"645300.5","Y":"9207694.0","Rotation":0,"NAMOBJ":"Sidomukti","WADMKC":"Kembangbahu","WADMKK":"Lamongan"},"geometry":{"type":"Point","coordinates":[112.3,-7.2]}},{"type":"Feature","properties":{"Line":"R132","Tr":2536,"X":"645300.5","Y":"9207681.5","Rotation":0,"NAMOBJ":"Sidomukti","WADMKC":"Kembangbahu","WADMKK":"Lamongan"},"geometry":{"type":"Point","coordinates":[112.3,-7.2]}},{"type":"Feature","properties":{"Line":"R132","Tr":2537,"X":"645300.5","Y":"9207669.0","Rotation":0,"NAMOBJ":"Sidomukti","WADMKC":"Kembangbahu","WADMKK":"Lamongan"},"geometry":{"type":"Point","coordinates":[112.3,-7.2]}},{"type":"Feature","properties":{"Line":"R132","Tr":2538,"X":"645300.5","Y":"9207656.5","Rotation":0,"NAMOBJ":"Sidomukti","WADMKC":"Kembangbahu","WADMKK":"Lamongan"},"geometry":{"type":"Point","coordinates":[112.3,-7.2]}},{"type":"Feature","properties":{"Line":"R132","Tr":2539,"X":"645300.5","Y":"9207644.0","Rotation":0,"NAMOBJ":"Sidomukti","WADMKC":"Kembangbahu","WADMKK":"Lamongan"},"geometry":{"type":"Point","coordinates":[112.3,-7.2]}},{"type":"Feature","properties":{"Line":"R132","Tr":2540,"X":"645300.5","Y":"9207631.5","Rotation":0,"NAMOBJ":"Sidomukti","WADMKC":"Kembangbahu","WADMKK":"Lamongan"},"geometry":{"type":"Point","coordinates":[112.3,-7.2]}},{"type":"Feature","properties":{"Line":"R132","Tr":2541,"X":"645300.5","Y":"9207619.0","Rotation":0,"NAMOBJ":"Sidomukti","WADMKC":"Kembangbahu","WADMKK":"Lamongan"},"geometry":{"type":"Point","coordinates":[112.3,-7.2]}},{"type":"Feature","properties":{"Line":"R132","Tr":2542,"X":"645300.5","Y":"9207606.5","Rotation":0,"NAMOBJ":"Sidomukti","WADMKC":"Kembangbahu","WADMKK":"Lamongan"},"geometry":{"type":"Point","coordinates":[112.3,-7.2]}},{"type":"Feature","properties":{"Line":"R132","Tr":2543,"X":"645300.5","Y":"9207594.0","Rotation":0,"NAMOBJ":"Sidomukti","WADMKC":"Kembangbahu","WADMKK":"Lamongan"},"geometry":{"type":"Point","coordinates":[112.3,-7.2]}},{"type":"Feature","properties":{"Line":"R132","Tr":2544,"X":"645300.5","Y":"9207581.5","Rotation":0,"NAMOBJ":"Sidomukti","WADMKC":"Kembangbahu","WADMKK":"Lamongan"},"geometry":{"type":"Point","coordinates":[112.3,-7.2]}},{"type":"Feature","properties":{"Line":"R132","Tr":2545,"X":"645300.5","Y":"9207569.0","Rotation":0,"NAMOBJ":"Sidomukti","WADMKC":"Kembangbahu","WADMKK":"Lamongan"},"geometry":{"type":"Point","coordinates":[112.3,-7.2]}},{"type":"Feature","properties":{"Line":"R132","Tr":2546,"X":"645300.5","Y":"9207556.5","Rotation":0,"NAMOBJ":"Sidomukti","WADMKC":"Kembangbahu","WADMKK":"Lamongan"},"geometry":{"type":"Point","coordinates":[112.3,-7.2]}},{"type":"Feature","properties":{"Line":"R132","Tr":2547,"X":"645300.5","Y":"9207544.0","Rotation":0,"NAMOBJ":"Sidomukti","WADMKC":"Kembangbahu","WADMKK":"Lamongan"},"geometry":{"type":"Point","coordinates":[112.3,-7.2]}},{"type":"Feature","properties":{"Line":"R132","Tr":2548,"X":"645300.5","Y":"9207531.5","Rotation":0,"NAMOBJ":"Sidomukti","WADMKC":"Kembangbahu","WADMKK":"Lamongan"},"geometry":{"type":"Point","coordinates":[112.3,-7.2]}},{"type":"Feature","properties":{"Line":"R132","Tr":2549,"X":"645300.5","Y":"9207519.0","Rotation":0,"NAMOBJ":"Sidomukti","WADMKC":"Kembangbahu","WADMKK":"Lamongan"},"geometry":{"type":"Point","coordinates":[112.3,-7.2]}},{"type":"Feature","properties":{"Line":"R132","Tr":2550,"X":"645300.5","Y":"9207506.5","Rotation":0,"NAMOBJ":"Sidomukti","WADMKC":"Kembangbahu","WADMKK":"Lamongan"},"geometry":{"type":"Point","coordinates":[112.3,-7.2]}},{"type":"Feature","properties":{"Line":"R132","Tr":2551,"X":"645300.5","Y":"9207494.0","Rotation":0,"NAMOBJ":"Sidomukti","WADMKC":"Kembangbahu","WADMKK":"Lamongan"},"geometry":{"type":"Point","coordinates":[112.3,-7.2]}},{"type":"Feature","properties":{"Line":"R132","Tr":2552,"X":"645300.5","Y":"9207481.5","Rotation":0,"NAMOBJ":"Sidomukti","WADMKC":"Kembangbahu","WADMKK":"Lamongan"},"geometry":{"type":"Point","coordinates":[112.3,-7.2]}},{"type":"Feature","properties":{"Line":"R132","Tr":2553,"X":"645300.5","Y":"9207469.0","Rotation":0,"NAMOBJ":"Sidomukti","WADMKC":"Kembangbahu","WADMKK":"Lamongan"},"geometry":{"type":"Point","coordinates":[112.3,-7.2]}},{"type":"Feature","properties":{"Line":"R132","Tr":2554,"X":"645300.5","Y":"9207456.5","Rotation":0,"NAMOBJ":"Sidomukti","WADMKC":"Kembangbahu","WADMKK":"Lamongan"},"geometry":{"type":"Point","coordinates":[112.3,-7.2]}},{"type":"Feature","properties":{"Line":"R132","Tr":2555,"X":"645300.5","Y":"9207444.0","Rotation":0,"NAMOBJ":"Sidomukti","WADMKC":"Kembangbahu","WADMKK":"Lamongan"},"geometry":{"type":"Point","coordinates":[112.3,-7.2]}},{"type":"Feature","properties":{"Line":"R132","Tr":2556,"X":"645300.5","Y":"9207431.5","Rotation":0,"NAMOBJ":"Sidomukti","WADMKC":"Kembangbahu","WADMKK":"Lamongan"},"geometry":{"type":"Point","coordinates":[112.3,-7.2]}},{"type":"Feature","properties":{"Line":"R132","Tr":2557,"X":"645300.5","Y":"9207419.0","Rotation":0,"NAMOBJ":"Sidomukti","WADMKC":"Kembangbahu","WADMKK":"Lamongan"},"geometry":{"type":"Point","coordinates":[112.3,-7.2]}},{"type":"Feature","properties":{"Line":"R132","Tr":2558,"X":"645300.5","Y":"9207406.5","Rotation":0,"NAMOBJ":"Sidomukti","WADMKC":"Kembangbahu","WADMKK":"Lamongan"},"geometry":{"type":"Point","coordinates":[112.3,-7.2]}},{"type":"Feature","properties":{"Line":"R132","Tr":2559,"X":"645300.5","Y":"9207394.0","Rotation":0,"NAMOBJ":"Sidomukti","WADMKC":"Kembangbahu","WADMKK":"Lamongan"},"geometry":{"type":"Point","coordinates":[112.3,-7.2]}},{"type":"Feature","properties":{"Line":"R132","Tr":2560,"X":"645300.5","Y":"9207381.5","Rotation":0,"NAMOBJ":"Sidomukti","WADMKC":"Kembangbahu","WADMKK":"Lamongan"},"geometry":{"type":"Point","coordinates":[112.3,-7.2]}},{"type":"Feature","properties":{"Line":"R132","Tr":2561,"X":"645300.5","Y":"9207369.0","Rotation":0,"NAMOBJ":"Sidomukti","WADMKC":"Kembangbahu","WADMKK":"Lamongan"},"geometry":{"type":"Point","coordinates":[112.3,-7.2]}},{"type":"Feature","properties":{"Line":"R132","Tr":2562,"X":"645300.5","Y":"9207356.5","Rotation":0,"NAMOBJ":"Sidomukti","WADMKC":"Kembangbahu","WADMKK":"Lamongan"},"geometry":{"type":"Point","coordinates":[112.3,-7.2]}},{"type":"Feature","properties":{"Line":"R132","Tr":2563,"X":"645300.5","Y":"9207344.0","Rotation":0,"NAMOBJ":"Sidomukti","WADMKC":"Kembangbahu","WADMKK":"Lamongan"},"geometry":{"type":"Point","coordinates":[112.3,-7.2]}},{"type":"Feature","properties":{"Line":"R132","Tr":2564,"X":"645300.5","Y":"9207331.5","Rotation":0,"NAMOBJ":"Sidomukti","WADMKC":"Kembangbahu","WADMKK":"Lamongan"},"geometry":{"type":"Point","coordinates":[112.3,-7.2]}},{"type":"Feature","properties":{"Line":"R132","Tr":2565,"X":"645300.5","Y":"9207319.0","Rotation":0,"NAMOBJ":"Sidomukti","WADMKC":"Kembangbahu","WADMKK":"Lamongan"},"geometry":{"type":"Point","coordinates":[112.3,-7.2]}},{"type":"Feature","properties":{"Line":"R132","Tr":2566,"X":"645300.5","Y":"9207306.5","Rotation":0,"NAMOBJ":"Sidomukti","WADMKC":"Kembangbahu","WADMKK":"Lamongan"},"geometry":{"type":"Point","coordinates":[112.3,-7.2]}},{"type":"Feature","properties":{"Line":"R132","Tr":2567,"X":"645300.5","Y":"9207294.0","Rotation":0,"NAMOBJ":"Sidomukti","WADMKC":"Kembangbahu","WADMKK":"Lamongan"},"geometry":{"type":"Point","coordinates":[112.3,-7.2]}},{"type":"Feature","properties":{"Line":"R132","Tr":2568,"X":"645300.5","Y":"9207281.5","Rotation":0,"NAMOBJ":"Sidomukti","WADMKC":"Kembangbahu","WADMKK":"Lamongan"},"geometry":{"type":"Point","coordinates":[112.3,-7.2]}},{"type":"Feature","properties":{"Line":"R132","Tr":2569,"X":"645300.5","Y":"9207269.0","Rotation":0,"NAMOBJ":"Sidomukti","WADMKC":"Kembangbahu","WADMKK":"Lamongan"},"geometry":{"type":"Point","coordinates":[112.3,-7.2]}},{"type":"Feature","properties":{"Line":"R132","Tr":2570,"X":"645300.5","Y":"9207256.5","Rotation":0,"NAMOBJ":"Sidomukti","WADMKC":"Kembangbahu","WADMKK":"Lamongan"},"geometry":{"type":"Point","coordinates":[112.3,-7.2]}},{"type":"Feature","properties":{"Line":"R132","Tr":2571,"X":"645300.5","Y":"9207244.0","Rotation":0,"NAMOBJ":"Sidomukti","WADMKC":"Kembangbahu","WADMKK":"Lamongan"},"geometry":{"type":"Point","coordinates":[112.3,-7.2]}},{"type":"Feature","properties":{"Line":"R132","Tr":2572,"X":"645300.5","Y":"9207231.5","Rotation":0,"NAMOBJ":"Sidomukti","WADMKC":"Kembangbahu","WADMKK":"Lamongan"},"geometry":{"type":"Point","coordinates":[112.3,-7.2]}},{"type":"Feature","properties":{"Line":"R132","Tr":2573,"X":"645300.5","Y":"9207219.0","Rotation":0,"NAMOBJ":"Sidomukti","WADMKC":"Kembangbahu","WADMKK":"Lamongan"},"geometry":{"type":"Point","coordinates":[112.3,-7.2]}},{"type":"Feature","properties":{"Line":"R132","Tr":2574,"X":"645300.5","Y":"9207206.5","Rotation":0,"NAMOBJ":"Sidomukti","WADMKC":"Kembangbahu","WADMKK":"Lamongan"},"geometry":{"type":"Point","coordinates":[112.3,-7.2]}},{"type":"Feature","properties":{"Line":"R132","Tr":2575,"X":"645300.5","Y":"9207194.0","Rotation":0,"NAMOBJ":"Sidomukti","WADMKC":"Kembangbahu","WADMKK":"Lamongan"},"geometry":{"type":"Point","coordinates":[112.3,-7.2]}},{"type":"Feature","properties":{"Line":"R132","Tr":2576,"X":"645300.5","Y":"9207181.5","Rotation":0,"NAMOBJ":"Sidomukti","WADMKC":"Kembangbahu","WADMKK":"Lamongan"},"geometry":{"type":"Point","coordinates":[112.3,-7.2]}},{"type":"Feature","properties":{"Line":"R132","Tr":2577,"X":"645300.5","Y":"9207169.0","Rotation":0,"NAMOBJ":"Sidomukti","WADMKC":"Kembangbahu","WADMKK":"Lamongan"},"geometry":{"type":"Point","coordinates":[112.3,-7.2]}},{"type":"Feature","properties":{"Line":"R132","Tr":2578,"X":"645300.5","Y":"9207156.5","Rotation":0,"NAMOBJ":"Sidomukti","WADMKC":"Kembangbahu","WADMKK":"Lamongan"},"geometry":{"type":"Point","coordinates":[112.3,-7.2]}},{"type":"Feature","properties":{"Line":"R132","Tr":2579,"X":"645300.5","Y":"9207144.0","Rotation":0,"NAMOBJ":"Sidomukti","WADMKC":"Kembangbahu","WADMKK":"Lamongan"},"geometry":{"type":"Point","coordinates":[112.3,-7.2]}},{"type":"Feature","properties":{"Line":"R132","Tr":2580,"X":"645300.5","Y":"9207131.5","Rotation":0,"NAMOBJ":"Sidomukti","WADMKC":"Kembangbahu","WADMKK":"Lamongan"},"geometry":{"type":"Point","coordinates":[112.3,-7.2]}},{"type":"Feature","properties":{"Line":"R132","Tr":2581,"X":"645300.5","Y":"9207119.0","Rotation":0,"NAMOBJ":"Sidomukti","WADMKC":"Kembangbahu","WADMKK":"Lamongan"},"geometry":{"type":"Point","coordinates":[112.3,-7.2]}},{"type":"Feature","properties":{"Line":"R132","Tr":2582,"X":"645300.5","Y":"9207106.5","Rotation":0,"NAMOBJ":"Sidomukti","WADMKC":"Kembangbahu","WADMKK":"Lamongan"},"geometry":{"type":"Point","coordinates":[112.3,-7.2]}},{"type":"Feature","properties":{"Line":"R132","Tr":2583,"X":"645300.5","Y":"9207094.0","Rotation":0,"NAMOBJ":"Sidomukti","WADMKC":"Kembangbahu","WADMKK":"Lamongan"},"geometry":{"type":"Point","coordinates":[112.3,-7.2]}},{"type":"Feature","properties":{"Line":"R132","Tr":2584,"X":"645300.5","Y":"9207081.5","Rotation":0,"NAMOBJ":"Sidomukti","WADMKC":"Kembangbahu","WADMKK":"Lamongan"},"geometry":{"type":"Point","coordinates":[112.3,-7.2]}},{"type":"Feature","properties":{"Line":"R132","Tr":2585,"X":"645300.5","Y":"9207069.0","Rotation":0,"NAMOBJ":"Sidomukti","WADMKC":"Kembangbahu","WADMKK":"Lamongan"},"geometry":{"type":"Point","coordinates":[112.3,-7.2]}},{"type":"Feature","properties":{"Line":"R132","Tr":2586,"X":"645300.5","Y":"9207056.5","Rotation":0,"NAMOBJ":"Sidomukti","WADMKC":"Kembangbahu","WADMKK":"Lamongan"},"geometry":{"type":"Point","coordinates":[112.3,-7.2]}},{"type":"Feature","properties":{"Line":"R132","Tr":2587,"X":"645300.5","Y":"9207044.0","Rotation":0,"NAMOBJ":"Sidomukti","WADMKC":"Kembangbahu","WADMKK":"Lamongan"},"geometry":{"type":"Point","coordinates":[112.3,-7.2]}},{"type":"Feature","properties":{"Line":"R134","Tr":2506,"X":"646300.5","Y":"9208056.5","Rotation":0,"NAMOBJ":"Sidomukti","WADMKC":"Kembangbahu","WADMKK":"Lamongan"},"geometry":{"type":"Point","coordinates":[112.3,-7.2]}},{"type":"Feature","properties":{"Line":"R134","Tr":2507,"X":"646300.5","Y":"9208044.0","Rotation":0,"NAMOBJ":"Sidomukti","WADMKC":"Kembangbahu","WADMKK":"Lamongan"},"geometry":{"type":"Point","coordinates":[112.3,-7.2]}},{"type":"Feature","properties":{"Line":"R134","Tr":2508,"X":"646300.5","Y":"9208031.5","Rotation":0,"NAMOBJ":"Sidomukti","WADMKC":"Kembangbahu","WADMKK":"Lamongan"},"geometry":{"type":"Point","coordinates":[112.3,-7.2]}},{"type":"Feature","properties":{"Line":"R134","Tr":2509,"X":"646300.5","Y":"9208019.0","Rotation":0,"NAMOBJ":"Sidomukti","WADMKC":"Kembangbahu","WADMKK":"Lamongan"},"geometry":{"type":"Point","coordinates":[112.3,-7.2]}},{"type":"Feature","properties":{"Line":"R134","Tr":2510,"X":"646300.5","Y":"9208006.5","Rotation":0,"NAMOBJ":"Sidomukti","WADMKC":"Kembangbahu","WADMKK":"Lamongan"},"geometry":{"type":"Point","coordinates":[112.3,-7.2]}},{"type":"Feature","properties":{"Line":"R134","Tr":2511,"X":"646300.5","Y":"9207994.0","Rotation":0,"NAMOBJ":"Sidomukti","WADMKC":"Kembangbahu","WADMKK":"Lamongan"},"geometry":{"type":"Point","coordinates":[112.3,-7.2]}},{"type":"Feature","properties":{"Line":"R134","Tr":2512,"X":"646300.5","Y":"9207981.5","Rotation":0,"NAMOBJ":"Sidomukti","WADMKC":"Kembangbahu","WADMKK":"Lamongan"},"geometry":{"type":"Point","coordinates":[112.3,-7.2]}},{"type":"Feature","properties":{"Line":"R134","Tr":2513,"X":"646300.5","Y":"9207969.0","Rotation":0,"NAMOBJ":"Sidomukti","WADMKC":"Kembangbahu","WADMKK":"Lamongan"},"geometry":{"type":"Point","coordinates":[112.3,-7.2]}},{"type":"Feature","properties":{"Line":"R134","Tr":2514,"X":"646300.5","Y":"9207956.5","Rotation":0,"NAMOBJ":"Sidomukti","WADMKC":"Kembangbahu","WADMKK":"Lamongan"},"geometry":{"type":"Point","coordinates":[112.3,-7.2]}},{"type":"Feature","properties":{"Line":"R134","Tr":2515,"X":"646300.5","Y":"9207944.0","Rotation":0,"NAMOBJ":"Sidomukti","WADMKC":"Kembangbahu","WADMKK":"Lamongan"},"geometry":{"type":"Point","coordinates":[112.3,-7.2]}},{"type":"Feature","properties":{"Line":"R134","Tr":2516,"X":"646300.5","Y":"9207931.5","Rotation":0,"NAMOBJ":"Sidomukti","WADMKC":"Kembangbahu","WADMKK":"Lamongan"},"geometry":{"type":"Point","coordinates":[112.3,-7.2]}},{"type":"Feature","properties":{"Line":"R134","Tr":2517,"X":"646300.5","Y":"9207919.0","Rotation":0,"NAMOBJ":"Sidomukti","WADMKC":"Kembangbahu","WADMKK":"Lamongan"},"geometry":{"type":"Point","coordinates":[112.3,-7.2]}},{"type":"Feature","properties":{"Line":"R134","Tr":2518,"X":"646300.5","Y":"9207906.5","Rotation":0,"NAMOBJ":"Sidomukti","WADMKC":"Kembangbahu","WADMKK":"Lamongan"},"geometry":{"type":"Point","coordinates":[112.3,-7.2]}},{"type":"Feature","properties":{"Line":"R134","Tr":2519,"X":"646300.5","Y":"9207894.0","Rotation":0,"NAMOBJ":"Sidomukti","WADMKC":"Kembangbahu","WADMKK":"Lamongan"},"geometry":{"type":"Point","coordinates":[112.3,-7.2]}},{"type":"Feature","properties":{"Line":"R134","Tr":2520,"X":"646300.5","Y":"9207881.5","Rotation":0,"NAMOBJ":"Sidomukti","WADMKC":"Kembangbahu","WADMKK":"Lamongan"},"geometry":{"type":"Point","coordinates":[112.3,-7.2]}},{"type":"Feature","properties":{"Line":"R134","Tr":2521,"X":"646300.5","Y":"9207869.0","Rotation":0,"NAMOBJ":"Sidomukti","WADMKC":"Kembangbahu","WADMKK":"Lamongan"},"geometry":{"type":"Point","coordinates":[112.3,-7.2]}},{"type":"Feature","properties":{"Line":"R134","Tr":2522,"X":"646300.5","Y":"9207856.5","Rotation":0,"NAMOBJ":"Sidomukti","WADMKC":"Kembangbahu","WADMKK":"Lamongan"},"geometry":{"type":"Point","coordinates":[112.3,-7.2]}},{"type":"Feature","properties":{"Line":"R134","Tr":2523,"X":"646300.5","Y":"9207844.0","Rotation":0,"NAMOBJ":"Sidomukti","WADMKC":"Kembangbahu","WADMKK":"Lamongan"},"geometry":{"type":"Point","coordinates":[112.3,-7.2]}},{"type":"Feature","properties":{"Line":"R134","Tr":2524,"X":"646300.5","Y":"9207831.5","Rotation":0,"NAMOBJ":"Sidomukti","WADMKC":"Kembangbahu","WADMKK":"Lamongan"},"geometry":{"type":"Point","coordinates":[112.3,-7.2]}},{"type":"Feature","properties":{"Line":"R134","Tr":2525,"X":"646300.5","Y":"9207819.0","Rotation":0,"NAMOBJ":"Sidomukti","WADMKC":"Kembangbahu","WADMKK":"Lamongan"},"geometry":{"type":"Point","coordinates":[112.3,-7.2]}},{"type":"Feature","properties":{"Line":"R134","Tr":2526,"X":"646300.5","Y":"9207806.5","Rotation":0,"NAMOBJ":"Sidomukti","WADMKC":"Kembangbahu","WADMKK":"Lamongan"},"geometry":{"type":"Point","coordinates":[112.3,-7.2]}},{"type":"Feature","properties":{"Line":"R134","Tr":2527,"X":"646300.5","Y":"9207794.0","Rotation":0,"NAMOBJ":"Sidomukti","WADMKC":"Kembangbahu","WADMKK":"Lamongan"},"geometry":{"type":"Point","coordinates":[112.3,-7.2]}},{"type":"Feature","properties":{"Line":"R134","Tr":2528,"X":"646300.5","Y":"9207781.5","Rotation":0,"NAMOBJ":"Sidomukti","WADMKC":"Kembangbahu","WADMKK":"Lamongan"},"geometry":{"type":"Point","coordinates":[112.3,-7.2]}},{"type":"Feature","properties":{"Line":"R134","Tr":2529,"X":"646300.5","Y":"9207769.0","Rotation":0,"NAMOBJ":"Sidomukti","WADMKC":"Kembangbahu","WADMKK":"Lamongan"},"geometry":{"type":"Point","coordinates":[112.3,-7.2]}},{"type":"Feature","properties":{"Line":"R134","Tr":2530,"X":"646300.5","Y":"9207756.5","Rotation":0,"NAMOBJ":"Sidomukti","WADMKC":"Kembangbahu","WADMKK":"Lamongan"},"geometry":{"type":"Point","coordinates":[112.3,-7.2]}},{"type":"Feature","properties":{"Line":"R134","Tr":2531,"X":"646300.5","Y":"9207744.0","Rotation":0,"NAMOBJ":"Sidomukti","WADMKC":"Kembangbahu","WADMKK":"Lamongan"},"geometry":{"type":"Point","coordinates":[112.3,-7.2]}},{"type":"Feature","properties":{"Line":"R134","Tr":2532,"X":"646300.5","Y":"9207731.5","Rotation":0,"NAMOBJ":"Sidomukti","WADMKC":"Kembangbahu","WADMKK":"Lamongan"},"geometry":{"type":"Point","coordinates":[112.3,-7.2]}},{"type":"Feature","properties":{"Line":"R134","Tr":2533,"X":"646300.5","Y":"9207719.0","Rotation":0,"NAMOBJ":"Sidomukti","WADMKC":"Kembangbahu","WADMKK":"Lamongan"},"geometry":{"type":"Point","coordinates":[112.3,-7.2]}},{"type":"Feature","properties":{"Line":"R134","Tr":2534,"X":"646300.5","Y":"9207706.5","Rotation":0,"NAMOBJ":"Sidomukti","WADMKC":"Kembangbahu","WADMKK":"Lamongan"},"geometry":{"type":"Point","coordinates":[112.3,-7.2]}},{"type":"Feature","properties":{"Line":"R134","Tr":2535,"X":"646300.5","Y":"9207694.0","Rotation":0,"NAMOBJ":"Sidomukti","WADMKC":"Kembangbahu","WADMKK":"Lamongan"},"geometry":{"type":"Point","coordinates":[112.3,-7.2]}},{"type":"Feature","properties":{"Line":"R134","Tr":2536,"X":"646300.5","Y":"9207681.5","Rotation":0,"NAMOBJ":"Sidomukti","WADMKC":"Kembangbahu","WADMKK":"Lamongan"},"geometry":{"type":"Point","coordinates":[112.3,-7.2]}},{"type":"Feature","properties":{"Line":"R134","Tr":2537,"X":"646300.5","Y":"9207669.0","Rotation":0,"NAMOBJ":"Sidomukti","WADMKC":"Kembangbahu","WADMKK":"Lamongan"},"geometry":{"type":"Point","coordinates":[112.3,-7.2]}},{"type":"Feature","properties":{"Line":"R134","Tr":2538,"X":"646300.5","Y":"9207656.5","Rotation":0,"NAMOBJ":"Sidomukti","WADMKC":"Kembangbahu","WADMKK":"Lamongan"},"geometry":{"type":"Point","coordinates":[112.3,-7.2]}},{"type":"Feature","properties":{"Line":"R134","Tr":2539,"X":"646300.5","Y":"9207644.0","Rotation":0,"NAMOBJ":"Sidomukti","WADMKC":"Kembangbahu","WADMKK":"Lamongan"},"geometry":{"type":"Point","coordinates":[112.3,-7.2]}},{"type":"Feature","properties":{"Line":"R134","Tr":2540,"X":"646300.5","Y":"9207631.5","Rotation":0,"NAMOBJ":"Sidomukti","WADMKC":"Kembangbahu","WADMKK":"Lamongan"},"geometry":{"type":"Point","coordinates":[112.3,-7.2]}},{"type":"Feature","properties":{"Line":"R134","Tr":2541,"X":"646300.5","Y":"9207619.0","Rotation":0,"NAMOBJ":"Sidomukti","WADMKC":"Kembangbahu","WADMKK":"Lamongan"},"geometry":{"type":"Point","coordinates":[112.3,-7.2]}},{"type":"Feature","properties":{"Line":"R134","Tr":2542,"X":"646300.5","Y":"9207606.5","Rotation":0,"NAMOBJ":"Sidomukti","WADMKC":"Kembangbahu","WADMKK":"Lamongan"},"geometry":{"type":"Point","coordinates":[112.3,-7.2]}},{"type":"Feature","properties":{"Line":"R134","Tr":2543,"X":"646300.5","Y":"9207594.0","Rotation":0,"NAMOBJ":"Sidomukti","WADMKC":"Kembangbahu","WADMKK":"Lamongan"},"geometry":{"type":"Point","coordinates":[112.3,-7.2]}},{"type":"Feature","properties":{"Line":"R134","Tr":2544,"X":"646300.5","Y":"9207581.5","Rotation":0,"NAMOBJ":"Sidomukti","WADMKC":"Kembangbahu","WADMKK":"Lamongan"},"geometry":{"type":"Point","coordinates":[112.3,-7.2]}},{"type":"Feature","properties":{"Line":"R134","Tr":2545,"X":"646300.5","Y":"9207569.0","Rotation":0,"NAMOBJ":"Sidomukti","WADMKC":"Kembangbahu","WADMKK":"Lamongan"},"geometry":{"type":"Point","coordinates":[112.3,-7.2]}},{"type":"Feature","properties":{"Line":"R134","Tr":2546,"X":"646300.5","Y":"9207556.5","Rotation":0,"NAMOBJ":"Sidomukti","WADMKC":"Kembangbahu","WADMKK":"Lamongan"},"geometry":{"type":"Point","coordinates":[112.3,-7.2]}},{"type":"Feature","properties":{"Line":"R134","Tr":2547,"X":"646300.5","Y":"9207544.0","Rotation":0,"NAMOBJ":"Sidomukti","WADMKC":"Kembangbahu","WADMKK":"Lamongan"},"geometry":{"type":"Point","coordinates":[112.3,-7.2]}},{"type":"Feature","properties":{"Line":"R134","Tr":2548,"X":"646300.5","Y":"9207531.5","Rotation":0,"NAMOBJ":"Sidomukti","WADMKC":"Kembangbahu","WADMKK":"Lamongan"},"geometry":{"type":"Point","coordinates":[112.3,-7.2]}},{"type":"Feature","properties":{"Line":"R134","Tr":2549,"X":"646300.5","Y":"9207519.0","Rotation":0,"NAMOBJ":"Sidomukti","WADMKC":"Kembangbahu","WADMKK":"Lamongan"},"geometry":{"type":"Point","coordinates":[112.3,-7.2]}},{"type":"Feature","properties":{"Line":"R134","Tr":2550,"X":"646300.5","Y":"9207506.5","Rotation":0,"NAMOBJ":"Sidomukti","WADMKC":"Kembangbahu","WADMKK":"Lamongan"},"geometry":{"type":"Point","coordinates":[112.3,-7.2]}},{"type":"Feature","properties":{"Line":"R134","Tr":2551,"X":"646300.5","Y":"9207494.0","Rotation":0,"NAMOBJ":"Sidomukti","WADMKC":"Kembangbahu","WADMKK":"Lamongan"},"geometry":{"type":"Point","coordinates":[112.3,-7.2]}},{"type":"Feature","properties":{"Line":"R134","Tr":2552,"X":"646300.5","Y":"9207481.5","Rotation":0,"NAMOBJ":"Sidomukti","WADMKC":"Kembangbahu","WADMKK":"Lamongan"},"geometry":{"type":"Point","coordinates":[112.3,-7.2]}},{"type":"Feature","properties":{"Line":"R134","Tr":2553,"X":"646300.5","Y":"9207469.0","Rotation":0,"NAMOBJ":"Sidomukti","WADMKC":"Kembangbahu","WADMKK":"Lamongan"},"geometry":{"type":"Point","coordinates":[112.3,-7.2]}},{"type":"Feature","properties":{"Line":"R134","Tr":2554,"X":"646300.5","Y":"9207456.5","Rotation":0,"NAMOBJ":"Sidomukti","WADMKC":"Kembangbahu","WADMKK":"Lamongan"},"geometry":{"type":"Point","coordinates":[112.3,-7.2]}},{"type":"Feature","properties":{"Line":"R134","Tr":2555,"X":"646300.5","Y":"9207444.0","Rotation":0,"NAMOBJ":"Sidomukti","WADMKC":"Kembangbahu","WADMKK":"Lamongan"},"geometry":{"type":"Point","coordinates":[112.3,-7.2]}},{"type":"Feature","properties":{"Line":"R134","Tr":2556,"X":"646300.5","Y":"9207431.5","Rotation":0,"NAMOBJ":"Sidomukti","WADMKC":"Kembangbahu","WADMKK":"Lamongan"},"geometry":{"type":"Point","coordinates":[112.3,-7.2]}},{"type":"Feature","properties":{"Line":"R134","Tr":2557,"X":"646300.5","Y":"9207419.0","Rotation":0,"NAMOBJ":"Sidomukti","WADMKC":"Kembangbahu","WADMKK":"Lamongan"},"geometry":{"type":"Point","coordinates":[112.3,-7.2]}},{"type":"Feature","properties":{"Line":"R134","Tr":2558,"X":"646300.5","Y":"9207406.5","Rotation":0,"NAMOBJ":"Sidomukti","WADMKC":"Kembangbahu","WADMKK":"Lamongan"},"geometry":{"type":"Point","coordinates":[112.3,-7.2]}},{"type":"Feature","properties":{"Line":"R134","Tr":2559,"X":"646300.5","Y":"9207394.0","Rotation":0,"NAMOBJ":"Sidomukti","WADMKC":"Kembangbahu","WADMKK":"Lamongan"},"geometry":{"type":"Point","coordinates":[112.3,-7.2]}},{"type":"Feature","properties":{"Line":"R134","Tr":2560,"X":"646300.5","Y":"9207381.5","Rotation":0,"NAMOBJ":"Sidomukti","WADMKC":"Kembangbahu","WADMKK":"Lamongan"},"geometry":{"type":"Point","coordinates":[112.3,-7.2]}},{"type":"Feature","properties":{"Line":"R134","Tr":2561,"X":"646300.5","Y":"9207369.0","Rotation":0,"NAMOBJ":"Sidomukti","WADMKC":"Kembangbahu","WADMKK":"Lamongan"},"geometry":{"type":"Point","coordinates":[112.3,-7.2]}},{"type":"Feature","properties":{"Line":"R134","Tr":2562,"X":"646300.5","Y":"9207356.5","Rotation":0,"NAMOBJ":"Sidomukti","WADMKC":"Kembangbahu","WADMKK":"Lamongan"},"geometry":{"type":"Point","coordinates":[112.3,-7.2]}},{"type":"Feature","properties":{"Line":"R134","Tr":2563,"X":"646300.5","Y":"9207344.0","Rotation":0,"NAMOBJ":"Sidomukti","WADMKC":"Kembangbahu","WADMKK":"Lamongan"},"geometry":{"type":"Point","coordinates":[112.3,-7.2]}},{"type":"Feature","properties":{"Line":"R134","Tr":2564,"X":"646300.5","Y":"9207331.5","Rotation":0,"NAMOBJ":"Sidomukti","WADMKC":"Kembangbahu","WADMKK":"Lamongan"},"geometry":{"type":"Point","coordinates":[112.3,-7.2]}},{"type":"Feature","properties":{"Line":"R134","Tr":2565,"X":"646300.5","Y":"9207319.0","Rotation":0,"NAMOBJ":"Sidomukti","WADMKC":"Kembangbahu","WADMKK":"Lamongan"},"geometry":{"type":"Point","coordinates":[112.3,-7.2]}},{"type":"Feature","properties":{"Line":"R134","Tr":2566,"X":"646300.5","Y":"9207306.5","Rotation":0,"NAMOBJ":"Sidomukti","WADMKC":"Kembangbahu","WADMKK":"Lamongan"},"geometry":{"type":"Point","coordinates":[112.3,-7.2]}},{"type":"Feature","properties":{"Line":"R134","Tr":2567,"X":"646300.5","Y":"9207294.0","Rotation":0,"NAMOBJ":"Sidomukti","WADMKC":"Kembangbahu","WADMKK":"Lamongan"},"geometry":{"type":"Point","coordinates":[112.3,-7.2]}},{"type":"Feature","properties":{"Line":"R134","Tr":2568,"X":"646300.5","Y":"9207281.5","Rotation":0,"NAMOBJ":"Sidomukti","WADMKC":"Kembangbahu","WADMKK":"Lamongan"},"geometry":{"type":"Point","coordinates":[112.3,-7.2]}},{"type":"Feature","properties":{"Line":"R134","Tr":2569,"X":"646300.5","Y":"9207269.0","Rotation":0,"NAMOBJ":"Sidomukti","WADMKC":"Kembangbahu","WADMKK":"Lamongan"},"geometry":{"type":"Point","coordinates":[112.3,-7.2]}},{"type":"Feature","properties":{"Line":"R134","Tr":2570,"X":"646300.5","Y":"9207256.5","Rotation":0,"NAMOBJ":"Sidomukti","WADMKC":"Kembangbahu","WADMKK":"Lamongan"},"geometry":{"type":"Point","coordinates":[112.3,-7.2]}},{"type":"Feature","properties":{"Line":"R134","Tr":2571,"X":"646300.5","Y":"9207244.0","Rotation":0,"NAMOBJ":"Sidomukti","WADMKC":"Kembangbahu","WADMKK":"Lamongan"},"geometry":{"type":"Point","coordinates":[112.3,-7.2]}},{"type":"Feature","properties":{"Line":"R134","Tr":2572,"X":"646300.5","Y":"9207231.5","Rotation":0,"NAMOBJ":"Sidomukti","WADMKC":"Kembangbahu","WADMKK":"Lamongan"},"geometry":{"type":"Point","coordinates":[112.3,-7.2]}},{"type":"Feature","properties":{"Line":"R134","Tr":2573,"X":"646300.5","Y":"9207219.0","Rotation":0,"NAMOBJ":"Sidomukti","WADMKC":"Kembangbahu","WADMKK":"Lamongan"},"geometry":{"type":"Point","coordinates":[112.3,-7.2]}},{"type":"Feature","properties":{"Line":"R134","Tr":2574,"X":"646300.5","Y":"9207206.5","Rotation":0,"NAMOBJ":"Sidomukti","WADMKC":"Kembangbahu","WADMKK":"Lamongan"},"geometry":{"type":"Point","coordinates":[112.3,-7.2]}},{"type":"Feature","properties":{"Line":"R134","Tr":2575,"X":"646300.5","Y":"9207194.0","Rotation":0,"NAMOBJ":"Sidomukti","WADMKC":"Kembangbahu","WADMKK":"Lamongan"},"geometry":{"type":"Point","coordinates":[112.3,-7.2]}},{"type":"Feature","properties":{"Line":"R134","Tr":2576,"X":"646300.5","Y":"9207181.5","Rotation":0,"NAMOBJ":"Sidomukti","WADMKC":"Kembangbahu","WADMKK":"Lamongan"},"geometry":{"type":"Point","coordinates":[112.3,-7.2]}},{"type":"Feature","properties":{"Line":"R134","Tr":2577,"X":"646300.5","Y":"9207169.0","Rotation":0,"NAMOBJ":"Sidomukti","WADMKC":"Kembangbahu","WADMKK":"Lamongan"},"geometry":{"type":"Point","coordinates":[112.3,-7.2]}},{"type":"Feature","properties":{"Line":"R134","Tr":2578,"X":"646300.5","Y":"9207156.5","Rotation":0,"NAMOBJ":"Sidomukti","WADMKC":"Kembangbahu","WADMKK":"Lamongan"},"geometry":{"type":"Point","coordinates":[112.3,-7.2]}},{"type":"Feature","properties":{"Line":"R134","Tr":2579,"X":"646300.5","Y":"9207144.0","Rotation":0,"NAMOBJ":"Sidomukti","WADMKC":"Kembangbahu","WADMKK":"Lamongan"},"geometry":{"type":"Point","coordinates":[112.3,-7.2]}},{"type":"Feature","properties":{"Line":"R134","Tr":2580,"X":"646300.5","Y":"9207131.5","Rotation":0,"NAMOBJ":"Sidomukti","WADMKC":"Kembangbahu","WADMKK":"Lamongan"},"geometry":{"type":"Point","coordinates":[112.3,-7.2]}},{"type":"Feature","properties":{"Line":"R134","Tr":2581,"X":"646300.5","Y":"9207119.0","Rotation":0,"NAMOBJ":"Sidomukti","WADMKC":"Kembangbahu","WADMKK":"Lamongan"},"geometry":{"type":"Point","coordinates":[112.3,-7.2]}},{"type":"Feature","properties":{"Line":"R134","Tr":2582,"X":"646300.5","Y":"9207106.5","Rotation":0,"NAMOBJ":"Sidomukti","WADMKC":"Kembangbahu","WADMKK":"Lamongan"},"geometry":{"type":"Point","coordinates":[112.3,-7.2]}},{"type":"Feature","properties":{"Line":"R134","Tr":2583,"X":"646300.5","Y":"9207094.0","Rotation":0,"NAMOBJ":"Sidomukti","WADMKC":"Kembangbahu","WADMKK":"Lamongan"},"geometry":{"type":"Point","coordinates":[112.3,-7.2]}},{"type":"Feature","properties":{"Line":"R134","Tr":2584,"X":"646300.5","Y":"9207081.5","Rotation":0,"NAMOBJ":"Sidomukti","WADMKC":"Kembangbahu","WADMKK":"Lamongan"},"geometry":{"type":"Point","coordinates":[112.3,-7.2]}},{"type":"Feature","properties":{"Line":"R134","Tr":2585,"X":"646300.5","Y":"9207069.0","Rotation":0,"NAMOBJ":"Sidomukti","WADMKC":"Kembangbahu","WADMKK":"Lamongan"},"geometry":{"type":"Point","coordinates":[112.3,-7.2]}},{"type":"Feature","properties":{"Line":"R134","Tr":2586,"X":"646300.5","Y":"9207056.5","Rotation":0,"NAMOBJ":"Sidomukti","WADMKC":"Kembangbahu","WADMKK":"Lamongan"},"geometry":{"type":"Point","coordinates":[112.3,-7.2]}},{"type":"Feature","properties":{"Line":"R134","Tr":2587,"X":"646300.5","Y":"9207044.0","Rotation":0,"NAMOBJ":"Sidomukti","WADMKC":"Kembangbahu","WADMKK":"Lamongan"},"geometry":{"type":"Point","coordinates":[112.3,-7.2]}},{"type":"Feature","properties":{"Line":"R134","Tr":2588,"X":"646300.5","Y":"9207031.5","Rotation":0,"NAMOBJ":"Sidomukti","WADMKC":"Kembangbahu","WADMKK":"Lamongan"},"geometry":{"type":"Point","coordinates":[112.3,-7.2]}},{"type":"Feature","properties":{"Line":"R134","Tr":2589,"X":"646300.5","Y":"9207019.0","Rotation":0,"NAMOBJ":"Sidomukti","WADMKC":"Kembangbahu","WADMKK":"Lamongan"},"geometry":{"type":"Point","coordinates":[112.3,-7.2]}},{"type":"Feature","properties":{"Line":"R136","Tr":2514,"X":"647300.5","Y":"9207956.5","Rotation":0,"NAMOBJ":"Sidomukti","WADMKC":"Kembangbahu","WADMKK":"Lamongan"},"geometry":{"type":"Point","coordinates":[112.3,-7.2]}},{"type":"Feature","properties":{"Line":"R136","Tr":2515,"X":"647300.5","Y":"9207944.0","Rotation":0,"NAMOBJ":"Sidomukti","WADMKC":"Kembangbahu","WADMKK":"Lamongan"},"geometry":{"type":"Point","coordinates":[112.3,-7.2]}},{"type":"Feature","properties":{"Line":"R136","Tr":2516,"X":"647300.5","Y":"9207931.5","Rotation":0,"NAMOBJ":"Sidomukti","WADMKC":"Kembangbahu","WADMKK":"Lamongan"},"geometry":{"type":"Point","coordinates":[112.3,-7.2]}},{"type":"Feature","properties":{"Line":"R136","Tr":2517,"X":"647300.5","Y":"9207919.0","Rotation":0,"NAMOBJ":"Sidomukti","WADMKC":"Kembangbahu","WADMKK":"Lamongan"},"geometry":{"type":"Point","coordinates":[112.3,-7.2]}},{"type":"Feature","properties":{"Line":"R136","Tr":2518,"X":"647300.5","Y":"9207906.5","Rotation":0,"NAMOBJ":"Sidomukti","WADMKC":"Kembangbahu","WADMKK":"Lamongan"},"geometry":{"type":"Point","coordinates":[112.3,-7.2]}},{"type":"Feature","properties":{"Line":"R136","Tr":2519,"X":"647300.5","Y":"9207894.0","Rotation":0,"NAMOBJ":"Sidomukti","WADMKC":"Kembangbahu","WADMKK":"Lamongan"},"geometry":{"type":"Point","coordinates":[112.3,-7.2]}},{"type":"Feature","properties":{"Line":"R136","Tr":2520,"X":"647300.5","Y":"9207881.5","Rotation":0,"NAMOBJ":"Sidomukti","WADMKC":"Kembangbahu","WADMKK":"Lamongan"},"geometry":{"type":"Point","coordinates":[112.3,-7.2]}},{"type":"Feature","properties":{"Line":"R136","Tr":2521,"X":"647300.5","Y":"9207869.0","Rotation":0,"NAMOBJ":"Sidomukti","WADMKC":"Kembangbahu","WADMKK":"Lamongan"},"geometry":{"type":"Point","coordinates":[112.3,-7.2]}},{"type":"Feature","properties":{"Line":"R136","Tr":2522,"X":"647300.5","Y":"9207856.5","Rotation":0,"NAMOBJ":"Sidomukti","WADMKC":"Kembangbahu","WADMKK":"Lamongan"},"geometry":{"type":"Point","coordinates":[112.3,-7.2]}},{"type":"Feature","properties":{"Line":"R136","Tr":2523,"X":"647300.5","Y":"9207844.0","Rotation":0,"NAMOBJ":"Sidomukti","WADMKC":"Kembangbahu","WADMKK":"Lamongan"},"geometry":{"type":"Point","coordinates":[112.3,-7.2]}},{"type":"Feature","properties":{"Line":"R136","Tr":2524,"X":"647300.5","Y":"9207831.5","Rotation":0,"NAMOBJ":"Sidomukti","WADMKC":"Kembangbahu","WADMKK":"Lamongan"},"geometry":{"type":"Point","coordinates":[112.3,-7.2]}},{"type":"Feature","properties":{"Line":"R136","Tr":2525,"X":"647300.5","Y":"9207819.0","Rotation":0,"NAMOBJ":"Sidomukti","WADMKC":"Kembangbahu","WADMKK":"Lamongan"},"geometry":{"type":"Point","coordinates":[112.3,-7.2]}},{"type":"Feature","properties":{"Line":"R136","Tr":2526,"X":"647300.5","Y":"9207806.5","Rotation":0,"NAMOBJ":"Sidomukti","WADMKC":"Kembangbahu","WADMKK":"Lamongan"},"geometry":{"type":"Point","coordinates":[112.3,-7.2]}},{"type":"Feature","properties":{"Line":"R136","Tr":2527,"X":"647300.5","Y":"9207794.0","Rotation":0,"NAMOBJ":"Sidomukti","WADMKC":"Kembangbahu","WADMKK":"Lamongan"},"geometry":{"type":"Point","coordinates":[112.3,-7.2]}},{"type":"Feature","properties":{"Line":"R136","Tr":2528,"X":"647300.5","Y":"9207781.5","Rotation":0,"NAMOBJ":"Sidomukti","WADMKC":"Kembangbahu","WADMKK":"Lamongan"},"geometry":{"type":"Point","coordinates":[112.3,-7.2]}},{"type":"Feature","properties":{"Line":"R136","Tr":2529,"X":"647300.5","Y":"9207769.0","Rotation":0,"NAMOBJ":"Sidomukti","WADMKC":"Kembangbahu","WADMKK":"Lamongan"},"geometry":{"type":"Point","coordinates":[112.3,-7.2]}},{"type":"Feature","properties":{"Line":"R136","Tr":2530,"X":"647300.5","Y":"9207756.5","Rotation":0,"NAMOBJ":"Sidomukti","WADMKC":"Kembangbahu","WADMKK":"Lamongan"},"geometry":{"type":"Point","coordinates":[112.3,-7.2]}},{"type":"Feature","properties":{"Line":"R136","Tr":2531,"X":"647300.5","Y":"9207744.0","Rotation":0,"NAMOBJ":"Sidomukti","WADMKC":"Kembangbahu","WADMKK":"Lamongan"},"geometry":{"type":"Point","coordinates":[112.3,-7.2]}},{"type":"Feature","properties":{"Line":"R136","Tr":2532,"X":"647300.5","Y":"9207731.5","Rotation":0,"NAMOBJ":"Sidomukti","WADMKC":"Kembangbahu","WADMKK":"Lamongan"},"geometry":{"type":"Point","coordinates":[112.3,-7.2]}},{"type":"Feature","properties":{"Line":"R136","Tr":2533,"X":"647300.5","Y":"9207719.0","Rotation":0,"NAMOBJ":"Sidomukti","WADMKC":"Kembangbahu","WADMKK":"Lamongan"},"geometry":{"type":"Point","coordinates":[112.3,-7.2]}},{"type":"Feature","properties":{"Line":"R136","Tr":2534,"X":"647300.5","Y":"9207706.5","Rotation":0,"NAMOBJ":"Sidomukti","WADMKC":"Kembangbahu","WADMKK":"Lamongan"},"geometry":{"type":"Point","coordinates":[112.3,-7.2]}},{"type":"Feature","properties":{"Line":"R136","Tr":2535,"X":"647300.5","Y":"9207694.0","Rotation":0,"NAMOBJ":"Sidomukti","WADMKC":"Kembangbahu","WADMKK":"Lamongan"},"geometry":{"type":"Point","coordinates":[112.3,-7.2]}},{"type":"Feature","properties":{"Line":"R136","Tr":2536,"X":"647300.5","Y":"9207681.5","Rotation":0,"NAMOBJ":"Sidomukti","WADMKC":"Kembangbahu","WADMKK":"Lamongan"},"geometry":{"type":"Point","coordinates":[112.3,-7.2]}},{"type":"Feature","properties":{"Line":"R136","Tr":2537,"X":"647300.5","Y":"9207669.0","Rotation":0,"NAMOBJ":"Sidomukti","WADMKC":"Kembangbahu","WADMKK":"Lamongan"},"geometry":{"type":"Point","coordinates":[112.3,-7.2]}},{"type":"Feature","properties":{"Line":"R136","Tr":2538,"X":"647300.5","Y":"9207656.5","Rotation":0,"NAMOBJ":"Sidomukti","WADMKC":"Kembangbahu","WADMKK":"Lamongan"},"geometry":{"type":"Point","coordinates":[112.3,-7.2]}},{"type":"Feature","properties":{"Line":"R136","Tr":2539,"X":"647300.5","Y":"9207644.0","Rotation":0,"NAMOBJ":"Sidomukti","WADMKC":"Kembangbahu","WADMKK":"Lamongan"},"geometry":{"type":"Point","coordinates":[112.3,-7.2]}},{"type":"Feature","properties":{"Line":"R101","Tr":2433,"X":"642131.8","Y":"9208800.3","Rotation":90,"NAMOBJ":"Sugio","WADMKC":"Sugio","WADMKK":"Lamongan"},"geometry":{"type":"Point","coordinates":[112.3,-7.2]}},{"type":"Feature","properties":{"Line":"R101","Tr":2434,"X":"642144.3","Y":"9208800.4","Rotation":90,"NAMOBJ":"Sugio","WADMKC":"Sugio","WADMKK":"Lamongan"},"geometry":{"type":"Point","coordinates":[112.3,-7.2]}},{"type":"Feature","properties":{"Line":"R101","Tr":2435,"X":"642156.8","Y":"9208800.3","Rotation":90,"NAMOBJ":"Sugio","WADMKC":"Sugio","WADMKK":"Lamongan"},"geometry":{"type":"Point","coordinates":[112.3,-7.2]}},{"type":"Feature","properties":{"Line":"R101","Tr":2436,"X":"642169.3","Y":"9208800.4","Rotation":90,"NAMOBJ":"Sugio","WADMKC":"Sugio","WADMKK":"Lamongan"},"geometry":{"type":"Point","coordinates":[112.3,-7.2]}},{"type":"Feature","properties":{"Line":"R101","Tr":2437,"X":"642181.8","Y":"9208800.3","Rotation":90,"NAMOBJ":"Sugio","WADMKC":"Sugio","WADMKK":"Lamongan"},"geometry":{"type":"Point","coordinates":[112.3,-7.2]}},{"type":"Feature","properties":{"Line":"R101","Tr":2438,"X":"642194.3","Y":"9208800.4","Rotation":90,"NAMOBJ":"Sugio","WADMKC":"Sugio","WADMKK":"Lamongan"},"geometry":{"type":"Point","coordinates":[112.3,-7.2]}},{"type":"Feature","properties":{"Line":"R101","Tr":2439,"X":"642206.8","Y":"9208800.3","Rotation":90,"NAMOBJ":"Sugio","WADMKC":"Sugio","WADMKK":"Lamongan"},"geometry":{"type":"Point","coordinates":[112.3,-7.2]}},{"type":"Feature","properties":{"Line":"R101","Tr":2440,"X":"642219.3","Y":"9208800.4","Rotation":90,"NAMOBJ":"Sugio","WADMKC":"Sugio","WADMKK":"Lamongan"},"geometry":{"type":"Point","coordinates":[112.3,-7.2]}},{"type":"Feature","properties":{"Line":"R101","Tr":2441,"X":"642231.8","Y":"9208800.3","Rotation":90,"NAMOBJ":"Sugio","WADMKC":"Sugio","WADMKK":"Lamongan"},"geometry":{"type":"Point","coordinates":[112.3,-7.2]}},{"type":"Feature","properties":{"Line":"R101","Tr":2442,"X":"642244.3","Y":"9208800.4","Rotation":90,"NAMOBJ":"Sugio","WADMKC":"Sugio","WADMKK":"Lamongan"},"geometry":{"type":"Point","coordinates":[112.3,-7.2]}},{"type":"Feature","properties":{"Line":"R101","Tr":2443,"X":"642256.8","Y":"9208800.3","Rotation":90,"NAMOBJ":"Sugio","WADMKC":"Sugio","WADMKK":"Lamongan"},"geometry":{"type":"Point","coordinates":[112.3,-7.2]}},{"type":"Feature","properties":{"Line":"R101","Tr":2444,"X":"642269.3","Y":"9208800.4","Rotation":90,"NAMOBJ":"Sugio","WADMKC":"Sugio","WADMKK":"Lamongan"},"geometry":{"type":"Point","coordinates":[112.3,-7.2]}},{"type":"Feature","properties":{"Line":"R101","Tr":2445,"X":"642281.8","Y":"9208800.3","Rotation":90,"NAMOBJ":"Sugio","WADMKC":"Sugio","WADMKK":"Lamongan"},"geometry":{"type":"Point","coordinates":[112.3,-7.2]}},{"type":"Feature","properties":{"Line":"R101","Tr":2446,"X":"642294.3","Y":"9208800.4","Rotation":90,"NAMOBJ":"Sugio","WADMKC":"Sugio","WADMKK":"Lamongan"},"geometry":{"type":"Point","coordinates":[112.3,-7.2]}},{"type":"Feature","properties":{"Line":"R101","Tr":2447,"X":"642306.8","Y":"9208800.3","Rotation":90,"NAMOBJ":"Sugio","WADMKC":"Sugio","WADMKK":"Lamongan"},"geometry":{"type":"Point","coordinates":[112.3,-7.2]}},{"type":"Feature","properties":{"Line":"R101","Tr":2448,"X":"642319.3","Y":"9208800.4","Rotation":90,"NAMOBJ":"Sugio","WADMKC":"Sugio","WADMKK":"Lamongan"},"geometry":{"type":"Point","coordinates":[112.3,-7.2]}},{"type":"Feature","properties":{"Line":"R101","Tr":2449,"X":"642331.8","Y":"9208800.3","Rotation":90,"NAMOBJ":"Sugio","WADMKC":"Sugio","WADMKK":"Lamongan"},"geometry":{"type":"Point","coordinates":[112.3,-7.2]}},{"type":"Feature","properties":{"Line":"R101","Tr":2450,"X":"642344.3","Y":"9208800.4","Rotation":90,"NAMOBJ":"Sugio","WADMKC":"Sugio","WADMKK":"Lamongan"},"geometry":{"type":"Point","coordinates":[112.3,-7.2]}},{"type":"Feature","properties":{"Line":"R101","Tr":2451,"X":"642356.8","Y":"9208800.3","Rotation":90,"NAMOBJ":"Sugio","WADMKC":"Sugio","WADMKK":"Lamongan"},"geometry":{"type":"Point","coordinates":[112.3,-7.2]}},{"type":"Feature","properties":{"Line":"R101","Tr":2452,"X":"642369.3","Y":"9208800.4","Rotation":90,"NAMOBJ":"Sugio","WADMKC":"Sugio","WADMKK":"Lamongan"},"geometry":{"type":"Point","coordinates":[112.3,-7.2]}},{"type":"Feature","properties":{"Line":"R101","Tr":2453,"X":"642381.8","Y":"9208800.3","Rotation":90,"NAMOBJ":"Sugio","WADMKC":"Sugio","WADMKK":"Lamongan"},"geometry":{"type":"Point","coordinates":[112.3,-7.2]}},{"type":"Feature","properties":{"Line":"R101","Tr":2454,"X":"642394.3","Y":"9208800.4","Rotation":90,"NAMOBJ":"Sugio","WADMKC":"Sugio","WADMKK":"Lamongan"},"geometry":{"type":"Point","coordinates":[112.3,-7.2]}},{"type":"Feature","properties":{"Line":"R101","Tr":2455,"X":"642406.8","Y":"9208800.3","Rotation":90,"NAMOBJ":"Sugio","WADMKC":"Sugio","WADMKK":"Lamongan"},"geometry":{"type":"Point","coordinates":[112.3,-7.2]}},{"type":"Feature","properties":{"Line":"R101","Tr":2456,"X":"642419.3","Y":"9208800.4","Rotation":90,"NAMOBJ":"Sugio","WADMKC":"Sugio","WADMKK":"Lamongan"},"geometry":{"type":"Point","coordinates":[112.3,-7.2]}},{"type":"Feature","properties":{"Line":"R101","Tr":2457,"X":"642431.8","Y":"9208800.3","Rotation":90,"NAMOBJ":"Sugio","WADMKC":"Sugio","WADMKK":"Lamongan"},"geometry":{"type":"Point","coordinates":[112.3,-7.2]}},{"type":"Feature","properties":{"Line":"R101","Tr":2458,"X":"642444.3","Y":"9208800.4","Rotation":90,"NAMOBJ":"Sugio","WADMKC":"Sugio","WADMKK":"Lamongan"},"geometry":{"type":"Point","coordinates":[112.3,-7.2]}},{"type":"Feature","properties":{"Line":"R101","Tr":2459,"X":"642456.8","Y":"9208800.3","Rotation":90,"NAMOBJ":"Sugio","WADMKC":"Sugio","WADMKK":"Lamongan"},"geometry":{"type":"Point","coordinates":[112.3,-7.2]}},{"type":"Feature","properties":{"Line":"R101","Tr":2460,"X":"642469.3","Y":"9208800.4","Rotation":90,"NAMOBJ":"Sugio","WADMKC":"Sugio","WADMKK":"Lamongan"},"geometry":{"type":"Point","coordinates":[112.3,-7.2]}},{"type":"Feature","properties":{"Line":"R101","Tr":2461,"X":"642481.8","Y":"9208800.3","Rotation":90,"NAMOBJ":"Sugio","WADMKC":"Sugio","WADMKK":"Lamongan"},"geometry":{"type":"Point","coordinates":[112.3,-7.2]}},{"type":"Feature","properties":{"Line":"R101","Tr":2462,"X":"642494.3","Y":"9208800.4","Rotation":90,"NAMOBJ":"Sugio","WADMKC":"Sugio","WADMKK":"Lamongan"},"geometry":{"type":"Point","coordinates":[112.3,-7.2]}},{"type":"Feature","properties":{"Line":"R101","Tr":2463,"X":"642506.8","Y":"9208800.3","Rotation":90,"NAMOBJ":"Sugio","WADMKC":"Sugio","WADMKK":"Lamongan"},"geometry":{"type":"Point","coordinates":[112.3,-7.2]}},{"type":"Feature","properties":{"Line":"R101","Tr":2464,"X":"642519.3","Y":"9208800.4","Rotation":90,"NAMOBJ":"Sugio","WADMKC":"Sugio","WADMKK":"Lamongan"},"geometry":{"type":"Point","coordinates":[112.3,-7.2]}},{"type":"Feature","properties":{"Line":"R101","Tr":2465,"X":"642531.8","Y":"9208800.3","Rotation":90,"NAMOBJ":"Sugio","WADMKC":"Sugio","WADMKK":"Lamongan"},"geometry":{"type":"Point","coordinates":[112.3,-7.2]}},{"type":"Feature","properties":{"Line":"R101","Tr":2466,"X":"642544.3","Y":"9208800.4","Rotation":90,"NAMOBJ":"Sugio","WADMKC":"Sugio","WADMKK":"Lamongan"},"geometry":{"type":"Point","coordinates":[112.3,-7.2]}},{"type":"Feature","properties":{"Line":"R101","Tr":2467,"X":"642556.8","Y":"9208800.3","Rotation":90,"NAMOBJ":"Sugio","WADMKC":"Sugio","WADMKK":"Lamongan"},"geometry":{"type":"Point","coordinates":[112.3,-7.2]}},{"type":"Feature","properties":{"Line":"R101","Tr":2468,"X":"642569.3","Y":"9208800.4","Rotation":90,"NAMOBJ":"Sugio","WADMKC":"Sugio","WADMKK":"Lamongan"},"geometry":{"type":"Point","coordinates":[112.3,-7.2]}},{"type":"Feature","properties":{"Line":"R101","Tr":2469,"X":"642581.8","Y":"9208800.3","Rotation":90,"NAMOBJ":"Sugio","WADMKC":"Sugio","WADMKK":"Lamongan"},"geometry":{"type":"Point","coordinates":[112.3,-7.2]}},{"type":"Feature","properties":{"Line":"R101","Tr":2470,"X":"642594.3","Y":"9208800.4","Rotation":90,"NAMOBJ":"Sugio","WADMKC":"Sugio","WADMKK":"Lamongan"},"geometry":{"type":"Point","coordinates":[112.3,-7.2]}},{"type":"Feature","properties":{"Line":"R101","Tr":2471,"X":"642606.8","Y":"9208800.3","Rotation":90,"NAMOBJ":"Sugio","WADMKC":"Sugio","WADMKK":"Lamongan"},"geometry":{"type":"Point","coordinates":[112.3,-7.2]}},{"type":"Feature","properties":{"Line":"R101","Tr":2472,"X":"642619.3","Y":"9208800.4","Rotation":90,"NAMOBJ":"Sugio","WADMKC":"Sugio","WADMKK":"Lamongan"},"geometry":{"type":"Point","coordinates":[112.3,-7.2]}},{"type":"Feature","properties":{"Line":"R101","Tr":2473,"X":"642631.8","Y":"9208800.3","Rotation":90,"NAMOBJ":"Sugio","WADMKC":"Sugio","WADMKK":"Lamongan"},"geometry":{"type":"Point","coordinates":[112.3,-7.2]}},{"type":"Feature","properties":{"Line":"R101","Tr":2474,"X":"642644.3","Y":"9208800.4","Rotation":90,"NAMOBJ":"Sugio","WADMKC":"Sugio","WADMKK":"Lamongan"},"geometry":{"type":"Point","coordinates":[112.3,-7.2]}},{"type":"Feature","properties":{"Line":"R101","Tr":2475,"X":"642656.8","Y":"9208800.3","Rotation":90,"NAMOBJ":"Sugio","WADMKC":"Sugio","WADMKK":"Lamongan"},"geometry":{"type":"Point","coordinates":[112.3,-7.2]}},{"type":"Feature","properties":{"Line":"R101","Tr":2476,"X":"642669.3","Y":"9208800.4","Rotation":90,"NAMOBJ":"Sugio","WADMKC":"Sugio","WADMKK":"Lamongan"},"geometry":{"type":"Point","coordinates":[112.3,-7.2]}},{"type":"Feature","properties":{"Line":"R101","Tr":2477,"X":"642681.8","Y":"9208800.3","Rotation":90,"NAMOBJ":"Sugio","WADMKC":"Sugio","WADMKK":"Lamongan"},"geometry":{"type":"Point","coordinates":[112.3,-7.2]}},{"type":"Feature","properties":{"Line":"R101","Tr":2478,"X":"642694.3","Y":"9208800.4","Rotation":90,"NAMOBJ":"Sugio","WADMKC":"Sugio","WADMKK":"Lamongan"},"geometry":{"type":"Point","coordinates":[112.3,-7.2]}},{"type":"Feature","properties":{"Line":"R101","Tr":2479,"X":"642706.8","Y":"9208800.3","Rotation":90,"NAMOBJ":"Sugio","WADMKC":"Sugio","WADMKK":"Lamongan"},"geometry":{"type":"Point","coordinates":[112.3,-7.2]}},{"type":"Feature","properties":{"Line":"R101","Tr":2480,"X":"642719.3","Y":"9208800.4","Rotation":90,"NAMOBJ":"Sugio","WADMKC":"Sugio","WADMKK":"Lamongan"},"geometry":{"type":"Point","coordinates":[112.3,-7.2]}},{"type":"Feature","properties":{"Line":"R101","Tr":2481,"X":"642731.8","Y":"9208800.3","Rotation":90,"NAMOBJ":"Sugio","WADMKC":"Sugio","WADMKK":"Lamongan"},"geometry":{"type":"Point","coordinates":[112.3,-7.2]}},{"type":"Feature","properties":{"Line":"R101","Tr":2482,"X":"642744.3","Y":"9208800.4","Rotation":90,"NAMOBJ":"Sugio","WADMKC":"Sugio","WADMKK":"Lamongan"},"geometry":{"type":"Point","coordinates":[112.3,-7.2]}},{"type":"Feature","properties":{"Line":"R101","Tr":2483,"X":"642756.8","Y":"9208800.3","Rotation":90,"NAMOBJ":"Sugio","WADMKC":"Sugio","WADMKK":"Lamongan"},"geometry":{"type":"Point","coordinates":[112.3,-7.2]}},{"type":"Feature","properties":{"Line":"R101","Tr":2484,"X":"642769.3","Y":"9208800.4","Rotation":90,"NAMOBJ":"Sugio","WADMKC":"Sugio","WADMKK":"Lamongan"},"geometry":{"type":"Point","coordinates":[112.3,-7.2]}},{"type":"Feature","properties":{"Line":"R101","Tr":2485,"X":"642781.8","Y":"9208800.3","Rotation":90,"NAMOBJ":"Sugio","WADMKC":"Sugio","WADMKK":"Lamongan"},"geometry":{"type":"Point","coordinates":[112.3,-7.2]}},{"type":"Feature","properties":{"Line":"R101","Tr":2486,"X":"642794.3","Y":"9208800.4","Rotation":90,"NAMOBJ":"Sugio","WADMKC":"Sugio","WADMKK":"Lamongan"},"geometry":{"type":"Point","coordinates":[112.3,-7.2]}},{"type":"Feature","properties":{"Line":"R101","Tr":2487,"X":"642806.8","Y":"9208800.3","Rotation":90,"NAMOBJ":"Sugio","WADMKC":"Sugio","WADMKK":"Lamongan"},"geometry":{"type":"Point","coordinates":[112.3,-7.2]}},{"type":"Feature","properties":{"Line":"R101","Tr":2488,"X":"642819.3","Y":"9208800.4","Rotation":90,"NAMOBJ":"Sugio","WADMKC":"Sugio","WADMKK":"Lamongan"},"geometry":{"type":"Point","coordinates":[112.3,-7.2]}},{"type":"Feature","properties":{"Line":"R101","Tr":2489,"X":"642831.8","Y":"9208800.3","Rotation":90,"NAMOBJ":"Sugio","WADMKC":"Sugio","WADMKK":"Lamongan"},"geometry":{"type":"Point","coordinates":[112.3,-7.2]}},{"type":"Feature","properties":{"Line":"R101","Tr":2490,"X":"642844.3","Y":"9208800.4","Rotation":90,"NAMOBJ":"Sugio","WADMKC":"Sugio","WADMKK":"Lamongan"},"geometry":{"type":"Point","coordinates":[112.3,-7.2]}},{"type":"Feature","properties":{"Line":"R101","Tr":2491,"X":"642856.8","Y":"9208800.3","Rotation":90,"NAMOBJ":"Sugio","WADMKC":"Sugio","WADMKK":"Lamongan"},"geometry":{"type":"Point","coordinates":[112.3,-7.2]}},{"type":"Feature","properties":{"Line":"R101","Tr":2492,"X":"642869.3","Y":"9208800.4","Rotation":90,"NAMOBJ":"Sugio","WADMKC":"Sugio","WADMKK":"Lamongan"},"geometry":{"type":"Point","coordinates":[112.3,-7.2]}},{"type":"Feature","properties":{"Line":"R101","Tr":2493,"X":"642881.8","Y":"9208800.3","Rotation":90,"NAMOBJ":"Sugio","WADMKC":"Sugio","WADMKK":"Lamongan"},"geometry":{"type":"Point","coordinates":[112.3,-7.2]}},{"type":"Feature","properties":{"Line":"R101","Tr":2494,"X":"642894.3","Y":"9208800.4","Rotation":90,"NAMOBJ":"Sugio","WADMKC":"Sugio","WADMKK":"Lamongan"},"geometry":{"type":"Point","coordinates":[112.3,-7.2]}},{"type":"Feature","properties":{"Line":"R101","Tr":2495,"X":"642906.8","Y":"9208800.3","Rotation":90,"NAMOBJ":"Sugio","WADMKC":"Sugio","WADMKK":"Lamongan"},"geometry":{"type":"Point","coordinates":[112.3,-7.2]}},{"type":"Feature","properties":{"Line":"R101","Tr":2496,"X":"642919.3","Y":"9208800.4","Rotation":90,"NAMOBJ":"Sugio","WADMKC":"Sugio","WADMKK":"Lamongan"},"geometry":{"type":"Point","coordinates":[112.3,-7.2]}},{"type":"Feature","properties":{"Line":"R101","Tr":2497,"X":"642931.8","Y":"9208800.3","Rotation":90,"NAMOBJ":"Sugio","WADMKC":"Sugio","WADMKK":"Lamongan"},"geometry":{"type":"Point","coordinates":[112.3,-7.2]}},{"type":"Feature","properties":{"Line":"R101","Tr":2498,"X":"642944.3","Y":"9208800.4","Rotation":90,"NAMOBJ":"Sugio","WADMKC":"Sugio","WADMKK":"Lamongan"},"geometry":{"type":"Point","coordinates":[112.3,-7.2]}},{"type":"Feature","properties":{"Line":"R101","Tr":2499,"X":"642956.8","Y":"9208800.3","Rotation":90,"NAMOBJ":"Sugio","WADMKC":"Sugio","WADMKK":"Lamongan"},"geometry":{"type":"Point","coordinates":[112.3,-7.2]}},{"type":"Feature","properties":{"Line":"R101","Tr":2500,"X":"642969.3","Y":"9208800.4","Rotation":90,"NAMOBJ":"Sugio","WADMKC":"Sugio","WADMKK":"Lamongan"},"geometry":{"type":"Point","coordinates":[112.3,-7.2]}},{"type":"Feature","properties":{"Line":"R101","Tr":2501,"X":"642981.8","Y":"9208800.3","Rotation":90,"NAMOBJ":"Sugio","WADMKC":"Sugio","WADMKK":"Lamongan"},"geometry":{"type":"Point","coordinates":[112.3,-7.2]}},{"type":"Feature","properties":{"Line":"R101","Tr":2502,"X":"642994.3","Y":"9208800.4","Rotation":90,"NAMOBJ":"Sugio","WADMKC":"Sugio","WADMKK":"Lamongan"},"geometry":{"type":"Point","coordinates":[112.3,-7.2]}},{"type":"Feature","properties":{"Line":"R101","Tr":2503,"X":"643006.8","Y":"9208800.3","Rotation":90,"NAMOBJ":"Sugio","WADMKC":"Sugio","WADMKK":"Lamongan"},"geometry":{"type":"Point","coordinates":[112.3,-7.2]}},{"type":"Feature","properties":{"Line":"R101","Tr":2504,"X":"643019.3","Y":"9208800.4","Rotation":90,"NAMOBJ":"Sugio","WADMKC":"Sugio","WADMKK":"Lamongan"},"geometry":{"type":"Point","coordinates":[112.3,-7.2]}},{"type":"Feature","properties":{"Line":"R101","Tr":2505,"X":"643031.8","Y":"9208800.3","Rotation":90,"NAMOBJ":"Sugio","WADMKC":"Sugio","WADMKK":"Lamongan"},"geometry":{"type":"Point","coordinates":[112.3,-7.2]}},{"type":"Feature","properties":{"Line":"R101","Tr":2506,"X":"643044.3","Y":"9208800.4","Rotation":90,"NAMOBJ":"Sugio","WADMKC":"Sugio","WADMKK":"Lamongan"},"geometry":{"type":"Point","coordinates":[112.3,-7.2]}},{"type":"Feature","properties":{"Line":"R101","Tr":2507,"X":"643056.8","Y":"9208800.3","Rotation":90,"NAMOBJ":"Sugio","WADMKC":"Sugio","WADMKK":"Lamongan"},"geometry":{"type":"Point","coordinates":[112.3,-7.2]}},{"type":"Feature","properties":{"Line":"R101","Tr":2508,"X":"643069.3","Y":"9208800.4","Rotation":90,"NAMOBJ":"Sugio","WADMKC":"Sugio","WADMKK":"Lamongan"},"geometry":{"type":"Point","coordinates":[112.3,-7.2]}},{"type":"Feature","properties":{"Line":"R101","Tr":2509,"X":"643081.8","Y":"9208800.3","Rotation":90,"NAMOBJ":"Sugio","WADMKC":"Sugio","WADMKK":"Lamongan"},"geometry":{"type":"Point","coordinates":[112.3,-7.2]}},{"type":"Feature","properties":{"Line":"R101","Tr":2510,"X":"643094.3","Y":"9208800.4","Rotation":90,"NAMOBJ":"Sugio","WADMKC":"Sugio","WADMKK":"Lamongan"},"geometry":{"type":"Point","coordinates":[112.3,-7.2]}},{"type":"Feature","properties":{"Line":"R101","Tr":2511,"X":"643106.8","Y":"9208800.3","Rotation":90,"NAMOBJ":"Sugio","WADMKC":"Sugio","WADMKK":"Lamongan"},"geometry":{"type":"Point","coordinates":[112.3,-7.2]}},{"type":"Feature","properties":{"Line":"R101","Tr":2512,"X":"643119.3","Y":"9208800.4","Rotation":90,"NAMOBJ":"Sugio","WADMKC":"Sugio","WADMKK":"Lamongan"},"geometry":{"type":"Point","coordinates":[112.3,-7.2]}},{"type":"Feature","properties":{"Line":"R101","Tr":2513,"X":"643131.8","Y":"9208800.3","Rotation":90,"NAMOBJ":"Sugio","WADMKC":"Sugio","WADMKK":"Lamongan"},"geometry":{"type":"Point","coordinates":[112.3,-7.2]}},{"type":"Feature","properties":{"Line":"R101","Tr":2514,"X":"643144.3","Y":"9208800.4","Rotation":90,"NAMOBJ":"Sugio","WADMKC":"Sugio","WADMKK":"Lamongan"},"geometry":{"type":"Point","coordinates":[112.3,-7.2]}},{"type":"Feature","properties":{"Line":"R101","Tr":2515,"X":"643156.8","Y":"9208800.3","Rotation":90,"NAMOBJ":"Sugio","WADMKC":"Sugio","WADMKK":"Lamongan"},"geometry":{"type":"Point","coordinates":[112.3,-7.2]}},{"type":"Feature","properties":{"Line":"R101","Tr":2516,"X":"643169.3","Y":"9208800.4","Rotation":90,"NAMOBJ":"Sugio","WADMKC":"Sugio","WADMKK":"Lamongan"},"geometry":{"type":"Point","coordinates":[112.3,-7.2]}},{"type":"Feature","properties":{"Line":"R101","Tr":2517,"X":"643181.8","Y":"9208800.3","Rotation":90,"NAMOBJ":"Sugio","WADMKC":"Sugio","WADMKK":"Lamongan"},"geometry":{"type":"Point","coordinates":[112.3,-7.2]}},{"type":"Feature","properties":{"Line":"R101","Tr":2518,"X":"643194.3","Y":"9208800.4","Rotation":90,"NAMOBJ":"Sugio","WADMKC":"Sugio","WADMKK":"Lamongan"},"geometry":{"type":"Point","coordinates":[112.3,-7.2]}},{"type":"Feature","properties":{"Line":"R101","Tr":2519,"X":"643206.8","Y":"9208800.3","Rotation":90,"NAMOBJ":"Sugio","WADMKC":"Sugio","WADMKK":"Lamongan"},"geometry":{"type":"Point","coordinates":[112.3,-7.2]}},{"type":"Feature","properties":{"Line":"R101","Tr":2520,"X":"643219.3","Y":"9208800.4","Rotation":90,"NAMOBJ":"Sugio","WADMKC":"Sugio","WADMKK":"Lamongan"},"geometry":{"type":"Point","coordinates":[112.3,-7.2]}},{"type":"Feature","properties":{"Line":"R101","Tr":2521,"X":"643231.8","Y":"9208800.3","Rotation":90,"NAMOBJ":"Sugio","WADMKC":"Sugio","WADMKK":"Lamongan"},"geometry":{"type":"Point","coordinates":[112.3,-7.2]}},{"type":"Feature","properties":{"Line":"R101","Tr":2522,"X":"643244.3","Y":"9208800.4","Rotation":90,"NAMOBJ":"Sugio","WADMKC":"Sugio","WADMKK":"Lamongan"},"geometry":{"type":"Point","coordinates":[112.3,-7.2]}},{"type":"Feature","properties":{"Line":"R101","Tr":2523,"X":"643256.8","Y":"9208800.3","Rotation":90,"NAMOBJ":"Sugio","WADMKC":"Sugio","WADMKK":"Lamongan"},"geometry":{"type":"Point","coordinates":[112.3,-7.2]}},{"type":"Feature","properties":{"Line":"R101","Tr":2524,"X":"643269.3","Y":"9208800.4","Rotation":90,"NAMOBJ":"Sugio","WADMKC":"Sugio","WADMKK":"Lamongan"},"geometry":{"type":"Point","coordinates":[112.3,-7.2]}},{"type":"Feature","properties":{"Line":"R101","Tr":2525,"X":"643281.8","Y":"9208800.3","Rotation":90,"NAMOBJ":"Sugio","WADMKC":"Sugio","WADMKK":"Lamongan"},"geometry":{"type":"Point","coordinates":[112.3,-7.2]}},{"type":"Feature","properties":{"Line":"R101","Tr":2526,"X":"643294.3","Y":"9208800.4","Rotation":90,"NAMOBJ":"Sugio","WADMKC":"Sugio","WADMKK":"Lamongan"},"geometry":{"type":"Point","coordinates":[112.3,-7.2]}},{"type":"Feature","properties":{"Line":"R101","Tr":2527,"X":"643306.8","Y":"9208800.3","Rotation":90,"NAMOBJ":"Sugio","WADMKC":"Sugio","WADMKK":"Lamongan"},"geometry":{"type":"Point","coordinates":[112.3,-7.2]}},{"type":"Feature","properties":{"Line":"R101","Tr":2528,"X":"643319.3","Y":"9208800.4","Rotation":90,"NAMOBJ":"Sugio","WADMKC":"Sugio","WADMKK":"Lamongan"},"geometry":{"type":"Point","coordinates":[112.3,-7.2]}},{"type":"Feature","properties":{"Line":"R101","Tr":2529,"X":"643331.8","Y":"9208800.3","Rotation":90,"NAMOBJ":"Sugio","WADMKC":"Sugio","WADMKK":"Lamongan"},"geometry":{"type":"Point","coordinates":[112.3,-7.2]}},{"type":"Feature","properties":{"Line":"R101","Tr":2530,"X":"643344.3","Y":"9208800.4","Rotation":90,"NAMOBJ":"Sugio","WADMKC":"Sugio","WADMKK":"Lamongan"},"geometry":{"type":"Point","coordinates":[112.3,-7.2]}},{"type":"Feature","properties":{"Line":"R101","Tr":2531,"X":"643356.8","Y":"9208800.3","Rotation":90,"NAMOBJ":"Sugio","WADMKC":"Sugio","WADMKK":"Lamongan"},"geometry":{"type":"Point","coordinates":[112.3,-7.2]}},{"type":"Feature","properties":{"Line":"R101","Tr":2532,"X":"643369.3","Y":"9208800.4","Rotation":90,"NAMOBJ":"Sugio","WADMKC":"Sugio","WADMKK":"Lamongan"},"geometry":{"type":"Point","coordinates":[112.3,-7.2]}},{"type":"Feature","properties":{"Line":"R101","Tr":2533,"X":"643381.8","Y":"9208800.3","Rotation":90,"NAMOBJ":"Sugio","WADMKC":"Sugio","WADMKK":"Lamongan"},"geometry":{"type":"Point","coordinates":[112.3,-7.2]}},{"type":"Feature","properties":{"Line":"R101","Tr":2534,"X":"643394.3","Y":"9208800.4","Rotation":90,"NAMOBJ":"Sugio","WADMKC":"Sugio","WADMKK":"Lamongan"},"geometry":{"type":"Point","coordinates":[112.3,-7.2]}},{"type":"Feature","properties":{"Line":"R101","Tr":2535,"X":"643406.8","Y":"9208800.3","Rotation":90,"NAMOBJ":"Sugio","WADMKC":"Sugio","WADMKK":"Lamongan"},"geometry":{"type":"Point","coordinates":[112.3,-7.2]}},{"type":"Feature","properties":{"Line":"R101","Tr":2536,"X":"643419.3","Y":"9208800.4","Rotation":90,"NAMOBJ":"Sugio","WADMKC":"Sugio","WADMKK":"Lamongan"},"geometry":{"type":"Point","coordinates":[112.3,-7.2]}},{"type":"Feature","properties":{"Line":"R101","Tr":2537,"X":"643431.8","Y":"9208800.3","Rotation":90,"NAMOBJ":"Sugio","WADMKC":"Sugio","WADMKK":"Lamongan"},"geometry":{"type":"Point","coordinates":[112.3,-7.2]}},{"type":"Feature","properties":{"Line":"R101","Tr":2538,"X":"643444.3","Y":"9208800.4","Rotation":90,"NAMOBJ":"Sugio","WADMKC":"Sugio","WADMKK":"Lamongan"},"geometry":{"type":"Point","coordinates":[112.3,-7.2]}},{"type":"Feature","properties":{"Line":"R101","Tr":2539,"X":"643456.8","Y":"9208800.3","Rotation":90,"NAMOBJ":"Sugio","WADMKC":"Sugio","WADMKK":"Lamongan"},"geometry":{"type":"Point","coordinates":[112.3,-7.2]}},{"type":"Feature","properties":{"Line":"R101","Tr":2540,"X":"643469.3","Y":"9208800.4","Rotation":90,"NAMOBJ":"Sugio","WADMKC":"Sugio","WADMKK":"Lamongan"},"geometry":{"type":"Point","coordinates":[112.3,-7.2]}},{"type":"Feature","properties":{"Line":"R101","Tr":2541,"X":"643481.8","Y":"9208800.3","Rotation":90,"NAMOBJ":"Sugio","WADMKC":"Sugio","WADMKK":"Lamongan"},"geometry":{"type":"Point","coordinates":[112.3,-7.2]}},{"type":"Feature","properties":{"Line":"R101","Tr":2542,"X":"643494.3","Y":"9208800.4","Rotation":90,"NAMOBJ":"Sugio","WADMKC":"Sugio","WADMKK":"Lamongan"},"geometry":{"type":"Point","coordinates":[112.3,-7.2]}},{"type":"Feature","properties":{"Line":"R101","Tr":2543,"X":"643506.8","Y":"9208800.3","Rotation":90,"NAMOBJ":"Sugio","WADMKC":"Sugio","WADMKK":"Lamongan"},"geometry":{"type":"Point","coordinates":[112.3,-7.2]}},{"type":"Feature","properties":{"Line":"R101","Tr":2544,"X":"643519.3","Y":"9208800.4","Rotation":90,"NAMOBJ":"Sugio","WADMKC":"Sugio","WADMKK":"Lamongan"},"geometry":{"type":"Point","coordinates":[112.3,-7.2]}},{"type":"Feature","properties":{"Line":"R101","Tr":2545,"X":"643531.8","Y":"9208800.3","Rotation":90,"NAMOBJ":"Sugio","WADMKC":"Sugio","WADMKK":"Lamongan"},"geometry":{"type":"Point","coordinates":[112.3,-7.2]}},{"type":"Feature","properties":{"Line":"R101","Tr":2546,"X":"643544.3","Y":"9208800.4","Rotation":90,"NAMOBJ":"Sugio","WADMKC":"Sugio","WADMKK":"Lamongan"},"geometry":{"type":"Point","coordinates":[112.3,-7.2]}},{"type":"Feature","properties":{"Line":"R101","Tr":2547,"X":"643556.8","Y":"9208800.3","Rotation":90,"NAMOBJ":"Sugio","WADMKC":"Sugio","WADMKK":"Lamongan"},"geometry":{"type":"Point","coordinates":[112.3,-7.2]}},{"type":"Feature","properties":{"Line":"R101","Tr":2548,"X":"643569.3","Y":"9208800.4","Rotation":90,"NAMOBJ":"Sugio","WADMKC":"Sugio","WADMKK":"Lamongan"},"geometry":{"type":"Point","coordinates":[112.3,-7.2]}},{"type":"Feature","properties":{"Line":"R101","Tr":2549,"X":"643581.8","Y":"9208800.3","Rotation":90,"NAMOBJ":"Sugio","WADMKC":"Sugio","WADMKK":"Lamongan"},"geometry":{"type":"Point","coordinates":[112.3,-7.2]}},{"type":"Feature","properties":{"Line":"R101","Tr":2550,"X":"643594.3","Y":"9208800.4","Rotation":90,"NAMOBJ":"Sugio","WADMKC":"Sugio","WADMKK":"Lamongan"},"geometry":{"type":"Point","coordinates":[112.3,-7.2]}},{"type":"Feature","properties":{"Line":"R101","Tr":2551,"X":"643606.8","Y":"9208800.3","Rotation":90,"NAMOBJ":"Sugio","WADMKC":"Sugio","WADMKK":"Lamongan"},"geometry":{"type":"Point","coordinates":[112.3,-7.2]}},{"type":"Feature","properties":{"Line":"R101","Tr":2552,"X":"643619.3","Y":"9208800.4","Rotation":90,"NAMOBJ":"Sugio","WADMKC":"Sugio","WADMKK":"Lamongan"},"geometry":{"type":"Point","coordinates":[112.3,-7.2]}},{"type":"Feature","properties":{"Line":"R101","Tr":2553,"X":"643631.8","Y":"9208800.3","Rotation":90,"NAMOBJ":"Sugio","WADMKC":"Sugio","WADMKK":"Lamongan"},"geometry":{"type":"Point","coordinates":[112.3,-7.2]}},{"type":"Feature","properties":{"Line":"R101","Tr":2554,"X":"643644.3","Y":"9208800.4","Rotation":90,"NAMOBJ":"Sugio","WADMKC":"Sugio","WADMKK":"Lamongan"},"geometry":{"type":"Point","coordinates":[112.3,-7.2]}},{"type":"Feature","properties":{"Line":"R126","Tr":2453,"X":"642300.5","Y":"9209469.0","Rotation":0,"NAMOBJ":"Sugio","WADMKC":"Sugio","WADMKK":"Lamongan"},"geometry":{"type":"Point","coordinates":[112.3,-7.2]}},{"type":"Feature","properties":{"Line":"R126","Tr":2454,"X":"642300.5","Y":"9209456.6","Rotation":0,"NAMOBJ":"Sugio","WADMKC":"Sugio","WADMKK":"Lamongan"},"geometry":{"type":"Point","coordinates":[112.3,-7.2]}},{"type":"Feature","properties":{"Line":"R126","Tr":2455,"X":"642300.5","Y":"9209444.0","Rotation":0,"NAMOBJ":"Sugio","WADMKC":"Sugio","WADMKK":"Lamongan"},"geometry":{"type":"Point","coordinates":[112.3,-7.2]}},{"type":"Feature","properties":{"Line":"R126","Tr":2456,"X":"642300.5","Y":"9209431.6","Rotation":0,"NAMOBJ":"Sugio","WADMKC":"Sugio","WADMKK":"Lamongan"},"geometry":{"type":"Point","coordinates":[112.3,-7.2]}},{"type":"Feature","properties":{"Line":"R126","Tr":2457,"X":"642300.5","Y":"9209419.0","Rotation":0,"NAMOBJ":"Sugio","WADMKC":"Sugio","WADMKK":"Lamongan"},"geometry":{"type":"Point","coordinates":[112.3,-7.2]}},{"type":"Feature","properties":{"Line":"R126","Tr":2458,"X":"642300.5","Y":"9209406.6","Rotation":0,"NAMOBJ":"Sugio","WADMKC":"Sugio","WADMKK":"Lamongan"},"geometry":{"type":"Point","coordinates":[112.3,-7.2]}},{"type":"Feature","properties":{"Line":"R126","Tr":2459,"X":"642300.5","Y":"9209394.0","Rotation":0,"NAMOBJ":"Sugio","WADMKC":"Sugio","WADMKK":"Lamongan"},"geometry":{"type":"Point","coordinates":[112.3,-7.2]}},{"type":"Feature","properties":{"Line":"R126","Tr":2460,"X":"642300.5","Y":"9209381.6","Rotation":0,"NAMOBJ":"Sugio","WADMKC":"Sugio","WADMKK":"Lamongan"},"geometry":{"type":"Point","coordinates":[112.3,-7.2]}},{"type":"Feature","properties":{"Line":"R126","Tr":2461,"X":"642300.5","Y":"9209369.0","Rotation":0,"NAMOBJ":"Sugio","WADMKC":"Sugio","WADMKK":"Lamongan"},"geometry":{"type":"Point","coordinates":[112.3,-7.2]}},{"type":"Feature","properties":{"Line":"R126","Tr":2462,"X":"642300.5","Y":"9209356.6","Rotation":0,"NAMOBJ":"Sugio","WADMKC":"Sugio","WADMKK":"Lamongan"},"geometry":{"type":"Point","coordinates":[112.3,-7.2]}},{"type":"Feature","properties":{"Line":"R126","Tr":2463,"X":"642300.5","Y":"9209344.0","Rotation":0,"NAMOBJ":"Sugio","WADMKC":"Sugio","WADMKK":"Lamongan"},"geometry":{"type":"Point","coordinates":[112.3,-7.2]}},{"type":"Feature","properties":{"Line":"R126","Tr":2464,"X":"642300.5","Y":"9209331.6","Rotation":0,"NAMOBJ":"Sugio","WADMKC":"Sugio","WADMKK":"Lamongan"},"geometry":{"type":"Point","coordinates":[112.3,-7.2]}},{"type":"Feature","properties":{"Line":"R126","Tr":2465,"X":"642300.5","Y":"9209319.0","Rotation":0,"NAMOBJ":"Sugio","WADMKC":"Sugio","WADMKK":"Lamongan"},"geometry":{"type":"Point","coordinates":[112.3,-7.2]}},{"type":"Feature","properties":{"Line":"R126","Tr":2466,"X":"642300.5","Y":"9209306.6","Rotation":0,"NAMOBJ":"Sugio","WADMKC":"Sugio","WADMKK":"Lamongan"},"geometry":{"type":"Point","coordinates":[112.3,-7.2]}},{"type":"Feature","properties":{"Line":"R126","Tr":2467,"X":"642300.5","Y":"9209294.0","Rotation":0,"NAMOBJ":"Sugio","WADMKC":"Sugio","WADMKK":"Lamongan"},"geometry":{"type":"Point","coordinates":[112.3,-7.2]}},{"type":"Feature","properties":{"Line":"R126","Tr":2468,"X":"642300.5","Y":"9209281.6","Rotation":0,"NAMOBJ":"Sugio","WADMKC":"Sugio","WADMKK":"Lamongan"},"geometry":{"type":"Point","coordinates":[112.3,-7.2]}},{"type":"Feature","properties":{"Line":"R126","Tr":2469,"X":"642300.5","Y":"9209269.0","Rotation":0,"NAMOBJ":"Sugio","WADMKC":"Sugio","WADMKK":"Lamongan"},"geometry":{"type":"Point","coordinates":[112.3,-7.2]}},{"type":"Feature","properties":{"Line":"R126","Tr":2470,"X":"642300.5","Y":"9209256.6","Rotation":0,"NAMOBJ":"Sugio","WADMKC":"Sugio","WADMKK":"Lamongan"},"geometry":{"type":"Point","coordinates":[112.3,-7.2]}},{"type":"Feature","properties":{"Line":"R126","Tr":2471,"X":"642300.5","Y":"9209244.0","Rotation":0,"NAMOBJ":"Sugio","WADMKC":"Sugio","WADMKK":"Lamongan"},"geometry":{"type":"Point","coordinates":[112.3,-7.2]}},{"type":"Feature","properties":{"Line":"R126","Tr":2472,"X":"642300.5","Y":"9209231.6","Rotation":0,"NAMOBJ":"Sugio","WADMKC":"Sugio","WADMKK":"Lamongan"},"geometry":{"type":"Point","coordinates":[112.3,-7.2]}},{"type":"Feature","properties":{"Line":"R126","Tr":2473,"X":"642300.5","Y":"9209219.0","Rotation":0,"NAMOBJ":"Sugio","WADMKC":"Sugio","WADMKK":"Lamongan"},"geometry":{"type":"Point","coordinates":[112.3,-7.2]}},{"type":"Feature","properties":{"Line":"R126","Tr":2474,"X":"642300.5","Y":"9209206.6","Rotation":0,"NAMOBJ":"Sugio","WADMKC":"Sugio","WADMKK":"Lamongan"},"geometry":{"type":"Point","coordinates":[112.3,-7.2]}},{"type":"Feature","properties":{"Line":"R126","Tr":2475,"X":"642300.5","Y":"9209194.0","Rotation":0,"NAMOBJ":"Sugio","WADMKC":"Sugio","WADMKK":"Lamongan"},"geometry":{"type":"Point","coordinates":[112.3,-7.2]}},{"type":"Feature","properties":{"Line":"R126","Tr":2476,"X":"642300.5","Y":"9209181.6","Rotation":0,"NAMOBJ":"Sugio","WADMKC":"Sugio","WADMKK":"Lamongan"},"geometry":{"type":"Point","coordinates":[112.3,-7.2]}},{"type":"Feature","properties":{"Line":"R126","Tr":2477,"X":"642300.5","Y":"9209169.0","Rotation":0,"NAMOBJ":"Sugio","WADMKC":"Sugio","WADMKK":"Lamongan"},"geometry":{"type":"Point","coordinates":[112.3,-7.2]}},{"type":"Feature","properties":{"Line":"R126","Tr":2478,"X":"642300.5","Y":"9209156.6","Rotation":0,"NAMOBJ":"Sugio","WADMKC":"Sugio","WADMKK":"Lamongan"},"geometry":{"type":"Point","coordinates":[112.3,-7.2]}},{"type":"Feature","properties":{"Line":"R126","Tr":2479,"X":"642300.5","Y":"9209144.0","Rotation":0,"NAMOBJ":"Sugio","WADMKC":"Sugio","WADMKK":"Lamongan"},"geometry":{"type":"Point","coordinates":[112.3,-7.2]}},{"type":"Feature","properties":{"Line":"R126","Tr":2480,"X":"642300.5","Y":"9209131.6","Rotation":0,"NAMOBJ":"Sugio","WADMKC":"Sugio","WADMKK":"Lamongan"},"geometry":{"type":"Point","coordinates":[112.3,-7.2]}},{"type":"Feature","properties":{"Line":"R126","Tr":2481,"X":"642300.5","Y":"9209119.0","Rotation":0,"NAMOBJ":"Sugio","WADMKC":"Sugio","WADMKK":"Lamongan"},"geometry":{"type":"Point","coordinates":[112.3,-7.2]}},{"type":"Feature","properties":{"Line":"R126","Tr":2482,"X":"642300.5","Y":"9209106.6","Rotation":0,"NAMOBJ":"Sugio","WADMKC":"Sugio","WADMKK":"Lamongan"},"geometry":{"type":"Point","coordinates":[112.3,-7.2]}},{"type":"Feature","properties":{"Line":"R126","Tr":2483,"X":"642300.5","Y":"9209094.0","Rotation":0,"NAMOBJ":"Sugio","WADMKC":"Sugio","WADMKK":"Lamongan"},"geometry":{"type":"Point","coordinates":[112.3,-7.2]}},{"type":"Feature","properties":{"Line":"R126","Tr":2484,"X":"642300.5","Y":"9209081.6","Rotation":0,"NAMOBJ":"Sugio","WADMKC":"Sugio","WADMKK":"Lamongan"},"geometry":{"type":"Point","coordinates":[112.3,-7.2]}},{"type":"Feature","properties":{"Line":"R126","Tr":2485,"X":"642300.5","Y":"9209069.0","Rotation":0,"NAMOBJ":"Sugio","WADMKC":"Sugio","WADMKK":"Lamongan"},"geometry":{"type":"Point","coordinates":[112.3,-7.2]}},{"type":"Feature","properties":{"Line":"R126","Tr":2486,"X":"642300.5","Y":"9209056.6","Rotation":0,"NAMOBJ":"Sugio","WADMKC":"Sugio","WADMKK":"Lamongan"},"geometry":{"type":"Point","coordinates":[112.3,-7.2]}},{"type":"Feature","properties":{"Line":"R126","Tr":2487,"X":"642300.5","Y":"9209044.0","Rotation":0,"NAMOBJ":"Sugio","WADMKC":"Sugio","WADMKK":"Lamongan"},"geometry":{"type":"Point","coordinates":[112.3,-7.2]}},{"type":"Feature","properties":{"Line":"R126","Tr":2488,"X":"642300.5","Y":"9209031.6","Rotation":0,"NAMOBJ":"Sugio","WADMKC":"Sugio","WADMKK":"Lamongan"},"geometry":{"type":"Point","coordinates":[112.3,-7.2]}},{"type":"Feature","properties":{"Line":"R126","Tr":2489,"X":"642300.5","Y":"9209019.0","Rotation":0,"NAMOBJ":"Sugio","WADMKC":"Sugio","WADMKK":"Lamongan"},"geometry":{"type":"Point","coordinates":[112.3,-7.2]}},{"type":"Feature","properties":{"Line":"R126","Tr":2490,"X":"642300.5","Y":"9209006.6","Rotation":0,"NAMOBJ":"Sugio","WADMKC":"Sugio","WADMKK":"Lamongan"},"geometry":{"type":"Point","coordinates":[112.3,-7.2]}},{"type":"Feature","properties":{"Line":"R126","Tr":2491,"X":"642300.5","Y":"9208994.0","Rotation":0,"NAMOBJ":"Sugio","WADMKC":"Sugio","WADMKK":"Lamongan"},"geometry":{"type":"Point","coordinates":[112.3,-7.2]}},{"type":"Feature","properties":{"Line":"R126","Tr":2492,"X":"642300.5","Y":"9208981.6","Rotation":0,"NAMOBJ":"Sugio","WADMKC":"Sugio","WADMKK":"Lamongan"},"geometry":{"type":"Point","coordinates":[112.3,-7.2]}},{"type":"Feature","properties":{"Line":"R126","Tr":2493,"X":"642300.5","Y":"9208969.0","Rotation":0,"NAMOBJ":"Sugio","WADMKC":"Sugio","WADMKK":"Lamongan"},"geometry":{"type":"Point","coordinates":[112.3,-7.2]}},{"type":"Feature","properties":{"Line":"R126","Tr":2494,"X":"642300.5","Y":"9208956.6","Rotation":0,"NAMOBJ":"Sugio","WADMKC":"Sugio","WADMKK":"Lamongan"},"geometry":{"type":"Point","coordinates":[112.3,-7.2]}},{"type":"Feature","properties":{"Line":"R126","Tr":2495,"X":"642300.5","Y":"9208944.0","Rotation":0,"NAMOBJ":"Sugio","WADMKC":"Sugio","WADMKK":"Lamongan"},"geometry":{"type":"Point","coordinates":[112.3,-7.2]}},{"type":"Feature","properties":{"Line":"R126","Tr":2496,"X":"642300.5","Y":"9208931.6","Rotation":0,"NAMOBJ":"Sugio","WADMKC":"Sugio","WADMKK":"Lamongan"},"geometry":{"type":"Point","coordinates":[112.3,-7.2]}},{"type":"Feature","properties":{"Line":"R126","Tr":2497,"X":"642300.5","Y":"9208919.0","Rotation":0,"NAMOBJ":"Sugio","WADMKC":"Sugio","WADMKK":"Lamongan"},"geometry":{"type":"Point","coordinates":[112.3,-7.2]}},{"type":"Feature","properties":{"Line":"R126","Tr":2498,"X":"642300.5","Y":"9208906.6","Rotation":0,"NAMOBJ":"Sugio","WADMKC":"Sugio","WADMKK":"Lamongan"},"geometry":{"type":"Point","coordinates":[112.3,-7.2]}},{"type":"Feature","properties":{"Line":"R126","Tr":2499,"X":"642300.5","Y":"9208894.0","Rotation":0,"NAMOBJ":"Sugio","WADMKC":"Sugio","WADMKK":"Lamongan"},"geometry":{"type":"Point","coordinates":[112.3,-7.2]}},{"type":"Feature","properties":{"Line":"R126","Tr":2500,"X":"642300.5","Y":"9208881.6","Rotation":0,"NAMOBJ":"Sugio","WADMKC":"Sugio","WADMKK":"Lamongan"},"geometry":{"type":"Point","coordinates":[112.3,-7.2]}},{"type":"Feature","properties":{"Line":"R126","Tr":2501,"X":"642300.5","Y":"9208869.0","Rotation":0,"NAMOBJ":"Sugio","WADMKC":"Sugio","WADMKK":"Lamongan"},"geometry":{"type":"Point","coordinates":[112.3,-7.2]}},{"type":"Feature","properties":{"Line":"R126","Tr":2502,"X":"642300.5","Y":"9208856.6","Rotation":0,"NAMOBJ":"Sugio","WADMKC":"Sugio","WADMKK":"Lamongan"},"geometry":{"type":"Point","coordinates":[112.3,-7.2]}},{"type":"Feature","properties":{"Line":"R126","Tr":2503,"X":"642300.5","Y":"9208844.0","Rotation":0,"NAMOBJ":"Sugio","WADMKC":"Sugio","WADMKK":"Lamongan"},"geometry":{"type":"Point","coordinates":[112.3,-7.2]}},{"type":"Feature","properties":{"Line":"R126","Tr":2504,"X":"642300.5","Y":"9208831.6","Rotation":0,"NAMOBJ":"Sugio","WADMKC":"Sugio","WADMKK":"Lamongan"},"geometry":{"type":"Point","coordinates":[112.3,-7.2]}},{"type":"Feature","properties":{"Line":"R126","Tr":2505,"X":"642300.5","Y":"9208819.0","Rotation":0,"NAMOBJ":"Sugio","WADMKC":"Sugio","WADMKK":"Lamongan"},"geometry":{"type":"Point","coordinates":[112.3,-7.2]}},{"type":"Feature","properties":{"Line":"R126","Tr":2506,"X":"642300.5","Y":"9208806.6","Rotation":0,"NAMOBJ":"Sugio","WADMKC":"Sugio","WADMKK":"Lamongan"},"geometry":{"type":"Point","coordinates":[112.3,-7.2]}},{"type":"Feature","properties":{"Line":"R126","Tr":2507,"X":"642300.5","Y":"9208794.0","Rotation":0,"NAMOBJ":"Sugio","WADMKC":"Sugio","WADMKK":"Lamongan"},"geometry":{"type":"Point","coordinates":[112.3,-7.2]}},{"type":"Feature","properties":{"Line":"R126","Tr":2508,"X":"642300.5","Y":"9208781.5","Rotation":0,"NAMOBJ":"Sugio","WADMKC":"Sugio","WADMKK":"Lamongan"},"geometry":{"type":"Point","coordinates":[112.3,-7.2]}},{"type":"Feature","properties":{"Line":"R126","Tr":2509,"X":"642300.5","Y":"9208769.0","Rotation":0,"NAMOBJ":"Sugio","WADMKC":"Sugio","WADMKK":"Lamongan"},"geometry":{"type":"Point","coordinates":[112.3,-7.2]}},{"type":"Feature","properties":{"Line":"R126","Tr":2510,"X":"642300.5","Y":"9208756.5","Rotation":0,"NAMOBJ":"Sugio","WADMKC":"Sugio","WADMKK":"Lamongan"},"geometry":{"type":"Point","coordinates":[112.3,-7.2]}},{"type":"Feature","properties":{"Line":"R126","Tr":2511,"X":"642300.5","Y":"9208744.0","Rotation":0,"NAMOBJ":"Sugio","WADMKC":"Sugio","WADMKK":"Lamongan"},"geometry":{"type":"Point","coordinates":[112.3,-7.2]}},{"type":"Feature","properties":{"Line":"R126","Tr":2512,"X":"642300.5","Y":"9208731.5","Rotation":0,"NAMOBJ":"Sugio","WADMKC":"Sugio","WADMKK":"Lamongan"},"geometry":{"type":"Point","coordinates":[112.3,-7.2]}},{"type":"Feature","properties":{"Line":"R126","Tr":2513,"X":"642300.5","Y":"9208719.0","Rotation":0,"NAMOBJ":"Sugio","WADMKC":"Sugio","WADMKK":"Lamongan"},"geometry":{"type":"Point","coordinates":[112.3,-7.2]}},{"type":"Feature","properties":{"Line":"R126","Tr":2514,"X":"642300.5","Y":"9208706.5","Rotation":0,"NAMOBJ":"Sugio","WADMKC":"Sugio","WADMKK":"Lamongan"},"geometry":{"type":"Point","coordinates":[112.3,-7.2]}},{"type":"Feature","properties":{"Line":"R126","Tr":2515,"X":"642300.5","Y":"9208694.0","Rotation":0,"NAMOBJ":"Sugio","WADMKC":"Sugio","WADMKK":"Lamongan"},"geometry":{"type":"Point","coordinates":[112.3,-7.2]}},{"type":"Feature","properties":{"Line":"R126","Tr":2516,"X":"642300.5","Y":"9208681.5","Rotation":0,"NAMOBJ":"Sugio","WADMKC":"Sugio","WADMKK":"Lamongan"},"geometry":{"type":"Point","coordinates":[112.3,-7.2]}},{"type":"Feature","properties":{"Line":"R126","Tr":2517,"X":"642300.5","Y":"9208669.0","Rotation":0,"NAMOBJ":"Sugio","WADMKC":"Sugio","WADMKK":"Lamongan"},"geometry":{"type":"Point","coordinates":[112.3,-7.2]}},{"type":"Feature","properties":{"Line":"R126","Tr":2518,"X":"642300.5","Y":"9208656.5","Rotation":0,"NAMOBJ":"Sugio","WADMKC":"Sugio","WADMKK":"Lamongan"},"geometry":{"type":"Point","coordinates":[112.3,-7.2]}},{"type":"Feature","properties":{"Line":"R126","Tr":2519,"X":"642300.5","Y":"9208644.0","Rotation":0,"NAMOBJ":"Sugio","WADMKC":"Sugio","WADMKK":"Lamongan"},"geometry":{"type":"Point","coordinates":[112.3,-7.2]}},{"type":"Feature","properties":{"Line":"R126","Tr":2520,"X":"642300.5","Y":"9208631.5","Rotation":0,"NAMOBJ":"Sugio","WADMKC":"Sugio","WADMKK":"Lamongan"},"geometry":{"type":"Point","coordinates":[112.3,-7.2]}},{"type":"Feature","properties":{"Line":"R126","Tr":2521,"X":"642300.5","Y":"9208619.0","Rotation":0,"NAMOBJ":"Sugio","WADMKC":"Sugio","WADMKK":"Lamongan"},"geometry":{"type":"Point","coordinates":[112.3,-7.2]}},{"type":"Feature","properties":{"Line":"R126","Tr":2522,"X":"642300.5","Y":"9208606.5","Rotation":0,"NAMOBJ":"Sugio","WADMKC":"Sugio","WADMKK":"Lamongan"},"geometry":{"type":"Point","coordinates":[112.3,-7.2]}},{"type":"Feature","properties":{"Line":"R126","Tr":2523,"X":"642300.5","Y":"9208594.0","Rotation":0,"NAMOBJ":"Sugio","WADMKC":"Sugio","WADMKK":"Lamongan"},"geometry":{"type":"Point","coordinates":[112.3,-7.2]}},{"type":"Feature","properties":{"Line":"R126","Tr":2524,"X":"642300.5","Y":"9208581.5","Rotation":0,"NAMOBJ":"Sugio","WADMKC":"Sugio","WADMKK":"Lamongan"},"geometry":{"type":"Point","coordinates":[112.3,-7.2]}},{"type":"Feature","properties":{"Line":"R126","Tr":2525,"X":"642300.5","Y":"9208569.0","Rotation":0,"NAMOBJ":"Sugio","WADMKC":"Sugio","WADMKK":"Lamongan"},"geometry":{"type":"Point","coordinates":[112.3,-7.2]}},{"type":"Feature","properties":{"Line":"R126","Tr":2526,"X":"642300.5","Y":"9208556.5","Rotation":0,"NAMOBJ":"Sugio","WADMKC":"Sugio","WADMKK":"Lamongan"},"geometry":{"type":"Point","coordinates":[112.3,-7.2]}},{"type":"Feature","properties":{"Line":"R126","Tr":2527,"X":"642300.5","Y":"9208544.0","Rotation":0,"NAMOBJ":"Sugio","WADMKC":"Sugio","WADMKK":"Lamongan"},"geometry":{"type":"Point","coordinates":[112.3,-7.2]}},{"type":"Feature","properties":{"Line":"R126","Tr":2528,"X":"642300.5","Y":"9208531.5","Rotation":0,"NAMOBJ":"Sugio","WADMKC":"Sugio","WADMKK":"Lamongan"},"geometry":{"type":"Point","coordinates":[112.3,-7.2]}},{"type":"Feature","properties":{"Line":"R126","Tr":2529,"X":"642300.5","Y":"9208519.0","Rotation":0,"NAMOBJ":"Sugio","WADMKC":"Sugio","WADMKK":"Lamongan"},"geometry":{"type":"Point","coordinates":[112.3,-7.2]}},{"type":"Feature","properties":{"Line":"R126","Tr":2530,"X":"642300.5","Y":"9208506.5","Rotation":0,"NAMOBJ":"Sugio","WADMKC":"Sugio","WADMKK":"Lamongan"},"geometry":{"type":"Point","coordinates":[112.3,-7.2]}},{"type":"Feature","properties":{"Line":"R126","Tr":2531,"X":"642300.5","Y":"9208494.0","Rotation":0,"NAMOBJ":"Sugio","WADMKC":"Sugio","WADMKK":"Lamongan"},"geometry":{"type":"Point","coordinates":[112.3,-7.2]}},{"type":"Feature","properties":{"Line":"R126","Tr":2532,"X":"642300.5","Y":"9208481.5","Rotation":0,"NAMOBJ":"Sugio","WADMKC":"Sugio","WADMKK":"Lamongan"},"geometry":{"type":"Point","coordinates":[112.3,-7.2]}},{"type":"Feature","properties":{"Line":"R126","Tr":2533,"X":"642300.5","Y":"9208469.0","Rotation":0,"NAMOBJ":"Sugio","WADMKC":"Sugio","WADMKK":"Lamongan"},"geometry":{"type":"Point","coordinates":[112.3,-7.2]}},{"type":"Feature","properties":{"Line":"R126","Tr":2534,"X":"642300.5","Y":"9208456.5","Rotation":0,"NAMOBJ":"Sugio","WADMKC":"Sugio","WADMKK":"Lamongan"},"geometry":{"type":"Point","coordinates":[112.3,-7.2]}},{"type":"Feature","properties":{"Line":"R126","Tr":2535,"X":"642300.5","Y":"9208444.0","Rotation":0,"NAMOBJ":"Sugio","WADMKC":"Sugio","WADMKK":"Lamongan"},"geometry":{"type":"Point","coordinates":[112.3,-7.2]}},{"type":"Feature","properties":{"Line":"R126","Tr":2536,"X":"642300.5","Y":"9208431.5","Rotation":0,"NAMOBJ":"Sugio","WADMKC":"Sugio","WADMKK":"Lamongan"},"geometry":{"type":"Point","coordinates":[112.3,-7.2]}},{"type":"Feature","properties":{"Line":"R126","Tr":2537,"X":"642300.5","Y":"9208419.0","Rotation":0,"NAMOBJ":"Sugio","WADMKC":"Sugio","WADMKK":"Lamongan"},"geometry":{"type":"Point","coordinates":[112.3,-7.2]}},{"type":"Feature","properties":{"Line":"R126","Tr":2538,"X":"642300.5","Y":"9208406.5","Rotation":0,"NAMOBJ":"Sugio","WADMKC":"Sugio","WADMKK":"Lamongan"},"geometry":{"type":"Point","coordinates":[112.3,-7.2]}},{"type":"Feature","properties":{"Line":"R126","Tr":2539,"X":"642300.5","Y":"9208394.0","Rotation":0,"NAMOBJ":"Sugio","WADMKC":"Sugio","WADMKK":"Lamongan"},"geometry":{"type":"Point","coordinates":[112.3,-7.2]}},{"type":"Feature","properties":{"Line":"R126","Tr":2540,"X":"642300.5","Y":"9208381.5","Rotation":0,"NAMOBJ":"Sugio","WADMKC":"Sugio","WADMKK":"Lamongan"},"geometry":{"type":"Point","coordinates":[112.3,-7.2]}},{"type":"Feature","properties":{"Line":"R126","Tr":2541,"X":"642300.5","Y":"9208369.0","Rotation":0,"NAMOBJ":"Sugio","WADMKC":"Sugio","WADMKK":"Lamongan"},"geometry":{"type":"Point","coordinates":[112.3,-7.2]}},{"type":"Feature","properties":{"Line":"R126","Tr":2542,"X":"642300.5","Y":"9208356.5","Rotation":0,"NAMOBJ":"Sugio","WADMKC":"Sugio","WADMKK":"Lamongan"},"geometry":{"type":"Point","coordinates":[112.3,-7.2]}},{"type":"Feature","properties":{"Line":"R126","Tr":2543,"X":"642300.5","Y":"9208344.0","Rotation":0,"NAMOBJ":"Sugio","WADMKC":"Sugio","WADMKK":"Lamongan"},"geometry":{"type":"Point","coordinates":[112.3,-7.2]}},{"type":"Feature","properties":{"Line":"R126","Tr":2544,"X":"642300.5","Y":"9208331.5","Rotation":0,"NAMOBJ":"Sugio","WADMKC":"Sugio","WADMKK":"Lamongan"},"geometry":{"type":"Point","coordinates":[112.3,-7.2]}},{"type":"Feature","properties":{"Line":"R126","Tr":2545,"X":"642300.5","Y":"9208319.0","Rotation":0,"NAMOBJ":"Sugio","WADMKC":"Sugio","WADMKK":"Lamongan"},"geometry":{"type":"Point","coordinates":[112.3,-7.2]}},{"type":"Feature","properties":{"Line":"R126","Tr":2546,"X":"642300.5","Y":"9208306.5","Rotation":0,"NAMOBJ":"Sugio","WADMKC":"Sugio","WADMKK":"Lamongan"},"geometry":{"type":"Point","coordinates":[112.3,-7.2]}},{"type":"Feature","properties":{"Line":"R126","Tr":2547,"X":"642300.5","Y":"9208294.0","Rotation":0,"NAMOBJ":"Sugio","WADMKC":"Sugio","WADMKK":"Lamongan"},"geometry":{"type":"Point","coordinates":[112.3,-7.2]}},{"type":"Feature","properties":{"Line":"R126","Tr":2548,"X":"642300.5","Y":"9208281.5","Rotation":0,"NAMOBJ":"Sugio","WADMKC":"Sugio","WADMKK":"Lamongan"},"geometry":{"type":"Point","coordinates":[112.3,-7.2]}},{"type":"Feature","properties":{"Line":"R126","Tr":2549,"X":"642300.5","Y":"9208269.0","Rotation":0,"NAMOBJ":"Sugio","WADMKC":"Sugio","WADMKK":"Lamongan"},"geometry":{"type":"Point","coordinates":[112.3,-7.2]}},{"type":"Feature","properties":{"Line":"R126","Tr":2550,"X":"642300.5","Y":"9208256.5","Rotation":0,"NAMOBJ":"Sugio","WADMKC":"Sugio","WADMKK":"Lamongan"},"geometry":{"type":"Point","coordinates":[112.3,-7.2]}},{"type":"Feature","properties":{"Line":"R126","Tr":2551,"X":"642300.5","Y":"9208244.0","Rotation":0,"NAMOBJ":"Sugio","WADMKC":"Sugio","WADMKK":"Lamongan"},"geometry":{"type":"Point","coordinates":[112.3,-7.2]}},{"type":"Feature","properties":{"Line":"R126","Tr":2552,"X":"642300.5","Y":"9208231.5","Rotation":0,"NAMOBJ":"Sugio","WADMKC":"Sugio","WADMKK":"Lamongan"},"geometry":{"type":"Point","coordinates":[112.3,-7.2]}},{"type":"Feature","properties":{"Line":"R126","Tr":2553,"X":"642300.5","Y":"9208219.0","Rotation":0,"NAMOBJ":"Sugio","WADMKC":"Sugio","WADMKK":"Lamongan"},"geometry":{"type":"Point","coordinates":[112.3,-7.2]}},{"type":"Feature","properties":{"Line":"R126","Tr":2554,"X":"642300.5","Y":"9208206.5","Rotation":0,"NAMOBJ":"Sugio","WADMKC":"Sugio","WADMKK":"Lamongan"},"geometry":{"type":"Point","coordinates":[112.3,-7.2]}},{"type":"Feature","properties":{"Line":"R126","Tr":2555,"X":"642300.5","Y":"9208194.0","Rotation":0,"NAMOBJ":"Sugio","WADMKC":"Sugio","WADMKK":"Lamongan"},"geometry":{"type":"Point","coordinates":[112.3,-7.2]}},{"type":"Feature","properties":{"Line":"R126","Tr":2556,"X":"642300.5","Y":"9208181.5","Rotation":0,"NAMOBJ":"Sugio","WADMKC":"Sugio","WADMKK":"Lamongan"},"geometry":{"type":"Point","coordinates":[112.3,-7.2]}},{"type":"Feature","properties":{"Line":"R126","Tr":2557,"X":"642300.5","Y":"9208169.0","Rotation":0,"NAMOBJ":"Sugio","WADMKC":"Sugio","WADMKK":"Lamongan"},"geometry":{"type":"Point","coordinates":[112.3,-7.2]}},{"type":"Feature","properties":{"Line":"R126","Tr":2558,"X":"642300.5","Y":"9208156.5","Rotation":0,"NAMOBJ":"Sugio","WADMKC":"Sugio","WADMKK":"Lamongan"},"geometry":{"type":"Point","coordinates":[112.3,-7.2]}},{"type":"Feature","properties":{"Line":"R126","Tr":2559,"X":"642300.5","Y":"9208144.0","Rotation":0,"NAMOBJ":"Sugio","WADMKC":"Sugio","WADMKK":"Lamongan"},"geometry":{"type":"Point","coordinates":[112.3,-7.2]}},{"type":"Feature","properties":{"Line":"R126","Tr":2560,"X":"642300.5","Y":"9208131.5","Rotation":0,"NAMOBJ":"Sugio","WADMKC":"Sugio","WADMKK":"Lamongan"},"geometry":{"type":"Point","coordinates":[112.3,-7.2]}},{"type":"Feature","properties":{"Line":"R126","Tr":2561,"X":"642300.5","Y":"9208119.0","Rotation":0,"NAMOBJ":"Sugio","WADMKC":"Sugio","WADMKK":"Lamongan"},"geometry":{"type":"Point","coordinates":[112.3,-7.2]}},{"type":"Feature","properties":{"Line":"R126","Tr":2562,"X":"642300.5","Y":"9208106.5","Rotation":0,"NAMOBJ":"Sugio","WADMKC":"Sugio","WADMKK":"Lamongan"},"geometry":{"type":"Point","coordinates":[112.3,-7.2]}},{"type":"Feature","properties":{"Line":"R126","Tr":2563,"X":"642300.5","Y":"9208094.0","Rotation":0,"NAMOBJ":"Sugio","WADMKC":"Sugio","WADMKK":"Lamongan"},"geometry":{"type":"Point","coordinates":[112.3,-7.2]}},{"type":"Feature","properties":{"Line":"R126","Tr":2564,"X":"642300.5","Y":"9208081.5","Rotation":0,"NAMOBJ":"Sugio","WADMKC":"Sugio","WADMKK":"Lamongan"},"geometry":{"type":"Point","coordinates":[112.3,-7.2]}},{"type":"Feature","properties":{"Line":"R126","Tr":2565,"X":"642300.5","Y":"9208069.0","Rotation":0,"NAMOBJ":"Sugio","WADMKC":"Sugio","WADMKK":"Lamongan"},"geometry":{"type":"Point","coordinates":[112.3,-7.2]}},{"type":"Feature","properties":{"Line":"R126","Tr":2566,"X":"642300.5","Y":"9208056.5","Rotation":0,"NAMOBJ":"Sugio","WADMKC":"Sugio","WADMKK":"Lamongan"},"geometry":{"type":"Point","coordinates":[112.3,-7.2]}},{"type":"Feature","properties":{"Line":"R126","Tr":2567,"X":"642300.5","Y":"9208044.0","Rotation":0,"NAMOBJ":"Sugio","WADMKC":"Sugio","WADMKK":"Lamongan"},"geometry":{"type":"Point","coordinates":[112.3,-7.2]}},{"type":"Feature","properties":{"Line":"R126","Tr":2568,"X":"642300.5","Y":"9208031.5","Rotation":0,"NAMOBJ":"Sugio","WADMKC":"Sugio","WADMKK":"Lamongan"},"geometry":{"type":"Point","coordinates":[112.3,-7.2]}},{"type":"Feature","properties":{"Line":"R126","Tr":2569,"X":"642300.5","Y":"9208019.0","Rotation":0,"NAMOBJ":"Sugio","WADMKC":"Sugio","WADMKK":"Lamongan"},"geometry":{"type":"Point","coordinates":[112.3,-7.2]}},{"type":"Feature","properties":{"Line":"R126","Tr":2570,"X":"642300.5","Y":"9208006.5","Rotation":0,"NAMOBJ":"Sugio","WADMKC":"Sugio","WADMKK":"Lamongan"},"geometry":{"type":"Point","coordinates":[112.3,-7.2]}},{"type":"Feature","properties":{"Line":"R126","Tr":2571,"X":"642300.5","Y":"9207994.0","Rotation":0,"NAMOBJ":"Sugio","WADMKC":"Sugio","WADMKK":"Lamongan"},"geometry":{"type":"Point","coordinates":[112.3,-7.2]}},{"type":"Feature","properties":{"Line":"R126","Tr":2572,"X":"642300.5","Y":"9207981.5","Rotation":0,"NAMOBJ":"Sugio","WADMKC":"Sugio","WADMKK":"Lamongan"},"geometry":{"type":"Point","coordinates":[112.3,-7.2]}},{"type":"Feature","properties":{"Line":"R126","Tr":2573,"X":"642300.5","Y":"9207969.0","Rotation":0,"NAMOBJ":"Sugio","WADMKC":"Sugio","WADMKK":"Lamongan"},"geometry":{"type":"Point","coordinates":[112.3,-7.2]}},{"type":"Feature","properties":{"Line":"R126","Tr":2574,"X":"642300.5","Y":"9207956.5","Rotation":0,"NAMOBJ":"Sugio","WADMKC":"Sugio","WADMKK":"Lamongan"},"geometry":{"type":"Point","coordinates":[112.3,-7.2]}},{"type":"Feature","properties":{"Line":"R126","Tr":2575,"X":"642300.5","Y":"9207944.0","Rotation":0,"NAMOBJ":"Sugio","WADMKC":"Sugio","WADMKK":"Lamongan"},"geometry":{"type":"Point","coordinates":[112.3,-7.2]}},{"type":"Feature","properties":{"Line":"R126","Tr":2576,"X":"642300.5","Y":"9207931.5","Rotation":0,"NAMOBJ":"Sugio","WADMKC":"Sugio","WADMKK":"Lamongan"},"geometry":{"type":"Point","coordinates":[112.3,-7.2]}},{"type":"Feature","properties":{"Line":"R126","Tr":2577,"X":"642300.5","Y":"9207919.0","Rotation":0,"NAMOBJ":"Sugio","WADMKC":"Sugio","WADMKK":"Lamongan"},"geometry":{"type":"Point","coordinates":[112.3,-7.2]}},{"type":"Feature","properties":{"Line":"R126","Tr":2578,"X":"642300.5","Y":"9207906.5","Rotation":0,"NAMOBJ":"Sugio","WADMKC":"Sugio","WADMKK":"Lamongan"},"geometry":{"type":"Point","coordinates":[112.3,-7.2]}},{"type":"Feature","properties":{"Line":"R126","Tr":2579,"X":"642300.5","Y":"9207894.0","Rotation":0,"NAMOBJ":"Sugio","WADMKC":"Sugio","WADMKK":"Lamongan"},"geometry":{"type":"Point","coordinates":[112.3,-7.2]}},{"type":"Feature","properties":{"Line":"R126","Tr":2580,"X":"642300.5","Y":"9207881.5","Rotation":0,"NAMOBJ":"Sugio","WADMKC":"Sugio","WADMKK":"Lamongan"},"geometry":{"type":"Point","coordinates":[112.3,-7.2]}},{"type":"Feature","properties":{"Line":"R126","Tr":2581,"X":"642300.5","Y":"9207869.0","Rotation":0,"NAMOBJ":"Sugio","WADMKC":"Sugio","WADMKK":"Lamongan"},"geometry":{"type":"Point","coordinates":[112.3,-7.2]}},{"type":"Feature","properties":{"Line":"R126","Tr":2582,"X":"642300.5","Y":"9207856.5","Rotation":0,"NAMOBJ":"Sugio","WADMKC":"Sugio","WADMKK":"Lamongan"},"geometry":{"type":"Point","coordinates":[112.3,-7.2]}},{"type":"Feature","properties":{"Line":"R126","Tr":2583,"X":"642300.5","Y":"9207844.0","Rotation":0,"NAMOBJ":"Sugio","WADMKC":"Sugio","WADMKK":"Lamongan"},"geometry":{"type":"Point","coordinates":[112.3,-7.2]}},{"type":"Feature","properties":{"Line":"R126","Tr":2584,"X":"642300.5","Y":"9207831.5","Rotation":0,"NAMOBJ":"Sugio","WADMKC":"Sugio","WADMKK":"Lamongan"},"geometry":{"type":"Point","coordinates":[112.3,-7.2]}},{"type":"Feature","properties":{"Line":"R126","Tr":2585,"X":"642300.5","Y":"9207819.0","Rotation":0,"NAMOBJ":"Sugio","WADMKC":"Sugio","WADMKK":"Lamongan"},"geometry":{"type":"Point","coordinates":[112.3,-7.2]}},{"type":"Feature","properties":{"Line":"R126","Tr":2586,"X":"642300.5","Y":"9207806.5","Rotation":0,"NAMOBJ":"Sugio","WADMKC":"Sugio","WADMKK":"Lamongan"},"geometry":{"type":"Point","coordinates":[112.3,-7.2]}},{"type":"Feature","properties":{"Line":"R126","Tr":2587,"X":"642300.5","Y":"9207794.0","Rotation":0,"NAMOBJ":"Sugio","WADMKC":"Sugio","WADMKK":"Lamongan"},"geometry":{"type":"Point","coordinates":[112.3,-7.2]}},{"type":"Feature","properties":{"Line":"R126","Tr":2588,"X":"642300.5","Y":"9207781.5","Rotation":0,"NAMOBJ":"Sugio","WADMKC":"Sugio","WADMKK":"Lamongan"},"geometry":{"type":"Point","coordinates":[112.3,-7.2]}},{"type":"Feature","properties":{"Line":"R126","Tr":2589,"X":"642300.5","Y":"9207769.0","Rotation":0,"NAMOBJ":"Sugio","WADMKC":"Sugio","WADMKK":"Lamongan"},"geometry":{"type":"Point","coordinates":[112.3,-7.2]}},{"type":"Feature","properties":{"Line":"R126","Tr":2590,"X":"642300.5","Y":"9207756.5","Rotation":0,"NAMOBJ":"Sugio","WADMKC":"Sugio","WADMKK":"Lamongan"},"geometry":{"type":"Point","coordinates":[112.3,-7.2]}},{"type":"Feature","properties":{"Line":"R126","Tr":2591,"X":"642300.5","Y":"9207744.0","Rotation":0,"NAMOBJ":"Sugio","WADMKC":"Sugio","WADMKK":"Lamongan"},"geometry":{"type":"Point","coordinates":[112.3,-7.2]}},{"type":"Feature","properties":{"Line":"R126","Tr":2592,"X":"642300.5","Y":"9207731.5","Rotation":0,"NAMOBJ":"Sugio","WADMKC":"Sugio","WADMKK":"Lamongan"},"geometry":{"type":"Point","coordinates":[112.3,-7.2]}},{"type":"Feature","properties":{"Line":"R126","Tr":2593,"X":"642300.5","Y":"9207719.0","Rotation":0,"NAMOBJ":"Sugio","WADMKC":"Sugio","WADMKK":"Lamongan"},"geometry":{"type":"Point","coordinates":[112.3,-7.2]}},{"type":"Feature","properties":{"Line":"R126","Tr":2594,"X":"642300.5","Y":"9207706.5","Rotation":0,"NAMOBJ":"Sugio","WADMKC":"Sugio","WADMKK":"Lamongan"},"geometry":{"type":"Point","coordinates":[112.3,-7.2]}},{"type":"Feature","properties":{"Line":"R126","Tr":2600,"X":"642300.5","Y":"9207631.5","Rotation":0,"NAMOBJ":"Sugio","WADMKC":"Sugio","WADMKK":"Lamongan"},"geometry":{"type":"Point","coordinates":[112.3,-7.2]}},{"type":"Feature","properties":{"Line":"R126","Tr":2601,"X":"642300.5","Y":"9207619.0","Rotation":0,"NAMOBJ":"Sugio","WADMKC":"Sugio","WADMKK":"Lamongan"},"geometry":{"type":"Point","coordinates":[112.3,-7.2]}},{"type":"Feature","properties":{"Line":"R126","Tr":2602,"X":"642300.5","Y":"9207606.5","Rotation":0,"NAMOBJ":"Sugio","WADMKC":"Sugio","WADMKK":"Lamongan"},"geometry":{"type":"Point","coordinates":[112.3,-7.2]}},{"type":"Feature","properties":{"Line":"R126","Tr":2603,"X":"642300.5","Y":"9207594.0","Rotation":0,"NAMOBJ":"Sugio","WADMKC":"Sugio","WADMKK":"Lamongan"},"geometry":{"type":"Point","coordinates":[112.3,-7.2]}},{"type":"Feature","properties":{"Line":"R126","Tr":2604,"X":"642300.5","Y":"9207581.5","Rotation":0,"NAMOBJ":"Sugio","WADMKC":"Sugio","WADMKK":"Lamongan"},"geometry":{"type":"Point","coordinates":[112.3,-7.2]}},{"type":"Feature","properties":{"Line":"R126","Tr":2605,"X":"642300.5","Y":"9207569.0","Rotation":0,"NAMOBJ":"Sugio","WADMKC":"Sugio","WADMKK":"Lamongan"},"geometry":{"type":"Point","coordinates":[112.3,-7.2]}},{"type":"Feature","properties":{"Line":"R126","Tr":2606,"X":"642300.5","Y":"9207556.5","Rotation":0,"NAMOBJ":"Sugio","WADMKC":"Sugio","WADMKK":"Lamongan"},"geometry":{"type":"Point","coordinates":[112.3,-7.2]}},{"type":"Feature","properties":{"Line":"R126","Tr":2607,"X":"642300.5","Y":"9207544.0","Rotation":0,"NAMOBJ":"Sugio","WADMKC":"Sugio","WADMKK":"Lamongan"},"geometry":{"type":"Point","coordinates":[112.3,-7.2]}},{"type":"Feature","properties":{"Line":"R126","Tr":2608,"X":"642300.5","Y":"9207531.5","Rotation":0,"NAMOBJ":"Sugio","WADMKC":"Sugio","WADMKK":"Lamongan"},"geometry":{"type":"Point","coordinates":[112.3,-7.2]}},{"type":"Feature","properties":{"Line":"R126","Tr":2609,"X":"642300.5","Y":"9207519.0","Rotation":0,"NAMOBJ":"Sugio","WADMKC":"Sugio","WADMKK":"Lamongan"},"geometry":{"type":"Point","coordinates":[112.3,-7.2]}},{"type":"Feature","properties":{"Line":"R126","Tr":2610,"X":"642300.5","Y":"9207506.5","Rotation":0,"NAMOBJ":"Sugio","WADMKC":"Sugio","WADMKK":"Lamongan"},"geometry":{"type":"Point","coordinates":[112.3,-7.2]}},{"type":"Feature","properties":{"Line":"R126","Tr":2611,"X":"642300.5","Y":"9207494.0","Rotation":0,"NAMOBJ":"Sugio","WADMKC":"Sugio","WADMKK":"Lamongan"},"geometry":{"type":"Point","coordinates":[112.3,-7.2]}},{"type":"Feature","properties":{"Line":"R126","Tr":2612,"X":"642300.5","Y":"9207481.5","Rotation":0,"NAMOBJ":"Sugio","WADMKC":"Sugio","WADMKK":"Lamongan"},"geometry":{"type":"Point","coordinates":[112.3,-7.2]}},{"type":"Feature","properties":{"Line":"R126","Tr":2613,"X":"642300.5","Y":"9207469.0","Rotation":0,"NAMOBJ":"Sugio","WADMKC":"Sugio","WADMKK":"Lamongan"},"geometry":{"type":"Point","coordinates":[112.3,-7.2]}},{"type":"Feature","properties":{"Line":"R126","Tr":2648,"X":"642300.5","Y":"9207031.5","Rotation":0,"NAMOBJ":"Sugio","WADMKC":"Sugio","WADMKK":"Lamongan"},"geometry":{"type":"Point","coordinates":[112.3,-7.2]}},{"type":"Feature","properties":{"Line":"R126","Tr":2649,"X":"642300.5","Y":"9207019.0","Rotation":0,"NAMOBJ":"Sugio","WADMKC":"Sugio","WADMKK":"Lamongan"},"geometry":{"type":"Point","coordinates":[112.3,-7.2]}},{"type":"Feature","properties":{"Line":"R126","Tr":2650,"X":"642300.5","Y":"9207006.5","Rotation":0,"NAMOBJ":"Sugio","WADMKC":"Sugio","WADMKK":"Lamongan"},"geometry":{"type":"Point","coordinates":[112.3,-7.2]}},{"type":"Feature","properties":{"Line":"R126","Tr":2651,"X":"642300.5","Y":"9206994.0","Rotation":0,"NAMOBJ":"Sugio","WADMKC":"Sugio","WADMKK":"Lamongan"},"geometry":{"type":"Point","coordinates":[112.3,-7.2]}},{"type":"Feature","properties":{"Line":"R126","Tr":2652,"X":"642300.5","Y":"9206981.5","Rotation":0,"NAMOBJ":"Sugio","WADMKC":"Sugio","WADMKK":"Lamongan"},"geometry":{"type":"Point","coordinates":[112.3,-7.2]}},{"type":"Feature","properties":{"Line":"R126","Tr":2653,"X":"642300.5","Y":"9206969.0","Rotation":0,"NAMOBJ":"Sugio","WADMKC":"Sugio","WADMKK":"Lamongan"},"geometry":{"type":"Point","coordinates":[112.3,-7.2]}},{"type":"Feature","properties":{"Line":"R126","Tr":2654,"X":"642300.5","Y":"9206956.5","Rotation":0,"NAMOBJ":"Sugio","WADMKC":"Sugio","WADMKK":"Lamongan"},"geometry":{"type":"Point","coordinates":[112.3,-7.2]}},{"type":"Feature","properties":{"Line":"R126","Tr":2655,"X":"642300.5","Y":"9206944.0","Rotation":0,"NAMOBJ":"Sugio","WADMKC":"Sugio","WADMKK":"Lamongan"},"geometry":{"type":"Point","coordinates":[112.3,-7.2]}},{"type":"Feature","properties":{"Line":"R126","Tr":2656,"X":"642300.5","Y":"9206931.5","Rotation":0,"NAMOBJ":"Sugio","WADMKC":"Sugio","WADMKK":"Lamongan"},"geometry":{"type":"Point","coordinates":[112.3,-7.2]}},{"type":"Feature","properties":{"Line":"R126","Tr":2657,"X":"642300.5","Y":"9206919.0","Rotation":0,"NAMOBJ":"Sugio","WADMKC":"Sugio","WADMKK":"Lamongan"},"geometry":{"type":"Point","coordinates":[112.3,-7.2]}},{"type":"Feature","properties":{"Line":"R126","Tr":2658,"X":"642300.5","Y":"9206906.5","Rotation":0,"NAMOBJ":"Sugio","WADMKC":"Sugio","WADMKK":"Lamongan"},"geometry":{"type":"Point","coordinates":[112.3,-7.2]}},{"type":"Feature","properties":{"Line":"R126","Tr":2659,"X":"642300.5","Y":"9206894.0","Rotation":0,"NAMOBJ":"Sugio","WADMKC":"Sugio","WADMKK":"Lamongan"},"geometry":{"type":"Point","coordinates":[112.3,-7.2]}},{"type":"Feature","properties":{"Line":"R126","Tr":2660,"X":"642300.5","Y":"9206881.5","Rotation":0,"NAMOBJ":"Sugio","WADMKC":"Sugio","WADMKK":"Lamongan"},"geometry":{"type":"Point","coordinates":[112.3,-7.2]}},{"type":"Feature","properties":{"Line":"R126","Tr":2661,"X":"642300.5","Y":"9206869.0","Rotation":0,"NAMOBJ":"Sugio","WADMKC":"Sugio","WADMKK":"Lamongan"},"geometry":{"type":"Point","coordinates":[112.3,-7.2]}},{"type":"Feature","properties":{"Line":"R126","Tr":2662,"X":"642300.5","Y":"9206856.5","Rotation":0,"NAMOBJ":"Sugio","WADMKC":"Sugio","WADMKK":"Lamongan"},"geometry":{"type":"Point","coordinates":[112.3,-7.2]}},{"type":"Feature","properties":{"Line":"R126","Tr":2663,"X":"642300.5","Y":"9206844.0","Rotation":0,"NAMOBJ":"Sugio","WADMKC":"Sugio","WADMKK":"Lamongan"},"geometry":{"type":"Point","coordinates":[112.3,-7.2]}},{"type":"Feature","properties":{"Line":"R126","Tr":2664,"X":"642300.5","Y":"9206831.5","Rotation":0,"NAMOBJ":"Sugio","WADMKC":"Sugio","WADMKK":"Lamongan"},"geometry":{"type":"Point","coordinates":[112.3,-7.2]}},{"type":"Feature","properties":{"Line":"R126","Tr":2665,"X":"642300.5","Y":"9206819.0","Rotation":0,"NAMOBJ":"Sugio","WADMKC":"Sugio","WADMKK":"Lamongan"},"geometry":{"type":"Point","coordinates":[112.3,-7.2]}},{"type":"Feature","properties":{"Line":"R126","Tr":2666,"X":"642300.5","Y":"9206806.5","Rotation":0,"NAMOBJ":"Sugio","WADMKC":"Sugio","WADMKK":"Lamongan"},"geometry":{"type":"Point","coordinates":[112.3,-7.2]}},{"type":"Feature","properties":{"Line":"R126","Tr":2667,"X":"642300.5","Y":"9206794.0","Rotation":0,"NAMOBJ":"Sugio","WADMKC":"Sugio","WADMKK":"Lamongan"},"geometry":{"type":"Point","coordinates":[112.3,-7.2]}},{"type":"Feature","properties":{"Line":"R126","Tr":2668,"X":"642300.5","Y":"9206781.5","Rotation":0,"NAMOBJ":"Sugio","WADMKC":"Sugio","WADMKK":"Lamongan"},"geometry":{"type":"Point","coordinates":[112.3,-7.2]}},{"type":"Feature","properties":{"Line":"R126","Tr":2669,"X":"642300.5","Y":"9206769.0","Rotation":0,"NAMOBJ":"Sugio","WADMKC":"Sugio","WADMKK":"Lamongan"},"geometry":{"type":"Point","coordinates":[112.3,-7.2]}},{"type":"Feature","properties":{"Line":"R126","Tr":2670,"X":"642300.5","Y":"9206756.5","Rotation":0,"NAMOBJ":"Sugio","WADMKC":"Sugio","WADMKK":"Lamongan"},"geometry":{"type":"Point","coordinates":[112.3,-7.2]}},{"type":"Feature","properties":{"Line":"R126","Tr":2671,"X":"642300.5","Y":"9206744.0","Rotation":0,"NAMOBJ":"Sugio","WADMKC":"Sugio","WADMKK":"Lamongan"},"geometry":{"type":"Point","coordinates":[112.3,-7.2]}},{"type":"Feature","properties":{"Line":"R126","Tr":2672,"X":"642300.5","Y":"9206731.5","Rotation":0,"NAMOBJ":"Sugio","WADMKC":"Sugio","WADMKK":"Lamongan"},"geometry":{"type":"Point","coordinates":[112.3,-7.2]}},{"type":"Feature","properties":{"Line":"R126","Tr":2673,"X":"642300.5","Y":"9206719.0","Rotation":0,"NAMOBJ":"Sugio","WADMKC":"Sugio","WADMKK":"Lamongan"},"geometry":{"type":"Point","coordinates":[112.3,-7.2]}},{"type":"Feature","properties":{"Line":"R126","Tr":2674,"X":"642300.5","Y":"9206706.5","Rotation":0,"NAMOBJ":"Sugio","WADMKC":"Sugio","WADMKK":"Lamongan"},"geometry":{"type":"Point","coordinates":[112.3,-7.2]}},{"type":"Feature","properties":{"Line":"R126","Tr":2675,"X":"642300.5","Y":"9206694.0","Rotation":0,"NAMOBJ":"Sugio","WADMKC":"Sugio","WADMKK":"Lamongan"},"geometry":{"type":"Point","coordinates":[112.3,-7.2]}},{"type":"Feature","properties":{"Line":"R126","Tr":2676,"X":"642300.5","Y":"9206681.5","Rotation":0,"NAMOBJ":"Sugio","WADMKC":"Sugio","WADMKK":"Lamongan"},"geometry":{"type":"Point","coordinates":[112.3,-7.2]}},{"type":"Feature","properties":{"Line":"R126","Tr":2677,"X":"642300.5","Y":"9206669.0","Rotation":0,"NAMOBJ":"Sugio","WADMKC":"Sugio","WADMKK":"Lamongan"},"geometry":{"type":"Point","coordinates":[112.3,-7.2]}},{"type":"Feature","properties":{"Line":"R126","Tr":2678,"X":"642300.5","Y":"9206656.5","Rotation":0,"NAMOBJ":"Sugio","WADMKC":"Sugio","WADMKK":"Lamongan"},"geometry":{"type":"Point","coordinates":[112.3,-7.2]}},{"type":"Feature","properties":{"Line":"R126","Tr":2679,"X":"642300.5","Y":"9206644.0","Rotation":0,"NAMOBJ":"Sugio","WADMKC":"Sugio","WADMKK":"Lamongan"},"geometry":{"type":"Point","coordinates":[112.3,-7.2]}},{"type":"Feature","properties":{"Line":"R126","Tr":2680,"X":"642300.5","Y":"9206631.5","Rotation":0,"NAMOBJ":"Sugio","WADMKC":"Sugio","WADMKK":"Lamongan"},"geometry":{"type":"Point","coordinates":[112.3,-7.2]}},{"type":"Feature","properties":{"Line":"R126","Tr":2681,"X":"642300.5","Y":"9206619.0","Rotation":0,"NAMOBJ":"Sugio","WADMKC":"Sugio","WADMKK":"Lamongan"},"geometry":{"type":"Point","coordinates":[112.3,-7.2]}},{"type":"Feature","properties":{"Line":"R126","Tr":2682,"X":"642300.5","Y":"9206606.5","Rotation":0,"NAMOBJ":"Sugio","WADMKC":"Sugio","WADMKK":"Lamongan"},"geometry":{"type":"Point","coordinates":[112.3,-7.2]}},{"type":"Feature","properties":{"Line":"R126","Tr":2683,"X":"642300.5","Y":"9206594.0","Rotation":0,"NAMOBJ":"Sugio","WADMKC":"Sugio","WADMKK":"Lamongan"},"geometry":{"type":"Point","coordinates":[112.3,-7.2]}},{"type":"Feature","properties":{"Line":"R126","Tr":2684,"X":"642300.5","Y":"9206581.5","Rotation":0,"NAMOBJ":"Sugio","WADMKC":"Sugio","WADMKK":"Lamongan"},"geometry":{"type":"Point","coordinates":[112.3,-7.2]}},{"type":"Feature","properties":{"Line":"R126","Tr":2685,"X":"642300.5","Y":"9206569.0","Rotation":0,"NAMOBJ":"Sugio","WADMKC":"Sugio","WADMKK":"Lamongan"},"geometry":{"type":"Point","coordinates":[112.3,-7.2]}},{"type":"Feature","properties":{"Line":"R126","Tr":2686,"X":"642300.5","Y":"9206556.5","Rotation":0,"NAMOBJ":"Sugio","WADMKC":"Sugio","WADMKK":"Lamongan"},"geometry":{"type":"Point","coordinates":[112.3,-7.2]}},{"type":"Feature","properties":{"Line":"R126","Tr":2687,"X":"642300.5","Y":"9206544.0","Rotation":0,"NAMOBJ":"Sugio","WADMKC":"Sugio","WADMKK":"Lamongan"},"geometry":{"type":"Point","coordinates":[112.3,-7.2]}},{"type":"Feature","properties":{"Line":"R126","Tr":2688,"X":"642300.5","Y":"9206531.5","Rotation":0,"NAMOBJ":"Sugio","WADMKC":"Sugio","WADMKK":"Lamongan"},"geometry":{"type":"Point","coordinates":[112.3,-7.2]}},{"type":"Feature","properties":{"Line":"R126","Tr":2689,"X":"642300.5","Y":"9206519.0","Rotation":0,"NAMOBJ":"Sugio","WADMKC":"Sugio","WADMKK":"Lamongan"},"geometry":{"type":"Point","coordinates":[112.3,-7.2]}},{"type":"Feature","properties":{"Line":"R126","Tr":2690,"X":"642300.5","Y":"9206506.5","Rotation":0,"NAMOBJ":"Sugio","WADMKC":"Sugio","WADMKK":"Lamongan"},"geometry":{"type":"Point","coordinates":[112.3,-7.2]}},{"type":"Feature","properties":{"Line":"R126","Tr":2691,"X":"642300.5","Y":"9206494.0","Rotation":0,"NAMOBJ":"Sugio","WADMKC":"Sugio","WADMKK":"Lamongan"},"geometry":{"type":"Point","coordinates":[112.3,-7.2]}},{"type":"Feature","properties":{"Line":"R126","Tr":2692,"X":"642300.5","Y":"9206481.5","Rotation":0,"NAMOBJ":"Sugio","WADMKC":"Sugio","WADMKK":"Lamongan"},"geometry":{"type":"Point","coordinates":[112.3,-7.2]}},{"type":"Feature","properties":{"Line":"R126","Tr":2693,"X":"642300.5","Y":"9206469.0","Rotation":0,"NAMOBJ":"Sugio","WADMKC":"Sugio","WADMKK":"Lamongan"},"geometry":{"type":"Point","coordinates":[112.3,-7.2]}},{"type":"Feature","properties":{"Line":"R126","Tr":2694,"X":"642300.5","Y":"9206456.5","Rotation":0,"NAMOBJ":"Sugio","WADMKC":"Sugio","WADMKK":"Lamongan"},"geometry":{"type":"Point","coordinates":[112.3,-7.2]}},{"type":"Feature","properties":{"Line":"R126","Tr":2695,"X":"642300.5","Y":"9206444.0","Rotation":0,"NAMOBJ":"Sugio","WADMKC":"Sugio","WADMKK":"Lamongan"},"geometry":{"type":"Point","coordinates":[112.3,-7.2]}},{"type":"Feature","properties":{"Line":"R126","Tr":2696,"X":"642300.5","Y":"9206431.5","Rotation":0,"NAMOBJ":"Sugio","WADMKC":"Sugio","WADMKK":"Lamongan"},"geometry":{"type":"Point","coordinates":[112.3,-7.2]}},{"type":"Feature","properties":{"Line":"R126","Tr":2697,"X":"642300.5","Y":"9206419.0","Rotation":0,"NAMOBJ":"Sugio","WADMKC":"Sugio","WADMKK":"Lamongan"},"geometry":{"type":"Point","coordinates":[112.3,-7.2]}},{"type":"Feature","properties":{"Line":"R126","Tr":2698,"X":"642300.5","Y":"9206406.5","Rotation":0,"NAMOBJ":"Sugio","WADMKC":"Sugio","WADMKK":"Lamongan"},"geometry":{"type":"Point","coordinates":[112.3,-7.2]}},{"type":"Feature","properties":{"Line":"R126","Tr":2699,"X":"642300.5","Y":"9206394.0","Rotation":0,"NAMOBJ":"Sugio","WADMKC":"Sugio","WADMKK":"Lamongan"},"geometry":{"type":"Point","coordinates":[112.3,-7.2]}},{"type":"Feature","properties":{"Line":"R126","Tr":2700,"X":"642300.5","Y":"9206381.5","Rotation":0,"NAMOBJ":"Sugio","WADMKC":"Sugio","WADMKK":"Lamongan"},"geometry":{"type":"Point","coordinates":[112.3,-7.2]}},{"type":"Feature","properties":{"Line":"R126","Tr":2701,"X":"642300.5","Y":"9206369.0","Rotation":0,"NAMOBJ":"Sugio","WADMKC":"Sugio","WADMKK":"Lamongan"},"geometry":{"type":"Point","coordinates":[112.3,-7.2]}},{"type":"Feature","properties":{"Line":"R126","Tr":2702,"X":"642300.5","Y":"9206356.5","Rotation":0,"NAMOBJ":"Sugio","WADMKC":"Sugio","WADMKK":"Lamongan"},"geometry":{"type":"Point","coordinates":[112.3,-7.2]}},{"type":"Feature","properties":{"Line":"R126","Tr":2703,"X":"642300.5","Y":"9206344.0","Rotation":0,"NAMOBJ":"Sugio","WADMKC":"Sugio","WADMKK":"Lamongan"},"geometry":{"type":"Point","coordinates":[112.3,-7.2]}},{"type":"Feature","properties":{"Line":"R126","Tr":2704,"X":"642300.5","Y":"9206331.5","Rotation":0,"NAMOBJ":"Sugio","WADMKC":"Sugio","WADMKK":"Lamongan"},"geometry":{"type":"Point","coordinates":[112.3,-7.2]}},{"type":"Feature","properties":{"Line":"R126","Tr":2705,"X":"642300.5","Y":"9206319.0","Rotation":0,"NAMOBJ":"Sugio","WADMKC":"Sugio","WADMKK":"Lamongan"},"geometry":{"type":"Point","coordinates":[112.3,-7.2]}},{"type":"Feature","properties":{"Line":"R126","Tr":2706,"X":"642300.5","Y":"9206306.5","Rotation":0,"NAMOBJ":"Sugio","WADMKC":"Sugio","WADMKK":"Lamongan"},"geometry":{"type":"Point","coordinates":[112.3,-7.2]}},{"type":"Feature","properties":{"Line":"R126","Tr":2707,"X":"642300.5","Y":"9206294.0","Rotation":0,"NAMOBJ":"Sugio","WADMKC":"Sugio","WADMKK":"Lamongan"},"geometry":{"type":"Point","coordinates":[112.3,-7.2]}},{"type":"Feature","properties":{"Line":"R126","Tr":2708,"X":"642300.5","Y":"9206281.5","Rotation":0,"NAMOBJ":"Sugio","WADMKC":"Sugio","WADMKK":"Lamongan"},"geometry":{"type":"Point","coordinates":[112.3,-7.2]}},{"type":"Feature","properties":{"Line":"R126","Tr":2709,"X":"642300.5","Y":"9206269.0","Rotation":0,"NAMOBJ":"Sugio","WADMKC":"Sugio","WADMKK":"Lamongan"},"geometry":{"type":"Point","coordinates":[112.3,-7.2]}},{"type":"Feature","properties":{"Line":"R126","Tr":2710,"X":"642300.5","Y":"9206256.5","Rotation":0,"NAMOBJ":"Sugio","WADMKC":"Sugio","WADMKK":"Lamongan"},"geometry":{"type":"Point","coordinates":[112.3,-7.2]}},{"type":"Feature","properties":{"Line":"R126","Tr":2711,"X":"642300.5","Y":"9206244.0","Rotation":0,"NAMOBJ":"Sugio","WADMKC":"Sugio","WADMKK":"Lamongan"},"geometry":{"type":"Point","coordinates":[112.3,-7.2]}},{"type":"Feature","properties":{"Line":"R126","Tr":2712,"X":"642300.5","Y":"9206231.5","Rotation":0,"NAMOBJ":"Sugio","WADMKC":"Sugio","WADMKK":"Lamongan"},"geometry":{"type":"Point","coordinates":[112.3,-7.2]}},{"type":"Feature","properties":{"Line":"R126","Tr":2713,"X":"642300.5","Y":"9206219.0","Rotation":0,"NAMOBJ":"Sugio","WADMKC":"Sugio","WADMKK":"Lamongan"},"geometry":{"type":"Point","coordinates":[112.3,-7.2]}},{"type":"Feature","properties":{"Line":"R126","Tr":2714,"X":"642300.5","Y":"9206206.5","Rotation":0,"NAMOBJ":"Sugio","WADMKC":"Sugio","WADMKK":"Lamongan"},"geometry":{"type":"Point","coordinates":[112.3,-7.2]}},{"type":"Feature","properties":{"Line":"R126","Tr":2715,"X":"642300.5","Y":"9206194.0","Rotation":0,"NAMOBJ":"Sugio","WADMKC":"Sugio","WADMKK":"Lamongan"},"geometry":{"type":"Point","coordinates":[112.3,-7.2]}},{"type":"Feature","properties":{"Line":"R126","Tr":2716,"X":"642300.5","Y":"9206181.5","Rotation":0,"NAMOBJ":"Sugio","WADMKC":"Sugio","WADMKK":"Lamongan"},"geometry":{"type":"Point","coordinates":[112.3,-7.2]}},{"type":"Feature","properties":{"Line":"R126","Tr":2717,"X":"642300.5","Y":"9206169.0","Rotation":0,"NAMOBJ":"Sugio","WADMKC":"Sugio","WADMKK":"Lamongan"},"geometry":{"type":"Point","coordinates":[112.3,-7.2]}},{"type":"Feature","properties":{"Line":"R126","Tr":2718,"X":"642300.5","Y":"9206156.5","Rotation":0,"NAMOBJ":"Sugio","WADMKC":"Sugio","WADMKK":"Lamongan"},"geometry":{"type":"Point","coordinates":[112.3,-7.2]}},{"type":"Feature","properties":{"Line":"R128","Tr":2453,"X":"643300.5","Y":"9209269.0","Rotation":0,"NAMOBJ":"Sugio","WADMKC":"Sugio","WADMKK":"Lamongan"},"geometry":{"type":"Point","coordinates":[112.3,-7.2]}},{"type":"Feature","properties":{"Line":"R128","Tr":2454,"X":"643300.5","Y":"9209256.6","Rotation":0,"NAMOBJ":"Sugio","WADMKC":"Sugio","WADMKK":"Lamongan"},"geometry":{"type":"Point","coordinates":[112.3,-7.2]}},{"type":"Feature","properties":{"Line":"R128","Tr":2455,"X":"643300.5","Y":"9209244.0","Rotation":0,"NAMOBJ":"Sugio","WADMKC":"Sugio","WADMKK":"Lamongan"},"geometry":{"type":"Point","coordinates":[112.3,-7.2]}},{"type":"Feature","properties":{"Line":"R128","Tr":2456,"X":"643300.5","Y":"9209231.6","Rotation":0,"NAMOBJ":"Sugio","WADMKC":"Sugio","WADMKK":"Lamongan"},"geometry":{"type":"Point","coordinates":[112.3,-7.2]}},{"type":"Feature","properties":{"Line":"R128","Tr":2457,"X":"643300.5","Y":"9209219.0","Rotation":0,"NAMOBJ":"Sugio","WADMKC":"Sugio","WADMKK":"Lamongan"},"geometry":{"type":"Point","coordinates":[112.3,-7.2]}},{"type":"Feature","properties":{"Line":"R128","Tr":2471,"X":"643300.5","Y":"9209044.0","Rotation":0,"NAMOBJ":"Sugio","WADMKC":"Sugio","WADMKK":"Lamongan"},"geometry":{"type":"Point","coordinates":[112.3,-7.2]}},{"type":"Feature","properties":{"Line":"R128","Tr":2472,"X":"643300.5","Y":"9209031.6","Rotation":0,"NAMOBJ":"Sugio","WADMKC":"Sugio","WADMKK":"Lamongan"},"geometry":{"type":"Point","coordinates":[112.3,-7.2]}},{"type":"Feature","properties":{"Line":"R128","Tr":2473,"X":"643300.5","Y":"9209019.0","Rotation":0,"NAMOBJ":"Sugio","WADMKC":"Sugio","WADMKK":"Lamongan"},"geometry":{"type":"Point","coordinates":[112.3,-7.2]}},{"type":"Feature","properties":{"Line":"R128","Tr":2474,"X":"643300.5","Y":"9209006.6","Rotation":0,"NAMOBJ":"Sugio","WADMKC":"Sugio","WADMKK":"Lamongan"},"geometry":{"type":"Point","coordinates":[112.3,-7.2]}},{"type":"Feature","properties":{"Line":"R128","Tr":2475,"X":"643300.5","Y":"9208994.0","Rotation":0,"NAMOBJ":"Sugio","WADMKC":"Sugio","WADMKK":"Lamongan"},"geometry":{"type":"Point","coordinates":[112.3,-7.2]}},{"type":"Feature","properties":{"Line":"R128","Tr":2476,"X":"643300.5","Y":"9208981.6","Rotation":0,"NAMOBJ":"Sugio","WADMKC":"Sugio","WADMKK":"Lamongan"},"geometry":{"type":"Point","coordinates":[112.3,-7.2]}},{"type":"Feature","properties":{"Line":"R128","Tr":2477,"X":"643300.5","Y":"9208969.0","Rotation":0,"NAMOBJ":"Sugio","WADMKC":"Sugio","WADMKK":"Lamongan"},"geometry":{"type":"Point","coordinates":[112.3,-7.2]}},{"type":"Feature","properties":{"Line":"R128","Tr":2478,"X":"643300.5","Y":"9208956.6","Rotation":0,"NAMOBJ":"Sugio","WADMKC":"Sugio","WADMKK":"Lamongan"},"geometry":{"type":"Point","coordinates":[112.3,-7.2]}},{"type":"Feature","properties":{"Line":"R128","Tr":2479,"X":"643300.5","Y":"9208944.0","Rotation":0,"NAMOBJ":"Sugio","WADMKC":"Sugio","WADMKK":"Lamongan"},"geometry":{"type":"Point","coordinates":[112.3,-7.2]}},{"type":"Feature","properties":{"Line":"R128","Tr":2480,"X":"643300.5","Y":"9208931.6","Rotation":0,"NAMOBJ":"Sugio","WADMKC":"Sugio","WADMKK":"Lamongan"},"geometry":{"type":"Point","coordinates":[112.3,-7.2]}},{"type":"Feature","properties":{"Line":"R128","Tr":2481,"X":"643300.5","Y":"9208919.0","Rotation":0,"NAMOBJ":"Sugio","WADMKC":"Sugio","WADMKK":"Lamongan"},"geometry":{"type":"Point","coordinates":[112.3,-7.2]}},{"type":"Feature","properties":{"Line":"R128","Tr":2482,"X":"643300.5","Y":"9208906.6","Rotation":0,"NAMOBJ":"Sugio","WADMKC":"Sugio","WADMKK":"Lamongan"},"geometry":{"type":"Point","coordinates":[112.3,-7.2]}},{"type":"Feature","properties":{"Line":"R128","Tr":2483,"X":"643300.5","Y":"9208894.0","Rotation":0,"NAMOBJ":"Sugio","WADMKC":"Sugio","WADMKK":"Lamongan"},"geometry":{"type":"Point","coordinates":[112.3,-7.2]}},{"type":"Feature","properties":{"Line":"R128","Tr":2484,"X":"643300.5","Y":"9208881.6","Rotation":0,"NAMOBJ":"Sugio","WADMKC":"Sugio","WADMKK":"Lamongan"},"geometry":{"type":"Point","coordinates":[112.3,-7.2]}},{"type":"Feature","properties":{"Line":"R128","Tr":2485,"X":"643300.5","Y":"9208869.0","Rotation":0,"NAMOBJ":"Sugio","WADMKC":"Sugio","WADMKK":"Lamongan"},"geometry":{"type":"Point","coordinates":[112.3,-7.2]}},{"type":"Feature","properties":{"Line":"R128","Tr":2486,"X":"643300.5","Y":"9208856.6","Rotation":0,"NAMOBJ":"Sugio","WADMKC":"Sugio","WADMKK":"Lamongan"},"geometry":{"type":"Point","coordinates":[112.3,-7.2]}},{"type":"Feature","properties":{"Line":"R128","Tr":2487,"X":"643300.5","Y":"9208844.0","Rotation":0,"NAMOBJ":"Sugio","WADMKC":"Sugio","WADMKK":"Lamongan"},"geometry":{"type":"Point","coordinates":[112.3,-7.2]}},{"type":"Feature","properties":{"Line":"R128","Tr":2488,"X":"643300.5","Y":"9208831.6","Rotation":0,"NAMOBJ":"Sugio","WADMKC":"Sugio","WADMKK":"Lamongan"},"geometry":{"type":"Point","coordinates":[112.3,-7.2]}},{"type":"Feature","properties":{"Line":"R128","Tr":2489,"X":"643300.5","Y":"9208819.0","Rotation":0,"NAMOBJ":"Sugio","WADMKC":"Sugio","WADMKK":"Lamongan"},"geometry":{"type":"Point","coordinates":[112.3,-7.2]}},{"type":"Feature","properties":{"Line":"R128","Tr":2490,"X":"643300.5","Y":"9208806.6","Rotation":0,"NAMOBJ":"Sugio","WADMKC":"Sugio","WADMKK":"Lamongan"},"geometry":{"type":"Point","coordinates":[112.3,-7.2]}},{"type":"Feature","properties":{"Line":"R128","Tr":2491,"X":"643300.5","Y":"9208794.0","Rotation":0,"NAMOBJ":"Sugio","WADMKC":"Sugio","WADMKK":"Lamongan"},"geometry":{"type":"Point","coordinates":[112.3,-7.2]}},{"type":"Feature","properties":{"Line":"R128","Tr":2492,"X":"643300.5","Y":"9208781.5","Rotation":0,"NAMOBJ":"Sugio","WADMKC":"Sugio","WADMKK":"Lamongan"},"geometry":{"type":"Point","coordinates":[112.3,-7.2]}},{"type":"Feature","properties":{"Line":"R128","Tr":2493,"X":"643300.5","Y":"9208769.0","Rotation":0,"NAMOBJ":"Sugio","WADMKC":"Sugio","WADMKK":"Lamongan"},"geometry":{"type":"Point","coordinates":[112.3,-7.2]}},{"type":"Feature","properties":{"Line":"R128","Tr":2494,"X":"643300.5","Y":"9208756.5","Rotation":0,"NAMOBJ":"Sugio","WADMKC":"Sugio","WADMKK":"Lamongan"},"geometry":{"type":"Point","coordinates":[112.3,-7.2]}},{"type":"Feature","properties":{"Line":"R128","Tr":2495,"X":"643300.5","Y":"9208744.0","Rotation":0,"NAMOBJ":"Sugio","WADMKC":"Sugio","WADMKK":"Lamongan"},"geometry":{"type":"Point","coordinates":[112.3,-7.2]}},{"type":"Feature","properties":{"Line":"R128","Tr":2496,"X":"643300.5","Y":"9208731.5","Rotation":0,"NAMOBJ":"Sugio","WADMKC":"Sugio","WADMKK":"Lamongan"},"geometry":{"type":"Point","coordinates":[112.3,-7.2]}},{"type":"Feature","properties":{"Line":"R128","Tr":2497,"X":"643300.5","Y":"9208719.0","Rotation":0,"NAMOBJ":"Sugio","WADMKC":"Sugio","WADMKK":"Lamongan"},"geometry":{"type":"Point","coordinates":[112.3,-7.2]}},{"type":"Feature","properties":{"Line":"R128","Tr":2498,"X":"643300.5","Y":"9208706.5","Rotation":0,"NAMOBJ":"Sugio","WADMKC":"Sugio","WADMKK":"Lamongan"},"geometry":{"type":"Point","coordinates":[112.3,-7.2]}},{"type":"Feature","properties":{"Line":"R128","Tr":2499,"X":"643300.5","Y":"9208694.0","Rotation":0,"NAMOBJ":"Sugio","WADMKC":"Sugio","WADMKK":"Lamongan"},"geometry":{"type":"Point","coordinates":[112.3,-7.2]}},{"type":"Feature","properties":{"Line":"R128","Tr":2500,"X":"643300.5","Y":"9208681.5","Rotation":0,"NAMOBJ":"Sugio","WADMKC":"Sugio","WADMKK":"Lamongan"},"geometry":{"type":"Point","coordinates":[112.3,-7.2]}},{"type":"Feature","properties":{"Line":"R128","Tr":2501,"X":"643300.5","Y":"9208669.0","Rotation":0,"NAMOBJ":"Sugio","WADMKC":"Sugio","WADMKK":"Lamongan"},"geometry":{"type":"Point","coordinates":[112.3,-7.2]}},{"type":"Feature","properties":{"Line":"R128","Tr":2502,"X":"643300.5","Y":"9208656.5","Rotation":0,"NAMOBJ":"Sugio","WADMKC":"Sugio","WADMKK":"Lamongan"},"geometry":{"type":"Point","coordinates":[112.3,-7.2]}},{"type":"Feature","properties":{"Line":"R128","Tr":2503,"X":"643300.5","Y":"9208644.0","Rotation":0,"NAMOBJ":"Sugio","WADMKC":"Sugio","WADMKK":"Lamongan"},"geometry":{"type":"Point","coordinates":[112.3,-7.2]}},{"type":"Feature","properties":{"Line":"R128","Tr":2504,"X":"643300.5","Y":"9208631.5","Rotation":0,"NAMOBJ":"Sugio","WADMKC":"Sugio","WADMKK":"Lamongan"},"geometry":{"type":"Point","coordinates":[112.3,-7.2]}},{"type":"Feature","properties":{"Line":"R128","Tr":2505,"X":"643300.5","Y":"9208619.0","Rotation":0,"NAMOBJ":"Sugio","WADMKC":"Sugio","WADMKK":"Lamongan"},"geometry":{"type":"Point","coordinates":[112.3,-7.2]}},{"type":"Feature","properties":{"Line":"R128","Tr":2506,"X":"643300.5","Y":"9208606.5","Rotation":0,"NAMOBJ":"Sugio","WADMKC":"Sugio","WADMKK":"Lamongan"},"geometry":{"type":"Point","coordinates":[112.3,-7.2]}},{"type":"Feature","properties":{"Line":"R128","Tr":2507,"X":"643300.5","Y":"9208594.0","Rotation":0,"NAMOBJ":"Sugio","WADMKC":"Sugio","WADMKK":"Lamongan"},"geometry":{"type":"Point","coordinates":[112.3,-7.2]}},{"type":"Feature","properties":{"Line":"R128","Tr":2508,"X":"643300.5","Y":"9208581.5","Rotation":0,"NAMOBJ":"Sugio","WADMKC":"Sugio","WADMKK":"Lamongan"},"geometry":{"type":"Point","coordinates":[112.3,-7.2]}},{"type":"Feature","properties":{"Line":"R128","Tr":2509,"X":"643300.5","Y":"9208569.0","Rotation":0,"NAMOBJ":"Sugio","WADMKC":"Sugio","WADMKK":"Lamongan"},"geometry":{"type":"Point","coordinates":[112.3,-7.2]}},{"type":"Feature","properties":{"Line":"R128","Tr":2510,"X":"643300.5","Y":"9208556.5","Rotation":0,"NAMOBJ":"Sugio","WADMKC":"Sugio","WADMKK":"Lamongan"},"geometry":{"type":"Point","coordinates":[112.3,-7.2]}},{"type":"Feature","properties":{"Line":"R128","Tr":2511,"X":"643300.5","Y":"9208544.0","Rotation":0,"NAMOBJ":"Sugio","WADMKC":"Sugio","WADMKK":"Lamongan"},"geometry":{"type":"Point","coordinates":[112.3,-7.2]}},{"type":"Feature","properties":{"Line":"R128","Tr":2512,"X":"643300.5","Y":"9208531.5","Rotation":0,"NAMOBJ":"Sugio","WADMKC":"Sugio","WADMKK":"Lamongan"},"geometry":{"type":"Point","coordinates":[112.3,-7.2]}},{"type":"Feature","properties":{"Line":"R128","Tr":2513,"X":"643300.5","Y":"9208519.0","Rotation":0,"NAMOBJ":"Sugio","WADMKC":"Sugio","WADMKK":"Lamongan"},"geometry":{"type":"Point","coordinates":[112.3,-7.2]}},{"type":"Feature","properties":{"Line":"R128","Tr":2514,"X":"643300.5","Y":"9208506.5","Rotation":0,"NAMOBJ":"Sugio","WADMKC":"Sugio","WADMKK":"Lamongan"},"geometry":{"type":"Point","coordinates":[112.3,-7.2]}},{"type":"Feature","properties":{"Line":"R128","Tr":2515,"X":"643300.5","Y":"9208494.0","Rotation":0,"NAMOBJ":"Sugio","WADMKC":"Sugio","WADMKK":"Lamongan"},"geometry":{"type":"Point","coordinates":[112.3,-7.2]}},{"type":"Feature","properties":{"Line":"R128","Tr":2516,"X":"643300.5","Y":"9208481.5","Rotation":0,"NAMOBJ":"Sugio","WADMKC":"Sugio","WADMKK":"Lamongan"},"geometry":{"type":"Point","coordinates":[112.3,-7.2]}},{"type":"Feature","properties":{"Line":"R128","Tr":2517,"X":"643300.5","Y":"9208469.0","Rotation":0,"NAMOBJ":"Sugio","WADMKC":"Sugio","WADMKK":"Lamongan"},"geometry":{"type":"Point","coordinates":[112.3,-7.2]}},{"type":"Feature","properties":{"Line":"R128","Tr":2518,"X":"643300.5","Y":"9208456.5","Rotation":0,"NAMOBJ":"Sugio","WADMKC":"Sugio","WADMKK":"Lamongan"},"geometry":{"type":"Point","coordinates":[112.3,-7.2]}},{"type":"Feature","properties":{"Line":"R128","Tr":2519,"X":"643300.5","Y":"9208444.0","Rotation":0,"NAMOBJ":"Sugio","WADMKC":"Sugio","WADMKK":"Lamongan"},"geometry":{"type":"Point","coordinates":[112.3,-7.2]}},{"type":"Feature","properties":{"Line":"R128","Tr":2520,"X":"643300.5","Y":"9208431.5","Rotation":0,"NAMOBJ":"Sugio","WADMKC":"Sugio","WADMKK":"Lamongan"},"geometry":{"type":"Point","coordinates":[112.3,-7.2]}},{"type":"Feature","properties":{"Line":"R128","Tr":2521,"X":"643300.5","Y":"9208419.0","Rotation":0,"NAMOBJ":"Sugio","WADMKC":"Sugio","WADMKK":"Lamongan"},"geometry":{"type":"Point","coordinates":[112.3,-7.2]}},{"type":"Feature","properties":{"Line":"R128","Tr":2522,"X":"643300.5","Y":"9208406.5","Rotation":0,"NAMOBJ":"Sugio","WADMKC":"Sugio","WADMKK":"Lamongan"},"geometry":{"type":"Point","coordinates":[112.3,-7.2]}},{"type":"Feature","properties":{"Line":"R128","Tr":2523,"X":"643300.5","Y":"9208394.0","Rotation":0,"NAMOBJ":"Sugio","WADMKC":"Sugio","WADMKK":"Lamongan"},"geometry":{"type":"Point","coordinates":[112.3,-7.2]}},{"type":"Feature","properties":{"Line":"R128","Tr":2524,"X":"643300.5","Y":"9208381.5","Rotation":0,"NAMOBJ":"Sugio","WADMKC":"Sugio","WADMKK":"Lamongan"},"geometry":{"type":"Point","coordinates":[112.3,-7.2]}},{"type":"Feature","properties":{"Line":"R128","Tr":2525,"X":"643300.5","Y":"9208369.0","Rotation":0,"NAMOBJ":"Sugio","WADMKC":"Sugio","WADMKK":"Lamongan"},"geometry":{"type":"Point","coordinates":[112.3,-7.2]}},{"type":"Feature","properties":{"Line":"R128","Tr":2526,"X":"643300.5","Y":"9208356.5","Rotation":0,"NAMOBJ":"Sugio","WADMKC":"Sugio","WADMKK":"Lamongan"},"geometry":{"type":"Point","coordinates":[112.3,-7.2]}},{"type":"Feature","properties":{"Line":"R128","Tr":2527,"X":"643300.5","Y":"9208344.0","Rotation":0,"NAMOBJ":"Sugio","WADMKC":"Sugio","WADMKK":"Lamongan"},"geometry":{"type":"Point","coordinates":[112.3,-7.2]}},{"type":"Feature","properties":{"Line":"R128","Tr":2528,"X":"643300.5","Y":"9208331.5","Rotation":0,"NAMOBJ":"Sugio","WADMKC":"Sugio","WADMKK":"Lamongan"},"geometry":{"type":"Point","coordinates":[112.3,-7.2]}},{"type":"Feature","properties":{"Line":"R128","Tr":2529,"X":"643300.5","Y":"9208319.0","Rotation":0,"NAMOBJ":"Sugio","WADMKC":"Sugio","WADMKK":"Lamongan"},"geometry":{"type":"Point","coordinates":[112.3,-7.2]}},{"type":"Feature","properties":{"Line":"R128","Tr":2530,"X":"643300.5","Y":"9208306.5","Rotation":0,"NAMOBJ":"Sugio","WADMKC":"Sugio","WADMKK":"Lamongan"},"geometry":{"type":"Point","coordinates":[112.3,-7.2]}},{"type":"Feature","properties":{"Line":"R128","Tr":2531,"X":"643300.5","Y":"9208294.0","Rotation":0,"NAMOBJ":"Sugio","WADMKC":"Sugio","WADMKK":"Lamongan"},"geometry":{"type":"Point","coordinates":[112.3,-7.2]}},{"type":"Feature","properties":{"Line":"R128","Tr":2532,"X":"643300.5","Y":"9208281.5","Rotation":0,"NAMOBJ":"Sugio","WADMKC":"Sugio","WADMKK":"Lamongan"},"geometry":{"type":"Point","coordinates":[112.3,-7.2]}},{"type":"Feature","properties":{"Line":"R128","Tr":2533,"X":"643300.5","Y":"9208269.0","Rotation":0,"NAMOBJ":"Sugio","WADMKC":"Sugio","WADMKK":"Lamongan"},"geometry":{"type":"Point","coordinates":[112.3,-7.2]}},{"type":"Feature","properties":{"Line":"R128","Tr":2534,"X":"643300.5","Y":"9208256.5","Rotation":0,"NAMOBJ":"Sugio","WADMKC":"Sugio","WADMKK":"Lamongan"},"geometry":{"type":"Point","coordinates":[112.3,-7.2]}},{"type":"Feature","properties":{"Line":"R128","Tr":2535,"X":"643300.5","Y":"9208244.0","Rotation":0,"NAMOBJ":"Sugio","WADMKC":"Sugio","WADMKK":"Lamongan"},"geometry":{"type":"Point","coordinates":[112.3,-7.2]}},{"type":"Feature","properties":{"Line":"R128","Tr":2536,"X":"643300.5","Y":"9208231.5","Rotation":0,"NAMOBJ":"Sugio","WADMKC":"Sugio","WADMKK":"Lamongan"},"geometry":{"type":"Point","coordinates":[112.3,-7.2]}},{"type":"Feature","properties":{"Line":"R128","Tr":2537,"X":"643300.5","Y":"9208219.0","Rotation":0,"NAMOBJ":"Sugio","WADMKC":"Sugio","WADMKK":"Lamongan"},"geometry":{"type":"Point","coordinates":[112.3,-7.2]}},{"type":"Feature","properties":{"Line":"R128","Tr":2538,"X":"643300.5","Y":"9208206.5","Rotation":0,"NAMOBJ":"Sugio","WADMKC":"Sugio","WADMKK":"Lamongan"},"geometry":{"type":"Point","coordinates":[112.3,-7.2]}},{"type":"Feature","properties":{"Line":"R128","Tr":2539,"X":"643300.5","Y":"9208194.0","Rotation":0,"NAMOBJ":"Sugio","WADMKC":"Sugio","WADMKK":"Lamongan"},"geometry":{"type":"Point","coordinates":[112.3,-7.2]}},{"type":"Feature","properties":{"Line":"R128","Tr":2540,"X":"643300.5","Y":"9208181.5","Rotation":0,"NAMOBJ":"Sugio","WADMKC":"Sugio","WADMKK":"Lamongan"},"geometry":{"type":"Point","coordinates":[112.3,-7.2]}},{"type":"Feature","properties":{"Line":"R128","Tr":2541,"X":"643300.5","Y":"9208169.0","Rotation":0,"NAMOBJ":"Sugio","WADMKC":"Sugio","WADMKK":"Lamongan"},"geometry":{"type":"Point","coordinates":[112.3,-7.2]}},{"type":"Feature","properties":{"Line":"R128","Tr":2542,"X":"643300.5","Y":"9208156.5","Rotation":0,"NAMOBJ":"Sugio","WADMKC":"Sugio","WADMKK":"Lamongan"},"geometry":{"type":"Point","coordinates":[112.3,-7.2]}},{"type":"Feature","properties":{"Line":"R128","Tr":2543,"X":"643300.5","Y":"9208144.0","Rotation":0,"NAMOBJ":"Sugio","WADMKC":"Sugio","WADMKK":"Lamongan"},"geometry":{"type":"Point","coordinates":[112.3,-7.2]}},{"type":"Feature","properties":{"Line":"R128","Tr":2544,"X":"643300.5","Y":"9208131.5","Rotation":0,"NAMOBJ":"Sugio","WADMKC":"Sugio","WADMKK":"Lamongan"},"geometry":{"type":"Point","coordinates":[112.3,-7.2]}},{"type":"Feature","properties":{"Line":"R128","Tr":2545,"X":"643300.5","Y":"9208119.0","Rotation":0,"NAMOBJ":"Sugio","WADMKC":"Sugio","WADMKK":"Lamongan"},"geometry":{"type":"Point","coordinates":[112.3,-7.2]}},{"type":"Feature","properties":{"Line":"R128","Tr":2546,"X":"643300.5","Y":"9208106.5","Rotation":0,"NAMOBJ":"Sugio","WADMKC":"Sugio","WADMKK":"Lamongan"},"geometry":{"type":"Point","coordinates":[112.3,-7.2]}},{"type":"Feature","properties":{"Line":"R128","Tr":2547,"X":"643300.5","Y":"9208094.0","Rotation":0,"NAMOBJ":"Sugio","WADMKC":"Sugio","WADMKK":"Lamongan"},"geometry":{"type":"Point","coordinates":[112.3,-7.2]}},{"type":"Feature","properties":{"Line":"R128","Tr":2548,"X":"643300.5","Y":"9208081.5","Rotation":0,"NAMOBJ":"Sugio","WADMKC":"Sugio","WADMKK":"Lamongan"},"geometry":{"type":"Point","coordinates":[112.3,-7.2]}},{"type":"Feature","properties":{"Line":"R128","Tr":2549,"X":"643300.5","Y":"9208069.0","Rotation":0,"NAMOBJ":"Sugio","WADMKC":"Sugio","WADMKK":"Lamongan"},"geometry":{"type":"Point","coordinates":[112.3,-7.2]}},{"type":"Feature","properties":{"Line":"R128","Tr":2550,"X":"643300.5","Y":"9208056.5","Rotation":0,"NAMOBJ":"Sugio","WADMKC":"Sugio","WADMKK":"Lamongan"},"geometry":{"type":"Point","coordinates":[112.3,-7.2]}},{"type":"Feature","properties":{"Line":"R128","Tr":2551,"X":"643300.5","Y":"9208044.0","Rotation":0,"NAMOBJ":"Sugio","WADMKC":"Sugio","WADMKK":"Lamongan"},"geometry":{"type":"Point","coordinates":[112.3,-7.2]}},{"type":"Feature","properties":{"Line":"R128","Tr":2552,"X":"643300.5","Y":"9208031.5","Rotation":0,"NAMOBJ":"Sugio","WADMKC":"Sugio","WADMKK":"Lamongan"},"geometry":{"type":"Point","coordinates":[112.3,-7.2]}},{"type":"Feature","properties":{"Line":"R128","Tr":2553,"X":"643300.5","Y":"9208019.0","Rotation":0,"NAMOBJ":"Sugio","WADMKC":"Sugio","WADMKK":"Lamongan"},"geometry":{"type":"Point","coordinates":[112.3,-7.2]}},{"type":"Feature","properties":{"Line":"R128","Tr":2554,"X":"643300.5","Y":"9208006.5","Rotation":0,"NAMOBJ":"Sugio","WADMKC":"Sugio","WADMKK":"Lamongan"},"geometry":{"type":"Point","coordinates":[112.3,-7.2]}},{"type":"Feature","properties":{"Line":"R128","Tr":2555,"X":"643300.5","Y":"9207994.0","Rotation":0,"NAMOBJ":"Sugio","WADMKC":"Sugio","WADMKK":"Lamongan"},"geometry":{"type":"Point","coordinates":[112.3,-7.2]}},{"type":"Feature","properties":{"Line":"R128","Tr":2556,"X":"643300.5","Y":"9207981.5","Rotation":0,"NAMOBJ":"Sugio","WADMKC":"Sugio","WADMKK":"Lamongan"},"geometry":{"type":"Point","coordinates":[112.3,-7.2]}},{"type":"Feature","properties":{"Line":"R128","Tr":2557,"X":"643300.5","Y":"9207969.0","Rotation":0,"NAMOBJ":"Sugio","WADMKC":"Sugio","WADMKK":"Lamongan"},"geometry":{"type":"Point","coordinates":[112.3,-7.2]}},{"type":"Feature","properties":{"Line":"R128","Tr":2558,"X":"643300.5","Y":"9207956.5","Rotation":0,"NAMOBJ":"Sugio","WADMKC":"Sugio","WADMKK":"Lamongan"},"geometry":{"type":"Point","coordinates":[112.3,-7.2]}},{"type":"Feature","properties":{"Line":"R128","Tr":2559,"X":"643300.5","Y":"9207944.0","Rotation":0,"NAMOBJ":"Sugio","WADMKC":"Sugio","WADMKK":"Lamongan"},"geometry":{"type":"Point","coordinates":[112.3,-7.2]}},{"type":"Feature","properties":{"Line":"R128","Tr":2560,"X":"643300.5","Y":"9207931.5","Rotation":0,"NAMOBJ":"Sugio","WADMKC":"Sugio","WADMKK":"Lamongan"},"geometry":{"type":"Point","coordinates":[112.3,-7.2]}},{"type":"Feature","properties":{"Line":"R128","Tr":2561,"X":"643300.5","Y":"9207919.0","Rotation":0,"NAMOBJ":"Sugio","WADMKC":"Sugio","WADMKK":"Lamongan"},"geometry":{"type":"Point","coordinates":[112.3,-7.2]}},{"type":"Feature","properties":{"Line":"R128","Tr":2562,"X":"643300.5","Y":"9207906.5","Rotation":0,"NAMOBJ":"Sugio","WADMKC":"Sugio","WADMKK":"Lamongan"},"geometry":{"type":"Point","coordinates":[112.3,-7.2]}},{"type":"Feature","properties":{"Line":"R128","Tr":2563,"X":"643300.5","Y":"9207894.0","Rotation":0,"NAMOBJ":"Sugio","WADMKC":"Sugio","WADMKK":"Lamongan"},"geometry":{"type":"Point","coordinates":[112.3,-7.2]}},{"type":"Feature","properties":{"Line":"R128","Tr":2564,"X":"643300.5","Y":"9207881.5","Rotation":0,"NAMOBJ":"Sugio","WADMKC":"Sugio","WADMKK":"Lamongan"},"geometry":{"type":"Point","coordinates":[112.3,-7.2]}},{"type":"Feature","properties":{"Line":"R128","Tr":2565,"X":"643300.5","Y":"9207869.0","Rotation":0,"NAMOBJ":"Sugio","WADMKC":"Sugio","WADMKK":"Lamongan"},"geometry":{"type":"Point","coordinates":[112.3,-7.2]}},{"type":"Feature","properties":{"Line":"R128","Tr":2566,"X":"643300.5","Y":"9207856.5","Rotation":0,"NAMOBJ":"Sugio","WADMKC":"Sugio","WADMKK":"Lamongan"},"geometry":{"type":"Point","coordinates":[112.3,-7.2]}},{"type":"Feature","properties":{"Line":"R128","Tr":2567,"X":"643300.5","Y":"9207844.0","Rotation":0,"NAMOBJ":"Sugio","WADMKC":"Sugio","WADMKK":"Lamongan"},"geometry":{"type":"Point","coordinates":[112.3,-7.2]}},{"type":"Feature","properties":{"Line":"R128","Tr":2568,"X":"643300.5","Y":"9207831.5","Rotation":0,"NAMOBJ":"Sugio","WADMKC":"Sugio","WADMKK":"Lamongan"},"geometry":{"type":"Point","coordinates":[112.3,-7.2]}},{"type":"Feature","properties":{"Line":"R128","Tr":2569,"X":"643300.5","Y":"9207819.0","Rotation":0,"NAMOBJ":"Sugio","WADMKC":"Sugio","WADMKK":"Lamongan"},"geometry":{"type":"Point","coordinates":[112.3,-7.2]}},{"type":"Feature","properties":{"Line":"R128","Tr":2570,"X":"643300.5","Y":"9207806.5","Rotation":0,"NAMOBJ":"Sugio","WADMKC":"Sugio","WADMKK":"Lamongan"},"geometry":{"type":"Point","coordinates":[112.3,-7.2]}},{"type":"Feature","properties":{"Line":"R128","Tr":2571,"X":"643300.5","Y":"9207794.0","Rotation":0,"NAMOBJ":"Sugio","WADMKC":"Sugio","WADMKK":"Lamongan"},"geometry":{"type":"Point","coordinates":[112.3,-7.2]}},{"type":"Feature","properties":{"Line":"R128","Tr":2572,"X":"643300.5","Y":"9207781.5","Rotation":0,"NAMOBJ":"Sugio","WADMKC":"Sugio","WADMKK":"Lamongan"},"geometry":{"type":"Point","coordinates":[112.3,-7.2]}},{"type":"Feature","properties":{"Line":"R128","Tr":2573,"X":"643300.5","Y":"9207769.0","Rotation":0,"NAMOBJ":"Sugio","WADMKC":"Sugio","WADMKK":"Lamongan"},"geometry":{"type":"Point","coordinates":[112.3,-7.2]}},{"type":"Feature","properties":{"Line":"R128","Tr":2574,"X":"643300.5","Y":"9207756.5","Rotation":0,"NAMOBJ":"Sugio","WADMKC":"Sugio","WADMKK":"Lamongan"},"geometry":{"type":"Point","coordinates":[112.3,-7.2]}},{"type":"Feature","properties":{"Line":"R128","Tr":2575,"X":"643300.5","Y":"9207744.0","Rotation":0,"NAMOBJ":"Sugio","WADMKC":"Sugio","WADMKK":"Lamongan"},"geometry":{"type":"Point","coordinates":[112.3,-7.2]}},{"type":"Feature","properties":{"Line":"R130","Tr":2934,"X":"644300.5","Y":"9203106.5","Rotation":0,"NAMOBJ":"Sukobendu","WADMKC":"Mantup","WADMKK":"Lamongan"},"geometry":{"type":"Point","coordinates":[112.3,-7.2]}},{"type":"Feature","properties":{"Line":"R130","Tr":2935,"X":"644300.5","Y":"9203094.0","Rotation":0,"NAMOBJ":"Sukobendu","WADMKC":"Mantup","WADMKK":"Lamongan"},"geometry":{"type":"Point","coordinates":[112.3,-7.2]}},{"type":"Feature","properties":{"Line":"R130","Tr":2936,"X":"644300.5","Y":"9203081.5","Rotation":0,"NAMOBJ":"Sukobendu","WADMKC":"Mantup","WADMKK":"Lamongan"},"geometry":{"type":"Point","coordinates":[112.3,-7.2]}},{"type":"Feature","properties":{"Line":"R130","Tr":2937,"X":"644300.5","Y":"9203069.0","Rotation":0,"NAMOBJ":"Sukobendu","WADMKC":"Mantup","WADMKK":"Lamongan"},"geometry":{"type":"Point","coordinates":[112.3,-7.2]}},{"type":"Feature","properties":{"Line":"R130","Tr":2938,"X":"644300.5","Y":"9203056.5","Rotation":0,"NAMOBJ":"Sukobendu","WADMKC":"Mantup","WADMKK":"Lamongan"},"geometry":{"type":"Point","coordinates":[112.3,-7.2]}},{"type":"Feature","properties":{"Line":"R130","Tr":2939,"X":"644300.5","Y":"9203044.0","Rotation":0,"NAMOBJ":"Sukobendu","WADMKC":"Mantup","WADMKK":"Lamongan"},"geometry":{"type":"Point","coordinates":[112.3,-7.2]}},{"type":"Feature","properties":{"Line":"R130","Tr":2940,"X":"644300.5","Y":"9203031.5","Rotation":0,"NAMOBJ":"Sukobendu","WADMKC":"Mantup","WADMKK":"Lamongan"},"geometry":{"type":"Point","coordinates":[112.3,-7.2]}},{"type":"Feature","properties":{"Line":"R130","Tr":2941,"X":"644300.5","Y":"9203019.0","Rotation":0,"NAMOBJ":"Sukobendu","WADMKC":"Mantup","WADMKK":"Lamongan"},"geometry":{"type":"Point","coordinates":[112.3,-7.2]}},{"type":"Feature","properties":{"Line":"R130","Tr":2942,"X":"644300.5","Y":"9203006.5","Rotation":0,"NAMOBJ":"Sukobendu","WADMKC":"Mantup","WADMKK":"Lamongan"},"geometry":{"type":"Point","coordinates":[112.3,-7.2]}},{"type":"Feature","properties":{"Line":"R130","Tr":2943,"X":"644300.5","Y":"9202994.0","Rotation":0,"NAMOBJ":"Sukobendu","WADMKC":"Mantup","WADMKK":"Lamongan"},"geometry":{"type":"Point","coordinates":[112.3,-7.2]}},{"type":"Feature","properties":{"Line":"R130","Tr":2944,"X":"644300.5","Y":"9202981.5","Rotation":0,"NAMOBJ":"Sukobendu","WADMKC":"Mantup","WADMKK":"Lamongan"},"geometry":{"type":"Point","coordinates":[112.3,-7.2]}},{"type":"Feature","properties":{"Line":"R130","Tr":2945,"X":"644300.5","Y":"9202969.0","Rotation":0,"NAMOBJ":"Sukobendu","WADMKC":"Mantup","WADMKK":"Lamongan"},"geometry":{"type":"Point","coordinates":[112.3,-7.2]}},{"type":"Feature","properties":{"Line":"R130","Tr":2946,"X":"644300.5","Y":"9202956.5","Rotation":0,"NAMOBJ":"Sukobendu","WADMKC":"Mantup","WADMKK":"Lamongan"},"geometry":{"type":"Point","coordinates":[112.3,-7.2]}},{"type":"Feature","properties":{"Line":"R130","Tr":2947,"X":"644300.5","Y":"9202944.0","Rotation":0,"NAMOBJ":"Sukobendu","WADMKC":"Mantup","WADMKK":"Lamongan"},"geometry":{"type":"Point","coordinates":[112.3,-7.2]}},{"type":"Feature","properties":{"Line":"R130","Tr":2948,"X":"644300.5","Y":"9202931.5","Rotation":0,"NAMOBJ":"Sukobendu","WADMKC":"Mantup","WADMKK":"Lamongan"},"geometry":{"type":"Point","coordinates":[112.3,-7.2]}},{"type":"Feature","properties":{"Line":"R130","Tr":2949,"X":"644300.5","Y":"9202919.0","Rotation":0,"NAMOBJ":"Sukobendu","WADMKC":"Mantup","WADMKK":"Lamongan"},"geometry":{"type":"Point","coordinates":[112.3,-7.2]}},{"type":"Feature","properties":{"Line":"R130","Tr":2950,"X":"644300.5","Y":"9202906.5","Rotation":0,"NAMOBJ":"Sukobendu","WADMKC":"Mantup","WADMKK":"Lamongan"},"geometry":{"type":"Point","coordinates":[112.3,-7.2]}},{"type":"Feature","properties":{"Line":"R130","Tr":2951,"X":"644300.5","Y":"9202894.0","Rotation":0,"NAMOBJ":"Sukobendu","WADMKC":"Mantup","WADMKK":"Lamongan"},"geometry":{"type":"Point","coordinates":[112.3,-7.2]}},{"type":"Feature","properties":{"Line":"R130","Tr":2952,"X":"644300.5","Y":"9202881.5","Rotation":0,"NAMOBJ":"Sukobendu","WADMKC":"Mantup","WADMKK":"Lamongan"},"geometry":{"type":"Point","coordinates":[112.3,-7.2]}},{"type":"Feature","properties":{"Line":"R130","Tr":2953,"X":"644300.5","Y":"9202869.0","Rotation":0,"NAMOBJ":"Sukobendu","WADMKC":"Mantup","WADMKK":"Lamongan"},"geometry":{"type":"Point","coordinates":[112.3,-7.2]}},{"type":"Feature","properties":{"Line":"R130","Tr":2954,"X":"644300.5","Y":"9202856.5","Rotation":0,"NAMOBJ":"Sukobendu","WADMKC":"Mantup","WADMKK":"Lamongan"},"geometry":{"type":"Point","coordinates":[112.3,-7.2]}},{"type":"Feature","properties":{"Line":"R130","Tr":2955,"X":"644300.5","Y":"9202844.0","Rotation":0,"NAMOBJ":"Sukobendu","WADMKC":"Mantup","WADMKK":"Lamongan"},"geometry":{"type":"Point","coordinates":[112.3,-7.2]}},{"type":"Feature","properties":{"Line":"R130","Tr":2956,"X":"644300.5","Y":"9202831.5","Rotation":0,"NAMOBJ":"Sukobendu","WADMKC":"Mantup","WADMKK":"Lamongan"},"geometry":{"type":"Point","coordinates":[112.3,-7.2]}},{"type":"Feature","properties":{"Line":"R130","Tr":2957,"X":"644300.5","Y":"9202819.0","Rotation":0,"NAMOBJ":"Sukobendu","WADMKC":"Mantup","WADMKK":"Lamongan"},"geometry":{"type":"Point","coordinates":[112.3,-7.2]}},{"type":"Feature","properties":{"Line":"R130","Tr":2958,"X":"644300.5","Y":"9202806.5","Rotation":0,"NAMOBJ":"Sukobendu","WADMKC":"Mantup","WADMKK":"Lamongan"},"geometry":{"type":"Point","coordinates":[112.3,-7.2]}},{"type":"Feature","properties":{"Line":"R130","Tr":2959,"X":"644300.5","Y":"9202794.0","Rotation":0,"NAMOBJ":"Sukobendu","WADMKC":"Mantup","WADMKK":"Lamongan"},"geometry":{"type":"Point","coordinates":[112.3,-7.2]}},{"type":"Feature","properties":{"Line":"R130","Tr":2960,"X":"644300.5","Y":"9202781.5","Rotation":0,"NAMOBJ":"Sukobendu","WADMKC":"Mantup","WADMKK":"Lamongan"},"geometry":{"type":"Point","coordinates":[112.3,-7.2]}},{"type":"Feature","properties":{"Line":"R130","Tr":2961,"X":"644300.5","Y":"9202769.0","Rotation":0,"NAMOBJ":"Sukobendu","WADMKC":"Mantup","WADMKK":"Lamongan"},"geometry":{"type":"Point","coordinates":[112.3,-7.2]}},{"type":"Feature","properties":{"Line":"R130","Tr":2962,"X":"644300.5","Y":"9202756.5","Rotation":0,"NAMOBJ":"Sukobendu","WADMKC":"Mantup","WADMKK":"Lamongan"},"geometry":{"type":"Point","coordinates":[112.3,-7.2]}},{"type":"Feature","properties":{"Line":"R130","Tr":2963,"X":"644300.5","Y":"9202744.0","Rotation":0,"NAMOBJ":"Sukobendu","WADMKC":"Mantup","WADMKK":"Lamongan"},"geometry":{"type":"Point","coordinates":[112.3,-7.2]}},{"type":"Feature","properties":{"Line":"R130","Tr":2964,"X":"644300.5","Y":"9202731.5","Rotation":0,"NAMOBJ":"Sukobendu","WADMKC":"Mantup","WADMKK":"Lamongan"},"geometry":{"type":"Point","coordinates":[112.3,-7.2]}},{"type":"Feature","properties":{"Line":"R130","Tr":2965,"X":"644300.5","Y":"9202719.0","Rotation":0,"NAMOBJ":"Sukobendu","WADMKC":"Mantup","WADMKK":"Lamongan"},"geometry":{"type":"Point","coordinates":[112.3,-7.2]}},{"type":"Feature","properties":{"Line":"R130","Tr":2966,"X":"644300.5","Y":"9202706.5","Rotation":0,"NAMOBJ":"Sukobendu","WADMKC":"Mantup","WADMKK":"Lamongan"},"geometry":{"type":"Point","coordinates":[112.3,-7.2]}},{"type":"Feature","properties":{"Line":"R130","Tr":2967,"X":"644300.5","Y":"9202694.0","Rotation":0,"NAMOBJ":"Sukobendu","WADMKC":"Mantup","WADMKK":"Lamongan"},"geometry":{"type":"Point","coordinates":[112.3,-7.2]}},{"type":"Feature","properties":{"Line":"R130","Tr":2968,"X":"644300.5","Y":"9202681.5","Rotation":0,"NAMOBJ":"Sukobendu","WADMKC":"Mantup","WADMKK":"Lamongan"},"geometry":{"type":"Point","coordinates":[112.3,-7.2]}},{"type":"Feature","properties":{"Line":"R130","Tr":2969,"X":"644300.5","Y":"9202669.0","Rotation":0,"NAMOBJ":"Sukobendu","WADMKC":"Mantup","WADMKK":"Lamongan"},"geometry":{"type":"Point","coordinates":[112.3,-7.2]}},{"type":"Feature","properties":{"Line":"R130","Tr":2970,"X":"644300.5","Y":"9202656.5","Rotation":0,"NAMOBJ":"Sukobendu","WADMKC":"Mantup","WADMKK":"Lamongan"},"geometry":{"type":"Point","coordinates":[112.3,-7.2]}},{"type":"Feature","properties":{"Line":"R130","Tr":2971,"X":"644300.5","Y":"9202644.0","Rotation":0,"NAMOBJ":"Sukobendu","WADMKC":"Mantup","WADMKK":"Lamongan"},"geometry":{"type":"Point","coordinates":[112.3,-7.2]}},{"type":"Feature","properties":{"Line":"R130","Tr":2972,"X":"644300.5","Y":"9202631.5","Rotation":0,"NAMOBJ":"Sukobendu","WADMKC":"Mantup","WADMKK":"Lamongan"},"geometry":{"type":"Point","coordinates":[112.3,-7.2]}},{"type":"Feature","properties":{"Line":"R130","Tr":2973,"X":"644300.5","Y":"9202619.0","Rotation":0,"NAMOBJ":"Sukobendu","WADMKC":"Mantup","WADMKK":"Lamongan"},"geometry":{"type":"Point","coordinates":[112.3,-7.2]}},{"type":"Feature","properties":{"Line":"R130","Tr":2974,"X":"644300.5","Y":"9202606.5","Rotation":0,"NAMOBJ":"Sukobendu","WADMKC":"Mantup","WADMKK":"Lamongan"},"geometry":{"type":"Point","coordinates":[112.3,-7.2]}},{"type":"Feature","properties":{"Line":"R130","Tr":2975,"X":"644300.5","Y":"9202594.0","Rotation":0,"NAMOBJ":"Sukobendu","WADMKC":"Mantup","WADMKK":"Lamongan"},"geometry":{"type":"Point","coordinates":[112.3,-7.2]}},{"type":"Feature","properties":{"Line":"R130","Tr":2976,"X":"644300.5","Y":"9202581.5","Rotation":0,"NAMOBJ":"Sukobendu","WADMKC":"Mantup","WADMKK":"Lamongan"},"geometry":{"type":"Point","coordinates":[112.3,-7.2]}},{"type":"Feature","properties":{"Line":"R130","Tr":2977,"X":"644300.5","Y":"9202569.0","Rotation":0,"NAMOBJ":"Sukobendu","WADMKC":"Mantup","WADMKK":"Lamongan"},"geometry":{"type":"Point","coordinates":[112.3,-7.2]}},{"type":"Feature","properties":{"Line":"R130","Tr":2978,"X":"644300.5","Y":"9202556.5","Rotation":0,"NAMOBJ":"Sukobendu","WADMKC":"Mantup","WADMKK":"Lamongan"},"geometry":{"type":"Point","coordinates":[112.3,-7.2]}},{"type":"Feature","properties":{"Line":"R130","Tr":2979,"X":"644300.5","Y":"9202544.0","Rotation":0,"NAMOBJ":"Sukobendu","WADMKC":"Mantup","WADMKK":"Lamongan"},"geometry":{"type":"Point","coordinates":[112.3,-7.2]}},{"type":"Feature","properties":{"Line":"R130","Tr":2980,"X":"644300.5","Y":"9202531.5","Rotation":0,"NAMOBJ":"Sukobendu","WADMKC":"Mantup","WADMKK":"Lamongan"},"geometry":{"type":"Point","coordinates":[112.3,-7.2]}},{"type":"Feature","properties":{"Line":"R130","Tr":2981,"X":"644300.5","Y":"9202519.0","Rotation":0,"NAMOBJ":"Sukobendu","WADMKC":"Mantup","WADMKK":"Lamongan"},"geometry":{"type":"Point","coordinates":[112.3,-7.2]}},{"type":"Feature","properties":{"Line":"R130","Tr":2982,"X":"644300.5","Y":"9202506.5","Rotation":0,"NAMOBJ":"Sukobendu","WADMKC":"Mantup","WADMKK":"Lamongan"},"geometry":{"type":"Point","coordinates":[112.3,-7.2]}},{"type":"Feature","properties":{"Line":"R130","Tr":2983,"X":"644300.5","Y":"9202494.0","Rotation":0,"NAMOBJ":"Sukobendu","WADMKC":"Mantup","WADMKK":"Lamongan"},"geometry":{"type":"Point","coordinates":[112.3,-7.2]}},{"type":"Feature","properties":{"Line":"R130","Tr":2984,"X":"644300.5","Y":"9202481.5","Rotation":0,"NAMOBJ":"Sukobendu","WADMKC":"Mantup","WADMKK":"Lamongan"},"geometry":{"type":"Point","coordinates":[112.3,-7.2]}},{"type":"Feature","properties":{"Line":"R130","Tr":2985,"X":"644300.5","Y":"9202469.0","Rotation":0,"NAMOBJ":"Sukobendu","WADMKC":"Mantup","WADMKK":"Lamongan"},"geometry":{"type":"Point","coordinates":[112.3,-7.2]}},{"type":"Feature","properties":{"Line":"R130","Tr":2986,"X":"644300.5","Y":"9202456.5","Rotation":0,"NAMOBJ":"Sukobendu","WADMKC":"Mantup","WADMKK":"Lamongan"},"geometry":{"type":"Point","coordinates":[112.3,-7.2]}},{"type":"Feature","properties":{"Line":"R130","Tr":2987,"X":"644300.5","Y":"9202444.0","Rotation":0,"NAMOBJ":"Sukobendu","WADMKC":"Mantup","WADMKK":"Lamongan"},"geometry":{"type":"Point","coordinates":[112.3,-7.2]}},{"type":"Feature","properties":{"Line":"R130","Tr":2988,"X":"644300.5","Y":"9202431.5","Rotation":0,"NAMOBJ":"Sukobendu","WADMKC":"Mantup","WADMKK":"Lamongan"},"geometry":{"type":"Point","coordinates":[112.3,-7.2]}},{"type":"Feature","properties":{"Line":"R130","Tr":2989,"X":"644300.5","Y":"9202419.0","Rotation":0,"NAMOBJ":"Sukobendu","WADMKC":"Mantup","WADMKK":"Lamongan"},"geometry":{"type":"Point","coordinates":[112.3,-7.2]}},{"type":"Feature","properties":{"Line":"R130","Tr":2990,"X":"644300.5","Y":"9202406.5","Rotation":0,"NAMOBJ":"Sukobendu","WADMKC":"Mantup","WADMKK":"Lamongan"},"geometry":{"type":"Point","coordinates":[112.3,-7.2]}},{"type":"Feature","properties":{"Line":"R130","Tr":2991,"X":"644300.5","Y":"9202394.0","Rotation":0,"NAMOBJ":"Sukobendu","WADMKC":"Mantup","WADMKK":"Lamongan"},"geometry":{"type":"Point","coordinates":[112.3,-7.2]}},{"type":"Feature","properties":{"Line":"R130","Tr":2992,"X":"644300.5","Y":"9202381.5","Rotation":0,"NAMOBJ":"Sukobendu","WADMKC":"Mantup","WADMKK":"Lamongan"},"geometry":{"type":"Point","coordinates":[112.3,-7.2]}},{"type":"Feature","properties":{"Line":"R130","Tr":2993,"X":"644300.5","Y":"9202369.0","Rotation":0,"NAMOBJ":"Sukobendu","WADMKC":"Mantup","WADMKK":"Lamongan"},"geometry":{"type":"Point","coordinates":[112.3,-7.2]}},{"type":"Feature","properties":{"Line":"R130","Tr":2994,"X":"644300.5","Y":"9202356.5","Rotation":0,"NAMOBJ":"Sukobendu","WADMKC":"Mantup","WADMKK":"Lamongan"},"geometry":{"type":"Point","coordinates":[112.3,-7.2]}},{"type":"Feature","properties":{"Line":"R130","Tr":2995,"X":"644300.5","Y":"9202344.0","Rotation":0,"NAMOBJ":"Sukobendu","WADMKC":"Mantup","WADMKK":"Lamongan"},"geometry":{"type":"Point","coordinates":[112.3,-7.2]}},{"type":"Feature","properties":{"Line":"R130","Tr":2996,"X":"644300.5","Y":"9202331.5","Rotation":0,"NAMOBJ":"Sukobendu","WADMKC":"Mantup","WADMKK":"Lamongan"},"geometry":{"type":"Point","coordinates":[112.3,-7.2]}},{"type":"Feature","properties":{"Line":"R130","Tr":2997,"X":"644300.5","Y":"9202319.0","Rotation":0,"NAMOBJ":"Sukobendu","WADMKC":"Mantup","WADMKK":"Lamongan"},"geometry":{"type":"Point","coordinates":[112.3,-7.2]}},{"type":"Feature","properties":{"Line":"R130","Tr":2998,"X":"644300.5","Y":"9202306.5","Rotation":0,"NAMOBJ":"Sukobendu","WADMKC":"Mantup","WADMKK":"Lamongan"},"geometry":{"type":"Point","coordinates":[112.3,-7.2]}},{"type":"Feature","properties":{"Line":"R130","Tr":2999,"X":"644300.5","Y":"9202294.0","Rotation":0,"NAMOBJ":"Sukobendu","WADMKC":"Mantup","WADMKK":"Lamongan"},"geometry":{"type":"Point","coordinates":[112.3,-7.2]}},{"type":"Feature","properties":{"Line":"R130","Tr":3000,"X":"644300.5","Y":"9202281.5","Rotation":0,"NAMOBJ":"Sukobendu","WADMKC":"Mantup","WADMKK":"Lamongan"},"geometry":{"type":"Point","coordinates":[112.3,-7.2]}},{"type":"Feature","properties":{"Line":"R130","Tr":3001,"X":"644300.5","Y":"9202269.0","Rotation":0,"NAMOBJ":"Sukobendu","WADMKC":"Mantup","WADMKK":"Lamongan"},"geometry":{"type":"Point","coordinates":[112.3,-7.2]}},{"type":"Feature","properties":{"Line":"R130","Tr":3002,"X":"644300.5","Y":"9202256.5","Rotation":0,"NAMOBJ":"Sukobendu","WADMKC":"Mantup","WADMKK":"Lamongan"},"geometry":{"type":"Point","coordinates":[112.3,-7.2]}},{"type":"Feature","properties":{"Line":"R130","Tr":3003,"X":"644300.5","Y":"9202244.0","Rotation":0,"NAMOBJ":"Sukobendu","WADMKC":"Mantup","WADMKK":"Lamongan"},"geometry":{"type":"Point","coordinates":[112.3,-7.2]}},{"type":"Feature","properties":{"Line":"R130","Tr":3004,"X":"644300.5","Y":"9202231.5","Rotation":0,"NAMOBJ":"Sukobendu","WADMKC":"Mantup","WADMKK":"Lamongan"},"geometry":{"type":"Point","coordinates":[112.3,-7.2]}},{"type":"Feature","properties":{"Line":"R130","Tr":3005,"X":"644300.5","Y":"9202219.0","Rotation":0,"NAMOBJ":"Sukobendu","WADMKC":"Mantup","WADMKK":"Lamongan"},"geometry":{"type":"Point","coordinates":[112.3,-7.2]}},{"type":"Feature","properties":{"Line":"R130","Tr":3006,"X":"644300.5","Y":"9202206.5","Rotation":0,"NAMOBJ":"Sukobendu","WADMKC":"Mantup","WADMKK":"Lamongan"},"geometry":{"type":"Point","coordinates":[112.3,-7.2]}},{"type":"Feature","properties":{"Line":"R130","Tr":3007,"X":"644300.5","Y":"9202194.0","Rotation":0,"NAMOBJ":"Sukobendu","WADMKC":"Mantup","WADMKK":"Lamongan"},"geometry":{"type":"Point","coordinates":[112.3,-7.2]}},{"type":"Feature","properties":{"Line":"R130","Tr":3008,"X":"644300.5","Y":"9202181.5","Rotation":0,"NAMOBJ":"Sukobendu","WADMKC":"Mantup","WADMKK":"Lamongan"},"geometry":{"type":"Point","coordinates":[112.3,-7.2]}},{"type":"Feature","properties":{"Line":"R130","Tr":3009,"X":"644300.5","Y":"9202169.0","Rotation":0,"NAMOBJ":"Sukobendu","WADMKC":"Mantup","WADMKK":"Lamongan"},"geometry":{"type":"Point","coordinates":[112.3,-7.2]}},{"type":"Feature","properties":{"Line":"R130","Tr":3010,"X":"644300.5","Y":"9202156.5","Rotation":0,"NAMOBJ":"Sukobendu","WADMKC":"Mantup","WADMKK":"Lamongan"},"geometry":{"type":"Point","coordinates":[112.3,-7.2]}},{"type":"Feature","properties":{"Line":"R130","Tr":3011,"X":"644300.5","Y":"9202144.0","Rotation":0,"NAMOBJ":"Sukobendu","WADMKC":"Mantup","WADMKK":"Lamongan"},"geometry":{"type":"Point","coordinates":[112.3,-7.2]}},{"type":"Feature","properties":{"Line":"R130","Tr":3012,"X":"644300.5","Y":"9202131.5","Rotation":0,"NAMOBJ":"Sukobendu","WADMKC":"Mantup","WADMKK":"Lamongan"},"geometry":{"type":"Point","coordinates":[112.3,-7.2]}},{"type":"Feature","properties":{"Line":"R130","Tr":3013,"X":"644300.5","Y":"9202119.0","Rotation":0,"NAMOBJ":"Sukobendu","WADMKC":"Mantup","WADMKK":"Lamongan"},"geometry":{"type":"Point","coordinates":[112.3,-7.2]}},{"type":"Feature","properties":{"Line":"R130","Tr":3014,"X":"644300.5","Y":"9202106.5","Rotation":0,"NAMOBJ":"Sukobendu","WADMKC":"Mantup","WADMKK":"Lamongan"},"geometry":{"type":"Point","coordinates":[112.3,-7.2]}},{"type":"Feature","properties":{"Line":"R130","Tr":3015,"X":"644300.5","Y":"9202094.0","Rotation":0,"NAMOBJ":"Sukobendu","WADMKC":"Mantup","WADMKK":"Lamongan"},"geometry":{"type":"Point","coordinates":[112.3,-7.2]}},{"type":"Feature","properties":{"Line":"R130","Tr":3016,"X":"644300.5","Y":"9202081.5","Rotation":0,"NAMOBJ":"Sukobendu","WADMKC":"Mantup","WADMKK":"Lamongan"},"geometry":{"type":"Point","coordinates":[112.3,-7.2]}},{"type":"Feature","properties":{"Line":"R130","Tr":3017,"X":"644300.5","Y":"9202069.0","Rotation":0,"NAMOBJ":"Sukobendu","WADMKC":"Mantup","WADMKK":"Lamongan"},"geometry":{"type":"Point","coordinates":[112.3,-7.2]}},{"type":"Feature","properties":{"Line":"R130","Tr":3018,"X":"644300.5","Y":"9202056.5","Rotation":0,"NAMOBJ":"Sukobendu","WADMKC":"Mantup","WADMKK":"Lamongan"},"geometry":{"type":"Point","coordinates":[112.3,-7.2]}},{"type":"Feature","properties":{"Line":"R130","Tr":3019,"X":"644300.5","Y":"9202044.0","Rotation":0,"NAMOBJ":"Sukobendu","WADMKC":"Mantup","WADMKK":"Lamongan"},"geometry":{"type":"Point","coordinates":[112.3,-7.2]}},{"type":"Feature","properties":{"Line":"R130","Tr":3020,"X":"644300.5","Y":"9202031.5","Rotation":0,"NAMOBJ":"Sukobendu","WADMKC":"Mantup","WADMKK":"Lamongan"},"geometry":{"type":"Point","coordinates":[112.3,-7.2]}},{"type":"Feature","properties":{"Line":"R130","Tr":3021,"X":"644300.5","Y":"9202019.0","Rotation":0,"NAMOBJ":"Sukobendu","WADMKC":"Mantup","WADMKK":"Lamongan"},"geometry":{"type":"Point","coordinates":[112.3,-7.2]}},{"type":"Feature","properties":{"Line":"R130","Tr":3022,"X":"644300.5","Y":"9202006.5","Rotation":0,"NAMOBJ":"Sukobendu","WADMKC":"Mantup","WADMKK":"Lamongan"},"geometry":{"type":"Point","coordinates":[112.3,-7.2]}},{"type":"Feature","properties":{"Line":"R130","Tr":3023,"X":"644300.5","Y":"9201994.0","Rotation":0,"NAMOBJ":"Sukobendu","WADMKC":"Mantup","WADMKK":"Lamongan"},"geometry":{"type":"Point","coordinates":[112.3,-7.2]}},{"type":"Feature","properties":{"Line":"R130","Tr":3024,"X":"644300.5","Y":"9201981.5","Rotation":0,"NAMOBJ":"Sukobendu","WADMKC":"Mantup","WADMKK":"Lamongan"},"geometry":{"type":"Point","coordinates":[112.3,-7.2]}},{"type":"Feature","properties":{"Line":"R130","Tr":3025,"X":"644300.5","Y":"9201969.0","Rotation":0,"NAMOBJ":"Sukobendu","WADMKC":"Mantup","WADMKK":"Lamongan"},"geometry":{"type":"Point","coordinates":[112.3,-7.2]}},{"type":"Feature","properties":{"Line":"R130","Tr":3026,"X":"644300.5","Y":"9201956.5","Rotation":0,"NAMOBJ":"Sukobendu","WADMKC":"Mantup","WADMKK":"Lamongan"},"geometry":{"type":"Point","coordinates":[112.3,-7.2]}},{"type":"Feature","properties":{"Line":"R130","Tr":3027,"X":"644300.5","Y":"9201944.0","Rotation":0,"NAMOBJ":"Sukobendu","WADMKC":"Mantup","WADMKK":"Lamongan"},"geometry":{"type":"Point","coordinates":[112.3,-7.2]}},{"type":"Feature","properties":{"Line":"R130","Tr":3028,"X":"644300.5","Y":"9201931.5","Rotation":0,"NAMOBJ":"Sukobendu","WADMKC":"Mantup","WADMKK":"Lamongan"},"geometry":{"type":"Point","coordinates":[112.3,-7.2]}},{"type":"Feature","properties":{"Line":"R130","Tr":3029,"X":"644300.5","Y":"9201919.0","Rotation":0,"NAMOBJ":"Sukobendu","WADMKC":"Mantup","WADMKK":"Lamongan"},"geometry":{"type":"Point","coordinates":[112.3,-7.2]}},{"type":"Feature","properties":{"Line":"R130","Tr":3030,"X":"644300.5","Y":"9201906.5","Rotation":0,"NAMOBJ":"Sukobendu","WADMKC":"Mantup","WADMKK":"Lamongan"},"geometry":{"type":"Point","coordinates":[112.3,-7.2]}},{"type":"Feature","properties":{"Line":"R130","Tr":3031,"X":"644300.5","Y":"9201894.0","Rotation":0,"NAMOBJ":"Sukobendu","WADMKC":"Mantup","WADMKK":"Lamongan"},"geometry":{"type":"Point","coordinates":[112.3,-7.2]}},{"type":"Feature","properties":{"Line":"R130","Tr":3032,"X":"644300.5","Y":"9201881.5","Rotation":0,"NAMOBJ":"Sukobendu","WADMKC":"Mantup","WADMKK":"Lamongan"},"geometry":{"type":"Point","coordinates":[112.3,-7.2]}},{"type":"Feature","properties":{"Line":"R130","Tr":3033,"X":"644300.5","Y":"9201869.0","Rotation":0,"NAMOBJ":"Sukobendu","WADMKC":"Mantup","WADMKK":"Lamongan"},"geometry":{"type":"Point","coordinates":[112.3,-7.2]}},{"type":"Feature","properties":{"Line":"R130","Tr":3034,"X":"644300.5","Y":"9201856.5","Rotation":0,"NAMOBJ":"Sukobendu","WADMKC":"Mantup","WADMKK":"Lamongan"},"geometry":{"type":"Point","coordinates":[112.3,-7.2]}},{"type":"Feature","properties":{"Line":"R130","Tr":3035,"X":"644300.5","Y":"9201844.0","Rotation":0,"NAMOBJ":"Sukobendu","WADMKC":"Mantup","WADMKK":"Lamongan"},"geometry":{"type":"Point","coordinates":[112.3,-7.2]}},{"type":"Feature","properties":{"Line":"R130","Tr":3036,"X":"644300.5","Y":"9201831.5","Rotation":0,"NAMOBJ":"Sukobendu","WADMKC":"Mantup","WADMKK":"Lamongan"},"geometry":{"type":"Point","coordinates":[112.3,-7.2]}},{"type":"Feature","properties":{"Line":"R130","Tr":3037,"X":"644300.5","Y":"9201819.0","Rotation":0,"NAMOBJ":"Sukobendu","WADMKC":"Mantup","WADMKK":"Lamongan"},"geometry":{"type":"Point","coordinates":[112.3,-7.2]}},{"type":"Feature","properties":{"Line":"R130","Tr":3038,"X":"644300.5","Y":"9201806.5","Rotation":0,"NAMOBJ":"Sukobendu","WADMKC":"Mantup","WADMKK":"Lamongan"},"geometry":{"type":"Point","coordinates":[112.3,-7.2]}},{"type":"Feature","properties":{"Line":"R130","Tr":3039,"X":"644300.5","Y":"9201794.0","Rotation":0,"NAMOBJ":"Sukobendu","WADMKC":"Mantup","WADMKK":"Lamongan"},"geometry":{"type":"Point","coordinates":[112.3,-7.2]}},{"type":"Feature","properties":{"Line":"R130","Tr":3040,"X":"644300.5","Y":"9201781.5","Rotation":0,"NAMOBJ":"Sukobendu","WADMKC":"Mantup","WADMKK":"Lamongan"},"geometry":{"type":"Point","coordinates":[112.3,-7.2]}},{"type":"Feature","properties":{"Line":"R130","Tr":3041,"X":"644300.5","Y":"9201769.0","Rotation":0,"NAMOBJ":"Sukobendu","WADMKC":"Mantup","WADMKK":"Lamongan"},"geometry":{"type":"Point","coordinates":[112.3,-7.2]}},{"type":"Feature","properties":{"Line":"R130","Tr":3042,"X":"644300.5","Y":"9201756.5","Rotation":0,"NAMOBJ":"Sukobendu","WADMKC":"Mantup","WADMKK":"Lamongan"},"geometry":{"type":"Point","coordinates":[112.3,-7.2]}},{"type":"Feature","properties":{"Line":"R130","Tr":3043,"X":"644300.5","Y":"9201744.0","Rotation":0,"NAMOBJ":"Sukobendu","WADMKC":"Mantup","WADMKK":"Lamongan"},"geometry":{"type":"Point","coordinates":[112.3,-7.2]}},{"type":"Feature","properties":{"Line":"R130","Tr":3044,"X":"644300.5","Y":"9201731.5","Rotation":0,"NAMOBJ":"Sukobendu","WADMKC":"Mantup","WADMKK":"Lamongan"},"geometry":{"type":"Point","coordinates":[112.3,-7.2]}},{"type":"Feature","properties":{"Line":"R130","Tr":3045,"X":"644300.5","Y":"9201719.0","Rotation":0,"NAMOBJ":"Sukobendu","WADMKC":"Mantup","WADMKK":"Lamongan"},"geometry":{"type":"Point","coordinates":[112.3,-7.2]}},{"type":"Feature","properties":{"Line":"R130","Tr":3046,"X":"644300.5","Y":"9201706.5","Rotation":0,"NAMOBJ":"Sukobendu","WADMKC":"Mantup","WADMKK":"Lamongan"},"geometry":{"type":"Point","coordinates":[112.3,-7.2]}},{"type":"Feature","properties":{"Line":"R130","Tr":3047,"X":"644300.5","Y":"9201694.0","Rotation":0,"NAMOBJ":"Sukobendu","WADMKC":"Mantup","WADMKK":"Lamongan"},"geometry":{"type":"Point","coordinates":[112.3,-7.2]}},{"type":"Feature","properties":{"Line":"R130","Tr":3048,"X":"644300.5","Y":"9201681.5","Rotation":0,"NAMOBJ":"Sukobendu","WADMKC":"Mantup","WADMKK":"Lamongan"},"geometry":{"type":"Point","coordinates":[112.3,-7.2]}},{"type":"Feature","properties":{"Line":"R130","Tr":3049,"X":"644300.5","Y":"9201669.0","Rotation":0,"NAMOBJ":"Sukobendu","WADMKC":"Mantup","WADMKK":"Lamongan"},"geometry":{"type":"Point","coordinates":[112.3,-7.2]}},{"type":"Feature","properties":{"Line":"R130","Tr":3050,"X":"644300.5","Y":"9201656.5","Rotation":0,"NAMOBJ":"Sukobendu","WADMKC":"Mantup","WADMKK":"Lamongan"},"geometry":{"type":"Point","coordinates":[112.3,-7.2]}},{"type":"Feature","properties":{"Line":"R130","Tr":3051,"X":"644300.5","Y":"9201644.0","Rotation":0,"NAMOBJ":"Sukobendu","WADMKC":"Mantup","WADMKK":"Lamongan"},"geometry":{"type":"Point","coordinates":[112.3,-7.2]}},{"type":"Feature","properties":{"Line":"R130","Tr":3052,"X":"644300.5","Y":"9201631.5","Rotation":0,"NAMOBJ":"Sukobendu","WADMKC":"Mantup","WADMKK":"Lamongan"},"geometry":{"type":"Point","coordinates":[112.3,-7.2]}},{"type":"Feature","properties":{"Line":"R132","Tr":2782,"X":"645300.5","Y":"9204606.5","Rotation":0,"NAMOBJ":"Sukobendu","WADMKC":"Mantup","WADMKK":"Lamongan"},"geometry":{"type":"Point","coordinates":[112.3,-7.2]}},{"type":"Feature","properties":{"Line":"R132","Tr":2783,"X":"645300.5","Y":"9204594.0","Rotation":0,"NAMOBJ":"Sukobendu","WADMKC":"Mantup","WADMKK":"Lamongan"},"geometry":{"type":"Point","coordinates":[112.3,-7.2]}},{"type":"Feature","properties":{"Line":"R132","Tr":2784,"X":"645300.5","Y":"9204581.5","Rotation":0,"NAMOBJ":"Sukobendu","WADMKC":"Mantup","WADMKK":"Lamongan"},"geometry":{"type":"Point","coordinates":[112.3,-7.2]}},{"type":"Feature","properties":{"Line":"R132","Tr":2785,"X":"645300.5","Y":"9204569.0","Rotation":0,"NAMOBJ":"Sukobendu","WADMKC":"Mantup","WADMKK":"Lamongan"},"geometry":{"type":"Point","coordinates":[112.3,-7.2]}},{"type":"Feature","properties":{"Line":"R132","Tr":2786,"X":"645300.5","Y":"9204556.5","Rotation":0,"NAMOBJ":"Sukobendu","WADMKC":"Mantup","WADMKK":"Lamongan"},"geometry":{"type":"Point","coordinates":[112.3,-7.2]}},{"type":"Feature","properties":{"Line":"R132","Tr":2787,"X":"645300.5","Y":"9204544.0","Rotation":0,"NAMOBJ":"Sukobendu","WADMKC":"Mantup","WADMKK":"Lamongan"},"geometry":{"type":"Point","coordinates":[112.3,-7.2]}},{"type":"Feature","properties":{"Line":"R132","Tr":2788,"X":"645300.5","Y":"9204531.5","Rotation":0,"NAMOBJ":"Sukobendu","WADMKC":"Mantup","WADMKK":"Lamongan"},"geometry":{"type":"Point","coordinates":[112.3,-7.2]}},{"type":"Feature","properties":{"Line":"R132","Tr":2789,"X":"645300.5","Y":"9204519.0","Rotation":0,"NAMOBJ":"Sukobendu","WADMKC":"Mantup","WADMKK":"Lamongan"},"geometry":{"type":"Point","coordinates":[112.3,-7.2]}},{"type":"Feature","properties":{"Line":"R132","Tr":2790,"X":"645300.5","Y":"9204506.5","Rotation":0,"NAMOBJ":"Sukobendu","WADMKC":"Mantup","WADMKK":"Lamongan"},"geometry":{"type":"Point","coordinates":[112.3,-7.2]}},{"type":"Feature","properties":{"Line":"R132","Tr":2791,"X":"645300.5","Y":"9204494.0","Rotation":0,"NAMOBJ":"Sukobendu","WADMKC":"Mantup","WADMKK":"Lamongan"},"geometry":{"type":"Point","coordinates":[112.3,-7.2]}},{"type":"Feature","properties":{"Line":"R132","Tr":2792,"X":"645300.5","Y":"9204481.5","Rotation":0,"NAMOBJ":"Sukobendu","WADMKC":"Mantup","WADMKK":"Lamongan"},"geometry":{"type":"Point","coordinates":[112.3,-7.2]}},{"type":"Feature","properties":{"Line":"R132","Tr":2793,"X":"645300.5","Y":"9204469.0","Rotation":0,"NAMOBJ":"Sukobendu","WADMKC":"Mantup","WADMKK":"Lamongan"},"geometry":{"type":"Point","coordinates":[112.3,-7.2]}},{"type":"Feature","properties":{"Line":"R132","Tr":2794,"X":"645300.5","Y":"9204456.5","Rotation":0,"NAMOBJ":"Sukobendu","WADMKC":"Mantup","WADMKK":"Lamongan"},"geometry":{"type":"Point","coordinates":[112.3,-7.2]}},{"type":"Feature","properties":{"Line":"R132","Tr":2795,"X":"645300.5","Y":"9204444.0","Rotation":0,"NAMOBJ":"Sukobendu","WADMKC":"Mantup","WADMKK":"Lamongan"},"geometry":{"type":"Point","coordinates":[112.3,-7.2]}},{"type":"Feature","properties":{"Line":"R132","Tr":2796,"X":"645300.5","Y":"9204431.5","Rotation":0,"NAMOBJ":"Sukobendu","WADMKC":"Mantup","WADMKK":"Lamongan"},"geometry":{"type":"Point","coordinates":[112.3,-7.2]}},{"type":"Feature","properties":{"Line":"R132","Tr":2797,"X":"645300.5","Y":"9204419.0","Rotation":0,"NAMOBJ":"Sukobendu","WADMKC":"Mantup","WADMKK":"Lamongan"},"geometry":{"type":"Point","coordinates":[112.3,-7.2]}},{"type":"Feature","properties":{"Line":"R132","Tr":2798,"X":"645300.5","Y":"9204406.5","Rotation":0,"NAMOBJ":"Sukobendu","WADMKC":"Mantup","WADMKK":"Lamongan"},"geometry":{"type":"Point","coordinates":[112.3,-7.2]}},{"type":"Feature","properties":{"Line":"R132","Tr":2799,"X":"645300.5","Y":"9204394.0","Rotation":0,"NAMOBJ":"Sukobendu","WADMKC":"Mantup","WADMKK":"Lamongan"},"geometry":{"type":"Point","coordinates":[112.3,-7.2]}},{"type":"Feature","properties":{"Line":"R132","Tr":2800,"X":"645300.5","Y":"9204381.5","Rotation":0,"NAMOBJ":"Sukobendu","WADMKC":"Mantup","WADMKK":"Lamongan"},"geometry":{"type":"Point","coordinates":[112.3,-7.2]}},{"type":"Feature","properties":{"Line":"R132","Tr":2801,"X":"645300.5","Y":"9204369.0","Rotation":0,"NAMOBJ":"Sukobendu","WADMKC":"Mantup","WADMKK":"Lamongan"},"geometry":{"type":"Point","coordinates":[112.3,-7.2]}},{"type":"Feature","properties":{"Line":"R132","Tr":2802,"X":"645300.5","Y":"9204356.5","Rotation":0,"NAMOBJ":"Sukobendu","WADMKC":"Mantup","WADMKK":"Lamongan"},"geometry":{"type":"Point","coordinates":[112.3,-7.2]}},{"type":"Feature","properties":{"Line":"R132","Tr":2803,"X":"645300.5","Y":"9204344.0","Rotation":0,"NAMOBJ":"Sukobendu","WADMKC":"Mantup","WADMKK":"Lamongan"},"geometry":{"type":"Point","coordinates":[112.3,-7.2]}},{"type":"Feature","properties":{"Line":"R132","Tr":2804,"X":"645300.5","Y":"9204331.5","Rotation":0,"NAMOBJ":"Sukobendu","WADMKC":"Mantup","WADMKK":"Lamongan"},"geometry":{"type":"Point","coordinates":[112.3,-7.2]}},{"type":"Feature","properties":{"Line":"R132","Tr":2805,"X":"645300.5","Y":"9204319.0","Rotation":0,"NAMOBJ":"Sukobendu","WADMKC":"Mantup","WADMKK":"Lamongan"},"geometry":{"type":"Point","coordinates":[112.3,-7.2]}},{"type":"Feature","properties":{"Line":"R132","Tr":2806,"X":"645300.5","Y":"9204306.5","Rotation":0,"NAMOBJ":"Sukobendu","WADMKC":"Mantup","WADMKK":"Lamongan"},"geometry":{"type":"Point","coordinates":[112.3,-7.2]}},{"type":"Feature","properties":{"Line":"R132","Tr":2807,"X":"645300.5","Y":"9204294.0","Rotation":0,"NAMOBJ":"Sukobendu","WADMKC":"Mantup","WADMKK":"Lamongan"},"geometry":{"type":"Point","coordinates":[112.3,-7.2]}},{"type":"Feature","properties":{"Line":"R132","Tr":2808,"X":"645300.5","Y":"9204281.5","Rotation":0,"NAMOBJ":"Sukobendu","WADMKC":"Mantup","WADMKK":"Lamongan"},"geometry":{"type":"Point","coordinates":[112.3,-7.2]}},{"type":"Feature","properties":{"Line":"R132","Tr":2809,"X":"645300.5","Y":"9204269.0","Rotation":0,"NAMOBJ":"Sukobendu","WADMKC":"Mantup","WADMKK":"Lamongan"},"geometry":{"type":"Point","coordinates":[112.3,-7.2]}},{"type":"Feature","properties":{"Line":"R132","Tr":2810,"X":"645300.5","Y":"9204256.5","Rotation":0,"NAMOBJ":"Sukobendu","WADMKC":"Mantup","WADMKK":"Lamongan"},"geometry":{"type":"Point","coordinates":[112.3,-7.2]}},{"type":"Feature","properties":{"Line":"R132","Tr":2811,"X":"645300.5","Y":"9204244.0","Rotation":0,"NAMOBJ":"Sukobendu","WADMKC":"Mantup","WADMKK":"Lamongan"},"geometry":{"type":"Point","coordinates":[112.3,-7.2]}},{"type":"Feature","properties":{"Line":"R132","Tr":2812,"X":"645300.5","Y":"9204231.5","Rotation":0,"NAMOBJ":"Sukobendu","WADMKC":"Mantup","WADMKK":"Lamongan"},"geometry":{"type":"Point","coordinates":[112.3,-7.2]}},{"type":"Feature","properties":{"Line":"R132","Tr":2813,"X":"645300.5","Y":"9204219.0","Rotation":0,"NAMOBJ":"Sukobendu","WADMKC":"Mantup","WADMKK":"Lamongan"},"geometry":{"type":"Point","coordinates":[112.3,-7.2]}},{"type":"Feature","properties":{"Line":"R132","Tr":2814,"X":"645300.5","Y":"9204206.5","Rotation":0,"NAMOBJ":"Sukobendu","WADMKC":"Mantup","WADMKK":"Lamongan"},"geometry":{"type":"Point","coordinates":[112.3,-7.2]}},{"type":"Feature","properties":{"Line":"R132","Tr":2815,"X":"645300.5","Y":"9204194.0","Rotation":0,"NAMOBJ":"Sukobendu","WADMKC":"Mantup","WADMKK":"Lamongan"},"geometry":{"type":"Point","coordinates":[112.3,-7.2]}},{"type":"Feature","properties":{"Line":"R132","Tr":2816,"X":"645300.5","Y":"9204181.5","Rotation":0,"NAMOBJ":"Sukobendu","WADMKC":"Mantup","WADMKK":"Lamongan"},"geometry":{"type":"Point","coordinates":[112.3,-7.2]}},{"type":"Feature","properties":{"Line":"R132","Tr":2817,"X":"645300.5","Y":"9204169.0","Rotation":0,"NAMOBJ":"Sukobendu","WADMKC":"Mantup","WADMKK":"Lamongan"},"geometry":{"type":"Point","coordinates":[112.3,-7.2]}},{"type":"Feature","properties":{"Line":"R132","Tr":2818,"X":"645300.5","Y":"9204156.5","Rotation":0,"NAMOBJ":"Sukobendu","WADMKC":"Mantup","WADMKK":"Lamongan"},"geometry":{"type":"Point","coordinates":[112.3,-7.2]}},{"type":"Feature","properties":{"Line":"R132","Tr":2819,"X":"645300.5","Y":"9204144.0","Rotation":0,"NAMOBJ":"Sukobendu","WADMKC":"Mantup","WADMKK":"Lamongan"},"geometry":{"type":"Point","coordinates":[112.3,-7.2]}},{"type":"Feature","properties":{"Line":"R132","Tr":2820,"X":"645300.5","Y":"9204131.5","Rotation":0,"NAMOBJ":"Sukobendu","WADMKC":"Mantup","WADMKK":"Lamongan"},"geometry":{"type":"Point","coordinates":[112.3,-7.2]}},{"type":"Feature","properties":{"Line":"R132","Tr":2821,"X":"645300.5","Y":"9204119.0","Rotation":0,"NAMOBJ":"Sukobendu","WADMKC":"Mantup","WADMKK":"Lamongan"},"geometry":{"type":"Point","coordinates":[112.3,-7.2]}},{"type":"Feature","properties":{"Line":"R132","Tr":2822,"X":"645300.5","Y":"9204106.5","Rotation":0,"NAMOBJ":"Sukobendu","WADMKC":"Mantup","WADMKK":"Lamongan"},"geometry":{"type":"Point","coordinates":[112.3,-7.2]}},{"type":"Feature","properties":{"Line":"R132","Tr":2823,"X":"645300.5","Y":"9204094.0","Rotation":0,"NAMOBJ":"Sukobendu","WADMKC":"Mantup","WADMKK":"Lamongan"},"geometry":{"type":"Point","coordinates":[112.3,-7.2]}},{"type":"Feature","properties":{"Line":"R132","Tr":2824,"X":"645300.5","Y":"9204081.5","Rotation":0,"NAMOBJ":"Sukobendu","WADMKC":"Mantup","WADMKK":"Lamongan"},"geometry":{"type":"Point","coordinates":[112.3,-7.2]}},{"type":"Feature","properties":{"Line":"R132","Tr":2825,"X":"645300.5","Y":"9204069.0","Rotation":0,"NAMOBJ":"Sukobendu","WADMKC":"Mantup","WADMKK":"Lamongan"},"geometry":{"type":"Point","coordinates":[112.3,-7.2]}},{"type":"Feature","properties":{"Line":"R132","Tr":2826,"X":"645300.5","Y":"9204056.5","Rotation":0,"NAMOBJ":"Sukobendu","WADMKC":"Mantup","WADMKK":"Lamongan"},"geometry":{"type":"Point","coordinates":[112.3,-7.2]}},{"type":"Feature","properties":{"Line":"R132","Tr":2827,"X":"645300.5","Y":"9204044.0","Rotation":0,"NAMOBJ":"Sukobendu","WADMKC":"Mantup","WADMKK":"Lamongan"},"geometry":{"type":"Point","coordinates":[112.3,-7.2]}},{"type":"Feature","properties":{"Line":"R132","Tr":2828,"X":"645300.5","Y":"9204031.5","Rotation":0,"NAMOBJ":"Sukobendu","WADMKC":"Mantup","WADMKK":"Lamongan"},"geometry":{"type":"Point","coordinates":[112.3,-7.2]}},{"type":"Feature","properties":{"Line":"R132","Tr":2829,"X":"645300.5","Y":"9204019.0","Rotation":0,"NAMOBJ":"Sukobendu","WADMKC":"Mantup","WADMKK":"Lamongan"},"geometry":{"type":"Point","coordinates":[112.3,-7.2]}},{"type":"Feature","properties":{"Line":"R132","Tr":2830,"X":"645300.5","Y":"9204006.5","Rotation":0,"NAMOBJ":"Sukobendu","WADMKC":"Mantup","WADMKK":"Lamongan"},"geometry":{"type":"Point","coordinates":[112.3,-7.2]}},{"type":"Feature","properties":{"Line":"R132","Tr":2831,"X":"645300.5","Y":"9203994.0","Rotation":0,"NAMOBJ":"Sukobendu","WADMKC":"Mantup","WADMKK":"Lamongan"},"geometry":{"type":"Point","coordinates":[112.3,-7.2]}},{"type":"Feature","properties":{"Line":"R132","Tr":2832,"X":"645300.5","Y":"9203981.5","Rotation":0,"NAMOBJ":"Sukobendu","WADMKC":"Mantup","WADMKK":"Lamongan"},"geometry":{"type":"Point","coordinates":[112.3,-7.2]}},{"type":"Feature","properties":{"Line":"R132","Tr":2833,"X":"645300.5","Y":"9203969.0","Rotation":0,"NAMOBJ":"Sukobendu","WADMKC":"Mantup","WADMKK":"Lamongan"},"geometry":{"type":"Point","coordinates":[112.3,-7.2]}},{"type":"Feature","properties":{"Line":"R132","Tr":2834,"X":"645300.5","Y":"9203956.5","Rotation":0,"NAMOBJ":"Sukobendu","WADMKC":"Mantup","WADMKK":"Lamongan"},"geometry":{"type":"Point","coordinates":[112.3,-7.2]}},{"type":"Feature","properties":{"Line":"R132","Tr":2835,"X":"645300.5","Y":"9203944.0","Rotation":0,"NAMOBJ":"Sukobendu","WADMKC":"Mantup","WADMKK":"Lamongan"},"geometry":{"type":"Point","coordinates":[112.3,-7.2]}},{"type":"Feature","properties":{"Line":"R132","Tr":2836,"X":"645300.5","Y":"9203931.5","Rotation":0,"NAMOBJ":"Sukobendu","WADMKC":"Mantup","WADMKK":"Lamongan"},"geometry":{"type":"Point","coordinates":[112.3,-7.2]}},{"type":"Feature","properties":{"Line":"R132","Tr":2837,"X":"645300.5","Y":"9203919.0","Rotation":0,"NAMOBJ":"Sukobendu","WADMKC":"Mantup","WADMKK":"Lamongan"},"geometry":{"type":"Point","coordinates":[112.3,-7.2]}},{"type":"Feature","properties":{"Line":"R132","Tr":2838,"X":"645300.5","Y":"9203906.5","Rotation":0,"NAMOBJ":"Sukobendu","WADMKC":"Mantup","WADMKK":"Lamongan"},"geometry":{"type":"Point","coordinates":[112.3,-7.2]}},{"type":"Feature","properties":{"Line":"R132","Tr":2839,"X":"645300.5","Y":"9203894.0","Rotation":0,"NAMOBJ":"Sukobendu","WADMKC":"Mantup","WADMKK":"Lamongan"},"geometry":{"type":"Point","coordinates":[112.3,-7.2]}},{"type":"Feature","properties":{"Line":"R132","Tr":2840,"X":"645300.5","Y":"9203881.5","Rotation":0,"NAMOBJ":"Sukobendu","WADMKC":"Mantup","WADMKK":"Lamongan"},"geometry":{"type":"Point","coordinates":[112.3,-7.2]}},{"type":"Feature","properties":{"Line":"R132","Tr":2841,"X":"645300.5","Y":"9203869.0","Rotation":0,"NAMOBJ":"Sukobendu","WADMKC":"Mantup","WADMKK":"Lamongan"},"geometry":{"type":"Point","coordinates":[112.3,-7.2]}},{"type":"Feature","properties":{"Line":"R132","Tr":2842,"X":"645300.5","Y":"9203856.5","Rotation":0,"NAMOBJ":"Sukobendu","WADMKC":"Mantup","WADMKK":"Lamongan"},"geometry":{"type":"Point","coordinates":[112.3,-7.2]}},{"type":"Feature","properties":{"Line":"R132","Tr":2843,"X":"645300.5","Y":"9203844.0","Rotation":0,"NAMOBJ":"Sukobendu","WADMKC":"Mantup","WADMKK":"Lamongan"},"geometry":{"type":"Point","coordinates":[112.3,-7.2]}},{"type":"Feature","properties":{"Line":"R132","Tr":2844,"X":"645300.5","Y":"9203831.5","Rotation":0,"NAMOBJ":"Sukobendu","WADMKC":"Mantup","WADMKK":"Lamongan"},"geometry":{"type":"Point","coordinates":[112.3,-7.2]}},{"type":"Feature","properties":{"Line":"R132","Tr":2845,"X":"645300.5","Y":"9203819.0","Rotation":0,"NAMOBJ":"Sukobendu","WADMKC":"Mantup","WADMKK":"Lamongan"},"geometry":{"type":"Point","coordinates":[112.3,-7.2]}},{"type":"Feature","properties":{"Line":"R132","Tr":2846,"X":"645300.5","Y":"9203806.5","Rotation":0,"NAMOBJ":"Sukobendu","WADMKC":"Mantup","WADMKK":"Lamongan"},"geometry":{"type":"Point","coordinates":[112.3,-7.2]}},{"type":"Feature","properties":{"Line":"R132","Tr":2847,"X":"645300.5","Y":"9203794.0","Rotation":0,"NAMOBJ":"Sukobendu","WADMKC":"Mantup","WADMKK":"Lamongan"},"geometry":{"type":"Point","coordinates":[112.3,-7.2]}},{"type":"Feature","properties":{"Line":"R132","Tr":2848,"X":"645300.5","Y":"9203781.5","Rotation":0,"NAMOBJ":"Sukobendu","WADMKC":"Mantup","WADMKK":"Lamongan"},"geometry":{"type":"Point","coordinates":[112.3,-7.2]}},{"type":"Feature","properties":{"Line":"R132","Tr":2849,"X":"645300.5","Y":"9203769.0","Rotation":0,"NAMOBJ":"Sukobendu","WADMKC":"Mantup","WADMKK":"Lamongan"},"geometry":{"type":"Point","coordinates":[112.3,-7.2]}},{"type":"Feature","properties":{"Line":"R132","Tr":2850,"X":"645300.5","Y":"9203756.5","Rotation":0,"NAMOBJ":"Sukobendu","WADMKC":"Mantup","WADMKK":"Lamongan"},"geometry":{"type":"Point","coordinates":[112.3,-7.2]}},{"type":"Feature","properties":{"Line":"R132","Tr":2851,"X":"645300.5","Y":"9203744.0","Rotation":0,"NAMOBJ":"Sukobendu","WADMKC":"Mantup","WADMKK":"Lamongan"},"geometry":{"type":"Point","coordinates":[112.3,-7.2]}},{"type":"Feature","properties":{"Line":"R132","Tr":2852,"X":"645300.5","Y":"9203731.5","Rotation":0,"NAMOBJ":"Sukobendu","WADMKC":"Mantup","WADMKK":"Lamongan"},"geometry":{"type":"Point","coordinates":[112.3,-7.2]}},{"type":"Feature","properties":{"Line":"R132","Tr":2853,"X":"645300.5","Y":"9203719.0","Rotation":0,"NAMOBJ":"Sukobendu","WADMKC":"Mantup","WADMKK":"Lamongan"},"geometry":{"type":"Point","coordinates":[112.3,-7.2]}},{"type":"Feature","properties":{"Line":"R132","Tr":2854,"X":"645300.5","Y":"9203706.5","Rotation":0,"NAMOBJ":"Sukobendu","WADMKC":"Mantup","WADMKK":"Lamongan"},"geometry":{"type":"Point","coordinates":[112.3,-7.2]}},{"type":"Feature","properties":{"Line":"R132","Tr":2855,"X":"645300.5","Y":"9203694.0","Rotation":0,"NAMOBJ":"Sukobendu","WADMKC":"Mantup","WADMKK":"Lamongan"},"geometry":{"type":"Point","coordinates":[112.3,-7.2]}},{"type":"Feature","properties":{"Line":"R132","Tr":2856,"X":"645300.5","Y":"9203681.5","Rotation":0,"NAMOBJ":"Sukobendu","WADMKC":"Mantup","WADMKK":"Lamongan"},"geometry":{"type":"Point","coordinates":[112.3,-7.2]}},{"type":"Feature","properties":{"Line":"R132","Tr":2857,"X":"645300.5","Y":"9203669.0","Rotation":0,"NAMOBJ":"Sukobendu","WADMKC":"Mantup","WADMKK":"Lamongan"},"geometry":{"type":"Point","coordinates":[112.3,-7.2]}},{"type":"Feature","properties":{"Line":"R132","Tr":2858,"X":"645300.5","Y":"9203656.5","Rotation":0,"NAMOBJ":"Sukobendu","WADMKC":"Mantup","WADMKK":"Lamongan"},"geometry":{"type":"Point","coordinates":[112.3,-7.2]}},{"type":"Feature","properties":{"Line":"R132","Tr":2859,"X":"645300.5","Y":"9203644.0","Rotation":0,"NAMOBJ":"Sukobendu","WADMKC":"Mantup","WADMKK":"Lamongan"},"geometry":{"type":"Point","coordinates":[112.3,-7.2]}},{"type":"Feature","properties":{"Line":"R132","Tr":2860,"X":"645300.5","Y":"9203631.5","Rotation":0,"NAMOBJ":"Sukobendu","WADMKC":"Mantup","WADMKK":"Lamongan"},"geometry":{"type":"Point","coordinates":[112.3,-7.2]}},{"type":"Feature","properties":{"Line":"R132","Tr":2861,"X":"645300.5","Y":"9203619.0","Rotation":0,"NAMOBJ":"Sukobendu","WADMKC":"Mantup","WADMKK":"Lamongan"},"geometry":{"type":"Point","coordinates":[112.3,-7.2]}},{"type":"Feature","properties":{"Line":"R132","Tr":2862,"X":"645300.5","Y":"9203606.5","Rotation":0,"NAMOBJ":"Sukobendu","WADMKC":"Mantup","WADMKK":"Lamongan"},"geometry":{"type":"Point","coordinates":[112.3,-7.2]}},{"type":"Feature","properties":{"Line":"R132","Tr":2863,"X":"645300.5","Y":"9203594.0","Rotation":0,"NAMOBJ":"Sukobendu","WADMKC":"Mantup","WADMKK":"Lamongan"},"geometry":{"type":"Point","coordinates":[112.3,-7.2]}},{"type":"Feature","properties":{"Line":"R132","Tr":2864,"X":"645300.5","Y":"9203581.5","Rotation":0,"NAMOBJ":"Sukobendu","WADMKC":"Mantup","WADMKK":"Lamongan"},"geometry":{"type":"Point","coordinates":[112.3,-7.2]}},{"type":"Feature","properties":{"Line":"R132","Tr":2865,"X":"645300.5","Y":"9203569.0","Rotation":0,"NAMOBJ":"Sukobendu","WADMKC":"Mantup","WADMKK":"Lamongan"},"geometry":{"type":"Point","coordinates":[112.3,-7.2]}},{"type":"Feature","properties":{"Line":"R132","Tr":2866,"X":"645300.5","Y":"9203556.5","Rotation":0,"NAMOBJ":"Sukobendu","WADMKC":"Mantup","WADMKK":"Lamongan"},"geometry":{"type":"Point","coordinates":[112.3,-7.2]}},{"type":"Feature","properties":{"Line":"R132","Tr":2867,"X":"645300.5","Y":"9203544.0","Rotation":0,"NAMOBJ":"Sukobendu","WADMKC":"Mantup","WADMKK":"Lamongan"},"geometry":{"type":"Point","coordinates":[112.3,-7.2]}},{"type":"Feature","properties":{"Line":"R132","Tr":2868,"X":"645300.5","Y":"9203531.5","Rotation":0,"NAMOBJ":"Sukobendu","WADMKC":"Mantup","WADMKK":"Lamongan"},"geometry":{"type":"Point","coordinates":[112.3,-7.2]}},{"type":"Feature","properties":{"Line":"R132","Tr":2869,"X":"645300.5","Y":"9203519.0","Rotation":0,"NAMOBJ":"Sukobendu","WADMKC":"Mantup","WADMKK":"Lamongan"},"geometry":{"type":"Point","coordinates":[112.3,-7.2]}},{"type":"Feature","properties":{"Line":"R132","Tr":2870,"X":"645300.5","Y":"9203506.5","Rotation":0,"NAMOBJ":"Sukobendu","WADMKC":"Mantup","WADMKK":"Lamongan"},"geometry":{"type":"Point","coordinates":[112.3,-7.2]}},{"type":"Feature","properties":{"Line":"R132","Tr":2871,"X":"645300.5","Y":"9203494.0","Rotation":0,"NAMOBJ":"Sukobendu","WADMKC":"Mantup","WADMKK":"Lamongan"},"geometry":{"type":"Point","coordinates":[112.3,-7.2]}},{"type":"Feature","properties":{"Line":"R132","Tr":2872,"X":"645300.5","Y":"9203481.5","Rotation":0,"NAMOBJ":"Sukobendu","WADMKC":"Mantup","WADMKK":"Lamongan"},"geometry":{"type":"Point","coordinates":[112.3,-7.2]}},{"type":"Feature","properties":{"Line":"R132","Tr":2873,"X":"645300.5","Y":"9203469.0","Rotation":0,"NAMOBJ":"Sukobendu","WADMKC":"Mantup","WADMKK":"Lamongan"},"geometry":{"type":"Point","coordinates":[112.3,-7.2]}},{"type":"Feature","properties":{"Line":"R132","Tr":2874,"X":"645300.5","Y":"9203456.5","Rotation":0,"NAMOBJ":"Sukobendu","WADMKC":"Mantup","WADMKK":"Lamongan"},"geometry":{"type":"Point","coordinates":[112.3,-7.2]}},{"type":"Feature","properties":{"Line":"R132","Tr":2875,"X":"645300.5","Y":"9203444.0","Rotation":0,"NAMOBJ":"Sukobendu","WADMKC":"Mantup","WADMKK":"Lamongan"},"geometry":{"type":"Point","coordinates":[112.3,-7.2]}},{"type":"Feature","properties":{"Line":"R132","Tr":2876,"X":"645300.5","Y":"9203431.5","Rotation":0,"NAMOBJ":"Sukobendu","WADMKC":"Mantup","WADMKK":"Lamongan"},"geometry":{"type":"Point","coordinates":[112.3,-7.2]}},{"type":"Feature","properties":{"Line":"R132","Tr":2877,"X":"645300.5","Y":"9203419.0","Rotation":0,"NAMOBJ":"Sukobendu","WADMKC":"Mantup","WADMKK":"Lamongan"},"geometry":{"type":"Point","coordinates":[112.3,-7.2]}},{"type":"Feature","properties":{"Line":"R132","Tr":2878,"X":"645300.5","Y":"9203406.5","Rotation":0,"NAMOBJ":"Sukobendu","WADMKC":"Mantup","WADMKK":"Lamongan"},"geometry":{"type":"Point","coordinates":[112.3,-7.2]}},{"type":"Feature","properties":{"Line":"R132","Tr":2879,"X":"645300.5","Y":"9203394.0","Rotation":0,"NAMOBJ":"Sukobendu","WADMKC":"Mantup","WADMKK":"Lamongan"},"geometry":{"type":"Point","coordinates":[112.3,-7.2]}},{"type":"Feature","properties":{"Line":"R132","Tr":2880,"X":"645300.5","Y":"9203381.5","Rotation":0,"NAMOBJ":"Sukobendu","WADMKC":"Mantup","WADMKK":"Lamongan"},"geometry":{"type":"Point","coordinates":[112.3,-7.2]}},{"type":"Feature","properties":{"Line":"R132","Tr":2881,"X":"645300.5","Y":"9203369.0","Rotation":0,"NAMOBJ":"Sukobendu","WADMKC":"Mantup","WADMKK":"Lamongan"},"geometry":{"type":"Point","coordinates":[112.3,-7.2]}},{"type":"Feature","properties":{"Line":"R132","Tr":2882,"X":"645300.5","Y":"9203356.5","Rotation":0,"NAMOBJ":"Sukobendu","WADMKC":"Mantup","WADMKK":"Lamongan"},"geometry":{"type":"Point","coordinates":[112.3,-7.2]}},{"type":"Feature","properties":{"Line":"R132","Tr":2883,"X":"645300.5","Y":"9203344.0","Rotation":0,"NAMOBJ":"Sukobendu","WADMKC":"Mantup","WADMKK":"Lamongan"},"geometry":{"type":"Point","coordinates":[112.3,-7.2]}},{"type":"Feature","properties":{"Line":"R132","Tr":2884,"X":"645300.5","Y":"9203331.5","Rotation":0,"NAMOBJ":"Sukobendu","WADMKC":"Mantup","WADMKK":"Lamongan"},"geometry":{"type":"Point","coordinates":[112.3,-7.2]}},{"type":"Feature","properties":{"Line":"R132","Tr":2885,"X":"645300.5","Y":"9203319.0","Rotation":0,"NAMOBJ":"Sukobendu","WADMKC":"Mantup","WADMKK":"Lamongan"},"geometry":{"type":"Point","coordinates":[112.3,-7.2]}},{"type":"Feature","properties":{"Line":"R132","Tr":2886,"X":"645300.5","Y":"9203306.5","Rotation":0,"NAMOBJ":"Sukobendu","WADMKC":"Mantup","WADMKK":"Lamongan"},"geometry":{"type":"Point","coordinates":[112.3,-7.2]}},{"type":"Feature","properties":{"Line":"R132","Tr":2887,"X":"645300.5","Y":"9203294.0","Rotation":0,"NAMOBJ":"Sukobendu","WADMKC":"Mantup","WADMKK":"Lamongan"},"geometry":{"type":"Point","coordinates":[112.3,-7.2]}},{"type":"Feature","properties":{"Line":"R132","Tr":2888,"X":"645300.5","Y":"9203281.5","Rotation":0,"NAMOBJ":"Sukobendu","WADMKC":"Mantup","WADMKK":"Lamongan"},"geometry":{"type":"Point","coordinates":[112.3,-7.2]}},{"type":"Feature","properties":{"Line":"R132","Tr":2889,"X":"645300.5","Y":"9203269.0","Rotation":0,"NAMOBJ":"Sukobendu","WADMKC":"Mantup","WADMKK":"Lamongan"},"geometry":{"type":"Point","coordinates":[112.3,-7.2]}},{"type":"Feature","properties":{"Line":"R132","Tr":2890,"X":"645300.5","Y":"9203256.5","Rotation":0,"NAMOBJ":"Sukobendu","WADMKC":"Mantup","WADMKK":"Lamongan"},"geometry":{"type":"Point","coordinates":[112.3,-7.2]}},{"type":"Feature","properties":{"Line":"R132","Tr":2891,"X":"645300.5","Y":"9203244.0","Rotation":0,"NAMOBJ":"Sukobendu","WADMKC":"Mantup","WADMKK":"Lamongan"},"geometry":{"type":"Point","coordinates":[112.3,-7.2]}},{"type":"Feature","properties":{"Line":"R132","Tr":2892,"X":"645300.5","Y":"9203231.5","Rotation":0,"NAMOBJ":"Sukobendu","WADMKC":"Mantup","WADMKK":"Lamongan"},"geometry":{"type":"Point","coordinates":[112.3,-7.2]}},{"type":"Feature","properties":{"Line":"R132","Tr":2893,"X":"645300.5","Y":"9203219.0","Rotation":0,"NAMOBJ":"Sukobendu","WADMKC":"Mantup","WADMKK":"Lamongan"},"geometry":{"type":"Point","coordinates":[112.3,-7.2]}},{"type":"Feature","properties":{"Line":"R132","Tr":2894,"X":"645300.5","Y":"9203206.5","Rotation":0,"NAMOBJ":"Sukobendu","WADMKC":"Mantup","WADMKK":"Lamongan"},"geometry":{"type":"Point","coordinates":[112.3,-7.2]}},{"type":"Feature","properties":{"Line":"R132","Tr":2895,"X":"645300.5","Y":"9203194.0","Rotation":0,"NAMOBJ":"Sukobendu","WADMKC":"Mantup","WADMKK":"Lamongan"},"geometry":{"type":"Point","coordinates":[112.3,-7.2]}},{"type":"Feature","properties":{"Line":"R132","Tr":2896,"X":"645300.5","Y":"9203181.5","Rotation":0,"NAMOBJ":"Sukobendu","WADMKC":"Mantup","WADMKK":"Lamongan"},"geometry":{"type":"Point","coordinates":[112.3,-7.2]}},{"type":"Feature","properties":{"Line":"R132","Tr":2897,"X":"645300.5","Y":"9203169.0","Rotation":0,"NAMOBJ":"Sukobendu","WADMKC":"Mantup","WADMKK":"Lamongan"},"geometry":{"type":"Point","coordinates":[112.3,-7.2]}},{"type":"Feature","properties":{"Line":"R132","Tr":2898,"X":"645300.5","Y":"9203156.5","Rotation":0,"NAMOBJ":"Sukobendu","WADMKC":"Mantup","WADMKK":"Lamongan"},"geometry":{"type":"Point","coordinates":[112.3,-7.2]}},{"type":"Feature","properties":{"Line":"R132","Tr":2899,"X":"645300.5","Y":"9203144.0","Rotation":0,"NAMOBJ":"Sukobendu","WADMKC":"Mantup","WADMKK":"Lamongan"},"geometry":{"type":"Point","coordinates":[112.3,-7.2]}},{"type":"Feature","properties":{"Line":"R132","Tr":2900,"X":"645300.5","Y":"9203131.5","Rotation":0,"NAMOBJ":"Sukobendu","WADMKC":"Mantup","WADMKK":"Lamongan"},"geometry":{"type":"Point","coordinates":[112.3,-7.2]}},{"type":"Feature","properties":{"Line":"R132","Tr":2901,"X":"645300.5","Y":"9203119.0","Rotation":0,"NAMOBJ":"Sukobendu","WADMKC":"Mantup","WADMKK":"Lamongan"},"geometry":{"type":"Point","coordinates":[112.3,-7.2]}},{"type":"Feature","properties":{"Line":"R132","Tr":2902,"X":"645300.5","Y":"9203106.5","Rotation":0,"NAMOBJ":"Sukobendu","WADMKC":"Mantup","WADMKK":"Lamongan"},"geometry":{"type":"Point","coordinates":[112.3,-7.2]}},{"type":"Feature","properties":{"Line":"R132","Tr":2903,"X":"645300.5","Y":"9203094.0","Rotation":0,"NAMOBJ":"Sukobendu","WADMKC":"Mantup","WADMKK":"Lamongan"},"geometry":{"type":"Point","coordinates":[112.3,-7.2]}},{"type":"Feature","properties":{"Line":"R132","Tr":2904,"X":"645300.5","Y":"9203081.5","Rotation":0,"NAMOBJ":"Sukobendu","WADMKC":"Mantup","WADMKK":"Lamongan"},"geometry":{"type":"Point","coordinates":[112.3,-7.2]}},{"type":"Feature","properties":{"Line":"R132","Tr":2905,"X":"645300.5","Y":"9203069.0","Rotation":0,"NAMOBJ":"Sukobendu","WADMKC":"Mantup","WADMKK":"Lamongan"},"geometry":{"type":"Point","coordinates":[112.3,-7.2]}},{"type":"Feature","properties":{"Line":"R132","Tr":2906,"X":"645300.5","Y":"9203056.5","Rotation":0,"NAMOBJ":"Sukobendu","WADMKC":"Mantup","WADMKK":"Lamongan"},"geometry":{"type":"Point","coordinates":[112.3,-7.2]}},{"type":"Feature","properties":{"Line":"R132","Tr":2907,"X":"645300.5","Y":"9203044.0","Rotation":0,"NAMOBJ":"Sukobendu","WADMKC":"Mantup","WADMKK":"Lamongan"},"geometry":{"type":"Point","coordinates":[112.3,-7.2]}},{"type":"Feature","properties":{"Line":"R132","Tr":2908,"X":"645300.5","Y":"9203031.5","Rotation":0,"NAMOBJ":"Sukobendu","WADMKC":"Mantup","WADMKK":"Lamongan"},"geometry":{"type":"Point","coordinates":[112.3,-7.2]}},{"type":"Feature","properties":{"Line":"R132","Tr":2909,"X":"645300.5","Y":"9203019.0","Rotation":0,"NAMOBJ":"Sukobendu","WADMKC":"Mantup","WADMKK":"Lamongan"},"geometry":{"type":"Point","coordinates":[112.3,-7.2]}},{"type":"Feature","properties":{"Line":"R132","Tr":2910,"X":"645300.5","Y":"9203006.5","Rotation":0,"NAMOBJ":"Sukobendu","WADMKC":"Mantup","WADMKK":"Lamongan"},"geometry":{"type":"Point","coordinates":[112.3,-7.2]}},{"type":"Feature","properties":{"Line":"R132","Tr":2911,"X":"645300.5","Y":"9202994.0","Rotation":0,"NAMOBJ":"Sukobendu","WADMKC":"Mantup","WADMKK":"Lamongan"},"geometry":{"type":"Point","coordinates":[112.3,-7.2]}},{"type":"Feature","properties":{"Line":"R132","Tr":2912,"X":"645300.5","Y":"9202981.5","Rotation":0,"NAMOBJ":"Sukobendu","WADMKC":"Mantup","WADMKK":"Lamongan"},"geometry":{"type":"Point","coordinates":[112.3,-7.2]}},{"type":"Feature","properties":{"Line":"R132","Tr":2913,"X":"645300.5","Y":"9202969.0","Rotation":0,"NAMOBJ":"Sukobendu","WADMKC":"Mantup","WADMKK":"Lamongan"},"geometry":{"type":"Point","coordinates":[112.3,-7.2]}},{"type":"Feature","properties":{"Line":"R132","Tr":2914,"X":"645300.5","Y":"9202956.5","Rotation":0,"NAMOBJ":"Sukobendu","WADMKC":"Mantup","WADMKK":"Lamongan"},"geometry":{"type":"Point","coordinates":[112.3,-7.2]}},{"type":"Feature","properties":{"Line":"R132","Tr":2915,"X":"645300.5","Y":"9202944.0","Rotation":0,"NAMOBJ":"Sukobendu","WADMKC":"Mantup","WADMKK":"Lamongan"},"geometry":{"type":"Point","coordinates":[112.3,-7.2]}},{"type":"Feature","properties":{"Line":"R132","Tr":2916,"X":"645300.5","Y":"9202931.5","Rotation":0,"NAMOBJ":"Sukobendu","WADMKC":"Mantup","WADMKK":"Lamongan"},"geometry":{"type":"Point","coordinates":[112.3,-7.2]}},{"type":"Feature","properties":{"Line":"R132","Tr":2917,"X":"645300.5","Y":"9202919.0","Rotation":0,"NAMOBJ":"Sukobendu","WADMKC":"Mantup","WADMKK":"Lamongan"},"geometry":{"type":"Point","coordinates":[112.3,-7.2]}},{"type":"Feature","properties":{"Line":"R132","Tr":2918,"X":"645300.5","Y":"9202906.5","Rotation":0,"NAMOBJ":"Sukobendu","WADMKC":"Mantup","WADMKK":"Lamongan"},"geometry":{"type":"Point","coordinates":[112.3,-7.2]}},{"type":"Feature","properties":{"Line":"R132","Tr":2919,"X":"645300.5","Y":"9202894.0","Rotation":0,"NAMOBJ":"Sukobendu","WADMKC":"Mantup","WADMKK":"Lamongan"},"geometry":{"type":"Point","coordinates":[112.3,-7.2]}},{"type":"Feature","properties":{"Line":"R132","Tr":2920,"X":"645300.5","Y":"9202881.5","Rotation":0,"NAMOBJ":"Sukobendu","WADMKC":"Mantup","WADMKK":"Lamongan"},"geometry":{"type":"Point","coordinates":[112.3,-7.2]}},{"type":"Feature","properties":{"Line":"R132","Tr":2921,"X":"645300.5","Y":"9202869.0","Rotation":0,"NAMOBJ":"Sukobendu","WADMKC":"Mantup","WADMKK":"Lamongan"},"geometry":{"type":"Point","coordinates":[112.3,-7.2]}},{"type":"Feature","properties":{"Line":"R132","Tr":2922,"X":"645300.5","Y":"9202856.5","Rotation":0,"NAMOBJ":"Sukobendu","WADMKC":"Mantup","WADMKK":"Lamongan"},"geometry":{"type":"Point","coordinates":[112.3,-7.2]}},{"type":"Feature","properties":{"Line":"R132","Tr":2923,"X":"645300.5","Y":"9202844.0","Rotation":0,"NAMOBJ":"Sukobendu","WADMKC":"Mantup","WADMKK":"Lamongan"},"geometry":{"type":"Point","coordinates":[112.3,-7.2]}},{"type":"Feature","properties":{"Line":"R132","Tr":2924,"X":"645300.5","Y":"9202831.5","Rotation":0,"NAMOBJ":"Sukobendu","WADMKC":"Mantup","WADMKK":"Lamongan"},"geometry":{"type":"Point","coordinates":[112.3,-7.2]}},{"type":"Feature","properties":{"Line":"R132","Tr":2925,"X":"645300.5","Y":"9202819.0","Rotation":0,"NAMOBJ":"Sukobendu","WADMKC":"Mantup","WADMKK":"Lamongan"},"geometry":{"type":"Point","coordinates":[112.3,-7.2]}},{"type":"Feature","properties":{"Line":"R132","Tr":2926,"X":"645300.5","Y":"9202806.5","Rotation":0,"NAMOBJ":"Sukobendu","WADMKC":"Mantup","WADMKK":"Lamongan"},"geometry":{"type":"Point","coordinates":[112.3,-7.2]}},{"type":"Feature","properties":{"Line":"R132","Tr":2927,"X":"645300.5","Y":"9202794.0","Rotation":0,"NAMOBJ":"Sukobendu","WADMKC":"Mantup","WADMKK":"Lamongan"},"geometry":{"type":"Point","coordinates":[112.3,-7.2]}},{"type":"Feature","properties":{"Line":"R132","Tr":2928,"X":"645300.5","Y":"9202781.5","Rotation":0,"NAMOBJ":"Sukobendu","WADMKC":"Mantup","WADMKK":"Lamongan"},"geometry":{"type":"Point","coordinates":[112.3,-7.2]}},{"type":"Feature","properties":{"Line":"R132","Tr":2929,"X":"645300.5","Y":"9202769.0","Rotation":0,"NAMOBJ":"Sukobendu","WADMKC":"Mantup","WADMKK":"Lamongan"},"geometry":{"type":"Point","coordinates":[112.3,-7.2]}},{"type":"Feature","properties":{"Line":"R132","Tr":2930,"X":"645300.5","Y":"9202756.5","Rotation":0,"NAMOBJ":"Sukobendu","WADMKC":"Mantup","WADMKK":"Lamongan"},"geometry":{"type":"Point","coordinates":[112.3,-7.2]}},{"type":"Feature","properties":{"Line":"R132","Tr":2931,"X":"645300.5","Y":"9202744.0","Rotation":0,"NAMOBJ":"Sukobendu","WADMKC":"Mantup","WADMKK":"Lamongan"},"geometry":{"type":"Point","coordinates":[112.3,-7.2]}},{"type":"Feature","properties":{"Line":"R132","Tr":2932,"X":"645300.5","Y":"9202731.5","Rotation":0,"NAMOBJ":"Sukobendu","WADMKC":"Mantup","WADMKK":"Lamongan"},"geometry":{"type":"Point","coordinates":[112.3,-7.2]}},{"type":"Feature","properties":{"Line":"R132","Tr":2933,"X":"645300.5","Y":"9202719.0","Rotation":0,"NAMOBJ":"Sukobendu","WADMKC":"Mantup","WADMKK":"Lamongan"},"geometry":{"type":"Point","coordinates":[112.3,-7.2]}},{"type":"Feature","properties":{"Line":"R132","Tr":2934,"X":"645300.5","Y":"9202706.5","Rotation":0,"NAMOBJ":"Sukobendu","WADMKC":"Mantup","WADMKK":"Lamongan"},"geometry":{"type":"Point","coordinates":[112.3,-7.2]}},{"type":"Feature","properties":{"Line":"R132","Tr":2935,"X":"645300.5","Y":"9202694.0","Rotation":0,"NAMOBJ":"Sukobendu","WADMKC":"Mantup","WADMKK":"Lamongan"},"geometry":{"type":"Point","coordinates":[112.3,-7.2]}},{"type":"Feature","properties":{"Line":"R132","Tr":2936,"X":"645300.5","Y":"9202681.5","Rotation":0,"NAMOBJ":"Sukobendu","WADMKC":"Mantup","WADMKK":"Lamongan"},"geometry":{"type":"Point","coordinates":[112.3,-7.2]}},{"type":"Feature","properties":{"Line":"R132","Tr":2937,"X":"645300.5","Y":"9202669.0","Rotation":0,"NAMOBJ":"Sukobendu","WADMKC":"Mantup","WADMKK":"Lamongan"},"geometry":{"type":"Point","coordinates":[112.3,-7.2]}},{"type":"Feature","properties":{"Line":"R132","Tr":2938,"X":"645300.5","Y":"9202656.5","Rotation":0,"NAMOBJ":"Sukobendu","WADMKC":"Mantup","WADMKK":"Lamongan"},"geometry":{"type":"Point","coordinates":[112.3,-7.2]}},{"type":"Feature","properties":{"Line":"R132","Tr":2939,"X":"645300.5","Y":"9202644.0","Rotation":0,"NAMOBJ":"Sukobendu","WADMKC":"Mantup","WADMKK":"Lamongan"},"geometry":{"type":"Point","coordinates":[112.3,-7.2]}},{"type":"Feature","properties":{"Line":"R132","Tr":2940,"X":"645300.5","Y":"9202631.5","Rotation":0,"NAMOBJ":"Sukobendu","WADMKC":"Mantup","WADMKK":"Lamongan"},"geometry":{"type":"Point","coordinates":[112.3,-7.2]}},{"type":"Feature","properties":{"Line":"R132","Tr":2941,"X":"645300.5","Y":"9202619.0","Rotation":0,"NAMOBJ":"Sukobendu","WADMKC":"Mantup","WADMKK":"Lamongan"},"geometry":{"type":"Point","coordinates":[112.3,-7.2]}},{"type":"Feature","properties":{"Line":"R132","Tr":2942,"X":"645300.5","Y":"9202606.5","Rotation":0,"NAMOBJ":"Sukobendu","WADMKC":"Mantup","WADMKK":"Lamongan"},"geometry":{"type":"Point","coordinates":[112.3,-7.2]}},{"type":"Feature","properties":{"Line":"R132","Tr":2943,"X":"645300.5","Y":"9202594.0","Rotation":0,"NAMOBJ":"Sukobendu","WADMKC":"Mantup","WADMKK":"Lamongan"},"geometry":{"type":"Point","coordinates":[112.3,-7.2]}},{"type":"Feature","properties":{"Line":"R132","Tr":2944,"X":"645300.5","Y":"9202581.5","Rotation":0,"NAMOBJ":"Sukobendu","WADMKC":"Mantup","WADMKK":"Lamongan"},"geometry":{"type":"Point","coordinates":[112.3,-7.2]}},{"type":"Feature","properties":{"Line":"R132","Tr":2945,"X":"645300.5","Y":"9202569.0","Rotation":0,"NAMOBJ":"Sukobendu","WADMKC":"Mantup","WADMKK":"Lamongan"},"geometry":{"type":"Point","coordinates":[112.3,-7.2]}},{"type":"Feature","properties":{"Line":"R132","Tr":2946,"X":"645300.5","Y":"9202556.5","Rotation":0,"NAMOBJ":"Sukobendu","WADMKC":"Mantup","WADMKK":"Lamongan"},"geometry":{"type":"Point","coordinates":[112.3,-7.2]}},{"type":"Feature","properties":{"Line":"R132","Tr":2947,"X":"645300.5","Y":"9202544.0","Rotation":0,"NAMOBJ":"Sukobendu","WADMKC":"Mantup","WADMKK":"Lamongan"},"geometry":{"type":"Point","coordinates":[112.3,-7.2]}},{"type":"Feature","properties":{"Line":"R132","Tr":2948,"X":"645300.5","Y":"9202531.5","Rotation":0,"NAMOBJ":"Sukobendu","WADMKC":"Mantup","WADMKK":"Lamongan"},"geometry":{"type":"Point","coordinates":[112.3,-7.2]}},{"type":"Feature","properties":{"Line":"R132","Tr":2949,"X":"645300.5","Y":"9202519.0","Rotation":0,"NAMOBJ":"Sukobendu","WADMKC":"Mantup","WADMKK":"Lamongan"},"geometry":{"type":"Point","coordinates":[112.3,-7.2]}},{"type":"Feature","properties":{"Line":"R132","Tr":2950,"X":"645300.5","Y":"9202506.5","Rotation":0,"NAMOBJ":"Sukobendu","WADMKC":"Mantup","WADMKK":"Lamongan"},"geometry":{"type":"Point","coordinates":[112.3,-7.2]}},{"type":"Feature","properties":{"Line":"R132","Tr":2951,"X":"645300.5","Y":"9202494.0","Rotation":0,"NAMOBJ":"Sukobendu","WADMKC":"Mantup","WADMKK":"Lamongan"},"geometry":{"type":"Point","coordinates":[112.3,-7.2]}},{"type":"Feature","properties":{"Line":"R132","Tr":2952,"X":"645300.5","Y":"9202481.5","Rotation":0,"NAMOBJ":"Sukobendu","WADMKC":"Mantup","WADMKK":"Lamongan"},"geometry":{"type":"Point","coordinates":[112.3,-7.2]}},{"type":"Feature","properties":{"Line":"R132","Tr":2953,"X":"645300.5","Y":"9202469.0","Rotation":0,"NAMOBJ":"Sukobendu","WADMKC":"Mantup","WADMKK":"Lamongan"},"geometry":{"type":"Point","coordinates":[112.3,-7.2]}},{"type":"Feature","properties":{"Line":"R132","Tr":2954,"X":"645300.5","Y":"9202456.5","Rotation":0,"NAMOBJ":"Sukobendu","WADMKC":"Mantup","WADMKK":"Lamongan"},"geometry":{"type":"Point","coordinates":[112.3,-7.2]}},{"type":"Feature","properties":{"Line":"R132","Tr":2955,"X":"645300.5","Y":"9202444.0","Rotation":0,"NAMOBJ":"Sukobendu","WADMKC":"Mantup","WADMKK":"Lamongan"},"geometry":{"type":"Point","coordinates":[112.3,-7.2]}},{"type":"Feature","properties":{"Line":"R132","Tr":2956,"X":"645300.5","Y":"9202431.5","Rotation":0,"NAMOBJ":"Sukobendu","WADMKC":"Mantup","WADMKK":"Lamongan"},"geometry":{"type":"Point","coordinates":[112.3,-7.2]}},{"type":"Feature","properties":{"Line":"R132","Tr":2957,"X":"645300.5","Y":"9202419.0","Rotation":0,"NAMOBJ":"Sukobendu","WADMKC":"Mantup","WADMKK":"Lamongan"},"geometry":{"type":"Point","coordinates":[112.3,-7.2]}},{"type":"Feature","properties":{"Line":"R132","Tr":2958,"X":"645300.5","Y":"9202406.5","Rotation":0,"NAMOBJ":"Sukobendu","WADMKC":"Mantup","WADMKK":"Lamongan"},"geometry":{"type":"Point","coordinates":[112.3,-7.2]}},{"type":"Feature","properties":{"Line":"R132","Tr":2959,"X":"645300.5","Y":"9202394.0","Rotation":0,"NAMOBJ":"Sukobendu","WADMKC":"Mantup","WADMKK":"Lamongan"},"geometry":{"type":"Point","coordinates":[112.3,-7.2]}},{"type":"Feature","properties":{"Line":"R132","Tr":2960,"X":"645300.5","Y":"9202381.5","Rotation":0,"NAMOBJ":"Sukobendu","WADMKC":"Mantup","WADMKK":"Lamongan"},"geometry":{"type":"Point","coordinates":[112.3,-7.2]}},{"type":"Feature","properties":{"Line":"R132","Tr":2961,"X":"645300.5","Y":"9202369.0","Rotation":0,"NAMOBJ":"Sukobendu","WADMKC":"Mantup","WADMKK":"Lamongan"},"geometry":{"type":"Point","coordinates":[112.3,-7.2]}},{"type":"Feature","properties":{"Line":"R132","Tr":2962,"X":"645300.5","Y":"9202356.5","Rotation":0,"NAMOBJ":"Sukobendu","WADMKC":"Mantup","WADMKK":"Lamongan"},"geometry":{"type":"Point","coordinates":[112.3,-7.2]}},{"type":"Feature","properties":{"Line":"R132","Tr":2963,"X":"645300.5","Y":"9202344.0","Rotation":0,"NAMOBJ":"Sukobendu","WADMKC":"Mantup","WADMKK":"Lamongan"},"geometry":{"type":"Point","coordinates":[112.3,-7.2]}},{"type":"Feature","properties":{"Line":"R132","Tr":2964,"X":"645300.5","Y":"9202331.5","Rotation":0,"NAMOBJ":"Sukobendu","WADMKC":"Mantup","WADMKK":"Lamongan"},"geometry":{"type":"Point","coordinates":[112.3,-7.2]}},{"type":"Feature","properties":{"Line":"R132","Tr":2965,"X":"645300.5","Y":"9202319.0","Rotation":0,"NAMOBJ":"Sukobendu","WADMKC":"Mantup","WADMKK":"Lamongan"},"geometry":{"type":"Point","coordinates":[112.3,-7.2]}},{"type":"Feature","properties":{"Line":"R132","Tr":2966,"X":"645300.5","Y":"9202306.5","Rotation":0,"NAMOBJ":"Sukobendu","WADMKC":"Mantup","WADMKK":"Lamongan"},"geometry":{"type":"Point","coordinates":[112.3,-7.2]}},{"type":"Feature","properties":{"Line":"R132","Tr":2967,"X":"645300.5","Y":"9202294.0","Rotation":0,"NAMOBJ":"Sukobendu","WADMKC":"Mantup","WADMKK":"Lamongan"},"geometry":{"type":"Point","coordinates":[112.3,-7.2]}},{"type":"Feature","properties":{"Line":"R132","Tr":2968,"X":"645300.5","Y":"9202281.5","Rotation":0,"NAMOBJ":"Sukobendu","WADMKC":"Mantup","WADMKK":"Lamongan"},"geometry":{"type":"Point","coordinates":[112.3,-7.2]}},{"type":"Feature","properties":{"Line":"R132","Tr":2969,"X":"645300.5","Y":"9202269.0","Rotation":0,"NAMOBJ":"Sukobendu","WADMKC":"Mantup","WADMKK":"Lamongan"},"geometry":{"type":"Point","coordinates":[112.3,-7.2]}},{"type":"Feature","properties":{"Line":"R132","Tr":2970,"X":"645300.5","Y":"9202256.5","Rotation":0,"NAMOBJ":"Sukobendu","WADMKC":"Mantup","WADMKK":"Lamongan"},"geometry":{"type":"Point","coordinates":[112.3,-7.2]}},{"type":"Feature","properties":{"Line":"R132","Tr":2971,"X":"645300.5","Y":"9202244.0","Rotation":0,"NAMOBJ":"Sukobendu","WADMKC":"Mantup","WADMKK":"Lamongan"},"geometry":{"type":"Point","coordinates":[112.3,-7.2]}},{"type":"Feature","properties":{"Line":"R132","Tr":2972,"X":"645300.5","Y":"9202231.5","Rotation":0,"NAMOBJ":"Sukobendu","WADMKC":"Mantup","WADMKK":"Lamongan"},"geometry":{"type":"Point","coordinates":[112.3,-7.2]}},{"type":"Feature","properties":{"Line":"R132","Tr":2973,"X":"645300.5","Y":"9202219.0","Rotation":0,"NAMOBJ":"Sukobendu","WADMKC":"Mantup","WADMKK":"Lamongan"},"geometry":{"type":"Point","coordinates":[112.3,-7.2]}},{"type":"Feature","properties":{"Line":"R132","Tr":2974,"X":"645300.5","Y":"9202206.5","Rotation":0,"NAMOBJ":"Sukobendu","WADMKC":"Mantup","WADMKK":"Lamongan"},"geometry":{"type":"Point","coordinates":[112.3,-7.2]}},{"type":"Feature","properties":{"Line":"R132","Tr":2975,"X":"645300.5","Y":"9202194.0","Rotation":0,"NAMOBJ":"Sukobendu","WADMKC":"Mantup","WADMKK":"Lamongan"},"geometry":{"type":"Point","coordinates":[112.3,-7.2]}},{"type":"Feature","properties":{"Line":"R132","Tr":2976,"X":"645300.5","Y":"9202181.5","Rotation":0,"NAMOBJ":"Sukobendu","WADMKC":"Mantup","WADMKK":"Lamongan"},"geometry":{"type":"Point","coordinates":[112.3,-7.2]}},{"type":"Feature","properties":{"Line":"R132","Tr":2977,"X":"645300.5","Y":"9202169.0","Rotation":0,"NAMOBJ":"Sukobendu","WADMKC":"Mantup","WADMKK":"Lamongan"},"geometry":{"type":"Point","coordinates":[112.3,-7.2]}},{"type":"Feature","properties":{"Line":"R132","Tr":2978,"X":"645300.5","Y":"9202156.5","Rotation":0,"NAMOBJ":"Sukobendu","WADMKC":"Mantup","WADMKK":"Lamongan"},"geometry":{"type":"Point","coordinates":[112.3,-7.2]}},{"type":"Feature","properties":{"Line":"R132","Tr":2979,"X":"645300.5","Y":"9202144.0","Rotation":0,"NAMOBJ":"Sukobendu","WADMKC":"Mantup","WADMKK":"Lamongan"},"geometry":{"type":"Point","coordinates":[112.3,-7.2]}},{"type":"Feature","properties":{"Line":"R132","Tr":2980,"X":"645300.5","Y":"9202131.5","Rotation":0,"NAMOBJ":"Sukobendu","WADMKC":"Mantup","WADMKK":"Lamongan"},"geometry":{"type":"Point","coordinates":[112.3,-7.2]}},{"type":"Feature","properties":{"Line":"R132","Tr":2981,"X":"645300.5","Y":"9202119.0","Rotation":0,"NAMOBJ":"Sukobendu","WADMKC":"Mantup","WADMKK":"Lamongan"},"geometry":{"type":"Point","coordinates":[112.3,-7.2]}},{"type":"Feature","properties":{"Line":"R132","Tr":2982,"X":"645300.5","Y":"9202106.5","Rotation":0,"NAMOBJ":"Sukobendu","WADMKC":"Mantup","WADMKK":"Lamongan"},"geometry":{"type":"Point","coordinates":[112.3,-7.2]}},{"type":"Feature","properties":{"Line":"R132","Tr":2983,"X":"645300.5","Y":"9202094.0","Rotation":0,"NAMOBJ":"Sukobendu","WADMKC":"Mantup","WADMKK":"Lamongan"},"geometry":{"type":"Point","coordinates":[112.3,-7.2]}},{"type":"Feature","properties":{"Line":"R132","Tr":2984,"X":"645300.5","Y":"9202081.5","Rotation":0,"NAMOBJ":"Sukobendu","WADMKC":"Mantup","WADMKK":"Lamongan"},"geometry":{"type":"Point","coordinates":[112.3,-7.2]}},{"type":"Feature","properties":{"Line":"R132","Tr":2985,"X":"645300.5","Y":"9202069.0","Rotation":0,"NAMOBJ":"Sukobendu","WADMKC":"Mantup","WADMKK":"Lamongan"},"geometry":{"type":"Point","coordinates":[112.3,-7.2]}},{"type":"Feature","properties":{"Line":"R132","Tr":2986,"X":"645300.5","Y":"9202056.5","Rotation":0,"NAMOBJ":"Sukobendu","WADMKC":"Mantup","WADMKK":"Lamongan"},"geometry":{"type":"Point","coordinates":[112.3,-7.2]}},{"type":"Feature","properties":{"Line":"R132","Tr":2987,"X":"645300.5","Y":"9202044.0","Rotation":0,"NAMOBJ":"Sukobendu","WADMKC":"Mantup","WADMKK":"Lamongan"},"geometry":{"type":"Point","coordinates":[112.3,-7.2]}},{"type":"Feature","properties":{"Line":"R132","Tr":2988,"X":"645300.5","Y":"9202031.5","Rotation":0,"NAMOBJ":"Sukobendu","WADMKC":"Mantup","WADMKK":"Lamongan"},"geometry":{"type":"Point","coordinates":[112.3,-7.2]}},{"type":"Feature","properties":{"Line":"R132","Tr":2989,"X":"645300.5","Y":"9202019.0","Rotation":0,"NAMOBJ":"Sukobendu","WADMKC":"Mantup","WADMKK":"Lamongan"},"geometry":{"type":"Point","coordinates":[112.3,-7.2]}},{"type":"Feature","properties":{"Line":"R132","Tr":2990,"X":"645300.5","Y":"9202006.5","Rotation":0,"NAMOBJ":"Sukobendu","WADMKC":"Mantup","WADMKK":"Lamongan"},"geometry":{"type":"Point","coordinates":[112.3,-7.2]}},{"type":"Feature","properties":{"Line":"R132","Tr":2991,"X":"645300.5","Y":"9201994.0","Rotation":0,"NAMOBJ":"Sukobendu","WADMKC":"Mantup","WADMKK":"Lamongan"},"geometry":{"type":"Point","coordinates":[112.3,-7.2]}},{"type":"Feature","properties":{"Line":"R132","Tr":2992,"X":"645300.5","Y":"9201981.5","Rotation":0,"NAMOBJ":"Sukobendu","WADMKC":"Mantup","WADMKK":"Lamongan"},"geometry":{"type":"Point","coordinates":[112.3,-7.2]}},{"type":"Feature","properties":{"Line":"R132","Tr":2993,"X":"645300.5","Y":"9201969.0","Rotation":0,"NAMOBJ":"Sukobendu","WADMKC":"Mantup","WADMKK":"Lamongan"},"geometry":{"type":"Point","coordinates":[112.3,-7.2]}},{"type":"Feature","properties":{"Line":"R132","Tr":2994,"X":"645300.5","Y":"9201956.5","Rotation":0,"NAMOBJ":"Sukobendu","WADMKC":"Mantup","WADMKK":"Lamongan"},"geometry":{"type":"Point","coordinates":[112.3,-7.2]}},{"type":"Feature","properties":{"Line":"R132","Tr":2995,"X":"645300.5","Y":"9201944.0","Rotation":0,"NAMOBJ":"Sukobendu","WADMKC":"Mantup","WADMKK":"Lamongan"},"geometry":{"type":"Point","coordinates":[112.3,-7.2]}},{"type":"Feature","properties":{"Line":"R132","Tr":2996,"X":"645300.5","Y":"9201931.5","Rotation":0,"NAMOBJ":"Sukobendu","WADMKC":"Mantup","WADMKK":"Lamongan"},"geometry":{"type":"Point","coordinates":[112.3,-7.2]}},{"type":"Feature","properties":{"Line":"R132","Tr":2997,"X":"645300.5","Y":"9201919.0","Rotation":0,"NAMOBJ":"Sukobendu","WADMKC":"Mantup","WADMKK":"Lamongan"},"geometry":{"type":"Point","coordinates":[112.3,-7.2]}},{"type":"Feature","properties":{"Line":"R132","Tr":2998,"X":"645300.5","Y":"9201906.5","Rotation":0,"NAMOBJ":"Sukobendu","WADMKC":"Mantup","WADMKK":"Lamongan"},"geometry":{"type":"Point","coordinates":[112.3,-7.2]}},{"type":"Feature","properties":{"Line":"R132","Tr":2999,"X":"645300.5","Y":"9201894.0","Rotation":0,"NAMOBJ":"Sukobendu","WADMKC":"Mantup","WADMKK":"Lamongan"},"geometry":{"type":"Point","coordinates":[112.3,-7.2]}},{"type":"Feature","properties":{"Line":"R132","Tr":3000,"X":"645300.5","Y":"9201881.5","Rotation":0,"NAMOBJ":"Sukobendu","WADMKC":"Mantup","WADMKK":"Lamongan"},"geometry":{"type":"Point","coordinates":[112.3,-7.2]}},{"type":"Feature","properties":{"Line":"R134","Tr":2759,"X":"646300.5","Y":"9204894.0","Rotation":0,"NAMOBJ":"Sukobendu","WADMKC":"Mantup","WADMKK":"Lamongan"},"geometry":{"type":"Point","coordinates":[112.3,-7.2]}},{"type":"Feature","properties":{"Line":"R134","Tr":2760,"X":"646300.5","Y":"9204881.5","Rotation":0,"NAMOBJ":"Sukobendu","WADMKC":"Mantup","WADMKK":"Lamongan"},"geometry":{"type":"Point","coordinates":[112.3,-7.2]}},{"type":"Feature","properties":{"Line":"R134","Tr":2761,"X":"646300.5","Y":"9204869.0","Rotation":0,"NAMOBJ":"Sukobendu","WADMKC":"Mantup","WADMKK":"Lamongan"},"geometry":{"type":"Point","coordinates":[112.3,-7.2]}},{"type":"Feature","properties":{"Line":"R134","Tr":2762,"X":"646300.5","Y":"9204856.5","Rotation":0,"NAMOBJ":"Sukobendu","WADMKC":"Mantup","WADMKK":"Lamongan"},"geometry":{"type":"Point","coordinates":[112.3,-7.2]}},{"type":"Feature","properties":{"Line":"R134","Tr":2763,"X":"646300.5","Y":"9204844.0","Rotation":0,"NAMOBJ":"Sukobendu","WADMKC":"Mantup","WADMKK":"Lamongan"},"geometry":{"type":"Point","coordinates":[112.3,-7.2]}},{"type":"Feature","properties":{"Line":"R134","Tr":2764,"X":"646300.5","Y":"9204831.5","Rotation":0,"NAMOBJ":"Sukobendu","WADMKC":"Mantup","WADMKK":"Lamongan"},"geometry":{"type":"Point","coordinates":[112.3,-7.2]}},{"type":"Feature","properties":{"Line":"R134","Tr":2765,"X":"646300.5","Y":"9204819.0","Rotation":0,"NAMOBJ":"Sukobendu","WADMKC":"Mantup","WADMKK":"Lamongan"},"geometry":{"type":"Point","coordinates":[112.3,-7.2]}},{"type":"Feature","properties":{"Line":"R134","Tr":2766,"X":"646300.5","Y":"9204806.5","Rotation":0,"NAMOBJ":"Sukobendu","WADMKC":"Mantup","WADMKK":"Lamongan"},"geometry":{"type":"Point","coordinates":[112.3,-7.2]}},{"type":"Feature","properties":{"Line":"R134","Tr":2767,"X":"646300.5","Y":"9204794.0","Rotation":0,"NAMOBJ":"Sukobendu","WADMKC":"Mantup","WADMKK":"Lamongan"},"geometry":{"type":"Point","coordinates":[112.3,-7.2]}},{"type":"Feature","properties":{"Line":"R134","Tr":2768,"X":"646300.5","Y":"9204781.5","Rotation":0,"NAMOBJ":"Sukobendu","WADMKC":"Mantup","WADMKK":"Lamongan"},"geometry":{"type":"Point","coordinates":[112.3,-7.2]}},{"type":"Feature","properties":{"Line":"R134","Tr":2769,"X":"646300.5","Y":"9204769.0","Rotation":0,"NAMOBJ":"Sukobendu","WADMKC":"Mantup","WADMKK":"Lamongan"},"geometry":{"type":"Point","coordinates":[112.3,-7.2]}},{"type":"Feature","properties":{"Line":"R134","Tr":2770,"X":"646300.5","Y":"9204756.5","Rotation":0,"NAMOBJ":"Sukobendu","WADMKC":"Mantup","WADMKK":"Lamongan"},"geometry":{"type":"Point","coordinates":[112.3,-7.2]}},{"type":"Feature","properties":{"Line":"R134","Tr":2771,"X":"646300.5","Y":"9204744.0","Rotation":0,"NAMOBJ":"Sukobendu","WADMKC":"Mantup","WADMKK":"Lamongan"},"geometry":{"type":"Point","coordinates":[112.3,-7.2]}},{"type":"Feature","properties":{"Line":"R134","Tr":2772,"X":"646300.5","Y":"9204731.5","Rotation":0,"NAMOBJ":"Sukobendu","WADMKC":"Mantup","WADMKK":"Lamongan"},"geometry":{"type":"Point","coordinates":[112.3,-7.2]}},{"type":"Feature","properties":{"Line":"R134","Tr":2773,"X":"646300.5","Y":"9204719.0","Rotation":0,"NAMOBJ":"Sukobendu","WADMKC":"Mantup","WADMKK":"Lamongan"},"geometry":{"type":"Point","coordinates":[112.3,-7.2]}},{"type":"Feature","properties":{"Line":"R134","Tr":2774,"X":"646300.5","Y":"9204706.5","Rotation":0,"NAMOBJ":"Sukobendu","WADMKC":"Mantup","WADMKK":"Lamongan"},"geometry":{"type":"Point","coordinates":[112.3,-7.2]}},{"type":"Feature","properties":{"Line":"R134","Tr":2775,"X":"646300.5","Y":"9204694.0","Rotation":0,"NAMOBJ":"Sukobendu","WADMKC":"Mantup","WADMKK":"Lamongan"},"geometry":{"type":"Point","coordinates":[112.3,-7.2]}},{"type":"Feature","properties":{"Line":"R134","Tr":2776,"X":"646300.5","Y":"9204681.5","Rotation":0,"NAMOBJ":"Sukobendu","WADMKC":"Mantup","WADMKK":"Lamongan"},"geometry":{"type":"Point","coordinates":[112.3,-7.2]}},{"type":"Feature","properties":{"Line":"R134","Tr":2777,"X":"646300.5","Y":"9204669.0","Rotation":0,"NAMOBJ":"Sukobendu","WADMKC":"Mantup","WADMKK":"Lamongan"},"geometry":{"type":"Point","coordinates":[112.3,-7.2]}},{"type":"Feature","properties":{"Line":"R134","Tr":2778,"X":"646300.5","Y":"9204656.5","Rotation":0,"NAMOBJ":"Sukobendu","WADMKC":"Mantup","WADMKK":"Lamongan"},"geometry":{"type":"Point","coordinates":[112.3,-7.2]}},{"type":"Feature","properties":{"Line":"R134","Tr":2779,"X":"646300.5","Y":"9204644.0","Rotation":0,"NAMOBJ":"Sukobendu","WADMKC":"Mantup","WADMKK":"Lamongan"},"geometry":{"type":"Point","coordinates":[112.3,-7.2]}},{"type":"Feature","properties":{"Line":"R134","Tr":2780,"X":"646300.5","Y":"9204631.5","Rotation":0,"NAMOBJ":"Sukobendu","WADMKC":"Mantup","WADMKK":"Lamongan"},"geometry":{"type":"Point","coordinates":[112.3,-7.2]}},{"type":"Feature","properties":{"Line":"R134","Tr":2781,"X":"646300.5","Y":"9204619.0","Rotation":0,"NAMOBJ":"Sukobendu","WADMKC":"Mantup","WADMKK":"Lamongan"},"geometry":{"type":"Point","coordinates":[112.3,-7.2]}},{"type":"Feature","properties":{"Line":"R134","Tr":2782,"X":"646300.5","Y":"9204606.5","Rotation":0,"NAMOBJ":"Sukobendu","WADMKC":"Mantup","WADMKK":"Lamongan"},"geometry":{"type":"Point","coordinates":[112.3,-7.2]}},{"type":"Feature","properties":{"Line":"R134","Tr":2783,"X":"646300.5","Y":"9204594.0","Rotation":0,"NAMOBJ":"Sukobendu","WADMKC":"Mantup","WADMKK":"Lamongan"},"geometry":{"type":"Point","coordinates":[112.3,-7.2]}},{"type":"Feature","properties":{"Line":"R134","Tr":2784,"X":"646300.5","Y":"9204581.5","Rotation":0,"NAMOBJ":"Sukobendu","WADMKC":"Mantup","WADMKK":"Lamongan"},"geometry":{"type":"Point","coordinates":[112.3,-7.2]}},{"type":"Feature","properties":{"Line":"R134","Tr":2785,"X":"646300.5","Y":"9204569.0","Rotation":0,"NAMOBJ":"Sukobendu","WADMKC":"Mantup","WADMKK":"Lamongan"},"geometry":{"type":"Point","coordinates":[112.3,-7.2]}},{"type":"Feature","properties":{"Line":"R134","Tr":2786,"X":"646300.5","Y":"9204556.5","Rotation":0,"NAMOBJ":"Sukobendu","WADMKC":"Mantup","WADMKK":"Lamongan"},"geometry":{"type":"Point","coordinates":[112.3,-7.2]}},{"type":"Feature","properties":{"Line":"R134","Tr":2787,"X":"646300.5","Y":"9204544.0","Rotation":0,"NAMOBJ":"Sukobendu","WADMKC":"Mantup","WADMKK":"Lamongan"},"geometry":{"type":"Point","coordinates":[112.3,-7.2]}},{"type":"Feature","properties":{"Line":"R134","Tr":2788,"X":"646300.5","Y":"9204531.5","Rotation":0,"NAMOBJ":"Sukobendu","WADMKC":"Mantup","WADMKK":"Lamongan"},"geometry":{"type":"Point","coordinates":[112.3,-7.2]}},{"type":"Feature","properties":{"Line":"R134","Tr":2789,"X":"646300.5","Y":"9204519.0","Rotation":0,"NAMOBJ":"Sukobendu","WADMKC":"Mantup","WADMKK":"Lamongan"},"geometry":{"type":"Point","coordinates":[112.3,-7.2]}},{"type":"Feature","properties":{"Line":"R134","Tr":2790,"X":"646300.5","Y":"9204506.5","Rotation":0,"NAMOBJ":"Sukobendu","WADMKC":"Mantup","WADMKK":"Lamongan"},"geometry":{"type":"Point","coordinates":[112.3,-7.2]}},{"type":"Feature","properties":{"Line":"R134","Tr":2791,"X":"646300.5","Y":"9204494.0","Rotation":0,"NAMOBJ":"Sukobendu","WADMKC":"Mantup","WADMKK":"Lamongan"},"geometry":{"type":"Point","coordinates":[112.3,-7.2]}},{"type":"Feature","properties":{"Line":"R134","Tr":2792,"X":"646300.5","Y":"9204481.5","Rotation":0,"NAMOBJ":"Sukobendu","WADMKC":"Mantup","WADMKK":"Lamongan"},"geometry":{"type":"Point","coordinates":[112.3,-7.2]}},{"type":"Feature","properties":{"Line":"R134","Tr":2793,"X":"646300.5","Y":"9204469.0","Rotation":0,"NAMOBJ":"Sukobendu","WADMKC":"Mantup","WADMKK":"Lamongan"},"geometry":{"type":"Point","coordinates":[112.3,-7.2]}},{"type":"Feature","properties":{"Line":"R134","Tr":2794,"X":"646300.5","Y":"9204456.5","Rotation":0,"NAMOBJ":"Sukobendu","WADMKC":"Mantup","WADMKK":"Lamongan"},"geometry":{"type":"Point","coordinates":[112.3,-7.2]}},{"type":"Feature","properties":{"Line":"R134","Tr":2795,"X":"646300.5","Y":"9204444.0","Rotation":0,"NAMOBJ":"Sukobendu","WADMKC":"Mantup","WADMKK":"Lamongan"},"geometry":{"type":"Point","coordinates":[112.3,-7.2]}},{"type":"Feature","properties":{"Line":"R134","Tr":2796,"X":"646300.5","Y":"9204431.5","Rotation":0,"NAMOBJ":"Sukobendu","WADMKC":"Mantup","WADMKK":"Lamongan"},"geometry":{"type":"Point","coordinates":[112.3,-7.2]}},{"type":"Feature","properties":{"Line":"R134","Tr":2797,"X":"646300.5","Y":"9204419.0","Rotation":0,"NAMOBJ":"Sukobendu","WADMKC":"Mantup","WADMKK":"Lamongan"},"geometry":{"type":"Point","coordinates":[112.3,-7.2]}},{"type":"Feature","properties":{"Line":"R134","Tr":2798,"X":"646300.5","Y":"9204406.5","Rotation":0,"NAMOBJ":"Sukobendu","WADMKC":"Mantup","WADMKK":"Lamongan"},"geometry":{"type":"Point","coordinates":[112.3,-7.2]}},{"type":"Feature","properties":{"Line":"R134","Tr":2799,"X":"646300.5","Y":"9204394.0","Rotation":0,"NAMOBJ":"Sukobendu","WADMKC":"Mantup","WADMKK":"Lamongan"},"geometry":{"type":"Point","coordinates":[112.3,-7.2]}},{"type":"Feature","properties":{"Line":"R134","Tr":2800,"X":"646300.5","Y":"9204381.5","Rotation":0,"NAMOBJ":"Sukobendu","WADMKC":"Mantup","WADMKK":"Lamongan"},"geometry":{"type":"Point","coordinates":[112.3,-7.2]}},{"type":"Feature","properties":{"Line":"R134","Tr":2801,"X":"646300.5","Y":"9204369.0","Rotation":0,"NAMOBJ":"Sukobendu","WADMKC":"Mantup","WADMKK":"Lamongan"},"geometry":{"type":"Point","coordinates":[112.3,-7.2]}},{"type":"Feature","properties":{"Line":"R134","Tr":2802,"X":"646300.5","Y":"9204356.5","Rotation":0,"NAMOBJ":"Sukobendu","WADMKC":"Mantup","WADMKK":"Lamongan"},"geometry":{"type":"Point","coordinates":[112.3,-7.2]}},{"type":"Feature","properties":{"Line":"R134","Tr":2803,"X":"646300.5","Y":"9204344.0","Rotation":0,"NAMOBJ":"Sukobendu","WADMKC":"Mantup","WADMKK":"Lamongan"},"geometry":{"type":"Point","coordinates":[112.3,-7.2]}},{"type":"Feature","properties":{"Line":"R134","Tr":2804,"X":"646300.5","Y":"9204331.5","Rotation":0,"NAMOBJ":"Sukobendu","WADMKC":"Mantup","WADMKK":"Lamongan"},"geometry":{"type":"Point","coordinates":[112.3,-7.2]}},{"type":"Feature","properties":{"Line":"R134","Tr":2805,"X":"646300.5","Y":"9204319.0","Rotation":0,"NAMOBJ":"Sukobendu","WADMKC":"Mantup","WADMKK":"Lamongan"},"geometry":{"type":"Point","coordinates":[112.3,-7.2]}},{"type":"Feature","properties":{"Line":"R134","Tr":2806,"X":"646300.5","Y":"9204306.5","Rotation":0,"NAMOBJ":"Sukobendu","WADMKC":"Mantup","WADMKK":"Lamongan"},"geometry":{"type":"Point","coordinates":[112.3,-7.2]}},{"type":"Feature","properties":{"Line":"R134","Tr":2807,"X":"646300.5","Y":"9204294.0","Rotation":0,"NAMOBJ":"Sukobendu","WADMKC":"Mantup","WADMKK":"Lamongan"},"geometry":{"type":"Point","coordinates":[112.3,-7.2]}},{"type":"Feature","properties":{"Line":"R134","Tr":2808,"X":"646300.5","Y":"9204281.5","Rotation":0,"NAMOBJ":"Sukobendu","WADMKC":"Mantup","WADMKK":"Lamongan"},"geometry":{"type":"Point","coordinates":[112.3,-7.2]}},{"type":"Feature","properties":{"Line":"R134","Tr":2809,"X":"646300.5","Y":"9204269.0","Rotation":0,"NAMOBJ":"Sukobendu","WADMKC":"Mantup","WADMKK":"Lamongan"},"geometry":{"type":"Point","coordinates":[112.3,-7.2]}},{"type":"Feature","properties":{"Line":"R134","Tr":2810,"X":"646300.5","Y":"9204256.5","Rotation":0,"NAMOBJ":"Sukobendu","WADMKC":"Mantup","WADMKK":"Lamongan"},"geometry":{"type":"Point","coordinates":[112.3,-7.2]}},{"type":"Feature","properties":{"Line":"R134","Tr":2811,"X":"646300.5","Y":"9204244.0","Rotation":0,"NAMOBJ":"Sukobendu","WADMKC":"Mantup","WADMKK":"Lamongan"},"geometry":{"type":"Point","coordinates":[112.3,-7.2]}},{"type":"Feature","properties":{"Line":"R134","Tr":2812,"X":"646300.5","Y":"9204231.5","Rotation":0,"NAMOBJ":"Sukobendu","WADMKC":"Mantup","WADMKK":"Lamongan"},"geometry":{"type":"Point","coordinates":[112.3,-7.2]}},{"type":"Feature","properties":{"Line":"R134","Tr":2813,"X":"646300.5","Y":"9204219.0","Rotation":0,"NAMOBJ":"Sukobendu","WADMKC":"Mantup","WADMKK":"Lamongan"},"geometry":{"type":"Point","coordinates":[112.3,-7.2]}},{"type":"Feature","properties":{"Line":"R134","Tr":2814,"X":"646300.5","Y":"9204206.5","Rotation":0,"NAMOBJ":"Sukobendu","WADMKC":"Mantup","WADMKK":"Lamongan"},"geometry":{"type":"Point","coordinates":[112.3,-7.2]}},{"type":"Feature","properties":{"Line":"R134","Tr":2815,"X":"646300.5","Y":"9204194.0","Rotation":0,"NAMOBJ":"Sukobendu","WADMKC":"Mantup","WADMKK":"Lamongan"},"geometry":{"type":"Point","coordinates":[112.3,-7.2]}},{"type":"Feature","properties":{"Line":"R134","Tr":2816,"X":"646300.5","Y":"9204181.5","Rotation":0,"NAMOBJ":"Sukobendu","WADMKC":"Mantup","WADMKK":"Lamongan"},"geometry":{"type":"Point","coordinates":[112.3,-7.2]}},{"type":"Feature","properties":{"Line":"R134","Tr":2817,"X":"646300.5","Y":"9204169.0","Rotation":0,"NAMOBJ":"Sukobendu","WADMKC":"Mantup","WADMKK":"Lamongan"},"geometry":{"type":"Point","coordinates":[112.3,-7.2]}},{"type":"Feature","properties":{"Line":"R134","Tr":2818,"X":"646300.5","Y":"9204156.5","Rotation":0,"NAMOBJ":"Sukobendu","WADMKC":"Mantup","WADMKK":"Lamongan"},"geometry":{"type":"Point","coordinates":[112.3,-7.2]}},{"type":"Feature","properties":{"Line":"R134","Tr":2819,"X":"646300.5","Y":"9204144.0","Rotation":0,"NAMOBJ":"Sukobendu","WADMKC":"Mantup","WADMKK":"Lamongan"},"geometry":{"type":"Point","coordinates":[112.3,-7.2]}},{"type":"Feature","properties":{"Line":"R134","Tr":2820,"X":"646300.5","Y":"9204131.5","Rotation":0,"NAMOBJ":"Sukobendu","WADMKC":"Mantup","WADMKK":"Lamongan"},"geometry":{"type":"Point","coordinates":[112.3,-7.2]}},{"type":"Feature","properties":{"Line":"R134","Tr":2821,"X":"646300.5","Y":"9204119.0","Rotation":0,"NAMOBJ":"Sukobendu","WADMKC":"Mantup","WADMKK":"Lamongan"},"geometry":{"type":"Point","coordinates":[112.3,-7.2]}},{"type":"Feature","properties":{"Line":"R134","Tr":2822,"X":"646300.5","Y":"9204106.5","Rotation":0,"NAMOBJ":"Sukobendu","WADMKC":"Mantup","WADMKK":"Lamongan"},"geometry":{"type":"Point","coordinates":[112.3,-7.2]}},{"type":"Feature","properties":{"Line":"R134","Tr":2823,"X":"646300.5","Y":"9204094.0","Rotation":0,"NAMOBJ":"Sukobendu","WADMKC":"Mantup","WADMKK":"Lamongan"},"geometry":{"type":"Point","coordinates":[112.3,-7.2]}},{"type":"Feature","properties":{"Line":"R134","Tr":2824,"X":"646300.5","Y":"9204081.5","Rotation":0,"NAMOBJ":"Sukobendu","WADMKC":"Mantup","WADMKK":"Lamongan"},"geometry":{"type":"Point","coordinates":[112.3,-7.2]}},{"type":"Feature","properties":{"Line":"R134","Tr":2825,"X":"646300.5","Y":"9204069.0","Rotation":0,"NAMOBJ":"Sukobendu","WADMKC":"Mantup","WADMKK":"Lamongan"},"geometry":{"type":"Point","coordinates":[112.3,-7.2]}},{"type":"Feature","properties":{"Line":"R134","Tr":2826,"X":"646300.5","Y":"9204056.5","Rotation":0,"NAMOBJ":"Sukobendu","WADMKC":"Mantup","WADMKK":"Lamongan"},"geometry":{"type":"Point","coordinates":[112.3,-7.2]}},{"type":"Feature","properties":{"Line":"R134","Tr":2827,"X":"646300.5","Y":"9204044.0","Rotation":0,"NAMOBJ":"Sukobendu","WADMKC":"Mantup","WADMKK":"Lamongan"},"geometry":{"type":"Point","coordinates":[112.3,-7.2]}},{"type":"Feature","properties":{"Line":"R134","Tr":2828,"X":"646300.5","Y":"9204031.5","Rotation":0,"NAMOBJ":"Sukobendu","WADMKC":"Mantup","WADMKK":"Lamongan"},"geometry":{"type":"Point","coordinates":[112.3,-7.2]}},{"type":"Feature","properties":{"Line":"R134","Tr":2829,"X":"646300.5","Y":"9204019.0","Rotation":0,"NAMOBJ":"Sukobendu","WADMKC":"Mantup","WADMKK":"Lamongan"},"geometry":{"type":"Point","coordinates":[112.3,-7.2]}},{"type":"Feature","properties":{"Line":"R134","Tr":2830,"X":"646300.5","Y":"9204006.5","Rotation":0,"NAMOBJ":"Sukobendu","WADMKC":"Mantup","WADMKK":"Lamongan"},"geometry":{"type":"Point","coordinates":[112.3,-7.2]}},{"type":"Feature","properties":{"Line":"R134","Tr":2831,"X":"646300.5","Y":"9203994.0","Rotation":0,"NAMOBJ":"Sukobendu","WADMKC":"Mantup","WADMKK":"Lamongan"},"geometry":{"type":"Point","coordinates":[112.3,-7.2]}},{"type":"Feature","properties":{"Line":"R134","Tr":2832,"X":"646300.5","Y":"9203981.5","Rotation":0,"NAMOBJ":"Sukobendu","WADMKC":"Mantup","WADMKK":"Lamongan"},"geometry":{"type":"Point","coordinates":[112.3,-7.2]}},{"type":"Feature","properties":{"Line":"R134","Tr":2833,"X":"646300.5","Y":"9203969.0","Rotation":0,"NAMOBJ":"Sukobendu","WADMKC":"Mantup","WADMKK":"Lamongan"},"geometry":{"type":"Point","coordinates":[112.3,-7.2]}},{"type":"Feature","properties":{"Line":"R134","Tr":2834,"X":"646300.5","Y":"9203956.5","Rotation":0,"NAMOBJ":"Sukobendu","WADMKC":"Mantup","WADMKK":"Lamongan"},"geometry":{"type":"Point","coordinates":[112.3,-7.2]}},{"type":"Feature","properties":{"Line":"R134","Tr":2835,"X":"646300.5","Y":"9203944.0","Rotation":0,"NAMOBJ":"Sukobendu","WADMKC":"Mantup","WADMKK":"Lamongan"},"geometry":{"type":"Point","coordinates":[112.3,-7.2]}},{"type":"Feature","properties":{"Line":"R134","Tr":2836,"X":"646300.5","Y":"9203931.5","Rotation":0,"NAMOBJ":"Sukobendu","WADMKC":"Mantup","WADMKK":"Lamongan"},"geometry":{"type":"Point","coordinates":[112.3,-7.2]}},{"type":"Feature","properties":{"Line":"R134","Tr":2837,"X":"646300.5","Y":"9203919.0","Rotation":0,"NAMOBJ":"Sukobendu","WADMKC":"Mantup","WADMKK":"Lamongan"},"geometry":{"type":"Point","coordinates":[112.3,-7.2]}},{"type":"Feature","properties":{"Line":"R134","Tr":2838,"X":"646300.5","Y":"9203906.5","Rotation":0,"NAMOBJ":"Sukobendu","WADMKC":"Mantup","WADMKK":"Lamongan"},"geometry":{"type":"Point","coordinates":[112.3,-7.2]}},{"type":"Feature","properties":{"Line":"R134","Tr":2839,"X":"646300.5","Y":"9203894.0","Rotation":0,"NAMOBJ":"Sukobendu","WADMKC":"Mantup","WADMKK":"Lamongan"},"geometry":{"type":"Point","coordinates":[112.3,-7.2]}},{"type":"Feature","properties":{"Line":"R134","Tr":2840,"X":"646300.5","Y":"9203881.5","Rotation":0,"NAMOBJ":"Sukobendu","WADMKC":"Mantup","WADMKK":"Lamongan"},"geometry":{"type":"Point","coordinates":[112.3,-7.2]}},{"type":"Feature","properties":{"Line":"R134","Tr":2841,"X":"646300.5","Y":"9203869.0","Rotation":0,"NAMOBJ":"Sukobendu","WADMKC":"Mantup","WADMKK":"Lamongan"},"geometry":{"type":"Point","coordinates":[112.3,-7.2]}},{"type":"Feature","properties":{"Line":"R134","Tr":2842,"X":"646300.5","Y":"9203856.5","Rotation":0,"NAMOBJ":"Sukobendu","WADMKC":"Mantup","WADMKK":"Lamongan"},"geometry":{"type":"Point","coordinates":[112.3,-7.2]}},{"type":"Feature","properties":{"Line":"R134","Tr":2843,"X":"646300.5","Y":"9203844.0","Rotation":0,"NAMOBJ":"Sukobendu","WADMKC":"Mantup","WADMKK":"Lamongan"},"geometry":{"type":"Point","coordinates":[112.3,-7.2]}},{"type":"Feature","properties":{"Line":"R134","Tr":2844,"X":"646300.5","Y":"9203831.5","Rotation":0,"NAMOBJ":"Sukobendu","WADMKC":"Mantup","WADMKK":"Lamongan"},"geometry":{"type":"Point","coordinates":[112.3,-7.2]}},{"type":"Feature","properties":{"Line":"R134","Tr":2845,"X":"646300.5","Y":"9203819.0","Rotation":0,"NAMOBJ":"Sukobendu","WADMKC":"Mantup","WADMKK":"Lamongan"},"geometry":{"type":"Point","coordinates":[112.3,-7.2]}},{"type":"Feature","properties":{"Line":"R134","Tr":2846,"X":"646300.5","Y":"9203806.5","Rotation":0,"NAMOBJ":"Sukobendu","WADMKC":"Mantup","WADMKK":"Lamongan"},"geometry":{"type":"Point","coordinates":[112.3,-7.2]}},{"type":"Feature","properties":{"Line":"R134","Tr":2847,"X":"646300.5","Y":"9203794.0","Rotation":0,"NAMOBJ":"Sukobendu","WADMKC":"Mantup","WADMKK":"Lamongan"},"geometry":{"type":"Point","coordinates":[112.3,-7.2]}},{"type":"Feature","properties":{"Line":"R134","Tr":2848,"X":"646300.5","Y":"9203781.5","Rotation":0,"NAMOBJ":"Sukobendu","WADMKC":"Mantup","WADMKK":"Lamongan"},"geometry":{"type":"Point","coordinates":[112.3,-7.2]}},{"type":"Feature","properties":{"Line":"R134","Tr":2849,"X":"646300.5","Y":"9203769.0","Rotation":0,"NAMOBJ":"Sukobendu","WADMKC":"Mantup","WADMKK":"Lamongan"},"geometry":{"type":"Point","coordinates":[112.3,-7.2]}},{"type":"Feature","properties":{"Line":"R134","Tr":2850,"X":"646300.5","Y":"9203756.5","Rotation":0,"NAMOBJ":"Sukobendu","WADMKC":"Mantup","WADMKK":"Lamongan"},"geometry":{"type":"Point","coordinates":[112.3,-7.2]}},{"type":"Feature","properties":{"Line":"R134","Tr":2851,"X":"646300.5","Y":"9203744.0","Rotation":0,"NAMOBJ":"Sukobendu","WADMKC":"Mantup","WADMKK":"Lamongan"},"geometry":{"type":"Point","coordinates":[112.3,-7.2]}},{"type":"Feature","properties":{"Line":"R134","Tr":2852,"X":"646300.5","Y":"9203731.5","Rotation":0,"NAMOBJ":"Sukobendu","WADMKC":"Mantup","WADMKK":"Lamongan"},"geometry":{"type":"Point","coordinates":[112.3,-7.2]}},{"type":"Feature","properties":{"Line":"R134","Tr":2853,"X":"646300.5","Y":"9203719.0","Rotation":0,"NAMOBJ":"Sukobendu","WADMKC":"Mantup","WADMKK":"Lamongan"},"geometry":{"type":"Point","coordinates":[112.3,-7.2]}},{"type":"Feature","properties":{"Line":"R134","Tr":2854,"X":"646300.5","Y":"9203706.5","Rotation":0,"NAMOBJ":"Sukobendu","WADMKC":"Mantup","WADMKK":"Lamongan"},"geometry":{"type":"Point","coordinates":[112.3,-7.2]}},{"type":"Feature","properties":{"Line":"R134","Tr":2855,"X":"646300.5","Y":"9203694.0","Rotation":0,"NAMOBJ":"Sukobendu","WADMKC":"Mantup","WADMKK":"Lamongan"},"geometry":{"type":"Point","coordinates":[112.3,-7.2]}},{"type":"Feature","properties":{"Line":"R134","Tr":2856,"X":"646300.5","Y":"9203681.5","Rotation":0,"NAMOBJ":"Sukobendu","WADMKC":"Mantup","WADMKK":"Lamongan"},"geometry":{"type":"Point","coordinates":[112.3,-7.2]}},{"type":"Feature","properties":{"Line":"R134","Tr":2857,"X":"646300.5","Y":"9203669.0","Rotation":0,"NAMOBJ":"Sukobendu","WADMKC":"Mantup","WADMKK":"Lamongan"},"geometry":{"type":"Point","coordinates":[112.3,-7.2]}},{"type":"Feature","properties":{"Line":"R134","Tr":2858,"X":"646300.5","Y":"9203656.5","Rotation":0,"NAMOBJ":"Sukobendu","WADMKC":"Mantup","WADMKK":"Lamongan"},"geometry":{"type":"Point","coordinates":[112.3,-7.2]}},{"type":"Feature","properties":{"Line":"R134","Tr":2859,"X":"646300.5","Y":"9203644.0","Rotation":0,"NAMOBJ":"Sukobendu","WADMKC":"Mantup","WADMKK":"Lamongan"},"geometry":{"type":"Point","coordinates":[112.3,-7.2]}},{"type":"Feature","properties":{"Line":"R134","Tr":2860,"X":"646300.5","Y":"9203631.5","Rotation":0,"NAMOBJ":"Sukobendu","WADMKC":"Mantup","WADMKK":"Lamongan"},"geometry":{"type":"Point","coordinates":[112.3,-7.2]}},{"type":"Feature","properties":{"Line":"R134","Tr":2861,"X":"646300.5","Y":"9203619.0","Rotation":0,"NAMOBJ":"Sukobendu","WADMKC":"Mantup","WADMKK":"Lamongan"},"geometry":{"type":"Point","coordinates":[112.3,-7.2]}},{"type":"Feature","properties":{"Line":"R134","Tr":2862,"X":"646300.5","Y":"9203606.5","Rotation":0,"NAMOBJ":"Sukobendu","WADMKC":"Mantup","WADMKK":"Lamongan"},"geometry":{"type":"Point","coordinates":[112.3,-7.2]}},{"type":"Feature","properties":{"Line":"R134","Tr":2863,"X":"646300.5","Y":"9203594.0","Rotation":0,"NAMOBJ":"Sukobendu","WADMKC":"Mantup","WADMKK":"Lamongan"},"geometry":{"type":"Point","coordinates":[112.3,-7.2]}},{"type":"Feature","properties":{"Line":"R134","Tr":2864,"X":"646300.5","Y":"9203581.5","Rotation":0,"NAMOBJ":"Sukobendu","WADMKC":"Mantup","WADMKK":"Lamongan"},"geometry":{"type":"Point","coordinates":[112.3,-7.2]}},{"type":"Feature","properties":{"Line":"R134","Tr":2865,"X":"646300.5","Y":"9203569.0","Rotation":0,"NAMOBJ":"Sukobendu","WADMKC":"Mantup","WADMKK":"Lamongan"},"geometry":{"type":"Point","coordinates":[112.3,-7.2]}},{"type":"Feature","properties":{"Line":"R134","Tr":2866,"X":"646300.5","Y":"9203556.5","Rotation":0,"NAMOBJ":"Sukobendu","WADMKC":"Mantup","WADMKK":"Lamongan"},"geometry":{"type":"Point","coordinates":[112.3,-7.2]}},{"type":"Feature","properties":{"Line":"R134","Tr":2867,"X":"646300.5","Y":"9203544.0","Rotation":0,"NAMOBJ":"Sukobendu","WADMKC":"Mantup","WADMKK":"Lamongan"},"geometry":{"type":"Point","coordinates":[112.3,-7.2]}},{"type":"Feature","properties":{"Line":"R134","Tr":2868,"X":"646300.5","Y":"9203531.5","Rotation":0,"NAMOBJ":"Sukobendu","WADMKC":"Mantup","WADMKK":"Lamongan"},"geometry":{"type":"Point","coordinates":[112.3,-7.2]}},{"type":"Feature","properties":{"Line":"R134","Tr":2869,"X":"646300.5","Y":"9203519.0","Rotation":0,"NAMOBJ":"Sukobendu","WADMKC":"Mantup","WADMKK":"Lamongan"},"geometry":{"type":"Point","coordinates":[112.3,-7.2]}},{"type":"Feature","properties":{"Line":"R134","Tr":2870,"X":"646300.5","Y":"9203506.5","Rotation":0,"NAMOBJ":"Sukobendu","WADMKC":"Mantup","WADMKK":"Lamongan"},"geometry":{"type":"Point","coordinates":[112.3,-7.2]}},{"type":"Feature","properties":{"Line":"R134","Tr":2871,"X":"646300.5","Y":"9203494.0","Rotation":0,"NAMOBJ":"Sukobendu","WADMKC":"Mantup","WADMKK":"Lamongan"},"geometry":{"type":"Point","coordinates":[112.3,-7.2]}},{"type":"Feature","properties":{"Line":"R134","Tr":2872,"X":"646300.5","Y":"9203481.5","Rotation":0,"NAMOBJ":"Sukobendu","WADMKC":"Mantup","WADMKK":"Lamongan"},"geometry":{"type":"Point","coordinates":[112.3,-7.2]}},{"type":"Feature","properties":{"Line":"R134","Tr":2873,"X":"646300.5","Y":"9203469.0","Rotation":0,"NAMOBJ":"Sukobendu","WADMKC":"Mantup","WADMKK":"Lamongan"},"geometry":{"type":"Point","coordinates":[112.3,-7.2]}},{"type":"Feature","properties":{"Line":"R134","Tr":2874,"X":"646300.5","Y":"9203456.5","Rotation":0,"NAMOBJ":"Sukobendu","WADMKC":"Mantup","WADMKK":"Lamongan"},"geometry":{"type":"Point","coordinates":[112.3,-7.2]}},{"type":"Feature","properties":{"Line":"R134","Tr":2875,"X":"646300.5","Y":"9203444.0","Rotation":0,"NAMOBJ":"Sukobendu","WADMKC":"Mantup","WADMKK":"Lamongan"},"geometry":{"type":"Point","coordinates":[112.3,-7.2]}},{"type":"Feature","properties":{"Line":"R134","Tr":2876,"X":"646300.5","Y":"9203431.5","Rotation":0,"NAMOBJ":"Sukobendu","WADMKC":"Mantup","WADMKK":"Lamongan"},"geometry":{"type":"Point","coordinates":[112.3,-7.2]}},{"type":"Feature","properties":{"Line":"R134","Tr":2877,"X":"646300.5","Y":"9203419.0","Rotation":0,"NAMOBJ":"Sukobendu","WADMKC":"Mantup","WADMKK":"Lamongan"},"geometry":{"type":"Point","coordinates":[112.3,-7.2]}},{"type":"Feature","properties":{"Line":"R134","Tr":2878,"X":"646300.5","Y":"9203406.5","Rotation":0,"NAMOBJ":"Sukobendu","WADMKC":"Mantup","WADMKK":"Lamongan"},"geometry":{"type":"Point","coordinates":[112.3,-7.2]}},{"type":"Feature","properties":{"Line":"R134","Tr":2879,"X":"646300.5","Y":"9203394.0","Rotation":0,"NAMOBJ":"Sukobendu","WADMKC":"Mantup","WADMKK":"Lamongan"},"geometry":{"type":"Point","coordinates":[112.3,-7.2]}},{"type":"Feature","properties":{"Line":"R134","Tr":2880,"X":"646300.5","Y":"9203381.5","Rotation":0,"NAMOBJ":"Sukobendu","WADMKC":"Mantup","WADMKK":"Lamongan"},"geometry":{"type":"Point","coordinates":[112.3,-7.2]}},{"type":"Feature","properties":{"Line":"R134","Tr":2881,"X":"646300.5","Y":"9203369.0","Rotation":0,"NAMOBJ":"Sukobendu","WADMKC":"Mantup","WADMKK":"Lamongan"},"geometry":{"type":"Point","coordinates":[112.3,-7.2]}},{"type":"Feature","properties":{"Line":"R134","Tr":2882,"X":"646300.5","Y":"9203356.5","Rotation":0,"NAMOBJ":"Sukobendu","WADMKC":"Mantup","WADMKK":"Lamongan"},"geometry":{"type":"Point","coordinates":[112.3,-7.2]}},{"type":"Feature","properties":{"Line":"R134","Tr":2883,"X":"646300.5","Y":"9203344.0","Rotation":0,"NAMOBJ":"Sukobendu","WADMKC":"Mantup","WADMKK":"Lamongan"},"geometry":{"type":"Point","coordinates":[112.3,-7.2]}},{"type":"Feature","properties":{"Line":"R134","Tr":2884,"X":"646300.5","Y":"9203331.5","Rotation":0,"NAMOBJ":"Sukobendu","WADMKC":"Mantup","WADMKK":"Lamongan"},"geometry":{"type":"Point","coordinates":[112.3,-7.2]}},{"type":"Feature","properties":{"Line":"R134","Tr":2885,"X":"646300.5","Y":"9203319.0","Rotation":0,"NAMOBJ":"Sukobendu","WADMKC":"Mantup","WADMKK":"Lamongan"},"geometry":{"type":"Point","coordinates":[112.3,-7.2]}},{"type":"Feature","properties":{"Line":"R134","Tr":2886,"X":"646300.5","Y":"9203306.5","Rotation":0,"NAMOBJ":"Sukobendu","WADMKC":"Mantup","WADMKK":"Lamongan"},"geometry":{"type":"Point","coordinates":[112.3,-7.2]}},{"type":"Feature","properties":{"Line":"R134","Tr":2887,"X":"646300.5","Y":"9203294.0","Rotation":0,"NAMOBJ":"Sukobendu","WADMKC":"Mantup","WADMKK":"Lamongan"},"geometry":{"type":"Point","coordinates":[112.3,-7.2]}},{"type":"Feature","properties":{"Line":"R134","Tr":2888,"X":"646300.5","Y":"9203281.5","Rotation":0,"NAMOBJ":"Sukobendu","WADMKC":"Mantup","WADMKK":"Lamongan"},"geometry":{"type":"Point","coordinates":[112.3,-7.2]}},{"type":"Feature","properties":{"Line":"R134","Tr":2889,"X":"646300.5","Y":"9203269.0","Rotation":0,"NAMOBJ":"Sukobendu","WADMKC":"Mantup","WADMKK":"Lamongan"},"geometry":{"type":"Point","coordinates":[112.3,-7.2]}},{"type":"Feature","properties":{"Line":"R134","Tr":2890,"X":"646300.5","Y":"9203256.5","Rotation":0,"NAMOBJ":"Sukobendu","WADMKC":"Mantup","WADMKK":"Lamongan"},"geometry":{"type":"Point","coordinates":[112.3,-7.2]}},{"type":"Feature","properties":{"Line":"R134","Tr":2891,"X":"646300.5","Y":"9203244.0","Rotation":0,"NAMOBJ":"Sukobendu","WADMKC":"Mantup","WADMKK":"Lamongan"},"geometry":{"type":"Point","coordinates":[112.3,-7.2]}},{"type":"Feature","properties":{"Line":"R134","Tr":2892,"X":"646300.5","Y":"9203231.5","Rotation":0,"NAMOBJ":"Sukobendu","WADMKC":"Mantup","WADMKK":"Lamongan"},"geometry":{"type":"Point","coordinates":[112.3,-7.2]}},{"type":"Feature","properties":{"Line":"R134","Tr":2893,"X":"646300.5","Y":"9203219.0","Rotation":0,"NAMOBJ":"Sukobendu","WADMKC":"Mantup","WADMKK":"Lamongan"},"geometry":{"type":"Point","coordinates":[112.3,-7.2]}},{"type":"Feature","properties":{"Line":"R134","Tr":2894,"X":"646300.5","Y":"9203206.5","Rotation":0,"NAMOBJ":"Sukobendu","WADMKC":"Mantup","WADMKK":"Lamongan"},"geometry":{"type":"Point","coordinates":[112.3,-7.2]}},{"type":"Feature","properties":{"Line":"R134","Tr":2895,"X":"646300.5","Y":"9203194.0","Rotation":0,"NAMOBJ":"Sukobendu","WADMKC":"Mantup","WADMKK":"Lamongan"},"geometry":{"type":"Point","coordinates":[112.3,-7.2]}},{"type":"Feature","properties":{"Line":"R134","Tr":2896,"X":"646300.5","Y":"9203181.5","Rotation":0,"NAMOBJ":"Sukobendu","WADMKC":"Mantup","WADMKK":"Lamongan"},"geometry":{"type":"Point","coordinates":[112.3,-7.2]}},{"type":"Feature","properties":{"Line":"R134","Tr":2897,"X":"646300.5","Y":"9203169.0","Rotation":0,"NAMOBJ":"Sukobendu","WADMKC":"Mantup","WADMKK":"Lamongan"},"geometry":{"type":"Point","coordinates":[112.3,-7.2]}},{"type":"Feature","properties":{"Line":"R134","Tr":2898,"X":"646300.5","Y":"9203156.5","Rotation":0,"NAMOBJ":"Sukobendu","WADMKC":"Mantup","WADMKK":"Lamongan"},"geometry":{"type":"Point","coordinates":[112.3,-7.2]}},{"type":"Feature","properties":{"Line":"R134","Tr":2899,"X":"646300.5","Y":"9203144.0","Rotation":0,"NAMOBJ":"Sukobendu","WADMKC":"Mantup","WADMKK":"Lamongan"},"geometry":{"type":"Point","coordinates":[112.3,-7.2]}},{"type":"Feature","properties":{"Line":"R134","Tr":2900,"X":"646300.5","Y":"9203131.5","Rotation":0,"NAMOBJ":"Sukobendu","WADMKC":"Mantup","WADMKK":"Lamongan"},"geometry":{"type":"Point","coordinates":[112.3,-7.2]}},{"type":"Feature","properties":{"Line":"R134","Tr":2901,"X":"646300.5","Y":"9203119.0","Rotation":0,"NAMOBJ":"Sukobendu","WADMKC":"Mantup","WADMKK":"Lamongan"},"geometry":{"type":"Point","coordinates":[112.3,-7.2]}},{"type":"Feature","properties":{"Line":"R134","Tr":2902,"X":"646300.5","Y":"9203106.5","Rotation":0,"NAMOBJ":"Sukobendu","WADMKC":"Mantup","WADMKK":"Lamongan"},"geometry":{"type":"Point","coordinates":[112.3,-7.2]}},{"type":"Feature","properties":{"Line":"R134","Tr":2903,"X":"646300.5","Y":"9203094.0","Rotation":0,"NAMOBJ":"Sukobendu","WADMKC":"Mantup","WADMKK":"Lamongan"},"geometry":{"type":"Point","coordinates":[112.3,-7.2]}},{"type":"Feature","properties":{"Line":"R134","Tr":2904,"X":"646300.5","Y":"9203081.5","Rotation":0,"NAMOBJ":"Sukobendu","WADMKC":"Mantup","WADMKK":"Lamongan"},"geometry":{"type":"Point","coordinates":[112.3,-7.2]}},{"type":"Feature","properties":{"Line":"R134","Tr":2905,"X":"646300.5","Y":"9203069.0","Rotation":0,"NAMOBJ":"Sukobendu","WADMKC":"Mantup","WADMKK":"Lamongan"},"geometry":{"type":"Point","coordinates":[112.3,-7.2]}},{"type":"Feature","properties":{"Line":"R134","Tr":2906,"X":"646300.5","Y":"9203056.5","Rotation":0,"NAMOBJ":"Sukobendu","WADMKC":"Mantup","WADMKK":"Lamongan"},"geometry":{"type":"Point","coordinates":[112.3,-7.2]}},{"type":"Feature","properties":{"Line":"R134","Tr":2907,"X":"646300.5","Y":"9203044.0","Rotation":0,"NAMOBJ":"Sukobendu","WADMKC":"Mantup","WADMKK":"Lamongan"},"geometry":{"type":"Point","coordinates":[112.3,-7.2]}},{"type":"Feature","properties":{"Line":"R134","Tr":2908,"X":"646300.5","Y":"9203031.5","Rotation":0,"NAMOBJ":"Sukobendu","WADMKC":"Mantup","WADMKK":"Lamongan"},"geometry":{"type":"Point","coordinates":[112.3,-7.2]}},{"type":"Feature","properties":{"Line":"R134","Tr":2909,"X":"646300.5","Y":"9203019.0","Rotation":0,"NAMOBJ":"Sukobendu","WADMKC":"Mantup","WADMKK":"Lamongan"},"geometry":{"type":"Point","coordinates":[112.3,-7.2]}},{"type":"Feature","properties":{"Line":"R134","Tr":2910,"X":"646300.5","Y":"9203006.5","Rotation":0,"NAMOBJ":"Sukobendu","WADMKC":"Mantup","WADMKK":"Lamongan"},"geometry":{"type":"Point","coordinates":[112.3,-7.2]}},{"type":"Feature","properties":{"Line":"R134","Tr":2911,"X":"646300.5","Y":"9202994.0","Rotation":0,"NAMOBJ":"Sukobendu","WADMKC":"Mantup","WADMKK":"Lamongan"},"geometry":{"type":"Point","coordinates":[112.3,-7.2]}},{"type":"Feature","properties":{"Line":"R134","Tr":2912,"X":"646300.5","Y":"9202981.5","Rotation":0,"NAMOBJ":"Sukobendu","WADMKC":"Mantup","WADMKK":"Lamongan"},"geometry":{"type":"Point","coordinates":[112.3,-7.2]}},{"type":"Feature","properties":{"Line":"R134","Tr":2913,"X":"646300.5","Y":"9202969.0","Rotation":0,"NAMOBJ":"Sukobendu","WADMKC":"Mantup","WADMKK":"Lamongan"},"geometry":{"type":"Point","coordinates":[112.3,-7.2]}},{"type":"Feature","properties":{"Line":"R134","Tr":2914,"X":"646300.5","Y":"9202956.5","Rotation":0,"NAMOBJ":"Sukobendu","WADMKC":"Mantup","WADMKK":"Lamongan"},"geometry":{"type":"Point","coordinates":[112.3,-7.2]}},{"type":"Feature","properties":{"Line":"R134","Tr":2915,"X":"646300.5","Y":"9202944.0","Rotation":0,"NAMOBJ":"Sukobendu","WADMKC":"Mantup","WADMKK":"Lamongan"},"geometry":{"type":"Point","coordinates":[112.3,-7.2]}},{"type":"Feature","properties":{"Line":"R134","Tr":2916,"X":"646300.5","Y":"9202931.5","Rotation":0,"NAMOBJ":"Sukobendu","WADMKC":"Mantup","WADMKK":"Lamongan"},"geometry":{"type":"Point","coordinates":[112.3,-7.2]}},{"type":"Feature","properties":{"Line":"R134","Tr":2917,"X":"646300.5","Y":"9202919.0","Rotation":0,"NAMOBJ":"Sukobendu","WADMKC":"Mantup","WADMKK":"Lamongan"},"geometry":{"type":"Point","coordinates":[112.3,-7.2]}},{"type":"Feature","properties":{"Line":"R134","Tr":2918,"X":"646300.5","Y":"9202906.5","Rotation":0,"NAMOBJ":"Sukobendu","WADMKC":"Mantup","WADMKK":"Lamongan"},"geometry":{"type":"Point","coordinates":[112.3,-7.2]}},{"type":"Feature","properties":{"Line":"R134","Tr":2919,"X":"646300.5","Y":"9202894.0","Rotation":0,"NAMOBJ":"Sukobendu","WADMKC":"Mantup","WADMKK":"Lamongan"},"geometry":{"type":"Point","coordinates":[112.3,-7.2]}},{"type":"Feature","properties":{"Line":"R134","Tr":2920,"X":"646300.5","Y":"9202881.5","Rotation":0,"NAMOBJ":"Sukobendu","WADMKC":"Mantup","WADMKK":"Lamongan"},"geometry":{"type":"Point","coordinates":[112.3,-7.2]}},{"type":"Feature","properties":{"Line":"R134","Tr":2921,"X":"646300.5","Y":"9202869.0","Rotation":0,"NAMOBJ":"Sukobendu","WADMKC":"Mantup","WADMKK":"Lamongan"},"geometry":{"type":"Point","coordinates":[112.3,-7.2]}},{"type":"Feature","properties":{"Line":"R134","Tr":2922,"X":"646300.5","Y":"9202856.5","Rotation":0,"NAMOBJ":"Sukobendu","WADMKC":"Mantup","WADMKK":"Lamongan"},"geometry":{"type":"Point","coordinates":[112.3,-7.2]}},{"type":"Feature","properties":{"Line":"R134","Tr":2923,"X":"646300.5","Y":"9202844.0","Rotation":0,"NAMOBJ":"Sukobendu","WADMKC":"Mantup","WADMKK":"Lamongan"},"geometry":{"type":"Point","coordinates":[112.3,-7.2]}},{"type":"Feature","properties":{"Line":"R134","Tr":2924,"X":"646300.5","Y":"9202831.5","Rotation":0,"NAMOBJ":"Sukobendu","WADMKC":"Mantup","WADMKK":"Lamongan"},"geometry":{"type":"Point","coordinates":[112.3,-7.2]}},{"type":"Feature","properties":{"Line":"R134","Tr":2925,"X":"646300.5","Y":"9202819.0","Rotation":0,"NAMOBJ":"Sukobendu","WADMKC":"Mantup","WADMKK":"Lamongan"},"geometry":{"type":"Point","coordinates":[112.3,-7.2]}},{"type":"Feature","properties":{"Line":"R134","Tr":2926,"X":"646300.5","Y":"9202806.5","Rotation":0,"NAMOBJ":"Sukobendu","WADMKC":"Mantup","WADMKK":"Lamongan"},"geometry":{"type":"Point","coordinates":[112.3,-7.2]}},{"type":"Feature","properties":{"Line":"R134","Tr":2927,"X":"646300.5","Y":"9202794.0","Rotation":0,"NAMOBJ":"Sukobendu","WADMKC":"Mantup","WADMKK":"Lamongan"},"geometry":{"type":"Point","coordinates":[112.3,-7.2]}},{"type":"Feature","properties":{"Line":"R134","Tr":2928,"X":"646300.5","Y":"9202781.5","Rotation":0,"NAMOBJ":"Sukobendu","WADMKC":"Mantup","WADMKK":"Lamongan"},"geometry":{"type":"Point","coordinates":[112.3,-7.2]}},{"type":"Feature","properties":{"Line":"R134","Tr":2929,"X":"646300.5","Y":"9202769.0","Rotation":0,"NAMOBJ":"Sukobendu","WADMKC":"Mantup","WADMKK":"Lamongan"},"geometry":{"type":"Point","coordinates":[112.3,-7.2]}},{"type":"Feature","properties":{"Line":"R134","Tr":2930,"X":"646300.5","Y":"9202756.5","Rotation":0,"NAMOBJ":"Sukobendu","WADMKC":"Mantup","WADMKK":"Lamongan"},"geometry":{"type":"Point","coordinates":[112.3,-7.2]}},{"type":"Feature","properties":{"Line":"R134","Tr":2931,"X":"646300.5","Y":"9202744.0","Rotation":0,"NAMOBJ":"Sukobendu","WADMKC":"Mantup","WADMKK":"Lamongan"},"geometry":{"type":"Point","coordinates":[112.3,-7.2]}},{"type":"Feature","properties":{"Line":"R134","Tr":2932,"X":"646300.5","Y":"9202731.5","Rotation":0,"NAMOBJ":"Sukobendu","WADMKC":"Mantup","WADMKK":"Lamongan"},"geometry":{"type":"Point","coordinates":[112.3,-7.2]}},{"type":"Feature","properties":{"Line":"R134","Tr":2933,"X":"646300.5","Y":"9202719.0","Rotation":0,"NAMOBJ":"Sukobendu","WADMKC":"Mantup","WADMKK":"Lamongan"},"geometry":{"type":"Point","coordinates":[112.3,-7.2]}},{"type":"Feature","properties":{"Line":"R134","Tr":2934,"X":"646300.5","Y":"9202706.5","Rotation":0,"NAMOBJ":"Sukobendu","WADMKC":"Mantup","WADMKK":"Lamongan"},"geometry":{"type":"Point","coordinates":[112.3,-7.2]}},{"type":"Feature","properties":{"Line":"R134","Tr":2935,"X":"646300.5","Y":"9202694.0","Rotation":0,"NAMOBJ":"Sukobendu","WADMKC":"Mantup","WADMKK":"Lamongan"},"geometry":{"type":"Point","coordinates":[112.3,-7.2]}},{"type":"Feature","properties":{"Line":"R134","Tr":2936,"X":"646300.5","Y":"9202681.5","Rotation":0,"NAMOBJ":"Sukobendu","WADMKC":"Mantup","WADMKK":"Lamongan"},"geometry":{"type":"Point","coordinates":[112.3,-7.2]}},{"type":"Feature","properties":{"Line":"R134","Tr":2937,"X":"646300.5","Y":"9202669.0","Rotation":0,"NAMOBJ":"Sukobendu","WADMKC":"Mantup","WADMKK":"Lamongan"},"geometry":{"type":"Point","coordinates":[112.3,-7.2]}},{"type":"Feature","properties":{"Line":"R134","Tr":2938,"X":"646300.5","Y":"9202656.5","Rotation":0,"NAMOBJ":"Sukobendu","WADMKC":"Mantup","WADMKK":"Lamongan"},"geometry":{"type":"Point","coordinates":[112.3,-7.2]}},{"type":"Feature","properties":{"Line":"R134","Tr":2939,"X":"646300.5","Y":"9202644.0","Rotation":0,"NAMOBJ":"Sukobendu","WADMKC":"Mantup","WADMKK":"Lamongan"},"geometry":{"type":"Point","coordinates":[112.3,-7.2]}},{"type":"Feature","properties":{"Line":"R134","Tr":2940,"X":"646300.5","Y":"9202631.5","Rotation":0,"NAMOBJ":"Sukobendu","WADMKC":"Mantup","WADMKK":"Lamongan"},"geometry":{"type":"Point","coordinates":[112.3,-7.2]}},{"type":"Feature","properties":{"Line":"R134","Tr":2941,"X":"646300.5","Y":"9202619.0","Rotation":0,"NAMOBJ":"Sukobendu","WADMKC":"Mantup","WADMKK":"Lamongan"},"geometry":{"type":"Point","coordinates":[112.3,-7.2]}},{"type":"Feature","properties":{"Line":"R134","Tr":2942,"X":"646300.5","Y":"9202606.5","Rotation":0,"NAMOBJ":"Sukobendu","WADMKC":"Mantup","WADMKK":"Lamongan"},"geometry":{"type":"Point","coordinates":[112.3,-7.2]}},{"type":"Feature","properties":{"Line":"R134","Tr":2943,"X":"646300.5","Y":"9202594.0","Rotation":0,"NAMOBJ":"Sukobendu","WADMKC":"Mantup","WADMKK":"Lamongan"},"geometry":{"type":"Point","coordinates":[112.3,-7.2]}},{"type":"Feature","properties":{"Line":"R134","Tr":2944,"X":"646300.5","Y":"9202581.5","Rotation":0,"NAMOBJ":"Sukobendu","WADMKC":"Mantup","WADMKK":"Lamongan"},"geometry":{"type":"Point","coordinates":[112.3,-7.2]}},{"type":"Feature","properties":{"Line":"R134","Tr":2945,"X":"646300.5","Y":"9202569.0","Rotation":0,"NAMOBJ":"Sukobendu","WADMKC":"Mantup","WADMKK":"Lamongan"},"geometry":{"type":"Point","coordinates":[112.3,-7.2]}},{"type":"Feature","properties":{"Line":"R134","Tr":2946,"X":"646300.5","Y":"9202556.5","Rotation":0,"NAMOBJ":"Sukobendu","WADMKC":"Mantup","WADMKK":"Lamongan"},"geometry":{"type":"Point","coordinates":[112.3,-7.2]}},{"type":"Feature","properties":{"Line":"R134","Tr":2947,"X":"646300.5","Y":"9202544.0","Rotation":0,"NAMOBJ":"Sukobendu","WADMKC":"Mantup","WADMKK":"Lamongan"},"geometry":{"type":"Point","coordinates":[112.3,-7.2]}},{"type":"Feature","properties":{"Line":"R134","Tr":2948,"X":"646300.5","Y":"9202531.5","Rotation":0,"NAMOBJ":"Sukobendu","WADMKC":"Mantup","WADMKK":"Lamongan"},"geometry":{"type":"Point","coordinates":[112.3,-7.2]}},{"type":"Feature","properties":{"Line":"R134","Tr":2949,"X":"646300.5","Y":"9202519.0","Rotation":0,"NAMOBJ":"Sukobendu","WADMKC":"Mantup","WADMKK":"Lamongan"},"geometry":{"type":"Point","coordinates":[112.3,-7.2]}},{"type":"Feature","properties":{"Line":"R134","Tr":2950,"X":"646300.5","Y":"9202506.5","Rotation":0,"NAMOBJ":"Sukobendu","WADMKC":"Mantup","WADMKK":"Lamongan"},"geometry":{"type":"Point","coordinates":[112.3,-7.2]}},{"type":"Feature","properties":{"Line":"R134","Tr":2951,"X":"646300.5","Y":"9202494.0","Rotation":0,"NAMOBJ":"Sukobendu","WADMKC":"Mantup","WADMKK":"Lamongan"},"geometry":{"type":"Point","coordinates":[112.3,-7.2]}},{"type":"Feature","properties":{"Line":"R134","Tr":2952,"X":"646300.5","Y":"9202481.5","Rotation":0,"NAMOBJ":"Sukobendu","WADMKC":"Mantup","WADMKK":"Lamongan"},"geometry":{"type":"Point","coordinates":[112.3,-7.2]}},{"type":"Feature","properties":{"Line":"R134","Tr":2953,"X":"646300.5","Y":"9202469.0","Rotation":0,"NAMOBJ":"Sukobendu","WADMKC":"Mantup","WADMKK":"Lamongan"},"geometry":{"type":"Point","coordinates":[112.3,-7.2]}},{"type":"Feature","properties":{"Line":"R134","Tr":2954,"X":"646300.5","Y":"9202456.5","Rotation":0,"NAMOBJ":"Sukobendu","WADMKC":"Mantup","WADMKK":"Lamongan"},"geometry":{"type":"Point","coordinates":[112.3,-7.2]}},{"type":"Feature","properties":{"Line":"R134","Tr":2955,"X":"646300.5","Y":"9202444.0","Rotation":0,"NAMOBJ":"Sukobendu","WADMKC":"Mantup","WADMKK":"Lamongan"},"geometry":{"type":"Point","coordinates":[112.3,-7.2]}},{"type":"Feature","properties":{"Line":"R134","Tr":2956,"X":"646300.5","Y":"9202431.5","Rotation":0,"NAMOBJ":"Sukobendu","WADMKC":"Mantup","WADMKK":"Lamongan"},"geometry":{"type":"Point","coordinates":[112.3,-7.2]}},{"type":"Feature","properties":{"Line":"R134","Tr":2957,"X":"646300.5","Y":"9202419.0","Rotation":0,"NAMOBJ":"Sukobendu","WADMKC":"Mantup","WADMKK":"Lamongan"},"geometry":{"type":"Point","coordinates":[112.3,-7.2]}},{"type":"Feature","properties":{"Line":"R134","Tr":2958,"X":"646300.5","Y":"9202406.5","Rotation":0,"NAMOBJ":"Sukobendu","WADMKC":"Mantup","WADMKK":"Lamongan"},"geometry":{"type":"Point","coordinates":[112.3,-7.2]}},{"type":"Feature","properties":{"Line":"R134","Tr":2959,"X":"646300.5","Y":"9202394.0","Rotation":0,"NAMOBJ":"Sukobendu","WADMKC":"Mantup","WADMKK":"Lamongan"},"geometry":{"type":"Point","coordinates":[112.3,-7.2]}},{"type":"Feature","properties":{"Line":"R134","Tr":2960,"X":"646300.5","Y":"9202381.5","Rotation":0,"NAMOBJ":"Sukobendu","WADMKC":"Mantup","WADMKK":"Lamongan"},"geometry":{"type":"Point","coordinates":[112.3,-7.2]}},{"type":"Feature","properties":{"Line":"R134","Tr":2961,"X":"646300.5","Y":"9202369.0","Rotation":0,"NAMOBJ":"Sukobendu","WADMKC":"Mantup","WADMKK":"Lamongan"},"geometry":{"type":"Point","coordinates":[112.3,-7.2]}},{"type":"Feature","properties":{"Line":"R134","Tr":2962,"X":"646300.5","Y":"9202356.5","Rotation":0,"NAMOBJ":"Sukobendu","WADMKC":"Mantup","WADMKK":"Lamongan"},"geometry":{"type":"Point","coordinates":[112.3,-7.2]}},{"type":"Feature","properties":{"Line":"R134","Tr":2963,"X":"646300.5","Y":"9202344.0","Rotation":0,"NAMOBJ":"Sukobendu","WADMKC":"Mantup","WADMKK":"Lamongan"},"geometry":{"type":"Point","coordinates":[112.3,-7.2]}},{"type":"Feature","properties":{"Line":"R134","Tr":2964,"X":"646300.5","Y":"9202331.5","Rotation":0,"NAMOBJ":"Sukobendu","WADMKC":"Mantup","WADMKK":"Lamongan"},"geometry":{"type":"Point","coordinates":[112.3,-7.2]}},{"type":"Feature","properties":{"Line":"R136","Tr":2786,"X":"647300.5","Y":"9204556.5","Rotation":0,"NAMOBJ":"Sukobendu","WADMKC":"Mantup","WADMKK":"Lamongan"},"geometry":{"type":"Point","coordinates":[112.3,-7.2]}},{"type":"Feature","properties":{"Line":"R136","Tr":2787,"X":"647300.5","Y":"9204544.0","Rotation":0,"NAMOBJ":"Sukobendu","WADMKC":"Mantup","WADMKK":"Lamongan"},"geometry":{"type":"Point","coordinates":[112.3,-7.2]}},{"type":"Feature","properties":{"Line":"R136","Tr":2788,"X":"647300.5","Y":"9204531.5","Rotation":0,"NAMOBJ":"Sukobendu","WADMKC":"Mantup","WADMKK":"Lamongan"},"geometry":{"type":"Point","coordinates":[112.3,-7.2]}},{"type":"Feature","properties":{"Line":"R136","Tr":2789,"X":"647300.5","Y":"9204519.0","Rotation":0,"NAMOBJ":"Sukobendu","WADMKC":"Mantup","WADMKK":"Lamongan"},"geometry":{"type":"Point","coordinates":[112.3,-7.2]}},{"type":"Feature","properties":{"Line":"R136","Tr":2790,"X":"647300.5","Y":"9204506.5","Rotation":0,"NAMOBJ":"Sukobendu","WADMKC":"Mantup","WADMKK":"Lamongan"},"geometry":{"type":"Point","coordinates":[112.3,-7.2]}},{"type":"Feature","properties":{"Line":"R136","Tr":2791,"X":"647300.5","Y":"9204494.0","Rotation":0,"NAMOBJ":"Sukobendu","WADMKC":"Mantup","WADMKK":"Lamongan"},"geometry":{"type":"Point","coordinates":[112.3,-7.2]}},{"type":"Feature","properties":{"Line":"R136","Tr":2792,"X":"647300.5","Y":"9204481.5","Rotation":0,"NAMOBJ":"Sukobendu","WADMKC":"Mantup","WADMKK":"Lamongan"},"geometry":{"type":"Point","coordinates":[112.3,-7.2]}},{"type":"Feature","properties":{"Line":"R136","Tr":2793,"X":"647300.5","Y":"9204469.0","Rotation":0,"NAMOBJ":"Sukobendu","WADMKC":"Mantup","WADMKK":"Lamongan"},"geometry":{"type":"Point","coordinates":[112.3,-7.2]}},{"type":"Feature","properties":{"Line":"R136","Tr":2794,"X":"647300.5","Y":"9204456.5","Rotation":0,"NAMOBJ":"Sukobendu","WADMKC":"Mantup","WADMKK":"Lamongan"},"geometry":{"type":"Point","coordinates":[112.3,-7.2]}},{"type":"Feature","properties":{"Line":"R136","Tr":2795,"X":"647300.5","Y":"9204444.0","Rotation":0,"NAMOBJ":"Sukobendu","WADMKC":"Mantup","WADMKK":"Lamongan"},"geometry":{"type":"Point","coordinates":[112.3,-7.2]}},{"type":"Feature","properties":{"Line":"R136","Tr":2796,"X":"647300.5","Y":"9204431.5","Rotation":0,"NAMOBJ":"Sukobendu","WADMKC":"Mantup","WADMKK":"Lamongan"},"geometry":{"type":"Point","coordinates":[112.3,-7.2]}},{"type":"Feature","properties":{"Line":"R136","Tr":2797,"X":"647300.5","Y":"9204419.0","Rotation":0,"NAMOBJ":"Sukobendu","WADMKC":"Mantup","WADMKK":"Lamongan"},"geometry":{"type":"Point","coordinates":[112.3,-7.2]}},{"type":"Feature","properties":{"Line":"R136","Tr":2798,"X":"647300.5","Y":"9204406.5","Rotation":0,"NAMOBJ":"Sukobendu","WADMKC":"Mantup","WADMKK":"Lamongan"},"geometry":{"type":"Point","coordinates":[112.3,-7.2]}},{"type":"Feature","properties":{"Line":"R136","Tr":2799,"X":"647300.5","Y":"9204394.0","Rotation":0,"NAMOBJ":"Sukobendu","WADMKC":"Mantup","WADMKK":"Lamongan"},"geometry":{"type":"Point","coordinates":[112.3,-7.2]}},{"type":"Feature","properties":{"Line":"R136","Tr":2800,"X":"647300.5","Y":"9204381.5","Rotation":0,"NAMOBJ":"Sukobendu","WADMKC":"Mantup","WADMKK":"Lamongan"},"geometry":{"type":"Point","coordinates":[112.3,-7.2]}},{"type":"Feature","properties":{"Line":"R136","Tr":2801,"X":"647300.5","Y":"9204369.0","Rotation":0,"NAMOBJ":"Sukobendu","WADMKC":"Mantup","WADMKK":"Lamongan"},"geometry":{"type":"Point","coordinates":[112.3,-7.2]}},{"type":"Feature","properties":{"Line":"R136","Tr":2802,"X":"647300.5","Y":"9204356.5","Rotation":0,"NAMOBJ":"Sukobendu","WADMKC":"Mantup","WADMKK":"Lamongan"},"geometry":{"type":"Point","coordinates":[112.3,-7.2]}},{"type":"Feature","properties":{"Line":"R136","Tr":2803,"X":"647300.5","Y":"9204344.0","Rotation":0,"NAMOBJ":"Sukobendu","WADMKC":"Mantup","WADMKK":"Lamongan"},"geometry":{"type":"Point","coordinates":[112.3,-7.2]}},{"type":"Feature","properties":{"Line":"R136","Tr":2804,"X":"647300.5","Y":"9204331.5","Rotation":0,"NAMOBJ":"Sukobendu","WADMKC":"Mantup","WADMKK":"Lamongan"},"geometry":{"type":"Point","coordinates":[112.3,-7.2]}},{"type":"Feature","properties":{"Line":"R136","Tr":2805,"X":"647300.5","Y":"9204319.0","Rotation":0,"NAMOBJ":"Sukobendu","WADMKC":"Mantup","WADMKK":"Lamongan"},"geometry":{"type":"Point","coordinates":[112.3,-7.2]}},{"type":"Feature","properties":{"Line":"R136","Tr":2806,"X":"647300.5","Y":"9204306.5","Rotation":0,"NAMOBJ":"Sukobendu","WADMKC":"Mantup","WADMKK":"Lamongan"},"geometry":{"type":"Point","coordinates":[112.3,-7.2]}},{"type":"Feature","properties":{"Line":"R136","Tr":2807,"X":"647300.5","Y":"9204294.0","Rotation":0,"NAMOBJ":"Sukobendu","WADMKC":"Mantup","WADMKK":"Lamongan"},"geometry":{"type":"Point","coordinates":[112.3,-7.2]}},{"type":"Feature","properties":{"Line":"R136","Tr":2808,"X":"647300.5","Y":"9204281.5","Rotation":0,"NAMOBJ":"Sukobendu","WADMKC":"Mantup","WADMKK":"Lamongan"},"geometry":{"type":"Point","coordinates":[112.3,-7.2]}},{"type":"Feature","properties":{"Line":"R136","Tr":2809,"X":"647300.5","Y":"9204269.0","Rotation":0,"NAMOBJ":"Sukobendu","WADMKC":"Mantup","WADMKK":"Lamongan"},"geometry":{"type":"Point","coordinates":[112.3,-7.2]}},{"type":"Feature","properties":{"Line":"R136","Tr":2810,"X":"647300.5","Y":"9204256.5","Rotation":0,"NAMOBJ":"Sukobendu","WADMKC":"Mantup","WADMKK":"Lamongan"},"geometry":{"type":"Point","coordinates":[112.3,-7.2]}},{"type":"Feature","properties":{"Line":"R136","Tr":2811,"X":"647300.5","Y":"9204244.0","Rotation":0,"NAMOBJ":"Sukobendu","WADMKC":"Mantup","WADMKK":"Lamongan"},"geometry":{"type":"Point","coordinates":[112.3,-7.2]}},{"type":"Feature","properties":{"Line":"R136","Tr":2812,"X":"647300.5","Y":"9204231.5","Rotation":0,"NAMOBJ":"Sukobendu","WADMKC":"Mantup","WADMKK":"Lamongan"},"geometry":{"type":"Point","coordinates":[112.3,-7.2]}},{"type":"Feature","properties":{"Line":"R136","Tr":2813,"X":"647300.5","Y":"9204219.0","Rotation":0,"NAMOBJ":"Sukobendu","WADMKC":"Mantup","WADMKK":"Lamongan"},"geometry":{"type":"Point","coordinates":[112.3,-7.2]}},{"type":"Feature","properties":{"Line":"R136","Tr":2814,"X":"647300.5","Y":"9204206.5","Rotation":0,"NAMOBJ":"Sukobendu","WADMKC":"Mantup","WADMKK":"Lamongan"},"geometry":{"type":"Point","coordinates":[112.3,-7.2]}},{"type":"Feature","properties":{"Line":"R136","Tr":2815,"X":"647300.5","Y":"9204194.0","Rotation":0,"NAMOBJ":"Sukobendu","WADMKC":"Mantup","WADMKK":"Lamongan"},"geometry":{"type":"Point","coordinates":[112.3,-7.2]}},{"type":"Feature","properties":{"Line":"R136","Tr":2816,"X":"647300.5","Y":"9204181.5","Rotation":0,"NAMOBJ":"Sukobendu","WADMKC":"Mantup","WADMKK":"Lamongan"},"geometry":{"type":"Point","coordinates":[112.3,-7.2]}},{"type":"Feature","properties":{"Line":"R136","Tr":2817,"X":"647300.5","Y":"9204169.0","Rotation":0,"NAMOBJ":"Sukobendu","WADMKC":"Mantup","WADMKK":"Lamongan"},"geometry":{"type":"Point","coordinates":[112.3,-7.2]}},{"type":"Feature","properties":{"Line":"R136","Tr":2818,"X":"647300.5","Y":"9204156.5","Rotation":0,"NAMOBJ":"Sukobendu","WADMKC":"Mantup","WADMKK":"Lamongan"},"geometry":{"type":"Point","coordinates":[112.3,-7.2]}},{"type":"Feature","properties":{"Line":"R136","Tr":2819,"X":"647300.5","Y":"9204144.0","Rotation":0,"NAMOBJ":"Sukobendu","WADMKC":"Mantup","WADMKK":"Lamongan"},"geometry":{"type":"Point","coordinates":[112.3,-7.2]}},{"type":"Feature","properties":{"Line":"R136","Tr":2820,"X":"647300.5","Y":"9204131.5","Rotation":0,"NAMOBJ":"Sukobendu","WADMKC":"Mantup","WADMKK":"Lamongan"},"geometry":{"type":"Point","coordinates":[112.3,-7.2]}},{"type":"Feature","properties":{"Line":"R136","Tr":2821,"X":"647300.5","Y":"9204119.0","Rotation":0,"NAMOBJ":"Sukobendu","WADMKC":"Mantup","WADMKK":"Lamongan"},"geometry":{"type":"Point","coordinates":[112.3,-7.2]}},{"type":"Feature","properties":{"Line":"R136","Tr":2822,"X":"647300.5","Y":"9204106.5","Rotation":0,"NAMOBJ":"Sukobendu","WADMKC":"Mantup","WADMKK":"Lamongan"},"geometry":{"type":"Point","coordinates":[112.3,-7.2]}},{"type":"Feature","properties":{"Line":"R136","Tr":2823,"X":"647300.5","Y":"9204094.0","Rotation":0,"NAMOBJ":"Sukobendu","WADMKC":"Mantup","WADMKK":"Lamongan"},"geometry":{"type":"Point","coordinates":[112.3,-7.2]}},{"type":"Feature","properties":{"Line":"R136","Tr":2824,"X":"647300.5","Y":"9204081.5","Rotation":0,"NAMOBJ":"Sukobendu","WADMKC":"Mantup","WADMKK":"Lamongan"},"geometry":{"type":"Point","coordinates":[112.3,-7.2]}},{"type":"Feature","properties":{"Line":"R136","Tr":2825,"X":"647300.5","Y":"9204069.0","Rotation":0,"NAMOBJ":"Sukobendu","WADMKC":"Mantup","WADMKK":"Lamongan"},"geometry":{"type":"Point","coordinates":[112.3,-7.2]}},{"type":"Feature","properties":{"Line":"R136","Tr":2826,"X":"647300.5","Y":"9204056.5","Rotation":0,"NAMOBJ":"Sukobendu","WADMKC":"Mantup","WADMKK":"Lamongan"},"geometry":{"type":"Point","coordinates":[112.3,-7.2]}},{"type":"Feature","properties":{"Line":"R136","Tr":2827,"X":"647300.5","Y":"9204044.0","Rotation":0,"NAMOBJ":"Sukobendu","WADMKC":"Mantup","WADMKK":"Lamongan"},"geometry":{"type":"Point","coordinates":[112.3,-7.2]}},{"type":"Feature","properties":{"Line":"R136","Tr":2828,"X":"647300.5","Y":"9204031.5","Rotation":0,"NAMOBJ":"Sukobendu","WADMKC":"Mantup","WADMKK":"Lamongan"},"geometry":{"type":"Point","coordinates":[112.3,-7.2]}},{"type":"Feature","properties":{"Line":"R136","Tr":2829,"X":"647300.5","Y":"9204019.0","Rotation":0,"NAMOBJ":"Sukobendu","WADMKC":"Mantup","WADMKK":"Lamongan"},"geometry":{"type":"Point","coordinates":[112.3,-7.2]}},{"type":"Feature","properties":{"Line":"R136","Tr":2830,"X":"647300.5","Y":"9204006.5","Rotation":0,"NAMOBJ":"Sukobendu","WADMKC":"Mantup","WADMKK":"Lamongan"},"geometry":{"type":"Point","coordinates":[112.3,-7.2]}},{"type":"Feature","properties":{"Line":"R136","Tr":2831,"X":"647300.5","Y":"9203994.0","Rotation":0,"NAMOBJ":"Sukobendu","WADMKC":"Mantup","WADMKK":"Lamongan"},"geometry":{"type":"Point","coordinates":[112.3,-7.2]}},{"type":"Feature","properties":{"Line":"R136","Tr":2832,"X":"647300.5","Y":"9203981.5","Rotation":0,"NAMOBJ":"Sukobendu","WADMKC":"Mantup","WADMKK":"Lamongan"},"geometry":{"type":"Point","coordinates":[112.3,-7.2]}},{"type":"Feature","properties":{"Line":"R136","Tr":2833,"X":"647300.5","Y":"9203969.0","Rotation":0,"NAMOBJ":"Sukobendu","WADMKC":"Mantup","WADMKK":"Lamongan"},"geometry":{"type":"Point","coordinates":[112.3,-7.2]}},{"type":"Feature","properties":{"Line":"R136","Tr":2834,"X":"647300.5","Y":"9203956.5","Rotation":0,"NAMOBJ":"Sukobendu","WADMKC":"Mantup","WADMKK":"Lamongan"},"geometry":{"type":"Point","coordinates":[112.3,-7.2]}},{"type":"Feature","properties":{"Line":"R136","Tr":2835,"X":"647300.5","Y":"9203944.0","Rotation":0,"NAMOBJ":"Sukobendu","WADMKC":"Mantup","WADMKK":"Lamongan"},"geometry":{"type":"Point","coordinates":[112.3,-7.2]}},{"type":"Feature","properties":{"Line":"R136","Tr":2836,"X":"647300.5","Y":"9203931.5","Rotation":0,"NAMOBJ":"Sukobendu","WADMKC":"Mantup","WADMKK":"Lamongan"},"geometry":{"type":"Point","coordinates":[112.3,-7.2]}},{"type":"Feature","properties":{"Line":"R136","Tr":2837,"X":"647300.5","Y":"9203919.0","Rotation":0,"NAMOBJ":"Sukobendu","WADMKC":"Mantup","WADMKK":"Lamongan"},"geometry":{"type":"Point","coordinates":[112.3,-7.2]}},{"type":"Feature","properties":{"Line":"R136","Tr":2838,"X":"647300.5","Y":"9203906.5","Rotation":0,"NAMOBJ":"Sukobendu","WADMKC":"Mantup","WADMKK":"Lamongan"},"geometry":{"type":"Point","coordinates":[112.3,-7.2]}},{"type":"Feature","properties":{"Line":"R136","Tr":2839,"X":"647300.5","Y":"9203894.0","Rotation":0,"NAMOBJ":"Sukobendu","WADMKC":"Mantup","WADMKK":"Lamongan"},"geometry":{"type":"Point","coordinates":[112.3,-7.2]}},{"type":"Feature","properties":{"Line":"R136","Tr":2840,"X":"647300.5","Y":"9203881.5","Rotation":0,"NAMOBJ":"Sukobendu","WADMKC":"Mantup","WADMKK":"Lamongan"},"geometry":{"type":"Point","coordinates":[112.3,-7.2]}},{"type":"Feature","properties":{"Line":"R136","Tr":2841,"X":"647300.5","Y":"9203869.0","Rotation":0,"NAMOBJ":"Sukobendu","WADMKC":"Mantup","WADMKK":"Lamongan"},"geometry":{"type":"Point","coordinates":[112.3,-7.2]}},{"type":"Feature","properties":{"Line":"R136","Tr":2842,"X":"647300.5","Y":"9203856.5","Rotation":0,"NAMOBJ":"Sukobendu","WADMKC":"Mantup","WADMKK":"Lamongan"},"geometry":{"type":"Point","coordinates":[112.3,-7.2]}},{"type":"Feature","properties":{"Line":"R136","Tr":2843,"X":"647300.5","Y":"9203844.0","Rotation":0,"NAMOBJ":"Sukobendu","WADMKC":"Mantup","WADMKK":"Lamongan"},"geometry":{"type":"Point","coordinates":[112.3,-7.2]}},{"type":"Feature","properties":{"Line":"R136","Tr":2844,"X":"647300.5","Y":"9203831.5","Rotation":0,"NAMOBJ":"Sukobendu","WADMKC":"Mantup","WADMKK":"Lamongan"},"geometry":{"type":"Point","coordinates":[112.3,-7.2]}},{"type":"Feature","properties":{"Line":"R136","Tr":2845,"X":"647300.5","Y":"9203819.0","Rotation":0,"NAMOBJ":"Sukobendu","WADMKC":"Mantup","WADMKK":"Lamongan"},"geometry":{"type":"Point","coordinates":[112.3,-7.2]}},{"type":"Feature","properties":{"Line":"R136","Tr":2846,"X":"647300.5","Y":"9203806.5","Rotation":0,"NAMOBJ":"Sukobendu","WADMKC":"Mantup","WADMKK":"Lamongan"},"geometry":{"type":"Point","coordinates":[112.3,-7.2]}},{"type":"Feature","properties":{"Line":"R136","Tr":2847,"X":"647300.5","Y":"9203794.0","Rotation":0,"NAMOBJ":"Sukobendu","WADMKC":"Mantup","WADMKK":"Lamongan"},"geometry":{"type":"Point","coordinates":[112.3,-7.2]}},{"type":"Feature","properties":{"Line":"R136","Tr":2848,"X":"647300.5","Y":"9203781.5","Rotation":0,"NAMOBJ":"Sukobendu","WADMKC":"Mantup","WADMKK":"Lamongan"},"geometry":{"type":"Point","coordinates":[112.3,-7.2]}},{"type":"Feature","properties":{"Line":"R136","Tr":2849,"X":"647300.5","Y":"9203769.0","Rotation":0,"NAMOBJ":"Sukobendu","WADMKC":"Mantup","WADMKK":"Lamongan"},"geometry":{"type":"Point","coordinates":[112.3,-7.2]}},{"type":"Feature","properties":{"Line":"R136","Tr":2850,"X":"647300.5","Y":"9203756.5","Rotation":0,"NAMOBJ":"Sukobendu","WADMKC":"Mantup","WADMKK":"Lamongan"},"geometry":{"type":"Point","coordinates":[112.3,-7.2]}},{"type":"Feature","properties":{"Line":"R136","Tr":2851,"X":"647300.5","Y":"9203744.0","Rotation":0,"NAMOBJ":"Sukobendu","WADMKC":"Mantup","WADMKK":"Lamongan"},"geometry":{"type":"Point","coordinates":[112.3,-7.2]}},{"type":"Feature","properties":{"Line":"R136","Tr":2852,"X":"647300.5","Y":"9203731.5","Rotation":0,"NAMOBJ":"Sukobendu","WADMKC":"Mantup","WADMKK":"Lamongan"},"geometry":{"type":"Point","coordinates":[112.3,-7.2]}},{"type":"Feature","properties":{"Line":"R136","Tr":2853,"X":"647300.5","Y":"9203719.0","Rotation":0,"NAMOBJ":"Sukobendu","WADMKC":"Mantup","WADMKK":"Lamongan"},"geometry":{"type":"Point","coordinates":[112.3,-7.2]}},{"type":"Feature","properties":{"Line":"R136","Tr":2854,"X":"647300.5","Y":"9203706.5","Rotation":0,"NAMOBJ":"Sukobendu","WADMKC":"Mantup","WADMKK":"Lamongan"},"geometry":{"type":"Point","coordinates":[112.3,-7.2]}},{"type":"Feature","properties":{"Line":"R136","Tr":2855,"X":"647300.5","Y":"9203694.0","Rotation":0,"NAMOBJ":"Sukobendu","WADMKC":"Mantup","WADMKK":"Lamongan"},"geometry":{"type":"Point","coordinates":[112.3,-7.2]}},{"type":"Feature","properties":{"Line":"R136","Tr":2856,"X":"647300.5","Y":"9203681.5","Rotation":0,"NAMOBJ":"Sukobendu","WADMKC":"Mantup","WADMKK":"Lamongan"},"geometry":{"type":"Point","coordinates":[112.3,-7.2]}},{"type":"Feature","properties":{"Line":"R136","Tr":2857,"X":"647300.5","Y":"9203669.0","Rotation":0,"NAMOBJ":"Sukobendu","WADMKC":"Mantup","WADMKK":"Lamongan"},"geometry":{"type":"Point","coordinates":[112.3,-7.2]}},{"type":"Feature","properties":{"Line":"R136","Tr":2858,"X":"647300.5","Y":"9203656.5","Rotation":0,"NAMOBJ":"Sukobendu","WADMKC":"Mantup","WADMKK":"Lamongan"},"geometry":{"type":"Point","coordinates":[112.3,-7.2]}},{"type":"Feature","properties":{"Line":"R136","Tr":2859,"X":"647300.5","Y":"9203644.0","Rotation":0,"NAMOBJ":"Sukobendu","WADMKC":"Mantup","WADMKK":"Lamongan"},"geometry":{"type":"Point","coordinates":[112.3,-7.2]}},{"type":"Feature","properties":{"Line":"R136","Tr":2860,"X":"647300.5","Y":"9203631.5","Rotation":0,"NAMOBJ":"Sukobendu","WADMKC":"Mantup","WADMKK":"Lamongan"},"geometry":{"type":"Point","coordinates":[112.3,-7.2]}},{"type":"Feature","properties":{"Line":"R136","Tr":2861,"X":"647300.5","Y":"9203619.0","Rotation":0,"NAMOBJ":"Sukobendu","WADMKC":"Mantup","WADMKK":"Lamongan"},"geometry":{"type":"Point","coordinates":[112.3,-7.2]}},{"type":"Feature","properties":{"Line":"R136","Tr":2862,"X":"647300.5","Y":"9203606.5","Rotation":0,"NAMOBJ":"Sukobendu","WADMKC":"Mantup","WADMKK":"Lamongan"},"geometry":{"type":"Point","coordinates":[112.3,-7.2]}},{"type":"Feature","properties":{"Line":"R136","Tr":2863,"X":"647300.5","Y":"9203594.0","Rotation":0,"NAMOBJ":"Sukobendu","WADMKC":"Mantup","WADMKK":"Lamongan"},"geometry":{"type":"Point","coordinates":[112.3,-7.2]}},{"type":"Feature","properties":{"Line":"R136","Tr":2864,"X":"647300.5","Y":"9203581.5","Rotation":0,"NAMOBJ":"Sukobendu","WADMKC":"Mantup","WADMKK":"Lamongan"},"geometry":{"type":"Point","coordinates":[112.3,-7.2]}},{"type":"Feature","properties":{"Line":"R136","Tr":2865,"X":"647300.5","Y":"9203569.0","Rotation":0,"NAMOBJ":"Sukobendu","WADMKC":"Mantup","WADMKK":"Lamongan"},"geometry":{"type":"Point","coordinates":[112.3,-7.2]}},{"type":"Feature","properties":{"Line":"R136","Tr":2866,"X":"647300.5","Y":"9203556.5","Rotation":0,"NAMOBJ":"Sukobendu","WADMKC":"Mantup","WADMKK":"Lamongan"},"geometry":{"type":"Point","coordinates":[112.3,-7.2]}},{"type":"Feature","properties":{"Line":"R136","Tr":2867,"X":"647300.5","Y":"9203544.0","Rotation":0,"NAMOBJ":"Sukobendu","WADMKC":"Mantup","WADMKK":"Lamongan"},"geometry":{"type":"Point","coordinates":[112.3,-7.2]}},{"type":"Feature","properties":{"Line":"R136","Tr":2868,"X":"647300.5","Y":"9203531.5","Rotation":0,"NAMOBJ":"Sukobendu","WADMKC":"Mantup","WADMKK":"Lamongan"},"geometry":{"type":"Point","coordinates":[112.3,-7.2]}},{"type":"Feature","properties":{"Line":"R136","Tr":2869,"X":"647300.5","Y":"9203519.0","Rotation":0,"NAMOBJ":"Sukobendu","WADMKC":"Mantup","WADMKK":"Lamongan"},"geometry":{"type":"Point","coordinates":[112.3,-7.2]}},{"type":"Feature","properties":{"Line":"R136","Tr":2870,"X":"647300.5","Y":"9203506.5","Rotation":0,"NAMOBJ":"Sukobendu","WADMKC":"Mantup","WADMKK":"Lamongan"},"geometry":{"type":"Point","coordinates":[112.3,-7.2]}},{"type":"Feature","properties":{"Line":"R136","Tr":2871,"X":"647300.5","Y":"9203494.0","Rotation":0,"NAMOBJ":"Sukobendu","WADMKC":"Mantup","WADMKK":"Lamongan"},"geometry":{"type":"Point","coordinates":[112.3,-7.2]}},{"type":"Feature","properties":{"Line":"R136","Tr":2872,"X":"647300.5","Y":"9203481.5","Rotation":0,"NAMOBJ":"Sukobendu","WADMKC":"Mantup","WADMKK":"Lamongan"},"geometry":{"type":"Point","coordinates":[112.3,-7.2]}},{"type":"Feature","properties":{"Line":"R101","Tr":2705,"X":"645531.8","Y":"9208800.3","Rotation":90,"NAMOBJ":"Sukosongo","WADMKC":"Kembangbahu","WADMKK":"Lamongan"},"geometry":{"type":"Point","coordinates":[112.3,-7.2]}},{"type":"Feature","properties":{"Line":"R101","Tr":2706,"X":"645544.3","Y":"9208800.4","Rotation":90,"NAMOBJ":"Sukosongo","WADMKC":"Kembangbahu","WADMKK":"Lamongan"},"geometry":{"type":"Point","coordinates":[112.3,-7.2]}},{"type":"Feature","properties":{"Line":"R101","Tr":2707,"X":"645556.8","Y":"9208800.3","Rotation":90,"NAMOBJ":"Sukosongo","WADMKC":"Kembangbahu","WADMKK":"Lamongan"},"geometry":{"type":"Point","coordinates":[112.3,-7.2]}},{"type":"Feature","properties":{"Line":"R101","Tr":2708,"X":"645569.3","Y":"9208800.4","Rotation":90,"NAMOBJ":"Sukosongo","WADMKC":"Kembangbahu","WADMKK":"Lamongan"},"geometry":{"type":"Point","coordinates":[112.3,-7.2]}},{"type":"Feature","properties":{"Line":"R101","Tr":2709,"X":"645581.8","Y":"9208800.3","Rotation":90,"NAMOBJ":"Sukosongo","WADMKC":"Kembangbahu","WADMKK":"Lamongan"},"geometry":{"type":"Point","coordinates":[112.3,-7.2]}},{"type":"Feature","properties":{"Line":"R101","Tr":2710,"X":"645594.3","Y":"9208800.4","Rotation":90,"NAMOBJ":"Sukosongo","WADMKC":"Kembangbahu","WADMKK":"Lamongan"},"geometry":{"type":"Point","coordinates":[112.3,-7.2]}},{"type":"Feature","properties":{"Line":"R101","Tr":2711,"X":"645606.8","Y":"9208800.3","Rotation":90,"NAMOBJ":"Sukosongo","WADMKC":"Kembangbahu","WADMKK":"Lamongan"},"geometry":{"type":"Point","coordinates":[112.3,-7.2]}},{"type":"Feature","properties":{"Line":"R101","Tr":2712,"X":"645619.3","Y":"9208800.4","Rotation":90,"NAMOBJ":"Sukosongo","WADMKC":"Kembangbahu","WADMKK":"Lamongan"},"geometry":{"type":"Point","coordinates":[112.3,-7.2]}},{"type":"Feature","properties":{"Line":"R101","Tr":2713,"X":"645631.8","Y":"9208800.3","Rotation":90,"NAMOBJ":"Sukosongo","WADMKC":"Kembangbahu","WADMKK":"Lamongan"},"geometry":{"type":"Point","coordinates":[112.3,-7.2]}},{"type":"Feature","properties":{"Line":"R101","Tr":2714,"X":"645644.3","Y":"9208800.4","Rotation":90,"NAMOBJ":"Sukosongo","WADMKC":"Kembangbahu","WADMKK":"Lamongan"},"geometry":{"type":"Point","coordinates":[112.3,-7.2]}},{"type":"Feature","properties":{"Line":"R101","Tr":2715,"X":"645656.8","Y":"9208800.3","Rotation":90,"NAMOBJ":"Sukosongo","WADMKC":"Kembangbahu","WADMKK":"Lamongan"},"geometry":{"type":"Point","coordinates":[112.3,-7.2]}},{"type":"Feature","properties":{"Line":"R101","Tr":2716,"X":"645669.3","Y":"9208800.4","Rotation":90,"NAMOBJ":"Sukosongo","WADMKC":"Kembangbahu","WADMKK":"Lamongan"},"geometry":{"type":"Point","coordinates":[112.3,-7.2]}},{"type":"Feature","properties":{"Line":"R101","Tr":2717,"X":"645681.8","Y":"9208800.3","Rotation":90,"NAMOBJ":"Sukosongo","WADMKC":"Kembangbahu","WADMKK":"Lamongan"},"geometry":{"type":"Point","coordinates":[112.3,-7.2]}},{"type":"Feature","properties":{"Line":"R101","Tr":2718,"X":"645694.3","Y":"9208800.4","Rotation":90,"NAMOBJ":"Sukosongo","WADMKC":"Kembangbahu","WADMKK":"Lamongan"},"geometry":{"type":"Point","coordinates":[112.3,-7.2]}},{"type":"Feature","properties":{"Line":"R101","Tr":2719,"X":"645706.8","Y":"9208800.3","Rotation":90,"NAMOBJ":"Sukosongo","WADMKC":"Kembangbahu","WADMKK":"Lamongan"},"geometry":{"type":"Point","coordinates":[112.3,-7.2]}},{"type":"Feature","properties":{"Line":"R101","Tr":2720,"X":"645719.3","Y":"9208800.4","Rotation":90,"NAMOBJ":"Sukosongo","WADMKC":"Kembangbahu","WADMKK":"Lamongan"},"geometry":{"type":"Point","coordinates":[112.3,-7.2]}},{"type":"Feature","properties":{"Line":"R101","Tr":2721,"X":"645731.8","Y":"9208800.3","Rotation":90,"NAMOBJ":"Sukosongo","WADMKC":"Kembangbahu","WADMKK":"Lamongan"},"geometry":{"type":"Point","coordinates":[112.3,-7.2]}},{"type":"Feature","properties":{"Line":"R101","Tr":2722,"X":"645744.3","Y":"9208800.4","Rotation":90,"NAMOBJ":"Sukosongo","WADMKC":"Kembangbahu","WADMKK":"Lamongan"},"geometry":{"type":"Point","coordinates":[112.3,-7.2]}},{"type":"Feature","properties":{"Line":"R101","Tr":2723,"X":"645756.8","Y":"9208800.3","Rotation":90,"NAMOBJ":"Sukosongo","WADMKC":"Kembangbahu","WADMKK":"Lamongan"},"geometry":{"type":"Point","coordinates":[112.3,-7.2]}},{"type":"Feature","properties":{"Line":"R101","Tr":2724,"X":"645769.3","Y":"9208800.4","Rotation":90,"NAMOBJ":"Sukosongo","WADMKC":"Kembangbahu","WADMKK":"Lamongan"},"geometry":{"type":"Point","coordinates":[112.3,-7.2]}},{"type":"Feature","properties":{"Line":"R101","Tr":2725,"X":"645781.8","Y":"9208800.3","Rotation":90,"NAMOBJ":"Sukosongo","WADMKC":"Kembangbahu","WADMKK":"Lamongan"},"geometry":{"type":"Point","coordinates":[112.3,-7.2]}},{"type":"Feature","properties":{"Line":"R101","Tr":2726,"X":"645794.3","Y":"9208800.4","Rotation":90,"NAMOBJ":"Sukosongo","WADMKC":"Kembangbahu","WADMKK":"Lamongan"},"geometry":{"type":"Point","coordinates":[112.3,-7.2]}},{"type":"Feature","properties":{"Line":"R101","Tr":2727,"X":"645806.8","Y":"9208800.3","Rotation":90,"NAMOBJ":"Sukosongo","WADMKC":"Kembangbahu","WADMKK":"Lamongan"},"geometry":{"type":"Point","coordinates":[112.3,-7.2]}},{"type":"Feature","properties":{"Line":"R101","Tr":2728,"X":"645819.3","Y":"9208800.4","Rotation":90,"NAMOBJ":"Sukosongo","WADMKC":"Kembangbahu","WADMKK":"Lamongan"},"geometry":{"type":"Point","coordinates":[112.3,-7.2]}},{"type":"Feature","properties":{"Line":"R101","Tr":2729,"X":"645831.8","Y":"9208800.3","Rotation":90,"NAMOBJ":"Sukosongo","WADMKC":"Kembangbahu","WADMKK":"Lamongan"},"geometry":{"type":"Point","coordinates":[112.3,-7.2]}},{"type":"Feature","properties":{"Line":"R101","Tr":2730,"X":"645844.3","Y":"9208800.4","Rotation":90,"NAMOBJ":"Sukosongo","WADMKC":"Kembangbahu","WADMKK":"Lamongan"},"geometry":{"type":"Point","coordinates":[112.3,-7.2]}},{"type":"Feature","properties":{"Line":"R101","Tr":2731,"X":"645856.8","Y":"9208800.3","Rotation":90,"NAMOBJ":"Sukosongo","WADMKC":"Kembangbahu","WADMKK":"Lamongan"},"geometry":{"type":"Point","coordinates":[112.3,-7.2]}},{"type":"Feature","properties":{"Line":"R101","Tr":2732,"X":"645869.3","Y":"9208800.4","Rotation":90,"NAMOBJ":"Sukosongo","WADMKC":"Kembangbahu","WADMKK":"Lamongan"},"geometry":{"type":"Point","coordinates":[112.3,-7.2]}},{"type":"Feature","properties":{"Line":"R101","Tr":2733,"X":"645881.8","Y":"9208800.3","Rotation":90,"NAMOBJ":"Sukosongo","WADMKC":"Kembangbahu","WADMKK":"Lamongan"},"geometry":{"type":"Point","coordinates":[112.3,-7.2]}},{"type":"Feature","properties":{"Line":"R101","Tr":2734,"X":"645894.3","Y":"9208800.4","Rotation":90,"NAMOBJ":"Sukosongo","WADMKC":"Kembangbahu","WADMKK":"Lamongan"},"geometry":{"type":"Point","coordinates":[112.3,-7.2]}},{"type":"Feature","properties":{"Line":"R101","Tr":2735,"X":"645906.8","Y":"9208800.3","Rotation":90,"NAMOBJ":"Sukosongo","WADMKC":"Kembangbahu","WADMKK":"Lamongan"},"geometry":{"type":"Point","coordinates":[112.3,-7.2]}},{"type":"Feature","properties":{"Line":"R101","Tr":2736,"X":"645919.3","Y":"9208800.4","Rotation":90,"NAMOBJ":"Sukosongo","WADMKC":"Kembangbahu","WADMKK":"Lamongan"},"geometry":{"type":"Point","coordinates":[112.3,-7.2]}},{"type":"Feature","properties":{"Line":"R101","Tr":2737,"X":"645931.8","Y":"9208800.3","Rotation":90,"NAMOBJ":"Sukosongo","WADMKC":"Kembangbahu","WADMKK":"Lamongan"},"geometry":{"type":"Point","coordinates":[112.3,-7.2]}},{"type":"Feature","properties":{"Line":"R101","Tr":2738,"X":"645944.3","Y":"9208800.4","Rotation":90,"NAMOBJ":"Sukosongo","WADMKC":"Kembangbahu","WADMKK":"Lamongan"},"geometry":{"type":"Point","coordinates":[112.3,-7.2]}},{"type":"Feature","properties":{"Line":"R101","Tr":2739,"X":"645956.8","Y":"9208800.3","Rotation":90,"NAMOBJ":"Sukosongo","WADMKC":"Kembangbahu","WADMKK":"Lamongan"},"geometry":{"type":"Point","coordinates":[112.3,-7.2]}},{"type":"Feature","properties":{"Line":"R101","Tr":2740,"X":"645969.3","Y":"9208800.4","Rotation":90,"NAMOBJ":"Sukosongo","WADMKC":"Kembangbahu","WADMKK":"Lamongan"},"geometry":{"type":"Point","coordinates":[112.3,-7.2]}},{"type":"Feature","properties":{"Line":"R101","Tr":2741,"X":"645981.8","Y":"9208800.3","Rotation":90,"NAMOBJ":"Sukosongo","WADMKC":"Kembangbahu","WADMKK":"Lamongan"},"geometry":{"type":"Point","coordinates":[112.3,-7.2]}},{"type":"Feature","properties":{"Line":"R101","Tr":2742,"X":"645994.3","Y":"9208800.4","Rotation":90,"NAMOBJ":"Sukosongo","WADMKC":"Kembangbahu","WADMKK":"Lamongan"},"geometry":{"type":"Point","coordinates":[112.3,-7.2]}},{"type":"Feature","properties":{"Line":"R101","Tr":2743,"X":"646006.8","Y":"9208800.3","Rotation":90,"NAMOBJ":"Sukosongo","WADMKC":"Kembangbahu","WADMKK":"Lamongan"},"geometry":{"type":"Point","coordinates":[112.3,-7.2]}},{"type":"Feature","properties":{"Line":"R101","Tr":2744,"X":"646019.3","Y":"9208800.4","Rotation":90,"NAMOBJ":"Sukosongo","WADMKC":"Kembangbahu","WADMKK":"Lamongan"},"geometry":{"type":"Point","coordinates":[112.3,-7.2]}},{"type":"Feature","properties":{"Line":"R101","Tr":2745,"X":"646031.8","Y":"9208800.3","Rotation":90,"NAMOBJ":"Sukosongo","WADMKC":"Kembangbahu","WADMKK":"Lamongan"},"geometry":{"type":"Point","coordinates":[112.3,-7.2]}},{"type":"Feature","properties":{"Line":"R101","Tr":2746,"X":"646044.3","Y":"9208800.4","Rotation":90,"NAMOBJ":"Sukosongo","WADMKC":"Kembangbahu","WADMKK":"Lamongan"},"geometry":{"type":"Point","coordinates":[112.3,-7.2]}},{"type":"Feature","properties":{"Line":"R101","Tr":2747,"X":"646056.8","Y":"9208800.3","Rotation":90,"NAMOBJ":"Sukosongo","WADMKC":"Kembangbahu","WADMKK":"Lamongan"},"geometry":{"type":"Point","coordinates":[112.3,-7.2]}},{"type":"Feature","properties":{"Line":"R101","Tr":2748,"X":"646069.3","Y":"9208800.4","Rotation":90,"NAMOBJ":"Sukosongo","WADMKC":"Kembangbahu","WADMKK":"Lamongan"},"geometry":{"type":"Point","coordinates":[112.3,-7.2]}},{"type":"Feature","properties":{"Line":"R101","Tr":2749,"X":"646081.8","Y":"9208800.3","Rotation":90,"NAMOBJ":"Sukosongo","WADMKC":"Kembangbahu","WADMKK":"Lamongan"},"geometry":{"type":"Point","coordinates":[112.3,-7.2]}},{"type":"Feature","properties":{"Line":"R101","Tr":2750,"X":"646094.3","Y":"9208800.4","Rotation":90,"NAMOBJ":"Sukosongo","WADMKC":"Kembangbahu","WADMKK":"Lamongan"},"geometry":{"type":"Point","coordinates":[112.3,-7.2]}},{"type":"Feature","properties":{"Line":"R101","Tr":2751,"X":"646106.8","Y":"9208800.3","Rotation":90,"NAMOBJ":"Sukosongo","WADMKC":"Kembangbahu","WADMKK":"Lamongan"},"geometry":{"type":"Point","coordinates":[112.3,-7.2]}},{"type":"Feature","properties":{"Line":"R101","Tr":2752,"X":"646119.3","Y":"9208800.4","Rotation":90,"NAMOBJ":"Sukosongo","WADMKC":"Kembangbahu","WADMKK":"Lamongan"},"geometry":{"type":"Point","coordinates":[112.3,-7.2]}},{"type":"Feature","properties":{"Line":"R101","Tr":2753,"X":"646131.8","Y":"9208800.3","Rotation":90,"NAMOBJ":"Sukosongo","WADMKC":"Kembangbahu","WADMKK":"Lamongan"},"geometry":{"type":"Point","coordinates":[112.3,-7.2]}},{"type":"Feature","properties":{"Line":"R101","Tr":2754,"X":"646144.3","Y":"9208800.4","Rotation":90,"NAMOBJ":"Sukosongo","WADMKC":"Kembangbahu","WADMKK":"Lamongan"},"geometry":{"type":"Point","coordinates":[112.3,-7.2]}},{"type":"Feature","properties":{"Line":"R101","Tr":2755,"X":"646156.8","Y":"9208800.3","Rotation":90,"NAMOBJ":"Sukosongo","WADMKC":"Kembangbahu","WADMKK":"Lamongan"},"geometry":{"type":"Point","coordinates":[112.3,-7.2]}},{"type":"Feature","properties":{"Line":"R101","Tr":2756,"X":"646169.3","Y":"9208800.4","Rotation":90,"NAMOBJ":"Sukosongo","WADMKC":"Kembangbahu","WADMKK":"Lamongan"},"geometry":{"type":"Point","coordinates":[112.3,-7.2]}},{"type":"Feature","properties":{"Line":"R101","Tr":2757,"X":"646181.8","Y":"9208800.3","Rotation":90,"NAMOBJ":"Sukosongo","WADMKC":"Kembangbahu","WADMKK":"Lamongan"},"geometry":{"type":"Point","coordinates":[112.3,-7.2]}},{"type":"Feature","properties":{"Line":"R101","Tr":2758,"X":"646194.3","Y":"9208800.4","Rotation":90,"NAMOBJ":"Sukosongo","WADMKC":"Kembangbahu","WADMKK":"Lamongan"},"geometry":{"type":"Point","coordinates":[112.3,-7.2]}},{"type":"Feature","properties":{"Line":"R101","Tr":2759,"X":"646206.8","Y":"9208800.3","Rotation":90,"NAMOBJ":"Sukosongo","WADMKC":"Kembangbahu","WADMKK":"Lamongan"},"geometry":{"type":"Point","coordinates":[112.3,-7.2]}},{"type":"Feature","properties":{"Line":"R101","Tr":2760,"X":"646219.3","Y":"9208800.4","Rotation":90,"NAMOBJ":"Sukosongo","WADMKC":"Kembangbahu","WADMKK":"Lamongan"},"geometry":{"type":"Point","coordinates":[112.3,-7.2]}},{"type":"Feature","properties":{"Line":"R101","Tr":2761,"X":"646231.8","Y":"9208800.3","Rotation":90,"NAMOBJ":"Sukosongo","WADMKC":"Kembangbahu","WADMKK":"Lamongan"},"geometry":{"type":"Point","coordinates":[112.3,-7.2]}},{"type":"Feature","properties":{"Line":"R101","Tr":2762,"X":"646244.3","Y":"9208800.4","Rotation":90,"NAMOBJ":"Sukosongo","WADMKC":"Kembangbahu","WADMKK":"Lamongan"},"geometry":{"type":"Point","coordinates":[112.3,-7.2]}},{"type":"Feature","properties":{"Line":"R101","Tr":2763,"X":"646256.8","Y":"9208800.3","Rotation":90,"NAMOBJ":"Sukosongo","WADMKC":"Kembangbahu","WADMKK":"Lamongan"},"geometry":{"type":"Point","coordinates":[112.3,-7.2]}},{"type":"Feature","properties":{"Line":"R101","Tr":2764,"X":"646269.3","Y":"9208800.4","Rotation":90,"NAMOBJ":"Sukosongo","WADMKC":"Kembangbahu","WADMKK":"Lamongan"},"geometry":{"type":"Point","coordinates":[112.3,-7.2]}},{"type":"Feature","properties":{"Line":"R101","Tr":2765,"X":"646281.8","Y":"9208800.3","Rotation":90,"NAMOBJ":"Sukosongo","WADMKC":"Kembangbahu","WADMKK":"Lamongan"},"geometry":{"type":"Point","coordinates":[112.3,-7.2]}},{"type":"Feature","properties":{"Line":"R101","Tr":2766,"X":"646294.3","Y":"9208800.4","Rotation":90,"NAMOBJ":"Sukosongo","WADMKC":"Kembangbahu","WADMKK":"Lamongan"},"geometry":{"type":"Point","coordinates":[112.3,-7.2]}},{"type":"Feature","properties":{"Line":"R101","Tr":2767,"X":"646306.8","Y":"9208800.3","Rotation":90,"NAMOBJ":"Sukosongo","WADMKC":"Kembangbahu","WADMKK":"Lamongan"},"geometry":{"type":"Point","coordinates":[112.3,-7.2]}},{"type":"Feature","properties":{"Line":"R101","Tr":2768,"X":"646319.3","Y":"9208800.4","Rotation":90,"NAMOBJ":"Sukosongo","WADMKC":"Kembangbahu","WADMKK":"Lamongan"},"geometry":{"type":"Point","coordinates":[112.3,-7.2]}},{"type":"Feature","properties":{"Line":"R101","Tr":2769,"X":"646331.8","Y":"9208800.3","Rotation":90,"NAMOBJ":"Sukosongo","WADMKC":"Kembangbahu","WADMKK":"Lamongan"},"geometry":{"type":"Point","coordinates":[112.3,-7.2]}},{"type":"Feature","properties":{"Line":"R101","Tr":2770,"X":"646344.3","Y":"9208800.4","Rotation":90,"NAMOBJ":"Sukosongo","WADMKC":"Kembangbahu","WADMKK":"Lamongan"},"geometry":{"type":"Point","coordinates":[112.3,-7.2]}},{"type":"Feature","properties":{"Line":"R101","Tr":2771,"X":"646356.8","Y":"9208800.3","Rotation":90,"NAMOBJ":"Sukosongo","WADMKC":"Kembangbahu","WADMKK":"Lamongan"},"geometry":{"type":"Point","coordinates":[112.3,-7.2]}},{"type":"Feature","properties":{"Line":"R101","Tr":2772,"X":"646369.3","Y":"9208800.4","Rotation":90,"NAMOBJ":"Sukosongo","WADMKC":"Kembangbahu","WADMKK":"Lamongan"},"geometry":{"type":"Point","coordinates":[112.3,-7.2]}},{"type":"Feature","properties":{"Line":"R101","Tr":2773,"X":"646381.8","Y":"9208800.3","Rotation":90,"NAMOBJ":"Sukosongo","WADMKC":"Kembangbahu","WADMKK":"Lamongan"},"geometry":{"type":"Point","coordinates":[112.3,-7.2]}},{"type":"Feature","properties":{"Line":"R101","Tr":2774,"X":"646394.3","Y":"9208800.4","Rotation":90,"NAMOBJ":"Sukosongo","WADMKC":"Kembangbahu","WADMKK":"Lamongan"},"geometry":{"type":"Point","coordinates":[112.3,-7.2]}},{"type":"Feature","properties":{"Line":"R101","Tr":2775,"X":"646406.8","Y":"9208800.3","Rotation":90,"NAMOBJ":"Sukosongo","WADMKC":"Kembangbahu","WADMKK":"Lamongan"},"geometry":{"type":"Point","coordinates":[112.3,-7.2]}},{"type":"Feature","properties":{"Line":"R101","Tr":2776,"X":"646419.3","Y":"9208800.4","Rotation":90,"NAMOBJ":"Sukosongo","WADMKC":"Kembangbahu","WADMKK":"Lamongan"},"geometry":{"type":"Point","coordinates":[112.3,-7.2]}},{"type":"Feature","properties":{"Line":"R101","Tr":2777,"X":"646431.8","Y":"9208800.3","Rotation":90,"NAMOBJ":"Sukosongo","WADMKC":"Kembangbahu","WADMKK":"Lamongan"},"geometry":{"type":"Point","coordinates":[112.3,-7.2]}},{"type":"Feature","properties":{"Line":"R101","Tr":2778,"X":"646444.3","Y":"9208800.4","Rotation":90,"NAMOBJ":"Sukosongo","WADMKC":"Kembangbahu","WADMKK":"Lamongan"},"geometry":{"type":"Point","coordinates":[112.3,-7.2]}},{"type":"Feature","properties":{"Line":"R101","Tr":2779,"X":"646456.8","Y":"9208800.3","Rotation":90,"NAMOBJ":"Sukosongo","WADMKC":"Kembangbahu","WADMKK":"Lamongan"},"geometry":{"type":"Point","coordinates":[112.3,-7.2]}},{"type":"Feature","properties":{"Line":"R101","Tr":2780,"X":"646469.3","Y":"9208800.4","Rotation":90,"NAMOBJ":"Sukosongo","WADMKC":"Kembangbahu","WADMKK":"Lamongan"},"geometry":{"type":"Point","coordinates":[112.3,-7.2]}},{"type":"Feature","properties":{"Line":"R101","Tr":2781,"X":"646481.8","Y":"9208800.3","Rotation":90,"NAMOBJ":"Sukosongo","WADMKC":"Kembangbahu","WADMKK":"Lamongan"},"geometry":{"type":"Point","coordinates":[112.3,-7.2]}},{"type":"Feature","properties":{"Line":"R101","Tr":2782,"X":"646494.3","Y":"9208800.4","Rotation":90,"NAMOBJ":"Sukosongo","WADMKC":"Kembangbahu","WADMKK":"Lamongan"},"geometry":{"type":"Point","coordinates":[112.3,-7.2]}},{"type":"Feature","properties":{"Line":"R101","Tr":2783,"X":"646506.8","Y":"9208800.3","Rotation":90,"NAMOBJ":"Sukosongo","WADMKC":"Kembangbahu","WADMKK":"Lamongan"},"geometry":{"type":"Point","coordinates":[112.3,-7.2]}},{"type":"Feature","properties":{"Line":"R101","Tr":2784,"X":"646519.3","Y":"9208800.4","Rotation":90,"NAMOBJ":"Sukosongo","WADMKC":"Kembangbahu","WADMKK":"Lamongan"},"geometry":{"type":"Point","coordinates":[112.3,-7.2]}},{"type":"Feature","properties":{"Line":"R101","Tr":2785,"X":"646531.8","Y":"9208800.3","Rotation":90,"NAMOBJ":"Sukosongo","WADMKC":"Kembangbahu","WADMKK":"Lamongan"},"geometry":{"type":"Point","coordinates":[112.3,-7.2]}},{"type":"Feature","properties":{"Line":"R101","Tr":2786,"X":"646544.3","Y":"9208800.4","Rotation":90,"NAMOBJ":"Sukosongo","WADMKC":"Kembangbahu","WADMKK":"Lamongan"},"geometry":{"type":"Point","coordinates":[112.3,-7.2]}},{"type":"Feature","properties":{"Line":"R101","Tr":2787,"X":"646556.8","Y":"9208800.3","Rotation":90,"NAMOBJ":"Sukosongo","WADMKC":"Kembangbahu","WADMKK":"Lamongan"},"geometry":{"type":"Point","coordinates":[112.3,-7.2]}},{"type":"Feature","properties":{"Line":"R101","Tr":2788,"X":"646569.3","Y":"9208800.4","Rotation":90,"NAMOBJ":"Sukosongo","WADMKC":"Kembangbahu","WADMKK":"Lamongan"},"geometry":{"type":"Point","coordinates":[112.3,-7.2]}},{"type":"Feature","properties":{"Line":"R101","Tr":2789,"X":"646581.8","Y":"9208800.3","Rotation":90,"NAMOBJ":"Sukosongo","WADMKC":"Kembangbahu","WADMKK":"Lamongan"},"geometry":{"type":"Point","coordinates":[112.3,-7.2]}},{"type":"Feature","properties":{"Line":"R101","Tr":2790,"X":"646594.3","Y":"9208800.4","Rotation":90,"NAMOBJ":"Sukosongo","WADMKC":"Kembangbahu","WADMKK":"Lamongan"},"geometry":{"type":"Point","coordinates":[112.3,-7.2]}},{"type":"Feature","properties":{"Line":"R101","Tr":2791,"X":"646606.8","Y":"9208800.3","Rotation":90,"NAMOBJ":"Sukosongo","WADMKC":"Kembangbahu","WADMKK":"Lamongan"},"geometry":{"type":"Point","coordinates":[112.3,-7.2]}},{"type":"Feature","properties":{"Line":"R101","Tr":2792,"X":"646619.3","Y":"9208800.4","Rotation":90,"NAMOBJ":"Sukosongo","WADMKC":"Kembangbahu","WADMKK":"Lamongan"},"geometry":{"type":"Point","coordinates":[112.3,-7.2]}},{"type":"Feature","properties":{"Line":"R101","Tr":2793,"X":"646631.8","Y":"9208800.3","Rotation":90,"NAMOBJ":"Sukosongo","WADMKC":"Kembangbahu","WADMKK":"Lamongan"},"geometry":{"type":"Point","coordinates":[112.3,-7.2]}},{"type":"Feature","properties":{"Line":"R101","Tr":2794,"X":"646644.3","Y":"9208800.4","Rotation":90,"NAMOBJ":"Sukosongo","WADMKC":"Kembangbahu","WADMKK":"Lamongan"},"geometry":{"type":"Point","coordinates":[112.3,-7.2]}},{"type":"Feature","properties":{"Line":"R101","Tr":2795,"X":"646656.8","Y":"9208800.3","Rotation":90,"NAMOBJ":"Sukosongo","WADMKC":"Kembangbahu","WADMKK":"Lamongan"},"geometry":{"type":"Point","coordinates":[112.3,-7.2]}},{"type":"Feature","properties":{"Line":"R101","Tr":2796,"X":"646669.3","Y":"9208800.4","Rotation":90,"NAMOBJ":"Sukosongo","WADMKC":"Kembangbahu","WADMKK":"Lamongan"},"geometry":{"type":"Point","coordinates":[112.3,-7.2]}},{"type":"Feature","properties":{"Line":"R101","Tr":2797,"X":"646681.8","Y":"9208800.3","Rotation":90,"NAMOBJ":"Sukosongo","WADMKC":"Kembangbahu","WADMKK":"Lamongan"},"geometry":{"type":"Point","coordinates":[112.3,-7.2]}},{"type":"Feature","properties":{"Line":"R101","Tr":2798,"X":"646694.3","Y":"9208800.4","Rotation":90,"NAMOBJ":"Sukosongo","WADMKC":"Kembangbahu","WADMKK":"Lamongan"},"geometry":{"type":"Point","coordinates":[112.3,-7.2]}},{"type":"Feature","properties":{"Line":"R101","Tr":2799,"X":"646706.8","Y":"9208800.3","Rotation":90,"NAMOBJ":"Sukosongo","WADMKC":"Kembangbahu","WADMKK":"Lamongan"},"geometry":{"type":"Point","coordinates":[112.3,-7.2]}},{"type":"Feature","properties":{"Line":"R101","Tr":2800,"X":"646719.3","Y":"9208800.4","Rotation":90,"NAMOBJ":"Sukosongo","WADMKC":"Kembangbahu","WADMKK":"Lamongan"},"geometry":{"type":"Point","coordinates":[112.3,-7.2]}},{"type":"Feature","properties":{"Line":"R101","Tr":2801,"X":"646731.8","Y":"9208800.3","Rotation":90,"NAMOBJ":"Sukosongo","WADMKC":"Kembangbahu","WADMKK":"Lamongan"},"geometry":{"type":"Point","coordinates":[112.3,-7.2]}},{"type":"Feature","properties":{"Line":"R101","Tr":2802,"X":"646744.3","Y":"9208800.4","Rotation":90,"NAMOBJ":"Sukosongo","WADMKC":"Kembangbahu","WADMKK":"Lamongan"},"geometry":{"type":"Point","coordinates":[112.3,-7.2]}},{"type":"Feature","properties":{"Line":"R101","Tr":2803,"X":"646756.8","Y":"9208800.3","Rotation":90,"NAMOBJ":"Sukosongo","WADMKC":"Kembangbahu","WADMKK":"Lamongan"},"geometry":{"type":"Point","coordinates":[112.3,-7.2]}},{"type":"Feature","properties":{"Line":"R101","Tr":2804,"X":"646769.3","Y":"9208800.4","Rotation":90,"NAMOBJ":"Sukosongo","WADMKC":"Kembangbahu","WADMKK":"Lamongan"},"geometry":{"type":"Point","coordinates":[112.3,-7.2]}},{"type":"Feature","properties":{"Line":"R101","Tr":2805,"X":"646781.8","Y":"9208800.3","Rotation":90,"NAMOBJ":"Sukosongo","WADMKC":"Kembangbahu","WADMKK":"Lamongan"},"geometry":{"type":"Point","coordinates":[112.3,-7.2]}},{"type":"Feature","properties":{"Line":"R101","Tr":2806,"X":"646794.3","Y":"9208800.4","Rotation":90,"NAMOBJ":"Sukosongo","WADMKC":"Kembangbahu","WADMKK":"Lamongan"},"geometry":{"type":"Point","coordinates":[112.3,-7.2]}},{"type":"Feature","properties":{"Line":"R101","Tr":2807,"X":"646806.8","Y":"9208800.3","Rotation":90,"NAMOBJ":"Sukosongo","WADMKC":"Kembangbahu","WADMKK":"Lamongan"},"geometry":{"type":"Point","coordinates":[112.3,-7.2]}},{"type":"Feature","properties":{"Line":"R101","Tr":2808,"X":"646819.3","Y":"9208800.4","Rotation":90,"NAMOBJ":"Sukosongo","WADMKC":"Kembangbahu","WADMKK":"Lamongan"},"geometry":{"type":"Point","coordinates":[112.3,-7.2]}},{"type":"Feature","properties":{"Line":"R101","Tr":2809,"X":"646831.8","Y":"9208800.3","Rotation":90,"NAMOBJ":"Sukosongo","WADMKC":"Kembangbahu","WADMKK":"Lamongan"},"geometry":{"type":"Point","coordinates":[112.3,-7.2]}},{"type":"Feature","properties":{"Line":"R101","Tr":2810,"X":"646844.3","Y":"9208800.4","Rotation":90,"NAMOBJ":"Sukosongo","WADMKC":"Kembangbahu","WADMKK":"Lamongan"},"geometry":{"type":"Point","coordinates":[112.3,-7.2]}},{"type":"Feature","properties":{"Line":"R101","Tr":2811,"X":"646856.8","Y":"9208800.3","Rotation":90,"NAMOBJ":"Sukosongo","WADMKC":"Kembangbahu","WADMKK":"Lamongan"},"geometry":{"type":"Point","coordinates":[112.3,-7.2]}},{"type":"Feature","properties":{"Line":"R101","Tr":2812,"X":"646869.3","Y":"9208800.4","Rotation":90,"NAMOBJ":"Sukosongo","WADMKC":"Kembangbahu","WADMKK":"Lamongan"},"geometry":{"type":"Point","coordinates":[112.3,-7.2]}},{"type":"Feature","properties":{"Line":"R101","Tr":2813,"X":"646881.8","Y":"9208800.3","Rotation":90,"NAMOBJ":"Sukosongo","WADMKC":"Kembangbahu","WADMKK":"Lamongan"},"geometry":{"type":"Point","coordinates":[112.3,-7.2]}},{"type":"Feature","properties":{"Line":"R101","Tr":2814,"X":"646894.3","Y":"9208800.4","Rotation":90,"NAMOBJ":"Sukosongo","WADMKC":"Kembangbahu","WADMKK":"Lamongan"},"geometry":{"type":"Point","coordinates":[112.3,-7.2]}},{"type":"Feature","properties":{"Line":"R101","Tr":2815,"X":"646906.8","Y":"9208800.3","Rotation":90,"NAMOBJ":"Sukosongo","WADMKC":"Kembangbahu","WADMKK":"Lamongan"},"geometry":{"type":"Point","coordinates":[112.3,-7.2]}},{"type":"Feature","properties":{"Line":"R101","Tr":2816,"X":"646919.3","Y":"9208800.4","Rotation":90,"NAMOBJ":"Sukosongo","WADMKC":"Kembangbahu","WADMKK":"Lamongan"},"geometry":{"type":"Point","coordinates":[112.3,-7.2]}},{"type":"Feature","properties":{"Line":"R101","Tr":2817,"X":"646931.8","Y":"9208800.3","Rotation":90,"NAMOBJ":"Sukosongo","WADMKC":"Kembangbahu","WADMKK":"Lamongan"},"geometry":{"type":"Point","coordinates":[112.3,-7.2]}},{"type":"Feature","properties":{"Line":"R101","Tr":2818,"X":"646944.3","Y":"9208800.4","Rotation":90,"NAMOBJ":"Sukosongo","WADMKC":"Kembangbahu","WADMKK":"Lamongan"},"geometry":{"type":"Point","coordinates":[112.3,-7.2]}},{"type":"Feature","properties":{"Line":"R101","Tr":2819,"X":"646956.8","Y":"9208800.3","Rotation":90,"NAMOBJ":"Sukosongo","WADMKC":"Kembangbahu","WADMKK":"Lamongan"},"geometry":{"type":"Point","coordinates":[112.3,-7.2]}},{"type":"Feature","properties":{"Line":"R101","Tr":2820,"X":"646969.3","Y":"9208800.4","Rotation":90,"NAMOBJ":"Sukosongo","WADMKC":"Kembangbahu","WADMKK":"Lamongan"},"geometry":{"type":"Point","coordinates":[112.3,-7.2]}},{"type":"Feature","properties":{"Line":"R101","Tr":2821,"X":"646981.8","Y":"9208800.3","Rotation":90,"NAMOBJ":"Sukosongo","WADMKC":"Kembangbahu","WADMKK":"Lamongan"},"geometry":{"type":"Point","coordinates":[112.3,-7.2]}},{"type":"Feature","properties":{"Line":"R101","Tr":2822,"X":"646994.3","Y":"9208800.4","Rotation":90,"NAMOBJ":"Sukosongo","WADMKC":"Kembangbahu","WADMKK":"Lamongan"},"geometry":{"type":"Point","coordinates":[112.3,-7.2]}},{"type":"Feature","properties":{"Line":"R101","Tr":2823,"X":"647006.8","Y":"9208800.3","Rotation":90,"NAMOBJ":"Sukosongo","WADMKC":"Kembangbahu","WADMKK":"Lamongan"},"geometry":{"type":"Point","coordinates":[112.3,-7.2]}},{"type":"Feature","properties":{"Line":"R101","Tr":2824,"X":"647019.3","Y":"9208800.4","Rotation":90,"NAMOBJ":"Sukosongo","WADMKC":"Kembangbahu","WADMKK":"Lamongan"},"geometry":{"type":"Point","coordinates":[112.3,-7.2]}},{"type":"Feature","properties":{"Line":"R101","Tr":2825,"X":"647031.8","Y":"9208800.3","Rotation":90,"NAMOBJ":"Sukosongo","WADMKC":"Kembangbahu","WADMKK":"Lamongan"},"geometry":{"type":"Point","coordinates":[112.3,-7.2]}},{"type":"Feature","properties":{"Line":"R101","Tr":2826,"X":"647044.3","Y":"9208800.4","Rotation":90,"NAMOBJ":"Sukosongo","WADMKC":"Kembangbahu","WADMKK":"Lamongan"},"geometry":{"type":"Point","coordinates":[112.3,-7.2]}},{"type":"Feature","properties":{"Line":"R101","Tr":2827,"X":"647056.8","Y":"9208800.3","Rotation":90,"NAMOBJ":"Sukosongo","WADMKC":"Kembangbahu","WADMKK":"Lamongan"},"geometry":{"type":"Point","coordinates":[112.3,-7.2]}},{"type":"Feature","properties":{"Line":"R101","Tr":2828,"X":"647069.3","Y":"9208800.4","Rotation":90,"NAMOBJ":"Sukosongo","WADMKC":"Kembangbahu","WADMKK":"Lamongan"},"geometry":{"type":"Point","coordinates":[112.3,-7.2]}},{"type":"Feature","properties":{"Line":"R101","Tr":2829,"X":"647081.8","Y":"9208800.3","Rotation":90,"NAMOBJ":"Sukosongo","WADMKC":"Kembangbahu","WADMKK":"Lamongan"},"geometry":{"type":"Point","coordinates":[112.3,-7.2]}},{"type":"Feature","properties":{"Line":"R101","Tr":2830,"X":"647094.3","Y":"9208800.4","Rotation":90,"NAMOBJ":"Sukosongo","WADMKC":"Kembangbahu","WADMKK":"Lamongan"},"geometry":{"type":"Point","coordinates":[112.3,-7.2]}},{"type":"Feature","properties":{"Line":"R101","Tr":2831,"X":"647106.8","Y":"9208800.3","Rotation":90,"NAMOBJ":"Sukosongo","WADMKC":"Kembangbahu","WADMKK":"Lamongan"},"geometry":{"type":"Point","coordinates":[112.3,-7.2]}},{"type":"Feature","properties":{"Line":"R101","Tr":2832,"X":"647119.3","Y":"9208800.4","Rotation":90,"NAMOBJ":"Sukosongo","WADMKC":"Kembangbahu","WADMKK":"Lamongan"},"geometry":{"type":"Point","coordinates":[112.3,-7.2]}},{"type":"Feature","properties":{"Line":"R101","Tr":2833,"X":"647131.8","Y":"9208800.3","Rotation":90,"NAMOBJ":"Sukosongo","WADMKC":"Kembangbahu","WADMKK":"Lamongan"},"geometry":{"type":"Point","coordinates":[112.3,-7.2]}},{"type":"Feature","properties":{"Line":"R101","Tr":2834,"X":"647144.3","Y":"9208800.4","Rotation":90,"NAMOBJ":"Sukosongo","WADMKC":"Kembangbahu","WADMKK":"Lamongan"},"geometry":{"type":"Point","coordinates":[112.3,-7.2]}},{"type":"Feature","properties":{"Line":"R101","Tr":2835,"X":"647156.8","Y":"9208800.3","Rotation":90,"NAMOBJ":"Sukosongo","WADMKC":"Kembangbahu","WADMKK":"Lamongan"},"geometry":{"type":"Point","coordinates":[112.3,-7.2]}},{"type":"Feature","properties":{"Line":"R101","Tr":2836,"X":"647169.3","Y":"9208800.4","Rotation":90,"NAMOBJ":"Sukosongo","WADMKC":"Kembangbahu","WADMKK":"Lamongan"},"geometry":{"type":"Point","coordinates":[112.3,-7.2]}},{"type":"Feature","properties":{"Line":"R101","Tr":2837,"X":"647181.8","Y":"9208800.3","Rotation":90,"NAMOBJ":"Sukosongo","WADMKC":"Kembangbahu","WADMKK":"Lamongan"},"geometry":{"type":"Point","coordinates":[112.3,-7.2]}},{"type":"Feature","properties":{"Line":"R101","Tr":2838,"X":"647194.3","Y":"9208800.4","Rotation":90,"NAMOBJ":"Sukosongo","WADMKC":"Kembangbahu","WADMKK":"Lamongan"},"geometry":{"type":"Point","coordinates":[112.3,-7.2]}},{"type":"Feature","properties":{"Line":"R101","Tr":2839,"X":"647206.8","Y":"9208800.3","Rotation":90,"NAMOBJ":"Sukosongo","WADMKC":"Kembangbahu","WADMKK":"Lamongan"},"geometry":{"type":"Point","coordinates":[112.3,-7.2]}},{"type":"Feature","properties":{"Line":"R101","Tr":2840,"X":"647219.3","Y":"9208800.4","Rotation":90,"NAMOBJ":"Sukosongo","WADMKC":"Kembangbahu","WADMKK":"Lamongan"},"geometry":{"type":"Point","coordinates":[112.3,-7.2]}},{"type":"Feature","properties":{"Line":"R101","Tr":2841,"X":"647231.8","Y":"9208800.3","Rotation":90,"NAMOBJ":"Sukosongo","WADMKC":"Kembangbahu","WADMKK":"Lamongan"},"geometry":{"type":"Point","coordinates":[112.3,-7.2]}},{"type":"Feature","properties":{"Line":"R101","Tr":2842,"X":"647244.3","Y":"9208800.4","Rotation":90,"NAMOBJ":"Sukosongo","WADMKC":"Kembangbahu","WADMKK":"Lamongan"},"geometry":{"type":"Point","coordinates":[112.3,-7.2]}},{"type":"Feature","properties":{"Line":"R101","Tr":2843,"X":"647256.8","Y":"9208800.3","Rotation":90,"NAMOBJ":"Sukosongo","WADMKC":"Kembangbahu","WADMKK":"Lamongan"},"geometry":{"type":"Point","coordinates":[112.3,-7.2]}},{"type":"Feature","properties":{"Line":"R101","Tr":2844,"X":"647269.3","Y":"9208800.4","Rotation":90,"NAMOBJ":"Sukosongo","WADMKC":"Kembangbahu","WADMKK":"Lamongan"},"geometry":{"type":"Point","coordinates":[112.3,-7.2]}},{"type":"Feature","properties":{"Line":"R101","Tr":2845,"X":"647281.8","Y":"9208800.3","Rotation":90,"NAMOBJ":"Sukosongo","WADMKC":"Kembangbahu","WADMKK":"Lamongan"},"geometry":{"type":"Point","coordinates":[112.3,-7.2]}},{"type":"Feature","properties":{"Line":"R101","Tr":2846,"X":"647294.3","Y":"9208800.4","Rotation":90,"NAMOBJ":"Sukosongo","WADMKC":"Kembangbahu","WADMKK":"Lamongan"},"geometry":{"type":"Point","coordinates":[112.3,-7.2]}},{"type":"Feature","properties":{"Line":"R101","Tr":2847,"X":"647306.8","Y":"9208800.3","Rotation":90,"NAMOBJ":"Sukosongo","WADMKC":"Kembangbahu","WADMKK":"Lamongan"},"geometry":{"type":"Point","coordinates":[112.3,-7.2]}},{"type":"Feature","properties":{"Line":"R101","Tr":2848,"X":"647319.3","Y":"9208800.4","Rotation":90,"NAMOBJ":"Sukosongo","WADMKC":"Kembangbahu","WADMKK":"Lamongan"},"geometry":{"type":"Point","coordinates":[112.3,-7.2]}},{"type":"Feature","properties":{"Line":"R134","Tr":2424,"X":"646300.5","Y":"9209081.6","Rotation":0,"NAMOBJ":"Sukosongo","WADMKC":"Kembangbahu","WADMKK":"Lamongan"},"geometry":{"type":"Point","coordinates":[112.3,-7.2]}},{"type":"Feature","properties":{"Line":"R134","Tr":2425,"X":"646300.5","Y":"9209069.0","Rotation":0,"NAMOBJ":"Sukosongo","WADMKC":"Kembangbahu","WADMKK":"Lamongan"},"geometry":{"type":"Point","coordinates":[112.3,-7.2]}},{"type":"Feature","properties":{"Line":"R134","Tr":2426,"X":"646300.5","Y":"9209056.6","Rotation":0,"NAMOBJ":"Sukosongo","WADMKC":"Kembangbahu","WADMKK":"Lamongan"},"geometry":{"type":"Point","coordinates":[112.3,-7.2]}},{"type":"Feature","properties":{"Line":"R134","Tr":2427,"X":"646300.5","Y":"9209044.0","Rotation":0,"NAMOBJ":"Sukosongo","WADMKC":"Kembangbahu","WADMKK":"Lamongan"},"geometry":{"type":"Point","coordinates":[112.3,-7.2]}},{"type":"Feature","properties":{"Line":"R134","Tr":2428,"X":"646300.5","Y":"9209031.6","Rotation":0,"NAMOBJ":"Sukosongo","WADMKC":"Kembangbahu","WADMKK":"Lamongan"},"geometry":{"type":"Point","coordinates":[112.3,-7.2]}},{"type":"Feature","properties":{"Line":"R134","Tr":2429,"X":"646300.5","Y":"9209019.0","Rotation":0,"NAMOBJ":"Sukosongo","WADMKC":"Kembangbahu","WADMKK":"Lamongan"},"geometry":{"type":"Point","coordinates":[112.3,-7.2]}},{"type":"Feature","properties":{"Line":"R134","Tr":2430,"X":"646300.5","Y":"9209006.6","Rotation":0,"NAMOBJ":"Sukosongo","WADMKC":"Kembangbahu","WADMKK":"Lamongan"},"geometry":{"type":"Point","coordinates":[112.3,-7.2]}},{"type":"Feature","properties":{"Line":"R134","Tr":2431,"X":"646300.5","Y":"9208994.0","Rotation":0,"NAMOBJ":"Sukosongo","WADMKC":"Kembangbahu","WADMKK":"Lamongan"},"geometry":{"type":"Point","coordinates":[112.3,-7.2]}},{"type":"Feature","properties":{"Line":"R134","Tr":2432,"X":"646300.5","Y":"9208981.6","Rotation":0,"NAMOBJ":"Sukosongo","WADMKC":"Kembangbahu","WADMKK":"Lamongan"},"geometry":{"type":"Point","coordinates":[112.3,-7.2]}},{"type":"Feature","properties":{"Line":"R134","Tr":2433,"X":"646300.5","Y":"9208969.0","Rotation":0,"NAMOBJ":"Sukosongo","WADMKC":"Kembangbahu","WADMKK":"Lamongan"},"geometry":{"type":"Point","coordinates":[112.3,-7.2]}},{"type":"Feature","properties":{"Line":"R134","Tr":2434,"X":"646300.5","Y":"9208956.6","Rotation":0,"NAMOBJ":"Sukosongo","WADMKC":"Kembangbahu","WADMKK":"Lamongan"},"geometry":{"type":"Point","coordinates":[112.3,-7.2]}},{"type":"Feature","properties":{"Line":"R134","Tr":2435,"X":"646300.5","Y":"9208944.0","Rotation":0,"NAMOBJ":"Sukosongo","WADMKC":"Kembangbahu","WADMKK":"Lamongan"},"geometry":{"type":"Point","coordinates":[112.3,-7.2]}},{"type":"Feature","properties":{"Line":"R134","Tr":2436,"X":"646300.5","Y":"9208931.6","Rotation":0,"NAMOBJ":"Sukosongo","WADMKC":"Kembangbahu","WADMKK":"Lamongan"},"geometry":{"type":"Point","coordinates":[112.3,-7.2]}},{"type":"Feature","properties":{"Line":"R134","Tr":2437,"X":"646300.5","Y":"9208919.0","Rotation":0,"NAMOBJ":"Sukosongo","WADMKC":"Kembangbahu","WADMKK":"Lamongan"},"geometry":{"type":"Point","coordinates":[112.3,-7.2]}},{"type":"Feature","properties":{"Line":"R134","Tr":2438,"X":"646300.5","Y":"9208906.6","Rotation":0,"NAMOBJ":"Sukosongo","WADMKC":"Kembangbahu","WADMKK":"Lamongan"},"geometry":{"type":"Point","coordinates":[112.3,-7.2]}},{"type":"Feature","properties":{"Line":"R134","Tr":2439,"X":"646300.5","Y":"9208894.0","Rotation":0,"NAMOBJ":"Sukosongo","WADMKC":"Kembangbahu","WADMKK":"Lamongan"},"geometry":{"type":"Point","coordinates":[112.3,-7.2]}},{"type":"Feature","properties":{"Line":"R134","Tr":2440,"X":"646300.5","Y":"9208881.6","Rotation":0,"NAMOBJ":"Sukosongo","WADMKC":"Kembangbahu","WADMKK":"Lamongan"},"geometry":{"type":"Point","coordinates":[112.3,-7.2]}},{"type":"Feature","properties":{"Line":"R134","Tr":2441,"X":"646300.5","Y":"9208869.0","Rotation":0,"NAMOBJ":"Sukosongo","WADMKC":"Kembangbahu","WADMKK":"Lamongan"},"geometry":{"type":"Point","coordinates":[112.3,-7.2]}},{"type":"Feature","properties":{"Line":"R134","Tr":2442,"X":"646300.5","Y":"9208856.6","Rotation":0,"NAMOBJ":"Sukosongo","WADMKC":"Kembangbahu","WADMKK":"Lamongan"},"geometry":{"type":"Point","coordinates":[112.3,-7.2]}},{"type":"Feature","properties":{"Line":"R134","Tr":2443,"X":"646300.5","Y":"9208844.0","Rotation":0,"NAMOBJ":"Sukosongo","WADMKC":"Kembangbahu","WADMKK":"Lamongan"},"geometry":{"type":"Point","coordinates":[112.3,-7.2]}},{"type":"Feature","properties":{"Line":"R134","Tr":2444,"X":"646300.5","Y":"9208831.6","Rotation":0,"NAMOBJ":"Sukosongo","WADMKC":"Kembangbahu","WADMKK":"Lamongan"},"geometry":{"type":"Point","coordinates":[112.3,-7.2]}},{"type":"Feature","properties":{"Line":"R134","Tr":2445,"X":"646300.5","Y":"9208819.0","Rotation":0,"NAMOBJ":"Sukosongo","WADMKC":"Kembangbahu","WADMKK":"Lamongan"},"geometry":{"type":"Point","coordinates":[112.3,-7.2]}},{"type":"Feature","properties":{"Line":"R134","Tr":2446,"X":"646300.5","Y":"9208806.6","Rotation":0,"NAMOBJ":"Sukosongo","WADMKC":"Kembangbahu","WADMKK":"Lamongan"},"geometry":{"type":"Point","coordinates":[112.3,-7.2]}},{"type":"Feature","properties":{"Line":"R134","Tr":2447,"X":"646300.5","Y":"9208794.0","Rotation":0,"NAMOBJ":"Sukosongo","WADMKC":"Kembangbahu","WADMKK":"Lamongan"},"geometry":{"type":"Point","coordinates":[112.3,-7.2]}},{"type":"Feature","properties":{"Line":"R134","Tr":2448,"X":"646300.5","Y":"9208781.5","Rotation":0,"NAMOBJ":"Sukosongo","WADMKC":"Kembangbahu","WADMKK":"Lamongan"},"geometry":{"type":"Point","coordinates":[112.3,-7.2]}},{"type":"Feature","properties":{"Line":"R134","Tr":2449,"X":"646300.5","Y":"9208769.0","Rotation":0,"NAMOBJ":"Sukosongo","WADMKC":"Kembangbahu","WADMKK":"Lamongan"},"geometry":{"type":"Point","coordinates":[112.3,-7.2]}},{"type":"Feature","properties":{"Line":"R134","Tr":2450,"X":"646300.5","Y":"9208756.5","Rotation":0,"NAMOBJ":"Sukosongo","WADMKC":"Kembangbahu","WADMKK":"Lamongan"},"geometry":{"type":"Point","coordinates":[112.3,-7.2]}},{"type":"Feature","properties":{"Line":"R134","Tr":2451,"X":"646300.5","Y":"9208744.0","Rotation":0,"NAMOBJ":"Sukosongo","WADMKC":"Kembangbahu","WADMKK":"Lamongan"},"geometry":{"type":"Point","coordinates":[112.3,-7.2]}},{"type":"Feature","properties":{"Line":"R134","Tr":2452,"X":"646300.5","Y":"9208731.5","Rotation":0,"NAMOBJ":"Sukosongo","WADMKC":"Kembangbahu","WADMKK":"Lamongan"},"geometry":{"type":"Point","coordinates":[112.3,-7.2]}},{"type":"Feature","properties":{"Line":"R134","Tr":2453,"X":"646300.5","Y":"9208719.0","Rotation":0,"NAMOBJ":"Sukosongo","WADMKC":"Kembangbahu","WADMKK":"Lamongan"},"geometry":{"type":"Point","coordinates":[112.3,-7.2]}},{"type":"Feature","properties":{"Line":"R134","Tr":2454,"X":"646300.5","Y":"9208706.5","Rotation":0,"NAMOBJ":"Sukosongo","WADMKC":"Kembangbahu","WADMKK":"Lamongan"},"geometry":{"type":"Point","coordinates":[112.3,-7.2]}},{"type":"Feature","properties":{"Line":"R134","Tr":2455,"X":"646300.5","Y":"9208694.0","Rotation":0,"NAMOBJ":"Sukosongo","WADMKC":"Kembangbahu","WADMKK":"Lamongan"},"geometry":{"type":"Point","coordinates":[112.3,-7.2]}},{"type":"Feature","properties":{"Line":"R134","Tr":2456,"X":"646300.5","Y":"9208681.5","Rotation":0,"NAMOBJ":"Sukosongo","WADMKC":"Kembangbahu","WADMKK":"Lamongan"},"geometry":{"type":"Point","coordinates":[112.3,-7.2]}},{"type":"Feature","properties":{"Line":"R134","Tr":2457,"X":"646300.5","Y":"9208669.0","Rotation":0,"NAMOBJ":"Sukosongo","WADMKC":"Kembangbahu","WADMKK":"Lamongan"},"geometry":{"type":"Point","coordinates":[112.3,-7.2]}},{"type":"Feature","properties":{"Line":"R134","Tr":2458,"X":"646300.5","Y":"9208656.5","Rotation":0,"NAMOBJ":"Sukosongo","WADMKC":"Kembangbahu","WADMKK":"Lamongan"},"geometry":{"type":"Point","coordinates":[112.3,-7.2]}},{"type":"Feature","properties":{"Line":"R134","Tr":2459,"X":"646300.5","Y":"9208644.0","Rotation":0,"NAMOBJ":"Sukosongo","WADMKC":"Kembangbahu","WADMKK":"Lamongan"},"geometry":{"type":"Point","coordinates":[112.3,-7.2]}},{"type":"Feature","properties":{"Line":"R134","Tr":2460,"X":"646300.5","Y":"9208631.5","Rotation":0,"NAMOBJ":"Sukosongo","WADMKC":"Kembangbahu","WADMKK":"Lamongan"},"geometry":{"type":"Point","coordinates":[112.3,-7.2]}},{"type":"Feature","properties":{"Line":"R134","Tr":2461,"X":"646300.5","Y":"9208619.0","Rotation":0,"NAMOBJ":"Sukosongo","WADMKC":"Kembangbahu","WADMKK":"Lamongan"},"geometry":{"type":"Point","coordinates":[112.3,-7.2]}},{"type":"Feature","properties":{"Line":"R134","Tr":2462,"X":"646300.5","Y":"9208606.5","Rotation":0,"NAMOBJ":"Sukosongo","WADMKC":"Kembangbahu","WADMKK":"Lamongan"},"geometry":{"type":"Point","coordinates":[112.3,-7.2]}},{"type":"Feature","properties":{"Line":"R134","Tr":2463,"X":"646300.5","Y":"9208594.0","Rotation":0,"NAMOBJ":"Sukosongo","WADMKC":"Kembangbahu","WADMKK":"Lamongan"},"geometry":{"type":"Point","coordinates":[112.3,-7.2]}},{"type":"Feature","properties":{"Line":"R134","Tr":2464,"X":"646300.5","Y":"9208581.5","Rotation":0,"NAMOBJ":"Sukosongo","WADMKC":"Kembangbahu","WADMKK":"Lamongan"},"geometry":{"type":"Point","coordinates":[112.3,-7.2]}},{"type":"Feature","properties":{"Line":"R134","Tr":2465,"X":"646300.5","Y":"9208569.0","Rotation":0,"NAMOBJ":"Sukosongo","WADMKC":"Kembangbahu","WADMKK":"Lamongan"},"geometry":{"type":"Point","coordinates":[112.3,-7.2]}},{"type":"Feature","properties":{"Line":"R134","Tr":2466,"X":"646300.5","Y":"9208556.5","Rotation":0,"NAMOBJ":"Sukosongo","WADMKC":"Kembangbahu","WADMKK":"Lamongan"},"geometry":{"type":"Point","coordinates":[112.3,-7.2]}},{"type":"Feature","properties":{"Line":"R134","Tr":2467,"X":"646300.5","Y":"9208544.0","Rotation":0,"NAMOBJ":"Sukosongo","WADMKC":"Kembangbahu","WADMKK":"Lamongan"},"geometry":{"type":"Point","coordinates":[112.3,-7.2]}},{"type":"Feature","properties":{"Line":"R134","Tr":2468,"X":"646300.5","Y":"9208531.5","Rotation":0,"NAMOBJ":"Sukosongo","WADMKC":"Kembangbahu","WADMKK":"Lamongan"},"geometry":{"type":"Point","coordinates":[112.3,-7.2]}},{"type":"Feature","properties":{"Line":"R134","Tr":2469,"X":"646300.5","Y":"9208519.0","Rotation":0,"NAMOBJ":"Sukosongo","WADMKC":"Kembangbahu","WADMKK":"Lamongan"},"geometry":{"type":"Point","coordinates":[112.3,-7.2]}},{"type":"Feature","properties":{"Line":"R134","Tr":2470,"X":"646300.5","Y":"9208506.5","Rotation":0,"NAMOBJ":"Sukosongo","WADMKC":"Kembangbahu","WADMKK":"Lamongan"},"geometry":{"type":"Point","coordinates":[112.3,-7.2]}},{"type":"Feature","properties":{"Line":"R134","Tr":2471,"X":"646300.5","Y":"9208494.0","Rotation":0,"NAMOBJ":"Sukosongo","WADMKC":"Kembangbahu","WADMKK":"Lamongan"},"geometry":{"type":"Point","coordinates":[112.3,-7.2]}},{"type":"Feature","properties":{"Line":"R134","Tr":2472,"X":"646300.5","Y":"9208481.5","Rotation":0,"NAMOBJ":"Sukosongo","WADMKC":"Kembangbahu","WADMKK":"Lamongan"},"geometry":{"type":"Point","coordinates":[112.3,-7.2]}},{"type":"Feature","properties":{"Line":"R134","Tr":2473,"X":"646300.5","Y":"9208469.0","Rotation":0,"NAMOBJ":"Sukosongo","WADMKC":"Kembangbahu","WADMKK":"Lamongan"},"geometry":{"type":"Point","coordinates":[112.3,-7.2]}},{"type":"Feature","properties":{"Line":"R134","Tr":2474,"X":"646300.5","Y":"9208456.5","Rotation":0,"NAMOBJ":"Sukosongo","WADMKC":"Kembangbahu","WADMKK":"Lamongan"},"geometry":{"type":"Point","coordinates":[112.3,-7.2]}},{"type":"Feature","properties":{"Line":"R134","Tr":2475,"X":"646300.5","Y":"9208444.0","Rotation":0,"NAMOBJ":"Sukosongo","WADMKC":"Kembangbahu","WADMKK":"Lamongan"},"geometry":{"type":"Point","coordinates":[112.3,-7.2]}},{"type":"Feature","properties":{"Line":"R134","Tr":2476,"X":"646300.5","Y":"9208431.5","Rotation":0,"NAMOBJ":"Sukosongo","WADMKC":"Kembangbahu","WADMKK":"Lamongan"},"geometry":{"type":"Point","coordinates":[112.3,-7.2]}},{"type":"Feature","properties":{"Line":"R134","Tr":2477,"X":"646300.5","Y":"9208419.0","Rotation":0,"NAMOBJ":"Sukosongo","WADMKC":"Kembangbahu","WADMKK":"Lamongan"},"geometry":{"type":"Point","coordinates":[112.3,-7.2]}},{"type":"Feature","properties":{"Line":"R134","Tr":2478,"X":"646300.5","Y":"9208406.5","Rotation":0,"NAMOBJ":"Sukosongo","WADMKC":"Kembangbahu","WADMKK":"Lamongan"},"geometry":{"type":"Point","coordinates":[112.3,-7.2]}},{"type":"Feature","properties":{"Line":"R134","Tr":2479,"X":"646300.5","Y":"9208394.0","Rotation":0,"NAMOBJ":"Sukosongo","WADMKC":"Kembangbahu","WADMKK":"Lamongan"},"geometry":{"type":"Point","coordinates":[112.3,-7.2]}},{"type":"Feature","properties":{"Line":"R134","Tr":2480,"X":"646300.5","Y":"9208381.5","Rotation":0,"NAMOBJ":"Sukosongo","WADMKC":"Kembangbahu","WADMKK":"Lamongan"},"geometry":{"type":"Point","coordinates":[112.3,-7.2]}},{"type":"Feature","properties":{"Line":"R134","Tr":2481,"X":"646300.5","Y":"9208369.0","Rotation":0,"NAMOBJ":"Sukosongo","WADMKC":"Kembangbahu","WADMKK":"Lamongan"},"geometry":{"type":"Point","coordinates":[112.3,-7.2]}},{"type":"Feature","properties":{"Line":"R134","Tr":2482,"X":"646300.5","Y":"9208356.5","Rotation":0,"NAMOBJ":"Sukosongo","WADMKC":"Kembangbahu","WADMKK":"Lamongan"},"geometry":{"type":"Point","coordinates":[112.3,-7.2]}},{"type":"Feature","properties":{"Line":"R134","Tr":2483,"X":"646300.5","Y":"9208344.0","Rotation":0,"NAMOBJ":"Sukosongo","WADMKC":"Kembangbahu","WADMKK":"Lamongan"},"geometry":{"type":"Point","coordinates":[112.3,-7.2]}},{"type":"Feature","properties":{"Line":"R134","Tr":2484,"X":"646300.5","Y":"9208331.5","Rotation":0,"NAMOBJ":"Sukosongo","WADMKC":"Kembangbahu","WADMKK":"Lamongan"},"geometry":{"type":"Point","coordinates":[112.3,-7.2]}},{"type":"Feature","properties":{"Line":"R134","Tr":2485,"X":"646300.5","Y":"9208319.0","Rotation":0,"NAMOBJ":"Sukosongo","WADMKC":"Kembangbahu","WADMKK":"Lamongan"},"geometry":{"type":"Point","coordinates":[112.3,-7.2]}},{"type":"Feature","properties":{"Line":"R134","Tr":2486,"X":"646300.5","Y":"9208306.5","Rotation":0,"NAMOBJ":"Sukosongo","WADMKC":"Kembangbahu","WADMKK":"Lamongan"},"geometry":{"type":"Point","coordinates":[112.3,-7.2]}},{"type":"Feature","properties":{"Line":"R134","Tr":2487,"X":"646300.5","Y":"9208294.0","Rotation":0,"NAMOBJ":"Sukosongo","WADMKC":"Kembangbahu","WADMKK":"Lamongan"},"geometry":{"type":"Point","coordinates":[112.3,-7.2]}},{"type":"Feature","properties":{"Line":"R134","Tr":2488,"X":"646300.5","Y":"9208281.5","Rotation":0,"NAMOBJ":"Sukosongo","WADMKC":"Kembangbahu","WADMKK":"Lamongan"},"geometry":{"type":"Point","coordinates":[112.3,-7.2]}},{"type":"Feature","properties":{"Line":"R134","Tr":2489,"X":"646300.5","Y":"9208269.0","Rotation":0,"NAMOBJ":"Sukosongo","WADMKC":"Kembangbahu","WADMKK":"Lamongan"},"geometry":{"type":"Point","coordinates":[112.3,-7.2]}},{"type":"Feature","properties":{"Line":"R134","Tr":2490,"X":"646300.5","Y":"9208256.5","Rotation":0,"NAMOBJ":"Sukosongo","WADMKC":"Kembangbahu","WADMKK":"Lamongan"},"geometry":{"type":"Point","coordinates":[112.3,-7.2]}},{"type":"Feature","properties":{"Line":"R134","Tr":2491,"X":"646300.5","Y":"9208244.0","Rotation":0,"NAMOBJ":"Sukosongo","WADMKC":"Kembangbahu","WADMKK":"Lamongan"},"geometry":{"type":"Point","coordinates":[112.3,-7.2]}},{"type":"Feature","properties":{"Line":"R134","Tr":2492,"X":"646300.5","Y":"9208231.5","Rotation":0,"NAMOBJ":"Sukosongo","WADMKC":"Kembangbahu","WADMKK":"Lamongan"},"geometry":{"type":"Point","coordinates":[112.3,-7.2]}},{"type":"Feature","properties":{"Line":"R134","Tr":2493,"X":"646300.5","Y":"9208219.0","Rotation":0,"NAMOBJ":"Sukosongo","WADMKC":"Kembangbahu","WADMKK":"Lamongan"},"geometry":{"type":"Point","coordinates":[112.3,-7.2]}},{"type":"Feature","properties":{"Line":"R134","Tr":2494,"X":"646300.5","Y":"9208206.5","Rotation":0,"NAMOBJ":"Sukosongo","WADMKC":"Kembangbahu","WADMKK":"Lamongan"},"geometry":{"type":"Point","coordinates":[112.3,-7.2]}},{"type":"Feature","properties":{"Line":"R134","Tr":2495,"X":"646300.5","Y":"9208194.0","Rotation":0,"NAMOBJ":"Sukosongo","WADMKC":"Kembangbahu","WADMKK":"Lamongan"},"geometry":{"type":"Point","coordinates":[112.3,-7.2]}},{"type":"Feature","properties":{"Line":"R134","Tr":2496,"X":"646300.5","Y":"9208181.5","Rotation":0,"NAMOBJ":"Sukosongo","WADMKC":"Kembangbahu","WADMKK":"Lamongan"},"geometry":{"type":"Point","coordinates":[112.3,-7.2]}},{"type":"Feature","properties":{"Line":"R134","Tr":2497,"X":"646300.5","Y":"9208169.0","Rotation":0,"NAMOBJ":"Sukosongo","WADMKC":"Kembangbahu","WADMKK":"Lamongan"},"geometry":{"type":"Point","coordinates":[112.3,-7.2]}},{"type":"Feature","properties":{"Line":"R134","Tr":2498,"X":"646300.5","Y":"9208156.5","Rotation":0,"NAMOBJ":"Sukosongo","WADMKC":"Kembangbahu","WADMKK":"Lamongan"},"geometry":{"type":"Point","coordinates":[112.3,-7.2]}},{"type":"Feature","properties":{"Line":"R134","Tr":2499,"X":"646300.5","Y":"9208144.0","Rotation":0,"NAMOBJ":"Sukosongo","WADMKC":"Kembangbahu","WADMKK":"Lamongan"},"geometry":{"type":"Point","coordinates":[112.3,-7.2]}},{"type":"Feature","properties":{"Line":"R134","Tr":2500,"X":"646300.5","Y":"9208131.5","Rotation":0,"NAMOBJ":"Sukosongo","WADMKC":"Kembangbahu","WADMKK":"Lamongan"},"geometry":{"type":"Point","coordinates":[112.3,-7.2]}},{"type":"Feature","properties":{"Line":"R134","Tr":2501,"X":"646300.5","Y":"9208119.0","Rotation":0,"NAMOBJ":"Sukosongo","WADMKC":"Kembangbahu","WADMKK":"Lamongan"},"geometry":{"type":"Point","coordinates":[112.3,-7.2]}},{"type":"Feature","properties":{"Line":"R134","Tr":2502,"X":"646300.5","Y":"9208106.5","Rotation":0,"NAMOBJ":"Sukosongo","WADMKC":"Kembangbahu","WADMKK":"Lamongan"},"geometry":{"type":"Point","coordinates":[112.3,-7.2]}},{"type":"Feature","properties":{"Line":"R134","Tr":2503,"X":"646300.5","Y":"9208094.0","Rotation":0,"NAMOBJ":"Sukosongo","WADMKC":"Kembangbahu","WADMKK":"Lamongan"},"geometry":{"type":"Point","coordinates":[112.3,-7.2]}},{"type":"Feature","properties":{"Line":"R134","Tr":2504,"X":"646300.5","Y":"9208081.5","Rotation":0,"NAMOBJ":"Sukosongo","WADMKC":"Kembangbahu","WADMKK":"Lamongan"},"geometry":{"type":"Point","coordinates":[112.3,-7.2]}},{"type":"Feature","properties":{"Line":"R134","Tr":2505,"X":"646300.5","Y":"9208069.0","Rotation":0,"NAMOBJ":"Sukosongo","WADMKC":"Kembangbahu","WADMKK":"Lamongan"},"geometry":{"type":"Point","coordinates":[112.3,-7.2]}},{"type":"Feature","properties":{"Line":"R136","Tr":2443,"X":"647300.5","Y":"9208844.0","Rotation":0,"NAMOBJ":"Sukosongo","WADMKC":"Kembangbahu","WADMKK":"Lamongan"},"geometry":{"type":"Point","coordinates":[112.3,-7.2]}},{"type":"Feature","properties":{"Line":"R136","Tr":2444,"X":"647300.5","Y":"9208831.6","Rotation":0,"NAMOBJ":"Sukosongo","WADMKC":"Kembangbahu","WADMKK":"Lamongan"},"geometry":{"type":"Point","coordinates":[112.3,-7.2]}},{"type":"Feature","properties":{"Line":"R136","Tr":2445,"X":"647300.5","Y":"9208819.0","Rotation":0,"NAMOBJ":"Sukosongo","WADMKC":"Kembangbahu","WADMKK":"Lamongan"},"geometry":{"type":"Point","coordinates":[112.3,-7.2]}},{"type":"Feature","properties":{"Line":"R136","Tr":2446,"X":"647300.5","Y":"9208806.6","Rotation":0,"NAMOBJ":"Sukosongo","WADMKC":"Kembangbahu","WADMKK":"Lamongan"},"geometry":{"type":"Point","coordinates":[112.3,-7.2]}},{"type":"Feature","properties":{"Line":"R136","Tr":2447,"X":"647300.5","Y":"9208794.0","Rotation":0,"NAMOBJ":"Sukosongo","WADMKC":"Kembangbahu","WADMKK":"Lamongan"},"geometry":{"type":"Point","coordinates":[112.3,-7.2]}},{"type":"Feature","properties":{"Line":"R136","Tr":2448,"X":"647300.5","Y":"9208781.5","Rotation":0,"NAMOBJ":"Sukosongo","WADMKC":"Kembangbahu","WADMKK":"Lamongan"},"geometry":{"type":"Point","coordinates":[112.3,-7.2]}},{"type":"Feature","properties":{"Line":"R136","Tr":2449,"X":"647300.5","Y":"9208769.0","Rotation":0,"NAMOBJ":"Sukosongo","WADMKC":"Kembangbahu","WADMKK":"Lamongan"},"geometry":{"type":"Point","coordinates":[112.3,-7.2]}},{"type":"Feature","properties":{"Line":"R136","Tr":2450,"X":"647300.5","Y":"9208756.5","Rotation":0,"NAMOBJ":"Sukosongo","WADMKC":"Kembangbahu","WADMKK":"Lamongan"},"geometry":{"type":"Point","coordinates":[112.3,-7.2]}},{"type":"Feature","properties":{"Line":"R136","Tr":2451,"X":"647300.5","Y":"9208744.0","Rotation":0,"NAMOBJ":"Sukosongo","WADMKC":"Kembangbahu","WADMKK":"Lamongan"},"geometry":{"type":"Point","coordinates":[112.3,-7.2]}},{"type":"Feature","properties":{"Line":"R136","Tr":2452,"X":"647300.5","Y":"9208731.5","Rotation":0,"NAMOBJ":"Sukosongo","WADMKC":"Kembangbahu","WADMKK":"Lamongan"},"geometry":{"type":"Point","coordinates":[112.3,-7.2]}},{"type":"Feature","properties":{"Line":"R136","Tr":2453,"X":"647300.5","Y":"9208719.0","Rotation":0,"NAMOBJ":"Sukosongo","WADMKC":"Kembangbahu","WADMKK":"Lamongan"},"geometry":{"type":"Point","coordinates":[112.3,-7.2]}},{"type":"Feature","properties":{"Line":"R136","Tr":2454,"X":"647300.5","Y":"9208706.5","Rotation":0,"NAMOBJ":"Sukosongo","WADMKC":"Kembangbahu","WADMKK":"Lamongan"},"geometry":{"type":"Point","coordinates":[112.3,-7.2]}},{"type":"Feature","properties":{"Line":"R136","Tr":2455,"X":"647300.5","Y":"9208694.0","Rotation":0,"NAMOBJ":"Sukosongo","WADMKC":"Kembangbahu","WADMKK":"Lamongan"},"geometry":{"type":"Point","coordinates":[112.3,-7.2]}},{"type":"Feature","properties":{"Line":"R136","Tr":2456,"X":"647300.5","Y":"9208681.5","Rotation":0,"NAMOBJ":"Sukosongo","WADMKC":"Kembangbahu","WADMKK":"Lamongan"},"geometry":{"type":"Point","coordinates":[112.3,-7.2]}},{"type":"Feature","properties":{"Line":"R136","Tr":2457,"X":"647300.5","Y":"9208669.0","Rotation":0,"NAMOBJ":"Sukosongo","WADMKC":"Kembangbahu","WADMKK":"Lamongan"},"geometry":{"type":"Point","coordinates":[112.3,-7.2]}},{"type":"Feature","properties":{"Line":"R136","Tr":2458,"X":"647300.5","Y":"9208656.5","Rotation":0,"NAMOBJ":"Sukosongo","WADMKC":"Kembangbahu","WADMKK":"Lamongan"},"geometry":{"type":"Point","coordinates":[112.3,-7.2]}},{"type":"Feature","properties":{"Line":"R136","Tr":2459,"X":"647300.5","Y":"9208644.0","Rotation":0,"NAMOBJ":"Sukosongo","WADMKC":"Kembangbahu","WADMKK":"Lamongan"},"geometry":{"type":"Point","coordinates":[112.3,-7.2]}},{"type":"Feature","properties":{"Line":"R136","Tr":2460,"X":"647300.5","Y":"9208631.5","Rotation":0,"NAMOBJ":"Sukosongo","WADMKC":"Kembangbahu","WADMKK":"Lamongan"},"geometry":{"type":"Point","coordinates":[112.3,-7.2]}},{"type":"Feature","properties":{"Line":"R136","Tr":2461,"X":"647300.5","Y":"9208619.0","Rotation":0,"NAMOBJ":"Sukosongo","WADMKC":"Kembangbahu","WADMKK":"Lamongan"},"geometry":{"type":"Point","coordinates":[112.3,-7.2]}},{"type":"Feature","properties":{"Line":"R136","Tr":2462,"X":"647300.5","Y":"9208606.5","Rotation":0,"NAMOBJ":"Sukosongo","WADMKC":"Kembangbahu","WADMKK":"Lamongan"},"geometry":{"type":"Point","coordinates":[112.3,-7.2]}},{"type":"Feature","properties":{"Line":"R136","Tr":2463,"X":"647300.5","Y":"9208594.0","Rotation":0,"NAMOBJ":"Sukosongo","WADMKC":"Kembangbahu","WADMKK":"Lamongan"},"geometry":{"type":"Point","coordinates":[112.3,-7.2]}},{"type":"Feature","properties":{"Line":"R136","Tr":2464,"X":"647300.5","Y":"9208581.5","Rotation":0,"NAMOBJ":"Sukosongo","WADMKC":"Kembangbahu","WADMKK":"Lamongan"},"geometry":{"type":"Point","coordinates":[112.3,-7.2]}},{"type":"Feature","properties":{"Line":"R136","Tr":2465,"X":"647300.5","Y":"9208569.0","Rotation":0,"NAMOBJ":"Sukosongo","WADMKC":"Kembangbahu","WADMKK":"Lamongan"},"geometry":{"type":"Point","coordinates":[112.3,-7.2]}},{"type":"Feature","properties":{"Line":"R136","Tr":2466,"X":"647300.5","Y":"9208556.5","Rotation":0,"NAMOBJ":"Sukosongo","WADMKC":"Kembangbahu","WADMKK":"Lamongan"},"geometry":{"type":"Point","coordinates":[112.3,-7.2]}},{"type":"Feature","properties":{"Line":"R136","Tr":2467,"X":"647300.5","Y":"9208544.0","Rotation":0,"NAMOBJ":"Sukosongo","WADMKC":"Kembangbahu","WADMKK":"Lamongan"},"geometry":{"type":"Point","coordinates":[112.3,-7.2]}},{"type":"Feature","properties":{"Line":"R136","Tr":2468,"X":"647300.5","Y":"9208531.5","Rotation":0,"NAMOBJ":"Sukosongo","WADMKC":"Kembangbahu","WADMKK":"Lamongan"},"geometry":{"type":"Point","coordinates":[112.3,-7.2]}},{"type":"Feature","properties":{"Line":"R136","Tr":2469,"X":"647300.5","Y":"9208519.0","Rotation":0,"NAMOBJ":"Sukosongo","WADMKC":"Kembangbahu","WADMKK":"Lamongan"},"geometry":{"type":"Point","coordinates":[112.3,-7.2]}},{"type":"Feature","properties":{"Line":"R136","Tr":2470,"X":"647300.5","Y":"9208506.5","Rotation":0,"NAMOBJ":"Sukosongo","WADMKC":"Kembangbahu","WADMKK":"Lamongan"},"geometry":{"type":"Point","coordinates":[112.3,-7.2]}},{"type":"Feature","properties":{"Line":"R136","Tr":2471,"X":"647300.5","Y":"9208494.0","Rotation":0,"NAMOBJ":"Sukosongo","WADMKC":"Kembangbahu","WADMKK":"Lamongan"},"geometry":{"type":"Point","coordinates":[112.3,-7.2]}},{"type":"Feature","properties":{"Line":"R136","Tr":2472,"X":"647300.5","Y":"9208481.5","Rotation":0,"NAMOBJ":"Sukosongo","WADMKC":"Kembangbahu","WADMKK":"Lamongan"},"geometry":{"type":"Point","coordinates":[112.3,-7.2]}},{"type":"Feature","properties":{"Line":"R136","Tr":2473,"X":"647300.5","Y":"9208469.0","Rotation":0,"NAMOBJ":"Sukosongo","WADMKC":"Kembangbahu","WADMKK":"Lamongan"},"geometry":{"type":"Point","coordinates":[112.3,-7.2]}},{"type":"Feature","properties":{"Line":"R136","Tr":2474,"X":"647300.5","Y":"9208456.5","Rotation":0,"NAMOBJ":"Sukosongo","WADMKC":"Kembangbahu","WADMKK":"Lamongan"},"geometry":{"type":"Point","coordinates":[112.3,-7.2]}},{"type":"Feature","properties":{"Line":"R136","Tr":2475,"X":"647300.5","Y":"9208444.0","Rotation":0,"NAMOBJ":"Sukosongo","WADMKC":"Kembangbahu","WADMKK":"Lamongan"},"geometry":{"type":"Point","coordinates":[112.3,-7.2]}},{"type":"Feature","properties":{"Line":"R136","Tr":2476,"X":"647300.5","Y":"9208431.5","Rotation":0,"NAMOBJ":"Sukosongo","WADMKC":"Kembangbahu","WADMKK":"Lamongan"},"geometry":{"type":"Point","coordinates":[112.3,-7.2]}},{"type":"Feature","properties":{"Line":"R136","Tr":2477,"X":"647300.5","Y":"9208419.0","Rotation":0,"NAMOBJ":"Sukosongo","WADMKC":"Kembangbahu","WADMKK":"Lamongan"},"geometry":{"type":"Point","coordinates":[112.3,-7.2]}},{"type":"Feature","properties":{"Line":"R136","Tr":2478,"X":"647300.5","Y":"9208406.5","Rotation":0,"NAMOBJ":"Sukosongo","WADMKC":"Kembangbahu","WADMKK":"Lamongan"},"geometry":{"type":"Point","coordinates":[112.3,-7.2]}},{"type":"Feature","properties":{"Line":"R136","Tr":2479,"X":"647300.5","Y":"9208394.0","Rotation":0,"NAMOBJ":"Sukosongo","WADMKC":"Kembangbahu","WADMKK":"Lamongan"},"geometry":{"type":"Point","coordinates":[112.3,-7.2]}},{"type":"Feature","properties":{"Line":"R136","Tr":2480,"X":"647300.5","Y":"9208381.5","Rotation":0,"NAMOBJ":"Sukosongo","WADMKC":"Kembangbahu","WADMKK":"Lamongan"},"geometry":{"type":"Point","coordinates":[112.3,-7.2]}},{"type":"Feature","properties":{"Line":"R136","Tr":2481,"X":"647300.5","Y":"9208369.0","Rotation":0,"NAMOBJ":"Sukosongo","WADMKC":"Kembangbahu","WADMKK":"Lamongan"},"geometry":{"type":"Point","coordinates":[112.3,-7.2]}},{"type":"Feature","properties":{"Line":"R136","Tr":2482,"X":"647300.5","Y":"9208356.5","Rotation":0,"NAMOBJ":"Sukosongo","WADMKC":"Kembangbahu","WADMKK":"Lamongan"},"geometry":{"type":"Point","coordinates":[112.3,-7.2]}},{"type":"Feature","properties":{"Line":"R136","Tr":2483,"X":"647300.5","Y":"9208344.0","Rotation":0,"NAMOBJ":"Sukosongo","WADMKC":"Kembangbahu","WADMKK":"Lamongan"},"geometry":{"type":"Point","coordinates":[112.3,-7.2]}},{"type":"Feature","properties":{"Line":"R136","Tr":2484,"X":"647300.5","Y":"9208331.5","Rotation":0,"NAMOBJ":"Sukosongo","WADMKC":"Kembangbahu","WADMKK":"Lamongan"},"geometry":{"type":"Point","coordinates":[112.3,-7.2]}},{"type":"Feature","properties":{"Line":"R136","Tr":2485,"X":"647300.5","Y":"9208319.0","Rotation":0,"NAMOBJ":"Sukosongo","WADMKC":"Kembangbahu","WADMKK":"Lamongan"},"geometry":{"type":"Point","coordinates":[112.3,-7.2]}},{"type":"Feature","properties":{"Line":"R136","Tr":2486,"X":"647300.5","Y":"9208306.5","Rotation":0,"NAMOBJ":"Sukosongo","WADMKC":"Kembangbahu","WADMKK":"Lamongan"},"geometry":{"type":"Point","coordinates":[112.3,-7.2]}},{"type":"Feature","properties":{"Line":"R136","Tr":2487,"X":"647300.5","Y":"9208294.0","Rotation":0,"NAMOBJ":"Sukosongo","WADMKC":"Kembangbahu","WADMKK":"Lamongan"},"geometry":{"type":"Point","coordinates":[112.3,-7.2]}},{"type":"Feature","properties":{"Line":"R136","Tr":2488,"X":"647300.5","Y":"9208281.5","Rotation":0,"NAMOBJ":"Sukosongo","WADMKC":"Kembangbahu","WADMKK":"Lamongan"},"geometry":{"type":"Point","coordinates":[112.3,-7.2]}},{"type":"Feature","properties":{"Line":"R136","Tr":2489,"X":"647300.5","Y":"9208269.0","Rotation":0,"NAMOBJ":"Sukosongo","WADMKC":"Kembangbahu","WADMKK":"Lamongan"},"geometry":{"type":"Point","coordinates":[112.3,-7.2]}},{"type":"Feature","properties":{"Line":"R136","Tr":2490,"X":"647300.5","Y":"9208256.5","Rotation":0,"NAMOBJ":"Sukosongo","WADMKC":"Kembangbahu","WADMKK":"Lamongan"},"geometry":{"type":"Point","coordinates":[112.3,-7.2]}},{"type":"Feature","properties":{"Line":"R136","Tr":2491,"X":"647300.5","Y":"9208244.0","Rotation":0,"NAMOBJ":"Sukosongo","WADMKC":"Kembangbahu","WADMKK":"Lamongan"},"geometry":{"type":"Point","coordinates":[112.3,-7.2]}},{"type":"Feature","properties":{"Line":"R136","Tr":2492,"X":"647300.5","Y":"9208231.5","Rotation":0,"NAMOBJ":"Sukosongo","WADMKC":"Kembangbahu","WADMKK":"Lamongan"},"geometry":{"type":"Point","coordinates":[112.3,-7.2]}},{"type":"Feature","properties":{"Line":"R136","Tr":2493,"X":"647300.5","Y":"9208219.0","Rotation":0,"NAMOBJ":"Sukosongo","WADMKC":"Kembangbahu","WADMKK":"Lamongan"},"geometry":{"type":"Point","coordinates":[112.3,-7.2]}},{"type":"Feature","properties":{"Line":"R136","Tr":2494,"X":"647300.5","Y":"9208206.5","Rotation":0,"NAMOBJ":"Sukosongo","WADMKC":"Kembangbahu","WADMKK":"Lamongan"},"geometry":{"type":"Point","coordinates":[112.3,-7.2]}},{"type":"Feature","properties":{"Line":"R136","Tr":2495,"X":"647300.5","Y":"9208194.0","Rotation":0,"NAMOBJ":"Sukosongo","WADMKC":"Kembangbahu","WADMKK":"Lamongan"},"geometry":{"type":"Point","coordinates":[112.3,-7.2]}},{"type":"Feature","properties":{"Line":"R136","Tr":2496,"X":"647300.5","Y":"9208181.5","Rotation":0,"NAMOBJ":"Sukosongo","WADMKC":"Kembangbahu","WADMKK":"Lamongan"},"geometry":{"type":"Point","coordinates":[112.3,-7.2]}},{"type":"Feature","properties":{"Line":"R136","Tr":2497,"X":"647300.5","Y":"9208169.0","Rotation":0,"NAMOBJ":"Sukosongo","WADMKC":"Kembangbahu","WADMKK":"Lamongan"},"geometry":{"type":"Point","coordinates":[112.3,-7.2]}},{"type":"Feature","properties":{"Line":"R136","Tr":2498,"X":"647300.5","Y":"9208156.5","Rotation":0,"NAMOBJ":"Sukosongo","WADMKC":"Kembangbahu","WADMKK":"Lamongan"},"geometry":{"type":"Point","coordinates":[112.3,-7.2]}},{"type":"Feature","properties":{"Line":"R136","Tr":2499,"X":"647300.5","Y":"9208144.0","Rotation":0,"NAMOBJ":"Sukosongo","WADMKC":"Kembangbahu","WADMKK":"Lamongan"},"geometry":{"type":"Point","coordinates":[112.3,-7.2]}},{"type":"Feature","properties":{"Line":"R136","Tr":2500,"X":"647300.5","Y":"9208131.5","Rotation":0,"NAMOBJ":"Sukosongo","WADMKC":"Kembangbahu","WADMKK":"Lamongan"},"geometry":{"type":"Point","coordinates":[112.3,-7.2]}},{"type":"Feature","properties":{"Line":"R136","Tr":2501,"X":"647300.5","Y":"9208119.0","Rotation":0,"NAMOBJ":"Sukosongo","WADMKC":"Kembangbahu","WADMKK":"Lamongan"},"geometry":{"type":"Point","coordinates":[112.3,-7.2]}},{"type":"Feature","properties":{"Line":"R136","Tr":2502,"X":"647300.5","Y":"9208106.5","Rotation":0,"NAMOBJ":"Sukosongo","WADMKC":"Kembangbahu","WADMKK":"Lamongan"},"geometry":{"type":"Point","coordinates":[112.3,-7.2]}},{"type":"Feature","properties":{"Line":"R136","Tr":2503,"X":"647300.5","Y":"9208094.0","Rotation":0,"NAMOBJ":"Sukosongo","WADMKC":"Kembangbahu","WADMKK":"Lamongan"},"geometry":{"type":"Point","coordinates":[112.3,-7.2]}},{"type":"Feature","properties":{"Line":"R136","Tr":2504,"X":"647300.5","Y":"9208081.5","Rotation":0,"NAMOBJ":"Sukosongo","WADMKC":"Kembangbahu","WADMKK":"Lamongan"},"geometry":{"type":"Point","coordinates":[112.3,-7.2]}},{"type":"Feature","properties":{"Line":"R136","Tr":2505,"X":"647300.5","Y":"9208069.0","Rotation":0,"NAMOBJ":"Sukosongo","WADMKC":"Kembangbahu","WADMKK":"Lamongan"},"geometry":{"type":"Point","coordinates":[112.3,-7.2]}},{"type":"Feature","properties":{"Line":"R136","Tr":2506,"X":"647300.5","Y":"9208056.5","Rotation":0,"NAMOBJ":"Sukosongo","WADMKC":"Kembangbahu","WADMKK":"Lamongan"},"geometry":{"type":"Point","coordinates":[112.3,-7.2]}},{"type":"Feature","properties":{"Line":"R136","Tr":2507,"X":"647300.5","Y":"9208044.0","Rotation":0,"NAMOBJ":"Sukosongo","WADMKC":"Kembangbahu","WADMKK":"Lamongan"},"geometry":{"type":"Point","coordinates":[112.3,-7.2]}},{"type":"Feature","properties":{"Line":"R136","Tr":2508,"X":"647300.5","Y":"9208031.5","Rotation":0,"NAMOBJ":"Sukosongo","WADMKC":"Kembangbahu","WADMKK":"Lamongan"},"geometry":{"type":"Point","coordinates":[112.3,-7.2]}},{"type":"Feature","properties":{"Line":"R136","Tr":2509,"X":"647300.5","Y":"9208019.0","Rotation":0,"NAMOBJ":"Sukosongo","WADMKC":"Kembangbahu","WADMKK":"Lamongan"},"geometry":{"type":"Point","coordinates":[112.3,-7.2]}},{"type":"Feature","properties":{"Line":"R136","Tr":2510,"X":"647300.5","Y":"9208006.5","Rotation":0,"NAMOBJ":"Sukosongo","WADMKC":"Kembangbahu","WADMKK":"Lamongan"},"geometry":{"type":"Point","coordinates":[112.3,-7.2]}},{"type":"Feature","properties":{"Line":"R136","Tr":2511,"X":"647300.5","Y":"9207994.0","Rotation":0,"NAMOBJ":"Sukosongo","WADMKC":"Kembangbahu","WADMKK":"Lamongan"},"geometry":{"type":"Point","coordinates":[112.3,-7.2]}},{"type":"Feature","properties":{"Line":"R136","Tr":2512,"X":"647300.5","Y":"9207981.5","Rotation":0,"NAMOBJ":"Sukosongo","WADMKC":"Kembangbahu","WADMKK":"Lamongan"},"geometry":{"type":"Point","coordinates":[112.3,-7.2]}},{"type":"Feature","properties":{"Line":"R136","Tr":2513,"X":"647300.5","Y":"9207969.0","Rotation":0,"NAMOBJ":"Sukosongo","WADMKC":"Kembangbahu","WADMKK":"Lamongan"},"geometry":{"type":"Point","coordinates":[112.3,-7.2]}},{"type":"Feature","properties":{"Line":"R134","Tr":2394,"X":"646300.5","Y":"9209456.6","Rotation":0,"NAMOBJ":"Sumberagung","WADMKC":"Sukodadi","WADMKK":"Lamongan"},"geometry":{"type":"Point","coordinates":[112.3,-7.2]}},{"type":"Feature","properties":{"Line":"R134","Tr":2395,"X":"646300.5","Y":"9209444.0","Rotation":0,"NAMOBJ":"Sumberagung","WADMKC":"Sukodadi","WADMKK":"Lamongan"},"geometry":{"type":"Point","coordinates":[112.3,-7.2]}},{"type":"Feature","properties":{"Line":"R134","Tr":2396,"X":"646300.5","Y":"9209431.6","Rotation":0,"NAMOBJ":"Sumberagung","WADMKC":"Sukodadi","WADMKK":"Lamongan"},"geometry":{"type":"Point","coordinates":[112.3,-7.2]}},{"type":"Feature","properties":{"Line":"R134","Tr":2397,"X":"646300.5","Y":"9209419.0","Rotation":0,"NAMOBJ":"Sumberagung","WADMKC":"Sukodadi","WADMKK":"Lamongan"},"geometry":{"type":"Point","coordinates":[112.3,-7.2]}},{"type":"Feature","properties":{"Line":"R134","Tr":2398,"X":"646300.5","Y":"9209406.6","Rotation":0,"NAMOBJ":"Sumberagung","WADMKC":"Sukodadi","WADMKK":"Lamongan"},"geometry":{"type":"Point","coordinates":[112.3,-7.2]}},{"type":"Feature","properties":{"Line":"R134","Tr":2399,"X":"646300.5","Y":"9209394.0","Rotation":0,"NAMOBJ":"Sumberagung","WADMKC":"Sukodadi","WADMKK":"Lamongan"},"geometry":{"type":"Point","coordinates":[112.3,-7.2]}},{"type":"Feature","properties":{"Line":"R134","Tr":2400,"X":"646300.5","Y":"9209381.6","Rotation":0,"NAMOBJ":"Sumberagung","WADMKC":"Sukodadi","WADMKK":"Lamongan"},"geometry":{"type":"Point","coordinates":[112.3,-7.2]}},{"type":"Feature","properties":{"Line":"R134","Tr":2401,"X":"646300.5","Y":"9209369.0","Rotation":0,"NAMOBJ":"Sumberagung","WADMKC":"Sukodadi","WADMKK":"Lamongan"},"geometry":{"type":"Point","coordinates":[112.3,-7.2]}},{"type":"Feature","properties":{"Line":"R134","Tr":2402,"X":"646300.5","Y":"9209356.6","Rotation":0,"NAMOBJ":"Sumberagung","WADMKC":"Sukodadi","WADMKK":"Lamongan"},"geometry":{"type":"Point","coordinates":[112.3,-7.2]}},{"type":"Feature","properties":{"Line":"R134","Tr":2403,"X":"646300.5","Y":"9209344.0","Rotation":0,"NAMOBJ":"Sumberagung","WADMKC":"Sukodadi","WADMKK":"Lamongan"},"geometry":{"type":"Point","coordinates":[112.3,-7.2]}},{"type":"Feature","properties":{"Line":"R134","Tr":2404,"X":"646300.5","Y":"9209331.6","Rotation":0,"NAMOBJ":"Sumberagung","WADMKC":"Sukodadi","WADMKK":"Lamongan"},"geometry":{"type":"Point","coordinates":[112.3,-7.2]}},{"type":"Feature","properties":{"Line":"R134","Tr":2405,"X":"646300.5","Y":"9209319.0","Rotation":0,"NAMOBJ":"Sumberagung","WADMKC":"Sukodadi","WADMKK":"Lamongan"},"geometry":{"type":"Point","coordinates":[112.3,-7.2]}},{"type":"Feature","properties":{"Line":"R134","Tr":2406,"X":"646300.5","Y":"9209306.6","Rotation":0,"NAMOBJ":"Sumberagung","WADMKC":"Sukodadi","WADMKK":"Lamongan"},"geometry":{"type":"Point","coordinates":[112.3,-7.2]}},{"type":"Feature","properties":{"Line":"R134","Tr":2407,"X":"646300.5","Y":"9209294.0","Rotation":0,"NAMOBJ":"Sumberagung","WADMKC":"Sukodadi","WADMKK":"Lamongan"},"geometry":{"type":"Point","coordinates":[112.3,-7.2]}},{"type":"Feature","properties":{"Line":"R134","Tr":2408,"X":"646300.5","Y":"9209281.6","Rotation":0,"NAMOBJ":"Sumberagung","WADMKC":"Sukodadi","WADMKK":"Lamongan"},"geometry":{"type":"Point","coordinates":[112.3,-7.2]}},{"type":"Feature","properties":{"Line":"R134","Tr":2409,"X":"646300.5","Y":"9209269.0","Rotation":0,"NAMOBJ":"Sumberagung","WADMKC":"Sukodadi","WADMKK":"Lamongan"},"geometry":{"type":"Point","coordinates":[112.3,-7.2]}},{"type":"Feature","properties":{"Line":"R134","Tr":2410,"X":"646300.5","Y":"9209256.6","Rotation":0,"NAMOBJ":"Sumberagung","WADMKC":"Sukodadi","WADMKK":"Lamongan"},"geometry":{"type":"Point","coordinates":[112.3,-7.2]}},{"type":"Feature","properties":{"Line":"R134","Tr":2411,"X":"646300.5","Y":"9209244.0","Rotation":0,"NAMOBJ":"Sumberagung","WADMKC":"Sukodadi","WADMKK":"Lamongan"},"geometry":{"type":"Point","coordinates":[112.3,-7.2]}},{"type":"Feature","properties":{"Line":"R134","Tr":2412,"X":"646300.5","Y":"9209231.6","Rotation":0,"NAMOBJ":"Sumberagung","WADMKC":"Sukodadi","WADMKK":"Lamongan"},"geometry":{"type":"Point","coordinates":[112.3,-7.2]}},{"type":"Feature","properties":{"Line":"R134","Tr":2413,"X":"646300.5","Y":"9209219.0","Rotation":0,"NAMOBJ":"Sumberagung","WADMKC":"Sukodadi","WADMKK":"Lamongan"},"geometry":{"type":"Point","coordinates":[112.3,-7.2]}},{"type":"Feature","properties":{"Line":"R134","Tr":2414,"X":"646300.5","Y":"9209206.6","Rotation":0,"NAMOBJ":"Sumberagung","WADMKC":"Sukodadi","WADMKK":"Lamongan"},"geometry":{"type":"Point","coordinates":[112.3,-7.2]}},{"type":"Feature","properties":{"Line":"R134","Tr":2415,"X":"646300.5","Y":"9209194.0","Rotation":0,"NAMOBJ":"Sumberagung","WADMKC":"Sukodadi","WADMKK":"Lamongan"},"geometry":{"type":"Point","coordinates":[112.3,-7.2]}},{"type":"Feature","properties":{"Line":"R134","Tr":2416,"X":"646300.5","Y":"9209181.6","Rotation":0,"NAMOBJ":"Sumberagung","WADMKC":"Sukodadi","WADMKK":"Lamongan"},"geometry":{"type":"Point","coordinates":[112.3,-7.2]}},{"type":"Feature","properties":{"Line":"R134","Tr":2417,"X":"646300.5","Y":"9209169.0","Rotation":0,"NAMOBJ":"Sumberagung","WADMKC":"Sukodadi","WADMKK":"Lamongan"},"geometry":{"type":"Point","coordinates":[112.3,-7.2]}},{"type":"Feature","properties":{"Line":"R134","Tr":2418,"X":"646300.5","Y":"9209156.6","Rotation":0,"NAMOBJ":"Sumberagung","WADMKC":"Sukodadi","WADMKK":"Lamongan"},"geometry":{"type":"Point","coordinates":[112.3,-7.2]}},{"type":"Feature","properties":{"Line":"R134","Tr":2419,"X":"646300.5","Y":"9209144.0","Rotation":0,"NAMOBJ":"Sumberagung","WADMKC":"Sukodadi","WADMKK":"Lamongan"},"geometry":{"type":"Point","coordinates":[112.3,-7.2]}},{"type":"Feature","properties":{"Line":"R134","Tr":2420,"X":"646300.5","Y":"9209131.6","Rotation":0,"NAMOBJ":"Sumberagung","WADMKC":"Sukodadi","WADMKK":"Lamongan"},"geometry":{"type":"Point","coordinates":[112.3,-7.2]}},{"type":"Feature","properties":{"Line":"R134","Tr":2421,"X":"646300.5","Y":"9209119.0","Rotation":0,"NAMOBJ":"Sumberagung","WADMKC":"Sukodadi","WADMKK":"Lamongan"},"geometry":{"type":"Point","coordinates":[112.3,-7.2]}},{"type":"Feature","properties":{"Line":"R134","Tr":2422,"X":"646300.5","Y":"9209106.6","Rotation":0,"NAMOBJ":"Sumberagung","WADMKC":"Sukodadi","WADMKK":"Lamongan"},"geometry":{"type":"Point","coordinates":[112.3,-7.2]}},{"type":"Feature","properties":{"Line":"R134","Tr":2423,"X":"646300.5","Y":"9209094.0","Rotation":0,"NAMOBJ":"Sumberagung","WADMKC":"Sukodadi","WADMKK":"Lamongan"},"geometry":{"type":"Point","coordinates":[112.3,-7.2]}},{"type":"Feature","properties":{"Line":"R136","Tr":2395,"X":"647300.5","Y":"9209444.0","Rotation":0,"NAMOBJ":"Sumberagung","WADMKC":"Sukodadi","WADMKK":"Lamongan"},"geometry":{"type":"Point","coordinates":[112.3,-7.2]}},{"type":"Feature","properties":{"Line":"R136","Tr":2396,"X":"647300.5","Y":"9209431.6","Rotation":0,"NAMOBJ":"Sumberagung","WADMKC":"Sukodadi","WADMKK":"Lamongan"},"geometry":{"type":"Point","coordinates":[112.3,-7.2]}},{"type":"Feature","properties":{"Line":"R136","Tr":2397,"X":"647300.5","Y":"9209419.0","Rotation":0,"NAMOBJ":"Sumberagung","WADMKC":"Sukodadi","WADMKK":"Lamongan"},"geometry":{"type":"Point","coordinates":[112.3,-7.2]}},{"type":"Feature","properties":{"Line":"R136","Tr":2398,"X":"647300.5","Y":"9209406.6","Rotation":0,"NAMOBJ":"Sumberagung","WADMKC":"Sukodadi","WADMKK":"Lamongan"},"geometry":{"type":"Point","coordinates":[112.3,-7.2]}},{"type":"Feature","properties":{"Line":"R136","Tr":2399,"X":"647300.5","Y":"9209394.0","Rotation":0,"NAMOBJ":"Sumberagung","WADMKC":"Sukodadi","WADMKK":"Lamongan"},"geometry":{"type":"Point","coordinates":[112.3,-7.2]}},{"type":"Feature","properties":{"Line":"R136","Tr":2400,"X":"647300.5","Y":"9209381.6","Rotation":0,"NAMOBJ":"Sumberagung","WADMKC":"Sukodadi","WADMKK":"Lamongan"},"geometry":{"type":"Point","coordinates":[112.3,-7.2]}},{"type":"Feature","properties":{"Line":"R136","Tr":2401,"X":"647300.5","Y":"9209369.0","Rotation":0,"NAMOBJ":"Sumberagung","WADMKC":"Sukodadi","WADMKK":"Lamongan"},"geometry":{"type":"Point","coordinates":[112.3,-7.2]}},{"type":"Feature","properties":{"Line":"R136","Tr":2402,"X":"647300.5","Y":"9209356.6","Rotation":0,"NAMOBJ":"Sumberagung","WADMKC":"Sukodadi","WADMKK":"Lamongan"},"geometry":{"type":"Point","coordinates":[112.3,-7.2]}},{"type":"Feature","properties":{"Line":"R136","Tr":2403,"X":"647300.5","Y":"9209344.0","Rotation":0,"NAMOBJ":"Sumberagung","WADMKC":"Sukodadi","WADMKK":"Lamongan"},"geometry":{"type":"Point","coordinates":[112.3,-7.2]}},{"type":"Feature","properties":{"Line":"R136","Tr":2404,"X":"647300.5","Y":"9209331.6","Rotation":0,"NAMOBJ":"Sumberagung","WADMKC":"Sukodadi","WADMKK":"Lamongan"},"geometry":{"type":"Point","coordinates":[112.3,-7.2]}},{"type":"Feature","properties":{"Line":"R136","Tr":2405,"X":"647300.5","Y":"9209319.0","Rotation":0,"NAMOBJ":"Sumberagung","WADMKC":"Sukodadi","WADMKK":"Lamongan"},"geometry":{"type":"Point","coordinates":[112.3,-7.2]}},{"type":"Feature","properties":{"Line":"R136","Tr":2406,"X":"647300.5","Y":"9209306.6","Rotation":0,"NAMOBJ":"Sumberagung","WADMKC":"Sukodadi","WADMKK":"Lamongan"},"geometry":{"type":"Point","coordinates":[112.3,-7.2]}},{"type":"Feature","properties":{"Line":"R136","Tr":2407,"X":"647300.5","Y":"9209294.0","Rotation":0,"NAMOBJ":"Sumberagung","WADMKC":"Sukodadi","WADMKK":"Lamongan"},"geometry":{"type":"Point","coordinates":[112.3,-7.2]}},{"type":"Feature","properties":{"Line":"R136","Tr":2408,"X":"647300.5","Y":"9209281.6","Rotation":0,"NAMOBJ":"Sumberagung","WADMKC":"Sukodadi","WADMKK":"Lamongan"},"geometry":{"type":"Point","coordinates":[112.3,-7.2]}},{"type":"Feature","properties":{"Line":"R136","Tr":2409,"X":"647300.5","Y":"9209269.0","Rotation":0,"NAMOBJ":"Sumberagung","WADMKC":"Sukodadi","WADMKK":"Lamongan"},"geometry":{"type":"Point","coordinates":[112.3,-7.2]}},{"type":"Feature","properties":{"Line":"R136","Tr":2410,"X":"647300.5","Y":"9209256.6","Rotation":0,"NAMOBJ":"Sumberagung","WADMKC":"Sukodadi","WADMKK":"Lamongan"},"geometry":{"type":"Point","coordinates":[112.3,-7.2]}},{"type":"Feature","properties":{"Line":"R136","Tr":2411,"X":"647300.5","Y":"9209244.0","Rotation":0,"NAMOBJ":"Sumberagung","WADMKC":"Sukodadi","WADMKK":"Lamongan"},"geometry":{"type":"Point","coordinates":[112.3,-7.2]}},{"type":"Feature","properties":{"Line":"R136","Tr":2412,"X":"647300.5","Y":"9209231.6","Rotation":0,"NAMOBJ":"Sumberagung","WADMKC":"Sukodadi","WADMKK":"Lamongan"},"geometry":{"type":"Point","coordinates":[112.3,-7.2]}},{"type":"Feature","properties":{"Line":"R136","Tr":2413,"X":"647300.5","Y":"9209219.0","Rotation":0,"NAMOBJ":"Sumberagung","WADMKC":"Sukodadi","WADMKK":"Lamongan"},"geometry":{"type":"Point","coordinates":[112.3,-7.2]}},{"type":"Feature","properties":{"Line":"R136","Tr":2414,"X":"647300.5","Y":"9209206.6","Rotation":0,"NAMOBJ":"Sumberagung","WADMKC":"Sukodadi","WADMKK":"Lamongan"},"geometry":{"type":"Point","coordinates":[112.3,-7.2]}},{"type":"Feature","properties":{"Line":"R136","Tr":2415,"X":"647300.5","Y":"9209194.0","Rotation":0,"NAMOBJ":"Sumberagung","WADMKC":"Sukodadi","WADMKK":"Lamongan"},"geometry":{"type":"Point","coordinates":[112.3,-7.2]}},{"type":"Feature","properties":{"Line":"R136","Tr":2416,"X":"647300.5","Y":"9209181.6","Rotation":0,"NAMOBJ":"Sumberagung","WADMKC":"Sukodadi","WADMKK":"Lamongan"},"geometry":{"type":"Point","coordinates":[112.3,-7.2]}},{"type":"Feature","properties":{"Line":"R136","Tr":2417,"X":"647300.5","Y":"9209169.0","Rotation":0,"NAMOBJ":"Sumberagung","WADMKC":"Sukodadi","WADMKK":"Lamongan"},"geometry":{"type":"Point","coordinates":[112.3,-7.2]}},{"type":"Feature","properties":{"Line":"R136","Tr":2418,"X":"647300.5","Y":"9209156.6","Rotation":0,"NAMOBJ":"Sumberagung","WADMKC":"Sukodadi","WADMKK":"Lamongan"},"geometry":{"type":"Point","coordinates":[112.3,-7.2]}},{"type":"Feature","properties":{"Line":"R136","Tr":2419,"X":"647300.5","Y":"9209144.0","Rotation":0,"NAMOBJ":"Sumberagung","WADMKC":"Sukodadi","WADMKK":"Lamongan"},"geometry":{"type":"Point","coordinates":[112.3,-7.2]}},{"type":"Feature","properties":{"Line":"R136","Tr":2420,"X":"647300.5","Y":"9209131.6","Rotation":0,"NAMOBJ":"Sumberagung","WADMKC":"Sukodadi","WADMKK":"Lamongan"},"geometry":{"type":"Point","coordinates":[112.3,-7.2]}},{"type":"Feature","properties":{"Line":"R136","Tr":2421,"X":"647300.5","Y":"9209119.0","Rotation":0,"NAMOBJ":"Sumberagung","WADMKC":"Sukodadi","WADMKK":"Lamongan"},"geometry":{"type":"Point","coordinates":[112.3,-7.2]}},{"type":"Feature","properties":{"Line":"R136","Tr":2422,"X":"647300.5","Y":"9209106.6","Rotation":0,"NAMOBJ":"Sumberagung","WADMKC":"Sukodadi","WADMKK":"Lamongan"},"geometry":{"type":"Point","coordinates":[112.3,-7.2]}},{"type":"Feature","properties":{"Line":"R136","Tr":2423,"X":"647300.5","Y":"9209094.0","Rotation":0,"NAMOBJ":"Sumberagung","WADMKC":"Sukodadi","WADMKK":"Lamongan"},"geometry":{"type":"Point","coordinates":[112.3,-7.2]}},{"type":"Feature","properties":{"Line":"R136","Tr":2424,"X":"647300.5","Y":"9209081.6","Rotation":0,"NAMOBJ":"Sumberagung","WADMKC":"Sukodadi","WADMKK":"Lamongan"},"geometry":{"type":"Point","coordinates":[112.3,-7.2]}},{"type":"Feature","properties":{"Line":"R136","Tr":2425,"X":"647300.5","Y":"9209069.0","Rotation":0,"NAMOBJ":"Sumberagung","WADMKC":"Sukodadi","WADMKK":"Lamongan"},"geometry":{"type":"Point","coordinates":[112.3,-7.2]}},{"type":"Feature","properties":{"Line":"R136","Tr":2426,"X":"647300.5","Y":"9209056.6","Rotation":0,"NAMOBJ":"Sumberagung","WADMKC":"Sukodadi","WADMKK":"Lamongan"},"geometry":{"type":"Point","coordinates":[112.3,-7.2]}},{"type":"Feature","properties":{"Line":"R136","Tr":2427,"X":"647300.5","Y":"9209044.0","Rotation":0,"NAMOBJ":"Sumberagung","WADMKC":"Sukodadi","WADMKK":"Lamongan"},"geometry":{"type":"Point","coordinates":[112.3,-7.2]}},{"type":"Feature","properties":{"Line":"R136","Tr":2428,"X":"647300.5","Y":"9209031.6","Rotation":0,"NAMOBJ":"Sumberagung","WADMKC":"Sukodadi","WADMKK":"Lamongan"},"geometry":{"type":"Point","coordinates":[112.3,-7.2]}},{"type":"Feature","properties":{"Line":"R136","Tr":2429,"X":"647300.5","Y":"9209019.0","Rotation":0,"NAMOBJ":"Sumberagung","WADMKC":"Sukodadi","WADMKK":"Lamongan"},"geometry":{"type":"Point","coordinates":[112.3,-7.2]}},{"type":"Feature","properties":{"Line":"R136","Tr":2430,"X":"647300.5","Y":"9209006.6","Rotation":0,"NAMOBJ":"Sumberagung","WADMKC":"Sukodadi","WADMKK":"Lamongan"},"geometry":{"type":"Point","coordinates":[112.3,-7.2]}},{"type":"Feature","properties":{"Line":"R136","Tr":2431,"X":"647300.5","Y":"9208994.0","Rotation":0,"NAMOBJ":"Sumberagung","WADMKC":"Sukodadi","WADMKK":"Lamongan"},"geometry":{"type":"Point","coordinates":[112.3,-7.2]}},{"type":"Feature","properties":{"Line":"R136","Tr":2432,"X":"647300.5","Y":"9208981.6","Rotation":0,"NAMOBJ":"Sumberagung","WADMKC":"Sukodadi","WADMKK":"Lamongan"},"geometry":{"type":"Point","coordinates":[112.3,-7.2]}},{"type":"Feature","properties":{"Line":"R136","Tr":2433,"X":"647300.5","Y":"9208969.0","Rotation":0,"NAMOBJ":"Sumberagung","WADMKC":"Sukodadi","WADMKK":"Lamongan"},"geometry":{"type":"Point","coordinates":[112.3,-7.2]}},{"type":"Feature","properties":{"Line":"R136","Tr":2434,"X":"647300.5","Y":"9208956.6","Rotation":0,"NAMOBJ":"Sumberagung","WADMKC":"Sukodadi","WADMKK":"Lamongan"},"geometry":{"type":"Point","coordinates":[112.3,-7.2]}},{"type":"Feature","properties":{"Line":"R136","Tr":2435,"X":"647300.5","Y":"9208944.0","Rotation":0,"NAMOBJ":"Sumberagung","WADMKC":"Sukodadi","WADMKK":"Lamongan"},"geometry":{"type":"Point","coordinates":[112.3,-7.2]}},{"type":"Feature","properties":{"Line":"R136","Tr":2436,"X":"647300.5","Y":"9208931.6","Rotation":0,"NAMOBJ":"Sumberagung","WADMKC":"Sukodadi","WADMKK":"Lamongan"},"geometry":{"type":"Point","coordinates":[112.3,-7.2]}},{"type":"Feature","properties":{"Line":"R136","Tr":2437,"X":"647300.5","Y":"9208919.0","Rotation":0,"NAMOBJ":"Sumberagung","WADMKC":"Sukodadi","WADMKK":"Lamongan"},"geometry":{"type":"Point","coordinates":[112.3,-7.2]}},{"type":"Feature","properties":{"Line":"R136","Tr":2438,"X":"647300.5","Y":"9208906.6","Rotation":0,"NAMOBJ":"Sumberagung","WADMKC":"Sukodadi","WADMKK":"Lamongan"},"geometry":{"type":"Point","coordinates":[112.3,-7.2]}},{"type":"Feature","properties":{"Line":"R136","Tr":2439,"X":"647300.5","Y":"9208894.0","Rotation":0,"NAMOBJ":"Sumberagung","WADMKC":"Sukodadi","WADMKK":"Lamongan"},"geometry":{"type":"Point","coordinates":[112.3,-7.2]}},{"type":"Feature","properties":{"Line":"R136","Tr":2440,"X":"647300.5","Y":"9208881.6","Rotation":0,"NAMOBJ":"Sumberagung","WADMKC":"Sukodadi","WADMKK":"Lamongan"},"geometry":{"type":"Point","coordinates":[112.3,-7.2]}},{"type":"Feature","properties":{"Line":"R136","Tr":2441,"X":"647300.5","Y":"9208869.0","Rotation":0,"NAMOBJ":"Sumberagung","WADMKC":"Sukodadi","WADMKK":"Lamongan"},"geometry":{"type":"Point","coordinates":[112.3,-7.2]}},{"type":"Feature","properties":{"Line":"R136","Tr":2442,"X":"647300.5","Y":"9208856.6","Rotation":0,"NAMOBJ":"Sumberagung","WADMKC":"Sukodadi","WADMKK":"Lamongan"},"geometry":{"type":"Point","coordinates":[112.3,-7.2]}},{"type":"Feature","properties":{"Line":"R138","Tr":2395,"X":"648300.5","Y":"9209444.0","Rotation":0,"NAMOBJ":"Sumberagung","WADMKC":"Sukodadi","WADMKK":"Lamongan"},"geometry":{"type":"Point","coordinates":[112.3,-7.2]}},{"type":"Feature","properties":{"Line":"R138","Tr":2396,"X":"648300.5","Y":"9209431.6","Rotation":0,"NAMOBJ":"Sumberagung","WADMKC":"Sukodadi","WADMKK":"Lamongan"},"geometry":{"type":"Point","coordinates":[112.3,-7.2]}},{"type":"Feature","properties":{"Line":"R138","Tr":2397,"X":"648300.5","Y":"9209419.0","Rotation":0,"NAMOBJ":"Sumberagung","WADMKC":"Sukodadi","WADMKK":"Lamongan"},"geometry":{"type":"Point","coordinates":[112.3,-7.2]}},{"type":"Feature","properties":{"Line":"R138","Tr":2398,"X":"648300.5","Y":"9209406.6","Rotation":0,"NAMOBJ":"Sumberagung","WADMKC":"Sukodadi","WADMKK":"Lamongan"},"geometry":{"type":"Point","coordinates":[112.3,-7.2]}},{"type":"Feature","properties":{"Line":"R138","Tr":2399,"X":"648300.5","Y":"9209394.0","Rotation":0,"NAMOBJ":"Sumberagung","WADMKC":"Sukodadi","WADMKK":"Lamongan"},"geometry":{"type":"Point","coordinates":[112.3,-7.2]}},{"type":"Feature","properties":{"Line":"R138","Tr":2400,"X":"648300.5","Y":"9209381.6","Rotation":0,"NAMOBJ":"Sumberagung","WADMKC":"Sukodadi","WADMKK":"Lamongan"},"geometry":{"type":"Point","coordinates":[112.3,-7.2]}},{"type":"Feature","properties":{"Line":"R138","Tr":2401,"X":"648300.5","Y":"9209369.0","Rotation":0,"NAMOBJ":"Sumberagung","WADMKC":"Sukodadi","WADMKK":"Lamongan"},"geometry":{"type":"Point","coordinates":[112.3,-7.2]}},{"type":"Feature","properties":{"Line":"R138","Tr":2402,"X":"648300.5","Y":"9209356.6","Rotation":0,"NAMOBJ":"Sumberagung","WADMKC":"Sukodadi","WADMKK":"Lamongan"},"geometry":{"type":"Point","coordinates":[112.3,-7.2]}},{"type":"Feature","properties":{"Line":"R138","Tr":2403,"X":"648300.5","Y":"9209344.0","Rotation":0,"NAMOBJ":"Sumberagung","WADMKC":"Sukodadi","WADMKK":"Lamongan"},"geometry":{"type":"Point","coordinates":[112.3,-7.2]}},{"type":"Feature","properties":{"Line":"R138","Tr":2404,"X":"648300.5","Y":"9209331.6","Rotation":0,"NAMOBJ":"Sumberagung","WADMKC":"Sukodadi","WADMKK":"Lamongan"},"geometry":{"type":"Point","coordinates":[112.3,-7.2]}},{"type":"Feature","properties":{"Line":"R138","Tr":2405,"X":"648300.5","Y":"9209319.0","Rotation":0,"NAMOBJ":"Sumberagung","WADMKC":"Sukodadi","WADMKK":"Lamongan"},"geometry":{"type":"Point","coordinates":[112.3,-7.2]}},{"type":"Feature","properties":{"Line":"R138","Tr":2406,"X":"648300.5","Y":"9209306.6","Rotation":0,"NAMOBJ":"Sumberagung","WADMKC":"Sukodadi","WADMKK":"Lamongan"},"geometry":{"type":"Point","coordinates":[112.3,-7.2]}},{"type":"Feature","properties":{"Line":"R138","Tr":2407,"X":"648300.5","Y":"9209294.0","Rotation":0,"NAMOBJ":"Sumberagung","WADMKC":"Sukodadi","WADMKK":"Lamongan"},"geometry":{"type":"Point","coordinates":[112.3,-7.2]}},{"type":"Feature","properties":{"Line":"R138","Tr":2408,"X":"648300.5","Y":"9209281.6","Rotation":0,"NAMOBJ":"Sumberagung","WADMKC":"Sukodadi","WADMKK":"Lamongan"},"geometry":{"type":"Point","coordinates":[112.3,-7.2]}},{"type":"Feature","properties":{"Line":"R138","Tr":2409,"X":"648300.5","Y":"9209269.0","Rotation":0,"NAMOBJ":"Sumberagung","WADMKC":"Sukodadi","WADMKK":"Lamongan"},"geometry":{"type":"Point","coordinates":[112.3,-7.2]}},{"type":"Feature","properties":{"Line":"R138","Tr":2410,"X":"648300.5","Y":"9209256.6","Rotation":0,"NAMOBJ":"Sumberagung","WADMKC":"Sukodadi","WADMKK":"Lamongan"},"geometry":{"type":"Point","coordinates":[112.3,-7.2]}},{"type":"Feature","properties":{"Line":"R138","Tr":2411,"X":"648300.5","Y":"9209244.0","Rotation":0,"NAMOBJ":"Sumberagung","WADMKC":"Sukodadi","WADMKK":"Lamongan"},"geometry":{"type":"Point","coordinates":[112.3,-7.2]}},{"type":"Feature","properties":{"Line":"R138","Tr":2412,"X":"648300.5","Y":"9209231.6","Rotation":0,"NAMOBJ":"Sumberagung","WADMKC":"Sukodadi","WADMKK":"Lamongan"},"geometry":{"type":"Point","coordinates":[112.3,-7.2]}},{"type":"Feature","properties":{"Line":"R138","Tr":2413,"X":"648300.5","Y":"9209219.0","Rotation":0,"NAMOBJ":"Sumberagung","WADMKC":"Sukodadi","WADMKK":"Lamongan"},"geometry":{"type":"Point","coordinates":[112.3,-7.2]}},{"type":"Feature","properties":{"Line":"R138","Tr":2414,"X":"648300.5","Y":"9209206.6","Rotation":0,"NAMOBJ":"Sumberagung","WADMKC":"Sukodadi","WADMKK":"Lamongan"},"geometry":{"type":"Point","coordinates":[112.3,-7.2]}},{"type":"Feature","properties":{"Line":"R138","Tr":2415,"X":"648300.5","Y":"9209194.0","Rotation":0,"NAMOBJ":"Sumberagung","WADMKC":"Sukodadi","WADMKK":"Lamongan"},"geometry":{"type":"Point","coordinates":[112.3,-7.2]}},{"type":"Feature","properties":{"Line":"R138","Tr":2416,"X":"648300.5","Y":"9209181.6","Rotation":0,"NAMOBJ":"Sumberagung","WADMKC":"Sukodadi","WADMKK":"Lamongan"},"geometry":{"type":"Point","coordinates":[112.3,-7.2]}},{"type":"Feature","properties":{"Line":"R138","Tr":2417,"X":"648300.5","Y":"9209169.0","Rotation":0,"NAMOBJ":"Sumberagung","WADMKC":"Sukodadi","WADMKK":"Lamongan"},"geometry":{"type":"Point","coordinates":[112.3,-7.2]}},{"type":"Feature","properties":{"Line":"R138","Tr":2418,"X":"648300.5","Y":"9209156.6","Rotation":0,"NAMOBJ":"Sumberagung","WADMKC":"Sukodadi","WADMKK":"Lamongan"},"geometry":{"type":"Point","coordinates":[112.3,-7.2]}},{"type":"Feature","properties":{"Line":"R138","Tr":2419,"X":"648300.5","Y":"9209144.0","Rotation":0,"NAMOBJ":"Sumberagung","WADMKC":"Sukodadi","WADMKK":"Lamongan"},"geometry":{"type":"Point","coordinates":[112.3,-7.2]}},{"type":"Feature","properties":{"Line":"R138","Tr":2420,"X":"648300.5","Y":"9209131.6","Rotation":0,"NAMOBJ":"Sumberagung","WADMKC":"Sukodadi","WADMKK":"Lamongan"},"geometry":{"type":"Point","coordinates":[112.3,-7.2]}},{"type":"Feature","properties":{"Line":"R126","Tr":2595,"X":"642300.5","Y":"9207694.0","Rotation":0,"NAMOBJ":"Supenuh","WADMKC":"Sugio","WADMKK":"Lamongan"},"geometry":{"type":"Point","coordinates":[112.3,-7.2]}},{"type":"Feature","properties":{"Line":"R126","Tr":2596,"X":"642300.5","Y":"9207681.5","Rotation":0,"NAMOBJ":"Supenuh","WADMKC":"Sugio","WADMKK":"Lamongan"},"geometry":{"type":"Point","coordinates":[112.3,-7.2]}},{"type":"Feature","properties":{"Line":"R126","Tr":2597,"X":"642300.5","Y":"9207669.0","Rotation":0,"NAMOBJ":"Supenuh","WADMKC":"Sugio","WADMKK":"Lamongan"},"geometry":{"type":"Point","coordinates":[112.3,-7.2]}},{"type":"Feature","properties":{"Line":"R126","Tr":2598,"X":"642300.5","Y":"9207656.5","Rotation":0,"NAMOBJ":"Supenuh","WADMKC":"Sugio","WADMKK":"Lamongan"},"geometry":{"type":"Point","coordinates":[112.3,-7.2]}},{"type":"Feature","properties":{"Line":"R126","Tr":2599,"X":"642300.5","Y":"9207644.0","Rotation":0,"NAMOBJ":"Supenuh","WADMKC":"Sugio","WADMKK":"Lamongan"},"geometry":{"type":"Point","coordinates":[112.3,-7.2]}},{"type":"Feature","properties":{"Line":"R126","Tr":2614,"X":"642300.5","Y":"9207456.5","Rotation":0,"NAMOBJ":"Supenuh","WADMKC":"Sugio","WADMKK":"Lamongan"},"geometry":{"type":"Point","coordinates":[112.3,-7.2]}},{"type":"Feature","properties":{"Line":"R126","Tr":2615,"X":"642300.5","Y":"9207444.0","Rotation":0,"NAMOBJ":"Supenuh","WADMKC":"Sugio","WADMKK":"Lamongan"},"geometry":{"type":"Point","coordinates":[112.3,-7.2]}},{"type":"Feature","properties":{"Line":"R126","Tr":2616,"X":"642300.5","Y":"9207431.5","Rotation":0,"NAMOBJ":"Supenuh","WADMKC":"Sugio","WADMKK":"Lamongan"},"geometry":{"type":"Point","coordinates":[112.3,-7.2]}},{"type":"Feature","properties":{"Line":"R126","Tr":2617,"X":"642300.5","Y":"9207419.0","Rotation":0,"NAMOBJ":"Supenuh","WADMKC":"Sugio","WADMKK":"Lamongan"},"geometry":{"type":"Point","coordinates":[112.3,-7.2]}},{"type":"Feature","properties":{"Line":"R126","Tr":2618,"X":"642300.5","Y":"9207406.5","Rotation":0,"NAMOBJ":"Supenuh","WADMKC":"Sugio","WADMKK":"Lamongan"},"geometry":{"type":"Point","coordinates":[112.3,-7.2]}},{"type":"Feature","properties":{"Line":"R126","Tr":2619,"X":"642300.5","Y":"9207394.0","Rotation":0,"NAMOBJ":"Supenuh","WADMKC":"Sugio","WADMKK":"Lamongan"},"geometry":{"type":"Point","coordinates":[112.3,-7.2]}},{"type":"Feature","properties":{"Line":"R126","Tr":2620,"X":"642300.5","Y":"9207381.5","Rotation":0,"NAMOBJ":"Supenuh","WADMKC":"Sugio","WADMKK":"Lamongan"},"geometry":{"type":"Point","coordinates":[112.3,-7.2]}},{"type":"Feature","properties":{"Line":"R126","Tr":2621,"X":"642300.5","Y":"9207369.0","Rotation":0,"NAMOBJ":"Supenuh","WADMKC":"Sugio","WADMKK":"Lamongan"},"geometry":{"type":"Point","coordinates":[112.3,-7.2]}},{"type":"Feature","properties":{"Line":"R126","Tr":2622,"X":"642300.5","Y":"9207356.5","Rotation":0,"NAMOBJ":"Supenuh","WADMKC":"Sugio","WADMKK":"Lamongan"},"geometry":{"type":"Point","coordinates":[112.3,-7.2]}},{"type":"Feature","properties":{"Line":"R126","Tr":2623,"X":"642300.5","Y":"9207344.0","Rotation":0,"NAMOBJ":"Supenuh","WADMKC":"Sugio","WADMKK":"Lamongan"},"geometry":{"type":"Point","coordinates":[112.3,-7.2]}},{"type":"Feature","properties":{"Line":"R126","Tr":2624,"X":"642300.5","Y":"9207331.5","Rotation":0,"NAMOBJ":"Supenuh","WADMKC":"Sugio","WADMKK":"Lamongan"},"geometry":{"type":"Point","coordinates":[112.3,-7.2]}},{"type":"Feature","properties":{"Line":"R126","Tr":2625,"X":"642300.5","Y":"9207319.0","Rotation":0,"NAMOBJ":"Supenuh","WADMKC":"Sugio","WADMKK":"Lamongan"},"geometry":{"type":"Point","coordinates":[112.3,-7.2]}},{"type":"Feature","properties":{"Line":"R126","Tr":2626,"X":"642300.5","Y":"9207306.5","Rotation":0,"NAMOBJ":"Supenuh","WADMKC":"Sugio","WADMKK":"Lamongan"},"geometry":{"type":"Point","coordinates":[112.3,-7.2]}},{"type":"Feature","properties":{"Line":"R126","Tr":2627,"X":"642300.5","Y":"9207294.0","Rotation":0,"NAMOBJ":"Supenuh","WADMKC":"Sugio","WADMKK":"Lamongan"},"geometry":{"type":"Point","coordinates":[112.3,-7.2]}},{"type":"Feature","properties":{"Line":"R126","Tr":2628,"X":"642300.5","Y":"9207281.5","Rotation":0,"NAMOBJ":"Supenuh","WADMKC":"Sugio","WADMKK":"Lamongan"},"geometry":{"type":"Point","coordinates":[112.3,-7.2]}},{"type":"Feature","properties":{"Line":"R126","Tr":2629,"X":"642300.5","Y":"9207269.0","Rotation":0,"NAMOBJ":"Supenuh","WADMKC":"Sugio","WADMKK":"Lamongan"},"geometry":{"type":"Point","coordinates":[112.3,-7.2]}},{"type":"Feature","properties":{"Line":"R126","Tr":2630,"X":"642300.5","Y":"9207256.5","Rotation":0,"NAMOBJ":"Supenuh","WADMKC":"Sugio","WADMKK":"Lamongan"},"geometry":{"type":"Point","coordinates":[112.3,-7.2]}},{"type":"Feature","properties":{"Line":"R126","Tr":2631,"X":"642300.5","Y":"9207244.0","Rotation":0,"NAMOBJ":"Supenuh","WADMKC":"Sugio","WADMKK":"Lamongan"},"geometry":{"type":"Point","coordinates":[112.3,-7.2]}},{"type":"Feature","properties":{"Line":"R126","Tr":2632,"X":"642300.5","Y":"9207231.5","Rotation":0,"NAMOBJ":"Supenuh","WADMKC":"Sugio","WADMKK":"Lamongan"},"geometry":{"type":"Point","coordinates":[112.3,-7.2]}},{"type":"Feature","properties":{"Line":"R126","Tr":2633,"X":"642300.5","Y":"9207219.0","Rotation":0,"NAMOBJ":"Supenuh","WADMKC":"Sugio","WADMKK":"Lamongan"},"geometry":{"type":"Point","coordinates":[112.3,-7.2]}},{"type":"Feature","properties":{"Line":"R126","Tr":2634,"X":"642300.5","Y":"9207206.5","Rotation":0,"NAMOBJ":"Supenuh","WADMKC":"Sugio","WADMKK":"Lamongan"},"geometry":{"type":"Point","coordinates":[112.3,-7.2]}},{"type":"Feature","properties":{"Line":"R126","Tr":2635,"X":"642300.5","Y":"9207194.0","Rotation":0,"NAMOBJ":"Supenuh","WADMKC":"Sugio","WADMKK":"Lamongan"},"geometry":{"type":"Point","coordinates":[112.3,-7.2]}},{"type":"Feature","properties":{"Line":"R126","Tr":2636,"X":"642300.5","Y":"9207181.5","Rotation":0,"NAMOBJ":"Supenuh","WADMKC":"Sugio","WADMKK":"Lamongan"},"geometry":{"type":"Point","coordinates":[112.3,-7.2]}},{"type":"Feature","properties":{"Line":"R126","Tr":2637,"X":"642300.5","Y":"9207169.0","Rotation":0,"NAMOBJ":"Supenuh","WADMKC":"Sugio","WADMKK":"Lamongan"},"geometry":{"type":"Point","coordinates":[112.3,-7.2]}},{"type":"Feature","properties":{"Line":"R126","Tr":2638,"X":"642300.5","Y":"9207156.5","Rotation":0,"NAMOBJ":"Supenuh","WADMKC":"Sugio","WADMKK":"Lamongan"},"geometry":{"type":"Point","coordinates":[112.3,-7.2]}},{"type":"Feature","properties":{"Line":"R126","Tr":2639,"X":"642300.5","Y":"9207144.0","Rotation":0,"NAMOBJ":"Supenuh","WADMKC":"Sugio","WADMKK":"Lamongan"},"geometry":{"type":"Point","coordinates":[112.3,-7.2]}},{"type":"Feature","properties":{"Line":"R126","Tr":2640,"X":"642300.5","Y":"9207131.5","Rotation":0,"NAMOBJ":"Supenuh","WADMKC":"Sugio","WADMKK":"Lamongan"},"geometry":{"type":"Point","coordinates":[112.3,-7.2]}},{"type":"Feature","properties":{"Line":"R126","Tr":2641,"X":"642300.5","Y":"9207119.0","Rotation":0,"NAMOBJ":"Supenuh","WADMKC":"Sugio","WADMKK":"Lamongan"},"geometry":{"type":"Point","coordinates":[112.3,-7.2]}},{"type":"Feature","properties":{"Line":"R126","Tr":2642,"X":"642300.5","Y":"9207106.5","Rotation":0,"NAMOBJ":"Supenuh","WADMKC":"Sugio","WADMKK":"Lamongan"},"geometry":{"type":"Point","coordinates":[112.3,-7.2]}},{"type":"Feature","properties":{"Line":"R126","Tr":2643,"X":"642300.5","Y":"9207094.0","Rotation":0,"NAMOBJ":"Supenuh","WADMKC":"Sugio","WADMKK":"Lamongan"},"geometry":{"type":"Point","coordinates":[112.3,-7.2]}},{"type":"Feature","properties":{"Line":"R126","Tr":2644,"X":"642300.5","Y":"9207081.5","Rotation":0,"NAMOBJ":"Supenuh","WADMKC":"Sugio","WADMKK":"Lamongan"},"geometry":{"type":"Point","coordinates":[112.3,-7.2]}},{"type":"Feature","properties":{"Line":"R126","Tr":2645,"X":"642300.5","Y":"9207069.0","Rotation":0,"NAMOBJ":"Supenuh","WADMKC":"Sugio","WADMKK":"Lamongan"},"geometry":{"type":"Point","coordinates":[112.3,-7.2]}},{"type":"Feature","properties":{"Line":"R126","Tr":2646,"X":"642300.5","Y":"9207056.5","Rotation":0,"NAMOBJ":"Supenuh","WADMKC":"Sugio","WADMKK":"Lamongan"},"geometry":{"type":"Point","coordinates":[112.3,-7.2]}},{"type":"Feature","properties":{"Line":"R126","Tr":2647,"X":"642300.5","Y":"9207044.0","Rotation":0,"NAMOBJ":"Supenuh","WADMKC":"Sugio","WADMKK":"Lamongan"},"geometry":{"type":"Point","coordinates":[112.3,-7.2]}},{"type":"Feature","properties":{"Line":"R132","Tr":2665,"X":"645300.5","Y":"9206069.0","Rotation":0,"NAMOBJ":"Tlogoagung","WADMKC":"Kembangbahu","WADMKK":"Lamongan"},"geometry":{"type":"Point","coordinates":[112.3,-7.2]}},{"type":"Feature","properties":{"Line":"R132","Tr":2666,"X":"645300.5","Y":"9206056.5","Rotation":0,"NAMOBJ":"Tlogoagung","WADMKC":"Kembangbahu","WADMKK":"Lamongan"},"geometry":{"type":"Point","coordinates":[112.3,-7.2]}},{"type":"Feature","properties":{"Line":"R132","Tr":2667,"X":"645300.5","Y":"9206044.0","Rotation":0,"NAMOBJ":"Tlogoagung","WADMKC":"Kembangbahu","WADMKK":"Lamongan"},"geometry":{"type":"Point","coordinates":[112.3,-7.2]}},{"type":"Feature","properties":{"Line":"R132","Tr":2668,"X":"645300.5","Y":"9206031.5","Rotation":0,"NAMOBJ":"Tlogoagung","WADMKC":"Kembangbahu","WADMKK":"Lamongan"},"geometry":{"type":"Point","coordinates":[112.3,-7.2]}},{"type":"Feature","properties":{"Line":"R132","Tr":2669,"X":"645300.5","Y":"9206019.0","Rotation":0,"NAMOBJ":"Tlogoagung","WADMKC":"Kembangbahu","WADMKK":"Lamongan"},"geometry":{"type":"Point","coordinates":[112.3,-7.2]}},{"type":"Feature","properties":{"Line":"R132","Tr":2670,"X":"645300.5","Y":"9206006.5","Rotation":0,"NAMOBJ":"Tlogoagung","WADMKC":"Kembangbahu","WADMKK":"Lamongan"},"geometry":{"type":"Point","coordinates":[112.3,-7.2]}},{"type":"Feature","properties":{"Line":"R132","Tr":2671,"X":"645300.5","Y":"9205994.0","Rotation":0,"NAMOBJ":"Tlogoagung","WADMKC":"Kembangbahu","WADMKK":"Lamongan"},"geometry":{"type":"Point","coordinates":[112.3,-7.2]}},{"type":"Feature","properties":{"Line":"R132","Tr":2672,"X":"645300.5","Y":"9205981.5","Rotation":0,"NAMOBJ":"Tlogoagung","WADMKC":"Kembangbahu","WADMKK":"Lamongan"},"geometry":{"type":"Point","coordinates":[112.3,-7.2]}},{"type":"Feature","properties":{"Line":"R132","Tr":2673,"X":"645300.5","Y":"9205969.0","Rotation":0,"NAMOBJ":"Tlogoagung","WADMKC":"Kembangbahu","WADMKK":"Lamongan"},"geometry":{"type":"Point","coordinates":[112.3,-7.2]}},{"type":"Feature","properties":{"Line":"R132","Tr":2674,"X":"645300.5","Y":"9205956.5","Rotation":0,"NAMOBJ":"Tlogoagung","WADMKC":"Kembangbahu","WADMKK":"Lamongan"},"geometry":{"type":"Point","coordinates":[112.3,-7.2]}},{"type":"Feature","properties":{"Line":"R132","Tr":2675,"X":"645300.5","Y":"9205944.0","Rotation":0,"NAMOBJ":"Tlogoagung","WADMKC":"Kembangbahu","WADMKK":"Lamongan"},"geometry":{"type":"Point","coordinates":[112.3,-7.2]}},{"type":"Feature","properties":{"Line":"R132","Tr":2676,"X":"645300.5","Y":"9205931.5","Rotation":0,"NAMOBJ":"Tlogoagung","WADMKC":"Kembangbahu","WADMKK":"Lamongan"},"geometry":{"type":"Point","coordinates":[112.3,-7.2]}},{"type":"Feature","properties":{"Line":"R132","Tr":2677,"X":"645300.5","Y":"9205919.0","Rotation":0,"NAMOBJ":"Tlogoagung","WADMKC":"Kembangbahu","WADMKK":"Lamongan"},"geometry":{"type":"Point","coordinates":[112.3,-7.2]}},{"type":"Feature","properties":{"Line":"R132","Tr":2678,"X":"645300.5","Y":"9205906.5","Rotation":0,"NAMOBJ":"Tlogoagung","WADMKC":"Kembangbahu","WADMKK":"Lamongan"},"geometry":{"type":"Point","coordinates":[112.3,-7.2]}},{"type":"Feature","properties":{"Line":"R132","Tr":2679,"X":"645300.5","Y":"9205894.0","Rotation":0,"NAMOBJ":"Tlogoagung","WADMKC":"Kembangbahu","WADMKK":"Lamongan"},"geometry":{"type":"Point","coordinates":[112.3,-7.2]}},{"type":"Feature","properties":{"Line":"R132","Tr":2680,"X":"645300.5","Y":"9205881.5","Rotation":0,"NAMOBJ":"Tlogoagung","WADMKC":"Kembangbahu","WADMKK":"Lamongan"},"geometry":{"type":"Point","coordinates":[112.3,-7.2]}},{"type":"Feature","properties":{"Line":"R132","Tr":2681,"X":"645300.5","Y":"9205869.0","Rotation":0,"NAMOBJ":"Tlogoagung","WADMKC":"Kembangbahu","WADMKK":"Lamongan"},"geometry":{"type":"Point","coordinates":[112.3,-7.2]}},{"type":"Feature","properties":{"Line":"R132","Tr":2682,"X":"645300.5","Y":"9205856.5","Rotation":0,"NAMOBJ":"Tlogoagung","WADMKC":"Kembangbahu","WADMKK":"Lamongan"},"geometry":{"type":"Point","coordinates":[112.3,-7.2]}},{"type":"Feature","properties":{"Line":"R132","Tr":2683,"X":"645300.5","Y":"9205844.0","Rotation":0,"NAMOBJ":"Tlogoagung","WADMKC":"Kembangbahu","WADMKK":"Lamongan"},"geometry":{"type":"Point","coordinates":[112.3,-7.2]}},{"type":"Feature","properties":{"Line":"R132","Tr":2684,"X":"645300.5","Y":"9205831.5","Rotation":0,"NAMOBJ":"Tlogoagung","WADMKC":"Kembangbahu","WADMKK":"Lamongan"},"geometry":{"type":"Point","coordinates":[112.3,-7.2]}},{"type":"Feature","properties":{"Line":"R132","Tr":2685,"X":"645300.5","Y":"9205819.0","Rotation":0,"NAMOBJ":"Tlogoagung","WADMKC":"Kembangbahu","WADMKK":"Lamongan"},"geometry":{"type":"Point","coordinates":[112.3,-7.2]}},{"type":"Feature","properties":{"Line":"R132","Tr":2686,"X":"645300.5","Y":"9205806.5","Rotation":0,"NAMOBJ":"Tlogoagung","WADMKC":"Kembangbahu","WADMKK":"Lamongan"},"geometry":{"type":"Point","coordinates":[112.3,-7.2]}},{"type":"Feature","properties":{"Line":"R132","Tr":2687,"X":"645300.5","Y":"9205794.0","Rotation":0,"NAMOBJ":"Tlogoagung","WADMKC":"Kembangbahu","WADMKK":"Lamongan"},"geometry":{"type":"Point","coordinates":[112.3,-7.2]}},{"type":"Feature","properties":{"Line":"R132","Tr":2688,"X":"645300.5","Y":"9205781.5","Rotation":0,"NAMOBJ":"Tlogoagung","WADMKC":"Kembangbahu","WADMKK":"Lamongan"},"geometry":{"type":"Point","coordinates":[112.3,-7.2]}},{"type":"Feature","properties":{"Line":"R132","Tr":2689,"X":"645300.5","Y":"9205769.0","Rotation":0,"NAMOBJ":"Tlogoagung","WADMKC":"Kembangbahu","WADMKK":"Lamongan"},"geometry":{"type":"Point","coordinates":[112.3,-7.2]}},{"type":"Feature","properties":{"Line":"R132","Tr":2690,"X":"645300.5","Y":"9205756.5","Rotation":0,"NAMOBJ":"Tlogoagung","WADMKC":"Kembangbahu","WADMKK":"Lamongan"},"geometry":{"type":"Point","coordinates":[112.3,-7.2]}},{"type":"Feature","properties":{"Line":"R132","Tr":2691,"X":"645300.5","Y":"9205744.0","Rotation":0,"NAMOBJ":"Tlogoagung","WADMKC":"Kembangbahu","WADMKK":"Lamongan"},"geometry":{"type":"Point","coordinates":[112.3,-7.2]}},{"type":"Feature","properties":{"Line":"R132","Tr":2692,"X":"645300.5","Y":"9205731.5","Rotation":0,"NAMOBJ":"Tlogoagung","WADMKC":"Kembangbahu","WADMKK":"Lamongan"},"geometry":{"type":"Point","coordinates":[112.3,-7.2]}},{"type":"Feature","properties":{"Line":"R132","Tr":2693,"X":"645300.5","Y":"9205719.0","Rotation":0,"NAMOBJ":"Tlogoagung","WADMKC":"Kembangbahu","WADMKK":"Lamongan"},"geometry":{"type":"Point","coordinates":[112.3,-7.2]}},{"type":"Feature","properties":{"Line":"R132","Tr":2694,"X":"645300.5","Y":"9205706.5","Rotation":0,"NAMOBJ":"Tlogoagung","WADMKC":"Kembangbahu","WADMKK":"Lamongan"},"geometry":{"type":"Point","coordinates":[112.3,-7.2]}},{"type":"Feature","properties":{"Line":"R132","Tr":2695,"X":"645300.5","Y":"9205694.0","Rotation":0,"NAMOBJ":"Tlogoagung","WADMKC":"Kembangbahu","WADMKK":"Lamongan"},"geometry":{"type":"Point","coordinates":[112.3,-7.2]}},{"type":"Feature","properties":{"Line":"R132","Tr":2696,"X":"645300.5","Y":"9205681.5","Rotation":0,"NAMOBJ":"Tlogoagung","WADMKC":"Kembangbahu","WADMKK":"Lamongan"},"geometry":{"type":"Point","coordinates":[112.3,-7.2]}},{"type":"Feature","properties":{"Line":"R132","Tr":2697,"X":"645300.5","Y":"9205669.0","Rotation":0,"NAMOBJ":"Tlogoagung","WADMKC":"Kembangbahu","WADMKK":"Lamongan"},"geometry":{"type":"Point","coordinates":[112.3,-7.2]}},{"type":"Feature","properties":{"Line":"R132","Tr":2698,"X":"645300.5","Y":"9205656.5","Rotation":0,"NAMOBJ":"Tlogoagung","WADMKC":"Kembangbahu","WADMKK":"Lamongan"},"geometry":{"type":"Point","coordinates":[112.3,-7.2]}},{"type":"Feature","properties":{"Line":"R132","Tr":2699,"X":"645300.5","Y":"9205644.0","Rotation":0,"NAMOBJ":"Tlogoagung","WADMKC":"Kembangbahu","WADMKK":"Lamongan"},"geometry":{"type":"Point","coordinates":[112.3,-7.2]}},{"type":"Feature","properties":{"Line":"R132","Tr":2700,"X":"645300.5","Y":"9205631.5","Rotation":0,"NAMOBJ":"Tlogoagung","WADMKC":"Kembangbahu","WADMKK":"Lamongan"},"geometry":{"type":"Point","coordinates":[112.3,-7.2]}},{"type":"Feature","properties":{"Line":"R132","Tr":2701,"X":"645300.5","Y":"9205619.0","Rotation":0,"NAMOBJ":"Tlogoagung","WADMKC":"Kembangbahu","WADMKK":"Lamongan"},"geometry":{"type":"Point","coordinates":[112.3,-7.2]}},{"type":"Feature","properties":{"Line":"R132","Tr":2702,"X":"645300.5","Y":"9205606.5","Rotation":0,"NAMOBJ":"Tlogoagung","WADMKC":"Kembangbahu","WADMKK":"Lamongan"},"geometry":{"type":"Point","coordinates":[112.3,-7.2]}},{"type":"Feature","properties":{"Line":"R132","Tr":2703,"X":"645300.5","Y":"9205594.0","Rotation":0,"NAMOBJ":"Tlogoagung","WADMKC":"Kembangbahu","WADMKK":"Lamongan"},"geometry":{"type":"Point","coordinates":[112.3,-7.2]}},{"type":"Feature","properties":{"Line":"R132","Tr":2704,"X":"645300.5","Y":"9205581.5","Rotation":0,"NAMOBJ":"Tlogoagung","WADMKC":"Kembangbahu","WADMKK":"Lamongan"},"geometry":{"type":"Point","coordinates":[112.3,-7.2]}},{"type":"Feature","properties":{"Line":"R132","Tr":2705,"X":"645300.5","Y":"9205569.0","Rotation":0,"NAMOBJ":"Tlogoagung","WADMKC":"Kembangbahu","WADMKK":"Lamongan"},"geometry":{"type":"Point","coordinates":[112.3,-7.2]}},{"type":"Feature","properties":{"Line":"R132","Tr":2706,"X":"645300.5","Y":"9205556.5","Rotation":0,"NAMOBJ":"Tlogoagung","WADMKC":"Kembangbahu","WADMKK":"Lamongan"},"geometry":{"type":"Point","coordinates":[112.3,-7.2]}},{"type":"Feature","properties":{"Line":"R132","Tr":2707,"X":"645300.5","Y":"9205544.0","Rotation":0,"NAMOBJ":"Tlogoagung","WADMKC":"Kembangbahu","WADMKK":"Lamongan"},"geometry":{"type":"Point","coordinates":[112.3,-7.2]}},{"type":"Feature","properties":{"Line":"R132","Tr":2708,"X":"645300.5","Y":"9205531.5","Rotation":0,"NAMOBJ":"Tlogoagung","WADMKC":"Kembangbahu","WADMKK":"Lamongan"},"geometry":{"type":"Point","coordinates":[112.3,-7.2]}},{"type":"Feature","properties":{"Line":"R132","Tr":2709,"X":"645300.5","Y":"9205519.0","Rotation":0,"NAMOBJ":"Tlogoagung","WADMKC":"Kembangbahu","WADMKK":"Lamongan"},"geometry":{"type":"Point","coordinates":[112.3,-7.2]}},{"type":"Feature","properties":{"Line":"R132","Tr":2710,"X":"645300.5","Y":"9205506.5","Rotation":0,"NAMOBJ":"Tlogoagung","WADMKC":"Kembangbahu","WADMKK":"Lamongan"},"geometry":{"type":"Point","coordinates":[112.3,-7.2]}},{"type":"Feature","properties":{"Line":"R132","Tr":2711,"X":"645300.5","Y":"9205494.0","Rotation":0,"NAMOBJ":"Tlogoagung","WADMKC":"Kembangbahu","WADMKK":"Lamongan"},"geometry":{"type":"Point","coordinates":[112.3,-7.2]}},{"type":"Feature","properties":{"Line":"R132","Tr":2712,"X":"645300.5","Y":"9205481.5","Rotation":0,"NAMOBJ":"Tlogoagung","WADMKC":"Kembangbahu","WADMKK":"Lamongan"},"geometry":{"type":"Point","coordinates":[112.3,-7.2]}},{"type":"Feature","properties":{"Line":"R132","Tr":2713,"X":"645300.5","Y":"9205469.0","Rotation":0,"NAMOBJ":"Tlogoagung","WADMKC":"Kembangbahu","WADMKK":"Lamongan"},"geometry":{"type":"Point","coordinates":[112.3,-7.2]}},{"type":"Feature","properties":{"Line":"R132","Tr":2714,"X":"645300.5","Y":"9205456.5","Rotation":0,"NAMOBJ":"Tlogoagung","WADMKC":"Kembangbahu","WADMKK":"Lamongan"},"geometry":{"type":"Point","coordinates":[112.3,-7.2]}},{"type":"Feature","properties":{"Line":"R132","Tr":2715,"X":"645300.5","Y":"9205444.0","Rotation":0,"NAMOBJ":"Tlogoagung","WADMKC":"Kembangbahu","WADMKK":"Lamongan"},"geometry":{"type":"Point","coordinates":[112.3,-7.2]}},{"type":"Feature","properties":{"Line":"R132","Tr":2716,"X":"645300.5","Y":"9205431.5","Rotation":0,"NAMOBJ":"Tlogoagung","WADMKC":"Kembangbahu","WADMKK":"Lamongan"},"geometry":{"type":"Point","coordinates":[112.3,-7.2]}},{"type":"Feature","properties":{"Line":"R132","Tr":2717,"X":"645300.5","Y":"9205419.0","Rotation":0,"NAMOBJ":"Tlogoagung","WADMKC":"Kembangbahu","WADMKK":"Lamongan"},"geometry":{"type":"Point","coordinates":[112.3,-7.2]}},{"type":"Feature","properties":{"Line":"R132","Tr":2718,"X":"645300.5","Y":"9205406.5","Rotation":0,"NAMOBJ":"Tlogoagung","WADMKC":"Kembangbahu","WADMKK":"Lamongan"},"geometry":{"type":"Point","coordinates":[112.3,-7.2]}},{"type":"Feature","properties":{"Line":"R132","Tr":2719,"X":"645300.5","Y":"9205394.0","Rotation":0,"NAMOBJ":"Tlogoagung","WADMKC":"Kembangbahu","WADMKK":"Lamongan"},"geometry":{"type":"Point","coordinates":[112.3,-7.2]}},{"type":"Feature","properties":{"Line":"R132","Tr":2720,"X":"645300.5","Y":"9205381.5","Rotation":0,"NAMOBJ":"Tlogoagung","WADMKC":"Kembangbahu","WADMKK":"Lamongan"},"geometry":{"type":"Point","coordinates":[112.3,-7.2]}},{"type":"Feature","properties":{"Line":"R132","Tr":2721,"X":"645300.5","Y":"9205369.0","Rotation":0,"NAMOBJ":"Tlogoagung","WADMKC":"Kembangbahu","WADMKK":"Lamongan"},"geometry":{"type":"Point","coordinates":[112.3,-7.2]}},{"type":"Feature","properties":{"Line":"R132","Tr":2722,"X":"645300.5","Y":"9205356.5","Rotation":0,"NAMOBJ":"Tlogoagung","WADMKC":"Kembangbahu","WADMKK":"Lamongan"},"geometry":{"type":"Point","coordinates":[112.3,-7.2]}},{"type":"Feature","properties":{"Line":"R132","Tr":2723,"X":"645300.5","Y":"9205344.0","Rotation":0,"NAMOBJ":"Tlogoagung","WADMKC":"Kembangbahu","WADMKK":"Lamongan"},"geometry":{"type":"Point","coordinates":[112.3,-7.2]}},{"type":"Feature","properties":{"Line":"R132","Tr":2724,"X":"645300.5","Y":"9205331.5","Rotation":0,"NAMOBJ":"Tlogoagung","WADMKC":"Kembangbahu","WADMKK":"Lamongan"},"geometry":{"type":"Point","coordinates":[112.3,-7.2]}},{"type":"Feature","properties":{"Line":"R132","Tr":2725,"X":"645300.5","Y":"9205319.0","Rotation":0,"NAMOBJ":"Tlogoagung","WADMKC":"Kembangbahu","WADMKK":"Lamongan"},"geometry":{"type":"Point","coordinates":[112.3,-7.2]}},{"type":"Feature","properties":{"Line":"R132","Tr":2726,"X":"645300.5","Y":"9205306.5","Rotation":0,"NAMOBJ":"Tlogoagung","WADMKC":"Kembangbahu","WADMKK":"Lamongan"},"geometry":{"type":"Point","coordinates":[112.3,-7.2]}},{"type":"Feature","properties":{"Line":"R132","Tr":2727,"X":"645300.5","Y":"9205294.0","Rotation":0,"NAMOBJ":"Tlogoagung","WADMKC":"Kembangbahu","WADMKK":"Lamongan"},"geometry":{"type":"Point","coordinates":[112.3,-7.2]}},{"type":"Feature","properties":{"Line":"R132","Tr":2728,"X":"645300.5","Y":"9205281.5","Rotation":0,"NAMOBJ":"Tlogoagung","WADMKC":"Kembangbahu","WADMKK":"Lamongan"},"geometry":{"type":"Point","coordinates":[112.3,-7.2]}},{"type":"Feature","properties":{"Line":"R132","Tr":2729,"X":"645300.5","Y":"9205269.0","Rotation":0,"NAMOBJ":"Tlogoagung","WADMKC":"Kembangbahu","WADMKK":"Lamongan"},"geometry":{"type":"Point","coordinates":[112.3,-7.2]}},{"type":"Feature","properties":{"Line":"R132","Tr":2730,"X":"645300.5","Y":"9205256.5","Rotation":0,"NAMOBJ":"Tlogoagung","WADMKC":"Kembangbahu","WADMKK":"Lamongan"},"geometry":{"type":"Point","coordinates":[112.3,-7.2]}},{"type":"Feature","properties":{"Line":"R132","Tr":2731,"X":"645300.5","Y":"9205244.0","Rotation":0,"NAMOBJ":"Tlogoagung","WADMKC":"Kembangbahu","WADMKK":"Lamongan"},"geometry":{"type":"Point","coordinates":[112.3,-7.2]}},{"type":"Feature","properties":{"Line":"R132","Tr":2732,"X":"645300.5","Y":"9205231.5","Rotation":0,"NAMOBJ":"Tlogoagung","WADMKC":"Kembangbahu","WADMKK":"Lamongan"},"geometry":{"type":"Point","coordinates":[112.3,-7.2]}},{"type":"Feature","properties":{"Line":"R132","Tr":2733,"X":"645300.5","Y":"9205219.0","Rotation":0,"NAMOBJ":"Tlogoagung","WADMKC":"Kembangbahu","WADMKK":"Lamongan"},"geometry":{"type":"Point","coordinates":[112.3,-7.2]}},{"type":"Feature","properties":{"Line":"R132","Tr":2734,"X":"645300.5","Y":"9205206.5","Rotation":0,"NAMOBJ":"Tlogoagung","WADMKC":"Kembangbahu","WADMKK":"Lamongan"},"geometry":{"type":"Point","coordinates":[112.3,-7.2]}},{"type":"Feature","properties":{"Line":"R132","Tr":2735,"X":"645300.5","Y":"9205194.0","Rotation":0,"NAMOBJ":"Tlogoagung","WADMKC":"Kembangbahu","WADMKK":"Lamongan"},"geometry":{"type":"Point","coordinates":[112.3,-7.2]}},{"type":"Feature","properties":{"Line":"R132","Tr":2736,"X":"645300.5","Y":"9205181.5","Rotation":0,"NAMOBJ":"Tlogoagung","WADMKC":"Kembangbahu","WADMKK":"Lamongan"},"geometry":{"type":"Point","coordinates":[112.3,-7.2]}},{"type":"Feature","properties":{"Line":"R132","Tr":2737,"X":"645300.5","Y":"9205169.0","Rotation":0,"NAMOBJ":"Tlogoagung","WADMKC":"Kembangbahu","WADMKK":"Lamongan"},"geometry":{"type":"Point","coordinates":[112.3,-7.2]}},{"type":"Feature","properties":{"Line":"R132","Tr":2738,"X":"645300.5","Y":"9205156.5","Rotation":0,"NAMOBJ":"Tlogoagung","WADMKC":"Kembangbahu","WADMKK":"Lamongan"},"geometry":{"type":"Point","coordinates":[112.3,-7.2]}},{"type":"Feature","properties":{"Line":"R132","Tr":2739,"X":"645300.5","Y":"9205144.0","Rotation":0,"NAMOBJ":"Tlogoagung","WADMKC":"Kembangbahu","WADMKK":"Lamongan"},"geometry":{"type":"Point","coordinates":[112.3,-7.2]}},{"type":"Feature","properties":{"Line":"R132","Tr":2740,"X":"645300.5","Y":"9205131.5","Rotation":0,"NAMOBJ":"Tlogoagung","WADMKC":"Kembangbahu","WADMKK":"Lamongan"},"geometry":{"type":"Point","coordinates":[112.3,-7.2]}},{"type":"Feature","properties":{"Line":"R132","Tr":2741,"X":"645300.5","Y":"9205119.0","Rotation":0,"NAMOBJ":"Tlogoagung","WADMKC":"Kembangbahu","WADMKK":"Lamongan"},"geometry":{"type":"Point","coordinates":[112.3,-7.2]}},{"type":"Feature","properties":{"Line":"R132","Tr":2742,"X":"645300.5","Y":"9205106.5","Rotation":0,"NAMOBJ":"Tlogoagung","WADMKC":"Kembangbahu","WADMKK":"Lamongan"},"geometry":{"type":"Point","coordinates":[112.3,-7.2]}},{"type":"Feature","properties":{"Line":"R132","Tr":2743,"X":"645300.5","Y":"9205094.0","Rotation":0,"NAMOBJ":"Tlogoagung","WADMKC":"Kembangbahu","WADMKK":"Lamongan"},"geometry":{"type":"Point","coordinates":[112.3,-7.2]}},{"type":"Feature","properties":{"Line":"R132","Tr":2744,"X":"645300.5","Y":"9205081.5","Rotation":0,"NAMOBJ":"Tlogoagung","WADMKC":"Kembangbahu","WADMKK":"Lamongan"},"geometry":{"type":"Point","coordinates":[112.3,-7.2]}},{"type":"Feature","properties":{"Line":"R132","Tr":2745,"X":"645300.5","Y":"9205069.0","Rotation":0,"NAMOBJ":"Tlogoagung","WADMKC":"Kembangbahu","WADMKK":"Lamongan"},"geometry":{"type":"Point","coordinates":[112.3,-7.2]}},{"type":"Feature","properties":{"Line":"R132","Tr":2746,"X":"645300.5","Y":"9205056.5","Rotation":0,"NAMOBJ":"Tlogoagung","WADMKC":"Kembangbahu","WADMKK":"Lamongan"},"geometry":{"type":"Point","coordinates":[112.3,-7.2]}},{"type":"Feature","properties":{"Line":"R132","Tr":2747,"X":"645300.5","Y":"9205044.0","Rotation":0,"NAMOBJ":"Tlogoagung","WADMKC":"Kembangbahu","WADMKK":"Lamongan"},"geometry":{"type":"Point","coordinates":[112.3,-7.2]}},{"type":"Feature","properties":{"Line":"R132","Tr":2748,"X":"645300.5","Y":"9205031.5","Rotation":0,"NAMOBJ":"Tlogoagung","WADMKC":"Kembangbahu","WADMKK":"Lamongan"},"geometry":{"type":"Point","coordinates":[112.3,-7.2]}},{"type":"Feature","properties":{"Line":"R132","Tr":2749,"X":"645300.5","Y":"9205019.0","Rotation":0,"NAMOBJ":"Tlogoagung","WADMKC":"Kembangbahu","WADMKK":"Lamongan"},"geometry":{"type":"Point","coordinates":[112.3,-7.2]}},{"type":"Feature","properties":{"Line":"R132","Tr":2750,"X":"645300.5","Y":"9205006.5","Rotation":0,"NAMOBJ":"Tlogoagung","WADMKC":"Kembangbahu","WADMKK":"Lamongan"},"geometry":{"type":"Point","coordinates":[112.3,-7.2]}},{"type":"Feature","properties":{"Line":"R132","Tr":2751,"X":"645300.5","Y":"9204994.0","Rotation":0,"NAMOBJ":"Tlogoagung","WADMKC":"Kembangbahu","WADMKK":"Lamongan"},"geometry":{"type":"Point","coordinates":[112.3,-7.2]}},{"type":"Feature","properties":{"Line":"R132","Tr":2752,"X":"645300.5","Y":"9204981.5","Rotation":0,"NAMOBJ":"Tlogoagung","WADMKC":"Kembangbahu","WADMKK":"Lamongan"},"geometry":{"type":"Point","coordinates":[112.3,-7.2]}},{"type":"Feature","properties":{"Line":"R132","Tr":2753,"X":"645300.5","Y":"9204969.0","Rotation":0,"NAMOBJ":"Tlogoagung","WADMKC":"Kembangbahu","WADMKK":"Lamongan"},"geometry":{"type":"Point","coordinates":[112.3,-7.2]}},{"type":"Feature","properties":{"Line":"R132","Tr":2754,"X":"645300.5","Y":"9204956.5","Rotation":0,"NAMOBJ":"Tlogoagung","WADMKC":"Kembangbahu","WADMKK":"Lamongan"},"geometry":{"type":"Point","coordinates":[112.3,-7.2]}},{"type":"Feature","properties":{"Line":"R132","Tr":2755,"X":"645300.5","Y":"9204944.0","Rotation":0,"NAMOBJ":"Tlogoagung","WADMKC":"Kembangbahu","WADMKK":"Lamongan"},"geometry":{"type":"Point","coordinates":[112.3,-7.2]}},{"type":"Feature","properties":{"Line":"R132","Tr":2756,"X":"645300.5","Y":"9204931.5","Rotation":0,"NAMOBJ":"Tlogoagung","WADMKC":"Kembangbahu","WADMKK":"Lamongan"},"geometry":{"type":"Point","coordinates":[112.3,-7.2]}},{"type":"Feature","properties":{"Line":"R132","Tr":2757,"X":"645300.5","Y":"9204919.0","Rotation":0,"NAMOBJ":"Tlogoagung","WADMKC":"Kembangbahu","WADMKK":"Lamongan"},"geometry":{"type":"Point","coordinates":[112.3,-7.2]}},{"type":"Feature","properties":{"Line":"R132","Tr":2758,"X":"645300.5","Y":"9204906.5","Rotation":0,"NAMOBJ":"Tlogoagung","WADMKC":"Kembangbahu","WADMKK":"Lamongan"},"geometry":{"type":"Point","coordinates":[112.3,-7.2]}},{"type":"Feature","properties":{"Line":"R132","Tr":2759,"X":"645300.5","Y":"9204894.0","Rotation":0,"NAMOBJ":"Tlogoagung","WADMKC":"Kembangbahu","WADMKK":"Lamongan"},"geometry":{"type":"Point","coordinates":[112.3,-7.2]}},{"type":"Feature","properties":{"Line":"R132","Tr":2760,"X":"645300.5","Y":"9204881.5","Rotation":0,"NAMOBJ":"Tlogoagung","WADMKC":"Kembangbahu","WADMKK":"Lamongan"},"geometry":{"type":"Point","coordinates":[112.3,-7.2]}},{"type":"Feature","properties":{"Line":"R132","Tr":2761,"X":"645300.5","Y":"9204869.0","Rotation":0,"NAMOBJ":"Tlogoagung","WADMKC":"Kembangbahu","WADMKK":"Lamongan"},"geometry":{"type":"Point","coordinates":[112.3,-7.2]}},{"type":"Feature","properties":{"Line":"R132","Tr":2762,"X":"645300.5","Y":"9204856.5","Rotation":0,"NAMOBJ":"Tlogoagung","WADMKC":"Kembangbahu","WADMKK":"Lamongan"},"geometry":{"type":"Point","coordinates":[112.3,-7.2]}},{"type":"Feature","properties":{"Line":"R132","Tr":2763,"X":"645300.5","Y":"9204844.0","Rotation":0,"NAMOBJ":"Tlogoagung","WADMKC":"Kembangbahu","WADMKK":"Lamongan"},"geometry":{"type":"Point","coordinates":[112.3,-7.2]}},{"type":"Feature","properties":{"Line":"R132","Tr":2764,"X":"645300.5","Y":"9204831.5","Rotation":0,"NAMOBJ":"Tlogoagung","WADMKC":"Kembangbahu","WADMKK":"Lamongan"},"geometry":{"type":"Point","coordinates":[112.3,-7.2]}},{"type":"Feature","properties":{"Line":"R132","Tr":2765,"X":"645300.5","Y":"9204819.0","Rotation":0,"NAMOBJ":"Tlogoagung","WADMKC":"Kembangbahu","WADMKK":"Lamongan"},"geometry":{"type":"Point","coordinates":[112.3,-7.2]}},{"type":"Feature","properties":{"Line":"R132","Tr":2766,"X":"645300.5","Y":"9204806.5","Rotation":0,"NAMOBJ":"Tlogoagung","WADMKC":"Kembangbahu","WADMKK":"Lamongan"},"geometry":{"type":"Point","coordinates":[112.3,-7.2]}},{"type":"Feature","properties":{"Line":"R132","Tr":2767,"X":"645300.5","Y":"9204794.0","Rotation":0,"NAMOBJ":"Tlogoagung","WADMKC":"Kembangbahu","WADMKK":"Lamongan"},"geometry":{"type":"Point","coordinates":[112.3,-7.2]}},{"type":"Feature","properties":{"Line":"R132","Tr":2768,"X":"645300.5","Y":"9204781.5","Rotation":0,"NAMOBJ":"Tlogoagung","WADMKC":"Kembangbahu","WADMKK":"Lamongan"},"geometry":{"type":"Point","coordinates":[112.3,-7.2]}},{"type":"Feature","properties":{"Line":"R132","Tr":2769,"X":"645300.5","Y":"9204769.0","Rotation":0,"NAMOBJ":"Tlogoagung","WADMKC":"Kembangbahu","WADMKK":"Lamongan"},"geometry":{"type":"Point","coordinates":[112.3,-7.2]}},{"type":"Feature","properties":{"Line":"R132","Tr":2770,"X":"645300.5","Y":"9204756.5","Rotation":0,"NAMOBJ":"Tlogoagung","WADMKC":"Kembangbahu","WADMKK":"Lamongan"},"geometry":{"type":"Point","coordinates":[112.3,-7.2]}},{"type":"Feature","properties":{"Line":"R132","Tr":2771,"X":"645300.5","Y":"9204744.0","Rotation":0,"NAMOBJ":"Tlogoagung","WADMKC":"Kembangbahu","WADMKK":"Lamongan"},"geometry":{"type":"Point","coordinates":[112.3,-7.2]}},{"type":"Feature","properties":{"Line":"R132","Tr":2772,"X":"645300.5","Y":"9204731.5","Rotation":0,"NAMOBJ":"Tlogoagung","WADMKC":"Kembangbahu","WADMKK":"Lamongan"},"geometry":{"type":"Point","coordinates":[112.3,-7.2]}},{"type":"Feature","properties":{"Line":"R132","Tr":2773,"X":"645300.5","Y":"9204719.0","Rotation":0,"NAMOBJ":"Tlogoagung","WADMKC":"Kembangbahu","WADMKK":"Lamongan"},"geometry":{"type":"Point","coordinates":[112.3,-7.2]}},{"type":"Feature","properties":{"Line":"R132","Tr":2774,"X":"645300.5","Y":"9204706.5","Rotation":0,"NAMOBJ":"Tlogoagung","WADMKC":"Kembangbahu","WADMKK":"Lamongan"},"geometry":{"type":"Point","coordinates":[112.3,-7.2]}},{"type":"Feature","properties":{"Line":"R132","Tr":2775,"X":"645300.5","Y":"9204694.0","Rotation":0,"NAMOBJ":"Tlogoagung","WADMKC":"Kembangbahu","WADMKK":"Lamongan"},"geometry":{"type":"Point","coordinates":[112.3,-7.2]}},{"type":"Feature","properties":{"Line":"R132","Tr":2776,"X":"645300.5","Y":"9204681.5","Rotation":0,"NAMOBJ":"Tlogoagung","WADMKC":"Kembangbahu","WADMKK":"Lamongan"},"geometry":{"type":"Point","coordinates":[112.3,-7.2]}},{"type":"Feature","properties":{"Line":"R132","Tr":2777,"X":"645300.5","Y":"9204669.0","Rotation":0,"NAMOBJ":"Tlogoagung","WADMKC":"Kembangbahu","WADMKK":"Lamongan"},"geometry":{"type":"Point","coordinates":[112.3,-7.2]}},{"type":"Feature","properties":{"Line":"R132","Tr":2778,"X":"645300.5","Y":"9204656.5","Rotation":0,"NAMOBJ":"Tlogoagung","WADMKC":"Kembangbahu","WADMKK":"Lamongan"},"geometry":{"type":"Point","coordinates":[112.3,-7.2]}},{"type":"Feature","properties":{"Line":"R132","Tr":2779,"X":"645300.5","Y":"9204644.0","Rotation":0,"NAMOBJ":"Tlogoagung","WADMKC":"Kembangbahu","WADMKK":"Lamongan"},"geometry":{"type":"Point","coordinates":[112.3,-7.2]}},{"type":"Feature","properties":{"Line":"R132","Tr":2780,"X":"645300.5","Y":"9204631.5","Rotation":0,"NAMOBJ":"Tlogoagung","WADMKC":"Kembangbahu","WADMKK":"Lamongan"},"geometry":{"type":"Point","coordinates":[112.3,-7.2]}},{"type":"Feature","properties":{"Line":"R132","Tr":2781,"X":"645300.5","Y":"9204619.0","Rotation":0,"NAMOBJ":"Tlogoagung","WADMKC":"Kembangbahu","WADMKK":"Lamongan"},"geometry":{"type":"Point","coordinates":[112.3,-7.2]}},{"type":"Feature","properties":{"Line":"R134","Tr":2630,"X":"646300.5","Y":"9206506.5","Rotation":0,"NAMOBJ":"Tlogoagung","WADMKC":"Kembangbahu","WADMKK":"Lamongan"},"geometry":{"type":"Point","coordinates":[112.3,-7.2]}},{"type":"Feature","properties":{"Line":"R134","Tr":2631,"X":"646300.5","Y":"9206494.0","Rotation":0,"NAMOBJ":"Tlogoagung","WADMKC":"Kembangbahu","WADMKK":"Lamongan"},"geometry":{"type":"Point","coordinates":[112.3,-7.2]}},{"type":"Feature","properties":{"Line":"R134","Tr":2632,"X":"646300.5","Y":"9206481.5","Rotation":0,"NAMOBJ":"Tlogoagung","WADMKC":"Kembangbahu","WADMKK":"Lamongan"},"geometry":{"type":"Point","coordinates":[112.3,-7.2]}},{"type":"Feature","properties":{"Line":"R134","Tr":2633,"X":"646300.5","Y":"9206469.0","Rotation":0,"NAMOBJ":"Tlogoagung","WADMKC":"Kembangbahu","WADMKK":"Lamongan"},"geometry":{"type":"Point","coordinates":[112.3,-7.2]}},{"type":"Feature","properties":{"Line":"R134","Tr":2634,"X":"646300.5","Y":"9206456.5","Rotation":0,"NAMOBJ":"Tlogoagung","WADMKC":"Kembangbahu","WADMKK":"Lamongan"},"geometry":{"type":"Point","coordinates":[112.3,-7.2]}},{"type":"Feature","properties":{"Line":"R134","Tr":2635,"X":"646300.5","Y":"9206444.0","Rotation":0,"NAMOBJ":"Tlogoagung","WADMKC":"Kembangbahu","WADMKK":"Lamongan"},"geometry":{"type":"Point","coordinates":[112.3,-7.2]}},{"type":"Feature","properties":{"Line":"R134","Tr":2636,"X":"646300.5","Y":"9206431.5","Rotation":0,"NAMOBJ":"Tlogoagung","WADMKC":"Kembangbahu","WADMKK":"Lamongan"},"geometry":{"type":"Point","coordinates":[112.3,-7.2]}},{"type":"Feature","properties":{"Line":"R134","Tr":2637,"X":"646300.5","Y":"9206419.0","Rotation":0,"NAMOBJ":"Tlogoagung","WADMKC":"Kembangbahu","WADMKK":"Lamongan"},"geometry":{"type":"Point","coordinates":[112.3,-7.2]}},{"type":"Feature","properties":{"Line":"R134","Tr":2638,"X":"646300.5","Y":"9206406.5","Rotation":0,"NAMOBJ":"Tlogoagung","WADMKC":"Kembangbahu","WADMKK":"Lamongan"},"geometry":{"type":"Point","coordinates":[112.3,-7.2]}},{"type":"Feature","properties":{"Line":"R134","Tr":2639,"X":"646300.5","Y":"9206394.0","Rotation":0,"NAMOBJ":"Tlogoagung","WADMKC":"Kembangbahu","WADMKK":"Lamongan"},"geometry":{"type":"Point","coordinates":[112.3,-7.2]}},{"type":"Feature","properties":{"Line":"R134","Tr":2640,"X":"646300.5","Y":"9206381.5","Rotation":0,"NAMOBJ":"Tlogoagung","WADMKC":"Kembangbahu","WADMKK":"Lamongan"},"geometry":{"type":"Point","coordinates":[112.3,-7.2]}},{"type":"Feature","properties":{"Line":"R134","Tr":2641,"X":"646300.5","Y":"9206369.0","Rotation":0,"NAMOBJ":"Tlogoagung","WADMKC":"Kembangbahu","WADMKK":"Lamongan"},"geometry":{"type":"Point","coordinates":[112.3,-7.2]}},{"type":"Feature","properties":{"Line":"R134","Tr":2642,"X":"646300.5","Y":"9206356.5","Rotation":0,"NAMOBJ":"Tlogoagung","WADMKC":"Kembangbahu","WADMKK":"Lamongan"},"geometry":{"type":"Point","coordinates":[112.3,-7.2]}},{"type":"Feature","properties":{"Line":"R134","Tr":2643,"X":"646300.5","Y":"9206344.0","Rotation":0,"NAMOBJ":"Tlogoagung","WADMKC":"Kembangbahu","WADMKK":"Lamongan"},"geometry":{"type":"Point","coordinates":[112.3,-7.2]}},{"type":"Feature","properties":{"Line":"R134","Tr":2644,"X":"646300.5","Y":"9206331.5","Rotation":0,"NAMOBJ":"Tlogoagung","WADMKC":"Kembangbahu","WADMKK":"Lamongan"},"geometry":{"type":"Point","coordinates":[112.3,-7.2]}},{"type":"Feature","properties":{"Line":"R134","Tr":2645,"X":"646300.5","Y":"9206319.0","Rotation":0,"NAMOBJ":"Tlogoagung","WADMKC":"Kembangbahu","WADMKK":"Lamongan"},"geometry":{"type":"Point","coordinates":[112.3,-7.2]}},{"type":"Feature","properties":{"Line":"R134","Tr":2646,"X":"646300.5","Y":"9206306.5","Rotation":0,"NAMOBJ":"Tlogoagung","WADMKC":"Kembangbahu","WADMKK":"Lamongan"},"geometry":{"type":"Point","coordinates":[112.3,-7.2]}},{"type":"Feature","properties":{"Line":"R134","Tr":2647,"X":"646300.5","Y":"9206294.0","Rotation":0,"NAMOBJ":"Tlogoagung","WADMKC":"Kembangbahu","WADMKK":"Lamongan"},"geometry":{"type":"Point","coordinates":[112.3,-7.2]}},{"type":"Feature","properties":{"Line":"R134","Tr":2648,"X":"646300.5","Y":"9206281.5","Rotation":0,"NAMOBJ":"Tlogoagung","WADMKC":"Kembangbahu","WADMKK":"Lamongan"},"geometry":{"type":"Point","coordinates":[112.3,-7.2]}},{"type":"Feature","properties":{"Line":"R134","Tr":2649,"X":"646300.5","Y":"9206269.0","Rotation":0,"NAMOBJ":"Tlogoagung","WADMKC":"Kembangbahu","WADMKK":"Lamongan"},"geometry":{"type":"Point","coordinates":[112.3,-7.2]}},{"type":"Feature","properties":{"Line":"R134","Tr":2650,"X":"646300.5","Y":"9206256.5","Rotation":0,"NAMOBJ":"Tlogoagung","WADMKC":"Kembangbahu","WADMKK":"Lamongan"},"geometry":{"type":"Point","coordinates":[112.3,-7.2]}},{"type":"Feature","properties":{"Line":"R134","Tr":2651,"X":"646300.5","Y":"9206244.0","Rotation":0,"NAMOBJ":"Tlogoagung","WADMKC":"Kembangbahu","WADMKK":"Lamongan"},"geometry":{"type":"Point","coordinates":[112.3,-7.2]}},{"type":"Feature","properties":{"Line":"R134","Tr":2652,"X":"646300.5","Y":"9206231.5","Rotation":0,"NAMOBJ":"Tlogoagung","WADMKC":"Kembangbahu","WADMKK":"Lamongan"},"geometry":{"type":"Point","coordinates":[112.3,-7.2]}},{"type":"Feature","properties":{"Line":"R134","Tr":2653,"X":"646300.5","Y":"9206219.0","Rotation":0,"NAMOBJ":"Tlogoagung","WADMKC":"Kembangbahu","WADMKK":"Lamongan"},"geometry":{"type":"Point","coordinates":[112.3,-7.2]}},{"type":"Feature","properties":{"Line":"R134","Tr":2654,"X":"646300.5","Y":"9206206.5","Rotation":0,"NAMOBJ":"Tlogoagung","WADMKC":"Kembangbahu","WADMKK":"Lamongan"},"geometry":{"type":"Point","coordinates":[112.3,-7.2]}},{"type":"Feature","properties":{"Line":"R134","Tr":2655,"X":"646300.5","Y":"9206194.0","Rotation":0,"NAMOBJ":"Tlogoagung","WADMKC":"Kembangbahu","WADMKK":"Lamongan"},"geometry":{"type":"Point","coordinates":[112.3,-7.2]}},{"type":"Feature","properties":{"Line":"R134","Tr":2656,"X":"646300.5","Y":"9206181.5","Rotation":0,"NAMOBJ":"Tlogoagung","WADMKC":"Kembangbahu","WADMKK":"Lamongan"},"geometry":{"type":"Point","coordinates":[112.3,-7.2]}},{"type":"Feature","properties":{"Line":"R134","Tr":2657,"X":"646300.5","Y":"9206169.0","Rotation":0,"NAMOBJ":"Tlogoagung","WADMKC":"Kembangbahu","WADMKK":"Lamongan"},"geometry":{"type":"Point","coordinates":[112.3,-7.2]}},{"type":"Feature","properties":{"Line":"R134","Tr":2658,"X":"646300.5","Y":"9206156.5","Rotation":0,"NAMOBJ":"Tlogoagung","WADMKC":"Kembangbahu","WADMKK":"Lamongan"},"geometry":{"type":"Point","coordinates":[112.3,-7.2]}},{"type":"Feature","properties":{"Line":"R134","Tr":2659,"X":"646300.5","Y":"9206144.0","Rotation":0,"NAMOBJ":"Tlogoagung","WADMKC":"Kembangbahu","WADMKK":"Lamongan"},"geometry":{"type":"Point","coordinates":[112.3,-7.2]}},{"type":"Feature","properties":{"Line":"R134","Tr":2660,"X":"646300.5","Y":"9206131.5","Rotation":0,"NAMOBJ":"Tlogoagung","WADMKC":"Kembangbahu","WADMKK":"Lamongan"},"geometry":{"type":"Point","coordinates":[112.3,-7.2]}},{"type":"Feature","properties":{"Line":"R134","Tr":2661,"X":"646300.5","Y":"9206119.0","Rotation":0,"NAMOBJ":"Tlogoagung","WADMKC":"Kembangbahu","WADMKK":"Lamongan"},"geometry":{"type":"Point","coordinates":[112.3,-7.2]}},{"type":"Feature","properties":{"Line":"R134","Tr":2662,"X":"646300.5","Y":"9206106.5","Rotation":0,"NAMOBJ":"Tlogoagung","WADMKC":"Kembangbahu","WADMKK":"Lamongan"},"geometry":{"type":"Point","coordinates":[112.3,-7.2]}},{"type":"Feature","properties":{"Line":"R134","Tr":2663,"X":"646300.5","Y":"9206094.0","Rotation":0,"NAMOBJ":"Tlogoagung","WADMKC":"Kembangbahu","WADMKK":"Lamongan"},"geometry":{"type":"Point","coordinates":[112.3,-7.2]}},{"type":"Feature","properties":{"Line":"R134","Tr":2664,"X":"646300.5","Y":"9206081.5","Rotation":0,"NAMOBJ":"Tlogoagung","WADMKC":"Kembangbahu","WADMKK":"Lamongan"},"geometry":{"type":"Point","coordinates":[112.3,-7.2]}},{"type":"Feature","properties":{"Line":"R134","Tr":2665,"X":"646300.5","Y":"9206069.0","Rotation":0,"NAMOBJ":"Tlogoagung","WADMKC":"Kembangbahu","WADMKK":"Lamongan"},"geometry":{"type":"Point","coordinates":[112.3,-7.2]}},{"type":"Feature","properties":{"Line":"R134","Tr":2666,"X":"646300.5","Y":"9206056.5","Rotation":0,"NAMOBJ":"Tlogoagung","WADMKC":"Kembangbahu","WADMKK":"Lamongan"},"geometry":{"type":"Point","coordinates":[112.3,-7.2]}},{"type":"Feature","properties":{"Line":"R134","Tr":2667,"X":"646300.5","Y":"9206044.0","Rotation":0,"NAMOBJ":"Tlogoagung","WADMKC":"Kembangbahu","WADMKK":"Lamongan"},"geometry":{"type":"Point","coordinates":[112.3,-7.2]}},{"type":"Feature","properties":{"Line":"R134","Tr":2668,"X":"646300.5","Y":"9206031.5","Rotation":0,"NAMOBJ":"Tlogoagung","WADMKC":"Kembangbahu","WADMKK":"Lamongan"},"geometry":{"type":"Point","coordinates":[112.3,-7.2]}},{"type":"Feature","properties":{"Line":"R134","Tr":2669,"X":"646300.5","Y":"9206019.0","Rotation":0,"NAMOBJ":"Tlogoagung","WADMKC":"Kembangbahu","WADMKK":"Lamongan"},"geometry":{"type":"Point","coordinates":[112.3,-7.2]}},{"type":"Feature","properties":{"Line":"R134","Tr":2670,"X":"646300.5","Y":"9206006.5","Rotation":0,"NAMOBJ":"Tlogoagung","WADMKC":"Kembangbahu","WADMKK":"Lamongan"},"geometry":{"type":"Point","coordinates":[112.3,-7.2]}},{"type":"Feature","properties":{"Line":"R134","Tr":2671,"X":"646300.5","Y":"9205994.0","Rotation":0,"NAMOBJ":"Tlogoagung","WADMKC":"Kembangbahu","WADMKK":"Lamongan"},"geometry":{"type":"Point","coordinates":[112.3,-7.2]}},{"type":"Feature","properties":{"Line":"R134","Tr":2672,"X":"646300.5","Y":"9205981.5","Rotation":0,"NAMOBJ":"Tlogoagung","WADMKC":"Kembangbahu","WADMKK":"Lamongan"},"geometry":{"type":"Point","coordinates":[112.3,-7.2]}},{"type":"Feature","properties":{"Line":"R134","Tr":2673,"X":"646300.5","Y":"9205969.0","Rotation":0,"NAMOBJ":"Tlogoagung","WADMKC":"Kembangbahu","WADMKK":"Lamongan"},"geometry":{"type":"Point","coordinates":[112.3,-7.2]}},{"type":"Feature","properties":{"Line":"R134","Tr":2674,"X":"646300.5","Y":"9205956.5","Rotation":0,"NAMOBJ":"Tlogoagung","WADMKC":"Kembangbahu","WADMKK":"Lamongan"},"geometry":{"type":"Point","coordinates":[112.3,-7.2]}},{"type":"Feature","properties":{"Line":"R134","Tr":2675,"X":"646300.5","Y":"9205944.0","Rotation":0,"NAMOBJ":"Tlogoagung","WADMKC":"Kembangbahu","WADMKK":"Lamongan"},"geometry":{"type":"Point","coordinates":[112.3,-7.2]}},{"type":"Feature","properties":{"Line":"R134","Tr":2676,"X":"646300.5","Y":"9205931.5","Rotation":0,"NAMOBJ":"Tlogoagung","WADMKC":"Kembangbahu","WADMKK":"Lamongan"},"geometry":{"type":"Point","coordinates":[112.3,-7.2]}},{"type":"Feature","properties":{"Line":"R134","Tr":2677,"X":"646300.5","Y":"9205919.0","Rotation":0,"NAMOBJ":"Tlogoagung","WADMKC":"Kembangbahu","WADMKK":"Lamongan"},"geometry":{"type":"Point","coordinates":[112.3,-7.2]}},{"type":"Feature","properties":{"Line":"R134","Tr":2678,"X":"646300.5","Y":"9205906.5","Rotation":0,"NAMOBJ":"Tlogoagung","WADMKC":"Kembangbahu","WADMKK":"Lamongan"},"geometry":{"type":"Point","coordinates":[112.3,-7.2]}},{"type":"Feature","properties":{"Line":"R134","Tr":2679,"X":"646300.5","Y":"9205894.0","Rotation":0,"NAMOBJ":"Tlogoagung","WADMKC":"Kembangbahu","WADMKK":"Lamongan"},"geometry":{"type":"Point","coordinates":[112.3,-7.2]}},{"type":"Feature","properties":{"Line":"R134","Tr":2680,"X":"646300.5","Y":"9205881.5","Rotation":0,"NAMOBJ":"Tlogoagung","WADMKC":"Kembangbahu","WADMKK":"Lamongan"},"geometry":{"type":"Point","coordinates":[112.3,-7.2]}},{"type":"Feature","properties":{"Line":"R134","Tr":2681,"X":"646300.5","Y":"9205869.0","Rotation":0,"NAMOBJ":"Tlogoagung","WADMKC":"Kembangbahu","WADMKK":"Lamongan"},"geometry":{"type":"Point","coordinates":[112.3,-7.2]}},{"type":"Feature","properties":{"Line":"R134","Tr":2682,"X":"646300.5","Y":"9205856.5","Rotation":0,"NAMOBJ":"Tlogoagung","WADMKC":"Kembangbahu","WADMKK":"Lamongan"},"geometry":{"type":"Point","coordinates":[112.3,-7.2]}},{"type":"Feature","properties":{"Line":"R134","Tr":2683,"X":"646300.5","Y":"9205844.0","Rotation":0,"NAMOBJ":"Tlogoagung","WADMKC":"Kembangbahu","WADMKK":"Lamongan"},"geometry":{"type":"Point","coordinates":[112.3,-7.2]}},{"type":"Feature","properties":{"Line":"R134","Tr":2684,"X":"646300.5","Y":"9205831.5","Rotation":0,"NAMOBJ":"Tlogoagung","WADMKC":"Kembangbahu","WADMKK":"Lamongan"},"geometry":{"type":"Point","coordinates":[112.3,-7.2]}},{"type":"Feature","properties":{"Line":"R134","Tr":2685,"X":"646300.5","Y":"9205819.0","Rotation":0,"NAMOBJ":"Tlogoagung","WADMKC":"Kembangbahu","WADMKK":"Lamongan"},"geometry":{"type":"Point","coordinates":[112.3,-7.2]}},{"type":"Feature","properties":{"Line":"R134","Tr":2686,"X":"646300.5","Y":"9205806.5","Rotation":0,"NAMOBJ":"Tlogoagung","WADMKC":"Kembangbahu","WADMKK":"Lamongan"},"geometry":{"type":"Point","coordinates":[112.3,-7.2]}},{"type":"Feature","properties":{"Line":"R134","Tr":2687,"X":"646300.5","Y":"9205794.0","Rotation":0,"NAMOBJ":"Tlogoagung","WADMKC":"Kembangbahu","WADMKK":"Lamongan"},"geometry":{"type":"Point","coordinates":[112.3,-7.2]}},{"type":"Feature","properties":{"Line":"R134","Tr":2688,"X":"646300.5","Y":"9205781.5","Rotation":0,"NAMOBJ":"Tlogoagung","WADMKC":"Kembangbahu","WADMKK":"Lamongan"},"geometry":{"type":"Point","coordinates":[112.3,-7.2]}},{"type":"Feature","properties":{"Line":"R134","Tr":2689,"X":"646300.5","Y":"9205769.0","Rotation":0,"NAMOBJ":"Tlogoagung","WADMKC":"Kembangbahu","WADMKK":"Lamongan"},"geometry":{"type":"Point","coordinates":[112.3,-7.2]}},{"type":"Feature","properties":{"Line":"R134","Tr":2690,"X":"646300.5","Y":"9205756.5","Rotation":0,"NAMOBJ":"Tlogoagung","WADMKC":"Kembangbahu","WADMKK":"Lamongan"},"geometry":{"type":"Point","coordinates":[112.3,-7.2]}},{"type":"Feature","properties":{"Line":"R134","Tr":2691,"X":"646300.5","Y":"9205744.0","Rotation":0,"NAMOBJ":"Tlogoagung","WADMKC":"Kembangbahu","WADMKK":"Lamongan"},"geometry":{"type":"Point","coordinates":[112.3,-7.2]}},{"type":"Feature","properties":{"Line":"R134","Tr":2692,"X":"646300.5","Y":"9205731.5","Rotation":0,"NAMOBJ":"Tlogoagung","WADMKC":"Kembangbahu","WADMKK":"Lamongan"},"geometry":{"type":"Point","coordinates":[112.3,-7.2]}},{"type":"Feature","properties":{"Line":"R134","Tr":2693,"X":"646300.5","Y":"9205719.0","Rotation":0,"NAMOBJ":"Tlogoagung","WADMKC":"Kembangbahu","WADMKK":"Lamongan"},"geometry":{"type":"Point","coordinates":[112.3,-7.2]}},{"type":"Feature","properties":{"Line":"R134","Tr":2694,"X":"646300.5","Y":"9205706.5","Rotation":0,"NAMOBJ":"Tlogoagung","WADMKC":"Kembangbahu","WADMKK":"Lamongan"},"geometry":{"type":"Point","coordinates":[112.3,-7.2]}},{"type":"Feature","properties":{"Line":"R134","Tr":2695,"X":"646300.5","Y":"9205694.0","Rotation":0,"NAMOBJ":"Tlogoagung","WADMKC":"Kembangbahu","WADMKK":"Lamongan"},"geometry":{"type":"Point","coordinates":[112.3,-7.2]}},{"type":"Feature","properties":{"Line":"R134","Tr":2696,"X":"646300.5","Y":"9205681.5","Rotation":0,"NAMOBJ":"Tlogoagung","WADMKC":"Kembangbahu","WADMKK":"Lamongan"},"geometry":{"type":"Point","coordinates":[112.3,-7.2]}},{"type":"Feature","properties":{"Line":"R134","Tr":2697,"X":"646300.5","Y":"9205669.0","Rotation":0,"NAMOBJ":"Tlogoagung","WADMKC":"Kembangbahu","WADMKK":"Lamongan"},"geometry":{"type":"Point","coordinates":[112.3,-7.2]}},{"type":"Feature","properties":{"Line":"R134","Tr":2698,"X":"646300.5","Y":"9205656.5","Rotation":0,"NAMOBJ":"Tlogoagung","WADMKC":"Kembangbahu","WADMKK":"Lamongan"},"geometry":{"type":"Point","coordinates":[112.3,-7.2]}},{"type":"Feature","properties":{"Line":"R134","Tr":2699,"X":"646300.5","Y":"9205644.0","Rotation":0,"NAMOBJ":"Tlogoagung","WADMKC":"Kembangbahu","WADMKK":"Lamongan"},"geometry":{"type":"Point","coordinates":[112.3,-7.2]}},{"type":"Feature","properties":{"Line":"R134","Tr":2700,"X":"646300.5","Y":"9205631.5","Rotation":0,"NAMOBJ":"Tlogoagung","WADMKC":"Kembangbahu","WADMKK":"Lamongan"},"geometry":{"type":"Point","coordinates":[112.3,-7.2]}},{"type":"Feature","properties":{"Line":"R134","Tr":2701,"X":"646300.5","Y":"9205619.0","Rotation":0,"NAMOBJ":"Tlogoagung","WADMKC":"Kembangbahu","WADMKK":"Lamongan"},"geometry":{"type":"Point","coordinates":[112.3,-7.2]}},{"type":"Feature","properties":{"Line":"R134","Tr":2702,"X":"646300.5","Y":"9205606.5","Rotation":0,"NAMOBJ":"Tlogoagung","WADMKC":"Kembangbahu","WADMKK":"Lamongan"},"geometry":{"type":"Point","coordinates":[112.3,-7.2]}},{"type":"Feature","properties":{"Line":"R134","Tr":2703,"X":"646300.5","Y":"9205594.0","Rotation":0,"NAMOBJ":"Tlogoagung","WADMKC":"Kembangbahu","WADMKK":"Lamongan"},"geometry":{"type":"Point","coordinates":[112.3,-7.2]}},{"type":"Feature","properties":{"Line":"R134","Tr":2704,"X":"646300.5","Y":"9205581.5","Rotation":0,"NAMOBJ":"Tlogoagung","WADMKC":"Kembangbahu","WADMKK":"Lamongan"},"geometry":{"type":"Point","coordinates":[112.3,-7.2]}},{"type":"Feature","properties":{"Line":"R134","Tr":2705,"X":"646300.5","Y":"9205569.0","Rotation":0,"NAMOBJ":"Tlogoagung","WADMKC":"Kembangbahu","WADMKK":"Lamongan"},"geometry":{"type":"Point","coordinates":[112.3,-7.2]}},{"type":"Feature","properties":{"Line":"R134","Tr":2706,"X":"646300.5","Y":"9205556.5","Rotation":0,"NAMOBJ":"Tlogoagung","WADMKC":"Kembangbahu","WADMKK":"Lamongan"},"geometry":{"type":"Point","coordinates":[112.3,-7.2]}},{"type":"Feature","properties":{"Line":"R134","Tr":2707,"X":"646300.5","Y":"9205544.0","Rotation":0,"NAMOBJ":"Tlogoagung","WADMKC":"Kembangbahu","WADMKK":"Lamongan"},"geometry":{"type":"Point","coordinates":[112.3,-7.2]}},{"type":"Feature","properties":{"Line":"R134","Tr":2708,"X":"646300.5","Y":"9205531.5","Rotation":0,"NAMOBJ":"Tlogoagung","WADMKC":"Kembangbahu","WADMKK":"Lamongan"},"geometry":{"type":"Point","coordinates":[112.3,-7.2]}},{"type":"Feature","properties":{"Line":"R134","Tr":2709,"X":"646300.5","Y":"9205519.0","Rotation":0,"NAMOBJ":"Tlogoagung","WADMKC":"Kembangbahu","WADMKK":"Lamongan"},"geometry":{"type":"Point","coordinates":[112.3,-7.2]}},{"type":"Feature","properties":{"Line":"R134","Tr":2710,"X":"646300.5","Y":"9205506.5","Rotation":0,"NAMOBJ":"Tlogoagung","WADMKC":"Kembangbahu","WADMKK":"Lamongan"},"geometry":{"type":"Point","coordinates":[112.3,-7.2]}},{"type":"Feature","properties":{"Line":"R134","Tr":2711,"X":"646300.5","Y":"9205494.0","Rotation":0,"NAMOBJ":"Tlogoagung","WADMKC":"Kembangbahu","WADMKK":"Lamongan"},"geometry":{"type":"Point","coordinates":[112.3,-7.2]}},{"type":"Feature","properties":{"Line":"R134","Tr":2712,"X":"646300.5","Y":"9205481.5","Rotation":0,"NAMOBJ":"Tlogoagung","WADMKC":"Kembangbahu","WADMKK":"Lamongan"},"geometry":{"type":"Point","coordinates":[112.3,-7.2]}},{"type":"Feature","properties":{"Line":"R134","Tr":2713,"X":"646300.5","Y":"9205469.0","Rotation":0,"NAMOBJ":"Tlogoagung","WADMKC":"Kembangbahu","WADMKK":"Lamongan"},"geometry":{"type":"Point","coordinates":[112.3,-7.2]}},{"type":"Feature","properties":{"Line":"R134","Tr":2714,"X":"646300.5","Y":"9205456.5","Rotation":0,"NAMOBJ":"Tlogoagung","WADMKC":"Kembangbahu","WADMKK":"Lamongan"},"geometry":{"type":"Point","coordinates":[112.3,-7.2]}},{"type":"Feature","properties":{"Line":"R134","Tr":2715,"X":"646300.5","Y":"9205444.0","Rotation":0,"NAMOBJ":"Tlogoagung","WADMKC":"Kembangbahu","WADMKK":"Lamongan"},"geometry":{"type":"Point","coordinates":[112.3,-7.2]}},{"type":"Feature","properties":{"Line":"R134","Tr":2716,"X":"646300.5","Y":"9205431.5","Rotation":0,"NAMOBJ":"Tlogoagung","WADMKC":"Kembangbahu","WADMKK":"Lamongan"},"geometry":{"type":"Point","coordinates":[112.3,-7.2]}},{"type":"Feature","properties":{"Line":"R134","Tr":2717,"X":"646300.5","Y":"9205419.0","Rotation":0,"NAMOBJ":"Tlogoagung","WADMKC":"Kembangbahu","WADMKK":"Lamongan"},"geometry":{"type":"Point","coordinates":[112.3,-7.2]}},{"type":"Feature","properties":{"Line":"R134","Tr":2718,"X":"646300.5","Y":"9205406.5","Rotation":0,"NAMOBJ":"Tlogoagung","WADMKC":"Kembangbahu","WADMKK":"Lamongan"},"geometry":{"type":"Point","coordinates":[112.3,-7.2]}},{"type":"Feature","properties":{"Line":"R134","Tr":2719,"X":"646300.5","Y":"9205394.0","Rotation":0,"NAMOBJ":"Tlogoagung","WADMKC":"Kembangbahu","WADMKK":"Lamongan"},"geometry":{"type":"Point","coordinates":[112.3,-7.2]}},{"type":"Feature","properties":{"Line":"R134","Tr":2720,"X":"646300.5","Y":"9205381.5","Rotation":0,"NAMOBJ":"Tlogoagung","WADMKC":"Kembangbahu","WADMKK":"Lamongan"},"geometry":{"type":"Point","coordinates":[112.3,-7.2]}},{"type":"Feature","properties":{"Line":"R134","Tr":2721,"X":"646300.5","Y":"9205369.0","Rotation":0,"NAMOBJ":"Tlogoagung","WADMKC":"Kembangbahu","WADMKK":"Lamongan"},"geometry":{"type":"Point","coordinates":[112.3,-7.2]}},{"type":"Feature","properties":{"Line":"R134","Tr":2722,"X":"646300.5","Y":"9205356.5","Rotation":0,"NAMOBJ":"Tlogoagung","WADMKC":"Kembangbahu","WADMKK":"Lamongan"},"geometry":{"type":"Point","coordinates":[112.3,-7.2]}},{"type":"Feature","properties":{"Line":"R134","Tr":2723,"X":"646300.5","Y":"9205344.0","Rotation":0,"NAMOBJ":"Tlogoagung","WADMKC":"Kembangbahu","WADMKK":"Lamongan"},"geometry":{"type":"Point","coordinates":[112.3,-7.2]}},{"type":"Feature","properties":{"Line":"R134","Tr":2724,"X":"646300.5","Y":"9205331.5","Rotation":0,"NAMOBJ":"Tlogoagung","WADMKC":"Kembangbahu","WADMKK":"Lamongan"},"geometry":{"type":"Point","coordinates":[112.3,-7.2]}},{"type":"Feature","properties":{"Line":"R134","Tr":2725,"X":"646300.5","Y":"9205319.0","Rotation":0,"NAMOBJ":"Tlogoagung","WADMKC":"Kembangbahu","WADMKK":"Lamongan"},"geometry":{"type":"Point","coordinates":[112.3,-7.2]}},{"type":"Feature","properties":{"Line":"R134","Tr":2726,"X":"646300.5","Y":"9205306.5","Rotation":0,"NAMOBJ":"Tlogoagung","WADMKC":"Kembangbahu","WADMKK":"Lamongan"},"geometry":{"type":"Point","coordinates":[112.3,-7.2]}},{"type":"Feature","properties":{"Line":"R134","Tr":2727,"X":"646300.5","Y":"9205294.0","Rotation":0,"NAMOBJ":"Tlogoagung","WADMKC":"Kembangbahu","WADMKK":"Lamongan"},"geometry":{"type":"Point","coordinates":[112.3,-7.2]}},{"type":"Feature","properties":{"Line":"R134","Tr":2728,"X":"646300.5","Y":"9205281.5","Rotation":0,"NAMOBJ":"Tlogoagung","WADMKC":"Kembangbahu","WADMKK":"Lamongan"},"geometry":{"type":"Point","coordinates":[112.3,-7.2]}},{"type":"Feature","properties":{"Line":"R134","Tr":2729,"X":"646300.5","Y":"9205269.0","Rotation":0,"NAMOBJ":"Tlogoagung","WADMKC":"Kembangbahu","WADMKK":"Lamongan"},"geometry":{"type":"Point","coordinates":[112.3,-7.2]}},{"type":"Feature","properties":{"Line":"R134","Tr":2730,"X":"646300.5","Y":"9205256.5","Rotation":0,"NAMOBJ":"Tlogoagung","WADMKC":"Kembangbahu","WADMKK":"Lamongan"},"geometry":{"type":"Point","coordinates":[112.3,-7.2]}},{"type":"Feature","properties":{"Line":"R134","Tr":2731,"X":"646300.5","Y":"9205244.0","Rotation":0,"NAMOBJ":"Tlogoagung","WADMKC":"Kembangbahu","WADMKK":"Lamongan"},"geometry":{"type":"Point","coordinates":[112.3,-7.2]}},{"type":"Feature","properties":{"Line":"R134","Tr":2732,"X":"646300.5","Y":"9205231.5","Rotation":0,"NAMOBJ":"Tlogoagung","WADMKC":"Kembangbahu","WADMKK":"Lamongan"},"geometry":{"type":"Point","coordinates":[112.3,-7.2]}},{"type":"Feature","properties":{"Line":"R134","Tr":2733,"X":"646300.5","Y":"9205219.0","Rotation":0,"NAMOBJ":"Tlogoagung","WADMKC":"Kembangbahu","WADMKK":"Lamongan"},"geometry":{"type":"Point","coordinates":[112.3,-7.2]}},{"type":"Feature","properties":{"Line":"R134","Tr":2734,"X":"646300.5","Y":"9205206.5","Rotation":0,"NAMOBJ":"Tlogoagung","WADMKC":"Kembangbahu","WADMKK":"Lamongan"},"geometry":{"type":"Point","coordinates":[112.3,-7.2]}},{"type":"Feature","properties":{"Line":"R134","Tr":2735,"X":"646300.5","Y":"9205194.0","Rotation":0,"NAMOBJ":"Tlogoagung","WADMKC":"Kembangbahu","WADMKK":"Lamongan"},"geometry":{"type":"Point","coordinates":[112.3,-7.2]}},{"type":"Feature","properties":{"Line":"R134","Tr":2736,"X":"646300.5","Y":"9205181.5","Rotation":0,"NAMOBJ":"Tlogoagung","WADMKC":"Kembangbahu","WADMKK":"Lamongan"},"geometry":{"type":"Point","coordinates":[112.3,-7.2]}},{"type":"Feature","properties":{"Line":"R134","Tr":2737,"X":"646300.5","Y":"9205169.0","Rotation":0,"NAMOBJ":"Tlogoagung","WADMKC":"Kembangbahu","WADMKK":"Lamongan"},"geometry":{"type":"Point","coordinates":[112.3,-7.2]}},{"type":"Feature","properties":{"Line":"R134","Tr":2738,"X":"646300.5","Y":"9205156.5","Rotation":0,"NAMOBJ":"Tlogoagung","WADMKC":"Kembangbahu","WADMKK":"Lamongan"},"geometry":{"type":"Point","coordinates":[112.3,-7.2]}},{"type":"Feature","properties":{"Line":"R134","Tr":2739,"X":"646300.5","Y":"9205144.0","Rotation":0,"NAMOBJ":"Tlogoagung","WADMKC":"Kembangbahu","WADMKK":"Lamongan"},"geometry":{"type":"Point","coordinates":[112.3,-7.2]}},{"type":"Feature","properties":{"Line":"R134","Tr":2740,"X":"646300.5","Y":"9205131.5","Rotation":0,"NAMOBJ":"Tlogoagung","WADMKC":"Kembangbahu","WADMKK":"Lamongan"},"geometry":{"type":"Point","coordinates":[112.3,-7.2]}},{"type":"Feature","properties":{"Line":"R134","Tr":2741,"X":"646300.5","Y":"9205119.0","Rotation":0,"NAMOBJ":"Tlogoagung","WADMKC":"Kembangbahu","WADMKK":"Lamongan"},"geometry":{"type":"Point","coordinates":[112.3,-7.2]}},{"type":"Feature","properties":{"Line":"R134","Tr":2742,"X":"646300.5","Y":"9205106.5","Rotation":0,"NAMOBJ":"Tlogoagung","WADMKC":"Kembangbahu","WADMKK":"Lamongan"},"geometry":{"type":"Point","coordinates":[112.3,-7.2]}},{"type":"Feature","properties":{"Line":"R134","Tr":2743,"X":"646300.5","Y":"9205094.0","Rotation":0,"NAMOBJ":"Tlogoagung","WADMKC":"Kembangbahu","WADMKK":"Lamongan"},"geometry":{"type":"Point","coordinates":[112.3,-7.2]}},{"type":"Feature","properties":{"Line":"R134","Tr":2744,"X":"646300.5","Y":"9205081.5","Rotation":0,"NAMOBJ":"Tlogoagung","WADMKC":"Kembangbahu","WADMKK":"Lamongan"},"geometry":{"type":"Point","coordinates":[112.3,-7.2]}},{"type":"Feature","properties":{"Line":"R134","Tr":2745,"X":"646300.5","Y":"9205069.0","Rotation":0,"NAMOBJ":"Tlogoagung","WADMKC":"Kembangbahu","WADMKK":"Lamongan"},"geometry":{"type":"Point","coordinates":[112.3,-7.2]}},{"type":"Feature","properties":{"Line":"R134","Tr":2746,"X":"646300.5","Y":"9205056.5","Rotation":0,"NAMOBJ":"Tlogoagung","WADMKC":"Kembangbahu","WADMKK":"Lamongan"},"geometry":{"type":"Point","coordinates":[112.3,-7.2]}},{"type":"Feature","properties":{"Line":"R134","Tr":2747,"X":"646300.5","Y":"9205044.0","Rotation":0,"NAMOBJ":"Tlogoagung","WADMKC":"Kembangbahu","WADMKK":"Lamongan"},"geometry":{"type":"Point","coordinates":[112.3,-7.2]}},{"type":"Feature","properties":{"Line":"R134","Tr":2748,"X":"646300.5","Y":"9205031.5","Rotation":0,"NAMOBJ":"Tlogoagung","WADMKC":"Kembangbahu","WADMKK":"Lamongan"},"geometry":{"type":"Point","coordinates":[112.3,-7.2]}},{"type":"Feature","properties":{"Line":"R134","Tr":2749,"X":"646300.5","Y":"9205019.0","Rotation":0,"NAMOBJ":"Tlogoagung","WADMKC":"Kembangbahu","WADMKK":"Lamongan"},"geometry":{"type":"Point","coordinates":[112.3,-7.2]}},{"type":"Feature","properties":{"Line":"R134","Tr":2750,"X":"646300.5","Y":"9205006.5","Rotation":0,"NAMOBJ":"Tlogoagung","WADMKC":"Kembangbahu","WADMKK":"Lamongan"},"geometry":{"type":"Point","coordinates":[112.3,-7.2]}},{"type":"Feature","properties":{"Line":"R134","Tr":2751,"X":"646300.5","Y":"9204994.0","Rotation":0,"NAMOBJ":"Tlogoagung","WADMKC":"Kembangbahu","WADMKK":"Lamongan"},"geometry":{"type":"Point","coordinates":[112.3,-7.2]}},{"type":"Feature","properties":{"Line":"R134","Tr":2752,"X":"646300.5","Y":"9204981.5","Rotation":0,"NAMOBJ":"Tlogoagung","WADMKC":"Kembangbahu","WADMKK":"Lamongan"},"geometry":{"type":"Point","coordinates":[112.3,-7.2]}},{"type":"Feature","properties":{"Line":"R134","Tr":2753,"X":"646300.5","Y":"9204969.0","Rotation":0,"NAMOBJ":"Tlogoagung","WADMKC":"Kembangbahu","WADMKK":"Lamongan"},"geometry":{"type":"Point","coordinates":[112.3,-7.2]}},{"type":"Feature","properties":{"Line":"R134","Tr":2754,"X":"646300.5","Y":"9204956.5","Rotation":0,"NAMOBJ":"Tlogoagung","WADMKC":"Kembangbahu","WADMKK":"Lamongan"},"geometry":{"type":"Point","coordinates":[112.3,-7.2]}},{"type":"Feature","properties":{"Line":"R134","Tr":2755,"X":"646300.5","Y":"9204944.0","Rotation":0,"NAMOBJ":"Tlogoagung","WADMKC":"Kembangbahu","WADMKK":"Lamongan"},"geometry":{"type":"Point","coordinates":[112.3,-7.2]}},{"type":"Feature","properties":{"Line":"R134","Tr":2756,"X":"646300.5","Y":"9204931.5","Rotation":0,"NAMOBJ":"Tlogoagung","WADMKC":"Kembangbahu","WADMKK":"Lamongan"},"geometry":{"type":"Point","coordinates":[112.3,-7.2]}},{"type":"Feature","properties":{"Line":"R134","Tr":2757,"X":"646300.5","Y":"9204919.0","Rotation":0,"NAMOBJ":"Tlogoagung","WADMKC":"Kembangbahu","WADMKK":"Lamongan"},"geometry":{"type":"Point","coordinates":[112.3,-7.2]}},{"type":"Feature","properties":{"Line":"R134","Tr":2758,"X":"646300.5","Y":"9204906.5","Rotation":0,"NAMOBJ":"Tlogoagung","WADMKC":"Kembangbahu","WADMKK":"Lamongan"},"geometry":{"type":"Point","coordinates":[112.3,-7.2]}},{"type":"Feature","properties":{"Line":"R136","Tr":2689,"X":"647300.5","Y":"9205769.0","Rotation":0,"NAMOBJ":"Tlogoagung","WADMKC":"Kembangbahu","WADMKK":"Lamongan"},"geometry":{"type":"Point","coordinates":[112.3,-7.2]}},{"type":"Feature","properties":{"Line":"R136","Tr":2690,"X":"647300.5","Y":"9205756.5","Rotation":0,"NAMOBJ":"Tlogoagung","WADMKC":"Kembangbahu","WADMKK":"Lamongan"},"geometry":{"type":"Point","coordinates":[112.3,-7.2]}},{"type":"Feature","properties":{"Line":"R136","Tr":2691,"X":"647300.5","Y":"9205744.0","Rotation":0,"NAMOBJ":"Tlogoagung","WADMKC":"Kembangbahu","WADMKK":"Lamongan"},"geometry":{"type":"Point","coordinates":[112.3,-7.2]}},{"type":"Feature","properties":{"Line":"R136","Tr":2692,"X":"647300.5","Y":"9205731.5","Rotation":0,"NAMOBJ":"Tlogoagung","WADMKC":"Kembangbahu","WADMKK":"Lamongan"},"geometry":{"type":"Point","coordinates":[112.3,-7.2]}},{"type":"Feature","properties":{"Line":"R136","Tr":2693,"X":"647300.5","Y":"9205719.0","Rotation":0,"NAMOBJ":"Tlogoagung","WADMKC":"Kembangbahu","WADMKK":"Lamongan"},"geometry":{"type":"Point","coordinates":[112.3,-7.2]}},{"type":"Feature","properties":{"Line":"R136","Tr":2694,"X":"647300.5","Y":"9205706.5","Rotation":0,"NAMOBJ":"Tlogoagung","WADMKC":"Kembangbahu","WADMKK":"Lamongan"},"geometry":{"type":"Point","coordinates":[112.3,-7.2]}},{"type":"Feature","properties":{"Line":"R136","Tr":2695,"X":"647300.5","Y":"9205694.0","Rotation":0,"NAMOBJ":"Tlogoagung","WADMKC":"Kembangbahu","WADMKK":"Lamongan"},"geometry":{"type":"Point","coordinates":[112.3,-7.2]}},{"type":"Feature","properties":{"Line":"R136","Tr":2696,"X":"647300.5","Y":"9205681.5","Rotation":0,"NAMOBJ":"Tlogoagung","WADMKC":"Kembangbahu","WADMKK":"Lamongan"},"geometry":{"type":"Point","coordinates":[112.3,-7.2]}},{"type":"Feature","properties":{"Line":"R136","Tr":2697,"X":"647300.5","Y":"9205669.0","Rotation":0,"NAMOBJ":"Tlogoagung","WADMKC":"Kembangbahu","WADMKK":"Lamongan"},"geometry":{"type":"Point","coordinates":[112.3,-7.2]}},{"type":"Feature","properties":{"Line":"R136","Tr":2698,"X":"647300.5","Y":"9205656.5","Rotation":0,"NAMOBJ":"Tlogoagung","WADMKC":"Kembangbahu","WADMKK":"Lamongan"},"geometry":{"type":"Point","coordinates":[112.3,-7.2]}},{"type":"Feature","properties":{"Line":"R136","Tr":2699,"X":"647300.5","Y":"9205644.0","Rotation":0,"NAMOBJ":"Tlogoagung","WADMKC":"Kembangbahu","WADMKK":"Lamongan"},"geometry":{"type":"Point","coordinates":[112.3,-7.2]}},{"type":"Feature","properties":{"Line":"R136","Tr":2700,"X":"647300.5","Y":"9205631.5","Rotation":0,"NAMOBJ":"Tlogoagung","WADMKC":"Kembangbahu","WADMKK":"Lamongan"},"geometry":{"type":"Point","coordinates":[112.3,-7.2]}},{"type":"Feature","properties":{"Line":"R136","Tr":2701,"X":"647300.5","Y":"9205619.0","Rotation":0,"NAMOBJ":"Tlogoagung","WADMKC":"Kembangbahu","WADMKK":"Lamongan"},"geometry":{"type":"Point","coordinates":[112.3,-7.2]}},{"type":"Feature","properties":{"Line":"R136","Tr":2702,"X":"647300.5","Y":"9205606.5","Rotation":0,"NAMOBJ":"Tlogoagung","WADMKC":"Kembangbahu","WADMKK":"Lamongan"},"geometry":{"type":"Point","coordinates":[112.3,-7.2]}},{"type":"Feature","properties":{"Line":"R136","Tr":2703,"X":"647300.5","Y":"9205594.0","Rotation":0,"NAMOBJ":"Tlogoagung","WADMKC":"Kembangbahu","WADMKK":"Lamongan"},"geometry":{"type":"Point","coordinates":[112.3,-7.2]}},{"type":"Feature","properties":{"Line":"R136","Tr":2704,"X":"647300.5","Y":"9205581.5","Rotation":0,"NAMOBJ":"Tlogoagung","WADMKC":"Kembangbahu","WADMKK":"Lamongan"},"geometry":{"type":"Point","coordinates":[112.3,-7.2]}},{"type":"Feature","properties":{"Line":"R136","Tr":2705,"X":"647300.5","Y":"9205569.0","Rotation":0,"NAMOBJ":"Tlogoagung","WADMKC":"Kembangbahu","WADMKK":"Lamongan"},"geometry":{"type":"Point","coordinates":[112.3,-7.2]}},{"type":"Feature","properties":{"Line":"R136","Tr":2706,"X":"647300.5","Y":"9205556.5","Rotation":0,"NAMOBJ":"Tlogoagung","WADMKC":"Kembangbahu","WADMKK":"Lamongan"},"geometry":{"type":"Point","coordinates":[112.3,-7.2]}},{"type":"Feature","properties":{"Line":"R136","Tr":2707,"X":"647300.5","Y":"9205544.0","Rotation":0,"NAMOBJ":"Tlogoagung","WADMKC":"Kembangbahu","WADMKK":"Lamongan"},"geometry":{"type":"Point","coordinates":[112.3,-7.2]}},{"type":"Feature","properties":{"Line":"R136","Tr":2708,"X":"647300.5","Y":"9205531.5","Rotation":0,"NAMOBJ":"Tlogoagung","WADMKC":"Kembangbahu","WADMKK":"Lamongan"},"geometry":{"type":"Point","coordinates":[112.3,-7.2]}},{"type":"Feature","properties":{"Line":"R136","Tr":2709,"X":"647300.5","Y":"9205519.0","Rotation":0,"NAMOBJ":"Tlogoagung","WADMKC":"Kembangbahu","WADMKK":"Lamongan"},"geometry":{"type":"Point","coordinates":[112.3,-7.2]}},{"type":"Feature","properties":{"Line":"R136","Tr":2710,"X":"647300.5","Y":"9205506.5","Rotation":0,"NAMOBJ":"Tlogoagung","WADMKC":"Kembangbahu","WADMKK":"Lamongan"},"geometry":{"type":"Point","coordinates":[112.3,-7.2]}},{"type":"Feature","properties":{"Line":"R136","Tr":2711,"X":"647300.5","Y":"9205494.0","Rotation":0,"NAMOBJ":"Tlogoagung","WADMKC":"Kembangbahu","WADMKK":"Lamongan"},"geometry":{"type":"Point","coordinates":[112.3,-7.2]}},{"type":"Feature","properties":{"Line":"R136","Tr":2712,"X":"647300.5","Y":"9205481.5","Rotation":0,"NAMOBJ":"Tlogoagung","WADMKC":"Kembangbahu","WADMKK":"Lamongan"},"geometry":{"type":"Point","coordinates":[112.3,-7.2]}},{"type":"Feature","properties":{"Line":"R136","Tr":2713,"X":"647300.5","Y":"9205469.0","Rotation":0,"NAMOBJ":"Tlogoagung","WADMKC":"Kembangbahu","WADMKK":"Lamongan"},"geometry":{"type":"Point","coordinates":[112.3,-7.2]}},{"type":"Feature","properties":{"Line":"R136","Tr":2714,"X":"647300.5","Y":"9205456.5","Rotation":0,"NAMOBJ":"Tlogoagung","WADMKC":"Kembangbahu","WADMKK":"Lamongan"},"geometry":{"type":"Point","coordinates":[112.3,-7.2]}},{"type":"Feature","properties":{"Line":"R136","Tr":2715,"X":"647300.5","Y":"9205444.0","Rotation":0,"NAMOBJ":"Tlogoagung","WADMKC":"Kembangbahu","WADMKK":"Lamongan"},"geometry":{"type":"Point","coordinates":[112.3,-7.2]}},{"type":"Feature","properties":{"Line":"R136","Tr":2716,"X":"647300.5","Y":"9205431.5","Rotation":0,"NAMOBJ":"Tlogoagung","WADMKC":"Kembangbahu","WADMKK":"Lamongan"},"geometry":{"type":"Point","coordinates":[112.3,-7.2]}},{"type":"Feature","properties":{"Line":"R136","Tr":2717,"X":"647300.5","Y":"9205419.0","Rotation":0,"NAMOBJ":"Tlogoagung","WADMKC":"Kembangbahu","WADMKK":"Lamongan"},"geometry":{"type":"Point","coordinates":[112.3,-7.2]}},{"type":"Feature","properties":{"Line":"R136","Tr":2718,"X":"647300.5","Y":"9205406.5","Rotation":0,"NAMOBJ":"Tlogoagung","WADMKC":"Kembangbahu","WADMKK":"Lamongan"},"geometry":{"type":"Point","coordinates":[112.3,-7.2]}},{"type":"Feature","properties":{"Line":"R136","Tr":2719,"X":"647300.5","Y":"9205394.0","Rotation":0,"NAMOBJ":"Tlogoagung","WADMKC":"Kembangbahu","WADMKK":"Lamongan"},"geometry":{"type":"Point","coordinates":[112.3,-7.2]}},{"type":"Feature","properties":{"Line":"R136","Tr":2720,"X":"647300.5","Y":"9205381.5","Rotation":0,"NAMOBJ":"Tlogoagung","WADMKC":"Kembangbahu","WADMKK":"Lamongan"},"geometry":{"type":"Point","coordinates":[112.3,-7.2]}},{"type":"Feature","properties":{"Line":"R136","Tr":2721,"X":"647300.5","Y":"9205369.0","Rotation":0,"NAMOBJ":"Tlogoagung","WADMKC":"Kembangbahu","WADMKK":"Lamongan"},"geometry":{"type":"Point","coordinates":[112.3,-7.2]}},{"type":"Feature","properties":{"Line":"R136","Tr":2722,"X":"647300.5","Y":"9205356.5","Rotation":0,"NAMOBJ":"Tlogoagung","WADMKC":"Kembangbahu","WADMKK":"Lamongan"},"geometry":{"type":"Point","coordinates":[112.3,-7.2]}},{"type":"Feature","properties":{"Line":"R136","Tr":2723,"X":"647300.5","Y":"9205344.0","Rotation":0,"NAMOBJ":"Tlogoagung","WADMKC":"Kembangbahu","WADMKK":"Lamongan"},"geometry":{"type":"Point","coordinates":[112.3,-7.2]}},{"type":"Feature","properties":{"Line":"R136","Tr":2724,"X":"647300.5","Y":"9205331.5","Rotation":0,"NAMOBJ":"Tlogoagung","WADMKC":"Kembangbahu","WADMKK":"Lamongan"},"geometry":{"type":"Point","coordinates":[112.3,-7.2]}},{"type":"Feature","properties":{"Line":"R136","Tr":2725,"X":"647300.5","Y":"9205319.0","Rotation":0,"NAMOBJ":"Tlogoagung","WADMKC":"Kembangbahu","WADMKK":"Lamongan"},"geometry":{"type":"Point","coordinates":[112.3,-7.2]}},{"type":"Feature","properties":{"Line":"R136","Tr":2726,"X":"647300.5","Y":"9205306.5","Rotation":0,"NAMOBJ":"Tlogoagung","WADMKC":"Kembangbahu","WADMKK":"Lamongan"},"geometry":{"type":"Point","coordinates":[112.3,-7.2]}},{"type":"Feature","properties":{"Line":"R136","Tr":2727,"X":"647300.5","Y":"9205294.0","Rotation":0,"NAMOBJ":"Tlogoagung","WADMKC":"Kembangbahu","WADMKK":"Lamongan"},"geometry":{"type":"Point","coordinates":[112.3,-7.2]}},{"type":"Feature","properties":{"Line":"R136","Tr":2728,"X":"647300.5","Y":"9205281.5","Rotation":0,"NAMOBJ":"Tlogoagung","WADMKC":"Kembangbahu","WADMKK":"Lamongan"},"geometry":{"type":"Point","coordinates":[112.3,-7.2]}},{"type":"Feature","properties":{"Line":"R136","Tr":2729,"X":"647300.5","Y":"9205269.0","Rotation":0,"NAMOBJ":"Tlogoagung","WADMKC":"Kembangbahu","WADMKK":"Lamongan"},"geometry":{"type":"Point","coordinates":[112.3,-7.2]}},{"type":"Feature","properties":{"Line":"R136","Tr":2730,"X":"647300.5","Y":"9205256.5","Rotation":0,"NAMOBJ":"Tlogoagung","WADMKC":"Kembangbahu","WADMKK":"Lamongan"},"geometry":{"type":"Point","coordinates":[112.3,-7.2]}},{"type":"Feature","properties":{"Line":"R136","Tr":2731,"X":"647300.5","Y":"9205244.0","Rotation":0,"NAMOBJ":"Tlogoagung","WADMKC":"Kembangbahu","WADMKK":"Lamongan"},"geometry":{"type":"Point","coordinates":[112.3,-7.2]}},{"type":"Feature","properties":{"Line":"R136","Tr":2732,"X":"647300.5","Y":"9205231.5","Rotation":0,"NAMOBJ":"Tlogoagung","WADMKC":"Kembangbahu","WADMKK":"Lamongan"},"geometry":{"type":"Point","coordinates":[112.3,-7.2]}},{"type":"Feature","properties":{"Line":"R136","Tr":2733,"X":"647300.5","Y":"9205219.0","Rotation":0,"NAMOBJ":"Tlogoagung","WADMKC":"Kembangbahu","WADMKK":"Lamongan"},"geometry":{"type":"Point","coordinates":[112.3,-7.2]}},{"type":"Feature","properties":{"Line":"R136","Tr":2734,"X":"647300.5","Y":"9205206.5","Rotation":0,"NAMOBJ":"Tlogoagung","WADMKC":"Kembangbahu","WADMKK":"Lamongan"},"geometry":{"type":"Point","coordinates":[112.3,-7.2]}},{"type":"Feature","properties":{"Line":"R136","Tr":2735,"X":"647300.5","Y":"9205194.0","Rotation":0,"NAMOBJ":"Tlogoagung","WADMKC":"Kembangbahu","WADMKK":"Lamongan"},"geometry":{"type":"Point","coordinates":[112.3,-7.2]}},{"type":"Feature","properties":{"Line":"R136","Tr":2736,"X":"647300.5","Y":"9205181.5","Rotation":0,"NAMOBJ":"Tlogoagung","WADMKC":"Kembangbahu","WADMKK":"Lamongan"},"geometry":{"type":"Point","coordinates":[112.3,-7.2]}},{"type":"Feature","properties":{"Line":"R136","Tr":2737,"X":"647300.5","Y":"9205169.0","Rotation":0,"NAMOBJ":"Tlogoagung","WADMKC":"Kembangbahu","WADMKK":"Lamongan"},"geometry":{"type":"Point","coordinates":[112.3,-7.2]}},{"type":"Feature","properties":{"Line":"R136","Tr":2738,"X":"647300.5","Y":"9205156.5","Rotation":0,"NAMOBJ":"Tlogoagung","WADMKC":"Kembangbahu","WADMKK":"Lamongan"},"geometry":{"type":"Point","coordinates":[112.3,-7.2]}},{"type":"Feature","properties":{"Line":"R136","Tr":2739,"X":"647300.5","Y":"9205144.0","Rotation":0,"NAMOBJ":"Tlogoagung","WADMKC":"Kembangbahu","WADMKK":"Lamongan"},"geometry":{"type":"Point","coordinates":[112.3,-7.2]}},{"type":"Feature","properties":{"Line":"R136","Tr":2740,"X":"647300.5","Y":"9205131.5","Rotation":0,"NAMOBJ":"Tlogoagung","WADMKC":"Kembangbahu","WADMKK":"Lamongan"},"geometry":{"type":"Point","coordinates":[112.3,-7.2]}},{"type":"Feature","properties":{"Line":"R136","Tr":2741,"X":"647300.5","Y":"9205119.0","Rotation":0,"NAMOBJ":"Tlogoagung","WADMKC":"Kembangbahu","WADMKK":"Lamongan"},"geometry":{"type":"Point","coordinates":[112.3,-7.2]}},{"type":"Feature","properties":{"Line":"R136","Tr":2742,"X":"647300.5","Y":"9205106.5","Rotation":0,"NAMOBJ":"Tlogoagung","WADMKC":"Kembangbahu","WADMKK":"Lamongan"},"geometry":{"type":"Point","coordinates":[112.3,-7.2]}},{"type":"Feature","properties":{"Line":"R136","Tr":2743,"X":"647300.5","Y":"9205094.0","Rotation":0,"NAMOBJ":"Tlogoagung","WADMKC":"Kembangbahu","WADMKK":"Lamongan"},"geometry":{"type":"Point","coordinates":[112.3,-7.2]}},{"type":"Feature","properties":{"Line":"R136","Tr":2744,"X":"647300.5","Y":"9205081.5","Rotation":0,"NAMOBJ":"Tlogoagung","WADMKC":"Kembangbahu","WADMKK":"Lamongan"},"geometry":{"type":"Point","coordinates":[112.3,-7.2]}},{"type":"Feature","properties":{"Line":"R136","Tr":2745,"X":"647300.5","Y":"9205069.0","Rotation":0,"NAMOBJ":"Tlogoagung","WADMKC":"Kembangbahu","WADMKK":"Lamongan"},"geometry":{"type":"Point","coordinates":[112.3,-7.2]}},{"type":"Feature","properties":{"Line":"R136","Tr":2746,"X":"647300.5","Y":"9205056.5","Rotation":0,"NAMOBJ":"Tlogoagung","WADMKC":"Kembangbahu","WADMKK":"Lamongan"},"geometry":{"type":"Point","coordinates":[112.3,-7.2]}},{"type":"Feature","properties":{"Line":"R126","Tr":3071,"X":"642300.5","Y":"9201744.0","Rotation":0,"NAMOBJ":"Wudi","WADMKC":"Sambeng","WADMKK":"Lamongan"},"geometry":{"type":"Point","coordinates":[112.3,-7.2]}},{"type":"Feature","properties":{"Line":"R126","Tr":3072,"X":"642300.5","Y":"9201731.5","Rotation":0,"NAMOBJ":"Wudi","WADMKC":"Sambeng","WADMKK":"Lamongan"},"geometry":{"type":"Point","coordinates":[112.3,-7.2]}},{"type":"Feature","properties":{"Line":"R126","Tr":3073,"X":"642300.5","Y":"9201719.0","Rotation":0,"NAMOBJ":"Wudi","WADMKC":"Sambeng","WADMKK":"Lamongan"},"geometry":{"type":"Point","coordinates":[112.3,-7.2]}},{"type":"Feature","properties":{"Line":"R126","Tr":3074,"X":"642300.5","Y":"9201706.5","Rotation":0,"NAMOBJ":"Wudi","WADMKC":"Sambeng","WADMKK":"Lamongan"},"geometry":{"type":"Point","coordinates":[112.3,-7.2]}},{"type":"Feature","properties":{"Line":"R126","Tr":3075,"X":"642300.5","Y":"9201694.0","Rotation":0,"NAMOBJ":"Wudi","WADMKC":"Sambeng","WADMKK":"Lamongan"},"geometry":{"type":"Point","coordinates":[112.3,-7.2]}},{"type":"Feature","properties":{"Line":"R126","Tr":3076,"X":"642300.5","Y":"9201681.5","Rotation":0,"NAMOBJ":"Wudi","WADMKC":"Sambeng","WADMKK":"Lamongan"},"geometry":{"type":"Point","coordinates":[112.3,-7.2]}},{"type":"Feature","properties":{"Line":"R126","Tr":3077,"X":"642300.5","Y":"9201669.0","Rotation":0,"NAMOBJ":"Wudi","WADMKC":"Sambeng","WADMKK":"Lamongan"},"geometry":{"type":"Point","coordinates":[112.3,-7.2]}},{"type":"Feature","properties":{"Line":"R126","Tr":3078,"X":"642300.5","Y":"9201656.5","Rotation":0,"NAMOBJ":"Wudi","WADMKC":"Sambeng","WADMKK":"Lamongan"},"geometry":{"type":"Point","coordinates":[112.3,-7.2]}},{"type":"Feature","properties":{"Line":"R126","Tr":3079,"X":"642300.5","Y":"9201644.0","Rotation":0,"NAMOBJ":"Wudi","WADMKC":"Sambeng","WADMKK":"Lamongan"},"geometry":{"type":"Point","coordinates":[112.3,-7.2]}},{"type":"Feature","properties":{"Line":"R126","Tr":3080,"X":"642300.5","Y":"9201631.5","Rotation":0,"NAMOBJ":"Wudi","WADMKC":"Sambeng","WADMKK":"Lamongan"},"geometry":{"type":"Point","coordinates":[112.3,-7.2]}},{"type":"Feature","properties":{"Line":"R126","Tr":3081,"X":"642300.5","Y":"9201619.0","Rotation":0,"NAMOBJ":"Wudi","WADMKC":"Sambeng","WADMKK":"Lamongan"},"geometry":{"type":"Point","coordinates":[112.3,-7.2]}},{"type":"Feature","properties":{"Line":"R126","Tr":3082,"X":"642300.5","Y":"9201606.5","Rotation":0,"NAMOBJ":"Wudi","WADMKC":"Sambeng","WADMKK":"Lamongan"},"geometry":{"type":"Point","coordinates":[112.3,-7.2]}},{"type":"Feature","properties":{"Line":"R126","Tr":3083,"X":"642300.5","Y":"9201594.0","Rotation":0,"NAMOBJ":"Wudi","WADMKC":"Sambeng","WADMKK":"Lamongan"},"geometry":{"type":"Point","coordinates":[112.3,-7.2]}},{"type":"Feature","properties":{"Line":"R126","Tr":3084,"X":"642300.5","Y":"9201581.5","Rotation":0,"NAMOBJ":"Wudi","WADMKC":"Sambeng","WADMKK":"Lamongan"},"geometry":{"type":"Point","coordinates":[112.3,-7.2]}},{"type":"Feature","properties":{"Line":"R128","Tr":3041,"X":"643300.5","Y":"9201919.0","Rotation":0,"NAMOBJ":"Wudi","WADMKC":"Sambeng","WADMKK":"Lamongan"},"geometry":{"type":"Point","coordinates":[112.3,-7.2]}},{"type":"Feature","properties":{"Line":"R128","Tr":3042,"X":"643300.5","Y":"9201906.5","Rotation":0,"NAMOBJ":"Wudi","WADMKC":"Sambeng","WADMKK":"Lamongan"},"geometry":{"type":"Point","coordinates":[112.3,-7.2]}},{"type":"Feature","properties":{"Line":"R128","Tr":3043,"X":"643300.5","Y":"9201894.0","Rotation":0,"NAMOBJ":"Wudi","WADMKC":"Sambeng","WADMKK":"Lamongan"},"geometry":{"type":"Point","coordinates":[112.3,-7.2]}},{"type":"Feature","properties":{"Line":"R128","Tr":3044,"X":"643300.5","Y":"9201881.5","Rotation":0,"NAMOBJ":"Wudi","WADMKC":"Sambeng","WADMKK":"Lamongan"},"geometry":{"type":"Point","coordinates":[112.3,-7.2]}},{"type":"Feature","properties":{"Line":"R128","Tr":3045,"X":"643300.5","Y":"9201869.0","Rotation":0,"NAMOBJ":"Wudi","WADMKC":"Sambeng","WADMKK":"Lamongan"},"geometry":{"type":"Point","coordinates":[112.3,-7.2]}},{"type":"Feature","properties":{"Line":"R128","Tr":3046,"X":"643300.5","Y":"9201856.5","Rotation":0,"NAMOBJ":"Wudi","WADMKC":"Sambeng","WADMKK":"Lamongan"},"geometry":{"type":"Point","coordinates":[112.3,-7.2]}},{"type":"Feature","properties":{"Line":"R128","Tr":3047,"X":"643300.5","Y":"9201844.0","Rotation":0,"NAMOBJ":"Wudi","WADMKC":"Sambeng","WADMKK":"Lamongan"},"geometry":{"type":"Point","coordinates":[112.3,-7.2]}},{"type":"Feature","properties":{"Line":"R128","Tr":3048,"X":"643300.5","Y":"9201831.5","Rotation":0,"NAMOBJ":"Wudi","WADMKC":"Sambeng","WADMKK":"Lamongan"},"geometry":{"type":"Point","coordinates":[112.3,-7.2]}},{"type":"Feature","properties":{"Line":"R128","Tr":3049,"X":"643300.5","Y":"9201819.0","Rotation":0,"NAMOBJ":"Wudi","WADMKC":"Sambeng","WADMKK":"Lamongan"},"geometry":{"type":"Point","coordinates":[112.3,-7.2]}},{"type":"Feature","properties":{"Line":"R128","Tr":3050,"X":"643300.5","Y":"9201806.5","Rotation":0,"NAMOBJ":"Wudi","WADMKC":"Sambeng","WADMKK":"Lamongan"},"geometry":{"type":"Point","coordinates":[112.3,-7.2]}},{"type":"Feature","properties":{"Line":"R128","Tr":3051,"X":"643300.5","Y":"9201794.0","Rotation":0,"NAMOBJ":"Wudi","WADMKC":"Sambeng","WADMKK":"Lamongan"},"geometry":{"type":"Point","coordinates":[112.3,-7.2]}},{"type":"Feature","properties":{"Line":"R128","Tr":3052,"X":"643300.5","Y":"9201781.5","Rotation":0,"NAMOBJ":"Wudi","WADMKC":"Sambeng","WADMKK":"Lamongan"},"geometry":{"type":"Point","coordinates":[112.3,-7.2]}}]}