{"type":"FeatureCollection","features":[{"type":"Feature","properties":{"Line":"R130","Tr":2868,"X":"644300.5","Y":"9203931.5","Rotation":0,"NAMOBJ":"Lawanganagung","WADMKC":"Sugio","WADMKK":"Lamongan"},"geometry":{"type":"Point","coordinates":[112.30691988,-7.20003562]}},{"type":"Feature","properties":{"Line":"R130","Tr":2869,"X":"644300.5","Y":"9203919.0","Rotation":0,"NAMOBJ":"Lawanganagung","WADMKC":"Sugio","WADMKK":"Lamongan"},"geometry":{"type":"Point","coordinates":[112.3069202,-7.20014866]}},{"type":"Feature","properties":{"Line":"R130","Tr":2870,"X":"644300.5","Y":"9203906.5","Rotation":0,"NAMOBJ":"Lawanganagung","WADMKC":"Sugio","WADMKK":"Lamongan"},"geometry":{"type":"Point","coordinates":[112.30692053,-7.20026171]}},{"type":"Feature","properties":{"Line":"R130","Tr":2871,"X":"644300.5","Y":"9203894.0","Rotation":0,"NAMOBJ":"Lawanganagung","WADMKC":"Sugio","WADMKK":"Lamongan"},"geometry":{"type":"Point","coordinates":[112.30692085,-7.20037475]}},{"type":"Feature","properties":{"Line":"R130","Tr":2872,"X":"644300.5","Y":"9203881.5","Rotation":0,"NAMOBJ":"Lawanganagung","WADMKC":"Sugio","WADMKK":"Lamongan"},"geometry":{"type":"Point","coordinates":[112.30692117,-7.2004878]}},{"type":"Feature","properties":{"Line":"R130","Tr":2873,"X":"644300.5","Y":"9203869.0","Rotation":0,"NAMOBJ":"Lawanganagung","WADMKC":"Sugio","WADMKK":"Lamongan"},"geometry":{"type":"Point","coordinates":[112.3069215,-7.20060084]}},{"type":"Feature","properties":{"Line":"R130","Tr":2874,"X":"644300.5","Y":"9203856.5","Rotation":0,"NAMOBJ":"Lawanganagung","WADMKC":"Sugio","WADMKK":"Lamongan"},"geometry":{"type":"Point","coordinates":[112.30692182,-7.20071388]}},{"type":"Feature","properties":{"Line":"R130","Tr":2875,"X":"644300.5","Y":"9203844.0","Rotation":0,"NAMOBJ":"Lawanganagung","WADMKC":"Sugio","WADMKK":"Lamongan"},"geometry":{"type":"Point","coordinates":[112.30692214,-7.20082693]}},{"type":"Feature","properties":{"Line":"R130","Tr":2876,"X":"644300.5","Y":"9203831.5","Rotation":0,"NAMOBJ":"Lawanganagung","WADMKC":"Sugio","WADMKK":"Lamongan"},"geometry":{"type":"Point","coordinates":[112.30692247,-7.20093997]}},{"type":"Feature","properties":{"Line":"R130","Tr":2877,"X":"644300.5","Y":"9203819.0","Rotation":0,"NAMOBJ":"Lawanganagung","WADMKC":"Sugio","WADMKK":"Lamongan"},"geometry":{"type":"Point","coordinates":[112.30692279,-7.20105302]}},{"type":"Feature","properties":{"Line":"R130","Tr":2878,"X":"644300.5","Y":"9203806.5","Rotation":0,"NAMOBJ":"Lawanganagung","WADMKC":"Sugio","WADMKK":"Lamongan"},"geometry":{"type":"Point","coordinates":[112.30692312,-7.20116606]}},{"type":"Feature","properties":{"Line":"R130","Tr":2879,"X":"644300.5","Y":"9203794.0","Rotation":0,"NAMOBJ":"Lawanganagung","WADMKC":"Sugio","WADMKK":"Lamongan"},"geometry":{"type":"Point","coordinates":[112.30692344,-7.2012791]}},{"type":"Feature","properties":{"Line":"R130","Tr":2880,"X":"644300.5","Y":"9203781.5","Rotation":0,"NAMOBJ":"Lawanganagung","WADMKC":"Sugio","WADMKK":"Lamongan"},"geometry":{"type":"Point","coordinates":[112.30692376,-7.20139215]}},{"type":"Feature","properties":{"Line":"R130","Tr":2881,"X":"644300.5","Y":"9203769.0","Rotation":0,"NAMOBJ":"Lawanganagung","WADMKC":"Sugio","WADMKK":"Lamongan"},"geometry":{"type":"Point","coordinates":[112.30692409,-7.20150519]}},{"type":"Feature","properties":{"Line":"R130","Tr":2882,"X":"644300.5","Y":"9203756.5","Rotation":0,"NAMOBJ":"Lawanganagung","WADMKC":"Sugio","WADMKK":"Lamongan"},"geometry":{"type":"Point","coordinates":[112.30692441,-7.20161824]}},{"type":"Feature","properties":{"Line":"R130","Tr":2883,"X":"644300.5","Y":"9203744.0","Rotation":0,"NAMOBJ":"Lawanganagung","WADMKC":"Sugio","WADMKK":"Lamongan"},"geometry":{"type":"Point","coordinates":[112.30692473,-7.20173128]}},{"type":"Feature","properties":{"Line":"R130","Tr":2884,"X":"644300.5","Y":"9203731.5","Rotation":0,"NAMOBJ":"Lawanganagung","WADMKC":"Sugio","WADMKK":"Lamongan"},"geometry":{"type":"Point","coordinates":[112.30692506,-7.20184432]}},{"type":"Feature","properties":{"Line":"R130","Tr":2885,"X":"644300.5","Y":"9203719.0","Rotation":0,"NAMOBJ":"Lawanganagung","WADMKC":"Sugio","WADMKK":"Lamongan"},"geometry":{"type":"Point","coordinates":[112.30692538,-7.20195737]}},{"type":"Feature","properties":{"Line":"R130","Tr":2886,"X":"644300.5","Y":"9203706.5","Rotation":0,"NAMOBJ":"Lawanganagung","WADMKC":"Sugio","WADMKK":"Lamongan"},"geometry":{"type":"Point","coordinates":[112.30692571,-7.20207041]}},{"type":"Feature","properties":{"Line":"R130","Tr":2887,"X":"644300.5","Y":"9203694.0","Rotation":0,"NAMOBJ":"Lawanganagung","WADMKC":"Sugio","WADMKK":"Lamongan"},"geometry":{"type":"Point","coordinates":[112.30692603,-7.20218346]}},{"type":"Feature","properties":{"Line":"R130","Tr":2888,"X":"644300.5","Y":"9203681.5","Rotation":0,"NAMOBJ":"Lawanganagung","WADMKC":"Sugio","WADMKK":"Lamongan"},"geometry":{"type":"Point","coordinates":[112.30692635,-7.2022965]}},{"type":"Feature","properties":{"Line":"R130","Tr":2889,"X":"644300.5","Y":"9203669.0","Rotation":0,"NAMOBJ":"Lawanganagung","WADMKC":"Sugio","WADMKK":"Lamongan"},"geometry":{"type":"Point","coordinates":[112.30692668,-7.20240954]}},{"type":"Feature","properties":{"Line":"R130","Tr":2890,"X":"644300.5","Y":"9203656.5","Rotation":0,"NAMOBJ":"Lawanganagung","WADMKC":"Sugio","WADMKK":"Lamongan"},"geometry":{"type":"Point","coordinates":[112.306927,-7.20252259]}},{"type":"Feature","properties":{"Line":"R130","Tr":2891,"X":"644300.5","Y":"9203644.0","Rotation":0,"NAMOBJ":"Lawanganagung","WADMKC":"Sugio","WADMKK":"Lamongan"},"geometry":{"type":"Point","coordinates":[112.30692732,-7.20263563]}},{"type":"Feature","properties":{"Line":"R130","Tr":2892,"X":"644300.5","Y":"9203631.5","Rotation":0,"NAMOBJ":"Lawanganagung","WADMKC":"Sugio","WADMKK":"Lamongan"},"geometry":{"type":"Point","coordinates":[112.30692765,-7.20274868]}},{"type":"Feature","properties":{"Line":"R130","Tr":2893,"X":"644300.5","Y":"9203619.0","Rotation":0,"NAMOBJ":"Lawanganagung","WADMKC":"Sugio","WADMKK":"Lamongan"},"geometry":{"type":"Point","coordinates":[112.30692797,-7.20286172]}},{"type":"Feature","properties":{"Line":"R130","Tr":2894,"X":"644300.5","Y":"9203606.5","Rotation":0,"NAMOBJ":"Lawanganagung","WADMKC":"Sugio","WADMKK":"Lamongan"},"geometry":{"type":"Point","coordinates":[112.3069283,-7.20297476]}},{"type":"Feature","properties":{"Line":"R130","Tr":2895,"X":"644300.5","Y":"9203594.0","Rotation":0,"NAMOBJ":"Lawanganagung","WADMKC":"Sugio","WADMKK":"Lamongan"},"geometry":{"type":"Point","coordinates":[112.30692862,-7.20308781]}},{"type":"Feature","properties":{"Line":"R130","Tr":2896,"X":"644300.5","Y":"9203581.5","Rotation":0,"NAMOBJ":"Lawanganagung","WADMKC":"Sugio","WADMKK":"Lamongan"},"geometry":{"type":"Point","coordinates":[112.30692894,-7.20320085]}},{"type":"Feature","properties":{"Line":"R130","Tr":2897,"X":"644300.5","Y":"9203569.0","Rotation":0,"NAMOBJ":"Lawanganagung","WADMKC":"Sugio","WADMKK":"Lamongan"},"geometry":{"type":"Point","coordinates":[112.30692927,-7.2033139]}},{"type":"Feature","properties":{"Line":"R130","Tr":2898,"X":"644300.5","Y":"9203556.5","Rotation":0,"NAMOBJ":"Lawanganagung","WADMKC":"Sugio","WADMKK":"Lamongan"},"geometry":{"type":"Point","coordinates":[112.30692959,-7.20342694]}},{"type":"Feature","properties":{"Line":"R130","Tr":2899,"X":"644300.5","Y":"9203544.0","Rotation":0,"NAMOBJ":"Lawanganagung","WADMKC":"Sugio","WADMKK":"Lamongan"},"geometry":{"type":"Point","coordinates":[112.30692992,-7.20353998]}},{"type":"Feature","properties":{"Line":"R130","Tr":2900,"X":"644300.5","Y":"9203531.5","Rotation":0,"NAMOBJ":"Lawanganagung","WADMKC":"Sugio","WADMKK":"Lamongan"},"geometry":{"type":"Point","coordinates":[112.30693024,-7.20365303]}},{"type":"Feature","properties":{"Line":"R130","Tr":2901,"X":"644300.5","Y":"9203519.0","Rotation":0,"NAMOBJ":"Lawanganagung","WADMKC":"Sugio","WADMKK":"Lamongan"},"geometry":{"type":"Point","coordinates":[112.30693056,-7.20376607]}},{"type":"Feature","properties":{"Line":"R130","Tr":2902,"X":"644300.5","Y":"9203506.5","Rotation":0,"NAMOBJ":"Lawanganagung","WADMKC":"Sugio","WADMKK":"Lamongan"},"geometry":{"type":"Point","coordinates":[112.30693089,-7.20387912]}},{"type":"Feature","properties":{"Line":"R130","Tr":2903,"X":"644300.5","Y":"9203494.0","Rotation":0,"NAMOBJ":"Lawanganagung","WADMKC":"Sugio","WADMKK":"Lamongan"},"geometry":{"type":"Point","coordinates":[112.30693121,-7.20399216]}},{"type":"Feature","properties":{"Line":"R130","Tr":2904,"X":"644300.5","Y":"9203481.5","Rotation":0,"NAMOBJ":"Lawanganagung","WADMKC":"Sugio","WADMKK":"Lamongan"},"geometry":{"type":"Point","coordinates":[112.30693153,-7.2041052]}},{"type":"Feature","properties":{"Line":"R130","Tr":2905,"X":"644300.5","Y":"9203469.0","Rotation":0,"NAMOBJ":"Lawanganagung","WADMKC":"Sugio","WADMKK":"Lamongan"},"geometry":{"type":"Point","coordinates":[112.30693186,-7.20421825]}},{"type":"Feature","properties":{"Line":"R130","Tr":2906,"X":"644300.5","Y":"9203456.5","Rotation":0,"NAMOBJ":"Lawanganagung","WADMKC":"Sugio","WADMKK":"Lamongan"},"geometry":{"type":"Point","coordinates":[112.30693218,-7.20433129]}},{"type":"Feature","properties":{"Line":"R130","Tr":2907,"X":"644300.5","Y":"9203444.0","Rotation":0,"NAMOBJ":"Lawanganagung","WADMKC":"Sugio","WADMKK":"Lamongan"},"geometry":{"type":"Point","coordinates":[112.30693251,-7.20444434]}},{"type":"Feature","properties":{"Line":"R130","Tr":2908,"X":"644300.5","Y":"9203431.5","Rotation":0,"NAMOBJ":"Lawanganagung","WADMKC":"Sugio","WADMKK":"Lamongan"},"geometry":{"type":"Point","coordinates":[112.30693283,-7.20455738]}},{"type":"Feature","properties":{"Line":"R130","Tr":2909,"X":"644300.5","Y":"9203419.0","Rotation":0,"NAMOBJ":"Lawanganagung","WADMKC":"Sugio","WADMKK":"Lamongan"},"geometry":{"type":"Point","coordinates":[112.30693315,-7.20467042]}},{"type":"Feature","properties":{"Line":"R130","Tr":2910,"X":"644300.5","Y":"9203406.5","Rotation":0,"NAMOBJ":"Lawanganagung","WADMKC":"Sugio","WADMKK":"Lamongan"},"geometry":{"type":"Point","coordinates":[112.30693348,-7.20478347]}},{"type":"Feature","properties":{"Line":"R130","Tr":2911,"X":"644300.5","Y":"9203394.0","Rotation":0,"NAMOBJ":"Lawanganagung","WADMKC":"Sugio","WADMKK":"Lamongan"},"geometry":{"type":"Point","coordinates":[112.3069338,-7.20489651]}},{"type":"Feature","properties":{"Line":"R130","Tr":2912,"X":"644300.5","Y":"9203381.5","Rotation":0,"NAMOBJ":"Lawanganagung","WADMKC":"Sugio","WADMKK":"Lamongan"},"geometry":{"type":"Point","coordinates":[112.30693413,-7.20500956]}},{"type":"Feature","properties":{"Line":"R130","Tr":2913,"X":"644300.5","Y":"9203369.0","Rotation":0,"NAMOBJ":"Lawanganagung","WADMKC":"Sugio","WADMKK":"Lamongan"},"geometry":{"type":"Point","coordinates":[112.30693445,-7.2051226]}},{"type":"Feature","properties":{"Line":"R130","Tr":2914,"X":"644300.5","Y":"9203356.5","Rotation":0,"NAMOBJ":"Lawanganagung","WADMKC":"Sugio","WADMKK":"Lamongan"},"geometry":{"type":"Point","coordinates":[112.30693477,-7.20523564]}},{"type":"Feature","properties":{"Line":"R130","Tr":2915,"X":"644300.5","Y":"9203344.0","Rotation":0,"NAMOBJ":"Lawanganagung","WADMKC":"Sugio","WADMKK":"Lamongan"},"geometry":{"type":"Point","coordinates":[112.3069351,-7.20534869]}},{"type":"Feature","properties":{"Line":"R130","Tr":2916,"X":"644300.5","Y":"9203331.5","Rotation":0,"NAMOBJ":"Lawanganagung","WADMKC":"Sugio","WADMKK":"Lamongan"},"geometry":{"type":"Point","coordinates":[112.30693542,-7.20546173]}},{"type":"Feature","properties":{"Line":"R130","Tr":2917,"X":"644300.5","Y":"9203319.0","Rotation":0,"NAMOBJ":"Lawanganagung","WADMKC":"Sugio","WADMKK":"Lamongan"},"geometry":{"type":"Point","coordinates":[112.30693574,-7.20557478]}},{"type":"Feature","properties":{"Line":"R130","Tr":2918,"X":"644300.5","Y":"9203306.5","Rotation":0,"NAMOBJ":"Lawanganagung","WADMKC":"Sugio","WADMKK":"Lamongan"},"geometry":{"type":"Point","coordinates":[112.30693607,-7.20568782]}},{"type":"Feature","properties":{"Line":"R130","Tr":2919,"X":"644300.5","Y":"9203294.0","Rotation":0,"NAMOBJ":"Lawanganagung","WADMKC":"Sugio","WADMKK":"Lamongan"},"geometry":{"type":"Point","coordinates":[112.30693639,-7.20580086]}},{"type":"Feature","properties":{"Line":"R130","Tr":2920,"X":"644300.5","Y":"9203281.5","Rotation":0,"NAMOBJ":"Lawanganagung","WADMKC":"Sugio","WADMKK":"Lamongan"},"geometry":{"type":"Point","coordinates":[112.30693672,-7.20591391]}},{"type":"Feature","properties":{"Line":"R130","Tr":2921,"X":"644300.5","Y":"9203269.0","Rotation":0,"NAMOBJ":"Lawanganagung","WADMKC":"Sugio","WADMKK":"Lamongan"},"geometry":{"type":"Point","coordinates":[112.30693704,-7.20602695]}},{"type":"Feature","properties":{"Line":"R130","Tr":2922,"X":"644300.5","Y":"9203256.5","Rotation":0,"NAMOBJ":"Lawanganagung","WADMKC":"Sugio","WADMKK":"Lamongan"},"geometry":{"type":"Point","coordinates":[112.30693736,-7.20613999]}},{"type":"Feature","properties":{"Line":"R130","Tr":2923,"X":"644300.5","Y":"9203244.0","Rotation":0,"NAMOBJ":"Lawanganagung","WADMKC":"Sugio","WADMKK":"Lamongan"},"geometry":{"type":"Point","coordinates":[112.30693769,-7.20625304]}},{"type":"Feature","properties":{"Line":"R130","Tr":2924,"X":"644300.5","Y":"9203231.5","Rotation":0,"NAMOBJ":"Lawanganagung","WADMKC":"Sugio","WADMKK":"Lamongan"},"geometry":{"type":"Point","coordinates":[112.30693801,-7.20636608]}},{"type":"Feature","properties":{"Line":"R130","Tr":2925,"X":"644300.5","Y":"9203219.0","Rotation":0,"NAMOBJ":"Lawanganagung","WADMKC":"Sugio","WADMKK":"Lamongan"},"geometry":{"type":"Point","coordinates":[112.30693834,-7.20647913]}},{"type":"Feature","properties":{"Line":"R130","Tr":2926,"X":"644300.5","Y":"9203206.5","Rotation":0,"NAMOBJ":"Lawanganagung","WADMKC":"Sugio","WADMKK":"Lamongan"},"geometry":{"type":"Point","coordinates":[112.30693866,-7.20659217]}},{"type":"Feature","properties":{"Line":"R130","Tr":2927,"X":"644300.5","Y":"9203194.0","Rotation":0,"NAMOBJ":"Lawanganagung","WADMKC":"Sugio","WADMKK":"Lamongan"},"geometry":{"type":"Point","coordinates":[112.30693898,-7.20670521]}},{"type":"Feature","properties":{"Line":"R130","Tr":2928,"X":"644300.5","Y":"9203181.5","Rotation":0,"NAMOBJ":"Lawanganagung","WADMKC":"Sugio","WADMKK":"Lamongan"},"geometry":{"type":"Point","coordinates":[112.30693931,-7.20681826]}},{"type":"Feature","properties":{"Line":"R130","Tr":2929,"X":"644300.5","Y":"9203169.0","Rotation":0,"NAMOBJ":"Lawanganagung","WADMKC":"Sugio","WADMKK":"Lamongan"},"geometry":{"type":"Point","coordinates":[112.30693963,-7.2069313]}},{"type":"Feature","properties":{"Line":"R130","Tr":2930,"X":"644300.5","Y":"9203156.5","Rotation":0,"NAMOBJ":"Lawanganagung","WADMKC":"Sugio","WADMKK":"Lamongan"},"geometry":{"type":"Point","coordinates":[112.30693996,-7.20704435]}},{"type":"Feature","properties":{"Line":"R130","Tr":2931,"X":"644300.5","Y":"9203144.0","Rotation":0,"NAMOBJ":"Lawanganagung","WADMKC":"Sugio","WADMKK":"Lamongan"},"geometry":{"type":"Point","coordinates":[112.30694028,-7.20715739]}},{"type":"Feature","properties":{"Line":"R130","Tr":2932,"X":"644300.5","Y":"9203131.5","Rotation":0,"NAMOBJ":"Lawanganagung","WADMKC":"Sugio","WADMKK":"Lamongan"},"geometry":{"type":"Point","coordinates":[112.3069406,-7.20727043]}},{"type":"Feature","properties":{"Line":"R130","Tr":2933,"X":"644300.5","Y":"9203119.0","Rotation":0,"NAMOBJ":"Lawanganagung","WADMKC":"Sugio","WADMKK":"Lamongan"},"geometry":{"type":"Point","coordinates":[112.30694093,-7.20738348]}},{"type":"Feature","properties":{"Line":"R130","Tr":2934,"X":"644300.5","Y":"9203106.5","Rotation":0,"NAMOBJ":"Sukobendu","WADMKC":"Mantup","WADMKK":"Lamongan"},"geometry":{"type":"Point","coordinates":[112.30694125,-7.20749652]}},{"type":"Feature","properties":{"Line":"R130","Tr":2935,"X":"644300.5","Y":"9203094.0","Rotation":0,"NAMOBJ":"Sukobendu","WADMKC":"Mantup","WADMKK":"Lamongan"},"geometry":{"type":"Point","coordinates":[112.30694158,-7.20760957]}},{"type":"Feature","properties":{"Line":"R130","Tr":2936,"X":"644300.5","Y":"9203081.5","Rotation":0,"NAMOBJ":"Sukobendu","WADMKC":"Mantup","WADMKK":"Lamongan"},"geometry":{"type":"Point","coordinates":[112.3069419,-7.20772261]}},{"type":"Feature","properties":{"Line":"R130","Tr":2937,"X":"644300.5","Y":"9203069.0","Rotation":0,"NAMOBJ":"Sukobendu","WADMKC":"Mantup","WADMKK":"Lamongan"},"geometry":{"type":"Point","coordinates":[112.30694222,-7.20783565]}},{"type":"Feature","properties":{"Line":"R130","Tr":2938,"X":"644300.5","Y":"9203056.5","Rotation":0,"NAMOBJ":"Sukobendu","WADMKC":"Mantup","WADMKK":"Lamongan"},"geometry":{"type":"Point","coordinates":[112.30694255,-7.2079487]}},{"type":"Feature","properties":{"Line":"R130","Tr":2939,"X":"644300.5","Y":"9203044.0","Rotation":0,"NAMOBJ":"Sukobendu","WADMKC":"Mantup","WADMKK":"Lamongan"},"geometry":{"type":"Point","coordinates":[112.30694287,-7.20806174]}},{"type":"Feature","properties":{"Line":"R130","Tr":2940,"X":"644300.5","Y":"9203031.5","Rotation":0,"NAMOBJ":"Sukobendu","WADMKC":"Mantup","WADMKK":"Lamongan"},"geometry":{"type":"Point","coordinates":[112.3069432,-7.20817479]}},{"type":"Feature","properties":{"Line":"R130","Tr":2941,"X":"644300.5","Y":"9203019.0","Rotation":0,"NAMOBJ":"Sukobendu","WADMKC":"Mantup","WADMKK":"Lamongan"},"geometry":{"type":"Point","coordinates":[112.30694352,-7.20828783]}},{"type":"Feature","properties":{"Line":"R130","Tr":2942,"X":"644300.5","Y":"9203006.5","Rotation":0,"NAMOBJ":"Sukobendu","WADMKC":"Mantup","WADMKK":"Lamongan"},"geometry":{"type":"Point","coordinates":[112.30694384,-7.20840087]}},{"type":"Feature","properties":{"Line":"R130","Tr":2943,"X":"644300.5","Y":"9202994.0","Rotation":0,"NAMOBJ":"Sukobendu","WADMKC":"Mantup","WADMKK":"Lamongan"},"geometry":{"type":"Point","coordinates":[112.30694417,-7.20851392]}},{"type":"Feature","properties":{"Line":"R130","Tr":2944,"X":"644300.5","Y":"9202981.5","Rotation":0,"NAMOBJ":"Sukobendu","WADMKC":"Mantup","WADMKK":"Lamongan"},"geometry":{"type":"Point","coordinates":[112.30694449,-7.20862696]}},{"type":"Feature","properties":{"Line":"R130","Tr":2945,"X":"644300.5","Y":"9202969.0","Rotation":0,"NAMOBJ":"Sukobendu","WADMKC":"Mantup","WADMKK":"Lamongan"},"geometry":{"type":"Point","coordinates":[112.30694482,-7.20874001]}},{"type":"Feature","properties":{"Line":"R130","Tr":2946,"X":"644300.5","Y":"9202956.5","Rotation":0,"NAMOBJ":"Sukobendu","WADMKC":"Mantup","WADMKK":"Lamongan"},"geometry":{"type":"Point","coordinates":[112.30694514,-7.20885305]}},{"type":"Feature","properties":{"Line":"R130","Tr":2947,"X":"644300.5","Y":"9202944.0","Rotation":0,"NAMOBJ":"Sukobendu","WADMKC":"Mantup","WADMKK":"Lamongan"},"geometry":{"type":"Point","coordinates":[112.30694546,-7.20896609]}},{"type":"Feature","properties":{"Line":"R130","Tr":2948,"X":"644300.5","Y":"9202931.5","Rotation":0,"NAMOBJ":"Sukobendu","WADMKC":"Mantup","WADMKK":"Lamongan"},"geometry":{"type":"Point","coordinates":[112.30694579,-7.20907914]}},{"type":"Feature","properties":{"Line":"R130","Tr":2949,"X":"644300.5","Y":"9202919.0","Rotation":0,"NAMOBJ":"Sukobendu","WADMKC":"Mantup","WADMKK":"Lamongan"},"geometry":{"type":"Point","coordinates":[112.30694611,-7.20919218]}},{"type":"Feature","properties":{"Line":"R130","Tr":2950,"X":"644300.5","Y":"9202906.5","Rotation":0,"NAMOBJ":"Sukobendu","WADMKC":"Mantup","WADMKK":"Lamongan"},"geometry":{"type":"Point","coordinates":[112.30694644,-7.20930523]}},{"type":"Feature","properties":{"Line":"R130","Tr":2951,"X":"644300.5","Y":"9202894.0","Rotation":0,"NAMOBJ":"Sukobendu","WADMKC":"Mantup","WADMKK":"Lamongan"},"geometry":{"type":"Point","coordinates":[112.30694676,-7.20941827]}},{"type":"Feature","properties":{"Line":"R130","Tr":2952,"X":"644300.5","Y":"9202881.5","Rotation":0,"NAMOBJ":"Sukobendu","WADMKC":"Mantup","WADMKK":"Lamongan"},"geometry":{"type":"Point","coordinates":[112.30694708,-7.20953131]}},{"type":"Feature","properties":{"Line":"R130","Tr":2953,"X":"644300.5","Y":"9202869.0","Rotation":0,"NAMOBJ":"Sukobendu","WADMKC":"Mantup","WADMKK":"Lamongan"},"geometry":{"type":"Point","coordinates":[112.30694741,-7.20964436]}},{"type":"Feature","properties":{"Line":"R130","Tr":2954,"X":"644300.5","Y":"9202856.5","Rotation":0,"NAMOBJ":"Sukobendu","WADMKC":"Mantup","WADMKK":"Lamongan"},"geometry":{"type":"Point","coordinates":[112.30694773,-7.2097574]}},{"type":"Feature","properties":{"Line":"R130","Tr":2955,"X":"644300.5","Y":"9202844.0","Rotation":0,"NAMOBJ":"Sukobendu","WADMKC":"Mantup","WADMKK":"Lamongan"},"geometry":{"type":"Point","coordinates":[112.30694806,-7.20987044]}},{"type":"Feature","properties":{"Line":"R130","Tr":2956,"X":"644300.5","Y":"9202831.5","Rotation":0,"NAMOBJ":"Sukobendu","WADMKC":"Mantup","WADMKK":"Lamongan"},"geometry":{"type":"Point","coordinates":[112.30694838,-7.20998349]}},{"type":"Feature","properties":{"Line":"R130","Tr":2957,"X":"644300.5","Y":"9202819.0","Rotation":0,"NAMOBJ":"Sukobendu","WADMKC":"Mantup","WADMKK":"Lamongan"},"geometry":{"type":"Point","coordinates":[112.30694871,-7.21009653]}},{"type":"Feature","properties":{"Line":"R130","Tr":2958,"X":"644300.5","Y":"9202806.5","Rotation":0,"NAMOBJ":"Sukobendu","WADMKC":"Mantup","WADMKK":"Lamongan"},"geometry":{"type":"Point","coordinates":[112.30694903,-7.21020958]}},{"type":"Feature","properties":{"Line":"R130","Tr":2959,"X":"644300.5","Y":"9202794.0","Rotation":0,"NAMOBJ":"Sukobendu","WADMKC":"Mantup","WADMKK":"Lamongan"},"geometry":{"type":"Point","coordinates":[112.30694935,-7.21032262]}},{"type":"Feature","properties":{"Line":"R130","Tr":2960,"X":"644300.5","Y":"9202781.5","Rotation":0,"NAMOBJ":"Sukobendu","WADMKC":"Mantup","WADMKK":"Lamongan"},"geometry":{"type":"Point","coordinates":[112.30694968,-7.21043566]}},{"type":"Feature","properties":{"Line":"R130","Tr":2961,"X":"644300.5","Y":"9202769.0","Rotation":0,"NAMOBJ":"Sukobendu","WADMKC":"Mantup","WADMKK":"Lamongan"},"geometry":{"type":"Point","coordinates":[112.30695,-7.21054871]}},{"type":"Feature","properties":{"Line":"R130","Tr":2962,"X":"644300.5","Y":"9202756.5","Rotation":0,"NAMOBJ":"Sukobendu","WADMKC":"Mantup","WADMKK":"Lamongan"},"geometry":{"type":"Point","coordinates":[112.30695033,-7.21066175]}},{"type":"Feature","properties":{"Line":"R130","Tr":2963,"X":"644300.5","Y":"9202744.0","Rotation":0,"NAMOBJ":"Sukobendu","WADMKC":"Mantup","WADMKK":"Lamongan"},"geometry":{"type":"Point","coordinates":[112.30695065,-7.2107748]}},{"type":"Feature","properties":{"Line":"R130","Tr":2964,"X":"644300.5","Y":"9202731.5","Rotation":0,"NAMOBJ":"Sukobendu","WADMKC":"Mantup","WADMKK":"Lamongan"},"geometry":{"type":"Point","coordinates":[112.30695097,-7.21088784]}},{"type":"Feature","properties":{"Line":"R130","Tr":2965,"X":"644300.5","Y":"9202719.0","Rotation":0,"NAMOBJ":"Sukobendu","WADMKC":"Mantup","WADMKK":"Lamongan"},"geometry":{"type":"Point","coordinates":[112.3069513,-7.21100088]}},{"type":"Feature","properties":{"Line":"R130","Tr":2966,"X":"644300.5","Y":"9202706.5","Rotation":0,"NAMOBJ":"Sukobendu","WADMKC":"Mantup","WADMKK":"Lamongan"},"geometry":{"type":"Point","coordinates":[112.30695162,-7.21111393]}},{"type":"Feature","properties":{"Line":"R130","Tr":2967,"X":"644300.5","Y":"9202694.0","Rotation":0,"NAMOBJ":"Sukobendu","WADMKC":"Mantup","WADMKK":"Lamongan"},"geometry":{"type":"Point","coordinates":[112.30695195,-7.21122697]}},{"type":"Feature","properties":{"Line":"R130","Tr":2968,"X":"644300.5","Y":"9202681.5","Rotation":0,"NAMOBJ":"Sukobendu","WADMKC":"Mantup","WADMKK":"Lamongan"},"geometry":{"type":"Point","coordinates":[112.30695227,-7.21134002]}},{"type":"Feature","properties":{"Line":"R130","Tr":2969,"X":"644300.5","Y":"9202669.0","Rotation":0,"NAMOBJ":"Sukobendu","WADMKC":"Mantup","WADMKK":"Lamongan"},"geometry":{"type":"Point","coordinates":[112.3069526,-7.21145306]}},{"type":"Feature","properties":{"Line":"R130","Tr":2970,"X":"644300.5","Y":"9202656.5","Rotation":0,"NAMOBJ":"Sukobendu","WADMKC":"Mantup","WADMKK":"Lamongan"},"geometry":{"type":"Point","coordinates":[112.30695292,-7.2115661]}},{"type":"Feature","properties":{"Line":"R130","Tr":2971,"X":"644300.5","Y":"9202644.0","Rotation":0,"NAMOBJ":"Sukobendu","WADMKC":"Mantup","WADMKK":"Lamongan"},"geometry":{"type":"Point","coordinates":[112.30695324,-7.21167915]}},{"type":"Feature","properties":{"Line":"R130","Tr":2972,"X":"644300.5","Y":"9202631.5","Rotation":0,"NAMOBJ":"Sukobendu","WADMKC":"Mantup","WADMKK":"Lamongan"},"geometry":{"type":"Point","coordinates":[112.30695357,-7.21179219]}},{"type":"Feature","properties":{"Line":"R130","Tr":2973,"X":"644300.5","Y":"9202619.0","Rotation":0,"NAMOBJ":"Sukobendu","WADMKC":"Mantup","WADMKK":"Lamongan"},"geometry":{"type":"Point","coordinates":[112.30695389,-7.21190524]}},{"type":"Feature","properties":{"Line":"R130","Tr":2974,"X":"644300.5","Y":"9202606.5","Rotation":0,"NAMOBJ":"Sukobendu","WADMKC":"Mantup","WADMKK":"Lamongan"},"geometry":{"type":"Point","coordinates":[112.30695422,-7.21201828]}},{"type":"Feature","properties":{"Line":"R130","Tr":2975,"X":"644300.5","Y":"9202594.0","Rotation":0,"NAMOBJ":"Sukobendu","WADMKC":"Mantup","WADMKK":"Lamongan"},"geometry":{"type":"Point","coordinates":[112.30695454,-7.21213132]}},{"type":"Feature","properties":{"Line":"R130","Tr":2976,"X":"644300.5","Y":"9202581.5","Rotation":0,"NAMOBJ":"Sukobendu","WADMKC":"Mantup","WADMKK":"Lamongan"},"geometry":{"type":"Point","coordinates":[112.30695486,-7.21224437]}},{"type":"Feature","properties":{"Line":"R130","Tr":2977,"X":"644300.5","Y":"9202569.0","Rotation":0,"NAMOBJ":"Sukobendu","WADMKC":"Mantup","WADMKK":"Lamongan"},"geometry":{"type":"Point","coordinates":[112.30695519,-7.21235741]}},{"type":"Feature","properties":{"Line":"R130","Tr":2978,"X":"644300.5","Y":"9202556.5","Rotation":0,"NAMOBJ":"Sukobendu","WADMKC":"Mantup","WADMKK":"Lamongan"},"geometry":{"type":"Point","coordinates":[112.30695551,-7.21247045]}},{"type":"Feature","properties":{"Line":"R130","Tr":2979,"X":"644300.5","Y":"9202544.0","Rotation":0,"NAMOBJ":"Sukobendu","WADMKC":"Mantup","WADMKK":"Lamongan"},"geometry":{"type":"Point","coordinates":[112.30695584,-7.2125835]}},{"type":"Feature","properties":{"Line":"R130","Tr":2980,"X":"644300.5","Y":"9202531.5","Rotation":0,"NAMOBJ":"Sukobendu","WADMKC":"Mantup","WADMKK":"Lamongan"},"geometry":{"type":"Point","coordinates":[112.30695616,-7.21269654]}},{"type":"Feature","properties":{"Line":"R130","Tr":2981,"X":"644300.5","Y":"9202519.0","Rotation":0,"NAMOBJ":"Sukobendu","WADMKC":"Mantup","WADMKK":"Lamongan"},"geometry":{"type":"Point","coordinates":[112.30695649,-7.21280959]}},{"type":"Feature","properties":{"Line":"R130","Tr":2982,"X":"644300.5","Y":"9202506.5","Rotation":0,"NAMOBJ":"Sukobendu","WADMKC":"Mantup","WADMKK":"Lamongan"},"geometry":{"type":"Point","coordinates":[112.30695681,-7.21292263]}},{"type":"Feature","properties":{"Line":"R130","Tr":2983,"X":"644300.5","Y":"9202494.0","Rotation":0,"NAMOBJ":"Sukobendu","WADMKC":"Mantup","WADMKK":"Lamongan"},"geometry":{"type":"Point","coordinates":[112.30695713,-7.21303567]}},{"type":"Feature","properties":{"Line":"R130","Tr":2984,"X":"644300.5","Y":"9202481.5","Rotation":0,"NAMOBJ":"Sukobendu","WADMKC":"Mantup","WADMKK":"Lamongan"},"geometry":{"type":"Point","coordinates":[112.30695746,-7.21314872]}},{"type":"Feature","properties":{"Line":"R130","Tr":2985,"X":"644300.5","Y":"9202469.0","Rotation":0,"NAMOBJ":"Sukobendu","WADMKC":"Mantup","WADMKK":"Lamongan"},"geometry":{"type":"Point","coordinates":[112.30695778,-7.21326176]}},{"type":"Feature","properties":{"Line":"R130","Tr":2986,"X":"644300.5","Y":"9202456.5","Rotation":0,"NAMOBJ":"Sukobendu","WADMKC":"Mantup","WADMKK":"Lamongan"},"geometry":{"type":"Point","coordinates":[112.30695811,-7.21337481]}},{"type":"Feature","properties":{"Line":"R130","Tr":2987,"X":"644300.5","Y":"9202444.0","Rotation":0,"NAMOBJ":"Sukobendu","WADMKC":"Mantup","WADMKK":"Lamongan"},"geometry":{"type":"Point","coordinates":[112.30695843,-7.21348785]}},{"type":"Feature","properties":{"Line":"R130","Tr":2988,"X":"644300.5","Y":"9202431.5","Rotation":0,"NAMOBJ":"Sukobendu","WADMKC":"Mantup","WADMKK":"Lamongan"},"geometry":{"type":"Point","coordinates":[112.30695876,-7.21360089]}},{"type":"Feature","properties":{"Line":"R130","Tr":2989,"X":"644300.5","Y":"9202419.0","Rotation":0,"NAMOBJ":"Sukobendu","WADMKC":"Mantup","WADMKK":"Lamongan"},"geometry":{"type":"Point","coordinates":[112.30695908,-7.21371394]}},{"type":"Feature","properties":{"Line":"R130","Tr":2990,"X":"644300.5","Y":"9202406.5","Rotation":0,"NAMOBJ":"Sukobendu","WADMKC":"Mantup","WADMKK":"Lamongan"},"geometry":{"type":"Point","coordinates":[112.3069594,-7.21382698]}},{"type":"Feature","properties":{"Line":"R130","Tr":2991,"X":"644300.5","Y":"9202394.0","Rotation":0,"NAMOBJ":"Sukobendu","WADMKC":"Mantup","WADMKK":"Lamongan"},"geometry":{"type":"Point","coordinates":[112.30695973,-7.21394003]}},{"type":"Feature","properties":{"Line":"R130","Tr":2992,"X":"644300.5","Y":"9202381.5","Rotation":0,"NAMOBJ":"Sukobendu","WADMKC":"Mantup","WADMKK":"Lamongan"},"geometry":{"type":"Point","coordinates":[112.30696005,-7.21405307]}},{"type":"Feature","properties":{"Line":"R130","Tr":2993,"X":"644300.5","Y":"9202369.0","Rotation":0,"NAMOBJ":"Sukobendu","WADMKC":"Mantup","WADMKK":"Lamongan"},"geometry":{"type":"Point","coordinates":[112.30696038,-7.21416611]}},{"type":"Feature","properties":{"Line":"R130","Tr":2994,"X":"644300.5","Y":"9202356.5","Rotation":0,"NAMOBJ":"Sukobendu","WADMKC":"Mantup","WADMKK":"Lamongan"},"geometry":{"type":"Point","coordinates":[112.3069607,-7.21427916]}},{"type":"Feature","properties":{"Line":"R130","Tr":2995,"X":"644300.5","Y":"9202344.0","Rotation":0,"NAMOBJ":"Sukobendu","WADMKC":"Mantup","WADMKK":"Lamongan"},"geometry":{"type":"Point","coordinates":[112.30696103,-7.2143922]}},{"type":"Feature","properties":{"Line":"R130","Tr":2996,"X":"644300.5","Y":"9202331.5","Rotation":0,"NAMOBJ":"Sukobendu","WADMKC":"Mantup","WADMKK":"Lamongan"},"geometry":{"type":"Point","coordinates":[112.30696135,-7.21450525]}},{"type":"Feature","properties":{"Line":"R130","Tr":2997,"X":"644300.5","Y":"9202319.0","Rotation":0,"NAMOBJ":"Sukobendu","WADMKC":"Mantup","WADMKK":"Lamongan"},"geometry":{"type":"Point","coordinates":[112.30696167,-7.21461829]}},{"type":"Feature","properties":{"Line":"R130","Tr":2998,"X":"644300.5","Y":"9202306.5","Rotation":0,"NAMOBJ":"Sukobendu","WADMKC":"Mantup","WADMKK":"Lamongan"},"geometry":{"type":"Point","coordinates":[112.306962,-7.21473133]}},{"type":"Feature","properties":{"Line":"R130","Tr":2999,"X":"644300.5","Y":"9202294.0","Rotation":0,"NAMOBJ":"Sukobendu","WADMKC":"Mantup","WADMKK":"Lamongan"},"geometry":{"type":"Point","coordinates":[112.30696232,-7.21484438]}},{"type":"Feature","properties":{"Line":"R130","Tr":3000,"X":"644300.5","Y":"9202281.5","Rotation":0,"NAMOBJ":"Sukobendu","WADMKC":"Mantup","WADMKK":"Lamongan"},"geometry":{"type":"Point","coordinates":[112.30696265,-7.21495742]}},{"type":"Feature","properties":{"Line":"R130","Tr":3001,"X":"644300.5","Y":"9202269.0","Rotation":0,"NAMOBJ":"Sukobendu","WADMKC":"Mantup","WADMKK":"Lamongan"},"geometry":{"type":"Point","coordinates":[112.30696297,-7.21507046]}},{"type":"Feature","properties":{"Line":"R130","Tr":3002,"X":"644300.5","Y":"9202256.5","Rotation":0,"NAMOBJ":"Sukobendu","WADMKC":"Mantup","WADMKK":"Lamongan"},"geometry":{"type":"Point","coordinates":[112.3069633,-7.21518351]}},{"type":"Feature","properties":{"Line":"R130","Tr":3003,"X":"644300.5","Y":"9202244.0","Rotation":0,"NAMOBJ":"Sukobendu","WADMKC":"Mantup","WADMKK":"Lamongan"},"geometry":{"type":"Point","coordinates":[112.30696362,-7.21529655]}},{"type":"Feature","properties":{"Line":"R130","Tr":3004,"X":"644300.5","Y":"9202231.5","Rotation":0,"NAMOBJ":"Sukobendu","WADMKC":"Mantup","WADMKK":"Lamongan"},"geometry":{"type":"Point","coordinates":[112.30696394,-7.2154096]}},{"type":"Feature","properties":{"Line":"R130","Tr":3005,"X":"644300.5","Y":"9202219.0","Rotation":0,"NAMOBJ":"Sukobendu","WADMKC":"Mantup","WADMKK":"Lamongan"},"geometry":{"type":"Point","coordinates":[112.30696427,-7.21552264]}},{"type":"Feature","properties":{"Line":"R130","Tr":3006,"X":"644300.5","Y":"9202206.5","Rotation":0,"NAMOBJ":"Sukobendu","WADMKC":"Mantup","WADMKK":"Lamongan"},"geometry":{"type":"Point","coordinates":[112.30696459,-7.21563568]}},{"type":"Feature","properties":{"Line":"R130","Tr":3007,"X":"644300.5","Y":"9202194.0","Rotation":0,"NAMOBJ":"Sukobendu","WADMKC":"Mantup","WADMKK":"Lamongan"},"geometry":{"type":"Point","coordinates":[112.30696492,-7.21574873]}},{"type":"Feature","properties":{"Line":"R130","Tr":3008,"X":"644300.5","Y":"9202181.5","Rotation":0,"NAMOBJ":"Sukobendu","WADMKC":"Mantup","WADMKK":"Lamongan"},"geometry":{"type":"Point","coordinates":[112.30696524,-7.21586177]}},{"type":"Feature","properties":{"Line":"R130","Tr":3009,"X":"644300.5","Y":"9202169.0","Rotation":0,"NAMOBJ":"Sukobendu","WADMKC":"Mantup","WADMKK":"Lamongan"},"geometry":{"type":"Point","coordinates":[112.30696557,-7.21597482]}},{"type":"Feature","properties":{"Line":"R130","Tr":3010,"X":"644300.5","Y":"9202156.5","Rotation":0,"NAMOBJ":"Sukobendu","WADMKC":"Mantup","WADMKK":"Lamongan"},"geometry":{"type":"Point","coordinates":[112.30696589,-7.21608786]}},{"type":"Feature","properties":{"Line":"R130","Tr":3011,"X":"644300.5","Y":"9202144.0","Rotation":0,"NAMOBJ":"Sukobendu","WADMKC":"Mantup","WADMKK":"Lamongan"},"geometry":{"type":"Point","coordinates":[112.30696622,-7.2162009]}},{"type":"Feature","properties":{"Line":"R130","Tr":3012,"X":"644300.5","Y":"9202131.5","Rotation":0,"NAMOBJ":"Sukobendu","WADMKC":"Mantup","WADMKK":"Lamongan"},"geometry":{"type":"Point","coordinates":[112.30696654,-7.21631395]}},{"type":"Feature","properties":{"Line":"R130","Tr":3013,"X":"644300.5","Y":"9202119.0","Rotation":0,"NAMOBJ":"Sukobendu","WADMKC":"Mantup","WADMKK":"Lamongan"},"geometry":{"type":"Point","coordinates":[112.30696686,-7.21642699]}},{"type":"Feature","properties":{"Line":"R130","Tr":3014,"X":"644300.5","Y":"9202106.5","Rotation":0,"NAMOBJ":"Sukobendu","WADMKC":"Mantup","WADMKK":"Lamongan"},"geometry":{"type":"Point","coordinates":[112.30696719,-7.21654004]}},{"type":"Feature","properties":{"Line":"R130","Tr":3015,"X":"644300.5","Y":"9202094.0","Rotation":0,"NAMOBJ":"Sukobendu","WADMKC":"Mantup","WADMKK":"Lamongan"},"geometry":{"type":"Point","coordinates":[112.30696751,-7.21665308]}},{"type":"Feature","properties":{"Line":"R130","Tr":3016,"X":"644300.5","Y":"9202081.5","Rotation":0,"NAMOBJ":"Sukobendu","WADMKC":"Mantup","WADMKK":"Lamongan"},"geometry":{"type":"Point","coordinates":[112.30696784,-7.21676612]}},{"type":"Feature","properties":{"Line":"R130","Tr":3017,"X":"644300.5","Y":"9202069.0","Rotation":0,"NAMOBJ":"Sukobendu","WADMKC":"Mantup","WADMKK":"Lamongan"},"geometry":{"type":"Point","coordinates":[112.30696816,-7.21687917]}},{"type":"Feature","properties":{"Line":"R130","Tr":3018,"X":"644300.5","Y":"9202056.5","Rotation":0,"NAMOBJ":"Sukobendu","WADMKC":"Mantup","WADMKK":"Lamongan"},"geometry":{"type":"Point","coordinates":[112.30696849,-7.21699221]}},{"type":"Feature","properties":{"Line":"R130","Tr":3019,"X":"644300.5","Y":"9202044.0","Rotation":0,"NAMOBJ":"Sukobendu","WADMKC":"Mantup","WADMKK":"Lamongan"},"geometry":{"type":"Point","coordinates":[112.30696881,-7.21710525]}},{"type":"Feature","properties":{"Line":"R130","Tr":3020,"X":"644300.5","Y":"9202031.5","Rotation":0,"NAMOBJ":"Sukobendu","WADMKC":"Mantup","WADMKK":"Lamongan"},"geometry":{"type":"Point","coordinates":[112.30696914,-7.2172183]}},{"type":"Feature","properties":{"Line":"R130","Tr":3021,"X":"644300.5","Y":"9202019.0","Rotation":0,"NAMOBJ":"Sukobendu","WADMKC":"Mantup","WADMKK":"Lamongan"},"geometry":{"type":"Point","coordinates":[112.30696946,-7.21733134]}},{"type":"Feature","properties":{"Line":"R130","Tr":3022,"X":"644300.5","Y":"9202006.5","Rotation":0,"NAMOBJ":"Sukobendu","WADMKC":"Mantup","WADMKK":"Lamongan"},"geometry":{"type":"Point","coordinates":[112.30696978,-7.21744439]}},{"type":"Feature","properties":{"Line":"R130","Tr":3023,"X":"644300.5","Y":"9201994.0","Rotation":0,"NAMOBJ":"Sukobendu","WADMKC":"Mantup","WADMKK":"Lamongan"},"geometry":{"type":"Point","coordinates":[112.30697011,-7.21755743]}},{"type":"Feature","properties":{"Line":"R130","Tr":3024,"X":"644300.5","Y":"9201981.5","Rotation":0,"NAMOBJ":"Sukobendu","WADMKC":"Mantup","WADMKK":"Lamongan"},"geometry":{"type":"Point","coordinates":[112.30697043,-7.21767047]}},{"type":"Feature","properties":{"Line":"R130","Tr":3025,"X":"644300.5","Y":"9201969.0","Rotation":0,"NAMOBJ":"Sukobendu","WADMKC":"Mantup","WADMKK":"Lamongan"},"geometry":{"type":"Point","coordinates":[112.30697076,-7.21778352]}},{"type":"Feature","properties":{"Line":"R130","Tr":3026,"X":"644300.5","Y":"9201956.5","Rotation":0,"NAMOBJ":"Sukobendu","WADMKC":"Mantup","WADMKK":"Lamongan"},"geometry":{"type":"Point","coordinates":[112.30697108,-7.21789656]}},{"type":"Feature","properties":{"Line":"R130","Tr":3027,"X":"644300.5","Y":"9201944.0","Rotation":0,"NAMOBJ":"Sukobendu","WADMKC":"Mantup","WADMKK":"Lamongan"},"geometry":{"type":"Point","coordinates":[112.30697141,-7.21800961]}},{"type":"Feature","properties":{"Line":"R130","Tr":3028,"X":"644300.5","Y":"9201931.5","Rotation":0,"NAMOBJ":"Sukobendu","WADMKC":"Mantup","WADMKK":"Lamongan"},"geometry":{"type":"Point","coordinates":[112.30697173,-7.21812265]}},{"type":"Feature","properties":{"Line":"R130","Tr":3029,"X":"644300.5","Y":"9201919.0","Rotation":0,"NAMOBJ":"Sukobendu","WADMKC":"Mantup","WADMKK":"Lamongan"},"geometry":{"type":"Point","coordinates":[112.30697206,-7.21823569]}},{"type":"Feature","properties":{"Line":"R130","Tr":3030,"X":"644300.5","Y":"9201906.5","Rotation":0,"NAMOBJ":"Sukobendu","WADMKC":"Mantup","WADMKK":"Lamongan"},"geometry":{"type":"Point","coordinates":[112.30697238,-7.21834874]}},{"type":"Feature","properties":{"Line":"R130","Tr":3031,"X":"644300.5","Y":"9201894.0","Rotation":0,"NAMOBJ":"Sukobendu","WADMKC":"Mantup","WADMKK":"Lamongan"},"geometry":{"type":"Point","coordinates":[112.3069727,-7.21846178]}},{"type":"Feature","properties":{"Line":"R130","Tr":3032,"X":"644300.5","Y":"9201881.5","Rotation":0,"NAMOBJ":"Sukobendu","WADMKC":"Mantup","WADMKK":"Lamongan"},"geometry":{"type":"Point","coordinates":[112.30697303,-7.21857483]}},{"type":"Feature","properties":{"Line":"R130","Tr":3033,"X":"644300.5","Y":"9201869.0","Rotation":0,"NAMOBJ":"Sukobendu","WADMKC":"Mantup","WADMKK":"Lamongan"},"geometry":{"type":"Point","coordinates":[112.30697335,-7.21868787]}},{"type":"Feature","properties":{"Line":"R130","Tr":3034,"X":"644300.5","Y":"9201856.5","Rotation":0,"NAMOBJ":"Sukobendu","WADMKC":"Mantup","WADMKK":"Lamongan"},"geometry":{"type":"Point","coordinates":[112.30697368,-7.21880091]}},{"type":"Feature","properties":{"Line":"R130","Tr":3035,"X":"644300.5","Y":"9201844.0","Rotation":0,"NAMOBJ":"Sukobendu","WADMKC":"Mantup","WADMKK":"Lamongan"},"geometry":{"type":"Point","coordinates":[112.306974,-7.21891396]}},{"type":"Feature","properties":{"Line":"R130","Tr":3036,"X":"644300.5","Y":"9201831.5","Rotation":0,"NAMOBJ":"Sukobendu","WADMKC":"Mantup","WADMKK":"Lamongan"},"geometry":{"type":"Point","coordinates":[112.30697433,-7.219027]}},{"type":"Feature","properties":{"Line":"R130","Tr":3037,"X":"644300.5","Y":"9201819.0","Rotation":0,"NAMOBJ":"Sukobendu","WADMKC":"Mantup","WADMKK":"Lamongan"},"geometry":{"type":"Point","coordinates":[112.30697465,-7.21914004]}},{"type":"Feature","properties":{"Line":"R130","Tr":3038,"X":"644300.5","Y":"9201806.5","Rotation":0,"NAMOBJ":"Sukobendu","WADMKC":"Mantup","WADMKK":"Lamongan"},"geometry":{"type":"Point","coordinates":[112.30697498,-7.21925309]}},{"type":"Feature","properties":{"Line":"R130","Tr":3039,"X":"644300.5","Y":"9201794.0","Rotation":0,"NAMOBJ":"Sukobendu","WADMKC":"Mantup","WADMKK":"Lamongan"},"geometry":{"type":"Point","coordinates":[112.3069753,-7.21936613]}},{"type":"Feature","properties":{"Line":"R130","Tr":3040,"X":"644300.5","Y":"9201781.5","Rotation":0,"NAMOBJ":"Sukobendu","WADMKC":"Mantup","WADMKK":"Lamongan"},"geometry":{"type":"Point","coordinates":[112.30697563,-7.21947918]}},{"type":"Feature","properties":{"Line":"R130","Tr":3041,"X":"644300.5","Y":"9201769.0","Rotation":0,"NAMOBJ":"Sukobendu","WADMKC":"Mantup","WADMKK":"Lamongan"},"geometry":{"type":"Point","coordinates":[112.30697595,-7.21959222]}},{"type":"Feature","properties":{"Line":"R130","Tr":3042,"X":"644300.5","Y":"9201756.5","Rotation":0,"NAMOBJ":"Sukobendu","WADMKC":"Mantup","WADMKK":"Lamongan"},"geometry":{"type":"Point","coordinates":[112.30697627,-7.21970526]}},{"type":"Feature","properties":{"Line":"R130","Tr":3043,"X":"644300.5","Y":"9201744.0","Rotation":0,"NAMOBJ":"Sukobendu","WADMKC":"Mantup","WADMKK":"Lamongan"},"geometry":{"type":"Point","coordinates":[112.3069766,-7.21981831]}},{"type":"Feature","properties":{"Line":"R130","Tr":3044,"X":"644300.5","Y":"9201731.5","Rotation":0,"NAMOBJ":"Sukobendu","WADMKC":"Mantup","WADMKK":"Lamongan"},"geometry":{"type":"Point","coordinates":[112.30697692,-7.21993135]}},{"type":"Feature","properties":{"Line":"R130","Tr":3045,"X":"644300.5","Y":"9201719.0","Rotation":0,"NAMOBJ":"Sukobendu","WADMKC":"Mantup","WADMKK":"Lamongan"},"geometry":{"type":"Point","coordinates":[112.30697725,-7.2200444]}},{"type":"Feature","properties":{"Line":"R130","Tr":3046,"X":"644300.5","Y":"9201706.5","Rotation":0,"NAMOBJ":"Sukobendu","WADMKC":"Mantup","WADMKK":"Lamongan"},"geometry":{"type":"Point","coordinates":[112.30697757,-7.22015744]}},{"type":"Feature","properties":{"Line":"R130","Tr":3047,"X":"644300.5","Y":"9201694.0","Rotation":0,"NAMOBJ":"Sukobendu","WADMKC":"Mantup","WADMKK":"Lamongan"},"geometry":{"type":"Point","coordinates":[112.3069779,-7.22027048]}},{"type":"Feature","properties":{"Line":"R130","Tr":3048,"X":"644300.5","Y":"9201681.5","Rotation":0,"NAMOBJ":"Sukobendu","WADMKC":"Mantup","WADMKK":"Lamongan"},"geometry":{"type":"Point","coordinates":[112.30697822,-7.22038353]}},{"type":"Feature","properties":{"Line":"R130","Tr":3049,"X":"644300.5","Y":"9201669.0","Rotation":0,"NAMOBJ":"Sukobendu","WADMKC":"Mantup","WADMKK":"Lamongan"},"geometry":{"type":"Point","coordinates":[112.30697855,-7.22049657]}},{"type":"Feature","properties":{"Line":"R130","Tr":3050,"X":"644300.5","Y":"9201656.5","Rotation":0,"NAMOBJ":"Sukobendu","WADMKC":"Mantup","WADMKK":"Lamongan"},"geometry":{"type":"Point","coordinates":[112.30697887,-7.22060962]}},{"type":"Feature","properties":{"Line":"R130","Tr":3051,"X":"644300.5","Y":"9201644.0","Rotation":0,"NAMOBJ":"Sukobendu","WADMKC":"Mantup","WADMKK":"Lamongan"},"geometry":{"type":"Point","coordinates":[112.3069792,-7.22072266]}},{"type":"Feature","properties":{"Line":"R130","Tr":3052,"X":"644300.5","Y":"9201631.5","Rotation":0,"NAMOBJ":"Sukobendu","WADMKC":"Mantup","WADMKK":"Lamongan"},"geometry":{"type":"Point","coordinates":[112.30697952,-7.2208357]}},{"type":"Feature","properties":{"Line":"R132","Tr":2836,"X":"645300.5","Y":"9203931.5","Rotation":0,"NAMOBJ":"Sukobendu","WADMKC":"Mantup","WADMKK":"Lamongan"},"geometry":{"type":"Point","coordinates":[112.31597519,-7.20000967]}},{"type":"Feature","properties":{"Line":"R132","Tr":2837,"X":"645300.5","Y":"9203919.0","Rotation":0,"NAMOBJ":"Sukobendu","WADMKC":"Mantup","WADMKK":"Lamongan"},"geometry":{"type":"Point","coordinates":[112.31597552,-7.20012272]}},{"type":"Feature","properties":{"Line":"R132","Tr":2838,"X":"645300.5","Y":"9203906.5","Rotation":0,"NAMOBJ":"Sukobendu","WADMKC":"Mantup","WADMKK":"Lamongan"},"geometry":{"type":"Point","coordinates":[112.31597584,-7.20023576]}},{"type":"Feature","properties":{"Line":"R132","Tr":2839,"X":"645300.5","Y":"9203894.0","Rotation":0,"NAMOBJ":"Sukobendu","WADMKC":"Mantup","WADMKK":"Lamongan"},"geometry":{"type":"Point","coordinates":[112.31597617,-7.2003488]}},{"type":"Feature","properties":{"Line":"R132","Tr":2840,"X":"645300.5","Y":"9203881.5","Rotation":0,"NAMOBJ":"Sukobendu","WADMKC":"Mantup","WADMKK":"Lamongan"},"geometry":{"type":"Point","coordinates":[112.31597649,-7.20046185]}},{"type":"Feature","properties":{"Line":"R132","Tr":2841,"X":"645300.5","Y":"9203869.0","Rotation":0,"NAMOBJ":"Sukobendu","WADMKC":"Mantup","WADMKK":"Lamongan"},"geometry":{"type":"Point","coordinates":[112.31597682,-7.20057489]}},{"type":"Feature","properties":{"Line":"R132","Tr":2842,"X":"645300.5","Y":"9203856.5","Rotation":0,"NAMOBJ":"Sukobendu","WADMKC":"Mantup","WADMKK":"Lamongan"},"geometry":{"type":"Point","coordinates":[112.31597714,-7.20068793]}},{"type":"Feature","properties":{"Line":"R132","Tr":2843,"X":"645300.5","Y":"9203844.0","Rotation":0,"NAMOBJ":"Sukobendu","WADMKC":"Mantup","WADMKK":"Lamongan"},"geometry":{"type":"Point","coordinates":[112.31597747,-7.20080098]}},{"type":"Feature","properties":{"Line":"R132","Tr":2844,"X":"645300.5","Y":"9203831.5","Rotation":0,"NAMOBJ":"Sukobendu","WADMKC":"Mantup","WADMKK":"Lamongan"},"geometry":{"type":"Point","coordinates":[112.3159778,-7.20091402]}},{"type":"Feature","properties":{"Line":"R132","Tr":2845,"X":"645300.5","Y":"9203819.0","Rotation":0,"NAMOBJ":"Sukobendu","WADMKC":"Mantup","WADMKK":"Lamongan"},"geometry":{"type":"Point","coordinates":[112.31597812,-7.20102706]}},{"type":"Feature","properties":{"Line":"R132","Tr":2846,"X":"645300.5","Y":"9203806.5","Rotation":0,"NAMOBJ":"Sukobendu","WADMKC":"Mantup","WADMKK":"Lamongan"},"geometry":{"type":"Point","coordinates":[112.31597845,-7.20114011]}},{"type":"Feature","properties":{"Line":"R132","Tr":2847,"X":"645300.5","Y":"9203794.0","Rotation":0,"NAMOBJ":"Sukobendu","WADMKC":"Mantup","WADMKK":"Lamongan"},"geometry":{"type":"Point","coordinates":[112.31597877,-7.20125315]}},{"type":"Feature","properties":{"Line":"R132","Tr":2848,"X":"645300.5","Y":"9203781.5","Rotation":0,"NAMOBJ":"Sukobendu","WADMKC":"Mantup","WADMKK":"Lamongan"},"geometry":{"type":"Point","coordinates":[112.3159791,-7.2013662]}},{"type":"Feature","properties":{"Line":"R132","Tr":2849,"X":"645300.5","Y":"9203769.0","Rotation":0,"NAMOBJ":"Sukobendu","WADMKC":"Mantup","WADMKK":"Lamongan"},"geometry":{"type":"Point","coordinates":[112.31597943,-7.20147924]}},{"type":"Feature","properties":{"Line":"R132","Tr":2850,"X":"645300.5","Y":"9203756.5","Rotation":0,"NAMOBJ":"Sukobendu","WADMKC":"Mantup","WADMKK":"Lamongan"},"geometry":{"type":"Point","coordinates":[112.31597975,-7.20159228]}},{"type":"Feature","properties":{"Line":"R132","Tr":2851,"X":"645300.5","Y":"9203744.0","Rotation":0,"NAMOBJ":"Sukobendu","WADMKC":"Mantup","WADMKK":"Lamongan"},"geometry":{"type":"Point","coordinates":[112.31598008,-7.20170533]}},{"type":"Feature","properties":{"Line":"R132","Tr":2852,"X":"645300.5","Y":"9203731.5","Rotation":0,"NAMOBJ":"Sukobendu","WADMKC":"Mantup","WADMKK":"Lamongan"},"geometry":{"type":"Point","coordinates":[112.3159804,-7.20181837]}},{"type":"Feature","properties":{"Line":"R132","Tr":2853,"X":"645300.5","Y":"9203719.0","Rotation":0,"NAMOBJ":"Sukobendu","WADMKC":"Mantup","WADMKK":"Lamongan"},"geometry":{"type":"Point","coordinates":[112.31598073,-7.20193141]}},{"type":"Feature","properties":{"Line":"R132","Tr":2854,"X":"645300.5","Y":"9203706.5","Rotation":0,"NAMOBJ":"Sukobendu","WADMKC":"Mantup","WADMKK":"Lamongan"},"geometry":{"type":"Point","coordinates":[112.31598106,-7.20204446]}},{"type":"Feature","properties":{"Line":"R132","Tr":2855,"X":"645300.5","Y":"9203694.0","Rotation":0,"NAMOBJ":"Sukobendu","WADMKC":"Mantup","WADMKK":"Lamongan"},"geometry":{"type":"Point","coordinates":[112.31598138,-7.2021575]}},{"type":"Feature","properties":{"Line":"R132","Tr":2856,"X":"645300.5","Y":"9203681.5","Rotation":0,"NAMOBJ":"Sukobendu","WADMKC":"Mantup","WADMKK":"Lamongan"},"geometry":{"type":"Point","coordinates":[112.31598171,-7.20227054]}},{"type":"Feature","properties":{"Line":"R132","Tr":2857,"X":"645300.5","Y":"9203669.0","Rotation":0,"NAMOBJ":"Sukobendu","WADMKC":"Mantup","WADMKK":"Lamongan"},"geometry":{"type":"Point","coordinates":[112.31598203,-7.20238359]}},{"type":"Feature","properties":{"Line":"R132","Tr":2858,"X":"645300.5","Y":"9203656.5","Rotation":0,"NAMOBJ":"Sukobendu","WADMKC":"Mantup","WADMKK":"Lamongan"},"geometry":{"type":"Point","coordinates":[112.31598236,-7.20249663]}},{"type":"Feature","properties":{"Line":"R132","Tr":2859,"X":"645300.5","Y":"9203644.0","Rotation":0,"NAMOBJ":"Sukobendu","WADMKC":"Mantup","WADMKK":"Lamongan"},"geometry":{"type":"Point","coordinates":[112.31598269,-7.20260967]}},{"type":"Feature","properties":{"Line":"R132","Tr":2860,"X":"645300.5","Y":"9203631.5","Rotation":0,"NAMOBJ":"Sukobendu","WADMKC":"Mantup","WADMKK":"Lamongan"},"geometry":{"type":"Point","coordinates":[112.31598301,-7.20272272]}},{"type":"Feature","properties":{"Line":"R132","Tr":2861,"X":"645300.5","Y":"9203619.0","Rotation":0,"NAMOBJ":"Sukobendu","WADMKC":"Mantup","WADMKK":"Lamongan"},"geometry":{"type":"Point","coordinates":[112.31598334,-7.20283576]}},{"type":"Feature","properties":{"Line":"R132","Tr":2862,"X":"645300.5","Y":"9203606.5","Rotation":0,"NAMOBJ":"Sukobendu","WADMKC":"Mantup","WADMKK":"Lamongan"},"geometry":{"type":"Point","coordinates":[112.31598366,-7.20294881]}},{"type":"Feature","properties":{"Line":"R132","Tr":2863,"X":"645300.5","Y":"9203594.0","Rotation":0,"NAMOBJ":"Sukobendu","WADMKC":"Mantup","WADMKK":"Lamongan"},"geometry":{"type":"Point","coordinates":[112.31598399,-7.20306185]}},{"type":"Feature","properties":{"Line":"R132","Tr":2864,"X":"645300.5","Y":"9203581.5","Rotation":0,"NAMOBJ":"Sukobendu","WADMKC":"Mantup","WADMKK":"Lamongan"},"geometry":{"type":"Point","coordinates":[112.31598432,-7.20317489]}},{"type":"Feature","properties":{"Line":"R132","Tr":2865,"X":"645300.5","Y":"9203569.0","Rotation":0,"NAMOBJ":"Sukobendu","WADMKC":"Mantup","WADMKK":"Lamongan"},"geometry":{"type":"Point","coordinates":[112.31598464,-7.20328794]}},{"type":"Feature","properties":{"Line":"R132","Tr":2866,"X":"645300.5","Y":"9203556.5","Rotation":0,"NAMOBJ":"Sukobendu","WADMKC":"Mantup","WADMKK":"Lamongan"},"geometry":{"type":"Point","coordinates":[112.31598497,-7.20340098]}},{"type":"Feature","properties":{"Line":"R132","Tr":2867,"X":"645300.5","Y":"9203544.0","Rotation":0,"NAMOBJ":"Sukobendu","WADMKC":"Mantup","WADMKK":"Lamongan"},"geometry":{"type":"Point","coordinates":[112.31598529,-7.20351402]}},{"type":"Feature","properties":{"Line":"R132","Tr":2868,"X":"645300.5","Y":"9203531.5","Rotation":0,"NAMOBJ":"Sukobendu","WADMKC":"Mantup","WADMKK":"Lamongan"},"geometry":{"type":"Point","coordinates":[112.31598562,-7.20362707]}},{"type":"Feature","properties":{"Line":"R132","Tr":2869,"X":"645300.5","Y":"9203519.0","Rotation":0,"NAMOBJ":"Sukobendu","WADMKC":"Mantup","WADMKK":"Lamongan"},"geometry":{"type":"Point","coordinates":[112.31598595,-7.20374011]}},{"type":"Feature","properties":{"Line":"R132","Tr":2870,"X":"645300.5","Y":"9203506.5","Rotation":0,"NAMOBJ":"Sukobendu","WADMKC":"Mantup","WADMKK":"Lamongan"},"geometry":{"type":"Point","coordinates":[112.31598627,-7.20385315]}},{"type":"Feature","properties":{"Line":"R132","Tr":2871,"X":"645300.5","Y":"9203494.0","Rotation":0,"NAMOBJ":"Sukobendu","WADMKC":"Mantup","WADMKK":"Lamongan"},"geometry":{"type":"Point","coordinates":[112.3159866,-7.2039662]}},{"type":"Feature","properties":{"Line":"R132","Tr":2872,"X":"645300.5","Y":"9203481.5","Rotation":0,"NAMOBJ":"Sukobendu","WADMKC":"Mantup","WADMKK":"Lamongan"},"geometry":{"type":"Point","coordinates":[112.31598692,-7.20407924]}},{"type":"Feature","properties":{"Line":"R132","Tr":2873,"X":"645300.5","Y":"9203469.0","Rotation":0,"NAMOBJ":"Sukobendu","WADMKC":"Mantup","WADMKK":"Lamongan"},"geometry":{"type":"Point","coordinates":[112.31598725,-7.20419228]}},{"type":"Feature","properties":{"Line":"R132","Tr":2874,"X":"645300.5","Y":"9203456.5","Rotation":0,"NAMOBJ":"Sukobendu","WADMKC":"Mantup","WADMKK":"Lamongan"},"geometry":{"type":"Point","coordinates":[112.31598758,-7.20430533]}},{"type":"Feature","properties":{"Line":"R132","Tr":2875,"X":"645300.5","Y":"9203444.0","Rotation":0,"NAMOBJ":"Sukobendu","WADMKC":"Mantup","WADMKK":"Lamongan"},"geometry":{"type":"Point","coordinates":[112.3159879,-7.20441837]}},{"type":"Feature","properties":{"Line":"R132","Tr":2876,"X":"645300.5","Y":"9203431.5","Rotation":0,"NAMOBJ":"Sukobendu","WADMKC":"Mantup","WADMKK":"Lamongan"},"geometry":{"type":"Point","coordinates":[112.31598823,-7.20453141]}},{"type":"Feature","properties":{"Line":"R132","Tr":2877,"X":"645300.5","Y":"9203419.0","Rotation":0,"NAMOBJ":"Sukobendu","WADMKC":"Mantup","WADMKK":"Lamongan"},"geometry":{"type":"Point","coordinates":[112.31598856,-7.20464446]}},{"type":"Feature","properties":{"Line":"R132","Tr":2878,"X":"645300.5","Y":"9203406.5","Rotation":0,"NAMOBJ":"Sukobendu","WADMKC":"Mantup","WADMKK":"Lamongan"},"geometry":{"type":"Point","coordinates":[112.31598888,-7.2047575]}},{"type":"Feature","properties":{"Line":"R132","Tr":2879,"X":"645300.5","Y":"9203394.0","Rotation":0,"NAMOBJ":"Sukobendu","WADMKC":"Mantup","WADMKK":"Lamongan"},"geometry":{"type":"Point","coordinates":[112.31598921,-7.20487055]}},{"type":"Feature","properties":{"Line":"R132","Tr":2880,"X":"645300.5","Y":"9203381.5","Rotation":0,"NAMOBJ":"Sukobendu","WADMKC":"Mantup","WADMKK":"Lamongan"},"geometry":{"type":"Point","coordinates":[112.31598953,-7.20498359]}},{"type":"Feature","properties":{"Line":"R132","Tr":2881,"X":"645300.5","Y":"9203369.0","Rotation":0,"NAMOBJ":"Sukobendu","WADMKC":"Mantup","WADMKK":"Lamongan"},"geometry":{"type":"Point","coordinates":[112.31598986,-7.20509663]}},{"type":"Feature","properties":{"Line":"R132","Tr":2882,"X":"645300.5","Y":"9203356.5","Rotation":0,"NAMOBJ":"Sukobendu","WADMKC":"Mantup","WADMKK":"Lamongan"},"geometry":{"type":"Point","coordinates":[112.31599019,-7.20520968]}},{"type":"Feature","properties":{"Line":"R132","Tr":2883,"X":"645300.5","Y":"9203344.0","Rotation":0,"NAMOBJ":"Sukobendu","WADMKC":"Mantup","WADMKK":"Lamongan"},"geometry":{"type":"Point","coordinates":[112.31599051,-7.20532272]}},{"type":"Feature","properties":{"Line":"R132","Tr":2884,"X":"645300.5","Y":"9203331.5","Rotation":0,"NAMOBJ":"Sukobendu","WADMKC":"Mantup","WADMKK":"Lamongan"},"geometry":{"type":"Point","coordinates":[112.31599084,-7.20543576]}},{"type":"Feature","properties":{"Line":"R132","Tr":2885,"X":"645300.5","Y":"9203319.0","Rotation":0,"NAMOBJ":"Sukobendu","WADMKC":"Mantup","WADMKK":"Lamongan"},"geometry":{"type":"Point","coordinates":[112.31599116,-7.20554881]}},{"type":"Feature","properties":{"Line":"R132","Tr":2886,"X":"645300.5","Y":"9203306.5","Rotation":0,"NAMOBJ":"Sukobendu","WADMKC":"Mantup","WADMKK":"Lamongan"},"geometry":{"type":"Point","coordinates":[112.31599149,-7.20566185]}},{"type":"Feature","properties":{"Line":"R132","Tr":2887,"X":"645300.5","Y":"9203294.0","Rotation":0,"NAMOBJ":"Sukobendu","WADMKC":"Mantup","WADMKK":"Lamongan"},"geometry":{"type":"Point","coordinates":[112.31599182,-7.20577489]}},{"type":"Feature","properties":{"Line":"R132","Tr":2888,"X":"645300.5","Y":"9203281.5","Rotation":0,"NAMOBJ":"Sukobendu","WADMKC":"Mantup","WADMKK":"Lamongan"},"geometry":{"type":"Point","coordinates":[112.31599214,-7.20588794]}},{"type":"Feature","properties":{"Line":"R132","Tr":2889,"X":"645300.5","Y":"9203269.0","Rotation":0,"NAMOBJ":"Sukobendu","WADMKC":"Mantup","WADMKK":"Lamongan"},"geometry":{"type":"Point","coordinates":[112.31599247,-7.20600098]}},{"type":"Feature","properties":{"Line":"R132","Tr":2890,"X":"645300.5","Y":"9203256.5","Rotation":0,"NAMOBJ":"Sukobendu","WADMKC":"Mantup","WADMKK":"Lamongan"},"geometry":{"type":"Point","coordinates":[112.3159928,-7.20611402]}},{"type":"Feature","properties":{"Line":"R132","Tr":2891,"X":"645300.5","Y":"9203244.0","Rotation":0,"NAMOBJ":"Sukobendu","WADMKC":"Mantup","WADMKK":"Lamongan"},"geometry":{"type":"Point","coordinates":[112.31599312,-7.20622707]}},{"type":"Feature","properties":{"Line":"R132","Tr":2892,"X":"645300.5","Y":"9203231.5","Rotation":0,"NAMOBJ":"Sukobendu","WADMKC":"Mantup","WADMKK":"Lamongan"},"geometry":{"type":"Point","coordinates":[112.31599345,-7.20634011]}},{"type":"Feature","properties":{"Line":"R132","Tr":2893,"X":"645300.5","Y":"9203219.0","Rotation":0,"NAMOBJ":"Sukobendu","WADMKC":"Mantup","WADMKK":"Lamongan"},"geometry":{"type":"Point","coordinates":[112.31599377,-7.20645315]}},{"type":"Feature","properties":{"Line":"R132","Tr":2894,"X":"645300.5","Y":"9203206.5","Rotation":0,"NAMOBJ":"Sukobendu","WADMKC":"Mantup","WADMKK":"Lamongan"},"geometry":{"type":"Point","coordinates":[112.3159941,-7.2065662]}},{"type":"Feature","properties":{"Line":"R132","Tr":2895,"X":"645300.5","Y":"9203194.0","Rotation":0,"NAMOBJ":"Sukobendu","WADMKC":"Mantup","WADMKK":"Lamongan"},"geometry":{"type":"Point","coordinates":[112.31599443,-7.20667924]}},{"type":"Feature","properties":{"Line":"R132","Tr":2896,"X":"645300.5","Y":"9203181.5","Rotation":0,"NAMOBJ":"Sukobendu","WADMKC":"Mantup","WADMKK":"Lamongan"},"geometry":{"type":"Point","coordinates":[112.31599475,-7.20679229]}},{"type":"Feature","properties":{"Line":"R132","Tr":2897,"X":"645300.5","Y":"9203169.0","Rotation":0,"NAMOBJ":"Sukobendu","WADMKC":"Mantup","WADMKK":"Lamongan"},"geometry":{"type":"Point","coordinates":[112.31599508,-7.20690533]}},{"type":"Feature","properties":{"Line":"R132","Tr":2898,"X":"645300.5","Y":"9203156.5","Rotation":0,"NAMOBJ":"Sukobendu","WADMKC":"Mantup","WADMKK":"Lamongan"},"geometry":{"type":"Point","coordinates":[112.31599541,-7.20701837]}},{"type":"Feature","properties":{"Line":"R132","Tr":2899,"X":"645300.5","Y":"9203144.0","Rotation":0,"NAMOBJ":"Sukobendu","WADMKC":"Mantup","WADMKK":"Lamongan"},"geometry":{"type":"Point","coordinates":[112.31599573,-7.20713142]}},{"type":"Feature","properties":{"Line":"R132","Tr":2900,"X":"645300.5","Y":"9203131.5","Rotation":0,"NAMOBJ":"Sukobendu","WADMKC":"Mantup","WADMKK":"Lamongan"},"geometry":{"type":"Point","coordinates":[112.31599606,-7.20724446]}},{"type":"Feature","properties":{"Line":"R132","Tr":2901,"X":"645300.5","Y":"9203119.0","Rotation":0,"NAMOBJ":"Sukobendu","WADMKC":"Mantup","WADMKK":"Lamongan"},"geometry":{"type":"Point","coordinates":[112.31599638,-7.2073575]}},{"type":"Feature","properties":{"Line":"R132","Tr":2902,"X":"645300.5","Y":"9203106.5","Rotation":0,"NAMOBJ":"Sukobendu","WADMKC":"Mantup","WADMKK":"Lamongan"},"geometry":{"type":"Point","coordinates":[112.31599671,-7.20747055]}},{"type":"Feature","properties":{"Line":"R132","Tr":2903,"X":"645300.5","Y":"9203094.0","Rotation":0,"NAMOBJ":"Sukobendu","WADMKC":"Mantup","WADMKK":"Lamongan"},"geometry":{"type":"Point","coordinates":[112.31599704,-7.20758359]}},{"type":"Feature","properties":{"Line":"R132","Tr":2904,"X":"645300.5","Y":"9203081.5","Rotation":0,"NAMOBJ":"Sukobendu","WADMKC":"Mantup","WADMKK":"Lamongan"},"geometry":{"type":"Point","coordinates":[112.31599736,-7.20769663]}},{"type":"Feature","properties":{"Line":"R132","Tr":2905,"X":"645300.5","Y":"9203069.0","Rotation":0,"NAMOBJ":"Sukobendu","WADMKC":"Mantup","WADMKK":"Lamongan"},"geometry":{"type":"Point","coordinates":[112.31599769,-7.20780968]}},{"type":"Feature","properties":{"Line":"R132","Tr":2906,"X":"645300.5","Y":"9203056.5","Rotation":0,"NAMOBJ":"Sukobendu","WADMKC":"Mantup","WADMKK":"Lamongan"},"geometry":{"type":"Point","coordinates":[112.31599801,-7.20792272]}},{"type":"Feature","properties":{"Line":"R132","Tr":2907,"X":"645300.5","Y":"9203044.0","Rotation":0,"NAMOBJ":"Sukobendu","WADMKC":"Mantup","WADMKK":"Lamongan"},"geometry":{"type":"Point","coordinates":[112.31599834,-7.20803576]}},{"type":"Feature","properties":{"Line":"R132","Tr":2908,"X":"645300.5","Y":"9203031.5","Rotation":0,"NAMOBJ":"Sukobendu","WADMKC":"Mantup","WADMKK":"Lamongan"},"geometry":{"type":"Point","coordinates":[112.31599867,-7.20814881]}},{"type":"Feature","properties":{"Line":"R132","Tr":2909,"X":"645300.5","Y":"9203019.0","Rotation":0,"NAMOBJ":"Sukobendu","WADMKC":"Mantup","WADMKK":"Lamongan"},"geometry":{"type":"Point","coordinates":[112.31599899,-7.20826185]}},{"type":"Feature","properties":{"Line":"R132","Tr":2910,"X":"645300.5","Y":"9203006.5","Rotation":0,"NAMOBJ":"Sukobendu","WADMKC":"Mantup","WADMKK":"Lamongan"},"geometry":{"type":"Point","coordinates":[112.31599932,-7.20837489]}},{"type":"Feature","properties":{"Line":"R132","Tr":2911,"X":"645300.5","Y":"9202994.0","Rotation":0,"NAMOBJ":"Sukobendu","WADMKC":"Mantup","WADMKK":"Lamongan"},"geometry":{"type":"Point","coordinates":[112.31599965,-7.20848794]}},{"type":"Feature","properties":{"Line":"R132","Tr":2912,"X":"645300.5","Y":"9202981.5","Rotation":0,"NAMOBJ":"Sukobendu","WADMKC":"Mantup","WADMKK":"Lamongan"},"geometry":{"type":"Point","coordinates":[112.31599997,-7.20860098]}},{"type":"Feature","properties":{"Line":"R132","Tr":2913,"X":"645300.5","Y":"9202969.0","Rotation":0,"NAMOBJ":"Sukobendu","WADMKC":"Mantup","WADMKK":"Lamongan"},"geometry":{"type":"Point","coordinates":[112.3160003,-7.20871403]}},{"type":"Feature","properties":{"Line":"R132","Tr":2914,"X":"645300.5","Y":"9202956.5","Rotation":0,"NAMOBJ":"Sukobendu","WADMKC":"Mantup","WADMKK":"Lamongan"},"geometry":{"type":"Point","coordinates":[112.31600063,-7.20882707]}},{"type":"Feature","properties":{"Line":"R132","Tr":2915,"X":"645300.5","Y":"9202944.0","Rotation":0,"NAMOBJ":"Sukobendu","WADMKC":"Mantup","WADMKK":"Lamongan"},"geometry":{"type":"Point","coordinates":[112.31600095,-7.20894011]}},{"type":"Feature","properties":{"Line":"R132","Tr":2916,"X":"645300.5","Y":"9202931.5","Rotation":0,"NAMOBJ":"Sukobendu","WADMKC":"Mantup","WADMKK":"Lamongan"},"geometry":{"type":"Point","coordinates":[112.31600128,-7.20905316]}},{"type":"Feature","properties":{"Line":"R132","Tr":2917,"X":"645300.5","Y":"9202919.0","Rotation":0,"NAMOBJ":"Sukobendu","WADMKC":"Mantup","WADMKK":"Lamongan"},"geometry":{"type":"Point","coordinates":[112.3160016,-7.2091662]}},{"type":"Feature","properties":{"Line":"R132","Tr":2918,"X":"645300.5","Y":"9202906.5","Rotation":0,"NAMOBJ":"Sukobendu","WADMKC":"Mantup","WADMKK":"Lamongan"},"geometry":{"type":"Point","coordinates":[112.31600193,-7.20927924]}},{"type":"Feature","properties":{"Line":"R132","Tr":2919,"X":"645300.5","Y":"9202894.0","Rotation":0,"NAMOBJ":"Sukobendu","WADMKC":"Mantup","WADMKK":"Lamongan"},"geometry":{"type":"Point","coordinates":[112.31600226,-7.20939229]}},{"type":"Feature","properties":{"Line":"R132","Tr":2920,"X":"645300.5","Y":"9202881.5","Rotation":0,"NAMOBJ":"Sukobendu","WADMKC":"Mantup","WADMKK":"Lamongan"},"geometry":{"type":"Point","coordinates":[112.31600258,-7.20950533]}},{"type":"Feature","properties":{"Line":"R132","Tr":2921,"X":"645300.5","Y":"9202869.0","Rotation":0,"NAMOBJ":"Sukobendu","WADMKC":"Mantup","WADMKK":"Lamongan"},"geometry":{"type":"Point","coordinates":[112.31600291,-7.20961837]}},{"type":"Feature","properties":{"Line":"R132","Tr":2922,"X":"645300.5","Y":"9202856.5","Rotation":0,"NAMOBJ":"Sukobendu","WADMKC":"Mantup","WADMKK":"Lamongan"},"geometry":{"type":"Point","coordinates":[112.31600324,-7.20973142]}},{"type":"Feature","properties":{"Line":"R132","Tr":2923,"X":"645300.5","Y":"9202844.0","Rotation":0,"NAMOBJ":"Sukobendu","WADMKC":"Mantup","WADMKK":"Lamongan"},"geometry":{"type":"Point","coordinates":[112.31600356,-7.20984446]}},{"type":"Feature","properties":{"Line":"R132","Tr":2924,"X":"645300.5","Y":"9202831.5","Rotation":0,"NAMOBJ":"Sukobendu","WADMKC":"Mantup","WADMKK":"Lamongan"},"geometry":{"type":"Point","coordinates":[112.31600389,-7.2099575]}},{"type":"Feature","properties":{"Line":"R132","Tr":2925,"X":"645300.5","Y":"9202819.0","Rotation":0,"NAMOBJ":"Sukobendu","WADMKC":"Mantup","WADMKK":"Lamongan"},"geometry":{"type":"Point","coordinates":[112.31600421,-7.21007055]}},{"type":"Feature","properties":{"Line":"R132","Tr":2926,"X":"645300.5","Y":"9202806.5","Rotation":0,"NAMOBJ":"Sukobendu","WADMKC":"Mantup","WADMKK":"Lamongan"},"geometry":{"type":"Point","coordinates":[112.31600454,-7.21018359]}},{"type":"Feature","properties":{"Line":"R132","Tr":2927,"X":"645300.5","Y":"9202794.0","Rotation":0,"NAMOBJ":"Sukobendu","WADMKC":"Mantup","WADMKK":"Lamongan"},"geometry":{"type":"Point","coordinates":[112.31600487,-7.21029663]}},{"type":"Feature","properties":{"Line":"R132","Tr":2928,"X":"645300.5","Y":"9202781.5","Rotation":0,"NAMOBJ":"Sukobendu","WADMKC":"Mantup","WADMKK":"Lamongan"},"geometry":{"type":"Point","coordinates":[112.31600519,-7.21040968]}},{"type":"Feature","properties":{"Line":"R132","Tr":2929,"X":"645300.5","Y":"9202769.0","Rotation":0,"NAMOBJ":"Sukobendu","WADMKC":"Mantup","WADMKK":"Lamongan"},"geometry":{"type":"Point","coordinates":[112.31600552,-7.21052272]}},{"type":"Feature","properties":{"Line":"R132","Tr":2930,"X":"645300.5","Y":"9202756.5","Rotation":0,"NAMOBJ":"Sukobendu","WADMKC":"Mantup","WADMKK":"Lamongan"},"geometry":{"type":"Point","coordinates":[112.31600585,-7.21063577]}},{"type":"Feature","properties":{"Line":"R132","Tr":2931,"X":"645300.5","Y":"9202744.0","Rotation":0,"NAMOBJ":"Sukobendu","WADMKC":"Mantup","WADMKK":"Lamongan"},"geometry":{"type":"Point","coordinates":[112.31600617,-7.21074881]}},{"type":"Feature","properties":{"Line":"R132","Tr":2932,"X":"645300.5","Y":"9202731.5","Rotation":0,"NAMOBJ":"Sukobendu","WADMKC":"Mantup","WADMKK":"Lamongan"},"geometry":{"type":"Point","coordinates":[112.3160065,-7.21086185]}},{"type":"Feature","properties":{"Line":"R132","Tr":2933,"X":"645300.5","Y":"9202719.0","Rotation":0,"NAMOBJ":"Sukobendu","WADMKC":"Mantup","WADMKK":"Lamongan"},"geometry":{"type":"Point","coordinates":[112.31600683,-7.2109749]}},{"type":"Feature","properties":{"Line":"R132","Tr":2934,"X":"645300.5","Y":"9202706.5","Rotation":0,"NAMOBJ":"Sukobendu","WADMKC":"Mantup","WADMKK":"Lamongan"},"geometry":{"type":"Point","coordinates":[112.31600715,-7.21108794]}},{"type":"Feature","properties":{"Line":"R132","Tr":2935,"X":"645300.5","Y":"9202694.0","Rotation":0,"NAMOBJ":"Sukobendu","WADMKC":"Mantup","WADMKK":"Lamongan"},"geometry":{"type":"Point","coordinates":[112.31600748,-7.21120098]}},{"type":"Feature","properties":{"Line":"R132","Tr":2936,"X":"645300.5","Y":"9202681.5","Rotation":0,"NAMOBJ":"Sukobendu","WADMKC":"Mantup","WADMKK":"Lamongan"},"geometry":{"type":"Point","coordinates":[112.31600781,-7.21131403]}},{"type":"Feature","properties":{"Line":"R132","Tr":2937,"X":"645300.5","Y":"9202669.0","Rotation":0,"NAMOBJ":"Sukobendu","WADMKC":"Mantup","WADMKK":"Lamongan"},"geometry":{"type":"Point","coordinates":[112.31600813,-7.21142707]}},{"type":"Feature","properties":{"Line":"R132","Tr":2938,"X":"645300.5","Y":"9202656.5","Rotation":0,"NAMOBJ":"Sukobendu","WADMKC":"Mantup","WADMKK":"Lamongan"},"geometry":{"type":"Point","coordinates":[112.31600846,-7.21154011]}},{"type":"Feature","properties":{"Line":"R132","Tr":2939,"X":"645300.5","Y":"9202644.0","Rotation":0,"NAMOBJ":"Sukobendu","WADMKC":"Mantup","WADMKK":"Lamongan"},"geometry":{"type":"Point","coordinates":[112.31600878,-7.21165316]}},{"type":"Feature","properties":{"Line":"R132","Tr":2940,"X":"645300.5","Y":"9202631.5","Rotation":0,"NAMOBJ":"Sukobendu","WADMKC":"Mantup","WADMKK":"Lamongan"},"geometry":{"type":"Point","coordinates":[112.31600911,-7.2117662]}},{"type":"Feature","properties":{"Line":"R132","Tr":2941,"X":"645300.5","Y":"9202619.0","Rotation":0,"NAMOBJ":"Sukobendu","WADMKC":"Mantup","WADMKK":"Lamongan"},"geometry":{"type":"Point","coordinates":[112.31600944,-7.21187924]}},{"type":"Feature","properties":{"Line":"R132","Tr":2942,"X":"645300.5","Y":"9202606.5","Rotation":0,"NAMOBJ":"Sukobendu","WADMKC":"Mantup","WADMKK":"Lamongan"},"geometry":{"type":"Point","coordinates":[112.31600976,-7.21199229]}},{"type":"Feature","properties":{"Line":"R132","Tr":2943,"X":"645300.5","Y":"9202594.0","Rotation":0,"NAMOBJ":"Sukobendu","WADMKC":"Mantup","WADMKK":"Lamongan"},"geometry":{"type":"Point","coordinates":[112.31601009,-7.21210533]}},{"type":"Feature","properties":{"Line":"R132","Tr":2944,"X":"645300.5","Y":"9202581.5","Rotation":0,"NAMOBJ":"Sukobendu","WADMKC":"Mantup","WADMKK":"Lamongan"},"geometry":{"type":"Point","coordinates":[112.31601042,-7.21221837]}},{"type":"Feature","properties":{"Line":"R132","Tr":2945,"X":"645300.5","Y":"9202569.0","Rotation":0,"NAMOBJ":"Sukobendu","WADMKC":"Mantup","WADMKK":"Lamongan"},"geometry":{"type":"Point","coordinates":[112.31601074,-7.21233142]}},{"type":"Feature","properties":{"Line":"R132","Tr":2946,"X":"645300.5","Y":"9202556.5","Rotation":0,"NAMOBJ":"Sukobendu","WADMKC":"Mantup","WADMKK":"Lamongan"},"geometry":{"type":"Point","coordinates":[112.31601107,-7.21244446]}},{"type":"Feature","properties":{"Line":"R132","Tr":2947,"X":"645300.5","Y":"9202544.0","Rotation":0,"NAMOBJ":"Sukobendu","WADMKC":"Mantup","WADMKK":"Lamongan"},"geometry":{"type":"Point","coordinates":[112.3160114,-7.2125575]}},{"type":"Feature","properties":{"Line":"R132","Tr":2948,"X":"645300.5","Y":"9202531.5","Rotation":0,"NAMOBJ":"Sukobendu","WADMKC":"Mantup","WADMKK":"Lamongan"},"geometry":{"type":"Point","coordinates":[112.31601172,-7.21267055]}},{"type":"Feature","properties":{"Line":"R132","Tr":2949,"X":"645300.5","Y":"9202519.0","Rotation":0,"NAMOBJ":"Sukobendu","WADMKC":"Mantup","WADMKK":"Lamongan"},"geometry":{"type":"Point","coordinates":[112.31601205,-7.21278359]}},{"type":"Feature","properties":{"Line":"R132","Tr":2950,"X":"645300.5","Y":"9202506.5","Rotation":0,"NAMOBJ":"Sukobendu","WADMKC":"Mantup","WADMKK":"Lamongan"},"geometry":{"type":"Point","coordinates":[112.31601238,-7.21289664]}},{"type":"Feature","properties":{"Line":"R132","Tr":2951,"X":"645300.5","Y":"9202494.0","Rotation":0,"NAMOBJ":"Sukobendu","WADMKC":"Mantup","WADMKK":"Lamongan"},"geometry":{"type":"Point","coordinates":[112.3160127,-7.21300968]}},{"type":"Feature","properties":{"Line":"R132","Tr":2952,"X":"645300.5","Y":"9202481.5","Rotation":0,"NAMOBJ":"Sukobendu","WADMKC":"Mantup","WADMKK":"Lamongan"},"geometry":{"type":"Point","coordinates":[112.31601303,-7.21312272]}},{"type":"Feature","properties":{"Line":"R132","Tr":2953,"X":"645300.5","Y":"9202469.0","Rotation":0,"NAMOBJ":"Sukobendu","WADMKC":"Mantup","WADMKK":"Lamongan"},"geometry":{"type":"Point","coordinates":[112.31601336,-7.21323577]}},{"type":"Feature","properties":{"Line":"R132","Tr":2954,"X":"645300.5","Y":"9202456.5","Rotation":0,"NAMOBJ":"Sukobendu","WADMKC":"Mantup","WADMKK":"Lamongan"},"geometry":{"type":"Point","coordinates":[112.31601368,-7.21334881]}},{"type":"Feature","properties":{"Line":"R132","Tr":2955,"X":"645300.5","Y":"9202444.0","Rotation":0,"NAMOBJ":"Sukobendu","WADMKC":"Mantup","WADMKK":"Lamongan"},"geometry":{"type":"Point","coordinates":[112.31601401,-7.21346185]}},{"type":"Feature","properties":{"Line":"R132","Tr":2956,"X":"645300.5","Y":"9202431.5","Rotation":0,"NAMOBJ":"Sukobendu","WADMKC":"Mantup","WADMKK":"Lamongan"},"geometry":{"type":"Point","coordinates":[112.31601433,-7.2135749]}},{"type":"Feature","properties":{"Line":"R132","Tr":2957,"X":"645300.5","Y":"9202419.0","Rotation":0,"NAMOBJ":"Sukobendu","WADMKC":"Mantup","WADMKK":"Lamongan"},"geometry":{"type":"Point","coordinates":[112.31601466,-7.21368794]}},{"type":"Feature","properties":{"Line":"R132","Tr":2958,"X":"645300.5","Y":"9202406.5","Rotation":0,"NAMOBJ":"Sukobendu","WADMKC":"Mantup","WADMKK":"Lamongan"},"geometry":{"type":"Point","coordinates":[112.31601499,-7.21380098]}},{"type":"Feature","properties":{"Line":"R132","Tr":2959,"X":"645300.5","Y":"9202394.0","Rotation":0,"NAMOBJ":"Sukobendu","WADMKC":"Mantup","WADMKK":"Lamongan"},"geometry":{"type":"Point","coordinates":[112.31601531,-7.21391403]}},{"type":"Feature","properties":{"Line":"R132","Tr":2960,"X":"645300.5","Y":"9202381.5","Rotation":0,"NAMOBJ":"Sukobendu","WADMKC":"Mantup","WADMKK":"Lamongan"},"geometry":{"type":"Point","coordinates":[112.31601564,-7.21402707]}},{"type":"Feature","properties":{"Line":"R132","Tr":2961,"X":"645300.5","Y":"9202369.0","Rotation":0,"NAMOBJ":"Sukobendu","WADMKC":"Mantup","WADMKK":"Lamongan"},"geometry":{"type":"Point","coordinates":[112.31601597,-7.21414011]}},{"type":"Feature","properties":{"Line":"R132","Tr":2962,"X":"645300.5","Y":"9202356.5","Rotation":0,"NAMOBJ":"Sukobendu","WADMKC":"Mantup","WADMKK":"Lamongan"},"geometry":{"type":"Point","coordinates":[112.31601629,-7.21425316]}},{"type":"Feature","properties":{"Line":"R132","Tr":2963,"X":"645300.5","Y":"9202344.0","Rotation":0,"NAMOBJ":"Sukobendu","WADMKC":"Mantup","WADMKK":"Lamongan"},"geometry":{"type":"Point","coordinates":[112.31601662,-7.2143662]}},{"type":"Feature","properties":{"Line":"R132","Tr":2964,"X":"645300.5","Y":"9202331.5","Rotation":0,"NAMOBJ":"Sukobendu","WADMKC":"Mantup","WADMKK":"Lamongan"},"geometry":{"type":"Point","coordinates":[112.31601695,-7.21447924]}},{"type":"Feature","properties":{"Line":"R132","Tr":2965,"X":"645300.5","Y":"9202319.0","Rotation":0,"NAMOBJ":"Sukobendu","WADMKC":"Mantup","WADMKK":"Lamongan"},"geometry":{"type":"Point","coordinates":[112.31601727,-7.21459229]}},{"type":"Feature","properties":{"Line":"R132","Tr":2966,"X":"645300.5","Y":"9202306.5","Rotation":0,"NAMOBJ":"Sukobendu","WADMKC":"Mantup","WADMKK":"Lamongan"},"geometry":{"type":"Point","coordinates":[112.3160176,-7.21470533]}},{"type":"Feature","properties":{"Line":"R132","Tr":2967,"X":"645300.5","Y":"9202294.0","Rotation":0,"NAMOBJ":"Sukobendu","WADMKC":"Mantup","WADMKK":"Lamongan"},"geometry":{"type":"Point","coordinates":[112.31601793,-7.21481837]}},{"type":"Feature","properties":{"Line":"R132","Tr":2968,"X":"645300.5","Y":"9202281.5","Rotation":0,"NAMOBJ":"Sukobendu","WADMKC":"Mantup","WADMKK":"Lamongan"},"geometry":{"type":"Point","coordinates":[112.31601825,-7.21493142]}},{"type":"Feature","properties":{"Line":"R132","Tr":2969,"X":"645300.5","Y":"9202269.0","Rotation":0,"NAMOBJ":"Sukobendu","WADMKC":"Mantup","WADMKK":"Lamongan"},"geometry":{"type":"Point","coordinates":[112.31601858,-7.21504446]}},{"type":"Feature","properties":{"Line":"R132","Tr":2970,"X":"645300.5","Y":"9202256.5","Rotation":0,"NAMOBJ":"Sukobendu","WADMKC":"Mantup","WADMKK":"Lamongan"},"geometry":{"type":"Point","coordinates":[112.31601891,-7.21515751]}},{"type":"Feature","properties":{"Line":"R132","Tr":2971,"X":"645300.5","Y":"9202244.0","Rotation":0,"NAMOBJ":"Sukobendu","WADMKC":"Mantup","WADMKK":"Lamongan"},"geometry":{"type":"Point","coordinates":[112.31601923,-7.21527055]}},{"type":"Feature","properties":{"Line":"R132","Tr":2972,"X":"645300.5","Y":"9202231.5","Rotation":0,"NAMOBJ":"Sukobendu","WADMKC":"Mantup","WADMKK":"Lamongan"},"geometry":{"type":"Point","coordinates":[112.31601956,-7.21538359]}},{"type":"Feature","properties":{"Line":"R132","Tr":2973,"X":"645300.5","Y":"9202219.0","Rotation":0,"NAMOBJ":"Sukobendu","WADMKC":"Mantup","WADMKK":"Lamongan"},"geometry":{"type":"Point","coordinates":[112.31601989,-7.21549664]}},{"type":"Feature","properties":{"Line":"R132","Tr":2974,"X":"645300.5","Y":"9202206.5","Rotation":0,"NAMOBJ":"Sukobendu","WADMKC":"Mantup","WADMKK":"Lamongan"},"geometry":{"type":"Point","coordinates":[112.31602021,-7.21560968]}},{"type":"Feature","properties":{"Line":"R132","Tr":2975,"X":"645300.5","Y":"9202194.0","Rotation":0,"NAMOBJ":"Sukobendu","WADMKC":"Mantup","WADMKK":"Lamongan"},"geometry":{"type":"Point","coordinates":[112.31602054,-7.21572272]}},{"type":"Feature","properties":{"Line":"R132","Tr":2976,"X":"645300.5","Y":"9202181.5","Rotation":0,"NAMOBJ":"Sukobendu","WADMKC":"Mantup","WADMKK":"Lamongan"},"geometry":{"type":"Point","coordinates":[112.31602087,-7.21583577]}},{"type":"Feature","properties":{"Line":"R132","Tr":2977,"X":"645300.5","Y":"9202169.0","Rotation":0,"NAMOBJ":"Sukobendu","WADMKC":"Mantup","WADMKK":"Lamongan"},"geometry":{"type":"Point","coordinates":[112.31602119,-7.21594881]}},{"type":"Feature","properties":{"Line":"R132","Tr":2978,"X":"645300.5","Y":"9202156.5","Rotation":0,"NAMOBJ":"Sukobendu","WADMKC":"Mantup","WADMKK":"Lamongan"},"geometry":{"type":"Point","coordinates":[112.31602152,-7.21606185]}},{"type":"Feature","properties":{"Line":"R132","Tr":2979,"X":"645300.5","Y":"9202144.0","Rotation":0,"NAMOBJ":"Sukobendu","WADMKC":"Mantup","WADMKK":"Lamongan"},"geometry":{"type":"Point","coordinates":[112.31602185,-7.2161749]}},{"type":"Feature","properties":{"Line":"R132","Tr":2980,"X":"645300.5","Y":"9202131.5","Rotation":0,"NAMOBJ":"Sukobendu","WADMKC":"Mantup","WADMKK":"Lamongan"},"geometry":{"type":"Point","coordinates":[112.31602217,-7.21628794]}},{"type":"Feature","properties":{"Line":"R132","Tr":2981,"X":"645300.5","Y":"9202119.0","Rotation":0,"NAMOBJ":"Sukobendu","WADMKC":"Mantup","WADMKK":"Lamongan"},"geometry":{"type":"Point","coordinates":[112.3160225,-7.21640098]}},{"type":"Feature","properties":{"Line":"R132","Tr":2982,"X":"645300.5","Y":"9202106.5","Rotation":0,"NAMOBJ":"Sukobendu","WADMKC":"Mantup","WADMKK":"Lamongan"},"geometry":{"type":"Point","coordinates":[112.31602283,-7.21651403]}},{"type":"Feature","properties":{"Line":"R132","Tr":2983,"X":"645300.5","Y":"9202094.0","Rotation":0,"NAMOBJ":"Sukobendu","WADMKC":"Mantup","WADMKK":"Lamongan"},"geometry":{"type":"Point","coordinates":[112.31602315,-7.21662707]}},{"type":"Feature","properties":{"Line":"R132","Tr":2984,"X":"645300.5","Y":"9202081.5","Rotation":0,"NAMOBJ":"Sukobendu","WADMKC":"Mantup","WADMKK":"Lamongan"},"geometry":{"type":"Point","coordinates":[112.31602348,-7.21674011]}},{"type":"Feature","properties":{"Line":"R132","Tr":2985,"X":"645300.5","Y":"9202069.0","Rotation":0,"NAMOBJ":"Sukobendu","WADMKC":"Mantup","WADMKK":"Lamongan"},"geometry":{"type":"Point","coordinates":[112.31602381,-7.21685316]}},{"type":"Feature","properties":{"Line":"R132","Tr":2986,"X":"645300.5","Y":"9202056.5","Rotation":0,"NAMOBJ":"Sukobendu","WADMKC":"Mantup","WADMKK":"Lamongan"},"geometry":{"type":"Point","coordinates":[112.31602413,-7.2169662]}},{"type":"Feature","properties":{"Line":"R132","Tr":2987,"X":"645300.5","Y":"9202044.0","Rotation":0,"NAMOBJ":"Sukobendu","WADMKC":"Mantup","WADMKK":"Lamongan"},"geometry":{"type":"Point","coordinates":[112.31602446,-7.21707924]}},{"type":"Feature","properties":{"Line":"R132","Tr":2988,"X":"645300.5","Y":"9202031.5","Rotation":0,"NAMOBJ":"Sukobendu","WADMKC":"Mantup","WADMKK":"Lamongan"},"geometry":{"type":"Point","coordinates":[112.31602479,-7.21719229]}},{"type":"Feature","properties":{"Line":"R132","Tr":2989,"X":"645300.5","Y":"9202019.0","Rotation":0,"NAMOBJ":"Sukobendu","WADMKC":"Mantup","WADMKK":"Lamongan"},"geometry":{"type":"Point","coordinates":[112.31602511,-7.21730533]}},{"type":"Feature","properties":{"Line":"R132","Tr":2990,"X":"645300.5","Y":"9202006.5","Rotation":0,"NAMOBJ":"Sukobendu","WADMKC":"Mantup","WADMKK":"Lamongan"},"geometry":{"type":"Point","coordinates":[112.31602544,-7.21741837]}},{"type":"Feature","properties":{"Line":"R132","Tr":2991,"X":"645300.5","Y":"9201994.0","Rotation":0,"NAMOBJ":"Sukobendu","WADMKC":"Mantup","WADMKK":"Lamongan"},"geometry":{"type":"Point","coordinates":[112.31602577,-7.21753142]}},{"type":"Feature","properties":{"Line":"R132","Tr":2992,"X":"645300.5","Y":"9201981.5","Rotation":0,"NAMOBJ":"Sukobendu","WADMKC":"Mantup","WADMKK":"Lamongan"},"geometry":{"type":"Point","coordinates":[112.31602609,-7.21764446]}},{"type":"Feature","properties":{"Line":"R132","Tr":2993,"X":"645300.5","Y":"9201969.0","Rotation":0,"NAMOBJ":"Sukobendu","WADMKC":"Mantup","WADMKK":"Lamongan"},"geometry":{"type":"Point","coordinates":[112.31602642,-7.21775751]}},{"type":"Feature","properties":{"Line":"R132","Tr":2994,"X":"645300.5","Y":"9201956.5","Rotation":0,"NAMOBJ":"Sukobendu","WADMKC":"Mantup","WADMKK":"Lamongan"},"geometry":{"type":"Point","coordinates":[112.31602675,-7.21787055]}},{"type":"Feature","properties":{"Line":"R132","Tr":2995,"X":"645300.5","Y":"9201944.0","Rotation":0,"NAMOBJ":"Sukobendu","WADMKC":"Mantup","WADMKK":"Lamongan"},"geometry":{"type":"Point","coordinates":[112.31602707,-7.21798359]}},{"type":"Feature","properties":{"Line":"R132","Tr":2996,"X":"645300.5","Y":"9201931.5","Rotation":0,"NAMOBJ":"Sukobendu","WADMKC":"Mantup","WADMKK":"Lamongan"},"geometry":{"type":"Point","coordinates":[112.3160274,-7.21809664]}},{"type":"Feature","properties":{"Line":"R132","Tr":2997,"X":"645300.5","Y":"9201919.0","Rotation":0,"NAMOBJ":"Sukobendu","WADMKC":"Mantup","WADMKK":"Lamongan"},"geometry":{"type":"Point","coordinates":[112.31602773,-7.21820968]}},{"type":"Feature","properties":{"Line":"R132","Tr":2998,"X":"645300.5","Y":"9201906.5","Rotation":0,"NAMOBJ":"Sukobendu","WADMKC":"Mantup","WADMKK":"Lamongan"},"geometry":{"type":"Point","coordinates":[112.31602805,-7.21832272]}},{"type":"Feature","properties":{"Line":"R132","Tr":2999,"X":"645300.5","Y":"9201894.0","Rotation":0,"NAMOBJ":"Sukobendu","WADMKC":"Mantup","WADMKK":"Lamongan"},"geometry":{"type":"Point","coordinates":[112.31602838,-7.21843577]}},{"type":"Feature","properties":{"Line":"R132","Tr":3000,"X":"645300.5","Y":"9201881.5","Rotation":0,"NAMOBJ":"Sukobendu","WADMKC":"Mantup","WADMKK":"Lamongan"},"geometry":{"type":"Point","coordinates":[112.31602871,-7.21854881]}},{"type":"Feature","properties":{"Line":"R134","Tr":2837,"X":"646300.5","Y":"9203919.0","Rotation":0,"NAMOBJ":"Sukobendu","WADMKC":"Mantup","WADMKK":"Lamongan"},"geometry":{"type":"Point","coordinates":[112.32503079,-7.20009659]}},{"type":"Feature","properties":{"Line":"R134","Tr":2838,"X":"646300.5","Y":"9203906.5","Rotation":0,"NAMOBJ":"Sukobendu","WADMKC":"Mantup","WADMKK":"Lamongan"},"geometry":{"type":"Point","coordinates":[112.32503112,-7.20020963]}},{"type":"Feature","properties":{"Line":"R134","Tr":2839,"X":"646300.5","Y":"9203894.0","Rotation":0,"NAMOBJ":"Sukobendu","WADMKC":"Mantup","WADMKK":"Lamongan"},"geometry":{"type":"Point","coordinates":[112.32503145,-7.20032267]}},{"type":"Feature","properties":{"Line":"R134","Tr":2840,"X":"646300.5","Y":"9203881.5","Rotation":0,"NAMOBJ":"Sukobendu","WADMKC":"Mantup","WADMKK":"Lamongan"},"geometry":{"type":"Point","coordinates":[112.32503178,-7.20043572]}},{"type":"Feature","properties":{"Line":"R134","Tr":2841,"X":"646300.5","Y":"9203869.0","Rotation":0,"NAMOBJ":"Sukobendu","WADMKC":"Mantup","WADMKK":"Lamongan"},"geometry":{"type":"Point","coordinates":[112.32503211,-7.20054876]}},{"type":"Feature","properties":{"Line":"R134","Tr":2842,"X":"646300.5","Y":"9203856.5","Rotation":0,"NAMOBJ":"Sukobendu","WADMKC":"Mantup","WADMKK":"Lamongan"},"geometry":{"type":"Point","coordinates":[112.32503243,-7.2006618]}},{"type":"Feature","properties":{"Line":"R134","Tr":2843,"X":"646300.5","Y":"9203844.0","Rotation":0,"NAMOBJ":"Sukobendu","WADMKC":"Mantup","WADMKK":"Lamongan"},"geometry":{"type":"Point","coordinates":[112.32503276,-7.20077485]}},{"type":"Feature","properties":{"Line":"R134","Tr":2844,"X":"646300.5","Y":"9203831.5","Rotation":0,"NAMOBJ":"Sukobendu","WADMKC":"Mantup","WADMKK":"Lamongan"},"geometry":{"type":"Point","coordinates":[112.32503309,-7.20088789]}},{"type":"Feature","properties":{"Line":"R134","Tr":2845,"X":"646300.5","Y":"9203819.0","Rotation":0,"NAMOBJ":"Sukobendu","WADMKC":"Mantup","WADMKK":"Lamongan"},"geometry":{"type":"Point","coordinates":[112.32503342,-7.20100093]}},{"type":"Feature","properties":{"Line":"R134","Tr":2846,"X":"646300.5","Y":"9203806.5","Rotation":0,"NAMOBJ":"Sukobendu","WADMKC":"Mantup","WADMKK":"Lamongan"},"geometry":{"type":"Point","coordinates":[112.32503375,-7.20111398]}},{"type":"Feature","properties":{"Line":"R134","Tr":2847,"X":"646300.5","Y":"9203794.0","Rotation":0,"NAMOBJ":"Sukobendu","WADMKC":"Mantup","WADMKK":"Lamongan"},"geometry":{"type":"Point","coordinates":[112.32503408,-7.20122702]}},{"type":"Feature","properties":{"Line":"R134","Tr":2848,"X":"646300.5","Y":"9203781.5","Rotation":0,"NAMOBJ":"Sukobendu","WADMKC":"Mantup","WADMKK":"Lamongan"},"geometry":{"type":"Point","coordinates":[112.3250344,-7.20134006]}},{"type":"Feature","properties":{"Line":"R134","Tr":2849,"X":"646300.5","Y":"9203769.0","Rotation":0,"NAMOBJ":"Sukobendu","WADMKC":"Mantup","WADMKK":"Lamongan"},"geometry":{"type":"Point","coordinates":[112.32503473,-7.20145311]}},{"type":"Feature","properties":{"Line":"R134","Tr":2850,"X":"646300.5","Y":"9203756.5","Rotation":0,"NAMOBJ":"Sukobendu","WADMKC":"Mantup","WADMKK":"Lamongan"},"geometry":{"type":"Point","coordinates":[112.32503506,-7.20156615]}},{"type":"Feature","properties":{"Line":"R134","Tr":2851,"X":"646300.5","Y":"9203744.0","Rotation":0,"NAMOBJ":"Sukobendu","WADMKC":"Mantup","WADMKK":"Lamongan"},"geometry":{"type":"Point","coordinates":[112.32503539,-7.20167919]}},{"type":"Feature","properties":{"Line":"R134","Tr":2852,"X":"646300.5","Y":"9203731.5","Rotation":0,"NAMOBJ":"Sukobendu","WADMKC":"Mantup","WADMKK":"Lamongan"},"geometry":{"type":"Point","coordinates":[112.32503572,-7.20179224]}},{"type":"Feature","properties":{"Line":"R134","Tr":2853,"X":"646300.5","Y":"9203719.0","Rotation":0,"NAMOBJ":"Sukobendu","WADMKC":"Mantup","WADMKK":"Lamongan"},"geometry":{"type":"Point","coordinates":[112.32503604,-7.20190528]}},{"type":"Feature","properties":{"Line":"R134","Tr":2854,"X":"646300.5","Y":"9203706.5","Rotation":0,"NAMOBJ":"Sukobendu","WADMKC":"Mantup","WADMKK":"Lamongan"},"geometry":{"type":"Point","coordinates":[112.32503637,-7.20201832]}},{"type":"Feature","properties":{"Line":"R134","Tr":2855,"X":"646300.5","Y":"9203694.0","Rotation":0,"NAMOBJ":"Sukobendu","WADMKC":"Mantup","WADMKK":"Lamongan"},"geometry":{"type":"Point","coordinates":[112.3250367,-7.20213136]}},{"type":"Feature","properties":{"Line":"R134","Tr":2856,"X":"646300.5","Y":"9203681.5","Rotation":0,"NAMOBJ":"Sukobendu","WADMKC":"Mantup","WADMKK":"Lamongan"},"geometry":{"type":"Point","coordinates":[112.32503703,-7.20224441]}},{"type":"Feature","properties":{"Line":"R134","Tr":2857,"X":"646300.5","Y":"9203669.0","Rotation":0,"NAMOBJ":"Sukobendu","WADMKC":"Mantup","WADMKK":"Lamongan"},"geometry":{"type":"Point","coordinates":[112.32503736,-7.20235745]}},{"type":"Feature","properties":{"Line":"R134","Tr":2858,"X":"646300.5","Y":"9203656.5","Rotation":0,"NAMOBJ":"Sukobendu","WADMKC":"Mantup","WADMKK":"Lamongan"},"geometry":{"type":"Point","coordinates":[112.32503769,-7.20247049]}},{"type":"Feature","properties":{"Line":"R134","Tr":2859,"X":"646300.5","Y":"9203644.0","Rotation":0,"NAMOBJ":"Sukobendu","WADMKC":"Mantup","WADMKK":"Lamongan"},"geometry":{"type":"Point","coordinates":[112.32503801,-7.20258354]}},{"type":"Feature","properties":{"Line":"R134","Tr":2860,"X":"646300.5","Y":"9203631.5","Rotation":0,"NAMOBJ":"Sukobendu","WADMKC":"Mantup","WADMKK":"Lamongan"},"geometry":{"type":"Point","coordinates":[112.32503834,-7.20269658]}},{"type":"Feature","properties":{"Line":"R134","Tr":2861,"X":"646300.5","Y":"9203619.0","Rotation":0,"NAMOBJ":"Sukobendu","WADMKC":"Mantup","WADMKK":"Lamongan"},"geometry":{"type":"Point","coordinates":[112.32503867,-7.20280962]}},{"type":"Feature","properties":{"Line":"R134","Tr":2862,"X":"646300.5","Y":"9203606.5","Rotation":0,"NAMOBJ":"Sukobendu","WADMKC":"Mantup","WADMKK":"Lamongan"},"geometry":{"type":"Point","coordinates":[112.325039,-7.20292267]}},{"type":"Feature","properties":{"Line":"R134","Tr":2863,"X":"646300.5","Y":"9203594.0","Rotation":0,"NAMOBJ":"Sukobendu","WADMKC":"Mantup","WADMKK":"Lamongan"},"geometry":{"type":"Point","coordinates":[112.32503933,-7.20303571]}},{"type":"Feature","properties":{"Line":"R134","Tr":2864,"X":"646300.5","Y":"9203581.5","Rotation":0,"NAMOBJ":"Sukobendu","WADMKC":"Mantup","WADMKK":"Lamongan"},"geometry":{"type":"Point","coordinates":[112.32503966,-7.20314875]}},{"type":"Feature","properties":{"Line":"R134","Tr":2865,"X":"646300.5","Y":"9203569.0","Rotation":0,"NAMOBJ":"Sukobendu","WADMKC":"Mantup","WADMKK":"Lamongan"},"geometry":{"type":"Point","coordinates":[112.32503998,-7.2032618]}},{"type":"Feature","properties":{"Line":"R134","Tr":2866,"X":"646300.5","Y":"9203556.5","Rotation":0,"NAMOBJ":"Sukobendu","WADMKC":"Mantup","WADMKK":"Lamongan"},"geometry":{"type":"Point","coordinates":[112.32504031,-7.20337484]}},{"type":"Feature","properties":{"Line":"R134","Tr":2867,"X":"646300.5","Y":"9203544.0","Rotation":0,"NAMOBJ":"Sukobendu","WADMKC":"Mantup","WADMKK":"Lamongan"},"geometry":{"type":"Point","coordinates":[112.32504064,-7.20348788]}},{"type":"Feature","properties":{"Line":"R134","Tr":2868,"X":"646300.5","Y":"9203531.5","Rotation":0,"NAMOBJ":"Sukobendu","WADMKC":"Mantup","WADMKK":"Lamongan"},"geometry":{"type":"Point","coordinates":[112.32504097,-7.20360093]}},{"type":"Feature","properties":{"Line":"R134","Tr":2869,"X":"646300.5","Y":"9203519.0","Rotation":0,"NAMOBJ":"Sukobendu","WADMKC":"Mantup","WADMKK":"Lamongan"},"geometry":{"type":"Point","coordinates":[112.3250413,-7.20371397]}},{"type":"Feature","properties":{"Line":"R134","Tr":2870,"X":"646300.5","Y":"9203506.5","Rotation":0,"NAMOBJ":"Sukobendu","WADMKC":"Mantup","WADMKK":"Lamongan"},"geometry":{"type":"Point","coordinates":[112.32504163,-7.20382701]}},{"type":"Feature","properties":{"Line":"R134","Tr":2871,"X":"646300.5","Y":"9203494.0","Rotation":0,"NAMOBJ":"Sukobendu","WADMKC":"Mantup","WADMKK":"Lamongan"},"geometry":{"type":"Point","coordinates":[112.32504195,-7.20394006]}},{"type":"Feature","properties":{"Line":"R134","Tr":2872,"X":"646300.5","Y":"9203481.5","Rotation":0,"NAMOBJ":"Sukobendu","WADMKC":"Mantup","WADMKK":"Lamongan"},"geometry":{"type":"Point","coordinates":[112.32504228,-7.2040531]}},{"type":"Feature","properties":{"Line":"R134","Tr":2873,"X":"646300.5","Y":"9203469.0","Rotation":0,"NAMOBJ":"Sukobendu","WADMKC":"Mantup","WADMKK":"Lamongan"},"geometry":{"type":"Point","coordinates":[112.32504261,-7.20416614]}},{"type":"Feature","properties":{"Line":"R134","Tr":2874,"X":"646300.5","Y":"9203456.5","Rotation":0,"NAMOBJ":"Sukobendu","WADMKC":"Mantup","WADMKK":"Lamongan"},"geometry":{"type":"Point","coordinates":[112.32504294,-7.20427918]}},{"type":"Feature","properties":{"Line":"R134","Tr":2875,"X":"646300.5","Y":"9203444.0","Rotation":0,"NAMOBJ":"Sukobendu","WADMKC":"Mantup","WADMKK":"Lamongan"},"geometry":{"type":"Point","coordinates":[112.32504327,-7.20439223]}},{"type":"Feature","properties":{"Line":"R134","Tr":2876,"X":"646300.5","Y":"9203431.5","Rotation":0,"NAMOBJ":"Sukobendu","WADMKC":"Mantup","WADMKK":"Lamongan"},"geometry":{"type":"Point","coordinates":[112.3250436,-7.20450527]}},{"type":"Feature","properties":{"Line":"R134","Tr":2877,"X":"646300.5","Y":"9203419.0","Rotation":0,"NAMOBJ":"Sukobendu","WADMKC":"Mantup","WADMKK":"Lamongan"},"geometry":{"type":"Point","coordinates":[112.32504392,-7.20461831]}},{"type":"Feature","properties":{"Line":"R134","Tr":2878,"X":"646300.5","Y":"9203406.5","Rotation":0,"NAMOBJ":"Sukobendu","WADMKC":"Mantup","WADMKK":"Lamongan"},"geometry":{"type":"Point","coordinates":[112.32504425,-7.20473136]}},{"type":"Feature","properties":{"Line":"R134","Tr":2879,"X":"646300.5","Y":"9203394.0","Rotation":0,"NAMOBJ":"Sukobendu","WADMKC":"Mantup","WADMKK":"Lamongan"},"geometry":{"type":"Point","coordinates":[112.32504458,-7.2048444]}},{"type":"Feature","properties":{"Line":"R134","Tr":2880,"X":"646300.5","Y":"9203381.5","Rotation":0,"NAMOBJ":"Sukobendu","WADMKC":"Mantup","WADMKK":"Lamongan"},"geometry":{"type":"Point","coordinates":[112.32504491,-7.20495744]}},{"type":"Feature","properties":{"Line":"R134","Tr":2881,"X":"646300.5","Y":"9203369.0","Rotation":0,"NAMOBJ":"Sukobendu","WADMKC":"Mantup","WADMKK":"Lamongan"},"geometry":{"type":"Point","coordinates":[112.32504524,-7.20507049]}},{"type":"Feature","properties":{"Line":"R134","Tr":2882,"X":"646300.5","Y":"9203356.5","Rotation":0,"NAMOBJ":"Sukobendu","WADMKC":"Mantup","WADMKK":"Lamongan"},"geometry":{"type":"Point","coordinates":[112.32504557,-7.20518353]}},{"type":"Feature","properties":{"Line":"R134","Tr":2883,"X":"646300.5","Y":"9203344.0","Rotation":0,"NAMOBJ":"Sukobendu","WADMKC":"Mantup","WADMKK":"Lamongan"},"geometry":{"type":"Point","coordinates":[112.32504589,-7.20529657]}},{"type":"Feature","properties":{"Line":"R134","Tr":2884,"X":"646300.5","Y":"9203331.5","Rotation":0,"NAMOBJ":"Sukobendu","WADMKC":"Mantup","WADMKK":"Lamongan"},"geometry":{"type":"Point","coordinates":[112.32504622,-7.20540962]}},{"type":"Feature","properties":{"Line":"R134","Tr":2885,"X":"646300.5","Y":"9203319.0","Rotation":0,"NAMOBJ":"Sukobendu","WADMKC":"Mantup","WADMKK":"Lamongan"},"geometry":{"type":"Point","coordinates":[112.32504655,-7.20552266]}},{"type":"Feature","properties":{"Line":"R134","Tr":2886,"X":"646300.5","Y":"9203306.5","Rotation":0,"NAMOBJ":"Sukobendu","WADMKC":"Mantup","WADMKK":"Lamongan"},"geometry":{"type":"Point","coordinates":[112.32504688,-7.2056357]}},{"type":"Feature","properties":{"Line":"R134","Tr":2887,"X":"646300.5","Y":"9203294.0","Rotation":0,"NAMOBJ":"Sukobendu","WADMKC":"Mantup","WADMKK":"Lamongan"},"geometry":{"type":"Point","coordinates":[112.32504721,-7.20574875]}},{"type":"Feature","properties":{"Line":"R134","Tr":2888,"X":"646300.5","Y":"9203281.5","Rotation":0,"NAMOBJ":"Sukobendu","WADMKC":"Mantup","WADMKK":"Lamongan"},"geometry":{"type":"Point","coordinates":[112.32504754,-7.20586179]}},{"type":"Feature","properties":{"Line":"R134","Tr":2889,"X":"646300.5","Y":"9203269.0","Rotation":0,"NAMOBJ":"Sukobendu","WADMKC":"Mantup","WADMKK":"Lamongan"},"geometry":{"type":"Point","coordinates":[112.32504786,-7.20597483]}},{"type":"Feature","properties":{"Line":"R134","Tr":2890,"X":"646300.5","Y":"9203256.5","Rotation":0,"NAMOBJ":"Sukobendu","WADMKC":"Mantup","WADMKK":"Lamongan"},"geometry":{"type":"Point","coordinates":[112.32504819,-7.20608787]}},{"type":"Feature","properties":{"Line":"R134","Tr":2891,"X":"646300.5","Y":"9203244.0","Rotation":0,"NAMOBJ":"Sukobendu","WADMKC":"Mantup","WADMKK":"Lamongan"},"geometry":{"type":"Point","coordinates":[112.32504852,-7.20620092]}},{"type":"Feature","properties":{"Line":"R134","Tr":2892,"X":"646300.5","Y":"9203231.5","Rotation":0,"NAMOBJ":"Sukobendu","WADMKC":"Mantup","WADMKK":"Lamongan"},"geometry":{"type":"Point","coordinates":[112.32504885,-7.20631396]}},{"type":"Feature","properties":{"Line":"R134","Tr":2893,"X":"646300.5","Y":"9203219.0","Rotation":0,"NAMOBJ":"Sukobendu","WADMKC":"Mantup","WADMKK":"Lamongan"},"geometry":{"type":"Point","coordinates":[112.32504918,-7.206427]}},{"type":"Feature","properties":{"Line":"R134","Tr":2894,"X":"646300.5","Y":"9203206.5","Rotation":0,"NAMOBJ":"Sukobendu","WADMKC":"Mantup","WADMKK":"Lamongan"},"geometry":{"type":"Point","coordinates":[112.32504951,-7.20654005]}},{"type":"Feature","properties":{"Line":"R134","Tr":2895,"X":"646300.5","Y":"9203194.0","Rotation":0,"NAMOBJ":"Sukobendu","WADMKC":"Mantup","WADMKK":"Lamongan"},"geometry":{"type":"Point","coordinates":[112.32504984,-7.20665309]}},{"type":"Feature","properties":{"Line":"R134","Tr":2896,"X":"646300.5","Y":"9203181.5","Rotation":0,"NAMOBJ":"Sukobendu","WADMKC":"Mantup","WADMKK":"Lamongan"},"geometry":{"type":"Point","coordinates":[112.32505016,-7.20676613]}},{"type":"Feature","properties":{"Line":"R134","Tr":2897,"X":"646300.5","Y":"9203169.0","Rotation":0,"NAMOBJ":"Sukobendu","WADMKC":"Mantup","WADMKK":"Lamongan"},"geometry":{"type":"Point","coordinates":[112.32505049,-7.20687918]}},{"type":"Feature","properties":{"Line":"R134","Tr":2898,"X":"646300.5","Y":"9203156.5","Rotation":0,"NAMOBJ":"Sukobendu","WADMKC":"Mantup","WADMKK":"Lamongan"},"geometry":{"type":"Point","coordinates":[112.32505082,-7.20699222]}},{"type":"Feature","properties":{"Line":"R134","Tr":2899,"X":"646300.5","Y":"9203144.0","Rotation":0,"NAMOBJ":"Sukobendu","WADMKC":"Mantup","WADMKK":"Lamongan"},"geometry":{"type":"Point","coordinates":[112.32505115,-7.20710526]}},{"type":"Feature","properties":{"Line":"R134","Tr":2900,"X":"646300.5","Y":"9203131.5","Rotation":0,"NAMOBJ":"Sukobendu","WADMKC":"Mantup","WADMKK":"Lamongan"},"geometry":{"type":"Point","coordinates":[112.32505148,-7.20721831]}},{"type":"Feature","properties":{"Line":"R134","Tr":2901,"X":"646300.5","Y":"9203119.0","Rotation":0,"NAMOBJ":"Sukobendu","WADMKC":"Mantup","WADMKK":"Lamongan"},"geometry":{"type":"Point","coordinates":[112.32505181,-7.20733135]}},{"type":"Feature","properties":{"Line":"R134","Tr":2902,"X":"646300.5","Y":"9203106.5","Rotation":0,"NAMOBJ":"Sukobendu","WADMKC":"Mantup","WADMKK":"Lamongan"},"geometry":{"type":"Point","coordinates":[112.32505213,-7.20744439]}},{"type":"Feature","properties":{"Line":"R134","Tr":2903,"X":"646300.5","Y":"9203094.0","Rotation":0,"NAMOBJ":"Sukobendu","WADMKC":"Mantup","WADMKK":"Lamongan"},"geometry":{"type":"Point","coordinates":[112.32505246,-7.20755744]}},{"type":"Feature","properties":{"Line":"R134","Tr":2904,"X":"646300.5","Y":"9203081.5","Rotation":0,"NAMOBJ":"Sukobendu","WADMKC":"Mantup","WADMKK":"Lamongan"},"geometry":{"type":"Point","coordinates":[112.32505279,-7.20767048]}},{"type":"Feature","properties":{"Line":"R134","Tr":2905,"X":"646300.5","Y":"9203069.0","Rotation":0,"NAMOBJ":"Sukobendu","WADMKC":"Mantup","WADMKK":"Lamongan"},"geometry":{"type":"Point","coordinates":[112.32505312,-7.20778352]}},{"type":"Feature","properties":{"Line":"R134","Tr":2906,"X":"646300.5","Y":"9203056.5","Rotation":0,"NAMOBJ":"Sukobendu","WADMKC":"Mantup","WADMKK":"Lamongan"},"geometry":{"type":"Point","coordinates":[112.32505345,-7.20789656]}},{"type":"Feature","properties":{"Line":"R134","Tr":2907,"X":"646300.5","Y":"9203044.0","Rotation":0,"NAMOBJ":"Sukobendu","WADMKC":"Mantup","WADMKK":"Lamongan"},"geometry":{"type":"Point","coordinates":[112.32505378,-7.20800961]}},{"type":"Feature","properties":{"Line":"R134","Tr":2908,"X":"646300.5","Y":"9203031.5","Rotation":0,"NAMOBJ":"Sukobendu","WADMKC":"Mantup","WADMKK":"Lamongan"},"geometry":{"type":"Point","coordinates":[112.32505411,-7.20812265]}},{"type":"Feature","properties":{"Line":"R134","Tr":2909,"X":"646300.5","Y":"9203019.0","Rotation":0,"NAMOBJ":"Sukobendu","WADMKC":"Mantup","WADMKK":"Lamongan"},"geometry":{"type":"Point","coordinates":[112.32505443,-7.20823569]}},{"type":"Feature","properties":{"Line":"R134","Tr":2910,"X":"646300.5","Y":"9203006.5","Rotation":0,"NAMOBJ":"Sukobendu","WADMKC":"Mantup","WADMKK":"Lamongan"},"geometry":{"type":"Point","coordinates":[112.32505476,-7.20834874]}},{"type":"Feature","properties":{"Line":"R134","Tr":2911,"X":"646300.5","Y":"9202994.0","Rotation":0,"NAMOBJ":"Sukobendu","WADMKC":"Mantup","WADMKK":"Lamongan"},"geometry":{"type":"Point","coordinates":[112.32505509,-7.20846178]}},{"type":"Feature","properties":{"Line":"R134","Tr":2912,"X":"646300.5","Y":"9202981.5","Rotation":0,"NAMOBJ":"Sukobendu","WADMKC":"Mantup","WADMKK":"Lamongan"},"geometry":{"type":"Point","coordinates":[112.32505542,-7.20857482]}},{"type":"Feature","properties":{"Line":"R134","Tr":2913,"X":"646300.5","Y":"9202969.0","Rotation":0,"NAMOBJ":"Sukobendu","WADMKC":"Mantup","WADMKK":"Lamongan"},"geometry":{"type":"Point","coordinates":[112.32505575,-7.20868787]}},{"type":"Feature","properties":{"Line":"R134","Tr":2914,"X":"646300.5","Y":"9202956.5","Rotation":0,"NAMOBJ":"Sukobendu","WADMKC":"Mantup","WADMKK":"Lamongan"},"geometry":{"type":"Point","coordinates":[112.32505608,-7.20880091]}},{"type":"Feature","properties":{"Line":"R134","Tr":2915,"X":"646300.5","Y":"9202944.0","Rotation":0,"NAMOBJ":"Sukobendu","WADMKC":"Mantup","WADMKK":"Lamongan"},"geometry":{"type":"Point","coordinates":[112.32505641,-7.20891395]}},{"type":"Feature","properties":{"Line":"R134","Tr":2916,"X":"646300.5","Y":"9202931.5","Rotation":0,"NAMOBJ":"Sukobendu","WADMKC":"Mantup","WADMKK":"Lamongan"},"geometry":{"type":"Point","coordinates":[112.32505673,-7.209027]}},{"type":"Feature","properties":{"Line":"R134","Tr":2917,"X":"646300.5","Y":"9202919.0","Rotation":0,"NAMOBJ":"Sukobendu","WADMKC":"Mantup","WADMKK":"Lamongan"},"geometry":{"type":"Point","coordinates":[112.32505706,-7.20914004]}},{"type":"Feature","properties":{"Line":"R134","Tr":2918,"X":"646300.5","Y":"9202906.5","Rotation":0,"NAMOBJ":"Sukobendu","WADMKC":"Mantup","WADMKK":"Lamongan"},"geometry":{"type":"Point","coordinates":[112.32505739,-7.20925308]}},{"type":"Feature","properties":{"Line":"R134","Tr":2919,"X":"646300.5","Y":"9202894.0","Rotation":0,"NAMOBJ":"Sukobendu","WADMKC":"Mantup","WADMKK":"Lamongan"},"geometry":{"type":"Point","coordinates":[112.32505772,-7.20936612]}},{"type":"Feature","properties":{"Line":"R134","Tr":2920,"X":"646300.5","Y":"9202881.5","Rotation":0,"NAMOBJ":"Sukobendu","WADMKC":"Mantup","WADMKK":"Lamongan"},"geometry":{"type":"Point","coordinates":[112.32505805,-7.20947917]}},{"type":"Feature","properties":{"Line":"R134","Tr":2921,"X":"646300.5","Y":"9202869.0","Rotation":0,"NAMOBJ":"Sukobendu","WADMKC":"Mantup","WADMKK":"Lamongan"},"geometry":{"type":"Point","coordinates":[112.32505838,-7.20959221]}},{"type":"Feature","properties":{"Line":"R134","Tr":2922,"X":"646300.5","Y":"9202856.5","Rotation":0,"NAMOBJ":"Sukobendu","WADMKC":"Mantup","WADMKK":"Lamongan"},"geometry":{"type":"Point","coordinates":[112.32505871,-7.20970525]}},{"type":"Feature","properties":{"Line":"R134","Tr":2923,"X":"646300.5","Y":"9202844.0","Rotation":0,"NAMOBJ":"Sukobendu","WADMKC":"Mantup","WADMKK":"Lamongan"},"geometry":{"type":"Point","coordinates":[112.32505903,-7.2098183]}},{"type":"Feature","properties":{"Line":"R134","Tr":2924,"X":"646300.5","Y":"9202831.5","Rotation":0,"NAMOBJ":"Sukobendu","WADMKC":"Mantup","WADMKK":"Lamongan"},"geometry":{"type":"Point","coordinates":[112.32505936,-7.20993134]}},{"type":"Feature","properties":{"Line":"R134","Tr":2925,"X":"646300.5","Y":"9202819.0","Rotation":0,"NAMOBJ":"Sukobendu","WADMKC":"Mantup","WADMKK":"Lamongan"},"geometry":{"type":"Point","coordinates":[112.32505969,-7.21004438]}},{"type":"Feature","properties":{"Line":"R134","Tr":2926,"X":"646300.5","Y":"9202806.5","Rotation":0,"NAMOBJ":"Sukobendu","WADMKC":"Mantup","WADMKK":"Lamongan"},"geometry":{"type":"Point","coordinates":[112.32506002,-7.21015743]}},{"type":"Feature","properties":{"Line":"R134","Tr":2927,"X":"646300.5","Y":"9202794.0","Rotation":0,"NAMOBJ":"Sukobendu","WADMKC":"Mantup","WADMKK":"Lamongan"},"geometry":{"type":"Point","coordinates":[112.32506035,-7.21027047]}},{"type":"Feature","properties":{"Line":"R134","Tr":2928,"X":"646300.5","Y":"9202781.5","Rotation":0,"NAMOBJ":"Sukobendu","WADMKC":"Mantup","WADMKK":"Lamongan"},"geometry":{"type":"Point","coordinates":[112.32506068,-7.21038351]}},{"type":"Feature","properties":{"Line":"R134","Tr":2929,"X":"646300.5","Y":"9202769.0","Rotation":0,"NAMOBJ":"Sukobendu","WADMKC":"Mantup","WADMKK":"Lamongan"},"geometry":{"type":"Point","coordinates":[112.32506101,-7.21049656]}},{"type":"Feature","properties":{"Line":"R134","Tr":2930,"X":"646300.5","Y":"9202756.5","Rotation":0,"NAMOBJ":"Sukobendu","WADMKC":"Mantup","WADMKK":"Lamongan"},"geometry":{"type":"Point","coordinates":[112.32506133,-7.2106096]}},{"type":"Feature","properties":{"Line":"R134","Tr":2931,"X":"646300.5","Y":"9202744.0","Rotation":0,"NAMOBJ":"Sukobendu","WADMKC":"Mantup","WADMKK":"Lamongan"},"geometry":{"type":"Point","coordinates":[112.32506166,-7.21072264]}},{"type":"Feature","properties":{"Line":"R134","Tr":2932,"X":"646300.5","Y":"9202731.5","Rotation":0,"NAMOBJ":"Sukobendu","WADMKC":"Mantup","WADMKK":"Lamongan"},"geometry":{"type":"Point","coordinates":[112.32506199,-7.21083569]}},{"type":"Feature","properties":{"Line":"R134","Tr":2933,"X":"646300.5","Y":"9202719.0","Rotation":0,"NAMOBJ":"Sukobendu","WADMKC":"Mantup","WADMKK":"Lamongan"},"geometry":{"type":"Point","coordinates":[112.32506232,-7.21094873]}},{"type":"Feature","properties":{"Line":"R134","Tr":2934,"X":"646300.5","Y":"9202706.5","Rotation":0,"NAMOBJ":"Sukobendu","WADMKC":"Mantup","WADMKK":"Lamongan"},"geometry":{"type":"Point","coordinates":[112.32506265,-7.21106177]}},{"type":"Feature","properties":{"Line":"R134","Tr":2935,"X":"646300.5","Y":"9202694.0","Rotation":0,"NAMOBJ":"Sukobendu","WADMKC":"Mantup","WADMKK":"Lamongan"},"geometry":{"type":"Point","coordinates":[112.32506298,-7.21117481]}},{"type":"Feature","properties":{"Line":"R134","Tr":2936,"X":"646300.5","Y":"9202681.5","Rotation":0,"NAMOBJ":"Sukobendu","WADMKC":"Mantup","WADMKK":"Lamongan"},"geometry":{"type":"Point","coordinates":[112.32506331,-7.21128786]}},{"type":"Feature","properties":{"Line":"R134","Tr":2937,"X":"646300.5","Y":"9202669.0","Rotation":0,"NAMOBJ":"Sukobendu","WADMKC":"Mantup","WADMKK":"Lamongan"},"geometry":{"type":"Point","coordinates":[112.32506363,-7.2114009]}},{"type":"Feature","properties":{"Line":"R134","Tr":2938,"X":"646300.5","Y":"9202656.5","Rotation":0,"NAMOBJ":"Sukobendu","WADMKC":"Mantup","WADMKK":"Lamongan"},"geometry":{"type":"Point","coordinates":[112.32506396,-7.21151394]}},{"type":"Feature","properties":{"Line":"R134","Tr":2939,"X":"646300.5","Y":"9202644.0","Rotation":0,"NAMOBJ":"Sukobendu","WADMKC":"Mantup","WADMKK":"Lamongan"},"geometry":{"type":"Point","coordinates":[112.32506429,-7.21162699]}},{"type":"Feature","properties":{"Line":"R134","Tr":2940,"X":"646300.5","Y":"9202631.5","Rotation":0,"NAMOBJ":"Sukobendu","WADMKC":"Mantup","WADMKK":"Lamongan"},"geometry":{"type":"Point","coordinates":[112.32506462,-7.21174003]}},{"type":"Feature","properties":{"Line":"R134","Tr":2941,"X":"646300.5","Y":"9202619.0","Rotation":0,"NAMOBJ":"Sukobendu","WADMKC":"Mantup","WADMKK":"Lamongan"},"geometry":{"type":"Point","coordinates":[112.32506495,-7.21185307]}},{"type":"Feature","properties":{"Line":"R134","Tr":2942,"X":"646300.5","Y":"9202606.5","Rotation":0,"NAMOBJ":"Sukobendu","WADMKC":"Mantup","WADMKK":"Lamongan"},"geometry":{"type":"Point","coordinates":[112.32506528,-7.21196612]}},{"type":"Feature","properties":{"Line":"R134","Tr":2943,"X":"646300.5","Y":"9202594.0","Rotation":0,"NAMOBJ":"Sukobendu","WADMKC":"Mantup","WADMKK":"Lamongan"},"geometry":{"type":"Point","coordinates":[112.32506561,-7.21207916]}},{"type":"Feature","properties":{"Line":"R134","Tr":2944,"X":"646300.5","Y":"9202581.5","Rotation":0,"NAMOBJ":"Sukobendu","WADMKC":"Mantup","WADMKK":"Lamongan"},"geometry":{"type":"Point","coordinates":[112.32506594,-7.2121922]}},{"type":"Feature","properties":{"Line":"R134","Tr":2945,"X":"646300.5","Y":"9202569.0","Rotation":0,"NAMOBJ":"Sukobendu","WADMKC":"Mantup","WADMKK":"Lamongan"},"geometry":{"type":"Point","coordinates":[112.32506626,-7.21230525]}},{"type":"Feature","properties":{"Line":"R134","Tr":2946,"X":"646300.5","Y":"9202556.5","Rotation":0,"NAMOBJ":"Sukobendu","WADMKC":"Mantup","WADMKK":"Lamongan"},"geometry":{"type":"Point","coordinates":[112.32506659,-7.21241829]}},{"type":"Feature","properties":{"Line":"R134","Tr":2947,"X":"646300.5","Y":"9202544.0","Rotation":0,"NAMOBJ":"Sukobendu","WADMKC":"Mantup","WADMKK":"Lamongan"},"geometry":{"type":"Point","coordinates":[112.32506692,-7.21253133]}},{"type":"Feature","properties":{"Line":"R134","Tr":2948,"X":"646300.5","Y":"9202531.5","Rotation":0,"NAMOBJ":"Sukobendu","WADMKC":"Mantup","WADMKK":"Lamongan"},"geometry":{"type":"Point","coordinates":[112.32506725,-7.21264437]}},{"type":"Feature","properties":{"Line":"R134","Tr":2949,"X":"646300.5","Y":"9202519.0","Rotation":0,"NAMOBJ":"Sukobendu","WADMKC":"Mantup","WADMKK":"Lamongan"},"geometry":{"type":"Point","coordinates":[112.32506758,-7.21275742]}},{"type":"Feature","properties":{"Line":"R134","Tr":2950,"X":"646300.5","Y":"9202506.5","Rotation":0,"NAMOBJ":"Sukobendu","WADMKC":"Mantup","WADMKK":"Lamongan"},"geometry":{"type":"Point","coordinates":[112.32506791,-7.21287046]}},{"type":"Feature","properties":{"Line":"R134","Tr":2951,"X":"646300.5","Y":"9202494.0","Rotation":0,"NAMOBJ":"Sukobendu","WADMKC":"Mantup","WADMKK":"Lamongan"},"geometry":{"type":"Point","coordinates":[112.32506824,-7.2129835]}},{"type":"Feature","properties":{"Line":"R134","Tr":2952,"X":"646300.5","Y":"9202481.5","Rotation":0,"NAMOBJ":"Sukobendu","WADMKC":"Mantup","WADMKK":"Lamongan"},"geometry":{"type":"Point","coordinates":[112.32506857,-7.21309655]}},{"type":"Feature","properties":{"Line":"R134","Tr":2953,"X":"646300.5","Y":"9202469.0","Rotation":0,"NAMOBJ":"Sukobendu","WADMKC":"Mantup","WADMKK":"Lamongan"},"geometry":{"type":"Point","coordinates":[112.32506889,-7.21320959]}},{"type":"Feature","properties":{"Line":"R134","Tr":2954,"X":"646300.5","Y":"9202456.5","Rotation":0,"NAMOBJ":"Sukobendu","WADMKC":"Mantup","WADMKK":"Lamongan"},"geometry":{"type":"Point","coordinates":[112.32506922,-7.21332263]}},{"type":"Feature","properties":{"Line":"R134","Tr":2955,"X":"646300.5","Y":"9202444.0","Rotation":0,"NAMOBJ":"Sukobendu","WADMKC":"Mantup","WADMKK":"Lamongan"},"geometry":{"type":"Point","coordinates":[112.32506955,-7.21343568]}},{"type":"Feature","properties":{"Line":"R134","Tr":2956,"X":"646300.5","Y":"9202431.5","Rotation":0,"NAMOBJ":"Sukobendu","WADMKC":"Mantup","WADMKK":"Lamongan"},"geometry":{"type":"Point","coordinates":[112.32506988,-7.21354872]}},{"type":"Feature","properties":{"Line":"R134","Tr":2957,"X":"646300.5","Y":"9202419.0","Rotation":0,"NAMOBJ":"Sukobendu","WADMKC":"Mantup","WADMKK":"Lamongan"},"geometry":{"type":"Point","coordinates":[112.32507021,-7.21366176]}},{"type":"Feature","properties":{"Line":"R134","Tr":2958,"X":"646300.5","Y":"9202406.5","Rotation":0,"NAMOBJ":"Sukobendu","WADMKC":"Mantup","WADMKK":"Lamongan"},"geometry":{"type":"Point","coordinates":[112.32507054,-7.21377481]}},{"type":"Feature","properties":{"Line":"R134","Tr":2959,"X":"646300.5","Y":"9202394.0","Rotation":0,"NAMOBJ":"Sukobendu","WADMKC":"Mantup","WADMKK":"Lamongan"},"geometry":{"type":"Point","coordinates":[112.32507087,-7.21388785]}},{"type":"Feature","properties":{"Line":"R134","Tr":2960,"X":"646300.5","Y":"9202381.5","Rotation":0,"NAMOBJ":"Sukobendu","WADMKC":"Mantup","WADMKK":"Lamongan"},"geometry":{"type":"Point","coordinates":[112.3250712,-7.21400089]}},{"type":"Feature","properties":{"Line":"R134","Tr":2961,"X":"646300.5","Y":"9202369.0","Rotation":0,"NAMOBJ":"Sukobendu","WADMKC":"Mantup","WADMKK":"Lamongan"},"geometry":{"type":"Point","coordinates":[112.32507152,-7.21411393]}},{"type":"Feature","properties":{"Line":"R134","Tr":2962,"X":"646300.5","Y":"9202356.5","Rotation":0,"NAMOBJ":"Sukobendu","WADMKC":"Mantup","WADMKK":"Lamongan"},"geometry":{"type":"Point","coordinates":[112.32507185,-7.21422698]}},{"type":"Feature","properties":{"Line":"R134","Tr":2963,"X":"646300.5","Y":"9202344.0","Rotation":0,"NAMOBJ":"Sukobendu","WADMKC":"Mantup","WADMKK":"Lamongan"},"geometry":{"type":"Point","coordinates":[112.32507218,-7.21434002]}},{"type":"Feature","properties":{"Line":"R134","Tr":2964,"X":"646300.5","Y":"9202331.5","Rotation":0,"NAMOBJ":"Sukobendu","WADMKC":"Mantup","WADMKK":"Lamongan"},"geometry":{"type":"Point","coordinates":[112.32507251,-7.21445306]}},{"type":"Feature","properties":{"Line":"R136","Tr":2837,"X":"647300.5","Y":"9203919.0","Rotation":0,"NAMOBJ":"Sukobendu","WADMKC":"Mantup","WADMKK":"Lamongan"},"geometry":{"type":"Point","coordinates":[112.33408604,-7.20007028]}},{"type":"Feature","properties":{"Line":"R136","Tr":2838,"X":"647300.5","Y":"9203906.5","Rotation":0,"NAMOBJ":"Sukobendu","WADMKC":"Mantup","WADMKK":"Lamongan"},"geometry":{"type":"Point","coordinates":[112.33408637,-7.20018332]}},{"type":"Feature","properties":{"Line":"R136","Tr":2839,"X":"647300.5","Y":"9203894.0","Rotation":0,"NAMOBJ":"Sukobendu","WADMKC":"Mantup","WADMKK":"Lamongan"},"geometry":{"type":"Point","coordinates":[112.3340867,-7.20029637]}},{"type":"Feature","properties":{"Line":"R136","Tr":2840,"X":"647300.5","Y":"9203881.5","Rotation":0,"NAMOBJ":"Sukobendu","WADMKC":"Mantup","WADMKK":"Lamongan"},"geometry":{"type":"Point","coordinates":[112.33408703,-7.20040941]}},{"type":"Feature","properties":{"Line":"R136","Tr":2841,"X":"647300.5","Y":"9203869.0","Rotation":0,"NAMOBJ":"Sukobendu","WADMKC":"Mantup","WADMKK":"Lamongan"},"geometry":{"type":"Point","coordinates":[112.33408736,-7.20052245]}},{"type":"Feature","properties":{"Line":"R136","Tr":2842,"X":"647300.5","Y":"9203856.5","Rotation":0,"NAMOBJ":"Sukobendu","WADMKC":"Mantup","WADMKK":"Lamongan"},"geometry":{"type":"Point","coordinates":[112.33408769,-7.2006355]}},{"type":"Feature","properties":{"Line":"R136","Tr":2843,"X":"647300.5","Y":"9203844.0","Rotation":0,"NAMOBJ":"Sukobendu","WADMKC":"Mantup","WADMKK":"Lamongan"},"geometry":{"type":"Point","coordinates":[112.33408802,-7.20074854]}},{"type":"Feature","properties":{"Line":"R136","Tr":2844,"X":"647300.5","Y":"9203831.5","Rotation":0,"NAMOBJ":"Sukobendu","WADMKC":"Mantup","WADMKK":"Lamongan"},"geometry":{"type":"Point","coordinates":[112.33408835,-7.20086158]}},{"type":"Feature","properties":{"Line":"R136","Tr":2845,"X":"647300.5","Y":"9203819.0","Rotation":0,"NAMOBJ":"Sukobendu","WADMKC":"Mantup","WADMKK":"Lamongan"},"geometry":{"type":"Point","coordinates":[112.33408868,-7.20097462]}},{"type":"Feature","properties":{"Line":"R136","Tr":2846,"X":"647300.5","Y":"9203806.5","Rotation":0,"NAMOBJ":"Sukobendu","WADMKC":"Mantup","WADMKK":"Lamongan"},"geometry":{"type":"Point","coordinates":[112.33408901,-7.20108767]}},{"type":"Feature","properties":{"Line":"R136","Tr":2847,"X":"647300.5","Y":"9203794.0","Rotation":0,"NAMOBJ":"Sukobendu","WADMKC":"Mantup","WADMKK":"Lamongan"},"geometry":{"type":"Point","coordinates":[112.33408934,-7.20120071]}},{"type":"Feature","properties":{"Line":"R136","Tr":2848,"X":"647300.5","Y":"9203781.5","Rotation":0,"NAMOBJ":"Sukobendu","WADMKC":"Mantup","WADMKK":"Lamongan"},"geometry":{"type":"Point","coordinates":[112.33408967,-7.20131375]}},{"type":"Feature","properties":{"Line":"R136","Tr":2849,"X":"647300.5","Y":"9203769.0","Rotation":0,"NAMOBJ":"Sukobendu","WADMKC":"Mantup","WADMKK":"Lamongan"},"geometry":{"type":"Point","coordinates":[112.33409,-7.20142679]}},{"type":"Feature","properties":{"Line":"R136","Tr":2850,"X":"647300.5","Y":"9203756.5","Rotation":0,"NAMOBJ":"Sukobendu","WADMKC":"Mantup","WADMKK":"Lamongan"},"geometry":{"type":"Point","coordinates":[112.33409033,-7.20153984]}},{"type":"Feature","properties":{"Line":"R136","Tr":2851,"X":"647300.5","Y":"9203744.0","Rotation":0,"NAMOBJ":"Sukobendu","WADMKC":"Mantup","WADMKK":"Lamongan"},"geometry":{"type":"Point","coordinates":[112.33409066,-7.20165288]}},{"type":"Feature","properties":{"Line":"R136","Tr":2852,"X":"647300.5","Y":"9203731.5","Rotation":0,"NAMOBJ":"Sukobendu","WADMKC":"Mantup","WADMKK":"Lamongan"},"geometry":{"type":"Point","coordinates":[112.33409099,-7.20176592]}},{"type":"Feature","properties":{"Line":"R136","Tr":2853,"X":"647300.5","Y":"9203719.0","Rotation":0,"NAMOBJ":"Sukobendu","WADMKC":"Mantup","WADMKK":"Lamongan"},"geometry":{"type":"Point","coordinates":[112.33409133,-7.20187897]}},{"type":"Feature","properties":{"Line":"R136","Tr":2854,"X":"647300.5","Y":"9203706.5","Rotation":0,"NAMOBJ":"Sukobendu","WADMKC":"Mantup","WADMKK":"Lamongan"},"geometry":{"type":"Point","coordinates":[112.33409166,-7.20199201]}},{"type":"Feature","properties":{"Line":"R136","Tr":2855,"X":"647300.5","Y":"9203694.0","Rotation":0,"NAMOBJ":"Sukobendu","WADMKC":"Mantup","WADMKK":"Lamongan"},"geometry":{"type":"Point","coordinates":[112.33409199,-7.20210505]}},{"type":"Feature","properties":{"Line":"R136","Tr":2856,"X":"647300.5","Y":"9203681.5","Rotation":0,"NAMOBJ":"Sukobendu","WADMKC":"Mantup","WADMKK":"Lamongan"},"geometry":{"type":"Point","coordinates":[112.33409232,-7.20221809]}},{"type":"Feature","properties":{"Line":"R136","Tr":2857,"X":"647300.5","Y":"9203669.0","Rotation":0,"NAMOBJ":"Sukobendu","WADMKC":"Mantup","WADMKK":"Lamongan"},"geometry":{"type":"Point","coordinates":[112.33409265,-7.20233114]}},{"type":"Feature","properties":{"Line":"R136","Tr":2858,"X":"647300.5","Y":"9203656.5","Rotation":0,"NAMOBJ":"Sukobendu","WADMKC":"Mantup","WADMKK":"Lamongan"},"geometry":{"type":"Point","coordinates":[112.33409298,-7.20244418]}},{"type":"Feature","properties":{"Line":"R136","Tr":2859,"X":"647300.5","Y":"9203644.0","Rotation":0,"NAMOBJ":"Sukobendu","WADMKC":"Mantup","WADMKK":"Lamongan"},"geometry":{"type":"Point","coordinates":[112.33409331,-7.20255722]}},{"type":"Feature","properties":{"Line":"R136","Tr":2860,"X":"647300.5","Y":"9203631.5","Rotation":0,"NAMOBJ":"Sukobendu","WADMKC":"Mantup","WADMKK":"Lamongan"},"geometry":{"type":"Point","coordinates":[112.33409364,-7.20267026]}},{"type":"Feature","properties":{"Line":"R136","Tr":2861,"X":"647300.5","Y":"9203619.0","Rotation":0,"NAMOBJ":"Sukobendu","WADMKC":"Mantup","WADMKK":"Lamongan"},"geometry":{"type":"Point","coordinates":[112.33409397,-7.20278331]}},{"type":"Feature","properties":{"Line":"R136","Tr":2862,"X":"647300.5","Y":"9203606.5","Rotation":0,"NAMOBJ":"Sukobendu","WADMKC":"Mantup","WADMKK":"Lamongan"},"geometry":{"type":"Point","coordinates":[112.3340943,-7.20289635]}},{"type":"Feature","properties":{"Line":"R136","Tr":2863,"X":"647300.5","Y":"9203594.0","Rotation":0,"NAMOBJ":"Sukobendu","WADMKC":"Mantup","WADMKK":"Lamongan"},"geometry":{"type":"Point","coordinates":[112.33409463,-7.20300939]}},{"type":"Feature","properties":{"Line":"R136","Tr":2864,"X":"647300.5","Y":"9203581.5","Rotation":0,"NAMOBJ":"Sukobendu","WADMKC":"Mantup","WADMKK":"Lamongan"},"geometry":{"type":"Point","coordinates":[112.33409496,-7.20312244]}},{"type":"Feature","properties":{"Line":"R136","Tr":2865,"X":"647300.5","Y":"9203569.0","Rotation":0,"NAMOBJ":"Sukobendu","WADMKC":"Mantup","WADMKK":"Lamongan"},"geometry":{"type":"Point","coordinates":[112.33409529,-7.20323548]}},{"type":"Feature","properties":{"Line":"R136","Tr":2866,"X":"647300.5","Y":"9203556.5","Rotation":0,"NAMOBJ":"Sukobendu","WADMKC":"Mantup","WADMKK":"Lamongan"},"geometry":{"type":"Point","coordinates":[112.33409562,-7.20334852]}},{"type":"Feature","properties":{"Line":"R136","Tr":2867,"X":"647300.5","Y":"9203544.0","Rotation":0,"NAMOBJ":"Sukobendu","WADMKC":"Mantup","WADMKK":"Lamongan"},"geometry":{"type":"Point","coordinates":[112.33409595,-7.20346156]}},{"type":"Feature","properties":{"Line":"R136","Tr":2868,"X":"647300.5","Y":"9203531.5","Rotation":0,"NAMOBJ":"Sukobendu","WADMKC":"Mantup","WADMKK":"Lamongan"},"geometry":{"type":"Point","coordinates":[112.33409628,-7.20357461]}},{"type":"Feature","properties":{"Line":"R136","Tr":2869,"X":"647300.5","Y":"9203519.0","Rotation":0,"NAMOBJ":"Sukobendu","WADMKC":"Mantup","WADMKK":"Lamongan"},"geometry":{"type":"Point","coordinates":[112.33409661,-7.20368765]}},{"type":"Feature","properties":{"Line":"R136","Tr":2870,"X":"647300.5","Y":"9203506.5","Rotation":0,"NAMOBJ":"Sukobendu","WADMKC":"Mantup","WADMKK":"Lamongan"},"geometry":{"type":"Point","coordinates":[112.33409694,-7.20380069]}},{"type":"Feature","properties":{"Line":"R136","Tr":2871,"X":"647300.5","Y":"9203494.0","Rotation":0,"NAMOBJ":"Sukobendu","WADMKC":"Mantup","WADMKK":"Lamongan"},"geometry":{"type":"Point","coordinates":[112.33409727,-7.20391373]}},{"type":"Feature","properties":{"Line":"R136","Tr":2872,"X":"647300.5","Y":"9203481.5","Rotation":0,"NAMOBJ":"Sukobendu","WADMKC":"Mantup","WADMKK":"Lamongan"},"geometry":{"type":"Point","coordinates":[112.33409761,-7.20402678]}}]}