{"type":"FeatureCollection","features":[{"type":"Feature","properties":{"Line":"S130","Sp":"2556.50000000000","X":"644300.50000000000","Y":"9207825.30000000075","NAMOBJ":"German","WADMKC":"Sugio","WADMKK":"Lamongan"},"geometry":{"type":"Point","coordinates":[112.3,-7.2]}},{"type":"Feature","properties":{"Line":"S130","Sp":"2560.50000000000","X":"644300.50000000000","Y":"9207775.30000000075","NAMOBJ":"German","WADMKC":"Sugio","WADMKK":"Lamongan"},"geometry":{"type":"Point","coordinates":[112.3,-7.2]}},{"type":"Feature","properties":{"Line":"S130","Sp":"2564.50000000000","X":"644300.50000000000","Y":"9207725.30000000075","NAMOBJ":"German","WADMKC":"Sugio","WADMKK":"Lamongan"},"geometry":{"type":"Point","coordinates":[112.3,-7.2]}},{"type":"Feature","properties":{"Line":"S130","Sp":"2568.50000000000","X":"644300.50000000000","Y":"9207675.30000000075","NAMOBJ":"German","WADMKC":"Sugio","WADMKK":"Lamongan"},"geometry":{"type":"Point","coordinates":[112.3,-7.2]}},{"type":"Feature","properties":{"Line":"S130","Sp":"2572.50000000000","X":"644300.50000000000","Y":"9207625.30000000075","NAMOBJ":"German","WADMKC":"Sugio","WADMKK":"Lamongan"},"geometry":{"type":"Point","coordinates":[112.3,-7.2]}},{"type":"Feature","properties":{"Line":"S130","Sp":"2576.50000000000","X":"644300.50000000000","Y":"9207575.30000000075","NAMOBJ":"German","WADMKC":"Sugio","WADMKK":"Lamongan"},"geometry":{"type":"Point","coordinates":[112.3,-7.2]}},{"type":"Feature","properties":{"Line":"S130","Sp":"2580.50000000000","X":"644300.50000000000","Y":"9207525.30000000075","NAMOBJ":"German","WADMKC":"Sugio","WADMKK":"Lamongan"},"geometry":{"type":"Point","coordinates":[112.3,-7.2]}},{"type":"Feature","properties":{"Line":"S130","Sp":"2584.50000000000","X":"644300.50000000000","Y":"9207475.30000000075","NAMOBJ":"German","WADMKC":"Sugio","WADMKK":"Lamongan"},"geometry":{"type":"Point","coordinates":[112.3,-7.2]}},{"type":"Feature","properties":{"Line":"S130","Sp":"2588.50000000000","X":"644300.50000000000","Y":"9207425.30000000075","NAMOBJ":"German","WADMKC":"Sugio","WADMKK":"Lamongan"},"geometry":{"type":"Point","coordinates":[112.3,-7.2]}},{"type":"Feature","properties":{"Line":"S130","Sp":"2592.50000000000","X":"644300.50000000000","Y":"9207375.30000000075","NAMOBJ":"German","WADMKC":"Sugio","WADMKK":"Lamongan"},"geometry":{"type":"Point","coordinates":[112.3,-7.2]}},{"type":"Feature","properties":{"Line":"S130","Sp":"2596.50000000000","X":"644300.50000000000","Y":"9207325.30000000075","NAMOBJ":"German","WADMKC":"Sugio","WADMKK":"Lamongan"},"geometry":{"type":"Point","coordinates":[112.3,-7.2]}},{"type":"Feature","properties":{"Line":"S130","Sp":"2600.50000000000","X":"644300.50000000000","Y":"9207275.30000000075","NAMOBJ":"German","WADMKC":"Sugio","WADMKK":"Lamongan"},"geometry":{"type":"Point","coordinates":[112.3,-7.2]}},{"type":"Feature","properties":{"Line":"S130","Sp":"2604.50000000000","X":"644300.50000000000","Y":"9207225.30000000075","NAMOBJ":"German","WADMKC":"Sugio","WADMKK":"Lamongan"},"geometry":{"type":"Point","coordinates":[112.3,-7.2]}},{"type":"Feature","properties":{"Line":"S130","Sp":"2608.50000000000","X":"644300.50000000000","Y":"9207175.30000000075","NAMOBJ":"German","WADMKC":"Sugio","WADMKK":"Lamongan"},"geometry":{"type":"Point","coordinates":[112.3,-7.2]}},{"type":"Feature","properties":{"Line":"S130","Sp":"2612.50000000000","X":"644300.50000000000","Y":"9207125.30000000075","NAMOBJ":"German","WADMKC":"Sugio","WADMKK":"Lamongan"},"geometry":{"type":"Point","coordinates":[112.3,-7.2]}},{"type":"Feature","properties":{"Line":"S130","Sp":"2616.50000000000","X":"644300.50000000000","Y":"9207075.30000000075","NAMOBJ":"German","WADMKC":"Sugio","WADMKK":"Lamongan"},"geometry":{"type":"Point","coordinates":[112.3,-7.2]}},{"type":"Feature","properties":{"Line":"S130","Sp":"2620.50000000000","X":"644300.50000000000","Y":"9207025.30000000075","NAMOBJ":"German","WADMKC":"Sugio","WADMKK":"Lamongan"},"geometry":{"type":"Point","coordinates":[112.3,-7.2]}},{"type":"Feature","properties":{"Line":"S130","Sp":"2624.50000000000","X":"644300.50000000000","Y":"9206975.30000000075","NAMOBJ":"German","WADMKC":"Sugio","WADMKK":"Lamongan"},"geometry":{"type":"Point","coordinates":[112.3,-7.2]}},{"type":"Feature","properties":{"Line":"S130","Sp":"2628.50000000000","X":"644300.50000000000","Y":"9206925.30000000075","NAMOBJ":"German","WADMKC":"Sugio","WADMKK":"Lamongan"},"geometry":{"type":"Point","coordinates":[112.3,-7.2]}},{"type":"Feature","properties":{"Line":"S130","Sp":"2632.50000000000","X":"644300.50000000000","Y":"9206875.30000000075","NAMOBJ":"German","WADMKC":"Sugio","WADMKK":"Lamongan"},"geometry":{"type":"Point","coordinates":[112.3,-7.2]}},{"type":"Feature","properties":{"Line":"S130","Sp":"2636.50000000000","X":"644300.50000000000","Y":"9206825.30000000075","NAMOBJ":"German","WADMKC":"Sugio","WADMKK":"Lamongan"},"geometry":{"type":"Point","coordinates":[112.3,-7.2]}},{"type":"Feature","properties":{"Line":"S130","Sp":"2640.50000000000","X":"644300.50000000000","Y":"9206775.30000000075","NAMOBJ":"German","WADMKC":"Sugio","WADMKK":"Lamongan"},"geometry":{"type":"Point","coordinates":[112.3,-7.2]}},{"type":"Feature","properties":{"Line":"S130","Sp":"2644.50000000000","X":"644300.50000000000","Y":"9206725.30000000075","NAMOBJ":"German","WADMKC":"Sugio","WADMKK":"Lamongan"},"geometry":{"type":"Point","coordinates":[112.3,-7.2]}},{"type":"Feature","properties":{"Line":"S130","Sp":"2648.50000000000","X":"644300.50000000000","Y":"9206675.30000000075","NAMOBJ":"German","WADMKC":"Sugio","WADMKK":"Lamongan"},"geometry":{"type":"Point","coordinates":[112.3,-7.2]}},{"type":"Feature","properties":{"Line":"S130","Sp":"2652.50000000000","X":"644300.50000000000","Y":"9206625.30000000075","NAMOBJ":"German","WADMKC":"Sugio","WADMKK":"Lamongan"},"geometry":{"type":"Point","coordinates":[112.3,-7.2]}},{"type":"Feature","properties":{"Line":"S130","Sp":"2656.50000000000","X":"644300.50000000000","Y":"9206575.30000000075","NAMOBJ":"German","WADMKC":"Sugio","WADMKK":"Lamongan"},"geometry":{"type":"Point","coordinates":[112.3,-7.2]}},{"type":"Feature","properties":{"Line":"S130","Sp":"2660.50000000000","X":"644300.50000000000","Y":"9206525.30000000075","NAMOBJ":"German","WADMKC":"Sugio","WADMKK":"Lamongan"},"geometry":{"type":"Point","coordinates":[112.3,-7.2]}},{"type":"Feature","properties":{"Line":"S130","Sp":"2664.50000000000","X":"644300.50000000000","Y":"9206475.30000000075","NAMOBJ":"German","WADMKC":"Sugio","WADMKK":"Lamongan"},"geometry":{"type":"Point","coordinates":[112.3,-7.2]}},{"type":"Feature","properties":{"Line":"S130","Sp":"2668.50000000000","X":"644300.50000000000","Y":"9206425.30000000075","NAMOBJ":"German","WADMKC":"Sugio","WADMKK":"Lamongan"},"geometry":{"type":"Point","coordinates":[112.3,-7.2]}},{"type":"Feature","properties":{"Line":"S130","Sp":"2672.50000000000","X":"644300.50000000000","Y":"9206375.30000000075","NAMOBJ":"German","WADMKC":"Sugio","WADMKK":"Lamongan"},"geometry":{"type":"Point","coordinates":[112.3,-7.2]}},{"type":"Feature","properties":{"Line":"S130","Sp":"2676.50000000000","X":"644300.50000000000","Y":"9206325.30000000075","NAMOBJ":"German","WADMKC":"Sugio","WADMKK":"Lamongan"},"geometry":{"type":"Point","coordinates":[112.3,-7.2]}},{"type":"Feature","properties":{"Line":"S130","Sp":"2680.50000000000","X":"644300.50000000000","Y":"9206275.30000000075","NAMOBJ":"German","WADMKC":"Sugio","WADMKK":"Lamongan"},"geometry":{"type":"Point","coordinates":[112.3,-7.2]}},{"type":"Feature","properties":{"Line":"S130","Sp":"2684.50000000000","X":"644300.50000000000","Y":"9206225.30000000075","NAMOBJ":"German","WADMKC":"Sugio","WADMKK":"Lamongan"},"geometry":{"type":"Point","coordinates":[112.3,-7.2]}},{"type":"Feature","properties":{"Line":"S130","Sp":"2688.50000000000","X":"644300.50000000000","Y":"9206175.30000000075","NAMOBJ":"German","WADMKC":"Sugio","WADMKK":"Lamongan"},"geometry":{"type":"Point","coordinates":[112.3,-7.2]}},{"type":"Feature","properties":{"Line":"S130","Sp":"2692.50000000000","X":"644300.50000000000","Y":"9206125.30000000075","NAMOBJ":"German","WADMKC":"Sugio","WADMKK":"Lamongan"},"geometry":{"type":"Point","coordinates":[112.3,-7.2]}},{"type":"Feature","properties":{"Line":"S132","Sp":"2500.50000000000","X":"645300.50000000000","Y":"9208125.30000000075","NAMOBJ":"German","WADMKC":"Sugio","WADMKK":"Lamongan"},"geometry":{"type":"Point","coordinates":[112.3,-7.2]}},{"type":"Feature","properties":{"Line":"S132","Sp":"2504.50000000000","X":"645300.50000000000","Y":"9208075.30000000075","NAMOBJ":"German","WADMKC":"Sugio","WADMKK":"Lamongan"},"geometry":{"type":"Point","coordinates":[112.3,-7.2]}},{"type":"Feature","properties":{"Line":"S132","Sp":"2508.50000000000","X":"645300.50000000000","Y":"9208025.30000000075","NAMOBJ":"German","WADMKC":"Sugio","WADMKK":"Lamongan"},"geometry":{"type":"Point","coordinates":[112.3,-7.2]}},{"type":"Feature","properties":{"Line":"S132","Sp":"2588.50000000000","X":"645300.50000000000","Y":"9207025.30000000075","NAMOBJ":"German","WADMKC":"Sugio","WADMKK":"Lamongan"},"geometry":{"type":"Point","coordinates":[112.3,-7.2]}},{"type":"Feature","properties":{"Line":"S132","Sp":"2592.50000000000","X":"645300.50000000000","Y":"9206975.30000000075","NAMOBJ":"German","WADMKC":"Sugio","WADMKK":"Lamongan"},"geometry":{"type":"Point","coordinates":[112.3,-7.2]}},{"type":"Feature","properties":{"Line":"S132","Sp":"2596.50000000000","X":"645300.50000000000","Y":"9206925.30000000075","NAMOBJ":"German","WADMKC":"Sugio","WADMKK":"Lamongan"},"geometry":{"type":"Point","coordinates":[112.3,-7.2]}},{"type":"Feature","properties":{"Line":"S132","Sp":"2600.50000000000","X":"645300.50000000000","Y":"9206875.30000000075","NAMOBJ":"German","WADMKC":"Sugio","WADMKK":"Lamongan"},"geometry":{"type":"Point","coordinates":[112.3,-7.2]}},{"type":"Feature","properties":{"Line":"S132","Sp":"2604.50000000000","X":"645300.50000000000","Y":"9206825.30000000075","NAMOBJ":"German","WADMKC":"Sugio","WADMKK":"Lamongan"},"geometry":{"type":"Point","coordinates":[112.3,-7.2]}},{"type":"Feature","properties":{"Line":"S132","Sp":"2608.50000000000","X":"645300.50000000000","Y":"9206775.30000000075","NAMOBJ":"German","WADMKC":"Sugio","WADMKK":"Lamongan"},"geometry":{"type":"Point","coordinates":[112.3,-7.2]}},{"type":"Feature","properties":{"Line":"S132","Sp":"2612.50000000000","X":"645300.50000000000","Y":"9206725.30000000075","NAMOBJ":"German","WADMKC":"Sugio","WADMKK":"Lamongan"},"geometry":{"type":"Point","coordinates":[112.3,-7.2]}},{"type":"Feature","properties":{"Line":"S132","Sp":"2616.50000000000","X":"645300.50000000000","Y":"9206675.30000000075","NAMOBJ":"German","WADMKC":"Sugio","WADMKK":"Lamongan"},"geometry":{"type":"Point","coordinates":[112.3,-7.2]}},{"type":"Feature","properties":{"Line":"S132","Sp":"2620.50000000000","X":"645300.50000000000","Y":"9206625.30000000075","NAMOBJ":"German","WADMKC":"Sugio","WADMKK":"Lamongan"},"geometry":{"type":"Point","coordinates":[112.3,-7.2]}},{"type":"Feature","properties":{"Line":"S132","Sp":"2624.50000000000","X":"645300.50000000000","Y":"9206575.30000000075","NAMOBJ":"German","WADMKC":"Sugio","WADMKK":"Lamongan"},"geometry":{"type":"Point","coordinates":[112.3,-7.2]}},{"type":"Feature","properties":{"Line":"S132","Sp":"2628.50000000000","X":"645300.50000000000","Y":"9206525.30000000075","NAMOBJ":"German","WADMKC":"Sugio","WADMKK":"Lamongan"},"geometry":{"type":"Point","coordinates":[112.3,-7.2]}},{"type":"Feature","properties":{"Line":"S132","Sp":"2632.50000000000","X":"645300.50000000000","Y":"9206475.30000000075","NAMOBJ":"German","WADMKC":"Sugio","WADMKK":"Lamongan"},"geometry":{"type":"Point","coordinates":[112.3,-7.2]}},{"type":"Feature","properties":{"Line":"S132","Sp":"2636.50000000000","X":"645300.50000000000","Y":"9206425.30000000075","NAMOBJ":"German","WADMKC":"Sugio","WADMKK":"Lamongan"},"geometry":{"type":"Point","coordinates":[112.3,-7.2]}},{"type":"Feature","properties":{"Line":"S132","Sp":"2640.50000000000","X":"645300.50000000000","Y":"9206375.30000000075","NAMOBJ":"German","WADMKC":"Sugio","WADMKK":"Lamongan"},"geometry":{"type":"Point","coordinates":[112.3,-7.2]}},{"type":"Feature","properties":{"Line":"S128","Sp":"2440.50000000000","X":"643300.50000000000","Y":"9209425.30000000075","NAMOBJ":"Jubelkidul","WADMKC":"Sugio","WADMKK":"Lamongan"},"geometry":{"type":"Point","coordinates":[112.3,-7.2]}},{"type":"Feature","properties":{"Line":"S128","Sp":"2444.50000000000","X":"643300.50000000000","Y":"9209375.30000000075","NAMOBJ":"Jubelkidul","WADMKC":"Sugio","WADMKK":"Lamongan"},"geometry":{"type":"Point","coordinates":[112.3,-7.2]}},{"type":"Feature","properties":{"Line":"S128","Sp":"2448.50000000000","X":"643300.50000000000","Y":"9209325.30000000075","NAMOBJ":"Jubelkidul","WADMKC":"Sugio","WADMKK":"Lamongan"},"geometry":{"type":"Point","coordinates":[112.3,-7.2]}},{"type":"Feature","properties":{"Line":"S128","Sp":"2452.50000000000","X":"643300.50000000000","Y":"9209275.30000000075","NAMOBJ":"Jubelkidul","WADMKC":"Sugio","WADMKK":"Lamongan"},"geometry":{"type":"Point","coordinates":[112.3,-7.2]}},{"type":"Feature","properties":{"Line":"S128","Sp":"2460.50000000000","X":"643300.50000000000","Y":"9209175.30000000075","NAMOBJ":"Jubelkidul","WADMKC":"Sugio","WADMKK":"Lamongan"},"geometry":{"type":"Point","coordinates":[112.3,-7.2]}},{"type":"Feature","properties":{"Line":"S128","Sp":"2464.50000000000","X":"643300.50000000000","Y":"9209125.30000000075","NAMOBJ":"Jubelkidul","WADMKC":"Sugio","WADMKK":"Lamongan"},"geometry":{"type":"Point","coordinates":[112.3,-7.2]}},{"type":"Feature","properties":{"Line":"S128","Sp":"2468.50000000000","X":"643300.50000000000","Y":"9209075.30000000075","NAMOBJ":"Jubelkidul","WADMKC":"Sugio","WADMKK":"Lamongan"},"geometry":{"type":"Point","coordinates":[112.3,-7.2]}},{"type":"Feature","properties":{"Line":"S130","Sp":"2428.50000000000","X":"644300.50000000000","Y":"9209425.30000000075","NAMOBJ":"Jubelkidul","WADMKC":"Sugio","WADMKK":"Lamongan"},"geometry":{"type":"Point","coordinates":[112.3,-7.2]}},{"type":"Feature","properties":{"Line":"S130","Sp":"2432.50000000000","X":"644300.50000000000","Y":"9209375.30000000075","NAMOBJ":"Jubelkidul","WADMKC":"Sugio","WADMKK":"Lamongan"},"geometry":{"type":"Point","coordinates":[112.3,-7.2]}},{"type":"Feature","properties":{"Line":"S130","Sp":"2436.50000000000","X":"644300.50000000000","Y":"9209325.30000000075","NAMOBJ":"Jubelkidul","WADMKC":"Sugio","WADMKK":"Lamongan"},"geometry":{"type":"Point","coordinates":[112.3,-7.2]}},{"type":"Feature","properties":{"Line":"S130","Sp":"2440.50000000000","X":"644300.50000000000","Y":"9209275.30000000075","NAMOBJ":"Jubelkidul","WADMKC":"Sugio","WADMKK":"Lamongan"},"geometry":{"type":"Point","coordinates":[112.3,-7.2]}},{"type":"Feature","properties":{"Line":"S130","Sp":"2444.50000000000","X":"644300.50000000000","Y":"9209225.30000000075","NAMOBJ":"Jubelkidul","WADMKC":"Sugio","WADMKK":"Lamongan"},"geometry":{"type":"Point","coordinates":[112.3,-7.2]}},{"type":"Feature","properties":{"Line":"S128","Sp":"2576.50000000000","X":"643300.50000000000","Y":"9207725.30000000075","NAMOBJ":"Kalipang","WADMKC":"Sugio","WADMKK":"Lamongan"},"geometry":{"type":"Point","coordinates":[112.3,-7.2]}},{"type":"Feature","properties":{"Line":"S128","Sp":"2580.50000000000","X":"643300.50000000000","Y":"9207675.30000000075","NAMOBJ":"Kalipang","WADMKC":"Sugio","WADMKK":"Lamongan"},"geometry":{"type":"Point","coordinates":[112.3,-7.2]}},{"type":"Feature","properties":{"Line":"S128","Sp":"2584.50000000000","X":"643300.50000000000","Y":"9207625.30000000075","NAMOBJ":"Kalipang","WADMKC":"Sugio","WADMKK":"Lamongan"},"geometry":{"type":"Point","coordinates":[112.3,-7.2]}},{"type":"Feature","properties":{"Line":"S128","Sp":"2588.50000000000","X":"643300.50000000000","Y":"9207575.30000000075","NAMOBJ":"Kalipang","WADMKC":"Sugio","WADMKK":"Lamongan"},"geometry":{"type":"Point","coordinates":[112.3,-7.2]}},{"type":"Feature","properties":{"Line":"S128","Sp":"2592.50000000000","X":"643300.50000000000","Y":"9207525.30000000075","NAMOBJ":"Kalipang","WADMKC":"Sugio","WADMKK":"Lamongan"},"geometry":{"type":"Point","coordinates":[112.3,-7.2]}},{"type":"Feature","properties":{"Line":"S128","Sp":"2596.50000000000","X":"643300.50000000000","Y":"9207475.30000000075","NAMOBJ":"Kalipang","WADMKC":"Sugio","WADMKK":"Lamongan"},"geometry":{"type":"Point","coordinates":[112.3,-7.2]}},{"type":"Feature","properties":{"Line":"S128","Sp":"2600.50000000000","X":"643300.50000000000","Y":"9207425.30000000075","NAMOBJ":"Kalipang","WADMKC":"Sugio","WADMKK":"Lamongan"},"geometry":{"type":"Point","coordinates":[112.3,-7.2]}},{"type":"Feature","properties":{"Line":"S128","Sp":"2604.50000000000","X":"643300.50000000000","Y":"9207375.30000000075","NAMOBJ":"Kalipang","WADMKC":"Sugio","WADMKK":"Lamongan"},"geometry":{"type":"Point","coordinates":[112.3,-7.2]}},{"type":"Feature","properties":{"Line":"S128","Sp":"2608.50000000000","X":"643300.50000000000","Y":"9207325.30000000075","NAMOBJ":"Kalipang","WADMKC":"Sugio","WADMKK":"Lamongan"},"geometry":{"type":"Point","coordinates":[112.3,-7.2]}},{"type":"Feature","properties":{"Line":"S128","Sp":"2612.50000000000","X":"643300.50000000000","Y":"9207275.30000000075","NAMOBJ":"Kalipang","WADMKC":"Sugio","WADMKK":"Lamongan"},"geometry":{"type":"Point","coordinates":[112.3,-7.2]}},{"type":"Feature","properties":{"Line":"S128","Sp":"2616.50000000000","X":"643300.50000000000","Y":"9207225.30000000075","NAMOBJ":"Kalipang","WADMKC":"Sugio","WADMKK":"Lamongan"},"geometry":{"type":"Point","coordinates":[112.3,-7.2]}},{"type":"Feature","properties":{"Line":"S128","Sp":"2620.50000000000","X":"643300.50000000000","Y":"9207175.30000000075","NAMOBJ":"Kalipang","WADMKC":"Sugio","WADMKK":"Lamongan"},"geometry":{"type":"Point","coordinates":[112.3,-7.2]}},{"type":"Feature","properties":{"Line":"S128","Sp":"2624.50000000000","X":"643300.50000000000","Y":"9207125.30000000075","NAMOBJ":"Kalipang","WADMKC":"Sugio","WADMKK":"Lamongan"},"geometry":{"type":"Point","coordinates":[112.3,-7.2]}},{"type":"Feature","properties":{"Line":"S128","Sp":"2628.50000000000","X":"643300.50000000000","Y":"9207075.30000000075","NAMOBJ":"Kalipang","WADMKC":"Sugio","WADMKK":"Lamongan"},"geometry":{"type":"Point","coordinates":[112.3,-7.2]}},{"type":"Feature","properties":{"Line":"S128","Sp":"2632.50000000000","X":"643300.50000000000","Y":"9207025.30000000075","NAMOBJ":"Kalipang","WADMKC":"Sugio","WADMKK":"Lamongan"},"geometry":{"type":"Point","coordinates":[112.3,-7.2]}},{"type":"Feature","properties":{"Line":"S128","Sp":"2636.50000000000","X":"643300.50000000000","Y":"9206975.30000000075","NAMOBJ":"Kalipang","WADMKC":"Sugio","WADMKK":"Lamongan"},"geometry":{"type":"Point","coordinates":[112.3,-7.2]}},{"type":"Feature","properties":{"Line":"S128","Sp":"2640.50000000000","X":"643300.50000000000","Y":"9206925.30000000075","NAMOBJ":"Kalipang","WADMKC":"Sugio","WADMKK":"Lamongan"},"geometry":{"type":"Point","coordinates":[112.3,-7.2]}},{"type":"Feature","properties":{"Line":"S128","Sp":"2644.50000000000","X":"643300.50000000000","Y":"9206875.30000000075","NAMOBJ":"Kalipang","WADMKC":"Sugio","WADMKK":"Lamongan"},"geometry":{"type":"Point","coordinates":[112.3,-7.2]}},{"type":"Feature","properties":{"Line":"S128","Sp":"2648.50000000000","X":"643300.50000000000","Y":"9206825.30000000075","NAMOBJ":"Kalipang","WADMKC":"Sugio","WADMKK":"Lamongan"},"geometry":{"type":"Point","coordinates":[112.3,-7.2]}},{"type":"Feature","properties":{"Line":"S128","Sp":"2652.50000000000","X":"643300.50000000000","Y":"9206775.30000000075","NAMOBJ":"Kalipang","WADMKC":"Sugio","WADMKK":"Lamongan"},"geometry":{"type":"Point","coordinates":[112.3,-7.2]}},{"type":"Feature","properties":{"Line":"S128","Sp":"2656.50000000000","X":"643300.50000000000","Y":"9206725.30000000075","NAMOBJ":"Kalipang","WADMKC":"Sugio","WADMKK":"Lamongan"},"geometry":{"type":"Point","coordinates":[112.3,-7.2]}},{"type":"Feature","properties":{"Line":"S128","Sp":"2660.50000000000","X":"643300.50000000000","Y":"9206675.30000000075","NAMOBJ":"Kalipang","WADMKC":"Sugio","WADMKK":"Lamongan"},"geometry":{"type":"Point","coordinates":[112.3,-7.2]}},{"type":"Feature","properties":{"Line":"S128","Sp":"2664.50000000000","X":"643300.50000000000","Y":"9206625.30000000075","NAMOBJ":"Kalipang","WADMKC":"Sugio","WADMKK":"Lamongan"},"geometry":{"type":"Point","coordinates":[112.3,-7.2]}},{"type":"Feature","properties":{"Line":"S128","Sp":"2668.50000000000","X":"643300.50000000000","Y":"9206575.30000000075","NAMOBJ":"Kalipang","WADMKC":"Sugio","WADMKK":"Lamongan"},"geometry":{"type":"Point","coordinates":[112.3,-7.2]}},{"type":"Feature","properties":{"Line":"S128","Sp":"2672.50000000000","X":"643300.50000000000","Y":"9206525.30000000075","NAMOBJ":"Kalipang","WADMKC":"Sugio","WADMKK":"Lamongan"},"geometry":{"type":"Point","coordinates":[112.3,-7.2]}},{"type":"Feature","properties":{"Line":"S128","Sp":"2676.50000000000","X":"643300.50000000000","Y":"9206475.30000000075","NAMOBJ":"Kalipang","WADMKC":"Sugio","WADMKK":"Lamongan"},"geometry":{"type":"Point","coordinates":[112.3,-7.2]}},{"type":"Feature","properties":{"Line":"S128","Sp":"2680.50000000000","X":"643300.50000000000","Y":"9206425.30000000075","NAMOBJ":"Kalipang","WADMKC":"Sugio","WADMKK":"Lamongan"},"geometry":{"type":"Point","coordinates":[112.3,-7.2]}},{"type":"Feature","properties":{"Line":"S128","Sp":"2684.50000000000","X":"643300.50000000000","Y":"9206375.30000000075","NAMOBJ":"Kalipang","WADMKC":"Sugio","WADMKK":"Lamongan"},"geometry":{"type":"Point","coordinates":[112.3,-7.2]}},{"type":"Feature","properties":{"Line":"S128","Sp":"2688.50000000000","X":"643300.50000000000","Y":"9206325.30000000075","NAMOBJ":"Kalipang","WADMKC":"Sugio","WADMKK":"Lamongan"},"geometry":{"type":"Point","coordinates":[112.3,-7.2]}},{"type":"Feature","properties":{"Line":"S128","Sp":"2692.50000000000","X":"643300.50000000000","Y":"9206275.30000000075","NAMOBJ":"Kalipang","WADMKC":"Sugio","WADMKK":"Lamongan"},"geometry":{"type":"Point","coordinates":[112.3,-7.2]}},{"type":"Feature","properties":{"Line":"S101","Sp":"2852.50000000000","X":"647375.50000000000","Y":"9208800.30000000075","NAMOBJ":"Kedungasri","WADMKC":"Kembangbahu","WADMKK":"Lamongan"},"geometry":{"type":"Point","coordinates":[112.3,-7.2]}},{"type":"Feature","properties":{"Line":"S101","Sp":"2856.50000000000","X":"647425.50000000000","Y":"9208800.30000000075","NAMOBJ":"Kedungasri","WADMKC":"Kembangbahu","WADMKK":"Lamongan"},"geometry":{"type":"Point","coordinates":[112.3,-7.2]}},{"type":"Feature","properties":{"Line":"S101","Sp":"2860.50000000000","X":"647475.50000000000","Y":"9208800.30000000075","NAMOBJ":"Kedungasri","WADMKC":"Kembangbahu","WADMKK":"Lamongan"},"geometry":{"type":"Point","coordinates":[112.3,-7.2]}},{"type":"Feature","properties":{"Line":"S101","Sp":"2864.50000000000","X":"647525.50000000000","Y":"9208800.30000000075","NAMOBJ":"Kedungasri","WADMKC":"Kembangbahu","WADMKK":"Lamongan"},"geometry":{"type":"Point","coordinates":[112.3,-7.2]}},{"type":"Feature","properties":{"Line":"S101","Sp":"2868.50000000000","X":"647575.50000000000","Y":"9208800.30000000075","NAMOBJ":"Kedungasri","WADMKC":"Kembangbahu","WADMKK":"Lamongan"},"geometry":{"type":"Point","coordinates":[112.3,-7.2]}},{"type":"Feature","properties":{"Line":"S101","Sp":"2872.50000000000","X":"647625.50000000000","Y":"9208800.30000000075","NAMOBJ":"Kedungasri","WADMKC":"Kembangbahu","WADMKK":"Lamongan"},"geometry":{"type":"Point","coordinates":[112.3,-7.2]}},{"type":"Feature","properties":{"Line":"S101","Sp":"2876.50000000000","X":"647675.50000000000","Y":"9208800.30000000075","NAMOBJ":"Kedungasri","WADMKC":"Kembangbahu","WADMKK":"Lamongan"},"geometry":{"type":"Point","coordinates":[112.3,-7.2]}},{"type":"Feature","properties":{"Line":"S101","Sp":"2880.50000000000","X":"647725.50000000000","Y":"9208800.30000000075","NAMOBJ":"Kedungasri","WADMKC":"Kembangbahu","WADMKK":"Lamongan"},"geometry":{"type":"Point","coordinates":[112.3,-7.2]}},{"type":"Feature","properties":{"Line":"S101","Sp":"2884.50000000000","X":"647775.50000000000","Y":"9208800.30000000075","NAMOBJ":"Kedungasri","WADMKC":"Kembangbahu","WADMKK":"Lamongan"},"geometry":{"type":"Point","coordinates":[112.3,-7.2]}},{"type":"Feature","properties":{"Line":"S101","Sp":"2888.50000000000","X":"647825.50000000000","Y":"9208800.30000000075","NAMOBJ":"Kedungasri","WADMKC":"Kembangbahu","WADMKK":"Lamongan"},"geometry":{"type":"Point","coordinates":[112.3,-7.2]}},{"type":"Feature","properties":{"Line":"S101","Sp":"2892.50000000000","X":"647875.50000000000","Y":"9208800.30000000075","NAMOBJ":"Kedungasri","WADMKC":"Kembangbahu","WADMKK":"Lamongan"},"geometry":{"type":"Point","coordinates":[112.3,-7.2]}},{"type":"Feature","properties":{"Line":"S101","Sp":"2896.50000000000","X":"647925.50000000000","Y":"9208800.30000000075","NAMOBJ":"Kedungasri","WADMKC":"Kembangbahu","WADMKK":"Lamongan"},"geometry":{"type":"Point","coordinates":[112.3,-7.2]}},{"type":"Feature","properties":{"Line":"S101","Sp":"2900.50000000000","X":"647975.50000000000","Y":"9208800.30000000075","NAMOBJ":"Kedungasri","WADMKC":"Kembangbahu","WADMKK":"Lamongan"},"geometry":{"type":"Point","coordinates":[112.3,-7.2]}},{"type":"Feature","properties":{"Line":"S101","Sp":"2904.50000000000","X":"648025.50000000000","Y":"9208800.30000000075","NAMOBJ":"Kedungasri","WADMKC":"Kembangbahu","WADMKK":"Lamongan"},"geometry":{"type":"Point","coordinates":[112.3,-7.2]}},{"type":"Feature","properties":{"Line":"S101","Sp":"2908.50000000000","X":"648075.50000000000","Y":"9208800.30000000075","NAMOBJ":"Kedungasri","WADMKC":"Kembangbahu","WADMKK":"Lamongan"},"geometry":{"type":"Point","coordinates":[112.3,-7.2]}},{"type":"Feature","properties":{"Line":"S101","Sp":"2912.50000000000","X":"648125.50000000000","Y":"9208800.30000000075","NAMOBJ":"Kedungasri","WADMKC":"Kembangbahu","WADMKK":"Lamongan"},"geometry":{"type":"Point","coordinates":[112.3,-7.2]}},{"type":"Feature","properties":{"Line":"S101","Sp":"2916.50000000000","X":"648175.50000000000","Y":"9208800.30000000075","NAMOBJ":"Kedungasri","WADMKC":"Kembangbahu","WADMKK":"Lamongan"},"geometry":{"type":"Point","coordinates":[112.3,-7.2]}},{"type":"Feature","properties":{"Line":"S101","Sp":"2920.50000000000","X":"648225.50000000000","Y":"9208800.30000000075","NAMOBJ":"Kedungasri","WADMKC":"Kembangbahu","WADMKK":"Lamongan"},"geometry":{"type":"Point","coordinates":[112.3,-7.2]}},{"type":"Feature","properties":{"Line":"S101","Sp":"2924.50000000000","X":"648275.50000000000","Y":"9208800.30000000075","NAMOBJ":"Kedungasri","WADMKC":"Kembangbahu","WADMKK":"Lamongan"},"geometry":{"type":"Point","coordinates":[112.3,-7.2]}},{"type":"Feature","properties":{"Line":"S101","Sp":"2928.50000000000","X":"648325.50000000000","Y":"9208800.30000000075","NAMOBJ":"Kedungasri","WADMKC":"Kembangbahu","WADMKK":"Lamongan"},"geometry":{"type":"Point","coordinates":[112.3,-7.2]}},{"type":"Feature","properties":{"Line":"S101","Sp":"2932.50000000000","X":"648375.50000000000","Y":"9208800.30000000075","NAMOBJ":"Kedungasri","WADMKC":"Kembangbahu","WADMKK":"Lamongan"},"geometry":{"type":"Point","coordinates":[112.3,-7.2]}},{"type":"Feature","properties":{"Line":"S101","Sp":"2936.50000000000","X":"648425.50000000000","Y":"9208800.30000000075","NAMOBJ":"Kedungasri","WADMKC":"Kembangbahu","WADMKK":"Lamongan"},"geometry":{"type":"Point","coordinates":[112.3,-7.2]}},{"type":"Feature","properties":{"Line":"S101","Sp":"2940.50000000000","X":"648475.50000000000","Y":"9208800.30000000075","NAMOBJ":"Kedungasri","WADMKC":"Kembangbahu","WADMKK":"Lamongan"},"geometry":{"type":"Point","coordinates":[112.3,-7.2]}},{"type":"Feature","properties":{"Line":"S101","Sp":"2944.50000000000","X":"648525.50000000000","Y":"9208800.30000000075","NAMOBJ":"Kedungasri","WADMKC":"Kembangbahu","WADMKK":"Lamongan"},"geometry":{"type":"Point","coordinates":[112.3,-7.2]}},{"type":"Feature","properties":{"Line":"S101","Sp":"2948.50000000000","X":"648575.50000000000","Y":"9208800.30000000075","NAMOBJ":"Kedungasri","WADMKC":"Kembangbahu","WADMKK":"Lamongan"},"geometry":{"type":"Point","coordinates":[112.3,-7.2]}},{"type":"Feature","properties":{"Line":"S101","Sp":"2952.50000000000","X":"648625.50000000000","Y":"9208800.30000000075","NAMOBJ":"Kedungasri","WADMKC":"Kembangbahu","WADMKK":"Lamongan"},"geometry":{"type":"Point","coordinates":[112.3,-7.2]}},{"type":"Feature","properties":{"Line":"S101","Sp":"2956.50000000000","X":"648675.50000000000","Y":"9208800.30000000075","NAMOBJ":"Kedungasri","WADMKC":"Kembangbahu","WADMKK":"Lamongan"},"geometry":{"type":"Point","coordinates":[112.3,-7.2]}},{"type":"Feature","properties":{"Line":"S101","Sp":"2960.50000000000","X":"648725.50000000000","Y":"9208800.30000000075","NAMOBJ":"Kedungasri","WADMKC":"Kembangbahu","WADMKK":"Lamongan"},"geometry":{"type":"Point","coordinates":[112.3,-7.2]}},{"type":"Feature","properties":{"Line":"S101","Sp":"2964.50000000000","X":"648775.50000000000","Y":"9208800.30000000075","NAMOBJ":"Kedungasri","WADMKC":"Kembangbahu","WADMKK":"Lamongan"},"geometry":{"type":"Point","coordinates":[112.3,-7.2]}},{"type":"Feature","properties":{"Line":"S101","Sp":"2968.50000000000","X":"648825.50000000000","Y":"9208800.30000000075","NAMOBJ":"Kedungasri","WADMKC":"Kembangbahu","WADMKK":"Lamongan"},"geometry":{"type":"Point","coordinates":[112.3,-7.2]}},{"type":"Feature","properties":{"Line":"S101","Sp":"2972.50000000000","X":"648875.50000000000","Y":"9208800.30000000075","NAMOBJ":"Kedungasri","WADMKC":"Kembangbahu","WADMKK":"Lamongan"},"geometry":{"type":"Point","coordinates":[112.3,-7.2]}},{"type":"Feature","properties":{"Line":"S101","Sp":"2976.50000000000","X":"648925.50000000000","Y":"9208800.30000000075","NAMOBJ":"Kedungasri","WADMKC":"Kembangbahu","WADMKK":"Lamongan"},"geometry":{"type":"Point","coordinates":[112.3,-7.2]}},{"type":"Feature","properties":{"Line":"S138","Sp":"2420.50000000000","X":"648300.50000000000","Y":"9209125.30000000075","NAMOBJ":"Kedungasri","WADMKC":"Kembangbahu","WADMKK":"Lamongan"},"geometry":{"type":"Point","coordinates":[112.3,-7.2]}},{"type":"Feature","properties":{"Line":"S138","Sp":"2424.50000000000","X":"648300.50000000000","Y":"9209075.30000000075","NAMOBJ":"Kedungasri","WADMKC":"Kembangbahu","WADMKK":"Lamongan"},"geometry":{"type":"Point","coordinates":[112.3,-7.2]}},{"type":"Feature","properties":{"Line":"S138","Sp":"2428.50000000000","X":"648300.50000000000","Y":"9209025.30000000075","NAMOBJ":"Kedungasri","WADMKC":"Kembangbahu","WADMKK":"Lamongan"},"geometry":{"type":"Point","coordinates":[112.3,-7.2]}},{"type":"Feature","properties":{"Line":"S138","Sp":"2432.50000000000","X":"648300.50000000000","Y":"9208975.30000000075","NAMOBJ":"Kedungasri","WADMKC":"Kembangbahu","WADMKK":"Lamongan"},"geometry":{"type":"Point","coordinates":[112.3,-7.2]}},{"type":"Feature","properties":{"Line":"S138","Sp":"2436.50000000000","X":"648300.50000000000","Y":"9208925.30000000075","NAMOBJ":"Kedungasri","WADMKC":"Kembangbahu","WADMKK":"Lamongan"},"geometry":{"type":"Point","coordinates":[112.3,-7.2]}},{"type":"Feature","properties":{"Line":"S134","Sp":"2592.50000000000","X":"646300.50000000000","Y":"9206975.30000000075","NAMOBJ":"Kedungmegarih","WADMKC":"Kembangbahu","WADMKK":"Lamongan"},"geometry":{"type":"Point","coordinates":[112.3,-7.2]}},{"type":"Feature","properties":{"Line":"S134","Sp":"2596.50000000000","X":"646300.50000000000","Y":"9206925.30000000075","NAMOBJ":"Kedungmegarih","WADMKC":"Kembangbahu","WADMKK":"Lamongan"},"geometry":{"type":"Point","coordinates":[112.3,-7.2]}},{"type":"Feature","properties":{"Line":"S134","Sp":"2600.50000000000","X":"646300.50000000000","Y":"9206875.30000000075","NAMOBJ":"Kedungmegarih","WADMKC":"Kembangbahu","WADMKK":"Lamongan"},"geometry":{"type":"Point","coordinates":[112.3,-7.2]}},{"type":"Feature","properties":{"Line":"S134","Sp":"2604.50000000000","X":"646300.50000000000","Y":"9206825.30000000075","NAMOBJ":"Kedungmegarih","WADMKC":"Kembangbahu","WADMKK":"Lamongan"},"geometry":{"type":"Point","coordinates":[112.3,-7.2]}},{"type":"Feature","properties":{"Line":"S126","Sp":"2720.50000000000","X":"642300.50000000000","Y":"9206125.30000000075","NAMOBJ":"Lawanganagung","WADMKC":"Sugio","WADMKK":"Lamongan"},"geometry":{"type":"Point","coordinates":[112.3,-7.2]}},{"type":"Feature","properties":{"Line":"S126","Sp":"2724.50000000000","X":"642300.50000000000","Y":"9206075.30000000075","NAMOBJ":"Lawanganagung","WADMKC":"Sugio","WADMKK":"Lamongan"},"geometry":{"type":"Point","coordinates":[112.3,-7.2]}},{"type":"Feature","properties":{"Line":"S101","Sp":"2376.50000000000","X":"641425.50000000000","Y":"9208800.30000000075","NAMOBJ":"Lebakadi","WADMKC":"Sugio","WADMKK":"Lamongan"},"geometry":{"type":"Point","coordinates":[112.3,-7.2]}},{"type":"Feature","properties":{"Line":"S101","Sp":"2380.50000000000","X":"641475.50000000000","Y":"9208800.30000000075","NAMOBJ":"Lebakadi","WADMKC":"Sugio","WADMKK":"Lamongan"},"geometry":{"type":"Point","coordinates":[112.3,-7.2]}},{"type":"Feature","properties":{"Line":"S101","Sp":"2384.50000000000","X":"641525.50000000000","Y":"9208800.30000000075","NAMOBJ":"Lebakadi","WADMKC":"Sugio","WADMKK":"Lamongan"},"geometry":{"type":"Point","coordinates":[112.3,-7.2]}},{"type":"Feature","properties":{"Line":"S101","Sp":"2388.50000000000","X":"641575.50000000000","Y":"9208800.30000000075","NAMOBJ":"Lebakadi","WADMKC":"Sugio","WADMKK":"Lamongan"},"geometry":{"type":"Point","coordinates":[112.3,-7.2]}},{"type":"Feature","properties":{"Line":"S101","Sp":"2392.50000000000","X":"641625.50000000000","Y":"9208800.30000000075","NAMOBJ":"Lebakadi","WADMKC":"Sugio","WADMKK":"Lamongan"},"geometry":{"type":"Point","coordinates":[112.3,-7.2]}},{"type":"Feature","properties":{"Line":"S101","Sp":"2396.50000000000","X":"641675.50000000000","Y":"9208800.30000000075","NAMOBJ":"Lebakadi","WADMKC":"Sugio","WADMKK":"Lamongan"},"geometry":{"type":"Point","coordinates":[112.3,-7.2]}},{"type":"Feature","properties":{"Line":"S101","Sp":"2400.50000000000","X":"641725.50000000000","Y":"9208800.30000000075","NAMOBJ":"Lebakadi","WADMKC":"Sugio","WADMKK":"Lamongan"},"geometry":{"type":"Point","coordinates":[112.3,-7.2]}},{"type":"Feature","properties":{"Line":"S101","Sp":"2404.50000000000","X":"641775.50000000000","Y":"9208800.30000000075","NAMOBJ":"Lebakadi","WADMKC":"Sugio","WADMKK":"Lamongan"},"geometry":{"type":"Point","coordinates":[112.3,-7.2]}},{"type":"Feature","properties":{"Line":"S101","Sp":"2408.50000000000","X":"641825.50000000000","Y":"9208800.30000000075","NAMOBJ":"Lebakadi","WADMKC":"Sugio","WADMKK":"Lamongan"},"geometry":{"type":"Point","coordinates":[112.3,-7.2]}},{"type":"Feature","properties":{"Line":"S101","Sp":"2412.50000000000","X":"641875.50000000000","Y":"9208800.30000000075","NAMOBJ":"Lebakadi","WADMKC":"Sugio","WADMKK":"Lamongan"},"geometry":{"type":"Point","coordinates":[112.3,-7.2]}},{"type":"Feature","properties":{"Line":"S101","Sp":"2416.50000000000","X":"641925.50000000000","Y":"9208800.30000000075","NAMOBJ":"Lebakadi","WADMKC":"Sugio","WADMKK":"Lamongan"},"geometry":{"type":"Point","coordinates":[112.3,-7.2]}},{"type":"Feature","properties":{"Line":"S101","Sp":"2420.50000000000","X":"641975.50000000000","Y":"9208800.30000000075","NAMOBJ":"Lebakadi","WADMKC":"Sugio","WADMKK":"Lamongan"},"geometry":{"type":"Point","coordinates":[112.3,-7.2]}},{"type":"Feature","properties":{"Line":"S101","Sp":"2424.50000000000","X":"642025.50000000000","Y":"9208800.30000000075","NAMOBJ":"Lebakadi","WADMKC":"Sugio","WADMKK":"Lamongan"},"geometry":{"type":"Point","coordinates":[112.3,-7.2]}},{"type":"Feature","properties":{"Line":"S101","Sp":"2428.50000000000","X":"642075.50000000000","Y":"9208800.30000000075","NAMOBJ":"Lebakadi","WADMKC":"Sugio","WADMKK":"Lamongan"},"geometry":{"type":"Point","coordinates":[112.3,-7.2]}},{"type":"Feature","properties":{"Line":"S101","Sp":"2432.50000000000","X":"642125.50000000000","Y":"9208800.30000000075","NAMOBJ":"Lebakadi","WADMKC":"Sugio","WADMKK":"Lamongan"},"geometry":{"type":"Point","coordinates":[112.3,-7.2]}},{"type":"Feature","properties":{"Line":"S101","Sp":"2556.50000000000","X":"643675.50000000000","Y":"9208800.30000000075","NAMOBJ":"Sekarbagus","WADMKC":"Sugio","WADMKK":"Lamongan"},"geometry":{"type":"Point","coordinates":[112.3,-7.2]}},{"type":"Feature","properties":{"Line":"S101","Sp":"2560.50000000000","X":"643725.50000000000","Y":"9208800.30000000075","NAMOBJ":"Sekarbagus","WADMKC":"Sugio","WADMKK":"Lamongan"},"geometry":{"type":"Point","coordinates":[112.3,-7.2]}},{"type":"Feature","properties":{"Line":"S101","Sp":"2564.50000000000","X":"643775.50000000000","Y":"9208800.30000000075","NAMOBJ":"Sekarbagus","WADMKC":"Sugio","WADMKK":"Lamongan"},"geometry":{"type":"Point","coordinates":[112.3,-7.2]}},{"type":"Feature","properties":{"Line":"S101","Sp":"2568.50000000000","X":"643825.50000000000","Y":"9208800.30000000075","NAMOBJ":"Sekarbagus","WADMKC":"Sugio","WADMKK":"Lamongan"},"geometry":{"type":"Point","coordinates":[112.3,-7.2]}},{"type":"Feature","properties":{"Line":"S101","Sp":"2572.50000000000","X":"643875.50000000000","Y":"9208800.30000000075","NAMOBJ":"Sekarbagus","WADMKC":"Sugio","WADMKK":"Lamongan"},"geometry":{"type":"Point","coordinates":[112.3,-7.2]}},{"type":"Feature","properties":{"Line":"S101","Sp":"2576.50000000000","X":"643925.50000000000","Y":"9208800.30000000075","NAMOBJ":"Sekarbagus","WADMKC":"Sugio","WADMKK":"Lamongan"},"geometry":{"type":"Point","coordinates":[112.3,-7.2]}},{"type":"Feature","properties":{"Line":"S101","Sp":"2580.50000000000","X":"643975.50000000000","Y":"9208800.30000000075","NAMOBJ":"Sekarbagus","WADMKC":"Sugio","WADMKK":"Lamongan"},"geometry":{"type":"Point","coordinates":[112.3,-7.2]}},{"type":"Feature","properties":{"Line":"S101","Sp":"2584.50000000000","X":"644025.50000000000","Y":"9208800.30000000075","NAMOBJ":"Sekarbagus","WADMKC":"Sugio","WADMKK":"Lamongan"},"geometry":{"type":"Point","coordinates":[112.3,-7.2]}},{"type":"Feature","properties":{"Line":"S101","Sp":"2588.50000000000","X":"644075.50000000000","Y":"9208800.30000000075","NAMOBJ":"Sekarbagus","WADMKC":"Sugio","WADMKK":"Lamongan"},"geometry":{"type":"Point","coordinates":[112.3,-7.2]}},{"type":"Feature","properties":{"Line":"S101","Sp":"2592.50000000000","X":"644125.50000000000","Y":"9208800.30000000075","NAMOBJ":"Sekarbagus","WADMKC":"Sugio","WADMKK":"Lamongan"},"geometry":{"type":"Point","coordinates":[112.3,-7.2]}},{"type":"Feature","properties":{"Line":"S101","Sp":"2596.50000000000","X":"644175.50000000000","Y":"9208800.30000000075","NAMOBJ":"Sekarbagus","WADMKC":"Sugio","WADMKK":"Lamongan"},"geometry":{"type":"Point","coordinates":[112.3,-7.2]}},{"type":"Feature","properties":{"Line":"S101","Sp":"2600.50000000000","X":"644225.50000000000","Y":"9208800.30000000075","NAMOBJ":"Sekarbagus","WADMKC":"Sugio","WADMKK":"Lamongan"},"geometry":{"type":"Point","coordinates":[112.3,-7.2]}},{"type":"Feature","properties":{"Line":"S101","Sp":"2604.50000000000","X":"644275.50000000000","Y":"9208800.30000000075","NAMOBJ":"Sekarbagus","WADMKC":"Sugio","WADMKK":"Lamongan"},"geometry":{"type":"Point","coordinates":[112.3,-7.2]}},{"type":"Feature","properties":{"Line":"S101","Sp":"2608.50000000000","X":"644325.50000000000","Y":"9208800.30000000075","NAMOBJ":"Sekarbagus","WADMKC":"Sugio","WADMKK":"Lamongan"},"geometry":{"type":"Point","coordinates":[112.3,-7.2]}},{"type":"Feature","properties":{"Line":"S101","Sp":"2612.50000000000","X":"644375.50000000000","Y":"9208800.30000000075","NAMOBJ":"Sekarbagus","WADMKC":"Sugio","WADMKK":"Lamongan"},"geometry":{"type":"Point","coordinates":[112.3,-7.2]}},{"type":"Feature","properties":{"Line":"S101","Sp":"2616.50000000000","X":"644425.50000000000","Y":"9208800.30000000075","NAMOBJ":"Sekarbagus","WADMKC":"Sugio","WADMKK":"Lamongan"},"geometry":{"type":"Point","coordinates":[112.3,-7.2]}},{"type":"Feature","properties":{"Line":"S101","Sp":"2620.50000000000","X":"644475.50000000000","Y":"9208800.30000000075","NAMOBJ":"Sekarbagus","WADMKC":"Sugio","WADMKK":"Lamongan"},"geometry":{"type":"Point","coordinates":[112.3,-7.2]}},{"type":"Feature","properties":{"Line":"S101","Sp":"2624.50000000000","X":"644525.50000000000","Y":"9208800.30000000075","NAMOBJ":"Sekarbagus","WADMKC":"Sugio","WADMKK":"Lamongan"},"geometry":{"type":"Point","coordinates":[112.3,-7.2]}},{"type":"Feature","properties":{"Line":"S101","Sp":"2628.50000000000","X":"644575.50000000000","Y":"9208800.30000000075","NAMOBJ":"Sekarbagus","WADMKC":"Sugio","WADMKK":"Lamongan"},"geometry":{"type":"Point","coordinates":[112.3,-7.2]}},{"type":"Feature","properties":{"Line":"S101","Sp":"2632.50000000000","X":"644625.50000000000","Y":"9208800.30000000075","NAMOBJ":"Sekarbagus","WADMKC":"Sugio","WADMKK":"Lamongan"},"geometry":{"type":"Point","coordinates":[112.3,-7.2]}},{"type":"Feature","properties":{"Line":"S101","Sp":"2636.50000000000","X":"644675.50000000000","Y":"9208800.30000000075","NAMOBJ":"Sekarbagus","WADMKC":"Sugio","WADMKK":"Lamongan"},"geometry":{"type":"Point","coordinates":[112.3,-7.2]}},{"type":"Feature","properties":{"Line":"S101","Sp":"2640.50000000000","X":"644725.50000000000","Y":"9208800.30000000075","NAMOBJ":"Sekarbagus","WADMKC":"Sugio","WADMKK":"Lamongan"},"geometry":{"type":"Point","coordinates":[112.3,-7.2]}},{"type":"Feature","properties":{"Line":"S101","Sp":"2644.50000000000","X":"644775.50000000000","Y":"9208800.30000000075","NAMOBJ":"Sekarbagus","WADMKC":"Sugio","WADMKK":"Lamongan"},"geometry":{"type":"Point","coordinates":[112.3,-7.2]}},{"type":"Feature","properties":{"Line":"S101","Sp":"2648.50000000000","X":"644825.50000000000","Y":"9208800.30000000075","NAMOBJ":"Sekarbagus","WADMKC":"Sugio","WADMKK":"Lamongan"},"geometry":{"type":"Point","coordinates":[112.3,-7.2]}},{"type":"Feature","properties":{"Line":"S101","Sp":"2652.50000000000","X":"644875.50000000000","Y":"9208800.30000000075","NAMOBJ":"Sekarbagus","WADMKC":"Sugio","WADMKK":"Lamongan"},"geometry":{"type":"Point","coordinates":[112.3,-7.2]}},{"type":"Feature","properties":{"Line":"S101","Sp":"2656.50000000000","X":"644925.50000000000","Y":"9208800.30000000075","NAMOBJ":"Sekarbagus","WADMKC":"Sugio","WADMKK":"Lamongan"},"geometry":{"type":"Point","coordinates":[112.3,-7.2]}},{"type":"Feature","properties":{"Line":"S101","Sp":"2660.50000000000","X":"644975.50000000000","Y":"9208800.30000000075","NAMOBJ":"Sekarbagus","WADMKC":"Sugio","WADMKK":"Lamongan"},"geometry":{"type":"Point","coordinates":[112.3,-7.2]}},{"type":"Feature","properties":{"Line":"S101","Sp":"2664.50000000000","X":"645025.50000000000","Y":"9208800.30000000075","NAMOBJ":"Sekarbagus","WADMKC":"Sugio","WADMKK":"Lamongan"},"geometry":{"type":"Point","coordinates":[112.3,-7.2]}},{"type":"Feature","properties":{"Line":"S101","Sp":"2668.50000000000","X":"645075.50000000000","Y":"9208800.30000000075","NAMOBJ":"Sekarbagus","WADMKC":"Sugio","WADMKK":"Lamongan"},"geometry":{"type":"Point","coordinates":[112.3,-7.2]}},{"type":"Feature","properties":{"Line":"S101","Sp":"2672.50000000000","X":"645125.50000000000","Y":"9208800.30000000075","NAMOBJ":"Sekarbagus","WADMKC":"Sugio","WADMKK":"Lamongan"},"geometry":{"type":"Point","coordinates":[112.3,-7.2]}},{"type":"Feature","properties":{"Line":"S101","Sp":"2676.50000000000","X":"645175.50000000000","Y":"9208800.30000000075","NAMOBJ":"Sekarbagus","WADMKC":"Sugio","WADMKK":"Lamongan"},"geometry":{"type":"Point","coordinates":[112.3,-7.2]}},{"type":"Feature","properties":{"Line":"S101","Sp":"2680.50000000000","X":"645225.50000000000","Y":"9208800.30000000075","NAMOBJ":"Sekarbagus","WADMKC":"Sugio","WADMKK":"Lamongan"},"geometry":{"type":"Point","coordinates":[112.3,-7.2]}},{"type":"Feature","properties":{"Line":"S101","Sp":"2684.50000000000","X":"645275.50000000000","Y":"9208800.30000000075","NAMOBJ":"Sekarbagus","WADMKC":"Sugio","WADMKK":"Lamongan"},"geometry":{"type":"Point","coordinates":[112.3,-7.2]}},{"type":"Feature","properties":{"Line":"S101","Sp":"2688.50000000000","X":"645325.50000000000","Y":"9208800.30000000075","NAMOBJ":"Sekarbagus","WADMKC":"Sugio","WADMKK":"Lamongan"},"geometry":{"type":"Point","coordinates":[112.3,-7.2]}},{"type":"Feature","properties":{"Line":"S101","Sp":"2692.50000000000","X":"645375.50000000000","Y":"9208800.30000000075","NAMOBJ":"Sekarbagus","WADMKC":"Sugio","WADMKK":"Lamongan"},"geometry":{"type":"Point","coordinates":[112.3,-7.2]}},{"type":"Feature","properties":{"Line":"S101","Sp":"2696.50000000000","X":"645425.50000000000","Y":"9208800.30000000075","NAMOBJ":"Sekarbagus","WADMKC":"Sugio","WADMKK":"Lamongan"},"geometry":{"type":"Point","coordinates":[112.3,-7.2]}},{"type":"Feature","properties":{"Line":"S101","Sp":"2700.50000000000","X":"645475.50000000000","Y":"9208800.30000000075","NAMOBJ":"Sekarbagus","WADMKC":"Sugio","WADMKK":"Lamongan"},"geometry":{"type":"Point","coordinates":[112.3,-7.2]}},{"type":"Feature","properties":{"Line":"S130","Sp":"2448.50000000000","X":"644300.50000000000","Y":"9209175.30000000075","NAMOBJ":"Sekarbagus","WADMKC":"Sugio","WADMKK":"Lamongan"},"geometry":{"type":"Point","coordinates":[112.3,-7.2]}},{"type":"Feature","properties":{"Line":"S130","Sp":"2452.50000000000","X":"644300.50000000000","Y":"9209125.30000000075","NAMOBJ":"Sekarbagus","WADMKC":"Sugio","WADMKK":"Lamongan"},"geometry":{"type":"Point","coordinates":[112.3,-7.2]}},{"type":"Feature","properties":{"Line":"S130","Sp":"2456.50000000000","X":"644300.50000000000","Y":"9209075.30000000075","NAMOBJ":"Sekarbagus","WADMKC":"Sugio","WADMKK":"Lamongan"},"geometry":{"type":"Point","coordinates":[112.3,-7.2]}},{"type":"Feature","properties":{"Line":"S130","Sp":"2460.50000000000","X":"644300.50000000000","Y":"9209025.30000000075","NAMOBJ":"Sekarbagus","WADMKC":"Sugio","WADMKK":"Lamongan"},"geometry":{"type":"Point","coordinates":[112.3,-7.2]}},{"type":"Feature","properties":{"Line":"S130","Sp":"2464.50000000000","X":"644300.50000000000","Y":"9208975.30000000075","NAMOBJ":"Sekarbagus","WADMKC":"Sugio","WADMKK":"Lamongan"},"geometry":{"type":"Point","coordinates":[112.3,-7.2]}},{"type":"Feature","properties":{"Line":"S130","Sp":"2468.50000000000","X":"644300.50000000000","Y":"9208925.30000000075","NAMOBJ":"Sekarbagus","WADMKC":"Sugio","WADMKK":"Lamongan"},"geometry":{"type":"Point","coordinates":[112.3,-7.2]}},{"type":"Feature","properties":{"Line":"S130","Sp":"2472.50000000000","X":"644300.50000000000","Y":"9208875.30000000075","NAMOBJ":"Sekarbagus","WADMKC":"Sugio","WADMKK":"Lamongan"},"geometry":{"type":"Point","coordinates":[112.3,-7.2]}},{"type":"Feature","properties":{"Line":"S130","Sp":"2476.50000000000","X":"644300.50000000000","Y":"9208825.30000000075","NAMOBJ":"Sekarbagus","WADMKC":"Sugio","WADMKK":"Lamongan"},"geometry":{"type":"Point","coordinates":[112.3,-7.2]}},{"type":"Feature","properties":{"Line":"S130","Sp":"2480.50000000000","X":"644300.50000000000","Y":"9208775.30000000075","NAMOBJ":"Sekarbagus","WADMKC":"Sugio","WADMKK":"Lamongan"},"geometry":{"type":"Point","coordinates":[112.3,-7.2]}},{"type":"Feature","properties":{"Line":"S130","Sp":"2484.50000000000","X":"644300.50000000000","Y":"9208725.30000000075","NAMOBJ":"Sekarbagus","WADMKC":"Sugio","WADMKK":"Lamongan"},"geometry":{"type":"Point","coordinates":[112.3,-7.2]}},{"type":"Feature","properties":{"Line":"S130","Sp":"2488.50000000000","X":"644300.50000000000","Y":"9208675.30000000075","NAMOBJ":"Sekarbagus","WADMKC":"Sugio","WADMKK":"Lamongan"},"geometry":{"type":"Point","coordinates":[112.3,-7.2]}},{"type":"Feature","properties":{"Line":"S130","Sp":"2492.50000000000","X":"644300.50000000000","Y":"9208625.30000000075","NAMOBJ":"Sekarbagus","WADMKC":"Sugio","WADMKK":"Lamongan"},"geometry":{"type":"Point","coordinates":[112.3,-7.2]}},{"type":"Feature","properties":{"Line":"S130","Sp":"2496.50000000000","X":"644300.50000000000","Y":"9208575.30000000075","NAMOBJ":"Sekarbagus","WADMKC":"Sugio","WADMKK":"Lamongan"},"geometry":{"type":"Point","coordinates":[112.3,-7.2]}},{"type":"Feature","properties":{"Line":"S130","Sp":"2500.50000000000","X":"644300.50000000000","Y":"9208525.30000000075","NAMOBJ":"Sekarbagus","WADMKC":"Sugio","WADMKK":"Lamongan"},"geometry":{"type":"Point","coordinates":[112.3,-7.2]}},{"type":"Feature","properties":{"Line":"S130","Sp":"2504.50000000000","X":"644300.50000000000","Y":"9208475.30000000075","NAMOBJ":"Sekarbagus","WADMKC":"Sugio","WADMKK":"Lamongan"},"geometry":{"type":"Point","coordinates":[112.3,-7.2]}},{"type":"Feature","properties":{"Line":"S130","Sp":"2508.50000000000","X":"644300.50000000000","Y":"9208425.30000000075","NAMOBJ":"Sekarbagus","WADMKC":"Sugio","WADMKK":"Lamongan"},"geometry":{"type":"Point","coordinates":[112.3,-7.2]}},{"type":"Feature","properties":{"Line":"S130","Sp":"2512.50000000000","X":"644300.50000000000","Y":"9208375.30000000075","NAMOBJ":"Sekarbagus","WADMKC":"Sugio","WADMKK":"Lamongan"},"geometry":{"type":"Point","coordinates":[112.3,-7.2]}},{"type":"Feature","properties":{"Line":"S130","Sp":"2516.50000000000","X":"644300.50000000000","Y":"9208325.30000000075","NAMOBJ":"Sekarbagus","WADMKC":"Sugio","WADMKK":"Lamongan"},"geometry":{"type":"Point","coordinates":[112.3,-7.2]}},{"type":"Feature","properties":{"Line":"S130","Sp":"2520.50000000000","X":"644300.50000000000","Y":"9208275.30000000075","NAMOBJ":"Sekarbagus","WADMKC":"Sugio","WADMKK":"Lamongan"},"geometry":{"type":"Point","coordinates":[112.3,-7.2]}},{"type":"Feature","properties":{"Line":"S130","Sp":"2524.50000000000","X":"644300.50000000000","Y":"9208225.30000000075","NAMOBJ":"Sekarbagus","WADMKC":"Sugio","WADMKK":"Lamongan"},"geometry":{"type":"Point","coordinates":[112.3,-7.2]}},{"type":"Feature","properties":{"Line":"S130","Sp":"2528.50000000000","X":"644300.50000000000","Y":"9208175.30000000075","NAMOBJ":"Sekarbagus","WADMKC":"Sugio","WADMKK":"Lamongan"},"geometry":{"type":"Point","coordinates":[112.3,-7.2]}},{"type":"Feature","properties":{"Line":"S130","Sp":"2532.50000000000","X":"644300.50000000000","Y":"9208125.30000000075","NAMOBJ":"Sekarbagus","WADMKC":"Sugio","WADMKK":"Lamongan"},"geometry":{"type":"Point","coordinates":[112.3,-7.2]}},{"type":"Feature","properties":{"Line":"S130","Sp":"2536.50000000000","X":"644300.50000000000","Y":"9208075.30000000075","NAMOBJ":"Sekarbagus","WADMKC":"Sugio","WADMKK":"Lamongan"},"geometry":{"type":"Point","coordinates":[112.3,-7.2]}},{"type":"Feature","properties":{"Line":"S130","Sp":"2540.50000000000","X":"644300.50000000000","Y":"9208025.30000000075","NAMOBJ":"Sekarbagus","WADMKC":"Sugio","WADMKK":"Lamongan"},"geometry":{"type":"Point","coordinates":[112.3,-7.2]}},{"type":"Feature","properties":{"Line":"S130","Sp":"2544.50000000000","X":"644300.50000000000","Y":"9207975.30000000075","NAMOBJ":"Sekarbagus","WADMKC":"Sugio","WADMKK":"Lamongan"},"geometry":{"type":"Point","coordinates":[112.3,-7.2]}},{"type":"Feature","properties":{"Line":"S130","Sp":"2548.50000000000","X":"644300.50000000000","Y":"9207925.30000000075","NAMOBJ":"Sekarbagus","WADMKC":"Sugio","WADMKK":"Lamongan"},"geometry":{"type":"Point","coordinates":[112.3,-7.2]}},{"type":"Feature","properties":{"Line":"S130","Sp":"2552.50000000000","X":"644300.50000000000","Y":"9207875.30000000075","NAMOBJ":"Sekarbagus","WADMKC":"Sugio","WADMKK":"Lamongan"},"geometry":{"type":"Point","coordinates":[112.3,-7.2]}},{"type":"Feature","properties":{"Line":"S132","Sp":"2396.50000000000","X":"645300.50000000000","Y":"9209425.30000000075","NAMOBJ":"Sekarbagus","WADMKC":"Sugio","WADMKK":"Lamongan"},"geometry":{"type":"Point","coordinates":[112.3,-7.2]}},{"type":"Feature","properties":{"Line":"S132","Sp":"2400.50000000000","X":"645300.50000000000","Y":"9209375.30000000075","NAMOBJ":"Sekarbagus","WADMKC":"Sugio","WADMKK":"Lamongan"},"geometry":{"type":"Point","coordinates":[112.3,-7.2]}},{"type":"Feature","properties":{"Line":"S132","Sp":"2404.50000000000","X":"645300.50000000000","Y":"9209325.30000000075","NAMOBJ":"Sekarbagus","WADMKC":"Sugio","WADMKK":"Lamongan"},"geometry":{"type":"Point","coordinates":[112.3,-7.2]}},{"type":"Feature","properties":{"Line":"S132","Sp":"2408.50000000000","X":"645300.50000000000","Y":"9209275.30000000075","NAMOBJ":"Sekarbagus","WADMKC":"Sugio","WADMKK":"Lamongan"},"geometry":{"type":"Point","coordinates":[112.3,-7.2]}},{"type":"Feature","properties":{"Line":"S132","Sp":"2412.50000000000","X":"645300.50000000000","Y":"9209225.30000000075","NAMOBJ":"Sekarbagus","WADMKC":"Sugio","WADMKK":"Lamongan"},"geometry":{"type":"Point","coordinates":[112.3,-7.2]}},{"type":"Feature","properties":{"Line":"S132","Sp":"2416.50000000000","X":"645300.50000000000","Y":"9209175.30000000075","NAMOBJ":"Sekarbagus","WADMKC":"Sugio","WADMKK":"Lamongan"},"geometry":{"type":"Point","coordinates":[112.3,-7.2]}},{"type":"Feature","properties":{"Line":"S132","Sp":"2420.50000000000","X":"645300.50000000000","Y":"9209125.30000000075","NAMOBJ":"Sekarbagus","WADMKC":"Sugio","WADMKK":"Lamongan"},"geometry":{"type":"Point","coordinates":[112.3,-7.2]}},{"type":"Feature","properties":{"Line":"S132","Sp":"2424.50000000000","X":"645300.50000000000","Y":"9209075.30000000075","NAMOBJ":"Sekarbagus","WADMKC":"Sugio","WADMKK":"Lamongan"},"geometry":{"type":"Point","coordinates":[112.3,-7.2]}},{"type":"Feature","properties":{"Line":"S132","Sp":"2428.50000000000","X":"645300.50000000000","Y":"9209025.30000000075","NAMOBJ":"Sekarbagus","WADMKC":"Sugio","WADMKK":"Lamongan"},"geometry":{"type":"Point","coordinates":[112.3,-7.2]}},{"type":"Feature","properties":{"Line":"S132","Sp":"2432.50000000000","X":"645300.50000000000","Y":"9208975.30000000075","NAMOBJ":"Sekarbagus","WADMKC":"Sugio","WADMKK":"Lamongan"},"geometry":{"type":"Point","coordinates":[112.3,-7.2]}},{"type":"Feature","properties":{"Line":"S132","Sp":"2436.50000000000","X":"645300.50000000000","Y":"9208925.30000000075","NAMOBJ":"Sekarbagus","WADMKC":"Sugio","WADMKK":"Lamongan"},"geometry":{"type":"Point","coordinates":[112.3,-7.2]}},{"type":"Feature","properties":{"Line":"S132","Sp":"2440.50000000000","X":"645300.50000000000","Y":"9208875.30000000075","NAMOBJ":"Sekarbagus","WADMKC":"Sugio","WADMKK":"Lamongan"},"geometry":{"type":"Point","coordinates":[112.3,-7.2]}},{"type":"Feature","properties":{"Line":"S132","Sp":"2444.50000000000","X":"645300.50000000000","Y":"9208825.30000000075","NAMOBJ":"Sekarbagus","WADMKC":"Sugio","WADMKK":"Lamongan"},"geometry":{"type":"Point","coordinates":[112.3,-7.2]}},{"type":"Feature","properties":{"Line":"S132","Sp":"2448.50000000000","X":"645300.50000000000","Y":"9208775.30000000075","NAMOBJ":"Sekarbagus","WADMKC":"Sugio","WADMKK":"Lamongan"},"geometry":{"type":"Point","coordinates":[112.3,-7.2]}},{"type":"Feature","properties":{"Line":"S132","Sp":"2452.50000000000","X":"645300.50000000000","Y":"9208725.30000000075","NAMOBJ":"Sekarbagus","WADMKC":"Sugio","WADMKK":"Lamongan"},"geometry":{"type":"Point","coordinates":[112.3,-7.2]}},{"type":"Feature","properties":{"Line":"S132","Sp":"2456.50000000000","X":"645300.50000000000","Y":"9208675.30000000075","NAMOBJ":"Sekarbagus","WADMKC":"Sugio","WADMKK":"Lamongan"},"geometry":{"type":"Point","coordinates":[112.3,-7.2]}},{"type":"Feature","properties":{"Line":"S132","Sp":"2460.50000000000","X":"645300.50000000000","Y":"9208625.30000000075","NAMOBJ":"Sekarbagus","WADMKC":"Sugio","WADMKK":"Lamongan"},"geometry":{"type":"Point","coordinates":[112.3,-7.2]}},{"type":"Feature","properties":{"Line":"S132","Sp":"2464.50000000000","X":"645300.50000000000","Y":"9208575.30000000075","NAMOBJ":"Sekarbagus","WADMKC":"Sugio","WADMKK":"Lamongan"},"geometry":{"type":"Point","coordinates":[112.3,-7.2]}},{"type":"Feature","properties":{"Line":"S132","Sp":"2468.50000000000","X":"645300.50000000000","Y":"9208525.30000000075","NAMOBJ":"Sekarbagus","WADMKC":"Sugio","WADMKK":"Lamongan"},"geometry":{"type":"Point","coordinates":[112.3,-7.2]}},{"type":"Feature","properties":{"Line":"S132","Sp":"2472.50000000000","X":"645300.50000000000","Y":"9208475.30000000075","NAMOBJ":"Sekarbagus","WADMKC":"Sugio","WADMKK":"Lamongan"},"geometry":{"type":"Point","coordinates":[112.3,-7.2]}},{"type":"Feature","properties":{"Line":"S132","Sp":"2476.50000000000","X":"645300.50000000000","Y":"9208425.30000000075","NAMOBJ":"Sekarbagus","WADMKC":"Sugio","WADMKK":"Lamongan"},"geometry":{"type":"Point","coordinates":[112.3,-7.2]}},{"type":"Feature","properties":{"Line":"S132","Sp":"2480.50000000000","X":"645300.50000000000","Y":"9208375.30000000075","NAMOBJ":"Sekarbagus","WADMKC":"Sugio","WADMKK":"Lamongan"},"geometry":{"type":"Point","coordinates":[112.3,-7.2]}},{"type":"Feature","properties":{"Line":"S132","Sp":"2484.50000000000","X":"645300.50000000000","Y":"9208325.30000000075","NAMOBJ":"Sekarbagus","WADMKC":"Sugio","WADMKK":"Lamongan"},"geometry":{"type":"Point","coordinates":[112.3,-7.2]}},{"type":"Feature","properties":{"Line":"S132","Sp":"2488.50000000000","X":"645300.50000000000","Y":"9208275.30000000075","NAMOBJ":"Sekarbagus","WADMKC":"Sugio","WADMKK":"Lamongan"},"geometry":{"type":"Point","coordinates":[112.3,-7.2]}},{"type":"Feature","properties":{"Line":"S132","Sp":"2492.50000000000","X":"645300.50000000000","Y":"9208225.30000000075","NAMOBJ":"Sekarbagus","WADMKC":"Sugio","WADMKK":"Lamongan"},"geometry":{"type":"Point","coordinates":[112.3,-7.2]}},{"type":"Feature","properties":{"Line":"S132","Sp":"2496.50000000000","X":"645300.50000000000","Y":"9208175.30000000075","NAMOBJ":"Sekarbagus","WADMKC":"Sugio","WADMKK":"Lamongan"},"geometry":{"type":"Point","coordinates":[112.3,-7.2]}},{"type":"Feature","properties":{"Line":"S132","Sp":"2512.50000000000","X":"645300.50000000000","Y":"9207975.30000000075","NAMOBJ":"Sidomukti","WADMKC":"Kembangbahu","WADMKK":"Lamongan"},"geometry":{"type":"Point","coordinates":[112.3,-7.2]}},{"type":"Feature","properties":{"Line":"S132","Sp":"2516.50000000000","X":"645300.50000000000","Y":"9207925.30000000075","NAMOBJ":"Sidomukti","WADMKC":"Kembangbahu","WADMKK":"Lamongan"},"geometry":{"type":"Point","coordinates":[112.3,-7.2]}},{"type":"Feature","properties":{"Line":"S132","Sp":"2520.50000000000","X":"645300.50000000000","Y":"9207875.30000000075","NAMOBJ":"Sidomukti","WADMKC":"Kembangbahu","WADMKK":"Lamongan"},"geometry":{"type":"Point","coordinates":[112.3,-7.2]}},{"type":"Feature","properties":{"Line":"S132","Sp":"2524.50000000000","X":"645300.50000000000","Y":"9207825.30000000075","NAMOBJ":"Sidomukti","WADMKC":"Kembangbahu","WADMKK":"Lamongan"},"geometry":{"type":"Point","coordinates":[112.3,-7.2]}},{"type":"Feature","properties":{"Line":"S132","Sp":"2528.50000000000","X":"645300.50000000000","Y":"9207775.30000000075","NAMOBJ":"Sidomukti","WADMKC":"Kembangbahu","WADMKK":"Lamongan"},"geometry":{"type":"Point","coordinates":[112.3,-7.2]}},{"type":"Feature","properties":{"Line":"S132","Sp":"2532.50000000000","X":"645300.50000000000","Y":"9207725.30000000075","NAMOBJ":"Sidomukti","WADMKC":"Kembangbahu","WADMKK":"Lamongan"},"geometry":{"type":"Point","coordinates":[112.3,-7.2]}},{"type":"Feature","properties":{"Line":"S132","Sp":"2536.50000000000","X":"645300.50000000000","Y":"9207675.30000000075","NAMOBJ":"Sidomukti","WADMKC":"Kembangbahu","WADMKK":"Lamongan"},"geometry":{"type":"Point","coordinates":[112.3,-7.2]}},{"type":"Feature","properties":{"Line":"S132","Sp":"2540.50000000000","X":"645300.50000000000","Y":"9207625.30000000075","NAMOBJ":"Sidomukti","WADMKC":"Kembangbahu","WADMKK":"Lamongan"},"geometry":{"type":"Point","coordinates":[112.3,-7.2]}},{"type":"Feature","properties":{"Line":"S132","Sp":"2544.50000000000","X":"645300.50000000000","Y":"9207575.30000000075","NAMOBJ":"Sidomukti","WADMKC":"Kembangbahu","WADMKK":"Lamongan"},"geometry":{"type":"Point","coordinates":[112.3,-7.2]}},{"type":"Feature","properties":{"Line":"S132","Sp":"2548.50000000000","X":"645300.50000000000","Y":"9207525.30000000075","NAMOBJ":"Sidomukti","WADMKC":"Kembangbahu","WADMKK":"Lamongan"},"geometry":{"type":"Point","coordinates":[112.3,-7.2]}},{"type":"Feature","properties":{"Line":"S132","Sp":"2552.50000000000","X":"645300.50000000000","Y":"9207475.30000000075","NAMOBJ":"Sidomukti","WADMKC":"Kembangbahu","WADMKK":"Lamongan"},"geometry":{"type":"Point","coordinates":[112.3,-7.2]}},{"type":"Feature","properties":{"Line":"S132","Sp":"2556.50000000000","X":"645300.50000000000","Y":"9207425.30000000075","NAMOBJ":"Sidomukti","WADMKC":"Kembangbahu","WADMKK":"Lamongan"},"geometry":{"type":"Point","coordinates":[112.3,-7.2]}},{"type":"Feature","properties":{"Line":"S132","Sp":"2560.50000000000","X":"645300.50000000000","Y":"9207375.30000000075","NAMOBJ":"Sidomukti","WADMKC":"Kembangbahu","WADMKK":"Lamongan"},"geometry":{"type":"Point","coordinates":[112.3,-7.2]}},{"type":"Feature","properties":{"Line":"S132","Sp":"2564.50000000000","X":"645300.50000000000","Y":"9207325.30000000075","NAMOBJ":"Sidomukti","WADMKC":"Kembangbahu","WADMKK":"Lamongan"},"geometry":{"type":"Point","coordinates":[112.3,-7.2]}},{"type":"Feature","properties":{"Line":"S132","Sp":"2568.50000000000","X":"645300.50000000000","Y":"9207275.30000000075","NAMOBJ":"Sidomukti","WADMKC":"Kembangbahu","WADMKK":"Lamongan"},"geometry":{"type":"Point","coordinates":[112.3,-7.2]}},{"type":"Feature","properties":{"Line":"S132","Sp":"2572.50000000000","X":"645300.50000000000","Y":"9207225.30000000075","NAMOBJ":"Sidomukti","WADMKC":"Kembangbahu","WADMKK":"Lamongan"},"geometry":{"type":"Point","coordinates":[112.3,-7.2]}},{"type":"Feature","properties":{"Line":"S132","Sp":"2576.50000000000","X":"645300.50000000000","Y":"9207175.30000000075","NAMOBJ":"Sidomukti","WADMKC":"Kembangbahu","WADMKK":"Lamongan"},"geometry":{"type":"Point","coordinates":[112.3,-7.2]}},{"type":"Feature","properties":{"Line":"S132","Sp":"2580.50000000000","X":"645300.50000000000","Y":"9207125.30000000075","NAMOBJ":"Sidomukti","WADMKC":"Kembangbahu","WADMKK":"Lamongan"},"geometry":{"type":"Point","coordinates":[112.3,-7.2]}},{"type":"Feature","properties":{"Line":"S132","Sp":"2584.50000000000","X":"645300.50000000000","Y":"9207075.30000000075","NAMOBJ":"Sidomukti","WADMKC":"Kembangbahu","WADMKK":"Lamongan"},"geometry":{"type":"Point","coordinates":[112.3,-7.2]}},{"type":"Feature","properties":{"Line":"S134","Sp":"2508.50000000000","X":"646300.50000000000","Y":"9208025.30000000075","NAMOBJ":"Sidomukti","WADMKC":"Kembangbahu","WADMKK":"Lamongan"},"geometry":{"type":"Point","coordinates":[112.3,-7.2]}},{"type":"Feature","properties":{"Line":"S134","Sp":"2512.50000000000","X":"646300.50000000000","Y":"9207975.30000000075","NAMOBJ":"Sidomukti","WADMKC":"Kembangbahu","WADMKK":"Lamongan"},"geometry":{"type":"Point","coordinates":[112.3,-7.2]}},{"type":"Feature","properties":{"Line":"S134","Sp":"2516.50000000000","X":"646300.50000000000","Y":"9207925.30000000075","NAMOBJ":"Sidomukti","WADMKC":"Kembangbahu","WADMKK":"Lamongan"},"geometry":{"type":"Point","coordinates":[112.3,-7.2]}},{"type":"Feature","properties":{"Line":"S134","Sp":"2520.50000000000","X":"646300.50000000000","Y":"9207875.30000000075","NAMOBJ":"Sidomukti","WADMKC":"Kembangbahu","WADMKK":"Lamongan"},"geometry":{"type":"Point","coordinates":[112.3,-7.2]}},{"type":"Feature","properties":{"Line":"S134","Sp":"2524.50000000000","X":"646300.50000000000","Y":"9207825.30000000075","NAMOBJ":"Sidomukti","WADMKC":"Kembangbahu","WADMKK":"Lamongan"},"geometry":{"type":"Point","coordinates":[112.3,-7.2]}},{"type":"Feature","properties":{"Line":"S134","Sp":"2528.50000000000","X":"646300.50000000000","Y":"9207775.30000000075","NAMOBJ":"Sidomukti","WADMKC":"Kembangbahu","WADMKK":"Lamongan"},"geometry":{"type":"Point","coordinates":[112.3,-7.2]}},{"type":"Feature","properties":{"Line":"S134","Sp":"2532.50000000000","X":"646300.50000000000","Y":"9207725.30000000075","NAMOBJ":"Sidomukti","WADMKC":"Kembangbahu","WADMKK":"Lamongan"},"geometry":{"type":"Point","coordinates":[112.3,-7.2]}},{"type":"Feature","properties":{"Line":"S134","Sp":"2536.50000000000","X":"646300.50000000000","Y":"9207675.30000000075","NAMOBJ":"Sidomukti","WADMKC":"Kembangbahu","WADMKK":"Lamongan"},"geometry":{"type":"Point","coordinates":[112.3,-7.2]}},{"type":"Feature","properties":{"Line":"S134","Sp":"2540.50000000000","X":"646300.50000000000","Y":"9207625.30000000075","NAMOBJ":"Sidomukti","WADMKC":"Kembangbahu","WADMKK":"Lamongan"},"geometry":{"type":"Point","coordinates":[112.3,-7.2]}},{"type":"Feature","properties":{"Line":"S134","Sp":"2544.50000000000","X":"646300.50000000000","Y":"9207575.30000000075","NAMOBJ":"Sidomukti","WADMKC":"Kembangbahu","WADMKK":"Lamongan"},"geometry":{"type":"Point","coordinates":[112.3,-7.2]}},{"type":"Feature","properties":{"Line":"S134","Sp":"2548.50000000000","X":"646300.50000000000","Y":"9207525.30000000075","NAMOBJ":"Sidomukti","WADMKC":"Kembangbahu","WADMKK":"Lamongan"},"geometry":{"type":"Point","coordinates":[112.3,-7.2]}},{"type":"Feature","properties":{"Line":"S134","Sp":"2552.50000000000","X":"646300.50000000000","Y":"9207475.30000000075","NAMOBJ":"Sidomukti","WADMKC":"Kembangbahu","WADMKK":"Lamongan"},"geometry":{"type":"Point","coordinates":[112.3,-7.2]}},{"type":"Feature","properties":{"Line":"S134","Sp":"2556.50000000000","X":"646300.50000000000","Y":"9207425.30000000075","NAMOBJ":"Sidomukti","WADMKC":"Kembangbahu","WADMKK":"Lamongan"},"geometry":{"type":"Point","coordinates":[112.3,-7.2]}},{"type":"Feature","properties":{"Line":"S134","Sp":"2560.50000000000","X":"646300.50000000000","Y":"9207375.30000000075","NAMOBJ":"Sidomukti","WADMKC":"Kembangbahu","WADMKK":"Lamongan"},"geometry":{"type":"Point","coordinates":[112.3,-7.2]}},{"type":"Feature","properties":{"Line":"S134","Sp":"2564.50000000000","X":"646300.50000000000","Y":"9207325.30000000075","NAMOBJ":"Sidomukti","WADMKC":"Kembangbahu","WADMKK":"Lamongan"},"geometry":{"type":"Point","coordinates":[112.3,-7.2]}},{"type":"Feature","properties":{"Line":"S134","Sp":"2568.50000000000","X":"646300.50000000000","Y":"9207275.30000000075","NAMOBJ":"Sidomukti","WADMKC":"Kembangbahu","WADMKK":"Lamongan"},"geometry":{"type":"Point","coordinates":[112.3,-7.2]}},{"type":"Feature","properties":{"Line":"S134","Sp":"2572.50000000000","X":"646300.50000000000","Y":"9207225.30000000075","NAMOBJ":"Sidomukti","WADMKC":"Kembangbahu","WADMKK":"Lamongan"},"geometry":{"type":"Point","coordinates":[112.3,-7.2]}},{"type":"Feature","properties":{"Line":"S134","Sp":"2576.50000000000","X":"646300.50000000000","Y":"9207175.30000000075","NAMOBJ":"Sidomukti","WADMKC":"Kembangbahu","WADMKK":"Lamongan"},"geometry":{"type":"Point","coordinates":[112.3,-7.2]}},{"type":"Feature","properties":{"Line":"S134","Sp":"2580.50000000000","X":"646300.50000000000","Y":"9207125.30000000075","NAMOBJ":"Sidomukti","WADMKC":"Kembangbahu","WADMKK":"Lamongan"},"geometry":{"type":"Point","coordinates":[112.3,-7.2]}},{"type":"Feature","properties":{"Line":"S134","Sp":"2584.50000000000","X":"646300.50000000000","Y":"9207075.30000000075","NAMOBJ":"Sidomukti","WADMKC":"Kembangbahu","WADMKK":"Lamongan"},"geometry":{"type":"Point","coordinates":[112.3,-7.2]}},{"type":"Feature","properties":{"Line":"S134","Sp":"2588.50000000000","X":"646300.50000000000","Y":"9207025.30000000075","NAMOBJ":"Sidomukti","WADMKC":"Kembangbahu","WADMKK":"Lamongan"},"geometry":{"type":"Point","coordinates":[112.3,-7.2]}},{"type":"Feature","properties":{"Line":"S101","Sp":"2436.50000000000","X":"642175.50000000000","Y":"9208800.30000000075","NAMOBJ":"Sugio","WADMKC":"Sugio","WADMKK":"Lamongan"},"geometry":{"type":"Point","coordinates":[112.3,-7.2]}},{"type":"Feature","properties":{"Line":"S101","Sp":"2440.50000000000","X":"642225.50000000000","Y":"9208800.30000000075","NAMOBJ":"Sugio","WADMKC":"Sugio","WADMKK":"Lamongan"},"geometry":{"type":"Point","coordinates":[112.3,-7.2]}},{"type":"Feature","properties":{"Line":"S101","Sp":"2444.50000000000","X":"642275.50000000000","Y":"9208800.30000000075","NAMOBJ":"Sugio","WADMKC":"Sugio","WADMKK":"Lamongan"},"geometry":{"type":"Point","coordinates":[112.3,-7.2]}},{"type":"Feature","properties":{"Line":"S101","Sp":"2448.50000000000","X":"642325.50000000000","Y":"9208800.30000000075","NAMOBJ":"Sugio","WADMKC":"Sugio","WADMKK":"Lamongan"},"geometry":{"type":"Point","coordinates":[112.3,-7.2]}},{"type":"Feature","properties":{"Line":"S101","Sp":"2452.50000000000","X":"642375.50000000000","Y":"9208800.30000000075","NAMOBJ":"Sugio","WADMKC":"Sugio","WADMKK":"Lamongan"},"geometry":{"type":"Point","coordinates":[112.3,-7.2]}},{"type":"Feature","properties":{"Line":"S101","Sp":"2456.50000000000","X":"642425.50000000000","Y":"9208800.30000000075","NAMOBJ":"Sugio","WADMKC":"Sugio","WADMKK":"Lamongan"},"geometry":{"type":"Point","coordinates":[112.3,-7.2]}},{"type":"Feature","properties":{"Line":"S101","Sp":"2460.50000000000","X":"642475.50000000000","Y":"9208800.30000000075","NAMOBJ":"Sugio","WADMKC":"Sugio","WADMKK":"Lamongan"},"geometry":{"type":"Point","coordinates":[112.3,-7.2]}},{"type":"Feature","properties":{"Line":"S101","Sp":"2464.50000000000","X":"642525.50000000000","Y":"9208800.30000000075","NAMOBJ":"Sugio","WADMKC":"Sugio","WADMKK":"Lamongan"},"geometry":{"type":"Point","coordinates":[112.3,-7.2]}},{"type":"Feature","properties":{"Line":"S101","Sp":"2468.50000000000","X":"642575.50000000000","Y":"9208800.30000000075","NAMOBJ":"Sugio","WADMKC":"Sugio","WADMKK":"Lamongan"},"geometry":{"type":"Point","coordinates":[112.3,-7.2]}},{"type":"Feature","properties":{"Line":"S101","Sp":"2472.50000000000","X":"642625.50000000000","Y":"9208800.30000000075","NAMOBJ":"Sugio","WADMKC":"Sugio","WADMKK":"Lamongan"},"geometry":{"type":"Point","coordinates":[112.3,-7.2]}},{"type":"Feature","properties":{"Line":"S101","Sp":"2476.50000000000","X":"642675.50000000000","Y":"9208800.30000000075","NAMOBJ":"Sugio","WADMKC":"Sugio","WADMKK":"Lamongan"},"geometry":{"type":"Point","coordinates":[112.3,-7.2]}},{"type":"Feature","properties":{"Line":"S101","Sp":"2480.50000000000","X":"642725.50000000000","Y":"9208800.30000000075","NAMOBJ":"Sugio","WADMKC":"Sugio","WADMKK":"Lamongan"},"geometry":{"type":"Point","coordinates":[112.3,-7.2]}},{"type":"Feature","properties":{"Line":"S101","Sp":"2484.50000000000","X":"642775.50000000000","Y":"9208800.30000000075","NAMOBJ":"Sugio","WADMKC":"Sugio","WADMKK":"Lamongan"},"geometry":{"type":"Point","coordinates":[112.3,-7.2]}},{"type":"Feature","properties":{"Line":"S101","Sp":"2488.50000000000","X":"642825.50000000000","Y":"9208800.30000000075","NAMOBJ":"Sugio","WADMKC":"Sugio","WADMKK":"Lamongan"},"geometry":{"type":"Point","coordinates":[112.3,-7.2]}},{"type":"Feature","properties":{"Line":"S101","Sp":"2492.50000000000","X":"642875.50000000000","Y":"9208800.30000000075","NAMOBJ":"Sugio","WADMKC":"Sugio","WADMKK":"Lamongan"},"geometry":{"type":"Point","coordinates":[112.3,-7.2]}},{"type":"Feature","properties":{"Line":"S101","Sp":"2496.50000000000","X":"642925.50000000000","Y":"9208800.30000000075","NAMOBJ":"Sugio","WADMKC":"Sugio","WADMKK":"Lamongan"},"geometry":{"type":"Point","coordinates":[112.3,-7.2]}},{"type":"Feature","properties":{"Line":"S101","Sp":"2500.50000000000","X":"642975.50000000000","Y":"9208800.30000000075","NAMOBJ":"Sugio","WADMKC":"Sugio","WADMKK":"Lamongan"},"geometry":{"type":"Point","coordinates":[112.3,-7.2]}},{"type":"Feature","properties":{"Line":"S101","Sp":"2504.50000000000","X":"643025.50000000000","Y":"9208800.30000000075","NAMOBJ":"Sugio","WADMKC":"Sugio","WADMKK":"Lamongan"},"geometry":{"type":"Point","coordinates":[112.3,-7.2]}},{"type":"Feature","properties":{"Line":"S101","Sp":"2508.50000000000","X":"643075.50000000000","Y":"9208800.30000000075","NAMOBJ":"Sugio","WADMKC":"Sugio","WADMKK":"Lamongan"},"geometry":{"type":"Point","coordinates":[112.3,-7.2]}},{"type":"Feature","properties":{"Line":"S101","Sp":"2512.50000000000","X":"643125.50000000000","Y":"9208800.30000000075","NAMOBJ":"Sugio","WADMKC":"Sugio","WADMKK":"Lamongan"},"geometry":{"type":"Point","coordinates":[112.3,-7.2]}},{"type":"Feature","properties":{"Line":"S101","Sp":"2516.50000000000","X":"643175.50000000000","Y":"9208800.30000000075","NAMOBJ":"Sugio","WADMKC":"Sugio","WADMKK":"Lamongan"},"geometry":{"type":"Point","coordinates":[112.3,-7.2]}},{"type":"Feature","properties":{"Line":"S101","Sp":"2520.50000000000","X":"643225.50000000000","Y":"9208800.30000000075","NAMOBJ":"Sugio","WADMKC":"Sugio","WADMKK":"Lamongan"},"geometry":{"type":"Point","coordinates":[112.3,-7.2]}},{"type":"Feature","properties":{"Line":"S101","Sp":"2524.50000000000","X":"643275.50000000000","Y":"9208800.30000000075","NAMOBJ":"Sugio","WADMKC":"Sugio","WADMKK":"Lamongan"},"geometry":{"type":"Point","coordinates":[112.3,-7.2]}},{"type":"Feature","properties":{"Line":"S101","Sp":"2528.50000000000","X":"643325.50000000000","Y":"9208800.30000000075","NAMOBJ":"Sugio","WADMKC":"Sugio","WADMKK":"Lamongan"},"geometry":{"type":"Point","coordinates":[112.3,-7.2]}},{"type":"Feature","properties":{"Line":"S101","Sp":"2532.50000000000","X":"643375.50000000000","Y":"9208800.30000000075","NAMOBJ":"Sugio","WADMKC":"Sugio","WADMKK":"Lamongan"},"geometry":{"type":"Point","coordinates":[112.3,-7.2]}},{"type":"Feature","properties":{"Line":"S101","Sp":"2536.50000000000","X":"643425.50000000000","Y":"9208800.30000000075","NAMOBJ":"Sugio","WADMKC":"Sugio","WADMKK":"Lamongan"},"geometry":{"type":"Point","coordinates":[112.3,-7.2]}},{"type":"Feature","properties":{"Line":"S101","Sp":"2540.50000000000","X":"643475.50000000000","Y":"9208800.30000000075","NAMOBJ":"Sugio","WADMKC":"Sugio","WADMKK":"Lamongan"},"geometry":{"type":"Point","coordinates":[112.3,-7.2]}},{"type":"Feature","properties":{"Line":"S101","Sp":"2544.50000000000","X":"643525.50000000000","Y":"9208800.30000000075","NAMOBJ":"Sugio","WADMKC":"Sugio","WADMKK":"Lamongan"},"geometry":{"type":"Point","coordinates":[112.3,-7.2]}},{"type":"Feature","properties":{"Line":"S101","Sp":"2548.50000000000","X":"643575.50000000000","Y":"9208800.30000000075","NAMOBJ":"Sugio","WADMKC":"Sugio","WADMKK":"Lamongan"},"geometry":{"type":"Point","coordinates":[112.3,-7.2]}},{"type":"Feature","properties":{"Line":"S101","Sp":"2552.50000000000","X":"643625.50000000000","Y":"9208800.30000000075","NAMOBJ":"Sugio","WADMKC":"Sugio","WADMKK":"Lamongan"},"geometry":{"type":"Point","coordinates":[112.3,-7.2]}},{"type":"Feature","properties":{"Line":"S126","Sp":"2456.50000000000","X":"642300.50000000000","Y":"9209425.30000000075","NAMOBJ":"Sugio","WADMKC":"Sugio","WADMKK":"Lamongan"},"geometry":{"type":"Point","coordinates":[112.3,-7.2]}},{"type":"Feature","properties":{"Line":"S126","Sp":"2460.50000000000","X":"642300.50000000000","Y":"9209375.30000000075","NAMOBJ":"Sugio","WADMKC":"Sugio","WADMKK":"Lamongan"},"geometry":{"type":"Point","coordinates":[112.3,-7.2]}},{"type":"Feature","properties":{"Line":"S126","Sp":"2464.50000000000","X":"642300.50000000000","Y":"9209325.30000000075","NAMOBJ":"Sugio","WADMKC":"Sugio","WADMKK":"Lamongan"},"geometry":{"type":"Point","coordinates":[112.3,-7.2]}},{"type":"Feature","properties":{"Line":"S126","Sp":"2468.50000000000","X":"642300.50000000000","Y":"9209275.30000000075","NAMOBJ":"Sugio","WADMKC":"Sugio","WADMKK":"Lamongan"},"geometry":{"type":"Point","coordinates":[112.3,-7.2]}},{"type":"Feature","properties":{"Line":"S126","Sp":"2472.50000000000","X":"642300.50000000000","Y":"9209225.30000000075","NAMOBJ":"Sugio","WADMKC":"Sugio","WADMKK":"Lamongan"},"geometry":{"type":"Point","coordinates":[112.3,-7.2]}},{"type":"Feature","properties":{"Line":"S126","Sp":"2476.50000000000","X":"642300.50000000000","Y":"9209175.30000000075","NAMOBJ":"Sugio","WADMKC":"Sugio","WADMKK":"Lamongan"},"geometry":{"type":"Point","coordinates":[112.3,-7.2]}},{"type":"Feature","properties":{"Line":"S126","Sp":"2480.50000000000","X":"642300.50000000000","Y":"9209125.30000000075","NAMOBJ":"Sugio","WADMKC":"Sugio","WADMKK":"Lamongan"},"geometry":{"type":"Point","coordinates":[112.3,-7.2]}},{"type":"Feature","properties":{"Line":"S126","Sp":"2484.50000000000","X":"642300.50000000000","Y":"9209075.30000000075","NAMOBJ":"Sugio","WADMKC":"Sugio","WADMKK":"Lamongan"},"geometry":{"type":"Point","coordinates":[112.3,-7.2]}},{"type":"Feature","properties":{"Line":"S126","Sp":"2488.50000000000","X":"642300.50000000000","Y":"9209025.30000000075","NAMOBJ":"Sugio","WADMKC":"Sugio","WADMKK":"Lamongan"},"geometry":{"type":"Point","coordinates":[112.3,-7.2]}},{"type":"Feature","properties":{"Line":"S126","Sp":"2492.50000000000","X":"642300.50000000000","Y":"9208975.30000000075","NAMOBJ":"Sugio","WADMKC":"Sugio","WADMKK":"Lamongan"},"geometry":{"type":"Point","coordinates":[112.3,-7.2]}},{"type":"Feature","properties":{"Line":"S126","Sp":"2496.50000000000","X":"642300.50000000000","Y":"9208925.30000000075","NAMOBJ":"Sugio","WADMKC":"Sugio","WADMKK":"Lamongan"},"geometry":{"type":"Point","coordinates":[112.3,-7.2]}},{"type":"Feature","properties":{"Line":"S126","Sp":"2500.50000000000","X":"642300.50000000000","Y":"9208875.30000000075","NAMOBJ":"Sugio","WADMKC":"Sugio","WADMKK":"Lamongan"},"geometry":{"type":"Point","coordinates":[112.3,-7.2]}},{"type":"Feature","properties":{"Line":"S126","Sp":"2504.50000000000","X":"642300.50000000000","Y":"9208825.30000000075","NAMOBJ":"Sugio","WADMKC":"Sugio","WADMKK":"Lamongan"},"geometry":{"type":"Point","coordinates":[112.3,-7.2]}},{"type":"Feature","properties":{"Line":"S126","Sp":"2508.50000000000","X":"642300.50000000000","Y":"9208775.30000000075","NAMOBJ":"Sugio","WADMKC":"Sugio","WADMKK":"Lamongan"},"geometry":{"type":"Point","coordinates":[112.3,-7.2]}},{"type":"Feature","properties":{"Line":"S126","Sp":"2512.50000000000","X":"642300.50000000000","Y":"9208725.30000000075","NAMOBJ":"Sugio","WADMKC":"Sugio","WADMKK":"Lamongan"},"geometry":{"type":"Point","coordinates":[112.3,-7.2]}},{"type":"Feature","properties":{"Line":"S126","Sp":"2516.50000000000","X":"642300.50000000000","Y":"9208675.30000000075","NAMOBJ":"Sugio","WADMKC":"Sugio","WADMKK":"Lamongan"},"geometry":{"type":"Point","coordinates":[112.3,-7.2]}},{"type":"Feature","properties":{"Line":"S126","Sp":"2520.50000000000","X":"642300.50000000000","Y":"9208625.30000000075","NAMOBJ":"Sugio","WADMKC":"Sugio","WADMKK":"Lamongan"},"geometry":{"type":"Point","coordinates":[112.3,-7.2]}},{"type":"Feature","properties":{"Line":"S126","Sp":"2524.50000000000","X":"642300.50000000000","Y":"9208575.30000000075","NAMOBJ":"Sugio","WADMKC":"Sugio","WADMKK":"Lamongan"},"geometry":{"type":"Point","coordinates":[112.3,-7.2]}},{"type":"Feature","properties":{"Line":"S126","Sp":"2528.50000000000","X":"642300.50000000000","Y":"9208525.30000000075","NAMOBJ":"Sugio","WADMKC":"Sugio","WADMKK":"Lamongan"},"geometry":{"type":"Point","coordinates":[112.3,-7.2]}},{"type":"Feature","properties":{"Line":"S126","Sp":"2532.50000000000","X":"642300.50000000000","Y":"9208475.30000000075","NAMOBJ":"Sugio","WADMKC":"Sugio","WADMKK":"Lamongan"},"geometry":{"type":"Point","coordinates":[112.3,-7.2]}},{"type":"Feature","properties":{"Line":"S126","Sp":"2536.50000000000","X":"642300.50000000000","Y":"9208425.30000000075","NAMOBJ":"Sugio","WADMKC":"Sugio","WADMKK":"Lamongan"},"geometry":{"type":"Point","coordinates":[112.3,-7.2]}},{"type":"Feature","properties":{"Line":"S126","Sp":"2540.50000000000","X":"642300.50000000000","Y":"9208375.30000000075","NAMOBJ":"Sugio","WADMKC":"Sugio","WADMKK":"Lamongan"},"geometry":{"type":"Point","coordinates":[112.3,-7.2]}},{"type":"Feature","properties":{"Line":"S126","Sp":"2544.50000000000","X":"642300.50000000000","Y":"9208325.30000000075","NAMOBJ":"Sugio","WADMKC":"Sugio","WADMKK":"Lamongan"},"geometry":{"type":"Point","coordinates":[112.3,-7.2]}},{"type":"Feature","properties":{"Line":"S126","Sp":"2548.50000000000","X":"642300.50000000000","Y":"9208275.30000000075","NAMOBJ":"Sugio","WADMKC":"Sugio","WADMKK":"Lamongan"},"geometry":{"type":"Point","coordinates":[112.3,-7.2]}},{"type":"Feature","properties":{"Line":"S126","Sp":"2552.50000000000","X":"642300.50000000000","Y":"9208225.30000000075","NAMOBJ":"Sugio","WADMKC":"Sugio","WADMKK":"Lamongan"},"geometry":{"type":"Point","coordinates":[112.3,-7.2]}},{"type":"Feature","properties":{"Line":"S126","Sp":"2556.50000000000","X":"642300.50000000000","Y":"9208175.30000000075","NAMOBJ":"Sugio","WADMKC":"Sugio","WADMKK":"Lamongan"},"geometry":{"type":"Point","coordinates":[112.3,-7.2]}},{"type":"Feature","properties":{"Line":"S126","Sp":"2560.50000000000","X":"642300.50000000000","Y":"9208125.30000000075","NAMOBJ":"Sugio","WADMKC":"Sugio","WADMKK":"Lamongan"},"geometry":{"type":"Point","coordinates":[112.3,-7.2]}},{"type":"Feature","properties":{"Line":"S126","Sp":"2564.50000000000","X":"642300.50000000000","Y":"9208075.30000000075","NAMOBJ":"Sugio","WADMKC":"Sugio","WADMKK":"Lamongan"},"geometry":{"type":"Point","coordinates":[112.3,-7.2]}},{"type":"Feature","properties":{"Line":"S126","Sp":"2568.50000000000","X":"642300.50000000000","Y":"9208025.30000000075","NAMOBJ":"Sugio","WADMKC":"Sugio","WADMKK":"Lamongan"},"geometry":{"type":"Point","coordinates":[112.3,-7.2]}},{"type":"Feature","properties":{"Line":"S126","Sp":"2572.50000000000","X":"642300.50000000000","Y":"9207975.30000000075","NAMOBJ":"Sugio","WADMKC":"Sugio","WADMKK":"Lamongan"},"geometry":{"type":"Point","coordinates":[112.3,-7.2]}},{"type":"Feature","properties":{"Line":"S126","Sp":"2576.50000000000","X":"642300.50000000000","Y":"9207925.30000000075","NAMOBJ":"Sugio","WADMKC":"Sugio","WADMKK":"Lamongan"},"geometry":{"type":"Point","coordinates":[112.3,-7.2]}},{"type":"Feature","properties":{"Line":"S126","Sp":"2580.50000000000","X":"642300.50000000000","Y":"9207875.30000000075","NAMOBJ":"Sugio","WADMKC":"Sugio","WADMKK":"Lamongan"},"geometry":{"type":"Point","coordinates":[112.3,-7.2]}},{"type":"Feature","properties":{"Line":"S126","Sp":"2584.50000000000","X":"642300.50000000000","Y":"9207825.30000000075","NAMOBJ":"Sugio","WADMKC":"Sugio","WADMKK":"Lamongan"},"geometry":{"type":"Point","coordinates":[112.3,-7.2]}},{"type":"Feature","properties":{"Line":"S126","Sp":"2588.50000000000","X":"642300.50000000000","Y":"9207775.30000000075","NAMOBJ":"Sugio","WADMKC":"Sugio","WADMKK":"Lamongan"},"geometry":{"type":"Point","coordinates":[112.3,-7.2]}},{"type":"Feature","properties":{"Line":"S126","Sp":"2592.50000000000","X":"642300.50000000000","Y":"9207725.30000000075","NAMOBJ":"Sugio","WADMKC":"Sugio","WADMKK":"Lamongan"},"geometry":{"type":"Point","coordinates":[112.3,-7.2]}},{"type":"Feature","properties":{"Line":"S126","Sp":"2600.50000000000","X":"642300.50000000000","Y":"9207625.30000000075","NAMOBJ":"Sugio","WADMKC":"Sugio","WADMKK":"Lamongan"},"geometry":{"type":"Point","coordinates":[112.3,-7.2]}},{"type":"Feature","properties":{"Line":"S126","Sp":"2604.50000000000","X":"642300.50000000000","Y":"9207575.30000000075","NAMOBJ":"Sugio","WADMKC":"Sugio","WADMKK":"Lamongan"},"geometry":{"type":"Point","coordinates":[112.3,-7.2]}},{"type":"Feature","properties":{"Line":"S126","Sp":"2608.50000000000","X":"642300.50000000000","Y":"9207525.30000000075","NAMOBJ":"Sugio","WADMKC":"Sugio","WADMKK":"Lamongan"},"geometry":{"type":"Point","coordinates":[112.3,-7.2]}},{"type":"Feature","properties":{"Line":"S126","Sp":"2612.50000000000","X":"642300.50000000000","Y":"9207475.30000000075","NAMOBJ":"Sugio","WADMKC":"Sugio","WADMKK":"Lamongan"},"geometry":{"type":"Point","coordinates":[112.3,-7.2]}},{"type":"Feature","properties":{"Line":"S126","Sp":"2648.50000000000","X":"642300.50000000000","Y":"9207025.30000000075","NAMOBJ":"Sugio","WADMKC":"Sugio","WADMKK":"Lamongan"},"geometry":{"type":"Point","coordinates":[112.3,-7.2]}},{"type":"Feature","properties":{"Line":"S126","Sp":"2652.50000000000","X":"642300.50000000000","Y":"9206975.30000000075","NAMOBJ":"Sugio","WADMKC":"Sugio","WADMKK":"Lamongan"},"geometry":{"type":"Point","coordinates":[112.3,-7.2]}},{"type":"Feature","properties":{"Line":"S126","Sp":"2656.50000000000","X":"642300.50000000000","Y":"9206925.30000000075","NAMOBJ":"Sugio","WADMKC":"Sugio","WADMKK":"Lamongan"},"geometry":{"type":"Point","coordinates":[112.3,-7.2]}},{"type":"Feature","properties":{"Line":"S126","Sp":"2660.50000000000","X":"642300.50000000000","Y":"9206875.30000000075","NAMOBJ":"Sugio","WADMKC":"Sugio","WADMKK":"Lamongan"},"geometry":{"type":"Point","coordinates":[112.3,-7.2]}},{"type":"Feature","properties":{"Line":"S126","Sp":"2664.50000000000","X":"642300.50000000000","Y":"9206825.30000000075","NAMOBJ":"Sugio","WADMKC":"Sugio","WADMKK":"Lamongan"},"geometry":{"type":"Point","coordinates":[112.3,-7.2]}},{"type":"Feature","properties":{"Line":"S126","Sp":"2668.50000000000","X":"642300.50000000000","Y":"9206775.30000000075","NAMOBJ":"Sugio","WADMKC":"Sugio","WADMKK":"Lamongan"},"geometry":{"type":"Point","coordinates":[112.3,-7.2]}},{"type":"Feature","properties":{"Line":"S126","Sp":"2672.50000000000","X":"642300.50000000000","Y":"9206725.30000000075","NAMOBJ":"Sugio","WADMKC":"Sugio","WADMKK":"Lamongan"},"geometry":{"type":"Point","coordinates":[112.3,-7.2]}},{"type":"Feature","properties":{"Line":"S126","Sp":"2676.50000000000","X":"642300.50000000000","Y":"9206675.30000000075","NAMOBJ":"Sugio","WADMKC":"Sugio","WADMKK":"Lamongan"},"geometry":{"type":"Point","coordinates":[112.3,-7.2]}},{"type":"Feature","properties":{"Line":"S126","Sp":"2680.50000000000","X":"642300.50000000000","Y":"9206625.30000000075","NAMOBJ":"Sugio","WADMKC":"Sugio","WADMKK":"Lamongan"},"geometry":{"type":"Point","coordinates":[112.3,-7.2]}},{"type":"Feature","properties":{"Line":"S126","Sp":"2684.50000000000","X":"642300.50000000000","Y":"9206575.30000000075","NAMOBJ":"Sugio","WADMKC":"Sugio","WADMKK":"Lamongan"},"geometry":{"type":"Point","coordinates":[112.3,-7.2]}},{"type":"Feature","properties":{"Line":"S126","Sp":"2688.50000000000","X":"642300.50000000000","Y":"9206525.30000000075","NAMOBJ":"Sugio","WADMKC":"Sugio","WADMKK":"Lamongan"},"geometry":{"type":"Point","coordinates":[112.3,-7.2]}},{"type":"Feature","properties":{"Line":"S126","Sp":"2692.50000000000","X":"642300.50000000000","Y":"9206475.30000000075","NAMOBJ":"Sugio","WADMKC":"Sugio","WADMKK":"Lamongan"},"geometry":{"type":"Point","coordinates":[112.3,-7.2]}},{"type":"Feature","properties":{"Line":"S126","Sp":"2696.50000000000","X":"642300.50000000000","Y":"9206425.30000000075","NAMOBJ":"Sugio","WADMKC":"Sugio","WADMKK":"Lamongan"},"geometry":{"type":"Point","coordinates":[112.3,-7.2]}},{"type":"Feature","properties":{"Line":"S126","Sp":"2700.50000000000","X":"642300.50000000000","Y":"9206375.30000000075","NAMOBJ":"Sugio","WADMKC":"Sugio","WADMKK":"Lamongan"},"geometry":{"type":"Point","coordinates":[112.3,-7.2]}},{"type":"Feature","properties":{"Line":"S126","Sp":"2704.50000000000","X":"642300.50000000000","Y":"9206325.30000000075","NAMOBJ":"Sugio","WADMKC":"Sugio","WADMKK":"Lamongan"},"geometry":{"type":"Point","coordinates":[112.3,-7.2]}},{"type":"Feature","properties":{"Line":"S126","Sp":"2708.50000000000","X":"642300.50000000000","Y":"9206275.30000000075","NAMOBJ":"Sugio","WADMKC":"Sugio","WADMKK":"Lamongan"},"geometry":{"type":"Point","coordinates":[112.3,-7.2]}},{"type":"Feature","properties":{"Line":"S126","Sp":"2712.50000000000","X":"642300.50000000000","Y":"9206225.30000000075","NAMOBJ":"Sugio","WADMKC":"Sugio","WADMKK":"Lamongan"},"geometry":{"type":"Point","coordinates":[112.3,-7.2]}},{"type":"Feature","properties":{"Line":"S126","Sp":"2716.50000000000","X":"642300.50000000000","Y":"9206175.30000000075","NAMOBJ":"Sugio","WADMKC":"Sugio","WADMKK":"Lamongan"},"geometry":{"type":"Point","coordinates":[112.3,-7.2]}},{"type":"Feature","properties":{"Line":"S128","Sp":"2456.50000000000","X":"643300.50000000000","Y":"9209225.30000000075","NAMOBJ":"Sugio","WADMKC":"Sugio","WADMKK":"Lamongan"},"geometry":{"type":"Point","coordinates":[112.3,-7.2]}},{"type":"Feature","properties":{"Line":"S128","Sp":"2472.50000000000","X":"643300.50000000000","Y":"9209025.30000000075","NAMOBJ":"Sugio","WADMKC":"Sugio","WADMKK":"Lamongan"},"geometry":{"type":"Point","coordinates":[112.3,-7.2]}},{"type":"Feature","properties":{"Line":"S128","Sp":"2476.50000000000","X":"643300.50000000000","Y":"9208975.30000000075","NAMOBJ":"Sugio","WADMKC":"Sugio","WADMKK":"Lamongan"},"geometry":{"type":"Point","coordinates":[112.3,-7.2]}},{"type":"Feature","properties":{"Line":"S128","Sp":"2480.50000000000","X":"643300.50000000000","Y":"9208925.30000000075","NAMOBJ":"Sugio","WADMKC":"Sugio","WADMKK":"Lamongan"},"geometry":{"type":"Point","coordinates":[112.3,-7.2]}},{"type":"Feature","properties":{"Line":"S128","Sp":"2484.50000000000","X":"643300.50000000000","Y":"9208875.30000000075","NAMOBJ":"Sugio","WADMKC":"Sugio","WADMKK":"Lamongan"},"geometry":{"type":"Point","coordinates":[112.3,-7.2]}},{"type":"Feature","properties":{"Line":"S128","Sp":"2488.50000000000","X":"643300.50000000000","Y":"9208825.30000000075","NAMOBJ":"Sugio","WADMKC":"Sugio","WADMKK":"Lamongan"},"geometry":{"type":"Point","coordinates":[112.3,-7.2]}},{"type":"Feature","properties":{"Line":"S128","Sp":"2492.50000000000","X":"643300.50000000000","Y":"9208775.30000000075","NAMOBJ":"Sugio","WADMKC":"Sugio","WADMKK":"Lamongan"},"geometry":{"type":"Point","coordinates":[112.3,-7.2]}},{"type":"Feature","properties":{"Line":"S128","Sp":"2496.50000000000","X":"643300.50000000000","Y":"9208725.30000000075","NAMOBJ":"Sugio","WADMKC":"Sugio","WADMKK":"Lamongan"},"geometry":{"type":"Point","coordinates":[112.3,-7.2]}},{"type":"Feature","properties":{"Line":"S128","Sp":"2500.50000000000","X":"643300.50000000000","Y":"9208675.30000000075","NAMOBJ":"Sugio","WADMKC":"Sugio","WADMKK":"Lamongan"},"geometry":{"type":"Point","coordinates":[112.3,-7.2]}},{"type":"Feature","properties":{"Line":"S128","Sp":"2504.50000000000","X":"643300.50000000000","Y":"9208625.30000000075","NAMOBJ":"Sugio","WADMKC":"Sugio","WADMKK":"Lamongan"},"geometry":{"type":"Point","coordinates":[112.3,-7.2]}},{"type":"Feature","properties":{"Line":"S128","Sp":"2508.50000000000","X":"643300.50000000000","Y":"9208575.30000000075","NAMOBJ":"Sugio","WADMKC":"Sugio","WADMKK":"Lamongan"},"geometry":{"type":"Point","coordinates":[112.3,-7.2]}},{"type":"Feature","properties":{"Line":"S128","Sp":"2512.50000000000","X":"643300.50000000000","Y":"9208525.30000000075","NAMOBJ":"Sugio","WADMKC":"Sugio","WADMKK":"Lamongan"},"geometry":{"type":"Point","coordinates":[112.3,-7.2]}},{"type":"Feature","properties":{"Line":"S128","Sp":"2516.50000000000","X":"643300.50000000000","Y":"9208475.30000000075","NAMOBJ":"Sugio","WADMKC":"Sugio","WADMKK":"Lamongan"},"geometry":{"type":"Point","coordinates":[112.3,-7.2]}},{"type":"Feature","properties":{"Line":"S128","Sp":"2520.50000000000","X":"643300.50000000000","Y":"9208425.30000000075","NAMOBJ":"Sugio","WADMKC":"Sugio","WADMKK":"Lamongan"},"geometry":{"type":"Point","coordinates":[112.3,-7.2]}},{"type":"Feature","properties":{"Line":"S128","Sp":"2524.50000000000","X":"643300.50000000000","Y":"9208375.30000000075","NAMOBJ":"Sugio","WADMKC":"Sugio","WADMKK":"Lamongan"},"geometry":{"type":"Point","coordinates":[112.3,-7.2]}},{"type":"Feature","properties":{"Line":"S128","Sp":"2528.50000000000","X":"643300.50000000000","Y":"9208325.30000000075","NAMOBJ":"Sugio","WADMKC":"Sugio","WADMKK":"Lamongan"},"geometry":{"type":"Point","coordinates":[112.3,-7.2]}},{"type":"Feature","properties":{"Line":"S128","Sp":"2532.50000000000","X":"643300.50000000000","Y":"9208275.30000000075","NAMOBJ":"Sugio","WADMKC":"Sugio","WADMKK":"Lamongan"},"geometry":{"type":"Point","coordinates":[112.3,-7.2]}},{"type":"Feature","properties":{"Line":"S128","Sp":"2536.50000000000","X":"643300.50000000000","Y":"9208225.30000000075","NAMOBJ":"Sugio","WADMKC":"Sugio","WADMKK":"Lamongan"},"geometry":{"type":"Point","coordinates":[112.3,-7.2]}},{"type":"Feature","properties":{"Line":"S128","Sp":"2540.50000000000","X":"643300.50000000000","Y":"9208175.30000000075","NAMOBJ":"Sugio","WADMKC":"Sugio","WADMKK":"Lamongan"},"geometry":{"type":"Point","coordinates":[112.3,-7.2]}},{"type":"Feature","properties":{"Line":"S128","Sp":"2544.50000000000","X":"643300.50000000000","Y":"9208125.30000000075","NAMOBJ":"Sugio","WADMKC":"Sugio","WADMKK":"Lamongan"},"geometry":{"type":"Point","coordinates":[112.3,-7.2]}},{"type":"Feature","properties":{"Line":"S128","Sp":"2548.50000000000","X":"643300.50000000000","Y":"9208075.30000000075","NAMOBJ":"Sugio","WADMKC":"Sugio","WADMKK":"Lamongan"},"geometry":{"type":"Point","coordinates":[112.3,-7.2]}},{"type":"Feature","properties":{"Line":"S128","Sp":"2552.50000000000","X":"643300.50000000000","Y":"9208025.30000000075","NAMOBJ":"Sugio","WADMKC":"Sugio","WADMKK":"Lamongan"},"geometry":{"type":"Point","coordinates":[112.3,-7.2]}},{"type":"Feature","properties":{"Line":"S128","Sp":"2556.50000000000","X":"643300.50000000000","Y":"9207975.30000000075","NAMOBJ":"Sugio","WADMKC":"Sugio","WADMKK":"Lamongan"},"geometry":{"type":"Point","coordinates":[112.3,-7.2]}},{"type":"Feature","properties":{"Line":"S128","Sp":"2560.50000000000","X":"643300.50000000000","Y":"9207925.30000000075","NAMOBJ":"Sugio","WADMKC":"Sugio","WADMKK":"Lamongan"},"geometry":{"type":"Point","coordinates":[112.3,-7.2]}},{"type":"Feature","properties":{"Line":"S128","Sp":"2564.50000000000","X":"643300.50000000000","Y":"9207875.30000000075","NAMOBJ":"Sugio","WADMKC":"Sugio","WADMKK":"Lamongan"},"geometry":{"type":"Point","coordinates":[112.3,-7.2]}},{"type":"Feature","properties":{"Line":"S128","Sp":"2568.50000000000","X":"643300.50000000000","Y":"9207825.30000000075","NAMOBJ":"Sugio","WADMKC":"Sugio","WADMKK":"Lamongan"},"geometry":{"type":"Point","coordinates":[112.3,-7.2]}},{"type":"Feature","properties":{"Line":"S128","Sp":"2572.50000000000","X":"643300.50000000000","Y":"9207775.30000000075","NAMOBJ":"Sugio","WADMKC":"Sugio","WADMKK":"Lamongan"},"geometry":{"type":"Point","coordinates":[112.3,-7.2]}},{"type":"Feature","properties":{"Line":"S101","Sp":"2704.50000000000","X":"645525.50000000000","Y":"9208800.30000000075","NAMOBJ":"Sukosongo","WADMKC":"Kembangbahu","WADMKK":"Lamongan"},"geometry":{"type":"Point","coordinates":[112.3,-7.2]}},{"type":"Feature","properties":{"Line":"S101","Sp":"2708.50000000000","X":"645575.50000000000","Y":"9208800.30000000075","NAMOBJ":"Sukosongo","WADMKC":"Kembangbahu","WADMKK":"Lamongan"},"geometry":{"type":"Point","coordinates":[112.3,-7.2]}},{"type":"Feature","properties":{"Line":"S101","Sp":"2712.50000000000","X":"645625.50000000000","Y":"9208800.30000000075","NAMOBJ":"Sukosongo","WADMKC":"Kembangbahu","WADMKK":"Lamongan"},"geometry":{"type":"Point","coordinates":[112.3,-7.2]}},{"type":"Feature","properties":{"Line":"S101","Sp":"2716.50000000000","X":"645675.50000000000","Y":"9208800.30000000075","NAMOBJ":"Sukosongo","WADMKC":"Kembangbahu","WADMKK":"Lamongan"},"geometry":{"type":"Point","coordinates":[112.3,-7.2]}},{"type":"Feature","properties":{"Line":"S101","Sp":"2720.50000000000","X":"645725.50000000000","Y":"9208800.30000000075","NAMOBJ":"Sukosongo","WADMKC":"Kembangbahu","WADMKK":"Lamongan"},"geometry":{"type":"Point","coordinates":[112.3,-7.2]}},{"type":"Feature","properties":{"Line":"S101","Sp":"2724.50000000000","X":"645775.50000000000","Y":"9208800.30000000075","NAMOBJ":"Sukosongo","WADMKC":"Kembangbahu","WADMKK":"Lamongan"},"geometry":{"type":"Point","coordinates":[112.3,-7.2]}},{"type":"Feature","properties":{"Line":"S101","Sp":"2728.50000000000","X":"645825.50000000000","Y":"9208800.30000000075","NAMOBJ":"Sukosongo","WADMKC":"Kembangbahu","WADMKK":"Lamongan"},"geometry":{"type":"Point","coordinates":[112.3,-7.2]}},{"type":"Feature","properties":{"Line":"S101","Sp":"2732.50000000000","X":"645875.50000000000","Y":"9208800.30000000075","NAMOBJ":"Sukosongo","WADMKC":"Kembangbahu","WADMKK":"Lamongan"},"geometry":{"type":"Point","coordinates":[112.3,-7.2]}},{"type":"Feature","properties":{"Line":"S101","Sp":"2736.50000000000","X":"645925.50000000000","Y":"9208800.30000000075","NAMOBJ":"Sukosongo","WADMKC":"Kembangbahu","WADMKK":"Lamongan"},"geometry":{"type":"Point","coordinates":[112.3,-7.2]}},{"type":"Feature","properties":{"Line":"S101","Sp":"2740.50000000000","X":"645975.50000000000","Y":"9208800.30000000075","NAMOBJ":"Sukosongo","WADMKC":"Kembangbahu","WADMKK":"Lamongan"},"geometry":{"type":"Point","coordinates":[112.3,-7.2]}},{"type":"Feature","properties":{"Line":"S101","Sp":"2744.50000000000","X":"646025.50000000000","Y":"9208800.30000000075","NAMOBJ":"Sukosongo","WADMKC":"Kembangbahu","WADMKK":"Lamongan"},"geometry":{"type":"Point","coordinates":[112.3,-7.2]}},{"type":"Feature","properties":{"Line":"S101","Sp":"2748.50000000000","X":"646075.50000000000","Y":"9208800.30000000075","NAMOBJ":"Sukosongo","WADMKC":"Kembangbahu","WADMKK":"Lamongan"},"geometry":{"type":"Point","coordinates":[112.3,-7.2]}},{"type":"Feature","properties":{"Line":"S101","Sp":"2752.50000000000","X":"646125.50000000000","Y":"9208800.30000000075","NAMOBJ":"Sukosongo","WADMKC":"Kembangbahu","WADMKK":"Lamongan"},"geometry":{"type":"Point","coordinates":[112.3,-7.2]}},{"type":"Feature","properties":{"Line":"S101","Sp":"2756.50000000000","X":"646175.50000000000","Y":"9208800.30000000075","NAMOBJ":"Sukosongo","WADMKC":"Kembangbahu","WADMKK":"Lamongan"},"geometry":{"type":"Point","coordinates":[112.3,-7.2]}},{"type":"Feature","properties":{"Line":"S101","Sp":"2760.50000000000","X":"646225.50000000000","Y":"9208800.30000000075","NAMOBJ":"Sukosongo","WADMKC":"Kembangbahu","WADMKK":"Lamongan"},"geometry":{"type":"Point","coordinates":[112.3,-7.2]}},{"type":"Feature","properties":{"Line":"S101","Sp":"2764.50000000000","X":"646275.50000000000","Y":"9208800.30000000075","NAMOBJ":"Sukosongo","WADMKC":"Kembangbahu","WADMKK":"Lamongan"},"geometry":{"type":"Point","coordinates":[112.3,-7.2]}},{"type":"Feature","properties":{"Line":"S101","Sp":"2768.50000000000","X":"646325.50000000000","Y":"9208800.30000000075","NAMOBJ":"Sukosongo","WADMKC":"Kembangbahu","WADMKK":"Lamongan"},"geometry":{"type":"Point","coordinates":[112.3,-7.2]}},{"type":"Feature","properties":{"Line":"S101","Sp":"2772.50000000000","X":"646375.50000000000","Y":"9208800.30000000075","NAMOBJ":"Sukosongo","WADMKC":"Kembangbahu","WADMKK":"Lamongan"},"geometry":{"type":"Point","coordinates":[112.3,-7.2]}},{"type":"Feature","properties":{"Line":"S101","Sp":"2776.50000000000","X":"646425.50000000000","Y":"9208800.30000000075","NAMOBJ":"Sukosongo","WADMKC":"Kembangbahu","WADMKK":"Lamongan"},"geometry":{"type":"Point","coordinates":[112.3,-7.2]}},{"type":"Feature","properties":{"Line":"S101","Sp":"2780.50000000000","X":"646475.50000000000","Y":"9208800.30000000075","NAMOBJ":"Sukosongo","WADMKC":"Kembangbahu","WADMKK":"Lamongan"},"geometry":{"type":"Point","coordinates":[112.3,-7.2]}},{"type":"Feature","properties":{"Line":"S101","Sp":"2784.50000000000","X":"646525.50000000000","Y":"9208800.30000000075","NAMOBJ":"Sukosongo","WADMKC":"Kembangbahu","WADMKK":"Lamongan"},"geometry":{"type":"Point","coordinates":[112.3,-7.2]}},{"type":"Feature","properties":{"Line":"S101","Sp":"2788.50000000000","X":"646575.50000000000","Y":"9208800.30000000075","NAMOBJ":"Sukosongo","WADMKC":"Kembangbahu","WADMKK":"Lamongan"},"geometry":{"type":"Point","coordinates":[112.3,-7.2]}},{"type":"Feature","properties":{"Line":"S101","Sp":"2792.50000000000","X":"646625.50000000000","Y":"9208800.30000000075","NAMOBJ":"Sukosongo","WADMKC":"Kembangbahu","WADMKK":"Lamongan"},"geometry":{"type":"Point","coordinates":[112.3,-7.2]}},{"type":"Feature","properties":{"Line":"S101","Sp":"2796.50000000000","X":"646675.50000000000","Y":"9208800.30000000075","NAMOBJ":"Sukosongo","WADMKC":"Kembangbahu","WADMKK":"Lamongan"},"geometry":{"type":"Point","coordinates":[112.3,-7.2]}},{"type":"Feature","properties":{"Line":"S101","Sp":"2800.50000000000","X":"646725.50000000000","Y":"9208800.30000000075","NAMOBJ":"Sukosongo","WADMKC":"Kembangbahu","WADMKK":"Lamongan"},"geometry":{"type":"Point","coordinates":[112.3,-7.2]}},{"type":"Feature","properties":{"Line":"S101","Sp":"2804.50000000000","X":"646775.50000000000","Y":"9208800.30000000075","NAMOBJ":"Sukosongo","WADMKC":"Kembangbahu","WADMKK":"Lamongan"},"geometry":{"type":"Point","coordinates":[112.3,-7.2]}},{"type":"Feature","properties":{"Line":"S101","Sp":"2808.50000000000","X":"646825.50000000000","Y":"9208800.30000000075","NAMOBJ":"Sukosongo","WADMKC":"Kembangbahu","WADMKK":"Lamongan"},"geometry":{"type":"Point","coordinates":[112.3,-7.2]}},{"type":"Feature","properties":{"Line":"S101","Sp":"2812.50000000000","X":"646875.50000000000","Y":"9208800.30000000075","NAMOBJ":"Sukosongo","WADMKC":"Kembangbahu","WADMKK":"Lamongan"},"geometry":{"type":"Point","coordinates":[112.3,-7.2]}},{"type":"Feature","properties":{"Line":"S101","Sp":"2816.50000000000","X":"646925.50000000000","Y":"9208800.30000000075","NAMOBJ":"Sukosongo","WADMKC":"Kembangbahu","WADMKK":"Lamongan"},"geometry":{"type":"Point","coordinates":[112.3,-7.2]}},{"type":"Feature","properties":{"Line":"S101","Sp":"2820.50000000000","X":"646975.50000000000","Y":"9208800.30000000075","NAMOBJ":"Sukosongo","WADMKC":"Kembangbahu","WADMKK":"Lamongan"},"geometry":{"type":"Point","coordinates":[112.3,-7.2]}},{"type":"Feature","properties":{"Line":"S101","Sp":"2824.50000000000","X":"647025.50000000000","Y":"9208800.30000000075","NAMOBJ":"Sukosongo","WADMKC":"Kembangbahu","WADMKK":"Lamongan"},"geometry":{"type":"Point","coordinates":[112.3,-7.2]}},{"type":"Feature","properties":{"Line":"S101","Sp":"2828.50000000000","X":"647075.50000000000","Y":"9208800.30000000075","NAMOBJ":"Sukosongo","WADMKC":"Kembangbahu","WADMKK":"Lamongan"},"geometry":{"type":"Point","coordinates":[112.3,-7.2]}},{"type":"Feature","properties":{"Line":"S101","Sp":"2832.50000000000","X":"647125.50000000000","Y":"9208800.30000000075","NAMOBJ":"Sukosongo","WADMKC":"Kembangbahu","WADMKK":"Lamongan"},"geometry":{"type":"Point","coordinates":[112.3,-7.2]}},{"type":"Feature","properties":{"Line":"S101","Sp":"2836.50000000000","X":"647175.50000000000","Y":"9208800.30000000075","NAMOBJ":"Sukosongo","WADMKC":"Kembangbahu","WADMKK":"Lamongan"},"geometry":{"type":"Point","coordinates":[112.3,-7.2]}},{"type":"Feature","properties":{"Line":"S101","Sp":"2840.50000000000","X":"647225.50000000000","Y":"9208800.30000000075","NAMOBJ":"Sukosongo","WADMKC":"Kembangbahu","WADMKK":"Lamongan"},"geometry":{"type":"Point","coordinates":[112.3,-7.2]}},{"type":"Feature","properties":{"Line":"S101","Sp":"2844.50000000000","X":"647275.50000000000","Y":"9208800.30000000075","NAMOBJ":"Sukosongo","WADMKC":"Kembangbahu","WADMKK":"Lamongan"},"geometry":{"type":"Point","coordinates":[112.3,-7.2]}},{"type":"Feature","properties":{"Line":"S101","Sp":"2848.50000000000","X":"647325.50000000000","Y":"9208800.30000000075","NAMOBJ":"Sukosongo","WADMKC":"Kembangbahu","WADMKK":"Lamongan"},"geometry":{"type":"Point","coordinates":[112.3,-7.2]}},{"type":"Feature","properties":{"Line":"S134","Sp":"2424.50000000000","X":"646300.50000000000","Y":"9209075.30000000075","NAMOBJ":"Sukosongo","WADMKC":"Kembangbahu","WADMKK":"Lamongan"},"geometry":{"type":"Point","coordinates":[112.3,-7.2]}},{"type":"Feature","properties":{"Line":"S134","Sp":"2428.50000000000","X":"646300.50000000000","Y":"9209025.30000000075","NAMOBJ":"Sukosongo","WADMKC":"Kembangbahu","WADMKK":"Lamongan"},"geometry":{"type":"Point","coordinates":[112.3,-7.2]}},{"type":"Feature","properties":{"Line":"S134","Sp":"2432.50000000000","X":"646300.50000000000","Y":"9208975.30000000075","NAMOBJ":"Sukosongo","WADMKC":"Kembangbahu","WADMKK":"Lamongan"},"geometry":{"type":"Point","coordinates":[112.3,-7.2]}},{"type":"Feature","properties":{"Line":"S134","Sp":"2436.50000000000","X":"646300.50000000000","Y":"9208925.30000000075","NAMOBJ":"Sukosongo","WADMKC":"Kembangbahu","WADMKK":"Lamongan"},"geometry":{"type":"Point","coordinates":[112.3,-7.2]}},{"type":"Feature","properties":{"Line":"S134","Sp":"2440.50000000000","X":"646300.50000000000","Y":"9208875.30000000075","NAMOBJ":"Sukosongo","WADMKC":"Kembangbahu","WADMKK":"Lamongan"},"geometry":{"type":"Point","coordinates":[112.3,-7.2]}},{"type":"Feature","properties":{"Line":"S134","Sp":"2444.50000000000","X":"646300.50000000000","Y":"9208825.30000000075","NAMOBJ":"Sukosongo","WADMKC":"Kembangbahu","WADMKK":"Lamongan"},"geometry":{"type":"Point","coordinates":[112.3,-7.2]}},{"type":"Feature","properties":{"Line":"S134","Sp":"2448.50000000000","X":"646300.50000000000","Y":"9208775.30000000075","NAMOBJ":"Sukosongo","WADMKC":"Kembangbahu","WADMKK":"Lamongan"},"geometry":{"type":"Point","coordinates":[112.3,-7.2]}},{"type":"Feature","properties":{"Line":"S134","Sp":"2452.50000000000","X":"646300.50000000000","Y":"9208725.30000000075","NAMOBJ":"Sukosongo","WADMKC":"Kembangbahu","WADMKK":"Lamongan"},"geometry":{"type":"Point","coordinates":[112.3,-7.2]}},{"type":"Feature","properties":{"Line":"S134","Sp":"2456.50000000000","X":"646300.50000000000","Y":"9208675.30000000075","NAMOBJ":"Sukosongo","WADMKC":"Kembangbahu","WADMKK":"Lamongan"},"geometry":{"type":"Point","coordinates":[112.3,-7.2]}},{"type":"Feature","properties":{"Line":"S134","Sp":"2460.50000000000","X":"646300.50000000000","Y":"9208625.30000000075","NAMOBJ":"Sukosongo","WADMKC":"Kembangbahu","WADMKK":"Lamongan"},"geometry":{"type":"Point","coordinates":[112.3,-7.2]}},{"type":"Feature","properties":{"Line":"S134","Sp":"2464.50000000000","X":"646300.50000000000","Y":"9208575.30000000075","NAMOBJ":"Sukosongo","WADMKC":"Kembangbahu","WADMKK":"Lamongan"},"geometry":{"type":"Point","coordinates":[112.3,-7.2]}},{"type":"Feature","properties":{"Line":"S134","Sp":"2468.50000000000","X":"646300.50000000000","Y":"9208525.30000000075","NAMOBJ":"Sukosongo","WADMKC":"Kembangbahu","WADMKK":"Lamongan"},"geometry":{"type":"Point","coordinates":[112.3,-7.2]}},{"type":"Feature","properties":{"Line":"S134","Sp":"2472.50000000000","X":"646300.50000000000","Y":"9208475.30000000075","NAMOBJ":"Sukosongo","WADMKC":"Kembangbahu","WADMKK":"Lamongan"},"geometry":{"type":"Point","coordinates":[112.3,-7.2]}},{"type":"Feature","properties":{"Line":"S134","Sp":"2476.50000000000","X":"646300.50000000000","Y":"9208425.30000000075","NAMOBJ":"Sukosongo","WADMKC":"Kembangbahu","WADMKK":"Lamongan"},"geometry":{"type":"Point","coordinates":[112.3,-7.2]}},{"type":"Feature","properties":{"Line":"S134","Sp":"2480.50000000000","X":"646300.50000000000","Y":"9208375.30000000075","NAMOBJ":"Sukosongo","WADMKC":"Kembangbahu","WADMKK":"Lamongan"},"geometry":{"type":"Point","coordinates":[112.3,-7.2]}},{"type":"Feature","properties":{"Line":"S134","Sp":"2484.50000000000","X":"646300.50000000000","Y":"9208325.30000000075","NAMOBJ":"Sukosongo","WADMKC":"Kembangbahu","WADMKK":"Lamongan"},"geometry":{"type":"Point","coordinates":[112.3,-7.2]}},{"type":"Feature","properties":{"Line":"S134","Sp":"2488.50000000000","X":"646300.50000000000","Y":"9208275.30000000075","NAMOBJ":"Sukosongo","WADMKC":"Kembangbahu","WADMKK":"Lamongan"},"geometry":{"type":"Point","coordinates":[112.3,-7.2]}},{"type":"Feature","properties":{"Line":"S134","Sp":"2492.50000000000","X":"646300.50000000000","Y":"9208225.30000000075","NAMOBJ":"Sukosongo","WADMKC":"Kembangbahu","WADMKK":"Lamongan"},"geometry":{"type":"Point","coordinates":[112.3,-7.2]}},{"type":"Feature","properties":{"Line":"S134","Sp":"2496.50000000000","X":"646300.50000000000","Y":"9208175.30000000075","NAMOBJ":"Sukosongo","WADMKC":"Kembangbahu","WADMKK":"Lamongan"},"geometry":{"type":"Point","coordinates":[112.3,-7.2]}},{"type":"Feature","properties":{"Line":"S134","Sp":"2500.50000000000","X":"646300.50000000000","Y":"9208125.30000000075","NAMOBJ":"Sukosongo","WADMKC":"Kembangbahu","WADMKK":"Lamongan"},"geometry":{"type":"Point","coordinates":[112.3,-7.2]}},{"type":"Feature","properties":{"Line":"S134","Sp":"2504.50000000000","X":"646300.50000000000","Y":"9208075.30000000075","NAMOBJ":"Sukosongo","WADMKC":"Kembangbahu","WADMKK":"Lamongan"},"geometry":{"type":"Point","coordinates":[112.3,-7.2]}},{"type":"Feature","properties":{"Line":"S136","Sp":"2444.50000000000","X":"647300.50000000000","Y":"9208825.30000000075","NAMOBJ":"Sukosongo","WADMKC":"Kembangbahu","WADMKK":"Lamongan"},"geometry":{"type":"Point","coordinates":[112.3,-7.2]}},{"type":"Feature","properties":{"Line":"S136","Sp":"2448.50000000000","X":"647300.50000000000","Y":"9208775.30000000075","NAMOBJ":"Sukosongo","WADMKC":"Kembangbahu","WADMKK":"Lamongan"},"geometry":{"type":"Point","coordinates":[112.3,-7.2]}},{"type":"Feature","properties":{"Line":"S136","Sp":"2452.50000000000","X":"647300.50000000000","Y":"9208725.30000000075","NAMOBJ":"Sukosongo","WADMKC":"Kembangbahu","WADMKK":"Lamongan"},"geometry":{"type":"Point","coordinates":[112.3,-7.2]}},{"type":"Feature","properties":{"Line":"S136","Sp":"2456.50000000000","X":"647300.50000000000","Y":"9208675.30000000075","NAMOBJ":"Sukosongo","WADMKC":"Kembangbahu","WADMKK":"Lamongan"},"geometry":{"type":"Point","coordinates":[112.3,-7.2]}},{"type":"Feature","properties":{"Line":"S136","Sp":"2460.50000000000","X":"647300.50000000000","Y":"9208625.30000000075","NAMOBJ":"Sukosongo","WADMKC":"Kembangbahu","WADMKK":"Lamongan"},"geometry":{"type":"Point","coordinates":[112.3,-7.2]}},{"type":"Feature","properties":{"Line":"S136","Sp":"2464.50000000000","X":"647300.50000000000","Y":"9208575.30000000075","NAMOBJ":"Sukosongo","WADMKC":"Kembangbahu","WADMKK":"Lamongan"},"geometry":{"type":"Point","coordinates":[112.3,-7.2]}},{"type":"Feature","properties":{"Line":"S136","Sp":"2468.50000000000","X":"647300.50000000000","Y":"9208525.30000000075","NAMOBJ":"Sukosongo","WADMKC":"Kembangbahu","WADMKK":"Lamongan"},"geometry":{"type":"Point","coordinates":[112.3,-7.2]}},{"type":"Feature","properties":{"Line":"S136","Sp":"2472.50000000000","X":"647300.50000000000","Y":"9208475.30000000075","NAMOBJ":"Sukosongo","WADMKC":"Kembangbahu","WADMKK":"Lamongan"},"geometry":{"type":"Point","coordinates":[112.3,-7.2]}},{"type":"Feature","properties":{"Line":"S136","Sp":"2476.50000000000","X":"647300.50000000000","Y":"9208425.30000000075","NAMOBJ":"Sukosongo","WADMKC":"Kembangbahu","WADMKK":"Lamongan"},"geometry":{"type":"Point","coordinates":[112.3,-7.2]}},{"type":"Feature","properties":{"Line":"S136","Sp":"2480.50000000000","X":"647300.50000000000","Y":"9208375.30000000075","NAMOBJ":"Sukosongo","WADMKC":"Kembangbahu","WADMKK":"Lamongan"},"geometry":{"type":"Point","coordinates":[112.3,-7.2]}},{"type":"Feature","properties":{"Line":"S136","Sp":"2484.50000000000","X":"647300.50000000000","Y":"9208325.30000000075","NAMOBJ":"Sukosongo","WADMKC":"Kembangbahu","WADMKK":"Lamongan"},"geometry":{"type":"Point","coordinates":[112.3,-7.2]}},{"type":"Feature","properties":{"Line":"S136","Sp":"2488.50000000000","X":"647300.50000000000","Y":"9208275.30000000075","NAMOBJ":"Sukosongo","WADMKC":"Kembangbahu","WADMKK":"Lamongan"},"geometry":{"type":"Point","coordinates":[112.3,-7.2]}},{"type":"Feature","properties":{"Line":"S136","Sp":"2492.50000000000","X":"647300.50000000000","Y":"9208225.30000000075","NAMOBJ":"Sukosongo","WADMKC":"Kembangbahu","WADMKK":"Lamongan"},"geometry":{"type":"Point","coordinates":[112.3,-7.2]}},{"type":"Feature","properties":{"Line":"S136","Sp":"2496.50000000000","X":"647300.50000000000","Y":"9208175.30000000075","NAMOBJ":"Sukosongo","WADMKC":"Kembangbahu","WADMKK":"Lamongan"},"geometry":{"type":"Point","coordinates":[112.3,-7.2]}},{"type":"Feature","properties":{"Line":"S136","Sp":"2500.50000000000","X":"647300.50000000000","Y":"9208125.30000000075","NAMOBJ":"Sukosongo","WADMKC":"Kembangbahu","WADMKK":"Lamongan"},"geometry":{"type":"Point","coordinates":[112.3,-7.2]}},{"type":"Feature","properties":{"Line":"S136","Sp":"2504.50000000000","X":"647300.50000000000","Y":"9208075.30000000075","NAMOBJ":"Sukosongo","WADMKC":"Kembangbahu","WADMKK":"Lamongan"},"geometry":{"type":"Point","coordinates":[112.3,-7.2]}},{"type":"Feature","properties":{"Line":"S136","Sp":"2508.50000000000","X":"647300.50000000000","Y":"9208025.30000000075","NAMOBJ":"Sukosongo","WADMKC":"Kembangbahu","WADMKK":"Lamongan"},"geometry":{"type":"Point","coordinates":[112.3,-7.2]}},{"type":"Feature","properties":{"Line":"S136","Sp":"2512.50000000000","X":"647300.50000000000","Y":"9207975.30000000075","NAMOBJ":"Sukosongo","WADMKC":"Kembangbahu","WADMKK":"Lamongan"},"geometry":{"type":"Point","coordinates":[112.3,-7.2]}},{"type":"Feature","properties":{"Line":"S134","Sp":"2396.50000000000","X":"646300.50000000000","Y":"9209425.30000000075","NAMOBJ":"Sumberagung","WADMKC":"Sukodadi","WADMKK":"Lamongan"},"geometry":{"type":"Point","coordinates":[112.3,-7.2]}},{"type":"Feature","properties":{"Line":"S134","Sp":"2400.50000000000","X":"646300.50000000000","Y":"9209375.30000000075","NAMOBJ":"Sumberagung","WADMKC":"Sukodadi","WADMKK":"Lamongan"},"geometry":{"type":"Point","coordinates":[112.3,-7.2]}},{"type":"Feature","properties":{"Line":"S134","Sp":"2404.50000000000","X":"646300.50000000000","Y":"9209325.30000000075","NAMOBJ":"Sumberagung","WADMKC":"Sukodadi","WADMKK":"Lamongan"},"geometry":{"type":"Point","coordinates":[112.3,-7.2]}},{"type":"Feature","properties":{"Line":"S134","Sp":"2408.50000000000","X":"646300.50000000000","Y":"9209275.30000000075","NAMOBJ":"Sumberagung","WADMKC":"Sukodadi","WADMKK":"Lamongan"},"geometry":{"type":"Point","coordinates":[112.3,-7.2]}},{"type":"Feature","properties":{"Line":"S134","Sp":"2412.50000000000","X":"646300.50000000000","Y":"9209225.30000000075","NAMOBJ":"Sumberagung","WADMKC":"Sukodadi","WADMKK":"Lamongan"},"geometry":{"type":"Point","coordinates":[112.3,-7.2]}},{"type":"Feature","properties":{"Line":"S134","Sp":"2416.50000000000","X":"646300.50000000000","Y":"9209175.30000000075","NAMOBJ":"Sumberagung","WADMKC":"Sukodadi","WADMKK":"Lamongan"},"geometry":{"type":"Point","coordinates":[112.3,-7.2]}},{"type":"Feature","properties":{"Line":"S134","Sp":"2420.50000000000","X":"646300.50000000000","Y":"9209125.30000000075","NAMOBJ":"Sumberagung","WADMKC":"Sukodadi","WADMKK":"Lamongan"},"geometry":{"type":"Point","coordinates":[112.3,-7.2]}},{"type":"Feature","properties":{"Line":"S136","Sp":"2396.50000000000","X":"647300.50000000000","Y":"9209425.30000000075","NAMOBJ":"Sumberagung","WADMKC":"Sukodadi","WADMKK":"Lamongan"},"geometry":{"type":"Point","coordinates":[112.3,-7.2]}},{"type":"Feature","properties":{"Line":"S136","Sp":"2400.50000000000","X":"647300.50000000000","Y":"9209375.30000000075","NAMOBJ":"Sumberagung","WADMKC":"Sukodadi","WADMKK":"Lamongan"},"geometry":{"type":"Point","coordinates":[112.3,-7.2]}},{"type":"Feature","properties":{"Line":"S136","Sp":"2404.50000000000","X":"647300.50000000000","Y":"9209325.30000000075","NAMOBJ":"Sumberagung","WADMKC":"Sukodadi","WADMKK":"Lamongan"},"geometry":{"type":"Point","coordinates":[112.3,-7.2]}},{"type":"Feature","properties":{"Line":"S136","Sp":"2408.50000000000","X":"647300.50000000000","Y":"9209275.30000000075","NAMOBJ":"Sumberagung","WADMKC":"Sukodadi","WADMKK":"Lamongan"},"geometry":{"type":"Point","coordinates":[112.3,-7.2]}},{"type":"Feature","properties":{"Line":"S136","Sp":"2412.50000000000","X":"647300.50000000000","Y":"9209225.30000000075","NAMOBJ":"Sumberagung","WADMKC":"Sukodadi","WADMKK":"Lamongan"},"geometry":{"type":"Point","coordinates":[112.3,-7.2]}},{"type":"Feature","properties":{"Line":"S136","Sp":"2416.50000000000","X":"647300.50000000000","Y":"9209175.30000000075","NAMOBJ":"Sumberagung","WADMKC":"Sukodadi","WADMKK":"Lamongan"},"geometry":{"type":"Point","coordinates":[112.3,-7.2]}},{"type":"Feature","properties":{"Line":"S136","Sp":"2420.50000000000","X":"647300.50000000000","Y":"9209125.30000000075","NAMOBJ":"Sumberagung","WADMKC":"Sukodadi","WADMKK":"Lamongan"},"geometry":{"type":"Point","coordinates":[112.3,-7.2]}},{"type":"Feature","properties":{"Line":"S136","Sp":"2424.50000000000","X":"647300.50000000000","Y":"9209075.30000000075","NAMOBJ":"Sumberagung","WADMKC":"Sukodadi","WADMKK":"Lamongan"},"geometry":{"type":"Point","coordinates":[112.3,-7.2]}},{"type":"Feature","properties":{"Line":"S136","Sp":"2428.50000000000","X":"647300.50000000000","Y":"9209025.30000000075","NAMOBJ":"Sumberagung","WADMKC":"Sukodadi","WADMKK":"Lamongan"},"geometry":{"type":"Point","coordinates":[112.3,-7.2]}},{"type":"Feature","properties":{"Line":"S136","Sp":"2432.50000000000","X":"647300.50000000000","Y":"9208975.30000000075","NAMOBJ":"Sumberagung","WADMKC":"Sukodadi","WADMKK":"Lamongan"},"geometry":{"type":"Point","coordinates":[112.3,-7.2]}},{"type":"Feature","properties":{"Line":"S136","Sp":"2436.50000000000","X":"647300.50000000000","Y":"9208925.30000000075","NAMOBJ":"Sumberagung","WADMKC":"Sukodadi","WADMKK":"Lamongan"},"geometry":{"type":"Point","coordinates":[112.3,-7.2]}},{"type":"Feature","properties":{"Line":"S136","Sp":"2440.50000000000","X":"647300.50000000000","Y":"9208875.30000000075","NAMOBJ":"Sumberagung","WADMKC":"Sukodadi","WADMKK":"Lamongan"},"geometry":{"type":"Point","coordinates":[112.3,-7.2]}},{"type":"Feature","properties":{"Line":"S138","Sp":"2396.50000000000","X":"648300.50000000000","Y":"9209425.30000000075","NAMOBJ":"Sumberagung","WADMKC":"Sukodadi","WADMKK":"Lamongan"},"geometry":{"type":"Point","coordinates":[112.3,-7.2]}},{"type":"Feature","properties":{"Line":"S138","Sp":"2400.50000000000","X":"648300.50000000000","Y":"9209375.30000000075","NAMOBJ":"Sumberagung","WADMKC":"Sukodadi","WADMKK":"Lamongan"},"geometry":{"type":"Point","coordinates":[112.3,-7.2]}},{"type":"Feature","properties":{"Line":"S138","Sp":"2404.50000000000","X":"648300.50000000000","Y":"9209325.30000000075","NAMOBJ":"Sumberagung","WADMKC":"Sukodadi","WADMKK":"Lamongan"},"geometry":{"type":"Point","coordinates":[112.3,-7.2]}},{"type":"Feature","properties":{"Line":"S138","Sp":"2408.50000000000","X":"648300.50000000000","Y":"9209275.30000000075","NAMOBJ":"Sumberagung","WADMKC":"Sukodadi","WADMKK":"Lamongan"},"geometry":{"type":"Point","coordinates":[112.3,-7.2]}},{"type":"Feature","properties":{"Line":"S138","Sp":"2412.50000000000","X":"648300.50000000000","Y":"9209225.30000000075","NAMOBJ":"Sumberagung","WADMKC":"Sukodadi","WADMKK":"Lamongan"},"geometry":{"type":"Point","coordinates":[112.3,-7.2]}},{"type":"Feature","properties":{"Line":"S138","Sp":"2416.50000000000","X":"648300.50000000000","Y":"9209175.30000000075","NAMOBJ":"Sumberagung","WADMKC":"Sukodadi","WADMKK":"Lamongan"},"geometry":{"type":"Point","coordinates":[112.3,-7.2]}},{"type":"Feature","properties":{"Line":"S126","Sp":"2596.50000000000","X":"642300.50000000000","Y":"9207675.30000000075","NAMOBJ":"Supenuh","WADMKC":"Sugio","WADMKK":"Lamongan"},"geometry":{"type":"Point","coordinates":[112.3,-7.2]}},{"type":"Feature","properties":{"Line":"S126","Sp":"2616.50000000000","X":"642300.50000000000","Y":"9207425.30000000075","NAMOBJ":"Supenuh","WADMKC":"Sugio","WADMKK":"Lamongan"},"geometry":{"type":"Point","coordinates":[112.3,-7.2]}},{"type":"Feature","properties":{"Line":"S126","Sp":"2620.50000000000","X":"642300.50000000000","Y":"9207375.30000000075","NAMOBJ":"Supenuh","WADMKC":"Sugio","WADMKK":"Lamongan"},"geometry":{"type":"Point","coordinates":[112.3,-7.2]}},{"type":"Feature","properties":{"Line":"S126","Sp":"2624.50000000000","X":"642300.50000000000","Y":"9207325.30000000075","NAMOBJ":"Supenuh","WADMKC":"Sugio","WADMKK":"Lamongan"},"geometry":{"type":"Point","coordinates":[112.3,-7.2]}},{"type":"Feature","properties":{"Line":"S126","Sp":"2628.50000000000","X":"642300.50000000000","Y":"9207275.30000000075","NAMOBJ":"Supenuh","WADMKC":"Sugio","WADMKK":"Lamongan"},"geometry":{"type":"Point","coordinates":[112.3,-7.2]}},{"type":"Feature","properties":{"Line":"S126","Sp":"2632.50000000000","X":"642300.50000000000","Y":"9207225.30000000075","NAMOBJ":"Supenuh","WADMKC":"Sugio","WADMKK":"Lamongan"},"geometry":{"type":"Point","coordinates":[112.3,-7.2]}},{"type":"Feature","properties":{"Line":"S126","Sp":"2636.50000000000","X":"642300.50000000000","Y":"9207175.30000000075","NAMOBJ":"Supenuh","WADMKC":"Sugio","WADMKK":"Lamongan"},"geometry":{"type":"Point","coordinates":[112.3,-7.2]}},{"type":"Feature","properties":{"Line":"S126","Sp":"2640.50000000000","X":"642300.50000000000","Y":"9207125.30000000075","NAMOBJ":"Supenuh","WADMKC":"Sugio","WADMKK":"Lamongan"},"geometry":{"type":"Point","coordinates":[112.3,-7.2]}},{"type":"Feature","properties":{"Line":"S126","Sp":"2644.50000000000","X":"642300.50000000000","Y":"9207075.30000000075","NAMOBJ":"Supenuh","WADMKC":"Sugio","WADMKK":"Lamongan"},"geometry":{"type":"Point","coordinates":[112.3,-7.2]}}]}